"Subject","time","conc"
"1",0,0
"1",0.25,2.438528775
"1",0.5,4.7581290982
"1",0.75,6.9646011787
"1",1,9.0634623461
"1",1.5,8.2009598677
"1",2,7.4205353521
"1",3,6.0754204971
"1",4,4.9741335988
"1",6,3.334261463
"1",8,2.2350222973
"1",12,1.0042602536
"1",16,0.4512432195
"1",24,0.0911044348
