{
  "type": "MPO Desirability Profile",
  "name": "drugs-props-train-to",
  "description": " ",
  "properties": {
    "TPSA": {
      "weight": 0.27,
      "line": [[-90.48108869200675, 0.000003726653172078671], [-62.218575606167626, 0.0003354626279025071], [-33.95606252032851, 0.011108996538124081], [-26.890434248868736, 0.02279418088234189], [-19.824805977408964, 0.04393693361058325], [-12.759177705949185, 0.07955950859662259], [-5.693549434489405, 0.1353352821533568], [1.372078836970374, 0.21626515776490526], [8.437707108430153, 0.32465239609612856], [15.503335379889926, 0.45783283550232357], [22.568963651349705, 0.6065270087147127], [25.9604652216504, 0.6789462424301208], [29.634591922809484, 0.7548158082454244], [33.026093493110174, 0.8199435488504218], [36.700220194269264, 0.8823512481728891], [40.374346895428346, 0.9334756517977438], [43.765848465729036, 0.9683960994380645], [47.439975166888125, 0.9907998562075309], [50.831476737188815, 0.9954934804701959], [54.222978307489505, 0.982974545834838], [57.897105008648595, 0.9467884147490382], [61.288606578949285, 0.8872740440157082], [64.96273328010837, 0.7850394576059398], [68.63685998126746, 0.633864387211076], [72.02836155156814, 0.45744927916745987], [75.70248825272724, 0.2675386708076755], [79.09398982302793, 0.1377092719439956], [86.15961809448771, 0.024316518359813053], [93.22524636594747, 0.003440540938855332], [100.29087463740726, 0.0004414422551844727], [107.35650290886704, 0.00005283914850934126], [114.42213118032682, 0.0000059335379212858235], [121.48775945178659, 6.257735893103097e-7], [128.55338772324637, 6.199492390835409e-8], [135.61901599470613, 5.769624894414821e-9], [163.88152908054525, 2.3167315921271353e-13], [192.14404216638437, 3.422229701091602e-18]],
      "min": -90.48108869200675,
      "max": 192.14404216638437
    },
    "HBD": {
      "weight": 0.22,
      "line": [[-3.3641808533089197, 0.000003726653172078658], [-2.473223877278008, 0.00033546262790251185], [-1.5822669012470967, 0.011108996538241912], [-1.3595276572393686, 0.022794180883605953], [-1.136788413231641, 0.043936933623307486], [-0.914049169223913, 0.0795595087167635], [-0.6913099252161852, 0.13533528321645105], [-0.46857068120845735, 0.21626516656908537], [-0.24583143720072953, 0.32465246418912913], [-0.02309219319300171, 0.4578333255930989], [0.19964705081472622, 0.6065302717361504], [0.30656188793843564, 0.6789541052460325], [0.42238629482245404, 0.7548356934456689], [0.5293011319461635, 0.819989184348717], [0.645125538830182, 0.8824599140544852], [0.7609499457142004, 0.9337240436208059], [0.8678647828379098, 0.9689044868417599], [0.9836891897219282, 0.9918274987647915], [1.0906040268456376, 0.9972609493331869], [1.197518863969347, 0.9854406567546398], [1.3133432708533654, 0.9481528185259142], [1.4202581079770749, 0.8804285549907878], [1.5360825148610933, 0.7478950394808022], [1.6519069217451117, 0.5345771999491747], [1.7588217588688213, 0.30723661622660364], [1.8746461657528397, 0.1275742070455488], [1.981561002876549, 0.047410603806060304], [2.204300246884277, 0.004746162732363053], [2.427039490892005, 0.00041957376187743377], [2.6497787348997326, 0.000034566771602382534], [2.87251797890746, 0.0000026726035640643066], [3.0952572229151882, 1.9409463616649893e-7], [3.3179964669229163, 1.324166299622358e-8], [3.540735710930644, 8.48647446418392e-10], [3.763474954938372, 5.1093844402165666e-11], [4.654431930969283, 3.5933503642501766e-16], [5.545388907000195, 9.29685514027891e-22]],
      "min": -3.3641808533089197,
      "max": 5.545388907000195
    },
    "MW": {
      "weight": 0.13,
      "line": [[-166.03931855031385, 0.000003726653172078658], [-71.94307059864036, 0.00033546262790251185], [22.15317735303313, 0.011108996538242316], [45.67723934095147, 0.022794180883612333], [69.20130132886982, 0.04393693362340738], [92.72536331678819, 0.07955950871822765], [116.24942530470656, 0.1353352832366127], [139.77348729262494, 0.21626516682988728], [163.2975492805433, 0.3246524673583496], [186.82161126846165, 0.4578333617715855], [210.34567325638002, 0.6065306597092389], [221.63722301058084, 0.6789552902557101], [233.8697352442984, 0.7548396016109209], [245.1612849984992, 0.8200007662023657], [257.39379723221674, 0.8824968630247524], [269.6263094659343, 0.9338397176800783], [280.91785922013514, 0.969229346058613], [293.1503714538527, 0.9927846348661387], [304.4419212080535, 0.9996410818457605], [315.7334709622543, 0.9897529854385954], [327.96598319597183, 0.9390581303694705], [339.2575329501727, 0.730785622258607], [351.49004518389023, 0.22769312051245807], [363.7225574176078, 0.026654048087437415], [375.0141071718086, 0.0029214893420978316], [387.24661940552613, 0.0002547847019347219], [398.538169159727, 0.000026330717568888346], [422.0622311476453, 2.2209104363508243e-7], [445.58629313556366, 1.7596956277536724e-9], [469.110355123482, 1.3097863313193021e-11], [492.6344171114004, 9.158407120930275e-14], [516.1584790993188, 6.015836602795944e-16], [539.6825410872372, 3.712177320105969e-18], [563.2066030751555, 2.1518797028556922e-20], [586.7306650630738, 1.1718279709859318e-22], [680.8269130147473, 5.515860741946888e-32], [774.9231609664208, 9.551426631887314e-42]],
      "min": -166.03931855031385,
      "max": 774.9231609664208
    },
    "cLogD_ACD_v15": {
      "weight": 0.1,
      "line": [[-7.853731441092057, 2.1532528039650794e-51], [-5.919401260133536, 1.174933859490398e-39], [-3.9850710791750155, 2.3585079028678906e-28], [-3.501488533935385, 1.3503140984026035e-25], [-3.0179059886957553, 7.262545449008984e-23], [-2.534323443456125, 3.6694377053602005e-20], [-2.050740898216495, 1.7416736049216614e-17], [-1.567158352976865, 7.765878935827063e-15], [-1.0835758077372348, 3.252902577423924e-12], [-0.5999932624976048, 1.2799944628922402e-9], [-0.11641071725797447, 4.7315276657066224e-7], [0.11570890445704807, 0.000007904898015637386], [0.3671718279816556, 0.0001642696854704217], [0.5992914496966781, 0.0026553031863772417], [0.8507543732212858, 0.050530255525477887], [1.1022172967458934, 0.4965443289755158], [1.334336918460916, 0.9152280520778817], [1.5857998419855235, 0.9897021278327], [1.817919463700546, 0.9997885703093209], [2.0500390854155683, 0.9928117905132432], [2.3015020089401763, 0.9692324998991045], [2.5336216306551984, 0.9338401035227757], [2.7850845541798064, 0.8824969001875602], [3.036547477704414, 0.8200007696347741], [3.2686670994194365, 0.7548396019816594], [3.520130022944044, 0.6789552902882144], [3.7522496446590665, 0.6065306597126123], [4.235832189898697, 0.4578333617716141], [4.719414735138327, 0.3246524673583498], [5.202997280377957, 0.21626516682988728], [5.686579825617587, 0.13533528323661276], [6.170162370857217, 0.07955950871822769], [6.653744916096848, 0.0439369336234074], [7.137327461336477, 0.022794180883612354], [7.620910006576108, 0.011108996538242306], [9.555240187534627, 0.00033546262790251245], [11.48957036849315, 0.000003726653172078664]],
      "min": -7.853731441092057,
      "max": 11.48957036849315
    },
    "cLogP_Biobyte": {
      "weight": 0.17,