"Distance","Height"
0,0
3.7825136184692383,3.641063690185547
5.5430779457092285,5.031517028808594
6.743915557861328,5.640924453735352
7.6853766441345215,5.767626762390137
8.463245391845703,5.51039457321167
9.114225387573242,4.942397117614746
9.647133827209473,4.121255397796631
10.074338912963867,3.1163418292999268
10.405778884887695,1.980281114578247
10.66217041015625,0.7635355591773987
10.78664493560791,0.007666358724236488