Compound,Scaffold,R1,R2,R3,R4,R5,pIC50
c1c(F)c(C)c(F)c(C)c1C,c1c([*:5])c([*:1])c([*:2])c([*:3])c1[*:4],[*:1]C,[*:2]F,[*:3]C,[*:4]C,[*:5]F,7.109
c1c(N)c(C)c(F)c(C)c1C,c1c([*:5])c([*:1])c([*:2])c([*:3])c1[*:4],[*:1]C,[*:2]F,[*:3]C,[*:4]C,[*:5]N,7.012
c1c(C)c(C)c(F)c(C)c1CC,c1c([*:5])c([*:1])c([*:2])c([*:3])c1[*:4],[*:1]C,[*:2]F,[*:3]C,[*:4]CC,[*:5]C,6.749
c1c(F)c(C)c(F)c(C)c1CC,c1c([*:5])c([*:1])c([*:2])c([*:3])c1[*:4],[*:1]C,[*:2]F,[*:3]C,[*:4]CC,[*:5]F,6.950
c1c(N)c(C)c(F)c(C)c1CC,c1c([*:5])c([*:1])c([*:2])c([*:3])c1[*:4],[*:1]C,[*:2]F,[*:3]C,[*:4]CC,[*:5]N,6.937
c1c(OC)c(C)c(F)c(C)c1C(F)(F)F,c1c([*:5])c([*:1])c([*:2])c([*:3])c1[*:4],[*:1]C,[*:2]F,[*:3]C,[*:4]C(F)(F)F,[*:5]OC,6.992
c1c(F)c(C)c(F)c(C)c1OC,c1c([*:5])c([*:1])c([*:2])c([*:3])c1[*:4],[*:1]C,[*:2]F,[*:3]C,[*:4]OC,[*:5]F,7.017
c1c(N)c(C)c(F)c(C)c1OC,c1c([*:5])c([*:1])c([*:2])c([*:3])c1[*:4],[*:1]C,[*:2]F,[*:3]C,[*:4]OC,[*:5]N,6.897
c1c(OC)c(C)c(F)c(N)c1C,c1c([*:5])c([*:1])c([*:2])c([*:3])c1[*:4],[*:1]C,[*:2]F,[*:3]N,[*:4]C,[*:5]OC,7.221
c1c(N)c(C)c(F)c(N)c1C,c1c([*:5])c([*:1])c([*:2])c([*:3])c1[*:4],[*:1]C,[*:2]F,[*:3]N,[*:4]C,[*:5]N,6.904
c1c(C)c(C)c(F)c(N)c1CC,c1c([*:5])c([*:1])c([*:2])c([*:3])c1[*:4],[*:1]C,[*:2]F,[*:3]N,[*:4]CC,[*:5]C,6.641
c1c(F)c(C)c(F)c(N)c1CC,c1c([*:5])c([*:1])c([*:2])c([*:3])c1[*:4],[*:1]C,[*:2]F,[*:3]N,[*:4]CC,[*:5]F,6.890
c1c(N)c(C)c(F)c(N)c1CC,c1c([*:5])c([*:1])c([*:2])c([*:3])c1[*:4],[*:1]C,[*:2]F,[*:3]N,[*:4]CC,[*:5]N,6.780
c1c(C)c(C)c(F)c(N)c1C(F)(F)F,c1c([*:5])c([*:1])c([*:2])c([*:3])c1[*:4],[*:1]C,[*:2]F,[*:3]N,[*:4]C(F)(F)F,[*:5]C,6.639
c1c(OC)c(C)c(F)c(N)c1C(F)(F)F,c1c([*:5])c([*:1])c([*:2])c([*:3])c1[*:4],[*:1]C,[*:2]F,[*:3]N,[*:4]C(F)(F)F,[*:5]OC,6.930
c1c(C)c(C)c(F)c(N)c1OC,c1c([*:5])c([*:1])c([*:2])c([*:3])c1[*:4],[*:1]C,[*:2]F,[*:3]N,[*:4]OC,[*:5]C,6.721
c1c(OC)c(C)c(F)c(N)c1OC,c1c([*:5])c([*:1])c([*:2])c([*:3])c1[*:4],[*:1]C,[*:2]F,[*:3]N,[*:4]OC,[*:5]OC,7.271
c1c(F)c(C)c(F)c(N)c1OC,c1c([*:5])c([*:1])c([*:2])c([*:3])c1[*:4],[*:1]C,[*:2]F,[*:3]N,[*:4]OC,[*:5]F,7.028
c1c(N)c(C)c(F)c(N)c1OC,c1c([*:5])c([*:1])c([*:2])c([*:3])c1[*:4],[*:1]C,[*:2]F,[*:3]N,[*:4]OC,[*:5]N,6.845
c1c(OC)c(C)c(F)c(O)c1C,c1c([*:5])c([*:1])c([*:2])c([*:3])c1[*:4],[*:1]C,[*:2]F,[*:3]O,[*:4]C,[*:5]OC,7.150
c1c(N)c(C)c(F)c(O)c1C,c1c([*:5])c([*:1])c([*:2])c([*:3])c1[*:4],[*:1]C,[*:2]F,[*:3]O,[*:4]C,[*:5]N,7.021
c1c(OC)c(C)c(F)c(O)c1CC,c1c([*:5])c([*:1])c([*:2])c([*:3])c1[*:4],[*:1]C,[*:2]F,[*:3]O,[*:4]CC,[*:5]OC,7.101
c1c(F)c(C)c(F)c(O)c1CC,c1c([*:5])c([*:1])c([*:2])c([*:3])c1[*:4],[*:1]C,[*:2]F,[*:3]O,[*:4]CC,[*:5]F,7.044
c1c(C)c(C)c(F)c(O)c1C(F)(F)F,c1c([*:5])c([*:1])c([*:2])c([*:3])c1[*:4],[*:1]C,[*:2]F,[*:3]O,[*:4]C(F)(F)F,[*:5]C,6.585
c1c(OC)c(C)c(F)c(O)c1C(F)(F)F,c1c([*:5])c([*:1])c([*:2])c([*:3])c1[*:4],[*:1]C,[*:2]F,[*:3]O,[*:4]C(F)(F)F,[*:5]OC,7.001
c1c(F)c(C)c(F)c(O)c1C(F)(F)F,c1c([*:5])c([*:1])c([*:2])c([*:3])c1[*:4],[*:1]C,[*:2]F,[*:3]O,[*:4]C(F)(F)F,[*:5]F,6.862
c1c(OC)c(C)c(F)c(O)c1OC,c1c([*:5])c([*:1])c([*:2])c([*:3])c1[*:4],[*:1]C,[*:2]F,[*:3]O,[*:4]OC,[*:5]OC,7.127
c1c(F)c(C)c(F)c(O)c1OC,c1c([*:5])c([*:1])c([*:2])c([*:3])c1[*:4],[*:1]C,[*:2]F,[*:3]O,[*:4]OC,[*:5]F,7.162
c1c(F)c(C)c(F)c(Br)c1C,c1c([*:5])c([*:1])c([*:2])c([*:3])c1[*:4],[*:1]C,[*:2]F,[*:3]Br,[*:4]C,[*:5]F,7.156
c1c(N)c(C)c(F)c(Br)c1C,c1c([*:5])c([*:1])c([*:2])c([*:3])c1[*:4],[*:1]C,[*:2]F,[*:3]Br,[*:4]C,[*:5]N,6.987
c1c(OC)c(C)c(F)c(Br)c1CC,c1c([*:5])c([*:1])c([*:2])c([*:3])c1[*:4],[*:1]C,[*:2]F,[*:3]Br,[*:4]CC,[*:5]OC,7.078
c1c(F)c(C)c(F)c(Br)c1CC,c1c([*:5])c([*:1])c([*:2])c([*:3])c1[*:4],[*:1]C,[*:2]F,[*:3]Br,[*:4]CC,[*:5]F,6.892
c1c(N)c(C)c(F)c(Br)c1CC,c1c([*:5])c([*:1])c([*:2])c([*:3])c1[*:4],[*:1]C,[*:2]F,[*:3]Br,[*:4]CC,[*:5]N,6.772
c1c(C)c(C)c(F)c(Br)c1C(F)(F)F,c1c([*:5])c([*:1])c([*:2])c([*:3])c1[*:4],[*:1]C,[*:2]F,[*:3]Br,[*:4]C(F)(F)F,[*:5]C,6.577
c1c(OC)c(C)c(F)c(Br)c1C(F)(F)F,c1c([*:5])c([*:1])c([*:2])c([*:3])c1[*:4],[*:1]C,[*:2]F,[*:3]Br,[*:4]C(F)(F)F,[*:5]OC,7.026
c1c(N)c(C)c(F)c(Br)c1C(F)(F)F,c1c([*:5])c([*:1])c([*:2])c([*:3])c1[*:4],[*:1]C,[*:2]F,[*:3]Br,[*:4]C(F)(F)F,[*:5]N,6.660
c1c(C)c(C)c(F)c(Br)c1OC,c1c([*:5])c([*:1])c([*:2])c([*:3])c1[*:4],[*:1]C,[*:2]F,[*:3]Br,[*:4]OC,[*:5]C,6.818
c1c(N)c(C)c(F)c(Br)c1OC,c1c([*:5])c([*:1])c([*:2])c([*:3])c1[*:4],[*:1]C,[*:2]F,[*:3]Br,[*:4]OC,[*:5]N,6.889
c1c(OC)c(C)c(Cl)c(C)c1C,c1c([*:5])c([*:1])c([*:2])c([*:3])c1[*:4],[*:1]C,[*:2]Cl,[*:3]C,[*:4]C,[*:5]OC,7.029
c1c(F)c(C)c(Cl)c(C)c1C,c1c([*:5])c([*:1])c([*:2])c([*:3])c1[*:4],[*:1]C,[*:2]Cl,[*:3]C,[*:4]C,[*:5]F,6.865
c1c(OC)c(C)c(Cl)c(C)c1CC,c1c([*:5])c([*:1])c([*:2])c([*:3])c1[*:4],[*:1]C,[*:2]Cl,[*:3]C,[*:4]CC,[*:5]OC,6.959
c1c(N)c(C)c(Cl)c(C)c1CC,c1c([*:5])c([*:1])c([*:2])c([*:3])c1[*:4],[*:1]C,[*:2]Cl,[*:3]C,[*:4]CC,[*:5]N,6.744
c1c(C)c(C)c(Cl)c(C)c1OC,c1c([*:5])c([*:1])c([*:2])c([*:3])c1[*:4],[*:1]C,[*:2]Cl,[*:3]C,[*:4]OC,[*:5]C,6.624
c1c(OC)c(C)c(Cl)c(C)c1OC,c1c([*:5])c([*:1])c([*:2])c([*:3])c1[*:4],[*:1]C,[*:2]Cl,[*:3]C,[*:4]OC,[*:5]OC,6.995
c1c(F)c(C)c(Cl)c(N)c1C,c1c([*:5])c([*:1])c([*:2])c([*:3])c1[*:4],[*:1]C,[*:2]Cl,[*:3]N,[*:4]C,[*:5]F,6.898
c1c(C)c(C)c(Cl)c(N)c1CC,c1c([*:5])c([*:1])c([*:2])c([*:3])c1[*:4],[*:1]C,[*:2]Cl,[*:3]N,[*:4]CC,[*:5]C,6.553
c1c(OC)c(C)c(Cl)c(N)c1C(F)(F)F,c1c([*:5])c([*:1])c([*:2])c([*:3])c1[*:4],[*:1]C,[*:2]Cl,[*:3]N,[*:4]C(F)(F)F,[*:5]OC,6.774
c1c(N)c(C)c(Cl)c(N)c1C(F)(F)F,c1c([*:5])c([*:1])c([*:2])c([*:3])c1[*:4],[*:1]C,[*:2]Cl,[*:3]N,[*:4]C(F)(F)F,[*:5]N,6.501
c1c(C)c(C)c(Cl)c(N)c1OC,c1c([*:5])c([*:1])c([*:2])c([*:3])c1[*:4],[*:1]C,[*:2]Cl,[*:3]N,[*:4]OC,[*:5]C,6.661
c1c(C)c(C)c(Cl)c(O)c1C,c1c([*:5])c([*:1])c([*:2])c([*:3])c1[*:4],[*:1]C,[*:2]Cl,[*:3]O,[*:4]C,[*:5]C,6.595
c1c(OC)c(C)c(Cl)c(O)c1C,c1c([*:5])c([*:1])c([*:2])c([*:3])c1[*:4],[*:1]C,[*:2]Cl,[*:3]O,[*:4]C,[*:5]OC,7.090
c1c(F)c(C)c(Cl)c(O)c1C,c1c([*:5])c([*:1])c([*:2])c([*:3])c1[*:4],[*:1]C,[*:2]Cl,[*:3]O,[*:4]C,[*:5]F,6.909
c1c(N)c(C)c(Cl)c(O)c1C,c1c([*:5])c([*:1])c([*:2])c([*:3])c1[*:4],[*:1]C,[*:2]Cl,[*:3]O,[*:4]C,[*:5]N,6.759
c1c(OC)c(C)c(Cl)c(O)c1CC,c1c([*:5])c([*:1])c([*:2])c([*:3])c1[*:4],[*:1]C,[*:2]Cl,[*:3]O,[*:4]CC,[*:5]OC,7.051
c1c(F)c(C)c(Cl)c(O)c1CC,c1c([*:5])c([*:1])c([*:2])c([*:3])c1[*:4],[*:1]C,[*:2]Cl,[*:3]O,[*:4]CC,[*:5]F,6.720
c1c(C)c(C)c(Cl)c(O)c1C(F)(F)F,c1c([*:5])c([*:1])c([*:2])c([*:3])c1[*:4],[*:1]C,[*:2]Cl,[*:3]O,[*:4]C(F)(F)F,[*:5]C,6.299
c1c(F)c(C)c(Cl)c(O)c1C(F)(F)F,c1c([*:5])c([*:1])c([*:2])c([*:3])c1[*:4],[*:1]C,[*:2]Cl,[*:3]O,[*:4]C(F)(F)F,[*:5]F,6.674
c1c(C)c(C)c(Cl)c(O)c1OC,c1c([*:5])c([*:1])c([*:2])c([*:3])c1[*:4],[*:1]C,[*:2]Cl,[*:3]O,[*:4]OC,[*:5]C,6.602
c1c(F)c(C)c(Cl)c(O)c1OC,c1c([*:5])c([*:1])c([*:2])c([*:3])c1[*:4],[*:1]C,[*:2]Cl,[*:3]O,[*:4]OC,[*:5]F,6.745
c1c(C)c(C)c(Cl)c(Br)c1C,c1c([*:5])c([*:1])c([*:2])c([*:3])c1[*:4],[*:1]C,[*:2]Cl,[*:3]Br,[*:4]C,[*:5]C,6.529
c1c(N)c(C)c(Cl)c(Br)c1C,c1c([*:5])c([*:1])c([*:2])c([*:3])c1[*:4],[*:1]C,[*:2]Cl,[*:3]Br,[*:4]C,[*:5]N,6.702
c1c(C)c(C)c(Cl)c(Br)c1CC,c1c([*:5])c([*:1])c([*:2])c([*:3])c1[*:4],[*:1]C,[*:2]Cl,[*:3]Br,[*:4]CC,[*:5]C,6.493
c1c(OC)c(C)c(Cl)c(Br)c1CC,c1c([*:5])c([*:1])c([*:2])c([*:3])c1[*:4],[*:1]C,[*:2]Cl,[*:3]Br,[*:4]CC,[*:5]OC,6.871
c1c(F)c(C)c(Cl)c(Br)c1CC,c1c([*:5])c([*:1])c([*:2])c([*:3])c1[*:4],[*:1]C,[*:2]Cl,[*:3]Br,[*:4]CC,[*:5]F,6.694
c1c(N)c(C)c(Cl)c(Br)c1CC,c1c([*:5])c([*:1])c([*:2])c([*:3])c1[*:4],[*:1]C,[*:2]Cl,[*:3]Br,[*:4]CC,[*:5]N,6.606
c1c(C)c(C)c(Cl)c(Br)c1C(F)(F)F,c1c([*:5])c([*:1])c([*:2])c([*:3])c1[*:4],[*:1]C,[*:2]Cl,[*:3]Br,[*:4]C(F)(F)F,[*:5]C,6.357
c1c(OC)c(C)c(Cl)c(Br)c1C(F)(F)F,c1c([*:5])c([*:1])c([*:2])c([*:3])c1[*:4],[*:1]C,[*:2]Cl,[*:3]Br,[*:4]C(F)(F)F,[*:5]OC,6.800
c1c(F)c(C)c(Cl)c(Br)c1C(F)(F)F,c1c([*:5])c([*:1])c([*:2])c([*:3])c1[*:4],[*:1]C,[*:2]Cl,[*:3]Br,[*:4]C(F)(F)F,[*:5]F,6.601
c1c(C)c(C)c(Cl)c(Br)c1OC,c1c([*:5])c([*:1])c([*:2])c([*:3])c1[*:4],[*:1]C,[*:2]Cl,[*:3]Br,[*:4]OC,[*:5]C,6.538
c1c(OC)c(C)c(C)c(C)c1C,c1c([*:5])c([*:1])c([*:2])c([*:3])c1[*:4],[*:1]C,[*:2]C,[*:3]C,[*:4]C,[*:5]OC,6.513
c1c(C)c(C)c(C)c(C)c1CC,c1c([*:5])c([*:1])c([*:2])c([*:3])c1[*:4],[*:1]C,[*:2]C,[*:3]C,[*:4]CC,[*:5]C,5.927
c1c(OC)c(C)c(C)c(C)c1CC,c1c([*:5])c([*:1])c([*:2])c([*:3])c1[*:4],[*:1]C,[*:2]C,[*:3]C,[*:4]CC,[*:5]OC,6.307
c1c(N)c(C)c(C)c(C)c1CC,c1c([*:5])c([*:1])c([*:2])c([*:3])c1[*:4],[*:1]C,[*:2]C,[*:3]C,[*:4]CC,[*:5]N,5.974
c1c(C)c(C)c(C)c(C)c1C(F)(F)F,c1c([*:5])c([*:1])c([*:2])c([*:3])c1[*:4],[*:1]C,[*:2]C,[*:3]C,[*:4]C(F)(F)F,[*:5]C,5.886
c1c(C)c(C)c(C)c(C)c1OC,c1c([*:5])c([*:1])c([*:2])c([*:3])c1[*:4],[*:1]C,[*:2]C,[*:3]C,[*:4]OC,[*:5]C,5.983
c1c(N)c(C)c(C)c(C)c1OC,c1c([*:5])c([*:1])c([*:2])c([*:3])c1[*:4],[*:1]C,[*:2]C,[*:3]C,[*:4]OC,[*:5]N,6.047
c1c(C)c(C)c(C)c(N)c1C,c1c([*:5])c([*:1])c([*:2])c([*:3])c1[*:4],[*:1]C,[*:2]C,[*:3]N,[*:4]C,[*:5]C,6.033
c1c(F)c(C)c(C)c(N)c1C,c1c([*:5])c([*:1])c([*:2])c([*:3])c1[*:4],[*:1]C,[*:2]C,[*:3]N,[*:4]C,[*:5]F,6.372
c1c(N)c(C)c(C)c(N)c1C,c1c([*:5])c([*:1])c([*:2])c([*:3])c1[*:4],[*:1]C,[*:2]C,[*:3]N,[*:4]C,[*:5]N,6.161
c1c(C)c(C)c(C)c(N)c1CC,c1c([*:5])c([*:1])c([*:2])c([*:3])c1[*:4],[*:1]C,[*:2]C,[*:3]N,[*:4]CC,[*:5]C,5.825
c1c(F)c(C)c(C)c(N)c1CC,c1c([*:5])c([*:1])c([*:2])c([*:3])c1[*:4],[*:1]C,[*:2]C,[*:3]N,[*:4]CC,[*:5]F,6.124
c1c(C)c(C)c(C)c(N)c1C(F)(F)F,c1c([*:5])c([*:1])c([*:2])c([*:3])c1[*:4],[*:1]C,[*:2]C,[*:3]N,[*:4]C(F)(F)F,[*:5]C,5.864
c1c(OC)c(C)c(C)c(N)c1C(F)(F)F,c1c([*:5])c([*:1])c([*:2])c([*:3])c1[*:4],[*:1]C,[*:2]C,[*:3]N,[*:4]C(F)(F)F,[*:5]OC,6.262
c1c(F)c(C)c(C)c(N)c1OC,c1c([*:5])c([*:1])c([*:2])c([*:3])c1[*:4],[*:1]C,[*:2]C,[*:3]N,[*:4]OC,[*:5]F,6.185
c1c(N)c(C)c(C)c(N)c1OC,c1c([*:5])c([*:1])c([*:2])c([*:3])c1[*:4],[*:1]C,[*:2]C,[*:3]N,[*:4]OC,[*:5]N,6.072
c1c(C)c(C)c(C)c(O)c1C,c1c([*:5])c([*:1])c([*:2])c([*:3])c1[*:4],[*:1]C,[*:2]C,[*:3]O,[*:4]C,[*:5]C,6.085
c1c(F)c(C)c(C)c(O)c1C,c1c([*:5])c([*:1])c([*:2])c([*:3])c1[*:4],[*:1]C,[*:2]C,[*:3]O,[*:4]C,[*:5]F,6.246
c1c(N)c(C)c(C)c(O)c1C,c1c([*:5])c([*:1])c([*:2])c([*:3])c1[*:4],[*:1]C,[*:2]C,[*:3]O,[*:4]C,[*:5]N,6.061
c1c(OC)c(C)c(C)c(O)c1CC,c1c([*:5])c([*:1])c([*:2])c([*:3])c1[*:4],[*:1]C,[*:2]C,[*:3]O,[*:4]CC,[*:5]OC,6.297
c1c(OC)c(C)c(C)c(O)c1C(F)(F)F,c1c([*:5])c([*:1])c([*:2])c([*:3])c1[*:4],[*:1]C,[*:2]C,[*:3]O,[*:4]C(F)(F)F,[*:5]OC,6.245
c1c(C)c(C)c(C)c(O)c1OC,c1c([*:5])c([*:1])c([*:2])c([*:3])c1[*:4],[*:1]C,[*:2]C,[*:3]O,[*:4]OC,[*:5]C,5.915
c1c(OC)c(C)c(C)c(O)c1OC,c1c([*:5])c([*:1])c([*:2])c([*:3])c1[*:4],[*:1]C,[*:2]C,[*:3]O,[*:4]OC,[*:5]OC,6.371
c1c(F)c(C)c(C)c(O)c1OC,c1c([*:5])c([*:1])c([*:2])c([*:3])c1[*:4],[*:1]C,[*:2]C,[*:3]O,[*:4]OC,[*:5]F,6.207
c1c(N)c(C)c(C)c(O)c1OC,c1c([*:5])c([*:1])c([*:2])c([*:3])c1[*:4],[*:1]C,[*:2]C,[*:3]O,[*:4]OC,[*:5]N,6.117
c1c(F)c(C)c(C)c(Br)c1C,c1c([*:5])c([*:1])c([*:2])c([*:3])c1[*:4],[*:1]C,[*:2]C,[*:3]Br,[*:4]C,[*:5]F,6.306
c1c(F)c(C)c(C)c(Br)c1CC,c1c([*:5])c([*:1])c([*:2])c([*:3])c1[*:4],[*:1]C,[*:2]C,[*:3]Br,[*:4]CC,[*:5]F,6.055
c1c(N)c(C)c(C)c(Br)c1CC,c1c([*:5])c([*:1])c([*:2])c([*:3])c1[*:4],[*:1]C,[*:2]C,[*:3]Br,[*:4]CC,[*:5]N,6.039
c1c(C)c(C)c(C)c(Br)c1C(F)(F)F,c1c([*:5])c([*:1])c([*:2])c([*:3])c1[*:4],[*:1]C,[*:2]C,[*:3]Br,[*:4]C(F)(F)F,[*:5]C,5.758
c1c(OC)c(C)c(C)c(Br)c1C(F)(F)F,c1c([*:5])c([*:1])c([*:2])c([*:3])c1[*:4],[*:1]C,[*:2]C,[*:3]Br,[*:4]C(F)(F)F,[*:5]OC,6.198
c1c(F)c(C)c(C)c(Br)c1C(F)(F)F,c1c([*:5])c([*:1])c([*:2])c([*:3])c1[*:4],[*:1]C,[*:2]C,[*:3]Br,[*:4]C(F)(F)F,[*:5]F,6.029
c1c(N)c(C)c(C)c(Br)c1C(F)(F)F,c1c([*:5])c([*:1])c([*:2])c([*:3])c1[*:4],[*:1]C,[*:2]C,[*:3]Br,[*:4]C(F)(F)F,[*:5]N,5.752
c1c(C)c(C)c(C)c(Br)c1OC,c1c([*:5])c([*:1])c([*:2])c([*:3])c1[*:4],[*:1]C,[*:2]C,[*:3]Br,[*:4]OC,[*:5]C,5.942
c1c(OC)c(C)c(C)c(Br)c1OC,c1c([*:5])c([*:1])c([*:2])c([*:3])c1[*:4],[*:1]C,[*:2]C,[*:3]Br,[*:4]OC,[*:5]OC,6.293
c1c(F)c(C)c(C)c(Br)c1OC,c1c([*:5])c([*:1])c([*:2])c([*:3])c1[*:4],[*:1]C,[*:2]C,[*:3]Br,[*:4]OC,[*:5]F,6.250
c1c(C)c(C)c(OC)c(C)c1C,c1c([*:5])c([*:1])c([*:2])c([*:3])c1[*:4],[*:1]C,[*:2]OC,[*:3]C,[*:4]C,[*:5]C,5.881
c1c(OC)c(C)c(OC)c(C)c1C,c1c([*:5])c([*:1])c([*:2])c([*:3])c1[*:4],[*:1]C,[*:2]OC,[*:3]C,[*:4]C,[*:5]OC,6.174
c1c(F)c(C)c(OC)c(C)c1C,c1c([*:5])c([*:1])c([*:2])c([*:3])c1[*:4],[*:1]C,[*:2]OC,[*:3]C,[*:4]C,[*:5]F,6.082
c1c(N)c(C)c(OC)c(C)c1C,c1c([*:5])c([*:1])c([*:2])c([*:3])c1[*:4],[*:1]C,[*:2]OC,[*:3]C,[*:4]C,[*:5]N,5.951
c1c(C)c(C)c(OC)c(C)c1CC,c1c([*:5])c([*:1])c([*:2])c([*:3])c1[*:4],[*:1]C,[*:2]OC,[*:3]C,[*:4]CC,[*:5]C,5.736
c1c(OC)c(C)c(OC)c(C)c1CC,c1c([*:5])c([*:1])c([*:2])c([*:3])c1[*:4],[*:1]C,[*:2]OC,[*:3]C,[*:4]CC,[*:5]OC,6.133
c1c(N)c(C)c(OC)c(C)c1CC,c1c([*:5])c([*:1])c([*:2])c([*:3])c1[*:4],[*:1]C,[*:2]OC,[*:3]C,[*:4]CC,[*:5]N,5.797
c1c(OC)c(C)c(OC)c(C)c1C(F)(F)F,c1c([*:5])c([*:1])c([*:2])c([*:3])c1[*:4],[*:1]C,[*:2]OC,[*:3]C,[*:4]C(F)(F)F,[*:5]OC,5.999
c1c(N)c(C)c(OC)c(C)c1C(F)(F)F,c1c([*:5])c([*:1])c([*:2])c([*:3])c1[*:4],[*:1]C,[*:2]OC,[*:3]C,[*:4]C(F)(F)F,[*:5]N,5.726
c1c(OC)c(C)c(OC)c(C)c1OC,c1c([*:5])c([*:1])c([*:2])c([*:3])c1[*:4],[*:1]C,[*:2]OC,[*:3]C,[*:4]OC,[*:5]OC,6.181
c1c(N)c(C)c(OC)c(C)c1OC,c1c([*:5])c([*:1])c([*:2])c([*:3])c1[*:4],[*:1]C,[*:2]OC,[*:3]C,[*:4]OC,[*:5]N,5.879
c1c(C)c(C)c(OC)c(N)c1C,c1c([*:5])c([*:1])c([*:2])c([*:3])c1[*:4],[*:1]C,[*:2]OC,[*:3]N,[*:4]C,[*:5]C,5.832
c1c(OC)c(C)c(OC)c(N)c1C,c1c([*:5])c([*:1])c([*:2])c([*:3])c1[*:4],[*:1]C,[*:2]OC,[*:3]N,[*:4]C,[*:5]OC,6.152
c1c(F)c(C)c(OC)c(N)c1CC,c1c([*:5])c([*:1])c([*:2])c([*:3])c1[*:4],[*:1]C,[*:2]OC,[*:3]N,[*:4]CC,[*:5]F,5.967
c1c(N)c(C)c(OC)c(N)c1CC,c1c([*:5])c([*:1])c([*:2])c([*:3])c1[*:4],[*:1]C,[*:2]OC,[*:3]N,[*:4]CC,[*:5]N,5.856
c1c(N)c(C)c(OC)c(N)c1C(F)(F)F,c1c([*:5])c([*:1])c([*:2])c([*:3])c1[*:4],[*:1]C,[*:2]OC,[*:3]N,[*:4]C(F)(F)F,[*:5]N,5.679
c1c(F)c(C)c(OC)c(N)c1OC,c1c([*:5])c([*:1])c([*:2])c([*:3])c1[*:4],[*:1]C,[*:2]OC,[*:3]N,[*:4]OC,[*:5]F,5.938
c1c(N)c(C)c(OC)c(O)c1C,c1c([*:5])c([*:1])c([*:2])c([*:3])c1[*:4],[*:1]C,[*:2]OC,[*:3]O,[*:4]C,[*:5]N,5.872
c1c(C)c(C)c(OC)c(O)c1CC,c1c([*:5])c([*:1])c([*:2])c([*:3])c1[*:4],[*:1]C,[*:2]OC,[*:3]O,[*:4]CC,[*:5]C,5.706
c1c(F)c(C)c(OC)c(O)c1CC,c1c([*:5])c([*:1])c([*:2])c([*:3])c1[*:4],[*:1]C,[*:2]OC,[*:3]O,[*:4]CC,[*:5]F,5.963
c1c(C)c(C)c(OC)c(O)c1C(F)(F)F,c1c([*:5])c([*:1])c([*:2])c([*:3])c1[*:4],[*:1]C,[*:2]OC,[*:3]O,[*:4]C(F)(F)F,[*:5]C,5.611
c1c(OC)c(C)c(OC)c(O)c1C(F)(F)F,c1c([*:5])c([*:1])c([*:2])c([*:3])c1[*:4],[*:1]C,[*:2]OC,[*:3]O,[*:4]C(F)(F)F,[*:5]OC,6.086
c1c(F)c(C)c(OC)c(O)c1OC,c1c([*:5])c([*:1])c([*:2])c([*:3])c1[*:4],[*:1]C,[*:2]OC,[*:3]O,[*:4]OC,[*:5]F,6.086
c1c(N)c(C)c(OC)c(O)c1OC,c1c([*:5])c([*:1])c([*:2])c([*:3])c1[*:4],[*:1]C,[*:2]OC,[*:3]O,[*:4]OC,[*:5]N,5.920
c1c(C)c(C)c(OC)c(Br)c1C,c1c([*:5])c([*:1])c([*:2])c([*:3])c1[*:4],[*:1]C,[*:2]OC,[*:3]Br,[*:4]C,[*:5]C,5.908
c1c(N)c(C)c(OC)c(Br)c1C,c1c([*:5])c([*:1])c([*:2])c([*:3])c1[*:4],[*:1]C,[*:2]OC,[*:3]Br,[*:4]C,[*:5]N,5.944
c1c(C)c(C)c(OC)c(Br)c1CC,c1c([*:5])c([*:1])c([*:2])c([*:3])c1[*:4],[*:1]C,[*:2]OC,[*:3]Br,[*:4]CC,[*:5]C,5.763
c1c(OC)c(C)c(OC)c(Br)c1CC,c1c([*:5])c([*:1])c([*:2])c([*:3])c1[*:4],[*:1]C,[*:2]OC,[*:3]Br,[*:4]CC,[*:5]OC,6.050
c1c(F)c(C)c(OC)c(Br)c1CC,c1c([*:5])c([*:1])c([*:2])c([*:3])c1[*:4],[*:1]C,[*:2]OC,[*:3]Br,[*:4]CC,[*:5]F,5.959
c1c(C)c(C)c(OC)c(Br)c1C(F)(F)F,c1c([*:5])c([*:1])c([*:2])c([*:3])c1[*:4],[*:1]C,[*:2]OC,[*:3]Br,[*:4]C(F)(F)F,[*:5]C,5.678
c1c(OC)c(C)c(OC)c(Br)c1C(F)(F)F,c1c([*:5])c([*:1])c([*:2])c([*:3])c1[*:4],[*:1]C,[*:2]OC,[*:3]Br,[*:4]C(F)(F)F,[*:5]OC,5.999
c1c(C)c(C)c(OC)c(Br)c1OC,c1c([*:5])c([*:1])c([*:2])c([*:3])c1[*:4],[*:1]C,[*:2]OC,[*:3]Br,[*:4]OC,[*:5]C,5.727
c1c(OC)c(C)c(OC)c(Br)c1OC,c1c([*:5])c([*:1])c([*:2])c([*:3])c1[*:4],[*:1]C,[*:2]OC,[*:3]Br,[*:4]OC,[*:5]OC,6.121
c1c(N)c(C)c(OC)c(Br)c1OC,c1c([*:5])c([*:1])c([*:2])c([*:3])c1[*:4],[*:1]C,[*:2]OC,[*:3]Br,[*:4]OC,[*:5]N,5.882
c1c(C)c(C)c(Br)c(C)c1C,c1c([*:5])c([*:1])c([*:2])c([*:3])c1[*:4],[*:1]C,[*:2]Br,[*:3]C,[*:4]C,[*:5]C,6.484
c1c(OC)c(C)c(Br)c(C)c1C,c1c([*:5])c([*:1])c([*:2])c([*:3])c1[*:4],[*:1]C,[*:2]Br,[*:3]C,[*:4]C,[*:5]OC,6.810
c1c(F)c(C)c(Br)c(C)c1C,c1c([*:5])c([*:1])c([*:2])c([*:3])c1[*:4],[*:1]C,[*:2]Br,[*:3]C,[*:4]C,[*:5]F,6.702
c1c(N)c(C)c(Br)c(C)c1C,c1c([*:5])c([*:1])c([*:2])c([*:3])c1[*:4],[*:1]C,[*:2]Br,[*:3]C,[*:4]C,[*:5]N,6.551
c1c(C)c(C)c(Br)c(C)c1CC,c1c([*:5])c([*:1])c([*:2])c([*:3])c1[*:4],[*:1]C,[*:2]Br,[*:3]C,[*:4]CC,[*:5]C,6.434
c1c(N)c(C)c(Br)c(C)c1CC,c1c([*:5])c([*:1])c([*:2])c([*:3])c1[*:4],[*:1]C,[*:2]Br,[*:3]C,[*:4]CC,[*:5]N,6.589
c1c(OC)c(C)c(Br)c(C)c1C(F)(F)F,c1c([*:5])c([*:1])c([*:2])c([*:3])c1[*:4],[*:1]C,[*:2]Br,[*:3]C,[*:4]C(F)(F)F,[*:5]OC,6.670
c1c(F)c(C)c(Br)c(C)c1C(F)(F)F,c1c([*:5])c([*:1])c([*:2])c([*:3])c1[*:4],[*:1]C,[*:2]Br,[*:3]C,[*:4]C(F)(F)F,[*:5]F,6.404
c1c(OC)c(C)c(Br)c(N)c1C,c1c([*:5])c([*:1])c([*:2])c([*:3])c1[*:4],[*:1]C,[*:2]Br,[*:3]N,[*:4]C,[*:5]OC,6.873
c1c(F)c(C)c(Br)c(N)c1C,c1c([*:5])c([*:1])c([*:2])c([*:3])c1[*:4],[*:1]C,[*:2]Br,[*:3]N,[*:4]C,[*:5]F,6.650
c1c(OC)c(C)c(Br)c(N)c1CC,c1c([*:5])c([*:1])c([*:2])c([*:3])c1[*:4],[*:1]C,[*:2]Br,[*:3]N,[*:4]CC,[*:5]OC,6.813
c1c(F)c(C)c(Br)c(N)c1CC,c1c([*:5])c([*:1])c([*:2])c([*:3])c1[*:4],[*:1]C,[*:2]Br,[*:3]N,[*:4]CC,[*:5]F,6.545
c1c(N)c(C)c(Br)c(N)c1CC,c1c([*:5])c([*:1])c([*:2])c([*:3])c1[*:4],[*:1]C,[*:2]Br,[*:3]N,[*:4]CC,[*:5]N,6.493
c1c(C)c(C)c(Br)c(N)c1C(F)(F)F,c1c([*:5])c([*:1])c([*:2])c([*:3])c1[*:4],[*:1]C,[*:2]Br,[*:3]N,[*:4]C(F)(F)F,[*:5]C,6.301
c1c(F)c(C)c(Br)c(N)c1C(F)(F)F,c1c([*:5])c([*:1])c([*:2])c([*:3])c1[*:4],[*:1]C,[*:2]Br,[*:3]N,[*:4]C(F)(F)F,[*:5]F,6.448
c1c(C)c(C)c(Br)c(N)c1OC,c1c([*:5])c([*:1])c([*:2])c([*:3])c1[*:4],[*:1]C,[*:2]Br,[*:3]N,[*:4]OC,[*:5]C,6.454
c1c(N)c(C)c(Br)c(N)c1OC,c1c([*:5])c([*:1])c([*:2])c([*:3])c1[*:4],[*:1]C,[*:2]Br,[*:3]N,[*:4]OC,[*:5]N,6.542
c1c(C)c(C)c(Br)c(O)c1C,c1c([*:5])c([*:1])c([*:2])c([*:3])c1[*:4],[*:1]C,[*:2]Br,[*:3]O,[*:4]C,[*:5]C,6.493
c1c(N)c(C)c(Br)c(O)c1C,c1c([*:5])c([*:1])c([*:2])c([*:3])c1[*:4],[*:1]C,[*:2]Br,[*:3]O,[*:4]C,[*:5]N,6.638
c1c(C)c(C)c(Br)c(O)c1CC,c1c([*:5])c([*:1])c([*:2])c([*:3])c1[*:4],[*:1]C,[*:2]Br,[*:3]O,[*:4]CC,[*:5]C,6.363
c1c(F)c(C)c(Br)c(O)c1CC,c1c([*:5])c([*:1])c([*:2])c([*:3])c1[*:4],[*:1]C,[*:2]Br,[*:3]O,[*:4]CC,[*:5]F,6.561
c1c(N)c(C)c(Br)c(O)c1CC,c1c([*:5])c([*:1])c([*:2])c([*:3])c1[*:4],[*:1]C,[*:2]Br,[*:3]O,[*:4]CC,[*:5]N,6.505
c1c(C)c(C)c(Br)c(O)c1C(F)(F)F,c1c([*:5])c([*:1])c([*:2])c([*:3])c1[*:4],[*:1]C,[*:2]Br,[*:3]O,[*:4]C(F)(F)F,[*:5]C,6.280
c1c(OC)c(C)c(Br)c(O)c1C(F)(F)F,c1c([*:5])c([*:1])c([*:2])c([*:3])c1[*:4],[*:1]C,[*:2]Br,[*:3]O,[*:4]C(F)(F)F,[*:5]OC,6.645
c1c(C)c(C)c(Br)c(O)c1OC,c1c([*:5])c([*:1])c([*:2])c([*:3])c1[*:4],[*:1]C,[*:2]Br,[*:3]O,[*:4]OC,[*:5]C,6.445
c1c(N)c(C)c(Br)c(O)c1OC,c1c([*:5])c([*:1])c([*:2])c([*:3])c1[*:4],[*:1]C,[*:2]Br,[*:3]O,[*:4]OC,[*:5]N,6.583
c1c(OC)c(C)c(Br)c(Br)c1CC,c1c([*:5])c([*:1])c([*:2])c([*:3])c1[*:4],[*:1]C,[*:2]Br,[*:3]Br,[*:4]CC,[*:5]OC,6.732
c1c(N)c(C)c(Br)c(Br)c1CC,c1c([*:5])c([*:1])c([*:2])c([*:3])c1[*:4],[*:1]C,[*:2]Br,[*:3]Br,[*:4]CC,[*:5]N,6.556
c1c(OC)c(C)c(Br)c(Br)c1C(F)(F)F,c1c([*:5])c([*:1])c([*:2])c([*:3])c1[*:4],[*:1]C,[*:2]Br,[*:3]Br,[*:4]C(F)(F)F,[*:5]OC,6.617
c1c(F)c(C)c(Br)c(Br)c1C(F)(F)F,c1c([*:5])c([*:1])c([*:2])c([*:3])c1[*:4],[*:1]C,[*:2]Br,[*:3]Br,[*:4]C(F)(F)F,[*:5]F,6.431
c1c(C)c(C)c(Br)c(Br)c1OC,c1c([*:5])c([*:1])c([*:2])c([*:3])c1[*:4],[*:1]C,[*:2]Br,[*:3]Br,[*:4]OC,[*:5]C,6.458
c1c(OC)c(C)c(Br)c(Br)c1OC,c1c([*:5])c([*:1])c([*:2])c([*:3])c1[*:4],[*:1]C,[*:2]Br,[*:3]Br,[*:4]OC,[*:5]OC,6.854
c1c(F)c(C)c(Br)c(Br)c1OC,c1c([*:5])c([*:1])c([*:2])c([*:3])c1[*:4],[*:1]C,[*:2]Br,[*:3]Br,[*:4]OC,[*:5]F,6.597
c1c(F)c(CC)c(F)c(C)c1C,c1c([*:5])c([*:1])c([*:2])c([*:3])c1[*:4],[*:1]CC,[*:2]F,[*:3]C,[*:4]C,[*:5]F,7.158
c1c(N)c(CC)c(F)c(C)c1C,c1c([*:5])c([*:1])c([*:2])c([*:3])c1[*:4],[*:1]CC,[*:2]F,[*:3]C,[*:4]C,[*:5]N,7.035
c1c(N)c(CC)c(F)c(C)c1CC,c1c([*:5])c([*:1])c([*:2])c([*:3])c1[*:4],[*:1]CC,[*:2]F,[*:3]C,[*:4]CC,[*:5]N,6.947
c1c(F)c(CC)c(F)c(C)c1C(F)(F)F,c1c([*:5])c([*:1])c([*:2])c([*:3])c1[*:4],[*:1]CC,[*:2]F,[*:3]C,[*:4]C(F)(F)F,[*:5]F,6.989
c1c(N)c(CC)c(F)c(C)c1C(F)(F)F,c1c([*:5])c([*:1])c([*:2])c([*:3])c1[*:4],[*:1]CC,[*:2]F,[*:3]C,[*:4]C(F)(F)F,[*:5]N,6.743
c1c(C)c(CC)c(F)c(C)c1OC,c1c([*:5])c([*:1])c([*:2])c([*:3])c1[*:4],[*:1]CC,[*:2]F,[*:3]C,[*:4]OC,[*:5]C,6.908
c1c(OC)c(CC)c(F)c(C)c1OC,c1c([*:5])c([*:1])c([*:2])c([*:3])c1[*:4],[*:1]CC,[*:2]F,[*:3]C,[*:4]OC,[*:5]OC,7.281
c1c(F)c(CC)c(F)c(C)c1OC,c1c([*:5])c([*:1])c([*:2])c([*:3])c1[*:4],[*:1]CC,[*:2]F,[*:3]C,[*:4]OC,[*:5]F,7.136
c1c(N)c(CC)c(F)c(C)c1OC,c1c([*:5])c([*:1])c([*:2])c([*:3])c1[*:4],[*:1]CC,[*:2]F,[*:3]C,[*:4]OC,[*:5]N,6.996
c1c(C)c(CC)c(F)c(N)c1C,c1c([*:5])c([*:1])c([*:2])c([*:3])c1[*:4],[*:1]CC,[*:2]F,[*:3]N,[*:4]C,[*:5]C,6.920
c1c(OC)c(CC)c(F)c(N)c1C,c1c([*:5])c([*:1])c([*:2])c([*:3])c1[*:4],[*:1]CC,[*:2]F,[*:3]N,[*:4]C,[*:5]OC,7.342
c1c(F)c(CC)c(F)c(N)c1C,c1c([*:5])c([*:1])c([*:2])c([*:3])c1[*:4],[*:1]CC,[*:2]F,[*:3]N,[*:4]C,[*:5]F,7.164
c1c(N)c(CC)c(F)c(N)c1C,c1c([*:5])c([*:1])c([*:2])c([*:3])c1[*:4],[*:1]CC,[*:2]F,[*:3]N,[*:4]C,[*:5]N,6.982
c1c(F)c(CC)c(F)c(N)c1CC,c1c([*:5])c([*:1])c([*:2])c([*:3])c1[*:4],[*:1]CC,[*:2]F,[*:3]N,[*:4]CC,[*:5]F,7.052
c1c(N)c(CC)c(F)c(N)c1C(F)(F)F,c1c([*:5])c([*:1])c([*:2])c([*:3])c1[*:4],[*:1]CC,[*:2]F,[*:3]N,[*:4]C(F)(F)F,[*:5]N,6.747
c1c(C)c(CC)c(F)c(N)c1OC,c1c([*:5])c([*:1])c([*:2])c([*:3])c1[*:4],[*:1]CC,[*:2]F,[*:3]N,[*:4]OC,[*:5]C,6.912
c1c(F)c(CC)c(F)c(N)c1OC,c1c([*:5])c([*:1])c([*:2])c([*:3])c1[*:4],[*:1]CC,[*:2]F,[*:3]N,[*:4]OC,[*:5]F,7.115
c1c(OC)c(CC)c(F)c(O)c1C,c1c([*:5])c([*:1])c([*:2])c([*:3])c1[*:4],[*:1]CC,[*:2]F,[*:3]O,[*:4]C,[*:5]OC,7.321
c1c(F)c(CC)c(F)c(O)c1C,c1c([*:5])c([*:1])c([*:2])c([*:3])c1[*:4],[*:1]CC,[*:2]F,[*:3]O,[*:4]C,[*:5]F,7.179
c1c(N)c(CC)c(F)c(O)c1C,c1c([*:5])c([*:1])c([*:2])c([*:3])c1[*:4],[*:1]CC,[*:2]F,[*:3]O,[*:4]C,[*:5]N,7.052
c1c(OC)c(CC)c(F)c(O)c1CC,c1c([*:5])c([*:1])c([*:2])c([*:3])c1[*:4],[*:1]CC,[*:2]F,[*:3]O,[*:4]CC,[*:5]OC,7.276
c1c(F)c(CC)c(F)c(O)c1CC,c1c([*:5])c([*:1])c([*:2])c([*:3])c1[*:4],[*:1]CC,[*:2]F,[*:3]O,[*:4]CC,[*:5]F,7.011
c1c(N)c(CC)c(F)c(O)c1CC,c1c([*:5])c([*:1])c([*:2])c([*:3])c1[*:4],[*:1]CC,[*:2]F,[*:3]O,[*:4]CC,[*:5]N,6.804
c1c(C)c(CC)c(F)c(O)c1OC,c1c([*:5])c([*:1])c([*:2])c([*:3])c1[*:4],[*:1]CC,[*:2]F,[*:3]O,[*:4]OC,[*:5]C,6.898
c1c(OC)c(CC)c(F)c(O)c1OC,c1c([*:5])c([*:1])c([*:2])c([*:3])c1[*:4],[*:1]CC,[*:2]F,[*:3]O,[*:4]OC,[*:5]OC,7.354
c1c(N)c(CC)c(F)c(O)c1OC,c1c([*:5])c([*:1])c([*:2])c([*:3])c1[*:4],[*:1]CC,[*:2]F,[*:3]O,[*:4]OC,[*:5]N,7.033
c1c(F)c(CC)c(F)c(Br)c1C,c1c([*:5])c([*:1])c([*:2])c([*:3])c1[*:4],[*:1]CC,[*:2]F,[*:3]Br,[*:4]C,[*:5]F,7.182
c1c(N)c(CC)c(F)c(Br)c1C,c1c([*:5])c([*:1])c([*:2])c([*:3])c1[*:4],[*:1]CC,[*:2]F,[*:3]Br,[*:4]C,[*:5]N,7.014
c1c(C)c(CC)c(F)c(Br)c1CC,c1c([*:5])c([*:1])c([*:2])c([*:3])c1[*:4],[*:1]CC,[*:2]F,[*:3]Br,[*:4]CC,[*:5]C,6.932
c1c(C)c(CC)c(F)c(Br)c1C(F)(F)F,c1c([*:5])c([*:1])c([*:2])c([*:3])c1[*:4],[*:1]CC,[*:2]F,[*:3]Br,[*:4]C(F)(F)F,[*:5]C,6.680
c1c(F)c(CC)c(F)c(Br)c1C(F)(F)F,c1c([*:5])c([*:1])c([*:2])c([*:3])c1[*:4],[*:1]CC,[*:2]F,[*:3]Br,[*:4]C(F)(F)F,[*:5]F,6.887
c1c(N)c(CC)c(F)c(Br)c1C(F)(F)F,c1c([*:5])c([*:1])c([*:2])c([*:3])c1[*:4],[*:1]CC,[*:2]F,[*:3]Br,[*:4]C(F)(F)F,[*:5]N,6.828
c1c(C)c(CC)c(F)c(Br)c1OC,c1c([*:5])c([*:1])c([*:2])c([*:3])c1[*:4],[*:1]CC,[*:2]F,[*:3]Br,[*:4]OC,[*:5]C,6.791
c1c(OC)c(CC)c(F)c(Br)c1OC,c1c([*:5])c([*:1])c([*:2])c([*:3])c1[*:4],[*:1]CC,[*:2]F,[*:3]Br,[*:4]OC,[*:5]OC,7.200
c1c(F)c(CC)c(F)c(Br)c1OC,c1c([*:5])c([*:1])c([*:2])c([*:3])c1[*:4],[*:1]CC,[*:2]F,[*:3]Br,[*:4]OC,[*:5]F,7.057
c1c(C)c(CC)c(Cl)c(C)c1C,c1c([*:5])c([*:1])c([*:2])c([*:3])c1[*:4],[*:1]CC,[*:2]Cl,[*:3]C,[*:4]C,[*:5]C,6.687
c1c(N)c(CC)c(Cl)c(C)c1C,c1c([*:5])c([*:1])c([*:2])c([*:3])c1[*:4],[*:1]CC,[*:2]Cl,[*:3]C,[*:4]C,[*:5]N,6.864
c1c(F)c(CC)c(Cl)c(C)c1CC,c1c([*:5])c([*:1])c([*:2])c([*:3])c1[*:4],[*:1]CC,[*:2]Cl,[*:3]C,[*:4]CC,[*:5]F,6.879
c1c(N)c(CC)c(Cl)c(C)c1CC,c1c([*:5])c([*:1])c([*:2])c([*:3])c1[*:4],[*:1]CC,[*:2]Cl,[*:3]C,[*:4]CC,[*:5]N,6.752
c1c(C)c(CC)c(Cl)c(C)c1C(F)(F)F,c1c([*:5])c([*:1])c([*:2])c([*:3])c1[*:4],[*:1]CC,[*:2]Cl,[*:3]C,[*:4]C(F)(F)F,[*:5]C,6.452
c1c(OC)c(CC)c(Cl)c(C)c1C(F)(F)F,c1c([*:5])c([*:1])c([*:2])c([*:3])c1[*:4],[*:1]CC,[*:2]Cl,[*:3]C,[*:4]C(F)(F)F,[*:5]OC,6.885
c1c(N)c(CC)c(Cl)c(C)c1C(F)(F)F,c1c([*:5])c([*:1])c([*:2])c([*:3])c1[*:4],[*:1]CC,[*:2]Cl,[*:3]C,[*:4]C(F)(F)F,[*:5]N,6.714
c1c(C)c(CC)c(Cl)c(C)c1OC,c1c([*:5])c([*:1])c([*:2])c([*:3])c1[*:4],[*:1]CC,[*:2]Cl,[*:3]C,[*:4]OC,[*:5]C,6.695
c1c(OC)c(CC)c(Cl)c(C)c1OC,c1c([*:5])c([*:1])c([*:2])c([*:3])c1[*:4],[*:1]CC,[*:2]Cl,[*:3]C,[*:4]OC,[*:5]OC,7.109
c1c(N)c(CC)c(Cl)c(C)c1OC,c1c([*:5])c([*:1])c([*:2])c([*:3])c1[*:4],[*:1]CC,[*:2]Cl,[*:3]C,[*:4]OC,[*:5]N,6.760
c1c(OC)c(CC)c(Cl)c(N)c1C,c1c([*:5])c([*:1])c([*:2])c([*:3])c1[*:4],[*:1]CC,[*:2]Cl,[*:3]N,[*:4]C,[*:5]OC,7.171
c1c(N)c(CC)c(Cl)c(N)c1C,c1c([*:5])c([*:1])c([*:2])c([*:3])c1[*:4],[*:1]CC,[*:2]Cl,[*:3]N,[*:4]C,[*:5]N,6.839
c1c(F)c(CC)c(Cl)c(N)c1CC,c1c([*:5])c([*:1])c([*:2])c([*:3])c1[*:4],[*:1]CC,[*:2]Cl,[*:3]N,[*:4]CC,[*:5]F,6.870
c1c(N)c(CC)c(Cl)c(N)c1CC,c1c([*:5])c([*:1])c([*:2])c([*:3])c1[*:4],[*:1]CC,[*:2]Cl,[*:3]N,[*:4]CC,[*:5]N,6.600
c1c(C)c(CC)c(Cl)c(O)c1C,c1c([*:5])c([*:1])c([*:2])c([*:3])c1[*:4],[*:1]CC,[*:2]Cl,[*:3]O,[*:4]C,[*:5]C,6.681
c1c(OC)c(CC)c(Cl)c(O)c1C,c1c([*:5])c([*:1])c([*:2])c([*:3])c1[*:4],[*:1]CC,[*:2]Cl,[*:3]O,[*:4]C,[*:5]OC,7.180
c1c(C)c(CC)c(Cl)c(O)c1CC,c1c([*:5])c([*:1])c([*:2])c([*:3])c1[*:4],[*:1]CC,[*:2]Cl,[*:3]O,[*:4]CC,[*:5]C,6.604
c1c(OC)c(CC)c(Cl)c(O)c1CC,c1c([*:5])c([*:1])c([*:2])c([*:3])c1[*:4],[*:1]CC,[*:2]Cl,[*:3]O,[*:4]CC,[*:5]OC,7.013
c1c(F)c(CC)c(Cl)c(O)c1CC,c1c([*:5])c([*:1])c([*:2])c([*:3])c1[*:4],[*:1]CC,[*:2]Cl,[*:3]O,[*:4]CC,[*:5]F,6.819
c1c(N)c(CC)c(Cl)c(O)c1CC,c1c([*:5])c([*:1])c([*:2])c([*:3])c1[*:4],[*:1]CC,[*:2]Cl,[*:3]O,[*:4]CC,[*:5]N,6.747
c1c(OC)c(CC)c(Cl)c(O)c1C(F)(F)F,c1c([*:5])c([*:1])c([*:2])c([*:3])c1[*:4],[*:1]CC,[*:2]Cl,[*:3]O,[*:4]C(F)(F)F,[*:5]OC,6.902
c1c(N)c(CC)c(Cl)c(O)c1C(F)(F)F,c1c([*:5])c([*:1])c([*:2])c([*:3])c1[*:4],[*:1]CC,[*:2]Cl,[*:3]O,[*:4]C(F)(F)F,[*:5]N,6.588
c1c(OC)c(CC)c(Cl)c(O)c1OC,c1c([*:5])c([*:1])c([*:2])c([*:3])c1[*:4],[*:1]CC,[*:2]Cl,[*:3]O,[*:4]OC,[*:5]OC,7.159
c1c(F)c(CC)c(Cl)c(O)c1OC,c1c([*:5])c([*:1])c([*:2])c([*:3])c1[*:4],[*:1]CC,[*:2]Cl,[*:3]O,[*:4]OC,[*:5]F,6.929
c1c(N)c(CC)c(Cl)c(O)c1OC,c1c([*:5])c([*:1])c([*:2])c([*:3])c1[*:4],[*:1]CC,[*:2]Cl,[*:3]O,[*:4]OC,[*:5]N,6.869
c1c(C)c(CC)c(Cl)c(Br)c1C,c1c([*:5])c([*:1])c([*:2])c([*:3])c1[*:4],[*:1]CC,[*:2]Cl,[*:3]Br,[*:4]C,[*:5]C,6.736
c1c(OC)c(CC)c(Cl)c(Br)c1C,c1c([*:5])c([*:1])c([*:2])c([*:3])c1[*:4],[*:1]CC,[*:2]Cl,[*:3]Br,[*:4]C,[*:5]OC,7.184
c1c(N)c(CC)c(Cl)c(Br)c1C,c1c([*:5])c([*:1])c([*:2])c([*:3])c1[*:4],[*:1]CC,[*:2]Cl,[*:3]Br,[*:4]C,[*:5]N,6.847
c1c(OC)c(CC)c(Cl)c(Br)c1CC,c1c([*:5])c([*:1])c([*:2])c([*:3])c1[*:4],[*:1]CC,[*:2]Cl,[*:3]Br,[*:4]CC,[*:5]OC,7.042
c1c(N)c(CC)c(Cl)c(Br)c1CC,c1c([*:5])c([*:1])c([*:2])c([*:3])c1[*:4],[*:1]CC,[*:2]Cl,[*:3]Br,[*:4]CC,[*:5]N,6.643
c1c(C)c(CC)c(Cl)c(Br)c1C(F)(F)F,c1c([*:5])c([*:1])c([*:2])c([*:3])c1[*:4],[*:1]CC,[*:2]Cl,[*:3]Br,[*:4]C(F)(F)F,[*:5]C,6.528
c1c(F)c(CC)c(Cl)c(Br)c1OC,c1c([*:5])c([*:1])c([*:2])c([*:3])c1[*:4],[*:1]CC,[*:2]Cl,[*:3]Br,[*:4]OC,[*:5]F,6.894
c1c(N)c(CC)c(Cl)c(Br)c1OC,c1c([*:5])c([*:1])c([*:2])c([*:3])c1[*:4],[*:1]CC,[*:2]Cl,[*:3]Br,[*:4]OC,[*:5]N,6.812
c1c(N)c(CC)c(C)c(C)c1C,c1c([*:5])c([*:1])c([*:2])c([*:3])c1[*:4],[*:1]CC,[*:2]C,[*:3]C,[*:4]C,[*:5]N,6.200
c1c(OC)c(CC)c(C)c(C)c1CC,c1c([*:5])c([*:1])c([*:2])c([*:3])c1[*:4],[*:1]CC,[*:2]C,[*:3]C,[*:4]CC,[*:5]OC,6.467
c1c(F)c(CC)c(C)c(C)c1CC,c1c([*:5])c([*:1])c([*:2])c([*:3])c1[*:4],[*:1]CC,[*:2]C,[*:3]C,[*:4]CC,[*:5]F,6.229
c1c(C)c(CC)c(C)c(C)c1C(F)(F)F,c1c([*:5])c([*:1])c([*:2])c([*:3])c1[*:4],[*:1]CC,[*:2]C,[*:3]C,[*:4]C(F)(F)F,[*:5]C,5.959
c1c(OC)c(CC)c(C)c(C)c1C(F)(F)F,c1c([*:5])c([*:1])c([*:2])c([*:3])c1[*:4],[*:1]CC,[*:2]C,[*:3]C,[*:4]C(F)(F)F,[*:5]OC,6.421
c1c(N)c(CC)c(C)c(C)c1OC,c1c([*:5])c([*:1])c([*:2])c([*:3])c1[*:4],[*:1]CC,[*:2]C,[*:3]C,[*:4]OC,[*:5]N,6.233
c1c(C)c(CC)c(C)c(N)c1C,c1c([*:5])c([*:1])c([*:2])c([*:3])c1[*:4],[*:1]CC,[*:2]C,[*:3]N,[*:4]C,[*:5]C,6.115
c1c(F)c(CC)c(C)c(N)c1C,c1c([*:5])c([*:1])c([*:2])c([*:3])c1[*:4],[*:1]CC,[*:2]C,[*:3]N,[*:4]C,[*:5]F,6.339
c1c(N)c(CC)c(C)c(N)c1C,c1c([*:5])c([*:1])c([*:2])c([*:3])c1[*:4],[*:1]CC,[*:2]C,[*:3]N,[*:4]C,[*:5]N,6.174
c1c(C)c(CC)c(C)c(N)c1CC,c1c([*:5])c([*:1])c([*:2])c([*:3])c1[*:4],[*:1]CC,[*:2]C,[*:3]N,[*:4]CC,[*:5]C,5.952
c1c(OC)c(CC)c(C)c(N)c1CC,c1c([*:5])c([*:1])c([*:2])c([*:3])c1[*:4],[*:1]CC,[*:2]C,[*:3]N,[*:4]CC,[*:5]OC,6.494
c1c(N)c(CC)c(C)c(N)c1CC,c1c([*:5])c([*:1])c([*:2])c([*:3])c1[*:4],[*:1]CC,[*:2]C,[*:3]N,[*:4]CC,[*:5]N,6.122
c1c(C)c(CC)c(C)c(N)c1C(F)(F)F,c1c([*:5])c([*:1])c([*:2])c([*:3])c1[*:4],[*:1]CC,[*:2]C,[*:3]N,[*:4]C(F)(F)F,[*:5]C,5.966
c1c(N)c(CC)c(C)c(N)c1C(F)(F)F,c1c([*:5])c([*:1])c([*:2])c([*:3])c1[*:4],[*:1]CC,[*:2]C,[*:3]N,[*:4]C(F)(F)F,[*:5]N,5.946
c1c(C)c(CC)c(C)c(N)c1OC,c1c([*:5])c([*:1])c([*:2])c([*:3])c1[*:4],[*:1]CC,[*:2]C,[*:3]N,[*:4]OC,[*:5]C,6.020
c1c(F)c(CC)c(C)c(N)c1OC,c1c([*:5])c([*:1])c([*:2])c([*:3])c1[*:4],[*:1]CC,[*:2]C,[*:3]N,[*:4]OC,[*:5]F,6.279
c1c(N)c(CC)c(C)c(N)c1OC,c1c([*:5])c([*:1])c([*:2])c([*:3])c1[*:4],[*:1]CC,[*:2]C,[*:3]N,[*:4]OC,[*:5]N,6.145
c1c(C)c(CC)c(C)c(O)c1C,c1c([*:5])c([*:1])c([*:2])c([*:3])c1[*:4],[*:1]CC,[*:2]C,[*:3]O,[*:4]C,[*:5]C,6.064
c1c(OC)c(CC)c(C)c(O)c1C,c1c([*:5])c([*:1])c([*:2])c([*:3])c1[*:4],[*:1]CC,[*:2]C,[*:3]O,[*:4]C,[*:5]OC,6.587
c1c(OC)c(CC)c(C)c(O)c1CC,c1c([*:5])c([*:1])c([*:2])c([*:3])c1[*:4],[*:1]CC,[*:2]C,[*:3]O,[*:4]CC,[*:5]OC,6.429
c1c(F)c(CC)c(C)c(O)c1CC,c1c([*:5])c([*:1])c([*:2])c([*:3])c1[*:4],[*:1]CC,[*:2]C,[*:3]O,[*:4]CC,[*:5]F,6.312
c1c(N)c(CC)c(C)c(O)c1CC,c1c([*:5])c([*:1])c([*:2])c([*:3])c1[*:4],[*:1]CC,[*:2]C,[*:3]O,[*:4]CC,[*:5]N,6.110
c1c(F)c(CC)c(C)c(O)c1C(F)(F)F,c1c([*:5])c([*:1])c([*:2])c([*:3])c1[*:4],[*:1]CC,[*:2]C,[*:3]O,[*:4]C(F)(F)F,[*:5]F,6.137
c1c(C)c(CC)c(C)c(O)c1OC,c1c([*:5])c([*:1])c([*:2])c([*:3])c1[*:4],[*:1]CC,[*:2]C,[*:3]O,[*:4]OC,[*:5]C,6.004
c1c(C)c(CC)c(C)c(Br)c1C,c1c([*:5])c([*:1])c([*:2])c([*:3])c1[*:4],[*:1]CC,[*:2]C,[*:3]Br,[*:4]C,[*:5]C,6.103
c1c(OC)c(CC)c(C)c(Br)c1C,c1c([*:5])c([*:1])c([*:2])c([*:3])c1[*:4],[*:1]CC,[*:2]C,[*:3]Br,[*:4]C,[*:5]OC,6.523
c1c(F)c(CC)c(C)c(Br)c1C,c1c([*:5])c([*:1])c([*:2])c([*:3])c1[*:4],[*:1]CC,[*:2]C,[*:3]Br,[*:4]C,[*:5]F,6.409
c1c(N)c(CC)c(C)c(Br)c1C,c1c([*:5])c([*:1])c([*:2])c([*:3])c1[*:4],[*:1]CC,[*:2]C,[*:3]Br,[*:4]C,[*:5]N,6.248
c1c(C)c(CC)c(C)c(Br)c1CC,c1c([*:5])c([*:1])c([*:2])c([*:3])c1[*:4],[*:1]CC,[*:2]C,[*:3]Br,[*:4]CC,[*:5]C,5.957
c1c(OC)c(CC)c(C)c(Br)c1CC,c1c([*:5])c([*:1])c([*:2])c([*:3])c1[*:4],[*:1]CC,[*:2]C,[*:3]Br,[*:4]CC,[*:5]OC,6.356
c1c(F)c(CC)c(C)c(Br)c1CC,c1c([*:5])c([*:1])c([*:2])c([*:3])c1[*:4],[*:1]CC,[*:2]C,[*:3]Br,[*:4]CC,[*:5]F,6.252
c1c(N)c(CC)c(C)c(Br)c1CC,c1c([*:5])c([*:1])c([*:2])c([*:3])c1[*:4],[*:1]CC,[*:2]C,[*:3]Br,[*:4]CC,[*:5]N,6.096
c1c(OC)c(CC)c(C)c(Br)c1C(F)(F)F,c1c([*:5])c([*:1])c([*:2])c([*:3])c1[*:4],[*:1]CC,[*:2]C,[*:3]Br,[*:4]C(F)(F)F,[*:5]OC,6.306
c1c(F)c(CC)c(C)c(Br)c1C(F)(F)F,c1c([*:5])c([*:1])c([*:2])c([*:3])c1[*:4],[*:1]CC,[*:2]C,[*:3]Br,[*:4]C(F)(F)F,[*:5]F,6.074
c1c(N)c(CC)c(C)c(Br)c1C(F)(F)F,c1c([*:5])c([*:1])c([*:2])c([*:3])c1[*:4],[*:1]CC,[*:2]C,[*:3]Br,[*:4]C(F)(F)F,[*:5]N,6.041
c1c(C)c(CC)c(C)c(Br)c1OC,c1c([*:5])c([*:1])c([*:2])c([*:3])c1[*:4],[*:1]CC,[*:2]C,[*:3]Br,[*:4]OC,[*:5]C,5.979
c1c(OC)c(CC)c(C)c(Br)c1OC,c1c([*:5])c([*:1])c([*:2])c([*:3])c1[*:4],[*:1]CC,[*:2]C,[*:3]Br,[*:4]OC,[*:5]OC,6.443
c1c(F)c(CC)c(C)c(Br)c1OC,c1c([*:5])c([*:1])c([*:2])c([*:3])c1[*:4],[*:1]CC,[*:2]C,[*:3]Br,[*:4]OC,[*:5]F,6.247
c1c(N)c(CC)c(C)c(Br)c1OC,c1c([*:5])c([*:1])c([*:2])c([*:3])c1[*:4],[*:1]CC,[*:2]C,[*:3]Br,[*:4]OC,[*:5]N,6.200
c1c(C)c(CC)c(OC)c(C)c1C,c1c([*:5])c([*:1])c([*:2])c([*:3])c1[*:4],[*:1]CC,[*:2]OC,[*:3]C,[*:4]C,[*:5]C,6.082
c1c(OC)c(CC)c(OC)c(C)c1C,c1c([*:5])c([*:1])c([*:2])c([*:3])c1[*:4],[*:1]CC,[*:2]OC,[*:3]C,[*:4]C,[*:5]OC,6.378
c1c(F)c(CC)c(OC)c(C)c1C,c1c([*:5])c([*:1])c([*:2])c([*:3])c1[*:4],[*:1]CC,[*:2]OC,[*:3]C,[*:4]C,[*:5]F,6.141
c1c(N)c(CC)c(OC)c(C)c1C,c1c([*:5])c([*:1])c([*:2])c([*:3])c1[*:4],[*:1]CC,[*:2]OC,[*:3]C,[*:4]C,[*:5]N,6.046
c1c(C)c(CC)c(OC)c(C)c1CC,c1c([*:5])c([*:1])c([*:2])c([*:3])c1[*:4],[*:1]CC,[*:2]OC,[*:3]C,[*:4]CC,[*:5]C,5.861
c1c(F)c(CC)c(OC)c(C)c1CC,c1c([*:5])c([*:1])c([*:2])c([*:3])c1[*:4],[*:1]CC,[*:2]OC,[*:3]C,[*:4]CC,[*:5]F,6.100
c1c(N)c(CC)c(OC)c(C)c1CC,c1c([*:5])c([*:1])c([*:2])c([*:3])c1[*:4],[*:1]CC,[*:2]OC,[*:3]C,[*:4]CC,[*:5]N,5.933
c1c(C)c(CC)c(OC)c(C)c1C(F)(F)F,c1c([*:5])c([*:1])c([*:2])c([*:3])c1[*:4],[*:1]CC,[*:2]OC,[*:3]C,[*:4]C(F)(F)F,[*:5]C,5.679
c1c(N)c(CC)c(OC)c(C)c1C(F)(F)F,c1c([*:5])c([*:1])c([*:2])c([*:3])c1[*:4],[*:1]CC,[*:2]OC,[*:3]C,[*:4]C(F)(F)F,[*:5]N,5.797
c1c(N)c(CC)c(OC)c(C)c1OC,c1c([*:5])c([*:1])c([*:2])c([*:3])c1[*:4],[*:1]CC,[*:2]OC,[*:3]C,[*:4]OC,[*:5]N,5.930
c1c(OC)c(CC)c(OC)c(N)c1C,c1c([*:5])c([*:1])c([*:2])c([*:3])c1[*:4],[*:1]CC,[*:2]OC,[*:3]N,[*:4]C,[*:5]OC,6.298
c1c(C)c(CC)c(OC)c(N)c1CC,c1c([*:5])c([*:1])c([*:2])c([*:3])c1[*:4],[*:1]CC,[*:2]OC,[*:3]N,[*:4]CC,[*:5]C,5.844
c1c(OC)c(CC)c(OC)c(N)c1CC,c1c([*:5])c([*:1])c([*:2])c([*:3])c1[*:4],[*:1]CC,[*:2]OC,[*:3]N,[*:4]CC,[*:5]OC,6.226
c1c(F)c(CC)c(OC)c(N)c1CC,c1c([*:5])c([*:1])c([*:2])c([*:3])c1[*:4],[*:1]CC,[*:2]OC,[*:3]N,[*:4]CC,[*:5]F,6.060
c1c(C)c(CC)c(OC)c(N)c1C(F)(F)F,c1c([*:5])c([*:1])c([*:2])c([*:3])c1[*:4],[*:1]CC,[*:2]OC,[*:3]N,[*:4]C(F)(F)F,[*:5]C,5.642
c1c(OC)c(CC)c(OC)c(N)c1C(F)(F)F,c1c([*:5])c([*:1])c([*:2])c([*:3])c1[*:4],[*:1]CC,[*:2]OC,[*:3]N,[*:4]C(F)(F)F,[*:5]OC,6.058
c1c(F)c(CC)c(OC)c(N)c1C(F)(F)F,c1c([*:5])c([*:1])c([*:2])c([*:3])c1[*:4],[*:1]CC,[*:2]OC,[*:3]N,[*:4]C(F)(F)F,[*:5]F,5.895
c1c(C)c(CC)c(OC)c(N)c1OC,c1c([*:5])c([*:1])c([*:2])c([*:3])c1[*:4],[*:1]CC,[*:2]OC,[*:3]N,[*:4]OC,[*:5]C,5.859
c1c(OC)c(CC)c(OC)c(N)c1OC,c1c([*:5])c([*:1])c([*:2])c([*:3])c1[*:4],[*:1]CC,[*:2]OC,[*:3]N,[*:4]OC,[*:5]OC,6.215
c1c(F)c(CC)c(OC)c(N)c1OC,c1c([*:5])c([*:1])c([*:2])c([*:3])c1[*:4],[*:1]CC,[*:2]OC,[*:3]N,[*:4]OC,[*:5]F,6.104
c1c(C)c(CC)c(OC)c(O)c1C,c1c([*:5])c([*:1])c([*:2])c([*:3])c1[*:4],[*:1]CC,[*:2]OC,[*:3]O,[*:4]C,[*:5]C,5.989
c1c(OC)c(CC)c(OC)c(O)c1C,c1c([*:5])c([*:1])c([*:2])c([*:3])c1[*:4],[*:1]CC,[*:2]OC,[*:3]O,[*:4]C,[*:5]OC,6.441
c1c(F)c(CC)c(OC)c(O)c1CC,c1c([*:5])c([*:1])c([*:2])c([*:3])c1[*:4],[*:1]CC,[*:2]OC,[*:3]O,[*:4]CC,[*:5]F,6.108
c1c(C)c(CC)c(OC)c(O)c1C(F)(F)F,c1c([*:5])c([*:1])c([*:2])c([*:3])c1[*:4],[*:1]CC,[*:2]OC,[*:3]O,[*:4]C(F)(F)F,[*:5]C,5.688
c1c(OC)c(CC)c(OC)c(O)c1C(F)(F)F,c1c([*:5])c([*:1])c([*:2])c([*:3])c1[*:4],[*:1]CC,[*:2]OC,[*:3]O,[*:4]C(F)(F)F,[*:5]OC,6.124
c1c(N)c(CC)c(OC)c(O)c1C(F)(F)F,c1c([*:5])c([*:1])c([*:2])c([*:3])c1[*:4],[*:1]CC,[*:2]OC,[*:3]O,[*:4]C(F)(F)F,[*:5]N,5.770
c1c(F)c(CC)c(OC)c(O)c1OC,c1c([*:5])c([*:1])c([*:2])c([*:3])c1[*:4],[*:1]CC,[*:2]OC,[*:3]O,[*:4]OC,[*:5]F,6.128
c1c(OC)c(CC)c(OC)c(Br)c1C,c1c([*:5])c([*:1])c([*:2])c([*:3])c1[*:4],[*:1]CC,[*:2]OC,[*:3]Br,[*:4]C,[*:5]OC,6.299
c1c(F)c(CC)c(OC)c(Br)c1C,c1c([*:5])c([*:1])c([*:2])c([*:3])c1[*:4],[*:1]CC,[*:2]OC,[*:3]Br,[*:4]C,[*:5]F,6.161
c1c(N)c(CC)c(OC)c(Br)c1CC,c1c([*:5])c([*:1])c([*:2])c([*:3])c1[*:4],[*:1]CC,[*:2]OC,[*:3]Br,[*:4]CC,[*:5]N,5.917
c1c(C)c(CC)c(OC)c(Br)c1C(F)(F)F,c1c([*:5])c([*:1])c([*:2])c([*:3])c1[*:4],[*:1]CC,[*:2]OC,[*:3]Br,[*:4]C(F)(F)F,[*:5]C,5.607
c1c(OC)c(CC)c(OC)c(Br)c1C(F)(F)F,c1c([*:5])c([*:1])c([*:2])c([*:3])c1[*:4],[*:1]CC,[*:2]OC,[*:3]Br,[*:4]C(F)(F)F,[*:5]OC,6.145
c1c(F)c(CC)c(OC)c(Br)c1C(F)(F)F,c1c([*:5])c([*:1])c([*:2])c([*:3])c1[*:4],[*:1]CC,[*:2]OC,[*:3]Br,[*:4]C(F)(F)F,[*:5]F,5.881
c1c(OC)c(CC)c(OC)c(Br)c1OC,c1c([*:5])c([*:1])c([*:2])c([*:3])c1[*:4],[*:1]CC,[*:2]OC,[*:3]Br,[*:4]OC,[*:5]OC,6.297
c1c(F)c(CC)c(OC)c(Br)c1OC,c1c([*:5])c([*:1])c([*:2])c([*:3])c1[*:4],[*:1]CC,[*:2]OC,[*:3]Br,[*:4]OC,[*:5]F,6.105
c1c(OC)c(CC)c(Br)c(C)c1C,c1c([*:5])c([*:1])c([*:2])c([*:3])c1[*:4],[*:1]CC,[*:2]Br,[*:3]C,[*:4]C,[*:5]OC,6.981
c1c(N)c(CC)c(Br)c(C)c1C,c1c([*:5])c([*:1])c([*:2])c([*:3])c1[*:4],[*:1]CC,[*:2]Br,[*:3]C,[*:4]C,[*:5]N,6.674
c1c(C)c(CC)c(Br)c(C)c1CC,c1c([*:5])c([*:1])c([*:2])c([*:3])c1[*:4],[*:1]CC,[*:2]Br,[*:3]C,[*:4]CC,[*:5]C,6.558
c1c(F)c(CC)c(Br)c(C)c1CC,c1c([*:5])c([*:1])c([*:2])c([*:3])c1[*:4],[*:1]CC,[*:2]Br,[*:3]C,[*:4]CC,[*:5]F,6.640
c1c(N)c(CC)c(Br)c(C)c1CC,c1c([*:5])c([*:1])c([*:2])c([*:3])c1[*:4],[*:1]CC,[*:2]Br,[*:3]C,[*:4]CC,[*:5]N,6.626
c1c(C)c(CC)c(Br)c(C)c1C(F)(F)F,c1c([*:5])c([*:1])c([*:2])c([*:3])c1[*:4],[*:1]CC,[*:2]Br,[*:3]C,[*:4]C(F)(F)F,[*:5]C,6.396
c1c(F)c(CC)c(Br)c(C)c1C(F)(F)F,c1c([*:5])c([*:1])c([*:2])c([*:3])c1[*:4],[*:1]CC,[*:2]Br,[*:3]C,[*:4]C(F)(F)F,[*:5]F,6.642
c1c(N)c(CC)c(Br)c(C)c1C(F)(F)F,c1c([*:5])c([*:1])c([*:2])c([*:3])c1[*:4],[*:1]CC,[*:2]Br,[*:3]C,[*:4]C(F)(F)F,[*:5]N,6.531
c1c(F)c(CC)c(Br)c(C)c1OC,c1c([*:5])c([*:1])c([*:2])c([*:3])c1[*:4],[*:1]CC,[*:2]Br,[*:3]C,[*:4]OC,[*:5]F,6.803
c1c(N)c(CC)c(Br)c(C)c1OC,c1c([*:5])c([*:1])c([*:2])c([*:3])c1[*:4],[*:1]CC,[*:2]Br,[*:3]C,[*:4]OC,[*:5]N,6.650
c1c(C)c(CC)c(Br)c(N)c1C,c1c([*:5])c([*:1])c([*:2])c([*:3])c1[*:4],[*:1]CC,[*:2]Br,[*:3]N,[*:4]C,[*:5]C,6.587
c1c(OC)c(CC)c(Br)c(N)c1C,c1c([*:5])c([*:1])c([*:2])c([*:3])c1[*:4],[*:1]CC,[*:2]Br,[*:3]N,[*:4]C,[*:5]OC,7.065
c1c(F)c(CC)c(Br)c(N)c1C,c1c([*:5])c([*:1])c([*:2])c([*:3])c1[*:4],[*:1]CC,[*:2]Br,[*:3]N,[*:4]C,[*:5]F,6.740
c1c(OC)c(CC)c(Br)c(N)c1CC,c1c([*:5])c([*:1])c([*:2])c([*:3])c1[*:4],[*:1]CC,[*:2]Br,[*:3]N,[*:4]CC,[*:5]OC,6.924
c1c(N)c(CC)c(Br)c(N)c1CC,c1c([*:5])c([*:1])c([*:2])c([*:3])c1[*:4],[*:1]CC,[*:2]Br,[*:3]N,[*:4]CC,[*:5]N,6.566
c1c(C)c(CC)c(Br)c(N)c1C(F)(F)F,c1c([*:5])c([*:1])c([*:2])c([*:3])c1[*:4],[*:1]CC,[*:2]Br,[*:3]N,[*:4]C(F)(F)F,[*:5]C,6.436
c1c(OC)c(CC)c(Br)c(N)c1C(F)(F)F,c1c([*:5])c([*:1])c([*:2])c([*:3])c1[*:4],[*:1]CC,[*:2]Br,[*:3]N,[*:4]C(F)(F)F,[*:5]OC,6.781
c1c(OC)c(CC)c(Br)c(N)c1OC,c1c([*:5])c([*:1])c([*:2])c([*:3])c1[*:4],[*:1]CC,[*:2]Br,[*:3]N,[*:4]OC,[*:5]OC,6.829
c1c(N)c(CC)c(Br)c(N)c1OC,c1c([*:5])c([*:1])c([*:2])c([*:3])c1[*:4],[*:1]CC,[*:2]Br,[*:3]N,[*:4]OC,[*:5]N,6.553
c1c(OC)c(CC)c(Br)c(O)c1C,c1c([*:5])c([*:1])c([*:2])c([*:3])c1[*:4],[*:1]CC,[*:2]Br,[*:3]O,[*:4]C,[*:5]OC,7.032
c1c(F)c(CC)c(Br)c(O)c1C,c1c([*:5])c([*:1])c([*:2])c([*:3])c1[*:4],[*:1]CC,[*:2]Br,[*:3]O,[*:4]C,[*:5]F,6.818
c1c(N)c(CC)c(Br)c(O)c1C,c1c([*:5])c([*:1])c([*:2])c([*:3])c1[*:4],[*:1]CC,[*:2]Br,[*:3]O,[*:4]C,[*:5]N,6.626
c1c(C)c(CC)c(Br)c(O)c1CC,c1c([*:5])c([*:1])c([*:2])c([*:3])c1[*:4],[*:1]CC,[*:2]Br,[*:3]O,[*:4]CC,[*:5]C,6.520
c1c(OC)c(CC)c(Br)c(O)c1CC,c1c([*:5])c([*:1])c([*:2])c([*:3])c1[*:4],[*:1]CC,[*:2]Br,[*:3]O,[*:4]CC,[*:5]OC,6.850
c1c(N)c(CC)c(Br)c(O)c1CC,c1c([*:5])c([*:1])c([*:2])c([*:3])c1[*:4],[*:1]CC,[*:2]Br,[*:3]O,[*:4]CC,[*:5]N,6.659
c1c(C)c(CC)c(Br)c(O)c1C(F)(F)F,c1c([*:5])c([*:1])c([*:2])c([*:3])c1[*:4],[*:1]CC,[*:2]Br,[*:3]O,[*:4]C(F)(F)F,[*:5]C,6.387
c1c(OC)c(CC)c(Br)c(O)c1C(F)(F)F,c1c([*:5])c([*:1])c([*:2])c([*:3])c1[*:4],[*:1]CC,[*:2]Br,[*:3]O,[*:4]C(F)(F)F,[*:5]OC,6.778
c1c(F)c(CC)c(Br)c(O)c1C(F)(F)F,c1c([*:5])c([*:1])c([*:2])c([*:3])c1[*:4],[*:1]CC,[*:2]Br,[*:3]O,[*:4]C(F)(F)F,[*:5]F,6.674
c1c(C)c(CC)c(Br)c(O)c1OC,c1c([*:5])c([*:1])c([*:2])c([*:3])c1[*:4],[*:1]CC,[*:2]Br,[*:3]O,[*:4]OC,[*:5]C,6.638
c1c(F)c(CC)c(Br)c(O)c1OC,c1c([*:5])c([*:1])c([*:2])c([*:3])c1[*:4],[*:1]CC,[*:2]Br,[*:3]O,[*:4]OC,[*:5]F,6.793
c1c(N)c(CC)c(Br)c(O)c1OC,c1c([*:5])c([*:1])c([*:2])c([*:3])c1[*:4],[*:1]CC,[*:2]Br,[*:3]O,[*:4]OC,[*:5]N,6.608
c1c(OC)c(CC)c(Br)c(Br)c1C,c1c([*:5])c([*:1])c([*:2])c([*:3])c1[*:4],[*:1]CC,[*:2]Br,[*:3]Br,[*:4]C,[*:5]OC,6.941
c1c(C)c(CC)c(Br)c(Br)c1CC,c1c([*:5])c([*:1])c([*:2])c([*:3])c1[*:4],[*:1]CC,[*:2]Br,[*:3]Br,[*:4]CC,[*:5]C,6.429
c1c(OC)c(CC)c(Br)c(Br)c1CC,c1c([*:5])c([*:1])c([*:2])c([*:3])c1[*:4],[*:1]CC,[*:2]Br,[*:3]Br,[*:4]CC,[*:5]OC,6.828
c1c(F)c(CC)c(Br)c(Br)c1CC,c1c([*:5])c([*:1])c([*:2])c([*:3])c1[*:4],[*:1]CC,[*:2]Br,[*:3]Br,[*:4]CC,[*:5]F,6.622
c1c(N)c(CC)c(Br)c(Br)c1CC,c1c([*:5])c([*:1])c([*:2])c([*:3])c1[*:4],[*:1]CC,[*:2]Br,[*:3]Br,[*:4]CC,[*:5]N,6.573
c1c(C)c(CC)c(Br)c(Br)c1C(F)(F)F,c1c([*:5])c([*:1])c([*:2])c([*:3])c1[*:4],[*:1]CC,[*:2]Br,[*:3]Br,[*:4]C(F)(F)F,[*:5]C,6.286
c1c(F)c(CC)c(Br)c(Br)c1C(F)(F)F,c1c([*:5])c([*:1])c([*:2])c([*:3])c1[*:4],[*:1]CC,[*:2]Br,[*:3]Br,[*:4]C(F)(F)F,[*:5]F,6.589
c1c(N)c(CC)c(Br)c(Br)c1C(F)(F)F,c1c([*:5])c([*:1])c([*:2])c([*:3])c1[*:4],[*:1]CC,[*:2]Br,[*:3]Br,[*:4]C(F)(F)F,[*:5]N,6.483
c1c(C)c(CC)c(Br)c(Br)c1OC,c1c([*:5])c([*:1])c([*:2])c([*:3])c1[*:4],[*:1]CC,[*:2]Br,[*:3]Br,[*:4]OC,[*:5]C,6.568
c1c(C)c(CCC)c(F)c(C)c1C,c1c([*:5])c([*:1])c([*:2])c([*:3])c1[*:4],[*:1]CCC,[*:2]F,[*:3]C,[*:4]C,[*:5]C,7.092
c1c(OC)c(CCC)c(F)c(C)c1C,c1c([*:5])c([*:1])c([*:2])c([*:3])c1[*:4],[*:1]CCC,[*:2]F,[*:3]C,[*:4]C,[*:5]OC,7.460
c1c(N)c(CCC)c(F)c(C)c1C,c1c([*:5])c([*:1])c([*:2])c([*:3])c1[*:4],[*:1]CCC,[*:2]F,[*:3]C,[*:4]C,[*:5]N,7.141
c1c(C)c(CCC)c(F)c(C)c1CC,c1c([*:5])c([*:1])c([*:2])c([*:3])c1[*:4],[*:1]CCC,[*:2]F,[*:3]C,[*:4]CC,[*:5]C,6.873
c1c(F)c(CCC)c(F)c(C)c1CC,c1c([*:5])c([*:1])c([*:2])c([*:3])c1[*:4],[*:1]CCC,[*:2]F,[*:3]C,[*:4]CC,[*:5]F,7.135
c1c(N)c(CCC)c(F)c(C)c1CC,c1c([*:5])c([*:1])c([*:2])c([*:3])c1[*:4],[*:1]CCC,[*:2]F,[*:3]C,[*:4]CC,[*:5]N,7.054
c1c(F)c(CCC)c(F)c(C)c1C(F)(F)F,c1c([*:5])c([*:1])c([*:2])c([*:3])c1[*:4],[*:1]CCC,[*:2]F,[*:3]C,[*:4]C(F)(F)F,[*:5]F,7.075
c1c(N)c(CCC)c(F)c(C)c1C(F)(F)F,c1c([*:5])c([*:1])c([*:2])c([*:3])c1[*:4],[*:1]CCC,[*:2]F,[*:3]C,[*:4]C(F)(F)F,[*:5]N,6.887
c1c(C)c(CCC)c(F)c(C)c1OC,c1c([*:5])c([*:1])c([*:2])c([*:3])c1[*:4],[*:1]CCC,[*:2]F,[*:3]C,[*:4]OC,[*:5]C,6.936
c1c(F)c(CCC)c(F)c(C)c1OC,c1c([*:5])c([*:1])c([*:2])c([*:3])c1[*:4],[*:1]CCC,[*:2]F,[*:3]C,[*:4]OC,[*:5]F,7.199
c1c(N)c(CCC)c(F)c(C)c1OC,c1c([*:5])c([*:1])c([*:2])c([*:3])c1[*:4],[*:1]CCC,[*:2]F,[*:3]C,[*:4]OC,[*:5]N,7.103
c1c(F)c(CCC)c(F)c(N)c1C,c1c([*:5])c([*:1])c([*:2])c([*:3])c1[*:4],[*:1]CCC,[*:2]F,[*:3]N,[*:4]C,[*:5]F,7.255
c1c(C)c(CCC)c(F)c(N)c1CC,c1c([*:5])c([*:1])c([*:2])c([*:3])c1[*:4],[*:1]CCC,[*:2]F,[*:3]N,[*:4]CC,[*:5]C,6.855
c1c(OC)c(CCC)c(F)c(N)c1CC,c1c([*:5])c([*:1])c([*:2])c([*:3])c1[*:4],[*:1]CCC,[*:2]F,[*:3]N,[*:4]CC,[*:5]OC,7.284
c1c(F)c(CCC)c(F)c(N)c1CC,c1c([*:5])c([*:1])c([*:2])c([*:3])c1[*:4],[*:1]CCC,[*:2]F,[*:3]N,[*:4]CC,[*:5]F,7.174
c1c(N)c(CCC)c(F)c(N)c1CC,c1c([*:5])c([*:1])c([*:2])c([*:3])c1[*:4],[*:1]CCC,[*:2]F,[*:3]N,[*:4]CC,[*:5]N,6.910
c1c(C)c(CCC)c(F)c(N)c1C(F)(F)F,c1c([*:5])c([*:1])c([*:2])c([*:3])c1[*:4],[*:1]CCC,[*:2]F,[*:3]N,[*:4]C(F)(F)F,[*:5]C,6.827
c1c(OC)c(CCC)c(F)c(N)c1C(F)(F)F,c1c([*:5])c([*:1])c([*:2])c([*:3])c1[*:4],[*:1]CCC,[*:2]F,[*:3]N,[*:4]C(F)(F)F,[*:5]OC,7.200
c1c(C)c(CCC)c(F)c(N)c1OC,c1c([*:5])c([*:1])c([*:2])c([*:3])c1[*:4],[*:1]CCC,[*:2]F,[*:3]N,[*:4]OC,[*:5]C,6.973
c1c(OC)c(CCC)c(F)c(N)c1OC,c1c([*:5])c([*:1])c([*:2])c([*:3])c1[*:4],[*:1]CCC,[*:2]F,[*:3]N,[*:4]OC,[*:5]OC,7.366
c1c(OC)c(CCC)c(F)c(O)c1CC,c1c([*:5])c([*:1])c([*:2])c([*:3])c1[*:4],[*:1]CCC,[*:2]F,[*:3]O,[*:4]CC,[*:5]OC,7.315
c1c(F)c(CCC)c(F)c(O)c1CC,c1c([*:5])c([*:1])c([*:2])c([*:3])c1[*:4],[*:1]CCC,[*:2]F,[*:3]O,[*:4]CC,[*:5]F,7.133
c1c(N)c(CCC)c(F)c(O)c1CC,c1c([*:5])c([*:1])c([*:2])c([*:3])c1[*:4],[*:1]CCC,[*:2]F,[*:3]O,[*:4]CC,[*:5]N,6.984
c1c(C)c(CCC)c(F)c(O)c1C(F)(F)F,c1c([*:5])c([*:1])c([*:2])c([*:3])c1[*:4],[*:1]CCC,[*:2]F,[*:3]O,[*:4]C(F)(F)F,[*:5]C,6.910
c1c(OC)c(CCC)c(F)c(O)c1C(F)(F)F,c1c([*:5])c([*:1])c([*:2])c([*:3])c1[*:4],[*:1]CCC,[*:2]F,[*:3]O,[*:4]C(F)(F)F,[*:5]OC,7.118
c1c(F)c(CCC)c(F)c(O)c1C(F)(F)F,c1c([*:5])c([*:1])c([*:2])c([*:3])c1[*:4],[*:1]CCC,[*:2]F,[*:3]O,[*:4]C(F)(F)F,[*:5]F,7.048
c1c(C)c(CCC)c(F)c(O)c1OC,c1c([*:5])c([*:1])c([*:2])c([*:3])c1[*:4],[*:1]CCC,[*:2]F,[*:3]O,[*:4]OC,[*:5]C,7.065
c1c(OC)c(CCC)c(F)c(O)c1OC,c1c([*:5])c([*:1])c([*:2])c([*:3])c1[*:4],[*:1]CCC,[*:2]F,[*:3]O,[*:4]OC,[*:5]OC,7.398
c1c(F)c(CCC)c(F)c(O)c1OC,c1c([*:5])c([*:1])c([*:2])c([*:3])c1[*:4],[*:1]CCC,[*:2]F,[*:3]O,[*:4]OC,[*:5]F,7.204
c1c(N)c(CCC)c(F)c(O)c1OC,c1c([*:5])c([*:1])c([*:2])c([*:3])c1[*:4],[*:1]CCC,[*:2]F,[*:3]O,[*:4]OC,[*:5]N,7.109
c1c(C)c(CCC)c(F)c(Br)c1C,c1c([*:5])c([*:1])c([*:2])c([*:3])c1[*:4],[*:1]CCC,[*:2]F,[*:3]Br,[*:4]C,[*:5]C,7.016
c1c(OC)c(CCC)c(F)c(Br)c1C,c1c([*:5])c([*:1])c([*:2])c([*:3])c1[*:4],[*:1]CCC,[*:2]F,[*:3]Br,[*:4]C,[*:5]OC,7.389
c1c(F)c(CCC)c(F)c(Br)c1C,c1c([*:5])c([*:1])c([*:2])c([*:3])c1[*:4],[*:1]CCC,[*:2]F,[*:3]Br,[*:4]C,[*:5]F,7.260
c1c(C)c(CCC)c(F)c(Br)c1CC,c1c([*:5])c([*:1])c([*:2])c([*:3])c1[*:4],[*:1]CCC,[*:2]F,[*:3]Br,[*:4]CC,[*:5]C,6.946
c1c(F)c(CCC)c(F)c(Br)c1CC,c1c([*:5])c([*:1])c([*:2])c([*:3])c1[*:4],[*:1]CCC,[*:2]F,[*:3]Br,[*:4]CC,[*:5]F,6.996
c1c(F)c(CCC)c(F)c(Br)c1C(F)(F)F,c1c([*:5])c([*:1])c([*:2])c([*:3])c1[*:4],[*:1]CCC,[*:2]F,[*:3]Br,[*:4]C(F)(F)F,[*:5]F,6.998
c1c(N)c(CCC)c(F)c(Br)c1C(F)(F)F,c1c([*:5])c([*:1])c([*:2])c([*:3])c1[*:4],[*:1]CCC,[*:2]F,[*:3]Br,[*:4]C(F)(F)F,[*:5]N,6.854
c1c(C)c(CCC)c(F)c(Br)c1OC,c1c([*:5])c([*:1])c([*:2])c([*:3])c1[*:4],[*:1]CCC,[*:2]F,[*:3]Br,[*:4]OC,[*:5]C,7.033
c1c(F)c(CCC)c(F)c(Br)c1OC,c1c([*:5])c([*:1])c([*:2])c([*:3])c1[*:4],[*:1]CCC,[*:2]F,[*:3]Br,[*:4]OC,[*:5]F,7.151
c1c(OC)c(CCC)c(Cl)c(C)c1C,c1c([*:5])c([*:1])c([*:2])c([*:3])c1[*:4],[*:1]CCC,[*:2]Cl,[*:3]C,[*:4]C,[*:5]OC,7.238
c1c(F)c(CCC)c(Cl)c(C)c1C,c1c([*:5])c([*:1])c([*:2])c([*:3])c1[*:4],[*:1]CCC,[*:2]Cl,[*:3]C,[*:4]C,[*:5]F,7.045
c1c(OC)c(CCC)c(Cl)c(C)c1CC,c1c([*:5])c([*:1])c([*:2])c([*:3])c1[*:4],[*:1]CCC,[*:2]Cl,[*:3]C,[*:4]CC,[*:5]OC,7.148
c1c(OC)c(CCC)c(Cl)c(C)c1C(F)(F)F,c1c([*:5])c([*:1])c([*:2])c([*:3])c1[*:4],[*:1]CCC,[*:2]Cl,[*:3]C,[*:4]C(F)(F)F,[*:5]OC,7.049
c1c(C)c(CCC)c(Cl)c(C)c1OC,c1c([*:5])c([*:1])c([*:2])c([*:3])c1[*:4],[*:1]CCC,[*:2]Cl,[*:3]C,[*:4]OC,[*:5]C,6.793
c1c(N)c(CCC)c(Cl)c(C)c1OC,c1c([*:5])c([*:1])c([*:2])c([*:3])c1[*:4],[*:1]CCC,[*:2]Cl,[*:3]C,[*:4]OC,[*:5]N,6.928
c1c(OC)c(CCC)c(Cl)c(N)c1C,c1c([*:5])c([*:1])c([*:2])c([*:3])c1[*:4],[*:1]CCC,[*:2]Cl,[*:3]N,[*:4]C,[*:5]OC,7.190
c1c(F)c(CCC)c(Cl)c(N)c1C,c1c([*:5])c([*:1])c([*:2])c([*:3])c1[*:4],[*:1]CCC,[*:2]Cl,[*:3]N,[*:4]C,[*:5]F,7.036
c1c(N)c(CCC)c(Cl)c(N)c1C,c1c([*:5])c([*:1])c([*:2])c([*:3])c1[*:4],[*:1]CCC,[*:2]Cl,[*:3]N,[*:4]C,[*:5]N,6.923
c1c(C)c(CCC)c(Cl)c(N)c1CC,c1c([*:5])c([*:1])c([*:2])c([*:3])c1[*:4],[*:1]CCC,[*:2]Cl,[*:3]N,[*:4]CC,[*:5]C,6.668
c1c(OC)c(CCC)c(Cl)c(N)c1CC,c1c([*:5])c([*:1])c([*:2])c([*:3])c1[*:4],[*:1]CCC,[*:2]Cl,[*:3]N,[*:4]CC,[*:5]OC,7.088
c1c(C)c(CCC)c(Cl)c(N)c1C(F)(F)F,c1c([*:5])c([*:1])c([*:2])c([*:3])c1[*:4],[*:1]CCC,[*:2]Cl,[*:3]N,[*:4]C(F)(F)F,[*:5]C,6.687
c1c(OC)c(CCC)c(Cl)c(N)c1C(F)(F)F,c1c([*:5])c([*:1])c([*:2])c([*:3])c1[*:4],[*:1]CCC,[*:2]Cl,[*:3]N,[*:4]C(F)(F)F,[*:5]OC,7.019
c1c(F)c(CCC)c(Cl)c(N)c1C(F)(F)F,c1c([*:5])c([*:1])c([*:2])c([*:3])c1[*:4],[*:1]CCC,[*:2]Cl,[*:3]N,[*:4]C(F)(F)F,[*:5]F,6.764
c1c(N)c(CCC)c(Cl)c(N)c1C(F)(F)F,c1c([*:5])c([*:1])c([*:2])c([*:3])c1[*:4],[*:1]CCC,[*:2]Cl,[*:3]N,[*:4]C(F)(F)F,[*:5]N,6.659
c1c(C)c(CCC)c(Cl)c(N)c1OC,c1c([*:5])c([*:1])c([*:2])c([*:3])c1[*:4],[*:1]CCC,[*:2]Cl,[*:3]N,[*:4]OC,[*:5]C,6.735
c1c(OC)c(CCC)c(Cl)c(N)c1OC,c1c([*:5])c([*:1])c([*:2])c([*:3])c1[*:4],[*:1]CCC,[*:2]Cl,[*:3]N,[*:4]OC,[*:5]OC,7.144
c1c(F)c(CCC)c(Cl)c(N)c1OC,c1c([*:5])c([*:1])c([*:2])c([*:3])c1[*:4],[*:1]CCC,[*:2]Cl,[*:3]N,[*:4]OC,[*:5]F,7.002
c1c(OC)c(CCC)c(Cl)c(O)c1C,c1c([*:5])c([*:1])c([*:2])c([*:3])c1[*:4],[*:1]CCC,[*:2]Cl,[*:3]O,[*:4]C,[*:5]OC,7.322
c1c(F)c(CCC)c(Cl)c(O)c1C,c1c([*:5])c([*:1])c([*:2])c([*:3])c1[*:4],[*:1]CCC,[*:2]Cl,[*:3]O,[*:4]C,[*:5]F,7.053
c1c(N)c(CCC)c(Cl)c(O)c1C,c1c([*:5])c([*:1])c([*:2])c([*:3])c1[*:4],[*:1]CCC,[*:2]Cl,[*:3]O,[*:4]C,[*:5]N,6.950
c1c(C)c(CCC)c(Cl)c(O)c1CC,c1c([*:5])c([*:1])c([*:2])c([*:3])c1[*:4],[*:1]CCC,[*:2]Cl,[*:3]O,[*:4]CC,[*:5]C,6.757
c1c(F)c(CCC)c(Cl)c(O)c1CC,c1c([*:5])c([*:1])c([*:2])c([*:3])c1[*:4],[*:1]CCC,[*:2]Cl,[*:3]O,[*:4]CC,[*:5]F,6.931
c1c(N)c(CCC)c(Cl)c(O)c1CC,c1c([*:5])c([*:1])c([*:2])c([*:3])c1[*:4],[*:1]CCC,[*:2]Cl,[*:3]O,[*:4]CC,[*:5]N,6.849
c1c(C)c(CCC)c(Cl)c(O)c1C(F)(F)F,c1c([*:5])c([*:1])c([*:2])c([*:3])c1[*:4],[*:1]CCC,[*:2]Cl,[*:3]O,[*:4]C(F)(F)F,[*:5]C,6.553
c1c(OC)c(CCC)c(Cl)c(O)c1C(F)(F)F,c1c([*:5])c([*:1])c([*:2])c([*:3])c1[*:4],[*:1]CCC,[*:2]Cl,[*:3]O,[*:4]C(F)(F)F,[*:5]OC,6.975
c1c(N)c(CCC)c(Cl)c(O)c1C(F)(F)F,c1c([*:5])c([*:1])c([*:2])c([*:3])c1[*:4],[*:1]CCC,[*:2]Cl,[*:3]O,[*:4]C(F)(F)F,[*:5]N,6.759
c1c(C)c(CCC)c(Cl)c(O)c1OC,c1c([*:5])c([*:1])c([*:2])c([*:3])c1[*:4],[*:1]CCC,[*:2]Cl,[*:3]O,[*:4]OC,[*:5]C,6.845
c1c(OC)c(CCC)c(Cl)c(O)c1OC,c1c([*:5])c([*:1])c([*:2])c([*:3])c1[*:4],[*:1]CCC,[*:2]Cl,[*:3]O,[*:4]OC,[*:5]OC,7.171
c1c(OC)c(CCC)c(Cl)c(Br)c1C,c1c([*:5])c([*:1])c([*:2])c([*:3])c1[*:4],[*:1]CCC,[*:2]Cl,[*:3]Br,[*:4]C,[*:5]OC,7.232
c1c(C)c(CCC)c(Cl)c(Br)c1C(F)(F)F,c1c([*:5])c([*:1])c([*:2])c([*:3])c1[*:4],[*:1]CCC,[*:2]Cl,[*:3]Br,[*:4]C(F)(F)F,[*:5]C,6.643
c1c(OC)c(CCC)c(Cl)c(Br)c1C(F)(F)F,c1c([*:5])c([*:1])c([*:2])c([*:3])c1[*:4],[*:1]CCC,[*:2]Cl,[*:3]Br,[*:4]C(F)(F)F,[*:5]OC,6.939
c1c(C)c(CCC)c(Cl)c(Br)c1OC,c1c([*:5])c([*:1])c([*:2])c([*:3])c1[*:4],[*:1]CCC,[*:2]Cl,[*:3]Br,[*:4]OC,[*:5]C,6.718
c1c(OC)c(CCC)c(Cl)c(Br)c1OC,c1c([*:5])c([*:1])c([*:2])c([*:3])c1[*:4],[*:1]CCC,[*:2]Cl,[*:3]Br,[*:4]OC,[*:5]OC,7.062
c1c(C)c(CCC)c(C)c(C)c1C,c1c([*:5])c([*:1])c([*:2])c([*:3])c1[*:4],[*:1]CCC,[*:2]C,[*:3]C,[*:4]C,[*:5]C,6.222
c1c(N)c(CCC)c(C)c(C)c1C,c1c([*:5])c([*:1])c([*:2])c([*:3])c1[*:4],[*:1]CCC,[*:2]C,[*:3]C,[*:4]C,[*:5]N,6.407
c1c(OC)c(CCC)c(C)c(C)c1CC,c1c([*:5])c([*:1])c([*:2])c([*:3])c1[*:4],[*:1]CCC,[*:2]C,[*:3]C,[*:4]CC,[*:5]OC,6.556
c1c(F)c(CCC)c(C)c(C)c1CC,c1c([*:5])c([*:1])c([*:2])c([*:3])c1[*:4],[*:1]CCC,[*:2]C,[*:3]C,[*:4]CC,[*:5]F,6.406
c1c(C)c(CCC)c(C)c(C)c1C(F)(F)F,c1c([*:5])c([*:1])c([*:2])c([*:3])c1[*:4],[*:1]CCC,[*:2]C,[*:3]C,[*:4]C(F)(F)F,[*:5]C,5.955
c1c(OC)c(CCC)c(C)c(C)c1C(F)(F)F,c1c([*:5])c([*:1])c([*:2])c([*:3])c1[*:4],[*:1]CCC,[*:2]C,[*:3]C,[*:4]C(F)(F)F,[*:5]OC,6.453
c1c(N)c(CCC)c(C)c(C)c1C(F)(F)F,c1c([*:5])c([*:1])c([*:2])c([*:3])c1[*:4],[*:1]CCC,[*:2]C,[*:3]C,[*:4]C(F)(F)F,[*:5]N,6.145
c1c(OC)c(CCC)c(C)c(C)c1OC,c1c([*:5])c([*:1])c([*:2])c([*:3])c1[*:4],[*:1]CCC,[*:2]C,[*:3]C,[*:4]OC,[*:5]OC,6.621
c1c(F)c(CCC)c(C)c(C)c1OC,c1c([*:5])c([*:1])c([*:2])c([*:3])c1[*:4],[*:1]CCC,[*:2]C,[*:3]C,[*:4]OC,[*:5]F,6.385
c1c(N)c(CCC)c(C)c(C)c1OC,c1c([*:5])c([*:1])c([*:2])c([*:3])c1[*:4],[*:1]CCC,[*:2]C,[*:3]C,[*:4]OC,[*:5]N,6.326
c1c(C)c(CCC)c(C)c(N)c1C,c1c([*:5])c([*:1])c([*:2])c([*:3])c1[*:4],[*:1]CCC,[*:2]C,[*:3]N,[*:4]C,[*:5]C,6.269
c1c(F)c(CCC)c(C)c(N)c1CC,c1c([*:5])c([*:1])c([*:2])c([*:3])c1[*:4],[*:1]CCC,[*:2]C,[*:3]N,[*:4]CC,[*:5]F,6.360
c1c(N)c(CCC)c(C)c(N)c1CC,c1c([*:5])c([*:1])c([*:2])c([*:3])c1[*:4],[*:1]CCC,[*:2]C,[*:3]N,[*:4]CC,[*:5]N,6.181
c1c(OC)c(CCC)c(C)c(N)c1C(F)(F)F,c1c([*:5])c([*:1])c([*:2])c([*:3])c1[*:4],[*:1]CCC,[*:2]C,[*:3]N,[*:4]C(F)(F)F,[*:5]OC,6.496
c1c(C)c(CCC)c(C)c(N)c1OC,c1c([*:5])c([*:1])c([*:2])c([*:3])c1[*:4],[*:1]CCC,[*:2]C,[*:3]N,[*:4]OC,[*:5]C,6.123
c1c(N)c(CCC)c(C)c(N)c1OC,c1c([*:5])c([*:1])c([*:2])c([*:3])c1[*:4],[*:1]CCC,[*:2]C,[*:3]N,[*:4]OC,[*:5]N,6.240
c1c(C)c(CCC)c(C)c(O)c1C,c1c([*:5])c([*:1])c([*:2])c([*:3])c1[*:4],[*:1]CCC,[*:2]C,[*:3]O,[*:4]C,[*:5]C,6.231
c1c(N)c(CCC)c(C)c(O)c1C,c1c([*:5])c([*:1])c([*:2])c([*:3])c1[*:4],[*:1]CCC,[*:2]C,[*:3]O,[*:4]C,[*:5]N,6.342
c1c(C)c(CCC)c(C)c(O)c1CC,c1c([*:5])c([*:1])c([*:2])c([*:3])c1[*:4],[*:1]CCC,[*:2]C,[*:3]O,[*:4]CC,[*:5]C,6.129
c1c(N)c(CCC)c(C)c(O)c1CC,c1c([*:5])c([*:1])c([*:2])c([*:3])c1[*:4],[*:1]CCC,[*:2]C,[*:3]O,[*:4]CC,[*:5]N,6.253
c1c(F)c(CCC)c(C)c(O)c1C(F)(F)F,c1c([*:5])c([*:1])c([*:2])c([*:3])c1[*:4],[*:1]CCC,[*:2]C,[*:3]O,[*:4]C(F)(F)F,[*:5]F,6.257
c1c(N)c(CCC)c(C)c(O)c1C(F)(F)F,c1c([*:5])c([*:1])c([*:2])c([*:3])c1[*:4],[*:1]CCC,[*:2]C,[*:3]O,[*:4]C(F)(F)F,[*:5]N,6.021
c1c(OC)c(CCC)c(C)c(O)c1OC,c1c([*:5])c([*:1])c([*:2])c([*:3])c1[*:4],[*:1]CCC,[*:2]C,[*:3]O,[*:4]OC,[*:5]OC,6.587
c1c(F)c(CCC)c(C)c(O)c1OC,c1c([*:5])c([*:1])c([*:2])c([*:3])c1[*:4],[*:1]CCC,[*:2]C,[*:3]O,[*:4]OC,[*:5]F,6.389
c1c(OC)c(CCC)c(C)c(Br)c1C,c1c([*:5])c([*:1])c([*:2])c([*:3])c1[*:4],[*:1]CCC,[*:2]C,[*:3]Br,[*:4]C,[*:5]OC,6.677
c1c(F)c(CCC)c(C)c(Br)c1C,c1c([*:5])c([*:1])c([*:2])c([*:3])c1[*:4],[*:1]CCC,[*:2]C,[*:3]Br,[*:4]C,[*:5]F,6.530
c1c(OC)c(CCC)c(C)c(Br)c1CC,c1c([*:5])c([*:1])c([*:2])c([*:3])c1[*:4],[*:1]CCC,[*:2]C,[*:3]Br,[*:4]CC,[*:5]OC,6.443
c1c(OC)c(CCC)c(C)c(Br)c1C(F)(F)F,c1c([*:5])c([*:1])c([*:2])c([*:3])c1[*:4],[*:1]CCC,[*:2]C,[*:3]Br,[*:4]C(F)(F)F,[*:5]OC,6.436
c1c(F)c(CCC)c(C)c(Br)c1OC,c1c([*:5])c([*:1])c([*:2])c([*:3])c1[*:4],[*:1]CCC,[*:2]C,[*:3]Br,[*:4]OC,[*:5]F,6.414
c1c(N)c(CCC)c(C)c(Br)c1OC,c1c([*:5])c([*:1])c([*:2])c([*:3])c1[*:4],[*:1]CCC,[*:2]C,[*:3]Br,[*:4]OC,[*:5]N,6.219
c1c(OC)c(CCC)c(OC)c(C)c1C,c1c([*:5])c([*:1])c([*:2])c([*:3])c1[*:4],[*:1]CCC,[*:2]OC,[*:3]C,[*:4]C,[*:5]OC,6.498
c1c(F)c(CCC)c(OC)c(C)c1C,c1c([*:5])c([*:1])c([*:2])c([*:3])c1[*:4],[*:1]CCC,[*:2]OC,[*:3]C,[*:4]C,[*:5]F,6.274
c1c(N)c(CCC)c(OC)c(C)c1C,c1c([*:5])c([*:1])c([*:2])c([*:3])c1[*:4],[*:1]CCC,[*:2]OC,[*:3]C,[*:4]C,[*:5]N,6.219
c1c(C)c(CCC)c(OC)c(C)c1CC,c1c([*:5])c([*:1])c([*:2])c([*:3])c1[*:4],[*:1]CCC,[*:2]OC,[*:3]C,[*:4]CC,[*:5]C,5.955
c1c(F)c(CCC)c(OC)c(C)c1CC,c1c([*:5])c([*:1])c([*:2])c([*:3])c1[*:4],[*:1]CCC,[*:2]OC,[*:3]C,[*:4]CC,[*:5]F,6.171
c1c(N)c(CCC)c(OC)c(C)c1CC,c1c([*:5])c([*:1])c([*:2])c([*:3])c1[*:4],[*:1]CCC,[*:2]OC,[*:3]C,[*:4]CC,[*:5]N,5.971
c1c(C)c(CCC)c(OC)c(C)c1C(F)(F)F,c1c([*:5])c([*:1])c([*:2])c([*:3])c1[*:4],[*:1]CCC,[*:2]OC,[*:3]C,[*:4]C(F)(F)F,[*:5]C,5.831
c1c(OC)c(CCC)c(OC)c(C)c1C(F)(F)F,c1c([*:5])c([*:1])c([*:2])c([*:3])c1[*:4],[*:1]CCC,[*:2]OC,[*:3]C,[*:4]C(F)(F)F,[*:5]OC,6.291
c1c(F)c(CCC)c(OC)c(C)c1OC,c1c([*:5])c([*:1])c([*:2])c([*:3])c1[*:4],[*:1]CCC,[*:2]OC,[*:3]C,[*:4]OC,[*:5]F,6.212
c1c(F)c(CCC)c(OC)c(N)c1C,c1c([*:5])c([*:1])c([*:2])c([*:3])c1[*:4],[*:1]CCC,[*:2]OC,[*:3]N,[*:4]C,[*:5]F,6.245
c1c(N)c(CCC)c(OC)c(N)c1C,c1c([*:5])c([*:1])c([*:2])c([*:3])c1[*:4],[*:1]CCC,[*:2]OC,[*:3]N,[*:4]C,[*:5]N,6.153
c1c(OC)c(CCC)c(OC)c(N)c1CC,c1c([*:5])c([*:1])c([*:2])c([*:3])c1[*:4],[*:1]CCC,[*:2]OC,[*:3]N,[*:4]CC,[*:5]OC,6.312
c1c(N)c(CCC)c(OC)c(N)c1CC,c1c([*:5])c([*:1])c([*:2])c([*:3])c1[*:4],[*:1]CCC,[*:2]OC,[*:3]N,[*:4]CC,[*:5]N,5.929
c1c(C)c(CCC)c(OC)c(N)c1C(F)(F)F,c1c([*:5])c([*:1])c([*:2])c([*:3])c1[*:4],[*:1]CCC,[*:2]OC,[*:3]N,[*:4]C(F)(F)F,[*:5]C,5.824
c1c(OC)c(CCC)c(OC)c(N)c1C(F)(F)F,c1c([*:5])c([*:1])c([*:2])c([*:3])c1[*:4],[*:1]CCC,[*:2]OC,[*:3]N,[*:4]C(F)(F)F,[*:5]OC,6.296
c1c(F)c(CCC)c(OC)c(N)c1C(F)(F)F,c1c([*:5])c([*:1])c([*:2])c([*:3])c1[*:4],[*:1]CCC,[*:2]OC,[*:3]N,[*:4]C(F)(F)F,[*:5]F,6.084
c1c(N)c(CCC)c(OC)c(N)c1C(F)(F)F,c1c([*:5])c([*:1])c([*:2])c([*:3])c1[*:4],[*:1]CCC,[*:2]OC,[*:3]N,[*:4]C(F)(F)F,[*:5]N,5.882
c1c(OC)c(CCC)c(OC)c(N)c1OC,c1c([*:5])c([*:1])c([*:2])c([*:3])c1[*:4],[*:1]CCC,[*:2]OC,[*:3]N,[*:4]OC,[*:5]OC,6.309
c1c(F)c(CCC)c(OC)c(N)c1OC,c1c([*:5])c([*:1])c([*:2])c([*:3])c1[*:4],[*:1]CCC,[*:2]OC,[*:3]N,[*:4]OC,[*:5]F,6.165
c1c(N)c(CCC)c(OC)c(N)c1OC,c1c([*:5])c([*:1])c([*:2])c([*:3])c1[*:4],[*:1]CCC,[*:2]OC,[*:3]N,[*:4]OC,[*:5]N,6.023
c1c(C)c(CCC)c(OC)c(O)c1C,c1c([*:5])c([*:1])c([*:2])c([*:3])c1[*:4],[*:1]CCC,[*:2]OC,[*:3]O,[*:4]C,[*:5]C,6.043
c1c(OC)c(CCC)c(OC)c(O)c1C,c1c([*:5])c([*:1])c([*:2])c([*:3])c1[*:4],[*:1]CCC,[*:2]OC,[*:3]O,[*:4]C,[*:5]OC,6.390
c1c(C)c(CCC)c(OC)c(O)c1CC,c1c([*:5])c([*:1])c([*:2])c([*:3])c1[*:4],[*:1]CCC,[*:2]OC,[*:3]O,[*:4]CC,[*:5]C,5.896
c1c(OC)c(CCC)c(OC)c(O)c1CC,c1c([*:5])c([*:1])c([*:2])c([*:3])c1[*:4],[*:1]CCC,[*:2]OC,[*:3]O,[*:4]CC,[*:5]OC,6.332
c1c(F)c(CCC)c(OC)c(O)c1CC,c1c([*:5])c([*:1])c([*:2])c([*:3])c1[*:4],[*:1]CCC,[*:2]OC,[*:3]O,[*:4]CC,[*:5]F,6.155
c1c(N)c(CCC)c(OC)c(O)c1CC,c1c([*:5])c([*:1])c([*:2])c([*:3])c1[*:4],[*:1]CCC,[*:2]OC,[*:3]O,[*:4]CC,[*:5]N,5.974
c1c(F)c(CCC)c(OC)c(O)c1C(F)(F)F,c1c([*:5])c([*:1])c([*:2])c([*:3])c1[*:4],[*:1]CCC,[*:2]OC,[*:3]O,[*:4]C(F)(F)F,[*:5]F,6.046
c1c(C)c(CCC)c(OC)c(O)c1OC,c1c([*:5])c([*:1])c([*:2])c([*:3])c1[*:4],[*:1]CCC,[*:2]OC,[*:3]O,[*:4]OC,[*:5]C,6.065
c1c(OC)c(CCC)c(OC)c(O)c1OC,c1c([*:5])c([*:1])c([*:2])c([*:3])c1[*:4],[*:1]CCC,[*:2]OC,[*:3]O,[*:4]OC,[*:5]OC,6.422
c1c(F)c(CCC)c(OC)c(O)c1OC,c1c([*:5])c([*:1])c([*:2])c([*:3])c1[*:4],[*:1]CCC,[*:2]OC,[*:3]O,[*:4]OC,[*:5]F,6.202
c1c(N)c(CCC)c(OC)c(O)c1OC,c1c([*:5])c([*:1])c([*:2])c([*:3])c1[*:4],[*:1]CCC,[*:2]OC,[*:3]O,[*:4]OC,[*:5]N,6.184
c1c(C)c(CCC)c(OC)c(Br)c1C,c1c([*:5])c([*:1])c([*:2])c([*:3])c1[*:4],[*:1]CCC,[*:2]OC,[*:3]Br,[*:4]C,[*:5]C,6.066
c1c(OC)c(CCC)c(OC)c(Br)c1C,c1c([*:5])c([*:1])c([*:2])c([*:3])c1[*:4],[*:1]CCC,[*:2]OC,[*:3]Br,[*:4]C,[*:5]OC,6.423
c1c(F)c(CCC)c(OC)c(Br)c1C,c1c([*:5])c([*:1])c([*:2])c([*:3])c1[*:4],[*:1]CCC,[*:2]OC,[*:3]Br,[*:4]C,[*:5]F,6.254
c1c(N)c(CCC)c(OC)c(Br)c1C,c1c([*:5])c([*:1])c([*:2])c([*:3])c1[*:4],[*:1]CCC,[*:2]OC,[*:3]Br,[*:4]C,[*:5]N,6.002
c1c(C)c(CCC)c(OC)c(Br)c1CC,c1c([*:5])c([*:1])c([*:2])c([*:3])c1[*:4],[*:1]CCC,[*:2]OC,[*:3]Br,[*:4]CC,[*:5]C,5.849
c1c(OC)c(CCC)c(OC)c(Br)c1CC,c1c([*:5])c([*:1])c([*:2])c([*:3])c1[*:4],[*:1]CCC,[*:2]OC,[*:3]Br,[*:4]CC,[*:5]OC,6.228
c1c(F)c(CCC)c(OC)c(Br)c1CC,c1c([*:5])c([*:1])c([*:2])c([*:3])c1[*:4],[*:1]CCC,[*:2]OC,[*:3]Br,[*:4]CC,[*:5]F,6.160
c1c(N)c(CCC)c(OC)c(Br)c1CC,c1c([*:5])c([*:1])c([*:2])c([*:3])c1[*:4],[*:1]CCC,[*:2]OC,[*:3]Br,[*:4]CC,[*:5]N,5.982
c1c(C)c(CCC)c(OC)c(Br)c1C(F)(F)F,c1c([*:5])c([*:1])c([*:2])c([*:3])c1[*:4],[*:1]CCC,[*:2]OC,[*:3]Br,[*:4]C(F)(F)F,[*:5]C,5.713
c1c(OC)c(CCC)c(OC)c(Br)c1C(F)(F)F,c1c([*:5])c([*:1])c([*:2])c([*:3])c1[*:4],[*:1]CCC,[*:2]OC,[*:3]Br,[*:4]C(F)(F)F,[*:5]OC,6.139
c1c(F)c(CCC)c(OC)c(Br)c1C(F)(F)F,c1c([*:5])c([*:1])c([*:2])c([*:3])c1[*:4],[*:1]CCC,[*:2]OC,[*:3]Br,[*:4]C(F)(F)F,[*:5]F,6.009
c1c(N)c(CCC)c(OC)c(Br)c1C(F)(F)F,c1c([*:5])c([*:1])c([*:2])c([*:3])c1[*:4],[*:1]CCC,[*:2]OC,[*:3]Br,[*:4]C(F)(F)F,[*:5]N,5.863
c1c(C)c(CCC)c(OC)c(Br)c1OC,c1c([*:5])c([*:1])c([*:2])c([*:3])c1[*:4],[*:1]CCC,[*:2]OC,[*:3]Br,[*:4]OC,[*:5]C,6.014
c1c(OC)c(CCC)c(OC)c(Br)c1OC,c1c([*:5])c([*:1])c([*:2])c([*:3])c1[*:4],[*:1]CCC,[*:2]OC,[*:3]Br,[*:4]OC,[*:5]OC,6.396
c1c(N)c(CCC)c(OC)c(Br)c1OC,c1c([*:5])c([*:1])c([*:2])c([*:3])c1[*:4],[*:1]CCC,[*:2]OC,[*:3]Br,[*:4]OC,[*:5]N,6.089
c1c(OC)c(CCC)c(Br)c(C)c1C,c1c([*:5])c([*:1])c([*:2])c([*:3])c1[*:4],[*:1]CCC,[*:2]Br,[*:3]C,[*:4]C,[*:5]OC,7.143
c1c(C)c(CCC)c(Br)c(C)c1CC,c1c([*:5])c([*:1])c([*:2])c([*:3])c1[*:4],[*:1]CCC,[*:2]Br,[*:3]C,[*:4]CC,[*:5]C,6.521
c1c(OC)c(CCC)c(Br)c(C)c1CC,c1c([*:5])c([*:1])c([*:2])c([*:3])c1[*:4],[*:1]CCC,[*:2]Br,[*:3]C,[*:4]CC,[*:5]OC,6.928
c1c(C)c(CCC)c(Br)c(C)c1C(F)(F)F,c1c([*:5])c([*:1])c([*:2])c([*:3])c1[*:4],[*:1]CCC,[*:2]Br,[*:3]C,[*:4]C(F)(F)F,[*:5]C,6.463
c1c(F)c(CCC)c(Br)c(C)c1C(F)(F)F,c1c([*:5])c([*:1])c([*:2])c([*:3])c1[*:4],[*:1]CCC,[*:2]Br,[*:3]C,[*:4]C(F)(F)F,[*:5]F,6.723
c1c(N)c(CCC)c(Br)c(C)c1C(F)(F)F,c1c([*:5])c([*:1])c([*:2])c([*:3])c1[*:4],[*:1]CCC,[*:2]Br,[*:3]C,[*:4]C(F)(F)F,[*:5]N,6.517
c1c(C)c(CCC)c(Br)c(C)c1OC,c1c([*:5])c([*:1])c([*:2])c([*:3])c1[*:4],[*:1]CCC,[*:2]Br,[*:3]C,[*:4]OC,[*:5]C,6.661
c1c(OC)c(CCC)c(Br)c(C)c1OC,c1c([*:5])c([*:1])c([*:2])c([*:3])c1[*:4],[*:1]CCC,[*:2]Br,[*:3]C,[*:4]OC,[*:5]OC,7.123
c1c(F)c(CCC)c(Br)c(N)c1CC,c1c([*:5])c([*:1])c([*:2])c([*:3])c1[*:4],[*:1]CCC,[*:2]Br,[*:3]N,[*:4]CC,[*:5]F,6.793
c1c(N)c(CCC)c(Br)c(N)c1CC,c1c([*:5])c([*:1])c([*:2])c([*:3])c1[*:4],[*:1]CCC,[*:2]Br,[*:3]N,[*:4]CC,[*:5]N,6.682
c1c(C)c(CCC)c(Br)c(N)c1C(F)(F)F,c1c([*:5])c([*:1])c([*:2])c([*:3])c1[*:4],[*:1]CCC,[*:2]Br,[*:3]N,[*:4]C(F)(F)F,[*:5]C,6.446
c1c(OC)c(CCC)c(Br)c(N)c1C(F)(F)F,c1c([*:5])c([*:1])c([*:2])c([*:3])c1[*:4],[*:1]CCC,[*:2]Br,[*:3]N,[*:4]C(F)(F)F,[*:5]OC,6.877
c1c(OC)c(CCC)c(Br)c(N)c1OC,c1c([*:5])c([*:1])c([*:2])c([*:3])c1[*:4],[*:1]CCC,[*:2]Br,[*:3]N,[*:4]OC,[*:5]OC,7.008
c1c(F)c(CCC)c(Br)c(O)c1C,c1c([*:5])c([*:1])c([*:2])c([*:3])c1[*:4],[*:1]CCC,[*:2]Br,[*:3]O,[*:4]C,[*:5]F,6.832
c1c(C)c(CCC)c(Br)c(O)c1CC,c1c([*:5])c([*:1])c([*:2])c([*:3])c1[*:4],[*:1]CCC,[*:2]Br,[*:3]O,[*:4]CC,[*:5]C,6.551
c1c(N)c(CCC)c(Br)c(O)c1CC,c1c([*:5])c([*:1])c([*:2])c([*:3])c1[*:4],[*:1]CCC,[*:2]Br,[*:3]O,[*:4]CC,[*:5]N,6.617
c1c(OC)c(CCC)c(Br)c(O)c1C(F)(F)F,c1c([*:5])c([*:1])c([*:2])c([*:3])c1[*:4],[*:1]CCC,[*:2]Br,[*:3]O,[*:4]C(F)(F)F,[*:5]OC,6.776
c1c(F)c(CCC)c(Br)c(O)c1C(F)(F)F,c1c([*:5])c([*:1])c([*:2])c([*:3])c1[*:4],[*:1]CCC,[*:2]Br,[*:3]O,[*:4]C(F)(F)F,[*:5]F,6.693
c1c(N)c(CCC)c(Br)c(O)c1C(F)(F)F,c1c([*:5])c([*:1])c([*:2])c([*:3])c1[*:4],[*:1]CCC,[*:2]Br,[*:3]O,[*:4]C(F)(F)F,[*:5]N,6.580
c1c(F)c(CCC)c(Br)c(O)c1OC,c1c([*:5])c([*:1])c([*:2])c([*:3])c1[*:4],[*:1]CCC,[*:2]Br,[*:3]O,[*:4]OC,[*:5]F,6.826
c1c(N)c(CCC)c(Br)c(Br)c1C,c1c([*:5])c([*:1])c([*:2])c([*:3])c1[*:4],[*:1]CCC,[*:2]Br,[*:3]Br,[*:4]C,[*:5]N,6.713
c1c(OC)c(CCC)c(Br)c(Br)c1CC,c1c([*:5])c([*:1])c([*:2])c([*:3])c1[*:4],[*:1]CCC,[*:2]Br,[*:3]Br,[*:4]CC,[*:5]OC,6.911
c1c(N)c(CCC)c(Br)c(Br)c1CC,c1c([*:5])c([*:1])c([*:2])c([*:3])c1[*:4],[*:1]CCC,[*:2]Br,[*:3]Br,[*:4]CC,[*:5]N,6.612
c1c(C)c(CCC)c(Br)c(Br)c1C(F)(F)F,c1c([*:5])c([*:1])c([*:2])c([*:3])c1[*:4],[*:1]CCC,[*:2]Br,[*:3]Br,[*:4]C(F)(F)F,[*:5]C,6.466
c1c(F)c(CCC)c(Br)c(Br)c1C(F)(F)F,c1c([*:5])c([*:1])c([*:2])c([*:3])c1[*:4],[*:1]CCC,[*:2]Br,[*:3]Br,[*:4]C(F)(F)F,[*:5]F,6.675
c1c(C)c(CCC)c(Br)c(Br)c1OC,c1c([*:5])c([*:1])c([*:2])c([*:3])c1[*:4],[*:1]CCC,[*:2]Br,[*:3]Br,[*:4]OC,[*:5]C,6.634
c1c(OC)c(CCC)c(Br)c(Br)c1OC,c1c([*:5])c([*:1])c([*:2])c([*:3])c1[*:4],[*:1]CCC,[*:2]Br,[*:3]Br,[*:4]OC,[*:5]OC,6.986
c1c(N)c(CCC)c(Br)c(Br)c1OC,c1c([*:5])c([*:1])c([*:2])c([*:3])c1[*:4],[*:1]CCC,[*:2]Br,[*:3]Br,[*:4]OC,[*:5]N,6.685
c1c(OC)c(OC)c(F)c(C)c1C,c1c([*:5])c([*:1])c([*:2])c([*:3])c1[*:4],[*:1]OC,[*:2]F,[*:3]C,[*:4]C,[*:5]OC,7.047
c1c(F)c(OC)c(F)c(C)c1C,c1c([*:5])c([*:1])c([*:2])c([*:3])c1[*:4],[*:1]OC,[*:2]F,[*:3]C,[*:4]C,[*:5]F,6.793
c1c(N)c(OC)c(F)c(C)c1C,c1c([*:5])c([*:1])c([*:2])c([*:3])c1[*:4],[*:1]OC,[*:2]F,[*:3]C,[*:4]C,[*:5]N,6.728
c1c(C)c(OC)c(F)c(C)c1CC,c1c([*:5])c([*:1])c([*:2])c([*:3])c1[*:4],[*:1]OC,[*:2]F,[*:3]C,[*:4]CC,[*:5]C,6.464
c1c(OC)c(OC)c(F)c(C)c1CC,c1c([*:5])c([*:1])c([*:2])c([*:3])c1[*:4],[*:1]OC,[*:2]F,[*:3]C,[*:4]CC,[*:5]OC,6.976
c1c(F)c(OC)c(F)c(C)c1CC,c1c([*:5])c([*:1])c([*:2])c([*:3])c1[*:4],[*:1]OC,[*:2]F,[*:3]C,[*:4]CC,[*:5]F,6.642
c1c(N)c(OC)c(F)c(C)c1CC,c1c([*:5])c([*:1])c([*:2])c([*:3])c1[*:4],[*:1]OC,[*:2]F,[*:3]C,[*:4]CC,[*:5]N,6.566
c1c(C)c(OC)c(F)c(C)c1C(F)(F)F,c1c([*:5])c([*:1])c([*:2])c([*:3])c1[*:4],[*:1]OC,[*:2]F,[*:3]C,[*:4]C(F)(F)F,[*:5]C,6.336
c1c(OC)c(OC)c(F)c(C)c1C(F)(F)F,c1c([*:5])c([*:1])c([*:2])c([*:3])c1[*:4],[*:1]OC,[*:2]F,[*:3]C,[*:4]C(F)(F)F,[*:5]OC,6.809
c1c(F)c(OC)c(F)c(C)c1C(F)(F)F,c1c([*:5])c([*:1])c([*:2])c([*:3])c1[*:4],[*:1]OC,[*:2]F,[*:3]C,[*:4]C(F)(F)F,[*:5]F,6.619
c1c(N)c(OC)c(F)c(C)c1C(F)(F)F,c1c([*:5])c([*:1])c([*:2])c([*:3])c1[*:4],[*:1]OC,[*:2]F,[*:3]C,[*:4]C(F)(F)F,[*:5]N,6.436
c1c(OC)c(OC)c(F)c(C)c1OC,c1c([*:5])c([*:1])c([*:2])c([*:3])c1[*:4],[*:1]OC,[*:2]F,[*:3]C,[*:4]OC,[*:5]OC,6.930
c1c(F)c(OC)c(F)c(C)c1OC,c1c([*:5])c([*:1])c([*:2])c([*:3])c1[*:4],[*:1]OC,[*:2]F,[*:3]C,[*:4]OC,[*:5]F,6.723
c1c(N)c(OC)c(F)c(C)c1OC,c1c([*:5])c([*:1])c([*:2])c([*:3])c1[*:4],[*:1]OC,[*:2]F,[*:3]C,[*:4]OC,[*:5]N,6.631
c1c(C)c(OC)c(F)c(N)c1C,c1c([*:5])c([*:1])c([*:2])c([*:3])c1[*:4],[*:1]OC,[*:2]F,[*:3]N,[*:4]C,[*:5]C,6.564
c1c(OC)c(OC)c(F)c(N)c1C,c1c([*:5])c([*:1])c([*:2])c([*:3])c1[*:4],[*:1]OC,[*:2]F,[*:3]N,[*:4]C,[*:5]OC,6.969
c1c(F)c(OC)c(F)c(N)c1C,c1c([*:5])c([*:1])c([*:2])c([*:3])c1[*:4],[*:1]OC,[*:2]F,[*:3]N,[*:4]C,[*:5]F,6.827
c1c(N)c(OC)c(F)c(N)c1C,c1c([*:5])c([*:1])c([*:2])c([*:3])c1[*:4],[*:1]OC,[*:2]F,[*:3]N,[*:4]C,[*:5]N,6.636
c1c(C)c(OC)c(F)c(N)c1CC,c1c([*:5])c([*:1])c([*:2])c([*:3])c1[*:4],[*:1]OC,[*:2]F,[*:3]N,[*:4]CC,[*:5]C,6.433
c1c(OC)c(OC)c(F)c(N)c1CC,c1c([*:5])c([*:1])c([*:2])c([*:3])c1[*:4],[*:1]OC,[*:2]F,[*:3]N,[*:4]CC,[*:5]OC,6.903
c1c(F)c(OC)c(F)c(N)c1CC,c1c([*:5])c([*:1])c([*:2])c([*:3])c1[*:4],[*:1]OC,[*:2]F,[*:3]N,[*:4]CC,[*:5]F,6.632
c1c(OC)c(OC)c(F)c(N)c1C(F)(F)F,c1c([*:5])c([*:1])c([*:2])c([*:3])c1[*:4],[*:1]OC,[*:2]F,[*:3]N,[*:4]C(F)(F)F,[*:5]OC,6.830
c1c(C)c(OC)c(F)c(N)c1OC,c1c([*:5])c([*:1])c([*:2])c([*:3])c1[*:4],[*:1]OC,[*:2]F,[*:3]N,[*:4]OC,[*:5]C,6.583
c1c(OC)c(OC)c(F)c(N)c1OC,c1c([*:5])c([*:1])c([*:2])c([*:3])c1[*:4],[*:1]OC,[*:2]F,[*:3]N,[*:4]OC,[*:5]OC,6.950
c1c(F)c(OC)c(F)c(N)c1OC,c1c([*:5])c([*:1])c([*:2])c([*:3])c1[*:4],[*:1]OC,[*:2]F,[*:3]N,[*:4]OC,[*:5]F,6.770
c1c(C)c(OC)c(F)c(O)c1C,c1c([*:5])c([*:1])c([*:2])c([*:3])c1[*:4],[*:1]OC,[*:2]F,[*:3]O,[*:4]C,[*:5]C,6.567
c1c(F)c(OC)c(F)c(O)c1C,c1c([*:5])c([*:1])c([*:2])c([*:3])c1[*:4],[*:1]OC,[*:2]F,[*:3]O,[*:4]C,[*:5]F,6.783
c1c(N)c(OC)c(F)c(O)c1C,c1c([*:5])c([*:1])c([*:2])c([*:3])c1[*:4],[*:1]OC,[*:2]F,[*:3]O,[*:4]C,[*:5]N,6.707
c1c(OC)c(OC)c(F)c(O)c1CC,c1c([*:5])c([*:1])c([*:2])c([*:3])c1[*:4],[*:1]OC,[*:2]F,[*:3]O,[*:4]CC,[*:5]OC,6.808
c1c(F)c(OC)c(F)c(O)c1CC,c1c([*:5])c([*:1])c([*:2])c([*:3])c1[*:4],[*:1]OC,[*:2]F,[*:3]O,[*:4]CC,[*:5]F,6.727
c1c(N)c(OC)c(F)c(O)c1CC,c1c([*:5])c([*:1])c([*:2])c([*:3])c1[*:4],[*:1]OC,[*:2]F,[*:3]O,[*:4]CC,[*:5]N,6.590
c1c(F)c(OC)c(F)c(O)c1C(F)(F)F,c1c([*:5])c([*:1])c([*:2])c([*:3])c1[*:4],[*:1]OC,[*:2]F,[*:3]O,[*:4]C(F)(F)F,[*:5]F,6.541
c1c(N)c(OC)c(F)c(O)c1C(F)(F)F,c1c([*:5])c([*:1])c([*:2])c([*:3])c1[*:4],[*:1]OC,[*:2]F,[*:3]O,[*:4]C(F)(F)F,[*:5]N,6.528
c1c(F)c(OC)c(F)c(O)c1OC,c1c([*:5])c([*:1])c([*:2])c([*:3])c1[*:4],[*:1]OC,[*:2]F,[*:3]O,[*:4]OC,[*:5]F,6.764
c1c(C)c(OC)c(F)c(Br)c1C,c1c([*:5])c([*:1])c([*:2])c([*:3])c1[*:4],[*:1]OC,[*:2]F,[*:3]Br,[*:4]C,[*:5]C,6.564
c1c(OC)c(OC)c(F)c(Br)c1C,c1c([*:5])c([*:1])c([*:2])c([*:3])c1[*:4],[*:1]OC,[*:2]F,[*:3]Br,[*:4]C,[*:5]OC,7.010
c1c(F)c(OC)c(F)c(Br)c1C,c1c([*:5])c([*:1])c([*:2])c([*:3])c1[*:4],[*:1]OC,[*:2]F,[*:3]Br,[*:4]C,[*:5]F,6.783
c1c(N)c(OC)c(F)c(Br)c1CC,c1c([*:5])c([*:1])c([*:2])c([*:3])c1[*:4],[*:1]OC,[*:2]F,[*:3]Br,[*:4]CC,[*:5]N,6.463
c1c(OC)c(OC)c(F)c(Br)c1C(F)(F)F,c1c([*:5])c([*:1])c([*:2])c([*:3])c1[*:4],[*:1]OC,[*:2]F,[*:3]Br,[*:4]C(F)(F)F,[*:5]OC,6.725
c1c(C)c(OC)c(F)c(Br)c1OC,c1c([*:5])c([*:1])c([*:2])c([*:3])c1[*:4],[*:1]OC,[*:2]F,[*:3]Br,[*:4]OC,[*:5]C,6.483
c1c(F)c(OC)c(F)c(Br)c1OC,c1c([*:5])c([*:1])c([*:2])c([*:3])c1[*:4],[*:1]OC,[*:2]F,[*:3]Br,[*:4]OC,[*:5]F,6.790
c1c(N)c(OC)c(F)c(Br)c1OC,c1c([*:5])c([*:1])c([*:2])c([*:3])c1[*:4],[*:1]OC,[*:2]F,[*:3]Br,[*:4]OC,[*:5]N,6.614
c1c(C)c(OC)c(Cl)c(C)c1C,c1c([*:5])c([*:1])c([*:2])c([*:3])c1[*:4],[*:1]OC,[*:2]Cl,[*:3]C,[*:4]C,[*:5]C,6.369
c1c(OC)c(OC)c(Cl)c(C)c1C,c1c([*:5])c([*:1])c([*:2])c([*:3])c1[*:4],[*:1]OC,[*:2]Cl,[*:3]C,[*:4]C,[*:5]OC,6.731
c1c(OC)c(OC)c(Cl)c(C)c1CC,c1c([*:5])c([*:1])c([*:2])c([*:3])c1[*:4],[*:1]OC,[*:2]Cl,[*:3]C,[*:4]CC,[*:5]OC,6.615
c1c(C)c(OC)c(Cl)c(C)c1C(F)(F)F,c1c([*:5])c([*:1])c([*:2])c([*:3])c1[*:4],[*:1]OC,[*:2]Cl,[*:3]C,[*:4]C(F)(F)F,[*:5]C,6.172
c1c(OC)c(OC)c(Cl)c(C)c1C(F)(F)F,c1c([*:5])c([*:1])c([*:2])c([*:3])c1[*:4],[*:1]OC,[*:2]Cl,[*:3]C,[*:4]C(F)(F)F,[*:5]OC,6.538
c1c(F)c(OC)c(Cl)c(C)c1C(F)(F)F,c1c([*:5])c([*:1])c([*:2])c([*:3])c1[*:4],[*:1]OC,[*:2]Cl,[*:3]C,[*:4]C(F)(F)F,[*:5]F,6.398
c1c(C)c(OC)c(Cl)c(N)c1C,c1c([*:5])c([*:1])c([*:2])c([*:3])c1[*:4],[*:1]OC,[*:2]Cl,[*:3]N,[*:4]C,[*:5]C,6.391
c1c(OC)c(OC)c(Cl)c(N)c1C,c1c([*:5])c([*:1])c([*:2])c([*:3])c1[*:4],[*:1]OC,[*:2]Cl,[*:3]N,[*:4]C,[*:5]OC,6.701
c1c(F)c(OC)c(Cl)c(N)c1C,c1c([*:5])c([*:1])c([*:2])c([*:3])c1[*:4],[*:1]OC,[*:2]Cl,[*:3]N,[*:4]C,[*:5]F,6.640
c1c(N)c(OC)c(Cl)c(N)c1C,c1c([*:5])c([*:1])c([*:2])c([*:3])c1[*:4],[*:1]OC,[*:2]Cl,[*:3]N,[*:4]C,[*:5]N,6.548
c1c(C)c(OC)c(Cl)c(N)c1CC,c1c([*:5])c([*:1])c([*:2])c([*:3])c1[*:4],[*:1]OC,[*:2]Cl,[*:3]N,[*:4]CC,[*:5]C,6.251
c1c(OC)c(OC)c(Cl)c(N)c1CC,c1c([*:5])c([*:1])c([*:2])c([*:3])c1[*:4],[*:1]OC,[*:2]Cl,[*:3]N,[*:4]CC,[*:5]OC,6.649
c1c(F)c(OC)c(Cl)c(N)c1CC,c1c([*:5])c([*:1])c([*:2])c([*:3])c1[*:4],[*:1]OC,[*:2]Cl,[*:3]N,[*:4]CC,[*:5]F,6.446
c1c(C)c(OC)c(Cl)c(N)c1C(F)(F)F,c1c([*:5])c([*:1])c([*:2])c([*:3])c1[*:4],[*:1]OC,[*:2]Cl,[*:3]N,[*:4]C(F)(F)F,[*:5]C,6.188
c1c(OC)c(OC)c(Cl)c(N)c1C(F)(F)F,c1c([*:5])c([*:1])c([*:2])c([*:3])c1[*:4],[*:1]OC,[*:2]Cl,[*:3]N,[*:4]C(F)(F)F,[*:5]OC,6.558
c1c(C)c(OC)c(Cl)c(N)c1OC,c1c([*:5])c([*:1])c([*:2])c([*:3])c1[*:4],[*:1]OC,[*:2]Cl,[*:3]N,[*:4]OC,[*:5]C,6.308
c1c(OC)c(OC)c(Cl)c(N)c1OC,c1c([*:5])c([*:1])c([*:2])c([*:3])c1[*:4],[*:1]OC,[*:2]Cl,[*:3]N,[*:4]OC,[*:5]OC,6.855
c1c(C)c(OC)c(Cl)c(O)c1C,c1c([*:5])c([*:1])c([*:2])c([*:3])c1[*:4],[*:1]OC,[*:2]Cl,[*:3]O,[*:4]C,[*:5]C,6.494
c1c(F)c(OC)c(Cl)c(O)c1C,c1c([*:5])c([*:1])c([*:2])c([*:3])c1[*:4],[*:1]OC,[*:2]Cl,[*:3]O,[*:4]C,[*:5]F,6.675
c1c(C)c(OC)c(Cl)c(O)c1CC,c1c([*:5])c([*:1])c([*:2])c([*:3])c1[*:4],[*:1]OC,[*:2]Cl,[*:3]O,[*:4]CC,[*:5]C,6.342
c1c(OC)c(OC)c(Cl)c(O)c1CC,c1c([*:5])c([*:1])c([*:2])c([*:3])c1[*:4],[*:1]OC,[*:2]Cl,[*:3]O,[*:4]CC,[*:5]OC,6.671
c1c(F)c(OC)c(Cl)c(O)c1CC,c1c([*:5])c([*:1])c([*:2])c([*:3])c1[*:4],[*:1]OC,[*:2]Cl,[*:3]O,[*:4]CC,[*:5]F,6.459
c1c(N)c(OC)c(Cl)c(O)c1CC,c1c([*:5])c([*:1])c([*:2])c([*:3])c1[*:4],[*:1]OC,[*:2]Cl,[*:3]O,[*:4]CC,[*:5]N,6.326
c1c(OC)c(OC)c(Cl)c(O)c1C(F)(F)F,c1c([*:5])c([*:1])c([*:2])c([*:3])c1[*:4],[*:1]OC,[*:2]Cl,[*:3]O,[*:4]C(F)(F)F,[*:5]OC,6.502
c1c(F)c(OC)c(Cl)c(O)c1C(F)(F)F,c1c([*:5])c([*:1])c([*:2])c([*:3])c1[*:4],[*:1]OC,[*:2]Cl,[*:3]O,[*:4]C(F)(F)F,[*:5]F,6.406
c1c(N)c(OC)c(Cl)c(O)c1C(F)(F)F,c1c([*:5])c([*:1])c([*:2])c([*:3])c1[*:4],[*:1]OC,[*:2]Cl,[*:3]O,[*:4]C(F)(F)F,[*:5]N,6.221
c1c(C)c(OC)c(Cl)c(O)c1OC,c1c([*:5])c([*:1])c([*:2])c([*:3])c1[*:4],[*:1]OC,[*:2]Cl,[*:3]O,[*:4]OC,[*:5]C,6.264
c1c(OC)c(OC)c(Cl)c(O)c1OC,c1c([*:5])c([*:1])c([*:2])c([*:3])c1[*:4],[*:1]OC,[*:2]Cl,[*:3]O,[*:4]OC,[*:5]OC,6.691
c1c(F)c(OC)c(Cl)c(O)c1OC,c1c([*:5])c([*:1])c([*:2])c([*:3])c1[*:4],[*:1]OC,[*:2]Cl,[*:3]O,[*:4]OC,[*:5]F,6.569
c1c(C)c(OC)c(Cl)c(Br)c1C,c1c([*:5])c([*:1])c([*:2])c([*:3])c1[*:4],[*:1]OC,[*:2]Cl,[*:3]Br,[*:4]C,[*:5]C,6.337
c1c(F)c(OC)c(Cl)c(Br)c1C,c1c([*:5])c([*:1])c([*:2])c([*:3])c1[*:4],[*:1]OC,[*:2]Cl,[*:3]Br,[*:4]C,[*:5]F,6.604
c1c(N)c(OC)c(Cl)c(Br)c1C,c1c([*:5])c([*:1])c([*:2])c([*:3])c1[*:4],[*:1]OC,[*:2]Cl,[*:3]Br,[*:4]C,[*:5]N,6.442
c1c(OC)c(OC)c(Cl)c(Br)c1CC,c1c([*:5])c([*:1])c([*:2])c([*:3])c1[*:4],[*:1]OC,[*:2]Cl,[*:3]Br,[*:4]CC,[*:5]OC,6.626
c1c(F)c(OC)c(Cl)c(Br)c1CC,c1c([*:5])c([*:1])c([*:2])c([*:3])c1[*:4],[*:1]OC,[*:2]Cl,[*:3]Br,[*:4]CC,[*:5]F,6.500
c1c(C)c(OC)c(Cl)c(Br)c1C(F)(F)F,c1c([*:5])c([*:1])c([*:2])c([*:3])c1[*:4],[*:1]OC,[*:2]Cl,[*:3]Br,[*:4]C(F)(F)F,[*:5]C,6.124
c1c(F)c(OC)c(Cl)c(Br)c1C(F)(F)F,c1c([*:5])c([*:1])c([*:2])c([*:3])c1[*:4],[*:1]OC,[*:2]Cl,[*:3]Br,[*:4]C(F)(F)F,[*:5]F,6.349
c1c(C)c(OC)c(Cl)c(Br)c1OC,c1c([*:5])c([*:1])c([*:2])c([*:3])c1[*:4],[*:1]OC,[*:2]Cl,[*:3]Br,[*:4]OC,[*:5]C,6.363
c1c(OC)c(OC)c(Cl)c(Br)c1OC,c1c([*:5])c([*:1])c([*:2])c([*:3])c1[*:4],[*:1]OC,[*:2]Cl,[*:3]Br,[*:4]OC,[*:5]OC,6.717
c1c(N)c(OC)c(Cl)c(Br)c1OC,c1c([*:5])c([*:1])c([*:2])c([*:3])c1[*:4],[*:1]OC,[*:2]Cl,[*:3]Br,[*:4]OC,[*:5]N,6.455
c1c(C)c(OC)c(C)c(C)c1C,c1c([*:5])c([*:1])c([*:2])c([*:3])c1[*:4],[*:1]OC,[*:2]C,[*:3]C,[*:4]C,[*:5]C,5.792
c1c(OC)c(OC)c(C)c(C)c1C,c1c([*:5])c([*:1])c([*:2])c([*:3])c1[*:4],[*:1]OC,[*:2]C,[*:3]C,[*:4]C,[*:5]OC,6.147
c1c(C)c(OC)c(C)c(C)c1CC,c1c([*:5])c([*:1])c([*:2])c([*:3])c1[*:4],[*:1]OC,[*:2]C,[*:3]C,[*:4]CC,[*:5]C,5.777
c1c(OC)c(OC)c(C)c(C)c1CC,c1c([*:5])c([*:1])c([*:2])c([*:3])c1[*:4],[*:1]OC,[*:2]C,[*:3]C,[*:4]CC,[*:5]OC,6.096
c1c(C)c(OC)c(C)c(C)c1C(F)(F)F,c1c([*:5])c([*:1])c([*:2])c([*:3])c1[*:4],[*:1]OC,[*:2]C,[*:3]C,[*:4]C(F)(F)F,[*:5]C,5.510
c1c(F)c(OC)c(C)c(C)c1C(F)(F)F,c1c([*:5])c([*:1])c([*:2])c([*:3])c1[*:4],[*:1]OC,[*:2]C,[*:3]C,[*:4]C(F)(F)F,[*:5]F,5.759
c1c(C)c(OC)c(C)c(C)c1OC,c1c([*:5])c([*:1])c([*:2])c([*:3])c1[*:4],[*:1]OC,[*:2]C,[*:3]C,[*:4]OC,[*:5]C,5.755
c1c(OC)c(OC)c(C)c(C)c1OC,c1c([*:5])c([*:1])c([*:2])c([*:3])c1[*:4],[*:1]OC,[*:2]C,[*:3]C,[*:4]OC,[*:5]OC,6.077
c1c(F)c(OC)c(C)c(C)c1OC,c1c([*:5])c([*:1])c([*:2])c([*:3])c1[*:4],[*:1]OC,[*:2]C,[*:3]C,[*:4]OC,[*:5]F,5.900
c1c(C)c(OC)c(C)c(N)c1C,c1c([*:5])c([*:1])c([*:2])c([*:3])c1[*:4],[*:1]OC,[*:2]C,[*:3]N,[*:4]C,[*:5]C,5.808
c1c(F)c(OC)c(C)c(N)c1C,c1c([*:5])c([*:1])c([*:2])c([*:3])c1[*:4],[*:1]OC,[*:2]C,[*:3]N,[*:4]C,[*:5]F,6.044
c1c(N)c(OC)c(C)c(N)c1C,c1c([*:5])c([*:1])c([*:2])c([*:3])c1[*:4],[*:1]OC,[*:2]C,[*:3]N,[*:4]C,[*:5]N,5.878
c1c(C)c(OC)c(C)c(N)c1CC,c1c([*:5])c([*:1])c([*:2])c([*:3])c1[*:4],[*:1]OC,[*:2]C,[*:3]N,[*:4]CC,[*:5]C,5.663
c1c(OC)c(OC)c(C)c(N)c1CC,c1c([*:5])c([*:1])c([*:2])c([*:3])c1[*:4],[*:1]OC,[*:2]C,[*:3]N,[*:4]CC,[*:5]OC,6.090
c1c(C)c(OC)c(C)c(N)c1C(F)(F)F,c1c([*:5])c([*:1])c([*:2])c([*:3])c1[*:4],[*:1]OC,[*:2]C,[*:3]N,[*:4]C(F)(F)F,[*:5]C,5.493
c1c(OC)c(OC)c(C)c(N)c1C(F)(F)F,c1c([*:5])c([*:1])c([*:2])c([*:3])c1[*:4],[*:1]OC,[*:2]C,[*:3]N,[*:4]C(F)(F)F,[*:5]OC,5.842
c1c(F)c(OC)c(C)c(N)c1C(F)(F)F,c1c([*:5])c([*:1])c([*:2])c([*:3])c1[*:4],[*:1]OC,[*:2]C,[*:3]N,[*:4]C(F)(F)F,[*:5]F,5.770
c1c(N)c(OC)c(C)c(N)c1C(F)(F)F,c1c([*:5])c([*:1])c([*:2])c([*:3])c1[*:4],[*:1]OC,[*:2]C,[*:3]N,[*:4]C(F)(F)F,[*:5]N,5.582
c1c(C)c(OC)c(C)c(N)c1OC,c1c([*:5])c([*:1])c([*:2])c([*:3])c1[*:4],[*:1]OC,[*:2]C,[*:3]N,[*:4]OC,[*:5]C,5.729
c1c(C)c(OC)c(C)c(O)c1C,c1c([*:5])c([*:1])c([*:2])c([*:3])c1[*:4],[*:1]OC,[*:2]C,[*:3]O,[*:4]C,[*:5]C,5.783
c1c(F)c(OC)c(C)c(O)c1C,c1c([*:5])c([*:1])c([*:2])c([*:3])c1[*:4],[*:1]OC,[*:2]C,[*:3]O,[*:4]C,[*:5]F,5.996
c1c(C)c(OC)c(C)c(O)c1CC,c1c([*:5])c([*:1])c([*:2])c([*:3])c1[*:4],[*:1]OC,[*:2]C,[*:3]O,[*:4]CC,[*:5]C,5.664
c1c(F)c(OC)c(C)c(O)c1CC,c1c([*:5])c([*:1])c([*:2])c([*:3])c1[*:4],[*:1]OC,[*:2]C,[*:3]O,[*:4]CC,[*:5]F,6.019
c1c(OC)c(OC)c(C)c(O)c1C(F)(F)F,c1c([*:5])c([*:1])c([*:2])c([*:3])c1[*:4],[*:1]OC,[*:2]C,[*:3]O,[*:4]C(F)(F)F,[*:5]OC,6.025
c1c(C)c(OC)c(C)c(O)c1OC,c1c([*:5])c([*:1])c([*:2])c([*:3])c1[*:4],[*:1]OC,[*:2]C,[*:3]O,[*:4]OC,[*:5]C,5.736
c1c(F)c(OC)c(C)c(O)c1OC,c1c([*:5])c([*:1])c([*:2])c([*:3])c1[*:4],[*:1]OC,[*:2]C,[*:3]O,[*:4]OC,[*:5]F,5.931
c1c(OC)c(OC)c(C)c(Br)c1C,c1c([*:5])c([*:1])c([*:2])c([*:3])c1[*:4],[*:1]OC,[*:2]C,[*:3]Br,[*:4]C,[*:5]OC,6.277
c1c(F)c(OC)c(C)c(Br)c1C,c1c([*:5])c([*:1])c([*:2])c([*:3])c1[*:4],[*:1]OC,[*:2]C,[*:3]Br,[*:4]C,[*:5]F,5.941
c1c(F)c(OC)c(C)c(Br)c1CC,c1c([*:5])c([*:1])c([*:2])c([*:3])c1[*:4],[*:1]OC,[*:2]C,[*:3]Br,[*:4]CC,[*:5]F,5.857
c1c(C)c(OC)c(C)c(Br)c1C(F)(F)F,c1c([*:5])c([*:1])c([*:2])c([*:3])c1[*:4],[*:1]OC,[*:2]C,[*:3]Br,[*:4]C(F)(F)F,[*:5]C,5.525
c1c(OC)c(OC)c(C)c(Br)c1C(F)(F)F,c1c([*:5])c([*:1])c([*:2])c([*:3])c1[*:4],[*:1]OC,[*:2]C,[*:3]Br,[*:4]C(F)(F)F,[*:5]OC,5.978
c1c(OC)c(OC)c(C)c(Br)c1OC,c1c([*:5])c([*:1])c([*:2])c([*:3])c1[*:4],[*:1]OC,[*:2]C,[*:3]Br,[*:4]OC,[*:5]OC,6.084
c1c(OC)c(OC)c(OC)c(C)c1C,c1c([*:5])c([*:1])c([*:2])c([*:3])c1[*:4],[*:1]OC,[*:2]OC,[*:3]C,[*:4]C,[*:5]OC,5.971
c1c(F)c(OC)c(OC)c(C)c1C,c1c([*:5])c([*:1])c([*:2])c([*:3])c1[*:4],[*:1]OC,[*:2]OC,[*:3]C,[*:4]C,[*:5]F,5.816
c1c(C)c(OC)c(OC)c(C)c1CC,c1c([*:5])c([*:1])c([*:2])c([*:3])c1[*:4],[*:1]OC,[*:2]OC,[*:3]C,[*:4]CC,[*:5]C,5.609
c1c(OC)c(OC)c(OC)c(C)c1CC,c1c([*:5])c([*:1])c([*:2])c([*:3])c1[*:4],[*:1]OC,[*:2]OC,[*:3]C,[*:4]CC,[*:5]OC,5.900
c1c(F)c(OC)c(OC)c(C)c1CC,c1c([*:5])c([*:1])c([*:2])c([*:3])c1[*:4],[*:1]OC,[*:2]OC,[*:3]C,[*:4]CC,[*:5]F,5.757
c1c(N)c(OC)c(OC)c(C)c1CC,c1c([*:5])c([*:1])c([*:2])c([*:3])c1[*:4],[*:1]OC,[*:2]OC,[*:3]C,[*:4]CC,[*:5]N,5.630
c1c(C)c(OC)c(OC)c(C)c1C(F)(F)F,c1c([*:5])c([*:1])c([*:2])c([*:3])c1[*:4],[*:1]OC,[*:2]OC,[*:3]C,[*:4]C(F)(F)F,[*:5]C,5.387
c1c(OC)c(OC)c(OC)c(C)c1C(F)(F)F,c1c([*:5])c([*:1])c([*:2])c([*:3])c1[*:4],[*:1]OC,[*:2]OC,[*:3]C,[*:4]C(F)(F)F,[*:5]OC,5.722
c1c(C)c(OC)c(OC)c(C)c1OC,c1c([*:5])c([*:1])c([*:2])c([*:3])c1[*:4],[*:1]OC,[*:2]OC,[*:3]C,[*:4]OC,[*:5]C,5.460
c1c(OC)c(OC)c(OC)c(C)c1OC,c1c([*:5])c([*:1])c([*:2])c([*:3])c1[*:4],[*:1]OC,[*:2]OC,[*:3]C,[*:4]OC,[*:5]OC,5.897
c1c(N)c(OC)c(OC)c(C)c1OC,c1c([*:5])c([*:1])c([*:2])c([*:3])c1[*:4],[*:1]OC,[*:2]OC,[*:3]C,[*:4]OC,[*:5]N,5.538
c1c(OC)c(OC)c(OC)c(N)c1C,c1c([*:5])c([*:1])c([*:2])c([*:3])c1[*:4],[*:1]OC,[*:2]OC,[*:3]N,[*:4]C,[*:5]OC,6.037
c1c(F)c(OC)c(OC)c(N)c1C,c1c([*:5])c([*:1])c([*:2])c([*:3])c1[*:4],[*:1]OC,[*:2]OC,[*:3]N,[*:4]C,[*:5]F,5.787
c1c(N)c(OC)c(OC)c(N)c1CC,c1c([*:5])c([*:1])c([*:2])c([*:3])c1[*:4],[*:1]OC,[*:2]OC,[*:3]N,[*:4]CC,[*:5]N,5.633
c1c(OC)c(OC)c(OC)c(N)c1C(F)(F)F,c1c([*:5])c([*:1])c([*:2])c([*:3])c1[*:4],[*:1]OC,[*:2]OC,[*:3]N,[*:4]C(F)(F)F,[*:5]OC,5.737
c1c(F)c(OC)c(OC)c(N)c1C(F)(F)F,c1c([*:5])c([*:1])c([*:2])c([*:3])c1[*:4],[*:1]OC,[*:2]OC,[*:3]N,[*:4]C(F)(F)F,[*:5]F,5.603
c1c(OC)c(OC)c(OC)c(N)c1OC,c1c([*:5])c([*:1])c([*:2])c([*:3])c1[*:4],[*:1]OC,[*:2]OC,[*:3]N,[*:4]OC,[*:5]OC,6.015
c1c(F)c(OC)c(OC)c(N)c1OC,c1c([*:5])c([*:1])c([*:2])c([*:3])c1[*:4],[*:1]OC,[*:2]OC,[*:3]N,[*:4]OC,[*:5]F,5.704
c1c(F)c(OC)c(OC)c(O)c1C,c1c([*:5])c([*:1])c([*:2])c([*:3])c1[*:4],[*:1]OC,[*:2]OC,[*:3]O,[*:4]C,[*:5]F,5.870
c1c(N)c(OC)c(OC)c(O)c1C,c1c([*:5])c([*:1])c([*:2])c([*:3])c1[*:4],[*:1]OC,[*:2]OC,[*:3]O,[*:4]C,[*:5]N,5.755
c1c(C)c(OC)c(OC)c(O)c1CC,c1c([*:5])c([*:1])c([*:2])c([*:3])c1[*:4],[*:1]OC,[*:2]OC,[*:3]O,[*:4]CC,[*:5]C,5.407
c1c(OC)c(OC)c(OC)c(O)c1CC,c1c([*:5])c([*:1])c([*:2])c([*:3])c1[*:4],[*:1]OC,[*:2]OC,[*:3]O,[*:4]CC,[*:5]OC,5.922
c1c(N)c(OC)c(OC)c(O)c1CC,c1c([*:5])c([*:1])c([*:2])c([*:3])c1[*:4],[*:1]OC,[*:2]OC,[*:3]O,[*:4]CC,[*:5]N,5.541
c1c(C)c(OC)c(OC)c(O)c1C(F)(F)F,c1c([*:5])c([*:1])c([*:2])c([*:3])c1[*:4],[*:1]OC,[*:2]OC,[*:3]O,[*:4]C(F)(F)F,[*:5]C,5.274
c1c(OC)c(OC)c(OC)c(O)c1C(F)(F)F,c1c([*:5])c([*:1])c([*:2])c([*:3])c1[*:4],[*:1]OC,[*:2]OC,[*:3]O,[*:4]C(F)(F)F,[*:5]OC,5.767
c1c(F)c(OC)c(OC)c(O)c1C(F)(F)F,c1c([*:5])c([*:1])c([*:2])c([*:3])c1[*:4],[*:1]OC,[*:2]OC,[*:3]O,[*:4]C(F)(F)F,[*:5]F,5.578
c1c(N)c(OC)c(OC)c(O)c1C(F)(F)F,c1c([*:5])c([*:1])c([*:2])c([*:3])c1[*:4],[*:1]OC,[*:2]OC,[*:3]O,[*:4]C(F)(F)F,[*:5]N,5.439
c1c(C)c(OC)c(OC)c(O)c1OC,c1c([*:5])c([*:1])c([*:2])c([*:3])c1[*:4],[*:1]OC,[*:2]OC,[*:3]O,[*:4]OC,[*:5]C,5.587
c1c(F)c(OC)c(OC)c(O)c1OC,c1c([*:5])c([*:1])c([*:2])c([*:3])c1[*:4],[*:1]OC,[*:2]OC,[*:3]O,[*:4]OC,[*:5]F,5.752
c1c(C)c(OC)c(OC)c(Br)c1C,c1c([*:5])c([*:1])c([*:2])c([*:3])c1[*:4],[*:1]OC,[*:2]OC,[*:3]Br,[*:4]C,[*:5]C,5.684
c1c(F)c(OC)c(OC)c(Br)c1C,c1c([*:5])c([*:1])c([*:2])c([*:3])c1[*:4],[*:1]OC,[*:2]OC,[*:3]Br,[*:4]C,[*:5]F,5.808
c1c(N)c(OC)c(OC)c(Br)c1C,c1c([*:5])c([*:1])c([*:2])c([*:3])c1[*:4],[*:1]OC,[*:2]OC,[*:3]Br,[*:4]C,[*:5]N,5.660
c1c(OC)c(OC)c(OC)c(Br)c1CC,c1c([*:5])c([*:1])c([*:2])c([*:3])c1[*:4],[*:1]OC,[*:2]OC,[*:3]Br,[*:4]CC,[*:5]OC,5.933
c1c(C)c(OC)c(OC)c(Br)c1C(F)(F)F,c1c([*:5])c([*:1])c([*:2])c([*:3])c1[*:4],[*:1]OC,[*:2]OC,[*:3]Br,[*:4]C(F)(F)F,[*:5]C,5.306
c1c(F)c(OC)c(OC)c(Br)c1C(F)(F)F,c1c([*:5])c([*:1])c([*:2])c([*:3])c1[*:4],[*:1]OC,[*:2]OC,[*:3]Br,[*:4]C(F)(F)F,[*:5]F,5.552
c1c(N)c(OC)c(OC)c(Br)c1C(F)(F)F,c1c([*:5])c([*:1])c([*:2])c([*:3])c1[*:4],[*:1]OC,[*:2]OC,[*:3]Br,[*:4]C(F)(F)F,[*:5]N,5.403
c1c(OC)c(OC)c(OC)c(Br)c1OC,c1c([*:5])c([*:1])c([*:2])c([*:3])c1[*:4],[*:1]OC,[*:2]OC,[*:3]Br,[*:4]OC,[*:5]OC,5.930
c1c(F)c(OC)c(OC)c(Br)c1OC,c1c([*:5])c([*:1])c([*:2])c([*:3])c1[*:4],[*:1]OC,[*:2]OC,[*:3]Br,[*:4]OC,[*:5]F,5.730
c1c(N)c(OC)c(OC)c(Br)c1OC,c1c([*:5])c([*:1])c([*:2])c([*:3])c1[*:4],[*:1]OC,[*:2]OC,[*:3]Br,[*:4]OC,[*:5]N,5.637
c1c(C)c(OC)c(Br)c(C)c1C,c1c([*:5])c([*:1])c([*:2])c([*:3])c1[*:4],[*:1]OC,[*:2]Br,[*:3]C,[*:4]C,[*:5]C,6.340
c1c(F)c(OC)c(Br)c(C)c1C,c1c([*:5])c([*:1])c([*:2])c([*:3])c1[*:4],[*:1]OC,[*:2]Br,[*:3]C,[*:4]C,[*:5]F,6.510
c1c(C)c(OC)c(Br)c(C)c1CC,c1c([*:5])c([*:1])c([*:2])c([*:3])c1[*:4],[*:1]OC,[*:2]Br,[*:3]C,[*:4]CC,[*:5]C,6.172
c1c(N)c(OC)c(Br)c(C)c1CC,c1c([*:5])c([*:1])c([*:2])c([*:3])c1[*:4],[*:1]OC,[*:2]Br,[*:3]C,[*:4]CC,[*:5]N,6.294
c1c(C)c(OC)c(Br)c(C)c1C(F)(F)F,c1c([*:5])c([*:1])c([*:2])c([*:3])c1[*:4],[*:1]OC,[*:2]Br,[*:3]C,[*:4]C(F)(F)F,[*:5]C,6.080
c1c(OC)c(OC)c(Br)c(C)c1C(F)(F)F,c1c([*:5])c([*:1])c([*:2])c([*:3])c1[*:4],[*:1]OC,[*:2]Br,[*:3]C,[*:4]C(F)(F)F,[*:5]OC,6.440
c1c(F)c(OC)c(Br)c(C)c1C(F)(F)F,c1c([*:5])c([*:1])c([*:2])c([*:3])c1[*:4],[*:1]OC,[*:2]Br,[*:3]C,[*:4]C(F)(F)F,[*:5]F,6.208
c1c(F)c(OC)c(Br)c(C)c1OC,c1c([*:5])c([*:1])c([*:2])c([*:3])c1[*:4],[*:1]OC,[*:2]Br,[*:3]C,[*:4]OC,[*:5]F,6.388
c1c(C)c(OC)c(Br)c(N)c1C,c1c([*:5])c([*:1])c([*:2])c([*:3])c1[*:4],[*:1]OC,[*:2]Br,[*:3]N,[*:4]C,[*:5]C,6.216
c1c(N)c(OC)c(Br)c(N)c1C,c1c([*:5])c([*:1])c([*:2])c([*:3])c1[*:4],[*:1]OC,[*:2]Br,[*:3]N,[*:4]C,[*:5]N,6.308
c1c(C)c(OC)c(Br)c(N)c1CC,c1c([*:5])c([*:1])c([*:2])c([*:3])c1[*:4],[*:1]OC,[*:2]Br,[*:3]N,[*:4]CC,[*:5]C,6.097
c1c(OC)c(OC)c(Br)c(N)c1CC,c1c([*:5])c([*:1])c([*:2])c([*:3])c1[*:4],[*:1]OC,[*:2]Br,[*:3]N,[*:4]CC,[*:5]OC,6.478
c1c(F)c(OC)c(Br)c(N)c1CC,c1c([*:5])c([*:1])c([*:2])c([*:3])c1[*:4],[*:1]OC,[*:2]Br,[*:3]N,[*:4]CC,[*:5]F,6.285
c1c(N)c(OC)c(Br)c(N)c1CC,c1c([*:5])c([*:1])c([*:2])c([*:3])c1[*:4],[*:1]OC,[*:2]Br,[*:3]N,[*:4]CC,[*:5]N,6.220
c1c(OC)c(OC)c(Br)c(N)c1C(F)(F)F,c1c([*:5])c([*:1])c([*:2])c([*:3])c1[*:4],[*:1]OC,[*:2]Br,[*:3]N,[*:4]C(F)(F)F,[*:5]OC,6.339
c1c(F)c(OC)c(Br)c(N)c1C(F)(F)F,c1c([*:5])c([*:1])c([*:2])c([*:3])c1[*:4],[*:1]OC,[*:2]Br,[*:3]N,[*:4]C(F)(F)F,[*:5]F,6.146
c1c(OC)c(OC)c(Br)c(N)c1OC,c1c([*:5])c([*:1])c([*:2])c([*:3])c1[*:4],[*:1]OC,[*:2]Br,[*:3]N,[*:4]OC,[*:5]OC,6.638
c1c(N)c(OC)c(Br)c(N)c1OC,c1c([*:5])c([*:1])c([*:2])c([*:3])c1[*:4],[*:1]OC,[*:2]Br,[*:3]N,[*:4]OC,[*:5]N,6.335
c1c(OC)c(OC)c(Br)c(O)c1C,c1c([*:5])c([*:1])c([*:2])c([*:3])c1[*:4],[*:1]OC,[*:2]Br,[*:3]O,[*:4]C,[*:5]OC,6.635
c1c(F)c(OC)c(Br)c(O)c1C,c1c([*:5])c([*:1])c([*:2])c([*:3])c1[*:4],[*:1]OC,[*:2]Br,[*:3]O,[*:4]C,[*:5]F,6.388
c1c(N)c(OC)c(Br)c(O)c1C,c1c([*:5])c([*:1])c([*:2])c([*:3])c1[*:4],[*:1]OC,[*:2]Br,[*:3]O,[*:4]C,[*:5]N,6.379
c1c(F)c(OC)c(Br)c(O)c1CC,c1c([*:5])c([*:1])c([*:2])c([*:3])c1[*:4],[*:1]OC,[*:2]Br,[*:3]O,[*:4]CC,[*:5]F,6.364
c1c(N)c(OC)c(Br)c(O)c1CC,c1c([*:5])c([*:1])c([*:2])c([*:3])c1[*:4],[*:1]OC,[*:2]Br,[*:3]O,[*:4]CC,[*:5]N,6.186
c1c(C)c(OC)c(Br)c(O)c1C(F)(F)F,c1c([*:5])c([*:1])c([*:2])c([*:3])c1[*:4],[*:1]OC,[*:2]Br,[*:3]O,[*:4]C(F)(F)F,[*:5]C,6.035
c1c(F)c(OC)c(Br)c(O)c1C(F)(F)F,c1c([*:5])c([*:1])c([*:2])c([*:3])c1[*:4],[*:1]OC,[*:2]Br,[*:3]O,[*:4]C(F)(F)F,[*:5]F,6.226
c1c(N)c(OC)c(Br)c(O)c1C(F)(F)F,c1c([*:5])c([*:1])c([*:2])c([*:3])c1[*:4],[*:1]OC,[*:2]Br,[*:3]O,[*:4]C(F)(F)F,[*:5]N,5.998
c1c(OC)c(OC)c(Br)c(O)c1OC,c1c([*:5])c([*:1])c([*:2])c([*:3])c1[*:4],[*:1]OC,[*:2]Br,[*:3]O,[*:4]OC,[*:5]OC,6.527
c1c(N)c(OC)c(Br)c(O)c1OC,c1c([*:5])c([*:1])c([*:2])c([*:3])c1[*:4],[*:1]OC,[*:2]Br,[*:3]O,[*:4]OC,[*:5]N,6.303
c1c(C)c(OC)c(Br)c(Br)c1C,c1c([*:5])c([*:1])c([*:2])c([*:3])c1[*:4],[*:1]OC,[*:2]Br,[*:3]Br,[*:4]C,[*:5]C,6.257
c1c(OC)c(OC)c(Br)c(Br)c1C,c1c([*:5])c([*:1])c([*:2])c([*:3])c1[*:4],[*:1]OC,[*:2]Br,[*:3]Br,[*:4]C,[*:5]OC,6.723
c1c(N)c(OC)c(Br)c(Br)c1C,c1c([*:5])c([*:1])c([*:2])c([*:3])c1[*:4],[*:1]OC,[*:2]Br,[*:3]Br,[*:4]C,[*:5]N,6.189
c1c(N)c(OC)c(Br)c(Br)c1CC,c1c([*:5])c([*:1])c([*:2])c([*:3])c1[*:4],[*:1]OC,[*:2]Br,[*:3]Br,[*:4]CC,[*:5]N,6.218
c1c(C)c(OC)c(Br)c(Br)c1C(F)(F)F,c1c([*:5])c([*:1])c([*:2])c([*:3])c1[*:4],[*:1]OC,[*:2]Br,[*:3]Br,[*:4]C(F)(F)F,[*:5]C,5.925
c1c(OC)c(OC)c(Br)c(Br)c1C(F)(F)F,c1c([*:5])c([*:1])c([*:2])c([*:3])c1[*:4],[*:1]OC,[*:2]Br,[*:3]Br,[*:4]C(F)(F)F,[*:5]OC,6.446
c1c(OC)c(OC)c(Br)c(Br)c1OC,c1c([*:5])c([*:1])c([*:2])c([*:3])c1[*:4],[*:1]OC,[*:2]Br,[*:3]Br,[*:4]OC,[*:5]OC,6.668
c1c(C)c(F)c(F)c(C)c1C,c1c([*:5])c([*:1])c([*:2])c([*:3])c1[*:4],[*:1]F,[*:2]F,[*:3]C,[*:4]C,[*:5]C,6.541
c1c(N)c(F)c(F)c(C)c1C,c1c([*:5])c([*:1])c([*:2])c([*:3])c1[*:4],[*:1]F,[*:2]F,[*:3]C,[*:4]C,[*:5]N,6.549
c1c(C)c(F)c(F)c(C)c1CC,c1c([*:5])c([*:1])c([*:2])c([*:3])c1[*:4],[*:1]F,[*:2]F,[*:3]C,[*:4]CC,[*:5]C,6.474
c1c(OC)c(F)c(F)c(C)c1CC,c1c([*:5])c([*:1])c([*:2])c([*:3])c1[*:4],[*:1]F,[*:2]F,[*:3]C,[*:4]CC,[*:5]OC,6.859
c1c(N)c(F)c(F)c(C)c1CC,c1c([*:5])c([*:1])c([*:2])c([*:3])c1[*:4],[*:1]F,[*:2]F,[*:3]C,[*:4]CC,[*:5]N,6.452
c1c(C)c(F)c(F)c(C)c1C(F)(F)F,c1c([*:5])c([*:1])c([*:2])c([*:3])c1[*:4],[*:1]F,[*:2]F,[*:3]C,[*:4]C(F)(F)F,[*:5]C,6.290
c1c(F)c(F)c(F)c(C)c1C(F)(F)F,c1c([*:5])c([*:1])c([*:2])c([*:3])c1[*:4],[*:1]F,[*:2]F,[*:3]C,[*:4]C(F)(F)F,[*:5]F,6.634
c1c(N)c(F)c(F)c(C)c1C(F)(F)F,c1c([*:5])c([*:1])c([*:2])c([*:3])c1[*:4],[*:1]F,[*:2]F,[*:3]C,[*:4]C(F)(F)F,[*:5]N,6.390
c1c(C)c(F)c(F)c(C)c1OC,c1c([*:5])c([*:1])c([*:2])c([*:3])c1[*:4],[*:1]F,[*:2]F,[*:3]C,[*:4]OC,[*:5]C,6.421
c1c(F)c(F)c(F)c(N)c1C,c1c([*:5])c([*:1])c([*:2])c([*:3])c1[*:4],[*:1]F,[*:2]F,[*:3]N,[*:4]C,[*:5]F,6.716
c1c(OC)c(F)c(F)c(N)c1CC,c1c([*:5])c([*:1])c([*:2])c([*:3])c1[*:4],[*:1]F,[*:2]F,[*:3]N,[*:4]CC,[*:5]OC,6.799
c1c(N)c(F)c(F)c(N)c1CC,c1c([*:5])c([*:1])c([*:2])c([*:3])c1[*:4],[*:1]F,[*:2]F,[*:3]N,[*:4]CC,[*:5]N,6.534
c1c(F)c(F)c(F)c(N)c1C(F)(F)F,c1c([*:5])c([*:1])c([*:2])c([*:3])c1[*:4],[*:1]F,[*:2]F,[*:3]N,[*:4]C(F)(F)F,[*:5]F,6.686
c1c(OC)c(F)c(F)c(N)c1OC,c1c([*:5])c([*:1])c([*:2])c([*:3])c1[*:4],[*:1]F,[*:2]F,[*:3]N,[*:4]OC,[*:5]OC,6.775
c1c(N)c(F)c(F)c(N)c1OC,c1c([*:5])c([*:1])c([*:2])c([*:3])c1[*:4],[*:1]F,[*:2]F,[*:3]N,[*:4]OC,[*:5]N,6.527
c1c(OC)c(F)c(F)c(O)c1C,c1c([*:5])c([*:1])c([*:2])c([*:3])c1[*:4],[*:1]F,[*:2]F,[*:3]O,[*:4]C,[*:5]OC,7.022
c1c(F)c(F)c(F)c(O)c1C,c1c([*:5])c([*:1])c([*:2])c([*:3])c1[*:4],[*:1]F,[*:2]F,[*:3]O,[*:4]C,[*:5]F,6.741
c1c(C)c(F)c(F)c(O)c1CC,c1c([*:5])c([*:1])c([*:2])c([*:3])c1[*:4],[*:1]F,[*:2]F,[*:3]O,[*:4]CC,[*:5]C,6.446
c1c(OC)c(F)c(F)c(O)c1CC,c1c([*:5])c([*:1])c([*:2])c([*:3])c1[*:4],[*:1]F,[*:2]F,[*:3]O,[*:4]CC,[*:5]OC,6.870
c1c(F)c(F)c(F)c(O)c1CC,c1c([*:5])c([*:1])c([*:2])c([*:3])c1[*:4],[*:1]F,[*:2]F,[*:3]O,[*:4]CC,[*:5]F,6.693
c1c(N)c(F)c(F)c(O)c1CC,c1c([*:5])c([*:1])c([*:2])c([*:3])c1[*:4],[*:1]F,[*:2]F,[*:3]O,[*:4]CC,[*:5]N,6.553
c1c(C)c(F)c(F)c(O)c1C(F)(F)F,c1c([*:5])c([*:1])c([*:2])c([*:3])c1[*:4],[*:1]F,[*:2]F,[*:3]O,[*:4]C(F)(F)F,[*:5]C,6.277
c1c(OC)c(F)c(F)c(O)c1C(F)(F)F,c1c([*:5])c([*:1])c([*:2])c([*:3])c1[*:4],[*:1]F,[*:2]F,[*:3]O,[*:4]C(F)(F)F,[*:5]OC,6.638
c1c(N)c(F)c(F)c(O)c1OC,c1c([*:5])c([*:1])c([*:2])c([*:3])c1[*:4],[*:1]F,[*:2]F,[*:3]O,[*:4]OC,[*:5]N,6.673
c1c(C)c(F)c(F)c(Br)c1C,c1c([*:5])c([*:1])c([*:2])c([*:3])c1[*:4],[*:1]F,[*:2]F,[*:3]Br,[*:4]C,[*:5]C,6.504
c1c(F)c(F)c(F)c(Br)c1C,c1c([*:5])c([*:1])c([*:2])c([*:3])c1[*:4],[*:1]F,[*:2]F,[*:3]Br,[*:4]C,[*:5]F,6.766
c1c(N)c(F)c(F)c(Br)c1C,c1c([*:5])c([*:1])c([*:2])c([*:3])c1[*:4],[*:1]F,[*:2]F,[*:3]Br,[*:4]C,[*:5]N,6.660
c1c(OC)c(F)c(F)c(Br)c1OC,c1c([*:5])c([*:1])c([*:2])c([*:3])c1[*:4],[*:1]F,[*:2]F,[*:3]Br,[*:4]OC,[*:5]OC,6.805
c1c(F)c(F)c(F)c(Br)c1OC,c1c([*:5])c([*:1])c([*:2])c([*:3])c1[*:4],[*:1]F,[*:2]F,[*:3]Br,[*:4]OC,[*:5]F,6.623
c1c(C)c(F)c(Cl)c(C)c1C,c1c([*:5])c([*:1])c([*:2])c([*:3])c1[*:4],[*:1]F,[*:2]Cl,[*:3]C,[*:4]C,[*:5]C,6.305
c1c(F)c(F)c(Cl)c(C)c1C,c1c([*:5])c([*:1])c([*:2])c([*:3])c1[*:4],[*:1]F,[*:2]Cl,[*:3]C,[*:4]C,[*:5]F,6.683
c1c(OC)c(F)c(Cl)c(C)c1CC,c1c([*:5])c([*:1])c([*:2])c([*:3])c1[*:4],[*:1]F,[*:2]Cl,[*:3]C,[*:4]CC,[*:5]OC,6.613
c1c(F)c(F)c(Cl)c(C)c1CC,c1c([*:5])c([*:1])c([*:2])c([*:3])c1[*:4],[*:1]F,[*:2]Cl,[*:3]C,[*:4]CC,[*:5]F,6.473
c1c(OC)c(F)c(Cl)c(C)c1C(F)(F)F,c1c([*:5])c([*:1])c([*:2])c([*:3])c1[*:4],[*:1]F,[*:2]Cl,[*:3]C,[*:4]C(F)(F)F,[*:5]OC,6.541
c1c(F)c(F)c(Cl)c(C)c1C(F)(F)F,c1c([*:5])c([*:1])c([*:2])c([*:3])c1[*:4],[*:1]F,[*:2]Cl,[*:3]C,[*:4]C(F)(F)F,[*:5]F,6.303
c1c(N)c(F)c(Cl)c(C)c1C(F)(F)F,c1c([*:5])c([*:1])c([*:2])c([*:3])c1[*:4],[*:1]F,[*:2]Cl,[*:3]C,[*:4]C(F)(F)F,[*:5]N,6.243
c1c(F)c(F)c(Cl)c(C)c1OC,c1c([*:5])c([*:1])c([*:2])c([*:3])c1[*:4],[*:1]F,[*:2]Cl,[*:3]C,[*:4]OC,[*:5]F,6.601
c1c(N)c(F)c(Cl)c(C)c1OC,c1c([*:5])c([*:1])c([*:2])c([*:3])c1[*:4],[*:1]F,[*:2]Cl,[*:3]C,[*:4]OC,[*:5]N,6.392
c1c(N)c(F)c(Cl)c(N)c1C,c1c([*:5])c([*:1])c([*:2])c([*:3])c1[*:4],[*:1]F,[*:2]Cl,[*:3]N,[*:4]C,[*:5]N,6.506
c1c(OC)c(F)c(Cl)c(N)c1CC,c1c([*:5])c([*:1])c([*:2])c([*:3])c1[*:4],[*:1]F,[*:2]Cl,[*:3]N,[*:4]CC,[*:5]OC,6.717
c1c(C)c(F)c(Cl)c(N)c1C(F)(F)F,c1c([*:5])c([*:1])c([*:2])c([*:3])c1[*:4],[*:1]F,[*:2]Cl,[*:3]N,[*:4]C(F)(F)F,[*:5]C,6.158
c1c(OC)c(F)c(Cl)c(N)c1C(F)(F)F,c1c([*:5])c([*:1])c([*:2])c([*:3])c1[*:4],[*:1]F,[*:2]Cl,[*:3]N,[*:4]C(F)(F)F,[*:5]OC,6.518
c1c(N)c(F)c(Cl)c(N)c1C(F)(F)F,c1c([*:5])c([*:1])c([*:2])c([*:3])c1[*:4],[*:1]F,[*:2]Cl,[*:3]N,[*:4]C(F)(F)F,[*:5]N,6.184
c1c(C)c(F)c(Cl)c(N)c1OC,c1c([*:5])c([*:1])c([*:2])c([*:3])c1[*:4],[*:1]F,[*:2]Cl,[*:3]N,[*:4]OC,[*:5]C,6.277
c1c(OC)c(F)c(Cl)c(N)c1OC,c1c([*:5])c([*:1])c([*:2])c([*:3])c1[*:4],[*:1]F,[*:2]Cl,[*:3]N,[*:4]OC,[*:5]OC,6.672
c1c(F)c(F)c(Cl)c(N)c1OC,c1c([*:5])c([*:1])c([*:2])c([*:3])c1[*:4],[*:1]F,[*:2]Cl,[*:3]N,[*:4]OC,[*:5]F,6.545
c1c(C)c(F)c(Cl)c(O)c1C,c1c([*:5])c([*:1])c([*:2])c([*:3])c1[*:4],[*:1]F,[*:2]Cl,[*:3]O,[*:4]C,[*:5]C,6.422
c1c(OC)c(F)c(Cl)c(O)c1C,c1c([*:5])c([*:1])c([*:2])c([*:3])c1[*:4],[*:1]F,[*:2]Cl,[*:3]O,[*:4]C,[*:5]OC,6.759
c1c(N)c(F)c(Cl)c(O)c1C,c1c([*:5])c([*:1])c([*:2])c([*:3])c1[*:4],[*:1]F,[*:2]Cl,[*:3]O,[*:4]C,[*:5]N,6.581
c1c(F)c(F)c(Cl)c(O)c1CC,c1c([*:5])c([*:1])c([*:2])c([*:3])c1[*:4],[*:1]F,[*:2]Cl,[*:3]O,[*:4]CC,[*:5]F,6.501
c1c(C)c(F)c(Cl)c(O)c1C(F)(F)F,c1c([*:5])c([*:1])c([*:2])c([*:3])c1[*:4],[*:1]F,[*:2]Cl,[*:3]O,[*:4]C(F)(F)F,[*:5]C,6.118
c1c(OC)c(F)c(Cl)c(O)c1C(F)(F)F,c1c([*:5])c([*:1])c([*:2])c([*:3])c1[*:4],[*:1]F,[*:2]Cl,[*:3]O,[*:4]C(F)(F)F,[*:5]OC,6.360
c1c(F)c(F)c(Cl)c(O)c1C(F)(F)F,c1c([*:5])c([*:1])c([*:2])c([*:3])c1[*:4],[*:1]F,[*:2]Cl,[*:3]O,[*:4]C(F)(F)F,[*:5]F,6.454
c1c(C)c(F)c(Cl)c(O)c1OC,c1c([*:5])c([*:1])c([*:2])c([*:3])c1[*:4],[*:1]F,[*:2]Cl,[*:3]O,[*:4]OC,[*:5]C,6.255
c1c(OC)c(F)c(Cl)c(O)c1OC,c1c([*:5])c([*:1])c([*:2])c([*:3])c1[*:4],[*:1]F,[*:2]Cl,[*:3]O,[*:4]OC,[*:5]OC,6.707
c1c(N)c(F)c(Cl)c(O)c1OC,c1c([*:5])c([*:1])c([*:2])c([*:3])c1[*:4],[*:1]F,[*:2]Cl,[*:3]O,[*:4]OC,[*:5]N,6.388
c1c(C)c(F)c(Cl)c(Br)c1C,c1c([*:5])c([*:1])c([*:2])c([*:3])c1[*:4],[*:1]F,[*:2]Cl,[*:3]Br,[*:4]C,[*:5]C,6.311
c1c(F)c(F)c(Cl)c(Br)c1CC,c1c([*:5])c([*:1])c([*:2])c([*:3])c1[*:4],[*:1]F,[*:2]Cl,[*:3]Br,[*:4]CC,[*:5]F,6.359
c1c(C)c(F)c(Cl)c(Br)c1C(F)(F)F,c1c([*:5])c([*:1])c([*:2])c([*:3])c1[*:4],[*:1]F,[*:2]Cl,[*:3]Br,[*:4]C(F)(F)F,[*:5]C,6.101
c1c(OC)c(F)c(Cl)c(Br)c1C(F)(F)F,c1c([*:5])c([*:1])c([*:2])c([*:3])c1[*:4],[*:1]F,[*:2]Cl,[*:3]Br,[*:4]C(F)(F)F,[*:5]OC,6.487
c1c(C)c(F)c(Cl)c(Br)c1OC,c1c([*:5])c([*:1])c([*:2])c([*:3])c1[*:4],[*:1]F,[*:2]Cl,[*:3]Br,[*:4]OC,[*:5]C,6.234
c1c(OC)c(F)c(Cl)c(Br)c1OC,c1c([*:5])c([*:1])c([*:2])c([*:3])c1[*:4],[*:1]F,[*:2]Cl,[*:3]Br,[*:4]OC,[*:5]OC,6.706
c1c(F)c(F)c(Cl)c(Br)c1OC,c1c([*:5])c([*:1])c([*:2])c([*:3])c1[*:4],[*:1]F,[*:2]Cl,[*:3]Br,[*:4]OC,[*:5]F,6.434
c1c(N)c(F)c(Cl)c(Br)c1OC,c1c([*:5])c([*:1])c([*:2])c([*:3])c1[*:4],[*:1]F,[*:2]Cl,[*:3]Br,[*:4]OC,[*:5]N,6.388
c1c(C)c(F)c(C)c(C)c1C,c1c([*:5])c([*:1])c([*:2])c([*:3])c1[*:4],[*:1]F,[*:2]C,[*:3]C,[*:4]C,[*:5]C,5.766
c1c(F)c(F)c(C)c(C)c1C,c1c([*:5])c([*:1])c([*:2])c([*:3])c1[*:4],[*:1]F,[*:2]C,[*:3]C,[*:4]C,[*:5]F,5.933
c1c(N)c(F)c(C)c(C)c1C,c1c([*:5])c([*:1])c([*:2])c([*:3])c1[*:4],[*:1]F,[*:2]C,[*:3]C,[*:4]C,[*:5]N,5.876
c1c(C)c(F)c(C)c(C)c1CC,c1c([*:5])c([*:1])c([*:2])c([*:3])c1[*:4],[*:1]F,[*:2]C,[*:3]C,[*:4]CC,[*:5]C,5.645
c1c(OC)c(F)c(C)c(C)c1CC,c1c([*:5])c([*:1])c([*:2])c([*:3])c1[*:4],[*:1]F,[*:2]C,[*:3]C,[*:4]CC,[*:5]OC,6.046
c1c(F)c(F)c(C)c(C)c1CC,c1c([*:5])c([*:1])c([*:2])c([*:3])c1[*:4],[*:1]F,[*:2]C,[*:3]C,[*:4]CC,[*:5]F,5.979
c1c(N)c(F)c(C)c(C)c1CC,c1c([*:5])c([*:1])c([*:2])c([*:3])c1[*:4],[*:1]F,[*:2]C,[*:3]C,[*:4]CC,[*:5]N,5.730
c1c(OC)c(F)c(C)c(C)c1C(F)(F)F,c1c([*:5])c([*:1])c([*:2])c([*:3])c1[*:4],[*:1]F,[*:2]C,[*:3]C,[*:4]C(F)(F)F,[*:5]OC,5.902
c1c(F)c(F)c(C)c(C)c1C(F)(F)F,c1c([*:5])c([*:1])c([*:2])c([*:3])c1[*:4],[*:1]F,[*:2]C,[*:3]C,[*:4]C(F)(F)F,[*:5]F,5.727
c1c(N)c(F)c(C)c(C)c1C(F)(F)F,c1c([*:5])c([*:1])c([*:2])c([*:3])c1[*:4],[*:1]F,[*:2]C,[*:3]C,[*:4]C(F)(F)F,[*:5]N,5.605
c1c(C)c(F)c(C)c(C)c1OC,c1c([*:5])c([*:1])c([*:2])c([*:3])c1[*:4],[*:1]F,[*:2]C,[*:3]C,[*:4]OC,[*:5]C,5.641
c1c(OC)c(F)c(C)c(C)c1OC,c1c([*:5])c([*:1])c([*:2])c([*:3])c1[*:4],[*:1]F,[*:2]C,[*:3]C,[*:4]OC,[*:5]OC,6.077
c1c(N)c(F)c(C)c(C)c1OC,c1c([*:5])c([*:1])c([*:2])c([*:3])c1[*:4],[*:1]F,[*:2]C,[*:3]C,[*:4]OC,[*:5]N,5.762
c1c(N)c(F)c(C)c(N)c1C,c1c([*:5])c([*:1])c([*:2])c([*:3])c1[*:4],[*:1]F,[*:2]C,[*:3]N,[*:4]C,[*:5]N,5.827
c1c(F)c(F)c(C)c(N)c1CC,c1c([*:5])c([*:1])c([*:2])c([*:3])c1[*:4],[*:1]F,[*:2]C,[*:3]N,[*:4]CC,[*:5]F,5.867
c1c(N)c(F)c(C)c(N)c1CC,c1c([*:5])c([*:1])c([*:2])c([*:3])c1[*:4],[*:1]F,[*:2]C,[*:3]N,[*:4]CC,[*:5]N,5.800
c1c(OC)c(F)c(C)c(N)c1C(F)(F)F,c1c([*:5])c([*:1])c([*:2])c([*:3])c1[*:4],[*:1]F,[*:2]C,[*:3]N,[*:4]C(F)(F)F,[*:5]OC,5.968
c1c(F)c(F)c(C)c(N)c1C(F)(F)F,c1c([*:5])c([*:1])c([*:2])c([*:3])c1[*:4],[*:1]F,[*:2]C,[*:3]N,[*:4]C(F)(F)F,[*:5]F,5.739
c1c(N)c(F)c(C)c(N)c1OC,c1c([*:5])c([*:1])c([*:2])c([*:3])c1[*:4],[*:1]F,[*:2]C,[*:3]N,[*:4]OC,[*:5]N,5.690
c1c(OC)c(F)c(C)c(O)c1C,c1c([*:5])c([*:1])c([*:2])c([*:3])c1[*:4],[*:1]F,[*:2]C,[*:3]O,[*:4]C,[*:5]OC,6.190
c1c(F)c(F)c(C)c(O)c1C,c1c([*:5])c([*:1])c([*:2])c([*:3])c1[*:4],[*:1]F,[*:2]C,[*:3]O,[*:4]C,[*:5]F,5.956
c1c(N)c(F)c(C)c(O)c1C,c1c([*:5])c([*:1])c([*:2])c([*:3])c1[*:4],[*:1]F,[*:2]C,[*:3]O,[*:4]C,[*:5]N,5.828
c1c(C)c(F)c(C)c(O)c1CC,c1c([*:5])c([*:1])c([*:2])c([*:3])c1[*:4],[*:1]F,[*:2]C,[*:3]O,[*:4]CC,[*:5]C,5.652
c1c(N)c(F)c(C)c(O)c1CC,c1c([*:5])c([*:1])c([*:2])c([*:3])c1[*:4],[*:1]F,[*:2]C,[*:3]O,[*:4]CC,[*:5]N,5.776
c1c(C)c(F)c(C)c(O)c1C(F)(F)F,c1c([*:5])c([*:1])c([*:2])c([*:3])c1[*:4],[*:1]F,[*:2]C,[*:3]O,[*:4]C(F)(F)F,[*:5]C,5.464
c1c(OC)c(F)c(C)c(O)c1C(F)(F)F,c1c([*:5])c([*:1])c([*:2])c([*:3])c1[*:4],[*:1]F,[*:2]C,[*:3]O,[*:4]C(F)(F)F,[*:5]OC,5.995
c1c(F)c(F)c(C)c(O)c1C(F)(F)F,c1c([*:5])c([*:1])c([*:2])c([*:3])c1[*:4],[*:1]F,[*:2]C,[*:3]O,[*:4]C(F)(F)F,[*:5]F,5.776
c1c(N)c(F)c(C)c(O)c1C(F)(F)F,c1c([*:5])c([*:1])c([*:2])c([*:3])c1[*:4],[*:1]F,[*:2]C,[*:3]O,[*:4]C(F)(F)F,[*:5]N,5.690
c1c(F)c(F)c(C)c(O)c1OC,c1c([*:5])c([*:1])c([*:2])c([*:3])c1[*:4],[*:1]F,[*:2]C,[*:3]O,[*:4]OC,[*:5]F,5.937
c1c(C)c(F)c(C)c(Br)c1C,c1c([*:5])c([*:1])c([*:2])c([*:3])c1[*:4],[*:1]F,[*:2]C,[*:3]Br,[*:4]C,[*:5]C,5.738
c1c(OC)c(F)c(C)c(Br)c1CC,c1c([*:5])c([*:1])c([*:2])c([*:3])c1[*:4],[*:1]F,[*:2]C,[*:3]Br,[*:4]CC,[*:5]OC,5.942
c1c(F)c(F)c(C)c(Br)c1CC,c1c([*:5])c([*:1])c([*:2])c([*:3])c1[*:4],[*:1]F,[*:2]C,[*:3]Br,[*:4]CC,[*:5]F,5.830
c1c(F)c(F)c(C)c(Br)c1C(F)(F)F,c1c([*:5])c([*:1])c([*:2])c([*:3])c1[*:4],[*:1]F,[*:2]C,[*:3]Br,[*:4]C(F)(F)F,[*:5]F,5.629
c1c(C)c(F)c(C)c(Br)c1OC,c1c([*:5])c([*:1])c([*:2])c([*:3])c1[*:4],[*:1]F,[*:2]C,[*:3]Br,[*:4]OC,[*:5]C,5.603
c1c(OC)c(F)c(C)c(Br)c1OC,c1c([*:5])c([*:1])c([*:2])c([*:3])c1[*:4],[*:1]F,[*:2]C,[*:3]Br,[*:4]OC,[*:5]OC,5.929
c1c(F)c(F)c(C)c(Br)c1OC,c1c([*:5])c([*:1])c([*:2])c([*:3])c1[*:4],[*:1]F,[*:2]C,[*:3]Br,[*:4]OC,[*:5]F,5.932
c1c(C)c(F)c(OC)c(C)c1C,c1c([*:5])c([*:1])c([*:2])c([*:3])c1[*:4],[*:1]F,[*:2]OC,[*:3]C,[*:4]C,[*:5]C,5.561
c1c(OC)c(F)c(OC)c(C)c1CC,c1c([*:5])c([*:1])c([*:2])c([*:3])c1[*:4],[*:1]F,[*:2]OC,[*:3]C,[*:4]CC,[*:5]OC,5.796
c1c(F)c(F)c(OC)c(C)c1CC,c1c([*:5])c([*:1])c([*:2])c([*:3])c1[*:4],[*:1]F,[*:2]OC,[*:3]C,[*:4]CC,[*:5]F,5.655
c1c(C)c(F)c(OC)c(C)c1C(F)(F)F,c1c([*:5])c([*:1])c([*:2])c([*:3])c1[*:4],[*:1]F,[*:2]OC,[*:3]C,[*:4]C(F)(F)F,[*:5]C,5.326
c1c(OC)c(F)c(OC)c(C)c1C(F)(F)F,c1c([*:5])c([*:1])c([*:2])c([*:3])c1[*:4],[*:1]F,[*:2]OC,[*:3]C,[*:4]C(F)(F)F,[*:5]OC,5.799
c1c(C)c(F)c(OC)c(C)c1OC,c1c([*:5])c([*:1])c([*:2])c([*:3])c1[*:4],[*:1]F,[*:2]OC,[*:3]C,[*:4]OC,[*:5]C,5.397
c1c(F)c(F)c(OC)c(C)c1OC,c1c([*:5])c([*:1])c([*:2])c([*:3])c1[*:4],[*:1]F,[*:2]OC,[*:3]C,[*:4]OC,[*:5]F,5.660
c1c(N)c(F)c(OC)c(C)c1OC,c1c([*:5])c([*:1])c([*:2])c([*:3])c1[*:4],[*:1]F,[*:2]OC,[*:3]C,[*:4]OC,[*:5]N,5.670
c1c(C)c(F)c(OC)c(N)c1C,c1c([*:5])c([*:1])c([*:2])c([*:3])c1[*:4],[*:1]F,[*:2]OC,[*:3]N,[*:4]C,[*:5]C,5.558
c1c(F)c(F)c(OC)c(N)c1C,c1c([*:5])c([*:1])c([*:2])c([*:3])c1[*:4],[*:1]F,[*:2]OC,[*:3]N,[*:4]C,[*:5]F,5.711
c1c(C)c(F)c(OC)c(N)c1CC,c1c([*:5])c([*:1])c([*:2])c([*:3])c1[*:4],[*:1]F,[*:2]OC,[*:3]N,[*:4]CC,[*:5]C,5.465
c1c(OC)c(F)c(OC)c(N)c1CC,c1c([*:5])c([*:1])c([*:2])c([*:3])c1[*:4],[*:1]F,[*:2]OC,[*:3]N,[*:4]CC,[*:5]OC,5.842
c1c(N)c(F)c(OC)c(N)c1CC,c1c([*:5])c([*:1])c([*:2])c([*:3])c1[*:4],[*:1]F,[*:2]OC,[*:3]N,[*:4]CC,[*:5]N,5.399
c1c(C)c(F)c(OC)c(N)c1C(F)(F)F,c1c([*:5])c([*:1])c([*:2])c([*:3])c1[*:4],[*:1]F,[*:2]OC,[*:3]N,[*:4]C(F)(F)F,[*:5]C,5.352
c1c(OC)c(F)c(OC)c(N)c1C(F)(F)F,c1c([*:5])c([*:1])c([*:2])c([*:3])c1[*:4],[*:1]F,[*:2]OC,[*:3]N,[*:4]C(F)(F)F,[*:5]OC,5.714
c1c(F)c(F)c(OC)c(N)c1C(F)(F)F,c1c([*:5])c([*:1])c([*:2])c([*:3])c1[*:4],[*:1]F,[*:2]OC,[*:3]N,[*:4]C(F)(F)F,[*:5]F,5.502
c1c(C)c(F)c(OC)c(N)c1OC,c1c([*:5])c([*:1])c([*:2])c([*:3])c1[*:4],[*:1]F,[*:2]OC,[*:3]N,[*:4]OC,[*:5]C,5.481
c1c(F)c(F)c(OC)c(N)c1OC,c1c([*:5])c([*:1])c([*:2])c([*:3])c1[*:4],[*:1]F,[*:2]OC,[*:3]N,[*:4]OC,[*:5]F,5.674
c1c(N)c(F)c(OC)c(N)c1OC,c1c([*:5])c([*:1])c([*:2])c([*:3])c1[*:4],[*:1]F,[*:2]OC,[*:3]N,[*:4]OC,[*:5]N,5.572
c1c(C)c(F)c(OC)c(O)c1C,c1c([*:5])c([*:1])c([*:2])c([*:3])c1[*:4],[*:1]F,[*:2]OC,[*:3]O,[*:4]C,[*:5]C,5.482
c1c(OC)c(F)c(OC)c(O)c1CC,c1c([*:5])c([*:1])c([*:2])c([*:3])c1[*:4],[*:1]F,[*:2]OC,[*:3]O,[*:4]CC,[*:5]OC,5.899
c1c(N)c(F)c(OC)c(O)c1CC,c1c([*:5])c([*:1])c([*:2])c([*:3])c1[*:4],[*:1]F,[*:2]OC,[*:3]O,[*:4]CC,[*:5]N,5.528
c1c(C)c(F)c(OC)c(O)c1C(F)(F)F,c1c([*:5])c([*:1])c([*:2])c([*:3])c1[*:4],[*:1]F,[*:2]OC,[*:3]O,[*:4]C(F)(F)F,[*:5]C,5.332
c1c(OC)c(F)c(OC)c(O)c1C(F)(F)F,c1c([*:5])c([*:1])c([*:2])c([*:3])c1[*:4],[*:1]F,[*:2]OC,[*:3]O,[*:4]C(F)(F)F,[*:5]OC,5.732
c1c(F)c(F)c(OC)c(O)c1C(F)(F)F,c1c([*:5])c([*:1])c([*:2])c([*:3])c1[*:4],[*:1]F,[*:2]OC,[*:3]O,[*:4]C(F)(F)F,[*:5]F,5.562
c1c(N)c(F)c(OC)c(O)c1C(F)(F)F,c1c([*:5])c([*:1])c([*:2])c([*:3])c1[*:4],[*:1]F,[*:2]OC,[*:3]O,[*:4]C(F)(F)F,[*:5]N,5.471
c1c(C)c(F)c(OC)c(O)c1OC,c1c([*:5])c([*:1])c([*:2])c([*:3])c1[*:4],[*:1]F,[*:2]OC,[*:3]O,[*:4]OC,[*:5]C,5.492
c1c(OC)c(F)c(OC)c(O)c1OC,c1c([*:5])c([*:1])c([*:2])c([*:3])c1[*:4],[*:1]F,[*:2]OC,[*:3]O,[*:4]OC,[*:5]OC,5.905
c1c(F)c(F)c(OC)c(O)c1OC,c1c([*:5])c([*:1])c([*:2])c([*:3])c1[*:4],[*:1]F,[*:2]OC,[*:3]O,[*:4]OC,[*:5]F,5.810
c1c(N)c(F)c(OC)c(O)c1OC,c1c([*:5])c([*:1])c([*:2])c([*:3])c1[*:4],[*:1]F,[*:2]OC,[*:3]O,[*:4]OC,[*:5]N,5.532
c1c(OC)c(F)c(OC)c(Br)c1C,c1c([*:5])c([*:1])c([*:2])c([*:3])c1[*:4],[*:1]F,[*:2]OC,[*:3]Br,[*:4]C,[*:5]OC,5.779
c1c(F)c(F)c(OC)c(Br)c1C,c1c([*:5])c([*:1])c([*:2])c([*:3])c1[*:4],[*:1]F,[*:2]OC,[*:3]Br,[*:4]C,[*:5]F,5.794
c1c(N)c(F)c(OC)c(Br)c1C,c1c([*:5])c([*:1])c([*:2])c([*:3])c1[*:4],[*:1]F,[*:2]OC,[*:3]Br,[*:4]C,[*:5]N,5.645
c1c(F)c(F)c(OC)c(Br)c1CC,c1c([*:5])c([*:1])c([*:2])c([*:3])c1[*:4],[*:1]F,[*:2]OC,[*:3]Br,[*:4]CC,[*:5]F,5.578
c1c(N)c(F)c(OC)c(Br)c1CC,c1c([*:5])c([*:1])c([*:2])c([*:3])c1[*:4],[*:1]F,[*:2]OC,[*:3]Br,[*:4]CC,[*:5]N,5.557
c1c(F)c(F)c(OC)c(Br)c1C(F)(F)F,c1c([*:5])c([*:1])c([*:2])c([*:3])c1[*:4],[*:1]F,[*:2]OC,[*:3]Br,[*:4]C(F)(F)F,[*:5]F,5.468
c1c(N)c(F)c(OC)c(Br)c1C(F)(F)F,c1c([*:5])c([*:1])c([*:2])c([*:3])c1[*:4],[*:1]F,[*:2]OC,[*:3]Br,[*:4]C(F)(F)F,[*:5]N,5.342
c1c(N)c(F)c(OC)c(Br)c1OC,c1c([*:5])c([*:1])c([*:2])c([*:3])c1[*:4],[*:1]F,[*:2]OC,[*:3]Br,[*:4]OC,[*:5]N,5.664
c1c(C)c(F)c(Br)c(C)c1C,c1c([*:5])c([*:1])c([*:2])c([*:3])c1[*:4],[*:1]F,[*:2]Br,[*:3]C,[*:4]C,[*:5]C,6.206
c1c(F)c(F)c(Br)c(C)c1C,c1c([*:5])c([*:1])c([*:2])c([*:3])c1[*:4],[*:1]F,[*:2]Br,[*:3]C,[*:4]C,[*:5]F,6.413
c1c(N)c(F)c(Br)c(C)c1C(F)(F)F,c1c([*:5])c([*:1])c([*:2])c([*:3])c1[*:4],[*:1]F,[*:2]Br,[*:3]C,[*:4]C(F)(F)F,[*:5]N,6.115
c1c(C)c(F)c(Br)c(C)c1OC,c1c([*:5])c([*:1])c([*:2])c([*:3])c1[*:4],[*:1]F,[*:2]Br,[*:3]C,[*:4]OC,[*:5]C,6.181
c1c(OC)c(F)c(Br)c(C)c1OC,c1c([*:5])c([*:1])c([*:2])c([*:3])c1[*:4],[*:1]F,[*:2]Br,[*:3]C,[*:4]OC,[*:5]OC,6.577
c1c(N)c(F)c(Br)c(C)c1OC,c1c([*:5])c([*:1])c([*:2])c([*:3])c1[*:4],[*:1]F,[*:2]Br,[*:3]C,[*:4]OC,[*:5]N,6.283
c1c(OC)c(F)c(Br)c(N)c1C,c1c([*:5])c([*:1])c([*:2])c([*:3])c1[*:4],[*:1]F,[*:2]Br,[*:3]N,[*:4]C,[*:5]OC,6.493
c1c(F)c(F)c(Br)c(N)c1C,c1c([*:5])c([*:1])c([*:2])c([*:3])c1[*:4],[*:1]F,[*:2]Br,[*:3]N,[*:4]C,[*:5]F,6.321
c1c(F)c(F)c(Br)c(N)c1CC,c1c([*:5])c([*:1])c([*:2])c([*:3])c1[*:4],[*:1]F,[*:2]Br,[*:3]N,[*:4]CC,[*:5]F,6.324
c1c(OC)c(F)c(Br)c(N)c1C(F)(F)F,c1c([*:5])c([*:1])c([*:2])c([*:3])c1[*:4],[*:1]F,[*:2]Br,[*:3]N,[*:4]C(F)(F)F,[*:5]OC,6.287
c1c(F)c(F)c(Br)c(N)c1C(F)(F)F,c1c([*:5])c([*:1])c([*:2])c([*:3])c1[*:4],[*:1]F,[*:2]Br,[*:3]N,[*:4]C(F)(F)F,[*:5]F,6.059
c1c(N)c(F)c(Br)c(N)c1C(F)(F)F,c1c([*:5])c([*:1])c([*:2])c([*:3])c1[*:4],[*:1]F,[*:2]Br,[*:3]N,[*:4]C(F)(F)F,[*:5]N,6.092
c1c(F)c(F)c(Br)c(N)c1OC,c1c([*:5])c([*:1])c([*:2])c([*:3])c1[*:4],[*:1]F,[*:2]Br,[*:3]N,[*:4]OC,[*:5]F,6.365
c1c(N)c(F)c(Br)c(O)c1C,c1c([*:5])c([*:1])c([*:2])c([*:3])c1[*:4],[*:1]F,[*:2]Br,[*:3]O,[*:4]C,[*:5]N,6.308
c1c(C)c(F)c(Br)c(O)c1CC,c1c([*:5])c([*:1])c([*:2])c([*:3])c1[*:4],[*:1]F,[*:2]Br,[*:3]O,[*:4]CC,[*:5]C,6.054
c1c(N)c(F)c(Br)c(O)c1CC,c1c([*:5])c([*:1])c([*:2])c([*:3])c1[*:4],[*:1]F,[*:2]Br,[*:3]O,[*:4]CC,[*:5]N,6.235
c1c(OC)c(F)c(Br)c(O)c1C(F)(F)F,c1c([*:5])c([*:1])c([*:2])c([*:3])c1[*:4],[*:1]F,[*:2]Br,[*:3]O,[*:4]C(F)(F)F,[*:5]OC,6.258
c1c(N)c(F)c(Br)c(O)c1C(F)(F)F,c1c([*:5])c([*:1])c([*:2])c([*:3])c1[*:4],[*:1]F,[*:2]Br,[*:3]O,[*:4]C(F)(F)F,[*:5]N,6.123
c1c(C)c(F)c(Br)c(O)c1OC,c1c([*:5])c([*:1])c([*:2])c([*:3])c1[*:4],[*:1]F,[*:2]Br,[*:3]O,[*:4]OC,[*:5]C,6.075
c1c(OC)c(F)c(Br)c(O)c1OC,c1c([*:5])c([*:1])c([*:2])c([*:3])c1[*:4],[*:1]F,[*:2]Br,[*:3]O,[*:4]OC,[*:5]OC,6.523
c1c(N)c(F)c(Br)c(O)c1OC,c1c([*:5])c([*:1])c([*:2])c([*:3])c1[*:4],[*:1]F,[*:2]Br,[*:3]O,[*:4]OC,[*:5]N,6.198
c1c(C)c(F)c(Br)c(Br)c1C,c1c([*:5])c([*:1])c([*:2])c([*:3])c1[*:4],[*:1]F,[*:2]Br,[*:3]Br,[*:4]C,[*:5]C,6.161
c1c(OC)c(F)c(Br)c(Br)c1C,c1c([*:5])c([*:1])c([*:2])c([*:3])c1[*:4],[*:1]F,[*:2]Br,[*:3]Br,[*:4]C,[*:5]OC,6.577
c1c(C)c(F)c(Br)c(Br)c1CC,c1c([*:5])c([*:1])c([*:2])c([*:3])c1[*:4],[*:1]F,[*:2]Br,[*:3]Br,[*:4]CC,[*:5]C,6.096
c1c(OC)c(F)c(Br)c(Br)c1CC,c1c([*:5])c([*:1])c([*:2])c([*:3])c1[*:4],[*:1]F,[*:2]Br,[*:3]Br,[*:4]CC,[*:5]OC,6.410
c1c(F)c(F)c(Br)c(Br)c1CC,c1c([*:5])c([*:1])c([*:2])c([*:3])c1[*:4],[*:1]F,[*:2]Br,[*:3]Br,[*:4]CC,[*:5]F,6.354
c1c(C)c(F)c(Br)c(Br)c1C(F)(F)F,c1c([*:5])c([*:1])c([*:2])c([*:3])c1[*:4],[*:1]F,[*:2]Br,[*:3]Br,[*:4]C(F)(F)F,[*:5]C,5.902
c1c(F)c(F)c(Br)c(Br)c1C(F)(F)F,c1c([*:5])c([*:1])c([*:2])c([*:3])c1[*:4],[*:1]F,[*:2]Br,[*:3]Br,[*:4]C(F)(F)F,[*:5]F,6.152
c1c(OC)c(F)c(Br)c(Br)c1OC,c1c([*:5])c([*:1])c([*:2])c([*:3])c1[*:4],[*:1]F,[*:2]Br,[*:3]Br,[*:4]OC,[*:5]OC,6.572
c1c(N)c(F)c(Br)c(Br)c1OC,c1c([*:5])c([*:1])c([*:2])c([*:3])c1[*:4],[*:1]F,[*:2]Br,[*:3]Br,[*:4]OC,[*:5]N,6.259
c1c(F)c(Cl)c(F)c(C)c1C,c1c([*:5])c([*:1])c([*:2])c([*:3])c1[*:4],[*:1]Cl,[*:2]F,[*:3]C,[*:4]C,[*:5]F,7.107
c1c(C)c(Cl)c(F)c(C)c1CC,c1c([*:5])c([*:1])c([*:2])c([*:3])c1[*:4],[*:1]Cl,[*:2]F,[*:3]C,[*:4]CC,[*:5]C,6.838
c1c(OC)c(Cl)c(F)c(C)c1CC,c1c([*:5])c([*:1])c([*:2])c([*:3])c1[*:4],[*:1]Cl,[*:2]F,[*:3]C,[*:4]CC,[*:5]OC,7.081
c1c(N)c(Cl)c(F)c(C)c1CC,c1c([*:5])c([*:1])c([*:2])c([*:3])c1[*:4],[*:1]Cl,[*:2]F,[*:3]C,[*:4]CC,[*:5]N,6.804
c1c(OC)c(Cl)c(F)c(C)c1C(F)(F)F,c1c([*:5])c([*:1])c([*:2])c([*:3])c1[*:4],[*:1]Cl,[*:2]F,[*:3]C,[*:4]C(F)(F)F,[*:5]OC,6.982
c1c(N)c(Cl)c(F)c(C)c1C(F)(F)F,c1c([*:5])c([*:1])c([*:2])c([*:3])c1[*:4],[*:1]Cl,[*:2]F,[*:3]C,[*:4]C(F)(F)F,[*:5]N,6.813
c1c(C)c(Cl)c(F)c(N)c1C,c1c([*:5])c([*:1])c([*:2])c([*:3])c1[*:4],[*:1]Cl,[*:2]F,[*:3]N,[*:4]C,[*:5]C,6.934
c1c(OC)c(Cl)c(F)c(N)c1C,c1c([*:5])c([*:1])c([*:2])c([*:3])c1[*:4],[*:1]Cl,[*:2]F,[*:3]N,[*:4]C,[*:5]OC,7.256
c1c(F)c(Cl)c(F)c(N)c1C,c1c([*:5])c([*:1])c([*:2])c([*:3])c1[*:4],[*:1]Cl,[*:2]F,[*:3]N,[*:4]C,[*:5]F,7.070
c1c(C)c(Cl)c(F)c(N)c1CC,c1c([*:5])c([*:1])c([*:2])c([*:3])c1[*:4],[*:1]Cl,[*:2]F,[*:3]N,[*:4]CC,[*:5]C,6.765
c1c(C)c(Cl)c(F)c(N)c1C(F)(F)F,c1c([*:5])c([*:1])c([*:2])c([*:3])c1[*:4],[*:1]Cl,[*:2]F,[*:3]N,[*:4]C(F)(F)F,[*:5]C,6.687
c1c(OC)c(Cl)c(F)c(N)c1C(F)(F)F,c1c([*:5])c([*:1])c([*:2])c([*:3])c1[*:4],[*:1]Cl,[*:2]F,[*:3]N,[*:4]C(F)(F)F,[*:5]OC,7.024
c1c(N)c(Cl)c(F)c(N)c1C(F)(F)F,c1c([*:5])c([*:1])c([*:2])c([*:3])c1[*:4],[*:1]Cl,[*:2]F,[*:3]N,[*:4]C(F)(F)F,[*:5]N,6.754
c1c(C)c(Cl)c(F)c(N)c1OC,c1c([*:5])c([*:1])c([*:2])c([*:3])c1[*:4],[*:1]Cl,[*:2]F,[*:3]N,[*:4]OC,[*:5]C,6.821
c1c(OC)c(Cl)c(F)c(N)c1OC,c1c([*:5])c([*:1])c([*:2])c([*:3])c1[*:4],[*:1]Cl,[*:2]F,[*:3]N,[*:4]OC,[*:5]OC,7.242
c1c(C)c(Cl)c(F)c(O)c1C,c1c([*:5])c([*:1])c([*:2])c([*:3])c1[*:4],[*:1]Cl,[*:2]F,[*:3]O,[*:4]C,[*:5]C,6.932
c1c(OC)c(Cl)c(F)c(O)c1C,c1c([*:5])c([*:1])c([*:2])c([*:3])c1[*:4],[*:1]Cl,[*:2]F,[*:3]O,[*:4]C,[*:5]OC,7.224
c1c(C)c(Cl)c(F)c(O)c1CC,c1c([*:5])c([*:1])c([*:2])c([*:3])c1[*:4],[*:1]Cl,[*:2]F,[*:3]O,[*:4]CC,[*:5]C,6.706
c1c(OC)c(Cl)c(F)c(O)c1CC,c1c([*:5])c([*:1])c([*:2])c([*:3])c1[*:4],[*:1]Cl,[*:2]F,[*:3]O,[*:4]CC,[*:5]OC,7.258
c1c(N)c(Cl)c(F)c(O)c1CC,c1c([*:5])c([*:1])c([*:2])c([*:3])c1[*:4],[*:1]Cl,[*:2]F,[*:3]O,[*:4]CC,[*:5]N,6.872
c1c(F)c(Cl)c(F)c(O)c1C(F)(F)F,c1c([*:5])c([*:1])c([*:2])c([*:3])c1[*:4],[*:1]Cl,[*:2]F,[*:3]O,[*:4]C(F)(F)F,[*:5]F,6.966
c1c(N)c(Cl)c(F)c(O)c1C(F)(F)F,c1c([*:5])c([*:1])c([*:2])c([*:3])c1[*:4],[*:1]Cl,[*:2]F,[*:3]O,[*:4]C(F)(F)F,[*:5]N,6.808
c1c(C)c(Cl)c(F)c(O)c1OC,c1c([*:5])c([*:1])c([*:2])c([*:3])c1[*:4],[*:1]Cl,[*:2]F,[*:3]O,[*:4]OC,[*:5]C,6.888
c1c(F)c(Cl)c(F)c(O)c1OC,c1c([*:5])c([*:1])c([*:2])c([*:3])c1[*:4],[*:1]Cl,[*:2]F,[*:3]O,[*:4]OC,[*:5]F,7.100
c1c(C)c(Cl)c(F)c(Br)c1C,c1c([*:5])c([*:1])c([*:2])c([*:3])c1[*:4],[*:1]Cl,[*:2]F,[*:3]Br,[*:4]C,[*:5]C,6.812
c1c(N)c(Cl)c(F)c(Br)c1C,c1c([*:5])c([*:1])c([*:2])c([*:3])c1[*:4],[*:1]Cl,[*:2]F,[*:3]Br,[*:4]C,[*:5]N,6.922
c1c(C)c(Cl)c(F)c(Br)c1CC,c1c([*:5])c([*:1])c([*:2])c([*:3])c1[*:4],[*:1]Cl,[*:2]F,[*:3]Br,[*:4]CC,[*:5]C,6.739
c1c(F)c(Cl)c(F)c(Br)c1CC,c1c([*:5])c([*:1])c([*:2])c([*:3])c1[*:4],[*:1]Cl,[*:2]F,[*:3]Br,[*:4]CC,[*:5]F,6.981
c1c(C)c(Cl)c(F)c(Br)c1C(F)(F)F,c1c([*:5])c([*:1])c([*:2])c([*:3])c1[*:4],[*:1]Cl,[*:2]F,[*:3]Br,[*:4]C(F)(F)F,[*:5]C,6.570
c1c(N)c(Cl)c(F)c(Br)c1C(F)(F)F,c1c([*:5])c([*:1])c([*:2])c([*:3])c1[*:4],[*:1]Cl,[*:2]F,[*:3]Br,[*:4]C(F)(F)F,[*:5]N,6.714
c1c(OC)c(Cl)c(F)c(Br)c1OC,c1c([*:5])c([*:1])c([*:2])c([*:3])c1[*:4],[*:1]Cl,[*:2]F,[*:3]Br,[*:4]OC,[*:5]OC,7.238
c1c(F)c(Cl)c(F)c(Br)c1OC,c1c([*:5])c([*:1])c([*:2])c([*:3])c1[*:4],[*:1]Cl,[*:2]F,[*:3]Br,[*:4]OC,[*:5]F,7.031
c1c(N)c(Cl)c(F)c(Br)c1OC,c1c([*:5])c([*:1])c([*:2])c([*:3])c1[*:4],[*:1]Cl,[*:2]F,[*:3]Br,[*:4]OC,[*:5]N,6.866
c1c(C)c(Cl)c(Cl)c(C)c1C,c1c([*:5])c([*:1])c([*:2])c([*:3])c1[*:4],[*:1]Cl,[*:2]Cl,[*:3]C,[*:4]C,[*:5]C,6.760
c1c(N)c(Cl)c(Cl)c(C)c1C,c1c([*:5])c([*:1])c([*:2])c([*:3])c1[*:4],[*:1]Cl,[*:2]Cl,[*:3]C,[*:4]C,[*:5]N,6.742
c1c(C)c(Cl)c(Cl)c(C)c1CC,c1c([*:5])c([*:1])c([*:2])c([*:3])c1[*:4],[*:1]Cl,[*:2]Cl,[*:3]C,[*:4]CC,[*:5]C,6.562
c1c(OC)c(Cl)c(Cl)c(C)c1CC,c1c([*:5])c([*:1])c([*:2])c([*:3])c1[*:4],[*:1]Cl,[*:2]Cl,[*:3]C,[*:4]CC,[*:5]OC,6.988
c1c(F)c(Cl)c(Cl)c(C)c1CC,c1c([*:5])c([*:1])c([*:2])c([*:3])c1[*:4],[*:1]Cl,[*:2]Cl,[*:3]C,[*:4]CC,[*:5]F,6.883
c1c(OC)c(Cl)c(Cl)c(C)c1C(F)(F)F,c1c([*:5])c([*:1])c([*:2])c([*:3])c1[*:4],[*:1]Cl,[*:2]Cl,[*:3]C,[*:4]C(F)(F)F,[*:5]OC,6.723
c1c(F)c(Cl)c(Cl)c(C)c1C(F)(F)F,c1c([*:5])c([*:1])c([*:2])c([*:3])c1[*:4],[*:1]Cl,[*:2]Cl,[*:3]C,[*:4]C(F)(F)F,[*:5]F,6.651
c1c(N)c(Cl)c(Cl)c(C)c1C(F)(F)F,c1c([*:5])c([*:1])c([*:2])c([*:3])c1[*:4],[*:1]Cl,[*:2]Cl,[*:3]C,[*:4]C(F)(F)F,[*:5]N,6.565
c1c(OC)c(Cl)c(Cl)c(C)c1OC,c1c([*:5])c([*:1])c([*:2])c([*:3])c1[*:4],[*:1]Cl,[*:2]Cl,[*:3]C,[*:4]OC,[*:5]OC,7.089
c1c(F)c(Cl)c(Cl)c(C)c1OC,c1c([*:5])c([*:1])c([*:2])c([*:3])c1[*:4],[*:1]Cl,[*:2]Cl,[*:3]C,[*:4]OC,[*:5]F,6.833
c1c(C)c(Cl)c(Cl)c(N)c1C,c1c([*:5])c([*:1])c([*:2])c([*:3])c1[*:4],[*:1]Cl,[*:2]Cl,[*:3]N,[*:4]C,[*:5]C,6.667
c1c(OC)c(Cl)c(Cl)c(N)c1C,c1c([*:5])c([*:1])c([*:2])c([*:3])c1[*:4],[*:1]Cl,[*:2]Cl,[*:3]N,[*:4]C,[*:5]OC,7.022
c1c(C)c(Cl)c(Cl)c(N)c1CC,c1c([*:5])c([*:1])c([*:2])c([*:3])c1[*:4],[*:1]Cl,[*:2]Cl,[*:3]N,[*:4]CC,[*:5]C,6.604
c1c(F)c(Cl)c(Cl)c(N)c1CC,c1c([*:5])c([*:1])c([*:2])c([*:3])c1[*:4],[*:1]Cl,[*:2]Cl,[*:3]N,[*:4]CC,[*:5]F,6.730
c1c(N)c(Cl)c(Cl)c(N)c1CC,c1c([*:5])c([*:1])c([*:2])c([*:3])c1[*:4],[*:1]Cl,[*:2]Cl,[*:3]N,[*:4]CC,[*:5]N,6.676
c1c(C)c(Cl)c(Cl)c(N)c1C(F)(F)F,c1c([*:5])c([*:1])c([*:2])c([*:3])c1[*:4],[*:1]Cl,[*:2]Cl,[*:3]N,[*:4]C(F)(F)F,[*:5]C,6.378
c1c(F)c(Cl)c(Cl)c(N)c1C(F)(F)F,c1c([*:5])c([*:1])c([*:2])c([*:3])c1[*:4],[*:1]Cl,[*:2]Cl,[*:3]N,[*:4]C(F)(F)F,[*:5]F,6.631
c1c(N)c(Cl)c(Cl)c(N)c1C(F)(F)F,c1c([*:5])c([*:1])c([*:2])c([*:3])c1[*:4],[*:1]Cl,[*:2]Cl,[*:3]N,[*:4]C(F)(F)F,[*:5]N,6.605
c1c(C)c(Cl)c(Cl)c(N)c1OC,c1c([*:5])c([*:1])c([*:2])c([*:3])c1[*:4],[*:1]Cl,[*:2]Cl,[*:3]N,[*:4]OC,[*:5]C,6.622
c1c(OC)c(Cl)c(Cl)c(N)c1OC,c1c([*:5])c([*:1])c([*:2])c([*:3])c1[*:4],[*:1]Cl,[*:2]Cl,[*:3]N,[*:4]OC,[*:5]OC,7.066
c1c(N)c(Cl)c(Cl)c(N)c1OC,c1c([*:5])c([*:1])c([*:2])c([*:3])c1[*:4],[*:1]Cl,[*:2]Cl,[*:3]N,[*:4]OC,[*:5]N,6.747
c1c(OC)c(Cl)c(Cl)c(O)c1C,c1c([*:5])c([*:1])c([*:2])c([*:3])c1[*:4],[*:1]Cl,[*:2]Cl,[*:3]O,[*:4]C,[*:5]OC,6.991
c1c(F)c(Cl)c(Cl)c(O)c1C,c1c([*:5])c([*:1])c([*:2])c([*:3])c1[*:4],[*:1]Cl,[*:2]Cl,[*:3]O,[*:4]C,[*:5]F,6.844
c1c(C)c(Cl)c(Cl)c(O)c1CC,c1c([*:5])c([*:1])c([*:2])c([*:3])c1[*:4],[*:1]Cl,[*:2]Cl,[*:3]O,[*:4]CC,[*:5]C,6.553
c1c(OC)c(Cl)c(Cl)c(O)c1CC,c1c([*:5])c([*:1])c([*:2])c([*:3])c1[*:4],[*:1]Cl,[*:2]Cl,[*:3]O,[*:4]CC,[*:5]OC,6.961
c1c(OC)c(Cl)c(Cl)c(O)c1C(F)(F)F,c1c([*:5])c([*:1])c([*:2])c([*:3])c1[*:4],[*:1]Cl,[*:2]Cl,[*:3]O,[*:4]C(F)(F)F,[*:5]OC,6.848
c1c(F)c(Cl)c(Cl)c(O)c1C(F)(F)F,c1c([*:5])c([*:1])c([*:2])c([*:3])c1[*:4],[*:1]Cl,[*:2]Cl,[*:3]O,[*:4]C(F)(F)F,[*:5]F,6.625
c1c(N)c(Cl)c(Cl)c(O)c1C(F)(F)F,c1c([*:5])c([*:1])c([*:2])c([*:3])c1[*:4],[*:1]Cl,[*:2]Cl,[*:3]O,[*:4]C(F)(F)F,[*:5]N,6.539
c1c(C)c(Cl)c(Cl)c(O)c1OC,c1c([*:5])c([*:1])c([*:2])c([*:3])c1[*:4],[*:1]Cl,[*:2]Cl,[*:3]O,[*:4]OC,[*:5]C,6.653
c1c(OC)c(Cl)c(Cl)c(O)c1OC,c1c([*:5])c([*:1])c([*:2])c([*:3])c1[*:4],[*:1]Cl,[*:2]Cl,[*:3]O,[*:4]OC,[*:5]OC,7.023
c1c(F)c(Cl)c(Cl)c(O)c1OC,c1c([*:5])c([*:1])c([*:2])c([*:3])c1[*:4],[*:1]Cl,[*:2]Cl,[*:3]O,[*:4]OC,[*:5]F,6.800
c1c(N)c(Cl)c(Cl)c(O)c1OC,c1c([*:5])c([*:1])c([*:2])c([*:3])c1[*:4],[*:1]Cl,[*:2]Cl,[*:3]O,[*:4]OC,[*:5]N,6.714
c1c(F)c(Cl)c(Cl)c(Br)c1C,c1c([*:5])c([*:1])c([*:2])c([*:3])c1[*:4],[*:1]Cl,[*:2]Cl,[*:3]Br,[*:4]C,[*:5]F,6.876
c1c(C)c(Cl)c(Cl)c(Br)c1CC,c1c([*:5])c([*:1])c([*:2])c([*:3])c1[*:4],[*:1]Cl,[*:2]Cl,[*:3]Br,[*:4]CC,[*:5]C,6.579
c1c(OC)c(Cl)c(Cl)c(Br)c1CC,c1c([*:5])c([*:1])c([*:2])c([*:3])c1[*:4],[*:1]Cl,[*:2]Cl,[*:3]Br,[*:4]CC,[*:5]OC,6.919
c1c(F)c(Cl)c(Cl)c(Br)c1CC,c1c([*:5])c([*:1])c([*:2])c([*:3])c1[*:4],[*:1]Cl,[*:2]Cl,[*:3]Br,[*:4]CC,[*:5]F,6.856
c1c(N)c(Cl)c(Cl)c(Br)c1CC,c1c([*:5])c([*:1])c([*:2])c([*:3])c1[*:4],[*:1]Cl,[*:2]Cl,[*:3]Br,[*:4]CC,[*:5]N,6.716
c1c(C)c(Cl)c(Cl)c(Br)c1C(F)(F)F,c1c([*:5])c([*:1])c([*:2])c([*:3])c1[*:4],[*:1]Cl,[*:2]Cl,[*:3]Br,[*:4]C(F)(F)F,[*:5]C,6.523
c1c(C)c(Cl)c(Cl)c(Br)c1OC,c1c([*:5])c([*:1])c([*:2])c([*:3])c1[*:4],[*:1]Cl,[*:2]Cl,[*:3]Br,[*:4]OC,[*:5]C,6.621
c1c(F)c(Cl)c(Cl)c(Br)c1OC,c1c([*:5])c([*:1])c([*:2])c([*:3])c1[*:4],[*:1]Cl,[*:2]Cl,[*:3]Br,[*:4]OC,[*:5]F,6.911
c1c(N)c(Cl)c(Cl)c(Br)c1OC,c1c([*:5])c([*:1])c([*:2])c([*:3])c1[*:4],[*:1]Cl,[*:2]Cl,[*:3]Br,[*:4]OC,[*:5]N,6.685
c1c(OC)c(Cl)c(C)c(C)c1C,c1c([*:5])c([*:1])c([*:2])c([*:3])c1[*:4],[*:1]Cl,[*:2]C,[*:3]C,[*:4]C,[*:5]OC,6.481
c1c(C)c(Cl)c(C)c(C)c1CC,c1c([*:5])c([*:1])c([*:2])c([*:3])c1[*:4],[*:1]Cl,[*:2]C,[*:3]C,[*:4]CC,[*:5]C,6.026
c1c(F)c(Cl)c(C)c(C)c1CC,c1c([*:5])c([*:1])c([*:2])c([*:3])c1[*:4],[*:1]Cl,[*:2]C,[*:3]C,[*:4]CC,[*:5]F,6.190
c1c(N)c(Cl)c(C)c(C)c1CC,c1c([*:5])c([*:1])c([*:2])c([*:3])c1[*:4],[*:1]Cl,[*:2]C,[*:3]C,[*:4]CC,[*:5]N,5.978
c1c(C)c(Cl)c(C)c(C)c1C(F)(F)F,c1c([*:5])c([*:1])c([*:2])c([*:3])c1[*:4],[*:1]Cl,[*:2]C,[*:3]C,[*:4]C(F)(F)F,[*:5]C,5.892
c1c(OC)c(Cl)c(C)c(C)c1C(F)(F)F,c1c([*:5])c([*:1])c([*:2])c([*:3])c1[*:4],[*:1]Cl,[*:2]C,[*:3]C,[*:4]C(F)(F)F,[*:5]OC,6.331
c1c(F)c(Cl)c(C)c(C)c1C(F)(F)F,c1c([*:5])c([*:1])c([*:2])c([*:3])c1[*:4],[*:1]Cl,[*:2]C,[*:3]C,[*:4]C(F)(F)F,[*:5]F,6.086
c1c(N)c(Cl)c(C)c(C)c1C(F)(F)F,c1c([*:5])c([*:1])c([*:2])c([*:3])c1[*:4],[*:1]Cl,[*:2]C,[*:3]C,[*:4]C(F)(F)F,[*:5]N,5.851
c1c(C)c(Cl)c(C)c(C)c1OC,c1c([*:5])c([*:1])c([*:2])c([*:3])c1[*:4],[*:1]Cl,[*:2]C,[*:3]C,[*:4]OC,[*:5]C,6.065
c1c(OC)c(Cl)c(C)c(N)c1C,c1c([*:5])c([*:1])c([*:2])c([*:3])c1[*:4],[*:1]Cl,[*:2]C,[*:3]N,[*:4]C,[*:5]OC,6.560
c1c(F)c(Cl)c(C)c(N)c1C,c1c([*:5])c([*:1])c([*:2])c([*:3])c1[*:4],[*:1]Cl,[*:2]C,[*:3]N,[*:4]C,[*:5]F,6.303
c1c(C)c(Cl)c(C)c(N)c1CC,c1c([*:5])c([*:1])c([*:2])c([*:3])c1[*:4],[*:1]Cl,[*:2]C,[*:3]N,[*:4]CC,[*:5]C,5.894
c1c(OC)c(Cl)c(C)c(N)c1CC,c1c([*:5])c([*:1])c([*:2])c([*:3])c1[*:4],[*:1]Cl,[*:2]C,[*:3]N,[*:4]CC,[*:5]OC,6.433
c1c(F)c(Cl)c(C)c(N)c1CC,c1c([*:5])c([*:1])c([*:2])c([*:3])c1[*:4],[*:1]Cl,[*:2]C,[*:3]N,[*:4]CC,[*:5]F,6.140
c1c(N)c(Cl)c(C)c(N)c1CC,c1c([*:5])c([*:1])c([*:2])c([*:3])c1[*:4],[*:1]Cl,[*:2]C,[*:3]N,[*:4]CC,[*:5]N,6.035
c1c(C)c(Cl)c(C)c(N)c1C(F)(F)F,c1c([*:5])c([*:1])c([*:2])c([*:3])c1[*:4],[*:1]Cl,[*:2]C,[*:3]N,[*:4]C(F)(F)F,[*:5]C,5.868
c1c(OC)c(Cl)c(C)c(N)c1C(F)(F)F,c1c([*:5])c([*:1])c([*:2])c([*:3])c1[*:4],[*:1]Cl,[*:2]C,[*:3]N,[*:4]C(F)(F)F,[*:5]OC,6.211
c1c(F)c(Cl)c(C)c(N)c1C(F)(F)F,c1c([*:5])c([*:1])c([*:2])c([*:3])c1[*:4],[*:1]Cl,[*:2]C,[*:3]N,[*:4]C(F)(F)F,[*:5]F,6.048
c1c(N)c(Cl)c(C)c(N)c1C(F)(F)F,c1c([*:5])c([*:1])c([*:2])c([*:3])c1[*:4],[*:1]Cl,[*:2]C,[*:3]N,[*:4]C(F)(F)F,[*:5]N,5.975
c1c(C)c(Cl)c(C)c(N)c1OC,c1c([*:5])c([*:1])c([*:2])c([*:3])c1[*:4],[*:1]Cl,[*:2]C,[*:3]N,[*:4]OC,[*:5]C,6.002
c1c(OC)c(Cl)c(C)c(N)c1OC,c1c([*:5])c([*:1])c([*:2])c([*:3])c1[*:4],[*:1]Cl,[*:2]C,[*:3]N,[*:4]OC,[*:5]OC,6.371
c1c(F)c(Cl)c(C)c(N)c1OC,c1c([*:5])c([*:1])c([*:2])c([*:3])c1[*:4],[*:1]Cl,[*:2]C,[*:3]N,[*:4]OC,[*:5]F,6.268
c1c(N)c(Cl)c(C)c(N)c1OC,c1c([*:5])c([*:1])c([*:2])c([*:3])c1[*:4],[*:1]Cl,[*:2]C,[*:3]N,[*:4]OC,[*:5]N,6.177
c1c(F)c(Cl)c(C)c(O)c1C,c1c([*:5])c([*:1])c([*:2])c([*:3])c1[*:4],[*:1]Cl,[*:2]C,[*:3]O,[*:4]C,[*:5]F,6.287
c1c(N)c(Cl)c(C)c(O)c1C,c1c([*:5])c([*:1])c([*:2])c([*:3])c1[*:4],[*:1]Cl,[*:2]C,[*:3]O,[*:4]C,[*:5]N,6.300
c1c(OC)c(Cl)c(C)c(O)c1C(F)(F)F,c1c([*:5])c([*:1])c([*:2])c([*:3])c1[*:4],[*:1]Cl,[*:2]C,[*:3]O,[*:4]C(F)(F)F,[*:5]OC,6.245
c1c(OC)c(Cl)c(C)c(O)c1OC,c1c([*:5])c([*:1])c([*:2])c([*:3])c1[*:4],[*:1]Cl,[*:2]C,[*:3]O,[*:4]OC,[*:5]OC,6.459
c1c(F)c(Cl)c(C)c(O)c1OC,c1c([*:5])c([*:1])c([*:2])c([*:3])c1[*:4],[*:1]Cl,[*:2]C,[*:3]O,[*:4]OC,[*:5]F,6.270
c1c(OC)c(Cl)c(C)c(Br)c1C,c1c([*:5])c([*:1])c([*:2])c([*:3])c1[*:4],[*:1]Cl,[*:2]C,[*:3]Br,[*:4]C,[*:5]OC,6.435
c1c(F)c(Cl)c(C)c(Br)c1C,c1c([*:5])c([*:1])c([*:2])c([*:3])c1[*:4],[*:1]Cl,[*:2]C,[*:3]Br,[*:4]C,[*:5]F,6.308
c1c(N)c(Cl)c(C)c(Br)c1C,c1c([*:5])c([*:1])c([*:2])c([*:3])c1[*:4],[*:1]Cl,[*:2]C,[*:3]Br,[*:4]C,[*:5]N,6.245
c1c(F)c(Cl)c(C)c(Br)c1CC,c1c([*:5])c([*:1])c([*:2])c([*:3])c1[*:4],[*:1]Cl,[*:2]C,[*:3]Br,[*:4]CC,[*:5]F,6.177
c1c(N)c(Cl)c(C)c(Br)c1CC,c1c([*:5])c([*:1])c([*:2])c([*:3])c1[*:4],[*:1]Cl,[*:2]C,[*:3]Br,[*:4]CC,[*:5]N,6.001
c1c(C)c(Cl)c(C)c(Br)c1C(F)(F)F,c1c([*:5])c([*:1])c([*:2])c([*:3])c1[*:4],[*:1]Cl,[*:2]C,[*:3]Br,[*:4]C(F)(F)F,[*:5]C,5.848
c1c(F)c(Cl)c(C)c(Br)c1C(F)(F)F,c1c([*:5])c([*:1])c([*:2])c([*:3])c1[*:4],[*:1]Cl,[*:2]C,[*:3]Br,[*:4]C(F)(F)F,[*:5]F,6.064
c1c(C)c(Cl)c(C)c(Br)c1OC,c1c([*:5])c([*:1])c([*:2])c([*:3])c1[*:4],[*:1]Cl,[*:2]C,[*:3]Br,[*:4]OC,[*:5]C,6.032
c1c(N)c(Cl)c(C)c(Br)c1OC,c1c([*:5])c([*:1])c([*:2])c([*:3])c1[*:4],[*:1]Cl,[*:2]C,[*:3]Br,[*:4]OC,[*:5]N,6.120
c1c(N)c(Cl)c(OC)c(C)c1C,c1c([*:5])c([*:1])c([*:2])c([*:3])c1[*:4],[*:1]Cl,[*:2]OC,[*:3]C,[*:4]C,[*:5]N,5.992
c1c(F)c(Cl)c(OC)c(C)c1CC,c1c([*:5])c([*:1])c([*:2])c([*:3])c1[*:4],[*:1]Cl,[*:2]OC,[*:3]C,[*:4]CC,[*:5]F,6.007
c1c(C)c(Cl)c(OC)c(C)c1C(F)(F)F,c1c([*:5])c([*:1])c([*:2])c([*:3])c1[*:4],[*:1]Cl,[*:2]OC,[*:3]C,[*:4]C(F)(F)F,[*:5]C,5.631
c1c(OC)c(Cl)c(OC)c(C)c1C(F)(F)F,c1c([*:5])c([*:1])c([*:2])c([*:3])c1[*:4],[*:1]Cl,[*:2]OC,[*:3]C,[*:4]C(F)(F)F,[*:5]OC,6.034
c1c(N)c(Cl)c(OC)c(C)c1C(F)(F)F,c1c([*:5])c([*:1])c([*:2])c([*:3])c1[*:4],[*:1]Cl,[*:2]OC,[*:3]C,[*:4]C(F)(F)F,[*:5]N,5.760
c1c(N)c(Cl)c(OC)c(C)c1OC,c1c([*:5])c([*:1])c([*:2])c([*:3])c1[*:4],[*:1]Cl,[*:2]OC,[*:3]C,[*:4]OC,[*:5]N,5.935
c1c(F)c(Cl)c(OC)c(N)c1C,c1c([*:5])c([*:1])c([*:2])c([*:3])c1[*:4],[*:1]Cl,[*:2]OC,[*:3]N,[*:4]C,[*:5]F,6.094
c1c(C)c(Cl)c(OC)c(N)c1CC,c1c([*:5])c([*:1])c([*:2])c([*:3])c1[*:4],[*:1]Cl,[*:2]OC,[*:3]N,[*:4]CC,[*:5]C,5.746
c1c(OC)c(Cl)c(OC)c(N)c1CC,c1c([*:5])c([*:1])c([*:2])c([*:3])c1[*:4],[*:1]Cl,[*:2]OC,[*:3]N,[*:4]CC,[*:5]OC,6.296
c1c(F)c(Cl)c(OC)c(N)c1CC,c1c([*:5])c([*:1])c([*:2])c([*:3])c1[*:4],[*:1]Cl,[*:2]OC,[*:3]N,[*:4]CC,[*:5]F,5.938
c1c(N)c(Cl)c(OC)c(N)c1CC,c1c([*:5])c([*:1])c([*:2])c([*:3])c1[*:4],[*:1]Cl,[*:2]OC,[*:3]N,[*:4]CC,[*:5]N,5.891
c1c(N)c(Cl)c(OC)c(N)c1C(F)(F)F,c1c([*:5])c([*:1])c([*:2])c([*:3])c1[*:4],[*:1]Cl,[*:2]OC,[*:3]N,[*:4]C(F)(F)F,[*:5]N,5.762
c1c(F)c(Cl)c(OC)c(N)c1OC,c1c([*:5])c([*:1])c([*:2])c([*:3])c1[*:4],[*:1]Cl,[*:2]OC,[*:3]N,[*:4]OC,[*:5]F,6.083
c1c(N)c(Cl)c(OC)c(N)c1OC,c1c([*:5])c([*:1])c([*:2])c([*:3])c1[*:4],[*:1]Cl,[*:2]OC,[*:3]N,[*:4]OC,[*:5]N,5.870
c1c(C)c(Cl)c(OC)c(O)c1C,c1c([*:5])c([*:1])c([*:2])c([*:3])c1[*:4],[*:1]Cl,[*:2]OC,[*:3]O,[*:4]C,[*:5]C,5.896
c1c(F)c(Cl)c(OC)c(O)c1C,c1c([*:5])c([*:1])c([*:2])c([*:3])c1[*:4],[*:1]Cl,[*:2]OC,[*:3]O,[*:4]C,[*:5]F,6.126
c1c(N)c(Cl)c(OC)c(O)c1C,c1c([*:5])c([*:1])c([*:2])c([*:3])c1[*:4],[*:1]Cl,[*:2]OC,[*:3]O,[*:4]C,[*:5]N,6.053
c1c(C)c(Cl)c(OC)c(O)c1CC,c1c([*:5])c([*:1])c([*:2])c([*:3])c1[*:4],[*:1]Cl,[*:2]OC,[*:3]O,[*:4]CC,[*:5]C,5.730
c1c(OC)c(Cl)c(OC)c(O)c1CC,c1c([*:5])c([*:1])c([*:2])c([*:3])c1[*:4],[*:1]Cl,[*:2]OC,[*:3]O,[*:4]CC,[*:5]OC,6.225
c1c(N)c(Cl)c(OC)c(O)c1CC,c1c([*:5])c([*:1])c([*:2])c([*:3])c1[*:4],[*:1]Cl,[*:2]OC,[*:3]O,[*:4]CC,[*:5]N,5.879
c1c(C)c(Cl)c(OC)c(O)c1C(F)(F)F,c1c([*:5])c([*:1])c([*:2])c([*:3])c1[*:4],[*:1]Cl,[*:2]OC,[*:3]O,[*:4]C(F)(F)F,[*:5]C,5.601
c1c(F)c(Cl)c(OC)c(O)c1C(F)(F)F,c1c([*:5])c([*:1])c([*:2])c([*:3])c1[*:4],[*:1]Cl,[*:2]OC,[*:3]O,[*:4]C(F)(F)F,[*:5]F,5.938
c1c(N)c(Cl)c(OC)c(O)c1C(F)(F)F,c1c([*:5])c([*:1])c([*:2])c([*:3])c1[*:4],[*:1]Cl,[*:2]OC,[*:3]O,[*:4]C(F)(F)F,[*:5]N,5.768
c1c(C)c(Cl)c(OC)c(O)c1OC,c1c([*:5])c([*:1])c([*:2])c([*:3])c1[*:4],[*:1]Cl,[*:2]OC,[*:3]O,[*:4]OC,[*:5]C,5.856
c1c(OC)c(Cl)c(OC)c(O)c1OC,c1c([*:5])c([*:1])c([*:2])c([*:3])c1[*:4],[*:1]Cl,[*:2]OC,[*:3]O,[*:4]OC,[*:5]OC,6.254
c1c(N)c(Cl)c(OC)c(O)c1OC,c1c([*:5])c([*:1])c([*:2])c([*:3])c1[*:4],[*:1]Cl,[*:2]OC,[*:3]O,[*:4]OC,[*:5]N,5.888
c1c(OC)c(Cl)c(OC)c(Br)c1C,c1c([*:5])c([*:1])c([*:2])c([*:3])c1[*:4],[*:1]Cl,[*:2]OC,[*:3]Br,[*:4]C,[*:5]OC,6.387
c1c(F)c(Cl)c(OC)c(Br)c1C,c1c([*:5])c([*:1])c([*:2])c([*:3])c1[*:4],[*:1]Cl,[*:2]OC,[*:3]Br,[*:4]C,[*:5]F,6.063
c1c(N)c(Cl)c(OC)c(Br)c1C,c1c([*:5])c([*:1])c([*:2])c([*:3])c1[*:4],[*:1]Cl,[*:2]OC,[*:3]Br,[*:4]C,[*:5]N,6.100
c1c(OC)c(Cl)c(OC)c(Br)c1CC,c1c([*:5])c([*:1])c([*:2])c([*:3])c1[*:4],[*:1]Cl,[*:2]OC,[*:3]Br,[*:4]CC,[*:5]OC,6.187
c1c(F)c(Cl)c(OC)c(Br)c1CC,c1c([*:5])c([*:1])c([*:2])c([*:3])c1[*:4],[*:1]Cl,[*:2]OC,[*:3]Br,[*:4]CC,[*:5]F,6.007
c1c(N)c(Cl)c(OC)c(Br)c1CC,c1c([*:5])c([*:1])c([*:2])c([*:3])c1[*:4],[*:1]Cl,[*:2]OC,[*:3]Br,[*:4]CC,[*:5]N,5.856
c1c(C)c(Cl)c(OC)c(Br)c1C(F)(F)F,c1c([*:5])c([*:1])c([*:2])c([*:3])c1[*:4],[*:1]Cl,[*:2]OC,[*:3]Br,[*:4]C(F)(F)F,[*:5]C,5.662
c1c(OC)c(Cl)c(OC)c(Br)c1C(F)(F)F,c1c([*:5])c([*:1])c([*:2])c([*:3])c1[*:4],[*:1]Cl,[*:2]OC,[*:3]Br,[*:4]C(F)(F)F,[*:5]OC,5.911
c1c(F)c(Cl)c(OC)c(Br)c1C(F)(F)F,c1c([*:5])c([*:1])c([*:2])c([*:3])c1[*:4],[*:1]Cl,[*:2]OC,[*:3]Br,[*:4]C(F)(F)F,[*:5]F,5.753
c1c(C)c(Cl)c(OC)c(Br)c1OC,c1c([*:5])c([*:1])c([*:2])c([*:3])c1[*:4],[*:1]Cl,[*:2]OC,[*:3]Br,[*:4]OC,[*:5]C,5.794
c1c(OC)c(Cl)c(OC)c(Br)c1OC,c1c([*:5])c([*:1])c([*:2])c([*:3])c1[*:4],[*:1]Cl,[*:2]OC,[*:3]Br,[*:4]OC,[*:5]OC,6.234
c1c(F)c(Cl)c(OC)c(Br)c1OC,c1c([*:5])c([*:1])c([*:2])c([*:3])c1[*:4],[*:1]Cl,[*:2]OC,[*:3]Br,[*:4]OC,[*:5]F,5.975
c1c(OC)c(Cl)c(Br)c(C)c1C,c1c([*:5])c([*:1])c([*:2])c([*:3])c1[*:4],[*:1]Cl,[*:2]Br,[*:3]C,[*:4]C,[*:5]OC,6.959
c1c(F)c(Cl)c(Br)c(C)c1C,c1c([*:5])c([*:1])c([*:2])c([*:3])c1[*:4],[*:1]Cl,[*:2]Br,[*:3]C,[*:4]C,[*:5]F,6.740
c1c(C)c(Cl)c(Br)c(C)c1CC,c1c([*:5])c([*:1])c([*:2])c([*:3])c1[*:4],[*:1]Cl,[*:2]Br,[*:3]C,[*:4]CC,[*:5]C,6.429
c1c(OC)c(Cl)c(Br)c(C)c1CC,c1c([*:5])c([*:1])c([*:2])c([*:3])c1[*:4],[*:1]Cl,[*:2]Br,[*:3]C,[*:4]CC,[*:5]OC,6.872
c1c(F)c(Cl)c(Br)c(C)c1CC,c1c([*:5])c([*:1])c([*:2])c([*:3])c1[*:4],[*:1]Cl,[*:2]Br,[*:3]C,[*:4]CC,[*:5]F,6.697
c1c(C)c(Cl)c(Br)c(C)c1OC,c1c([*:5])c([*:1])c([*:2])c([*:3])c1[*:4],[*:1]Cl,[*:2]Br,[*:3]C,[*:4]OC,[*:5]C,6.521
c1c(OC)c(Cl)c(Br)c(C)c1OC,c1c([*:5])c([*:1])c([*:2])c([*:3])c1[*:4],[*:1]Cl,[*:2]Br,[*:3]C,[*:4]OC,[*:5]OC,6.945
c1c(N)c(Cl)c(Br)c(N)c1C,c1c([*:5])c([*:1])c([*:2])c([*:3])c1[*:4],[*:1]Cl,[*:2]Br,[*:3]N,[*:4]C,[*:5]N,6.688
c1c(F)c(Cl)c(Br)c(N)c1CC,c1c([*:5])c([*:1])c([*:2])c([*:3])c1[*:4],[*:1]Cl,[*:2]Br,[*:3]N,[*:4]CC,[*:5]F,6.582
c1c(N)c(Cl)c(Br)c(N)c1CC,c1c([*:5])c([*:1])c([*:2])c([*:3])c1[*:4],[*:1]Cl,[*:2]Br,[*:3]N,[*:4]CC,[*:5]N,6.508
c1c(C)c(Cl)c(Br)c(N)c1C(F)(F)F,c1c([*:5])c([*:1])c([*:2])c([*:3])c1[*:4],[*:1]Cl,[*:2]Br,[*:3]N,[*:4]C(F)(F)F,[*:5]C,6.348
c1c(OC)c(Cl)c(Br)c(N)c1C(F)(F)F,c1c([*:5])c([*:1])c([*:2])c([*:3])c1[*:4],[*:1]Cl,[*:2]Br,[*:3]N,[*:4]C(F)(F)F,[*:5]OC,6.650
c1c(F)c(Cl)c(Br)c(N)c1C(F)(F)F,c1c([*:5])c([*:1])c([*:2])c([*:3])c1[*:4],[*:1]Cl,[*:2]Br,[*:3]N,[*:4]C(F)(F)F,[*:5]F,6.472
c1c(C)c(Cl)c(Br)c(N)c1OC,c1c([*:5])c([*:1])c([*:2])c([*:3])c1[*:4],[*:1]Cl,[*:2]Br,[*:3]N,[*:4]OC,[*:5]C,6.418
c1c(N)c(Cl)c(Br)c(N)c1OC,c1c([*:5])c([*:1])c([*:2])c([*:3])c1[*:4],[*:1]Cl,[*:2]Br,[*:3]N,[*:4]OC,[*:5]N,6.587
c1c(C)c(Cl)c(Br)c(O)c1C,c1c([*:5])c([*:1])c([*:2])c([*:3])c1[*:4],[*:1]Cl,[*:2]Br,[*:3]O,[*:4]C,[*:5]C,6.447
c1c(F)c(Cl)c(Br)c(O)c1C,c1c([*:5])c([*:1])c([*:2])c([*:3])c1[*:4],[*:1]Cl,[*:2]Br,[*:3]O,[*:4]C,[*:5]F,6.785
c1c(N)c(Cl)c(Br)c(O)c1C,c1c([*:5])c([*:1])c([*:2])c([*:3])c1[*:4],[*:1]Cl,[*:2]Br,[*:3]O,[*:4]C,[*:5]N,6.669
c1c(OC)c(Cl)c(Br)c(O)c1CC,c1c([*:5])c([*:1])c([*:2])c([*:3])c1[*:4],[*:1]Cl,[*:2]Br,[*:3]O,[*:4]CC,[*:5]OC,6.833
c1c(F)c(Cl)c(Br)c(O)c1CC,c1c([*:5])c([*:1])c([*:2])c([*:3])c1[*:4],[*:1]Cl,[*:2]Br,[*:3]O,[*:4]CC,[*:5]F,6.545
c1c(N)c(Cl)c(Br)c(O)c1CC,c1c([*:5])c([*:1])c([*:2])c([*:3])c1[*:4],[*:1]Cl,[*:2]Br,[*:3]O,[*:4]CC,[*:5]N,6.459
c1c(C)c(Cl)c(Br)c(O)c1C(F)(F)F,c1c([*:5])c([*:1])c([*:2])c([*:3])c1[*:4],[*:1]Cl,[*:2]Br,[*:3]O,[*:4]C(F)(F)F,[*:5]C,6.230
c1c(OC)c(Cl)c(Br)c(O)c1C(F)(F)F,c1c([*:5])c([*:1])c([*:2])c([*:3])c1[*:4],[*:1]Cl,[*:2]Br,[*:3]O,[*:4]C(F)(F)F,[*:5]OC,6.685
c1c(F)c(Cl)c(Br)c(O)c1C(F)(F)F,c1c([*:5])c([*:1])c([*:2])c([*:3])c1[*:4],[*:1]Cl,[*:2]Br,[*:3]O,[*:4]C(F)(F)F,[*:5]F,6.555
c1c(C)c(Cl)c(Br)c(O)c1OC,c1c([*:5])c([*:1])c([*:2])c([*:3])c1[*:4],[*:1]Cl,[*:2]Br,[*:3]O,[*:4]OC,[*:5]C,6.497
c1c(F)c(Cl)c(Br)c(O)c1OC,c1c([*:5])c([*:1])c([*:2])c([*:3])c1[*:4],[*:1]Cl,[*:2]Br,[*:3]O,[*:4]OC,[*:5]F,6.679
c1c(C)c(Cl)c(Br)c(Br)c1C,c1c([*:5])c([*:1])c([*:2])c([*:3])c1[*:4],[*:1]Cl,[*:2]Br,[*:3]Br,[*:4]C,[*:5]C,6.523
c1c(OC)c(Cl)c(Br)c(Br)c1C,c1c([*:5])c([*:1])c([*:2])c([*:3])c1[*:4],[*:1]Cl,[*:2]Br,[*:3]Br,[*:4]C,[*:5]OC,6.981
c1c(N)c(Cl)c(Br)c(Br)c1C,c1c([*:5])c([*:1])c([*:2])c([*:3])c1[*:4],[*:1]Cl,[*:2]Br,[*:3]Br,[*:4]C,[*:5]N,6.613
c1c(C)c(Cl)c(Br)c(Br)c1CC,c1c([*:5])c([*:1])c([*:2])c([*:3])c1[*:4],[*:1]Cl,[*:2]Br,[*:3]Br,[*:4]CC,[*:5]C,6.450
c1c(OC)c(Cl)c(Br)c(Br)c1CC,c1c([*:5])c([*:1])c([*:2])c([*:3])c1[*:4],[*:1]Cl,[*:2]Br,[*:3]Br,[*:4]CC,[*:5]OC,6.742
c1c(N)c(Cl)c(Br)c(Br)c1CC,c1c([*:5])c([*:1])c([*:2])c([*:3])c1[*:4],[*:1]Cl,[*:2]Br,[*:3]Br,[*:4]CC,[*:5]N,6.494
c1c(OC)c(Cl)c(Br)c(Br)c1C(F)(F)F,c1c([*:5])c([*:1])c([*:2])c([*:3])c1[*:4],[*:1]Cl,[*:2]Br,[*:3]Br,[*:4]C(F)(F)F,[*:5]OC,6.737
c1c(C)c(Cl)c(Br)c(Br)c1OC,c1c([*:5])c([*:1])c([*:2])c([*:3])c1[*:4],[*:1]Cl,[*:2]Br,[*:3]Br,[*:4]OC,[*:5]C,6.526
c1c(N)c(Cl)c(Br)c(Br)c1OC,c1c([*:5])c([*:1])c([*:2])c([*:3])c1[*:4],[*:1]Cl,[*:2]Br,[*:3]Br,[*:4]OC,[*:5]N,6.543
C1C(C)C(C)C(F)C(C)C1C,C1C([*:5])C([*:1])C([*:2])C([*:3])C1[*:4],[*:1]C,[*:2]F,[*:3]C,[*:4]C,[*:5]C,6.374
C1C(OC)C(C)C(F)C(C)C1C,C1C([*:5])C([*:1])C([*:2])C([*:3])C1[*:4],[*:1]C,[*:2]F,[*:3]C,[*:4]C,[*:5]OC,6.869
C1C(C)C(C)C(F)C(C)C1CC,C1C([*:5])C([*:1])C([*:2])C([*:3])C1[*:4],[*:1]C,[*:2]F,[*:3]C,[*:4]CC,[*:5]C,6.359
C1C(OC)C(C)C(F)C(C)C1CC,C1C([*:5])C([*:1])C([*:2])C([*:3])C1[*:4],[*:1]C,[*:2]F,[*:3]C,[*:4]CC,[*:5]OC,6.674
C1C(C)C(C)C(F)C(C)C1C(F)(F)F,C1C([*:5])C([*:1])C([*:2])C([*:3])C1[*:4],[*:1]C,[*:2]F,[*:3]C,[*:4]C(F)(F)F,[*:5]C,6.274
C1C(F)C(C)C(F)C(C)C1C(F)(F)F,C1C([*:5])C([*:1])C([*:2])C([*:3])C1[*:4],[*:1]C,[*:2]F,[*:3]C,[*:4]C(F)(F)F,[*:5]F,6.420
C1C(C)C(C)C(F)C(C)C1OC,C1C([*:5])C([*:1])C([*:2])C([*:3])C1[*:4],[*:1]C,[*:2]F,[*:3]C,[*:4]OC,[*:5]C,6.306
C1C(F)C(C)C(F)C(C)C1OC,C1C([*:5])C([*:1])C([*:2])C([*:3])C1[*:4],[*:1]C,[*:2]F,[*:3]C,[*:4]OC,[*:5]F,6.606
C1C(OC)C(C)C(F)C(N)C1C,C1C([*:5])C([*:1])C([*:2])C([*:3])C1[*:4],[*:1]C,[*:2]F,[*:3]N,[*:4]C,[*:5]OC,6.826
C1C(N)C(C)C(F)C(N)C1C,C1C([*:5])C([*:1])C([*:2])C([*:3])C1[*:4],[*:1]C,[*:2]F,[*:3]N,[*:4]C,[*:5]N,6.534
C1C(OC)C(C)C(F)C(N)C1CC,C1C([*:5])C([*:1])C([*:2])C([*:3])C1[*:4],[*:1]C,[*:2]F,[*:3]N,[*:4]CC,[*:5]OC,6.680
C1C(F)C(C)C(F)C(N)C1CC,C1C([*:5])C([*:1])C([*:2])C([*:3])C1[*:4],[*:1]C,[*:2]F,[*:3]N,[*:4]CC,[*:5]F,6.524
C1C(N)C(C)C(F)C(N)C1CC,C1C([*:5])C([*:1])C([*:2])C([*:3])C1[*:4],[*:1]C,[*:2]F,[*:3]N,[*:4]CC,[*:5]N,6.424
C1C(C)C(C)C(F)C(N)C1C(F)(F)F,C1C([*:5])C([*:1])C([*:2])C([*:3])C1[*:4],[*:1]C,[*:2]F,[*:3]N,[*:4]C(F)(F)F,[*:5]C,6.215
C1C(OC)C(C)C(F)C(N)C1C(F)(F)F,C1C([*:5])C([*:1])C([*:2])C([*:3])C1[*:4],[*:1]C,[*:2]F,[*:3]N,[*:4]C(F)(F)F,[*:5]OC,6.616
C1C(F)C(C)C(F)C(N)C1C(F)(F)F,C1C([*:5])C([*:1])C([*:2])C([*:3])C1[*:4],[*:1]C,[*:2]F,[*:3]N,[*:4]C(F)(F)F,[*:5]F,6.385
C1C(N)C(C)C(F)C(N)C1C(F)(F)F,C1C([*:5])C([*:1])C([*:2])C([*:3])C1[*:4],[*:1]C,[*:2]F,[*:3]N,[*:4]C(F)(F)F,[*:5]N,6.256
C1C(OC)C(C)C(F)C(O)C1C,C1C([*:5])C([*:1])C([*:2])C([*:3])C1[*:4],[*:1]C,[*:2]F,[*:3]O,[*:4]C,[*:5]OC,6.907
C1C(OC)C(C)C(F)C(O)C1CC,C1C([*:5])C([*:1])C([*:2])C([*:3])C1[*:4],[*:1]C,[*:2]F,[*:3]O,[*:4]CC,[*:5]OC,6.732
C1C(F)C(C)C(F)C(O)C1CC,C1C([*:5])C([*:1])C([*:2])C([*:3])C1[*:4],[*:1]C,[*:2]F,[*:3]O,[*:4]CC,[*:5]F,6.624
C1C(N)C(C)C(F)C(O)C1CC,C1C([*:5])C([*:1])C([*:2])C([*:3])C1[*:4],[*:1]C,[*:2]F,[*:3]O,[*:4]CC,[*:5]N,6.427
C1C(C)C(C)C(F)C(O)C1C(F)(F)F,C1C([*:5])C([*:1])C([*:2])C([*:3])C1[*:4],[*:1]C,[*:2]F,[*:3]O,[*:4]C(F)(F)F,[*:5]C,6.229
C1C(F)C(C)C(F)C(O)C1C(F)(F)F,C1C([*:5])C([*:1])C([*:2])C([*:3])C1[*:4],[*:1]C,[*:2]F,[*:3]O,[*:4]C(F)(F)F,[*:5]F,6.436
C1C(C)C(C)C(F)C(O)C1OC,C1C([*:5])C([*:1])C([*:2])C([*:3])C1[*:4],[*:1]C,[*:2]F,[*:3]O,[*:4]OC,[*:5]C,6.411
C1C(F)C(C)C(F)C(O)C1OC,C1C([*:5])C([*:1])C([*:2])C([*:3])C1[*:4],[*:1]C,[*:2]F,[*:3]O,[*:4]OC,[*:5]F,6.608
C1C(N)C(C)C(F)C(O)C1OC,C1C([*:5])C([*:1])C([*:2])C([*:3])C1[*:4],[*:1]C,[*:2]F,[*:3]O,[*:4]OC,[*:5]N,6.529
C1C(C)C(C)C(F)C(Br)C1C,C1C([*:5])C([*:1])C([*:2])C([*:3])C1[*:4],[*:1]C,[*:2]F,[*:3]Br,[*:4]C,[*:5]C,6.435
C1C(OC)C(C)C(F)C(Br)C1CC,C1C([*:5])C([*:1])C([*:2])C([*:3])C1[*:4],[*:1]C,[*:2]F,[*:3]Br,[*:4]CC,[*:5]OC,6.694
C1C(F)C(C)C(F)C(Br)C1CC,C1C([*:5])C([*:1])C([*:2])C([*:3])C1[*:4],[*:1]C,[*:2]F,[*:3]Br,[*:4]CC,[*:5]F,6.386
C1C(N)C(C)C(F)C(Br)C1CC,C1C([*:5])C([*:1])C([*:2])C([*:3])C1[*:4],[*:1]C,[*:2]F,[*:3]Br,[*:4]CC,[*:5]N,6.545
C1C(C)C(C)C(F)C(Br)C1C(F)(F)F,C1C([*:5])C([*:1])C([*:2])C([*:3])C1[*:4],[*:1]C,[*:2]F,[*:3]Br,[*:4]C(F)(F)F,[*:5]C,6.262
C1C(OC)C(C)C(F)C(Br)C1C(F)(F)F,C1C([*:5])C([*:1])C([*:2])C([*:3])C1[*:4],[*:1]C,[*:2]F,[*:3]Br,[*:4]C(F)(F)F,[*:5]OC,6.577
C1C(F)C(C)C(F)C(Br)C1C(F)(F)F,C1C([*:5])C([*:1])C([*:2])C([*:3])C1[*:4],[*:1]C,[*:2]F,[*:3]Br,[*:4]C(F)(F)F,[*:5]F,6.413
C1C(C)C(C)C(F)C(Br)C1OC,C1C([*:5])C([*:1])C([*:2])C([*:3])C1[*:4],[*:1]C,[*:2]F,[*:3]Br,[*:4]OC,[*:5]C,6.406
C1C(OC)C(C)C(F)C(Br)C1OC,C1C([*:5])C([*:1])C([*:2])C([*:3])C1[*:4],[*:1]C,[*:2]F,[*:3]Br,[*:4]OC,[*:5]OC,6.692
C1C(F)C(C)C(F)C(Br)C1OC,C1C([*:5])C([*:1])C([*:2])C([*:3])C1[*:4],[*:1]C,[*:2]F,[*:3]Br,[*:4]OC,[*:5]F,6.563
C1C(N)C(C)C(F)C(Br)C1OC,C1C([*:5])C([*:1])C([*:2])C([*:3])C1[*:4],[*:1]C,[*:2]F,[*:3]Br,[*:4]OC,[*:5]N,6.500
C1C(F)C(C)C(Cl)C(C)C1C,C1C([*:5])C([*:1])C([*:2])C([*:3])C1[*:4],[*:1]C,[*:2]Cl,[*:3]C,[*:4]C,[*:5]F,6.447
C1C(C)C(C)C(Cl)C(C)C1CC,C1C([*:5])C([*:1])C([*:2])C([*:3])C1[*:4],[*:1]C,[*:2]Cl,[*:3]C,[*:4]CC,[*:5]C,6.150
C1C(F)C(C)C(Cl)C(C)C1CC,C1C([*:5])C([*:1])C([*:2])C([*:3])C1[*:4],[*:1]C,[*:2]Cl,[*:3]C,[*:4]CC,[*:5]F,6.428
C1C(N)C(C)C(Cl)C(C)C1CC,C1C([*:5])C([*:1])C([*:2])C([*:3])C1[*:4],[*:1]C,[*:2]Cl,[*:3]C,[*:4]CC,[*:5]N,6.200
C1C(C)C(C)C(Cl)C(C)C1C(F)(F)F,C1C([*:5])C([*:1])C([*:2])C([*:3])C1[*:4],[*:1]C,[*:2]Cl,[*:3]C,[*:4]C(F)(F)F,[*:5]C,5.919
C1C(F)C(C)C(Cl)C(C)C1C(F)(F)F,C1C([*:5])C([*:1])C([*:2])C([*:3])C1[*:4],[*:1]C,[*:2]Cl,[*:3]C,[*:4]C(F)(F)F,[*:5]F,6.153
C1C(OC)C(C)C(Cl)C(C)C1OC,C1C([*:5])C([*:1])C([*:2])C([*:3])C1[*:4],[*:1]C,[*:2]Cl,[*:3]C,[*:4]OC,[*:5]OC,6.634
C1C(F)C(C)C(Cl)C(C)C1OC,C1C([*:5])C([*:1])C([*:2])C([*:3])C1[*:4],[*:1]C,[*:2]Cl,[*:3]C,[*:4]OC,[*:5]F,6.469
C1C(OC)C(C)C(Cl)C(N)C1C,C1C([*:5])C([*:1])C([*:2])C([*:3])C1[*:4],[*:1]C,[*:2]Cl,[*:3]N,[*:4]C,[*:5]OC,6.714
C1C(F)C(C)C(Cl)C(N)C1C,C1C([*:5])C([*:1])C([*:2])C([*:3])C1[*:4],[*:1]C,[*:2]Cl,[*:3]N,[*:4]C,[*:5]F,6.344
C1C(C)C(C)C(Cl)C(N)C1CC,C1C([*:5])C([*:1])C([*:2])C([*:3])C1[*:4],[*:1]C,[*:2]Cl,[*:3]N,[*:4]CC,[*:5]C,6.114
C1C(N)C(C)C(Cl)C(N)C1CC,C1C([*:5])C([*:1])C([*:2])C([*:3])C1[*:4],[*:1]C,[*:2]Cl,[*:3]N,[*:4]CC,[*:5]N,6.182
C1C(F)C(C)C(Cl)C(N)C1C(F)(F)F,C1C([*:5])C([*:1])C([*:2])C([*:3])C1[*:4],[*:1]C,[*:2]Cl,[*:3]N,[*:4]C(F)(F)F,[*:5]F,6.224
C1C(N)C(C)C(Cl)C(N)C1C(F)(F)F,C1C([*:5])C([*:1])C([*:2])C([*:3])C1[*:4],[*:1]C,[*:2]Cl,[*:3]N,[*:4]C(F)(F)F,[*:5]N,6.064
C1C(C)C(C)C(Cl)C(N)C1OC,C1C([*:5])C([*:1])C([*:2])C([*:3])C1[*:4],[*:1]C,[*:2]Cl,[*:3]N,[*:4]OC,[*:5]C,6.193
C1C(OC)C(C)C(Cl)C(N)C1OC,C1C([*:5])C([*:1])C([*:2])C([*:3])C1[*:4],[*:1]C,[*:2]Cl,[*:3]N,[*:4]OC,[*:5]OC,6.533
C1C(F)C(C)C(Cl)C(N)C1OC,C1C([*:5])C([*:1])C([*:2])C([*:3])C1[*:4],[*:1]C,[*:2]Cl,[*:3]N,[*:4]OC,[*:5]F,6.369
C1C(OC)C(C)C(Cl)C(O)C1C,C1C([*:5])C([*:1])C([*:2])C([*:3])C1[*:4],[*:1]C,[*:2]Cl,[*:3]O,[*:4]C,[*:5]OC,6.657
C1C(N)C(C)C(Cl)C(O)C1C,C1C([*:5])C([*:1])C([*:2])C([*:3])C1[*:4],[*:1]C,[*:2]Cl,[*:3]O,[*:4]C,[*:5]N,6.244
C1C(C)C(C)C(Cl)C(O)C1CC,C1C([*:5])C([*:1])C([*:2])C([*:3])C1[*:4],[*:1]C,[*:2]Cl,[*:3]O,[*:4]CC,[*:5]C,6.161
C1C(OC)C(C)C(Cl)C(O)C1CC,C1C([*:5])C([*:1])C([*:2])C([*:3])C1[*:4],[*:1]C,[*:2]Cl,[*:3]O,[*:4]CC,[*:5]OC,6.524
C1C(F)C(C)C(Cl)C(O)C1CC,C1C([*:5])C([*:1])C([*:2])C([*:3])C1[*:4],[*:1]C,[*:2]Cl,[*:3]O,[*:4]CC,[*:5]F,6.370
C1C(N)C(C)C(Cl)C(O)C1CC,C1C([*:5])C([*:1])C([*:2])C([*:3])C1[*:4],[*:1]C,[*:2]Cl,[*:3]O,[*:4]CC,[*:5]N,6.186
C1C(OC)C(C)C(Cl)C(O)C1C(F)(F)F,C1C([*:5])C([*:1])C([*:2])C([*:3])C1[*:4],[*:1]C,[*:2]Cl,[*:3]O,[*:4]C(F)(F)F,[*:5]OC,6.390
C1C(OC)C(C)C(Cl)C(O)C1OC,C1C([*:5])C([*:1])C([*:2])C([*:3])C1[*:4],[*:1]C,[*:2]Cl,[*:3]O,[*:4]OC,[*:5]OC,6.568
C1C(C)C(C)C(Cl)C(Br)C1C,C1C([*:5])C([*:1])C([*:2])C([*:3])C1[*:4],[*:1]C,[*:2]Cl,[*:3]Br,[*:4]C,[*:5]C,6.254
C1C(N)C(C)C(Cl)C(Br)C1CC,C1C([*:5])C([*:1])C([*:2])C([*:3])C1[*:4],[*:1]C,[*:2]Cl,[*:3]Br,[*:4]CC,[*:5]N,6.195
C1C(C)C(C)C(Cl)C(Br)C1C(F)(F)F,C1C([*:5])C([*:1])C([*:2])C([*:3])C1[*:4],[*:1]C,[*:2]Cl,[*:3]Br,[*:4]C(F)(F)F,[*:5]C,5.988
C1C(F)C(C)C(Cl)C(Br)C1C(F)(F)F,C1C([*:5])C([*:1])C([*:2])C([*:3])C1[*:4],[*:1]C,[*:2]Cl,[*:3]Br,[*:4]C(F)(F)F,[*:5]F,6.199
C1C(C)C(C)C(Cl)C(Br)C1OC,C1C([*:5])C([*:1])C([*:2])C([*:3])C1[*:4],[*:1]C,[*:2]Cl,[*:3]Br,[*:4]OC,[*:5]C,6.257
C1C(F)C(C)C(Cl)C(Br)C1OC,C1C([*:5])C([*:1])C([*:2])C([*:3])C1[*:4],[*:1]C,[*:2]Cl,[*:3]Br,[*:4]OC,[*:5]F,6.394
C1C(N)C(C)C(Cl)C(Br)C1OC,C1C([*:5])C([*:1])C([*:2])C([*:3])C1[*:4],[*:1]C,[*:2]Cl,[*:3]Br,[*:4]OC,[*:5]N,6.307
C1C(C)C(C)C(C)C(C)C1C,C1C([*:5])C([*:1])C([*:2])C([*:3])C1[*:4],[*:1]C,[*:2]C,[*:3]C,[*:4]C,[*:5]C,5.636
C1C(F)C(C)C(C)C(C)C1C,C1C([*:5])C([*:1])C([*:2])C([*:3])C1[*:4],[*:1]C,[*:2]C,[*:3]C,[*:4]C,[*:5]F,5.895
C1C(F)C(C)C(C)C(C)C1CC,C1C([*:5])C([*:1])C([*:2])C([*:3])C1[*:4],[*:1]C,[*:2]C,[*:3]C,[*:4]CC,[*:5]F,5.689
C1C(F)C(C)C(C)C(C)C1C(F)(F)F,C1C([*:5])C([*:1])C([*:2])C([*:3])C1[*:4],[*:1]C,[*:2]C,[*:3]C,[*:4]C(F)(F)F,[*:5]F,5.702
C1C(C)C(C)C(C)C(C)C1OC,C1C([*:5])C([*:1])C([*:2])C([*:3])C1[*:4],[*:1]C,[*:2]C,[*:3]C,[*:4]OC,[*:5]C,5.595
C1C(OC)C(C)C(C)C(C)C1OC,C1C([*:5])C([*:1])C([*:2])C([*:3])C1[*:4],[*:1]C,[*:2]C,[*:3]C,[*:4]OC,[*:5]OC,6.025
C1C(OC)C(C)C(C)C(N)C1C,C1C([*:5])C([*:1])C([*:2])C([*:3])C1[*:4],[*:1]C,[*:2]C,[*:3]N,[*:4]C,[*:5]OC,6.070
C1C(F)C(C)C(C)C(N)C1C,C1C([*:5])C([*:1])C([*:2])C([*:3])C1[*:4],[*:1]C,[*:2]C,[*:3]N,[*:4]C,[*:5]F,5.901
C1C(N)C(C)C(C)C(N)C1C,C1C([*:5])C([*:1])C([*:2])C([*:3])C1[*:4],[*:1]C,[*:2]C,[*:3]N,[*:4]C,[*:5]N,5.694
C1C(F)C(C)C(C)C(N)C1CC,C1C([*:5])C([*:1])C([*:2])C([*:3])C1[*:4],[*:1]C,[*:2]C,[*:3]N,[*:4]CC,[*:5]F,5.743
C1C(C)C(C)C(C)C(N)C1C(F)(F)F,C1C([*:5])C([*:1])C([*:2])C([*:3])C1[*:4],[*:1]C,[*:2]C,[*:3]N,[*:4]C(F)(F)F,[*:5]C,5.439
C1C(OC)C(C)C(C)C(N)C1C(F)(F)F,C1C([*:5])C([*:1])C([*:2])C([*:3])C1[*:4],[*:1]C,[*:2]C,[*:3]N,[*:4]C(F)(F)F,[*:5]OC,5.795
C1C(F)C(C)C(C)C(N)C1C(F)(F)F,C1C([*:5])C([*:1])C([*:2])C([*:3])C1[*:4],[*:1]C,[*:2]C,[*:3]N,[*:4]C(F)(F)F,[*:5]F,5.604
C1C(C)C(C)C(C)C(N)C1OC,C1C([*:5])C([*:1])C([*:2])C([*:3])C1[*:4],[*:1]C,[*:2]C,[*:3]N,[*:4]OC,[*:5]C,5.629
C1C(F)C(C)C(C)C(N)C1OC,C1C([*:5])C([*:1])C([*:2])C([*:3])C1[*:4],[*:1]C,[*:2]C,[*:3]N,[*:4]OC,[*:5]F,5.712
C1C(N)C(C)C(C)C(N)C1OC,C1C([*:5])C([*:1])C([*:2])C([*:3])C1[*:4],[*:1]C,[*:2]C,[*:3]N,[*:4]OC,[*:5]N,5.659
C1C(OC)C(C)C(C)C(O)C1C,C1C([*:5])C([*:1])C([*:2])C([*:3])C1[*:4],[*:1]C,[*:2]C,[*:3]O,[*:4]C,[*:5]OC,6.053
C1C(F)C(C)C(C)C(O)C1CC,C1C([*:5])C([*:1])C([*:2])C([*:3])C1[*:4],[*:1]C,[*:2]C,[*:3]O,[*:4]CC,[*:5]F,5.779
C1C(C)C(C)C(C)C(O)C1C(F)(F)F,C1C([*:5])C([*:1])C([*:2])C([*:3])C1[*:4],[*:1]C,[*:2]C,[*:3]O,[*:4]C(F)(F)F,[*:5]C,5.344
C1C(OC)C(C)C(C)C(O)C1C(F)(F)F,C1C([*:5])C([*:1])C([*:2])C([*:3])C1[*:4],[*:1]C,[*:2]C,[*:3]O,[*:4]C(F)(F)F,[*:5]OC,5.806
C1C(F)C(C)C(C)C(O)C1C(F)(F)F,C1C([*:5])C([*:1])C([*:2])C([*:3])C1[*:4],[*:1]C,[*:2]C,[*:3]O,[*:4]C(F)(F)F,[*:5]F,5.606
C1C(OC)C(C)C(C)C(O)C1OC,C1C([*:5])C([*:1])C([*:2])C([*:3])C1[*:4],[*:1]C,[*:2]C,[*:3]O,[*:4]OC,[*:5]OC,5.946
C1C(C)C(C)C(C)C(Br)C1C,C1C([*:5])C([*:1])C([*:2])C([*:3])C1[*:4],[*:1]C,[*:2]C,[*:3]Br,[*:4]C,[*:5]C,5.629
C1C(F)C(C)C(C)C(Br)C1C,C1C([*:5])C([*:1])C([*:2])C([*:3])C1[*:4],[*:1]C,[*:2]C,[*:3]Br,[*:4]C,[*:5]F,5.885
C1C(N)C(C)C(C)C(Br)C1C,C1C([*:5])C([*:1])C([*:2])C([*:3])C1[*:4],[*:1]C,[*:2]C,[*:3]Br,[*:4]C,[*:5]N,5.710
C1C(OC)C(C)C(C)C(Br)C1CC,C1C([*:5])C([*:1])C([*:2])C([*:3])C1[*:4],[*:1]C,[*:2]C,[*:3]Br,[*:4]CC,[*:5]OC,5.830
C1C(F)C(C)C(C)C(Br)C1CC,C1C([*:5])C([*:1])C([*:2])C([*:3])C1[*:4],[*:1]C,[*:2]C,[*:3]Br,[*:4]CC,[*:5]F,5.695
C1C(C)C(C)C(C)C(Br)C1C(F)(F)F,C1C([*:5])C([*:1])C([*:2])C([*:3])C1[*:4],[*:1]C,[*:2]C,[*:3]Br,[*:4]C(F)(F)F,[*:5]C,5.442
C1C(F)C(C)C(C)C(Br)C1C(F)(F)F,C1C([*:5])C([*:1])C([*:2])C([*:3])C1[*:4],[*:1]C,[*:2]C,[*:3]Br,[*:4]C(F)(F)F,[*:5]F,5.686
C1C(N)C(C)C(C)C(Br)C1C(F)(F)F,C1C([*:5])C([*:1])C([*:2])C([*:3])C1[*:4],[*:1]C,[*:2]C,[*:3]Br,[*:4]C(F)(F)F,[*:5]N,5.499
C1C(C)C(C)C(C)C(Br)C1OC,C1C([*:5])C([*:1])C([*:2])C([*:3])C1[*:4],[*:1]C,[*:2]C,[*:3]Br,[*:4]OC,[*:5]C,5.641
C1C(OC)C(C)C(C)C(Br)C1OC,C1C([*:5])C([*:1])C([*:2])C([*:3])C1[*:4],[*:1]C,[*:2]C,[*:3]Br,[*:4]OC,[*:5]OC,5.961
C1C(F)C(C)C(C)C(Br)C1OC,C1C([*:5])C([*:1])C([*:2])C([*:3])C1[*:4],[*:1]C,[*:2]C,[*:3]Br,[*:4]OC,[*:5]F,5.769
C1C(OC)C(C)C(OC)C(C)C1C,C1C([*:5])C([*:1])C([*:2])C([*:3])C1[*:4],[*:1]C,[*:2]OC,[*:3]C,[*:4]C,[*:5]OC,5.838
C1C(F)C(C)C(OC)C(C)C1C,C1C([*:5])C([*:1])C([*:2])C([*:3])C1[*:4],[*:1]C,[*:2]OC,[*:3]C,[*:4]C,[*:5]F,5.653
C1C(N)C(C)C(OC)C(C)C1C,C1C([*:5])C([*:1])C([*:2])C([*:3])C1[*:4],[*:1]C,[*:2]OC,[*:3]C,[*:4]C,[*:5]N,5.520
C1C(N)C(C)C(OC)C(C)C1CC,C1C([*:5])C([*:1])C([*:2])C([*:3])C1[*:4],[*:1]C,[*:2]OC,[*:3]C,[*:4]CC,[*:5]N,5.481
C1C(C)C(C)C(OC)C(C)C1C(F)(F)F,C1C([*:5])C([*:1])C([*:2])C([*:3])C1[*:4],[*:1]C,[*:2]OC,[*:3]C,[*:4]C(F)(F)F,[*:5]C,5.159
C1C(F)C(C)C(OC)C(C)C1C(F)(F)F,C1C([*:5])C([*:1])C([*:2])C([*:3])C1[*:4],[*:1]C,[*:2]OC,[*:3]C,[*:4]C(F)(F)F,[*:5]F,5.490
C1C(N)C(C)C(OC)C(C)C1C(F)(F)F,C1C([*:5])C([*:1])C([*:2])C([*:3])C1[*:4],[*:1]C,[*:2]OC,[*:3]C,[*:4]C(F)(F)F,[*:5]N,5.388
C1C(C)C(C)C(OC)C(C)C1OC,C1C([*:5])C([*:1])C([*:2])C([*:3])C1[*:4],[*:1]C,[*:2]OC,[*:3]C,[*:4]OC,[*:5]C,5.459
C1C(OC)C(C)C(OC)C(C)C1OC,C1C([*:5])C([*:1])C([*:2])C([*:3])C1[*:4],[*:1]C,[*:2]OC,[*:3]C,[*:4]OC,[*:5]OC,5.754
C1C(N)C(C)C(OC)C(C)C1OC,C1C([*:5])C([*:1])C([*:2])C([*:3])C1[*:4],[*:1]C,[*:2]OC,[*:3]C,[*:4]OC,[*:5]N,5.578
C1C(OC)C(C)C(OC)C(N)C1C,C1C([*:5])C([*:1])C([*:2])C([*:3])C1[*:4],[*:1]C,[*:2]OC,[*:3]N,[*:4]C,[*:5]OC,5.955
C1C(F)C(C)C(OC)C(N)C1C,C1C([*:5])C([*:1])C([*:2])C([*:3])C1[*:4],[*:1]C,[*:2]OC,[*:3]N,[*:4]C,[*:5]F,5.594
C1C(N)C(C)C(OC)C(N)C1C,C1C([*:5])C([*:1])C([*:2])C([*:3])C1[*:4],[*:1]C,[*:2]OC,[*:3]N,[*:4]C,[*:5]N,5.527
C1C(C)C(C)C(OC)C(N)C1CC,C1C([*:5])C([*:1])C([*:2])C([*:3])C1[*:4],[*:1]C,[*:2]OC,[*:3]N,[*:4]CC,[*:5]C,5.319
C1C(F)C(C)C(OC)C(N)C1CC,C1C([*:5])C([*:1])C([*:2])C([*:3])C1[*:4],[*:1]C,[*:2]OC,[*:3]N,[*:4]CC,[*:5]F,5.481
C1C(N)C(C)C(OC)C(N)C1CC,C1C([*:5])C([*:1])C([*:2])C([*:3])C1[*:4],[*:1]C,[*:2]OC,[*:3]N,[*:4]CC,[*:5]N,5.394
C1C(C)C(C)C(OC)C(N)C1C(F)(F)F,C1C([*:5])C([*:1])C([*:2])C([*:3])C1[*:4],[*:1]C,[*:2]OC,[*:3]N,[*:4]C(F)(F)F,[*:5]C,5.270
C1C(OC)C(C)C(OC)C(N)C1C(F)(F)F,C1C([*:5])C([*:1])C([*:2])C([*:3])C1[*:4],[*:1]C,[*:2]OC,[*:3]N,[*:4]C(F)(F)F,[*:5]OC,5.546
C1C(F)C(C)C(OC)C(N)C1C(F)(F)F,C1C([*:5])C([*:1])C([*:2])C([*:3])C1[*:4],[*:1]C,[*:2]OC,[*:3]N,[*:4]C(F)(F)F,[*:5]F,5.435
C1C(C)C(C)C(OC)C(N)C1OC,C1C([*:5])C([*:1])C([*:2])C([*:3])C1[*:4],[*:1]C,[*:2]OC,[*:3]N,[*:4]OC,[*:5]C,5.419
C1C(N)C(C)C(OC)C(N)C1OC,C1C([*:5])C([*:1])C([*:2])C([*:3])C1[*:4],[*:1]C,[*:2]OC,[*:3]N,[*:4]OC,[*:5]N,5.408
C1C(C)C(C)C(OC)C(O)C1C,C1C([*:5])C([*:1])C([*:2])C([*:3])C1[*:4],[*:1]C,[*:2]OC,[*:3]O,[*:4]C,[*:5]C,5.438
C1C(OC)C(C)C(OC)C(O)C1C,C1C([*:5])C([*:1])C([*:2])C([*:3])C1[*:4],[*:1]C,[*:2]OC,[*:3]O,[*:4]C,[*:5]OC,5.880
C1C(N)C(C)C(OC)C(O)C1C,C1C([*:5])C([*:1])C([*:2])C([*:3])C1[*:4],[*:1]C,[*:2]OC,[*:3]O,[*:4]C,[*:5]N,5.681
C1C(C)C(C)C(OC)C(O)C1CC,C1C([*:5])C([*:1])C([*:2])C([*:3])C1[*:4],[*:1]C,[*:2]OC,[*:3]O,[*:4]CC,[*:5]C,5.321
C1C(F)C(C)C(OC)C(O)C1CC,C1C([*:5])C([*:1])C([*:2])C([*:3])C1[*:4],[*:1]C,[*:2]OC,[*:3]O,[*:4]CC,[*:5]F,5.610
C1C(C)C(C)C(OC)C(O)C1C(F)(F)F,C1C([*:5])C([*:1])C([*:2])C([*:3])C1[*:4],[*:1]C,[*:2]OC,[*:3]O,[*:4]C(F)(F)F,[*:5]C,5.309
C1C(OC)C(C)C(OC)C(O)C1C(F)(F)F,C1C([*:5])C([*:1])C([*:2])C([*:3])C1[*:4],[*:1]C,[*:2]OC,[*:3]O,[*:4]C(F)(F)F,[*:5]OC,5.565
C1C(N)C(C)C(OC)C(O)C1C(F)(F)F,C1C([*:5])C([*:1])C([*:2])C([*:3])C1[*:4],[*:1]C,[*:2]OC,[*:3]O,[*:4]C(F)(F)F,[*:5]N,5.328
C1C(OC)C(C)C(OC)C(O)C1OC,C1C([*:5])C([*:1])C([*:2])C([*:3])C1[*:4],[*:1]C,[*:2]OC,[*:3]O,[*:4]OC,[*:5]OC,5.833
C1C(N)C(C)C(OC)C(O)C1OC,C1C([*:5])C([*:1])C([*:2])C([*:3])C1[*:4],[*:1]C,[*:2]OC,[*:3]O,[*:4]OC,[*:5]N,5.600
C1C(C)C(C)C(OC)C(Br)C1C,C1C([*:5])C([*:1])C([*:2])C([*:3])C1[*:4],[*:1]C,[*:2]OC,[*:3]Br,[*:4]C,[*:5]C,5.358
C1C(OC)C(C)C(OC)C(Br)C1C,C1C([*:5])C([*:1])C([*:2])C([*:3])C1[*:4],[*:1]C,[*:2]OC,[*:3]Br,[*:4]C,[*:5]OC,5.894
C1C(F)C(C)C(OC)C(Br)C1C,C1C([*:5])C([*:1])C([*:2])C([*:3])C1[*:4],[*:1]C,[*:2]OC,[*:3]Br,[*:4]C,[*:5]F,5.650
C1C(N)C(C)C(OC)C(Br)C1C,C1C([*:5])C([*:1])C([*:2])C([*:3])C1[*:4],[*:1]C,[*:2]OC,[*:3]Br,[*:4]C,[*:5]N,5.579
C1C(OC)C(C)C(OC)C(Br)C1CC,C1C([*:5])C([*:1])C([*:2])C([*:3])C1[*:4],[*:1]C,[*:2]OC,[*:3]Br,[*:4]CC,[*:5]OC,5.769
C1C(N)C(C)C(OC)C(Br)C1CC,C1C([*:5])C([*:1])C([*:2])C([*:3])C1[*:4],[*:1]C,[*:2]OC,[*:3]Br,[*:4]CC,[*:5]N,5.350
C1C(C)C(C)C(OC)C(Br)C1C(F)(F)F,C1C([*:5])C([*:1])C([*:2])C([*:3])C1[*:4],[*:1]C,[*:2]OC,[*:3]Br,[*:4]C(F)(F)F,[*:5]C,5.201
C1C(OC)C(C)C(OC)C(Br)C1C(F)(F)F,C1C([*:5])C([*:1])C([*:2])C([*:3])C1[*:4],[*:1]C,[*:2]OC,[*:3]Br,[*:4]C(F)(F)F,[*:5]OC,5.636
C1C(F)C(C)C(OC)C(Br)C1C(F)(F)F,C1C([*:5])C([*:1])C([*:2])C([*:3])C1[*:4],[*:1]C,[*:2]OC,[*:3]Br,[*:4]C(F)(F)F,[*:5]F,5.417
C1C(OC)C(C)C(OC)C(Br)C1OC,C1C([*:5])C([*:1])C([*:2])C([*:3])C1[*:4],[*:1]C,[*:2]OC,[*:3]Br,[*:4]OC,[*:5]OC,5.845
C1C(F)C(C)C(OC)C(Br)C1OC,C1C([*:5])C([*:1])C([*:2])C([*:3])C1[*:4],[*:1]C,[*:2]OC,[*:3]Br,[*:4]OC,[*:5]F,5.573
C1C(N)C(C)C(OC)C(Br)C1OC,C1C([*:5])C([*:1])C([*:2])C([*:3])C1[*:4],[*:1]C,[*:2]OC,[*:3]Br,[*:4]OC,[*:5]N,5.463
C1C(C)C(C)C(Br)C(C)C1C,C1C([*:5])C([*:1])C([*:2])C([*:3])C1[*:4],[*:1]C,[*:2]Br,[*:3]C,[*:4]C,[*:5]C,6.123
C1C(C)C(C)C(Br)C(C)C1CC,C1C([*:5])C([*:1])C([*:2])C([*:3])C1[*:4],[*:1]C,[*:2]Br,[*:3]C,[*:4]CC,[*:5]C,6.020
C1C(F)C(C)C(Br)C(C)C1CC,C1C([*:5])C([*:1])C([*:2])C([*:3])C1[*:4],[*:1]C,[*:2]Br,[*:3]C,[*:4]CC,[*:5]F,6.151
C1C(N)C(C)C(Br)C(C)C1CC,C1C([*:5])C([*:1])C([*:2])C([*:3])C1[*:4],[*:1]C,[*:2]Br,[*:3]C,[*:4]CC,[*:5]N,6.041
C1C(C)C(C)C(Br)C(C)C1C(F)(F)F,C1C([*:5])C([*:1])C([*:2])C([*:3])C1[*:4],[*:1]C,[*:2]Br,[*:3]C,[*:4]C(F)(F)F,[*:5]C,5.857
C1C(OC)C(C)C(Br)C(C)C1C(F)(F)F,C1C([*:5])C([*:1])C([*:2])C([*:3])C1[*:4],[*:1]C,[*:2]Br,[*:3]C,[*:4]C(F)(F)F,[*:5]OC,6.259
C1C(F)C(C)C(Br)C(C)C1C(F)(F)F,C1C([*:5])C([*:1])C([*:2])C([*:3])C1[*:4],[*:1]C,[*:2]Br,[*:3]C,[*:4]C(F)(F)F,[*:5]F,6.174
C1C(N)C(C)C(Br)C(C)C1C(F)(F)F,C1C([*:5])C([*:1])C([*:2])C([*:3])C1[*:4],[*:1]C,[*:2]Br,[*:3]C,[*:4]C(F)(F)F,[*:5]N,5.963
C1C(C)C(C)C(Br)C(C)C1OC,C1C([*:5])C([*:1])C([*:2])C([*:3])C1[*:4],[*:1]C,[*:2]Br,[*:3]C,[*:4]OC,[*:5]C,6.092
C1C(N)C(C)C(Br)C(C)C1OC,C1C([*:5])C([*:1])C([*:2])C([*:3])C1[*:4],[*:1]C,[*:2]Br,[*:3]C,[*:4]OC,[*:5]N,6.142
C1C(C)C(C)C(Br)C(N)C1C,C1C([*:5])C([*:1])C([*:2])C([*:3])C1[*:4],[*:1]C,[*:2]Br,[*:3]N,[*:4]C,[*:5]C,6.084
C1C(C)C(C)C(Br)C(N)C1CC,C1C([*:5])C([*:1])C([*:2])C([*:3])C1[*:4],[*:1]C,[*:2]Br,[*:3]N,[*:4]CC,[*:5]C,5.952
C1C(F)C(C)C(Br)C(N)C1CC,C1C([*:5])C([*:1])C([*:2])C([*:3])C1[*:4],[*:1]C,[*:2]Br,[*:3]N,[*:4]CC,[*:5]F,6.185
C1C(N)C(C)C(Br)C(N)C1CC,C1C([*:5])C([*:1])C([*:2])C([*:3])C1[*:4],[*:1]C,[*:2]Br,[*:3]N,[*:4]CC,[*:5]N,6.097
C1C(C)C(C)C(Br)C(N)C1C(F)(F)F,C1C([*:5])C([*:1])C([*:2])C([*:3])C1[*:4],[*:1]C,[*:2]Br,[*:3]N,[*:4]C(F)(F)F,[*:5]C,5.904
C1C(N)C(C)C(Br)C(N)C1C(F)(F)F,C1C([*:5])C([*:1])C([*:2])C([*:3])C1[*:4],[*:1]C,[*:2]Br,[*:3]N,[*:4]C(F)(F)F,[*:5]N,5.977
C1C(OC)C(C)C(Br)C(N)C1OC,C1C([*:5])C([*:1])C([*:2])C([*:3])C1[*:4],[*:1]C,[*:2]Br,[*:3]N,[*:4]OC,[*:5]OC,6.404
C1C(OC)C(C)C(Br)C(O)C1C(F)(F)F,C1C([*:5])C([*:1])C([*:2])C([*:3])C1[*:4],[*:1]C,[*:2]Br,[*:3]O,[*:4]C(F)(F)F,[*:5]OC,6.219
C1C(F)C(C)C(Br)C(O)C1C(F)(F)F,C1C([*:5])C([*:1])C([*:2])C([*:3])C1[*:4],[*:1]C,[*:2]Br,[*:3]O,[*:4]C(F)(F)F,[*:5]F,5.987
C1C(C)C(C)C(Br)C(O)C1OC,C1C([*:5])C([*:1])C([*:2])C([*:3])C1[*:4],[*:1]C,[*:2]Br,[*:3]O,[*:4]OC,[*:5]C,6.043
C1C(OC)C(C)C(Br)C(O)C1OC,C1C([*:5])C([*:1])C([*:2])C([*:3])C1[*:4],[*:1]C,[*:2]Br,[*:3]O,[*:4]OC,[*:5]OC,6.517
C1C(F)C(C)C(Br)C(O)C1OC,C1C([*:5])C([*:1])C([*:2])C([*:3])C1[*:4],[*:1]C,[*:2]Br,[*:3]O,[*:4]OC,[*:5]F,6.293
C1C(C)C(C)C(Br)C(Br)C1C,C1C([*:5])C([*:1])C([*:2])C([*:3])C1[*:4],[*:1]C,[*:2]Br,[*:3]Br,[*:4]C,[*:5]C,6.067
C1C(OC)C(C)C(Br)C(Br)C1C,C1C([*:5])C([*:1])C([*:2])C([*:3])C1[*:4],[*:1]C,[*:2]Br,[*:3]Br,[*:4]C,[*:5]OC,6.559
C1C(F)C(C)C(Br)C(Br)C1C,C1C([*:5])C([*:1])C([*:2])C([*:3])C1[*:4],[*:1]C,[*:2]Br,[*:3]Br,[*:4]C,[*:5]F,6.292
C1C(N)C(C)C(Br)C(Br)C1C,C1C([*:5])C([*:1])C([*:2])C([*:3])C1[*:4],[*:1]C,[*:2]Br,[*:3]Br,[*:4]C,[*:5]N,6.146
C1C(OC)C(C)C(Br)C(Br)C1CC,C1C([*:5])C([*:1])C([*:2])C([*:3])C1[*:4],[*:1]C,[*:2]Br,[*:3]Br,[*:4]CC,[*:5]OC,6.445
C1C(F)C(C)C(Br)C(Br)C1CC,C1C([*:5])C([*:1])C([*:2])C([*:3])C1[*:4],[*:1]C,[*:2]Br,[*:3]Br,[*:4]CC,[*:5]F,6.078
C1C(C)C(C)C(Br)C(Br)C1C(F)(F)F,C1C([*:5])C([*:1])C([*:2])C([*:3])C1[*:4],[*:1]C,[*:2]Br,[*:3]Br,[*:4]C(F)(F)F,[*:5]C,5.845
C1C(OC)C(C)C(Br)C(Br)C1C(F)(F)F,C1C([*:5])C([*:1])C([*:2])C([*:3])C1[*:4],[*:1]C,[*:2]Br,[*:3]Br,[*:4]C(F)(F)F,[*:5]OC,6.168
C1C(OC)C(C)C(Br)C(Br)C1OC,C1C([*:5])C([*:1])C([*:2])C([*:3])C1[*:4],[*:1]C,[*:2]Br,[*:3]Br,[*:4]OC,[*:5]OC,6.321
C1C(N)C(C)C(Br)C(Br)C1OC,C1C([*:5])C([*:1])C([*:2])C([*:3])C1[*:4],[*:1]C,[*:2]Br,[*:3]Br,[*:4]OC,[*:5]N,6.099
C1C(C)C(CC)C(F)C(C)C1C,C1C([*:5])C([*:1])C([*:2])C([*:3])C1[*:4],[*:1]CC,[*:2]F,[*:3]C,[*:4]C,[*:5]C,6.543
C1C(OC)C(CC)C(F)C(C)C1C,C1C([*:5])C([*:1])C([*:2])C([*:3])C1[*:4],[*:1]CC,[*:2]F,[*:3]C,[*:4]C,[*:5]OC,6.935
C1C(F)C(CC)C(F)C(C)C1C,C1C([*:5])C([*:1])C([*:2])C([*:3])C1[*:4],[*:1]CC,[*:2]F,[*:3]C,[*:4]C,[*:5]F,6.772
C1C(N)C(CC)C(F)C(C)C1C,C1C([*:5])C([*:1])C([*:2])C([*:3])C1[*:4],[*:1]CC,[*:2]F,[*:3]C,[*:4]C,[*:5]N,6.628
C1C(OC)C(CC)C(F)C(C)C1CC,C1C([*:5])C([*:1])C([*:2])C([*:3])C1[*:4],[*:1]CC,[*:2]F,[*:3]C,[*:4]CC,[*:5]OC,6.934
C1C(N)C(CC)C(F)C(C)C1CC,C1C([*:5])C([*:1])C([*:2])C([*:3])C1[*:4],[*:1]CC,[*:2]F,[*:3]C,[*:4]CC,[*:5]N,6.560
C1C(C)C(CC)C(F)C(C)C1C(F)(F)F,C1C([*:5])C([*:1])C([*:2])C([*:3])C1[*:4],[*:1]CC,[*:2]F,[*:3]C,[*:4]C(F)(F)F,[*:5]C,6.394
C1C(C)C(CC)C(F)C(C)C1OC,C1C([*:5])C([*:1])C([*:2])C([*:3])C1[*:4],[*:1]CC,[*:2]F,[*:3]C,[*:4]OC,[*:5]C,6.486
C1C(OC)C(CC)C(F)C(C)C1OC,C1C([*:5])C([*:1])C([*:2])C([*:3])C1[*:4],[*:1]CC,[*:2]F,[*:3]C,[*:4]OC,[*:5]OC,6.936
C1C(F)C(CC)C(F)C(C)C1OC,C1C([*:5])C([*:1])C([*:2])C([*:3])C1[*:4],[*:1]CC,[*:2]F,[*:3]C,[*:4]OC,[*:5]F,6.757
C1C(N)C(CC)C(F)C(C)C1OC,C1C([*:5])C([*:1])C([*:2])C([*:3])C1[*:4],[*:1]CC,[*:2]F,[*:3]C,[*:4]OC,[*:5]N,6.543
C1C(C)C(CC)C(F)C(N)C1C,C1C([*:5])C([*:1])C([*:2])C([*:3])C1[*:4],[*:1]CC,[*:2]F,[*:3]N,[*:4]C,[*:5]C,6.522
C1C(OC)C(CC)C(F)C(N)C1C,C1C([*:5])C([*:1])C([*:2])C([*:3])C1[*:4],[*:1]CC,[*:2]F,[*:3]N,[*:4]C,[*:5]OC,6.891
C1C(N)C(CC)C(F)C(N)C1C,C1C([*:5])C([*:1])C([*:2])C([*:3])C1[*:4],[*:1]CC,[*:2]F,[*:3]N,[*:4]C,[*:5]N,6.547
C1C(C)C(CC)C(F)C(N)C1CC,C1C([*:5])C([*:1])C([*:2])C([*:3])C1[*:4],[*:1]CC,[*:2]F,[*:3]N,[*:4]CC,[*:5]C,6.442
C1C(F)C(CC)C(F)C(N)C1CC,C1C([*:5])C([*:1])C([*:2])C([*:3])C1[*:4],[*:1]CC,[*:2]F,[*:3]N,[*:4]CC,[*:5]F,6.683
C1C(OC)C(CC)C(F)C(N)C1C(F)(F)F,C1C([*:5])C([*:1])C([*:2])C([*:3])C1[*:4],[*:1]CC,[*:2]F,[*:3]N,[*:4]C(F)(F)F,[*:5]OC,6.609
C1C(F)C(CC)C(F)C(N)C1C(F)(F)F,C1C([*:5])C([*:1])C([*:2])C([*:3])C1[*:4],[*:1]CC,[*:2]F,[*:3]N,[*:4]C(F)(F)F,[*:5]F,6.477
C1C(N)C(CC)C(F)C(N)C1C(F)(F)F,C1C([*:5])C([*:1])C([*:2])C([*:3])C1[*:4],[*:1]CC,[*:2]F,[*:3]N,[*:4]C(F)(F)F,[*:5]N,6.378
C1C(OC)C(CC)C(F)C(N)C1OC,C1C([*:5])C([*:1])C([*:2])C([*:3])C1[*:4],[*:1]CC,[*:2]F,[*:3]N,[*:4]OC,[*:5]OC,6.815
C1C(N)C(CC)C(F)C(N)C1OC,C1C([*:5])C([*:1])C([*:2])C([*:3])C1[*:4],[*:1]CC,[*:2]F,[*:3]N,[*:4]OC,[*:5]N,6.574
C1C(F)C(CC)C(F)C(O)C1C,C1C([*:5])C([*:1])C([*:2])C([*:3])C1[*:4],[*:1]CC,[*:2]F,[*:3]O,[*:4]C,[*:5]F,6.810
C1C(C)C(CC)C(F)C(O)C1CC,C1C([*:5])C([*:1])C([*:2])C([*:3])C1[*:4],[*:1]CC,[*:2]F,[*:3]O,[*:4]CC,[*:5]C,6.416
C1C(N)C(CC)C(F)C(O)C1CC,C1C([*:5])C([*:1])C([*:2])C([*:3])C1[*:4],[*:1]CC,[*:2]F,[*:3]O,[*:4]CC,[*:5]N,6.490
C1C(OC)C(CC)C(F)C(O)C1C(F)(F)F,C1C([*:5])C([*:1])C([*:2])C([*:3])C1[*:4],[*:1]CC,[*:2]F,[*:3]O,[*:4]C(F)(F)F,[*:5]OC,6.722
C1C(F)C(CC)C(F)C(O)C1OC,C1C([*:5])C([*:1])C([*:2])C([*:3])C1[*:4],[*:1]CC,[*:2]F,[*:3]O,[*:4]OC,[*:5]F,6.713
C1C(N)C(CC)C(F)C(O)C1OC,C1C([*:5])C([*:1])C([*:2])C([*:3])C1[*:4],[*:1]CC,[*:2]F,[*:3]O,[*:4]OC,[*:5]N,6.577
C1C(C)C(CC)C(F)C(Br)C1C,C1C([*:5])C([*:1])C([*:2])C([*:3])C1[*:4],[*:1]CC,[*:2]F,[*:3]Br,[*:4]C,[*:5]C,6.528
C1C(OC)C(CC)C(F)C(Br)C1C,C1C([*:5])C([*:1])C([*:2])C([*:3])C1[*:4],[*:1]CC,[*:2]F,[*:3]Br,[*:4]C,[*:5]OC,6.926
C1C(N)C(CC)C(F)C(Br)C1C,C1C([*:5])C([*:1])C([*:2])C([*:3])C1[*:4],[*:1]CC,[*:2]F,[*:3]Br,[*:4]C,[*:5]N,6.602
C1C(F)C(CC)C(F)C(Br)C1CC,C1C([*:5])C([*:1])C([*:2])C([*:3])C1[*:4],[*:1]CC,[*:2]F,[*:3]Br,[*:4]CC,[*:5]F,6.591
C1C(C)C(CC)C(F)C(Br)C1C(F)(F)F,C1C([*:5])C([*:1])C([*:2])C([*:3])C1[*:4],[*:1]CC,[*:2]F,[*:3]Br,[*:4]C(F)(F)F,[*:5]C,6.221
C1C(OC)C(CC)C(F)C(Br)C1C(F)(F)F,C1C([*:5])C([*:1])C([*:2])C([*:3])C1[*:4],[*:1]CC,[*:2]F,[*:3]Br,[*:4]C(F)(F)F,[*:5]OC,6.676
C1C(F)C(CC)C(F)C(Br)C1C(F)(F)F,C1C([*:5])C([*:1])C([*:2])C([*:3])C1[*:4],[*:1]CC,[*:2]F,[*:3]Br,[*:4]C(F)(F)F,[*:5]F,6.489
C1C(C)C(CC)C(Cl)C(C)C1C,C1C([*:5])C([*:1])C([*:2])C([*:3])C1[*:4],[*:1]CC,[*:2]Cl,[*:3]C,[*:4]C,[*:5]C,6.273
C1C(N)C(CC)C(Cl)C(C)C1C,C1C([*:5])C([*:1])C([*:2])C([*:3])C1[*:4],[*:1]CC,[*:2]Cl,[*:3]C,[*:4]C,[*:5]N,6.524
C1C(C)C(CC)C(Cl)C(C)C1CC,C1C([*:5])C([*:1])C([*:2])C([*:3])C1[*:4],[*:1]CC,[*:2]Cl,[*:3]C,[*:4]CC,[*:5]C,6.239
C1C(OC)C(CC)C(Cl)C(C)C1CC,C1C([*:5])C([*:1])C([*:2])C([*:3])C1[*:4],[*:1]CC,[*:2]Cl,[*:3]C,[*:4]CC,[*:5]OC,6.631
C1C(C)C(CC)C(Cl)C(C)C1C(F)(F)F,C1C([*:5])C([*:1])C([*:2])C([*:3])C1[*:4],[*:1]CC,[*:2]Cl,[*:3]C,[*:4]C(F)(F)F,[*:5]C,6.233
C1C(N)C(CC)C(Cl)C(C)C1C(F)(F)F,C1C([*:5])C([*:1])C([*:2])C([*:3])C1[*:4],[*:1]CC,[*:2]Cl,[*:3]C,[*:4]C(F)(F)F,[*:5]N,6.210
C1C(OC)C(CC)C(Cl)C(C)C1OC,C1C([*:5])C([*:1])C([*:2])C([*:3])C1[*:4],[*:1]CC,[*:2]Cl,[*:3]C,[*:4]OC,[*:5]OC,6.698
C1C(F)C(CC)C(Cl)C(C)C1OC,C1C([*:5])C([*:1])C([*:2])C([*:3])C1[*:4],[*:1]CC,[*:2]Cl,[*:3]C,[*:4]OC,[*:5]F,6.554
C1C(OC)C(CC)C(Cl)C(N)C1C,C1C([*:5])C([*:1])C([*:2])C([*:3])C1[*:4],[*:1]CC,[*:2]Cl,[*:3]N,[*:4]C,[*:5]OC,6.749
C1C(F)C(CC)C(Cl)C(N)C1C,C1C([*:5])C([*:1])C([*:2])C([*:3])C1[*:4],[*:1]CC,[*:2]Cl,[*:3]N,[*:4]C,[*:5]F,6.440
C1C(N)C(CC)C(Cl)C(N)C1C,C1C([*:5])C([*:1])C([*:2])C([*:3])C1[*:4],[*:1]CC,[*:2]Cl,[*:3]N,[*:4]C,[*:5]N,6.392
C1C(OC)C(CC)C(Cl)C(N)C1CC,C1C([*:5])C([*:1])C([*:2])C([*:3])C1[*:4],[*:1]CC,[*:2]Cl,[*:3]N,[*:4]CC,[*:5]OC,6.580
C1C(F)C(CC)C(Cl)C(N)C1CC,C1C([*:5])C([*:1])C([*:2])C([*:3])C1[*:4],[*:1]CC,[*:2]Cl,[*:3]N,[*:4]CC,[*:5]F,6.492
C1C(N)C(CC)C(Cl)C(N)C1C(F)(F)F,C1C([*:5])C([*:1])C([*:2])C([*:3])C1[*:4],[*:1]CC,[*:2]Cl,[*:3]N,[*:4]C(F)(F)F,[*:5]N,6.273
C1C(OC)C(CC)C(Cl)C(N)C1OC,C1C([*:5])C([*:1])C([*:2])C([*:3])C1[*:4],[*:1]CC,[*:2]Cl,[*:3]N,[*:4]OC,[*:5]OC,6.709
C1C(F)C(CC)C(Cl)C(N)C1OC,C1C([*:5])C([*:1])C([*:2])C([*:3])C1[*:4],[*:1]CC,[*:2]Cl,[*:3]N,[*:4]OC,[*:5]F,6.528
C1C(N)C(CC)C(Cl)C(N)C1OC,C1C([*:5])C([*:1])C([*:2])C([*:3])C1[*:4],[*:1]CC,[*:2]Cl,[*:3]N,[*:4]OC,[*:5]N,6.353
C1C(C)C(CC)C(Cl)C(O)C1CC,C1C([*:5])C([*:1])C([*:2])C([*:3])C1[*:4],[*:1]CC,[*:2]Cl,[*:3]O,[*:4]CC,[*:5]C,6.232
C1C(F)C(CC)C(Cl)C(O)C1CC,C1C([*:5])C([*:1])C([*:2])C([*:3])C1[*:4],[*:1]CC,[*:2]Cl,[*:3]O,[*:4]CC,[*:5]F,6.441
C1C(N)C(CC)C(Cl)C(O)C1CC,C1C([*:5])C([*:1])C([*:2])C([*:3])C1[*:4],[*:1]CC,[*:2]Cl,[*:3]O,[*:4]CC,[*:5]N,6.310
C1C(C)C(CC)C(Cl)C(O)C1C(F)(F)F,C1C([*:5])C([*:1])C([*:2])C([*:3])C1[*:4],[*:1]CC,[*:2]Cl,[*:3]O,[*:4]C(F)(F)F,[*:5]C,6.231
C1C(F)C(CC)C(Cl)C(O)C1C(F)(F)F,C1C([*:5])C([*:1])C([*:2])C([*:3])C1[*:4],[*:1]CC,[*:2]Cl,[*:3]O,[*:4]C(F)(F)F,[*:5]F,6.398
C1C(N)C(CC)C(Cl)C(O)C1C(F)(F)F,C1C([*:5])C([*:1])C([*:2])C([*:3])C1[*:4],[*:1]CC,[*:2]Cl,[*:3]O,[*:4]C(F)(F)F,[*:5]N,6.240
C1C(C)C(CC)C(Cl)C(O)C1OC,C1C([*:5])C([*:1])C([*:2])C([*:3])C1[*:4],[*:1]CC,[*:2]Cl,[*:3]O,[*:4]OC,[*:5]C,6.359
C1C(OC)C(CC)C(Cl)C(O)C1OC,C1C([*:5])C([*:1])C([*:2])C([*:3])C1[*:4],[*:1]CC,[*:2]Cl,[*:3]O,[*:4]OC,[*:5]OC,6.796
C1C(C)C(CC)C(Cl)C(Br)C1C,C1C([*:5])C([*:1])C([*:2])C([*:3])C1[*:4],[*:1]CC,[*:2]Cl,[*:3]Br,[*:4]C,[*:5]C,6.323
C1C(OC)C(CC)C(Cl)C(Br)C1C,C1C([*:5])C([*:1])C([*:2])C([*:3])C1[*:4],[*:1]CC,[*:2]Cl,[*:3]Br,[*:4]C,[*:5]OC,6.748
C1C(OC)C(CC)C(Cl)C(Br)C1C(F)(F)F,C1C([*:5])C([*:1])C([*:2])C([*:3])C1[*:4],[*:1]CC,[*:2]Cl,[*:3]Br,[*:4]C(F)(F)F,[*:5]OC,6.509
C1C(F)C(CC)C(Cl)C(Br)C1C(F)(F)F,C1C([*:5])C([*:1])C([*:2])C([*:3])C1[*:4],[*:1]CC,[*:2]Cl,[*:3]Br,[*:4]C(F)(F)F,[*:5]F,6.300
C1C(F)C(CC)C(Cl)C(Br)C1OC,C1C([*:5])C([*:1])C([*:2])C([*:3])C1[*:4],[*:1]CC,[*:2]Cl,[*:3]Br,[*:4]OC,[*:5]F,6.495
C1C(N)C(CC)C(Cl)C(Br)C1OC,C1C([*:5])C([*:1])C([*:2])C([*:3])C1[*:4],[*:1]CC,[*:2]Cl,[*:3]Br,[*:4]OC,[*:5]N,6.359
C1C(C)C(CC)C(C)C(C)C1CC,C1C([*:5])C([*:1])C([*:2])C([*:3])C1[*:4],[*:1]CC,[*:2]C,[*:3]C,[*:4]CC,[*:5]C,5.694
C1C(OC)C(CC)C(C)C(C)C1CC,C1C([*:5])C([*:1])C([*:2])C([*:3])C1[*:4],[*:1]CC,[*:2]C,[*:3]C,[*:4]CC,[*:5]OC,6.063
C1C(F)C(CC)C(C)C(C)C1CC,C1C([*:5])C([*:1])C([*:2])C([*:3])C1[*:4],[*:1]CC,[*:2]C,[*:3]C,[*:4]CC,[*:5]F,5.919
C1C(OC)C(CC)C(C)C(C)C1C(F)(F)F,C1C([*:5])C([*:1])C([*:2])C([*:3])C1[*:4],[*:1]CC,[*:2]C,[*:3]C,[*:4]C(F)(F)F,[*:5]OC,5.921
C1C(OC)C(CC)C(C)C(C)C1OC,C1C([*:5])C([*:1])C([*:2])C([*:3])C1[*:4],[*:1]CC,[*:2]C,[*:3]C,[*:4]OC,[*:5]OC,6.086
C1C(N)C(CC)C(C)C(C)C1OC,C1C([*:5])C([*:1])C([*:2])C([*:3])C1[*:4],[*:1]CC,[*:2]C,[*:3]C,[*:4]OC,[*:5]N,5.803
C1C(C)C(CC)C(C)C(N)C1C,C1C([*:5])C([*:1])C([*:2])C([*:3])C1[*:4],[*:1]CC,[*:2]C,[*:3]N,[*:4]C,[*:5]C,5.746
C1C(OC)C(CC)C(C)C(N)C1C,C1C([*:5])C([*:1])C([*:2])C([*:3])C1[*:4],[*:1]CC,[*:2]C,[*:3]N,[*:4]C,[*:5]OC,6.149
C1C(F)C(CC)C(C)C(N)C1C,C1C([*:5])C([*:1])C([*:2])C([*:3])C1[*:4],[*:1]CC,[*:2]C,[*:3]N,[*:4]C,[*:5]F,6.049
C1C(N)C(CC)C(C)C(N)C1C,C1C([*:5])C([*:1])C([*:2])C([*:3])C1[*:4],[*:1]CC,[*:2]C,[*:3]N,[*:4]C,[*:5]N,5.831
C1C(F)C(CC)C(C)C(N)C1CC,C1C([*:5])C([*:1])C([*:2])C([*:3])C1[*:4],[*:1]CC,[*:2]C,[*:3]N,[*:4]CC,[*:5]F,5.851
C1C(C)C(CC)C(C)C(N)C1C(F)(F)F,C1C([*:5])C([*:1])C([*:2])C([*:3])C1[*:4],[*:1]CC,[*:2]C,[*:3]N,[*:4]C(F)(F)F,[*:5]C,5.442
C1C(C)C(CC)C(C)C(N)C1OC,C1C([*:5])C([*:1])C([*:2])C([*:3])C1[*:4],[*:1]CC,[*:2]C,[*:3]N,[*:4]OC,[*:5]C,5.657
C1C(N)C(CC)C(C)C(N)C1OC,C1C([*:5])C([*:1])C([*:2])C([*:3])C1[*:4],[*:1]CC,[*:2]C,[*:3]N,[*:4]OC,[*:5]N,5.730
C1C(OC)C(CC)C(C)C(O)C1C,C1C([*:5])C([*:1])C([*:2])C([*:3])C1[*:4],[*:1]CC,[*:2]C,[*:3]O,[*:4]C,[*:5]OC,6.216
C1C(F)C(CC)C(C)C(O)C1C,C1C([*:5])C([*:1])C([*:2])C([*:3])C1[*:4],[*:1]CC,[*:2]C,[*:3]O,[*:4]C,[*:5]F,5.912
C1C(N)C(CC)C(C)C(O)C1C,C1C([*:5])C([*:1])C([*:2])C([*:3])C1[*:4],[*:1]CC,[*:2]C,[*:3]O,[*:4]C,[*:5]N,5.874
C1C(F)C(CC)C(C)C(O)C1CC,C1C([*:5])C([*:1])C([*:2])C([*:3])C1[*:4],[*:1]CC,[*:2]C,[*:3]O,[*:4]CC,[*:5]F,5.957
C1C(N)C(CC)C(C)C(O)C1CC,C1C([*:5])C([*:1])C([*:2])C([*:3])C1[*:4],[*:1]CC,[*:2]C,[*:3]O,[*:4]CC,[*:5]N,5.765
C1C(F)C(CC)C(C)C(O)C1C(F)(F)F,C1C([*:5])C([*:1])C([*:2])C([*:3])C1[*:4],[*:1]CC,[*:2]C,[*:3]O,[*:4]C(F)(F)F,[*:5]F,5.760
C1C(C)C(CC)C(C)C(O)C1OC,C1C([*:5])C([*:1])C([*:2])C([*:3])C1[*:4],[*:1]CC,[*:2]C,[*:3]O,[*:4]OC,[*:5]C,5.677
C1C(N)C(CC)C(C)C(O)C1OC,C1C([*:5])C([*:1])C([*:2])C([*:3])C1[*:4],[*:1]CC,[*:2]C,[*:3]O,[*:4]OC,[*:5]N,5.738
C1C(OC)C(CC)C(C)C(Br)C1C,C1C([*:5])C([*:1])C([*:2])C([*:3])C1[*:4],[*:1]CC,[*:2]C,[*:3]Br,[*:4]C,[*:5]OC,6.117
C1C(F)C(CC)C(C)C(Br)C1C,C1C([*:5])C([*:1])C([*:2])C([*:3])C1[*:4],[*:1]CC,[*:2]C,[*:3]Br,[*:4]C,[*:5]F,6.026
C1C(OC)C(CC)C(C)C(Br)C1CC,C1C([*:5])C([*:1])C([*:2])C([*:3])C1[*:4],[*:1]CC,[*:2]C,[*:3]Br,[*:4]CC,[*:5]OC,5.907
C1C(F)C(CC)C(C)C(Br)C1CC,C1C([*:5])C([*:1])C([*:2])C([*:3])C1[*:4],[*:1]CC,[*:2]C,[*:3]Br,[*:4]CC,[*:5]F,5.870
C1C(N)C(CC)C(C)C(Br)C1CC,C1C([*:5])C([*:1])C([*:2])C([*:3])C1[*:4],[*:1]CC,[*:2]C,[*:3]Br,[*:4]CC,[*:5]N,5.752
C1C(C)C(CC)C(C)C(Br)C1C(F)(F)F,C1C([*:5])C([*:1])C([*:2])C([*:3])C1[*:4],[*:1]CC,[*:2]C,[*:3]Br,[*:4]C(F)(F)F,[*:5]C,5.491
C1C(OC)C(CC)C(C)C(Br)C1C(F)(F)F,C1C([*:5])C([*:1])C([*:2])C([*:3])C1[*:4],[*:1]CC,[*:2]C,[*:3]Br,[*:4]C(F)(F)F,[*:5]OC,5.985
C1C(N)C(CC)C(C)C(Br)C1C(F)(F)F,C1C([*:5])C([*:1])C([*:2])C([*:3])C1[*:4],[*:1]CC,[*:2]C,[*:3]Br,[*:4]C(F)(F)F,[*:5]N,5.644
C1C(N)C(CC)C(C)C(Br)C1OC,C1C([*:5])C([*:1])C([*:2])C([*:3])C1[*:4],[*:1]CC,[*:2]C,[*:3]Br,[*:4]OC,[*:5]N,5.829
C1C(N)C(CC)C(OC)C(C)C1C,C1C([*:5])C([*:1])C([*:2])C([*:3])C1[*:4],[*:1]CC,[*:2]OC,[*:3]C,[*:4]C,[*:5]N,5.619
C1C(OC)C(CC)C(OC)C(C)C1CC,C1C([*:5])C([*:1])C([*:2])C([*:3])C1[*:4],[*:1]CC,[*:2]OC,[*:3]C,[*:4]CC,[*:5]OC,5.796
C1C(N)C(CC)C(OC)C(C)C1CC,C1C([*:5])C([*:1])C([*:2])C([*:3])C1[*:4],[*:1]CC,[*:2]OC,[*:3]C,[*:4]CC,[*:5]N,5.587
C1C(C)C(CC)C(OC)C(C)C1C(F)(F)F,C1C([*:5])C([*:1])C([*:2])C([*:3])C1[*:4],[*:1]CC,[*:2]OC,[*:3]C,[*:4]C(F)(F)F,[*:5]C,5.329
C1C(F)C(CC)C(OC)C(C)C1C(F)(F)F,C1C([*:5])C([*:1])C([*:2])C([*:3])C1[*:4],[*:1]CC,[*:2]OC,[*:3]C,[*:4]C(F)(F)F,[*:5]F,5.470
C1C(N)C(CC)C(OC)C(C)C1C(F)(F)F,C1C([*:5])C([*:1])C([*:2])C([*:3])C1[*:4],[*:1]CC,[*:2]OC,[*:3]C,[*:4]C(F)(F)F,[*:5]N,5.513
C1C(C)C(CC)C(OC)C(C)C1OC,C1C([*:5])C([*:1])C([*:2])C([*:3])C1[*:4],[*:1]CC,[*:2]OC,[*:3]C,[*:4]OC,[*:5]C,5.519
C1C(N)C(CC)C(OC)C(C)C1OC,C1C([*:5])C([*:1])C([*:2])C([*:3])C1[*:4],[*:1]CC,[*:2]OC,[*:3]C,[*:4]OC,[*:5]N,5.590
C1C(N)C(CC)C(OC)C(N)C1C,C1C([*:5])C([*:1])C([*:2])C([*:3])C1[*:4],[*:1]CC,[*:2]OC,[*:3]N,[*:4]C,[*:5]N,5.658
C1C(OC)C(CC)C(OC)C(N)C1CC,C1C([*:5])C([*:1])C([*:2])C([*:3])C1[*:4],[*:1]CC,[*:2]OC,[*:3]N,[*:4]CC,[*:5]OC,5.785
C1C(F)C(CC)C(OC)C(N)C1CC,C1C([*:5])C([*:1])C([*:2])C([*:3])C1[*:4],[*:1]CC,[*:2]OC,[*:3]N,[*:4]CC,[*:5]F,5.667
C1C(N)C(CC)C(OC)C(N)C1CC,C1C([*:5])C([*:1])C([*:2])C([*:3])C1[*:4],[*:1]CC,[*:2]OC,[*:3]N,[*:4]CC,[*:5]N,5.545
C1C(C)C(CC)C(OC)C(N)C1C(F)(F)F,C1C([*:5])C([*:1])C([*:2])C([*:3])C1[*:4],[*:1]CC,[*:2]OC,[*:3]N,[*:4]C(F)(F)F,[*:5]C,5.334
C1C(OC)C(CC)C(OC)C(N)C1C(F)(F)F,C1C([*:5])C([*:1])C([*:2])C([*:3])C1[*:4],[*:1]CC,[*:2]OC,[*:3]N,[*:4]C(F)(F)F,[*:5]OC,5.728
C1C(F)C(CC)C(OC)C(N)C1C(F)(F)F,C1C([*:5])C([*:1])C([*:2])C([*:3])C1[*:4],[*:1]CC,[*:2]OC,[*:3]N,[*:4]C(F)(F)F,[*:5]F,5.502
C1C(C)C(CC)C(OC)C(N)C1OC,C1C([*:5])C([*:1])C([*:2])C([*:3])C1[*:4],[*:1]CC,[*:2]OC,[*:3]N,[*:4]OC,[*:5]C,5.455
C1C(OC)C(CC)C(OC)C(N)C1OC,C1C([*:5])C([*:1])C([*:2])C([*:3])C1[*:4],[*:1]CC,[*:2]OC,[*:3]N,[*:4]OC,[*:5]OC,5.773
C1C(F)C(CC)C(OC)C(N)C1OC,C1C([*:5])C([*:1])C([*:2])C([*:3])C1[*:4],[*:1]CC,[*:2]OC,[*:3]N,[*:4]OC,[*:5]F,5.751
C1C(N)C(CC)C(OC)C(N)C1OC,C1C([*:5])C([*:1])C([*:2])C([*:3])C1[*:4],[*:1]CC,[*:2]OC,[*:3]N,[*:4]OC,[*:5]N,5.549
C1C(C)C(CC)C(OC)C(O)C1C,C1C([*:5])C([*:1])C([*:2])C([*:3])C1[*:4],[*:1]CC,[*:2]OC,[*:3]O,[*:4]C,[*:5]C,5.518
C1C(C)C(CC)C(OC)C(O)C1CC,C1C([*:5])C([*:1])C([*:2])C([*:3])C1[*:4],[*:1]CC,[*:2]OC,[*:3]O,[*:4]CC,[*:5]C,5.405
C1C(OC)C(CC)C(OC)C(O)C1CC,C1C([*:5])C([*:1])C([*:2])C([*:3])C1[*:4],[*:1]CC,[*:2]OC,[*:3]O,[*:4]CC,[*:5]OC,5.855
C1C(N)C(CC)C(OC)C(O)C1CC,C1C([*:5])C([*:1])C([*:2])C([*:3])C1[*:4],[*:1]CC,[*:2]OC,[*:3]O,[*:4]CC,[*:5]N,5.490
C1C(OC)C(CC)C(OC)C(O)C1C(F)(F)F,C1C([*:5])C([*:1])C([*:2])C([*:3])C1[*:4],[*:1]CC,[*:2]OC,[*:3]O,[*:4]C(F)(F)F,[*:5]OC,5.663
C1C(N)C(CC)C(OC)C(O)C1C(F)(F)F,C1C([*:5])C([*:1])C([*:2])C([*:3])C1[*:4],[*:1]CC,[*:2]OC,[*:3]O,[*:4]C(F)(F)F,[*:5]N,5.439
C1C(C)C(CC)C(OC)C(O)C1OC,C1C([*:5])C([*:1])C([*:2])C([*:3])C1[*:4],[*:1]CC,[*:2]OC,[*:3]O,[*:4]OC,[*:5]C,5.471
C1C(OC)C(CC)C(OC)C(O)C1OC,C1C([*:5])C([*:1])C([*:2])C([*:3])C1[*:4],[*:1]CC,[*:2]OC,[*:3]O,[*:4]OC,[*:5]OC,5.856
C1C(C)C(CC)C(OC)C(Br)C1C,C1C([*:5])C([*:1])C([*:2])C([*:3])C1[*:4],[*:1]CC,[*:2]OC,[*:3]Br,[*:4]C,[*:5]C,5.566
C1C(OC)C(CC)C(OC)C(Br)C1C,C1C([*:5])C([*:1])C([*:2])C([*:3])C1[*:4],[*:1]CC,[*:2]OC,[*:3]Br,[*:4]C,[*:5]OC,5.800
C1C(F)C(CC)C(OC)C(Br)C1C,C1C([*:5])C([*:1])C([*:2])C([*:3])C1[*:4],[*:1]CC,[*:2]OC,[*:3]Br,[*:4]C,[*:5]F,5.799
C1C(N)C(CC)C(OC)C(Br)C1C,C1C([*:5])C([*:1])C([*:2])C([*:3])C1[*:4],[*:1]CC,[*:2]OC,[*:3]Br,[*:4]C,[*:5]N,5.721
C1C(C)C(CC)C(OC)C(Br)C1CC,C1C([*:5])C([*:1])C([*:2])C([*:3])C1[*:4],[*:1]CC,[*:2]OC,[*:3]Br,[*:4]CC,[*:5]C,5.419
C1C(OC)C(CC)C(OC)C(Br)C1CC,C1C([*:5])C([*:1])C([*:2])C([*:3])C1[*:4],[*:1]CC,[*:2]OC,[*:3]Br,[*:4]CC,[*:5]OC,5.706
C1C(F)C(CC)C(OC)C(Br)C1CC,C1C([*:5])C([*:1])C([*:2])C([*:3])C1[*:4],[*:1]CC,[*:2]OC,[*:3]Br,[*:4]CC,[*:5]F,5.586
C1C(OC)C(CC)C(OC)C(Br)C1C(F)(F)F,C1C([*:5])C([*:1])C([*:2])C([*:3])C1[*:4],[*:1]CC,[*:2]OC,[*:3]Br,[*:4]C(F)(F)F,[*:5]OC,5.740
C1C(F)C(CC)C(OC)C(Br)C1C(F)(F)F,C1C([*:5])C([*:1])C([*:2])C([*:3])C1[*:4],[*:1]CC,[*:2]OC,[*:3]Br,[*:4]C(F)(F)F,[*:5]F,5.516
C1C(C)C(CC)C(OC)C(Br)C1OC,C1C([*:5])C([*:1])C([*:2])C([*:3])C1[*:4],[*:1]CC,[*:2]OC,[*:3]Br,[*:4]OC,[*:5]C,5.523
C1C(OC)C(CC)C(OC)C(Br)C1OC,C1C([*:5])C([*:1])C([*:2])C([*:3])C1[*:4],[*:1]CC,[*:2]OC,[*:3]Br,[*:4]OC,[*:5]OC,5.844
C1C(N)C(CC)C(OC)C(Br)C1OC,C1C([*:5])C([*:1])C([*:2])C([*:3])C1[*:4],[*:1]CC,[*:2]OC,[*:3]Br,[*:4]OC,[*:5]N,5.628
C1C(OC)C(CC)C(Br)C(C)C1C,C1C([*:5])C([*:1])C([*:2])C([*:3])C1[*:4],[*:1]CC,[*:2]Br,[*:3]C,[*:4]C,[*:5]OC,6.633
C1C(F)C(CC)C(Br)C(C)C1C,C1C([*:5])C([*:1])C([*:2])C([*:3])C1[*:4],[*:1]CC,[*:2]Br,[*:3]C,[*:4]C,[*:5]F,6.355
C1C(N)C(CC)C(Br)C(C)C1C,C1C([*:5])C([*:1])C([*:2])C([*:3])C1[*:4],[*:1]CC,[*:2]Br,[*:3]C,[*:4]C,[*:5]N,6.351
C1C(C)C(CC)C(Br)C(C)C1CC,C1C([*:5])C([*:1])C([*:2])C([*:3])C1[*:4],[*:1]CC,[*:2]Br,[*:3]C,[*:4]CC,[*:5]C,6.161
C1C(OC)C(CC)C(Br)C(C)C1C(F)(F)F,C1C([*:5])C([*:1])C([*:2])C([*:3])C1[*:4],[*:1]CC,[*:2]Br,[*:3]C,[*:4]C(F)(F)F,[*:5]OC,6.392
C1C(F)C(CC)C(Br)C(N)C1C,C1C([*:5])C([*:1])C([*:2])C([*:3])C1[*:4],[*:1]CC,[*:2]Br,[*:3]N,[*:4]C,[*:5]F,6.429
C1C(C)C(CC)C(Br)C(N)C1CC,C1C([*:5])C([*:1])C([*:2])C([*:3])C1[*:4],[*:1]CC,[*:2]Br,[*:3]N,[*:4]CC,[*:5]C,5.993
C1C(N)C(CC)C(Br)C(N)C1CC,C1C([*:5])C([*:1])C([*:2])C([*:3])C1[*:4],[*:1]CC,[*:2]Br,[*:3]N,[*:4]CC,[*:5]N,6.240
C1C(F)C(CC)C(Br)C(N)C1C(F)(F)F,C1C([*:5])C([*:1])C([*:2])C([*:3])C1[*:4],[*:1]CC,[*:2]Br,[*:3]N,[*:4]C(F)(F)F,[*:5]F,6.154
C1C(C)C(CC)C(Br)C(N)C1OC,C1C([*:5])C([*:1])C([*:2])C([*:3])C1[*:4],[*:1]CC,[*:2]Br,[*:3]N,[*:4]OC,[*:5]C,6.065
C1C(OC)C(CC)C(Br)C(N)C1OC,C1C([*:5])C([*:1])C([*:2])C([*:3])C1[*:4],[*:1]CC,[*:2]Br,[*:3]N,[*:4]OC,[*:5]OC,6.535
C1C(F)C(CC)C(Br)C(N)C1OC,C1C([*:5])C([*:1])C([*:2])C([*:3])C1[*:4],[*:1]CC,[*:2]Br,[*:3]N,[*:4]OC,[*:5]F,6.377
C1C(N)C(CC)C(Br)C(N)C1OC,C1C([*:5])C([*:1])C([*:2])C([*:3])C1[*:4],[*:1]CC,[*:2]Br,[*:3]N,[*:4]OC,[*:5]N,6.163
C1C(OC)C(CC)C(Br)C(O)C1C,C1C([*:5])C([*:1])C([*:2])C([*:3])C1[*:4],[*:1]CC,[*:2]Br,[*:3]O,[*:4]C,[*:5]OC,6.546
C1C(C)C(CC)C(Br)C(O)C1CC,C1C([*:5])C([*:1])C([*:2])C([*:3])C1[*:4],[*:1]CC,[*:2]Br,[*:3]O,[*:4]CC,[*:5]C,6.029
C1C(OC)C(CC)C(Br)C(O)C1CC,C1C([*:5])C([*:1])C([*:2])C([*:3])C1[*:4],[*:1]CC,[*:2]Br,[*:3]O,[*:4]CC,[*:5]OC,6.511
C1C(F)C(CC)C(Br)C(O)C1CC,C1C([*:5])C([*:1])C([*:2])C([*:3])C1[*:4],[*:1]CC,[*:2]Br,[*:3]O,[*:4]CC,[*:5]F,6.240
C1C(OC)C(CC)C(Br)C(O)C1C(F)(F)F,C1C([*:5])C([*:1])C([*:2])C([*:3])C1[*:4],[*:1]CC,[*:2]Br,[*:3]O,[*:4]C(F)(F)F,[*:5]OC,6.435
C1C(C)C(CC)C(Br)C(O)C1OC,C1C([*:5])C([*:1])C([*:2])C([*:3])C1[*:4],[*:1]CC,[*:2]Br,[*:3]O,[*:4]OC,[*:5]C,6.177
C1C(F)C(CC)C(Br)C(O)C1OC,C1C([*:5])C([*:1])C([*:2])C([*:3])C1[*:4],[*:1]CC,[*:2]Br,[*:3]O,[*:4]OC,[*:5]F,6.470
C1C(OC)C(CC)C(Br)C(Br)C1C,C1C([*:5])C([*:1])C([*:2])C([*:3])C1[*:4],[*:1]CC,[*:2]Br,[*:3]Br,[*:4]C,[*:5]OC,6.566
C1C(F)C(CC)C(Br)C(Br)C1C,C1C([*:5])C([*:1])C([*:2])C([*:3])C1[*:4],[*:1]CC,[*:2]Br,[*:3]Br,[*:4]C,[*:5]F,6.484
C1C(C)C(CC)C(Br)C(Br)C1CC,C1C([*:5])C([*:1])C([*:2])C([*:3])C1[*:4],[*:1]CC,[*:2]Br,[*:3]Br,[*:4]CC,[*:5]C,6.044
C1C(OC)C(CC)C(Br)C(Br)C1CC,C1C([*:5])C([*:1])C([*:2])C([*:3])C1[*:4],[*:1]CC,[*:2]Br,[*:3]Br,[*:4]CC,[*:5]OC,6.423
C1C(F)C(CC)C(Br)C(Br)C1CC,C1C([*:5])C([*:1])C([*:2])C([*:3])C1[*:4],[*:1]CC,[*:2]Br,[*:3]Br,[*:4]CC,[*:5]F,6.252
C1C(OC)C(CC)C(Br)C(Br)C1C(F)(F)F,C1C([*:5])C([*:1])C([*:2])C([*:3])C1[*:4],[*:1]CC,[*:2]Br,[*:3]Br,[*:4]C(F)(F)F,[*:5]OC,6.325
C1C(C)C(CC)C(Br)C(Br)C1OC,C1C([*:5])C([*:1])C([*:2])C([*:3])C1[*:4],[*:1]CC,[*:2]Br,[*:3]Br,[*:4]OC,[*:5]C,6.121
C1C(N)C(CC)C(Br)C(Br)C1OC,C1C([*:5])C([*:1])C([*:2])C([*:3])C1[*:4],[*:1]CC,[*:2]Br,[*:3]Br,[*:4]OC,[*:5]N,6.280
C1C(C)C(CCC)C(F)C(C)C1C,C1C([*:5])C([*:1])C([*:2])C([*:3])C1[*:4],[*:1]CCC,[*:2]F,[*:3]C,[*:4]C,[*:5]C,6.654
C1C(OC)C(CCC)C(F)C(C)C1C,C1C([*:5])C([*:1])C([*:2])C([*:3])C1[*:4],[*:1]CCC,[*:2]F,[*:3]C,[*:4]C,[*:5]OC,7.081
C1C(F)C(CCC)C(F)C(C)C1C,C1C([*:5])C([*:1])C([*:2])C([*:3])C1[*:4],[*:1]CCC,[*:2]F,[*:3]C,[*:4]C,[*:5]F,6.847
C1C(N)C(CCC)C(F)C(C)C1C,C1C([*:5])C([*:1])C([*:2])C([*:3])C1[*:4],[*:1]CCC,[*:2]F,[*:3]C,[*:4]C,[*:5]N,6.733
C1C(C)C(CCC)C(F)C(C)C1CC,C1C([*:5])C([*:1])C([*:2])C([*:3])C1[*:4],[*:1]CCC,[*:2]F,[*:3]C,[*:4]CC,[*:5]C,6.503
C1C(N)C(CCC)C(F)C(C)C1CC,C1C([*:5])C([*:1])C([*:2])C([*:3])C1[*:4],[*:1]CCC,[*:2]F,[*:3]C,[*:4]CC,[*:5]N,6.569
C1C(C)C(CCC)C(F)C(C)C1C(F)(F)F,C1C([*:5])C([*:1])C([*:2])C([*:3])C1[*:4],[*:1]CCC,[*:2]F,[*:3]C,[*:4]C(F)(F)F,[*:5]C,6.413
C1C(OC)C(CCC)C(F)C(C)C1C(F)(F)F,C1C([*:5])C([*:1])C([*:2])C([*:3])C1[*:4],[*:1]CCC,[*:2]F,[*:3]C,[*:4]C(F)(F)F,[*:5]OC,6.836
C1C(F)C(CCC)C(F)C(C)C1C(F)(F)F,C1C([*:5])C([*:1])C([*:2])C([*:3])C1[*:4],[*:1]CCC,[*:2]F,[*:3]C,[*:4]C(F)(F)F,[*:5]F,6.677
C1C(N)C(CCC)C(F)C(C)C1C(F)(F)F,C1C([*:5])C([*:1])C([*:2])C([*:3])C1[*:4],[*:1]CCC,[*:2]F,[*:3]C,[*:4]C(F)(F)F,[*:5]N,6.537
C1C(C)C(CCC)C(F)C(C)C1OC,C1C([*:5])C([*:1])C([*:2])C([*:3])C1[*:4],[*:1]CCC,[*:2]F,[*:3]C,[*:4]OC,[*:5]C,6.604
C1C(F)C(CCC)C(F)C(C)C1OC,C1C([*:5])C([*:1])C([*:2])C([*:3])C1[*:4],[*:1]CCC,[*:2]F,[*:3]C,[*:4]OC,[*:5]F,6.841
C1C(F)C(CCC)C(F)C(N)C1C,C1C([*:5])C([*:1])C([*:2])C([*:3])C1[*:4],[*:1]CCC,[*:2]F,[*:3]N,[*:4]C,[*:5]F,6.841
C1C(N)C(CCC)C(F)C(N)C1C,C1C([*:5])C([*:1])C([*:2])C([*:3])C1[*:4],[*:1]CCC,[*:2]F,[*:3]N,[*:4]C,[*:5]N,6.768
C1C(C)C(CCC)C(F)C(N)C1CC,C1C([*:5])C([*:1])C([*:2])C([*:3])C1[*:4],[*:1]CCC,[*:2]F,[*:3]N,[*:4]CC,[*:5]C,6.469
C1C(F)C(CCC)C(F)C(N)C1CC,C1C([*:5])C([*:1])C([*:2])C([*:3])C1[*:4],[*:1]CCC,[*:2]F,[*:3]N,[*:4]CC,[*:5]F,6.732
C1C(N)C(CCC)C(F)C(N)C1CC,C1C([*:5])C([*:1])C([*:2])C([*:3])C1[*:4],[*:1]CCC,[*:2]F,[*:3]N,[*:4]CC,[*:5]N,6.610
C1C(OC)C(CCC)C(F)C(N)C1C(F)(F)F,C1C([*:5])C([*:1])C([*:2])C([*:3])C1[*:4],[*:1]CCC,[*:2]F,[*:3]N,[*:4]C(F)(F)F,[*:5]OC,6.777
C1C(N)C(CCC)C(F)C(N)C1C(F)(F)F,C1C([*:5])C([*:1])C([*:2])C([*:3])C1[*:4],[*:1]CCC,[*:2]F,[*:3]N,[*:4]C(F)(F)F,[*:5]N,6.462
C1C(OC)C(CCC)C(F)C(N)C1OC,C1C([*:5])C([*:1])C([*:2])C([*:3])C1[*:4],[*:1]CCC,[*:2]F,[*:3]N,[*:4]OC,[*:5]OC,6.983
C1C(F)C(CCC)C(F)C(N)C1OC,C1C([*:5])C([*:1])C([*:2])C([*:3])C1[*:4],[*:1]CCC,[*:2]F,[*:3]N,[*:4]OC,[*:5]F,6.830
C1C(C)C(CCC)C(F)C(O)C1C,C1C([*:5])C([*:1])C([*:2])C([*:3])C1[*:4],[*:1]CCC,[*:2]F,[*:3]O,[*:4]C,[*:5]C,6.677
C1C(OC)C(CCC)C(F)C(O)C1C,C1C([*:5])C([*:1])C([*:2])C([*:3])C1[*:4],[*:1]CCC,[*:2]F,[*:3]O,[*:4]C,[*:5]OC,7.156
C1C(OC)C(CCC)C(F)C(O)C1CC,C1C([*:5])C([*:1])C([*:2])C([*:3])C1[*:4],[*:1]CCC,[*:2]F,[*:3]O,[*:4]CC,[*:5]OC,6.809
C1C(F)C(CCC)C(F)C(O)C1CC,C1C([*:5])C([*:1])C([*:2])C([*:3])C1[*:4],[*:1]CCC,[*:2]F,[*:3]O,[*:4]CC,[*:5]F,6.725
C1C(N)C(CCC)C(F)C(O)C1CC,C1C([*:5])C([*:1])C([*:2])C([*:3])C1[*:4],[*:1]CCC,[*:2]F,[*:3]O,[*:4]CC,[*:5]N,6.625
C1C(C)C(CCC)C(F)C(O)C1C(F)(F)F,C1C([*:5])C([*:1])C([*:2])C([*:3])C1[*:4],[*:1]CCC,[*:2]F,[*:3]O,[*:4]C(F)(F)F,[*:5]C,6.454
C1C(OC)C(CCC)C(F)C(O)C1C(F)(F)F,C1C([*:5])C([*:1])C([*:2])C([*:3])C1[*:4],[*:1]CCC,[*:2]F,[*:3]O,[*:4]C(F)(F)F,[*:5]OC,6.769
C1C(F)C(CCC)C(F)C(O)C1C(F)(F)F,C1C([*:5])C([*:1])C([*:2])C([*:3])C1[*:4],[*:1]CCC,[*:2]F,[*:3]O,[*:4]C(F)(F)F,[*:5]F,6.598
C1C(C)C(CCC)C(F)C(O)C1OC,C1C([*:5])C([*:1])C([*:2])C([*:3])C1[*:4],[*:1]CCC,[*:2]F,[*:3]O,[*:4]OC,[*:5]C,6.555
C1C(OC)C(CCC)C(F)C(O)C1OC,C1C([*:5])C([*:1])C([*:2])C([*:3])C1[*:4],[*:1]CCC,[*:2]F,[*:3]O,[*:4]OC,[*:5]OC,6.984
C1C(N)C(CCC)C(F)C(O)C1OC,C1C([*:5])C([*:1])C([*:2])C([*:3])C1[*:4],[*:1]CCC,[*:2]F,[*:3]O,[*:4]OC,[*:5]N,6.782
C1C(C)C(CCC)C(F)C(Br)C1C,C1C([*:5])C([*:1])C([*:2])C([*:3])C1[*:4],[*:1]CCC,[*:2]F,[*:3]Br,[*:4]C,[*:5]C,6.636
C1C(C)C(CCC)C(F)C(Br)C1CC,C1C([*:5])C([*:1])C([*:2])C([*:3])C1[*:4],[*:1]CCC,[*:2]F,[*:3]Br,[*:4]CC,[*:5]C,6.536
C1C(OC)C(CCC)C(F)C(Br)C1CC,C1C([*:5])C([*:1])C([*:2])C([*:3])C1[*:4],[*:1]CCC,[*:2]F,[*:3]Br,[*:4]CC,[*:5]OC,6.879
C1C(F)C(CCC)C(F)C(Br)C1CC,C1C([*:5])C([*:1])C([*:2])C([*:3])C1[*:4],[*:1]CCC,[*:2]F,[*:3]Br,[*:4]CC,[*:5]F,6.768
C1C(N)C(CCC)C(F)C(Br)C1OC,C1C([*:5])C([*:1])C([*:2])C([*:3])C1[*:4],[*:1]CCC,[*:2]F,[*:3]Br,[*:4]OC,[*:5]N,6.589
C1C(OC)C(CCC)C(Cl)C(C)C1C,C1C([*:5])C([*:1])C([*:2])C([*:3])C1[*:4],[*:1]CCC,[*:2]Cl,[*:3]C,[*:4]C,[*:5]OC,6.912
C1C(F)C(CCC)C(Cl)C(C)C1C,C1C([*:5])C([*:1])C([*:2])C([*:3])C1[*:4],[*:1]CCC,[*:2]Cl,[*:3]C,[*:4]C,[*:5]F,6.651
C1C(N)C(CCC)C(Cl)C(C)C1C,C1C([*:5])C([*:1])C([*:2])C([*:3])C1[*:4],[*:1]CCC,[*:2]Cl,[*:3]C,[*:4]C,[*:5]N,6.561
C1C(F)C(CCC)C(Cl)C(C)C1CC,C1C([*:5])C([*:1])C([*:2])C([*:3])C1[*:4],[*:1]CCC,[*:2]Cl,[*:3]C,[*:4]CC,[*:5]F,6.498
C1C(N)C(CCC)C(Cl)C(C)C1CC,C1C([*:5])C([*:1])C([*:2])C([*:3])C1[*:4],[*:1]CCC,[*:2]Cl,[*:3]C,[*:4]CC,[*:5]N,6.351
C1C(OC)C(CCC)C(Cl)C(C)C1OC,C1C([*:5])C([*:1])C([*:2])C([*:3])C1[*:4],[*:1]CCC,[*:2]Cl,[*:3]C,[*:4]OC,[*:5]OC,6.783
C1C(N)C(CCC)C(Cl)C(C)C1OC,C1C([*:5])C([*:1])C([*:2])C([*:3])C1[*:4],[*:1]CCC,[*:2]Cl,[*:3]C,[*:4]OC,[*:5]N,6.425
C1C(OC)C(CCC)C(Cl)C(N)C1C,C1C([*:5])C([*:1])C([*:2])C([*:3])C1[*:4],[*:1]CCC,[*:2]Cl,[*:3]N,[*:4]C,[*:5]OC,6.826
C1C(F)C(CCC)C(Cl)C(N)C1C,C1C([*:5])C([*:1])C([*:2])C([*:3])C1[*:4],[*:1]CCC,[*:2]Cl,[*:3]N,[*:4]C,[*:5]F,6.775
C1C(C)C(CCC)C(Cl)C(N)C1C(F)(F)F,C1C([*:5])C([*:1])C([*:2])C([*:3])C1[*:4],[*:1]CCC,[*:2]Cl,[*:3]N,[*:4]C(F)(F)F,[*:5]C,6.120
C1C(C)C(CCC)C(Cl)C(O)C1C,C1C([*:5])C([*:1])C([*:2])C([*:3])C1[*:4],[*:1]CCC,[*:2]Cl,[*:3]O,[*:4]C,[*:5]C,6.437
C1C(F)C(CCC)C(Cl)C(O)C1C,C1C([*:5])C([*:1])C([*:2])C([*:3])C1[*:4],[*:1]CCC,[*:2]Cl,[*:3]O,[*:4]C,[*:5]F,6.600
C1C(C)C(CCC)C(Cl)C(O)C1CC,C1C([*:5])C([*:1])C([*:2])C([*:3])C1[*:4],[*:1]CCC,[*:2]Cl,[*:3]O,[*:4]CC,[*:5]C,6.332
C1C(OC)C(CCC)C(Cl)C(O)C1CC,C1C([*:5])C([*:1])C([*:2])C([*:3])C1[*:4],[*:1]CCC,[*:2]Cl,[*:3]O,[*:4]CC,[*:5]OC,6.767
C1C(F)C(CCC)C(Cl)C(O)C1CC,C1C([*:5])C([*:1])C([*:2])C([*:3])C1[*:4],[*:1]CCC,[*:2]Cl,[*:3]O,[*:4]CC,[*:5]F,6.492
C1C(N)C(CCC)C(Cl)C(O)C1CC,C1C([*:5])C([*:1])C([*:2])C([*:3])C1[*:4],[*:1]CCC,[*:2]Cl,[*:3]O,[*:4]CC,[*:5]N,6.431
C1C(N)C(CCC)C(Cl)C(O)C1C(F)(F)F,C1C([*:5])C([*:1])C([*:2])C([*:3])C1[*:4],[*:1]CCC,[*:2]Cl,[*:3]O,[*:4]C(F)(F)F,[*:5]N,6.298
C1C(C)C(CCC)C(Cl)C(Br)C1CC,C1C([*:5])C([*:1])C([*:2])C([*:3])C1[*:4],[*:1]CCC,[*:2]Cl,[*:3]Br,[*:4]CC,[*:5]C,6.343
C1C(OC)C(CCC)C(Cl)C(Br)C1CC,C1C([*:5])C([*:1])C([*:2])C([*:3])C1[*:4],[*:1]CCC,[*:2]Cl,[*:3]Br,[*:4]CC,[*:5]OC,6.702
C1C(N)C(CCC)C(Cl)C(Br)C1CC,C1C([*:5])C([*:1])C([*:2])C([*:3])C1[*:4],[*:1]CCC,[*:2]Cl,[*:3]Br,[*:4]CC,[*:5]N,6.451
C1C(F)C(CCC)C(Cl)C(Br)C1C(F)(F)F,C1C([*:5])C([*:1])C([*:2])C([*:3])C1[*:4],[*:1]CCC,[*:2]Cl,[*:3]Br,[*:4]C(F)(F)F,[*:5]F,6.346
C1C(N)C(CCC)C(Cl)C(Br)C1C(F)(F)F,C1C([*:5])C([*:1])C([*:2])C([*:3])C1[*:4],[*:1]CCC,[*:2]Cl,[*:3]Br,[*:4]C(F)(F)F,[*:5]N,6.207
C1C(C)C(CCC)C(C)C(C)C1C,C1C([*:5])C([*:1])C([*:2])C([*:3])C1[*:4],[*:1]CCC,[*:2]C,[*:3]C,[*:4]C,[*:5]C,5.759
C1C(F)C(CCC)C(C)C(C)C1C,C1C([*:5])C([*:1])C([*:2])C([*:3])C1[*:4],[*:1]CCC,[*:2]C,[*:3]C,[*:4]C,[*:5]F,6.099
C1C(N)C(CCC)C(C)C(C)C1C,C1C([*:5])C([*:1])C([*:2])C([*:3])C1[*:4],[*:1]CCC,[*:2]C,[*:3]C,[*:4]C,[*:5]N,5.840
C1C(OC)C(CCC)C(C)C(C)C1CC,C1C([*:5])C([*:1])C([*:2])C([*:3])C1[*:4],[*:1]CCC,[*:2]C,[*:3]C,[*:4]CC,[*:5]OC,6.056
C1C(F)C(CCC)C(C)C(C)C1CC,C1C([*:5])C([*:1])C([*:2])C([*:3])C1[*:4],[*:1]CCC,[*:2]C,[*:3]C,[*:4]CC,[*:5]F,6.004
C1C(N)C(CCC)C(C)C(C)C1CC,C1C([*:5])C([*:1])C([*:2])C([*:3])C1[*:4],[*:1]CCC,[*:2]C,[*:3]C,[*:4]CC,[*:5]N,5.799
C1C(C)C(CCC)C(C)C(C)C1C(F)(F)F,C1C([*:5])C([*:1])C([*:2])C([*:3])C1[*:4],[*:1]CCC,[*:2]C,[*:3]C,[*:4]C(F)(F)F,[*:5]C,5.601
C1C(C)C(CCC)C(C)C(C)C1OC,C1C([*:5])C([*:1])C([*:2])C([*:3])C1[*:4],[*:1]CCC,[*:2]C,[*:3]C,[*:4]OC,[*:5]C,5.793
C1C(OC)C(CCC)C(C)C(C)C1OC,C1C([*:5])C([*:1])C([*:2])C([*:3])C1[*:4],[*:1]CCC,[*:2]C,[*:3]C,[*:4]OC,[*:5]OC,6.239
C1C(F)C(CCC)C(C)C(C)C1OC,C1C([*:5])C([*:1])C([*:2])C([*:3])C1[*:4],[*:1]CCC,[*:2]C,[*:3]C,[*:4]OC,[*:5]F,6.032
C1C(C)C(CCC)C(C)C(N)C1C,C1C([*:5])C([*:1])C([*:2])C([*:3])C1[*:4],[*:1]CCC,[*:2]C,[*:3]N,[*:4]C,[*:5]C,5.899
C1C(F)C(CCC)C(C)C(N)C1C,C1C([*:5])C([*:1])C([*:2])C([*:3])C1[*:4],[*:1]CCC,[*:2]C,[*:3]N,[*:4]C,[*:5]F,6.120
C1C(N)C(CCC)C(C)C(N)C1CC,C1C([*:5])C([*:1])C([*:2])C([*:3])C1[*:4],[*:1]CCC,[*:2]C,[*:3]N,[*:4]CC,[*:5]N,5.780
C1C(C)C(CCC)C(C)C(N)C1C(F)(F)F,C1C([*:5])C([*:1])C([*:2])C([*:3])C1[*:4],[*:1]CCC,[*:2]C,[*:3]N,[*:4]C(F)(F)F,[*:5]C,5.546
C1C(OC)C(CCC)C(C)C(N)C1C(F)(F)F,C1C([*:5])C([*:1])C([*:2])C([*:3])C1[*:4],[*:1]CCC,[*:2]C,[*:3]N,[*:4]C(F)(F)F,[*:5]OC,6.088
C1C(F)C(CCC)C(C)C(N)C1C(F)(F)F,C1C([*:5])C([*:1])C([*:2])C([*:3])C1[*:4],[*:1]CCC,[*:2]C,[*:3]N,[*:4]C(F)(F)F,[*:5]F,5.857
C1C(C)C(CCC)C(C)C(N)C1OC,C1C([*:5])C([*:1])C([*:2])C([*:3])C1[*:4],[*:1]CCC,[*:2]C,[*:3]N,[*:4]OC,[*:5]C,5.801
C1C(F)C(CCC)C(C)C(N)C1OC,C1C([*:5])C([*:1])C([*:2])C([*:3])C1[*:4],[*:1]CCC,[*:2]C,[*:3]N,[*:4]OC,[*:5]F,5.943
C1C(OC)C(CCC)C(C)C(O)C1C,C1C([*:5])C([*:1])C([*:2])C([*:3])C1[*:4],[*:1]CCC,[*:2]C,[*:3]O,[*:4]C,[*:5]OC,6.265
C1C(F)C(CCC)C(C)C(O)C1C,C1C([*:5])C([*:1])C([*:2])C([*:3])C1[*:4],[*:1]CCC,[*:2]C,[*:3]O,[*:4]C,[*:5]F,6.126
C1C(F)C(CCC)C(C)C(O)C1CC,C1C([*:5])C([*:1])C([*:2])C([*:3])C1[*:4],[*:1]CCC,[*:2]C,[*:3]O,[*:4]CC,[*:5]F,5.885
C1C(N)C(CCC)C(C)C(O)C1CC,C1C([*:5])C([*:1])C([*:2])C([*:3])C1[*:4],[*:1]CCC,[*:2]C,[*:3]O,[*:4]CC,[*:5]N,5.859
C1C(C)C(CCC)C(C)C(O)C1C(F)(F)F,C1C([*:5])C([*:1])C([*:2])C([*:3])C1[*:4],[*:1]CCC,[*:2]C,[*:3]O,[*:4]C(F)(F)F,[*:5]C,5.621
C1C(OC)C(CCC)C(C)C(O)C1C(F)(F)F,C1C([*:5])C([*:1])C([*:2])C([*:3])C1[*:4],[*:1]CCC,[*:2]C,[*:3]O,[*:4]C(F)(F)F,[*:5]OC,5.992
C1C(F)C(CCC)C(C)C(O)C1C(F)(F)F,C1C([*:5])C([*:1])C([*:2])C([*:3])C1[*:4],[*:1]CCC,[*:2]C,[*:3]O,[*:4]C(F)(F)F,[*:5]F,5.918
C1C(N)C(CCC)C(C)C(O)C1C(F)(F)F,C1C([*:5])C([*:1])C([*:2])C([*:3])C1[*:4],[*:1]CCC,[*:2]C,[*:3]O,[*:4]C(F)(F)F,[*:5]N,5.660
C1C(C)C(CCC)C(C)C(O)C1OC,C1C([*:5])C([*:1])C([*:2])C([*:3])C1[*:4],[*:1]CCC,[*:2]C,[*:3]O,[*:4]OC,[*:5]C,5.657
C1C(OC)C(CCC)C(C)C(O)C1OC,C1C([*:5])C([*:1])C([*:2])C([*:3])C1[*:4],[*:1]CCC,[*:2]C,[*:3]O,[*:4]OC,[*:5]OC,6.257
C1C(F)C(CCC)C(C)C(O)C1OC,C1C([*:5])C([*:1])C([*:2])C([*:3])C1[*:4],[*:1]CCC,[*:2]C,[*:3]O,[*:4]OC,[*:5]F,5.926
C1C(N)C(CCC)C(C)C(O)C1OC,C1C([*:5])C([*:1])C([*:2])C([*:3])C1[*:4],[*:1]CCC,[*:2]C,[*:3]O,[*:4]OC,[*:5]N,5.964
C1C(F)C(CCC)C(C)C(Br)C1C,C1C([*:5])C([*:1])C([*:2])C([*:3])C1[*:4],[*:1]CCC,[*:2]C,[*:3]Br,[*:4]C,[*:5]F,6.026
C1C(N)C(CCC)C(C)C(Br)C1C,C1C([*:5])C([*:1])C([*:2])C([*:3])C1[*:4],[*:1]CCC,[*:2]C,[*:3]Br,[*:4]C,[*:5]N,5.877
C1C(C)C(CCC)C(C)C(Br)C1CC,C1C([*:5])C([*:1])C([*:2])C([*:3])C1[*:4],[*:1]CCC,[*:2]C,[*:3]Br,[*:4]CC,[*:5]C,5.703
C1C(F)C(CCC)C(C)C(Br)C1CC,C1C([*:5])C([*:1])C([*:2])C([*:3])C1[*:4],[*:1]CCC,[*:2]C,[*:3]Br,[*:4]CC,[*:5]F,6.012
C1C(N)C(CCC)C(C)C(Br)C1CC,C1C([*:5])C([*:1])C([*:2])C([*:3])C1[*:4],[*:1]CCC,[*:2]C,[*:3]Br,[*:4]CC,[*:5]N,5.826
C1C(N)C(CCC)C(C)C(Br)C1C(F)(F)F,C1C([*:5])C([*:1])C([*:2])C([*:3])C1[*:4],[*:1]CCC,[*:2]C,[*:3]Br,[*:4]C(F)(F)F,[*:5]N,5.592
C1C(C)C(CCC)C(OC)C(C)C1C,C1C([*:5])C([*:1])C([*:2])C([*:3])C1[*:4],[*:1]CCC,[*:2]OC,[*:3]C,[*:4]C,[*:5]C,5.682
C1C(F)C(CCC)C(OC)C(C)C1C,C1C([*:5])C([*:1])C([*:2])C([*:3])C1[*:4],[*:1]CCC,[*:2]OC,[*:3]C,[*:4]C,[*:5]F,5.892
C1C(N)C(CCC)C(OC)C(C)C1C,C1C([*:5])C([*:1])C([*:2])C([*:3])C1[*:4],[*:1]CCC,[*:2]OC,[*:3]C,[*:4]C,[*:5]N,5.744
C1C(OC)C(CCC)C(OC)C(C)C1CC,C1C([*:5])C([*:1])C([*:2])C([*:3])C1[*:4],[*:1]CCC,[*:2]OC,[*:3]C,[*:4]CC,[*:5]OC,5.969
C1C(N)C(CCC)C(OC)C(C)C1CC,C1C([*:5])C([*:1])C([*:2])C([*:3])C1[*:4],[*:1]CCC,[*:2]OC,[*:3]C,[*:4]CC,[*:5]N,5.656
C1C(C)C(CCC)C(OC)C(C)C1C(F)(F)F,C1C([*:5])C([*:1])C([*:2])C([*:3])C1[*:4],[*:1]CCC,[*:2]OC,[*:3]C,[*:4]C(F)(F)F,[*:5]C,5.488
C1C(F)C(CCC)C(OC)C(C)C1C(F)(F)F,C1C([*:5])C([*:1])C([*:2])C([*:3])C1[*:4],[*:1]CCC,[*:2]OC,[*:3]C,[*:4]C(F)(F)F,[*:5]F,5.672
C1C(C)C(CCC)C(OC)C(C)C1OC,C1C([*:5])C([*:1])C([*:2])C([*:3])C1[*:4],[*:1]CCC,[*:2]OC,[*:3]C,[*:4]OC,[*:5]C,5.637
C1C(C)C(CCC)C(OC)C(N)C1C,C1C([*:5])C([*:1])C([*:2])C([*:3])C1[*:4],[*:1]CCC,[*:2]OC,[*:3]N,[*:4]C,[*:5]C,5.660
C1C(F)C(CCC)C(OC)C(N)C1C,C1C([*:5])C([*:1])C([*:2])C([*:3])C1[*:4],[*:1]CCC,[*:2]OC,[*:3]N,[*:4]C,[*:5]F,5.877
C1C(N)C(CCC)C(OC)C(N)C1CC,C1C([*:5])C([*:1])C([*:2])C([*:3])C1[*:4],[*:1]CCC,[*:2]OC,[*:3]N,[*:4]CC,[*:5]N,5.560
C1C(C)C(CCC)C(OC)C(N)C1OC,C1C([*:5])C([*:1])C([*:2])C([*:3])C1[*:4],[*:1]CCC,[*:2]OC,[*:3]N,[*:4]OC,[*:5]C,5.534
C1C(OC)C(CCC)C(OC)C(N)C1OC,C1C([*:5])C([*:1])C([*:2])C([*:3])C1[*:4],[*:1]CCC,[*:2]OC,[*:3]N,[*:4]OC,[*:5]OC,6.011
C1C(F)C(CCC)C(OC)C(N)C1OC,C1C([*:5])C([*:1])C([*:2])C([*:3])C1[*:4],[*:1]CCC,[*:2]OC,[*:3]N,[*:4]OC,[*:5]F,5.782
C1C(C)C(CCC)C(OC)C(O)C1C,C1C([*:5])C([*:1])C([*:2])C([*:3])C1[*:4],[*:1]CCC,[*:2]OC,[*:3]O,[*:4]C,[*:5]C,5.630
C1C(OC)C(CCC)C(OC)C(O)C1C,C1C([*:5])C([*:1])C([*:2])C([*:3])C1[*:4],[*:1]CCC,[*:2]OC,[*:3]O,[*:4]C,[*:5]OC,6.113
C1C(C)C(CCC)C(OC)C(O)C1CC,C1C([*:5])C([*:1])C([*:2])C([*:3])C1[*:4],[*:1]CCC,[*:2]OC,[*:3]O,[*:4]CC,[*:5]C,5.547
C1C(C)C(CCC)C(OC)C(O)C1C(F)(F)F,C1C([*:5])C([*:1])C([*:2])C([*:3])C1[*:4],[*:1]CCC,[*:2]OC,[*:3]O,[*:4]C(F)(F)F,[*:5]C,5.552
C1C(OC)C(CCC)C(OC)C(O)C1C(F)(F)F,C1C([*:5])C([*:1])C([*:2])C([*:3])C1[*:4],[*:1]CCC,[*:2]OC,[*:3]O,[*:4]C(F)(F)F,[*:5]OC,5.824
C1C(F)C(CCC)C(OC)C(O)C1C(F)(F)F,C1C([*:5])C([*:1])C([*:2])C([*:3])C1[*:4],[*:1]CCC,[*:2]OC,[*:3]O,[*:4]C(F)(F)F,[*:5]F,5.679
C1C(C)C(CCC)C(OC)C(O)C1OC,C1C([*:5])C([*:1])C([*:2])C([*:3])C1[*:4],[*:1]CCC,[*:2]OC,[*:3]O,[*:4]OC,[*:5]C,5.584
C1C(OC)C(CCC)C(OC)C(O)C1OC,C1C([*:5])C([*:1])C([*:2])C([*:3])C1[*:4],[*:1]CCC,[*:2]OC,[*:3]O,[*:4]OC,[*:5]OC,5.973
C1C(F)C(CCC)C(OC)C(O)C1OC,C1C([*:5])C([*:1])C([*:2])C([*:3])C1[*:4],[*:1]CCC,[*:2]OC,[*:3]O,[*:4]OC,[*:5]F,5.792
C1C(C)C(CCC)C(OC)C(Br)C1C,C1C([*:5])C([*:1])C([*:2])C([*:3])C1[*:4],[*:1]CCC,[*:2]OC,[*:3]Br,[*:4]C,[*:5]C,5.609
C1C(F)C(CCC)C(OC)C(Br)C1C,C1C([*:5])C([*:1])C([*:2])C([*:3])C1[*:4],[*:1]CCC,[*:2]OC,[*:3]Br,[*:4]C,[*:5]F,5.978
C1C(C)C(CCC)C(OC)C(Br)C1CC,C1C([*:5])C([*:1])C([*:2])C([*:3])C1[*:4],[*:1]CCC,[*:2]OC,[*:3]Br,[*:4]CC,[*:5]C,5.407
C1C(F)C(CCC)C(OC)C(Br)C1CC,C1C([*:5])C([*:1])C([*:2])C([*:3])C1[*:4],[*:1]CCC,[*:2]OC,[*:3]Br,[*:4]CC,[*:5]F,5.708
C1C(OC)C(CCC)C(OC)C(Br)C1C(F)(F)F,C1C([*:5])C([*:1])C([*:2])C([*:3])C1[*:4],[*:1]CCC,[*:2]OC,[*:3]Br,[*:4]C(F)(F)F,[*:5]OC,5.744
C1C(F)C(CCC)C(OC)C(Br)C1C(F)(F)F,C1C([*:5])C([*:1])C([*:2])C([*:3])C1[*:4],[*:1]CCC,[*:2]OC,[*:3]Br,[*:4]C(F)(F)F,[*:5]F,5.580
C1C(N)C(CCC)C(OC)C(Br)C1C(F)(F)F,C1C([*:5])C([*:1])C([*:2])C([*:3])C1[*:4],[*:1]CCC,[*:2]OC,[*:3]Br,[*:4]C(F)(F)F,[*:5]N,5.498
C1C(OC)C(CCC)C(OC)C(Br)C1OC,C1C([*:5])C([*:1])C([*:2])C([*:3])C1[*:4],[*:1]CCC,[*:2]OC,[*:3]Br,[*:4]OC,[*:5]OC,5.920
C1C(OC)C(CCC)C(Br)C(C)C1C,C1C([*:5])C([*:1])C([*:2])C([*:3])C1[*:4],[*:1]CCC,[*:2]Br,[*:3]C,[*:4]C,[*:5]OC,6.732
C1C(F)C(CCC)C(Br)C(C)C1C,C1C([*:5])C([*:1])C([*:2])C([*:3])C1[*:4],[*:1]CCC,[*:2]Br,[*:3]C,[*:4]C,[*:5]F,6.541
C1C(N)C(CCC)C(Br)C(C)C1C,C1C([*:5])C([*:1])C([*:2])C([*:3])C1[*:4],[*:1]CCC,[*:2]Br,[*:3]C,[*:4]C,[*:5]N,6.479
C1C(OC)C(CCC)C(Br)C(C)C1CC,C1C([*:5])C([*:1])C([*:2])C([*:3])C1[*:4],[*:1]CCC,[*:2]Br,[*:3]C,[*:4]CC,[*:5]OC,6.567
C1C(F)C(CCC)C(Br)C(C)C1C(F)(F)F,C1C([*:5])C([*:1])C([*:2])C([*:3])C1[*:4],[*:1]CCC,[*:2]Br,[*:3]C,[*:4]C(F)(F)F,[*:5]F,6.348
C1C(N)C(CCC)C(Br)C(C)C1OC,C1C([*:5])C([*:1])C([*:2])C([*:3])C1[*:4],[*:1]CCC,[*:2]Br,[*:3]C,[*:4]OC,[*:5]N,6.265
C1C(F)C(CCC)C(Br)C(N)C1C,C1C([*:5])C([*:1])C([*:2])C([*:3])C1[*:4],[*:1]CCC,[*:2]Br,[*:3]N,[*:4]C,[*:5]F,6.536
C1C(N)C(CCC)C(Br)C(N)C1C,C1C([*:5])C([*:1])C([*:2])C([*:3])C1[*:4],[*:1]CCC,[*:2]Br,[*:3]N,[*:4]C,[*:5]N,6.344
C1C(C)C(CCC)C(Br)C(N)C1CC,C1C([*:5])C([*:1])C([*:2])C([*:3])C1[*:4],[*:1]CCC,[*:2]Br,[*:3]N,[*:4]CC,[*:5]C,6.149
C1C(F)C(CCC)C(Br)C(N)C1CC,C1C([*:5])C([*:1])C([*:2])C([*:3])C1[*:4],[*:1]CCC,[*:2]Br,[*:3]N,[*:4]CC,[*:5]F,6.383
C1C(N)C(CCC)C(Br)C(N)C1CC,C1C([*:5])C([*:1])C([*:2])C([*:3])C1[*:4],[*:1]CCC,[*:2]Br,[*:3]N,[*:4]CC,[*:5]N,6.259
C1C(C)C(CCC)C(Br)C(N)C1C(F)(F)F,C1C([*:5])C([*:1])C([*:2])C([*:3])C1[*:4],[*:1]CCC,[*:2]Br,[*:3]N,[*:4]C(F)(F)F,[*:5]C,5.923
C1C(OC)C(CCC)C(Br)C(N)C1C(F)(F)F,C1C([*:5])C([*:1])C([*:2])C([*:3])C1[*:4],[*:1]CCC,[*:2]Br,[*:3]N,[*:4]C(F)(F)F,[*:5]OC,6.420
C1C(F)C(CCC)C(Br)C(N)C1C(F)(F)F,C1C([*:5])C([*:1])C([*:2])C([*:3])C1[*:4],[*:1]CCC,[*:2]Br,[*:3]N,[*:4]C(F)(F)F,[*:5]F,6.304
C1C(N)C(CCC)C(Br)C(N)C1C(F)(F)F,C1C([*:5])C([*:1])C([*:2])C([*:3])C1[*:4],[*:1]CCC,[*:2]Br,[*:3]N,[*:4]C(F)(F)F,[*:5]N,6.145
C1C(C)C(CCC)C(Br)C(N)C1OC,C1C([*:5])C([*:1])C([*:2])C([*:3])C1[*:4],[*:1]CCC,[*:2]Br,[*:3]N,[*:4]OC,[*:5]C,6.188
C1C(F)C(CCC)C(Br)C(N)C1OC,C1C([*:5])C([*:1])C([*:2])C([*:3])C1[*:4],[*:1]CCC,[*:2]Br,[*:3]N,[*:4]OC,[*:5]F,6.386
C1C(C)C(CCC)C(Br)C(O)C1C,C1C([*:5])C([*:1])C([*:2])C([*:3])C1[*:4],[*:1]CCC,[*:2]Br,[*:3]O,[*:4]C,[*:5]C,6.322
C1C(OC)C(CCC)C(Br)C(O)C1C,C1C([*:5])C([*:1])C([*:2])C([*:3])C1[*:4],[*:1]CCC,[*:2]Br,[*:3]O,[*:4]C,[*:5]OC,6.712
C1C(F)C(CCC)C(Br)C(O)C1C,C1C([*:5])C([*:1])C([*:2])C([*:3])C1[*:4],[*:1]CCC,[*:2]Br,[*:3]O,[*:4]C,[*:5]F,6.646
C1C(N)C(CCC)C(Br)C(O)C1C,C1C([*:5])C([*:1])C([*:2])C([*:3])C1[*:4],[*:1]CCC,[*:2]Br,[*:3]O,[*:4]C,[*:5]N,6.312
C1C(C)C(CCC)C(Br)C(O)C1CC,C1C([*:5])C([*:1])C([*:2])C([*:3])C1[*:4],[*:1]CCC,[*:2]Br,[*:3]O,[*:4]CC,[*:5]C,6.252
C1C(OC)C(CCC)C(Br)C(O)C1CC,C1C([*:5])C([*:1])C([*:2])C([*:3])C1[*:4],[*:1]CCC,[*:2]Br,[*:3]O,[*:4]CC,[*:5]OC,6.664
C1C(F)C(CCC)C(Br)C(O)C1CC,C1C([*:5])C([*:1])C([*:2])C([*:3])C1[*:4],[*:1]CCC,[*:2]Br,[*:3]O,[*:4]CC,[*:5]F,6.424
C1C(N)C(CCC)C(Br)C(O)C1CC,C1C([*:5])C([*:1])C([*:2])C([*:3])C1[*:4],[*:1]CCC,[*:2]Br,[*:3]O,[*:4]CC,[*:5]N,6.275
C1C(C)C(CCC)C(Br)C(O)C1C(F)(F)F,C1C([*:5])C([*:1])C([*:2])C([*:3])C1[*:4],[*:1]CCC,[*:2]Br,[*:3]O,[*:4]C(F)(F)F,[*:5]C,5.996
C1C(OC)C(CCC)C(Br)C(Br)C1C,C1C([*:5])C([*:1])C([*:2])C([*:3])C1[*:4],[*:1]CCC,[*:2]Br,[*:3]Br,[*:4]C,[*:5]OC,6.601
C1C(OC)C(CCC)C(Br)C(Br)C1CC,C1C([*:5])C([*:1])C([*:2])C([*:3])C1[*:4],[*:1]CCC,[*:2]Br,[*:3]Br,[*:4]CC,[*:5]OC,6.449
C1C(C)C(CCC)C(Br)C(Br)C1C(F)(F)F,C1C([*:5])C([*:1])C([*:2])C([*:3])C1[*:4],[*:1]CCC,[*:2]Br,[*:3]Br,[*:4]C(F)(F)F,[*:5]C,6.112
C1C(OC)C(CCC)C(Br)C(Br)C1C(F)(F)F,C1C([*:5])C([*:1])C([*:2])C([*:3])C1[*:4],[*:1]CCC,[*:2]Br,[*:3]Br,[*:4]C(F)(F)F,[*:5]OC,6.409
C1C(F)C(CCC)C(Br)C(Br)C1C(F)(F)F,C1C([*:5])C([*:1])C([*:2])C([*:3])C1[*:4],[*:1]CCC,[*:2]Br,[*:3]Br,[*:4]C(F)(F)F,[*:5]F,6.244
C1C(C)C(CCC)C(Br)C(Br)C1OC,C1C([*:5])C([*:1])C([*:2])C([*:3])C1[*:4],[*:1]CCC,[*:2]Br,[*:3]Br,[*:4]OC,[*:5]C,6.271
C1C(OC)C(CCC)C(Br)C(Br)C1OC,C1C([*:5])C([*:1])C([*:2])C([*:3])C1[*:4],[*:1]CCC,[*:2]Br,[*:3]Br,[*:4]OC,[*:5]OC,6.628
C1C(F)C(CCC)C(Br)C(Br)C1OC,C1C([*:5])C([*:1])C([*:2])C([*:3])C1[*:4],[*:1]CCC,[*:2]Br,[*:3]Br,[*:4]OC,[*:5]F,6.482
C1C(N)C(CCC)C(Br)C(Br)C1OC,C1C([*:5])C([*:1])C([*:2])C([*:3])C1[*:4],[*:1]CCC,[*:2]Br,[*:3]Br,[*:4]OC,[*:5]N,6.368
C1C(C)C(OC)C(F)C(C)C1C,C1C([*:5])C([*:1])C([*:2])C([*:3])C1[*:4],[*:1]OC,[*:2]F,[*:3]C,[*:4]C,[*:5]C,6.220
C1C(OC)C(OC)C(F)C(C)C1C,C1C([*:5])C([*:1])C([*:2])C([*:3])C1[*:4],[*:1]OC,[*:2]F,[*:3]C,[*:4]C,[*:5]OC,6.483
C1C(F)C(OC)C(F)C(C)C1C,C1C([*:5])C([*:1])C([*:2])C([*:3])C1[*:4],[*:1]OC,[*:2]F,[*:3]C,[*:4]C,[*:5]F,6.445
C1C(C)C(OC)C(F)C(C)C1CC,C1C([*:5])C([*:1])C([*:2])C([*:3])C1[*:4],[*:1]OC,[*:2]F,[*:3]C,[*:4]CC,[*:5]C,6.148
C1C(OC)C(OC)C(F)C(C)C1CC,C1C([*:5])C([*:1])C([*:2])C([*:3])C1[*:4],[*:1]OC,[*:2]F,[*:3]C,[*:4]CC,[*:5]OC,6.405
C1C(N)C(OC)C(F)C(C)C1CC,C1C([*:5])C([*:1])C([*:2])C([*:3])C1[*:4],[*:1]OC,[*:2]F,[*:3]C,[*:4]CC,[*:5]N,6.163
C1C(C)C(OC)C(F)C(C)C1C(F)(F)F,C1C([*:5])C([*:1])C([*:2])C([*:3])C1[*:4],[*:1]OC,[*:2]F,[*:3]C,[*:4]C(F)(F)F,[*:5]C,5.994
C1C(OC)C(OC)C(F)C(C)C1C(F)(F)F,C1C([*:5])C([*:1])C([*:2])C([*:3])C1[*:4],[*:1]OC,[*:2]F,[*:3]C,[*:4]C(F)(F)F,[*:5]OC,6.468
C1C(N)C(OC)C(F)C(C)C1C(F)(F)F,C1C([*:5])C([*:1])C([*:2])C([*:3])C1[*:4],[*:1]OC,[*:2]F,[*:3]C,[*:4]C(F)(F)F,[*:5]N,6.051
C1C(OC)C(OC)C(F)C(C)C1OC,C1C([*:5])C([*:1])C([*:2])C([*:3])C1[*:4],[*:1]OC,[*:2]F,[*:3]C,[*:4]OC,[*:5]OC,6.563
C1C(F)C(OC)C(F)C(C)C1OC,C1C([*:5])C([*:1])C([*:2])C([*:3])C1[*:4],[*:1]OC,[*:2]F,[*:3]C,[*:4]OC,[*:5]F,6.335
C1C(C)C(OC)C(F)C(N)C1C,C1C([*:5])C([*:1])C([*:2])C([*:3])C1[*:4],[*:1]OC,[*:2]F,[*:3]N,[*:4]C,[*:5]C,6.174
C1C(F)C(OC)C(F)C(N)C1C,C1C([*:5])C([*:1])C([*:2])C([*:3])C1[*:4],[*:1]OC,[*:2]F,[*:3]N,[*:4]C,[*:5]F,6.401
C1C(OC)C(OC)C(F)C(N)C1CC,C1C([*:5])C([*:1])C([*:2])C([*:3])C1[*:4],[*:1]OC,[*:2]F,[*:3]N,[*:4]CC,[*:5]OC,6.468
C1C(F)C(OC)C(F)C(N)C1CC,C1C([*:5])C([*:1])C([*:2])C([*:3])C1[*:4],[*:1]OC,[*:2]F,[*:3]N,[*:4]CC,[*:5]F,6.269
C1C(C)C(OC)C(F)C(N)C1C(F)(F)F,C1C([*:5])C([*:1])C([*:2])C([*:3])C1[*:4],[*:1]OC,[*:2]F,[*:3]N,[*:4]C(F)(F)F,[*:5]C,5.930
C1C(OC)C(OC)C(F)C(N)C1C(F)(F)F,C1C([*:5])C([*:1])C([*:2])C([*:3])C1[*:4],[*:1]OC,[*:2]F,[*:3]N,[*:4]C(F)(F)F,[*:5]OC,6.343
C1C(C)C(OC)C(F)C(N)C1OC,C1C([*:5])C([*:1])C([*:2])C([*:3])C1[*:4],[*:1]OC,[*:2]F,[*:3]N,[*:4]OC,[*:5]C,6.168
C1C(OC)C(OC)C(F)C(N)C1OC,C1C([*:5])C([*:1])C([*:2])C([*:3])C1[*:4],[*:1]OC,[*:2]F,[*:3]N,[*:4]OC,[*:5]OC,6.492
C1C(F)C(OC)C(F)C(N)C1OC,C1C([*:5])C([*:1])C([*:2])C([*:3])C1[*:4],[*:1]OC,[*:2]F,[*:3]N,[*:4]OC,[*:5]F,6.264
C1C(F)C(OC)C(F)C(O)C1C,C1C([*:5])C([*:1])C([*:2])C([*:3])C1[*:4],[*:1]OC,[*:2]F,[*:3]O,[*:4]C,[*:5]F,6.387
C1C(N)C(OC)C(F)C(O)C1C,C1C([*:5])C([*:1])C([*:2])C([*:3])C1[*:4],[*:1]OC,[*:2]F,[*:3]O,[*:4]C,[*:5]N,6.228
C1C(C)C(OC)C(F)C(O)C1CC,C1C([*:5])C([*:1])C([*:2])C([*:3])C1[*:4],[*:1]OC,[*:2]F,[*:3]O,[*:4]CC,[*:5]C,6.150
C1C(OC)C(OC)C(F)C(O)C1C(F)(F)F,C1C([*:5])C([*:1])C([*:2])C([*:3])C1[*:4],[*:1]OC,[*:2]F,[*:3]O,[*:4]C(F)(F)F,[*:5]OC,6.255
C1C(N)C(OC)C(F)C(O)C1C(F)(F)F,C1C([*:5])C([*:1])C([*:2])C([*:3])C1[*:4],[*:1]OC,[*:2]F,[*:3]O,[*:4]C(F)(F)F,[*:5]N,6.049
C1C(C)C(OC)C(F)C(O)C1OC,C1C([*:5])C([*:1])C([*:2])C([*:3])C1[*:4],[*:1]OC,[*:2]F,[*:3]O,[*:4]OC,[*:5]C,6.172
C1C(OC)C(OC)C(F)C(O)C1OC,C1C([*:5])C([*:1])C([*:2])C([*:3])C1[*:4],[*:1]OC,[*:2]F,[*:3]O,[*:4]OC,[*:5]OC,6.522
C1C(C)C(OC)C(F)C(Br)C1C,C1C([*:5])C([*:1])C([*:2])C([*:3])C1[*:4],[*:1]OC,[*:2]F,[*:3]Br,[*:4]C,[*:5]C,6.094
C1C(OC)C(OC)C(F)C(Br)C1C,C1C([*:5])C([*:1])C([*:2])C([*:3])C1[*:4],[*:1]OC,[*:2]F,[*:3]Br,[*:4]C,[*:5]OC,6.540
C1C(F)C(OC)C(F)C(Br)C1C,C1C([*:5])C([*:1])C([*:2])C([*:3])C1[*:4],[*:1]OC,[*:2]F,[*:3]Br,[*:4]C,[*:5]F,6.354
C1C(F)C(OC)C(F)C(Br)C1CC,C1C([*:5])C([*:1])C([*:2])C([*:3])C1[*:4],[*:1]OC,[*:2]F,[*:3]Br,[*:4]CC,[*:5]F,6.343
C1C(N)C(OC)C(F)C(Br)C1C(F)(F)F,C1C([*:5])C([*:1])C([*:2])C([*:3])C1[*:4],[*:1]OC,[*:2]F,[*:3]Br,[*:4]C(F)(F)F,[*:5]N,6.171
C1C(OC)C(OC)C(F)C(Br)C1OC,C1C([*:5])C([*:1])C([*:2])C([*:3])C1[*:4],[*:1]OC,[*:2]F,[*:3]Br,[*:4]OC,[*:5]OC,6.504
C1C(F)C(OC)C(F)C(Br)C1OC,C1C([*:5])C([*:1])C([*:2])C([*:3])C1[*:4],[*:1]OC,[*:2]F,[*:3]Br,[*:4]OC,[*:5]F,6.386
C1C(F)C(OC)C(Cl)C(C)C1C,C1C([*:5])C([*:1])C([*:2])C([*:3])C1[*:4],[*:1]OC,[*:2]Cl,[*:3]C,[*:4]C,[*:5]F,6.278
C1C(OC)C(OC)C(Cl)C(C)C1CC,C1C([*:5])C([*:1])C([*:2])C([*:3])C1[*:4],[*:1]OC,[*:2]Cl,[*:3]C,[*:4]CC,[*:5]OC,6.341
C1C(F)C(OC)C(Cl)C(C)C1CC,C1C([*:5])C([*:1])C([*:2])C([*:3])C1[*:4],[*:1]OC,[*:2]Cl,[*:3]C,[*:4]CC,[*:5]F,6.134
C1C(N)C(OC)C(Cl)C(C)C1CC,C1C([*:5])C([*:1])C([*:2])C([*:3])C1[*:4],[*:1]OC,[*:2]Cl,[*:3]C,[*:4]CC,[*:5]N,5.909
C1C(OC)C(OC)C(Cl)C(C)C1C(F)(F)F,C1C([*:5])C([*:1])C([*:2])C([*:3])C1[*:4],[*:1]OC,[*:2]Cl,[*:3]C,[*:4]C(F)(F)F,[*:5]OC,6.216
C1C(F)C(OC)C(Cl)C(C)C1C(F)(F)F,C1C([*:5])C([*:1])C([*:2])C([*:3])C1[*:4],[*:1]OC,[*:2]Cl,[*:3]C,[*:4]C(F)(F)F,[*:5]F,5.925
C1C(N)C(OC)C(Cl)C(C)C1C(F)(F)F,C1C([*:5])C([*:1])C([*:2])C([*:3])C1[*:4],[*:1]OC,[*:2]Cl,[*:3]C,[*:4]C(F)(F)F,[*:5]N,5.895
C1C(OC)C(OC)C(Cl)C(C)C1OC,C1C([*:5])C([*:1])C([*:2])C([*:3])C1[*:4],[*:1]OC,[*:2]Cl,[*:3]C,[*:4]OC,[*:5]OC,6.385
C1C(F)C(OC)C(Cl)C(C)C1OC,C1C([*:5])C([*:1])C([*:2])C([*:3])C1[*:4],[*:1]OC,[*:2]Cl,[*:3]C,[*:4]OC,[*:5]F,6.131
C1C(OC)C(OC)C(Cl)C(N)C1C,C1C([*:5])C([*:1])C([*:2])C([*:3])C1[*:4],[*:1]OC,[*:2]Cl,[*:3]N,[*:4]C,[*:5]OC,6.301
C1C(F)C(OC)C(Cl)C(N)C1C,C1C([*:5])C([*:1])C([*:2])C([*:3])C1[*:4],[*:1]OC,[*:2]Cl,[*:3]N,[*:4]C,[*:5]F,6.118
C1C(N)C(OC)C(Cl)C(N)C1C,C1C([*:5])C([*:1])C([*:2])C([*:3])C1[*:4],[*:1]OC,[*:2]Cl,[*:3]N,[*:4]C,[*:5]N,6.002
C1C(F)C(OC)C(Cl)C(N)C1C(F)(F)F,C1C([*:5])C([*:1])C([*:2])C([*:3])C1[*:4],[*:1]OC,[*:2]Cl,[*:3]N,[*:4]C(F)(F)F,[*:5]F,5.969
C1C(N)C(OC)C(Cl)C(N)C1C(F)(F)F,C1C([*:5])C([*:1])C([*:2])C([*:3])C1[*:4],[*:1]OC,[*:2]Cl,[*:3]N,[*:4]C(F)(F)F,[*:5]N,5.808
C1C(C)C(OC)C(Cl)C(N)C1OC,C1C([*:5])C([*:1])C([*:2])C([*:3])C1[*:4],[*:1]OC,[*:2]Cl,[*:3]N,[*:4]OC,[*:5]C,5.915
C1C(OC)C(OC)C(Cl)C(N)C1OC,C1C([*:5])C([*:1])C([*:2])C([*:3])C1[*:4],[*:1]OC,[*:2]Cl,[*:3]N,[*:4]OC,[*:5]OC,6.324
C1C(N)C(OC)C(Cl)C(N)C1OC,C1C([*:5])C([*:1])C([*:2])C([*:3])C1[*:4],[*:1]OC,[*:2]Cl,[*:3]N,[*:4]OC,[*:5]N,6.125
C1C(C)C(OC)C(Cl)C(O)C1C,C1C([*:5])C([*:1])C([*:2])C([*:3])C1[*:4],[*:1]OC,[*:2]Cl,[*:3]O,[*:4]C,[*:5]C,5.976
C1C(OC)C(OC)C(Cl)C(O)C1C,C1C([*:5])C([*:1])C([*:2])C([*:3])C1[*:4],[*:1]OC,[*:2]Cl,[*:3]O,[*:4]C,[*:5]OC,6.356
C1C(F)C(OC)C(Cl)C(O)C1C,C1C([*:5])C([*:1])C([*:2])C([*:3])C1[*:4],[*:1]OC,[*:2]Cl,[*:3]O,[*:4]C,[*:5]F,6.207
C1C(N)C(OC)C(Cl)C(O)C1C,C1C([*:5])C([*:1])C([*:2])C([*:3])C1[*:4],[*:1]OC,[*:2]Cl,[*:3]O,[*:4]C,[*:5]N,6.017
C1C(C)C(OC)C(Cl)C(O)C1CC,C1C([*:5])C([*:1])C([*:2])C([*:3])C1[*:4],[*:1]OC,[*:2]Cl,[*:3]O,[*:4]CC,[*:5]C,5.919
C1C(F)C(OC)C(Cl)C(O)C1CC,C1C([*:5])C([*:1])C([*:2])C([*:3])C1[*:4],[*:1]OC,[*:2]Cl,[*:3]O,[*:4]CC,[*:5]F,6.035
C1C(C)C(OC)C(Cl)C(O)C1C(F)(F)F,C1C([*:5])C([*:1])C([*:2])C([*:3])C1[*:4],[*:1]OC,[*:2]Cl,[*:3]O,[*:4]C(F)(F)F,[*:5]C,5.670
C1C(F)C(OC)C(Cl)C(O)C1C(F)(F)F,C1C([*:5])C([*:1])C([*:2])C([*:3])C1[*:4],[*:1]OC,[*:2]Cl,[*:3]O,[*:4]C(F)(F)F,[*:5]F,6.012
C1C(N)C(OC)C(Cl)C(O)C1C(F)(F)F,C1C([*:5])C([*:1])C([*:2])C([*:3])C1[*:4],[*:1]OC,[*:2]Cl,[*:3]O,[*:4]C(F)(F)F,[*:5]N,5.863
C1C(C)C(OC)C(Cl)C(O)C1OC,C1C([*:5])C([*:1])C([*:2])C([*:3])C1[*:4],[*:1]OC,[*:2]Cl,[*:3]O,[*:4]OC,[*:5]C,5.925
C1C(OC)C(OC)C(Cl)C(O)C1OC,C1C([*:5])C([*:1])C([*:2])C([*:3])C1[*:4],[*:1]OC,[*:2]Cl,[*:3]O,[*:4]OC,[*:5]OC,6.319
C1C(F)C(OC)C(Cl)C(O)C1OC,C1C([*:5])C([*:1])C([*:2])C([*:3])C1[*:4],[*:1]OC,[*:2]Cl,[*:3]O,[*:4]OC,[*:5]F,6.171
C1C(C)C(OC)C(Cl)C(Br)C1C,C1C([*:5])C([*:1])C([*:2])C([*:3])C1[*:4],[*:1]OC,[*:2]Cl,[*:3]Br,[*:4]C,[*:5]C,5.877
C1C(OC)C(OC)C(Cl)C(Br)C1C,C1C([*:5])C([*:1])C([*:2])C([*:3])C1[*:4],[*:1]OC,[*:2]Cl,[*:3]Br,[*:4]C,[*:5]OC,6.366
C1C(C)C(OC)C(Cl)C(Br)C1CC,C1C([*:5])C([*:1])C([*:2])C([*:3])C1[*:4],[*:1]OC,[*:2]Cl,[*:3]Br,[*:4]CC,[*:5]C,5.889
C1C(OC)C(OC)C(Cl)C(Br)C1CC,C1C([*:5])C([*:1])C([*:2])C([*:3])C1[*:4],[*:1]OC,[*:2]Cl,[*:3]Br,[*:4]CC,[*:5]OC,6.251
C1C(N)C(OC)C(Cl)C(Br)C1CC,C1C([*:5])C([*:1])C([*:2])C([*:3])C1[*:4],[*:1]OC,[*:2]Cl,[*:3]Br,[*:4]CC,[*:5]N,5.956
C1C(OC)C(OC)C(Cl)C(Br)C1C(F)(F)F,C1C([*:5])C([*:1])C([*:2])C([*:3])C1[*:4],[*:1]OC,[*:2]Cl,[*:3]Br,[*:4]C(F)(F)F,[*:5]OC,6.074
C1C(OC)C(OC)C(Cl)C(Br)C1OC,C1C([*:5])C([*:1])C([*:2])C([*:3])C1[*:4],[*:1]OC,[*:2]Cl,[*:3]Br,[*:4]OC,[*:5]OC,6.233
C1C(F)C(OC)C(Cl)C(Br)C1OC,C1C([*:5])C([*:1])C([*:2])C([*:3])C1[*:4],[*:1]OC,[*:2]Cl,[*:3]Br,[*:4]OC,[*:5]F,6.138
C1C(OC)C(OC)C(C)C(C)C1C,C1C([*:5])C([*:1])C([*:2])C([*:3])C1[*:4],[*:1]OC,[*:2]C,[*:3]C,[*:4]C,[*:5]OC,5.814
C1C(F)C(OC)C(C)C(C)C1C,C1C([*:5])C([*:1])C([*:2])C([*:3])C1[*:4],[*:1]OC,[*:2]C,[*:3]C,[*:4]C,[*:5]F,5.662
C1C(N)C(OC)C(C)C(C)C1CC,C1C([*:5])C([*:1])C([*:2])C([*:3])C1[*:4],[*:1]OC,[*:2]C,[*:3]C,[*:4]CC,[*:5]N,5.398
C1C(C)C(OC)C(C)C(C)C1C(F)(F)F,C1C([*:5])C([*:1])C([*:2])C([*:3])C1[*:4],[*:1]OC,[*:2]C,[*:3]C,[*:4]C(F)(F)F,[*:5]C,5.121
C1C(OC)C(OC)C(C)C(C)C1C(F)(F)F,C1C([*:5])C([*:1])C([*:2])C([*:3])C1[*:4],[*:1]OC,[*:2]C,[*:3]C,[*:4]C(F)(F)F,[*:5]OC,5.583
C1C(F)C(OC)C(C)C(C)C1C(F)(F)F,C1C([*:5])C([*:1])C([*:2])C([*:3])C1[*:4],[*:1]OC,[*:2]C,[*:3]C,[*:4]C(F)(F)F,[*:5]F,5.326
C1C(N)C(OC)C(C)C(C)C1C(F)(F)F,C1C([*:5])C([*:1])C([*:2])C([*:3])C1[*:4],[*:1]OC,[*:2]C,[*:3]C,[*:4]C(F)(F)F,[*:5]N,5.225
C1C(C)C(OC)C(C)C(C)C1OC,C1C([*:5])C([*:1])C([*:2])C([*:3])C1[*:4],[*:1]OC,[*:2]C,[*:3]C,[*:4]OC,[*:5]C,5.311
C1C(F)C(OC)C(C)C(C)C1OC,C1C([*:5])C([*:1])C([*:2])C([*:3])C1[*:4],[*:1]OC,[*:2]C,[*:3]C,[*:4]OC,[*:5]F,5.532
C1C(N)C(OC)C(C)C(C)C1OC,C1C([*:5])C([*:1])C([*:2])C([*:3])C1[*:4],[*:1]OC,[*:2]C,[*:3]C,[*:4]OC,[*:5]N,5.368
C1C(OC)C(OC)C(C)C(N)C1C,C1C([*:5])C([*:1])C([*:2])C([*:3])C1[*:4],[*:1]OC,[*:2]C,[*:3]N,[*:4]C,[*:5]OC,5.800
C1C(F)C(OC)C(C)C(N)C1C,C1C([*:5])C([*:1])C([*:2])C([*:3])C1[*:4],[*:1]OC,[*:2]C,[*:3]N,[*:4]C,[*:5]F,5.615
C1C(C)C(OC)C(C)C(N)C1CC,C1C([*:5])C([*:1])C([*:2])C([*:3])C1[*:4],[*:1]OC,[*:2]C,[*:3]N,[*:4]CC,[*:5]C,5.235
C1C(OC)C(OC)C(C)C(N)C1CC,C1C([*:5])C([*:1])C([*:2])C([*:3])C1[*:4],[*:1]OC,[*:2]C,[*:3]N,[*:4]CC,[*:5]OC,5.669
C1C(F)C(OC)C(C)C(N)C1C(F)(F)F,C1C([*:5])C([*:1])C([*:2])C([*:3])C1[*:4],[*:1]OC,[*:2]C,[*:3]N,[*:4]C(F)(F)F,[*:5]F,5.350
C1C(OC)C(OC)C(C)C(N)C1OC,C1C([*:5])C([*:1])C([*:2])C([*:3])C1[*:4],[*:1]OC,[*:2]C,[*:3]N,[*:4]OC,[*:5]OC,5.807
C1C(F)C(OC)C(C)C(N)C1OC,C1C([*:5])C([*:1])C([*:2])C([*:3])C1[*:4],[*:1]OC,[*:2]C,[*:3]N,[*:4]OC,[*:5]F,5.494
C1C(N)C(OC)C(C)C(N)C1OC,C1C([*:5])C([*:1])C([*:2])C([*:3])C1[*:4],[*:1]OC,[*:2]C,[*:3]N,[*:4]OC,[*:5]N,5.441
C1C(OC)C(OC)C(C)C(O)C1C,C1C([*:5])C([*:1])C([*:2])C([*:3])C1[*:4],[*:1]OC,[*:2]C,[*:3]O,[*:4]C,[*:5]OC,5.846
C1C(F)C(OC)C(C)C(O)C1C,C1C([*:5])C([*:1])C([*:2])C([*:3])C1[*:4],[*:1]OC,[*:2]C,[*:3]O,[*:4]C,[*:5]F,5.692
C1C(F)C(OC)C(C)C(O)C1CC,C1C([*:5])C([*:1])C([*:2])C([*:3])C1[*:4],[*:1]OC,[*:2]C,[*:3]O,[*:4]CC,[*:5]F,5.470
C1C(N)C(OC)C(C)C(O)C1CC,C1C([*:5])C([*:1])C([*:2])C([*:3])C1[*:4],[*:1]OC,[*:2]C,[*:3]O,[*:4]CC,[*:5]N,5.341
C1C(C)C(OC)C(C)C(O)C1C(F)(F)F,C1C([*:5])C([*:1])C([*:2])C([*:3])C1[*:4],[*:1]OC,[*:2]C,[*:3]O,[*:4]C(F)(F)F,[*:5]C,5.218
C1C(F)C(OC)C(C)C(O)C1C(F)(F)F,C1C([*:5])C([*:1])C([*:2])C([*:3])C1[*:4],[*:1]OC,[*:2]C,[*:3]O,[*:4]C(F)(F)F,[*:5]F,5.445
C1C(N)C(OC)C(C)C(O)C1C(F)(F)F,C1C([*:5])C([*:1])C([*:2])C([*:3])C1[*:4],[*:1]OC,[*:2]C,[*:3]O,[*:4]C(F)(F)F,[*:5]N,5.218
C1C(OC)C(OC)C(C)C(O)C1OC,C1C([*:5])C([*:1])C([*:2])C([*:3])C1[*:4],[*:1]OC,[*:2]C,[*:3]O,[*:4]OC,[*:5]OC,5.772
C1C(N)C(OC)C(C)C(O)C1OC,C1C([*:5])C([*:1])C([*:2])C([*:3])C1[*:4],[*:1]OC,[*:2]C,[*:3]O,[*:4]OC,[*:5]N,5.451
C1C(OC)C(OC)C(C)C(Br)C1C,C1C([*:5])C([*:1])C([*:2])C([*:3])C1[*:4],[*:1]OC,[*:2]C,[*:3]Br,[*:4]C,[*:5]OC,5.725
C1C(N)C(OC)C(C)C(Br)C1C,C1C([*:5])C([*:1])C([*:2])C([*:3])C1[*:4],[*:1]OC,[*:2]C,[*:3]Br,[*:4]C,[*:5]N,5.407
C1C(C)C(OC)C(C)C(Br)C1CC,C1C([*:5])C([*:1])C([*:2])C([*:3])C1[*:4],[*:1]OC,[*:2]C,[*:3]Br,[*:4]CC,[*:5]C,5.173
C1C(F)C(OC)C(C)C(Br)C1CC,C1C([*:5])C([*:1])C([*:2])C([*:3])C1[*:4],[*:1]OC,[*:2]C,[*:3]Br,[*:4]CC,[*:5]F,5.480
C1C(OC)C(OC)C(C)C(Br)C1C(F)(F)F,C1C([*:5])C([*:1])C([*:2])C([*:3])C1[*:4],[*:1]OC,[*:2]C,[*:3]Br,[*:4]C(F)(F)F,[*:5]OC,5.503
C1C(F)C(OC)C(C)C(Br)C1C(F)(F)F,C1C([*:5])C([*:1])C([*:2])C([*:3])C1[*:4],[*:1]OC,[*:2]C,[*:3]Br,[*:4]C(F)(F)F,[*:5]F,5.355
C1C(N)C(OC)C(C)C(Br)C1C(F)(F)F,C1C([*:5])C([*:1])C([*:2])C([*:3])C1[*:4],[*:1]OC,[*:2]C,[*:3]Br,[*:4]C(F)(F)F,[*:5]N,5.246
C1C(OC)C(OC)C(C)C(Br)C1OC,C1C([*:5])C([*:1])C([*:2])C([*:3])C1[*:4],[*:1]OC,[*:2]C,[*:3]Br,[*:4]OC,[*:5]OC,5.669
C1C(C)C(OC)C(OC)C(C)C1C,C1C([*:5])C([*:1])C([*:2])C([*:3])C1[*:4],[*:1]OC,[*:2]OC,[*:3]C,[*:4]C,[*:5]C,5.161
C1C(OC)C(OC)C(OC)C(C)C1C,C1C([*:5])C([*:1])C([*:2])C([*:3])C1[*:4],[*:1]OC,[*:2]OC,[*:3]C,[*:4]C,[*:5]OC,5.557
C1C(F)C(OC)C(OC)C(C)C1C,C1C([*:5])C([*:1])C([*:2])C([*:3])C1[*:4],[*:1]OC,[*:2]OC,[*:3]C,[*:4]C,[*:5]F,5.427
C1C(N)C(OC)C(OC)C(C)C1C,C1C([*:5])C([*:1])C([*:2])C([*:3])C1[*:4],[*:1]OC,[*:2]OC,[*:3]C,[*:4]C,[*:5]N,5.313
C1C(C)C(OC)C(OC)C(C)C1CC,C1C([*:5])C([*:1])C([*:2])C([*:3])C1[*:4],[*:1]OC,[*:2]OC,[*:3]C,[*:4]CC,[*:5]C,5.044
C1C(OC)C(OC)C(OC)C(C)C1CC,C1C([*:5])C([*:1])C([*:2])C([*:3])C1[*:4],[*:1]OC,[*:2]OC,[*:3]C,[*:4]CC,[*:5]OC,5.463
C1C(N)C(OC)C(OC)C(C)C1CC,C1C([*:5])C([*:1])C([*:2])C([*:3])C1[*:4],[*:1]OC,[*:2]OC,[*:3]C,[*:4]CC,[*:5]N,5.241
C1C(OC)C(OC)C(OC)C(C)C1C(F)(F)F,C1C([*:5])C([*:1])C([*:2])C([*:3])C1[*:4],[*:1]OC,[*:2]OC,[*:3]C,[*:4]C(F)(F)F,[*:5]OC,5.362
C1C(N)C(OC)C(OC)C(C)C1C(F)(F)F,C1C([*:5])C([*:1])C([*:2])C([*:3])C1[*:4],[*:1]OC,[*:2]OC,[*:3]C,[*:4]C(F)(F)F,[*:5]N,5.058
C1C(OC)C(OC)C(OC)C(C)C1OC,C1C([*:5])C([*:1])C([*:2])C([*:3])C1[*:4],[*:1]OC,[*:2]OC,[*:3]C,[*:4]OC,[*:5]OC,5.542
C1C(C)C(OC)C(OC)C(N)C1C,C1C([*:5])C([*:1])C([*:2])C([*:3])C1[*:4],[*:1]OC,[*:2]OC,[*:3]N,[*:4]C,[*:5]C,5.194
C1C(OC)C(OC)C(OC)C(N)C1C,C1C([*:5])C([*:1])C([*:2])C([*:3])C1[*:4],[*:1]OC,[*:2]OC,[*:3]N,[*:4]C,[*:5]OC,5.548
C1C(F)C(OC)C(OC)C(N)C1C,C1C([*:5])C([*:1])C([*:2])C([*:3])C1[*:4],[*:1]OC,[*:2]OC,[*:3]N,[*:4]C,[*:5]F,5.428
C1C(C)C(OC)C(OC)C(N)C1CC,C1C([*:5])C([*:1])C([*:2])C([*:3])C1[*:4],[*:1]OC,[*:2]OC,[*:3]N,[*:4]CC,[*:5]C,5.101
C1C(F)C(OC)C(OC)C(N)C1CC,C1C([*:5])C([*:1])C([*:2])C([*:3])C1[*:4],[*:1]OC,[*:2]OC,[*:3]N,[*:4]CC,[*:5]F,5.293
C1C(C)C(OC)C(OC)C(N)C1C(F)(F)F,C1C([*:5])C([*:1])C([*:2])C([*:3])C1[*:4],[*:1]OC,[*:2]OC,[*:3]N,[*:4]C(F)(F)F,[*:5]C,4.970
C1C(OC)C(OC)C(OC)C(N)C1C(F)(F)F,C1C([*:5])C([*:1])C([*:2])C([*:3])C1[*:4],[*:1]OC,[*:2]OC,[*:3]N,[*:4]C(F)(F)F,[*:5]OC,5.451
C1C(F)C(OC)C(OC)C(N)C1C(F)(F)F,C1C([*:5])C([*:1])C([*:2])C([*:3])C1[*:4],[*:1]OC,[*:2]OC,[*:3]N,[*:4]C(F)(F)F,[*:5]F,5.154
C1C(N)C(OC)C(OC)C(N)C1OC,C1C([*:5])C([*:1])C([*:2])C([*:3])C1[*:4],[*:1]OC,[*:2]OC,[*:3]N,[*:4]OC,[*:5]N,5.135
C1C(OC)C(OC)C(OC)C(O)C1C,C1C([*:5])C([*:1])C([*:2])C([*:3])C1[*:4],[*:1]OC,[*:2]OC,[*:3]O,[*:4]C,[*:5]OC,5.602
C1C(F)C(OC)C(OC)C(O)C1C,C1C([*:5])C([*:1])C([*:2])C([*:3])C1[*:4],[*:1]OC,[*:2]OC,[*:3]O,[*:4]C,[*:5]F,5.495
C1C(F)C(OC)C(OC)C(O)C1CC,C1C([*:5])C([*:1])C([*:2])C([*:3])C1[*:4],[*:1]OC,[*:2]OC,[*:3]O,[*:4]CC,[*:5]F,5.329
C1C(N)C(OC)C(OC)C(O)C1CC,C1C([*:5])C([*:1])C([*:2])C([*:3])C1[*:4],[*:1]OC,[*:2]OC,[*:3]O,[*:4]CC,[*:5]N,5.164
C1C(OC)C(OC)C(OC)C(O)C1C(F)(F)F,C1C([*:5])C([*:1])C([*:2])C([*:3])C1[*:4],[*:1]OC,[*:2]OC,[*:3]O,[*:4]C(F)(F)F,[*:5]OC,5.340
C1C(C)C(OC)C(OC)C(O)C1OC,C1C([*:5])C([*:1])C([*:2])C([*:3])C1[*:4],[*:1]OC,[*:2]OC,[*:3]O,[*:4]OC,[*:5]C,5.223
C1C(N)C(OC)C(OC)C(O)C1OC,C1C([*:5])C([*:1])C([*:2])C([*:3])C1[*:4],[*:1]OC,[*:2]OC,[*:3]O,[*:4]OC,[*:5]N,5.238
C1C(OC)C(OC)C(OC)C(Br)C1C,C1C([*:5])C([*:1])C([*:2])C([*:3])C1[*:4],[*:1]OC,[*:2]OC,[*:3]Br,[*:4]C,[*:5]OC,5.552
C1C(C)C(OC)C(OC)C(Br)C1CC,C1C([*:5])C([*:1])C([*:2])C([*:3])C1[*:4],[*:1]OC,[*:2]OC,[*:3]Br,[*:4]CC,[*:5]C,5.052
C1C(N)C(OC)C(OC)C(Br)C1CC,C1C([*:5])C([*:1])C([*:2])C([*:3])C1[*:4],[*:1]OC,[*:2]OC,[*:3]Br,[*:4]CC,[*:5]N,5.015
C1C(C)C(OC)C(OC)C(Br)C1C(F)(F)F,C1C([*:5])C([*:1])C([*:2])C([*:3])C1[*:4],[*:1]OC,[*:2]OC,[*:3]Br,[*:4]C(F)(F)F,[*:5]C,4.935
C1C(OC)C(OC)C(OC)C(Br)C1C(F)(F)F,C1C([*:5])C([*:1])C([*:2])C([*:3])C1[*:4],[*:1]OC,[*:2]OC,[*:3]Br,[*:4]C(F)(F)F,[*:5]OC,5.309
C1C(C)C(OC)C(OC)C(Br)C1OC,C1C([*:5])C([*:1])C([*:2])C([*:3])C1[*:4],[*:1]OC,[*:2]OC,[*:3]Br,[*:4]OC,[*:5]C,5.105
C1C(OC)C(OC)C(OC)C(Br)C1OC,C1C([*:5])C([*:1])C([*:2])C([*:3])C1[*:4],[*:1]OC,[*:2]OC,[*:3]Br,[*:4]OC,[*:5]OC,5.565
C1C(N)C(OC)C(OC)C(Br)C1OC,C1C([*:5])C([*:1])C([*:2])C([*:3])C1[*:4],[*:1]OC,[*:2]OC,[*:3]Br,[*:4]OC,[*:5]N,5.172
C1C(N)C(OC)C(Br)C(C)C1C,C1C([*:5])C([*:1])C([*:2])C([*:3])C1[*:4],[*:1]OC,[*:2]Br,[*:3]C,[*:4]C,[*:5]N,5.944
C1C(OC)C(OC)C(Br)C(C)C1CC,C1C([*:5])C([*:1])C([*:2])C([*:3])C1[*:4],[*:1]OC,[*:2]Br,[*:3]C,[*:4]CC,[*:5]OC,6.076
C1C(F)C(OC)C(Br)C(C)C1CC,C1C([*:5])C([*:1])C([*:2])C([*:3])C1[*:4],[*:1]OC,[*:2]Br,[*:3]C,[*:4]CC,[*:5]F,5.939
C1C(N)C(OC)C(Br)C(C)C1CC,C1C([*:5])C([*:1])C([*:2])C([*:3])C1[*:4],[*:1]OC,[*:2]Br,[*:3]C,[*:4]CC,[*:5]N,5.905
C1C(C)C(OC)C(Br)C(C)C1C(F)(F)F,C1C([*:5])C([*:1])C([*:2])C([*:3])C1[*:4],[*:1]OC,[*:2]Br,[*:3]C,[*:4]C(F)(F)F,[*:5]C,5.657
C1C(OC)C(OC)C(Br)C(C)C1C(F)(F)F,C1C([*:5])C([*:1])C([*:2])C([*:3])C1[*:4],[*:1]OC,[*:2]Br,[*:3]C,[*:4]C(F)(F)F,[*:5]OC,6.030
C1C(F)C(OC)C(Br)C(C)C1C(F)(F)F,C1C([*:5])C([*:1])C([*:2])C([*:3])C1[*:4],[*:1]OC,[*:2]Br,[*:3]C,[*:4]C(F)(F)F,[*:5]F,5.868
C1C(N)C(OC)C(Br)C(C)C1C(F)(F)F,C1C([*:5])C([*:1])C([*:2])C([*:3])C1[*:4],[*:1]OC,[*:2]Br,[*:3]C,[*:4]C(F)(F)F,[*:5]N,5.750
C1C(OC)C(OC)C(Br)C(C)C1OC,C1C([*:5])C([*:1])C([*:2])C([*:3])C1[*:4],[*:1]OC,[*:2]Br,[*:3]C,[*:4]OC,[*:5]OC,6.142
C1C(N)C(OC)C(Br)C(C)C1OC,C1C([*:5])C([*:1])C([*:2])C([*:3])C1[*:4],[*:1]OC,[*:2]Br,[*:3]C,[*:4]OC,[*:5]N,5.869
C1C(C)C(OC)C(Br)C(N)C1C,C1C([*:5])C([*:1])C([*:2])C([*:3])C1[*:4],[*:1]OC,[*:2]Br,[*:3]N,[*:4]C,[*:5]C,5.830
C1C(OC)C(OC)C(Br)C(N)C1C,C1C([*:5])C([*:1])C([*:2])C([*:3])C1[*:4],[*:1]OC,[*:2]Br,[*:3]N,[*:4]C,[*:5]OC,6.189
C1C(F)C(OC)C(Br)C(N)C1C,C1C([*:5])C([*:1])C([*:2])C([*:3])C1[*:4],[*:1]OC,[*:2]Br,[*:3]N,[*:4]C,[*:5]F,5.981
C1C(OC)C(OC)C(Br)C(N)C1CC,C1C([*:5])C([*:1])C([*:2])C([*:3])C1[*:4],[*:1]OC,[*:2]Br,[*:3]N,[*:4]CC,[*:5]OC,6.075
C1C(F)C(OC)C(Br)C(N)C1CC,C1C([*:5])C([*:1])C([*:2])C([*:3])C1[*:4],[*:1]OC,[*:2]Br,[*:3]N,[*:4]CC,[*:5]F,5.934
C1C(C)C(OC)C(Br)C(N)C1C(F)(F)F,C1C([*:5])C([*:1])C([*:2])C([*:3])C1[*:4],[*:1]OC,[*:2]Br,[*:3]N,[*:4]C(F)(F)F,[*:5]C,5.585
C1C(OC)C(OC)C(Br)C(N)C1C(F)(F)F,C1C([*:5])C([*:1])C([*:2])C([*:3])C1[*:4],[*:1]OC,[*:2]Br,[*:3]N,[*:4]C(F)(F)F,[*:5]OC,5.991
C1C(N)C(OC)C(Br)C(N)C1C(F)(F)F,C1C([*:5])C([*:1])C([*:2])C([*:3])C1[*:4],[*:1]OC,[*:2]Br,[*:3]N,[*:4]C(F)(F)F,[*:5]N,5.719
C1C(C)C(OC)C(Br)C(N)C1OC,C1C([*:5])C([*:1])C([*:2])C([*:3])C1[*:4],[*:1]OC,[*:2]Br,[*:3]N,[*:4]OC,[*:5]C,5.808
C1C(F)C(OC)C(Br)C(N)C1OC,C1C([*:5])C([*:1])C([*:2])C([*:3])C1[*:4],[*:1]OC,[*:2]Br,[*:3]N,[*:4]OC,[*:5]F,6.000
C1C(N)C(OC)C(Br)C(O)C1C,C1C([*:5])C([*:1])C([*:2])C([*:3])C1[*:4],[*:1]OC,[*:2]Br,[*:3]O,[*:4]C,[*:5]N,6.059
C1C(C)C(OC)C(Br)C(O)C1CC,C1C([*:5])C([*:1])C([*:2])C([*:3])C1[*:4],[*:1]OC,[*:2]Br,[*:3]O,[*:4]CC,[*:5]C,5.788
C1C(OC)C(OC)C(Br)C(O)C1CC,C1C([*:5])C([*:1])C([*:2])C([*:3])C1[*:4],[*:1]OC,[*:2]Br,[*:3]O,[*:4]CC,[*:5]OC,6.209
C1C(C)C(OC)C(Br)C(O)C1C(F)(F)F,C1C([*:5])C([*:1])C([*:2])C([*:3])C1[*:4],[*:1]OC,[*:2]Br,[*:3]O,[*:4]C(F)(F)F,[*:5]C,5.601
C1C(OC)C(OC)C(Br)C(O)C1C(F)(F)F,C1C([*:5])C([*:1])C([*:2])C([*:3])C1[*:4],[*:1]OC,[*:2]Br,[*:3]O,[*:4]C(F)(F)F,[*:5]OC,5.944
C1C(F)C(OC)C(Br)C(O)C1C(F)(F)F,C1C([*:5])C([*:1])C([*:2])C([*:3])C1[*:4],[*:1]OC,[*:2]Br,[*:3]O,[*:4]C(F)(F)F,[*:5]F,5.814
C1C(N)C(OC)C(Br)C(O)C1C(F)(F)F,C1C([*:5])C([*:1])C([*:2])C([*:3])C1[*:4],[*:1]OC,[*:2]Br,[*:3]O,[*:4]C(F)(F)F,[*:5]N,5.734
C1C(OC)C(OC)C(Br)C(O)C1OC,C1C([*:5])C([*:1])C([*:2])C([*:3])C1[*:4],[*:1]OC,[*:2]Br,[*:3]O,[*:4]OC,[*:5]OC,6.214
C1C(F)C(OC)C(Br)C(O)C1OC,C1C([*:5])C([*:1])C([*:2])C([*:3])C1[*:4],[*:1]OC,[*:2]Br,[*:3]O,[*:4]OC,[*:5]F,6.030
C1C(N)C(OC)C(Br)C(O)C1OC,C1C([*:5])C([*:1])C([*:2])C([*:3])C1[*:4],[*:1]OC,[*:2]Br,[*:3]O,[*:4]OC,[*:5]N,5.914
C1C(F)C(OC)C(Br)C(Br)C1C,C1C([*:5])C([*:1])C([*:2])C([*:3])C1[*:4],[*:1]OC,[*:2]Br,[*:3]Br,[*:4]C,[*:5]F,5.968
C1C(C)C(OC)C(Br)C(Br)C1CC,C1C([*:5])C([*:1])C([*:2])C([*:3])C1[*:4],[*:1]OC,[*:2]Br,[*:3]Br,[*:4]CC,[*:5]C,5.709
C1C(OC)C(OC)C(Br)C(Br)C1CC,C1C([*:5])C([*:1])C([*:2])C([*:3])C1[*:4],[*:1]OC,[*:2]Br,[*:3]Br,[*:4]CC,[*:5]OC,6.167
C1C(N)C(OC)C(Br)C(Br)C1C(F)(F)F,C1C([*:5])C([*:1])C([*:2])C([*:3])C1[*:4],[*:1]OC,[*:2]Br,[*:3]Br,[*:4]C(F)(F)F,[*:5]N,5.669
C1C(C)C(OC)C(Br)C(Br)C1OC,C1C([*:5])C([*:1])C([*:2])C([*:3])C1[*:4],[*:1]OC,[*:2]Br,[*:3]Br,[*:4]OC,[*:5]C,5.782
C1C(OC)C(OC)C(Br)C(Br)C1OC,C1C([*:5])C([*:1])C([*:2])C([*:3])C1[*:4],[*:1]OC,[*:2]Br,[*:3]Br,[*:4]OC,[*:5]OC,6.205
C1C(F)C(OC)C(Br)C(Br)C1OC,C1C([*:5])C([*:1])C([*:2])C([*:3])C1[*:4],[*:1]OC,[*:2]Br,[*:3]Br,[*:4]OC,[*:5]F,5.905
C1C(C)C(F)C(F)C(C)C1C,C1C([*:5])C([*:1])C([*:2])C([*:3])C1[*:4],[*:1]F,[*:2]F,[*:3]C,[*:4]C,[*:5]C,6.162
C1C(OC)C(F)C(F)C(C)C1C,C1C([*:5])C([*:1])C([*:2])C([*:3])C1[*:4],[*:1]F,[*:2]F,[*:3]C,[*:4]C,[*:5]OC,6.590
C1C(C)C(F)C(F)C(C)C1CC,C1C([*:5])C([*:1])C([*:2])C([*:3])C1[*:4],[*:1]F,[*:2]F,[*:3]C,[*:4]CC,[*:5]C,6.036
C1C(OC)C(F)C(F)C(C)C1CC,C1C([*:5])C([*:1])C([*:2])C([*:3])C1[*:4],[*:1]F,[*:2]F,[*:3]C,[*:4]CC,[*:5]OC,6.436
C1C(N)C(F)C(F)C(C)C1CC,C1C([*:5])C([*:1])C([*:2])C([*:3])C1[*:4],[*:1]F,[*:2]F,[*:3]C,[*:4]CC,[*:5]N,6.119
C1C(C)C(F)C(F)C(C)C1C(F)(F)F,C1C([*:5])C([*:1])C([*:2])C([*:3])C1[*:4],[*:1]F,[*:2]F,[*:3]C,[*:4]C(F)(F)F,[*:5]C,6.011
C1C(OC)C(F)C(F)C(C)C1C(F)(F)F,C1C([*:5])C([*:1])C([*:2])C([*:3])C1[*:4],[*:1]F,[*:2]F,[*:3]C,[*:4]C(F)(F)F,[*:5]OC,6.280
C1C(C)C(F)C(F)C(C)C1OC,C1C([*:5])C([*:1])C([*:2])C([*:3])C1[*:4],[*:1]F,[*:2]F,[*:3]C,[*:4]OC,[*:5]C,6.132
C1C(F)C(F)C(F)C(C)C1OC,C1C([*:5])C([*:1])C([*:2])C([*:3])C1[*:4],[*:1]F,[*:2]F,[*:3]C,[*:4]OC,[*:5]F,6.291
C1C(F)C(F)C(F)C(N)C1C,C1C([*:5])C([*:1])C([*:2])C([*:3])C1[*:4],[*:1]F,[*:2]F,[*:3]N,[*:4]C,[*:5]F,6.415
C1C(N)C(F)C(F)C(N)C1C,C1C([*:5])C([*:1])C([*:2])C([*:3])C1[*:4],[*:1]F,[*:2]F,[*:3]N,[*:4]C,[*:5]N,6.222
C1C(C)C(F)C(F)C(N)C1CC,C1C([*:5])C([*:1])C([*:2])C([*:3])C1[*:4],[*:1]F,[*:2]F,[*:3]N,[*:4]CC,[*:5]C,5.970
C1C(OC)C(F)C(F)C(N)C1CC,C1C([*:5])C([*:1])C([*:2])C([*:3])C1[*:4],[*:1]F,[*:2]F,[*:3]N,[*:4]CC,[*:5]OC,6.416
C1C(F)C(F)C(F)C(N)C1CC,C1C([*:5])C([*:1])C([*:2])C([*:3])C1[*:4],[*:1]F,[*:2]F,[*:3]N,[*:4]CC,[*:5]F,6.161
C1C(C)C(F)C(F)C(N)C1C(F)(F)F,C1C([*:5])C([*:1])C([*:2])C([*:3])C1[*:4],[*:1]F,[*:2]F,[*:3]N,[*:4]C(F)(F)F,[*:5]C,5.847
C1C(OC)C(F)C(F)C(N)C1C(F)(F)F,C1C([*:5])C([*:1])C([*:2])C([*:3])C1[*:4],[*:1]F,[*:2]F,[*:3]N,[*:4]C(F)(F)F,[*:5]OC,6.281
C1C(N)C(F)C(F)C(N)C1C(F)(F)F,C1C([*:5])C([*:1])C([*:2])C([*:3])C1[*:4],[*:1]F,[*:2]F,[*:3]N,[*:4]C(F)(F)F,[*:5]N,6.005
C1C(OC)C(F)C(F)C(N)C1OC,C1C([*:5])C([*:1])C([*:2])C([*:3])C1[*:4],[*:1]F,[*:2]F,[*:3]N,[*:4]OC,[*:5]OC,6.453
C1C(N)C(F)C(F)C(N)C1OC,C1C([*:5])C([*:1])C([*:2])C([*:3])C1[*:4],[*:1]F,[*:2]F,[*:3]N,[*:4]OC,[*:5]N,6.193
C1C(C)C(F)C(F)C(O)C1CC,C1C([*:5])C([*:1])C([*:2])C([*:3])C1[*:4],[*:1]F,[*:2]F,[*:3]O,[*:4]CC,[*:5]C,6.040
C1C(N)C(F)C(F)C(O)C1CC,C1C([*:5])C([*:1])C([*:2])C([*:3])C1[*:4],[*:1]F,[*:2]F,[*:3]O,[*:4]CC,[*:5]N,6.091
C1C(N)C(F)C(F)C(O)C1C(F)(F)F,C1C([*:5])C([*:1])C([*:2])C([*:3])C1[*:4],[*:1]F,[*:2]F,[*:3]O,[*:4]C(F)(F)F,[*:5]N,5.891
C1C(C)C(F)C(F)C(O)C1OC,C1C([*:5])C([*:1])C([*:2])C([*:3])C1[*:4],[*:1]F,[*:2]F,[*:3]O,[*:4]OC,[*:5]C,6.001
C1C(OC)C(F)C(F)C(O)C1OC,C1C([*:5])C([*:1])C([*:2])C([*:3])C1[*:4],[*:1]F,[*:2]F,[*:3]O,[*:4]OC,[*:5]OC,6.530
C1C(F)C(F)C(F)C(O)C1OC,C1C([*:5])C([*:1])C([*:2])C([*:3])C1[*:4],[*:1]F,[*:2]F,[*:3]O,[*:4]OC,[*:5]F,6.297
C1C(N)C(F)C(F)C(O)C1OC,C1C([*:5])C([*:1])C([*:2])C([*:3])C1[*:4],[*:1]F,[*:2]F,[*:3]O,[*:4]OC,[*:5]N,6.216
C1C(C)C(F)C(F)C(Br)C1C,C1C([*:5])C([*:1])C([*:2])C([*:3])C1[*:4],[*:1]F,[*:2]F,[*:3]Br,[*:4]C,[*:5]C,5.988
C1C(OC)C(F)C(F)C(Br)C1C,C1C([*:5])C([*:1])C([*:2])C([*:3])C1[*:4],[*:1]F,[*:2]F,[*:3]Br,[*:4]C,[*:5]OC,6.583
C1C(C)C(F)C(F)C(Br)C1CC,C1C([*:5])C([*:1])C([*:2])C([*:3])C1[*:4],[*:1]F,[*:2]F,[*:3]Br,[*:4]CC,[*:5]C,6.123
C1C(OC)C(F)C(F)C(Br)C1CC,C1C([*:5])C([*:1])C([*:2])C([*:3])C1[*:4],[*:1]F,[*:2]F,[*:3]Br,[*:4]CC,[*:5]OC,6.350
C1C(N)C(F)C(F)C(Br)C1CC,C1C([*:5])C([*:1])C([*:2])C([*:3])C1[*:4],[*:1]F,[*:2]F,[*:3]Br,[*:4]CC,[*:5]N,6.134
C1C(OC)C(F)C(F)C(Br)C1C(F)(F)F,C1C([*:5])C([*:1])C([*:2])C([*:3])C1[*:4],[*:1]F,[*:2]F,[*:3]Br,[*:4]C(F)(F)F,[*:5]OC,6.188
C1C(N)C(F)C(F)C(Br)C1C(F)(F)F,C1C([*:5])C([*:1])C([*:2])C([*:3])C1[*:4],[*:1]F,[*:2]F,[*:3]Br,[*:4]C(F)(F)F,[*:5]N,5.968
C1C(C)C(F)C(Cl)C(C)C1C,C1C([*:5])C([*:1])C([*:2])C([*:3])C1[*:4],[*:1]F,[*:2]Cl,[*:3]C,[*:4]C,[*:5]C,6.011
C1C(F)C(F)C(Cl)C(C)C1C,C1C([*:5])C([*:1])C([*:2])C([*:3])C1[*:4],[*:1]F,[*:2]Cl,[*:3]C,[*:4]C,[*:5]F,6.146
C1C(F)C(F)C(Cl)C(C)C1CC,C1C([*:5])C([*:1])C([*:2])C([*:3])C1[*:4],[*:1]F,[*:2]Cl,[*:3]C,[*:4]CC,[*:5]F,6.128
C1C(N)C(F)C(Cl)C(C)C1CC,C1C([*:5])C([*:1])C([*:2])C([*:3])C1[*:4],[*:1]F,[*:2]Cl,[*:3]C,[*:4]CC,[*:5]N,5.835
C1C(C)C(F)C(Cl)C(C)C1OC,C1C([*:5])C([*:1])C([*:2])C([*:3])C1[*:4],[*:1]F,[*:2]Cl,[*:3]C,[*:4]OC,[*:5]C,5.866
C1C(OC)C(F)C(Cl)C(C)C1OC,C1C([*:5])C([*:1])C([*:2])C([*:3])C1[*:4],[*:1]F,[*:2]Cl,[*:3]C,[*:4]OC,[*:5]OC,6.250
C1C(N)C(F)C(Cl)C(C)C1OC,C1C([*:5])C([*:1])C([*:2])C([*:3])C1[*:4],[*:1]F,[*:2]Cl,[*:3]C,[*:4]OC,[*:5]N,6.035
C1C(N)C(F)C(Cl)C(N)C1C,C1C([*:5])C([*:1])C([*:2])C([*:3])C1[*:4],[*:1]F,[*:2]Cl,[*:3]N,[*:4]C,[*:5]N,6.110
C1C(C)C(F)C(Cl)C(N)C1CC,C1C([*:5])C([*:1])C([*:2])C([*:3])C1[*:4],[*:1]F,[*:2]Cl,[*:3]N,[*:4]CC,[*:5]C,5.852
C1C(N)C(F)C(Cl)C(N)C1CC,C1C([*:5])C([*:1])C([*:2])C([*:3])C1[*:4],[*:1]F,[*:2]Cl,[*:3]N,[*:4]CC,[*:5]N,5.872
C1C(C)C(F)C(Cl)C(N)C1C(F)(F)F,C1C([*:5])C([*:1])C([*:2])C([*:3])C1[*:4],[*:1]F,[*:2]Cl,[*:3]N,[*:4]C(F)(F)F,[*:5]C,5.741
C1C(N)C(F)C(Cl)C(N)C1C(F)(F)F,C1C([*:5])C([*:1])C([*:2])C([*:3])C1[*:4],[*:1]F,[*:2]Cl,[*:3]N,[*:4]C(F)(F)F,[*:5]N,5.829
C1C(OC)C(F)C(Cl)C(N)C1OC,C1C([*:5])C([*:1])C([*:2])C([*:3])C1[*:4],[*:1]F,[*:2]Cl,[*:3]N,[*:4]OC,[*:5]OC,6.322
C1C(F)C(F)C(Cl)C(N)C1OC,C1C([*:5])C([*:1])C([*:2])C([*:3])C1[*:4],[*:1]F,[*:2]Cl,[*:3]N,[*:4]OC,[*:5]F,6.101
C1C(C)C(F)C(Cl)C(O)C1C,C1C([*:5])C([*:1])C([*:2])C([*:3])C1[*:4],[*:1]F,[*:2]Cl,[*:3]O,[*:4]C,[*:5]C,5.901
C1C(F)C(F)C(Cl)C(O)C1C,C1C([*:5])C([*:1])C([*:2])C([*:3])C1[*:4],[*:1]F,[*:2]Cl,[*:3]O,[*:4]C,[*:5]F,6.217
C1C(N)C(F)C(Cl)C(O)C1C,C1C([*:5])C([*:1])C([*:2])C([*:3])C1[*:4],[*:1]F,[*:2]Cl,[*:3]O,[*:4]C,[*:5]N,5.983
C1C(C)C(F)C(Cl)C(O)C1CC,C1C([*:5])C([*:1])C([*:2])C([*:3])C1[*:4],[*:1]F,[*:2]Cl,[*:3]O,[*:4]CC,[*:5]C,5.857
C1C(OC)C(F)C(Cl)C(O)C1CC,C1C([*:5])C([*:1])C([*:2])C([*:3])C1[*:4],[*:1]F,[*:2]Cl,[*:3]O,[*:4]CC,[*:5]OC,6.227
C1C(C)C(F)C(Cl)C(O)C1C(F)(F)F,C1C([*:5])C([*:1])C([*:2])C([*:3])C1[*:4],[*:1]F,[*:2]Cl,[*:3]O,[*:4]C(F)(F)F,[*:5]C,5.733
C1C(OC)C(F)C(Cl)C(O)C1C(F)(F)F,C1C([*:5])C([*:1])C([*:2])C([*:3])C1[*:4],[*:1]F,[*:2]Cl,[*:3]O,[*:4]C(F)(F)F,[*:5]OC,6.142
C1C(N)C(F)C(Cl)C(O)C1C(F)(F)F,C1C([*:5])C([*:1])C([*:2])C([*:3])C1[*:4],[*:1]F,[*:2]Cl,[*:3]O,[*:4]C(F)(F)F,[*:5]N,5.897
C1C(C)C(F)C(Cl)C(O)C1OC,C1C([*:5])C([*:1])C([*:2])C([*:3])C1[*:4],[*:1]F,[*:2]Cl,[*:3]O,[*:4]OC,[*:5]C,5.928
C1C(OC)C(F)C(Cl)C(O)C1OC,C1C([*:5])C([*:1])C([*:2])C([*:3])C1[*:4],[*:1]F,[*:2]Cl,[*:3]O,[*:4]OC,[*:5]OC,6.139
C1C(F)C(F)C(Cl)C(O)C1OC,C1C([*:5])C([*:1])C([*:2])C([*:3])C1[*:4],[*:1]F,[*:2]Cl,[*:3]O,[*:4]OC,[*:5]F,5.992
C1C(N)C(F)C(Cl)C(O)C1OC,C1C([*:5])C([*:1])C([*:2])C([*:3])C1[*:4],[*:1]F,[*:2]Cl,[*:3]O,[*:4]OC,[*:5]N,5.990
C1C(C)C(F)C(Cl)C(Br)C1C,C1C([*:5])C([*:1])C([*:2])C([*:3])C1[*:4],[*:1]F,[*:2]Cl,[*:3]Br,[*:4]C,[*:5]C,5.904
C1C(OC)C(F)C(Cl)C(Br)C1C,C1C([*:5])C([*:1])C([*:2])C([*:3])C1[*:4],[*:1]F,[*:2]Cl,[*:3]Br,[*:4]C,[*:5]OC,6.225
C1C(F)C(F)C(Cl)C(Br)C1C,C1C([*:5])C([*:1])C([*:2])C([*:3])C1[*:4],[*:1]F,[*:2]Cl,[*:3]Br,[*:4]C,[*:5]F,6.109
C1C(N)C(F)C(Cl)C(Br)C1C,C1C([*:5])C([*:1])C([*:2])C([*:3])C1[*:4],[*:1]F,[*:2]Cl,[*:3]Br,[*:4]C,[*:5]N,6.047
C1C(OC)C(F)C(Cl)C(Br)C1CC,C1C([*:5])C([*:1])C([*:2])C([*:3])C1[*:4],[*:1]F,[*:2]Cl,[*:3]Br,[*:4]CC,[*:5]OC,6.251
C1C(C)C(F)C(Cl)C(Br)C1C(F)(F)F,C1C([*:5])C([*:1])C([*:2])C([*:3])C1[*:4],[*:1]F,[*:2]Cl,[*:3]Br,[*:4]C(F)(F)F,[*:5]C,5.721
C1C(OC)C(F)C(Cl)C(Br)C1C(F)(F)F,C1C([*:5])C([*:1])C([*:2])C([*:3])C1[*:4],[*:1]F,[*:2]Cl,[*:3]Br,[*:4]C(F)(F)F,[*:5]OC,6.185
C1C(F)C(F)C(Cl)C(Br)C1C(F)(F)F,C1C([*:5])C([*:1])C([*:2])C([*:3])C1[*:4],[*:1]F,[*:2]Cl,[*:3]Br,[*:4]C(F)(F)F,[*:5]F,5.904
C1C(N)C(F)C(Cl)C(Br)C1OC,C1C([*:5])C([*:1])C([*:2])C([*:3])C1[*:4],[*:1]F,[*:2]Cl,[*:3]Br,[*:4]OC,[*:5]N,6.037
C1C(OC)C(F)C(C)C(C)C1C,C1C([*:5])C([*:1])C([*:2])C([*:3])C1[*:4],[*:1]F,[*:2]C,[*:3]C,[*:4]C,[*:5]OC,5.724
C1C(C)C(F)C(C)C(C)C1C(F)(F)F,C1C([*:5])C([*:1])C([*:2])C([*:3])C1[*:4],[*:1]F,[*:2]C,[*:3]C,[*:4]C(F)(F)F,[*:5]C,5.071
C1C(OC)C(F)C(C)C(C)C1C(F)(F)F,C1C([*:5])C([*:1])C([*:2])C([*:3])C1[*:4],[*:1]F,[*:2]C,[*:3]C,[*:4]C(F)(F)F,[*:5]OC,5.535
C1C(F)C(F)C(C)C(C)C1C(F)(F)F,C1C([*:5])C([*:1])C([*:2])C([*:3])C1[*:4],[*:1]F,[*:2]C,[*:3]C,[*:4]C(F)(F)F,[*:5]F,5.381
C1C(N)C(F)C(C)C(C)C1C(F)(F)F,C1C([*:5])C([*:1])C([*:2])C([*:3])C1[*:4],[*:1]F,[*:2]C,[*:3]C,[*:4]C(F)(F)F,[*:5]N,5.175
C1C(F)C(F)C(C)C(C)C1OC,C1C([*:5])C([*:1])C([*:2])C([*:3])C1[*:4],[*:1]F,[*:2]C,[*:3]C,[*:4]OC,[*:5]F,5.493
C1C(N)C(F)C(C)C(C)C1OC,C1C([*:5])C([*:1])C([*:2])C([*:3])C1[*:4],[*:1]F,[*:2]C,[*:3]C,[*:4]OC,[*:5]N,5.456
C1C(C)C(F)C(C)C(N)C1C,C1C([*:5])C([*:1])C([*:2])C([*:3])C1[*:4],[*:1]F,[*:2]C,[*:3]N,[*:4]C,[*:5]C,5.335
C1C(OC)C(F)C(C)C(N)C1C,C1C([*:5])C([*:1])C([*:2])C([*:3])C1[*:4],[*:1]F,[*:2]C,[*:3]N,[*:4]C,[*:5]OC,5.813
C1C(F)C(F)C(C)C(N)C1C,C1C([*:5])C([*:1])C([*:2])C([*:3])C1[*:4],[*:1]F,[*:2]C,[*:3]N,[*:4]C,[*:5]F,5.554
C1C(N)C(F)C(C)C(N)C1C,C1C([*:5])C([*:1])C([*:2])C([*:3])C1[*:4],[*:1]F,[*:2]C,[*:3]N,[*:4]C,[*:5]N,5.463
C1C(C)C(F)C(C)C(N)C1CC,C1C([*:5])C([*:1])C([*:2])C([*:3])C1[*:4],[*:1]F,[*:2]C,[*:3]N,[*:4]CC,[*:5]C,5.168
C1C(OC)C(F)C(C)C(N)C1CC,C1C([*:5])C([*:1])C([*:2])C([*:3])C1[*:4],[*:1]F,[*:2]C,[*:3]N,[*:4]CC,[*:5]OC,5.566
C1C(C)C(F)C(C)C(N)C1C(F)(F)F,C1C([*:5])C([*:1])C([*:2])C([*:3])C1[*:4],[*:1]F,[*:2]C,[*:3]N,[*:4]C(F)(F)F,[*:5]C,5.053
C1C(OC)C(F)C(C)C(N)C1C(F)(F)F,C1C([*:5])C([*:1])C([*:2])C([*:3])C1[*:4],[*:1]F,[*:2]C,[*:3]N,[*:4]C(F)(F)F,[*:5]OC,5.488
C1C(F)C(F)C(C)C(N)C1C(F)(F)F,C1C([*:5])C([*:1])C([*:2])C([*:3])C1[*:4],[*:1]F,[*:2]C,[*:3]N,[*:4]C(F)(F)F,[*:5]F,5.370
C1C(N)C(F)C(C)C(N)C1C(F)(F)F,C1C([*:5])C([*:1])C([*:2])C([*:3])C1[*:4],[*:1]F,[*:2]C,[*:3]N,[*:4]C(F)(F)F,[*:5]N,5.102
C1C(OC)C(F)C(C)C(N)C1OC,C1C([*:5])C([*:1])C([*:2])C([*:3])C1[*:4],[*:1]F,[*:2]C,[*:3]N,[*:4]OC,[*:5]OC,5.635
C1C(F)C(F)C(C)C(N)C1OC,C1C([*:5])C([*:1])C([*:2])C([*:3])C1[*:4],[*:1]F,[*:2]C,[*:3]N,[*:4]OC,[*:5]F,5.541
C1C(C)C(F)C(C)C(O)C1C,C1C([*:5])C([*:1])C([*:2])C([*:3])C1[*:4],[*:1]F,[*:2]C,[*:3]O,[*:4]C,[*:5]C,5.354
C1C(OC)C(F)C(C)C(O)C1C,C1C([*:5])C([*:1])C([*:2])C([*:3])C1[*:4],[*:1]F,[*:2]C,[*:3]O,[*:4]C,[*:5]OC,5.741
C1C(F)C(F)C(C)C(O)C1C,C1C([*:5])C([*:1])C([*:2])C([*:3])C1[*:4],[*:1]F,[*:2]C,[*:3]O,[*:4]C,[*:5]F,5.523
C1C(OC)C(F)C(C)C(O)C1CC,C1C([*:5])C([*:1])C([*:2])C([*:3])C1[*:4],[*:1]F,[*:2]C,[*:3]O,[*:4]CC,[*:5]OC,5.614
C1C(F)C(F)C(C)C(O)C1CC,C1C([*:5])C([*:1])C([*:2])C([*:3])C1[*:4],[*:1]F,[*:2]C,[*:3]O,[*:4]CC,[*:5]F,5.392
C1C(N)C(F)C(C)C(O)C1CC,C1C([*:5])C([*:1])C([*:2])C([*:3])C1[*:4],[*:1]F,[*:2]C,[*:3]O,[*:4]CC,[*:5]N,5.384
C1C(OC)C(F)C(C)C(O)C1C(F)(F)F,C1C([*:5])C([*:1])C([*:2])C([*:3])C1[*:4],[*:1]F,[*:2]C,[*:3]O,[*:4]C(F)(F)F,[*:5]OC,5.469
C1C(OC)C(F)C(C)C(O)C1OC,C1C([*:5])C([*:1])C([*:2])C([*:3])C1[*:4],[*:1]F,[*:2]C,[*:3]O,[*:4]OC,[*:5]OC,5.826
C1C(N)C(F)C(C)C(O)C1OC,C1C([*:5])C([*:1])C([*:2])C([*:3])C1[*:4],[*:1]F,[*:2]C,[*:3]O,[*:4]OC,[*:5]N,5.335
C1C(C)C(F)C(C)C(Br)C1C,C1C([*:5])C([*:1])C([*:2])C([*:3])C1[*:4],[*:1]F,[*:2]C,[*:3]Br,[*:4]C,[*:5]C,5.254
C1C(OC)C(F)C(C)C(Br)C1C,C1C([*:5])C([*:1])C([*:2])C([*:3])C1[*:4],[*:1]F,[*:2]C,[*:3]Br,[*:4]C,[*:5]OC,5.738
C1C(N)C(F)C(C)C(Br)C1C,C1C([*:5])C([*:1])C([*:2])C([*:3])C1[*:4],[*:1]F,[*:2]C,[*:3]Br,[*:4]C,[*:5]N,5.435
C1C(OC)C(F)C(C)C(Br)C1CC,C1C([*:5])C([*:1])C([*:2])C([*:3])C1[*:4],[*:1]F,[*:2]C,[*:3]Br,[*:4]CC,[*:5]OC,5.581
C1C(F)C(F)C(C)C(Br)C1CC,C1C([*:5])C([*:1])C([*:2])C([*:3])C1[*:4],[*:1]F,[*:2]C,[*:3]Br,[*:4]CC,[*:5]F,5.373
C1C(N)C(F)C(C)C(Br)C1CC,C1C([*:5])C([*:1])C([*:2])C([*:3])C1[*:4],[*:1]F,[*:2]C,[*:3]Br,[*:4]CC,[*:5]N,5.273
C1C(C)C(F)C(C)C(Br)C1C(F)(F)F,C1C([*:5])C([*:1])C([*:2])C([*:3])C1[*:4],[*:1]F,[*:2]C,[*:3]Br,[*:4]C(F)(F)F,[*:5]C,5.130
C1C(F)C(F)C(C)C(Br)C1C(F)(F)F,C1C([*:5])C([*:1])C([*:2])C([*:3])C1[*:4],[*:1]F,[*:2]C,[*:3]Br,[*:4]C(F)(F)F,[*:5]F,5.299
C1C(C)C(F)C(C)C(Br)C1OC,C1C([*:5])C([*:1])C([*:2])C([*:3])C1[*:4],[*:1]F,[*:2]C,[*:3]Br,[*:4]OC,[*:5]C,5.247
C1C(N)C(F)C(C)C(Br)C1OC,C1C([*:5])C([*:1])C([*:2])C([*:3])C1[*:4],[*:1]F,[*:2]C,[*:3]Br,[*:4]OC,[*:5]N,5.306
C1C(F)C(F)C(OC)C(C)C1C,C1C([*:5])C([*:1])C([*:2])C([*:3])C1[*:4],[*:1]F,[*:2]OC,[*:3]C,[*:4]C,[*:5]F,5.358
C1C(N)C(F)C(OC)C(C)C1C,C1C([*:5])C([*:1])C([*:2])C([*:3])C1[*:4],[*:1]F,[*:2]OC,[*:3]C,[*:4]C,[*:5]N,5.204
C1C(C)C(F)C(OC)C(C)C1CC,C1C([*:5])C([*:1])C([*:2])C([*:3])C1[*:4],[*:1]F,[*:2]OC,[*:3]C,[*:4]CC,[*:5]C,5.021
C1C(OC)C(F)C(OC)C(C)C1CC,C1C([*:5])C([*:1])C([*:2])C([*:3])C1[*:4],[*:1]F,[*:2]OC,[*:3]C,[*:4]CC,[*:5]OC,5.425
C1C(C)C(F)C(OC)C(C)C1C(F)(F)F,C1C([*:5])C([*:1])C([*:2])C([*:3])C1[*:4],[*:1]F,[*:2]OC,[*:3]C,[*:4]C(F)(F)F,[*:5]C,4.925
C1C(OC)C(F)C(OC)C(C)C1C(F)(F)F,C1C([*:5])C([*:1])C([*:2])C([*:3])C1[*:4],[*:1]F,[*:2]OC,[*:3]C,[*:4]C(F)(F)F,[*:5]OC,5.384
C1C(F)C(F)C(OC)C(C)C1C(F)(F)F,C1C([*:5])C([*:1])C([*:2])C([*:3])C1[*:4],[*:1]F,[*:2]OC,[*:3]C,[*:4]C(F)(F)F,[*:5]F,5.067
C1C(N)C(F)C(OC)C(C)C1C(F)(F)F,C1C([*:5])C([*:1])C([*:2])C([*:3])C1[*:4],[*:1]F,[*:2]OC,[*:3]C,[*:4]C(F)(F)F,[*:5]N,4.945
C1C(F)C(F)C(OC)C(C)C1OC,C1C([*:5])C([*:1])C([*:2])C([*:3])C1[*:4],[*:1]F,[*:2]OC,[*:3]C,[*:4]OC,[*:5]F,5.264
C1C(N)C(F)C(OC)C(C)C1OC,C1C([*:5])C([*:1])C([*:2])C([*:3])C1[*:4],[*:1]F,[*:2]OC,[*:3]C,[*:4]OC,[*:5]N,5.219
C1C(C)C(F)C(OC)C(N)C1C,C1C([*:5])C([*:1])C([*:2])C([*:3])C1[*:4],[*:1]F,[*:2]OC,[*:3]N,[*:4]C,[*:5]C,5.133
C1C(OC)C(F)C(OC)C(N)C1C,C1C([*:5])C([*:1])C([*:2])C([*:3])C1[*:4],[*:1]F,[*:2]OC,[*:3]N,[*:4]C,[*:5]OC,5.479
C1C(F)C(F)C(OC)C(N)C1C,C1C([*:5])C([*:1])C([*:2])C([*:3])C1[*:4],[*:1]F,[*:2]OC,[*:3]N,[*:4]C,[*:5]F,5.419
C1C(N)C(F)C(OC)C(N)C1C,C1C([*:5])C([*:1])C([*:2])C([*:3])C1[*:4],[*:1]F,[*:2]OC,[*:3]N,[*:4]C,[*:5]N,5.200
C1C(C)C(F)C(OC)C(N)C1CC,C1C([*:5])C([*:1])C([*:2])C([*:3])C1[*:4],[*:1]F,[*:2]OC,[*:3]N,[*:4]CC,[*:5]C,5.035
C1C(OC)C(F)C(OC)C(N)C1CC,C1C([*:5])C([*:1])C([*:2])C([*:3])C1[*:4],[*:1]F,[*:2]OC,[*:3]N,[*:4]CC,[*:5]OC,5.425
C1C(C)C(F)C(OC)C(N)C1C(F)(F)F,C1C([*:5])C([*:1])C([*:2])C([*:3])C1[*:4],[*:1]F,[*:2]OC,[*:3]N,[*:4]C(F)(F)F,[*:5]C,4.842
C1C(C)C(F)C(OC)C(N)C1OC,C1C([*:5])C([*:1])C([*:2])C([*:3])C1[*:4],[*:1]F,[*:2]OC,[*:3]N,[*:4]OC,[*:5]C,5.048
C1C(OC)C(F)C(OC)C(N)C1OC,C1C([*:5])C([*:1])C([*:2])C([*:3])C1[*:4],[*:1]F,[*:2]OC,[*:3]N,[*:4]OC,[*:5]OC,5.547
C1C(F)C(F)C(OC)C(N)C1OC,C1C([*:5])C([*:1])C([*:2])C([*:3])C1[*:4],[*:1]F,[*:2]OC,[*:3]N,[*:4]OC,[*:5]F,5.280
C1C(C)C(F)C(OC)C(O)C1CC,C1C([*:5])C([*:1])C([*:2])C([*:3])C1[*:4],[*:1]F,[*:2]OC,[*:3]O,[*:4]CC,[*:5]C,5.082
C1C(F)C(F)C(OC)C(O)C1CC,C1C([*:5])C([*:1])C([*:2])C([*:3])C1[*:4],[*:1]F,[*:2]OC,[*:3]O,[*:4]CC,[*:5]F,5.239
C1C(N)C(F)C(OC)C(O)C1CC,C1C([*:5])C([*:1])C([*:2])C([*:3])C1[*:4],[*:1]F,[*:2]OC,[*:3]O,[*:4]CC,[*:5]N,5.077
C1C(C)C(F)C(OC)C(O)C1C(F)(F)F,C1C([*:5])C([*:1])C([*:2])C([*:3])C1[*:4],[*:1]F,[*:2]OC,[*:3]O,[*:4]C(F)(F)F,[*:5]C,4.833
C1C(OC)C(F)C(OC)C(O)C1C(F)(F)F,C1C([*:5])C([*:1])C([*:2])C([*:3])C1[*:4],[*:1]F,[*:2]OC,[*:3]O,[*:4]C(F)(F)F,[*:5]OC,5.331
C1C(C)C(F)C(OC)C(O)C1OC,C1C([*:5])C([*:1])C([*:2])C([*:3])C1[*:4],[*:1]F,[*:2]OC,[*:3]O,[*:4]OC,[*:5]C,5.126
C1C(N)C(F)C(OC)C(O)C1OC,C1C([*:5])C([*:1])C([*:2])C([*:3])C1[*:4],[*:1]F,[*:2]OC,[*:3]O,[*:4]OC,[*:5]N,5.204
C1C(C)C(F)C(OC)C(Br)C1C,C1C([*:5])C([*:1])C([*:2])C([*:3])C1[*:4],[*:1]F,[*:2]OC,[*:3]Br,[*:4]C,[*:5]C,5.117
C1C(OC)C(F)C(OC)C(Br)C1C,C1C([*:5])C([*:1])C([*:2])C([*:3])C1[*:4],[*:1]F,[*:2]OC,[*:3]Br,[*:4]C,[*:5]OC,5.525
C1C(F)C(F)C(OC)C(Br)C1C,C1C([*:5])C([*:1])C([*:2])C([*:3])C1[*:4],[*:1]F,[*:2]OC,[*:3]Br,[*:4]C,[*:5]F,5.471
C1C(N)C(F)C(OC)C(Br)C1C,C1C([*:5])C([*:1])C([*:2])C([*:3])C1[*:4],[*:1]F,[*:2]OC,[*:3]Br,[*:4]C,[*:5]N,5.246
C1C(F)C(F)C(OC)C(Br)C1CC,C1C([*:5])C([*:1])C([*:2])C([*:3])C1[*:4],[*:1]F,[*:2]OC,[*:3]Br,[*:4]CC,[*:5]F,5.206
C1C(C)C(F)C(OC)C(Br)C1C(F)(F)F,C1C([*:5])C([*:1])C([*:2])C([*:3])C1[*:4],[*:1]F,[*:2]OC,[*:3]Br,[*:4]C(F)(F)F,[*:5]C,4.847
C1C(F)C(F)C(OC)C(Br)C1C(F)(F)F,C1C([*:5])C([*:1])C([*:2])C([*:3])C1[*:4],[*:1]F,[*:2]OC,[*:3]Br,[*:4]C(F)(F)F,[*:5]F,5.126
C1C(N)C(F)C(OC)C(Br)C1C(F)(F)F,C1C([*:5])C([*:1])C([*:2])C([*:3])C1[*:4],[*:1]F,[*:2]OC,[*:3]Br,[*:4]C(F)(F)F,[*:5]N,5.061
C1C(C)C(F)C(OC)C(Br)C1OC,C1C([*:5])C([*:1])C([*:2])C([*:3])C1[*:4],[*:1]F,[*:2]OC,[*:3]Br,[*:4]OC,[*:5]C,5.015
C1C(N)C(F)C(OC)C(Br)C1OC,C1C([*:5])C([*:1])C([*:2])C([*:3])C1[*:4],[*:1]F,[*:2]OC,[*:3]Br,[*:4]OC,[*:5]N,5.158
C1C(C)C(F)C(Br)C(C)C1C,C1C([*:5])C([*:1])C([*:2])C([*:3])C1[*:4],[*:1]F,[*:2]Br,[*:3]C,[*:4]C,[*:5]C,5.802
C1C(OC)C(F)C(Br)C(C)C1C,C1C([*:5])C([*:1])C([*:2])C([*:3])C1[*:4],[*:1]F,[*:2]Br,[*:3]C,[*:4]C,[*:5]OC,6.257
C1C(F)C(F)C(Br)C(C)C1C,C1C([*:5])C([*:1])C([*:2])C([*:3])C1[*:4],[*:1]F,[*:2]Br,[*:3]C,[*:4]C,[*:5]F,5.972
C1C(N)C(F)C(Br)C(C)C1C,C1C([*:5])C([*:1])C([*:2])C([*:3])C1[*:4],[*:1]F,[*:2]Br,[*:3]C,[*:4]C,[*:5]N,5.908
C1C(OC)C(F)C(Br)C(C)C1CC,C1C([*:5])C([*:1])C([*:2])C([*:3])C1[*:4],[*:1]F,[*:2]Br,[*:3]C,[*:4]CC,[*:5]OC,6.184
C1C(N)C(F)C(Br)C(C)C1CC,C1C([*:5])C([*:1])C([*:2])C([*:3])C1[*:4],[*:1]F,[*:2]Br,[*:3]C,[*:4]CC,[*:5]N,5.777
C1C(C)C(F)C(Br)C(C)C1C(F)(F)F,C1C([*:5])C([*:1])C([*:2])C([*:3])C1[*:4],[*:1]F,[*:2]Br,[*:3]C,[*:4]C(F)(F)F,[*:5]C,5.687
C1C(OC)C(F)C(Br)C(C)C1C(F)(F)F,C1C([*:5])C([*:1])C([*:2])C([*:3])C1[*:4],[*:1]F,[*:2]Br,[*:3]C,[*:4]C(F)(F)F,[*:5]OC,5.924
C1C(F)C(F)C(Br)C(C)C1C(F)(F)F,C1C([*:5])C([*:1])C([*:2])C([*:3])C1[*:4],[*:1]F,[*:2]Br,[*:3]C,[*:4]C(F)(F)F,[*:5]F,5.740
C1C(N)C(F)C(Br)C(C)C1C(F)(F)F,C1C([*:5])C([*:1])C([*:2])C([*:3])C1[*:4],[*:1]F,[*:2]Br,[*:3]C,[*:4]C(F)(F)F,[*:5]N,5.695
C1C(OC)C(F)C(Br)C(C)C1OC,C1C([*:5])C([*:1])C([*:2])C([*:3])C1[*:4],[*:1]F,[*:2]Br,[*:3]C,[*:4]OC,[*:5]OC,6.188
C1C(F)C(F)C(Br)C(C)C1OC,C1C([*:5])C([*:1])C([*:2])C([*:3])C1[*:4],[*:1]F,[*:2]Br,[*:3]C,[*:4]OC,[*:5]F,5.953
C1C(C)C(F)C(Br)C(N)C1C,C1C([*:5])C([*:1])C([*:2])C([*:3])C1[*:4],[*:1]F,[*:2]Br,[*:3]N,[*:4]C,[*:5]C,5.835
C1C(OC)C(F)C(Br)C(N)C1C,C1C([*:5])C([*:1])C([*:2])C([*:3])C1[*:4],[*:1]F,[*:2]Br,[*:3]N,[*:4]C,[*:5]OC,6.229
C1C(F)C(F)C(Br)C(N)C1C,C1C([*:5])C([*:1])C([*:2])C([*:3])C1[*:4],[*:1]F,[*:2]Br,[*:3]N,[*:4]C,[*:5]F,5.981
C1C(C)C(F)C(Br)C(N)C1C(F)(F)F,C1C([*:5])C([*:1])C([*:2])C([*:3])C1[*:4],[*:1]F,[*:2]Br,[*:3]N,[*:4]C(F)(F)F,[*:5]C,5.584
C1C(N)C(F)C(Br)C(N)C1C(F)(F)F,C1C([*:5])C([*:1])C([*:2])C([*:3])C1[*:4],[*:1]F,[*:2]Br,[*:3]N,[*:4]C(F)(F)F,[*:5]N,5.646
C1C(OC)C(F)C(Br)C(N)C1OC,C1C([*:5])C([*:1])C([*:2])C([*:3])C1[*:4],[*:1]F,[*:2]Br,[*:3]N,[*:4]OC,[*:5]OC,6.116
C1C(N)C(F)C(Br)C(N)C1OC,C1C([*:5])C([*:1])C([*:2])C([*:3])C1[*:4],[*:1]F,[*:2]Br,[*:3]N,[*:4]OC,[*:5]N,5.789
C1C(F)C(F)C(Br)C(O)C1C,C1C([*:5])C([*:1])C([*:2])C([*:3])C1[*:4],[*:1]F,[*:2]Br,[*:3]O,[*:4]C,[*:5]F,6.060
C1C(N)C(F)C(Br)C(O)C1C,C1C([*:5])C([*:1])C([*:2])C([*:3])C1[*:4],[*:1]F,[*:2]Br,[*:3]O,[*:4]C,[*:5]N,5.976
C1C(C)C(F)C(Br)C(O)C1CC,C1C([*:5])C([*:1])C([*:2])C([*:3])C1[*:4],[*:1]F,[*:2]Br,[*:3]O,[*:4]CC,[*:5]C,5.660
C1C(N)C(F)C(Br)C(O)C1CC,C1C([*:5])C([*:1])C([*:2])C([*:3])C1[*:4],[*:1]F,[*:2]Br,[*:3]O,[*:4]CC,[*:5]N,5.846
C1C(OC)C(F)C(Br)C(O)C1C(F)(F)F,C1C([*:5])C([*:1])C([*:2])C([*:3])C1[*:4],[*:1]F,[*:2]Br,[*:3]O,[*:4]C(F)(F)F,[*:5]OC,5.973
C1C(N)C(F)C(Br)C(O)C1C(F)(F)F,C1C([*:5])C([*:1])C([*:2])C([*:3])C1[*:4],[*:1]F,[*:2]Br,[*:3]O,[*:4]C(F)(F)F,[*:5]N,5.589
C1C(C)C(F)C(Br)C(O)C1OC,C1C([*:5])C([*:1])C([*:2])C([*:3])C1[*:4],[*:1]F,[*:2]Br,[*:3]O,[*:4]OC,[*:5]C,5.679
C1C(C)C(F)C(Br)C(Br)C1C,C1C([*:5])C([*:1])C([*:2])C([*:3])C1[*:4],[*:1]F,[*:2]Br,[*:3]Br,[*:4]C,[*:5]C,5.745
C1C(OC)C(F)C(Br)C(Br)C1C,C1C([*:5])C([*:1])C([*:2])C([*:3])C1[*:4],[*:1]F,[*:2]Br,[*:3]Br,[*:4]C,[*:5]OC,6.212
C1C(F)C(F)C(Br)C(Br)C1C,C1C([*:5])C([*:1])C([*:2])C([*:3])C1[*:4],[*:1]F,[*:2]Br,[*:3]Br,[*:4]C,[*:5]F,5.996
C1C(C)C(F)C(Br)C(Br)C1CC,C1C([*:5])C([*:1])C([*:2])C([*:3])C1[*:4],[*:1]F,[*:2]Br,[*:3]Br,[*:4]CC,[*:5]C,5.650
C1C(OC)C(F)C(Br)C(Br)C1CC,C1C([*:5])C([*:1])C([*:2])C([*:3])C1[*:4],[*:1]F,[*:2]Br,[*:3]Br,[*:4]CC,[*:5]OC,6.021
C1C(OC)C(F)C(Br)C(Br)C1C(F)(F)F,C1C([*:5])C([*:1])C([*:2])C([*:3])C1[*:4],[*:1]F,[*:2]Br,[*:3]Br,[*:4]C(F)(F)F,[*:5]OC,5.912
C1C(F)C(F)C(Br)C(Br)C1C(F)(F)F,C1C([*:5])C([*:1])C([*:2])C([*:3])C1[*:4],[*:1]F,[*:2]Br,[*:3]Br,[*:4]C(F)(F)F,[*:5]F,5.683
C1C(N)C(F)C(Br)C(Br)C1C(F)(F)F,C1C([*:5])C([*:1])C([*:2])C([*:3])C1[*:4],[*:1]F,[*:2]Br,[*:3]Br,[*:4]C(F)(F)F,[*:5]N,5.577
C1C(C)C(F)C(Br)C(Br)C1OC,C1C([*:5])C([*:1])C([*:2])C([*:3])C1[*:4],[*:1]F,[*:2]Br,[*:3]Br,[*:4]OC,[*:5]C,5.755
C1C(OC)C(F)C(Br)C(Br)C1OC,C1C([*:5])C([*:1])C([*:2])C([*:3])C1[*:4],[*:1]F,[*:2]Br,[*:3]Br,[*:4]OC,[*:5]OC,6.060
C1C(F)C(F)C(Br)C(Br)C1OC,C1C([*:5])C([*:1])C([*:2])C([*:3])C1[*:4],[*:1]F,[*:2]Br,[*:3]Br,[*:4]OC,[*:5]F,5.973
C1C(N)C(F)C(Br)C(Br)C1OC,C1C([*:5])C([*:1])C([*:2])C([*:3])C1[*:4],[*:1]F,[*:2]Br,[*:3]Br,[*:4]OC,[*:5]N,5.820
C1C(C)C(Cl)C(F)C(C)C1CC,C1C([*:5])C([*:1])C([*:2])C([*:3])C1[*:4],[*:1]Cl,[*:2]F,[*:3]C,[*:4]CC,[*:5]C,6.448
C1C(OC)C(Cl)C(F)C(C)C1CC,C1C([*:5])C([*:1])C([*:2])C([*:3])C1[*:4],[*:1]Cl,[*:2]F,[*:3]C,[*:4]CC,[*:5]OC,6.784
C1C(F)C(Cl)C(F)C(C)C1CC,C1C([*:5])C([*:1])C([*:2])C([*:3])C1[*:4],[*:1]Cl,[*:2]F,[*:3]C,[*:4]CC,[*:5]F,6.688
C1C(N)C(Cl)C(F)C(C)C1CC,C1C([*:5])C([*:1])C([*:2])C([*:3])C1[*:4],[*:1]Cl,[*:2]F,[*:3]C,[*:4]CC,[*:5]N,6.468
C1C(C)C(Cl)C(F)C(C)C1C(F)(F)F,C1C([*:5])C([*:1])C([*:2])C([*:3])C1[*:4],[*:1]Cl,[*:2]F,[*:3]C,[*:4]C(F)(F)F,[*:5]C,6.321
C1C(F)C(Cl)C(F)C(C)C1C(F)(F)F,C1C([*:5])C([*:1])C([*:2])C([*:3])C1[*:4],[*:1]Cl,[*:2]F,[*:3]C,[*:4]C(F)(F)F,[*:5]F,6.427
C1C(C)C(Cl)C(F)C(C)C1OC,C1C([*:5])C([*:1])C([*:2])C([*:3])C1[*:4],[*:1]Cl,[*:2]F,[*:3]C,[*:4]OC,[*:5]C,6.444
C1C(OC)C(Cl)C(F)C(C)C1OC,C1C([*:5])C([*:1])C([*:2])C([*:3])C1[*:4],[*:1]Cl,[*:2]F,[*:3]C,[*:4]OC,[*:5]OC,6.867
C1C(F)C(Cl)C(F)C(C)C1OC,C1C([*:5])C([*:1])C([*:2])C([*:3])C1[*:4],[*:1]Cl,[*:2]F,[*:3]C,[*:4]OC,[*:5]F,6.536
C1C(OC)C(Cl)C(F)C(N)C1C,C1C([*:5])C([*:1])C([*:2])C([*:3])C1[*:4],[*:1]Cl,[*:2]F,[*:3]N,[*:4]C,[*:5]OC,6.845
C1C(F)C(Cl)C(F)C(N)C1C,C1C([*:5])C([*:1])C([*:2])C([*:3])C1[*:4],[*:1]Cl,[*:2]F,[*:3]N,[*:4]C,[*:5]F,6.732
C1C(N)C(Cl)C(F)C(N)C1C,C1C([*:5])C([*:1])C([*:2])C([*:3])C1[*:4],[*:1]Cl,[*:2]F,[*:3]N,[*:4]C,[*:5]N,6.684
C1C(OC)C(Cl)C(F)C(N)C1CC,C1C([*:5])C([*:1])C([*:2])C([*:3])C1[*:4],[*:1]Cl,[*:2]F,[*:3]N,[*:4]CC,[*:5]OC,6.714
C1C(C)C(Cl)C(F)C(N)C1OC,C1C([*:5])C([*:1])C([*:2])C([*:3])C1[*:4],[*:1]Cl,[*:2]F,[*:3]N,[*:4]OC,[*:5]C,6.367
C1C(OC)C(Cl)C(F)C(N)C1OC,C1C([*:5])C([*:1])C([*:2])C([*:3])C1[*:4],[*:1]Cl,[*:2]F,[*:3]N,[*:4]OC,[*:5]OC,6.889
C1C(F)C(Cl)C(F)C(N)C1OC,C1C([*:5])C([*:1])C([*:2])C([*:3])C1[*:4],[*:1]Cl,[*:2]F,[*:3]N,[*:4]OC,[*:5]F,6.604
C1C(N)C(Cl)C(F)C(O)C1C,C1C([*:5])C([*:1])C([*:2])C([*:3])C1[*:4],[*:1]Cl,[*:2]F,[*:3]O,[*:4]C,[*:5]N,6.778
C1C(F)C(Cl)C(F)C(O)C1CC,C1C([*:5])C([*:1])C([*:2])C([*:3])C1[*:4],[*:1]Cl,[*:2]F,[*:3]O,[*:4]CC,[*:5]F,6.611
C1C(N)C(Cl)C(F)C(O)C1CC,C1C([*:5])C([*:1])C([*:2])C([*:3])C1[*:4],[*:1]Cl,[*:2]F,[*:3]O,[*:4]CC,[*:5]N,6.548
C1C(OC)C(Cl)C(F)C(O)C1C(F)(F)F,C1C([*:5])C([*:1])C([*:2])C([*:3])C1[*:4],[*:1]Cl,[*:2]F,[*:3]O,[*:4]C(F)(F)F,[*:5]OC,6.635
C1C(OC)C(Cl)C(F)C(O)C1OC,C1C([*:5])C([*:1])C([*:2])C([*:3])C1[*:4],[*:1]Cl,[*:2]F,[*:3]O,[*:4]OC,[*:5]OC,6.890
C1C(F)C(Cl)C(F)C(O)C1OC,C1C([*:5])C([*:1])C([*:2])C([*:3])C1[*:4],[*:1]Cl,[*:2]F,[*:3]O,[*:4]OC,[*:5]F,6.629
C1C(F)C(Cl)C(F)C(Br)C1C,C1C([*:5])C([*:1])C([*:2])C([*:3])C1[*:4],[*:1]Cl,[*:2]F,[*:3]Br,[*:4]C,[*:5]F,6.705
C1C(OC)C(Cl)C(F)C(Br)C1CC,C1C([*:5])C([*:1])C([*:2])C([*:3])C1[*:4],[*:1]Cl,[*:2]F,[*:3]Br,[*:4]CC,[*:5]OC,6.735
C1C(F)C(Cl)C(F)C(Br)C1CC,C1C([*:5])C([*:1])C([*:2])C([*:3])C1[*:4],[*:1]Cl,[*:2]F,[*:3]Br,[*:4]CC,[*:5]F,6.541
C1C(OC)C(Cl)C(F)C(Br)C1C(F)(F)F,C1C([*:5])C([*:1])C([*:2])C([*:3])C1[*:4],[*:1]Cl,[*:2]F,[*:3]Br,[*:4]C(F)(F)F,[*:5]OC,6.597
C1C(N)C(Cl)C(F)C(Br)C1C(F)(F)F,C1C([*:5])C([*:1])C([*:2])C([*:3])C1[*:4],[*:1]Cl,[*:2]F,[*:3]Br,[*:4]C(F)(F)F,[*:5]N,6.343
C1C(N)C(Cl)C(F)C(Br)C1OC,C1C([*:5])C([*:1])C([*:2])C([*:3])C1[*:4],[*:1]Cl,[*:2]F,[*:3]Br,[*:4]OC,[*:5]N,6.518
C1C(F)C(Cl)C(Cl)C(C)C1C,C1C([*:5])C([*:1])C([*:2])C([*:3])C1[*:4],[*:1]Cl,[*:2]Cl,[*:3]C,[*:4]C,[*:5]F,6.591
C1C(N)C(Cl)C(Cl)C(C)C1C,C1C([*:5])C([*:1])C([*:2])C([*:3])C1[*:4],[*:1]Cl,[*:2]Cl,[*:3]C,[*:4]C,[*:5]N,6.333
C1C(OC)C(Cl)C(Cl)C(C)C1CC,C1C([*:5])C([*:1])C([*:2])C([*:3])C1[*:4],[*:1]Cl,[*:2]Cl,[*:3]C,[*:4]CC,[*:5]OC,6.560
C1C(OC)C(Cl)C(Cl)C(C)C1C(F)(F)F,C1C([*:5])C([*:1])C([*:2])C([*:3])C1[*:4],[*:1]Cl,[*:2]Cl,[*:3]C,[*:4]C(F)(F)F,[*:5]OC,6.509
C1C(N)C(Cl)C(Cl)C(C)C1C(F)(F)F,C1C([*:5])C([*:1])C([*:2])C([*:3])C1[*:4],[*:1]Cl,[*:2]Cl,[*:3]C,[*:4]C(F)(F)F,[*:5]N,6.175
C1C(C)C(Cl)C(Cl)C(C)C1OC,C1C([*:5])C([*:1])C([*:2])C([*:3])C1[*:4],[*:1]Cl,[*:2]Cl,[*:3]C,[*:4]OC,[*:5]C,6.216
C1C(OC)C(Cl)C(Cl)C(C)C1OC,C1C([*:5])C([*:1])C([*:2])C([*:3])C1[*:4],[*:1]Cl,[*:2]Cl,[*:3]C,[*:4]OC,[*:5]OC,6.702
C1C(F)C(Cl)C(Cl)C(C)C1OC,C1C([*:5])C([*:1])C([*:2])C([*:3])C1[*:4],[*:1]Cl,[*:2]Cl,[*:3]C,[*:4]OC,[*:5]F,6.489
C1C(N)C(Cl)C(Cl)C(C)C1OC,C1C([*:5])C([*:1])C([*:2])C([*:3])C1[*:4],[*:1]Cl,[*:2]Cl,[*:3]C,[*:4]OC,[*:5]N,6.303
C1C(N)C(Cl)C(Cl)C(N)C1C,C1C([*:5])C([*:1])C([*:2])C([*:3])C1[*:4],[*:1]Cl,[*:2]Cl,[*:3]N,[*:4]C,[*:5]N,6.358
C1C(OC)C(Cl)C(Cl)C(N)C1CC,C1C([*:5])C([*:1])C([*:2])C([*:3])C1[*:4],[*:1]Cl,[*:2]Cl,[*:3]N,[*:4]CC,[*:5]OC,6.592
C1C(F)C(Cl)C(Cl)C(N)C1CC,C1C([*:5])C([*:1])C([*:2])C([*:3])C1[*:4],[*:1]Cl,[*:2]Cl,[*:3]N,[*:4]CC,[*:5]F,6.378
C1C(N)C(Cl)C(Cl)C(N)C1CC,C1C([*:5])C([*:1])C([*:2])C([*:3])C1[*:4],[*:1]Cl,[*:2]Cl,[*:3]N,[*:4]CC,[*:5]N,6.312
C1C(OC)C(Cl)C(Cl)C(N)C1OC,C1C([*:5])C([*:1])C([*:2])C([*:3])C1[*:4],[*:1]Cl,[*:2]Cl,[*:3]N,[*:4]OC,[*:5]OC,6.604
C1C(N)C(Cl)C(Cl)C(N)C1OC,C1C([*:5])C([*:1])C([*:2])C([*:3])C1[*:4],[*:1]Cl,[*:2]Cl,[*:3]N,[*:4]OC,[*:5]N,6.356
C1C(C)C(Cl)C(Cl)C(O)C1C,C1C([*:5])C([*:1])C([*:2])C([*:3])C1[*:4],[*:1]Cl,[*:2]Cl,[*:3]O,[*:4]C,[*:5]C,6.263
C1C(OC)C(Cl)C(Cl)C(O)C1C,C1C([*:5])C([*:1])C([*:2])C([*:3])C1[*:4],[*:1]Cl,[*:2]Cl,[*:3]O,[*:4]C,[*:5]OC,6.714
C1C(N)C(Cl)C(Cl)C(O)C1C,C1C([*:5])C([*:1])C([*:2])C([*:3])C1[*:4],[*:1]Cl,[*:2]Cl,[*:3]O,[*:4]C,[*:5]N,6.396
C1C(N)C(Cl)C(Cl)C(O)C1CC,C1C([*:5])C([*:1])C([*:2])C([*:3])C1[*:4],[*:1]Cl,[*:2]Cl,[*:3]O,[*:4]CC,[*:5]N,6.211
C1C(OC)C(Cl)C(Cl)C(O)C1C(F)(F)F,C1C([*:5])C([*:1])C([*:2])C([*:3])C1[*:4],[*:1]Cl,[*:2]Cl,[*:3]O,[*:4]C(F)(F)F,[*:5]OC,6.465
C1C(C)C(Cl)C(Cl)C(O)C1OC,C1C([*:5])C([*:1])C([*:2])C([*:3])C1[*:4],[*:1]Cl,[*:2]Cl,[*:3]O,[*:4]OC,[*:5]C,6.202
C1C(F)C(Cl)C(Cl)C(O)C1OC,C1C([*:5])C([*:1])C([*:2])C([*:3])C1[*:4],[*:1]Cl,[*:2]Cl,[*:3]O,[*:4]OC,[*:5]F,6.510
C1C(C)C(Cl)C(Cl)C(Br)C1C,C1C([*:5])C([*:1])C([*:2])C([*:3])C1[*:4],[*:1]Cl,[*:2]Cl,[*:3]Br,[*:4]C,[*:5]C,6.307
C1C(OC)C(Cl)C(Cl)C(Br)C1C,C1C([*:5])C([*:1])C([*:2])C([*:3])C1[*:4],[*:1]Cl,[*:2]Cl,[*:3]Br,[*:4]C,[*:5]OC,6.601
C1C(F)C(Cl)C(Cl)C(Br)C1C,C1C([*:5])C([*:1])C([*:2])C([*:3])C1[*:4],[*:1]Cl,[*:2]Cl,[*:3]Br,[*:4]C,[*:5]F,6.515
C1C(F)C(Cl)C(Cl)C(Br)C1CC,C1C([*:5])C([*:1])C([*:2])C([*:3])C1[*:4],[*:1]Cl,[*:2]Cl,[*:3]Br,[*:4]CC,[*:5]F,6.421
C1C(N)C(Cl)C(Cl)C(Br)C1CC,C1C([*:5])C([*:1])C([*:2])C([*:3])C1[*:4],[*:1]Cl,[*:2]Cl,[*:3]Br,[*:4]CC,[*:5]N,6.247
C1C(C)C(Cl)C(Cl)C(Br)C1C(F)(F)F,C1C([*:5])C([*:1])C([*:2])C([*:3])C1[*:4],[*:1]Cl,[*:2]Cl,[*:3]Br,[*:4]C(F)(F)F,[*:5]C,6.014
C1C(OC)C(Cl)C(Cl)C(Br)C1C(F)(F)F,C1C([*:5])C([*:1])C([*:2])C([*:3])C1[*:4],[*:1]Cl,[*:2]Cl,[*:3]Br,[*:4]C(F)(F)F,[*:5]OC,6.484
C1C(C)C(Cl)C(Cl)C(Br)C1OC,C1C([*:5])C([*:1])C([*:2])C([*:3])C1[*:4],[*:1]Cl,[*:2]Cl,[*:3]Br,[*:4]OC,[*:5]C,6.208
C1C(F)C(Cl)C(Cl)C(Br)C1OC,C1C([*:5])C([*:1])C([*:2])C([*:3])C1[*:4],[*:1]Cl,[*:2]Cl,[*:3]Br,[*:4]OC,[*:5]F,6.407
C1C(OC)C(Cl)C(C)C(C)C1C,C1C([*:5])C([*:1])C([*:2])C([*:3])C1[*:4],[*:1]Cl,[*:2]C,[*:3]C,[*:4]C,[*:5]OC,6.120
C1C(F)C(Cl)C(C)C(C)C1C,C1C([*:5])C([*:1])C([*:2])C([*:3])C1[*:4],[*:1]Cl,[*:2]C,[*:3]C,[*:4]C,[*:5]F,5.822
C1C(N)C(Cl)C(C)C(C)C1C,C1C([*:5])C([*:1])C([*:2])C([*:3])C1[*:4],[*:1]Cl,[*:2]C,[*:3]C,[*:4]C,[*:5]N,5.824
C1C(OC)C(Cl)C(C)C(C)C1C(F)(F)F,C1C([*:5])C([*:1])C([*:2])C([*:3])C1[*:4],[*:1]Cl,[*:2]C,[*:3]C,[*:4]C(F)(F)F,[*:5]OC,5.830
C1C(OC)C(Cl)C(C)C(N)C1C,C1C([*:5])C([*:1])C([*:2])C([*:3])C1[*:4],[*:1]Cl,[*:2]C,[*:3]N,[*:4]C,[*:5]OC,6.084
C1C(N)C(Cl)C(C)C(N)C1C,C1C([*:5])C([*:1])C([*:2])C([*:3])C1[*:4],[*:1]Cl,[*:2]C,[*:3]N,[*:4]C,[*:5]N,5.778
C1C(C)C(Cl)C(C)C(N)C1CC,C1C([*:5])C([*:1])C([*:2])C([*:3])C1[*:4],[*:1]Cl,[*:2]C,[*:3]N,[*:4]CC,[*:5]C,5.544
C1C(OC)C(Cl)C(C)C(N)C1CC,C1C([*:5])C([*:1])C([*:2])C([*:3])C1[*:4],[*:1]Cl,[*:2]C,[*:3]N,[*:4]CC,[*:5]OC,5.973
C1C(F)C(Cl)C(C)C(N)C1CC,C1C([*:5])C([*:1])C([*:2])C([*:3])C1[*:4],[*:1]Cl,[*:2]C,[*:3]N,[*:4]CC,[*:5]F,5.793
C1C(C)C(Cl)C(C)C(N)C1C(F)(F)F,C1C([*:5])C([*:1])C([*:2])C([*:3])C1[*:4],[*:1]Cl,[*:2]C,[*:3]N,[*:4]C(F)(F)F,[*:5]C,5.504
C1C(OC)C(Cl)C(C)C(N)C1C(F)(F)F,C1C([*:5])C([*:1])C([*:2])C([*:3])C1[*:4],[*:1]Cl,[*:2]C,[*:3]N,[*:4]C(F)(F)F,[*:5]OC,5.777
C1C(F)C(Cl)C(C)C(N)C1C(F)(F)F,C1C([*:5])C([*:1])C([*:2])C([*:3])C1[*:4],[*:1]Cl,[*:2]C,[*:3]N,[*:4]C(F)(F)F,[*:5]F,5.637
C1C(N)C(Cl)C(C)C(N)C1C(F)(F)F,C1C([*:5])C([*:1])C([*:2])C([*:3])C1[*:4],[*:1]Cl,[*:2]C,[*:3]N,[*:4]C(F)(F)F,[*:5]N,5.510
C1C(C)C(Cl)C(C)C(N)C1OC,C1C([*:5])C([*:1])C([*:2])C([*:3])C1[*:4],[*:1]Cl,[*:2]C,[*:3]N,[*:4]OC,[*:5]C,5.626
C1C(F)C(Cl)C(C)C(N)C1OC,C1C([*:5])C([*:1])C([*:2])C([*:3])C1[*:4],[*:1]Cl,[*:2]C,[*:3]N,[*:4]OC,[*:5]F,5.862
C1C(OC)C(Cl)C(C)C(O)C1C,C1C([*:5])C([*:1])C([*:2])C([*:3])C1[*:4],[*:1]Cl,[*:2]C,[*:3]O,[*:4]C,[*:5]OC,6.121
C1C(F)C(Cl)C(C)C(O)C1C(F)(F)F,C1C([*:5])C([*:1])C([*:2])C([*:3])C1[*:4],[*:1]Cl,[*:2]C,[*:3]O,[*:4]C(F)(F)F,[*:5]F,5.590
C1C(C)C(Cl)C(C)C(O)C1OC,C1C([*:5])C([*:1])C([*:2])C([*:3])C1[*:4],[*:1]Cl,[*:2]C,[*:3]O,[*:4]OC,[*:5]C,5.547
C1C(OC)C(Cl)C(C)C(O)C1OC,C1C([*:5])C([*:1])C([*:2])C([*:3])C1[*:4],[*:1]Cl,[*:2]C,[*:3]O,[*:4]OC,[*:5]OC,6.028
C1C(OC)C(Cl)C(C)C(Br)C1C,C1C([*:5])C([*:1])C([*:2])C([*:3])C1[*:4],[*:1]Cl,[*:2]C,[*:3]Br,[*:4]C,[*:5]OC,6.008
C1C(F)C(Cl)C(C)C(Br)C1C,C1C([*:5])C([*:1])C([*:2])C([*:3])C1[*:4],[*:1]Cl,[*:2]C,[*:3]Br,[*:4]C,[*:5]F,5.849
C1C(C)C(Cl)C(C)C(Br)C1CC,C1C([*:5])C([*:1])C([*:2])C([*:3])C1[*:4],[*:1]Cl,[*:2]C,[*:3]Br,[*:4]CC,[*:5]C,5.515
C1C(F)C(Cl)C(C)C(Br)C1CC,C1C([*:5])C([*:1])C([*:2])C([*:3])C1[*:4],[*:1]Cl,[*:2]C,[*:3]Br,[*:4]CC,[*:5]F,5.777
C1C(N)C(Cl)C(C)C(Br)C1CC,C1C([*:5])C([*:1])C([*:2])C([*:3])C1[*:4],[*:1]Cl,[*:2]C,[*:3]Br,[*:4]CC,[*:5]N,5.653
C1C(OC)C(Cl)C(C)C(Br)C1C(F)(F)F,C1C([*:5])C([*:1])C([*:2])C([*:3])C1[*:4],[*:1]Cl,[*:2]C,[*:3]Br,[*:4]C(F)(F)F,[*:5]OC,5.703
C1C(F)C(Cl)C(C)C(Br)C1C(F)(F)F,C1C([*:5])C([*:1])C([*:2])C([*:3])C1[*:4],[*:1]Cl,[*:2]C,[*:3]Br,[*:4]C(F)(F)F,[*:5]F,5.649
C1C(OC)C(Cl)C(C)C(Br)C1OC,C1C([*:5])C([*:1])C([*:2])C([*:3])C1[*:4],[*:1]Cl,[*:2]C,[*:3]Br,[*:4]OC,[*:5]OC,6.029
C1C(N)C(Cl)C(C)C(Br)C1OC,C1C([*:5])C([*:1])C([*:2])C([*:3])C1[*:4],[*:1]Cl,[*:2]C,[*:3]Br,[*:4]OC,[*:5]N,5.561
C1C(F)C(Cl)C(OC)C(C)C1C,C1C([*:5])C([*:1])C([*:2])C([*:3])C1[*:4],[*:1]Cl,[*:2]OC,[*:3]C,[*:4]C,[*:5]F,5.764
C1C(C)C(Cl)C(OC)C(C)C1CC,C1C([*:5])C([*:1])C([*:2])C([*:3])C1[*:4],[*:1]Cl,[*:2]OC,[*:3]C,[*:4]CC,[*:5]C,5.366
C1C(OC)C(Cl)C(OC)C(C)C1CC,C1C([*:5])C([*:1])C([*:2])C([*:3])C1[*:4],[*:1]Cl,[*:2]OC,[*:3]C,[*:4]CC,[*:5]OC,5.769
C1C(F)C(Cl)C(OC)C(C)C1CC,C1C([*:5])C([*:1])C([*:2])C([*:3])C1[*:4],[*:1]Cl,[*:2]OC,[*:3]C,[*:4]CC,[*:5]F,5.608
C1C(N)C(Cl)C(OC)C(C)C1CC,C1C([*:5])C([*:1])C([*:2])C([*:3])C1[*:4],[*:1]Cl,[*:2]OC,[*:3]C,[*:4]CC,[*:5]N,5.471
C1C(C)C(Cl)C(OC)C(C)C1C(F)(F)F,C1C([*:5])C([*:1])C([*:2])C([*:3])C1[*:4],[*:1]Cl,[*:2]OC,[*:3]C,[*:4]C(F)(F)F,[*:5]C,5.274
C1C(C)C(Cl)C(OC)C(C)C1OC,C1C([*:5])C([*:1])C([*:2])C([*:3])C1[*:4],[*:1]Cl,[*:2]OC,[*:3]C,[*:4]OC,[*:5]C,5.501
C1C(OC)C(Cl)C(OC)C(C)C1OC,C1C([*:5])C([*:1])C([*:2])C([*:3])C1[*:4],[*:1]Cl,[*:2]OC,[*:3]C,[*:4]OC,[*:5]OC,5.851
C1C(F)C(Cl)C(OC)C(C)C1OC,C1C([*:5])C([*:1])C([*:2])C([*:3])C1[*:4],[*:1]Cl,[*:2]OC,[*:3]C,[*:4]OC,[*:5]F,5.676
C1C(N)C(Cl)C(OC)C(C)C1OC,C1C([*:5])C([*:1])C([*:2])C([*:3])C1[*:4],[*:1]Cl,[*:2]OC,[*:3]C,[*:4]OC,[*:5]N,5.466
C1C(C)C(Cl)C(OC)C(N)C1C,C1C([*:5])C([*:1])C([*:2])C([*:3])C1[*:4],[*:1]Cl,[*:2]OC,[*:3]N,[*:4]C,[*:5]C,5.519
C1C(OC)C(Cl)C(OC)C(N)C1C,C1C([*:5])C([*:1])C([*:2])C([*:3])C1[*:4],[*:1]Cl,[*:2]OC,[*:3]N,[*:4]C,[*:5]OC,5.968
C1C(N)C(Cl)C(OC)C(N)C1C,C1C([*:5])C([*:1])C([*:2])C([*:3])C1[*:4],[*:1]Cl,[*:2]OC,[*:3]N,[*:4]C,[*:5]N,5.533
C1C(N)C(Cl)C(OC)C(N)C1CC,C1C([*:5])C([*:1])C([*:2])C([*:3])C1[*:4],[*:1]Cl,[*:2]OC,[*:3]N,[*:4]CC,[*:5]N,5.410
C1C(C)C(Cl)C(OC)C(N)C1C(F)(F)F,C1C([*:5])C([*:1])C([*:2])C([*:3])C1[*:4],[*:1]Cl,[*:2]OC,[*:3]N,[*:4]C(F)(F)F,[*:5]C,5.233
C1C(OC)C(Cl)C(OC)C(N)C1C(F)(F)F,C1C([*:5])C([*:1])C([*:2])C([*:3])C1[*:4],[*:1]Cl,[*:2]OC,[*:3]N,[*:4]C(F)(F)F,[*:5]OC,5.648
C1C(N)C(Cl)C(OC)C(N)C1C(F)(F)F,C1C([*:5])C([*:1])C([*:2])C([*:3])C1[*:4],[*:1]Cl,[*:2]OC,[*:3]N,[*:4]C(F)(F)F,[*:5]N,5.423
C1C(C)C(Cl)C(OC)C(N)C1OC,C1C([*:5])C([*:1])C([*:2])C([*:3])C1[*:4],[*:1]Cl,[*:2]OC,[*:3]N,[*:4]OC,[*:5]C,5.445
C1C(N)C(Cl)C(OC)C(N)C1OC,C1C([*:5])C([*:1])C([*:2])C([*:3])C1[*:4],[*:1]Cl,[*:2]OC,[*:3]N,[*:4]OC,[*:5]N,5.504
C1C(C)C(Cl)C(OC)C(O)C1C,C1C([*:5])C([*:1])C([*:2])C([*:3])C1[*:4],[*:1]Cl,[*:2]OC,[*:3]O,[*:4]C,[*:5]C,5.553
C1C(OC)C(Cl)C(OC)C(O)C1C,C1C([*:5])C([*:1])C([*:2])C([*:3])C1[*:4],[*:1]Cl,[*:2]OC,[*:3]O,[*:4]C,[*:5]OC,5.833
C1C(C)C(Cl)C(OC)C(O)C1CC,C1C([*:5])C([*:1])C([*:2])C([*:3])C1[*:4],[*:1]Cl,[*:2]OC,[*:3]O,[*:4]CC,[*:5]C,5.358
C1C(F)C(Cl)C(OC)C(O)C1CC,C1C([*:5])C([*:1])C([*:2])C([*:3])C1[*:4],[*:1]Cl,[*:2]OC,[*:3]O,[*:4]CC,[*:5]F,5.593
C1C(C)C(Cl)C(OC)C(O)C1C(F)(F)F,C1C([*:5])C([*:1])C([*:2])C([*:3])C1[*:4],[*:1]Cl,[*:2]OC,[*:3]O,[*:4]C(F)(F)F,[*:5]C,5.258
C1C(F)C(Cl)C(OC)C(O)C1C(F)(F)F,C1C([*:5])C([*:1])C([*:2])C([*:3])C1[*:4],[*:1]Cl,[*:2]OC,[*:3]O,[*:4]C(F)(F)F,[*:5]F,5.480
C1C(N)C(Cl)C(OC)C(O)C1C(F)(F)F,C1C([*:5])C([*:1])C([*:2])C([*:3])C1[*:4],[*:1]Cl,[*:2]OC,[*:3]O,[*:4]C(F)(F)F,[*:5]N,5.393
C1C(C)C(Cl)C(OC)C(O)C1OC,C1C([*:5])C([*:1])C([*:2])C([*:3])C1[*:4],[*:1]Cl,[*:2]OC,[*:3]O,[*:4]OC,[*:5]C,5.516
C1C(OC)C(Cl)C(OC)C(O)C1OC,C1C([*:5])C([*:1])C([*:2])C([*:3])C1[*:4],[*:1]Cl,[*:2]OC,[*:3]O,[*:4]OC,[*:5]OC,5.892
C1C(C)C(Cl)C(OC)C(Br)C1C,C1C([*:5])C([*:1])C([*:2])C([*:3])C1[*:4],[*:1]Cl,[*:2]OC,[*:3]Br,[*:4]C,[*:5]C,5.493
C1C(N)C(Cl)C(OC)C(Br)C1C,C1C([*:5])C([*:1])C([*:2])C([*:3])C1[*:4],[*:1]Cl,[*:2]OC,[*:3]Br,[*:4]C,[*:5]N,5.599
C1C(C)C(Cl)C(OC)C(Br)C1CC,C1C([*:5])C([*:1])C([*:2])C([*:3])C1[*:4],[*:1]Cl,[*:2]OC,[*:3]Br,[*:4]CC,[*:5]C,5.304
C1C(F)C(Cl)C(OC)C(Br)C1CC,C1C([*:5])C([*:1])C([*:2])C([*:3])C1[*:4],[*:1]Cl,[*:2]OC,[*:3]Br,[*:4]CC,[*:5]F,5.577
C1C(OC)C(Cl)C(OC)C(Br)C1C(F)(F)F,C1C([*:5])C([*:1])C([*:2])C([*:3])C1[*:4],[*:1]Cl,[*:2]OC,[*:3]Br,[*:4]C(F)(F)F,[*:5]OC,5.586
C1C(OC)C(Cl)C(OC)C(Br)C1OC,C1C([*:5])C([*:1])C([*:2])C([*:3])C1[*:4],[*:1]Cl,[*:2]OC,[*:3]Br,[*:4]OC,[*:5]OC,5.776
C1C(C)C(Cl)C(Br)C(C)C1C,C1C([*:5])C([*:1])C([*:2])C([*:3])C1[*:4],[*:1]Cl,[*:2]Br,[*:3]C,[*:4]C,[*:5]C,6.171
C1C(OC)C(Cl)C(Br)C(C)C1C,C1C([*:5])C([*:1])C([*:2])C([*:3])C1[*:4],[*:1]Cl,[*:2]Br,[*:3]C,[*:4]C,[*:5]OC,6.516
C1C(C)C(Cl)C(Br)C(C)C1CC,C1C([*:5])C([*:1])C([*:2])C([*:3])C1[*:4],[*:1]Cl,[*:2]Br,[*:3]C,[*:4]CC,[*:5]C,6.036
C1C(OC)C(Cl)C(Br)C(C)C1CC,C1C([*:5])C([*:1])C([*:2])C([*:3])C1[*:4],[*:1]Cl,[*:2]Br,[*:3]C,[*:4]CC,[*:5]OC,6.442
C1C(F)C(Cl)C(Br)C(C)C1CC,C1C([*:5])C([*:1])C([*:2])C([*:3])C1[*:4],[*:1]Cl,[*:2]Br,[*:3]C,[*:4]CC,[*:5]F,6.294
C1C(C)C(Cl)C(Br)C(C)C1C(F)(F)F,C1C([*:5])C([*:1])C([*:2])C([*:3])C1[*:4],[*:1]Cl,[*:2]Br,[*:3]C,[*:4]C(F)(F)F,[*:5]C,5.929
C1C(F)C(Cl)C(Br)C(C)C1C(F)(F)F,C1C([*:5])C([*:1])C([*:2])C([*:3])C1[*:4],[*:1]Cl,[*:2]Br,[*:3]C,[*:4]C(F)(F)F,[*:5]F,6.197
C1C(F)C(Cl)C(Br)C(C)C1OC,C1C([*:5])C([*:1])C([*:2])C([*:3])C1[*:4],[*:1]Cl,[*:2]Br,[*:3]C,[*:4]OC,[*:5]F,6.365
C1C(C)C(Cl)C(Br)C(N)C1C,C1C([*:5])C([*:1])C([*:2])C([*:3])C1[*:4],[*:1]Cl,[*:2]Br,[*:3]N,[*:4]C,[*:5]C,6.148
C1C(OC)C(Cl)C(Br)C(N)C1C,C1C([*:5])C([*:1])C([*:2])C([*:3])C1[*:4],[*:1]Cl,[*:2]Br,[*:3]N,[*:4]C,[*:5]OC,6.529
C1C(N)C(Cl)C(Br)C(N)C1C,C1C([*:5])C([*:1])C([*:2])C([*:3])C1[*:4],[*:1]Cl,[*:2]Br,[*:3]N,[*:4]C,[*:5]N,6.229
C1C(OC)C(Cl)C(Br)C(N)C1CC,C1C([*:5])C([*:1])C([*:2])C([*:3])C1[*:4],[*:1]Cl,[*:2]Br,[*:3]N,[*:4]CC,[*:5]OC,6.428
C1C(F)C(Cl)C(Br)C(N)C1CC,C1C([*:5])C([*:1])C([*:2])C([*:3])C1[*:4],[*:1]Cl,[*:2]Br,[*:3]N,[*:4]CC,[*:5]F,6.203
C1C(C)C(Cl)C(Br)C(N)C1C(F)(F)F,C1C([*:5])C([*:1])C([*:2])C([*:3])C1[*:4],[*:1]Cl,[*:2]Br,[*:3]N,[*:4]C(F)(F)F,[*:5]C,5.852
C1C(OC)C(Cl)C(Br)C(N)C1C(F)(F)F,C1C([*:5])C([*:1])C([*:2])C([*:3])C1[*:4],[*:1]Cl,[*:2]Br,[*:3]N,[*:4]C(F)(F)F,[*:5]OC,6.303
C1C(F)C(Cl)C(Br)C(N)C1C(F)(F)F,C1C([*:5])C([*:1])C([*:2])C([*:3])C1[*:4],[*:1]Cl,[*:2]Br,[*:3]N,[*:4]C(F)(F)F,[*:5]F,6.114
C1C(N)C(Cl)C(Br)C(N)C1C(F)(F)F,C1C([*:5])C([*:1])C([*:2])C([*:3])C1[*:4],[*:1]Cl,[*:2]Br,[*:3]N,[*:4]C(F)(F)F,[*:5]N,5.968
C1C(C)C(Cl)C(Br)C(N)C1OC,C1C([*:5])C([*:1])C([*:2])C([*:3])C1[*:4],[*:1]Cl,[*:2]Br,[*:3]N,[*:4]OC,[*:5]C,6.103
C1C(OC)C(Cl)C(Br)C(N)C1OC,C1C([*:5])C([*:1])C([*:2])C([*:3])C1[*:4],[*:1]Cl,[*:2]Br,[*:3]N,[*:4]OC,[*:5]OC,6.410
C1C(F)C(Cl)C(Br)C(N)C1OC,C1C([*:5])C([*:1])C([*:2])C([*:3])C1[*:4],[*:1]Cl,[*:2]Br,[*:3]N,[*:4]OC,[*:5]F,6.315
C1C(N)C(Cl)C(Br)C(N)C1OC,C1C([*:5])C([*:1])C([*:2])C([*:3])C1[*:4],[*:1]Cl,[*:2]Br,[*:3]N,[*:4]OC,[*:5]N,6.153
C1C(OC)C(Cl)C(Br)C(O)C1C,C1C([*:5])C([*:1])C([*:2])C([*:3])C1[*:4],[*:1]Cl,[*:2]Br,[*:3]O,[*:4]C,[*:5]OC,6.565
C1C(F)C(Cl)C(Br)C(O)C1C,C1C([*:5])C([*:1])C([*:2])C([*:3])C1[*:4],[*:1]Cl,[*:2]Br,[*:3]O,[*:4]C,[*:5]F,6.340
C1C(C)C(Cl)C(Br)C(O)C1CC,C1C([*:5])C([*:1])C([*:2])C([*:3])C1[*:4],[*:1]Cl,[*:2]Br,[*:3]O,[*:4]CC,[*:5]C,5.970
C1C(OC)C(Cl)C(Br)C(O)C1CC,C1C([*:5])C([*:1])C([*:2])C([*:3])C1[*:4],[*:1]Cl,[*:2]Br,[*:3]O,[*:4]CC,[*:5]OC,6.362
C1C(C)C(Cl)C(Br)C(O)C1C(F)(F)F,C1C([*:5])C([*:1])C([*:2])C([*:3])C1[*:4],[*:1]Cl,[*:2]Br,[*:3]O,[*:4]C(F)(F)F,[*:5]C,5.830
C1C(OC)C(Cl)C(Br)C(O)C1C(F)(F)F,C1C([*:5])C([*:1])C([*:2])C([*:3])C1[*:4],[*:1]Cl,[*:2]Br,[*:3]O,[*:4]C(F)(F)F,[*:5]OC,6.248
C1C(N)C(Cl)C(Br)C(O)C1C(F)(F)F,C1C([*:5])C([*:1])C([*:2])C([*:3])C1[*:4],[*:1]Cl,[*:2]Br,[*:3]O,[*:4]C(F)(F)F,[*:5]N,6.034
C1C(OC)C(Cl)C(Br)C(O)C1OC,C1C([*:5])C([*:1])C([*:2])C([*:3])C1[*:4],[*:1]Cl,[*:2]Br,[*:3]O,[*:4]OC,[*:5]OC,6.460
C1C(F)C(Cl)C(Br)C(O)C1OC,C1C([*:5])C([*:1])C([*:2])C([*:3])C1[*:4],[*:1]Cl,[*:2]Br,[*:3]O,[*:4]OC,[*:5]F,6.353
C1C(C)C(Cl)C(Br)C(Br)C1C,C1C([*:5])C([*:1])C([*:2])C([*:3])C1[*:4],[*:1]Cl,[*:2]Br,[*:3]Br,[*:4]C,[*:5]C,6.140
C1C(F)C(Cl)C(Br)C(Br)C1C,C1C([*:5])C([*:1])C([*:2])C([*:3])C1[*:4],[*:1]Cl,[*:2]Br,[*:3]Br,[*:4]C,[*:5]F,6.396
C1C(N)C(Cl)C(Br)C(Br)C1C,C1C([*:5])C([*:1])C([*:2])C([*:3])C1[*:4],[*:1]Cl,[*:2]Br,[*:3]Br,[*:4]C,[*:5]N,6.230
C1C(OC)C(Cl)C(Br)C(Br)C1CC,C1C([*:5])C([*:1])C([*:2])C([*:3])C1[*:4],[*:1]Cl,[*:2]Br,[*:3]Br,[*:4]CC,[*:5]OC,6.372
C1C(OC)C(Cl)C(Br)C(Br)C1C(F)(F)F,C1C([*:5])C([*:1])C([*:2])C([*:3])C1[*:4],[*:1]Cl,[*:2]Br,[*:3]Br,[*:4]C(F)(F)F,[*:5]OC,6.274
C1C(F)C(Cl)C(Br)C(Br)C1C(F)(F)F,C1C([*:5])C([*:1])C([*:2])C([*:3])C1[*:4],[*:1]Cl,[*:2]Br,[*:3]Br,[*:4]C(F)(F)F,[*:5]F,6.092
C1C(N)C(Cl)C(Br)C(Br)C1C(F)(F)F,C1C([*:5])C([*:1])C([*:2])C([*:3])C1[*:4],[*:1]Cl,[*:2]Br,[*:3]Br,[*:4]C(F)(F)F,[*:5]N,6.067
C1C(C)C(Cl)C(Br)C(Br)C1OC,C1C([*:5])C([*:1])C([*:2])C([*:3])C1[*:4],[*:1]Cl,[*:2]Br,[*:3]Br,[*:4]OC,[*:5]C,6.036
C1C(OC)C(C)C(F)C(C)N1C,C1C([*:5])C([*:1])C([*:2])C([*:3])N1[*:4],[*:1]C,[*:2]F,[*:3]C,[*:4]C,[*:5]OC,6.679
C1C(C)C(C)C(F)C(C)N1CC,C1C([*:5])C([*:1])C([*:2])C([*:3])N1[*:4],[*:1]C,[*:2]F,[*:3]C,[*:4]CC,[*:5]C,6.059
C1C(F)C(C)C(F)C(C)N1CC,C1C([*:5])C([*:1])C([*:2])C([*:3])N1[*:4],[*:1]C,[*:2]F,[*:3]C,[*:4]CC,[*:5]F,6.348
C1C(C)C(C)C(F)C(C)N1C(F)(F)F,C1C([*:5])C([*:1])C([*:2])C([*:3])N1[*:4],[*:1]C,[*:2]F,[*:3]C,[*:4]C(F)(F)F,[*:5]C,6.009
C1C(OC)C(C)C(F)C(C)N1C(F)(F)F,C1C([*:5])C([*:1])C([*:2])C([*:3])N1[*:4],[*:1]C,[*:2]F,[*:3]C,[*:4]C(F)(F)F,[*:5]OC,6.413
C1C(F)C(C)C(F)C(C)N1C(F)(F)F,C1C([*:5])C([*:1])C([*:2])C([*:3])N1[*:4],[*:1]C,[*:2]F,[*:3]C,[*:4]C(F)(F)F,[*:5]F,6.124
C1C(N)C(C)C(F)C(C)N1C(F)(F)F,C1C([*:5])C([*:1])C([*:2])C([*:3])N1[*:4],[*:1]C,[*:2]F,[*:3]C,[*:4]C(F)(F)F,[*:5]N,6.107
C1C(C)C(C)C(F)C(C)N1OC,C1C([*:5])C([*:1])C([*:2])C([*:3])N1[*:4],[*:1]C,[*:2]F,[*:3]C,[*:4]OC,[*:5]C,6.161
C1C(OC)C(C)C(F)C(C)N1OC,C1C([*:5])C([*:1])C([*:2])C([*:3])N1[*:4],[*:1]C,[*:2]F,[*:3]C,[*:4]OC,[*:5]OC,6.511
C1C(C)C(C)C(F)C(N)N1C,C1C([*:5])C([*:1])C([*:2])C([*:3])N1[*:4],[*:1]C,[*:2]F,[*:3]N,[*:4]C,[*:5]C,6.175
C1C(OC)C(C)C(F)C(N)N1C,C1C([*:5])C([*:1])C([*:2])C([*:3])N1[*:4],[*:1]C,[*:2]F,[*:3]N,[*:4]C,[*:5]OC,6.536
C1C(F)C(C)C(F)C(N)N1C,C1C([*:5])C([*:1])C([*:2])C([*:3])N1[*:4],[*:1]C,[*:2]F,[*:3]N,[*:4]C,[*:5]F,6.371
C1C(OC)C(C)C(F)C(N)N1CC,C1C([*:5])C([*:1])C([*:2])C([*:3])N1[*:4],[*:1]C,[*:2]F,[*:3]N,[*:4]CC,[*:5]OC,6.512
C1C(F)C(C)C(F)C(N)N1CC,C1C([*:5])C([*:1])C([*:2])C([*:3])N1[*:4],[*:1]C,[*:2]F,[*:3]N,[*:4]CC,[*:5]F,6.235
C1C(N)C(C)C(F)C(N)N1CC,C1C([*:5])C([*:1])C([*:2])C([*:3])N1[*:4],[*:1]C,[*:2]F,[*:3]N,[*:4]CC,[*:5]N,6.184
C1C(OC)C(C)C(F)C(N)N1C(F)(F)F,C1C([*:5])C([*:1])C([*:2])C([*:3])N1[*:4],[*:1]C,[*:2]F,[*:3]N,[*:4]C(F)(F)F,[*:5]OC,6.374
C1C(C)C(C)C(F)C(N)N1OC,C1C([*:5])C([*:1])C([*:2])C([*:3])N1[*:4],[*:1]C,[*:2]F,[*:3]N,[*:4]OC,[*:5]C,6.171
C1C(F)C(C)C(F)C(N)N1OC,C1C([*:5])C([*:1])C([*:2])C([*:3])N1[*:4],[*:1]C,[*:2]F,[*:3]N,[*:4]OC,[*:5]F,6.291
C1C(C)C(C)C(F)C(O)N1C,C1C([*:5])C([*:1])C([*:2])C([*:3])N1[*:4],[*:1]C,[*:2]F,[*:3]O,[*:4]C,[*:5]C,6.167
C1C(OC)C(C)C(F)C(O)N1C,C1C([*:5])C([*:1])C([*:2])C([*:3])N1[*:4],[*:1]C,[*:2]F,[*:3]O,[*:4]C,[*:5]OC,6.643
C1C(OC)C(C)C(F)C(O)N1CC,C1C([*:5])C([*:1])C([*:2])C([*:3])N1[*:4],[*:1]C,[*:2]F,[*:3]O,[*:4]CC,[*:5]OC,6.507
C1C(N)C(C)C(F)C(O)N1CC,C1C([*:5])C([*:1])C([*:2])C([*:3])N1[*:4],[*:1]C,[*:2]F,[*:3]O,[*:4]CC,[*:5]N,6.276
C1C(OC)C(C)C(F)C(O)N1C(F)(F)F,C1C([*:5])C([*:1])C([*:2])C([*:3])N1[*:4],[*:1]C,[*:2]F,[*:3]O,[*:4]C(F)(F)F,[*:5]OC,6.422
C1C(OC)C(C)C(F)C(O)N1OC,C1C([*:5])C([*:1])C([*:2])C([*:3])N1[*:4],[*:1]C,[*:2]F,[*:3]O,[*:4]OC,[*:5]OC,6.453
C1C(OC)C(C)C(F)C(Br)N1C,C1C([*:5])C([*:1])C([*:2])C([*:3])N1[*:4],[*:1]C,[*:2]F,[*:3]Br,[*:4]C,[*:5]OC,6.549
C1C(F)C(C)C(F)C(Br)N1C,C1C([*:5])C([*:1])C([*:2])C([*:3])N1[*:4],[*:1]C,[*:2]F,[*:3]Br,[*:4]C,[*:5]F,6.290
C1C(N)C(C)C(F)C(Br)N1C,C1C([*:5])C([*:1])C([*:2])C([*:3])N1[*:4],[*:1]C,[*:2]F,[*:3]Br,[*:4]C,[*:5]N,6.288
C1C(F)C(C)C(F)C(Br)N1CC,C1C([*:5])C([*:1])C([*:2])C([*:3])N1[*:4],[*:1]C,[*:2]F,[*:3]Br,[*:4]CC,[*:5]F,6.287
C1C(N)C(C)C(F)C(Br)N1CC,C1C([*:5])C([*:1])C([*:2])C([*:3])N1[*:4],[*:1]C,[*:2]F,[*:3]Br,[*:4]CC,[*:5]N,6.125
C1C(C)C(C)C(F)C(Br)N1C(F)(F)F,C1C([*:5])C([*:1])C([*:2])C([*:3])N1[*:4],[*:1]C,[*:2]F,[*:3]Br,[*:4]C(F)(F)F,[*:5]C,5.915
C1C(OC)C(C)C(F)C(Br)N1C(F)(F)F,C1C([*:5])C([*:1])C([*:2])C([*:3])N1[*:4],[*:1]C,[*:2]F,[*:3]Br,[*:4]C(F)(F)F,[*:5]OC,6.265
C1C(F)C(C)C(F)C(Br)N1OC,C1C([*:5])C([*:1])C([*:2])C([*:3])N1[*:4],[*:1]C,[*:2]F,[*:3]Br,[*:4]OC,[*:5]F,6.351
C1C(N)C(C)C(F)C(Br)N1OC,C1C([*:5])C([*:1])C([*:2])C([*:3])N1[*:4],[*:1]C,[*:2]F,[*:3]Br,[*:4]OC,[*:5]N,6.261
C1C(OC)C(C)C(Cl)C(C)N1C,C1C([*:5])C([*:1])C([*:2])C([*:3])N1[*:4],[*:1]C,[*:2]Cl,[*:3]C,[*:4]C,[*:5]OC,6.489
C1C(F)C(C)C(Cl)C(C)N1C,C1C([*:5])C([*:1])C([*:2])C([*:3])N1[*:4],[*:1]C,[*:2]Cl,[*:3]C,[*:4]C,[*:5]F,6.261
C1C(N)C(C)C(Cl)C(C)N1C,C1C([*:5])C([*:1])C([*:2])C([*:3])N1[*:4],[*:1]C,[*:2]Cl,[*:3]C,[*:4]C,[*:5]N,6.147
C1C(OC)C(C)C(Cl)C(C)N1CC,C1C([*:5])C([*:1])C([*:2])C([*:3])N1[*:4],[*:1]C,[*:2]Cl,[*:3]C,[*:4]CC,[*:5]OC,6.317
C1C(F)C(C)C(Cl)C(C)N1CC,C1C([*:5])C([*:1])C([*:2])C([*:3])N1[*:4],[*:1]C,[*:2]Cl,[*:3]C,[*:4]CC,[*:5]F,6.139
C1C(F)C(C)C(Cl)C(C)N1C(F)(F)F,C1C([*:5])C([*:1])C([*:2])C([*:3])N1[*:4],[*:1]C,[*:2]Cl,[*:3]C,[*:4]C(F)(F)F,[*:5]F,6.048
C1C(C)C(C)C(Cl)C(C)N1OC,C1C([*:5])C([*:1])C([*:2])C([*:3])N1[*:4],[*:1]C,[*:2]Cl,[*:3]C,[*:4]OC,[*:5]C,6.012
C1C(N)C(C)C(Cl)C(C)N1OC,C1C([*:5])C([*:1])C([*:2])C([*:3])N1[*:4],[*:1]C,[*:2]Cl,[*:3]C,[*:4]OC,[*:5]N,6.026
C1C(C)C(C)C(Cl)C(N)N1C,C1C([*:5])C([*:1])C([*:2])C([*:3])N1[*:4],[*:1]C,[*:2]Cl,[*:3]N,[*:4]C,[*:5]C,5.940
C1C(F)C(C)C(Cl)C(N)N1C,C1C([*:5])C([*:1])C([*:2])C([*:3])N1[*:4],[*:1]C,[*:2]Cl,[*:3]N,[*:4]C,[*:5]F,6.213
C1C(N)C(C)C(Cl)C(N)N1C,C1C([*:5])C([*:1])C([*:2])C([*:3])N1[*:4],[*:1]C,[*:2]Cl,[*:3]N,[*:4]C,[*:5]N,6.030
C1C(C)C(C)C(Cl)C(N)N1CC,C1C([*:5])C([*:1])C([*:2])C([*:3])N1[*:4],[*:1]C,[*:2]Cl,[*:3]N,[*:4]CC,[*:5]C,5.841
C1C(C)C(C)C(Cl)C(N)N1OC,C1C([*:5])C([*:1])C([*:2])C([*:3])N1[*:4],[*:1]C,[*:2]Cl,[*:3]N,[*:4]OC,[*:5]C,5.900
C1C(F)C(C)C(Cl)C(N)N1OC,C1C([*:5])C([*:1])C([*:2])C([*:3])N1[*:4],[*:1]C,[*:2]Cl,[*:3]N,[*:4]OC,[*:5]F,6.092
C1C(OC)C(C)C(Cl)C(O)N1C,C1C([*:5])C([*:1])C([*:2])C([*:3])N1[*:4],[*:1]C,[*:2]Cl,[*:3]O,[*:4]C,[*:5]OC,6.440
C1C(C)C(C)C(Cl)C(O)N1CC,C1C([*:5])C([*:1])C([*:2])C([*:3])N1[*:4],[*:1]C,[*:2]Cl,[*:3]O,[*:4]CC,[*:5]C,5.824
C1C(F)C(C)C(Cl)C(O)N1CC,C1C([*:5])C([*:1])C([*:2])C([*:3])N1[*:4],[*:1]C,[*:2]Cl,[*:3]O,[*:4]CC,[*:5]F,6.015
C1C(N)C(C)C(Cl)C(O)N1C(F)(F)F,C1C([*:5])C([*:1])C([*:2])C([*:3])N1[*:4],[*:1]C,[*:2]Cl,[*:3]O,[*:4]C(F)(F)F,[*:5]N,5.832
C1C(OC)C(C)C(Cl)C(O)N1OC,C1C([*:5])C([*:1])C([*:2])C([*:3])N1[*:4],[*:1]C,[*:2]Cl,[*:3]O,[*:4]OC,[*:5]OC,6.333
C1C(C)C(C)C(Cl)C(Br)N1C,C1C([*:5])C([*:1])C([*:2])C([*:3])N1[*:4],[*:1]C,[*:2]Cl,[*:3]Br,[*:4]C,[*:5]C,5.983
C1C(OC)C(C)C(Cl)C(Br)N1C,C1C([*:5])C([*:1])C([*:2])C([*:3])N1[*:4],[*:1]C,[*:2]Cl,[*:3]Br,[*:4]C,[*:5]OC,6.356
C1C(N)C(C)C(Cl)C(Br)N1C,C1C([*:5])C([*:1])C([*:2])C([*:3])N1[*:4],[*:1]C,[*:2]Cl,[*:3]Br,[*:4]C,[*:5]N,6.103
C1C(F)C(C)C(Cl)C(Br)N1CC,C1C([*:5])C([*:1])C([*:2])C([*:3])N1[*:4],[*:1]C,[*:2]Cl,[*:3]Br,[*:4]CC,[*:5]F,6.027
C1C(C)C(C)C(Cl)C(Br)N1C(F)(F)F,C1C([*:5])C([*:1])C([*:2])C([*:3])N1[*:4],[*:1]C,[*:2]Cl,[*:3]Br,[*:4]C(F)(F)F,[*:5]C,5.761
C1C(OC)C(C)C(Cl)C(Br)N1C(F)(F)F,C1C([*:5])C([*:1])C([*:2])C([*:3])N1[*:4],[*:1]C,[*:2]Cl,[*:3]Br,[*:4]C(F)(F)F,[*:5]OC,6.149
C1C(F)C(C)C(Cl)C(Br)N1C(F)(F)F,C1C([*:5])C([*:1])C([*:2])C([*:3])N1[*:4],[*:1]C,[*:2]Cl,[*:3]Br,[*:4]C(F)(F)F,[*:5]F,5.926
C1C(N)C(C)C(Cl)C(Br)N1C(F)(F)F,C1C([*:5])C([*:1])C([*:2])C([*:3])N1[*:4],[*:1]C,[*:2]Cl,[*:3]Br,[*:4]C(F)(F)F,[*:5]N,5.884
C1C(C)C(C)C(Cl)C(Br)N1OC,C1C([*:5])C([*:1])C([*:2])C([*:3])N1[*:4],[*:1]C,[*:2]Cl,[*:3]Br,[*:4]OC,[*:5]C,5.885
C1C(OC)C(C)C(Cl)C(Br)N1OC,C1C([*:5])C([*:1])C([*:2])C([*:3])N1[*:4],[*:1]C,[*:2]Cl,[*:3]Br,[*:4]OC,[*:5]OC,6.314
C1C(F)C(C)C(Cl)C(Br)N1OC,C1C([*:5])C([*:1])C([*:2])C([*:3])N1[*:4],[*:1]C,[*:2]Cl,[*:3]Br,[*:4]OC,[*:5]F,6.162
C1C(N)C(C)C(Cl)C(Br)N1OC,C1C([*:5])C([*:1])C([*:2])C([*:3])N1[*:4],[*:1]C,[*:2]Cl,[*:3]Br,[*:4]OC,[*:5]N,6.041
C1C(OC)C(C)C(C)C(C)N1C,C1C([*:5])C([*:1])C([*:2])C([*:3])N1[*:4],[*:1]C,[*:2]C,[*:3]C,[*:4]C,[*:5]OC,5.815
C1C(F)C(C)C(C)C(C)N1C,C1C([*:5])C([*:1])C([*:2])C([*:3])N1[*:4],[*:1]C,[*:2]C,[*:3]C,[*:4]C,[*:5]F,5.576
C1C(F)C(C)C(C)C(C)N1CC,C1C([*:5])C([*:1])C([*:2])C([*:3])N1[*:4],[*:1]C,[*:2]C,[*:3]C,[*:4]CC,[*:5]F,5.495
C1C(C)C(C)C(C)C(C)N1C(F)(F)F,C1C([*:5])C([*:1])C([*:2])C([*:3])N1[*:4],[*:1]C,[*:2]C,[*:3]C,[*:4]C(F)(F)F,[*:5]C,5.245
C1C(OC)C(C)C(C)C(C)N1C(F)(F)F,C1C([*:5])C([*:1])C([*:2])C([*:3])N1[*:4],[*:1]C,[*:2]C,[*:3]C,[*:4]C(F)(F)F,[*:5]OC,5.532
C1C(N)C(C)C(C)C(C)N1C(F)(F)F,C1C([*:5])C([*:1])C([*:2])C([*:3])N1[*:4],[*:1]C,[*:2]C,[*:3]C,[*:4]C(F)(F)F,[*:5]N,5.229
C1C(OC)C(C)C(C)C(C)N1OC,C1C([*:5])C([*:1])C([*:2])C([*:3])N1[*:4],[*:1]C,[*:2]C,[*:3]C,[*:4]OC,[*:5]OC,5.756
C1C(F)C(C)C(C)C(C)N1OC,C1C([*:5])C([*:1])C([*:2])C([*:3])N1[*:4],[*:1]C,[*:2]C,[*:3]C,[*:4]OC,[*:5]F,5.447
C1C(C)C(C)C(C)C(N)N1C,C1C([*:5])C([*:1])C([*:2])C([*:3])N1[*:4],[*:1]C,[*:2]C,[*:3]N,[*:4]C,[*:5]C,5.361
C1C(OC)C(C)C(C)C(N)N1C,C1C([*:5])C([*:1])C([*:2])C([*:3])N1[*:4],[*:1]C,[*:2]C,[*:3]N,[*:4]C,[*:5]OC,5.743
C1C(OC)C(C)C(C)C(N)N1CC,C1C([*:5])C([*:1])C([*:2])C([*:3])N1[*:4],[*:1]C,[*:2]C,[*:3]N,[*:4]CC,[*:5]OC,5.673
C1C(F)C(C)C(C)C(N)N1CC,C1C([*:5])C([*:1])C([*:2])C([*:3])N1[*:4],[*:1]C,[*:2]C,[*:3]N,[*:4]CC,[*:5]F,5.422
C1C(N)C(C)C(C)C(N)N1CC,C1C([*:5])C([*:1])C([*:2])C([*:3])N1[*:4],[*:1]C,[*:2]C,[*:3]N,[*:4]CC,[*:5]N,5.397
C1C(C)C(C)C(C)C(N)N1C(F)(F)F,C1C([*:5])C([*:1])C([*:2])C([*:3])N1[*:4],[*:1]C,[*:2]C,[*:3]N,[*:4]C(F)(F)F,[*:5]C,5.175
C1C(OC)C(C)C(C)C(N)N1C(F)(F)F,C1C([*:5])C([*:1])C([*:2])C([*:3])N1[*:4],[*:1]C,[*:2]C,[*:3]N,[*:4]C(F)(F)F,[*:5]OC,5.581
C1C(F)C(C)C(C)C(N)N1C(F)(F)F,C1C([*:5])C([*:1])C([*:2])C([*:3])N1[*:4],[*:1]C,[*:2]C,[*:3]N,[*:4]C(F)(F)F,[*:5]F,5.457
C1C(N)C(C)C(C)C(N)N1C(F)(F)F,C1C([*:5])C([*:1])C([*:2])C([*:3])N1[*:4],[*:1]C,[*:2]C,[*:3]N,[*:4]C(F)(F)F,[*:5]N,5.136
C1C(OC)C(C)C(C)C(N)N1OC,C1C([*:5])C([*:1])C([*:2])C([*:3])N1[*:4],[*:1]C,[*:2]C,[*:3]N,[*:4]OC,[*:5]OC,5.684
C1C(F)C(C)C(C)C(N)N1OC,C1C([*:5])C([*:1])C([*:2])C([*:3])N1[*:4],[*:1]C,[*:2]C,[*:3]N,[*:4]OC,[*:5]F,5.523
C1C(N)C(C)C(C)C(N)N1OC,C1C([*:5])C([*:1])C([*:2])C([*:3])N1[*:4],[*:1]C,[*:2]C,[*:3]N,[*:4]OC,[*:5]N,5.400
C1C(C)C(C)C(C)C(O)N1C,C1C([*:5])C([*:1])C([*:2])C([*:3])N1[*:4],[*:1]C,[*:2]C,[*:3]O,[*:4]C,[*:5]C,5.390
C1C(OC)C(C)C(C)C(O)N1C,C1C([*:5])C([*:1])C([*:2])C([*:3])N1[*:4],[*:1]C,[*:2]C,[*:3]O,[*:4]C,[*:5]OC,5.790
C1C(F)C(C)C(C)C(O)N1C,C1C([*:5])C([*:1])C([*:2])C([*:3])N1[*:4],[*:1]C,[*:2]C,[*:3]O,[*:4]C,[*:5]F,5.563
C1C(C)C(C)C(C)C(O)N1CC,C1C([*:5])C([*:1])C([*:2])C([*:3])N1[*:4],[*:1]C,[*:2]C,[*:3]O,[*:4]CC,[*:5]C,5.340
C1C(F)C(C)C(C)C(O)N1CC,C1C([*:5])C([*:1])C([*:2])C([*:3])N1[*:4],[*:1]C,[*:2]C,[*:3]O,[*:4]CC,[*:5]F,5.507
C1C(N)C(C)C(C)C(O)N1CC,C1C([*:5])C([*:1])C([*:2])C([*:3])N1[*:4],[*:1]C,[*:2]C,[*:3]O,[*:4]CC,[*:5]N,5.375
C1C(C)C(C)C(C)C(O)N1OC,C1C([*:5])C([*:1])C([*:2])C([*:3])N1[*:4],[*:1]C,[*:2]C,[*:3]O,[*:4]OC,[*:5]C,5.254
C1C(OC)C(C)C(C)C(O)N1OC,C1C([*:5])C([*:1])C([*:2])C([*:3])N1[*:4],[*:1]C,[*:2]C,[*:3]O,[*:4]OC,[*:5]OC,5.803
C1C(F)C(C)C(C)C(O)N1OC,C1C([*:5])C([*:1])C([*:2])C([*:3])N1[*:4],[*:1]C,[*:2]C,[*:3]O,[*:4]OC,[*:5]F,5.585
C1C(C)C(C)C(C)C(Br)N1C,C1C([*:5])C([*:1])C([*:2])C([*:3])N1[*:4],[*:1]C,[*:2]C,[*:3]Br,[*:4]C,[*:5]C,5.335
C1C(OC)C(C)C(C)C(Br)N1C,C1C([*:5])C([*:1])C([*:2])C([*:3])N1[*:4],[*:1]C,[*:2]C,[*:3]Br,[*:4]C,[*:5]OC,5.814
C1C(F)C(C)C(C)C(Br)N1C,C1C([*:5])C([*:1])C([*:2])C([*:3])N1[*:4],[*:1]C,[*:2]C,[*:3]Br,[*:4]C,[*:5]F,5.547
C1C(N)C(C)C(C)C(Br)N1C,C1C([*:5])C([*:1])C([*:2])C([*:3])N1[*:4],[*:1]C,[*:2]C,[*:3]Br,[*:4]C,[*:5]N,5.444
C1C(C)C(C)C(C)C(Br)N1C(F)(F)F,C1C([*:5])C([*:1])C([*:2])C([*:3])N1[*:4],[*:1]C,[*:2]C,[*:3]Br,[*:4]C(F)(F)F,[*:5]C,5.196
C1C(F)C(C)C(C)C(Br)N1C(F)(F)F,C1C([*:5])C([*:1])C([*:2])C([*:3])N1[*:4],[*:1]C,[*:2]C,[*:3]Br,[*:4]C(F)(F)F,[*:5]F,5.345
C1C(N)C(C)C(C)C(Br)N1C(F)(F)F,C1C([*:5])C([*:1])C([*:2])C([*:3])N1[*:4],[*:1]C,[*:2]C,[*:3]Br,[*:4]C(F)(F)F,[*:5]N,5.245
C1C(OC)C(C)C(C)C(Br)N1OC,C1C([*:5])C([*:1])C([*:2])C([*:3])N1[*:4],[*:1]C,[*:2]C,[*:3]Br,[*:4]OC,[*:5]OC,5.714
C1C(N)C(C)C(C)C(Br)N1OC,C1C([*:5])C([*:1])C([*:2])C([*:3])N1[*:4],[*:1]C,[*:2]C,[*:3]Br,[*:4]OC,[*:5]N,5.325
C1C(C)C(C)C(OC)C(C)N1C,C1C([*:5])C([*:1])C([*:2])C([*:3])N1[*:4],[*:1]C,[*:2]OC,[*:3]C,[*:4]C,[*:5]C,5.193
C1C(OC)C(C)C(OC)C(C)N1C,C1C([*:5])C([*:1])C([*:2])C([*:3])N1[*:4],[*:1]C,[*:2]OC,[*:3]C,[*:4]C,[*:5]OC,5.583
C1C(F)C(C)C(OC)C(C)N1C,C1C([*:5])C([*:1])C([*:2])C([*:3])N1[*:4],[*:1]C,[*:2]OC,[*:3]C,[*:4]C,[*:5]F,5.502
C1C(N)C(C)C(OC)C(C)N1CC,C1C([*:5])C([*:1])C([*:2])C([*:3])N1[*:4],[*:1]C,[*:2]OC,[*:3]C,[*:4]CC,[*:5]N,5.210
C1C(N)C(C)C(OC)C(C)N1C(F)(F)F,C1C([*:5])C([*:1])C([*:2])C([*:3])N1[*:4],[*:1]C,[*:2]OC,[*:3]C,[*:4]C(F)(F)F,[*:5]N,5.155
C1C(C)C(C)C(OC)C(C)N1OC,C1C([*:5])C([*:1])C([*:2])C([*:3])N1[*:4],[*:1]C,[*:2]OC,[*:3]C,[*:4]OC,[*:5]C,5.108
C1C(OC)C(C)C(OC)C(C)N1OC,C1C([*:5])C([*:1])C([*:2])C([*:3])N1[*:4],[*:1]C,[*:2]OC,[*:3]C,[*:4]OC,[*:5]OC,5.501
C1C(F)C(C)C(OC)C(C)N1OC,C1C([*:5])C([*:1])C([*:2])C([*:3])N1[*:4],[*:1]C,[*:2]OC,[*:3]C,[*:4]OC,[*:5]F,5.480
C1C(N)C(C)C(OC)C(C)N1OC,C1C([*:5])C([*:1])C([*:2])C([*:3])N1[*:4],[*:1]C,[*:2]OC,[*:3]C,[*:4]OC,[*:5]N,5.174
C1C(F)C(C)C(OC)C(N)N1CC,C1C([*:5])C([*:1])C([*:2])C([*:3])N1[*:4],[*:1]C,[*:2]OC,[*:3]N,[*:4]CC,[*:5]F,5.259
C1C(N)C(C)C(OC)C(N)N1CC,C1C([*:5])C([*:1])C([*:2])C([*:3])N1[*:4],[*:1]C,[*:2]OC,[*:3]N,[*:4]CC,[*:5]N,5.169
C1C(N)C(C)C(OC)C(N)N1C(F)(F)F,C1C([*:5])C([*:1])C([*:2])C([*:3])N1[*:4],[*:1]C,[*:2]OC,[*:3]N,[*:4]C(F)(F)F,[*:5]N,5.008
C1C(C)C(C)C(OC)C(N)N1OC,C1C([*:5])C([*:1])C([*:2])C([*:3])N1[*:4],[*:1]C,[*:2]OC,[*:3]N,[*:4]OC,[*:5]C,5.052
C1C(C)C(C)C(OC)C(O)N1C,C1C([*:5])C([*:1])C([*:2])C([*:3])N1[*:4],[*:1]C,[*:2]OC,[*:3]O,[*:4]C,[*:5]C,5.365
C1C(OC)C(C)C(OC)C(O)N1C,C1C([*:5])C([*:1])C([*:2])C([*:3])N1[*:4],[*:1]C,[*:2]OC,[*:3]O,[*:4]C,[*:5]OC,5.561
C1C(N)C(C)C(OC)C(O)N1C,C1C([*:5])C([*:1])C([*:2])C([*:3])N1[*:4],[*:1]C,[*:2]OC,[*:3]O,[*:4]C,[*:5]N,5.283
C1C(F)C(C)C(OC)C(O)N1CC,C1C([*:5])C([*:1])C([*:2])C([*:3])N1[*:4],[*:1]C,[*:2]OC,[*:3]O,[*:4]CC,[*:5]F,5.351
C1C(N)C(C)C(OC)C(O)N1CC,C1C([*:5])C([*:1])C([*:2])C([*:3])N1[*:4],[*:1]C,[*:2]OC,[*:3]O,[*:4]CC,[*:5]N,5.157
C1C(C)C(C)C(OC)C(O)N1OC,C1C([*:5])C([*:1])C([*:2])C([*:3])N1[*:4],[*:1]C,[*:2]OC,[*:3]O,[*:4]OC,[*:5]C,5.114
C1C(OC)C(C)C(OC)C(O)N1OC,C1C([*:5])C([*:1])C([*:2])C([*:3])N1[*:4],[*:1]C,[*:2]OC,[*:3]O,[*:4]OC,[*:5]OC,5.525
C1C(F)C(C)C(OC)C(O)N1OC,C1C([*:5])C([*:1])C([*:2])C([*:3])N1[*:4],[*:1]C,[*:2]OC,[*:3]O,[*:4]OC,[*:5]F,5.331
C1C(N)C(C)C(OC)C(O)N1OC,C1C([*:5])C([*:1])C([*:2])C([*:3])N1[*:4],[*:1]C,[*:2]OC,[*:3]O,[*:4]OC,[*:5]N,5.223
C1C(OC)C(C)C(OC)C(Br)N1C,C1C([*:5])C([*:1])C([*:2])C([*:3])N1[*:4],[*:1]C,[*:2]OC,[*:3]Br,[*:4]C,[*:5]OC,5.514
C1C(N)C(C)C(OC)C(Br)N1C,C1C([*:5])C([*:1])C([*:2])C([*:3])N1[*:4],[*:1]C,[*:2]OC,[*:3]Br,[*:4]C,[*:5]N,5.261
C1C(C)C(C)C(OC)C(Br)N1CC,C1C([*:5])C([*:1])C([*:2])C([*:3])N1[*:4],[*:1]C,[*:2]OC,[*:3]Br,[*:4]CC,[*:5]C,5.073
C1C(OC)C(C)C(OC)C(Br)N1CC,C1C([*:5])C([*:1])C([*:2])C([*:3])N1[*:4],[*:1]C,[*:2]OC,[*:3]Br,[*:4]CC,[*:5]OC,5.454
C1C(N)C(C)C(OC)C(Br)N1CC,C1C([*:5])C([*:1])C([*:2])C([*:3])N1[*:4],[*:1]C,[*:2]OC,[*:3]Br,[*:4]CC,[*:5]N,5.227
C1C(OC)C(C)C(OC)C(Br)N1C(F)(F)F,C1C([*:5])C([*:1])C([*:2])C([*:3])N1[*:4],[*:1]C,[*:2]OC,[*:3]Br,[*:4]C(F)(F)F,[*:5]OC,5.325
C1C(F)C(C)C(OC)C(Br)N1C(F)(F)F,C1C([*:5])C([*:1])C([*:2])C([*:3])N1[*:4],[*:1]C,[*:2]OC,[*:3]Br,[*:4]C(F)(F)F,[*:5]F,5.120
C1C(C)C(C)C(OC)C(Br)N1OC,C1C([*:5])C([*:1])C([*:2])C([*:3])N1[*:4],[*:1]C,[*:2]OC,[*:3]Br,[*:4]OC,[*:5]C,5.173
C1C(OC)C(C)C(Br)C(C)N1C,C1C([*:5])C([*:1])C([*:2])C([*:3])N1[*:4],[*:1]C,[*:2]Br,[*:3]C,[*:4]C,[*:5]OC,6.249
C1C(F)C(C)C(Br)C(C)N1C,C1C([*:5])C([*:1])C([*:2])C([*:3])N1[*:4],[*:1]C,[*:2]Br,[*:3]C,[*:4]C,[*:5]F,6.122
C1C(N)C(C)C(Br)C(C)N1C,C1C([*:5])C([*:1])C([*:2])C([*:3])N1[*:4],[*:1]C,[*:2]Br,[*:3]C,[*:4]C,[*:5]N,5.957
C1C(C)C(C)C(Br)C(C)N1CC,C1C([*:5])C([*:1])C([*:2])C([*:3])N1[*:4],[*:1]C,[*:2]Br,[*:3]C,[*:4]CC,[*:5]C,5.750
C1C(C)C(C)C(Br)C(C)N1C(F)(F)F,C1C([*:5])C([*:1])C([*:2])C([*:3])N1[*:4],[*:1]C,[*:2]Br,[*:3]C,[*:4]C(F)(F)F,[*:5]C,5.547
C1C(OC)C(C)C(Br)C(C)N1C(F)(F)F,C1C([*:5])C([*:1])C([*:2])C([*:3])N1[*:4],[*:1]C,[*:2]Br,[*:3]C,[*:4]C(F)(F)F,[*:5]OC,6.004
C1C(F)C(C)C(Br)C(C)N1C(F)(F)F,C1C([*:5])C([*:1])C([*:2])C([*:3])N1[*:4],[*:1]C,[*:2]Br,[*:3]C,[*:4]C(F)(F)F,[*:5]F,5.908
C1C(C)C(C)C(Br)C(C)N1OC,C1C([*:5])C([*:1])C([*:2])C([*:3])N1[*:4],[*:1]C,[*:2]Br,[*:3]C,[*:4]OC,[*:5]C,5.838
C1C(OC)C(C)C(Br)C(C)N1OC,C1C([*:5])C([*:1])C([*:2])C([*:3])N1[*:4],[*:1]C,[*:2]Br,[*:3]C,[*:4]OC,[*:5]OC,6.153
C1C(F)C(C)C(Br)C(C)N1OC,C1C([*:5])C([*:1])C([*:2])C([*:3])N1[*:4],[*:1]C,[*:2]Br,[*:3]C,[*:4]OC,[*:5]F,6.078
C1C(N)C(C)C(Br)C(C)N1OC,C1C([*:5])C([*:1])C([*:2])C([*:3])N1[*:4],[*:1]C,[*:2]Br,[*:3]C,[*:4]OC,[*:5]N,5.977
C1C(C)C(C)C(Br)C(N)N1CC,C1C([*:5])C([*:1])C([*:2])C([*:3])N1[*:4],[*:1]C,[*:2]Br,[*:3]N,[*:4]CC,[*:5]C,5.772
C1C(OC)C(C)C(Br)C(N)N1CC,C1C([*:5])C([*:1])C([*:2])C([*:3])N1[*:4],[*:1]C,[*:2]Br,[*:3]N,[*:4]CC,[*:5]OC,6.219
C1C(F)C(C)C(Br)C(N)N1CC,C1C([*:5])C([*:1])C([*:2])C([*:3])N1[*:4],[*:1]C,[*:2]Br,[*:3]N,[*:4]CC,[*:5]F,5.911
C1C(C)C(C)C(Br)C(N)N1C(F)(F)F,C1C([*:5])C([*:1])C([*:2])C([*:3])N1[*:4],[*:1]C,[*:2]Br,[*:3]N,[*:4]C(F)(F)F,[*:5]C,5.539
C1C(F)C(C)C(Br)C(N)N1C(F)(F)F,C1C([*:5])C([*:1])C([*:2])C([*:3])N1[*:4],[*:1]C,[*:2]Br,[*:3]N,[*:4]C(F)(F)F,[*:5]F,5.769
C1C(N)C(C)C(Br)C(N)N1C(F)(F)F,C1C([*:5])C([*:1])C([*:2])C([*:3])N1[*:4],[*:1]C,[*:2]Br,[*:3]N,[*:4]C(F)(F)F,[*:5]N,5.762
C1C(OC)C(C)C(Br)C(N)N1OC,C1C([*:5])C([*:1])C([*:2])C([*:3])N1[*:4],[*:1]C,[*:2]Br,[*:3]N,[*:4]OC,[*:5]OC,6.129
C1C(OC)C(C)C(Br)C(O)N1C,C1C([*:5])C([*:1])C([*:2])C([*:3])N1[*:4],[*:1]C,[*:2]Br,[*:3]O,[*:4]C,[*:5]OC,6.168
C1C(F)C(C)C(Br)C(O)N1C,C1C([*:5])C([*:1])C([*:2])C([*:3])N1[*:4],[*:1]C,[*:2]Br,[*:3]O,[*:4]C,[*:5]F,6.067
C1C(C)C(C)C(Br)C(O)N1CC,C1C([*:5])C([*:1])C([*:2])C([*:3])N1[*:4],[*:1]C,[*:2]Br,[*:3]O,[*:4]CC,[*:5]C,5.763
C1C(F)C(C)C(Br)C(O)N1CC,C1C([*:5])C([*:1])C([*:2])C([*:3])N1[*:4],[*:1]C,[*:2]Br,[*:3]O,[*:4]CC,[*:5]F,5.927
C1C(OC)C(C)C(Br)C(O)N1C(F)(F)F,C1C([*:5])C([*:1])C([*:2])C([*:3])N1[*:4],[*:1]C,[*:2]Br,[*:3]O,[*:4]C(F)(F)F,[*:5]OC,6.001
C1C(F)C(C)C(Br)C(O)N1C(F)(F)F,C1C([*:5])C([*:1])C([*:2])C([*:3])N1[*:4],[*:1]C,[*:2]Br,[*:3]O,[*:4]C(F)(F)F,[*:5]F,5.861
C1C(N)C(C)C(Br)C(O)N1C(F)(F)F,C1C([*:5])C([*:1])C([*:2])C([*:3])N1[*:4],[*:1]C,[*:2]Br,[*:3]O,[*:4]C(F)(F)F,[*:5]N,5.620
C1C(C)C(C)C(Br)C(O)N1OC,C1C([*:5])C([*:1])C([*:2])C([*:3])N1[*:4],[*:1]C,[*:2]Br,[*:3]O,[*:4]OC,[*:5]C,5.881
C1C(F)C(C)C(Br)C(O)N1OC,C1C([*:5])C([*:1])C([*:2])C([*:3])N1[*:4],[*:1]C,[*:2]Br,[*:3]O,[*:4]OC,[*:5]F,6.036
C1C(F)C(C)C(Br)C(Br)N1C,C1C([*:5])C([*:1])C([*:2])C([*:3])N1[*:4],[*:1]C,[*:2]Br,[*:3]Br,[*:4]C,[*:5]F,6.086
C1C(C)C(C)C(Br)C(Br)N1CC,C1C([*:5])C([*:1])C([*:2])C([*:3])N1[*:4],[*:1]C,[*:2]Br,[*:3]Br,[*:4]CC,[*:5]C,5.701
C1C(OC)C(C)C(Br)C(Br)N1CC,C1C([*:5])C([*:1])C([*:2])C([*:3])N1[*:4],[*:1]C,[*:2]Br,[*:3]Br,[*:4]CC,[*:5]OC,6.081
C1C(F)C(C)C(Br)C(Br)N1CC,C1C([*:5])C([*:1])C([*:2])C([*:3])N1[*:4],[*:1]C,[*:2]Br,[*:3]Br,[*:4]CC,[*:5]F,5.888
C1C(OC)C(C)C(Br)C(Br)N1C(F)(F)F,C1C([*:5])C([*:1])C([*:2])C([*:3])N1[*:4],[*:1]C,[*:2]Br,[*:3]Br,[*:4]C(F)(F)F,[*:5]OC,6.006
C1C(F)C(C)C(Br)C(Br)N1C(F)(F)F,C1C([*:5])C([*:1])C([*:2])C([*:3])N1[*:4],[*:1]C,[*:2]Br,[*:3]Br,[*:4]C(F)(F)F,[*:5]F,5.773
C1C(N)C(C)C(Br)C(Br)N1C(F)(F)F,C1C([*:5])C([*:1])C([*:2])C([*:3])N1[*:4],[*:1]C,[*:2]Br,[*:3]Br,[*:4]C(F)(F)F,[*:5]N,5.656
C1C(OC)C(C)C(Br)C(Br)N1OC,C1C([*:5])C([*:1])C([*:2])C([*:3])N1[*:4],[*:1]C,[*:2]Br,[*:3]Br,[*:4]OC,[*:5]OC,6.177
C1C(F)C(C)C(Br)C(Br)N1OC,C1C([*:5])C([*:1])C([*:2])C([*:3])N1[*:4],[*:1]C,[*:2]Br,[*:3]Br,[*:4]OC,[*:5]F,5.994
C1C(C)C(CC)C(F)C(C)N1C,C1C([*:5])C([*:1])C([*:2])C([*:3])N1[*:4],[*:1]CC,[*:2]F,[*:3]C,[*:4]C,[*:5]C,6.296
C1C(N)C(CC)C(F)C(C)N1C,C1C([*:5])C([*:1])C([*:2])C([*:3])N1[*:4],[*:1]CC,[*:2]F,[*:3]C,[*:4]C,[*:5]N,6.448
C1C(C)C(CC)C(F)C(C)N1CC,C1C([*:5])C([*:1])C([*:2])C([*:3])N1[*:4],[*:1]CC,[*:2]F,[*:3]C,[*:4]CC,[*:5]C,6.155
C1C(OC)C(CC)C(F)C(C)N1CC,C1C([*:5])C([*:1])C([*:2])C([*:3])N1[*:4],[*:1]CC,[*:2]F,[*:3]C,[*:4]CC,[*:5]OC,6.505
C1C(N)C(CC)C(F)C(C)N1CC,C1C([*:5])C([*:1])C([*:2])C([*:3])N1[*:4],[*:1]CC,[*:2]F,[*:3]C,[*:4]CC,[*:5]N,6.233
C1C(OC)C(CC)C(F)C(C)N1C(F)(F)F,C1C([*:5])C([*:1])C([*:2])C([*:3])N1[*:4],[*:1]CC,[*:2]F,[*:3]C,[*:4]C(F)(F)F,[*:5]OC,6.503
C1C(N)C(CC)C(F)C(C)N1C(F)(F)F,C1C([*:5])C([*:1])C([*:2])C([*:3])N1[*:4],[*:1]CC,[*:2]F,[*:3]C,[*:4]C(F)(F)F,[*:5]N,6.154
C1C(OC)C(CC)C(F)C(C)N1OC,C1C([*:5])C([*:1])C([*:2])C([*:3])N1[*:4],[*:1]CC,[*:2]F,[*:3]C,[*:4]OC,[*:5]OC,6.664
C1C(N)C(CC)C(F)C(C)N1OC,C1C([*:5])C([*:1])C([*:2])C([*:3])N1[*:4],[*:1]CC,[*:2]F,[*:3]C,[*:4]OC,[*:5]N,6.397
C1C(C)C(CC)C(F)C(N)N1C,C1C([*:5])C([*:1])C([*:2])C([*:3])N1[*:4],[*:1]CC,[*:2]F,[*:3]N,[*:4]C,[*:5]C,6.202
C1C(OC)C(CC)C(F)C(N)N1C,C1C([*:5])C([*:1])C([*:2])C([*:3])N1[*:4],[*:1]CC,[*:2]F,[*:3]N,[*:4]C,[*:5]OC,6.625
C1C(F)C(CC)C(F)C(N)N1C,C1C([*:5])C([*:1])C([*:2])C([*:3])N1[*:4],[*:1]CC,[*:2]F,[*:3]N,[*:4]C,[*:5]F,6.498
C1C(N)C(CC)C(F)C(N)N1C,C1C([*:5])C([*:1])C([*:2])C([*:3])N1[*:4],[*:1]CC,[*:2]F,[*:3]N,[*:4]C,[*:5]N,6.366
C1C(C)C(CC)C(F)C(N)N1CC,C1C([*:5])C([*:1])C([*:2])C([*:3])N1[*:4],[*:1]CC,[*:2]F,[*:3]N,[*:4]CC,[*:5]C,6.102
C1C(F)C(CC)C(F)C(N)N1CC,C1C([*:5])C([*:1])C([*:2])C([*:3])N1[*:4],[*:1]CC,[*:2]F,[*:3]N,[*:4]CC,[*:5]F,6.387
C1C(N)C(CC)C(F)C(N)N1CC,C1C([*:5])C([*:1])C([*:2])C([*:3])N1[*:4],[*:1]CC,[*:2]F,[*:3]N,[*:4]CC,[*:5]N,6.335
C1C(OC)C(CC)C(F)C(N)N1C(F)(F)F,C1C([*:5])C([*:1])C([*:2])C([*:3])N1[*:4],[*:1]CC,[*:2]F,[*:3]N,[*:4]C(F)(F)F,[*:5]OC,6.428
C1C(N)C(CC)C(F)C(N)N1OC,C1C([*:5])C([*:1])C([*:2])C([*:3])N1[*:4],[*:1]CC,[*:2]F,[*:3]N,[*:4]OC,[*:5]N,6.313
C1C(C)C(CC)C(F)C(O)N1C,C1C([*:5])C([*:1])C([*:2])C([*:3])N1[*:4],[*:1]CC,[*:2]F,[*:3]O,[*:4]C,[*:5]C,6.265
C1C(F)C(CC)C(F)C(O)N1C,C1C([*:5])C([*:1])C([*:2])C([*:3])N1[*:4],[*:1]CC,[*:2]F,[*:3]O,[*:4]C,[*:5]F,6.536
C1C(N)C(CC)C(F)C(O)N1C,C1C([*:5])C([*:1])C([*:2])C([*:3])N1[*:4],[*:1]CC,[*:2]F,[*:3]O,[*:4]C,[*:5]N,6.478
C1C(C)C(CC)C(F)C(O)N1CC,C1C([*:5])C([*:1])C([*:2])C([*:3])N1[*:4],[*:1]CC,[*:2]F,[*:3]O,[*:4]CC,[*:5]C,6.148
C1C(OC)C(CC)C(F)C(O)N1CC,C1C([*:5])C([*:1])C([*:2])C([*:3])N1[*:4],[*:1]CC,[*:2]F,[*:3]O,[*:4]CC,[*:5]OC,6.563
C1C(F)C(CC)C(F)C(O)N1CC,C1C([*:5])C([*:1])C([*:2])C([*:3])N1[*:4],[*:1]CC,[*:2]F,[*:3]O,[*:4]CC,[*:5]F,6.442
C1C(C)C(CC)C(F)C(O)N1C(F)(F)F,C1C([*:5])C([*:1])C([*:2])C([*:3])N1[*:4],[*:1]CC,[*:2]F,[*:3]O,[*:4]C(F)(F)F,[*:5]C,6.178
C1C(OC)C(CC)C(F)C(O)N1C(F)(F)F,C1C([*:5])C([*:1])C([*:2])C([*:3])N1[*:4],[*:1]CC,[*:2]F,[*:3]O,[*:4]C(F)(F)F,[*:5]OC,6.496
C1C(F)C(CC)C(F)C(O)N1C(F)(F)F,C1C([*:5])C([*:1])C([*:2])C([*:3])N1[*:4],[*:1]CC,[*:2]F,[*:3]O,[*:4]C(F)(F)F,[*:5]F,6.283
C1C(N)C(CC)C(F)C(O)N1C(F)(F)F,C1C([*:5])C([*:1])C([*:2])C([*:3])N1[*:4],[*:1]CC,[*:2]F,[*:3]O,[*:4]C(F)(F)F,[*:5]N,6.181
C1C(C)C(CC)C(F)C(O)N1OC,C1C([*:5])C([*:1])C([*:2])C([*:3])N1[*:4],[*:1]CC,[*:2]F,[*:3]O,[*:4]OC,[*:5]C,6.307
C1C(OC)C(CC)C(F)C(O)N1OC,C1C([*:5])C([*:1])C([*:2])C([*:3])N1[*:4],[*:1]CC,[*:2]F,[*:3]O,[*:4]OC,[*:5]OC,6.564
C1C(N)C(CC)C(F)C(O)N1OC,C1C([*:5])C([*:1])C([*:2])C([*:3])N1[*:4],[*:1]CC,[*:2]F,[*:3]O,[*:4]OC,[*:5]N,6.279
C1C(C)C(CC)C(F)C(Br)N1C,C1C([*:5])C([*:1])C([*:2])C([*:3])N1[*:4],[*:1]CC,[*:2]F,[*:3]Br,[*:4]C,[*:5]C,6.158
C1C(OC)C(CC)C(F)C(Br)N1C,C1C([*:5])C([*:1])C([*:2])C([*:3])N1[*:4],[*:1]CC,[*:2]F,[*:3]Br,[*:4]C,[*:5]OC,6.516
C1C(C)C(CC)C(F)C(Br)N1CC,C1C([*:5])C([*:1])C([*:2])C([*:3])N1[*:4],[*:1]CC,[*:2]F,[*:3]Br,[*:4]CC,[*:5]C,6.112
C1C(OC)C(CC)C(F)C(Br)N1CC,C1C([*:5])C([*:1])C([*:2])C([*:3])N1[*:4],[*:1]CC,[*:2]F,[*:3]Br,[*:4]CC,[*:5]OC,6.534
C1C(F)C(CC)C(F)C(Br)N1CC,C1C([*:5])C([*:1])C([*:2])C([*:3])N1[*:4],[*:1]CC,[*:2]F,[*:3]Br,[*:4]CC,[*:5]F,6.331
C1C(N)C(CC)C(F)C(Br)N1CC,C1C([*:5])C([*:1])C([*:2])C([*:3])N1[*:4],[*:1]CC,[*:2]F,[*:3]Br,[*:4]CC,[*:5]N,6.220
C1C(OC)C(CC)C(F)C(Br)N1C(F)(F)F,C1C([*:5])C([*:1])C([*:2])C([*:3])N1[*:4],[*:1]CC,[*:2]F,[*:3]Br,[*:4]C(F)(F)F,[*:5]OC,6.369
C1C(N)C(CC)C(F)C(Br)N1C(F)(F)F,C1C([*:5])C([*:1])C([*:2])C([*:3])N1[*:4],[*:1]CC,[*:2]F,[*:3]Br,[*:4]C(F)(F)F,[*:5]N,6.213
C1C(OC)C(CC)C(F)C(Br)N1OC,C1C([*:5])C([*:1])C([*:2])C([*:3])N1[*:4],[*:1]CC,[*:2]F,[*:3]Br,[*:4]OC,[*:5]OC,6.577
C1C(F)C(CC)C(F)C(Br)N1OC,C1C([*:5])C([*:1])C([*:2])C([*:3])N1[*:4],[*:1]CC,[*:2]F,[*:3]Br,[*:4]OC,[*:5]F,6.424
C1C(C)C(CC)C(Cl)C(C)N1C,C1C([*:5])C([*:1])C([*:2])C([*:3])N1[*:4],[*:1]CC,[*:2]Cl,[*:3]C,[*:4]C,[*:5]C,6.127
C1C(N)C(CC)C(Cl)C(C)N1C,C1C([*:5])C([*:1])C([*:2])C([*:3])N1[*:4],[*:1]CC,[*:2]Cl,[*:3]C,[*:4]C,[*:5]N,6.214
C1C(C)C(CC)C(Cl)C(C)N1CC,C1C([*:5])C([*:1])C([*:2])C([*:3])N1[*:4],[*:1]CC,[*:2]Cl,[*:3]C,[*:4]CC,[*:5]C,6.059
C1C(F)C(CC)C(Cl)C(C)N1CC,C1C([*:5])C([*:1])C([*:2])C([*:3])N1[*:4],[*:1]CC,[*:2]Cl,[*:3]C,[*:4]CC,[*:5]F,6.227
C1C(N)C(CC)C(Cl)C(C)N1C(F)(F)F,C1C([*:5])C([*:1])C([*:2])C([*:3])N1[*:4],[*:1]CC,[*:2]Cl,[*:3]C,[*:4]C(F)(F)F,[*:5]N,5.976
C1C(OC)C(CC)C(Cl)C(C)N1OC,C1C([*:5])C([*:1])C([*:2])C([*:3])N1[*:4],[*:1]CC,[*:2]Cl,[*:3]C,[*:4]OC,[*:5]OC,6.451
C1C(F)C(CC)C(Cl)C(C)N1OC,C1C([*:5])C([*:1])C([*:2])C([*:3])N1[*:4],[*:1]CC,[*:2]Cl,[*:3]C,[*:4]OC,[*:5]F,6.241
C1C(N)C(CC)C(Cl)C(C)N1OC,C1C([*:5])C([*:1])C([*:2])C([*:3])N1[*:4],[*:1]CC,[*:2]Cl,[*:3]C,[*:4]OC,[*:5]N,6.169
C1C(N)C(CC)C(Cl)C(N)N1C,C1C([*:5])C([*:1])C([*:2])C([*:3])N1[*:4],[*:1]CC,[*:2]Cl,[*:3]N,[*:4]C,[*:5]N,6.122
C1C(C)C(CC)C(Cl)C(N)N1CC,C1C([*:5])C([*:1])C([*:2])C([*:3])N1[*:4],[*:1]CC,[*:2]Cl,[*:3]N,[*:4]CC,[*:5]C,5.992
C1C(OC)C(CC)C(Cl)C(N)N1CC,C1C([*:5])C([*:1])C([*:2])C([*:3])N1[*:4],[*:1]CC,[*:2]Cl,[*:3]N,[*:4]CC,[*:5]OC,6.319
C1C(F)C(CC)C(Cl)C(N)N1CC,C1C([*:5])C([*:1])C([*:2])C([*:3])N1[*:4],[*:1]CC,[*:2]Cl,[*:3]N,[*:4]CC,[*:5]F,6.151
C1C(N)C(CC)C(Cl)C(N)N1CC,C1C([*:5])C([*:1])C([*:2])C([*:3])N1[*:4],[*:1]CC,[*:2]Cl,[*:3]N,[*:4]CC,[*:5]N,6.150
C1C(C)C(CC)C(Cl)C(N)N1C(F)(F)F,C1C([*:5])C([*:1])C([*:2])C([*:3])N1[*:4],[*:1]CC,[*:2]Cl,[*:3]N,[*:4]C(F)(F)F,[*:5]C,5.804
C1C(OC)C(CC)C(Cl)C(N)N1C(F)(F)F,C1C([*:5])C([*:1])C([*:2])C([*:3])N1[*:4],[*:1]CC,[*:2]Cl,[*:3]N,[*:4]C(F)(F)F,[*:5]OC,6.207
C1C(F)C(CC)C(Cl)C(N)N1C(F)(F)F,C1C([*:5])C([*:1])C([*:2])C([*:3])N1[*:4],[*:1]CC,[*:2]Cl,[*:3]N,[*:4]C(F)(F)F,[*:5]F,5.968
C1C(N)C(CC)C(Cl)C(N)N1C(F)(F)F,C1C([*:5])C([*:1])C([*:2])C([*:3])N1[*:4],[*:1]CC,[*:2]Cl,[*:3]N,[*:4]C(F)(F)F,[*:5]N,5.966
C1C(C)C(CC)C(Cl)C(N)N1OC,C1C([*:5])C([*:1])C([*:2])C([*:3])N1[*:4],[*:1]CC,[*:2]Cl,[*:3]N,[*:4]OC,[*:5]C,5.936
C1C(N)C(CC)C(Cl)C(N)N1OC,C1C([*:5])C([*:1])C([*:2])C([*:3])N1[*:4],[*:1]CC,[*:2]Cl,[*:3]N,[*:4]OC,[*:5]N,6.107
C1C(C)C(CC)C(Cl)C(O)N1C,C1C([*:5])C([*:1])C([*:2])C([*:3])N1[*:4],[*:1]CC,[*:2]Cl,[*:3]O,[*:4]C,[*:5]C,6.123
C1C(OC)C(CC)C(Cl)C(O)N1C,C1C([*:5])C([*:1])C([*:2])C([*:3])N1[*:4],[*:1]CC,[*:2]Cl,[*:3]O,[*:4]C,[*:5]OC,6.534
C1C(N)C(CC)C(Cl)C(O)N1C,C1C([*:5])C([*:1])C([*:2])C([*:3])N1[*:4],[*:1]CC,[*:2]Cl,[*:3]O,[*:4]C,[*:5]N,6.172
C1C(N)C(CC)C(Cl)C(O)N1CC,C1C([*:5])C([*:1])C([*:2])C([*:3])N1[*:4],[*:1]CC,[*:2]Cl,[*:3]O,[*:4]CC,[*:5]N,6.070
C1C(OC)C(CC)C(Cl)C(O)N1C(F)(F)F,C1C([*:5])C([*:1])C([*:2])C([*:3])N1[*:4],[*:1]CC,[*:2]Cl,[*:3]O,[*:4]C(F)(F)F,[*:5]OC,6.190
C1C(N)C(CC)C(Cl)C(O)N1OC,C1C([*:5])C([*:1])C([*:2])C([*:3])N1[*:4],[*:1]CC,[*:2]Cl,[*:3]O,[*:4]OC,[*:5]N,6.122
C1C(C)C(CC)C(Cl)C(Br)N1C,C1C([*:5])C([*:1])C([*:2])C([*:3])N1[*:4],[*:1]CC,[*:2]Cl,[*:3]Br,[*:4]C,[*:5]C,6.049
C1C(OC)C(CC)C(Cl)C(Br)N1C,C1C([*:5])C([*:1])C([*:2])C([*:3])N1[*:4],[*:1]CC,[*:2]Cl,[*:3]Br,[*:4]C,[*:5]OC,6.462
C1C(N)C(CC)C(Cl)C(Br)N1C,C1C([*:5])C([*:1])C([*:2])C([*:3])N1[*:4],[*:1]CC,[*:2]Cl,[*:3]Br,[*:4]C,[*:5]N,6.144
C1C(C)C(CC)C(Cl)C(Br)N1CC,C1C([*:5])C([*:1])C([*:2])C([*:3])N1[*:4],[*:1]CC,[*:2]Cl,[*:3]Br,[*:4]CC,[*:5]C,6.001
C1C(OC)C(CC)C(Cl)C(Br)N1CC,C1C([*:5])C([*:1])C([*:2])C([*:3])N1[*:4],[*:1]CC,[*:2]Cl,[*:3]Br,[*:4]CC,[*:5]OC,6.458
C1C(N)C(CC)C(Cl)C(Br)N1CC,C1C([*:5])C([*:1])C([*:2])C([*:3])N1[*:4],[*:1]CC,[*:2]Cl,[*:3]Br,[*:4]CC,[*:5]N,6.036
C1C(C)C(CC)C(Cl)C(Br)N1C(F)(F)F,C1C([*:5])C([*:1])C([*:2])C([*:3])N1[*:4],[*:1]CC,[*:2]Cl,[*:3]Br,[*:4]C(F)(F)F,[*:5]C,5.797
C1C(F)C(CC)C(Cl)C(Br)N1C(F)(F)F,C1C([*:5])C([*:1])C([*:2])C([*:3])N1[*:4],[*:1]CC,[*:2]Cl,[*:3]Br,[*:4]C(F)(F)F,[*:5]F,6.112
C1C(N)C(CC)C(Cl)C(Br)N1C(F)(F)F,C1C([*:5])C([*:1])C([*:2])C([*:3])N1[*:4],[*:1]CC,[*:2]Cl,[*:3]Br,[*:4]C(F)(F)F,[*:5]N,5.904
C1C(OC)C(CC)C(Cl)C(Br)N1OC,C1C([*:5])C([*:1])C([*:2])C([*:3])N1[*:4],[*:1]CC,[*:2]Cl,[*:3]Br,[*:4]OC,[*:5]OC,6.445
C1C(F)C(CC)C(Cl)C(Br)N1OC,C1C([*:5])C([*:1])C([*:2])C([*:3])N1[*:4],[*:1]CC,[*:2]Cl,[*:3]Br,[*:4]OC,[*:5]F,6.230
C1C(C)C(CC)C(C)C(C)N1C,C1C([*:5])C([*:1])C([*:2])C([*:3])N1[*:4],[*:1]CC,[*:2]C,[*:3]C,[*:4]C,[*:5]C,5.498
C1C(OC)C(CC)C(C)C(C)N1C,C1C([*:5])C([*:1])C([*:2])C([*:3])N1[*:4],[*:1]CC,[*:2]C,[*:3]C,[*:4]C,[*:5]OC,5.824
C1C(OC)C(CC)C(C)C(C)N1C(F)(F)F,C1C([*:5])C([*:1])C([*:2])C([*:3])N1[*:4],[*:1]CC,[*:2]C,[*:3]C,[*:4]C(F)(F)F,[*:5]OC,5.731
C1C(F)C(CC)C(C)C(C)N1C(F)(F)F,C1C([*:5])C([*:1])C([*:2])C([*:3])N1[*:4],[*:1]CC,[*:2]C,[*:3]C,[*:4]C(F)(F)F,[*:5]F,5.544
C1C(N)C(CC)C(C)C(C)N1C(F)(F)F,C1C([*:5])C([*:1])C([*:2])C([*:3])N1[*:4],[*:1]CC,[*:2]C,[*:3]C,[*:4]C(F)(F)F,[*:5]N,5.432
C1C(C)C(CC)C(C)C(C)N1OC,C1C([*:5])C([*:1])C([*:2])C([*:3])N1[*:4],[*:1]CC,[*:2]C,[*:3]C,[*:4]OC,[*:5]C,5.359
C1C(OC)C(CC)C(C)C(C)N1OC,C1C([*:5])C([*:1])C([*:2])C([*:3])N1[*:4],[*:1]CC,[*:2]C,[*:3]C,[*:4]OC,[*:5]OC,5.872
C1C(N)C(CC)C(C)C(C)N1OC,C1C([*:5])C([*:1])C([*:2])C([*:3])N1[*:4],[*:1]CC,[*:2]C,[*:3]C,[*:4]OC,[*:5]N,5.593
C1C(OC)C(CC)C(C)C(N)N1C,C1C([*:5])C([*:1])C([*:2])C([*:3])N1[*:4],[*:1]CC,[*:2]C,[*:3]N,[*:4]C,[*:5]OC,5.909
C1C(N)C(CC)C(C)C(N)N1C,C1C([*:5])C([*:1])C([*:2])C([*:3])N1[*:4],[*:1]CC,[*:2]C,[*:3]N,[*:4]C,[*:5]N,5.617
C1C(F)C(CC)C(C)C(N)N1CC,C1C([*:5])C([*:1])C([*:2])C([*:3])N1[*:4],[*:1]CC,[*:2]C,[*:3]N,[*:4]CC,[*:5]F,5.426
C1C(C)C(CC)C(C)C(N)N1C(F)(F)F,C1C([*:5])C([*:1])C([*:2])C([*:3])N1[*:4],[*:1]CC,[*:2]C,[*:3]N,[*:4]C(F)(F)F,[*:5]C,5.251
C1C(OC)C(CC)C(C)C(N)N1C(F)(F)F,C1C([*:5])C([*:1])C([*:2])C([*:3])N1[*:4],[*:1]CC,[*:2]C,[*:3]N,[*:4]C(F)(F)F,[*:5]OC,5.618
C1C(C)C(CC)C(C)C(N)N1OC,C1C([*:5])C([*:1])C([*:2])C([*:3])N1[*:4],[*:1]CC,[*:2]C,[*:3]N,[*:4]OC,[*:5]C,5.339
C1C(OC)C(CC)C(C)C(N)N1OC,C1C([*:5])C([*:1])C([*:2])C([*:3])N1[*:4],[*:1]CC,[*:2]C,[*:3]N,[*:4]OC,[*:5]OC,5.822
C1C(F)C(CC)C(C)C(N)N1OC,C1C([*:5])C([*:1])C([*:2])C([*:3])N1[*:4],[*:1]CC,[*:2]C,[*:3]N,[*:4]OC,[*:5]F,5.668
C1C(OC)C(CC)C(C)C(O)N1C,C1C([*:5])C([*:1])C([*:2])C([*:3])N1[*:4],[*:1]CC,[*:2]C,[*:3]O,[*:4]C,[*:5]OC,5.844
C1C(N)C(CC)C(C)C(O)N1C,C1C([*:5])C([*:1])C([*:2])C([*:3])N1[*:4],[*:1]CC,[*:2]C,[*:3]O,[*:4]C,[*:5]N,5.653
C1C(N)C(CC)C(C)C(O)N1CC,C1C([*:5])C([*:1])C([*:2])C([*:3])N1[*:4],[*:1]CC,[*:2]C,[*:3]O,[*:4]CC,[*:5]N,5.471
C1C(C)C(CC)C(C)C(O)N1C(F)(F)F,C1C([*:5])C([*:1])C([*:2])C([*:3])N1[*:4],[*:1]CC,[*:2]C,[*:3]O,[*:4]C(F)(F)F,[*:5]C,5.305
C1C(OC)C(CC)C(C)C(O)N1C(F)(F)F,C1C([*:5])C([*:1])C([*:2])C([*:3])N1[*:4],[*:1]CC,[*:2]C,[*:3]O,[*:4]C(F)(F)F,[*:5]OC,5.571
C1C(F)C(CC)C(C)C(O)N1C(F)(F)F,C1C([*:5])C([*:1])C([*:2])C([*:3])N1[*:4],[*:1]CC,[*:2]C,[*:3]O,[*:4]C(F)(F)F,[*:5]F,5.520
C1C(N)C(CC)C(C)C(O)N1C(F)(F)F,C1C([*:5])C([*:1])C([*:2])C([*:3])N1[*:4],[*:1]CC,[*:2]C,[*:3]O,[*:4]C(F)(F)F,[*:5]N,5.427
C1C(N)C(CC)C(C)C(O)N1OC,C1C([*:5])C([*:1])C([*:2])C([*:3])N1[*:4],[*:1]CC,[*:2]C,[*:3]O,[*:4]OC,[*:5]N,5.548
C1C(C)C(CC)C(C)C(Br)N1C,C1C([*:5])C([*:1])C([*:2])C([*:3])N1[*:4],[*:1]CC,[*:2]C,[*:3]Br,[*:4]C,[*:5]C,5.416
C1C(F)C(CC)C(C)C(Br)N1C,C1C([*:5])C([*:1])C([*:2])C([*:3])N1[*:4],[*:1]CC,[*:2]C,[*:3]Br,[*:4]C,[*:5]F,5.569
C1C(N)C(CC)C(C)C(Br)N1C,C1C([*:5])C([*:1])C([*:2])C([*:3])N1[*:4],[*:1]CC,[*:2]C,[*:3]Br,[*:4]C,[*:5]N,5.568
C1C(OC)C(CC)C(C)C(Br)N1CC,C1C([*:5])C([*:1])C([*:2])C([*:3])N1[*:4],[*:1]CC,[*:2]C,[*:3]Br,[*:4]CC,[*:5]OC,5.718
C1C(F)C(CC)C(C)C(Br)N1CC,C1C([*:5])C([*:1])C([*:2])C([*:3])N1[*:4],[*:1]CC,[*:2]C,[*:3]Br,[*:4]CC,[*:5]F,5.496
C1C(C)C(CC)C(C)C(Br)N1C(F)(F)F,C1C([*:5])C([*:1])C([*:2])C([*:3])N1[*:4],[*:1]CC,[*:2]C,[*:3]Br,[*:4]C(F)(F)F,[*:5]C,5.307
C1C(F)C(CC)C(C)C(Br)N1C(F)(F)F,C1C([*:5])C([*:1])C([*:2])C([*:3])N1[*:4],[*:1]CC,[*:2]C,[*:3]Br,[*:4]C(F)(F)F,[*:5]F,5.539
C1C(C)C(CC)C(C)C(Br)N1OC,C1C([*:5])C([*:1])C([*:2])C([*:3])N1[*:4],[*:1]CC,[*:2]C,[*:3]Br,[*:4]OC,[*:5]C,5.405
C1C(OC)C(CC)C(C)C(Br)N1OC,C1C([*:5])C([*:1])C([*:2])C([*:3])N1[*:4],[*:1]CC,[*:2]C,[*:3]Br,[*:4]OC,[*:5]OC,5.824
C1C(F)C(CC)C(C)C(Br)N1OC,C1C([*:5])C([*:1])C([*:2])C([*:3])N1[*:4],[*:1]CC,[*:2]C,[*:3]Br,[*:4]OC,[*:5]F,5.663
C1C(F)C(CC)C(OC)C(C)N1C,C1C([*:5])C([*:1])C([*:2])C([*:3])N1[*:4],[*:1]CC,[*:2]OC,[*:3]C,[*:4]C,[*:5]F,5.573
C1C(N)C(CC)C(OC)C(C)N1C,C1C([*:5])C([*:1])C([*:2])C([*:3])N1[*:4],[*:1]CC,[*:2]OC,[*:3]C,[*:4]C,[*:5]N,5.453
C1C(N)C(CC)C(OC)C(C)N1CC,C1C([*:5])C([*:1])C([*:2])C([*:3])N1[*:4],[*:1]CC,[*:2]OC,[*:3]C,[*:4]CC,[*:5]N,5.261
C1C(F)C(CC)C(OC)C(C)N1C(F)(F)F,C1C([*:5])C([*:1])C([*:2])C([*:3])N1[*:4],[*:1]CC,[*:2]OC,[*:3]C,[*:4]C(F)(F)F,[*:5]F,5.326
C1C(C)C(CC)C(OC)C(C)N1OC,C1C([*:5])C([*:1])C([*:2])C([*:3])N1[*:4],[*:1]CC,[*:2]OC,[*:3]C,[*:4]OC,[*:5]C,5.196
C1C(OC)C(CC)C(OC)C(C)N1OC,C1C([*:5])C([*:1])C([*:2])C([*:3])N1[*:4],[*:1]CC,[*:2]OC,[*:3]C,[*:4]OC,[*:5]OC,5.609
C1C(C)C(CC)C(OC)C(N)N1C,C1C([*:5])C([*:1])C([*:2])C([*:3])N1[*:4],[*:1]CC,[*:2]OC,[*:3]N,[*:4]C,[*:5]C,5.289
C1C(OC)C(CC)C(OC)C(N)N1C,C1C([*:5])C([*:1])C([*:2])C([*:3])N1[*:4],[*:1]CC,[*:2]OC,[*:3]N,[*:4]C,[*:5]OC,5.651
C1C(F)C(CC)C(OC)C(N)N1C,C1C([*:5])C([*:1])C([*:2])C([*:3])N1[*:4],[*:1]CC,[*:2]OC,[*:3]N,[*:4]C,[*:5]F,5.501
C1C(N)C(CC)C(OC)C(N)N1C,C1C([*:5])C([*:1])C([*:2])C([*:3])N1[*:4],[*:1]CC,[*:2]OC,[*:3]N,[*:4]C,[*:5]N,5.349
C1C(C)C(CC)C(OC)C(N)N1CC,C1C([*:5])C([*:1])C([*:2])C([*:3])N1[*:4],[*:1]CC,[*:2]OC,[*:3]N,[*:4]CC,[*:5]C,5.160
C1C(OC)C(CC)C(OC)C(N)N1CC,C1C([*:5])C([*:1])C([*:2])C([*:3])N1[*:4],[*:1]CC,[*:2]OC,[*:3]N,[*:4]CC,[*:5]OC,5.524
C1C(F)C(CC)C(OC)C(N)N1CC,C1C([*:5])C([*:1])C([*:2])C([*:3])N1[*:4],[*:1]CC,[*:2]OC,[*:3]N,[*:4]CC,[*:5]F,5.433
C1C(N)C(CC)C(OC)C(N)N1CC,C1C([*:5])C([*:1])C([*:2])C([*:3])N1[*:4],[*:1]CC,[*:2]OC,[*:3]N,[*:4]CC,[*:5]N,5.187
C1C(C)C(CC)C(OC)C(N)N1OC,C1C([*:5])C([*:1])C([*:2])C([*:3])N1[*:4],[*:1]CC,[*:2]OC,[*:3]N,[*:4]OC,[*:5]C,5.160
C1C(N)C(CC)C(OC)C(N)N1OC,C1C([*:5])C([*:1])C([*:2])C([*:3])N1[*:4],[*:1]CC,[*:2]OC,[*:3]N,[*:4]OC,[*:5]N,5.323
C1C(C)C(CC)C(OC)C(O)N1C,C1C([*:5])C([*:1])C([*:2])C([*:3])N1[*:4],[*:1]CC,[*:2]OC,[*:3]O,[*:4]C,[*:5]C,5.266
C1C(OC)C(CC)C(OC)C(O)N1C,C1C([*:5])C([*:1])C([*:2])C([*:3])N1[*:4],[*:1]CC,[*:2]OC,[*:3]O,[*:4]C,[*:5]OC,5.664
C1C(N)C(CC)C(OC)C(O)N1C,C1C([*:5])C([*:1])C([*:2])C([*:3])N1[*:4],[*:1]CC,[*:2]OC,[*:3]O,[*:4]C,[*:5]N,5.437
C1C(OC)C(CC)C(OC)C(O)N1CC,C1C([*:5])C([*:1])C([*:2])C([*:3])N1[*:4],[*:1]CC,[*:2]OC,[*:3]O,[*:4]CC,[*:5]OC,5.573
C1C(F)C(CC)C(OC)C(O)N1CC,C1C([*:5])C([*:1])C([*:2])C([*:3])N1[*:4],[*:1]CC,[*:2]OC,[*:3]O,[*:4]CC,[*:5]F,5.460
C1C(C)C(CC)C(OC)C(O)N1C(F)(F)F,C1C([*:5])C([*:1])C([*:2])C([*:3])N1[*:4],[*:1]CC,[*:2]OC,[*:3]O,[*:4]C(F)(F)F,[*:5]C,5.046
C1C(OC)C(CC)C(OC)C(O)N1OC,C1C([*:5])C([*:1])C([*:2])C([*:3])N1[*:4],[*:1]CC,[*:2]OC,[*:3]O,[*:4]OC,[*:5]OC,5.709
C1C(F)C(CC)C(OC)C(Br)N1C,C1C([*:5])C([*:1])C([*:2])C([*:3])N1[*:4],[*:1]CC,[*:2]OC,[*:3]Br,[*:4]C,[*:5]F,5.446
C1C(N)C(CC)C(OC)C(Br)N1C,C1C([*:5])C([*:1])C([*:2])C([*:3])N1[*:4],[*:1]CC,[*:2]OC,[*:3]Br,[*:4]C,[*:5]N,5.218
C1C(C)C(CC)C(OC)C(Br)N1C(F)(F)F,C1C([*:5])C([*:1])C([*:2])C([*:3])N1[*:4],[*:1]CC,[*:2]OC,[*:3]Br,[*:4]C(F)(F)F,[*:5]C,5.048
C1C(OC)C(CC)C(OC)C(Br)N1C(F)(F)F,C1C([*:5])C([*:1])C([*:2])C([*:3])N1[*:4],[*:1]CC,[*:2]OC,[*:3]Br,[*:4]C(F)(F)F,[*:5]OC,5.443
C1C(F)C(CC)C(OC)C(Br)N1OC,C1C([*:5])C([*:1])C([*:2])C([*:3])N1[*:4],[*:1]CC,[*:2]OC,[*:3]Br,[*:4]OC,[*:5]F,5.489
C1C(N)C(CC)C(OC)C(Br)N1OC,C1C([*:5])C([*:1])C([*:2])C([*:3])N1[*:4],[*:1]CC,[*:2]OC,[*:3]Br,[*:4]OC,[*:5]N,5.346
C1C(C)C(CC)C(Br)C(C)N1C,C1C([*:5])C([*:1])C([*:2])C([*:3])N1[*:4],[*:1]CC,[*:2]Br,[*:3]C,[*:4]C,[*:5]C,5.974
C1C(OC)C(CC)C(Br)C(C)N1C,C1C([*:5])C([*:1])C([*:2])C([*:3])N1[*:4],[*:1]CC,[*:2]Br,[*:3]C,[*:4]C,[*:5]OC,6.402
C1C(F)C(CC)C(Br)C(C)N1C,C1C([*:5])C([*:1])C([*:2])C([*:3])N1[*:4],[*:1]CC,[*:2]Br,[*:3]C,[*:4]C,[*:5]F,6.136
C1C(N)C(CC)C(Br)C(C)N1C,C1C([*:5])C([*:1])C([*:2])C([*:3])N1[*:4],[*:1]CC,[*:2]Br,[*:3]C,[*:4]C,[*:5]N,6.014
C1C(OC)C(CC)C(Br)C(C)N1CC,C1C([*:5])C([*:1])C([*:2])C([*:3])N1[*:4],[*:1]CC,[*:2]Br,[*:3]C,[*:4]CC,[*:5]OC,6.195
C1C(F)C(CC)C(Br)C(C)N1CC,C1C([*:5])C([*:1])C([*:2])C([*:3])N1[*:4],[*:1]CC,[*:2]Br,[*:3]C,[*:4]CC,[*:5]F,6.125
C1C(C)C(CC)C(Br)C(C)N1C(F)(F)F,C1C([*:5])C([*:1])C([*:2])C([*:3])N1[*:4],[*:1]CC,[*:2]Br,[*:3]C,[*:4]C(F)(F)F,[*:5]C,5.679
C1C(OC)C(CC)C(Br)C(C)N1C(F)(F)F,C1C([*:5])C([*:1])C([*:2])C([*:3])N1[*:4],[*:1]CC,[*:2]Br,[*:3]C,[*:4]C(F)(F)F,[*:5]OC,6.186
C1C(F)C(CC)C(Br)C(C)N1C(F)(F)F,C1C([*:5])C([*:1])C([*:2])C([*:3])N1[*:4],[*:1]CC,[*:2]Br,[*:3]C,[*:4]C(F)(F)F,[*:5]F,5.998
C1C(N)C(CC)C(Br)C(C)N1OC,C1C([*:5])C([*:1])C([*:2])C([*:3])N1[*:4],[*:1]CC,[*:2]Br,[*:3]C,[*:4]OC,[*:5]N,6.040
C1C(C)C(CC)C(Br)C(N)N1C,C1C([*:5])C([*:1])C([*:2])C([*:3])N1[*:4],[*:1]CC,[*:2]Br,[*:3]N,[*:4]C,[*:5]C,5.884
C1C(N)C(CC)C(Br)C(N)N1C,C1C([*:5])C([*:1])C([*:2])C([*:3])N1[*:4],[*:1]CC,[*:2]Br,[*:3]N,[*:4]C,[*:5]N,6.054
C1C(OC)C(CC)C(Br)C(N)N1CC,C1C([*:5])C([*:1])C([*:2])C([*:3])N1[*:4],[*:1]CC,[*:2]Br,[*:3]N,[*:4]CC,[*:5]OC,6.172
C1C(F)C(CC)C(Br)C(N)N1CC,C1C([*:5])C([*:1])C([*:2])C([*:3])N1[*:4],[*:1]CC,[*:2]Br,[*:3]N,[*:4]CC,[*:5]F,6.046
C1C(N)C(CC)C(Br)C(N)N1CC,C1C([*:5])C([*:1])C([*:2])C([*:3])N1[*:4],[*:1]CC,[*:2]Br,[*:3]N,[*:4]CC,[*:5]N,5.842
C1C(N)C(CC)C(Br)C(N)N1C(F)(F)F,C1C([*:5])C([*:1])C([*:2])C([*:3])N1[*:4],[*:1]CC,[*:2]Br,[*:3]N,[*:4]C(F)(F)F,[*:5]N,5.824
C1C(OC)C(CC)C(Br)C(N)N1OC,C1C([*:5])C([*:1])C([*:2])C([*:3])N1[*:4],[*:1]CC,[*:2]Br,[*:3]N,[*:4]OC,[*:5]OC,6.203
C1C(F)C(CC)C(Br)C(N)N1OC,C1C([*:5])C([*:1])C([*:2])C([*:3])N1[*:4],[*:1]CC,[*:2]Br,[*:3]N,[*:4]OC,[*:5]F,6.022
C1C(N)C(CC)C(Br)C(N)N1OC,C1C([*:5])C([*:1])C([*:2])C([*:3])N1[*:4],[*:1]CC,[*:2]Br,[*:3]N,[*:4]OC,[*:5]N,5.958
C1C(C)C(CC)C(Br)C(O)N1C,C1C([*:5])C([*:1])C([*:2])C([*:3])N1[*:4],[*:1]CC,[*:2]Br,[*:3]O,[*:4]C,[*:5]C,6.025
C1C(OC)C(CC)C(Br)C(O)N1C,C1C([*:5])C([*:1])C([*:2])C([*:3])N1[*:4],[*:1]CC,[*:2]Br,[*:3]O,[*:4]C,[*:5]OC,6.394
C1C(F)C(CC)C(Br)C(O)N1C,C1C([*:5])C([*:1])C([*:2])C([*:3])N1[*:4],[*:1]CC,[*:2]Br,[*:3]O,[*:4]C,[*:5]F,6.203
C1C(OC)C(CC)C(Br)C(O)N1CC,C1C([*:5])C([*:1])C([*:2])C([*:3])N1[*:4],[*:1]CC,[*:2]Br,[*:3]O,[*:4]CC,[*:5]OC,6.231
C1C(C)C(CC)C(Br)C(O)N1C(F)(F)F,C1C([*:5])C([*:1])C([*:2])C([*:3])N1[*:4],[*:1]CC,[*:2]Br,[*:3]O,[*:4]C(F)(F)F,[*:5]C,5.723
C1C(F)C(CC)C(Br)C(O)N1C(F)(F)F,C1C([*:5])C([*:1])C([*:2])C([*:3])N1[*:4],[*:1]CC,[*:2]Br,[*:3]O,[*:4]C(F)(F)F,[*:5]F,5.924
C1C(C)C(CC)C(Br)C(O)N1OC,C1C([*:5])C([*:1])C([*:2])C([*:3])N1[*:4],[*:1]CC,[*:2]Br,[*:3]O,[*:4]OC,[*:5]C,5.948
C1C(F)C(CC)C(Br)C(O)N1OC,C1C([*:5])C([*:1])C([*:2])C([*:3])N1[*:4],[*:1]CC,[*:2]Br,[*:3]O,[*:4]OC,[*:5]F,6.101
C1C(N)C(CC)C(Br)C(O)N1OC,C1C([*:5])C([*:1])C([*:2])C([*:3])N1[*:4],[*:1]CC,[*:2]Br,[*:3]O,[*:4]OC,[*:5]N,5.994
C1C(N)C(CC)C(Br)C(Br)N1C,C1C([*:5])C([*:1])C([*:2])C([*:3])N1[*:4],[*:1]CC,[*:2]Br,[*:3]Br,[*:4]C,[*:5]N,6.006
C1C(OC)C(CC)C(Br)C(Br)N1CC,C1C([*:5])C([*:1])C([*:2])C([*:3])N1[*:4],[*:1]CC,[*:2]Br,[*:3]Br,[*:4]CC,[*:5]OC,6.248
C1C(F)C(CC)C(Br)C(Br)N1CC,C1C([*:5])C([*:1])C([*:2])C([*:3])N1[*:4],[*:1]CC,[*:2]Br,[*:3]Br,[*:4]CC,[*:5]F,6.052
C1C(N)C(CC)C(Br)C(Br)N1CC,C1C([*:5])C([*:1])C([*:2])C([*:3])N1[*:4],[*:1]CC,[*:2]Br,[*:3]Br,[*:4]CC,[*:5]N,5.808
C1C(OC)C(CC)C(Br)C(Br)N1C(F)(F)F,C1C([*:5])C([*:1])C([*:2])C([*:3])N1[*:4],[*:1]CC,[*:2]Br,[*:3]Br,[*:4]C(F)(F)F,[*:5]OC,6.059
C1C(F)C(CC)C(Br)C(Br)N1C(F)(F)F,C1C([*:5])C([*:1])C([*:2])C([*:3])N1[*:4],[*:1]CC,[*:2]Br,[*:3]Br,[*:4]C(F)(F)F,[*:5]F,5.809
C1C(N)C(CC)C(Br)C(Br)N1C(F)(F)F,C1C([*:5])C([*:1])C([*:2])C([*:3])N1[*:4],[*:1]CC,[*:2]Br,[*:3]Br,[*:4]C(F)(F)F,[*:5]N,5.904
C1C(OC)C(CC)C(Br)C(Br)N1OC,C1C([*:5])C([*:1])C([*:2])C([*:3])N1[*:4],[*:1]CC,[*:2]Br,[*:3]Br,[*:4]OC,[*:5]OC,6.319
C1C(F)C(CC)C(Br)C(Br)N1OC,C1C([*:5])C([*:1])C([*:2])C([*:3])N1[*:4],[*:1]CC,[*:2]Br,[*:3]Br,[*:4]OC,[*:5]F,6.075
C1C(OC)C(CCC)C(F)C(C)N1C,C1C([*:5])C([*:1])C([*:2])C([*:3])N1[*:4],[*:1]CCC,[*:2]F,[*:3]C,[*:4]C,[*:5]OC,6.784
C1C(F)C(CCC)C(F)C(C)N1C,C1C([*:5])C([*:1])C([*:2])C([*:3])N1[*:4],[*:1]CCC,[*:2]F,[*:3]C,[*:4]C,[*:5]F,6.819
C1C(C)C(CCC)C(F)C(C)N1CC,C1C([*:5])C([*:1])C([*:2])C([*:3])N1[*:4],[*:1]CCC,[*:2]F,[*:3]C,[*:4]CC,[*:5]C,6.247
C1C(OC)C(CCC)C(F)C(C)N1CC,C1C([*:5])C([*:1])C([*:2])C([*:3])N1[*:4],[*:1]CCC,[*:2]F,[*:3]C,[*:4]CC,[*:5]OC,6.729
C1C(F)C(CCC)C(F)C(C)N1CC,C1C([*:5])C([*:1])C([*:2])C([*:3])N1[*:4],[*:1]CCC,[*:2]F,[*:3]C,[*:4]CC,[*:5]F,6.517
C1C(OC)C(CCC)C(F)C(C)N1C(F)(F)F,C1C([*:5])C([*:1])C([*:2])C([*:3])N1[*:4],[*:1]CCC,[*:2]F,[*:3]C,[*:4]C(F)(F)F,[*:5]OC,6.572
C1C(F)C(CCC)C(F)C(C)N1C(F)(F)F,C1C([*:5])C([*:1])C([*:2])C([*:3])N1[*:4],[*:1]CCC,[*:2]F,[*:3]C,[*:4]C(F)(F)F,[*:5]F,6.381
C1C(C)C(CCC)C(F)C(C)N1OC,C1C([*:5])C([*:1])C([*:2])C([*:3])N1[*:4],[*:1]CCC,[*:2]F,[*:3]C,[*:4]OC,[*:5]C,6.305
C1C(F)C(CCC)C(F)C(C)N1OC,C1C([*:5])C([*:1])C([*:2])C([*:3])N1[*:4],[*:1]CCC,[*:2]F,[*:3]C,[*:4]OC,[*:5]F,6.578
C1C(N)C(CCC)C(F)C(C)N1OC,C1C([*:5])C([*:1])C([*:2])C([*:3])N1[*:4],[*:1]CCC,[*:2]F,[*:3]C,[*:4]OC,[*:5]N,6.401
C1C(C)C(CCC)C(F)C(N)N1C,C1C([*:5])C([*:1])C([*:2])C([*:3])N1[*:4],[*:1]CCC,[*:2]F,[*:3]N,[*:4]C,[*:5]C,6.337
C1C(OC)C(CCC)C(F)C(N)N1C,C1C([*:5])C([*:1])C([*:2])C([*:3])N1[*:4],[*:1]CCC,[*:2]F,[*:3]N,[*:4]C,[*:5]OC,6.813
C1C(C)C(CCC)C(F)C(N)N1CC,C1C([*:5])C([*:1])C([*:2])C([*:3])N1[*:4],[*:1]CCC,[*:2]F,[*:3]N,[*:4]CC,[*:5]C,6.281
C1C(OC)C(CCC)C(F)C(N)N1CC,C1C([*:5])C([*:1])C([*:2])C([*:3])N1[*:4],[*:1]CCC,[*:2]F,[*:3]N,[*:4]CC,[*:5]OC,6.562
C1C(N)C(CCC)C(F)C(N)N1CC,C1C([*:5])C([*:1])C([*:2])C([*:3])N1[*:4],[*:1]CCC,[*:2]F,[*:3]N,[*:4]CC,[*:5]N,6.354
C1C(F)C(CCC)C(F)C(N)N1C(F)(F)F,C1C([*:5])C([*:1])C([*:2])C([*:3])N1[*:4],[*:1]CCC,[*:2]F,[*:3]N,[*:4]C(F)(F)F,[*:5]F,6.278
C1C(C)C(CCC)C(F)C(N)N1OC,C1C([*:5])C([*:1])C([*:2])C([*:3])N1[*:4],[*:1]CCC,[*:2]F,[*:3]N,[*:4]OC,[*:5]C,6.395
C1C(OC)C(CCC)C(F)C(N)N1OC,C1C([*:5])C([*:1])C([*:2])C([*:3])N1[*:4],[*:1]CCC,[*:2]F,[*:3]N,[*:4]OC,[*:5]OC,6.626
C1C(OC)C(CCC)C(F)C(O)N1C,C1C([*:5])C([*:1])C([*:2])C([*:3])N1[*:4],[*:1]CCC,[*:2]F,[*:3]O,[*:4]C,[*:5]OC,6.877
C1C(F)C(CCC)C(F)C(O)N1C,C1C([*:5])C([*:1])C([*:2])C([*:3])N1[*:4],[*:1]CCC,[*:2]F,[*:3]O,[*:4]C,[*:5]F,6.569
C1C(N)C(CCC)C(F)C(O)N1C,C1C([*:5])C([*:1])C([*:2])C([*:3])N1[*:4],[*:1]CCC,[*:2]F,[*:3]O,[*:4]C,[*:5]N,6.529
C1C(C)C(CCC)C(F)C(O)N1CC,C1C([*:5])C([*:1])C([*:2])C([*:3])N1[*:4],[*:1]CCC,[*:2]F,[*:3]O,[*:4]CC,[*:5]C,6.337
C1C(N)C(CCC)C(F)C(O)N1CC,C1C([*:5])C([*:1])C([*:2])C([*:3])N1[*:4],[*:1]CCC,[*:2]F,[*:3]O,[*:4]CC,[*:5]N,6.326
C1C(OC)C(CCC)C(F)C(O)N1C(F)(F)F,C1C([*:5])C([*:1])C([*:2])C([*:3])N1[*:4],[*:1]CCC,[*:2]F,[*:3]O,[*:4]C(F)(F)F,[*:5]OC,6.539
C1C(F)C(CCC)C(F)C(O)N1C(F)(F)F,C1C([*:5])C([*:1])C([*:2])C([*:3])N1[*:4],[*:1]CCC,[*:2]F,[*:3]O,[*:4]C(F)(F)F,[*:5]F,6.278
C1C(C)C(CCC)C(F)C(O)N1OC,C1C([*:5])C([*:1])C([*:2])C([*:3])N1[*:4],[*:1]CCC,[*:2]F,[*:3]O,[*:4]OC,[*:5]C,6.307
C1C(N)C(CCC)C(F)C(O)N1OC,C1C([*:5])C([*:1])C([*:2])C([*:3])N1[*:4],[*:1]CCC,[*:2]F,[*:3]O,[*:4]OC,[*:5]N,6.451
C1C(C)C(CCC)C(F)C(Br)N1C,C1C([*:5])C([*:1])C([*:2])C([*:3])N1[*:4],[*:1]CCC,[*:2]F,[*:3]Br,[*:4]C,[*:5]C,6.316
C1C(C)C(CCC)C(F)C(Br)N1CC,C1C([*:5])C([*:1])C([*:2])C([*:3])N1[*:4],[*:1]CCC,[*:2]F,[*:3]Br,[*:4]CC,[*:5]C,6.256
C1C(OC)C(CCC)C(F)C(Br)N1CC,C1C([*:5])C([*:1])C([*:2])C([*:3])N1[*:4],[*:1]CCC,[*:2]F,[*:3]Br,[*:4]CC,[*:5]OC,6.640
C1C(F)C(CCC)C(F)C(Br)N1CC,C1C([*:5])C([*:1])C([*:2])C([*:3])N1[*:4],[*:1]CCC,[*:2]F,[*:3]Br,[*:4]CC,[*:5]F,6.464
C1C(N)C(CCC)C(F)C(Br)N1CC,C1C([*:5])C([*:1])C([*:2])C([*:3])N1[*:4],[*:1]CCC,[*:2]F,[*:3]Br,[*:4]CC,[*:5]N,6.377
C1C(C)C(CCC)C(F)C(Br)N1C(F)(F)F,C1C([*:5])C([*:1])C([*:2])C([*:3])N1[*:4],[*:1]CCC,[*:2]F,[*:3]Br,[*:4]C(F)(F)F,[*:5]C,6.218
C1C(OC)C(CCC)C(F)C(Br)N1C(F)(F)F,C1C([*:5])C([*:1])C([*:2])C([*:3])N1[*:4],[*:1]CCC,[*:2]F,[*:3]Br,[*:4]C(F)(F)F,[*:5]OC,6.552
C1C(F)C(CCC)C(F)C(Br)N1C(F)(F)F,C1C([*:5])C([*:1])C([*:2])C([*:3])N1[*:4],[*:1]CCC,[*:2]F,[*:3]Br,[*:4]C(F)(F)F,[*:5]F,6.369
C1C(C)C(CCC)C(F)C(Br)N1OC,C1C([*:5])C([*:1])C([*:2])C([*:3])N1[*:4],[*:1]CCC,[*:2]F,[*:3]Br,[*:4]OC,[*:5]C,6.234
C1C(OC)C(CCC)C(F)C(Br)N1OC,C1C([*:5])C([*:1])C([*:2])C([*:3])N1[*:4],[*:1]CCC,[*:2]F,[*:3]Br,[*:4]OC,[*:5]OC,6.701
C1C(N)C(CCC)C(F)C(Br)N1OC,C1C([*:5])C([*:1])C([*:2])C([*:3])N1[*:4],[*:1]CCC,[*:2]F,[*:3]Br,[*:4]OC,[*:5]N,6.386
C1C(C)C(CCC)C(Cl)C(C)N1C,C1C([*:5])C([*:1])C([*:2])C([*:3])N1[*:4],[*:1]CCC,[*:2]Cl,[*:3]C,[*:4]C,[*:5]C,6.157
C1C(N)C(CCC)C(Cl)C(C)N1C,C1C([*:5])C([*:1])C([*:2])C([*:3])N1[*:4],[*:1]CCC,[*:2]Cl,[*:3]C,[*:4]C,[*:5]N,6.257
C1C(OC)C(CCC)C(Cl)C(C)N1CC,C1C([*:5])C([*:1])C([*:2])C([*:3])N1[*:4],[*:1]CCC,[*:2]Cl,[*:3]C,[*:4]CC,[*:5]OC,6.370
C1C(F)C(CCC)C(Cl)C(C)N1CC,C1C([*:5])C([*:1])C([*:2])C([*:3])N1[*:4],[*:1]CCC,[*:2]Cl,[*:3]C,[*:4]CC,[*:5]F,6.331
C1C(N)C(CCC)C(Cl)C(C)N1CC,C1C([*:5])C([*:1])C([*:2])C([*:3])N1[*:4],[*:1]CCC,[*:2]Cl,[*:3]C,[*:4]CC,[*:5]N,6.153
C1C(F)C(CCC)C(Cl)C(C)N1C(F)(F)F,C1C([*:5])C([*:1])C([*:2])C([*:3])N1[*:4],[*:1]CCC,[*:2]Cl,[*:3]C,[*:4]C(F)(F)F,[*:5]F,6.113
C1C(N)C(CCC)C(Cl)C(C)N1C(F)(F)F,C1C([*:5])C([*:1])C([*:2])C([*:3])N1[*:4],[*:1]CCC,[*:2]Cl,[*:3]C,[*:4]C(F)(F)F,[*:5]N,6.069
C1C(C)C(CCC)C(Cl)C(C)N1OC,C1C([*:5])C([*:1])C([*:2])C([*:3])N1[*:4],[*:1]CCC,[*:2]Cl,[*:3]C,[*:4]OC,[*:5]C,6.129
C1C(OC)C(CCC)C(Cl)C(C)N1OC,C1C([*:5])C([*:1])C([*:2])C([*:3])N1[*:4],[*:1]CCC,[*:2]Cl,[*:3]C,[*:4]OC,[*:5]OC,6.600
C1C(C)C(CCC)C(Cl)C(N)N1C,C1C([*:5])C([*:1])C([*:2])C([*:3])N1[*:4],[*:1]CCC,[*:2]Cl,[*:3]N,[*:4]C,[*:5]C,6.185
C1C(OC)C(CCC)C(Cl)C(N)N1C,C1C([*:5])C([*:1])C([*:2])C([*:3])N1[*:4],[*:1]CCC,[*:2]Cl,[*:3]N,[*:4]C,[*:5]OC,6.654
C1C(F)C(CCC)C(Cl)C(N)N1C,C1C([*:5])C([*:1])C([*:2])C([*:3])N1[*:4],[*:1]CCC,[*:2]Cl,[*:3]N,[*:4]C,[*:5]F,6.434
C1C(C)C(CCC)C(Cl)C(N)N1CC,C1C([*:5])C([*:1])C([*:2])C([*:3])N1[*:4],[*:1]CCC,[*:2]Cl,[*:3]N,[*:4]CC,[*:5]C,6.085
C1C(OC)C(CCC)C(Cl)C(N)N1CC,C1C([*:5])C([*:1])C([*:2])C([*:3])N1[*:4],[*:1]CCC,[*:2]Cl,[*:3]N,[*:4]CC,[*:5]OC,6.433
C1C(F)C(CCC)C(Cl)C(N)N1CC,C1C([*:5])C([*:1])C([*:2])C([*:3])N1[*:4],[*:1]CCC,[*:2]Cl,[*:3]N,[*:4]CC,[*:5]F,6.292
C1C(C)C(CCC)C(Cl)C(N)N1C(F)(F)F,C1C([*:5])C([*:1])C([*:2])C([*:3])N1[*:4],[*:1]CCC,[*:2]Cl,[*:3]N,[*:4]C(F)(F)F,[*:5]C,5.955
C1C(F)C(CCC)C(Cl)C(N)N1C(F)(F)F,C1C([*:5])C([*:1])C([*:2])C([*:3])N1[*:4],[*:1]CCC,[*:2]Cl,[*:3]N,[*:4]C(F)(F)F,[*:5]F,6.191
C1C(N)C(CCC)C(Cl)C(N)N1C(F)(F)F,C1C([*:5])C([*:1])C([*:2])C([*:3])N1[*:4],[*:1]CCC,[*:2]Cl,[*:3]N,[*:4]C(F)(F)F,[*:5]N,6.047
C1C(OC)C(CCC)C(Cl)C(N)N1OC,C1C([*:5])C([*:1])C([*:2])C([*:3])N1[*:4],[*:1]CCC,[*:2]Cl,[*:3]N,[*:4]OC,[*:5]OC,6.649
C1C(F)C(CCC)C(Cl)C(N)N1OC,C1C([*:5])C([*:1])C([*:2])C([*:3])N1[*:4],[*:1]CCC,[*:2]Cl,[*:3]N,[*:4]OC,[*:5]F,6.342
C1C(OC)C(CCC)C(Cl)C(O)N1C,C1C([*:5])C([*:1])C([*:2])C([*:3])N1[*:4],[*:1]CCC,[*:2]Cl,[*:3]O,[*:4]C,[*:5]OC,6.614
C1C(F)C(CCC)C(Cl)C(O)N1C,C1C([*:5])C([*:1])C([*:2])C([*:3])N1[*:4],[*:1]CCC,[*:2]Cl,[*:3]O,[*:4]C,[*:5]F,6.463
C1C(N)C(CCC)C(Cl)C(O)N1C,C1C([*:5])C([*:1])C([*:2])C([*:3])N1[*:4],[*:1]CCC,[*:2]Cl,[*:3]O,[*:4]C,[*:5]N,6.272
C1C(OC)C(CCC)C(Cl)C(O)N1CC,C1C([*:5])C([*:1])C([*:2])C([*:3])N1[*:4],[*:1]CCC,[*:2]Cl,[*:3]O,[*:4]CC,[*:5]OC,6.434
C1C(N)C(CCC)C(Cl)C(O)N1CC,C1C([*:5])C([*:1])C([*:2])C([*:3])N1[*:4],[*:1]CCC,[*:2]Cl,[*:3]O,[*:4]CC,[*:5]N,6.176
C1C(N)C(CCC)C(Cl)C(O)N1C(F)(F)F,C1C([*:5])C([*:1])C([*:2])C([*:3])N1[*:4],[*:1]CCC,[*:2]Cl,[*:3]O,[*:4]C(F)(F)F,[*:5]N,6.012
C1C(OC)C(CCC)C(Cl)C(O)N1OC,C1C([*:5])C([*:1])C([*:2])C([*:3])N1[*:4],[*:1]CCC,[*:2]Cl,[*:3]O,[*:4]OC,[*:5]OC,6.526
C1C(F)C(CCC)C(Cl)C(O)N1OC,C1C([*:5])C([*:1])C([*:2])C([*:3])N1[*:4],[*:1]CCC,[*:2]Cl,[*:3]O,[*:4]OC,[*:5]F,6.339
C1C(C)C(CCC)C(Cl)C(Br)N1C,C1C([*:5])C([*:1])C([*:2])C([*:3])N1[*:4],[*:1]CCC,[*:2]Cl,[*:3]Br,[*:4]C,[*:5]C,6.212
C1C(F)C(CCC)C(Cl)C(Br)N1C,C1C([*:5])C([*:1])C([*:2])C([*:3])N1[*:4],[*:1]CCC,[*:2]Cl,[*:3]Br,[*:4]C,[*:5]F,6.402
C1C(N)C(CCC)C(Cl)C(Br)N1C,C1C([*:5])C([*:1])C([*:2])C([*:3])N1[*:4],[*:1]CCC,[*:2]Cl,[*:3]Br,[*:4]C,[*:5]N,6.293
C1C(C)C(CCC)C(Cl)C(Br)N1CC,C1C([*:5])C([*:1])C([*:2])C([*:3])N1[*:4],[*:1]CCC,[*:2]Cl,[*:3]Br,[*:4]CC,[*:5]C,6.064
C1C(OC)C(CCC)C(Cl)C(Br)N1CC,C1C([*:5])C([*:1])C([*:2])C([*:3])N1[*:4],[*:1]CCC,[*:2]Cl,[*:3]Br,[*:4]CC,[*:5]OC,6.372
C1C(N)C(CCC)C(Cl)C(Br)N1OC,C1C([*:5])C([*:1])C([*:2])C([*:3])N1[*:4],[*:1]CCC,[*:2]Cl,[*:3]Br,[*:4]OC,[*:5]N,6.154
C1C(OC)C(CCC)C(C)C(C)N1C,C1C([*:5])C([*:1])C([*:2])C([*:3])N1[*:4],[*:1]CCC,[*:2]C,[*:3]C,[*:4]C,[*:5]OC,5.965
C1C(F)C(CCC)C(C)C(C)N1C,C1C([*:5])C([*:1])C([*:2])C([*:3])N1[*:4],[*:1]CCC,[*:2]C,[*:3]C,[*:4]C,[*:5]F,5.772
C1C(C)C(CCC)C(C)C(C)N1CC,C1C([*:5])C([*:1])C([*:2])C([*:3])N1[*:4],[*:1]CCC,[*:2]C,[*:3]C,[*:4]CC,[*:5]C,5.504
C1C(OC)C(CCC)C(C)C(C)N1CC,C1C([*:5])C([*:1])C([*:2])C([*:3])N1[*:4],[*:1]CCC,[*:2]C,[*:3]C,[*:4]CC,[*:5]OC,5.970
C1C(F)C(CCC)C(C)C(C)N1CC,C1C([*:5])C([*:1])C([*:2])C([*:3])N1[*:4],[*:1]CCC,[*:2]C,[*:3]C,[*:4]CC,[*:5]F,5.770
C1C(C)C(CCC)C(C)C(C)N1C(F)(F)F,C1C([*:5])C([*:1])C([*:2])C([*:3])N1[*:4],[*:1]CCC,[*:2]C,[*:3]C,[*:4]C(F)(F)F,[*:5]C,5.366
C1C(OC)C(CCC)C(C)C(C)N1C(F)(F)F,C1C([*:5])C([*:1])C([*:2])C([*:3])N1[*:4],[*:1]CCC,[*:2]C,[*:3]C,[*:4]C(F)(F)F,[*:5]OC,5.779
C1C(F)C(CCC)C(C)C(C)N1C(F)(F)F,C1C([*:5])C([*:1])C([*:2])C([*:3])N1[*:4],[*:1]CCC,[*:2]C,[*:3]C,[*:4]C(F)(F)F,[*:5]F,5.517
C1C(N)C(CCC)C(C)C(C)N1C(F)(F)F,C1C([*:5])C([*:1])C([*:2])C([*:3])N1[*:4],[*:1]CCC,[*:2]C,[*:3]C,[*:4]C(F)(F)F,[*:5]N,5.427
C1C(OC)C(CCC)C(C)C(C)N1OC,C1C([*:5])C([*:1])C([*:2])C([*:3])N1[*:4],[*:1]CCC,[*:2]C,[*:3]C,[*:4]OC,[*:5]OC,5.886
C1C(C)C(CCC)C(C)C(N)N1C,C1C([*:5])C([*:1])C([*:2])C([*:3])N1[*:4],[*:1]CCC,[*:2]C,[*:3]N,[*:4]C,[*:5]C,5.586
C1C(F)C(CCC)C(C)C(N)N1C,C1C([*:5])C([*:1])C([*:2])C([*:3])N1[*:4],[*:1]CCC,[*:2]C,[*:3]N,[*:4]C,[*:5]F,5.875
C1C(N)C(CCC)C(C)C(N)N1C,C1C([*:5])C([*:1])C([*:2])C([*:3])N1[*:4],[*:1]CCC,[*:2]C,[*:3]N,[*:4]C,[*:5]N,5.712
C1C(F)C(CCC)C(C)C(N)N1CC,C1C([*:5])C([*:1])C([*:2])C([*:3])N1[*:4],[*:1]CCC,[*:2]C,[*:3]N,[*:4]CC,[*:5]F,5.711
C1C(C)C(CCC)C(C)C(N)N1C(F)(F)F,C1C([*:5])C([*:1])C([*:2])C([*:3])N1[*:4],[*:1]CCC,[*:2]C,[*:3]N,[*:4]C(F)(F)F,[*:5]C,5.379
C1C(F)C(CCC)C(C)C(N)N1C(F)(F)F,C1C([*:5])C([*:1])C([*:2])C([*:3])N1[*:4],[*:1]CCC,[*:2]C,[*:3]N,[*:4]C(F)(F)F,[*:5]F,5.444
C1C(N)C(CCC)C(C)C(N)N1C(F)(F)F,C1C([*:5])C([*:1])C([*:2])C([*:3])N1[*:4],[*:1]CCC,[*:2]C,[*:3]N,[*:4]C(F)(F)F,[*:5]N,5.451
C1C(OC)C(CCC)C(C)C(O)N1C,C1C([*:5])C([*:1])C([*:2])C([*:3])N1[*:4],[*:1]CCC,[*:2]C,[*:3]O,[*:4]C,[*:5]OC,6.054
C1C(C)C(CCC)C(C)C(O)N1CC,C1C([*:5])C([*:1])C([*:2])C([*:3])N1[*:4],[*:1]CCC,[*:2]C,[*:3]O,[*:4]CC,[*:5]C,5.456
C1C(OC)C(CCC)C(C)C(O)N1CC,C1C([*:5])C([*:1])C([*:2])C([*:3])N1[*:4],[*:1]CCC,[*:2]C,[*:3]O,[*:4]CC,[*:5]OC,5.829
C1C(F)C(CCC)C(C)C(O)N1CC,C1C([*:5])C([*:1])C([*:2])C([*:3])N1[*:4],[*:1]CCC,[*:2]C,[*:3]O,[*:4]CC,[*:5]F,5.757
C1C(N)C(CCC)C(C)C(O)N1CC,C1C([*:5])C([*:1])C([*:2])C([*:3])N1[*:4],[*:1]CCC,[*:2]C,[*:3]O,[*:4]CC,[*:5]N,5.643
C1C(C)C(CCC)C(C)C(O)N1C(F)(F)F,C1C([*:5])C([*:1])C([*:2])C([*:3])N1[*:4],[*:1]CCC,[*:2]C,[*:3]O,[*:4]C(F)(F)F,[*:5]C,5.376
C1C(OC)C(CCC)C(C)C(O)N1C(F)(F)F,C1C([*:5])C([*:1])C([*:2])C([*:3])N1[*:4],[*:1]CCC,[*:2]C,[*:3]O,[*:4]C(F)(F)F,[*:5]OC,5.705
C1C(F)C(CCC)C(C)C(O)N1C(F)(F)F,C1C([*:5])C([*:1])C([*:2])C([*:3])N1[*:4],[*:1]CCC,[*:2]C,[*:3]O,[*:4]C(F)(F)F,[*:5]F,5.571
C1C(N)C(CCC)C(C)C(O)N1C(F)(F)F,C1C([*:5])C([*:1])C([*:2])C([*:3])N1[*:4],[*:1]CCC,[*:2]C,[*:3]O,[*:4]C(F)(F)F,[*:5]N,5.426
C1C(C)C(CCC)C(C)C(O)N1OC,C1C([*:5])C([*:1])C([*:2])C([*:3])N1[*:4],[*:1]CCC,[*:2]C,[*:3]O,[*:4]OC,[*:5]C,5.543
C1C(OC)C(CCC)C(C)C(O)N1OC,C1C([*:5])C([*:1])C([*:2])C([*:3])N1[*:4],[*:1]CCC,[*:2]C,[*:3]O,[*:4]OC,[*:5]OC,5.924
C1C(N)C(CCC)C(C)C(O)N1OC,C1C([*:5])C([*:1])C([*:2])C([*:3])N1[*:4],[*:1]CCC,[*:2]C,[*:3]O,[*:4]OC,[*:5]N,5.582
C1C(C)C(CCC)C(C)C(Br)N1C,C1C([*:5])C([*:1])C([*:2])C([*:3])N1[*:4],[*:1]CCC,[*:2]C,[*:3]Br,[*:4]C,[*:5]C,5.666
C1C(OC)C(CCC)C(C)C(Br)N1C,C1C([*:5])C([*:1])C([*:2])C([*:3])N1[*:4],[*:1]CCC,[*:2]C,[*:3]Br,[*:4]C,[*:5]OC,5.922
C1C(N)C(CCC)C(C)C(Br)N1C,C1C([*:5])C([*:1])C([*:2])C([*:3])N1[*:4],[*:1]CCC,[*:2]C,[*:3]Br,[*:4]C,[*:5]N,5.680
C1C(C)C(CCC)C(C)C(Br)N1CC,C1C([*:5])C([*:1])C([*:2])C([*:3])N1[*:4],[*:1]CCC,[*:2]C,[*:3]Br,[*:4]CC,[*:5]C,5.448
C1C(OC)C(CCC)C(C)C(Br)N1CC,C1C([*:5])C([*:1])C([*:2])C([*:3])N1[*:4],[*:1]CCC,[*:2]C,[*:3]Br,[*:4]CC,[*:5]OC,5.955
C1C(N)C(CCC)C(C)C(Br)N1CC,C1C([*:5])C([*:1])C([*:2])C([*:3])N1[*:4],[*:1]CCC,[*:2]C,[*:3]Br,[*:4]CC,[*:5]N,5.557
C1C(F)C(CCC)C(C)C(Br)N1C(F)(F)F,C1C([*:5])C([*:1])C([*:2])C([*:3])N1[*:4],[*:1]CCC,[*:2]C,[*:3]Br,[*:4]C(F)(F)F,[*:5]F,5.560
C1C(F)C(CCC)C(C)C(Br)N1OC,C1C([*:5])C([*:1])C([*:2])C([*:3])N1[*:4],[*:1]CCC,[*:2]C,[*:3]Br,[*:4]OC,[*:5]F,5.716
C1C(N)C(CCC)C(C)C(Br)N1OC,C1C([*:5])C([*:1])C([*:2])C([*:3])N1[*:4],[*:1]CCC,[*:2]C,[*:3]Br,[*:4]OC,[*:5]N,5.635
C1C(C)C(CCC)C(OC)C(C)N1C,C1C([*:5])C([*:1])C([*:2])C([*:3])N1[*:4],[*:1]CCC,[*:2]OC,[*:3]C,[*:4]C,[*:5]C,5.398
C1C(OC)C(CCC)C(OC)C(C)N1C,C1C([*:5])C([*:1])C([*:2])C([*:3])N1[*:4],[*:1]CCC,[*:2]OC,[*:3]C,[*:4]C,[*:5]OC,5.834
C1C(F)C(CCC)C(OC)C(C)N1C,C1C([*:5])C([*:1])C([*:2])C([*:3])N1[*:4],[*:1]CCC,[*:2]OC,[*:3]C,[*:4]C,[*:5]F,5.645
C1C(OC)C(CCC)C(OC)C(C)N1CC,C1C([*:5])C([*:1])C([*:2])C([*:3])N1[*:4],[*:1]CCC,[*:2]OC,[*:3]C,[*:4]CC,[*:5]OC,5.603
C1C(N)C(CCC)C(OC)C(C)N1CC,C1C([*:5])C([*:1])C([*:2])C([*:3])N1[*:4],[*:1]CCC,[*:2]OC,[*:3]C,[*:4]CC,[*:5]N,5.423
C1C(C)C(CCC)C(OC)C(C)N1C(F)(F)F,C1C([*:5])C([*:1])C([*:2])C([*:3])N1[*:4],[*:1]CCC,[*:2]OC,[*:3]C,[*:4]C(F)(F)F,[*:5]C,5.173
C1C(C)C(CCC)C(OC)C(C)N1OC,C1C([*:5])C([*:1])C([*:2])C([*:3])N1[*:4],[*:1]CCC,[*:2]OC,[*:3]C,[*:4]OC,[*:5]C,5.272
C1C(OC)C(CCC)C(OC)C(C)N1OC,C1C([*:5])C([*:1])C([*:2])C([*:3])N1[*:4],[*:1]CCC,[*:2]OC,[*:3]C,[*:4]OC,[*:5]OC,5.757
C1C(C)C(CCC)C(OC)C(N)N1C,C1C([*:5])C([*:1])C([*:2])C([*:3])N1[*:4],[*:1]CCC,[*:2]OC,[*:3]N,[*:4]C,[*:5]C,5.371
C1C(N)C(CCC)C(OC)C(N)N1C,C1C([*:5])C([*:1])C([*:2])C([*:3])N1[*:4],[*:1]CCC,[*:2]OC,[*:3]N,[*:4]C,[*:5]N,5.516
C1C(C)C(CCC)C(OC)C(N)N1CC,C1C([*:5])C([*:1])C([*:2])C([*:3])N1[*:4],[*:1]CCC,[*:2]OC,[*:3]N,[*:4]CC,[*:5]C,5.206
C1C(OC)C(CCC)C(OC)C(N)N1CC,C1C([*:5])C([*:1])C([*:2])C([*:3])N1[*:4],[*:1]CCC,[*:2]OC,[*:3]N,[*:4]CC,[*:5]OC,5.691
C1C(C)C(CCC)C(OC)C(N)N1C(F)(F)F,C1C([*:5])C([*:1])C([*:2])C([*:3])N1[*:4],[*:1]CCC,[*:2]OC,[*:3]N,[*:4]C(F)(F)F,[*:5]C,5.087
C1C(OC)C(CCC)C(OC)C(N)N1C(F)(F)F,C1C([*:5])C([*:1])C([*:2])C([*:3])N1[*:4],[*:1]CCC,[*:2]OC,[*:3]N,[*:4]C(F)(F)F,[*:5]OC,5.636
C1C(OC)C(CCC)C(OC)C(N)N1OC,C1C([*:5])C([*:1])C([*:2])C([*:3])N1[*:4],[*:1]CCC,[*:2]OC,[*:3]N,[*:4]OC,[*:5]OC,5.808
C1C(F)C(CCC)C(OC)C(N)N1OC,C1C([*:5])C([*:1])C([*:2])C([*:3])N1[*:4],[*:1]CCC,[*:2]OC,[*:3]N,[*:4]OC,[*:5]F,5.502
C1C(C)C(CCC)C(OC)C(O)N1C,C1C([*:5])C([*:1])C([*:2])C([*:3])N1[*:4],[*:1]CCC,[*:2]OC,[*:3]O,[*:4]C,[*:5]C,5.403
C1C(N)C(CCC)C(OC)C(O)N1C,C1C([*:5])C([*:1])C([*:2])C([*:3])N1[*:4],[*:1]CCC,[*:2]OC,[*:3]O,[*:4]C,[*:5]N,5.585
C1C(C)C(CCC)C(OC)C(O)N1CC,C1C([*:5])C([*:1])C([*:2])C([*:3])N1[*:4],[*:1]CCC,[*:2]OC,[*:3]O,[*:4]CC,[*:5]C,5.297
C1C(OC)C(CCC)C(OC)C(O)N1CC,C1C([*:5])C([*:1])C([*:2])C([*:3])N1[*:4],[*:1]CCC,[*:2]OC,[*:3]O,[*:4]CC,[*:5]OC,5.669
C1C(F)C(CCC)C(OC)C(O)N1CC,C1C([*:5])C([*:1])C([*:2])C([*:3])N1[*:4],[*:1]CCC,[*:2]OC,[*:3]O,[*:4]CC,[*:5]F,5.453
C1C(N)C(CCC)C(OC)C(O)N1CC,C1C([*:5])C([*:1])C([*:2])C([*:3])N1[*:4],[*:1]CCC,[*:2]OC,[*:3]O,[*:4]CC,[*:5]N,5.382
C1C(OC)C(CCC)C(OC)C(O)N1C(F)(F)F,C1C([*:5])C([*:1])C([*:2])C([*:3])N1[*:4],[*:1]CCC,[*:2]OC,[*:3]O,[*:4]C(F)(F)F,[*:5]OC,5.573
C1C(F)C(CCC)C(OC)C(O)N1C(F)(F)F,C1C([*:5])C([*:1])C([*:2])C([*:3])N1[*:4],[*:1]CCC,[*:2]OC,[*:3]O,[*:4]C(F)(F)F,[*:5]F,5.319
C1C(N)C(CCC)C(OC)C(O)N1C(F)(F)F,C1C([*:5])C([*:1])C([*:2])C([*:3])N1[*:4],[*:1]CCC,[*:2]OC,[*:3]O,[*:4]C(F)(F)F,[*:5]N,5.292
C1C(N)C(CCC)C(OC)C(Br)N1C,C1C([*:5])C([*:1])C([*:2])C([*:3])N1[*:4],[*:1]CCC,[*:2]OC,[*:3]Br,[*:4]C,[*:5]N,5.586
C1C(OC)C(CCC)C(OC)C(Br)N1CC,C1C([*:5])C([*:1])C([*:2])C([*:3])N1[*:4],[*:1]CCC,[*:2]OC,[*:3]Br,[*:4]CC,[*:5]OC,5.549
C1C(N)C(CCC)C(OC)C(Br)N1CC,C1C([*:5])C([*:1])C([*:2])C([*:3])N1[*:4],[*:1]CCC,[*:2]OC,[*:3]Br,[*:4]CC,[*:5]N,5.299
C1C(C)C(CCC)C(OC)C(Br)N1C(F)(F)F,C1C([*:5])C([*:1])C([*:2])C([*:3])N1[*:4],[*:1]CCC,[*:2]OC,[*:3]Br,[*:4]C(F)(F)F,[*:5]C,5.016
C1C(F)C(CCC)C(OC)C(Br)N1C(F)(F)F,C1C([*:5])C([*:1])C([*:2])C([*:3])N1[*:4],[*:1]CCC,[*:2]OC,[*:3]Br,[*:4]C(F)(F)F,[*:5]F,5.345
C1C(N)C(CCC)C(OC)C(Br)N1C(F)(F)F,C1C([*:5])C([*:1])C([*:2])C([*:3])N1[*:4],[*:1]CCC,[*:2]OC,[*:3]Br,[*:4]C(F)(F)F,[*:5]N,5.227
C1C(C)C(CCC)C(OC)C(Br)N1OC,C1C([*:5])C([*:1])C([*:2])C([*:3])N1[*:4],[*:1]CCC,[*:2]OC,[*:3]Br,[*:4]OC,[*:5]C,5.383
C1C(OC)C(CCC)C(OC)C(Br)N1OC,C1C([*:5])C([*:1])C([*:2])C([*:3])N1[*:4],[*:1]CCC,[*:2]OC,[*:3]Br,[*:4]OC,[*:5]OC,5.637
C1C(F)C(CCC)C(OC)C(Br)N1OC,C1C([*:5])C([*:1])C([*:2])C([*:3])N1[*:4],[*:1]CCC,[*:2]OC,[*:3]Br,[*:4]OC,[*:5]F,5.520
C1C(N)C(CCC)C(OC)C(Br)N1OC,C1C([*:5])C([*:1])C([*:2])C([*:3])N1[*:4],[*:1]CCC,[*:2]OC,[*:3]Br,[*:4]OC,[*:5]N,5.445
C1C(C)C(CCC)C(Br)C(C)N1C,C1C([*:5])C([*:1])C([*:2])C([*:3])N1[*:4],[*:1]CCC,[*:2]Br,[*:3]C,[*:4]C,[*:5]C,6.012
C1C(F)C(CCC)C(Br)C(C)N1C,C1C([*:5])C([*:1])C([*:2])C([*:3])N1[*:4],[*:1]CCC,[*:2]Br,[*:3]C,[*:4]C,[*:5]F,6.259
C1C(C)C(CCC)C(Br)C(C)N1CC,C1C([*:5])C([*:1])C([*:2])C([*:3])N1[*:4],[*:1]CCC,[*:2]Br,[*:3]C,[*:4]CC,[*:5]C,5.930
C1C(OC)C(CCC)C(Br)C(C)N1CC,C1C([*:5])C([*:1])C([*:2])C([*:3])N1[*:4],[*:1]CCC,[*:2]Br,[*:3]C,[*:4]CC,[*:5]OC,6.351
C1C(F)C(CCC)C(Br)C(C)N1CC,C1C([*:5])C([*:1])C([*:2])C([*:3])N1[*:4],[*:1]CCC,[*:2]Br,[*:3]C,[*:4]CC,[*:5]F,6.118
C1C(N)C(CCC)C(Br)C(C)N1CC,C1C([*:5])C([*:1])C([*:2])C([*:3])N1[*:4],[*:1]CCC,[*:2]Br,[*:3]C,[*:4]CC,[*:5]N,6.032
C1C(OC)C(CCC)C(Br)C(C)N1C(F)(F)F,C1C([*:5])C([*:1])C([*:2])C([*:3])N1[*:4],[*:1]CCC,[*:2]Br,[*:3]C,[*:4]C(F)(F)F,[*:5]OC,6.217
C1C(F)C(CCC)C(Br)C(C)N1C(F)(F)F,C1C([*:5])C([*:1])C([*:2])C([*:3])N1[*:4],[*:1]CCC,[*:2]Br,[*:3]C,[*:4]C(F)(F)F,[*:5]F,6.070
C1C(OC)C(CCC)C(Br)C(C)N1OC,C1C([*:5])C([*:1])C([*:2])C([*:3])N1[*:4],[*:1]CCC,[*:2]Br,[*:3]C,[*:4]OC,[*:5]OC,6.446
C1C(N)C(CCC)C(Br)C(C)N1OC,C1C([*:5])C([*:1])C([*:2])C([*:3])N1[*:4],[*:1]CCC,[*:2]Br,[*:3]C,[*:4]OC,[*:5]N,6.155
C1C(C)C(CCC)C(Br)C(N)N1C,C1C([*:5])C([*:1])C([*:2])C([*:3])N1[*:4],[*:1]CCC,[*:2]Br,[*:3]N,[*:4]C,[*:5]C,5.957
C1C(OC)C(CCC)C(Br)C(N)N1C,C1C([*:5])C([*:1])C([*:2])C([*:3])N1[*:4],[*:1]CCC,[*:2]Br,[*:3]N,[*:4]C,[*:5]OC,6.455
C1C(F)C(CCC)C(Br)C(N)N1C,C1C([*:5])C([*:1])C([*:2])C([*:3])N1[*:4],[*:1]CCC,[*:2]Br,[*:3]N,[*:4]C,[*:5]F,6.275
C1C(N)C(CCC)C(Br)C(N)N1C,C1C([*:5])C([*:1])C([*:2])C([*:3])N1[*:4],[*:1]CCC,[*:2]Br,[*:3]N,[*:4]C,[*:5]N,6.162
C1C(OC)C(CCC)C(Br)C(N)N1CC,C1C([*:5])C([*:1])C([*:2])C([*:3])N1[*:4],[*:1]CCC,[*:2]Br,[*:3]N,[*:4]CC,[*:5]OC,6.313
C1C(C)C(CCC)C(Br)C(N)N1C(F)(F)F,C1C([*:5])C([*:1])C([*:2])C([*:3])N1[*:4],[*:1]CCC,[*:2]Br,[*:3]N,[*:4]C(F)(F)F,[*:5]C,5.766
C1C(OC)C(CCC)C(Br)C(N)N1C(F)(F)F,C1C([*:5])C([*:1])C([*:2])C([*:3])N1[*:4],[*:1]CCC,[*:2]Br,[*:3]N,[*:4]C(F)(F)F,[*:5]OC,6.149
C1C(C)C(CCC)C(Br)C(N)N1OC,C1C([*:5])C([*:1])C([*:2])C([*:3])N1[*:4],[*:1]CCC,[*:2]Br,[*:3]N,[*:4]OC,[*:5]C,5.982
C1C(F)C(CCC)C(Br)C(N)N1OC,C1C([*:5])C([*:1])C([*:2])C([*:3])N1[*:4],[*:1]CCC,[*:2]Br,[*:3]N,[*:4]OC,[*:5]F,6.252
C1C(N)C(CCC)C(Br)C(N)N1OC,C1C([*:5])C([*:1])C([*:2])C([*:3])N1[*:4],[*:1]CCC,[*:2]Br,[*:3]N,[*:4]OC,[*:5]N,6.014
C1C(F)C(CCC)C(Br)C(O)N1C,C1C([*:5])C([*:1])C([*:2])C([*:3])N1[*:4],[*:1]CCC,[*:2]Br,[*:3]O,[*:4]C,[*:5]F,6.289
C1C(C)C(CCC)C(Br)C(O)N1CC,C1C([*:5])C([*:1])C([*:2])C([*:3])N1[*:4],[*:1]CCC,[*:2]Br,[*:3]O,[*:4]CC,[*:5]C,6.069
C1C(OC)C(CCC)C(Br)C(O)N1CC,C1C([*:5])C([*:1])C([*:2])C([*:3])N1[*:4],[*:1]CCC,[*:2]Br,[*:3]O,[*:4]CC,[*:5]OC,6.346
C1C(F)C(CCC)C(Br)C(O)N1CC,C1C([*:5])C([*:1])C([*:2])C([*:3])N1[*:4],[*:1]CCC,[*:2]Br,[*:3]O,[*:4]CC,[*:5]F,6.183
C1C(N)C(CCC)C(Br)C(O)N1CC,C1C([*:5])C([*:1])C([*:2])C([*:3])N1[*:4],[*:1]CCC,[*:2]Br,[*:3]O,[*:4]CC,[*:5]N,6.027
C1C(OC)C(CCC)C(Br)C(O)N1C(F)(F)F,C1C([*:5])C([*:1])C([*:2])C([*:3])N1[*:4],[*:1]CCC,[*:2]Br,[*:3]O,[*:4]C(F)(F)F,[*:5]OC,6.159
C1C(OC)C(CCC)C(Br)C(O)N1OC,C1C([*:5])C([*:1])C([*:2])C([*:3])N1[*:4],[*:1]CCC,[*:2]Br,[*:3]O,[*:4]OC,[*:5]OC,6.367
C1C(OC)C(CCC)C(Br)C(Br)N1C,C1C([*:5])C([*:1])C([*:2])C([*:3])N1[*:4],[*:1]CCC,[*:2]Br,[*:3]Br,[*:4]C,[*:5]OC,6.474
C1C(F)C(CCC)C(Br)C(Br)N1C,C1C([*:5])C([*:1])C([*:2])C([*:3])N1[*:4],[*:1]CCC,[*:2]Br,[*:3]Br,[*:4]C,[*:5]F,6.255
C1C(OC)C(CCC)C(Br)C(Br)N1CC,C1C([*:5])C([*:1])C([*:2])C([*:3])N1[*:4],[*:1]CCC,[*:2]Br,[*:3]Br,[*:4]CC,[*:5]OC,6.310
C1C(F)C(CCC)C(Br)C(Br)N1CC,C1C([*:5])C([*:1])C([*:2])C([*:3])N1[*:4],[*:1]CCC,[*:2]Br,[*:3]Br,[*:4]CC,[*:5]F,6.065
C1C(C)C(CCC)C(Br)C(Br)N1C(F)(F)F,C1C([*:5])C([*:1])C([*:2])C([*:3])N1[*:4],[*:1]CCC,[*:2]Br,[*:3]Br,[*:4]C(F)(F)F,[*:5]C,5.752
C1C(OC)C(CCC)C(Br)C(Br)N1C(F)(F)F,C1C([*:5])C([*:1])C([*:2])C([*:3])N1[*:4],[*:1]CCC,[*:2]Br,[*:3]Br,[*:4]C(F)(F)F,[*:5]OC,6.273
C1C(F)C(CCC)C(Br)C(Br)N1C(F)(F)F,C1C([*:5])C([*:1])C([*:2])C([*:3])N1[*:4],[*:1]CCC,[*:2]Br,[*:3]Br,[*:4]C(F)(F)F,[*:5]F,5.998
C1C(N)C(CCC)C(Br)C(Br)N1C(F)(F)F,C1C([*:5])C([*:1])C([*:2])C([*:3])N1[*:4],[*:1]CCC,[*:2]Br,[*:3]Br,[*:4]C(F)(F)F,[*:5]N,5.894
C1C(C)C(CCC)C(Br)C(Br)N1OC,C1C([*:5])C([*:1])C([*:2])C([*:3])N1[*:4],[*:1]CCC,[*:2]Br,[*:3]Br,[*:4]OC,[*:5]C,5.928
C1C(OC)C(CCC)C(Br)C(Br)N1OC,C1C([*:5])C([*:1])C([*:2])C([*:3])N1[*:4],[*:1]CCC,[*:2]Br,[*:3]Br,[*:4]OC,[*:5]OC,6.327
C1C(F)C(CCC)C(Br)C(Br)N1OC,C1C([*:5])C([*:1])C([*:2])C([*:3])N1[*:4],[*:1]CCC,[*:2]Br,[*:3]Br,[*:4]OC,[*:5]F,6.210
C1C(N)C(CCC)C(Br)C(Br)N1OC,C1C([*:5])C([*:1])C([*:2])C([*:3])N1[*:4],[*:1]CCC,[*:2]Br,[*:3]Br,[*:4]OC,[*:5]N,6.076
C1C(C)C(OC)C(F)C(C)N1C,C1C([*:5])C([*:1])C([*:2])C([*:3])N1[*:4],[*:1]OC,[*:2]F,[*:3]C,[*:4]C,[*:5]C,5.968
C1C(OC)C(OC)C(F)C(C)N1C,C1C([*:5])C([*:1])C([*:2])C([*:3])N1[*:4],[*:1]OC,[*:2]F,[*:3]C,[*:4]C,[*:5]OC,6.375
C1C(F)C(OC)C(F)C(C)N1C,C1C([*:5])C([*:1])C([*:2])C([*:3])N1[*:4],[*:1]OC,[*:2]F,[*:3]C,[*:4]C,[*:5]F,6.166
C1C(C)C(OC)C(F)C(C)N1CC,C1C([*:5])C([*:1])C([*:2])C([*:3])N1[*:4],[*:1]OC,[*:2]F,[*:3]C,[*:4]CC,[*:5]C,5.919
C1C(C)C(OC)C(F)C(C)N1C(F)(F)F,C1C([*:5])C([*:1])C([*:2])C([*:3])N1[*:4],[*:1]OC,[*:2]F,[*:3]C,[*:4]C(F)(F)F,[*:5]C,5.771
C1C(OC)C(OC)C(F)C(C)N1C(F)(F)F,C1C([*:5])C([*:1])C([*:2])C([*:3])N1[*:4],[*:1]OC,[*:2]F,[*:3]C,[*:4]C(F)(F)F,[*:5]OC,6.161
C1C(N)C(OC)C(F)C(C)N1OC,C1C([*:5])C([*:1])C([*:2])C([*:3])N1[*:4],[*:1]OC,[*:2]F,[*:3]C,[*:4]OC,[*:5]N,5.931
C1C(C)C(OC)C(F)C(N)N1C,C1C([*:5])C([*:1])C([*:2])C([*:3])N1[*:4],[*:1]OC,[*:2]F,[*:3]N,[*:4]C,[*:5]C,5.884
C1C(F)C(OC)C(F)C(N)N1C,C1C([*:5])C([*:1])C([*:2])C([*:3])N1[*:4],[*:1]OC,[*:2]F,[*:3]N,[*:4]C,[*:5]F,6.093
C1C(C)C(OC)C(F)C(N)N1CC,C1C([*:5])C([*:1])C([*:2])C([*:3])N1[*:4],[*:1]OC,[*:2]F,[*:3]N,[*:4]CC,[*:5]C,5.760
C1C(N)C(OC)C(F)C(N)N1CC,C1C([*:5])C([*:1])C([*:2])C([*:3])N1[*:4],[*:1]OC,[*:2]F,[*:3]N,[*:4]CC,[*:5]N,5.793
C1C(C)C(OC)C(F)C(N)N1C(F)(F)F,C1C([*:5])C([*:1])C([*:2])C([*:3])N1[*:4],[*:1]OC,[*:2]F,[*:3]N,[*:4]C(F)(F)F,[*:5]C,5.773
C1C(OC)C(OC)C(F)C(N)N1C(F)(F)F,C1C([*:5])C([*:1])C([*:2])C([*:3])N1[*:4],[*:1]OC,[*:2]F,[*:3]N,[*:4]C(F)(F)F,[*:5]OC,6.078
C1C(C)C(OC)C(F)C(N)N1OC,C1C([*:5])C([*:1])C([*:2])C([*:3])N1[*:4],[*:1]OC,[*:2]F,[*:3]N,[*:4]OC,[*:5]C,5.975
C1C(OC)C(OC)C(F)C(N)N1OC,C1C([*:5])C([*:1])C([*:2])C([*:3])N1[*:4],[*:1]OC,[*:2]F,[*:3]N,[*:4]OC,[*:5]OC,6.198
C1C(N)C(OC)C(F)C(N)N1OC,C1C([*:5])C([*:1])C([*:2])C([*:3])N1[*:4],[*:1]OC,[*:2]F,[*:3]N,[*:4]OC,[*:5]N,5.952
C1C(C)C(OC)C(F)C(O)N1C,C1C([*:5])C([*:1])C([*:2])C([*:3])N1[*:4],[*:1]OC,[*:2]F,[*:3]O,[*:4]C,[*:5]C,5.924
C1C(OC)C(OC)C(F)C(O)N1C,C1C([*:5])C([*:1])C([*:2])C([*:3])N1[*:4],[*:1]OC,[*:2]F,[*:3]O,[*:4]C,[*:5]OC,6.334
C1C(C)C(OC)C(F)C(O)N1CC,C1C([*:5])C([*:1])C([*:2])C([*:3])N1[*:4],[*:1]OC,[*:2]F,[*:3]O,[*:4]CC,[*:5]C,5.750
C1C(C)C(OC)C(F)C(O)N1C(F)(F)F,C1C([*:5])C([*:1])C([*:2])C([*:3])N1[*:4],[*:1]OC,[*:2]F,[*:3]O,[*:4]C(F)(F)F,[*:5]C,5.716
C1C(OC)C(OC)C(F)C(O)N1C(F)(F)F,C1C([*:5])C([*:1])C([*:2])C([*:3])N1[*:4],[*:1]OC,[*:2]F,[*:3]O,[*:4]C(F)(F)F,[*:5]OC,6.131
C1C(F)C(OC)C(F)C(Br)N1C,C1C([*:5])C([*:1])C([*:2])C([*:3])N1[*:4],[*:1]OC,[*:2]F,[*:3]Br,[*:4]C,[*:5]F,6.198
C1C(N)C(OC)C(F)C(Br)N1C,C1C([*:5])C([*:1])C([*:2])C([*:3])N1[*:4],[*:1]OC,[*:2]F,[*:3]Br,[*:4]C,[*:5]N,6.032
C1C(C)C(OC)C(F)C(Br)N1CC,C1C([*:5])C([*:1])C([*:2])C([*:3])N1[*:4],[*:1]OC,[*:2]F,[*:3]Br,[*:4]CC,[*:5]C,5.810
C1C(N)C(OC)C(F)C(Br)N1CC,C1C([*:5])C([*:1])C([*:2])C([*:3])N1[*:4],[*:1]OC,[*:2]F,[*:3]Br,[*:4]CC,[*:5]N,5.764
C1C(C)C(OC)C(F)C(Br)N1C(F)(F)F,C1C([*:5])C([*:1])C([*:2])C([*:3])N1[*:4],[*:1]OC,[*:2]F,[*:3]Br,[*:4]C(F)(F)F,[*:5]C,5.671
C1C(N)C(OC)C(F)C(Br)N1C(F)(F)F,C1C([*:5])C([*:1])C([*:2])C([*:3])N1[*:4],[*:1]OC,[*:2]F,[*:3]Br,[*:4]C(F)(F)F,[*:5]N,5.792
C1C(N)C(OC)C(F)C(Br)N1OC,C1C([*:5])C([*:1])C([*:2])C([*:3])N1[*:4],[*:1]OC,[*:2]F,[*:3]Br,[*:4]OC,[*:5]N,6.005
C1C(C)C(OC)C(Cl)C(C)N1C,C1C([*:5])C([*:1])C([*:2])C([*:3])N1[*:4],[*:1]OC,[*:2]Cl,[*:3]C,[*:4]C,[*:5]C,5.743
C1C(OC)C(OC)C(Cl)C(C)N1C,C1C([*:5])C([*:1])C([*:2])C([*:3])N1[*:4],[*:1]OC,[*:2]Cl,[*:3]C,[*:4]C,[*:5]OC,6.032
C1C(N)C(OC)C(Cl)C(C)N1C,C1C([*:5])C([*:1])C([*:2])C([*:3])N1[*:4],[*:1]OC,[*:2]Cl,[*:3]C,[*:4]C,[*:5]N,5.785
C1C(C)C(OC)C(Cl)C(C)N1CC,C1C([*:5])C([*:1])C([*:2])C([*:3])N1[*:4],[*:1]OC,[*:2]Cl,[*:3]C,[*:4]CC,[*:5]C,5.708
C1C(OC)C(OC)C(Cl)C(C)N1CC,C1C([*:5])C([*:1])C([*:2])C([*:3])N1[*:4],[*:1]OC,[*:2]Cl,[*:3]C,[*:4]CC,[*:5]OC,5.946
C1C(F)C(OC)C(Cl)C(C)N1CC,C1C([*:5])C([*:1])C([*:2])C([*:3])N1[*:4],[*:1]OC,[*:2]Cl,[*:3]C,[*:4]CC,[*:5]F,5.839
C1C(OC)C(OC)C(Cl)C(C)N1C(F)(F)F,C1C([*:5])C([*:1])C([*:2])C([*:3])N1[*:4],[*:1]OC,[*:2]Cl,[*:3]C,[*:4]C(F)(F)F,[*:5]OC,5.820
C1C(F)C(OC)C(Cl)C(C)N1C(F)(F)F,C1C([*:5])C([*:1])C([*:2])C([*:3])N1[*:4],[*:1]OC,[*:2]Cl,[*:3]C,[*:4]C(F)(F)F,[*:5]F,5.712
C1C(N)C(OC)C(Cl)C(C)N1OC,C1C([*:5])C([*:1])C([*:2])C([*:3])N1[*:4],[*:1]OC,[*:2]Cl,[*:3]C,[*:4]OC,[*:5]N,5.733
C1C(OC)C(OC)C(Cl)C(N)N1C,C1C([*:5])C([*:1])C([*:2])C([*:3])N1[*:4],[*:1]OC,[*:2]Cl,[*:3]N,[*:4]C,[*:5]OC,6.061
C1C(OC)C(OC)C(Cl)C(N)N1CC,C1C([*:5])C([*:1])C([*:2])C([*:3])N1[*:4],[*:1]OC,[*:2]Cl,[*:3]N,[*:4]CC,[*:5]OC,6.051
C1C(C)C(OC)C(Cl)C(N)N1C(F)(F)F,C1C([*:5])C([*:1])C([*:2])C([*:3])N1[*:4],[*:1]OC,[*:2]Cl,[*:3]N,[*:4]C(F)(F)F,[*:5]C,5.535
C1C(OC)C(OC)C(Cl)C(N)N1C(F)(F)F,C1C([*:5])C([*:1])C([*:2])C([*:3])N1[*:4],[*:1]OC,[*:2]Cl,[*:3]N,[*:4]C(F)(F)F,[*:5]OC,5.802
C1C(F)C(OC)C(Cl)C(N)N1C(F)(F)F,C1C([*:5])C([*:1])C([*:2])C([*:3])N1[*:4],[*:1]OC,[*:2]Cl,[*:3]N,[*:4]C(F)(F)F,[*:5]F,5.796
C1C(C)C(OC)C(Cl)C(N)N1OC,C1C([*:5])C([*:1])C([*:2])C([*:3])N1[*:4],[*:1]OC,[*:2]Cl,[*:3]N,[*:4]OC,[*:5]C,5.612
C1C(OC)C(OC)C(Cl)C(N)N1OC,C1C([*:5])C([*:1])C([*:2])C([*:3])N1[*:4],[*:1]OC,[*:2]Cl,[*:3]N,[*:4]OC,[*:5]OC,6.090
C1C(F)C(OC)C(Cl)C(N)N1OC,C1C([*:5])C([*:1])C([*:2])C([*:3])N1[*:4],[*:1]OC,[*:2]Cl,[*:3]N,[*:4]OC,[*:5]F,6.004
C1C(N)C(OC)C(Cl)C(N)N1OC,C1C([*:5])C([*:1])C([*:2])C([*:3])N1[*:4],[*:1]OC,[*:2]Cl,[*:3]N,[*:4]OC,[*:5]N,5.694
C1C(F)C(OC)C(Cl)C(O)N1C,C1C([*:5])C([*:1])C([*:2])C([*:3])N1[*:4],[*:1]OC,[*:2]Cl,[*:3]O,[*:4]C,[*:5]F,5.946
C1C(OC)C(OC)C(Cl)C(O)N1CC,C1C([*:5])C([*:1])C([*:2])C([*:3])N1[*:4],[*:1]OC,[*:2]Cl,[*:3]O,[*:4]CC,[*:5]OC,5.987
C1C(F)C(OC)C(Cl)C(O)N1CC,C1C([*:5])C([*:1])C([*:2])C([*:3])N1[*:4],[*:1]OC,[*:2]Cl,[*:3]O,[*:4]CC,[*:5]F,5.865
C1C(OC)C(OC)C(Cl)C(O)N1C(F)(F)F,C1C([*:5])C([*:1])C([*:2])C([*:3])N1[*:4],[*:1]OC,[*:2]Cl,[*:3]O,[*:4]C(F)(F)F,[*:5]OC,5.926
C1C(N)C(OC)C(Cl)C(O)N1C(F)(F)F,C1C([*:5])C([*:1])C([*:2])C([*:3])N1[*:4],[*:1]OC,[*:2]Cl,[*:3]O,[*:4]C(F)(F)F,[*:5]N,5.657
C1C(C)C(OC)C(Cl)C(O)N1OC,C1C([*:5])C([*:1])C([*:2])C([*:3])N1[*:4],[*:1]OC,[*:2]Cl,[*:3]O,[*:4]OC,[*:5]C,5.661
C1C(OC)C(OC)C(Cl)C(O)N1OC,C1C([*:5])C([*:1])C([*:2])C([*:3])N1[*:4],[*:1]OC,[*:2]Cl,[*:3]O,[*:4]OC,[*:5]OC,6.101
C1C(F)C(OC)C(Cl)C(O)N1OC,C1C([*:5])C([*:1])C([*:2])C([*:3])N1[*:4],[*:1]OC,[*:2]Cl,[*:3]O,[*:4]OC,[*:5]F,5.944
C1C(N)C(OC)C(Cl)C(O)N1OC,C1C([*:5])C([*:1])C([*:2])C([*:3])N1[*:4],[*:1]OC,[*:2]Cl,[*:3]O,[*:4]OC,[*:5]N,5.820
C1C(C)C(OC)C(Cl)C(Br)N1C,C1C([*:5])C([*:1])C([*:2])C([*:3])N1[*:4],[*:1]OC,[*:2]Cl,[*:3]Br,[*:4]C,[*:5]C,5.705
C1C(OC)C(OC)C(Cl)C(Br)N1C,C1C([*:5])C([*:1])C([*:2])C([*:3])N1[*:4],[*:1]OC,[*:2]Cl,[*:3]Br,[*:4]C,[*:5]OC,6.018
C1C(F)C(OC)C(Cl)C(Br)N1C,C1C([*:5])C([*:1])C([*:2])C([*:3])N1[*:4],[*:1]OC,[*:2]Cl,[*:3]Br,[*:4]C,[*:5]F,5.892
C1C(N)C(OC)C(Cl)C(Br)N1C,C1C([*:5])C([*:1])C([*:2])C([*:3])N1[*:4],[*:1]OC,[*:2]Cl,[*:3]Br,[*:4]C,[*:5]N,5.831
C1C(C)C(OC)C(Cl)C(Br)N1CC,C1C([*:5])C([*:1])C([*:2])C([*:3])N1[*:4],[*:1]OC,[*:2]Cl,[*:3]Br,[*:4]CC,[*:5]C,5.626
C1C(F)C(OC)C(Cl)C(Br)N1CC,C1C([*:5])C([*:1])C([*:2])C([*:3])N1[*:4],[*:1]OC,[*:2]Cl,[*:3]Br,[*:4]CC,[*:5]F,5.818
C1C(N)C(OC)C(Cl)C(Br)N1CC,C1C([*:5])C([*:1])C([*:2])C([*:3])N1[*:4],[*:1]OC,[*:2]Cl,[*:3]Br,[*:4]CC,[*:5]N,5.745
C1C(N)C(OC)C(Cl)C(Br)N1C(F)(F)F,C1C([*:5])C([*:1])C([*:2])C([*:3])N1[*:4],[*:1]OC,[*:2]Cl,[*:3]Br,[*:4]C(F)(F)F,[*:5]N,5.711
C1C(C)C(OC)C(Cl)C(Br)N1OC,C1C([*:5])C([*:1])C([*:2])C([*:3])N1[*:4],[*:1]OC,[*:2]Cl,[*:3]Br,[*:4]OC,[*:5]C,5.621
C1C(OC)C(OC)C(Cl)C(Br)N1OC,C1C([*:5])C([*:1])C([*:2])C([*:3])N1[*:4],[*:1]OC,[*:2]Cl,[*:3]Br,[*:4]OC,[*:5]OC,6.054
C1C(N)C(OC)C(Cl)C(Br)N1OC,C1C([*:5])C([*:1])C([*:2])C([*:3])N1[*:4],[*:1]OC,[*:2]Cl,[*:3]Br,[*:4]OC,[*:5]N,5.786
C1C(OC)C(OC)C(C)C(C)N1C,C1C([*:5])C([*:1])C([*:2])C([*:3])N1[*:4],[*:1]OC,[*:2]C,[*:3]C,[*:4]C,[*:5]OC,5.570
C1C(N)C(OC)C(C)C(C)N1C,C1C([*:5])C([*:1])C([*:2])C([*:3])N1[*:4],[*:1]OC,[*:2]C,[*:3]C,[*:4]C,[*:5]N,5.282
C1C(OC)C(OC)C(C)C(C)N1CC,C1C([*:5])C([*:1])C([*:2])C([*:3])N1[*:4],[*:1]OC,[*:2]C,[*:3]C,[*:4]CC,[*:5]OC,5.453
C1C(C)C(OC)C(C)C(C)N1C(F)(F)F,C1C([*:5])C([*:1])C([*:2])C([*:3])N1[*:4],[*:1]OC,[*:2]C,[*:3]C,[*:4]C(F)(F)F,[*:5]C,4.854
C1C(F)C(OC)C(C)C(C)N1C(F)(F)F,C1C([*:5])C([*:1])C([*:2])C([*:3])N1[*:4],[*:1]OC,[*:2]C,[*:3]C,[*:4]C(F)(F)F,[*:5]F,5.106
C1C(C)C(OC)C(C)C(C)N1OC,C1C([*:5])C([*:1])C([*:2])C([*:3])N1[*:4],[*:1]OC,[*:2]C,[*:3]C,[*:4]OC,[*:5]C,5.112
C1C(OC)C(OC)C(C)C(C)N1OC,C1C([*:5])C([*:1])C([*:2])C([*:3])N1[*:4],[*:1]OC,[*:2]C,[*:3]C,[*:4]OC,[*:5]OC,5.522
C1C(C)C(OC)C(C)C(N)N1C,C1C([*:5])C([*:1])C([*:2])C([*:3])N1[*:4],[*:1]OC,[*:2]C,[*:3]N,[*:4]C,[*:5]C,5.193
C1C(F)C(OC)C(C)C(N)N1C,C1C([*:5])C([*:1])C([*:2])C([*:3])N1[*:4],[*:1]OC,[*:2]C,[*:3]N,[*:4]C,[*:5]F,5.292
C1C(N)C(OC)C(C)C(N)N1C,C1C([*:5])C([*:1])C([*:2])C([*:3])N1[*:4],[*:1]OC,[*:2]C,[*:3]N,[*:4]C,[*:5]N,5.204
C1C(C)C(OC)C(C)C(N)N1CC,C1C([*:5])C([*:1])C([*:2])C([*:3])N1[*:4],[*:1]OC,[*:2]C,[*:3]N,[*:4]CC,[*:5]C,4.991
C1C(OC)C(OC)C(C)C(N)N1CC,C1C([*:5])C([*:1])C([*:2])C([*:3])N1[*:4],[*:1]OC,[*:2]C,[*:3]N,[*:4]CC,[*:5]OC,5.442
C1C(N)C(OC)C(C)C(N)N1CC,C1C([*:5])C([*:1])C([*:2])C([*:3])N1[*:4],[*:1]OC,[*:2]C,[*:3]N,[*:4]CC,[*:5]N,5.084
C1C(OC)C(OC)C(C)C(N)N1C(F)(F)F,C1C([*:5])C([*:1])C([*:2])C([*:3])N1[*:4],[*:1]OC,[*:2]C,[*:3]N,[*:4]C(F)(F)F,[*:5]OC,5.317
C1C(N)C(OC)C(C)C(N)N1C(F)(F)F,C1C([*:5])C([*:1])C([*:2])C([*:3])N1[*:4],[*:1]OC,[*:2]C,[*:3]N,[*:4]C(F)(F)F,[*:5]N,5.057
C1C(F)C(OC)C(C)C(N)N1OC,C1C([*:5])C([*:1])C([*:2])C([*:3])N1[*:4],[*:1]OC,[*:2]C,[*:3]N,[*:4]OC,[*:5]F,5.335
C1C(N)C(OC)C(C)C(N)N1OC,C1C([*:5])C([*:1])C([*:2])C([*:3])N1[*:4],[*:1]OC,[*:2]C,[*:3]N,[*:4]OC,[*:5]N,5.171
C1C(OC)C(OC)C(C)C(O)N1C,C1C([*:5])C([*:1])C([*:2])C([*:3])N1[*:4],[*:1]OC,[*:2]C,[*:3]O,[*:4]C,[*:5]OC,5.461
C1C(F)C(OC)C(C)C(O)N1CC,C1C([*:5])C([*:1])C([*:2])C([*:3])N1[*:4],[*:1]OC,[*:2]C,[*:3]O,[*:4]CC,[*:5]F,5.246
C1C(N)C(OC)C(C)C(O)N1CC,C1C([*:5])C([*:1])C([*:2])C([*:3])N1[*:4],[*:1]OC,[*:2]C,[*:3]O,[*:4]CC,[*:5]N,5.109
C1C(OC)C(OC)C(C)C(O)N1C(F)(F)F,C1C([*:5])C([*:1])C([*:2])C([*:3])N1[*:4],[*:1]OC,[*:2]C,[*:3]O,[*:4]C(F)(F)F,[*:5]OC,5.373
C1C(F)C(OC)C(C)C(O)N1C(F)(F)F,C1C([*:5])C([*:1])C([*:2])C([*:3])N1[*:4],[*:1]OC,[*:2]C,[*:3]O,[*:4]C(F)(F)F,[*:5]F,5.125
C1C(N)C(OC)C(C)C(O)N1C(F)(F)F,C1C([*:5])C([*:1])C([*:2])C([*:3])N1[*:4],[*:1]OC,[*:2]C,[*:3]O,[*:4]C(F)(F)F,[*:5]N,5.059
C1C(C)C(OC)C(C)C(O)N1OC,C1C([*:5])C([*:1])C([*:2])C([*:3])N1[*:4],[*:1]OC,[*:2]C,[*:3]O,[*:4]OC,[*:5]C,5.057
C1C(N)C(OC)C(C)C(O)N1OC,C1C([*:5])C([*:1])C([*:2])C([*:3])N1[*:4],[*:1]OC,[*:2]C,[*:3]O,[*:4]OC,[*:5]N,5.207
C1C(F)C(OC)C(C)C(Br)N1C,C1C([*:5])C([*:1])C([*:2])C([*:3])N1[*:4],[*:1]OC,[*:2]C,[*:3]Br,[*:4]C,[*:5]F,5.300
C1C(OC)C(OC)C(C)C(Br)N1CC,C1C([*:5])C([*:1])C([*:2])C([*:3])N1[*:4],[*:1]OC,[*:2]C,[*:3]Br,[*:4]CC,[*:5]OC,5.368
C1C(C)C(OC)C(C)C(Br)N1C(F)(F)F,C1C([*:5])C([*:1])C([*:2])C([*:3])N1[*:4],[*:1]OC,[*:2]C,[*:3]Br,[*:4]C(F)(F)F,[*:5]C,4.916
C1C(F)C(OC)C(C)C(Br)N1C(F)(F)F,C1C([*:5])C([*:1])C([*:2])C([*:3])N1[*:4],[*:1]OC,[*:2]C,[*:3]Br,[*:4]C(F)(F)F,[*:5]F,5.132
C1C(N)C(OC)C(C)C(Br)N1C(F)(F)F,C1C([*:5])C([*:1])C([*:2])C([*:3])N1[*:4],[*:1]OC,[*:2]C,[*:3]Br,[*:4]C(F)(F)F,[*:5]N,4.953
C1C(C)C(OC)C(C)C(Br)N1OC,C1C([*:5])C([*:1])C([*:2])C([*:3])N1[*:4],[*:1]OC,[*:2]C,[*:3]Br,[*:4]OC,[*:5]C,5.081
C1C(OC)C(OC)C(C)C(Br)N1OC,C1C([*:5])C([*:1])C([*:2])C([*:3])N1[*:4],[*:1]OC,[*:2]C,[*:3]Br,[*:4]OC,[*:5]OC,5.535
C1C(F)C(OC)C(C)C(Br)N1OC,C1C([*:5])C([*:1])C([*:2])C([*:3])N1[*:4],[*:1]OC,[*:2]C,[*:3]Br,[*:4]OC,[*:5]F,5.255
C1C(C)C(OC)C(OC)C(C)N1C,C1C([*:5])C([*:1])C([*:2])C([*:3])N1[*:4],[*:1]OC,[*:2]OC,[*:3]C,[*:4]C,[*:5]C,4.977
C1C(OC)C(OC)C(OC)C(C)N1C,C1C([*:5])C([*:1])C([*:2])C([*:3])N1[*:4],[*:1]OC,[*:2]OC,[*:3]C,[*:4]C,[*:5]OC,5.358
C1C(N)C(OC)C(OC)C(C)N1C,C1C([*:5])C([*:1])C([*:2])C([*:3])N1[*:4],[*:1]OC,[*:2]OC,[*:3]C,[*:4]C,[*:5]N,5.039
C1C(C)C(OC)C(OC)C(C)N1CC,C1C([*:5])C([*:1])C([*:2])C([*:3])N1[*:4],[*:1]OC,[*:2]OC,[*:3]C,[*:4]CC,[*:5]C,4.868
C1C(N)C(OC)C(OC)C(C)N1CC,C1C([*:5])C([*:1])C([*:2])C([*:3])N1[*:4],[*:1]OC,[*:2]OC,[*:3]C,[*:4]CC,[*:5]N,4.985
C1C(N)C(OC)C(OC)C(C)N1C(F)(F)F,C1C([*:5])C([*:1])C([*:2])C([*:3])N1[*:4],[*:1]OC,[*:2]OC,[*:3]C,[*:4]C(F)(F)F,[*:5]N,4.815
C1C(C)C(OC)C(OC)C(C)N1OC,C1C([*:5])C([*:1])C([*:2])C([*:3])N1[*:4],[*:1]OC,[*:2]OC,[*:3]C,[*:4]OC,[*:5]C,4.862
C1C(F)C(OC)C(OC)C(C)N1OC,C1C([*:5])C([*:1])C([*:2])C([*:3])N1[*:4],[*:1]OC,[*:2]OC,[*:3]C,[*:4]OC,[*:5]F,5.005
C1C(N)C(OC)C(OC)C(C)N1OC,C1C([*:5])C([*:1])C([*:2])C([*:3])N1[*:4],[*:1]OC,[*:2]OC,[*:3]C,[*:4]OC,[*:5]N,4.979
C1C(F)C(OC)C(OC)C(N)N1C,C1C([*:5])C([*:1])C([*:2])C([*:3])N1[*:4],[*:1]OC,[*:2]OC,[*:3]N,[*:4]C,[*:5]F,5.011
C1C(N)C(OC)C(OC)C(N)N1C,C1C([*:5])C([*:1])C([*:2])C([*:3])N1[*:4],[*:1]OC,[*:2]OC,[*:3]N,[*:4]C,[*:5]N,5.088
C1C(C)C(OC)C(OC)C(N)N1CC,C1C([*:5])C([*:1])C([*:2])C([*:3])N1[*:4],[*:1]OC,[*:2]OC,[*:3]N,[*:4]CC,[*:5]C,4.854
C1C(OC)C(OC)C(OC)C(N)N1CC,C1C([*:5])C([*:1])C([*:2])C([*:3])N1[*:4],[*:1]OC,[*:2]OC,[*:3]N,[*:4]CC,[*:5]OC,5.227
C1C(N)C(OC)C(OC)C(N)N1CC,C1C([*:5])C([*:1])C([*:2])C([*:3])N1[*:4],[*:1]OC,[*:2]OC,[*:3]N,[*:4]CC,[*:5]N,4.951
C1C(C)C(OC)C(OC)C(N)N1C(F)(F)F,C1C([*:5])C([*:1])C([*:2])C([*:3])N1[*:4],[*:1]OC,[*:2]OC,[*:3]N,[*:4]C(F)(F)F,[*:5]C,4.700
C1C(N)C(OC)C(OC)C(N)N1C(F)(F)F,C1C([*:5])C([*:1])C([*:2])C([*:3])N1[*:4],[*:1]OC,[*:2]OC,[*:3]N,[*:4]C(F)(F)F,[*:5]N,4.828
C1C(C)C(OC)C(OC)C(N)N1OC,C1C([*:5])C([*:1])C([*:2])C([*:3])N1[*:4],[*:1]OC,[*:2]OC,[*:3]N,[*:4]OC,[*:5]C,4.889
C1C(OC)C(OC)C(OC)C(N)N1OC,C1C([*:5])C([*:1])C([*:2])C([*:3])N1[*:4],[*:1]OC,[*:2]OC,[*:3]N,[*:4]OC,[*:5]OC,5.234
C1C(F)C(OC)C(OC)C(O)N1C,C1C([*:5])C([*:1])C([*:2])C([*:3])N1[*:4],[*:1]OC,[*:2]OC,[*:3]O,[*:4]C,[*:5]F,5.146
C1C(N)C(OC)C(OC)C(O)N1C,C1C([*:5])C([*:1])C([*:2])C([*:3])N1[*:4],[*:1]OC,[*:2]OC,[*:3]O,[*:4]C,[*:5]N,5.077
C1C(F)C(OC)C(OC)C(O)N1CC,C1C([*:5])C([*:1])C([*:2])C([*:3])N1[*:4],[*:1]OC,[*:2]OC,[*:3]O,[*:4]CC,[*:5]F,4.984
C1C(N)C(OC)C(OC)C(O)N1CC,C1C([*:5])C([*:1])C([*:2])C([*:3])N1[*:4],[*:1]OC,[*:2]OC,[*:3]O,[*:4]CC,[*:5]N,4.921
C1C(F)C(OC)C(OC)C(O)N1C(F)(F)F,C1C([*:5])C([*:1])C([*:2])C([*:3])N1[*:4],[*:1]OC,[*:2]OC,[*:3]O,[*:4]C(F)(F)F,[*:5]F,4.889
C1C(N)C(OC)C(OC)C(O)N1C(F)(F)F,C1C([*:5])C([*:1])C([*:2])C([*:3])N1[*:4],[*:1]OC,[*:2]OC,[*:3]O,[*:4]C(F)(F)F,[*:5]N,4.869
C1C(N)C(OC)C(OC)C(O)N1OC,C1C([*:5])C([*:1])C([*:2])C([*:3])N1[*:4],[*:1]OC,[*:2]OC,[*:3]O,[*:4]OC,[*:5]N,5.070
C1C(C)C(OC)C(OC)C(Br)N1C,C1C([*:5])C([*:1])C([*:2])C([*:3])N1[*:4],[*:1]OC,[*:2]OC,[*:3]Br,[*:4]C,[*:5]C,4.914
C1C(OC)C(OC)C(OC)C(Br)N1C,C1C([*:5])C([*:1])C([*:2])C([*:3])N1[*:4],[*:1]OC,[*:2]OC,[*:3]Br,[*:4]C,[*:5]OC,5.272
C1C(N)C(OC)C(OC)C(Br)N1C,C1C([*:5])C([*:1])C([*:2])C([*:3])N1[*:4],[*:1]OC,[*:2]OC,[*:3]Br,[*:4]C,[*:5]N,5.058
C1C(C)C(OC)C(OC)C(Br)N1CC,C1C([*:5])C([*:1])C([*:2])C([*:3])N1[*:4],[*:1]OC,[*:2]OC,[*:3]Br,[*:4]CC,[*:5]C,4.900
C1C(OC)C(OC)C(OC)C(Br)N1CC,C1C([*:5])C([*:1])C([*:2])C([*:3])N1[*:4],[*:1]OC,[*:2]OC,[*:3]Br,[*:4]CC,[*:5]OC,5.180
C1C(N)C(OC)C(OC)C(Br)N1CC,C1C([*:5])C([*:1])C([*:2])C([*:3])N1[*:4],[*:1]OC,[*:2]OC,[*:3]Br,[*:4]CC,[*:5]N,4.900
C1C(C)C(OC)C(OC)C(Br)N1C(F)(F)F,C1C([*:5])C([*:1])C([*:2])C([*:3])N1[*:4],[*:1]OC,[*:2]OC,[*:3]Br,[*:4]C(F)(F)F,[*:5]C,4.579
C1C(OC)C(OC)C(OC)C(Br)N1C(F)(F)F,C1C([*:5])C([*:1])C([*:2])C([*:3])N1[*:4],[*:1]OC,[*:2]OC,[*:3]Br,[*:4]C(F)(F)F,[*:5]OC,5.065
C1C(OC)C(OC)C(OC)C(Br)N1OC,C1C([*:5])C([*:1])C([*:2])C([*:3])N1[*:4],[*:1]OC,[*:2]OC,[*:3]Br,[*:4]OC,[*:5]OC,5.291
C1C(F)C(OC)C(OC)C(Br)N1OC,C1C([*:5])C([*:1])C([*:2])C([*:3])N1[*:4],[*:1]OC,[*:2]OC,[*:3]Br,[*:4]OC,[*:5]F,5.117
C1C(N)C(OC)C(OC)C(Br)N1OC,C1C([*:5])C([*:1])C([*:2])C([*:3])N1[*:4],[*:1]OC,[*:2]OC,[*:3]Br,[*:4]OC,[*:5]N,5.005
C1C(C)C(OC)C(Br)C(C)N1C,C1C([*:5])C([*:1])C([*:2])C([*:3])N1[*:4],[*:1]OC,[*:2]Br,[*:3]C,[*:4]C,[*:5]C,5.704
C1C(OC)C(OC)C(Br)C(C)N1C,C1C([*:5])C([*:1])C([*:2])C([*:3])N1[*:4],[*:1]OC,[*:2]Br,[*:3]C,[*:4]C,[*:5]OC,5.995
C1C(F)C(OC)C(Br)C(C)N1C,C1C([*:5])C([*:1])C([*:2])C([*:3])N1[*:4],[*:1]OC,[*:2]Br,[*:3]C,[*:4]C,[*:5]F,5.908
C1C(N)C(OC)C(Br)C(C)N1C,C1C([*:5])C([*:1])C([*:2])C([*:3])N1[*:4],[*:1]OC,[*:2]Br,[*:3]C,[*:4]C,[*:5]N,5.782
C1C(OC)C(OC)C(Br)C(C)N1CC,C1C([*:5])C([*:1])C([*:2])C([*:3])N1[*:4],[*:1]OC,[*:2]Br,[*:3]C,[*:4]CC,[*:5]OC,5.991
C1C(F)C(OC)C(Br)C(C)N1CC,C1C([*:5])C([*:1])C([*:2])C([*:3])N1[*:4],[*:1]OC,[*:2]Br,[*:3]C,[*:4]CC,[*:5]F,5.696
C1C(N)C(OC)C(Br)C(C)N1CC,C1C([*:5])C([*:1])C([*:2])C([*:3])N1[*:4],[*:1]OC,[*:2]Br,[*:3]C,[*:4]CC,[*:5]N,5.584
C1C(C)C(OC)C(Br)C(C)N1C(F)(F)F,C1C([*:5])C([*:1])C([*:2])C([*:3])N1[*:4],[*:1]OC,[*:2]Br,[*:3]C,[*:4]C(F)(F)F,[*:5]C,5.394
C1C(OC)C(OC)C(Br)C(C)N1C(F)(F)F,C1C([*:5])C([*:1])C([*:2])C([*:3])N1[*:4],[*:1]OC,[*:2]Br,[*:3]C,[*:4]C(F)(F)F,[*:5]OC,5.779
C1C(C)C(OC)C(Br)C(C)N1OC,C1C([*:5])C([*:1])C([*:2])C([*:3])N1[*:4],[*:1]OC,[*:2]Br,[*:3]C,[*:4]OC,[*:5]C,5.531
C1C(OC)C(OC)C(Br)C(C)N1OC,C1C([*:5])C([*:1])C([*:2])C([*:3])N1[*:4],[*:1]OC,[*:2]Br,[*:3]C,[*:4]OC,[*:5]OC,5.949
C1C(F)C(OC)C(Br)C(C)N1OC,C1C([*:5])C([*:1])C([*:2])C([*:3])N1[*:4],[*:1]OC,[*:2]Br,[*:3]C,[*:4]OC,[*:5]F,5.768
C1C(C)C(OC)C(Br)C(N)N1C,C1C([*:5])C([*:1])C([*:2])C([*:3])N1[*:4],[*:1]OC,[*:2]Br,[*:3]N,[*:4]C,[*:5]C,5.594
C1C(F)C(OC)C(Br)C(N)N1C,C1C([*:5])C([*:1])C([*:2])C([*:3])N1[*:4],[*:1]OC,[*:2]Br,[*:3]N,[*:4]C,[*:5]F,5.822
C1C(C)C(OC)C(Br)C(N)N1CC,C1C([*:5])C([*:1])C([*:2])C([*:3])N1[*:4],[*:1]OC,[*:2]Br,[*:3]N,[*:4]CC,[*:5]C,5.506
C1C(N)C(OC)C(Br)C(N)N1CC,C1C([*:5])C([*:1])C([*:2])C([*:3])N1[*:4],[*:1]OC,[*:2]Br,[*:3]N,[*:4]CC,[*:5]N,5.587
C1C(C)C(OC)C(Br)C(N)N1C(F)(F)F,C1C([*:5])C([*:1])C([*:2])C([*:3])N1[*:4],[*:1]OC,[*:2]Br,[*:3]N,[*:4]C(F)(F)F,[*:5]C,5.377
C1C(OC)C(OC)C(Br)C(N)N1C(F)(F)F,C1C([*:5])C([*:1])C([*:2])C([*:3])N1[*:4],[*:1]OC,[*:2]Br,[*:3]N,[*:4]C(F)(F)F,[*:5]OC,5.705
C1C(N)C(OC)C(Br)C(N)N1C(F)(F)F,C1C([*:5])C([*:1])C([*:2])C([*:3])N1[*:4],[*:1]OC,[*:2]Br,[*:3]N,[*:4]C(F)(F)F,[*:5]N,5.485
C1C(OC)C(OC)C(Br)C(N)N1OC,C1C([*:5])C([*:1])C([*:2])C([*:3])N1[*:4],[*:1]OC,[*:2]Br,[*:3]N,[*:4]OC,[*:5]OC,5.964
C1C(C)C(OC)C(Br)C(O)N1C,C1C([*:5])C([*:1])C([*:2])C([*:3])N1[*:4],[*:1]OC,[*:2]Br,[*:3]O,[*:4]C,[*:5]C,5.575
C1C(OC)C(OC)C(Br)C(O)N1C,C1C([*:5])C([*:1])C([*:2])C([*:3])N1[*:4],[*:1]OC,[*:2]Br,[*:3]O,[*:4]C,[*:5]OC,5.960
C1C(C)C(OC)C(Br)C(O)N1CC,C1C([*:5])C([*:1])C([*:2])C([*:3])N1[*:4],[*:1]OC,[*:2]Br,[*:3]O,[*:4]CC,[*:5]C,5.532
C1C(F)C(OC)C(Br)C(O)N1CC,C1C([*:5])C([*:1])C([*:2])C([*:3])N1[*:4],[*:1]OC,[*:2]Br,[*:3]O,[*:4]CC,[*:5]F,5.725
C1C(N)C(OC)C(Br)C(O)N1CC,C1C([*:5])C([*:1])C([*:2])C([*:3])N1[*:4],[*:1]OC,[*:2]Br,[*:3]O,[*:4]CC,[*:5]N,5.595
C1C(C)C(OC)C(Br)C(O)N1C(F)(F)F,C1C([*:5])C([*:1])C([*:2])C([*:3])N1[*:4],[*:1]OC,[*:2]Br,[*:3]O,[*:4]C(F)(F)F,[*:5]C,5.383
C1C(F)C(OC)C(Br)C(O)N1C(F)(F)F,C1C([*:5])C([*:1])C([*:2])C([*:3])N1[*:4],[*:1]OC,[*:2]Br,[*:3]O,[*:4]C(F)(F)F,[*:5]F,5.549
C1C(C)C(OC)C(Br)C(O)N1OC,C1C([*:5])C([*:1])C([*:2])C([*:3])N1[*:4],[*:1]OC,[*:2]Br,[*:3]O,[*:4]OC,[*:5]C,5.564
C1C(OC)C(OC)C(Br)C(O)N1OC,C1C([*:5])C([*:1])C([*:2])C([*:3])N1[*:4],[*:1]OC,[*:2]Br,[*:3]O,[*:4]OC,[*:5]OC,5.925
C1C(C)C(OC)C(Br)C(Br)N1C,C1C([*:5])C([*:1])C([*:2])C([*:3])N1[*:4],[*:1]OC,[*:2]Br,[*:3]Br,[*:4]C,[*:5]C,5.616
C1C(OC)C(OC)C(Br)C(Br)N1C,C1C([*:5])C([*:1])C([*:2])C([*:3])N1[*:4],[*:1]OC,[*:2]Br,[*:3]Br,[*:4]C,[*:5]OC,5.945
C1C(F)C(OC)C(Br)C(Br)N1C,C1C([*:5])C([*:1])C([*:2])C([*:3])N1[*:4],[*:1]OC,[*:2]Br,[*:3]Br,[*:4]C,[*:5]F,5.685
C1C(N)C(OC)C(Br)C(Br)N1C,C1C([*:5])C([*:1])C([*:2])C([*:3])N1[*:4],[*:1]OC,[*:2]Br,[*:3]Br,[*:4]C,[*:5]N,5.623
C1C(C)C(OC)C(Br)C(Br)N1CC,C1C([*:5])C([*:1])C([*:2])C([*:3])N1[*:4],[*:1]OC,[*:2]Br,[*:3]Br,[*:4]CC,[*:5]C,5.346
C1C(OC)C(OC)C(Br)C(Br)N1CC,C1C([*:5])C([*:1])C([*:2])C([*:3])N1[*:4],[*:1]OC,[*:2]Br,[*:3]Br,[*:4]CC,[*:5]OC,5.841
C1C(C)C(OC)C(Br)C(Br)N1C(F)(F)F,C1C([*:5])C([*:1])C([*:2])C([*:3])N1[*:4],[*:1]OC,[*:2]Br,[*:3]Br,[*:4]C(F)(F)F,[*:5]C,5.396
C1C(OC)C(OC)C(Br)C(Br)N1C(F)(F)F,C1C([*:5])C([*:1])C([*:2])C([*:3])N1[*:4],[*:1]OC,[*:2]Br,[*:3]Br,[*:4]C(F)(F)F,[*:5]OC,5.750
C1C(C)C(OC)C(Br)C(Br)N1OC,C1C([*:5])C([*:1])C([*:2])C([*:3])N1[*:4],[*:1]OC,[*:2]Br,[*:3]Br,[*:4]OC,[*:5]C,5.511
C1C(OC)C(OC)C(Br)C(Br)N1OC,C1C([*:5])C([*:1])C([*:2])C([*:3])N1[*:4],[*:1]OC,[*:2]Br,[*:3]Br,[*:4]OC,[*:5]OC,5.957
C1C(F)C(F)C(F)C(C)N1C,C1C([*:5])C([*:1])C([*:2])C([*:3])N1[*:4],[*:1]F,[*:2]F,[*:3]C,[*:4]C,[*:5]F,6.107
C1C(N)C(F)C(F)C(C)N1C,C1C([*:5])C([*:1])C([*:2])C([*:3])N1[*:4],[*:1]F,[*:2]F,[*:3]C,[*:4]C,[*:5]N,5.983
C1C(C)C(F)C(F)C(C)N1CC,C1C([*:5])C([*:1])C([*:2])C([*:3])N1[*:4],[*:1]F,[*:2]F,[*:3]C,[*:4]CC,[*:5]C,5.720
C1C(OC)C(F)C(F)C(C)N1CC,C1C([*:5])C([*:1])C([*:2])C([*:3])N1[*:4],[*:1]F,[*:2]F,[*:3]C,[*:4]CC,[*:5]OC,6.168
C1C(F)C(F)C(F)C(C)N1CC,C1C([*:5])C([*:1])C([*:2])C([*:3])N1[*:4],[*:1]F,[*:2]F,[*:3]C,[*:4]CC,[*:5]F,5.924
C1C(N)C(F)C(F)C(C)N1CC,C1C([*:5])C([*:1])C([*:2])C([*:3])N1[*:4],[*:1]F,[*:2]F,[*:3]C,[*:4]CC,[*:5]N,5.811
C1C(C)C(F)C(F)C(C)N1C(F)(F)F,C1C([*:5])C([*:1])C([*:2])C([*:3])N1[*:4],[*:1]F,[*:2]F,[*:3]C,[*:4]C(F)(F)F,[*:5]C,5.587
C1C(OC)C(F)C(F)C(C)N1C(F)(F)F,C1C([*:5])C([*:1])C([*:2])C([*:3])N1[*:4],[*:1]F,[*:2]F,[*:3]C,[*:4]C(F)(F)F,[*:5]OC,6.090
C1C(OC)C(F)C(F)C(C)N1OC,C1C([*:5])C([*:1])C([*:2])C([*:3])N1[*:4],[*:1]F,[*:2]F,[*:3]C,[*:4]OC,[*:5]OC,6.203
C1C(F)C(F)C(F)C(C)N1OC,C1C([*:5])C([*:1])C([*:2])C([*:3])N1[*:4],[*:1]F,[*:2]F,[*:3]C,[*:4]OC,[*:5]F,6.038
C1C(N)C(F)C(F)C(C)N1OC,C1C([*:5])C([*:1])C([*:2])C([*:3])N1[*:4],[*:1]F,[*:2]F,[*:3]C,[*:4]OC,[*:5]N,5.976
C1C(C)C(F)C(F)C(N)N1C,C1C([*:5])C([*:1])C([*:2])C([*:3])N1[*:4],[*:1]F,[*:2]F,[*:3]N,[*:4]C,[*:5]C,5.852
C1C(N)C(F)C(F)C(N)N1C,C1C([*:5])C([*:1])C([*:2])C([*:3])N1[*:4],[*:1]F,[*:2]F,[*:3]N,[*:4]C,[*:5]N,6.044
C1C(F)C(F)C(F)C(N)N1CC,C1C([*:5])C([*:1])C([*:2])C([*:3])N1[*:4],[*:1]F,[*:2]F,[*:3]N,[*:4]CC,[*:5]F,5.974
C1C(N)C(F)C(F)C(N)N1CC,C1C([*:5])C([*:1])C([*:2])C([*:3])N1[*:4],[*:1]F,[*:2]F,[*:3]N,[*:4]CC,[*:5]N,5.869
C1C(C)C(F)C(F)C(N)N1C(F)(F)F,C1C([*:5])C([*:1])C([*:2])C([*:3])N1[*:4],[*:1]F,[*:2]F,[*:3]N,[*:4]C(F)(F)F,[*:5]C,5.631
C1C(N)C(F)C(F)C(N)N1C(F)(F)F,C1C([*:5])C([*:1])C([*:2])C([*:3])N1[*:4],[*:1]F,[*:2]F,[*:3]N,[*:4]C(F)(F)F,[*:5]N,5.649
C1C(C)C(F)C(F)C(N)N1OC,C1C([*:5])C([*:1])C([*:2])C([*:3])N1[*:4],[*:1]F,[*:2]F,[*:3]N,[*:4]OC,[*:5]C,5.835
C1C(OC)C(F)C(F)C(N)N1OC,C1C([*:5])C([*:1])C([*:2])C([*:3])N1[*:4],[*:1]F,[*:2]F,[*:3]N,[*:4]OC,[*:5]OC,6.145
C1C(F)C(F)C(F)C(N)N1OC,C1C([*:5])C([*:1])C([*:2])C([*:3])N1[*:4],[*:1]F,[*:2]F,[*:3]N,[*:4]OC,[*:5]F,6.022
C1C(N)C(F)C(F)C(N)N1OC,C1C([*:5])C([*:1])C([*:2])C([*:3])N1[*:4],[*:1]F,[*:2]F,[*:3]N,[*:4]OC,[*:5]N,5.918
C1C(OC)C(F)C(F)C(O)N1C,C1C([*:5])C([*:1])C([*:2])C([*:3])N1[*:4],[*:1]F,[*:2]F,[*:3]O,[*:4]C,[*:5]OC,6.314
C1C(F)C(F)C(F)C(O)N1C,C1C([*:5])C([*:1])C([*:2])C([*:3])N1[*:4],[*:1]F,[*:2]F,[*:3]O,[*:4]C,[*:5]F,6.127
C1C(C)C(F)C(F)C(O)N1CC,C1C([*:5])C([*:1])C([*:2])C([*:3])N1[*:4],[*:1]F,[*:2]F,[*:3]O,[*:4]CC,[*:5]C,5.893
C1C(F)C(F)C(F)C(O)N1CC,C1C([*:5])C([*:1])C([*:2])C([*:3])N1[*:4],[*:1]F,[*:2]F,[*:3]O,[*:4]CC,[*:5]F,6.072
C1C(N)C(F)C(F)C(O)N1CC,C1C([*:5])C([*:1])C([*:2])C([*:3])N1[*:4],[*:1]F,[*:2]F,[*:3]O,[*:4]CC,[*:5]N,5.917
C1C(C)C(F)C(F)C(O)N1C(F)(F)F,C1C([*:5])C([*:1])C([*:2])C([*:3])N1[*:4],[*:1]F,[*:2]F,[*:3]O,[*:4]C(F)(F)F,[*:5]C,5.634
C1C(OC)C(F)C(F)C(O)N1C(F)(F)F,C1C([*:5])C([*:1])C([*:2])C([*:3])N1[*:4],[*:1]F,[*:2]F,[*:3]O,[*:4]C(F)(F)F,[*:5]OC,5.986
C1C(F)C(F)C(F)C(O)N1C(F)(F)F,C1C([*:5])C([*:1])C([*:2])C([*:3])N1[*:4],[*:1]F,[*:2]F,[*:3]O,[*:4]C(F)(F)F,[*:5]F,5.802
C1C(C)C(F)C(F)C(O)N1OC,C1C([*:5])C([*:1])C([*:2])C([*:3])N1[*:4],[*:1]F,[*:2]F,[*:3]O,[*:4]OC,[*:5]C,5.851
C1C(F)C(F)C(F)C(O)N1OC,C1C([*:5])C([*:1])C([*:2])C([*:3])N1[*:4],[*:1]F,[*:2]F,[*:3]O,[*:4]OC,[*:5]F,6.048
C1C(C)C(F)C(F)C(Br)N1C,C1C([*:5])C([*:1])C([*:2])C([*:3])N1[*:4],[*:1]F,[*:2]F,[*:3]Br,[*:4]C,[*:5]C,5.875
C1C(OC)C(F)C(F)C(Br)N1C,C1C([*:5])C([*:1])C([*:2])C([*:3])N1[*:4],[*:1]F,[*:2]F,[*:3]Br,[*:4]C,[*:5]OC,6.303
C1C(F)C(F)C(F)C(Br)N1C,C1C([*:5])C([*:1])C([*:2])C([*:3])N1[*:4],[*:1]F,[*:2]F,[*:3]Br,[*:4]C,[*:5]F,6.076
C1C(F)C(F)C(F)C(Br)N1CC,C1C([*:5])C([*:1])C([*:2])C([*:3])N1[*:4],[*:1]F,[*:2]F,[*:3]Br,[*:4]CC,[*:5]F,5.952
C1C(N)C(F)C(F)C(Br)N1CC,C1C([*:5])C([*:1])C([*:2])C([*:3])N1[*:4],[*:1]F,[*:2]F,[*:3]Br,[*:4]CC,[*:5]N,5.879
C1C(OC)C(F)C(F)C(Br)N1OC,C1C([*:5])C([*:1])C([*:2])C([*:3])N1[*:4],[*:1]F,[*:2]F,[*:3]Br,[*:4]OC,[*:5]OC,6.195
C1C(F)C(F)C(F)C(Br)N1OC,C1C([*:5])C([*:1])C([*:2])C([*:3])N1[*:4],[*:1]F,[*:2]F,[*:3]Br,[*:4]OC,[*:5]F,6.036
C1C(N)C(F)C(F)C(Br)N1OC,C1C([*:5])C([*:1])C([*:2])C([*:3])N1[*:4],[*:1]F,[*:2]F,[*:3]Br,[*:4]OC,[*:5]N,5.915
C1C(C)C(F)C(Cl)C(C)N1C,C1C([*:5])C([*:1])C([*:2])C([*:3])N1[*:4],[*:1]F,[*:2]Cl,[*:3]C,[*:4]C,[*:5]C,5.654
C1C(OC)C(F)C(Cl)C(C)N1C,C1C([*:5])C([*:1])C([*:2])C([*:3])N1[*:4],[*:1]F,[*:2]Cl,[*:3]C,[*:4]C,[*:5]OC,6.140
C1C(C)C(F)C(Cl)C(C)N1CC,C1C([*:5])C([*:1])C([*:2])C([*:3])N1[*:4],[*:1]F,[*:2]Cl,[*:3]C,[*:4]CC,[*:5]C,5.476
C1C(F)C(F)C(Cl)C(C)N1CC,C1C([*:5])C([*:1])C([*:2])C([*:3])N1[*:4],[*:1]F,[*:2]Cl,[*:3]C,[*:4]CC,[*:5]F,5.810
C1C(N)C(F)C(Cl)C(C)N1CC,C1C([*:5])C([*:1])C([*:2])C([*:3])N1[*:4],[*:1]F,[*:2]Cl,[*:3]C,[*:4]CC,[*:5]N,5.704
C1C(OC)C(F)C(Cl)C(C)N1C(F)(F)F,C1C([*:5])C([*:1])C([*:2])C([*:3])N1[*:4],[*:1]F,[*:2]Cl,[*:3]C,[*:4]C(F)(F)F,[*:5]OC,5.867
C1C(C)C(F)C(Cl)C(C)N1OC,C1C([*:5])C([*:1])C([*:2])C([*:3])N1[*:4],[*:1]F,[*:2]Cl,[*:3]C,[*:4]OC,[*:5]C,5.704
C1C(OC)C(F)C(Cl)C(C)N1OC,C1C([*:5])C([*:1])C([*:2])C([*:3])N1[*:4],[*:1]F,[*:2]Cl,[*:3]C,[*:4]OC,[*:5]OC,6.063
C1C(F)C(F)C(Cl)C(C)N1OC,C1C([*:5])C([*:1])C([*:2])C([*:3])N1[*:4],[*:1]F,[*:2]Cl,[*:3]C,[*:4]OC,[*:5]F,5.810
C1C(N)C(F)C(Cl)C(C)N1OC,C1C([*:5])C([*:1])C([*:2])C([*:3])N1[*:4],[*:1]F,[*:2]Cl,[*:3]C,[*:4]OC,[*:5]N,5.746
C1C(OC)C(F)C(Cl)C(N)N1C,C1C([*:5])C([*:1])C([*:2])C([*:3])N1[*:4],[*:1]F,[*:2]Cl,[*:3]N,[*:4]C,[*:5]OC,6.161
C1C(F)C(F)C(Cl)C(N)N1C,C1C([*:5])C([*:1])C([*:2])C([*:3])N1[*:4],[*:1]F,[*:2]Cl,[*:3]N,[*:4]C,[*:5]F,5.854
C1C(OC)C(F)C(Cl)C(N)N1C(F)(F)F,C1C([*:5])C([*:1])C([*:2])C([*:3])N1[*:4],[*:1]F,[*:2]Cl,[*:3]N,[*:4]C(F)(F)F,[*:5]OC,5.777
C1C(F)C(F)C(Cl)C(N)N1C(F)(F)F,C1C([*:5])C([*:1])C([*:2])C([*:3])N1[*:4],[*:1]F,[*:2]Cl,[*:3]N,[*:4]C(F)(F)F,[*:5]F,5.776
C1C(N)C(F)C(Cl)C(N)N1C(F)(F)F,C1C([*:5])C([*:1])C([*:2])C([*:3])N1[*:4],[*:1]F,[*:2]Cl,[*:3]N,[*:4]C(F)(F)F,[*:5]N,5.515
C1C(C)C(F)C(Cl)C(N)N1OC,C1C([*:5])C([*:1])C([*:2])C([*:3])N1[*:4],[*:1]F,[*:2]Cl,[*:3]N,[*:4]OC,[*:5]C,5.524
C1C(OC)C(F)C(Cl)C(N)N1OC,C1C([*:5])C([*:1])C([*:2])C([*:3])N1[*:4],[*:1]F,[*:2]Cl,[*:3]N,[*:4]OC,[*:5]OC,6.075
C1C(C)C(F)C(Cl)C(O)N1C,C1C([*:5])C([*:1])C([*:2])C([*:3])N1[*:4],[*:1]F,[*:2]Cl,[*:3]O,[*:4]C,[*:5]C,5.792
C1C(OC)C(F)C(Cl)C(O)N1C,C1C([*:5])C([*:1])C([*:2])C([*:3])N1[*:4],[*:1]F,[*:2]Cl,[*:3]O,[*:4]C,[*:5]OC,6.085
C1C(F)C(F)C(Cl)C(O)N1C,C1C([*:5])C([*:1])C([*:2])C([*:3])N1[*:4],[*:1]F,[*:2]Cl,[*:3]O,[*:4]C,[*:5]F,5.918
C1C(N)C(F)C(Cl)C(O)N1C,C1C([*:5])C([*:1])C([*:2])C([*:3])N1[*:4],[*:1]F,[*:2]Cl,[*:3]O,[*:4]C,[*:5]N,5.802
C1C(C)C(F)C(Cl)C(O)N1CC,C1C([*:5])C([*:1])C([*:2])C([*:3])N1[*:4],[*:1]F,[*:2]Cl,[*:3]O,[*:4]CC,[*:5]C,5.592
C1C(N)C(F)C(Cl)C(O)N1CC,C1C([*:5])C([*:1])C([*:2])C([*:3])N1[*:4],[*:1]F,[*:2]Cl,[*:3]O,[*:4]CC,[*:5]N,5.715
C1C(OC)C(F)C(Cl)C(O)N1C(F)(F)F,C1C([*:5])C([*:1])C([*:2])C([*:3])N1[*:4],[*:1]F,[*:2]Cl,[*:3]O,[*:4]C(F)(F)F,[*:5]OC,5.802
C1C(F)C(F)C(Cl)C(O)N1C(F)(F)F,C1C([*:5])C([*:1])C([*:2])C([*:3])N1[*:4],[*:1]F,[*:2]Cl,[*:3]O,[*:4]C(F)(F)F,[*:5]F,5.628
C1C(F)C(F)C(Cl)C(O)N1OC,C1C([*:5])C([*:1])C([*:2])C([*:3])N1[*:4],[*:1]F,[*:2]Cl,[*:3]O,[*:4]OC,[*:5]F,5.847
C1C(N)C(F)C(Cl)C(O)N1OC,C1C([*:5])C([*:1])C([*:2])C([*:3])N1[*:4],[*:1]F,[*:2]Cl,[*:3]O,[*:4]OC,[*:5]N,5.736
C1C(C)C(F)C(Cl)C(Br)N1C,C1C([*:5])C([*:1])C([*:2])C([*:3])N1[*:4],[*:1]F,[*:2]Cl,[*:3]Br,[*:4]C,[*:5]C,5.792
C1C(OC)C(F)C(Cl)C(Br)N1C,C1C([*:5])C([*:1])C([*:2])C([*:3])N1[*:4],[*:1]F,[*:2]Cl,[*:3]Br,[*:4]C,[*:5]OC,6.053
C1C(N)C(F)C(Cl)C(Br)N1C,C1C([*:5])C([*:1])C([*:2])C([*:3])N1[*:4],[*:1]F,[*:2]Cl,[*:3]Br,[*:4]C,[*:5]N,5.713
C1C(OC)C(F)C(Cl)C(Br)N1CC,C1C([*:5])C([*:1])C([*:2])C([*:3])N1[*:4],[*:1]F,[*:2]Cl,[*:3]Br,[*:4]CC,[*:5]OC,5.892
C1C(F)C(F)C(Cl)C(Br)N1CC,C1C([*:5])C([*:1])C([*:2])C([*:3])N1[*:4],[*:1]F,[*:2]Cl,[*:3]Br,[*:4]CC,[*:5]F,5.906
C1C(C)C(F)C(Cl)C(Br)N1C(F)(F)F,C1C([*:5])C([*:1])C([*:2])C([*:3])N1[*:4],[*:1]F,[*:2]Cl,[*:3]Br,[*:4]C(F)(F)F,[*:5]C,5.463
C1C(F)C(F)C(Cl)C(Br)N1C(F)(F)F,C1C([*:5])C([*:1])C([*:2])C([*:3])N1[*:4],[*:1]F,[*:2]Cl,[*:3]Br,[*:4]C(F)(F)F,[*:5]F,5.699
C1C(C)C(F)C(Cl)C(Br)N1OC,C1C([*:5])C([*:1])C([*:2])C([*:3])N1[*:4],[*:1]F,[*:2]Cl,[*:3]Br,[*:4]OC,[*:5]C,5.631
C1C(OC)C(F)C(Cl)C(Br)N1OC,C1C([*:5])C([*:1])C([*:2])C([*:3])N1[*:4],[*:1]F,[*:2]Cl,[*:3]Br,[*:4]OC,[*:5]OC,6.004
C1C(F)C(F)C(Cl)C(Br)N1OC,C1C([*:5])C([*:1])C([*:2])C([*:3])N1[*:4],[*:1]F,[*:2]Cl,[*:3]Br,[*:4]OC,[*:5]F,5.893
C1C(N)C(F)C(Cl)C(Br)N1OC,C1C([*:5])C([*:1])C([*:2])C([*:3])N1[*:4],[*:1]F,[*:2]Cl,[*:3]Br,[*:4]OC,[*:5]N,5.730
C1C(N)C(F)C(C)C(C)N1C,C1C([*:5])C([*:1])C([*:2])C([*:3])N1[*:4],[*:1]F,[*:2]C,[*:3]C,[*:4]C,[*:5]N,5.250
C1C(F)C(F)C(C)C(C)N1CC,C1C([*:5])C([*:1])C([*:2])C([*:3])N1[*:4],[*:1]F,[*:2]C,[*:3]C,[*:4]CC,[*:5]F,5.154
C1C(N)C(F)C(C)C(C)N1CC,C1C([*:5])C([*:1])C([*:2])C([*:3])N1[*:4],[*:1]F,[*:2]C,[*:3]C,[*:4]CC,[*:5]N,5.100
C1C(C)C(F)C(C)C(C)N1C(F)(F)F,C1C([*:5])C([*:1])C([*:2])C([*:3])N1[*:4],[*:1]F,[*:2]C,[*:3]C,[*:4]C(F)(F)F,[*:5]C,4.913
C1C(OC)C(F)C(C)C(C)N1C(F)(F)F,C1C([*:5])C([*:1])C([*:2])C([*:3])N1[*:4],[*:1]F,[*:2]C,[*:3]C,[*:4]C(F)(F)F,[*:5]OC,5.213
C1C(F)C(F)C(C)C(C)N1C(F)(F)F,C1C([*:5])C([*:1])C([*:2])C([*:3])N1[*:4],[*:1]F,[*:2]C,[*:3]C,[*:4]C(F)(F)F,[*:5]F,5.070
C1C(N)C(F)C(C)C(C)N1C(F)(F)F,C1C([*:5])C([*:1])C([*:2])C([*:3])N1[*:4],[*:1]F,[*:2]C,[*:3]C,[*:4]C(F)(F)F,[*:5]N,5.027
C1C(C)C(F)C(C)C(C)N1OC,C1C([*:5])C([*:1])C([*:2])C([*:3])N1[*:4],[*:1]F,[*:2]C,[*:3]C,[*:4]OC,[*:5]C,5.030
C1C(OC)C(F)C(C)C(C)N1OC,C1C([*:5])C([*:1])C([*:2])C([*:3])N1[*:4],[*:1]F,[*:2]C,[*:3]C,[*:4]OC,[*:5]OC,5.407
C1C(F)C(F)C(C)C(C)N1OC,C1C([*:5])C([*:1])C([*:2])C([*:3])N1[*:4],[*:1]F,[*:2]C,[*:3]C,[*:4]OC,[*:5]F,5.235
C1C(N)C(F)C(C)C(C)N1OC,C1C([*:5])C([*:1])C([*:2])C([*:3])N1[*:4],[*:1]F,[*:2]C,[*:3]C,[*:4]OC,[*:5]N,5.135
C1C(N)C(F)C(C)C(N)N1C,C1C([*:5])C([*:1])C([*:2])C([*:3])N1[*:4],[*:1]F,[*:2]C,[*:3]N,[*:4]C,[*:5]N,5.141
C1C(C)C(F)C(C)C(N)N1CC,C1C([*:5])C([*:1])C([*:2])C([*:3])N1[*:4],[*:1]F,[*:2]C,[*:3]N,[*:4]CC,[*:5]C,4.900
C1C(OC)C(F)C(C)C(N)N1CC,C1C([*:5])C([*:1])C([*:2])C([*:3])N1[*:4],[*:1]F,[*:2]C,[*:3]N,[*:4]CC,[*:5]OC,5.413
C1C(C)C(F)C(C)C(N)N1C(F)(F)F,C1C([*:5])C([*:1])C([*:2])C([*:3])N1[*:4],[*:1]F,[*:2]C,[*:3]N,[*:4]C(F)(F)F,[*:5]C,4.767
C1C(F)C(F)C(C)C(N)N1C(F)(F)F,C1C([*:5])C([*:1])C([*:2])C([*:3])N1[*:4],[*:1]F,[*:2]C,[*:3]N,[*:4]C(F)(F)F,[*:5]F,4.969
C1C(N)C(F)C(C)C(N)N1C(F)(F)F,C1C([*:5])C([*:1])C([*:2])C([*:3])N1[*:4],[*:1]F,[*:2]C,[*:3]N,[*:4]C(F)(F)F,[*:5]N,4.976
C1C(OC)C(F)C(C)C(N)N1OC,C1C([*:5])C([*:1])C([*:2])C([*:3])N1[*:4],[*:1]F,[*:2]C,[*:3]N,[*:4]OC,[*:5]OC,5.349
C1C(N)C(F)C(C)C(N)N1OC,C1C([*:5])C([*:1])C([*:2])C([*:3])N1[*:4],[*:1]F,[*:2]C,[*:3]N,[*:4]OC,[*:5]N,5.131
C1C(C)C(F)C(C)C(O)N1C,C1C([*:5])C([*:1])C([*:2])C([*:3])N1[*:4],[*:1]F,[*:2]C,[*:3]O,[*:4]C,[*:5]C,5.036
C1C(OC)C(F)C(C)C(O)N1C,C1C([*:5])C([*:1])C([*:2])C([*:3])N1[*:4],[*:1]F,[*:2]C,[*:3]O,[*:4]C,[*:5]OC,5.507
C1C(F)C(F)C(C)C(O)N1C,C1C([*:5])C([*:1])C([*:2])C([*:3])N1[*:4],[*:1]F,[*:2]C,[*:3]O,[*:4]C,[*:5]F,5.314
C1C(C)C(F)C(C)C(O)N1CC,C1C([*:5])C([*:1])C([*:2])C([*:3])N1[*:4],[*:1]F,[*:2]C,[*:3]O,[*:4]CC,[*:5]C,4.927
C1C(F)C(F)C(C)C(O)N1CC,C1C([*:5])C([*:1])C([*:2])C([*:3])N1[*:4],[*:1]F,[*:2]C,[*:3]O,[*:4]CC,[*:5]F,5.237
C1C(N)C(F)C(C)C(O)N1CC,C1C([*:5])C([*:1])C([*:2])C([*:3])N1[*:4],[*:1]F,[*:2]C,[*:3]O,[*:4]CC,[*:5]N,5.061
C1C(C)C(F)C(C)C(O)N1C(F)(F)F,C1C([*:5])C([*:1])C([*:2])C([*:3])N1[*:4],[*:1]F,[*:2]C,[*:3]O,[*:4]C(F)(F)F,[*:5]C,4.928
C1C(F)C(F)C(C)C(O)N1C(F)(F)F,C1C([*:5])C([*:1])C([*:2])C([*:3])N1[*:4],[*:1]F,[*:2]C,[*:3]O,[*:4]C(F)(F)F,[*:5]F,5.165
C1C(N)C(F)C(C)C(O)N1C(F)(F)F,C1C([*:5])C([*:1])C([*:2])C([*:3])N1[*:4],[*:1]F,[*:2]C,[*:3]O,[*:4]C(F)(F)F,[*:5]N,4.976
C1C(C)C(F)C(C)C(O)N1OC,C1C([*:5])C([*:1])C([*:2])C([*:3])N1[*:4],[*:1]F,[*:2]C,[*:3]O,[*:4]OC,[*:5]C,5.112
C1C(OC)C(F)C(C)C(O)N1OC,C1C([*:5])C([*:1])C([*:2])C([*:3])N1[*:4],[*:1]F,[*:2]C,[*:3]O,[*:4]OC,[*:5]OC,5.589
C1C(F)C(F)C(C)C(O)N1OC,C1C([*:5])C([*:1])C([*:2])C([*:3])N1[*:4],[*:1]F,[*:2]C,[*:3]O,[*:4]OC,[*:5]F,5.263
C1C(OC)C(F)C(C)C(Br)N1C,C1C([*:5])C([*:1])C([*:2])C([*:3])N1[*:4],[*:1]F,[*:2]C,[*:3]Br,[*:4]C,[*:5]OC,5.493
C1C(OC)C(F)C(C)C(Br)N1CC,C1C([*:5])C([*:1])C([*:2])C([*:3])N1[*:4],[*:1]F,[*:2]C,[*:3]Br,[*:4]CC,[*:5]OC,5.269
C1C(F)C(F)C(C)C(Br)N1CC,C1C([*:5])C([*:1])C([*:2])C([*:3])N1[*:4],[*:1]F,[*:2]C,[*:3]Br,[*:4]CC,[*:5]F,5.282
C1C(C)C(F)C(C)C(Br)N1C(F)(F)F,C1C([*:5])C([*:1])C([*:2])C([*:3])N1[*:4],[*:1]F,[*:2]C,[*:3]Br,[*:4]C(F)(F)F,[*:5]C,4.765
C1C(OC)C(F)C(C)C(Br)N1C(F)(F)F,C1C([*:5])C([*:1])C([*:2])C([*:3])N1[*:4],[*:1]F,[*:2]C,[*:3]Br,[*:4]C(F)(F)F,[*:5]OC,5.169
C1C(F)C(F)C(C)C(Br)N1C(F)(F)F,C1C([*:5])C([*:1])C([*:2])C([*:3])N1[*:4],[*:1]F,[*:2]C,[*:3]Br,[*:4]C(F)(F)F,[*:5]F,5.071
C1C(N)C(F)C(C)C(Br)N1C(F)(F)F,C1C([*:5])C([*:1])C([*:2])C([*:3])N1[*:4],[*:1]F,[*:2]C,[*:3]Br,[*:4]C(F)(F)F,[*:5]N,5.057
C1C(C)C(F)C(C)C(Br)N1OC,C1C([*:5])C([*:1])C([*:2])C([*:3])N1[*:4],[*:1]F,[*:2]C,[*:3]Br,[*:4]OC,[*:5]C,5.018
C1C(OC)C(F)C(C)C(Br)N1OC,C1C([*:5])C([*:1])C([*:2])C([*:3])N1[*:4],[*:1]F,[*:2]C,[*:3]Br,[*:4]OC,[*:5]OC,5.464
C1C(F)C(F)C(C)C(Br)N1OC,C1C([*:5])C([*:1])C([*:2])C([*:3])N1[*:4],[*:1]F,[*:2]C,[*:3]Br,[*:4]OC,[*:5]F,5.289
C1C(C)C(F)C(OC)C(C)N1CC,C1C([*:5])C([*:1])C([*:2])C([*:3])N1[*:4],[*:1]F,[*:2]OC,[*:3]C,[*:4]CC,[*:5]C,4.837
C1C(F)C(F)C(OC)C(C)N1CC,C1C([*:5])C([*:1])C([*:2])C([*:3])N1[*:4],[*:1]F,[*:2]OC,[*:3]C,[*:4]CC,[*:5]F,5.047
C1C(C)C(F)C(OC)C(C)N1C(F)(F)F,C1C([*:5])C([*:1])C([*:2])C([*:3])N1[*:4],[*:1]F,[*:2]OC,[*:3]C,[*:4]C(F)(F)F,[*:5]C,4.624
C1C(F)C(F)C(OC)C(C)N1C(F)(F)F,C1C([*:5])C([*:1])C([*:2])C([*:3])N1[*:4],[*:1]F,[*:2]OC,[*:3]C,[*:4]C(F)(F)F,[*:5]F,4.854
C1C(N)C(F)C(OC)C(C)N1C(F)(F)F,C1C([*:5])C([*:1])C([*:2])C([*:3])N1[*:4],[*:1]F,[*:2]OC,[*:3]C,[*:4]C(F)(F)F,[*:5]N,4.851
C1C(C)C(F)C(OC)C(C)N1OC,C1C([*:5])C([*:1])C([*:2])C([*:3])N1[*:4],[*:1]F,[*:2]OC,[*:3]C,[*:4]OC,[*:5]C,4.896
C1C(OC)C(F)C(OC)C(C)N1OC,C1C([*:5])C([*:1])C([*:2])C([*:3])N1[*:4],[*:1]F,[*:2]OC,[*:3]C,[*:4]OC,[*:5]OC,5.250
C1C(F)C(F)C(OC)C(C)N1OC,C1C([*:5])C([*:1])C([*:2])C([*:3])N1[*:4],[*:1]F,[*:2]OC,[*:3]C,[*:4]OC,[*:5]F,5.079
C1C(OC)C(F)C(OC)C(N)N1C,C1C([*:5])C([*:1])C([*:2])C([*:3])N1[*:4],[*:1]F,[*:2]OC,[*:3]N,[*:4]C,[*:5]OC,5.332
C1C(N)C(F)C(OC)C(N)N1C,C1C([*:5])C([*:1])C([*:2])C([*:3])N1[*:4],[*:1]F,[*:2]OC,[*:3]N,[*:4]C,[*:5]N,4.980
C1C(F)C(F)C(OC)C(N)N1CC,C1C([*:5])C([*:1])C([*:2])C([*:3])N1[*:4],[*:1]F,[*:2]OC,[*:3]N,[*:4]CC,[*:5]F,5.014
C1C(C)C(F)C(OC)C(N)N1C(F)(F)F,C1C([*:5])C([*:1])C([*:2])C([*:3])N1[*:4],[*:1]F,[*:2]OC,[*:3]N,[*:4]C(F)(F)F,[*:5]C,4.649
C1C(F)C(F)C(OC)C(N)N1C(F)(F)F,C1C([*:5])C([*:1])C([*:2])C([*:3])N1[*:4],[*:1]F,[*:2]OC,[*:3]N,[*:4]C(F)(F)F,[*:5]F,4.830
C1C(N)C(F)C(OC)C(N)N1C(F)(F)F,C1C([*:5])C([*:1])C([*:2])C([*:3])N1[*:4],[*:1]F,[*:2]OC,[*:3]N,[*:4]C(F)(F)F,[*:5]N,4.673
C1C(OC)C(F)C(OC)C(N)N1OC,C1C([*:5])C([*:1])C([*:2])C([*:3])N1[*:4],[*:1]F,[*:2]OC,[*:3]N,[*:4]OC,[*:5]OC,5.146
C1C(N)C(F)C(OC)C(N)N1OC,C1C([*:5])C([*:1])C([*:2])C([*:3])N1[*:4],[*:1]F,[*:2]OC,[*:3]N,[*:4]OC,[*:5]N,5.079
C1C(OC)C(F)C(OC)C(O)N1C,C1C([*:5])C([*:1])C([*:2])C([*:3])N1[*:4],[*:1]F,[*:2]OC,[*:3]O,[*:4]C,[*:5]OC,5.322
C1C(N)C(F)C(OC)C(O)N1C,C1C([*:5])C([*:1])C([*:2])C([*:3])N1[*:4],[*:1]F,[*:2]OC,[*:3]O,[*:4]C,[*:5]N,5.066
C1C(F)C(F)C(OC)C(O)N1CC,C1C([*:5])C([*:1])C([*:2])C([*:3])N1[*:4],[*:1]F,[*:2]OC,[*:3]O,[*:4]CC,[*:5]F,5.019
C1C(OC)C(F)C(OC)C(O)N1C(F)(F)F,C1C([*:5])C([*:1])C([*:2])C([*:3])N1[*:4],[*:1]F,[*:2]OC,[*:3]O,[*:4]C(F)(F)F,[*:5]OC,5.130
C1C(F)C(F)C(OC)C(O)N1OC,C1C([*:5])C([*:1])C([*:2])C([*:3])N1[*:4],[*:1]F,[*:2]OC,[*:3]O,[*:4]OC,[*:5]F,5.006
C1C(N)C(F)C(OC)C(O)N1OC,C1C([*:5])C([*:1])C([*:2])C([*:3])N1[*:4],[*:1]F,[*:2]OC,[*:3]O,[*:4]OC,[*:5]N,4.915
C1C(C)C(F)C(OC)C(Br)N1C,C1C([*:5])C([*:1])C([*:2])C([*:3])N1[*:4],[*:1]F,[*:2]OC,[*:3]Br,[*:4]C,[*:5]C,4.879
C1C(OC)C(F)C(OC)C(Br)N1C,C1C([*:5])C([*:1])C([*:2])C([*:3])N1[*:4],[*:1]F,[*:2]OC,[*:3]Br,[*:4]C,[*:5]OC,5.247
C1C(F)C(F)C(OC)C(Br)N1C,C1C([*:5])C([*:1])C([*:2])C([*:3])N1[*:4],[*:1]F,[*:2]OC,[*:3]Br,[*:4]C,[*:5]F,5.151
C1C(N)C(F)C(OC)C(Br)N1C,C1C([*:5])C([*:1])C([*:2])C([*:3])N1[*:4],[*:1]F,[*:2]OC,[*:3]Br,[*:4]C,[*:5]N,5.026
C1C(C)C(F)C(OC)C(Br)N1CC,C1C([*:5])C([*:1])C([*:2])C([*:3])N1[*:4],[*:1]F,[*:2]OC,[*:3]Br,[*:4]CC,[*:5]C,4.775
C1C(C)C(F)C(OC)C(Br)N1C(F)(F)F,C1C([*:5])C([*:1])C([*:2])C([*:3])N1[*:4],[*:1]F,[*:2]OC,[*:3]Br,[*:4]C(F)(F)F,[*:5]C,4.676
C1C(F)C(F)C(OC)C(Br)N1C(F)(F)F,C1C([*:5])C([*:1])C([*:2])C([*:3])N1[*:4],[*:1]F,[*:2]OC,[*:3]Br,[*:4]C(F)(F)F,[*:5]F,4.783
C1C(N)C(F)C(OC)C(Br)N1C(F)(F)F,C1C([*:5])C([*:1])C([*:2])C([*:3])N1[*:4],[*:1]F,[*:2]OC,[*:3]Br,[*:4]C(F)(F)F,[*:5]N,4.707
C1C(C)C(F)C(OC)C(Br)N1OC,C1C([*:5])C([*:1])C([*:2])C([*:3])N1[*:4],[*:1]F,[*:2]OC,[*:3]Br,[*:4]OC,[*:5]C,4.828
C1C(OC)C(F)C(Br)C(C)N1C,C1C([*:5])C([*:1])C([*:2])C([*:3])N1[*:4],[*:1]F,[*:2]Br,[*:3]C,[*:4]C,[*:5]OC,5.944
C1C(N)C(F)C(Br)C(C)N1C,C1C([*:5])C([*:1])C([*:2])C([*:3])N1[*:4],[*:1]F,[*:2]Br,[*:3]C,[*:4]C,[*:5]N,5.563
C1C(N)C(F)C(Br)C(C)N1CC,C1C([*:5])C([*:1])C([*:2])C([*:3])N1[*:4],[*:1]F,[*:2]Br,[*:3]C,[*:4]CC,[*:5]N,5.525
C1C(F)C(F)C(Br)C(C)N1C(F)(F)F,C1C([*:5])C([*:1])C([*:2])C([*:3])N1[*:4],[*:1]F,[*:2]Br,[*:3]C,[*:4]C(F)(F)F,[*:5]F,5.587
C1C(N)C(F)C(Br)C(C)N1C(F)(F)F,C1C([*:5])C([*:1])C([*:2])C([*:3])N1[*:4],[*:1]F,[*:2]Br,[*:3]C,[*:4]C(F)(F)F,[*:5]N,5.377
C1C(C)C(F)C(Br)C(C)N1OC,C1C([*:5])C([*:1])C([*:2])C([*:3])N1[*:4],[*:1]F,[*:2]Br,[*:3]C,[*:4]OC,[*:5]C,5.459
C1C(OC)C(F)C(Br)C(C)N1OC,C1C([*:5])C([*:1])C([*:2])C([*:3])N1[*:4],[*:1]F,[*:2]Br,[*:3]C,[*:4]OC,[*:5]OC,5.846
C1C(F)C(F)C(Br)C(C)N1OC,C1C([*:5])C([*:1])C([*:2])C([*:3])N1[*:4],[*:1]F,[*:2]Br,[*:3]C,[*:4]OC,[*:5]F,5.769
C1C(N)C(F)C(Br)C(C)N1OC,C1C([*:5])C([*:1])C([*:2])C([*:3])N1[*:4],[*:1]F,[*:2]Br,[*:3]C,[*:4]OC,[*:5]N,5.639
C1C(OC)C(F)C(Br)C(N)N1CC,C1C([*:5])C([*:1])C([*:2])C([*:3])N1[*:4],[*:1]F,[*:2]Br,[*:3]N,[*:4]CC,[*:5]OC,5.670
C1C(F)C(F)C(Br)C(N)N1CC,C1C([*:5])C([*:1])C([*:2])C([*:3])N1[*:4],[*:1]F,[*:2]Br,[*:3]N,[*:4]CC,[*:5]F,5.674
C1C(OC)C(F)C(Br)C(N)N1C(F)(F)F,C1C([*:5])C([*:1])C([*:2])C([*:3])N1[*:4],[*:1]F,[*:2]Br,[*:3]N,[*:4]C(F)(F)F,[*:5]OC,5.712
C1C(F)C(F)C(Br)C(N)N1C(F)(F)F,C1C([*:5])C([*:1])C([*:2])C([*:3])N1[*:4],[*:1]F,[*:2]Br,[*:3]N,[*:4]C(F)(F)F,[*:5]F,5.550
C1C(N)C(F)C(Br)C(N)N1C(F)(F)F,C1C([*:5])C([*:1])C([*:2])C([*:3])N1[*:4],[*:1]F,[*:2]Br,[*:3]N,[*:4]C(F)(F)F,[*:5]N,5.393
C1C(OC)C(F)C(Br)C(O)N1C,C1C([*:5])C([*:1])C([*:2])C([*:3])N1[*:4],[*:1]F,[*:2]Br,[*:3]O,[*:4]C,[*:5]OC,6.045
C1C(N)C(F)C(Br)C(O)N1C,C1C([*:5])C([*:1])C([*:2])C([*:3])N1[*:4],[*:1]F,[*:2]Br,[*:3]O,[*:4]C,[*:5]N,5.627
C1C(C)C(F)C(Br)C(O)N1CC,C1C([*:5])C([*:1])C([*:2])C([*:3])N1[*:4],[*:1]F,[*:2]Br,[*:3]O,[*:4]CC,[*:5]C,5.430
C1C(OC)C(F)C(Br)C(O)N1CC,C1C([*:5])C([*:1])C([*:2])C([*:3])N1[*:4],[*:1]F,[*:2]Br,[*:3]O,[*:4]CC,[*:5]OC,5.792
C1C(F)C(F)C(Br)C(O)N1CC,C1C([*:5])C([*:1])C([*:2])C([*:3])N1[*:4],[*:1]F,[*:2]Br,[*:3]O,[*:4]CC,[*:5]F,5.661
C1C(N)C(F)C(Br)C(O)N1CC,C1C([*:5])C([*:1])C([*:2])C([*:3])N1[*:4],[*:1]F,[*:2]Br,[*:3]O,[*:4]CC,[*:5]N,5.526
C1C(OC)C(F)C(Br)C(O)N1C(F)(F)F,C1C([*:5])C([*:1])C([*:2])C([*:3])N1[*:4],[*:1]F,[*:2]Br,[*:3]O,[*:4]C(F)(F)F,[*:5]OC,5.681
C1C(F)C(F)C(Br)C(O)N1C(F)(F)F,C1C([*:5])C([*:1])C([*:2])C([*:3])N1[*:4],[*:1]F,[*:2]Br,[*:3]O,[*:4]C(F)(F)F,[*:5]F,5.475
C1C(C)C(F)C(Br)C(O)N1OC,C1C([*:5])C([*:1])C([*:2])C([*:3])N1[*:4],[*:1]F,[*:2]Br,[*:3]O,[*:4]OC,[*:5]C,5.560
C1C(OC)C(F)C(Br)C(O)N1OC,C1C([*:5])C([*:1])C([*:2])C([*:3])N1[*:4],[*:1]F,[*:2]Br,[*:3]O,[*:4]OC,[*:5]OC,5.833
C1C(F)C(F)C(Br)C(O)N1OC,C1C([*:5])C([*:1])C([*:2])C([*:3])N1[*:4],[*:1]F,[*:2]Br,[*:3]O,[*:4]OC,[*:5]F,5.748
C1C(C)C(F)C(Br)C(Br)N1C,C1C([*:5])C([*:1])C([*:2])C([*:3])N1[*:4],[*:1]F,[*:2]Br,[*:3]Br,[*:4]C,[*:5]C,5.503
C1C(OC)C(F)C(Br)C(Br)N1C,C1C([*:5])C([*:1])C([*:2])C([*:3])N1[*:4],[*:1]F,[*:2]Br,[*:3]Br,[*:4]C,[*:5]OC,5.968
C1C(N)C(F)C(Br)C(Br)N1C,C1C([*:5])C([*:1])C([*:2])C([*:3])N1[*:4],[*:1]F,[*:2]Br,[*:3]Br,[*:4]C,[*:5]N,5.591
C1C(C)C(F)C(Br)C(Br)N1CC,C1C([*:5])C([*:1])C([*:2])C([*:3])N1[*:4],[*:1]F,[*:2]Br,[*:3]Br,[*:4]CC,[*:5]C,5.310
C1C(OC)C(F)C(Br)C(Br)N1CC,C1C([*:5])C([*:1])C([*:2])C([*:3])N1[*:4],[*:1]F,[*:2]Br,[*:3]Br,[*:4]CC,[*:5]OC,5.770
C1C(F)C(F)C(Br)C(Br)N1CC,C1C([*:5])C([*:1])C([*:2])C([*:3])N1[*:4],[*:1]F,[*:2]Br,[*:3]Br,[*:4]CC,[*:5]F,5.576
C1C(N)C(F)C(Br)C(Br)N1CC,C1C([*:5])C([*:1])C([*:2])C([*:3])N1[*:4],[*:1]F,[*:2]Br,[*:3]Br,[*:4]CC,[*:5]N,5.508
C1C(F)C(F)C(Br)C(Br)N1C(F)(F)F,C1C([*:5])C([*:1])C([*:2])C([*:3])N1[*:4],[*:1]F,[*:2]Br,[*:3]Br,[*:4]C(F)(F)F,[*:5]F,5.452
C1C(N)C(F)C(Br)C(Br)N1C(F)(F)F,C1C([*:5])C([*:1])C([*:2])C([*:3])N1[*:4],[*:1]F,[*:2]Br,[*:3]Br,[*:4]C(F)(F)F,[*:5]N,5.404
C1C(C)C(F)C(Br)C(Br)N1OC,C1C([*:5])C([*:1])C([*:2])C([*:3])N1[*:4],[*:1]F,[*:2]Br,[*:3]Br,[*:4]OC,[*:5]C,5.524
C1C(N)C(F)C(Br)C(Br)N1OC,C1C([*:5])C([*:1])C([*:2])C([*:3])N1[*:4],[*:1]F,[*:2]Br,[*:3]Br,[*:4]OC,[*:5]N,5.474
C1C(OC)C(Cl)C(F)C(C)N1C,C1C([*:5])C([*:1])C([*:2])C([*:3])N1[*:4],[*:1]Cl,[*:2]F,[*:3]C,[*:4]C,[*:5]OC,6.650
C1C(C)C(Cl)C(F)C(C)N1CC,C1C([*:5])C([*:1])C([*:2])C([*:3])N1[*:4],[*:1]Cl,[*:2]F,[*:3]C,[*:4]CC,[*:5]C,6.170
C1C(F)C(Cl)C(F)C(C)N1CC,C1C([*:5])C([*:1])C([*:2])C([*:3])N1[*:4],[*:1]Cl,[*:2]F,[*:3]C,[*:4]CC,[*:5]F,6.366
C1C(F)C(Cl)C(F)C(C)N1C(F)(F)F,C1C([*:5])C([*:1])C([*:2])C([*:3])N1[*:4],[*:1]Cl,[*:2]F,[*:3]C,[*:4]C(F)(F)F,[*:5]F,6.186
C1C(C)C(Cl)C(F)C(C)N1OC,C1C([*:5])C([*:1])C([*:2])C([*:3])N1[*:4],[*:1]Cl,[*:2]F,[*:3]C,[*:4]OC,[*:5]C,6.118
C1C(OC)C(Cl)C(F)C(C)N1OC,C1C([*:5])C([*:1])C([*:2])C([*:3])N1[*:4],[*:1]Cl,[*:2]F,[*:3]C,[*:4]OC,[*:5]OC,6.658
C1C(F)C(Cl)C(F)C(C)N1OC,C1C([*:5])C([*:1])C([*:2])C([*:3])N1[*:4],[*:1]Cl,[*:2]F,[*:3]C,[*:4]OC,[*:5]F,6.410
C1C(N)C(Cl)C(F)C(C)N1OC,C1C([*:5])C([*:1])C([*:2])C([*:3])N1[*:4],[*:1]Cl,[*:2]F,[*:3]C,[*:4]OC,[*:5]N,6.299
C1C(C)C(Cl)C(F)C(N)N1C,C1C([*:5])C([*:1])C([*:2])C([*:3])N1[*:4],[*:1]Cl,[*:2]F,[*:3]N,[*:4]C,[*:5]C,6.197
C1C(N)C(Cl)C(F)C(N)N1C,C1C([*:5])C([*:1])C([*:2])C([*:3])N1[*:4],[*:1]Cl,[*:2]F,[*:3]N,[*:4]C,[*:5]N,6.427
C1C(OC)C(Cl)C(F)C(N)N1CC,C1C([*:5])C([*:1])C([*:2])C([*:3])N1[*:4],[*:1]Cl,[*:2]F,[*:3]N,[*:4]CC,[*:5]OC,6.440
C1C(F)C(Cl)C(F)C(N)N1CC,C1C([*:5])C([*:1])C([*:2])C([*:3])N1[*:4],[*:1]Cl,[*:2]F,[*:3]N,[*:4]CC,[*:5]F,6.236
C1C(N)C(Cl)C(F)C(N)N1CC,C1C([*:5])C([*:1])C([*:2])C([*:3])N1[*:4],[*:1]Cl,[*:2]F,[*:3]N,[*:4]CC,[*:5]N,6.138
C1C(OC)C(Cl)C(F)C(N)N1C(F)(F)F,C1C([*:5])C([*:1])C([*:2])C([*:3])N1[*:4],[*:1]Cl,[*:2]F,[*:3]N,[*:4]C(F)(F)F,[*:5]OC,6.403
C1C(F)C(Cl)C(F)C(N)N1OC,C1C([*:5])C([*:1])C([*:2])C([*:3])N1[*:4],[*:1]Cl,[*:2]F,[*:3]N,[*:4]OC,[*:5]F,6.456
C1C(N)C(Cl)C(F)C(N)N1OC,C1C([*:5])C([*:1])C([*:2])C([*:3])N1[*:4],[*:1]Cl,[*:2]F,[*:3]N,[*:4]OC,[*:5]N,6.344
C1C(C)C(Cl)C(F)C(O)N1C,C1C([*:5])C([*:1])C([*:2])C([*:3])N1[*:4],[*:1]Cl,[*:2]F,[*:3]O,[*:4]C,[*:5]C,6.206
C1C(C)C(Cl)C(F)C(O)N1CC,C1C([*:5])C([*:1])C([*:2])C([*:3])N1[*:4],[*:1]Cl,[*:2]F,[*:3]O,[*:4]CC,[*:5]C,6.160
C1C(N)C(Cl)C(F)C(O)N1CC,C1C([*:5])C([*:1])C([*:2])C([*:3])N1[*:4],[*:1]Cl,[*:2]F,[*:3]O,[*:4]CC,[*:5]N,6.270
C1C(OC)C(Cl)C(F)C(O)N1C(F)(F)F,C1C([*:5])C([*:1])C([*:2])C([*:3])N1[*:4],[*:1]Cl,[*:2]F,[*:3]O,[*:4]C(F)(F)F,[*:5]OC,6.440
C1C(F)C(Cl)C(F)C(O)N1C(F)(F)F,C1C([*:5])C([*:1])C([*:2])C([*:3])N1[*:4],[*:1]Cl,[*:2]F,[*:3]O,[*:4]C(F)(F)F,[*:5]F,6.209
C1C(N)C(Cl)C(F)C(O)N1C(F)(F)F,C1C([*:5])C([*:1])C([*:2])C([*:3])N1[*:4],[*:1]Cl,[*:2]F,[*:3]O,[*:4]C(F)(F)F,[*:5]N,6.061
C1C(OC)C(Cl)C(F)C(Br)N1C,C1C([*:5])C([*:1])C([*:2])C([*:3])N1[*:4],[*:1]Cl,[*:2]F,[*:3]Br,[*:4]C,[*:5]OC,6.616
C1C(F)C(Cl)C(F)C(Br)N1C,C1C([*:5])C([*:1])C([*:2])C([*:3])N1[*:4],[*:1]Cl,[*:2]F,[*:3]Br,[*:4]C,[*:5]F,6.464
C1C(C)C(Cl)C(F)C(Br)N1CC,C1C([*:5])C([*:1])C([*:2])C([*:3])N1[*:4],[*:1]Cl,[*:2]F,[*:3]Br,[*:4]CC,[*:5]C,6.159
C1C(OC)C(Cl)C(F)C(Br)N1CC,C1C([*:5])C([*:1])C([*:2])C([*:3])N1[*:4],[*:1]Cl,[*:2]F,[*:3]Br,[*:4]CC,[*:5]OC,6.512
C1C(N)C(Cl)C(F)C(Br)N1CC,C1C([*:5])C([*:1])C([*:2])C([*:3])N1[*:4],[*:1]Cl,[*:2]F,[*:3]Br,[*:4]CC,[*:5]N,6.317
C1C(OC)C(Cl)C(F)C(Br)N1C(F)(F)F,C1C([*:5])C([*:1])C([*:2])C([*:3])N1[*:4],[*:1]Cl,[*:2]F,[*:3]Br,[*:4]C(F)(F)F,[*:5]OC,6.442
C1C(C)C(Cl)C(F)C(Br)N1OC,C1C([*:5])C([*:1])C([*:2])C([*:3])N1[*:4],[*:1]Cl,[*:2]F,[*:3]Br,[*:4]OC,[*:5]C,6.129
C1C(OC)C(Cl)C(F)C(Br)N1OC,C1C([*:5])C([*:1])C([*:2])C([*:3])N1[*:4],[*:1]Cl,[*:2]F,[*:3]Br,[*:4]OC,[*:5]OC,6.558
C1C(F)C(Cl)C(Cl)C(C)N1C,C1C([*:5])C([*:1])C([*:2])C([*:3])N1[*:4],[*:1]Cl,[*:2]Cl,[*:3]C,[*:4]C,[*:5]F,6.305
C1C(N)C(Cl)C(Cl)C(C)N1C,C1C([*:5])C([*:1])C([*:2])C([*:3])N1[*:4],[*:1]Cl,[*:2]Cl,[*:3]C,[*:4]C,[*:5]N,6.206
C1C(OC)C(Cl)C(Cl)C(C)N1CC,C1C([*:5])C([*:1])C([*:2])C([*:3])N1[*:4],[*:1]Cl,[*:2]Cl,[*:3]C,[*:4]CC,[*:5]OC,6.270
C1C(C)C(Cl)C(Cl)C(C)N1C(F)(F)F,C1C([*:5])C([*:1])C([*:2])C([*:3])N1[*:4],[*:1]Cl,[*:2]Cl,[*:3]C,[*:4]C(F)(F)F,[*:5]C,5.736
C1C(OC)C(Cl)C(Cl)C(C)N1C(F)(F)F,C1C([*:5])C([*:1])C([*:2])C([*:3])N1[*:4],[*:1]Cl,[*:2]Cl,[*:3]C,[*:4]C(F)(F)F,[*:5]OC,6.232
C1C(F)C(Cl)C(Cl)C(C)N1C(F)(F)F,C1C([*:5])C([*:1])C([*:2])C([*:3])N1[*:4],[*:1]Cl,[*:2]Cl,[*:3]C,[*:4]C(F)(F)F,[*:5]F,6.040
C1C(F)C(Cl)C(Cl)C(C)N1OC,C1C([*:5])C([*:1])C([*:2])C([*:3])N1[*:4],[*:1]Cl,[*:2]Cl,[*:3]C,[*:4]OC,[*:5]F,6.211
C1C(C)C(Cl)C(Cl)C(N)N1C,C1C([*:5])C([*:1])C([*:2])C([*:3])N1[*:4],[*:1]Cl,[*:2]Cl,[*:3]N,[*:4]C,[*:5]C,5.994
C1C(F)C(Cl)C(Cl)C(N)N1C,C1C([*:5])C([*:1])C([*:2])C([*:3])N1[*:4],[*:1]Cl,[*:2]Cl,[*:3]N,[*:4]C,[*:5]F,6.244
C1C(OC)C(Cl)C(Cl)C(N)N1CC,C1C([*:5])C([*:1])C([*:2])C([*:3])N1[*:4],[*:1]Cl,[*:2]Cl,[*:3]N,[*:4]CC,[*:5]OC,6.357
C1C(N)C(Cl)C(Cl)C(N)N1CC,C1C([*:5])C([*:1])C([*:2])C([*:3])N1[*:4],[*:1]Cl,[*:2]Cl,[*:3]N,[*:4]CC,[*:5]N,6.035
C1C(OC)C(Cl)C(Cl)C(N)N1C(F)(F)F,C1C([*:5])C([*:1])C([*:2])C([*:3])N1[*:4],[*:1]Cl,[*:2]Cl,[*:3]N,[*:4]C(F)(F)F,[*:5]OC,6.166
C1C(F)C(Cl)C(Cl)C(N)N1C(F)(F)F,C1C([*:5])C([*:1])C([*:2])C([*:3])N1[*:4],[*:1]Cl,[*:2]Cl,[*:3]N,[*:4]C(F)(F)F,[*:5]F,5.987
C1C(C)C(Cl)C(Cl)C(N)N1OC,C1C([*:5])C([*:1])C([*:2])C([*:3])N1[*:4],[*:1]Cl,[*:2]Cl,[*:3]N,[*:4]OC,[*:5]C,5.872
C1C(C)C(Cl)C(Cl)C(O)N1C,C1C([*:5])C([*:1])C([*:2])C([*:3])N1[*:4],[*:1]Cl,[*:2]Cl,[*:3]O,[*:4]C,[*:5]C,6.069
C1C(OC)C(Cl)C(Cl)C(O)N1C,C1C([*:5])C([*:1])C([*:2])C([*:3])N1[*:4],[*:1]Cl,[*:2]Cl,[*:3]O,[*:4]C,[*:5]OC,6.432
C1C(F)C(Cl)C(Cl)C(O)N1C,C1C([*:5])C([*:1])C([*:2])C([*:3])N1[*:4],[*:1]Cl,[*:2]Cl,[*:3]O,[*:4]C,[*:5]F,6.234
C1C(N)C(Cl)C(Cl)C(O)N1C,C1C([*:5])C([*:1])C([*:2])C([*:3])N1[*:4],[*:1]Cl,[*:2]Cl,[*:3]O,[*:4]C,[*:5]N,6.146
C1C(N)C(Cl)C(Cl)C(O)N1CC,C1C([*:5])C([*:1])C([*:2])C([*:3])N1[*:4],[*:1]Cl,[*:2]Cl,[*:3]O,[*:4]CC,[*:5]N,6.049
C1C(C)C(Cl)C(Cl)C(O)N1C(F)(F)F,C1C([*:5])C([*:1])C([*:2])C([*:3])N1[*:4],[*:1]Cl,[*:2]Cl,[*:3]O,[*:4]C(F)(F)F,[*:5]C,5.781
C1C(C)C(Cl)C(Cl)C(Br)N1C,C1C([*:5])C([*:1])C([*:2])C([*:3])N1[*:4],[*:1]Cl,[*:2]Cl,[*:3]Br,[*:4]C,[*:5]C,5.985
C1C(F)C(Cl)C(Cl)C(Br)N1C,C1C([*:5])C([*:1])C([*:2])C([*:3])N1[*:4],[*:1]Cl,[*:2]Cl,[*:3]Br,[*:4]C,[*:5]F,6.248
C1C(C)C(Cl)C(Cl)C(Br)N1CC,C1C([*:5])C([*:1])C([*:2])C([*:3])N1[*:4],[*:1]Cl,[*:2]Cl,[*:3]Br,[*:4]CC,[*:5]C,5.986
C1C(F)C(Cl)C(Cl)C(Br)N1CC,C1C([*:5])C([*:1])C([*:2])C([*:3])N1[*:4],[*:1]Cl,[*:2]Cl,[*:3]Br,[*:4]CC,[*:5]F,6.100
C1C(OC)C(Cl)C(Cl)C(Br)N1C(F)(F)F,C1C([*:5])C([*:1])C([*:2])C([*:3])N1[*:4],[*:1]Cl,[*:2]Cl,[*:3]Br,[*:4]C(F)(F)F,[*:5]OC,6.259
C1C(F)C(Cl)C(Cl)C(Br)N1C(F)(F)F,C1C([*:5])C([*:1])C([*:2])C([*:3])N1[*:4],[*:1]Cl,[*:2]Cl,[*:3]Br,[*:4]C(F)(F)F,[*:5]F,6.033
C1C(N)C(Cl)C(Cl)C(Br)N1C(F)(F)F,C1C([*:5])C([*:1])C([*:2])C([*:3])N1[*:4],[*:1]Cl,[*:2]Cl,[*:3]Br,[*:4]C(F)(F)F,[*:5]N,5.900
C1C(C)C(Cl)C(Cl)C(Br)N1OC,C1C([*:5])C([*:1])C([*:2])C([*:3])N1[*:4],[*:1]Cl,[*:2]Cl,[*:3]Br,[*:4]OC,[*:5]C,5.961
C1C(F)C(Cl)C(Cl)C(Br)N1OC,C1C([*:5])C([*:1])C([*:2])C([*:3])N1[*:4],[*:1]Cl,[*:2]Cl,[*:3]Br,[*:4]OC,[*:5]F,6.165
C1C(F)C(Cl)C(C)C(C)N1C,C1C([*:5])C([*:1])C([*:2])C([*:3])N1[*:4],[*:1]Cl,[*:2]C,[*:3]C,[*:4]C,[*:5]F,5.735
C1C(N)C(Cl)C(C)C(C)N1C,C1C([*:5])C([*:1])C([*:2])C([*:3])N1[*:4],[*:1]Cl,[*:2]C,[*:3]C,[*:4]C,[*:5]N,5.536
C1C(N)C(Cl)C(C)C(C)N1CC,C1C([*:5])C([*:1])C([*:2])C([*:3])N1[*:4],[*:1]Cl,[*:2]C,[*:3]C,[*:4]CC,[*:5]N,5.402
C1C(F)C(Cl)C(C)C(C)N1C(F)(F)F,C1C([*:5])C([*:1])C([*:2])C([*:3])N1[*:4],[*:1]Cl,[*:2]C,[*:3]C,[*:4]C(F)(F)F,[*:5]F,5.451
C1C(OC)C(Cl)C(C)C(C)N1OC,C1C([*:5])C([*:1])C([*:2])C([*:3])N1[*:4],[*:1]Cl,[*:2]C,[*:3]C,[*:4]OC,[*:5]OC,5.868
C1C(F)C(Cl)C(C)C(C)N1OC,C1C([*:5])C([*:1])C([*:2])C([*:3])N1[*:4],[*:1]Cl,[*:2]C,[*:3]C,[*:4]OC,[*:5]F,5.574
C1C(C)C(Cl)C(C)C(N)N1C,C1C([*:5])C([*:1])C([*:2])C([*:3])N1[*:4],[*:1]Cl,[*:2]C,[*:3]N,[*:4]C,[*:5]C,5.374
C1C(OC)C(Cl)C(C)C(N)N1C,C1C([*:5])C([*:1])C([*:2])C([*:3])N1[*:4],[*:1]Cl,[*:2]C,[*:3]N,[*:4]C,[*:5]OC,5.812
C1C(N)C(Cl)C(C)C(N)N1C,C1C([*:5])C([*:1])C([*:2])C([*:3])N1[*:4],[*:1]Cl,[*:2]C,[*:3]N,[*:4]C,[*:5]N,5.526
C1C(F)C(Cl)C(C)C(N)N1CC,C1C([*:5])C([*:1])C([*:2])C([*:3])N1[*:4],[*:1]Cl,[*:2]C,[*:3]N,[*:4]CC,[*:5]F,5.556
C1C(F)C(Cl)C(C)C(N)N1C(F)(F)F,C1C([*:5])C([*:1])C([*:2])C([*:3])N1[*:4],[*:1]Cl,[*:2]C,[*:3]N,[*:4]C(F)(F)F,[*:5]F,5.395
C1C(F)C(Cl)C(C)C(N)N1OC,C1C([*:5])C([*:1])C([*:2])C([*:3])N1[*:4],[*:1]Cl,[*:2]C,[*:3]N,[*:4]OC,[*:5]F,5.707
C1C(N)C(Cl)C(C)C(N)N1OC,C1C([*:5])C([*:1])C([*:2])C([*:3])N1[*:4],[*:1]Cl,[*:2]C,[*:3]N,[*:4]OC,[*:5]N,5.501
C1C(N)C(Cl)C(C)C(O)N1C,C1C([*:5])C([*:1])C([*:2])C([*:3])N1[*:4],[*:1]Cl,[*:2]C,[*:3]O,[*:4]C,[*:5]N,5.605
C1C(F)C(Cl)C(C)C(O)N1CC,C1C([*:5])C([*:1])C([*:2])C([*:3])N1[*:4],[*:1]Cl,[*:2]C,[*:3]O,[*:4]CC,[*:5]F,5.459
C1C(C)C(Cl)C(C)C(O)N1C(F)(F)F,C1C([*:5])C([*:1])C([*:2])C([*:3])N1[*:4],[*:1]Cl,[*:2]C,[*:3]O,[*:4]C(F)(F)F,[*:5]C,5.267
C1C(OC)C(Cl)C(C)C(O)N1C(F)(F)F,C1C([*:5])C([*:1])C([*:2])C([*:3])N1[*:4],[*:1]Cl,[*:2]C,[*:3]O,[*:4]C(F)(F)F,[*:5]OC,5.620
C1C(F)C(Cl)C(C)C(O)N1C(F)(F)F,C1C([*:5])C([*:1])C([*:2])C([*:3])N1[*:4],[*:1]Cl,[*:2]C,[*:3]O,[*:4]C(F)(F)F,[*:5]F,5.482
C1C(N)C(Cl)C(C)C(O)N1C(F)(F)F,C1C([*:5])C([*:1])C([*:2])C([*:3])N1[*:4],[*:1]Cl,[*:2]C,[*:3]O,[*:4]C(F)(F)F,[*:5]N,5.316
C1C(C)C(Cl)C(C)C(O)N1OC,C1C([*:5])C([*:1])C([*:2])C([*:3])N1[*:4],[*:1]Cl,[*:2]C,[*:3]O,[*:4]OC,[*:5]C,5.334
C1C(OC)C(Cl)C(C)C(O)N1OC,C1C([*:5])C([*:1])C([*:2])C([*:3])N1[*:4],[*:1]Cl,[*:2]C,[*:3]O,[*:4]OC,[*:5]OC,5.832
C1C(F)C(Cl)C(C)C(O)N1OC,C1C([*:5])C([*:1])C([*:2])C([*:3])N1[*:4],[*:1]Cl,[*:2]C,[*:3]O,[*:4]OC,[*:5]F,5.618
C1C(C)C(Cl)C(C)C(Br)N1C,C1C([*:5])C([*:1])C([*:2])C([*:3])N1[*:4],[*:1]Cl,[*:2]C,[*:3]Br,[*:4]C,[*:5]C,5.367
C1C(N)C(Cl)C(C)C(Br)N1C,C1C([*:5])C([*:1])C([*:2])C([*:3])N1[*:4],[*:1]Cl,[*:2]C,[*:3]Br,[*:4]C,[*:5]N,5.487
C1C(OC)C(Cl)C(C)C(Br)N1CC,C1C([*:5])C([*:1])C([*:2])C([*:3])N1[*:4],[*:1]Cl,[*:2]C,[*:3]Br,[*:4]CC,[*:5]OC,5.659
C1C(C)C(Cl)C(C)C(Br)N1C(F)(F)F,C1C([*:5])C([*:1])C([*:2])C([*:3])N1[*:4],[*:1]Cl,[*:2]C,[*:3]Br,[*:4]C(F)(F)F,[*:5]C,5.175
C1C(F)C(Cl)C(C)C(Br)N1C(F)(F)F,C1C([*:5])C([*:1])C([*:2])C([*:3])N1[*:4],[*:1]Cl,[*:2]C,[*:3]Br,[*:4]C(F)(F)F,[*:5]F,5.352
C1C(N)C(Cl)C(C)C(Br)N1C(F)(F)F,C1C([*:5])C([*:1])C([*:2])C([*:3])N1[*:4],[*:1]Cl,[*:2]C,[*:3]Br,[*:4]C(F)(F)F,[*:5]N,5.318
C1C(OC)C(Cl)C(C)C(Br)N1OC,C1C([*:5])C([*:1])C([*:2])C([*:3])N1[*:4],[*:1]Cl,[*:2]C,[*:3]Br,[*:4]OC,[*:5]OC,5.778
C1C(F)C(Cl)C(C)C(Br)N1OC,C1C([*:5])C([*:1])C([*:2])C([*:3])N1[*:4],[*:1]Cl,[*:2]C,[*:3]Br,[*:4]OC,[*:5]F,5.438
C1C(N)C(Cl)C(C)C(Br)N1OC,C1C([*:5])C([*:1])C([*:2])C([*:3])N1[*:4],[*:1]Cl,[*:2]C,[*:3]Br,[*:4]OC,[*:5]N,5.536
C1C(OC)C(Cl)C(OC)C(C)N1C,C1C([*:5])C([*:1])C([*:2])C([*:3])N1[*:4],[*:1]Cl,[*:2]OC,[*:3]C,[*:4]C,[*:5]OC,5.691
C1C(F)C(Cl)C(OC)C(C)N1C,C1C([*:5])C([*:1])C([*:2])C([*:3])N1[*:4],[*:1]Cl,[*:2]OC,[*:3]C,[*:4]C,[*:5]F,5.410
C1C(N)C(Cl)C(OC)C(C)N1C,C1C([*:5])C([*:1])C([*:2])C([*:3])N1[*:4],[*:1]Cl,[*:2]OC,[*:3]C,[*:4]C,[*:5]N,5.352
C1C(C)C(Cl)C(OC)C(C)N1CC,C1C([*:5])C([*:1])C([*:2])C([*:3])N1[*:4],[*:1]Cl,[*:2]OC,[*:3]C,[*:4]CC,[*:5]C,5.104
C1C(OC)C(Cl)C(OC)C(C)N1CC,C1C([*:5])C([*:1])C([*:2])C([*:3])N1[*:4],[*:1]Cl,[*:2]OC,[*:3]C,[*:4]CC,[*:5]OC,5.533
C1C(F)C(Cl)C(OC)C(C)N1CC,C1C([*:5])C([*:1])C([*:2])C([*:3])N1[*:4],[*:1]Cl,[*:2]OC,[*:3]C,[*:4]CC,[*:5]F,5.455
C1C(OC)C(Cl)C(OC)C(C)N1C(F)(F)F,C1C([*:5])C([*:1])C([*:2])C([*:3])N1[*:4],[*:1]Cl,[*:2]OC,[*:3]C,[*:4]C(F)(F)F,[*:5]OC,5.491
C1C(F)C(Cl)C(OC)C(C)N1C(F)(F)F,C1C([*:5])C([*:1])C([*:2])C([*:3])N1[*:4],[*:1]Cl,[*:2]OC,[*:3]C,[*:4]C(F)(F)F,[*:5]F,5.180
C1C(N)C(Cl)C(OC)C(C)N1C(F)(F)F,C1C([*:5])C([*:1])C([*:2])C([*:3])N1[*:4],[*:1]Cl,[*:2]OC,[*:3]C,[*:4]C(F)(F)F,[*:5]N,5.072
C1C(C)C(Cl)C(OC)C(C)N1OC,C1C([*:5])C([*:1])C([*:2])C([*:3])N1[*:4],[*:1]Cl,[*:2]OC,[*:3]C,[*:4]OC,[*:5]C,5.194
C1C(F)C(Cl)C(OC)C(C)N1OC,C1C([*:5])C([*:1])C([*:2])C([*:3])N1[*:4],[*:1]Cl,[*:2]OC,[*:3]C,[*:4]OC,[*:5]F,5.519
C1C(N)C(Cl)C(OC)C(C)N1OC,C1C([*:5])C([*:1])C([*:2])C([*:3])N1[*:4],[*:1]Cl,[*:2]OC,[*:3]C,[*:4]OC,[*:5]N,5.266
C1C(F)C(Cl)C(OC)C(N)N1C,C1C([*:5])C([*:1])C([*:2])C([*:3])N1[*:4],[*:1]Cl,[*:2]OC,[*:3]N,[*:4]C,[*:5]F,5.485
C1C(N)C(Cl)C(OC)C(N)N1C,C1C([*:5])C([*:1])C([*:2])C([*:3])N1[*:4],[*:1]Cl,[*:2]OC,[*:3]N,[*:4]C,[*:5]N,5.333
C1C(OC)C(Cl)C(OC)C(N)N1CC,C1C([*:5])C([*:1])C([*:2])C([*:3])N1[*:4],[*:1]Cl,[*:2]OC,[*:3]N,[*:4]CC,[*:5]OC,5.551
C1C(N)C(Cl)C(OC)C(N)N1CC,C1C([*:5])C([*:1])C([*:2])C([*:3])N1[*:4],[*:1]Cl,[*:2]OC,[*:3]N,[*:4]CC,[*:5]N,5.253
C1C(C)C(Cl)C(OC)C(N)N1C(F)(F)F,C1C([*:5])C([*:1])C([*:2])C([*:3])N1[*:4],[*:1]Cl,[*:2]OC,[*:3]N,[*:4]C(F)(F)F,[*:5]C,4.966
C1C(OC)C(Cl)C(OC)C(N)N1C(F)(F)F,C1C([*:5])C([*:1])C([*:2])C([*:3])N1[*:4],[*:1]Cl,[*:2]OC,[*:3]N,[*:4]C(F)(F)F,[*:5]OC,5.430
C1C(N)C(Cl)C(OC)C(N)N1C(F)(F)F,C1C([*:5])C([*:1])C([*:2])C([*:3])N1[*:4],[*:1]Cl,[*:2]OC,[*:3]N,[*:4]C(F)(F)F,[*:5]N,5.135
C1C(C)C(Cl)C(OC)C(N)N1OC,C1C([*:5])C([*:1])C([*:2])C([*:3])N1[*:4],[*:1]Cl,[*:2]OC,[*:3]N,[*:4]OC,[*:5]C,5.158
C1C(C)C(Cl)C(OC)C(O)N1C,C1C([*:5])C([*:1])C([*:2])C([*:3])N1[*:4],[*:1]Cl,[*:2]OC,[*:3]O,[*:4]C,[*:5]C,5.325
C1C(OC)C(Cl)C(OC)C(O)N1C,C1C([*:5])C([*:1])C([*:2])C([*:3])N1[*:4],[*:1]Cl,[*:2]OC,[*:3]O,[*:4]C,[*:5]OC,5.730
C1C(N)C(Cl)C(OC)C(O)N1C,C1C([*:5])C([*:1])C([*:2])C([*:3])N1[*:4],[*:1]Cl,[*:2]OC,[*:3]O,[*:4]C,[*:5]N,5.312
C1C(C)C(Cl)C(OC)C(O)N1CC,C1C([*:5])C([*:1])C([*:2])C([*:3])N1[*:4],[*:1]Cl,[*:2]OC,[*:3]O,[*:4]CC,[*:5]C,5.159
C1C(N)C(Cl)C(OC)C(O)N1CC,C1C([*:5])C([*:1])C([*:2])C([*:3])N1[*:4],[*:1]Cl,[*:2]OC,[*:3]O,[*:4]CC,[*:5]N,5.247
C1C(C)C(Cl)C(OC)C(O)N1C(F)(F)F,C1C([*:5])C([*:1])C([*:2])C([*:3])N1[*:4],[*:1]Cl,[*:2]OC,[*:3]O,[*:4]C(F)(F)F,[*:5]C,4.976
C1C(F)C(Cl)C(OC)C(O)N1C(F)(F)F,C1C([*:5])C([*:1])C([*:2])C([*:3])N1[*:4],[*:1]Cl,[*:2]OC,[*:3]O,[*:4]C(F)(F)F,[*:5]F,5.259
C1C(C)C(Cl)C(OC)C(O)N1OC,C1C([*:5])C([*:1])C([*:2])C([*:3])N1[*:4],[*:1]Cl,[*:2]OC,[*:3]O,[*:4]OC,[*:5]C,5.311
C1C(OC)C(Cl)C(OC)C(O)N1OC,C1C([*:5])C([*:1])C([*:2])C([*:3])N1[*:4],[*:1]Cl,[*:2]OC,[*:3]O,[*:4]OC,[*:5]OC,5.612
C1C(OC)C(Cl)C(OC)C(Br)N1C,C1C([*:5])C([*:1])C([*:2])C([*:3])N1[*:4],[*:1]Cl,[*:2]OC,[*:3]Br,[*:4]C,[*:5]OC,5.543
C1C(F)C(Cl)C(OC)C(Br)N1C,C1C([*:5])C([*:1])C([*:2])C([*:3])N1[*:4],[*:1]Cl,[*:2]OC,[*:3]Br,[*:4]C,[*:5]F,5.485
C1C(C)C(Cl)C(OC)C(Br)N1CC,C1C([*:5])C([*:1])C([*:2])C([*:3])N1[*:4],[*:1]Cl,[*:2]OC,[*:3]Br,[*:4]CC,[*:5]C,5.127
C1C(N)C(Cl)C(OC)C(Br)N1CC,C1C([*:5])C([*:1])C([*:2])C([*:3])N1[*:4],[*:1]Cl,[*:2]OC,[*:3]Br,[*:4]CC,[*:5]N,5.152
C1C(C)C(Cl)C(OC)C(Br)N1C(F)(F)F,C1C([*:5])C([*:1])C([*:2])C([*:3])N1[*:4],[*:1]Cl,[*:2]OC,[*:3]Br,[*:4]C(F)(F)F,[*:5]C,5.010
C1C(OC)C(Cl)C(OC)C(Br)N1C(F)(F)F,C1C([*:5])C([*:1])C([*:2])C([*:3])N1[*:4],[*:1]Cl,[*:2]OC,[*:3]Br,[*:4]C(F)(F)F,[*:5]OC,5.406
C1C(F)C(Cl)C(OC)C(Br)N1C(F)(F)F,C1C([*:5])C([*:1])C([*:2])C([*:3])N1[*:4],[*:1]Cl,[*:2]OC,[*:3]Br,[*:4]C(F)(F)F,[*:5]F,5.131
C1C(N)C(Cl)C(OC)C(Br)N1C(F)(F)F,C1C([*:5])C([*:1])C([*:2])C([*:3])N1[*:4],[*:1]Cl,[*:2]OC,[*:3]Br,[*:4]C(F)(F)F,[*:5]N,5.151
C1C(C)C(Cl)C(OC)C(Br)N1OC,C1C([*:5])C([*:1])C([*:2])C([*:3])N1[*:4],[*:1]Cl,[*:2]OC,[*:3]Br,[*:4]OC,[*:5]C,5.145
C1C(OC)C(Cl)C(OC)C(Br)N1OC,C1C([*:5])C([*:1])C([*:2])C([*:3])N1[*:4],[*:1]Cl,[*:2]OC,[*:3]Br,[*:4]OC,[*:5]OC,5.562
C1C(N)C(Cl)C(OC)C(Br)N1OC,C1C([*:5])C([*:1])C([*:2])C([*:3])N1[*:4],[*:1]Cl,[*:2]OC,[*:3]Br,[*:4]OC,[*:5]N,5.276
C1C(C)C(Cl)C(Br)C(C)N1C,C1C([*:5])C([*:1])C([*:2])C([*:3])N1[*:4],[*:1]Cl,[*:2]Br,[*:3]C,[*:4]C,[*:5]C,5.945
C1C(F)C(Cl)C(Br)C(C)N1C,C1C([*:5])C([*:1])C([*:2])C([*:3])N1[*:4],[*:1]Cl,[*:2]Br,[*:3]C,[*:4]C,[*:5]F,6.136
C1C(C)C(Cl)C(Br)C(C)N1CC,C1C([*:5])C([*:1])C([*:2])C([*:3])N1[*:4],[*:1]Cl,[*:2]Br,[*:3]C,[*:4]CC,[*:5]C,5.728
C1C(OC)C(Cl)C(Br)C(C)N1CC,C1C([*:5])C([*:1])C([*:2])C([*:3])N1[*:4],[*:1]Cl,[*:2]Br,[*:3]C,[*:4]CC,[*:5]OC,6.167
C1C(N)C(Cl)C(Br)C(C)N1CC,C1C([*:5])C([*:1])C([*:2])C([*:3])N1[*:4],[*:1]Cl,[*:2]Br,[*:3]C,[*:4]CC,[*:5]N,5.871
C1C(OC)C(Cl)C(Br)C(C)N1C(F)(F)F,C1C([*:5])C([*:1])C([*:2])C([*:3])N1[*:4],[*:1]Cl,[*:2]Br,[*:3]C,[*:4]C(F)(F)F,[*:5]OC,6.048
C1C(N)C(Cl)C(Br)C(C)N1C(F)(F)F,C1C([*:5])C([*:1])C([*:2])C([*:3])N1[*:4],[*:1]Cl,[*:2]Br,[*:3]C,[*:4]C(F)(F)F,[*:5]N,5.736
C1C(OC)C(Cl)C(Br)C(C)N1OC,C1C([*:5])C([*:1])C([*:2])C([*:3])N1[*:4],[*:1]Cl,[*:2]Br,[*:3]C,[*:4]OC,[*:5]OC,6.268
C1C(F)C(Cl)C(Br)C(C)N1OC,C1C([*:5])C([*:1])C([*:2])C([*:3])N1[*:4],[*:1]Cl,[*:2]Br,[*:3]C,[*:4]OC,[*:5]F,6.211
C1C(N)C(Cl)C(Br)C(C)N1OC,C1C([*:5])C([*:1])C([*:2])C([*:3])N1[*:4],[*:1]Cl,[*:2]Br,[*:3]C,[*:4]OC,[*:5]N,5.985
C1C(F)C(Cl)C(Br)C(N)N1C,C1C([*:5])C([*:1])C([*:2])C([*:3])N1[*:4],[*:1]Cl,[*:2]Br,[*:3]N,[*:4]C,[*:5]F,6.141
C1C(OC)C(Cl)C(Br)C(N)N1CC,C1C([*:5])C([*:1])C([*:2])C([*:3])N1[*:4],[*:1]Cl,[*:2]Br,[*:3]N,[*:4]CC,[*:5]OC,6.162
C1C(F)C(Cl)C(Br)C(N)N1CC,C1C([*:5])C([*:1])C([*:2])C([*:3])N1[*:4],[*:1]Cl,[*:2]Br,[*:3]N,[*:4]CC,[*:5]F,6.002
C1C(OC)C(Cl)C(Br)C(N)N1C(F)(F)F,C1C([*:5])C([*:1])C([*:2])C([*:3])N1[*:4],[*:1]Cl,[*:2]Br,[*:3]N,[*:4]C(F)(F)F,[*:5]OC,6.102
C1C(F)C(Cl)C(Br)C(N)N1C(F)(F)F,C1C([*:5])C([*:1])C([*:2])C([*:3])N1[*:4],[*:1]Cl,[*:2]Br,[*:3]N,[*:4]C(F)(F)F,[*:5]F,5.934
C1C(OC)C(Cl)C(Br)C(N)N1OC,C1C([*:5])C([*:1])C([*:2])C([*:3])N1[*:4],[*:1]Cl,[*:2]Br,[*:3]N,[*:4]OC,[*:5]OC,6.238
C1C(F)C(Cl)C(Br)C(N)N1OC,C1C([*:5])C([*:1])C([*:2])C([*:3])N1[*:4],[*:1]Cl,[*:2]Br,[*:3]N,[*:4]OC,[*:5]F,6.056
C1C(N)C(Cl)C(Br)C(N)N1OC,C1C([*:5])C([*:1])C([*:2])C([*:3])N1[*:4],[*:1]Cl,[*:2]Br,[*:3]N,[*:4]OC,[*:5]N,5.944
C1C(C)C(Cl)C(Br)C(O)N1C,C1C([*:5])C([*:1])C([*:2])C([*:3])N1[*:4],[*:1]Cl,[*:2]Br,[*:3]O,[*:4]C,[*:5]C,5.939
C1C(OC)C(Cl)C(Br)C(O)N1C,C1C([*:5])C([*:1])C([*:2])C([*:3])N1[*:4],[*:1]Cl,[*:2]Br,[*:3]O,[*:4]C,[*:5]OC,6.288
C1C(F)C(Cl)C(Br)C(O)N1C,C1C([*:5])C([*:1])C([*:2])C([*:3])N1[*:4],[*:1]Cl,[*:2]Br,[*:3]O,[*:4]C,[*:5]F,6.138
C1C(C)C(Cl)C(Br)C(O)N1CC,C1C([*:5])C([*:1])C([*:2])C([*:3])N1[*:4],[*:1]Cl,[*:2]Br,[*:3]O,[*:4]CC,[*:5]C,5.835
C1C(OC)C(Cl)C(Br)C(O)N1CC,C1C([*:5])C([*:1])C([*:2])C([*:3])N1[*:4],[*:1]Cl,[*:2]Br,[*:3]O,[*:4]CC,[*:5]OC,6.189
C1C(F)C(Cl)C(Br)C(O)N1CC,C1C([*:5])C([*:1])C([*:2])C([*:3])N1[*:4],[*:1]Cl,[*:2]Br,[*:3]O,[*:4]CC,[*:5]F,6.003
C1C(N)C(Cl)C(Br)C(O)N1CC,C1C([*:5])C([*:1])C([*:2])C([*:3])N1[*:4],[*:1]Cl,[*:2]Br,[*:3]O,[*:4]CC,[*:5]N,5.893
C1C(OC)C(Cl)C(Br)C(O)N1C(F)(F)F,C1C([*:5])C([*:1])C([*:2])C([*:3])N1[*:4],[*:1]Cl,[*:2]Br,[*:3]O,[*:4]C(F)(F)F,[*:5]OC,6.050
C1C(C)C(Cl)C(Br)C(O)N1OC,C1C([*:5])C([*:1])C([*:2])C([*:3])N1[*:4],[*:1]Cl,[*:2]Br,[*:3]O,[*:4]OC,[*:5]C,5.804
C1C(OC)C(Cl)C(Br)C(O)N1OC,C1C([*:5])C([*:1])C([*:2])C([*:3])N1[*:4],[*:1]Cl,[*:2]Br,[*:3]O,[*:4]OC,[*:5]OC,6.295
C1C(F)C(Cl)C(Br)C(O)N1OC,C1C([*:5])C([*:1])C([*:2])C([*:3])N1[*:4],[*:1]Cl,[*:2]Br,[*:3]O,[*:4]OC,[*:5]F,6.120
C1C(N)C(Cl)C(Br)C(O)N1OC,C1C([*:5])C([*:1])C([*:2])C([*:3])N1[*:4],[*:1]Cl,[*:2]Br,[*:3]O,[*:4]OC,[*:5]N,5.999
C1C(OC)C(Cl)C(Br)C(Br)N1C,C1C([*:5])C([*:1])C([*:2])C([*:3])N1[*:4],[*:1]Cl,[*:2]Br,[*:3]Br,[*:4]C,[*:5]OC,6.285
C1C(C)C(Cl)C(Br)C(Br)N1CC,C1C([*:5])C([*:1])C([*:2])C([*:3])N1[*:4],[*:1]Cl,[*:2]Br,[*:3]Br,[*:4]CC,[*:5]C,5.716
C1C(OC)C(Cl)C(Br)C(Br)N1CC,C1C([*:5])C([*:1])C([*:2])C([*:3])N1[*:4],[*:1]Cl,[*:2]Br,[*:3]Br,[*:4]CC,[*:5]OC,6.144
C1C(C)C(Cl)C(Br)C(Br)N1C(F)(F)F,C1C([*:5])C([*:1])C([*:2])C([*:3])N1[*:4],[*:1]Cl,[*:2]Br,[*:3]Br,[*:4]C(F)(F)F,[*:5]C,5.662
C1C(OC)C(Cl)C(Br)C(Br)N1C(F)(F)F,C1C([*:5])C([*:1])C([*:2])C([*:3])N1[*:4],[*:1]Cl,[*:2]Br,[*:3]Br,[*:4]C(F)(F)F,[*:5]OC,5.955
C1C(F)C(Cl)C(Br)C(Br)N1OC,C1C([*:5])C([*:1])C([*:2])C([*:3])N1[*:4],[*:1]Cl,[*:2]Br,[*:3]Br,[*:4]OC,[*:5]F,6.155
c1c(C)c(C)c(F)cc1C,c1c([*:5])c([*:1])c([*:2])cc1[*:4],[*:1]C,[*:2]F,,[*:4]C,[*:5]C,6.363
c1c(F)c(C)c(F)cc1C,c1c([*:5])c([*:1])c([*:2])cc1[*:4],[*:1]C,[*:2]F,,[*:4]C,[*:5]F,6.753
c1c(N)c(C)c(F)cc1C,c1c([*:5])c([*:1])c([*:2])cc1[*:4],[*:1]C,[*:2]F,,[*:4]C,[*:5]N,6.619
c1c(OC)c(C)c(F)cc1CC,c1c([*:5])c([*:1])c([*:2])cc1[*:4],[*:1]C,[*:2]F,,[*:4]CC,[*:5]OC,6.824
c1c(F)c(C)c(F)cc1CC,c1c([*:5])c([*:1])c([*:2])cc1[*:4],[*:1]C,[*:2]F,,[*:4]CC,[*:5]F,6.608
c1c(N)c(C)c(F)cc1CC,c1c([*:5])c([*:1])c([*:2])cc1[*:4],[*:1]C,[*:2]F,,[*:4]CC,[*:5]N,6.434
c1c(C)c(C)c(F)cc1C(F)(F)F,c1c([*:5])c([*:1])c([*:2])cc1[*:4],[*:1]C,[*:2]F,,[*:4]C(F)(F)F,[*:5]C,6.223
c1c(OC)c(C)c(F)cc1C(F)(F)F,c1c([*:5])c([*:1])c([*:2])cc1[*:4],[*:1]C,[*:2]F,,[*:4]C(F)(F)F,[*:5]OC,6.663
c1c(F)c(C)c(F)cc1C(F)(F)F,c1c([*:5])c([*:1])c([*:2])cc1[*:4],[*:1]C,[*:2]F,,[*:4]C(F)(F)F,[*:5]F,6.471
c1c(N)c(C)c(F)cc1C(F)(F)F,c1c([*:5])c([*:1])c([*:2])cc1[*:4],[*:1]C,[*:2]F,,[*:4]C(F)(F)F,[*:5]N,6.424
c1c(OC)c(C)c(F)cc1OC,c1c([*:5])c([*:1])c([*:2])cc1[*:4],[*:1]C,[*:2]F,,[*:4]OC,[*:5]OC,6.860
c1c(C)c(C)c(Cl)cc1C,c1c([*:5])c([*:1])c([*:2])cc1[*:4],[*:1]C,[*:2]Cl,,[*:4]C,[*:5]C,6.246
c1c(OC)c(C)c(Cl)cc1C,c1c([*:5])c([*:1])c([*:2])cc1[*:4],[*:1]C,[*:2]Cl,,[*:4]C,[*:5]OC,6.687
c1c(F)c(C)c(Cl)cc1C,c1c([*:5])c([*:1])c([*:2])cc1[*:4],[*:1]C,[*:2]Cl,,[*:4]C,[*:5]F,6.545
c1c(OC)c(C)c(Cl)cc1CC,c1c([*:5])c([*:1])c([*:2])cc1[*:4],[*:1]C,[*:2]Cl,,[*:4]CC,[*:5]OC,6.558
c1c(C)c(C)c(Cl)cc1C(F)(F)F,c1c([*:5])c([*:1])c([*:2])cc1[*:4],[*:1]C,[*:2]Cl,,[*:4]C(F)(F)F,[*:5]C,6.054
c1c(N)c(C)c(Cl)cc1C(F)(F)F,c1c([*:5])c([*:1])c([*:2])cc1[*:4],[*:1]C,[*:2]Cl,,[*:4]C(F)(F)F,[*:5]N,6.144
c1c(C)c(C)c(Cl)cc1OC,c1c([*:5])c([*:1])c([*:2])cc1[*:4],[*:1]C,[*:2]Cl,,[*:4]OC,[*:5]C,6.274
c1c(N)c(C)c(Cl)cc1OC,c1c([*:5])c([*:1])c([*:2])cc1[*:4],[*:1]C,[*:2]Cl,,[*:4]OC,[*:5]N,6.544
c1c(C)c(C)c(C)cc1C,c1c([*:5])c([*:1])c([*:2])cc1[*:4],[*:1]C,[*:2]C,,[*:4]C,[*:5]C,5.580
c1c(F)c(C)c(C)cc1C,c1c([*:5])c([*:1])c([*:2])cc1[*:4],[*:1]C,[*:2]C,,[*:4]C,[*:5]F,5.937
c1c(N)c(C)c(C)cc1C,c1c([*:5])c([*:1])c([*:2])cc1[*:4],[*:1]C,[*:2]C,,[*:4]C,[*:5]N,5.780
c1c(C)c(C)c(C)cc1CC,c1c([*:5])c([*:1])c([*:2])cc1[*:4],[*:1]C,[*:2]C,,[*:4]CC,[*:5]C,5.569
c1c(N)c(C)c(C)cc1C(F)(F)F,c1c([*:5])c([*:1])c([*:2])cc1[*:4],[*:1]C,[*:2]C,,[*:4]C(F)(F)F,[*:5]N,5.416
c1c(F)c(C)c(C)cc1OC,c1c([*:5])c([*:1])c([*:2])cc1[*:4],[*:1]C,[*:2]C,,[*:4]OC,[*:5]F,5.742
c1c(N)c(C)c(C)cc1OC,c1c([*:5])c([*:1])c([*:2])cc1[*:4],[*:1]C,[*:2]C,,[*:4]OC,[*:5]N,5.701
c1c(OC)c(C)c(OC)cc1C,c1c([*:5])c([*:1])c([*:2])cc1[*:4],[*:1]C,[*:2]OC,,[*:4]C,[*:5]OC,5.886
c1c(F)c(C)c(OC)cc1C,c1c([*:5])c([*:1])c([*:2])cc1[*:4],[*:1]C,[*:2]OC,,[*:4]C,[*:5]F,5.680
c1c(N)c(C)c(OC)cc1C,c1c([*:5])c([*:1])c([*:2])cc1[*:4],[*:1]C,[*:2]OC,,[*:4]C,[*:5]N,5.466
c1c(OC)c(C)c(OC)cc1CC,c1c([*:5])c([*:1])c([*:2])cc1[*:4],[*:1]C,[*:2]OC,,[*:4]CC,[*:5]OC,5.736
c1c(F)c(C)c(OC)cc1CC,c1c([*:5])c([*:1])c([*:2])cc1[*:4],[*:1]C,[*:2]OC,,[*:4]CC,[*:5]F,5.506
c1c(OC)c(C)c(OC)cc1C(F)(F)F,c1c([*:5])c([*:1])c([*:2])cc1[*:4],[*:1]C,[*:2]OC,,[*:4]C(F)(F)F,[*:5]OC,5.672
c1c(F)c(C)c(OC)cc1C(F)(F)F,c1c([*:5])c([*:1])c([*:2])cc1[*:4],[*:1]C,[*:2]OC,,[*:4]C(F)(F)F,[*:5]F,5.465
c1c(N)c(C)c(OC)cc1C(F)(F)F,c1c([*:5])c([*:1])c([*:2])cc1[*:4],[*:1]C,[*:2]OC,,[*:4]C(F)(F)F,[*:5]N,5.352
c1c(C)c(C)c(OC)cc1OC,c1c([*:5])c([*:1])c([*:2])cc1[*:4],[*:1]C,[*:2]OC,,[*:4]OC,[*:5]C,5.488
c1c(N)c(C)c(OC)cc1OC,c1c([*:5])c([*:1])c([*:2])cc1[*:4],[*:1]C,[*:2]OC,,[*:4]OC,[*:5]N,5.610
c1c(C)c(C)c(Br)cc1C,c1c([*:5])c([*:1])c([*:2])cc1[*:4],[*:1]C,[*:2]Br,,[*:4]C,[*:5]C,6.176
c1c(OC)c(C)c(Br)cc1C,c1c([*:5])c([*:1])c([*:2])cc1[*:4],[*:1]C,[*:2]Br,,[*:4]C,[*:5]OC,6.508
c1c(C)c(C)c(Br)cc1CC,c1c([*:5])c([*:1])c([*:2])cc1[*:4],[*:1]C,[*:2]Br,,[*:4]CC,[*:5]C,6.158
c1c(F)c(C)c(Br)cc1CC,c1c([*:5])c([*:1])c([*:2])cc1[*:4],[*:1]C,[*:2]Br,,[*:4]CC,[*:5]F,6.257
c1c(N)c(C)c(Br)cc1CC,c1c([*:5])c([*:1])c([*:2])cc1[*:4],[*:1]C,[*:2]Br,,[*:4]CC,[*:5]N,5.982
c1c(N)c(CC)c(F)cc1C,c1c([*:5])c([*:1])c([*:2])cc1[*:4],[*:1]CC,[*:2]F,,[*:4]C,[*:5]N,6.671
c1c(N)c(CC)c(F)cc1CC,c1c([*:5])c([*:1])c([*:2])cc1[*:4],[*:1]CC,[*:2]F,,[*:4]CC,[*:5]N,6.632
c1c(F)c(CC)c(F)cc1C(F)(F)F,c1c([*:5])c([*:1])c([*:2])cc1[*:4],[*:1]CC,[*:2]F,,[*:4]C(F)(F)F,[*:5]F,6.546
c1c(F)c(CC)c(F)cc1OC,c1c([*:5])c([*:1])c([*:2])cc1[*:4],[*:1]CC,[*:2]F,,[*:4]OC,[*:5]F,6.700
c1c(N)c(CC)c(F)cc1OC,c1c([*:5])c([*:1])c([*:2])cc1[*:4],[*:1]CC,[*:2]F,,[*:4]OC,[*:5]N,6.696
c1c(C)c(CC)c(Cl)cc1C,c1c([*:5])c([*:1])c([*:2])cc1[*:4],[*:1]CC,[*:2]Cl,,[*:4]C,[*:5]C,6.307
c1c(OC)c(CC)c(Cl)cc1C,c1c([*:5])c([*:1])c([*:2])cc1[*:4],[*:1]CC,[*:2]Cl,,[*:4]C,[*:5]OC,6.824
c1c(F)c(CC)c(Cl)cc1C,c1c([*:5])c([*:1])c([*:2])cc1[*:4],[*:1]CC,[*:2]Cl,,[*:4]C,[*:5]F,6.503
c1c(C)c(CC)c(Cl)cc1CC,c1c([*:5])c([*:1])c([*:2])cc1[*:4],[*:1]CC,[*:2]Cl,,[*:4]CC,[*:5]C,6.288
c1c(OC)c(CC)c(Cl)cc1CC,c1c([*:5])c([*:1])c([*:2])cc1[*:4],[*:1]CC,[*:2]Cl,,[*:4]CC,[*:5]OC,6.705
c1c(N)c(CC)c(Cl)cc1CC,c1c([*:5])c([*:1])c([*:2])cc1[*:4],[*:1]CC,[*:2]Cl,,[*:4]CC,[*:5]N,6.434
c1c(C)c(CC)c(Cl)cc1C(F)(F)F,c1c([*:5])c([*:1])c([*:2])cc1[*:4],[*:1]CC,[*:2]Cl,,[*:4]C(F)(F)F,[*:5]C,6.138
c1c(N)c(CC)c(Cl)cc1C(F)(F)F,c1c([*:5])c([*:1])c([*:2])cc1[*:4],[*:1]CC,[*:2]Cl,,[*:4]C(F)(F)F,[*:5]N,6.380
c1c(C)c(CC)c(Cl)cc1OC,c1c([*:5])c([*:1])c([*:2])cc1[*:4],[*:1]CC,[*:2]Cl,,[*:4]OC,[*:5]C,6.375
c1c(N)c(CC)c(C)cc1C,c1c([*:5])c([*:1])c([*:2])cc1[*:4],[*:1]CC,[*:2]C,,[*:4]C,[*:5]N,5.910
c1c(OC)c(CC)c(C)cc1CC,c1c([*:5])c([*:1])c([*:2])cc1[*:4],[*:1]CC,[*:2]C,,[*:4]CC,[*:5]OC,6.108
c1c(C)c(CC)c(C)cc1C(F)(F)F,c1c([*:5])c([*:1])c([*:2])cc1[*:4],[*:1]CC,[*:2]C,,[*:4]C(F)(F)F,[*:5]C,5.578
c1c(F)c(CC)c(C)cc1C(F)(F)F,c1c([*:5])c([*:1])c([*:2])cc1[*:4],[*:1]CC,[*:2]C,,[*:4]C(F)(F)F,[*:5]F,5.750
c1c(F)c(CC)c(C)cc1OC,c1c([*:5])c([*:1])c([*:2])cc1[*:4],[*:1]CC,[*:2]C,,[*:4]OC,[*:5]F,6.020
c1c(N)c(CC)c(C)cc1OC,c1c([*:5])c([*:1])c([*:2])cc1[*:4],[*:1]CC,[*:2]C,,[*:4]OC,[*:5]N,5.816
c1c(OC)c(CC)c(OC)cc1C,c1c([*:5])c([*:1])c([*:2])cc1[*:4],[*:1]CC,[*:2]OC,,[*:4]C,[*:5]OC,5.996
c1c(N)c(CC)c(OC)cc1C,c1c([*:5])c([*:1])c([*:2])cc1[*:4],[*:1]CC,[*:2]OC,,[*:4]C,[*:5]N,5.745
c1c(OC)c(CC)c(OC)cc1CC,c1c([*:5])c([*:1])c([*:2])cc1[*:4],[*:1]CC,[*:2]OC,,[*:4]CC,[*:5]OC,5.843
c1c(N)c(CC)c(OC)cc1CC,c1c([*:5])c([*:1])c([*:2])cc1[*:4],[*:1]CC,[*:2]OC,,[*:4]CC,[*:5]N,5.521
c1c(OC)c(CC)c(OC)cc1C(F)(F)F,c1c([*:5])c([*:1])c([*:2])cc1[*:4],[*:1]CC,[*:2]OC,,[*:4]C(F)(F)F,[*:5]OC,5.725
c1c(F)c(CC)c(OC)cc1C(F)(F)F,c1c([*:5])c([*:1])c([*:2])cc1[*:4],[*:1]CC,[*:2]OC,,[*:4]C(F)(F)F,[*:5]F,5.658
c1c(N)c(CC)c(OC)cc1C(F)(F)F,c1c([*:5])c([*:1])c([*:2])cc1[*:4],[*:1]CC,[*:2]OC,,[*:4]C(F)(F)F,[*:5]N,5.482
c1c(F)c(CC)c(OC)cc1OC,c1c([*:5])c([*:1])c([*:2])cc1[*:4],[*:1]CC,[*:2]OC,,[*:4]OC,[*:5]F,5.794
c1c(F)c(CC)c(Br)cc1C,c1c([*:5])c([*:1])c([*:2])cc1[*:4],[*:1]CC,[*:2]Br,,[*:4]C,[*:5]F,6.475
c1c(C)c(CC)c(Br)cc1CC,c1c([*:5])c([*:1])c([*:2])cc1[*:4],[*:1]CC,[*:2]Br,,[*:4]CC,[*:5]C,6.168
c1c(N)c(CC)c(Br)cc1CC,c1c([*:5])c([*:1])c([*:2])cc1[*:4],[*:1]CC,[*:2]Br,,[*:4]CC,[*:5]N,6.249
c1c(OC)c(CC)c(Br)cc1C(F)(F)F,c1c([*:5])c([*:1])c([*:2])cc1[*:4],[*:1]CC,[*:2]Br,,[*:4]C(F)(F)F,[*:5]OC,6.317
c1c(F)c(CC)c(Br)cc1C(F)(F)F,c1c([*:5])c([*:1])c([*:2])cc1[*:4],[*:1]CC,[*:2]Br,,[*:4]C(F)(F)F,[*:5]F,6.208
c1c(N)c(CC)c(Br)cc1C(F)(F)F,c1c([*:5])c([*:1])c([*:2])cc1[*:4],[*:1]CC,[*:2]Br,,[*:4]C(F)(F)F,[*:5]N,6.125
c1c(C)c(CC)c(Br)cc1OC,c1c([*:5])c([*:1])c([*:2])cc1[*:4],[*:1]CC,[*:2]Br,,[*:4]OC,[*:5]C,6.253
c1c(OC)c(CC)c(Br)cc1OC,c1c([*:5])c([*:1])c([*:2])cc1[*:4],[*:1]CC,[*:2]Br,,[*:4]OC,[*:5]OC,6.658
c1c(F)c(CCC)c(F)cc1C,c1c([*:5])c([*:1])c([*:2])cc1[*:4],[*:1]CCC,[*:2]F,,[*:4]C,[*:5]F,6.928
c1c(N)c(CCC)c(F)cc1C,c1c([*:5])c([*:1])c([*:2])cc1[*:4],[*:1]CCC,[*:2]F,,[*:4]C,[*:5]N,6.729
c1c(C)c(CCC)c(F)cc1CC,c1c([*:5])c([*:1])c([*:2])cc1[*:4],[*:1]CCC,[*:2]F,,[*:4]CC,[*:5]C,6.485
c1c(F)c(CCC)c(F)cc1CC,c1c([*:5])c([*:1])c([*:2])cc1[*:4],[*:1]CCC,[*:2]F,,[*:4]CC,[*:5]F,6.869
c1c(N)c(CCC)c(F)cc1CC,c1c([*:5])c([*:1])c([*:2])cc1[*:4],[*:1]CCC,[*:2]F,,[*:4]CC,[*:5]N,6.672
c1c(C)c(CCC)c(F)cc1C(F)(F)F,c1c([*:5])c([*:1])c([*:2])cc1[*:4],[*:1]CCC,[*:2]F,,[*:4]C(F)(F)F,[*:5]C,6.483
c1c(C)c(CCC)c(F)cc1OC,c1c([*:5])c([*:1])c([*:2])cc1[*:4],[*:1]CCC,[*:2]F,,[*:4]OC,[*:5]C,6.630
c1c(OC)c(CCC)c(F)cc1OC,c1c([*:5])c([*:1])c([*:2])cc1[*:4],[*:1]CCC,[*:2]F,,[*:4]OC,[*:5]OC,7.012
c1c(N)c(CCC)c(F)cc1OC,c1c([*:5])c([*:1])c([*:2])cc1[*:4],[*:1]CCC,[*:2]F,,[*:4]OC,[*:5]N,6.758
c1c(OC)c(CCC)c(Cl)cc1C,c1c([*:5])c([*:1])c([*:2])cc1[*:4],[*:1]CCC,[*:2]Cl,,[*:4]C,[*:5]OC,6.884
c1c(C)c(CCC)c(Cl)cc1CC,c1c([*:5])c([*:1])c([*:2])cc1[*:4],[*:1]CCC,[*:2]Cl,,[*:4]CC,[*:5]C,6.448
c1c(F)c(CCC)c(Cl)cc1CC,c1c([*:5])c([*:1])c([*:2])cc1[*:4],[*:1]CCC,[*:2]Cl,,[*:4]CC,[*:5]F,6.602
c1c(N)c(CCC)c(Cl)cc1CC,c1c([*:5])c([*:1])c([*:2])cc1[*:4],[*:1]CCC,[*:2]Cl,,[*:4]CC,[*:5]N,6.460
c1c(C)c(CCC)c(Cl)cc1C(F)(F)F,c1c([*:5])c([*:1])c([*:2])cc1[*:4],[*:1]CCC,[*:2]Cl,,[*:4]C(F)(F)F,[*:5]C,6.297
c1c(OC)c(CCC)c(Cl)cc1C(F)(F)F,c1c([*:5])c([*:1])c([*:2])cc1[*:4],[*:1]CCC,[*:2]Cl,,[*:4]C(F)(F)F,[*:5]OC,6.648
c1c(F)c(CCC)c(Cl)cc1C(F)(F)F,c1c([*:5])c([*:1])c([*:2])cc1[*:4],[*:1]CCC,[*:2]Cl,,[*:4]C(F)(F)F,[*:5]F,6.469
c1c(N)c(CCC)c(Cl)cc1C(F)(F)F,c1c([*:5])c([*:1])c([*:2])cc1[*:4],[*:1]CCC,[*:2]Cl,,[*:4]C(F)(F)F,[*:5]N,6.346
c1c(C)c(CCC)c(Cl)cc1OC,c1c([*:5])c([*:1])c([*:2])cc1[*:4],[*:1]CCC,[*:2]Cl,,[*:4]OC,[*:5]C,6.430
c1c(OC)c(CCC)c(Cl)cc1OC,c1c([*:5])c([*:1])c([*:2])cc1[*:4],[*:1]CCC,[*:2]Cl,,[*:4]OC,[*:5]OC,6.761
c1c(F)c(CCC)c(Cl)cc1OC,c1c([*:5])c([*:1])c([*:2])cc1[*:4],[*:1]CCC,[*:2]Cl,,[*:4]OC,[*:5]F,6.609
c1c(N)c(CCC)c(Cl)cc1OC,c1c([*:5])c([*:1])c([*:2])cc1[*:4],[*:1]CCC,[*:2]Cl,,[*:4]OC,[*:5]N,6.620
c1c(OC)c(CCC)c(C)cc1C,c1c([*:5])c([*:1])c([*:2])cc1[*:4],[*:1]CCC,[*:2]C,,[*:4]C,[*:5]OC,6.247
c1c(N)c(CCC)c(C)cc1C,c1c([*:5])c([*:1])c([*:2])cc1[*:4],[*:1]CCC,[*:2]C,,[*:4]C,[*:5]N,6.006
c1c(C)c(CCC)c(C)cc1CC,c1c([*:5])c([*:1])c([*:2])cc1[*:4],[*:1]CCC,[*:2]C,,[*:4]CC,[*:5]C,5.761
c1c(F)c(CCC)c(C)cc1CC,c1c([*:5])c([*:1])c([*:2])cc1[*:4],[*:1]CCC,[*:2]C,,[*:4]CC,[*:5]F,6.014
c1c(OC)c(CCC)c(C)cc1C(F)(F)F,c1c([*:5])c([*:1])c([*:2])cc1[*:4],[*:1]CCC,[*:2]C,,[*:4]C(F)(F)F,[*:5]OC,5.964
c1c(F)c(CCC)c(C)cc1C(F)(F)F,c1c([*:5])c([*:1])c([*:2])cc1[*:4],[*:1]CCC,[*:2]C,,[*:4]C(F)(F)F,[*:5]F,5.891
c1c(N)c(CCC)c(C)cc1C(F)(F)F,c1c([*:5])c([*:1])c([*:2])cc1[*:4],[*:1]CCC,[*:2]C,,[*:4]C(F)(F)F,[*:5]N,5.713
c1c(OC)c(CCC)c(C)cc1OC,c1c([*:5])c([*:1])c([*:2])cc1[*:4],[*:1]CCC,[*:2]C,,[*:4]OC,[*:5]OC,6.231
c1c(F)c(CCC)c(C)cc1OC,c1c([*:5])c([*:1])c([*:2])cc1[*:4],[*:1]CCC,[*:2]C,,[*:4]OC,[*:5]F,5.977
c1c(N)c(CCC)c(C)cc1OC,c1c([*:5])c([*:1])c([*:2])cc1[*:4],[*:1]CCC,[*:2]C,,[*:4]OC,[*:5]N,5.983
c1c(N)c(CCC)c(OC)cc1C,c1c([*:5])c([*:1])c([*:2])cc1[*:4],[*:1]CCC,[*:2]OC,,[*:4]C,[*:5]N,5.708
c1c(C)c(CCC)c(OC)cc1CC,c1c([*:5])c([*:1])c([*:2])cc1[*:4],[*:1]CCC,[*:2]OC,,[*:4]CC,[*:5]C,5.583
c1c(C)c(CCC)c(OC)cc1C(F)(F)F,c1c([*:5])c([*:1])c([*:2])cc1[*:4],[*:1]CCC,[*:2]OC,,[*:4]C(F)(F)F,[*:5]C,5.497
c1c(C)c(CCC)c(OC)cc1OC,c1c([*:5])c([*:1])c([*:2])cc1[*:4],[*:1]CCC,[*:2]OC,,[*:4]OC,[*:5]C,5.552
c1c(OC)c(CCC)c(OC)cc1OC,c1c([*:5])c([*:1])c([*:2])cc1[*:4],[*:1]CCC,[*:2]OC,,[*:4]OC,[*:5]OC,6.019
c1c(F)c(CCC)c(OC)cc1OC,c1c([*:5])c([*:1])c([*:2])cc1[*:4],[*:1]CCC,[*:2]OC,,[*:4]OC,[*:5]F,5.850
c1c(OC)c(CCC)c(Br)cc1C,c1c([*:5])c([*:1])c([*:2])cc1[*:4],[*:1]CCC,[*:2]Br,,[*:4]C,[*:5]OC,6.746
c1c(N)c(CCC)c(Br)cc1C,c1c([*:5])c([*:1])c([*:2])cc1[*:4],[*:1]CCC,[*:2]Br,,[*:4]C,[*:5]N,6.426
c1c(C)c(CCC)c(Br)cc1CC,c1c([*:5])c([*:1])c([*:2])cc1[*:4],[*:1]CCC,[*:2]Br,,[*:4]CC,[*:5]C,6.156
c1c(N)c(CCC)c(Br)cc1CC,c1c([*:5])c([*:1])c([*:2])cc1[*:4],[*:1]CCC,[*:2]Br,,[*:4]CC,[*:5]N,6.444
c1c(C)c(CCC)c(Br)cc1C(F)(F)F,c1c([*:5])c([*:1])c([*:2])cc1[*:4],[*:1]CCC,[*:2]Br,,[*:4]C(F)(F)F,[*:5]C,6.085
c1c(OC)c(CCC)c(Br)cc1C(F)(F)F,c1c([*:5])c([*:1])c([*:2])cc1[*:4],[*:1]CCC,[*:2]Br,,[*:4]C(F)(F)F,[*:5]OC,6.445
c1c(N)c(CCC)c(Br)cc1C(F)(F)F,c1c([*:5])c([*:1])c([*:2])cc1[*:4],[*:1]CCC,[*:2]Br,,[*:4]C(F)(F)F,[*:5]N,6.266
c1c(C)c(CCC)c(Br)cc1OC,c1c([*:5])c([*:1])c([*:2])cc1[*:4],[*:1]CCC,[*:2]Br,,[*:4]OC,[*:5]C,6.263
c1c(F)c(CCC)c(Br)cc1OC,c1c([*:5])c([*:1])c([*:2])cc1[*:4],[*:1]CCC,[*:2]Br,,[*:4]OC,[*:5]F,6.517
c1c(N)c(CCC)c(Br)cc1OC,c1c([*:5])c([*:1])c([*:2])cc1[*:4],[*:1]CCC,[*:2]Br,,[*:4]OC,[*:5]N,6.400
c1c(OC)c(OC)c(F)cc1C,c1c([*:5])c([*:1])c([*:2])cc1[*:4],[*:1]OC,[*:2]F,,[*:4]C,[*:5]OC,6.665
c1c(N)c(OC)c(F)cc1CC,c1c([*:5])c([*:1])c([*:2])cc1[*:4],[*:1]OC,[*:2]F,,[*:4]CC,[*:5]N,6.111
c1c(C)c(OC)c(F)cc1C(F)(F)F,c1c([*:5])c([*:1])c([*:2])cc1[*:4],[*:1]OC,[*:2]F,,[*:4]C(F)(F)F,[*:5]C,6.061
c1c(OC)c(OC)c(F)cc1OC,c1c([*:5])c([*:1])c([*:2])cc1[*:4],[*:1]OC,[*:2]F,,[*:4]OC,[*:5]OC,6.575
c1c(F)c(OC)c(F)cc1OC,c1c([*:5])c([*:1])c([*:2])cc1[*:4],[*:1]OC,[*:2]F,,[*:4]OC,[*:5]F,6.444
c1c(C)c(OC)c(Cl)cc1C,c1c([*:5])c([*:1])c([*:2])cc1[*:4],[*:1]OC,[*:2]Cl,,[*:4]C,[*:5]C,6.034
c1c(OC)c(OC)c(Cl)cc1CC,c1c([*:5])c([*:1])c([*:2])cc1[*:4],[*:1]OC,[*:2]Cl,,[*:4]CC,[*:5]OC,6.265
c1c(F)c(OC)c(Cl)cc1CC,c1c([*:5])c([*:1])c([*:2])cc1[*:4],[*:1]OC,[*:2]Cl,,[*:4]CC,[*:5]F,6.236
c1c(N)c(OC)c(Cl)cc1CC,c1c([*:5])c([*:1])c([*:2])cc1[*:4],[*:1]OC,[*:2]Cl,,[*:4]CC,[*:5]N,5.990
c1c(C)c(OC)c(Cl)cc1C(F)(F)F,c1c([*:5])c([*:1])c([*:2])cc1[*:4],[*:1]OC,[*:2]Cl,,[*:4]C(F)(F)F,[*:5]C,5.733
c1c(F)c(OC)c(Cl)cc1C(F)(F)F,c1c([*:5])c([*:1])c([*:2])cc1[*:4],[*:1]OC,[*:2]Cl,,[*:4]C(F)(F)F,[*:5]F,5.916
c1c(N)c(OC)c(Cl)cc1C(F)(F)F,c1c([*:5])c([*:1])c([*:2])cc1[*:4],[*:1]OC,[*:2]Cl,,[*:4]C(F)(F)F,[*:5]N,5.874
c1c(C)c(OC)c(Cl)cc1OC,c1c([*:5])c([*:1])c([*:2])cc1[*:4],[*:1]OC,[*:2]Cl,,[*:4]OC,[*:5]C,6.004
c1c(F)c(OC)c(Cl)cc1OC,c1c([*:5])c([*:1])c([*:2])cc1[*:4],[*:1]OC,[*:2]Cl,,[*:4]OC,[*:5]F,6.233
c1c(C)c(OC)c(C)cc1C,c1c([*:5])c([*:1])c([*:2])cc1[*:4],[*:1]OC,[*:2]C,,[*:4]C,[*:5]C,5.465
c1c(OC)c(OC)c(C)cc1C,c1c([*:5])c([*:1])c([*:2])cc1[*:4],[*:1]OC,[*:2]C,,[*:4]C,[*:5]OC,5.847
c1c(F)c(OC)c(C)cc1C,c1c([*:5])c([*:1])c([*:2])cc1[*:4],[*:1]OC,[*:2]C,,[*:4]C,[*:5]F,5.690
c1c(N)c(OC)c(C)cc1C,c1c([*:5])c([*:1])c([*:2])cc1[*:4],[*:1]OC,[*:2]C,,[*:4]C,[*:5]N,5.518
c1c(C)c(OC)c(C)cc1CC,c1c([*:5])c([*:1])c([*:2])cc1[*:4],[*:1]OC,[*:2]C,,[*:4]CC,[*:5]C,5.346
c1c(N)c(OC)c(C)cc1CC,c1c([*:5])c([*:1])c([*:2])cc1[*:4],[*:1]OC,[*:2]C,,[*:4]CC,[*:5]N,5.311
c1c(C)c(OC)c(C)cc1C(F)(F)F,c1c([*:5])c([*:1])c([*:2])cc1[*:4],[*:1]OC,[*:2]C,,[*:4]C(F)(F)F,[*:5]C,5.179
c1c(F)c(OC)c(C)cc1C(F)(F)F,c1c([*:5])c([*:1])c([*:2])cc1[*:4],[*:1]OC,[*:2]C,,[*:4]C(F)(F)F,[*:5]F,5.379
c1c(N)c(OC)c(C)cc1C(F)(F)F,c1c([*:5])c([*:1])c([*:2])cc1[*:4],[*:1]OC,[*:2]C,,[*:4]C(F)(F)F,[*:5]N,5.246
c1c(OC)c(OC)c(C)cc1OC,c1c([*:5])c([*:1])c([*:2])cc1[*:4],[*:1]OC,[*:2]C,,[*:4]OC,[*:5]OC,5.786
c1c(F)c(OC)c(C)cc1OC,c1c([*:5])c([*:1])c([*:2])cc1[*:4],[*:1]OC,[*:2]C,,[*:4]OC,[*:5]F,5.599
c1c(OC)c(OC)c(OC)cc1C,c1c([*:5])c([*:1])c([*:2])cc1[*:4],[*:1]OC,[*:2]OC,,[*:4]C,[*:5]OC,5.619
c1c(N)c(OC)c(OC)cc1C,c1c([*:5])c([*:1])c([*:2])cc1[*:4],[*:1]OC,[*:2]OC,,[*:4]C,[*:5]N,5.318
c1c(C)c(OC)c(OC)cc1C(F)(F)F,c1c([*:5])c([*:1])c([*:2])cc1[*:4],[*:1]OC,[*:2]OC,,[*:4]C(F)(F)F,[*:5]C,4.991
c1c(C)c(OC)c(OC)cc1OC,c1c([*:5])c([*:1])c([*:2])cc1[*:4],[*:1]OC,[*:2]OC,,[*:4]OC,[*:5]C,5.132
c1c(N)c(OC)c(OC)cc1OC,c1c([*:5])c([*:1])c([*:2])cc1[*:4],[*:1]OC,[*:2]OC,,[*:4]OC,[*:5]N,5.222
c1c(F)c(OC)c(Br)cc1C,c1c([*:5])c([*:1])c([*:2])cc1[*:4],[*:1]OC,[*:2]Br,,[*:4]C,[*:5]F,6.097
c1c(OC)c(OC)c(Br)cc1CC,c1c([*:5])c([*:1])c([*:2])cc1[*:4],[*:1]OC,[*:2]Br,,[*:4]CC,[*:5]OC,6.166
c1c(F)c(OC)c(Br)cc1CC,c1c([*:5])c([*:1])c([*:2])cc1[*:4],[*:1]OC,[*:2]Br,,[*:4]CC,[*:5]F,6.018
c1c(C)c(OC)c(Br)cc1C(F)(F)F,c1c([*:5])c([*:1])c([*:2])cc1[*:4],[*:1]OC,[*:2]Br,,[*:4]C(F)(F)F,[*:5]C,5.681
c1c(OC)c(OC)c(Br)cc1C(F)(F)F,c1c([*:5])c([*:1])c([*:2])cc1[*:4],[*:1]OC,[*:2]Br,,[*:4]C(F)(F)F,[*:5]OC,5.996
c1c(F)c(OC)c(Br)cc1C(F)(F)F,c1c([*:5])c([*:1])c([*:2])cc1[*:4],[*:1]OC,[*:2]Br,,[*:4]C(F)(F)F,[*:5]F,5.841
c1c(N)c(OC)c(Br)cc1C(F)(F)F,c1c([*:5])c([*:1])c([*:2])cc1[*:4],[*:1]OC,[*:2]Br,,[*:4]C(F)(F)F,[*:5]N,5.713
c1c(C)c(F)c(F)cc1C,c1c([*:5])c([*:1])c([*:2])cc1[*:4],[*:1]F,[*:2]F,,[*:4]C,[*:5]C,6.159
c1c(OC)c(F)c(F)cc1C,c1c([*:5])c([*:1])c([*:2])cc1[*:4],[*:1]F,[*:2]F,,[*:4]C,[*:5]OC,6.612
c1c(F)c(F)c(F)cc1C,c1c([*:5])c([*:1])c([*:2])cc1[*:4],[*:1]F,[*:2]F,,[*:4]C,[*:5]F,6.373
c1c(C)c(F)c(F)cc1CC,c1c([*:5])c([*:1])c([*:2])cc1[*:4],[*:1]F,[*:2]F,,[*:4]CC,[*:5]C,5.967
c1c(F)c(F)c(F)cc1CC,c1c([*:5])c([*:1])c([*:2])cc1[*:4],[*:1]F,[*:2]F,,[*:4]CC,[*:5]F,6.217
c1c(N)c(F)c(F)cc1CC,c1c([*:5])c([*:1])c([*:2])cc1[*:4],[*:1]F,[*:2]F,,[*:4]CC,[*:5]N,6.284
c1c(OC)c(F)c(F)cc1C(F)(F)F,c1c([*:5])c([*:1])c([*:2])cc1[*:4],[*:1]F,[*:2]F,,[*:4]C(F)(F)F,[*:5]OC,6.418
c1c(F)c(F)c(F)cc1C(F)(F)F,c1c([*:5])c([*:1])c([*:2])cc1[*:4],[*:1]F,[*:2]F,,[*:4]C(F)(F)F,[*:5]F,6.243
c1c(C)c(F)c(F)cc1OC,c1c([*:5])c([*:1])c([*:2])cc1[*:4],[*:1]F,[*:2]F,,[*:4]OC,[*:5]C,6.097
c1c(F)c(F)c(F)cc1OC,c1c([*:5])c([*:1])c([*:2])cc1[*:4],[*:1]F,[*:2]F,,[*:4]OC,[*:5]F,6.353
c1c(N)c(F)c(F)cc1OC,c1c([*:5])c([*:1])c([*:2])cc1[*:4],[*:1]F,[*:2]F,,[*:4]OC,[*:5]N,6.186
c1c(F)c(F)c(Cl)cc1C,c1c([*:5])c([*:1])c([*:2])cc1[*:4],[*:1]F,[*:2]Cl,,[*:4]C,[*:5]F,6.264
c1c(N)c(F)c(Cl)cc1C,c1c([*:5])c([*:1])c([*:2])cc1[*:4],[*:1]F,[*:2]Cl,,[*:4]C,[*:5]N,6.037
c1c(C)c(F)c(Cl)cc1CC,c1c([*:5])c([*:1])c([*:2])cc1[*:4],[*:1]F,[*:2]Cl,,[*:4]CC,[*:5]C,5.778
c1c(OC)c(F)c(Cl)cc1CC,c1c([*:5])c([*:1])c([*:2])cc1[*:4],[*:1]F,[*:2]Cl,,[*:4]CC,[*:5]OC,6.213
c1c(F)c(F)c(Cl)cc1CC,c1c([*:5])c([*:1])c([*:2])cc1[*:4],[*:1]F,[*:2]Cl,,[*:4]CC,[*:5]F,6.135
c1c(C)c(F)c(Cl)cc1C(F)(F)F,c1c([*:5])c([*:1])c([*:2])cc1[*:4],[*:1]F,[*:2]Cl,,[*:4]C(F)(F)F,[*:5]C,5.749
c1c(F)c(F)c(Cl)cc1C(F)(F)F,c1c([*:5])c([*:1])c([*:2])cc1[*:4],[*:1]F,[*:2]Cl,,[*:4]C(F)(F)F,[*:5]F,5.955
c1c(C)c(F)c(Cl)cc1OC,c1c([*:5])c([*:1])c([*:2])cc1[*:4],[*:1]F,[*:2]Cl,,[*:4]OC,[*:5]C,5.955
c1c(F)c(F)c(Cl)cc1OC,c1c([*:5])c([*:1])c([*:2])cc1[*:4],[*:1]F,[*:2]Cl,,[*:4]OC,[*:5]F,6.170
c1c(C)c(F)c(C)cc1C,c1c([*:5])c([*:1])c([*:2])cc1[*:4],[*:1]F,[*:2]C,,[*:4]C,[*:5]C,5.426
c1c(OC)c(F)c(C)cc1C,c1c([*:5])c([*:1])c([*:2])cc1[*:4],[*:1]F,[*:2]C,,[*:4]C,[*:5]OC,5.850
c1c(C)c(F)c(C)cc1CC,c1c([*:5])c([*:1])c([*:2])cc1[*:4],[*:1]F,[*:2]C,,[*:4]CC,[*:5]C,5.305
c1c(C)c(F)c(C)cc1C(F)(F)F,c1c([*:5])c([*:1])c([*:2])cc1[*:4],[*:1]F,[*:2]C,,[*:4]C(F)(F)F,[*:5]C,5.061
c1c(OC)c(F)c(C)cc1C(F)(F)F,c1c([*:5])c([*:1])c([*:2])cc1[*:4],[*:1]F,[*:2]C,,[*:4]C(F)(F)F,[*:5]OC,5.570
c1c(N)c(F)c(C)cc1C(F)(F)F,c1c([*:5])c([*:1])c([*:2])cc1[*:4],[*:1]F,[*:2]C,,[*:4]C(F)(F)F,[*:5]N,5.246
c1c(OC)c(F)c(C)cc1OC,c1c([*:5])c([*:1])c([*:2])cc1[*:4],[*:1]F,[*:2]C,,[*:4]OC,[*:5]OC,5.665
c1c(F)c(F)c(C)cc1OC,c1c([*:5])c([*:1])c([*:2])cc1[*:4],[*:1]F,[*:2]C,,[*:4]OC,[*:5]F,5.630
c1c(N)c(F)c(C)cc1OC,c1c([*:5])c([*:1])c([*:2])cc1[*:4],[*:1]F,[*:2]C,,[*:4]OC,[*:5]N,5.402
c1c(OC)c(F)c(OC)cc1C,c1c([*:5])c([*:1])c([*:2])cc1[*:4],[*:1]F,[*:2]OC,,[*:4]C,[*:5]OC,5.655
c1c(N)c(F)c(OC)cc1C,c1c([*:5])c([*:1])c([*:2])cc1[*:4],[*:1]F,[*:2]OC,,[*:4]C,[*:5]N,5.301
c1c(C)c(F)c(OC)cc1CC,c1c([*:5])c([*:1])c([*:2])cc1[*:4],[*:1]F,[*:2]OC,,[*:4]CC,[*:5]C,5.094
c1c(OC)c(F)c(OC)cc1CC,c1c([*:5])c([*:1])c([*:2])cc1[*:4],[*:1]F,[*:2]OC,,[*:4]CC,[*:5]OC,5.456
c1c(N)c(F)c(OC)cc1CC,c1c([*:5])c([*:1])c([*:2])cc1[*:4],[*:1]F,[*:2]OC,,[*:4]CC,[*:5]N,5.211
c1c(OC)c(F)c(OC)cc1C(F)(F)F,c1c([*:5])c([*:1])c([*:2])cc1[*:4],[*:1]F,[*:2]OC,,[*:4]C(F)(F)F,[*:5]OC,5.374
c1c(C)c(F)c(OC)cc1OC,c1c([*:5])c([*:1])c([*:2])cc1[*:4],[*:1]F,[*:2]OC,,[*:4]OC,[*:5]C,5.104
c1c(OC)c(F)c(OC)cc1OC,c1c([*:5])c([*:1])c([*:2])cc1[*:4],[*:1]F,[*:2]OC,,[*:4]OC,[*:5]OC,5.471
c1c(F)c(F)c(OC)cc1OC,c1c([*:5])c([*:1])c([*:2])cc1[*:4],[*:1]F,[*:2]OC,,[*:4]OC,[*:5]F,5.331
c1c(N)c(F)c(OC)cc1OC,c1c([*:5])c([*:1])c([*:2])cc1[*:4],[*:1]F,[*:2]OC,,[*:4]OC,[*:5]N,5.162
c1c(C)c(F)c(Br)cc1C,c1c([*:5])c([*:1])c([*:2])cc1[*:4],[*:1]F,[*:2]Br,,[*:4]C,[*:5]C,5.848
c1c(C)c(F)c(Br)cc1CC,c1c([*:5])c([*:1])c([*:2])cc1[*:4],[*:1]F,[*:2]Br,,[*:4]CC,[*:5]C,5.725
c1c(F)c(F)c(Br)cc1CC,c1c([*:5])c([*:1])c([*:2])cc1[*:4],[*:1]F,[*:2]Br,,[*:4]CC,[*:5]F,5.955
c1c(N)c(F)c(Br)cc1CC,c1c([*:5])c([*:1])c([*:2])cc1[*:4],[*:1]F,[*:2]Br,,[*:4]CC,[*:5]N,5.736
c1c(N)c(F)c(Br)cc1OC,c1c([*:5])c([*:1])c([*:2])cc1[*:4],[*:1]F,[*:2]Br,,[*:4]OC,[*:5]N,5.881
c1c(C)c(Cl)c(F)cc1C,c1c([*:5])c([*:1])c([*:2])cc1[*:4],[*:1]Cl,[*:2]F,,[*:4]C,[*:5]C,6.469
c1c(OC)c(Cl)c(F)cc1C,c1c([*:5])c([*:1])c([*:2])cc1[*:4],[*:1]Cl,[*:2]F,,[*:4]C,[*:5]OC,7.021
c1c(N)c(Cl)c(F)cc1C,c1c([*:5])c([*:1])c([*:2])cc1[*:4],[*:1]Cl,[*:2]F,,[*:4]C,[*:5]N,6.671
c1c(C)c(Cl)c(F)cc1CC,c1c([*:5])c([*:1])c([*:2])cc1[*:4],[*:1]Cl,[*:2]F,,[*:4]CC,[*:5]C,6.535
c1c(OC)c(Cl)c(F)cc1CC,c1c([*:5])c([*:1])c([*:2])cc1[*:4],[*:1]Cl,[*:2]F,,[*:4]CC,[*:5]OC,6.944
c1c(N)c(Cl)c(F)cc1CC,c1c([*:5])c([*:1])c([*:2])cc1[*:4],[*:1]Cl,[*:2]F,,[*:4]CC,[*:5]N,6.566
c1c(OC)c(Cl)c(F)cc1C(F)(F)F,c1c([*:5])c([*:1])c([*:2])cc1[*:4],[*:1]Cl,[*:2]F,,[*:4]C(F)(F)F,[*:5]OC,6.755
c1c(N)c(Cl)c(F)cc1C(F)(F)F,c1c([*:5])c([*:1])c([*:2])cc1[*:4],[*:1]Cl,[*:2]F,,[*:4]C(F)(F)F,[*:5]N,6.340
c1c(OC)c(Cl)c(F)cc1OC,c1c([*:5])c([*:1])c([*:2])cc1[*:4],[*:1]Cl,[*:2]F,,[*:4]OC,[*:5]OC,6.854
c1c(F)c(Cl)c(F)cc1OC,c1c([*:5])c([*:1])c([*:2])cc1[*:4],[*:1]Cl,[*:2]F,,[*:4]OC,[*:5]F,6.706
c1c(C)c(Cl)c(Cl)cc1C,c1c([*:5])c([*:1])c([*:2])cc1[*:4],[*:1]Cl,[*:2]Cl,,[*:4]C,[*:5]C,6.420
c1c(OC)c(Cl)c(Cl)cc1C,c1c([*:5])c([*:1])c([*:2])cc1[*:4],[*:1]Cl,[*:2]Cl,,[*:4]C,[*:5]OC,6.769
c1c(N)c(Cl)c(Cl)cc1C,c1c([*:5])c([*:1])c([*:2])cc1[*:4],[*:1]Cl,[*:2]Cl,,[*:4]C,[*:5]N,6.377
c1c(OC)c(Cl)c(Cl)cc1CC,c1c([*:5])c([*:1])c([*:2])cc1[*:4],[*:1]Cl,[*:2]Cl,,[*:4]CC,[*:5]OC,6.540
c1c(N)c(Cl)c(Cl)cc1CC,c1c([*:5])c([*:1])c([*:2])cc1[*:4],[*:1]Cl,[*:2]Cl,,[*:4]CC,[*:5]N,6.306
c1c(C)c(Cl)c(Cl)cc1C(F)(F)F,c1c([*:5])c([*:1])c([*:2])cc1[*:4],[*:1]Cl,[*:2]Cl,,[*:4]C(F)(F)F,[*:5]C,6.090
c1c(F)c(Cl)c(Cl)cc1C(F)(F)F,c1c([*:5])c([*:1])c([*:2])cc1[*:4],[*:1]Cl,[*:2]Cl,,[*:4]C(F)(F)F,[*:5]F,6.254
c1c(F)c(Cl)c(Cl)cc1OC,c1c([*:5])c([*:1])c([*:2])cc1[*:4],[*:1]Cl,[*:2]Cl,,[*:4]OC,[*:5]F,6.546
c1c(N)c(Cl)c(Cl)cc1OC,c1c([*:5])c([*:1])c([*:2])cc1[*:4],[*:1]Cl,[*:2]Cl,,[*:4]OC,[*:5]N,6.320
c1c(C)c(Cl)c(C)cc1C,c1c([*:5])c([*:1])c([*:2])cc1[*:4],[*:1]Cl,[*:2]C,,[*:4]C,[*:5]C,5.772
c1c(OC)c(Cl)c(C)cc1C,c1c([*:5])c([*:1])c([*:2])cc1[*:4],[*:1]Cl,[*:2]C,,[*:4]C,[*:5]OC,6.129
c1c(N)c(Cl)c(C)cc1CC,c1c([*:5])c([*:1])c([*:2])cc1[*:4],[*:1]Cl,[*:2]C,,[*:4]CC,[*:5]N,5.666
c1c(C)c(Cl)c(C)cc1C(F)(F)F,c1c([*:5])c([*:1])c([*:2])cc1[*:4],[*:1]Cl,[*:2]C,,[*:4]C(F)(F)F,[*:5]C,5.529
c1c(OC)c(Cl)c(C)cc1C(F)(F)F,c1c([*:5])c([*:1])c([*:2])cc1[*:4],[*:1]Cl,[*:2]C,,[*:4]C(F)(F)F,[*:5]OC,5.824
c1c(F)c(Cl)c(C)cc1OC,c1c([*:5])c([*:1])c([*:2])cc1[*:4],[*:1]Cl,[*:2]C,,[*:4]OC,[*:5]F,5.891
c1c(C)c(Cl)c(OC)cc1C,c1c([*:5])c([*:1])c([*:2])cc1[*:4],[*:1]Cl,[*:2]OC,,[*:4]C,[*:5]C,5.547
c1c(F)c(Cl)c(OC)cc1C,c1c([*:5])c([*:1])c([*:2])cc1[*:4],[*:1]Cl,[*:2]OC,,[*:4]C,[*:5]F,5.678
c1c(N)c(Cl)c(OC)cc1C,c1c([*:5])c([*:1])c([*:2])cc1[*:4],[*:1]Cl,[*:2]OC,,[*:4]C,[*:5]N,5.573
c1c(C)c(Cl)c(OC)cc1CC,c1c([*:5])c([*:1])c([*:2])cc1[*:4],[*:1]Cl,[*:2]OC,,[*:4]CC,[*:5]C,5.436
c1c(OC)c(Cl)c(OC)cc1CC,c1c([*:5])c([*:1])c([*:2])cc1[*:4],[*:1]Cl,[*:2]OC,,[*:4]CC,[*:5]OC,5.745
c1c(F)c(Cl)c(OC)cc1CC,c1c([*:5])c([*:1])c([*:2])cc1[*:4],[*:1]Cl,[*:2]OC,,[*:4]CC,[*:5]F,5.638
c1c(N)c(Cl)c(OC)cc1CC,c1c([*:5])c([*:1])c([*:2])cc1[*:4],[*:1]Cl,[*:2]OC,,[*:4]CC,[*:5]N,5.518
c1c(C)c(Cl)c(OC)cc1C(F)(F)F,c1c([*:5])c([*:1])c([*:2])cc1[*:4],[*:1]Cl,[*:2]OC,,[*:4]C(F)(F)F,[*:5]C,5.251
c1c(OC)c(Cl)c(OC)cc1C(F)(F)F,c1c([*:5])c([*:1])c([*:2])cc1[*:4],[*:1]Cl,[*:2]OC,,[*:4]C(F)(F)F,[*:5]OC,5.690
c1c(C)c(Cl)c(OC)cc1OC,c1c([*:5])c([*:1])c([*:2])cc1[*:4],[*:1]Cl,[*:2]OC,,[*:4]OC,[*:5]C,5.544
c1c(F)c(Cl)c(OC)cc1OC,c1c([*:5])c([*:1])c([*:2])cc1[*:4],[*:1]Cl,[*:2]OC,,[*:4]OC,[*:5]F,5.665
c1c(C)c(Cl)c(Br)cc1C,c1c([*:5])c([*:1])c([*:2])cc1[*:4],[*:1]Cl,[*:2]Br,,[*:4]C,[*:5]C,6.099
c1c(OC)c(Cl)c(Br)cc1C,c1c([*:5])c([*:1])c([*:2])cc1[*:4],[*:1]Cl,[*:2]Br,,[*:4]C,[*:5]OC,6.540
c1c(N)c(Cl)c(Br)cc1CC,c1c([*:5])c([*:1])c([*:2])cc1[*:4],[*:1]Cl,[*:2]Br,,[*:4]CC,[*:5]N,6.113
c1c(C)c(Cl)c(Br)cc1C(F)(F)F,c1c([*:5])c([*:1])c([*:2])cc1[*:4],[*:1]Cl,[*:2]Br,,[*:4]C(F)(F)F,[*:5]C,5.974
c1c(OC)c(Cl)c(Br)cc1C(F)(F)F,c1c([*:5])c([*:1])c([*:2])cc1[*:4],[*:1]Cl,[*:2]Br,,[*:4]C(F)(F)F,[*:5]OC,6.293
c1c(F)c(Cl)c(Br)cc1C(F)(F)F,c1c([*:5])c([*:1])c([*:2])cc1[*:4],[*:1]Cl,[*:2]Br,,[*:4]C(F)(F)F,[*:5]F,6.120
c1c(N)c(Cl)c(Br)cc1C(F)(F)F,c1c([*:5])c([*:1])c([*:2])cc1[*:4],[*:1]Cl,[*:2]Br,,[*:4]C(F)(F)F,[*:5]N,6.039
c1c(F)c(Cl)c(Br)cc1OC,c1c([*:5])c([*:1])c([*:2])cc1[*:4],[*:1]Cl,[*:2]Br,,[*:4]OC,[*:5]F,6.255
