Compound,Warhead,Linker,E3 Ligand,Target,E3 Ligase,Average Mass,cLogP,TPSA,HBA,HBD,Rotatable Bonds,Fsp3,QED,Caco-2 Permeability (pred),Solubility logS (pred),Patent,Year,Assignee
CC1(Oc2ccc3[nH]nc(-c4cc(N5CCC(CN6CCN(CC7CCN(c8ccc9c(c8F)CN(C8CCC(=O)NC8=O)C9=O)CC7)CC6)CC5)ncn4)c3c2)CC1,CC1(Oc2ccc3[nH]nc(-c4cc([*:1])ncn4)c3c2)CC1,C1CN([*:1])CCC1CN1CCN(CC2CCN([*:2])CC2)CC1,O=C1CCC(N2Cc3c(ccc([*:2])c3F)C2=O)C(=O)N1,LRRK2,CRBN,804.97,4.6,143.13,11,2,10,0.545,0.217,-5.31,-4.809,US20230097358A1,2023,YALE UNIVERSITY
CC1(Oc2ccc3[nH]nc(-c4cc(N5CCC(CN6CCN(CC7CCN(c8ccc9c(c8)C(=O)N(C8CCC(=O)NC8=O)C9)CC7)CC6)CC5)ncn4)c3c2)CC1,CC1(Oc2ccc3[nH]nc(-c4cc([*:1])ncn4)c3c2)CC1,C1CN([*:1])CCC1CN1CCN(CC2CCN([*:2])CC2)CC1,O=C1CCC(N2Cc3ccc([*:2])cc3C2=O)C(=O)N1,LRRK2,CRBN,786.98,4.46,143.13,11,2,10,0.545,0.22,-5.213,-4.431,US20230097358A1,2023,YALE UNIVERSITY
CC1(Oc2cc3c(-c4cc(N5CCC(CN6CCN(CC7CCN(c8ccc9c(c8F)CN(C8CCC(=O)NC8=O)C9=O)CC7)CC6)CC5)ncn4)n[nH]c3cn2)CC1,CC1(Oc2cc3c(-c4cc([*:1])ncn4)n[nH]c3cn2)CC1,C1CN([*:1])CCC1CN1CCN(CC2CCN([*:2])CC2)CC1,O=C1CCC(N2Cc3c(ccc([*:2])c3F)C2=O)C(=O)N1,LRRK2,CRBN,805.96,4.0,156.02,12,2,10,0.558,0.223,-5.328,-4.841,US20230097358A1,2023,YALE UNIVERSITY
CC1(Oc2cc3c(-c4cc(N5CCC(CN6CCN(CC7CCN(c8cc9c(cc8F)C(=O)N(C8CCC(=O)NC8=O)C9)CC7)CC6)CC5)ncn4)n[nH]c3cn2)CC1,CC1(Oc2cc3c(-c4cc([*:1])ncn4)n[nH]c3cn2)CC1,C1CN([*:1])CCC1CN1CCN(CC2CCN([*:2])CC2)CC1,O=C1CCC(N2Cc3cc([*:2])c(F)cc3C2=O)C(=O)N1,LRRK2,CRBN,805.96,4.0,156.02,12,2,10,0.558,0.223,-5.185,-4.787,US20230097358A1,2023,YALE UNIVERSITY
CC1(Oc2cc3c(-c4cc(N5CCC(CN6CCN(CC7CCN(c8ccc9c(c8F)CN(C8CCC(=O)NC8=O)C9=O)CC7)CC6)CC5)ncn4)n[nH]c3cc2F)CC1,CC1(Oc2cc3c(-c4cc([*:1])ncn4)n[nH]c3cc2F)CC1,C1CN([*:1])CCC1CN1CCN(CC2CCN([*:2])CC2)CC1,O=C1CCC(N2Cc3c(ccc([*:2])c3F)C2=O)C(=O)N1,LRRK2,CRBN,822.96,4.74,143.13,11,2,10,0.545,0.214,-5.348,-4.917,US20230097358A1,2023,YALE UNIVERSITY
CC1(Oc2cc3c(-c4cc(N5CCC(CN6CCN(CC7CCN(c8cc9c(cc8F)C(=O)N(C8CCC(=O)NC8=O)C9)CC7)CC6)CC5)ncn4)n[nH]c3cc2F)CC1,CC1(Oc2cc3c(-c4cc([*:1])ncn4)n[nH]c3cc2F)CC1,C1CN([*:1])CCC1CN1CCN(CC2CCN([*:2])CC2)CC1,O=C1CCC(N2Cc3cc([*:2])c(F)cc3C2=O)C(=O)N1,LRRK2,CRBN,822.96,4.74,143.13,11,2,10,0.545,0.214,-5.189,-4.857,US20230097358A1,2023,YALE UNIVERSITY
CC1(Oc2ccc3[nH]nc(-c4cc(N5CCC(CN6CCN(CC7CCN(c8cc9c(cc8F)C(=O)N(C8CCC(=O)NC8=O)C9)CC7)CC6)CC5)ncn4)c3c2)CC1,CC1(Oc2ccc3[nH]nc(-c4cc([*:1])ncn4)c3c2)CC1,C1CN([*:1])CCC1CN1CCN(CC2CCN([*:2])CC2)CC1,O=C1CCC(N2Cc3cc([*:2])c(F)cc3C2=O)C(=O)N1,LRRK2,CRBN,804.97,4.6,143.13,11,2,10,0.545,0.217,-5.178,-4.77,US20230097358A1,2023,YALE UNIVERSITY
CC1(Oc2cc3c(-c4cc(N5CCC(CN6CCN(CC7CCN(c8ccc9c(c8)C(=O)N(C8CCC(=O)NC8=O)C9=O)CC7)CC6)CC5)ncn4)n[nH]c3cn2)CC1,CC1(Oc2cc3c(-c4cc([*:1])ncn4)n[nH]c3cn2)CC1,C1CN([*:1])CCC1CN1CCN(CC2CCN([*:2])CC2)CC1,O=C1CCC(N2C(=O)c3ccc([*:2])cc3C2=O)C(=O)N1,LRRK2,CRBN,801.95,3.5,173.09,13,2,10,0.535,0.224,-5.224,-4.711,US20230097358A1,2023,YALE UNIVERSITY
CC1(Oc2ccc3n[nH]c(-c4cc(N5CCC(CN6CCN(CC7CCN(c8cccc9c8CN(C8CCC(=O)NC8=O)C9=O)CC7)CC6)CC5)ncn4)c3c2)CC1,CC1(Oc2ccc3n[nH]c(-c4cc([*:1])ncn4)c3c2)CC1,C1CN([*:1])CCC1CN1CCN(CC2CCN([*:2])CC2)CC1,O=C1CCC(N2Cc3c(cccc3[*:2])C2=O)C(=O)N1,LRRK2,CRBN,786.98,4.46,143.13,11,2,10,0.545,0.22,-5.218,-4.829,US20230097358A1,2023,YALE UNIVERSITY
CC1(Oc2ccc3n[nH]c(-c4cc(N5CCC(CN6CCN(CC7CCN(c8cccc9c8C(=O)N(C8CCC(=O)NC8=O)C9=O)CC7)CC6)CC5)ncn4)c3c2)CC1,CC1(Oc2ccc3n[nH]c(-c4cc([*:1])ncn4)c3c2)CC1,C1CN([*:1])CCC1CN1CCN(CC2CCN([*:2])CC2)CC1,O=C1CCC(N2C(=O)c3cccc([*:2])c3C2=O)C(=O)N1,LRRK2,CRBN,800.96,4.1,160.2,12,2,10,0.523,0.222,-5.159,-5.105,US20230097358A1,2023,YALE UNIVERSITY
CC1(Oc2ccc3n[nH]c(-c4cc(N5CCC(CN6CCN(CC7CCN(c8ccc9c(c8)CN(C8CCC(=O)NC8=O)C9=O)CC7)CC6)CC5)ncn4)c3c2)CC1,CC1(Oc2ccc3n[nH]c(-c4cc([*:1])ncn4)c3c2)CC1,C1CN([*:1])CCC1CN1CCN(CC2CCN([*:2])CC2)CC1,O=C1CCC(N2Cc3cc([*:2])ccc3C2=O)C(=O)N1,LRRK2,CRBN,786.98,4.46,143.13,11,2,10,0.545,0.22,-5.201,-4.744,US20230097358A1,2023,YALE UNIVERSITY
CC1(Oc2ccc3[nH]nc(-c4cc(N5CCC(CN6CCN(CC7CCN(c8cc9c(cc8F)C(=O)N(C8CCC(=O)NC8=O)C9=O)CC7)CC6)CC5)ncn4)c3c2)CC1,CC1(Oc2ccc3[nH]nc(-c4cc([*:1])ncn4)c3c2)CC1,C1CN([*:1])CCC1CN1CCN(CC2CCN([*:2])CC2)CC1,O=C1CCC(N2C(=O)c3cc(F)c([*:2])cc3C2=O)C(=O)N1,LRRK2,CRBN,818.95,4.24,160.2,12,2,10,0.523,0.22,-5.197,-5.078,US20230097358A1,2023,YALE UNIVERSITY
CC1(Oc2ccc3[nH]nc(-c4ccnc(N5CCC(CN6CCN(CC7CCN(c8ccc9c(c8)C(=O)N(C8CCC(=O)NC8=O)C9=O)CC7)CC6)CC5)c4)c3c2)CC1,CC1(Oc2ccc3[nH]nc(-c4ccnc([*:1])c4)c3c2)CC1,C1CN([*:1])CCC1CN1CCN(CC2CCN([*:2])CC2)CC1,O=C1CCC(N2C(=O)c3ccc([*:2])cc3C2=O)C(=O)N1,LRRK2,CRBN,799.98,4.71,147.31,11,2,10,0.511,0.215,-5.235,-4.907,US20230097358A1,2023,YALE UNIVERSITY
CC1(Oc2ccc3n[nH]c(-c4cc(N5CCC(CN6CCN(CC7CCN(c8ccc9c(c8)C(=O)N(C8CCC(=O)NC8=O)C9=O)CC7)CC6)CC5)ncn4)c3c2)CC1,CC1(Oc2ccc3n[nH]c(-c4cc([*:1])ncn4)c3c2)CC1,C1CN([*:1])CCC1CN1CCN(CC2CCN([*:2])CC2)CC1,O=C1CCC(N2C(=O)c3ccc([*:2])cc3C2=O)C(=O)N1,LRRK2,CRBN,800.96,4.1,160.2,12,2,10,0.523,0.222,-5.197,-4.833,US20230097358A1,2023,YALE UNIVERSITY
CC1(Oc2ccc3[nH]nc(-c4cc(N5CCN(C(=O)CCOCCNc6cccc7c6C(=O)N(C6CCC(=O)NC6=O)C7=O)CC5)ncn4)c3c2)CC1,CC1(Oc2ccc3[nH]nc(-c4cc([*:1])ncn4)c3c2)CC1,O=C(CCOCCN[*:2])N1CCN([*:1])CC1,O=C1CCC(N2C(=O)c3cccc([*:2])c3C2=O)C(=O)N1,LRRK2,CRBN,721.77,2.52,192.05,12,3,12,0.405,0.143,-5.389,-4.124,US20210361774A1,2021,DANA-FARBER CANCER INSTITUTE (INC.)
CC1(Oc2ccc3[nH]nc(-c4cc(N5CCN(C(=O)CCOCCOCCOCCOCCNc6cccc7c6C(=O)N(C6CCC(=O)NC6=O)C7=O)CC5)ncn4)c3c2)CC1,CC1(Oc2ccc3[nH]nc(-c4cc([*:1])ncn4)c3c2)CC1,O=C(CCOCCOCCOCCOCCN[*:2])N1CCN([*:1])CC1,O=C1CCC(N2C(=O)c3cccc([*:2])c3C2=O)C(=O)N1,LRRK2,CRBN,853.93,2.57,219.74,15,3,21,0.488,0.081,-5.265,-2.809,US20210361774A1,2021,DANA-FARBER CANCER INSTITUTE (INC.)
CC1(Oc2ccc3[nH]nc(-c4cc(N5CCN(C(=O)CCOCCOCCNc6cccc7c6C(=O)N(C6CCC(=O)NC6=O)C7=O)CC5)ncn4)c3c2)CC1,CC1(Oc2ccc3[nH]nc(-c4cc([*:1])ncn4)c3c2)CC1,O=C(CCOCCOCCN[*:2])N1CCN([*:1])CC1,O=C1CCC(N2C(=O)c3cccc([*:2])c3C2=O)C(=O)N1,LRRK2,CRBN,765.83,2.54,201.28,13,3,15,0.436,0.118,-5.324,-3.525,US20210361774A1,2021,DANA-FARBER CANCER INSTITUTE (INC.)
N#CC1(c2ccc3cnn(-c4cc(N5CCN(CC6CN(c7ccc8c(c7)C(=O)N(C7CCC(=O)NC7=O)C8=O)C6)CC5)ncn4)c3c2)CC2(CC2)C1,N#CC1(c2ccc3cnn(-c4cc([*:1])ncn4)c3c2)CC2(CC2)C1,C1CN([*:1])CCN1CC1CN([*:2])C1,O=C1CCC(N2C(=O)c3ccc([*:2])cc3C2=O)C(=O)N1,LRRK2,CRBN,710.8,2.81,160.66,11,1,7,0.436,0.281,-5.464,-5.216,WO2023283606A1,2023,DANA-FARBER CANCER INSTITUTE (INC.)
Cc1cc(Nc2ncnc3ccc(N4CCN(CC5CN(c6ccc7c(c6)C(=O)N(C6CCC(=O)NC6=O)C7=O)C5)CC4)cc23)ccc1Oc1ccn2ncnc2c1,Cc1cc(Nc2ncnc3ccc([*:1])cc23)ccc1Oc1ccn2ncnc2c1,C1CN([*:1])CCN1CC1CN([*:2])C1,O=C1CCC(N2C(=O)c3ccc([*:2])cc3C2=O)C(=O)N1,HER2,CRBN,777.85,4.18,170.5,13,2,9,0.286,0.201,-5.437,-4.893,CN116199685A,2023,HAISCO PHARAMACEUTICAL GROUP INC
Cc1cc(Nc2ncnc3ccc(N4CCN(CC5CCN(c6ccc7c(c6)C(=O)N(C6CCC(=O)NC6=O)C7=O)CC5)CC4)cc23)ccc1Oc1ccn2ncnc2c1,Cc1cc(Nc2ncnc3ccc([*:1])cc23)ccc1Oc1ccn2ncnc2c1,C1CN([*:2])CCC1CN1CCN([*:1])CC1,O=C1CCC(N2C(=O)c3ccc([*:2])cc3C2=O)C(=O)N1,HER2,CRBN,805.9,4.96,170.5,13,2,9,0.318,0.188,-5.286,-5.661,CN116199685A,2023,HAISCO PHARAMACEUTICAL GROUP INC
Cc1cc(Nc2ncnc3cc(N4CCC(CN5CCN(c6ccc7c(c6)C(=O)N(C6CCC(=O)NC6=O)C7=O)CC5)CC4)ccc23)ccc1Oc1ccn2ncnc2c1,Cc1cc(Nc2ncnc3cc([*:1])ccc23)ccc1Oc1ccn2ncnc2c1,C1CN([*:1])CCC1CN1CCN([*:2])CC1,O=C1CCC(N2C(=O)c3ccc([*:2])cc3C2=O)C(=O)N1,HER2,CRBN,805.9,4.96,170.5,13,2,9,0.318,0.188,-5.283,-5.579,CN116199685A,2023,HAISCO PHARAMACEUTICAL GROUP INC
Cc1cc(Nc2ncnc3cc(N4CCN(CC5CCN(c6ccc7c(c6)C(=O)N(C6CCC(=O)NC6=O)C7=O)CC5)CC4)ccc23)ccc1Oc1ccn2ncnc2c1,Cc1cc(Nc2ncnc3cc([*:1])ccc23)ccc1Oc1ccn2ncnc2c1,C1CN([*:2])CCC1CN1CCN([*:1])CC1,O=C1CCC(N2C(=O)c3ccc([*:2])cc3C2=O)C(=O)N1,HER2,CRBN,805.9,4.96,170.5,13,2,9,0.318,0.188,-5.283,-5.579,CN116199685A,2023,HAISCO PHARAMACEUTICAL GROUP INC
Cc1cc(Nc2ncnc3cc(N4CCC(N5CCN(c6ccc7c(c6)C(=O)N(C6CCC(=O)NC6=O)C7=O)CC5)CC4)ccc23)ccc1Oc1ccn2ncnc2c1,Cc1cc(Nc2ncnc3cc([*:1])ccc23)ccc1Oc1ccn2ncnc2c1,C1CN([*:1])CCC1N1CCN([*:2])CC1,O=C1CCC(N2C(=O)c3ccc([*:2])cc3C2=O)C(=O)N1,HER2,CRBN,791.87,4.71,170.5,13,2,8,0.302,0.204,-5.174,-5.489,CN116199685A,2023,HAISCO PHARAMACEUTICAL GROUP INC
Cc1cc(Nc2ncnc3ccc(N4CCN(C5CN(c6ccc7c(c6)C(=O)N(C6CCC(=O)NC6=O)C7=O)C5)CC4)cc23)ccc1Oc1ccn2ncnc2c1,Cc1cc(Nc2ncnc3ccc([*:1])cc23)ccc1Oc1ccn2ncnc2c1,C1CN([*:1])CCN1C1CN([*:2])C1,O=C1CCC(N2C(=O)c3ccc([*:2])cc3C2=O)C(=O)N1,HER2,CRBN,763.82,3.93,170.5,13,2,8,0.268,0.214,-5.309,-4.107,CN116199685A,2023,HAISCO PHARAMACEUTICAL GROUP INC
Cc1cc(Nc2ncnc3ccc(N4CCC(CN5CCN(c6ccc7c(c6)C(=O)N(C6CCC(=O)NC6=O)C7=O)CC5)CC4)cc23)ccc1Oc1ccn2ncnc2c1,Cc1cc(Nc2ncnc3ccc([*:1])cc23)ccc1Oc1ccn2ncnc2c1,C1CN([*:1])CCC1CN1CCN([*:2])CC1,O=C1CCC(N2C(=O)c3ccc([*:2])cc3C2=O)C(=O)N1,HER2,CRBN,805.9,4.96,170.5,13,2,9,0.318,0.188,-5.286,-5.661,CN116199685A,2023,HAISCO PHARAMACEUTICAL GROUP INC
COC(=O)CC1N=C(c2ccc(-c3ccc(OCCOCCOCCOCCOCC(=O)NC(C(=O)N4CC(O)CC4C(=O)NC(C)c4ccc(-c5scnc5C)cc4)C(C)(C)C)c(C#N)c3)cc2)c2c(sc(C)c2C)-n2c(C)nnc21,COC(=O)CC1N=C(c2ccc(-c3ccc([*:1])c(C#N)c3)cc2)c2c(sc(C)c2C)-n2c(C)nnc21,O=C(COCCOCCOCCOCCO[*:1])[*:2],Cc1ncsc1-c1ccc(C(C)NC(=O)C2CC(O)CN2C(=O)C(N[*:2])C(C)(C)C)cc1,BET,VHL,1158.41,7.5,250.94,18,3,25,0.45,0.037,-5.889,-4.32,US20210284654A1,2021,MITSUBISHI CHEMICAL HOLDINGS CORP.
COC(=O)CC1N=C(c2ccc(-c3ccc(OCCOCC(=O)NC(C(=O)N4CC(O)CC4C(=O)NC(C)c4ccc(-c5scnc5C)cc4)C(C)(C)C)c(C#N)c3)cc2)c2c(sc(C)c2C)-n2c(C)nnc21,COC(=O)CC1N=C(c2ccc(-c3ccc([*:1])c(C#N)c3)cc2)c2c(sc(C)c2C)-n2c(C)nnc21,O=C(COCCO[*:1])[*:2],Cc1ncsc1-c1ccc(C(C)NC(=O)C2CC(O)CN2C(=O)C(N[*:2])C(C)(C)C)cc1,BET,VHL,1026.25,7.45,223.25,15,3,16,0.389,0.064,-5.736,-5.17,US20210284654A1,2021,MITSUBISHI CHEMICAL HOLDINGS CORP.
COC(=O)CC1N=C(c2ccc(NC(=O)CCc3ccc(OCCOCCOCCOCCOCC(=O)NC(C(=O)N4CC(O)CC4C(=O)NC(C)c4ccc(-c5scnc5C)cc4)C(C)(C)C)cc3)cc2)c2c(sc(C)c2C)-n2c(C)nnc21,COC(=O)CC1N=C(c2ccc(NC(=O)CCc3ccc([*:1])cc3)cc2)c2c(sc(C)c2C)-n2c(C)nnc21,O=C(COCCOCCOCCOCCO[*:1])[*:2],Cc1ncsc1-c1ccc(C(C)NC(=O)C2CC(O)CN2C(=O)C(N[*:2])C(C)(C)C)cc1,BET,VHL,1204.48,7.53,256.25,18,4,28,0.468,0.027,-5.8,-3.836,US20210284654A1,2021,MITSUBISHI CHEMICAL HOLDINGS CORP.
COC(=O)CC1N=C(c2ccc(NC(=O)CCc3ccc(OCCOCC(=O)NC(C(=O)N4CC(O)CC4C(=O)NC(C)c4ccc(-c5scnc5C)cc4)C(C)(C)C)cc3)cc2)c2c(sc(C)c2C)-n2c(C)nnc21,COC(=O)CC1N=C(c2ccc(NC(=O)CCc3ccc([*:1])cc3)cc2)c2c(sc(C)c2C)-n2c(C)nnc21,O=C(COCCO[*:1])[*:2],Cc1ncsc1-c1ccc(C(C)NC(=O)C2CC(O)CN2C(=O)C(N[*:2])C(C)(C)C)cc1,BET,VHL,1072.32,7.48,228.56,15,4,19,0.411,0.046,-5.675,-4.835,US20210284654A1,2021,MITSUBISHI CHEMICAL HOLDINGS CORP.
COC(=O)CC1N=C(c2ccc(NC(=O)CCc3ccc(OCCOCCOCCOCC(=O)NC(C(=O)N4CC(O)CC4C(=O)NC(C)c4ccc(-c5scnc5C)cc4)C(C)(C)C)cc3)cc2)c2c(sc(C)c2C)-n2c(C)nnc21,COC(=O)CC1N=C(c2ccc(NC(=O)CCc3ccc([*:1])cc3)cc2)c2c(sc(C)c2C)-n2c(C)nnc21,O=C(COCCOCCOCCO[*:1])[*:2],Cc1ncsc1-c1ccc(C(C)NC(=O)C2CC(O)CN2C(=O)C(N[*:2])C(C)(C)C)cc1,BET,VHL,1160.43,7.51,247.02,17,4,25,0.45,0.032,-5.806,-4.327,US20210284654A1,2021,MITSUBISHI CHEMICAL HOLDINGS CORP.
Cc1ncsc1-c1ccc(CNC(=O)C2CC(O)CN2C(=O)C(NC(=O)COCCOCCOCCOc2ccc(Oc3c(-c4ccc(O)cc4)sc4cc(O)ccc34)cc2)C(C)(C)C)cc1,Oc1ccc(-c2sc3cc(O)ccc3c2Oc2ccc([*:1])cc2)cc1,O=C(COCCOCCOCCO[*:1])[*:2],Cc1ncsc1-c1ccc(CNC(=O)C2CC(O)CN2C(=O)C(N[*:2])C(C)(C)C)cc1,ER,VHL,953.15,7.44,198.24,14,5,21,0.36,0.045,-6.128,-3.812,WO2015000867A1,2015,GSK (FORMER GLAXOSMITHKLINE PLC)
Cc1ncsc1-c1ccc(CNC(=O)C2CC(O)CN2C(=O)C(NC(=O)COCCOCCOCCOc2ccc(Oc3c(-c4ccccc4)sc4cc(O)ccc34)cc2)C(C)(C)C)cc1,Oc1ccc2c(Oc3ccc([*:1])cc3)c(-c3ccccc3)sc2c1,O=C(COCCOCCOCCO[*:1])[*:2],Cc1ncsc1-c1ccc(CNC(=O)C2CC(O)CN2C(=O)C(N[*:2])C(C)(C)C)cc1,ER,VHL,937.15,7.74,178.01,13,4,21,0.36,0.052,-6.037,-4.687,WO2015000867A1,2015,GSK (FORMER GLAXOSMITHKLINE PLC)
Cc1ncsc1-c1ccc(CNC(=O)C2CC(O)CN2C(=O)C(NC(=O)COCCOCCOCCOc2ccc(Oc3c(-c4ccc(Br)cc4)sc4cc(O)ccc34)cc2)C(C)(C)C)cc1,Oc1ccc2c(Oc3ccc([*:1])cc3)c(-c3ccc(Br)cc3)sc2c1,O=C(COCCOCCOCCO[*:1])[*:2],Cc1ncsc1-c1ccc(CNC(=O)C2CC(O)CN2C(=O)C(N[*:2])C(C)(C)C)cc1,ER,VHL,1016.05,8.5,178.01,13,4,21,0.36,0.051,-5.904,-5.255,WO2015000867A1,2015,GSK (FORMER GLAXOSMITHKLINE PLC)
Cc1ncsc1-c1ccc(CNC(=O)C2CC(O)CN2C(=O)C(NC(=O)COCCOCCOCCOc2ccc(Oc3c(-c4ccc(F)cc4)sc4cc(O)ccc34)cc2)C(C)(C)C)cc1,Oc1ccc2c(Oc3ccc([*:1])cc3)c(-c3ccc(F)cc3)sc2c1,O=C(COCCOCCOCCO[*:1])[*:2],Cc1ncsc1-c1ccc(CNC(=O)C2CC(O)CN2C(=O)C(N[*:2])C(C)(C)C)cc1,ER,VHL,955.14,7.87,178.01,13,4,21,0.36,0.052,-5.948,-4.677,WO2015000867A1,2015,GSK (FORMER GLAXOSMITHKLINE PLC)
Cc1ncsc1-c1ccc(CNC(=O)C2CC(O)CN2C(=O)C(NC(=O)COCCOCCOCCOc2ccc(C(=O)c3c(-c4ccc(O)cc4)sc4cc(O)ccc34)cc2)C(C)(C)C)cc1,O=C(c1ccc([*:1])cc1)c1c(-c2ccc(O)cc2)sc2cc(O)ccc12,O=C(COCCOCCOCCO[*:1])[*:2],Cc1ncsc1-c1ccc(CNC(=O)C2CC(O)CN2C(=O)C(N[*:2])C(C)(C)C)cc1,ER,VHL,965.16,6.88,206.08,14,5,21,0.353,0.037,-6.138,-4.097,WO2015000867A1,2015,GSK (FORMER GLAXOSMITHKLINE PLC)
Cc1ncsc1-c1ccc(CNC(=O)C2CC(O)CN2C(=O)C(NC(=O)COCCOCCOCCOCCOc2ccc(C(=O)c3c(-c4ccc(O)cc4)sc4cc(O)ccc34)cc2)C(C)(C)C)cc1,O=C(c1ccc([*:1])cc1)c1c(-c2ccc(O)cc2)sc2cc(O)ccc12,O=C(COCCOCCOCCOCCO[*:1])[*:2],Cc1ncsc1-c1ccc(CNC(=O)C2CC(O)CN2C(=O)C(N[*:2])C(C)(C)C)cc1,ER,VHL,1009.21,6.9,215.31,15,5,24,0.377,0.031,-6.035,-3.827,WO2015000867A1,2015,GSK (FORMER GLAXOSMITHKLINE PLC)
Cc1ncsc1-c1ccc(CNC(=O)C2CC(O)CN2C(=O)C(NC(=O)COCCOCCOc2ccc(C(=O)c3c(-c4ccc(O)cc4)sc4cc(O)ccc34)cc2)C(C)(C)C)cc1,O=C(c1ccc([*:1])cc1)c1c(-c2ccc(O)cc2)sc2cc(O)ccc12,O=C(COCCOCCO[*:1])[*:2],Cc1ncsc1-c1ccc(CNC(=O)C2CC(O)CN2C(=O)C(N[*:2])C(C)(C)C)cc1,ER,VHL,921.11,6.86,196.85,13,5,18,0.327,0.045,-6.155,-4.342,WO2015000867A1,2015,GSK (FORMER GLAXOSMITHKLINE PLC)
CNc1cc2c(=O)n(C)cc(-c3cc(OC)c(CN(C)CC45CC(C(=O)NCCCCCNc6cccc7c6C(=O)N(C6CCC(=O)NC6=O)C7=O)(C4)C5)c(OC)c3)c2cn1,CNc1cc2c(=O)n(C)cc(-c3cc(OC)c(CN(C)CC45CC([*:1])(C4)C5)c(OC)c3)c2cn1,O=C(NCCCCCN[*:2])[*:1],O=C1CCC(N2C(=O)c3cccc([*:2])c3C2=O)C(=O)N1,BRD9,CRBN,832.96,4.06,193.3,12,4,17,0.444,0.088,-5.365,-3.485,US20230077730A1,2023,FOGHORN THERAPEUTICS INC
CNc1cc2c(=O)n(C)cc(-c3cc(OC)c(CN(C)CC45CC(C(=O)NCCCCCNc6ccc7c(c6)C(=O)N(C6CCC(=O)NC6=O)C7=O)(C4)C5)c(OC)c3)c2cn1,CNc1cc2c(=O)n(C)cc(-c3cc(OC)c(CN(C)CC45CC([*:1])(C4)C5)c(OC)c3)c2cn1,O=C(NCCCCCN[*:2])[*:1],O=C1CCC(N2C(=O)c3ccc([*:2])cc3C2=O)C(=O)N1,BRD9,CRBN,832.96,4.06,193.3,12,4,17,0.444,0.088,-5.395,-3.232,US20230077730A1,2023,FOGHORN THERAPEUTICS INC
COc1cc(-c2cn(C)c(=O)c3cnc(N4CCC4)cc23)cc(OC)c1CN1CC(N2CCN(c3ccc4c(c3)CN(C3CCC(=O)NC3=O)C4=O)CC2)C1,COc1cc(-c2cn(C)c(=O)c3cnc(N4CCC4)cc23)cc(OC)c1[*:1],C1C(N2CCN([*:2])CC2)CN1C[*:1],O=C1CCC(N2Cc3cc([*:2])ccc3C2=O)C(=O)N1,BRD9,CRBN,746.87,2.6,132.79,11,1,9,0.439,0.254,-5.64,-3.723,US20230077730A1,2023,FOGHORN THERAPEUTICS INC
COc1cc(-c2cn(C)c(=O)c3cnc(N(C)C)cc23)cc(OC)c1CN1CC(N2CCN(c3ccc4c(c3)C(=O)N(C3CCC(=O)NC3=O)C4=O)CC2)C1,COc1cc(-c2cn(C)c(=O)c3cnc(N(C)C)cc23)cc(OC)c1[*:1],C1C(N2CCN([*:2])CC2)CN1C[*:1],O=C1CCC(N2C(=O)c3ccc([*:2])cc3C2=O)C(=O)N1,BRD9,CRBN,748.84,2.09,149.86,12,1,9,0.4,0.25,-5.614,-3.427,US20230077730A1,2023,FOGHORN THERAPEUTICS INC
COc1cc(-c2cn(C)c(=O)c3cnc(N(C)C)cc23)cc(OC)c1CN(C)CC12CC(C(=O)NCCCCCNc3ccc4c(c3)C(=O)N(C3CCC(=O)NC3=O)C4=O)(C1)C2,COc1cc(-c2cn(C)c(=O)c3cnc(N(C)C)cc23)cc(OC)c1CN(C)CC12CC([*:1])(C1)C2,O=C(NCCCCCN[*:2])[*:1],O=C1CCC(N2C(=O)c3ccc([*:2])cc3C2=O)C(=O)N1,BRD9,CRBN,846.99,4.09,184.51,12,3,17,0.457,0.102,-5.301,-3.554,US20230077730A1,2023,FOGHORN THERAPEUTICS INC
COc1cc(-c2cn(C)c(=O)c3cnc(N(C)C)cc23)cc(OC)c1CN(C)CC12CC(C(=O)NCCCCCNc3cccc4c3C(=O)N(C3CCC(=O)NC3=O)C4=O)(C1)C2,COc1cc(-c2cn(C)c(=O)c3cnc(N(C)C)cc23)cc(OC)c1CN(C)CC12CC([*:1])(C1)C2,O=C(NCCCCCN[*:2])[*:1],O=C1CCC(N2C(=O)c3cccc([*:2])c3C2=O)C(=O)N1,BRD9,CRBN,846.99,4.09,184.51,12,3,17,0.457,0.102,-5.251,-3.675,US20230077730A1,2023,FOGHORN THERAPEUTICS INC
CC(=O)N1c2ccc(-c3ccc(C(=O)NCCOCCOCCOCC(=O)NC(C(=O)N4CC(O)CC4C(=O)NCc4ccc(-c5scnc5C)cc4)C(C)(C)C)cc3)cc2C(Nc2ccc(Cl)cc2)CC1C,CC(=O)N1c2ccc(-c3ccc([*:1])cc3)cc2C(Nc2ccc(Cl)cc2)CC1C,O=C(NCCOCCOCCOCC(=O)[*:2])[*:1],Cc1ncsc1-c1ccc(CNC(=O)C2CC(O)CN2C(=O)C(N[*:2])C(C)(C)C)cc1,BRD4,VHL,1036.69,7.33,200.76,12,5,21,0.418,0.046,-5.947,-5.087,US11179373B2,2021,UNIVERSITY OF DUNDEE
CC1(C)C(=O)N(c2ccc(C#N)c(C(F)(F)F)c2)C(=S)N1c1ccc(OCCOCCOCCOCCNc2cccc3c2C(=O)N(C2CCC(=O)NC2=O)C3=O)cc1,CC1(C)C(=O)N(c2ccc(C#N)c(C(F)(F)F)c2)C(=S)N1c1ccc([*:1])cc1,C(COCCOCCOCCO[*:1])N[*:2],O=C1CCC(N2C(=O)c3cccc([*:2])c3C2=O)C(=O)N1,AR,CRBN,836.85,4.44,179.84,12,2,17,0.375,0.111,-5.763,-4.827,US20180099940A1,2018,ARVINAS INC
CC1(C)C(=O)N(c2ccc(C#N)c(C(F)(F)F)c2)C(=S)N1c1ccc(OCCOCCOCCNc2cccc3c2C(=O)N(C2CCC(=O)NC2=O)C3=O)cc1,CC1(C)C(=O)N(c2ccc(C#N)c(C(F)(F)F)c2)C(=S)N1c1ccc([*:1])cc1,C(COCCOCCO[*:1])N[*:2],O=C1CCC(N2C(=O)c3cccc([*:2])c3C2=O)C(=O)N1,AR,CRBN,792.79,4.42,170.61,11,2,14,0.342,0.134,-5.745,-5.282,US20180099940A1,2018,ARVINAS INC
CC(=O)c1c(C)[nH]c(-c2nc3ccc(N4CCN(CC5CCN(c6cccc7c6C(=O)N(C6CCC(=O)NC6=O)C7=O)C5)CC4)cc3[nH]2)c1-c1ccccc1,CC(=O)c1c(C)[nH]c(-c2nc3ccc([*:1])cc3[nH]2)c1-c1ccccc1,C1CN([*:2])CC1CN1CCN([*:1])CC1,O=C1CCC(N2C(=O)c3cccc([*:2])c3C2=O)C(=O)N1,BRD,CRBN,738.85,4.79,154.81,9,3,8,0.333,0.151,-5.517,-4.445,CN114044768A,2022,UNIV CHINA PHARM
CC(=O)c1c(C)[nH]c(-c2nc3ccc(N4CCN(CC5CCN(c6cccc7c6C(=O)N(C6CCC(=O)NC6=O)C7=O)CC5)CC4)cc3[nH]2)c1-c1ccccc1,CC(=O)c1c(C)[nH]c(-c2nc3ccc([*:1])cc3[nH]2)c1-c1ccccc1,C1CN([*:2])CCC1CN1CCN([*:1])CC1,O=C1CCC(N2C(=O)c3cccc([*:2])c3C2=O)C(=O)N1,BRD,CRBN,752.88,5.18,154.81,9,3,8,0.349,0.144,-5.529,-4.814,CN114044768A,2022,UNIV CHINA PHARM
CC(=O)c1c(C)[nH]c(-c2nc3ccc(N4CCN(C5CN(c6cccc7c6C(=O)N(C6CCC(=O)NC6=O)C7=O)C5)CC4)cc3[nH]2)c1-c1ccccc1,CC(=O)c1c(C)[nH]c(-c2nc3ccc([*:1])cc3[nH]2)c1-c1ccccc1,C1CN([*:1])CCN1C1CN([*:2])C1,O=C1CCC(N2C(=O)c3cccc([*:2])c3C2=O)C(=O)N1,BRD,CRBN,710.8,4.15,154.81,9,3,7,0.3,0.167,-5.5,-3.776,CN114044768A,2022,UNIV CHINA PHARM
CC(=O)c1c(C)[nH]c(-c2nc3ccc(N4CCN(C5CCN(c6cccc7c6C(=O)N(C6CCC(=O)NC6=O)C7=O)CC5)CC4)cc3[nH]2)c1-c1ccccc1,CC(=O)c1c(C)[nH]c(-c2nc3ccc([*:1])cc3[nH]2)c1-c1ccccc1,C1CN([*:2])CCC1N1CCN([*:1])CC1,O=C1CCC(N2C(=O)c3cccc([*:2])c3C2=O)C(=O)N1,BRD,CRBN,738.85,4.93,154.81,9,3,7,0.333,0.156,-5.379,-4.349,CN114044768A,2022,UNIV CHINA PHARM
Cc1sc2c(c1C)C(c1ccc(Cl)cc1)=NC(CC(=O)Nc1ccc(OCCOCCOCCOCCNc3cccc4c3C(=O)N(C3CCC(=O)NC3=O)C4=O)cc1)c1nnc(C)n1-2,Cc1sc2c(c1C)C(c1ccc(Cl)cc1)=NC(CC(=O)Nc1ccc([*:1])cc1)c1nnc(C)n1-2,C(COCCOCCOCCO[*:1])N[*:2],O=C1CCC(N2C(=O)c3cccc([*:2])c3C2=O)C(=O)N1,TBK1,CRBN,923.45,5.77,204.67,14,3,19,0.348,0.067,-5.356,-4.564,US10946017B2,2021,YALE UNIVERSITY
Cc1sc2c(c1C)C(c1ccc(Cl)cc1)=NC(CC(=O)Nc1ccc(OCCOCCOCCNc3cccc4c3C(=O)N(C3CCC(=O)NC3=O)C4=O)cc1)c1nnc(C)n1-2,Cc1sc2c(c1C)C(c1ccc(Cl)cc1)=NC(CC(=O)Nc1ccc([*:1])cc1)c1nnc(C)n1-2,C(COCCOCCO[*:1])N[*:2],O=C1CCC(N2C(=O)c3cccc([*:2])c3C2=O)C(=O)N1,"TBK1, ERα, BRD4, AR",CRBN,879.4,5.75,195.44,13,3,16,0.318,0.081,-5.425,-5.13,US20190233433A1,2019,YALE UNIVERSITY
CN(CCCNc1nc(Nc2ccc(OCCOCCOCCOCCNc3cccc4c3C(=O)N(C3CCC(=O)NC3=O)C4=O)cc2)ncc1Br)C(=O)C1CCC1,CN(CCCNc1nc(Nc2ccc([*:1])cc2)ncc1Br)C(=O)C1CCC1,C(COCCOCCOCCO[*:1])N[*:2],O=C1CCC(N2C(=O)c3cccc([*:2])c3C2=O)C(=O)N1,TBK1,CRBN,865.78,3.99,202.65,14,4,23,0.475,0.079,-5.33,-3.848,US10946017B2,2021,YALE UNIVERSITY
Cc1sc2c(c1C)C(c1ccc(Cl)cc1)=NC(CC(=O)NC(C)c1ccc(OCCOCCNc3cccc4c3C(=O)N(C3CCC(=O)NC3=O)C4=O)cc1)c1nnc(C)n1-2,Cc1sc2c(c1C)C(c1ccc(Cl)cc1)=NC(CC(=O)NC(C)c1ccc([*:1])cc1)c1nnc(C)n1-2,C(COCCO[*:1])N[*:2],O=C1CCC(N2C(=O)c3cccc([*:2])c3C2=O)C(=O)N1,"TBK1, ERα, BRD4, AR",CRBN,863.4,5.98,186.21,12,3,14,0.318,0.089,-5.523,-5.596,US20190233433A1,2019,YALE UNIVERSITY
CC1(C)C(=O)N(c2ccc(C#N)c(C(F)(F)F)c2)C(=S)N1c1ccc(OCCOCCNc2cccc3c2C(=O)N(C2CCC(=O)NC2=O)C3=O)cc1,CC1(C)C(=O)N(c2ccc(C#N)c(C(F)(F)F)c2)C(=S)N1c1ccc([*:1])cc1,C(COCCO[*:1])N[*:2],O=C1CCC(N2C(=O)c3cccc([*:2])c3C2=O)C(=O)N1,AR,CRBN,748.74,4.4,161.38,10,2,11,0.306,0.163,-5.717,-5.454,US20180099940A1,2018,ARVINAS INC
Cc1sc2c(c1C)C(c1ccc(Cl)cc1)=NC(CC(=O)NC(C)c1ccc(-c3ncc(OCCOCCNc4cccc5c4C(=O)N(C4CCC(=O)NC4=O)C5=O)cn3)cc1)c1nnc(C)n1-2,Cc1sc2c(c1C)C(c1ccc(Cl)cc1)=NC(CC(=O)NC(C)c1ccc(-c3ncc([*:1])cn3)cc1)c1nnc(C)n1-2,C(COCCO[*:1])N[*:2],O=C1CCC(N2C(=O)c3cccc([*:2])c3C2=O)C(=O)N1,"TBK1, ERα, BRD4, AR",CRBN,941.47,6.43,211.99,14,3,15,0.292,0.075,-5.483,-6.118,US20190233433A1,2019,YALE UNIVERSITY
Cc1sc2c(c1C)C(c1ccc(Cl)cc1)=NC(CC(=O)NC(C)c1ccc(OCCOCCNc3cccc4c3CN(C3CCC(=O)NC3=O)C4=O)cc1)c1nnc(C)n1-2,Cc1sc2c(c1C)C(c1ccc(Cl)cc1)=NC(CC(=O)NC(C)c1ccc([*:1])cc1)c1nnc(C)n1-2,C(COCCO[*:1])N[*:2],O=C1CCC(N2Cc3c(cccc3[*:2])C2=O)C(=O)N1,"TBK1, ERα, BRD4, AR",CRBN,849.41,6.34,169.14,11,3,14,0.341,0.085,-5.585,-5.17,US20190233433A1,2019,YALE UNIVERSITY
Nc1nnc(-c2ccccc2O)cc1OCC12CC(C(=O)N3CCN(CC4CN(c5ccc6c(c5)C(=O)N(C5CCC(=O)NC5=O)C6=O)C4)CC3)(C1)C2,Nc1nnc(-c2ccccc2O)cc1OCC12CC([*:1])(C1)C2,O=C(N1CCN(CC2CN([*:2])C2)CC1)[*:1],O=C1CCC(N2C(=O)c3ccc([*:2])cc3C2=O)C(=O)N1,BRG1,CRBN,720.79,1.66,191.6,12,3,9,0.447,0.272,-5.794,-3.609,WO2022109396A1,2022,FOGHORN THERAPEUTICS INC
Nc1nnc(-c2ccccc2O)cc1OCC12CC(C(=O)N3CCC(CN4CCN(c5ccc6c(c5)C(=O)N(C5CCC(=O)NC5=O)C6=O)CC4)CC3)(C1)C2,Nc1nnc(-c2ccccc2O)cc1OCC12CC([*:1])(C1)C2,O=C(N1CCC(CN2CCN([*:2])CC2)CC1)[*:1],O=C1CCC(N2C(=O)c3ccc([*:2])cc3C2=O)C(=O)N1,BRG1,CRBN,748.84,2.44,191.6,12,3,9,0.475,0.272,-5.676,-3.851,WO2022109396A1,2022,FOGHORN THERAPEUTICS INC
Cc1ncsc1-c1ccc(CNC(=O)C2CC(O)CN2C(=O)C(NC(=O)COCCOCCOCCNC(=O)C23CC(COc4cc(-c5ccccc5O)nnc4N)(C2)C3)C(C)(C)C)cc1,Nc1nnc(-c2ccccc2O)cc1OCC12CC([*:1])(C1)C2,O=C(NCCOCCOCCOCC(=O)[*:2])[*:1],Cc1ncsc1-c1ccc(CNC(=O)C2CC(O)CN2C(=O)C(N[*:2])C(C)(C)C)cc1,BRG1,VHL,929.11,3.39,249.68,15,6,22,0.511,0.062,-5.941,-2.596,WO2022109396A1,2022,FOGHORN THERAPEUTICS INC
Nc1nnc(-c2ccccc2O)cc1OCC12CC(C(=O)NCCOCCOCCNc3ccc4c(c3)C(=O)N(C3CCC(=O)NC3=O)C4=O)(C1)C2,Nc1nnc(-c2ccccc2O)cc1OCC12CC([*:1])(C1)C2,O=C(NCCOCCOCCN[*:2])[*:1],O=C1CCC(N2C(=O)c3ccc([*:2])cc3C2=O)C(=O)N1,BRG1,CRBN,713.75,1.64,224.4,13,5,16,0.417,0.105,-5.58,-3.144,WO2022109396A1,2022,FOGHORN THERAPEUTICS INC
Nc1nnc(-c2ccccc2O)cc1OCC12CC(C(=O)NCCCCCCCCNc3ccc4c(c3)C(=O)N(C3CCC(=O)NC3=O)C4=O)(C1)C2,Nc1nnc(-c2ccccc2O)cc1OCC12CC([*:1])(C1)C2,O=C(NCCCCCCCCN[*:2])[*:1],O=C1CCC(N2C(=O)c3ccc([*:2])cc3C2=O)C(=O)N1,BRG1,CRBN,709.8,3.95,205.94,11,5,16,0.447,0.106,-5.174,-3.814,WO2022109396A1,2022,FOGHORN THERAPEUTICS INC
Nc1nnc(-c2ccccc2O)cc1OCC12CC(C(=O)NCCCCCCCCNc3cccc4c3C(=O)N(C3CCC(=O)NC3=O)C4=O)(C1)C2,Nc1nnc(-c2ccccc2O)cc1OCC12CC([*:1])(C1)C2,O=C(NCCCCCCCCN[*:2])[*:1],O=C1CCC(N2C(=O)c3cccc([*:2])c3C2=O)C(=O)N1,BRG1,CRBN,709.8,3.95,205.94,11,5,16,0.447,0.106,-5.209,-3.804,WO2022109396A1,2022,FOGHORN THERAPEUTICS INC
COc1ccc(-c2oc3c(CC=C(C)C)c(OC)cc(O)c3c(=O)c2OCCOCCOCCOCC(=O)NC(C(=O)N2CC(O)CC2C(=O)NCc2ccc(-c3scnc3C)cc2)C(C)(C)C)cc1,COc1ccc(-c2oc3c(CC=C(C)C)c(OC)cc(O)c3c(=O)c2[*:1])cc1,O=C(COCCOCCOCCO[*:1])[*:2],Cc1ncsc1-c1ccc(CNC(=O)C2CC(O)CN2C(=O)C(N[*:2])C(C)(C)C)cc1,GRIA3,VHL,985.17,6.36,217.45,15,4,23,0.442,0.041,-5.932,-5.235,CN114890995A,2022,UNIV HUAQIAO
COc1ccc(-c2oc3c(CC=C(C)C)c(OC)cc(O)c3c(=O)c2OCCOCCOCC(=O)NC(C(=O)N2CC(O)CC2C(=O)NCc2ccc(-c3scnc3C)cc2)C(C)(C)C)cc1,COc1ccc(-c2oc3c(CC=C(C)C)c(OC)cc(O)c3c(=O)c2[*:1])cc1,O=C(COCCOCCO[*:1])[*:2],Cc1ncsc1-c1ccc(CNC(=O)C2CC(O)CN2C(=O)C(N[*:2])C(C)(C)C)cc1,GRIA3,VHL,941.11,6.34,208.22,14,4,20,0.42,0.05,-5.909,-5.53,CN114890995A,2022,UNIV HUAQIAO
C#CCOc1cc(O)c2c(=O)c(OCCOCCOCCOCC(=O)NC(C(=O)N3CC(O)CC3C(=O)NCc3ccc(-c4scnc4C)cc3)C(C)(C)C)c(-c3ccc(OC)cc3)oc2c1CC=C(C)C,C#CCOc1cc(O)c2c(=O)c([*:1])c(-c3ccc(OC)cc3)oc2c1CC=C(C)C,O=C(COCCOCCOCCO[*:1])[*:2],Cc1ncsc1-c1ccc(CNC(=O)C2CC(O)CN2C(=O)C(N[*:2])C(C)(C)C)cc1,GRIA3,VHL,1009.19,6.36,217.45,15,4,24,0.426,0.03,-5.935,-5.216,CN114890995A,2022,UNIV HUAQIAO
C#CCOc1cc(O)c2c(=O)c(OCCOCCOCC(=O)NC(C(=O)N3CC(O)CC3C(=O)NCc3ccc(-c4scnc4C)cc3)C(C)(C)C)c(-c3ccc(OC)cc3)oc2c1CC=C(C)C,C#CCOc1cc(O)c2c(=O)c([*:1])c(-c3ccc(OC)cc3)oc2c1CC=C(C)C,O=C(COCCOCCO[*:1])[*:2],Cc1ncsc1-c1ccc(CNC(=O)C2CC(O)CN2C(=O)C(N[*:2])C(C)(C)C)cc1,GRIA3,VHL,965.13,6.35,208.22,14,4,21,0.404,0.036,-5.93,-5.555,CN114890995A,2022,UNIV HUAQIAO
CNC(=O)COc1cc2cc(Nc3nc(N4CCC(CN5CCN(c6ccc7c(c6)C(=O)N(C6CCC(=O)NC6=O)C7=O)CC5)CC4)ncc3Cl)ccc2n(C(C)C)c1=O,CNC(=O)COc1cc2cc(Nc3nc([*:1])ncc3Cl)ccc2n(C(C)C)c1=O,C1CN([*:1])CCC1CN1CCN([*:2])CC1,O=C1CCC(N2C(=O)c3ccc([*:2])cc3C2=O)C(=O)N1,BCL-6,CRBN,839.35,3.33,191.41,13,3,11,0.429,0.187,-5.576,-4.283,WO2022221673A1,2022,YALE UNIVERSITY
CNC(=O)COc1cc2cc(Nc3nc(N4CCC(CN5CCN(c6ccc7c(c6F)CN(C6CCC(=O)NC6=O)C7=O)CC5)CC4)ncc3Cl)ccc2n(C(C)C)c1=O,CNC(=O)COc1cc2cc(Nc3nc([*:1])ncc3Cl)ccc2n(C(C)C)c1=O,C1CN([*:1])CCC1CN1CCN([*:2])CC1,O=C1CCC(N2Cc3c(ccc([*:2])c3F)C2=O)C(=O)N1,BCL-6,CRBN,843.36,3.83,174.34,12,3,11,0.452,0.187,-5.567,-4.354,WO2022221673A1,2022,YALE UNIVERSITY
CNC(=O)COc1cc2cc(Nc3nc(N4CCC(N5CCC56CN(C5CCN(c7ccc8c(c7)CN(C7CCC(=O)NC7=O)C8=O)CC5)C6)CC4)ncc3Cl)ccc2n(C(C)C)c1=O,CNC(=O)COc1cc2cc(Nc3nc(N4CCC(N5CCC56CN([*:1])C6)CC4)ncc3Cl)ccc2n(C(C)C)c1=O,C1CN([*:2])CCC1[*:1],O=C1CCC(N2Cc3cc([*:2])ccc3C2=O)C(=O)N1,BCL-6,CRBN,906.49,4.05,177.58,13,3,11,0.511,0.184,-5.492,-3.886,WO2022221673A1,2022,YALE UNIVERSITY
CNC(=O)COc1cc2cc(Nc3nc(N4CCC(N5CCC6(CN(CC7CCN(c8ccc9c(c8)CN(C8CCC(=O)NC8=O)C9=O)CC7)C6)C5)CC4)ncc3Cl)ccc2n(C(C)C)c1=O,CNC(=O)COc1cc2cc(Nc3nc(N4CCC(N5CCC6(C5)CN([*:1])C6)CC4)ncc3Cl)ccc2n(C(C)C)c1=O,C1CN([*:2])CCC1C[*:1],O=C1CCC(N2Cc3cc([*:2])ccc3C2=O)C(=O)N1,BCL-6,CRBN,934.54,4.55,177.58,13,3,12,0.531,0.169,-5.697,-3.898,WO2022221673A1,2022,YALE UNIVERSITY
CNC(=O)COc1cc2cc(Nc3nc(N4CCC(N5CCC6(C5)CN(C5CCN(c7ccc8c(c7)CN(C7CCC(=O)NC7=O)C8=O)CC5)C6)CC4)ncc3Cl)ccc2n(C(C)C)c1=O,CNC(=O)COc1cc2cc(Nc3nc(N4CCC(N5CCC6(C5)CN([*:1])C6)CC4)ncc3Cl)ccc2n(C(C)C)c1=O,C1CN([*:2])CCC1[*:1],O=C1CCC(N2Cc3cc([*:2])ccc3C2=O)C(=O)N1,BCL-6,CRBN,920.52,4.3,177.58,13,3,11,0.521,0.182,-5.648,-3.429,WO2022221673A1,2022,YALE UNIVERSITY
CNC(=O)COc1cc2cc(Nc3nc(N4CCC(N5CCC6(CN(CC7CCN(c8ccc9c(c8)C(=O)N(C8CCC(=O)NC8=O)C9=O)CC7)C6)C5)CC4)ncc3Cl)ccc2n(C(C)C)c1=O,CNC(=O)COc1cc2cc(Nc3nc(N4CCC(N5CCC6(C5)CN([*:1])C6)CC4)ncc3Cl)ccc2n(C(C)C)c1=O,C1CN([*:2])CCC1C[*:1],O=C1CCC(N2C(=O)c3ccc([*:2])cc3C2=O)C(=O)N1,BCL-6,CRBN,948.53,4.19,194.65,14,3,12,0.51,0.171,-5.752,-4.045,WO2022221673A1,2022,YALE UNIVERSITY
CNC(=O)COc1cc2cc(Nc3nc(N4CCC(N5CCC6(C5)CN(C5CCN(c7ccc8c(c7)C(=O)N(C7CCC(=O)NC7=O)C8=O)CC5)C6)CC4)ncc3Cl)ccc2n(C(C)C)c1=O,CNC(=O)COc1cc2cc(Nc3nc(N4CCC(N5CCC6(C5)CN([*:1])C6)CC4)ncc3Cl)ccc2n(C(C)C)c1=O,C1CN([*:2])CCC1[*:1],O=C1CCC(N2C(=O)c3ccc([*:2])cc3C2=O)C(=O)N1,BCL-6,CRBN,934.5,3.94,194.65,14,3,11,0.5,0.183,-5.686,-3.514,WO2022221673A1,2022,YALE UNIVERSITY
CNC(=O)COc1cc2cc(Nc3nc(N4CCC(N5CCC56CN(C5CCN(c7ccc8c(c7)C(=O)N(C7CCC(=O)NC7=O)C8=O)CC5)C6)CC4)ncc3Cl)ccc2n(C(C)C)c1=O,CNC(=O)COc1cc2cc(Nc3nc(N4CCC(N5CCC56CN([*:1])C6)CC4)ncc3Cl)ccc2n(C(C)C)c1=O,C1CN([*:2])CCC1[*:1],O=C1CCC(N2C(=O)c3ccc([*:2])cc3C2=O)C(=O)N1,BCL-6,CRBN,920.47,3.69,194.65,14,3,11,0.489,0.185,-5.517,-3.908,WO2022221673A1,2022,YALE UNIVERSITY
CNC(=O)COc1cc2cc(Nc3nc(N4CCOC5(CN(CC6CCN(c7cccc8c7C(=O)N(C7CCC(=O)NC7=O)C8=O)CC6)C5)C4)ncc3Cl)ccc2n(C(C)C)c1=O,CNC(=O)COc1cc2cc(Nc3nc(N4CCOC5(C4)CN([*:1])C5)ncc3Cl)ccc2n(C(C)C)c1=O,C1CN([*:2])CCC1C[*:1],O=C1CCC(N2C(=O)c3cccc([*:2])c3C2=O)C(=O)N1,BCL-6,CRBN,881.39,3.1,200.64,14,3,11,0.455,0.186,-5.526,-4.26,WO2022221673A1,2022,YALE UNIVERSITY
CNC(=O)COc1cc2cc(Nc3nc(N4CCOC5(CN(CC6CCN(c7ccc8c(c7)C(=O)N(C7CCC(=O)NC7=O)C8=O)CC6)C5)C4)ncc3Cl)ccc2n(C(C)C)c1=O,CNC(=O)COc1cc2cc(Nc3nc(N4CCOC5(C4)CN([*:1])C5)ncc3Cl)ccc2n(C(C)C)c1=O,C1CN([*:2])CCC1C[*:1],O=C1CCC(N2C(=O)c3ccc([*:2])cc3C2=O)C(=O)N1,BCL-6,CRBN,881.39,3.1,200.64,14,3,11,0.455,0.186,-5.529,-3.979,WO2022221673A1,2022,YALE UNIVERSITY
CNC(=O)COc1cc2cc(Nc3nc(N4CCN(CC5CCN(c6ccc7c(c6)CN(C6CCC(=O)NC6=O)C7=O)CC5)CC4)ncc3Cl)ccc2n(C)c1=O,CNC(=O)COc1cc2cc(Nc3nc([*:1])ncc3Cl)ccc2n(C)c1=O,C1CN([*:2])CCC1CN1CCN([*:1])CC1,O=C1CCC(N2Cc3cc([*:2])ccc3C2=O)C(=O)N1,BCL-6,CRBN,797.32,2.65,174.34,12,3,10,0.425,0.201,-5.542,-3.704,WO2022221673A1,2022,YALE UNIVERSITY
CNC(=O)COc1cc2cc(Nc3nc(N4CCN(CC5CCN(c6ccc7c(c6F)CN(C6CCC(=O)NC6=O)C7=O)CC5)CC4)ncc3Cl)ccc2n(C(C)C)c1=O,CNC(=O)COc1cc2cc(Nc3nc([*:1])ncc3Cl)ccc2n(C(C)C)c1=O,C1CN([*:2])CCC1CN1CCN([*:1])CC1,O=C1CCC(N2Cc3c(ccc([*:2])c3F)C2=O)C(=O)N1,BCL-6,CRBN,843.36,3.83,174.34,12,3,11,0.452,0.187,-5.567,-4.484,WO2022221673A1,2022,YALE UNIVERSITY
CNC(=O)COc1cc2cc(Nc3nc(N4CCC5(CC4)CC(C(=O)N4CCC(c6cccc7c6CN(C6CCC(=O)NC6=O)C7=O)CC4)C5)ncc3Cl)ccc2n(C(C)C)c1=O,CNC(=O)COc1cc2cc(Nc3nc(N4CCC5(CC4)CC([*:1])C5)ncc3Cl)ccc2n(C(C)C)c1=O,O=C(N1CCC([*:2])CC1)[*:1],O=C1CCC(N2Cc3c(cccc3[*:2])C2=O)C(=O)N1,BCL-6,CRBN,878.43,5.06,188.17,11,3,10,0.478,0.181,-5.568,-4.249,WO2022221673A1,2022,YALE UNIVERSITY
CNC(=O)COc1cc2cc(Nc3nc(N4CCN(CC5CCN(c6cc7c(cc6F)C(=O)N(C6CCC(=O)NC6=O)C7)CC5)CC4)ncc3Cl)ccc2n(C(C)C)c1=O,CNC(=O)COc1cc2cc(Nc3nc([*:1])ncc3Cl)ccc2n(C(C)C)c1=O,C1CN([*:2])CCC1CN1CCN([*:1])CC1,O=C1CCC(N2Cc3cc([*:2])c(F)cc3C2=O)C(=O)N1,BCL-6,CRBN,843.36,3.83,174.34,12,3,11,0.452,0.187,-5.538,-4.49,WO2022221673A1,2022,YALE UNIVERSITY
CNC(=O)COc1cc2cc(Nc3nc(N4CCC5(CC4)CC(CN4CCN(c6cccc7c6CN(C6CCC(=O)NC6=O)C7=O)CC4)C5)ncc3Cl)ccc2n(C(C)C)c1=O,CNC(=O)COc1cc2cc(Nc3nc(N4CCC5(CC4)CC([*:1])C5)ncc3Cl)ccc2n(C(C)C)c1=O,C1CN([*:2])CCN1C[*:1],O=C1CCC(N2Cc3c(cccc3[*:2])C2=O)C(=O)N1,BCL-6,CRBN,865.44,4.47,174.34,12,3,11,0.489,0.181,-5.559,-4.415,WO2022221673A1,2022,YALE UNIVERSITY
CNC(=O)COc1cc2cc(Nc3nc(N4CCC5(CCN(CC6CCN(c7cccc8c7CN(C7CCC(=O)NC7=O)C8=O)CC6)C5)C4)ncc3Cl)ccc2n(C(C)C)c1=O,CNC(=O)COc1cc2cc(Nc3nc(N4CCC5(CCN([*:1])C5)C4)ncc3Cl)ccc2n(C(C)C)c1=O,C1CN([*:2])CCC1C[*:1],O=C1CCC(N2Cc3c(cccc3[*:2])C2=O)C(=O)N1,BCL-6,CRBN,865.44,4.47,174.34,12,3,11,0.489,0.181,-5.64,-4.541,WO2022221673A1,2022,YALE UNIVERSITY
CNC(=O)COc1cc2cc(Nc3nc(N4CCC5(CCN(CC6CCN(c7cccc8c7C(=O)N(C7CCC(=O)NC7=O)C8=O)CC6)C5)C4)ncc3Cl)ccc2n(C(C)C)c1=O,CNC(=O)COc1cc2cc(Nc3nc(N4CCC5(CCN([*:1])C5)C4)ncc3Cl)ccc2n(C(C)C)c1=O,C1CN([*:2])CCC1C[*:1],O=C1CCC(N2C(=O)c3cccc([*:2])c3C2=O)C(=O)N1,BCL-6,CRBN,879.42,4.11,191.41,13,3,11,0.467,0.183,-5.639,-4.768,WO2022221673A1,2022,YALE UNIVERSITY
CNC(=O)COc1cc2cc(Nc3nc(N4CCC5(CCN(CC6CCN(c7ccc8c(c7)C(=O)N(C7CCC(=O)NC7=O)C8=O)CC6)C5)C4)ncc3Cl)ccc2n(C(C)C)c1=O,CNC(=O)COc1cc2cc(Nc3nc(N4CCC5(CCN([*:1])C5)C4)ncc3Cl)ccc2n(C(C)C)c1=O,C1CN([*:2])CCC1C[*:1],O=C1CCC(N2C(=O)c3ccc([*:2])cc3C2=O)C(=O)N1,BCL-6,CRBN,879.42,4.11,191.41,13,3,11,0.467,0.183,-5.665,-4.432,WO2022221673A1,2022,YALE UNIVERSITY
CNC(=O)COc1cc2cc(Nc3nc(N4CCC5(CCN(CC6CCN(c7ccc8c(c7)CN(C7CCC(=O)NC7=O)C8=O)CC6)C5)C4)ncc3Cl)ccc2n(C(C)C)c1=O,CNC(=O)COc1cc2cc(Nc3nc(N4CCC5(CCN([*:1])C5)C4)ncc3Cl)ccc2n(C(C)C)c1=O,C1CN([*:2])CCC1C[*:1],O=C1CCC(N2Cc3cc([*:2])ccc3C2=O)C(=O)N1,BCL-6,CRBN,865.44,4.47,174.34,12,3,11,0.489,0.181,-5.648,-4.255,WO2022221673A1,2022,YALE UNIVERSITY
Cc1ncsc1-c1ccc(CNC(=O)C2CC(O)CN2C(=O)C(NC(=O)CCC(=O)N2CCN(c3ccc(S(=O)(=O)NC(=O)c4ccc(N5CCN(CC6=C(c7ccc(Cl)cc7)CC(C)(C)CC6)CC5)cc4Oc4cnc5[nH]ccc5c4)cc3[N+](=O)[O-])CC2)C(C)(C)C)cc1,CC1(C)CCC(CN2CCN(c3ccc(C(=O)NS(=O)(=O)c4ccc([*:1])c([N+](=O)[O-])c4)c(Oc4cnc5[nH]ccc5c4)c3)CC2)=C(c2ccc(Cl)cc2)C1,O=C(CCC(=O)[*:2])N1CCN([*:1])CC1,Cc1ncsc1-c1ccc(CNC(=O)C2CC(O)CN2C(=O)C(N[*:2])C(C)(C)C)cc1,BCL-2,VHL,1352.05,9.49,285.95,17,5,20,0.406,0.035,-5.916,-4.547,WO2022266491A1,2022,UNIVERSITY SYSTEM OF MARYLAND
O=C1CCC(N2Cc3c(NCCOCCOCCOc4cccc(-c5ccc(Cl)cc5)c4CN4CCN(c5ccc(C(=O)NS(=O)(=O)c6ccc(NCC7CCOCC7)c([N+](=O)[O-])c6)c(Oc6cnc7[nH]ccc7c6)c5)CC4)cccc3C2=O)C(=O)N1,O=C(NS(=O)(=O)c1ccc(NCC2CCOCC2)c([N+](=O)[O-])c1)c1ccc(N2CCN(Cc3c(-c4ccc(Cl)cc4)cccc3[*:1])CC2)cc1Oc1cnc2[nH]ccc2c1,C(COCCOCCO[*:1])N[*:2],O=C1CCC(N2Cc3c(cccc3[*:2])C2=O)C(=O)N1,BCL-2,CRBN,1225.78,8.15,278.23,18,5,25,0.339,0.016,-5.739,-3.782,CN112707900A,2021,FUDAN UNIVERSITY | CHINESE ACADEMY OF SCIENCE
O=C1CCC(N2Cc3c(NCCOCCOc4cccc(-c5ccc(Cl)cc5)c4CN4CCN(c5ccc(C(=O)NS(=O)(=O)c6ccc(NCC7CCOCC7)c([N+](=O)[O-])c6)c(Oc6cnc7[nH]ccc7c6)c5)CC4)cccc3C2=O)C(=O)N1,O=C(NS(=O)(=O)c1ccc(NCC2CCOCC2)c([N+](=O)[O-])c1)c1ccc(N2CCN(Cc3c(-c4ccc(Cl)cc4)cccc3[*:1])CC2)cc1Oc1cnc2[nH]ccc2c1,C(COCCO[*:1])N[*:2],O=C1CCC(N2Cc3c(cccc3[*:2])C2=O)C(=O)N1,BCL-2,CRBN,1181.73,8.13,269.0,17,5,22,0.317,0.019,-5.756,-3.954,CN112707900A,2021,FUDAN UNIVERSITY | CHINESE ACADEMY OF SCIENCE
O=C1CCC(N2Cc3c(NCCOCCOCCOCCOc4cccc(-c5ccc(Cl)cc5)c4CN4CCN(c5ccc(C(=O)NS(=O)(=O)c6ccc(NCC7CCOCC7)c([N+](=O)[O-])c6)c(Oc6cnc7[nH]ccc7c6)c5)CC4)cccc3C2=O)C(=O)N1,O=C(NS(=O)(=O)c1ccc(NCC2CCOCC2)c([N+](=O)[O-])c1)c1ccc(N2CCN(Cc3c(-c4ccc(Cl)cc4)cccc3[*:1])CC2)cc1Oc1cnc2[nH]ccc2c1,C(COCCOCCOCCO[*:1])N[*:2],O=C1CCC(N2Cc3c(cccc3[*:2])C2=O)C(=O)N1,BCL-2,CRBN,1269.83,8.16,287.46,19,5,28,0.359,0.013,-5.674,-3.655,CN112707900A,2021,FUDAN UNIVERSITY | CHINESE ACADEMY OF SCIENCE
O=C1CCC(N2C(=O)c3cccc(NCCOCCOCCOCCOc4cccc(-c5ccc(Cl)cc5)c4CN4CCN(c5ccc(C(=O)NS(=O)(=O)c6ccc(NCC7CCOCC7)c([N+](=O)[O-])c6)c(Oc6cnc7[nH]ccc7c6)c5)CC4)c3C2=O)C(=O)N1,O=C(NS(=O)(=O)c1ccc(NCC2CCOCC2)c([N+](=O)[O-])c1)c1ccc(N2CCN(Cc3c(-c4ccc(Cl)cc4)cccc3[*:1])CC2)cc1Oc1cnc2[nH]ccc2c1,C(COCCOCCOCCO[*:1])N[*:2],O=C1CCC(N2C(=O)c3cccc([*:2])c3C2=O)C(=O)N1,BCL-2,CRBN,1283.81,7.81,304.53,20,5,28,0.344,0.014,-5.671,-3.952,CN112707900A,2021,FUDAN UNIVERSITY | CHINESE ACADEMY OF SCIENCE
O=C1CCC(N2C(=O)c3cccc(NCCOCCOCCOc4cccc(-c5ccc(Cl)cc5)c4CN4CCN(c5ccc(C(=O)NS(=O)(=O)c6ccc(NCC7CCOCC7)c([N+](=O)[O-])c6)c(Oc6cnc7[nH]ccc7c6)c5)CC4)c3C2=O)C(=O)N1,O=C(NS(=O)(=O)c1ccc(NCC2CCOCC2)c([N+](=O)[O-])c1)c1ccc(N2CCN(Cc3c(-c4ccc(Cl)cc4)cccc3[*:1])CC2)cc1Oc1cnc2[nH]ccc2c1,C(COCCOCCO[*:1])N[*:2],O=C1CCC(N2C(=O)c3cccc([*:2])c3C2=O)C(=O)N1,BCL-2,CRBN,1239.76,7.79,295.3,19,5,25,0.323,0.016,-5.742,-4.103,CN112707900A,2021,FUDAN UNIVERSITY | CHINESE ACADEMY OF SCIENCE
O=C1CCC(N2C(=O)c3cccc(NCCOCCOc4cccc(-c5ccc(Cl)cc5)c4CN4CCN(c5ccc(C(=O)NS(=O)(=O)c6ccc(NCC7CCOCC7)c([N+](=O)[O-])c6)c(Oc6cnc7[nH]ccc7c6)c5)CC4)c3C2=O)C(=O)N1,O=C(NS(=O)(=O)c1ccc(NCC2CCOCC2)c([N+](=O)[O-])c1)c1ccc(N2CCN(Cc3c(-c4ccc(Cl)cc4)cccc3[*:1])CC2)cc1Oc1cnc2[nH]ccc2c1,C(COCCO[*:1])N[*:2],O=C1CCC(N2C(=O)c3cccc([*:2])c3C2=O)C(=O)N1,BCL-2,CRBN,1195.71,7.77,286.07,18,5,22,0.3,0.019,-5.754,-4.287,CN112707900A,2021,FUDAN UNIVERSITY | CHINESE ACADEMY OF SCIENCE
Cc1ncsc1-c1ccc(CNC(=O)C2CC(O)CN2C(=O)C(NC(=O)COCCOCCOCCNC(=O)c2cccc(C#Cc3cc(NC(=O)Nc4ccnc(Cl)c4)ccn3)c2)C(C)(C)C)cc1,O=C(Nc1ccnc(Cl)c1)Nc1ccnc(C#Cc2cccc([*:1])c2)c1,O=C(NCCOCCOCCOCC(=O)[*:2])[*:1],Cc1ncsc1-c1ccc(CNC(=O)C2CC(O)CN2C(=O)C(N[*:2])C(C)(C)C)cc1,SMARCA2/SMARCA4,VHL,994.57,5.19,235.33,13,6,20,0.36,0.034,-5.949,-4.525,US20230096160A1,2023,DANA-FARBER CANCER INSTITUTE (INC.)
O=C1CCC(N2C(=O)c3ccc(NCCOCCNC(=O)c4cccc(C#Cc5cc(NC(=O)Nc6ccnc(Cl)c6)ccn5)c4)cc3C2=O)C(=O)N1,O=C(Nc1ccnc(Cl)c1)Nc1ccnc(C#Cc2cccc([*:1])c2)c1,O=C(NCCOCCN[*:2])[*:1],O=C1CCC(N2C(=O)c3ccc([*:2])cc3C2=O)C(=O)N1,SMARCA2/SMARCA4,CRBN,735.16,3.43,200.82,10,5,11,0.189,0.066,-5.365,-4.209,US20230096160A1,2023,DANA-FARBER CANCER INSTITUTE (INC.)
O=C1CCC(N2C(=O)c3ccc(NCCCCNC(=O)c4cccc(C#Cc5cc(NC(=O)Nc6ccnc(Cl)c6)ccn5)c4)cc3C2=O)C(=O)N1,O=C(Nc1ccnc(Cl)c1)Nc1ccnc(C#Cc2cccc([*:1])c2)c1,O=C(NCCCCN[*:2])[*:1],O=C1CCC(N2C(=O)c3ccc([*:2])cc3C2=O)C(=O)N1,SMARCA2/SMARCA4,CRBN,719.16,4.2,191.59,9,5,10,0.189,0.069,-5.219,-4.678,US20230096160A1,2023,DANA-FARBER CANCER INSTITUTE (INC.)
O=C1CCC(N2C(=O)c3cccc(NCCCCNC(=O)c4cccc(C#Cc5cc(NC(=O)Nc6ccnc(Cl)c6)ccn5)c4)c3C2=O)C(=O)N1,O=C(Nc1ccnc(Cl)c1)Nc1ccnc(C#Cc2cccc([*:1])c2)c1,O=C(NCCCCN[*:2])[*:1],O=C1CCC(N2C(=O)c3cccc([*:2])c3C2=O)C(=O)N1,SMARCA2/SMARCA4,CRBN,719.16,4.2,191.59,9,5,10,0.189,0.069,-5.272,-5.685,US20230096160A1,2023,DANA-FARBER CANCER INSTITUTE (INC.)
O=C1CCC(N2C(=O)c3cccc(NCCOCCOCCNC(=O)c4cccc(C#Cc5cc(NC(=O)Nc6ccnc(Cl)c6)ccn5)c4)c3C2=O)C(=O)N1,O=C(Nc1ccnc(Cl)c1)Nc1ccnc(C#Cc2cccc([*:1])c2)c1,O=C(NCCOCCOCCN[*:2])[*:1],O=C1CCC(N2C(=O)c3cccc([*:2])c3C2=O)C(=O)N1,SMARCA2/SMARCA4,CRBN,779.21,3.45,210.05,11,5,14,0.231,0.054,-5.438,-4.618,US20230096160A1,2023,DANA-FARBER CANCER INSTITUTE (INC.)
O=C1CCC(N2C(=O)c3cccc(NCCCCCCCCNC(=O)c4cccc(C#Cc5cc(NC(=O)Nc6ccnc(Cl)c6)ccn5)c4)c3C2=O)C(=O)N1,O=C(Nc1ccnc(Cl)c1)Nc1ccnc(C#Cc2cccc([*:1])c2)c1,O=C(NCCCCCCCCN[*:2])[*:1],O=C1CCC(N2C(=O)c3cccc([*:2])c3C2=O)C(=O)N1,SMARCA2/SMARCA4,CRBN,775.27,5.76,191.59,9,5,14,0.268,0.046,-5.361,-6.547,US20230096160A1,2023,DANA-FARBER CANCER INSTITUTE (INC.)
Cc1ncsc1-c1ccc(CNC(=O)C2CC(O)CN2C(=O)C(NC(=O)COCCCOCCCCCOc2ccc(N3C(=S)N(c4ccc(C#N)c(C(F)(F)F)c4)C(=O)C3(C)C)cc2)C(C)(C)C)cc1,CC1(C)C(=O)N(c2ccc(C#N)c(C(F)(F)F)c2)C(=S)N1c1ccc([*:1])cc1,O=C(COCCCOCCCCCO[*:1])[*:2],Cc1ncsc1-c1ccc(CNC(=O)C2CC(O)CN2C(=O)C(N[*:2])C(C)(C)C)cc1,AR,VHL,1020.21,7.71,186.66,12,3,21,0.471,0.055,-6.346,-4.878,US20160214972A1,2016,YALE UNIVERSITY
Cc1ncsc1-c1ccc(CNC(=O)C2CC(O)CN2C(=O)C(NC(=O)COCCCOCCCCCOc2ccc(N3C(=S)N(c4cnc(C#N)c(C(F)(F)F)c4)C(=O)C3(C)C)cc2)C(C)(C)C)cc1,CC1(C)C(=O)N(c2cnc(C#N)c(C(F)(F)F)c2)C(=S)N1c1ccc([*:1])cc1,O=C(COCCCOCCCCCO[*:1])[*:2],Cc1ncsc1-c1ccc(CNC(=O)C2CC(O)CN2C(=O)C(N[*:2])C(C)(C)C)cc1,AR,VHL,1021.2,7.1,199.55,13,3,21,0.48,0.056,-6.289,-4.596,US20160214972A1,2016,YALE UNIVERSITY
Cc1ncsc1-c1ccc(CNC(=O)C2CC(O)CN2C(=O)C(NC(=O)COCCCOCCCCCOc2ccc(N3C(=S)N(c4ccc(C#N)c(C(F)(F)F)c4)C(=O)C3(C)C)cc2F)C(C)(C)C)cc1,CC1(C)C(=O)N(c2ccc(C#N)c(C(F)(F)F)c2)C(=S)N1c1ccc([*:1])c(F)c1,O=C(COCCCOCCCCCO[*:1])[*:2],Cc1ncsc1-c1ccc(CNC(=O)C2CC(O)CN2C(=O)C(N[*:2])C(C)(C)C)cc1,AR,VHL,1038.2,7.85,186.66,12,3,21,0.471,0.042,-6.184,-5.003,US20160214972A1,2016,YALE UNIVERSITY
Cc1ncsc1-c1ccc(C(C)NC(=O)C2CC(O)CN2C(=O)C(NC(=O)COCCCOCCCCCOc2ccc(N3C(=S)N(c4ccc(C#N)c(C(F)(F)F)c4)C(=O)C3(C)C)cc2)C(C)(C)C)cc1,CC1(C)C(=O)N(c2ccc(C#N)c(C(F)(F)F)c2)C(=S)N1c1ccc([*:1])cc1,O=C(COCCCOCCCCCO[*:1])[*:2],Cc1ncsc1-c1ccc(C(C)NC(=O)C2CC(O)CN2C(=O)C(N[*:2])C(C)(C)C)cc1,AR,VHL,1034.24,8.27,186.66,12,3,21,0.481,0.054,-6.281,-5.104,US20160214972A1,2016,YALE UNIVERSITY
Cc1ncsc1-c1ccc(CNC(=O)C2CC(O)CN2C(=O)C(NC(=O)COCCCOCCCCCOc2ccc(N3C(=S)N(c4ccc(C#N)c(Cl)c4)C(=O)C3(C)C)cc2)C(C)(C)C)cc1,CC1(C)C(=O)N(c2ccc(C#N)c(Cl)c2)C(=S)N1c1ccc([*:1])cc1,O=C(COCCCOCCCCCO[*:1])[*:2],Cc1ncsc1-c1ccc(CNC(=O)C2CC(O)CN2C(=O)C(N[*:2])C(C)(C)C)cc1,AR,VHL,986.66,7.34,186.66,12,3,21,0.46,0.056,-6.352,-5.001,US20160214972A1,2016,YALE UNIVERSITY
Cc1ncsc1-c1ccc(C(C)NC(=O)C2CC(O)CN2C(=O)C(NC(=O)COCCCOCCCCCOc2ccc(N3C(=S)N(c4ccc(C#N)c(C(F)(F)F)c4)C(=O)C3(C)C)cc2F)C(C)(C)C)cc1,CC1(C)C(=O)N(c2ccc(C#N)c(C(F)(F)F)c2)C(=S)N1c1ccc([*:1])c(F)c1,O=C(COCCCOCCCCCO[*:1])[*:2],Cc1ncsc1-c1ccc(C(C)NC(=O)C2CC(O)CN2C(=O)C(N[*:2])C(C)(C)C)cc1,AR,VHL,1052.23,8.41,186.66,12,3,21,0.481,0.041,-6.13,-5.26,US20160214972A1,2016,YALE UNIVERSITY
Cc1ncsc1-c1ccc(CNC(=O)C2CC(O)CN2C(=O)C(NC(=O)COCCOCCOCCOc2ccc(N3C(=S)N(c4ccc(C#N)c(C(F)(F)F)c4)C(=O)C3(C)C)cc2)C(C)(C)C)cc1,CC1(C)C(=O)N(c2ccc(C#N)c(C(F)(F)F)c2)C(=S)N1c1ccc([*:1])cc1,O=C(COCCOCCOCCO[*:1])[*:2],Cc1ncsc1-c1ccc(CNC(=O)C2CC(O)CN2C(=O)C(N[*:2])C(C)(C)C)cc1,AR,VHL,1008.15,6.16,195.89,13,3,20,0.449,0.067,-6.204,-4.338,US20160214972A1,2016,YALE UNIVERSITY
Cc1ncsc1-c1ccc(CNC(=O)C2CC(O)CN2C(=O)C(NC(=O)COCCOCCOCCOc2ccc(N3C(=S)N(c4ccc(C#N)c(C(F)(F)F)c4)C(=O)C3(C)C)cc2F)C(C)(C)C)cc1,CC1(C)C(=O)N(c2ccc(C#N)c(C(F)(F)F)c2)C(=S)N1c1ccc([*:1])c(F)c1,O=C(COCCOCCOCCO[*:1])[*:2],Cc1ncsc1-c1ccc(CNC(=O)C2CC(O)CN2C(=O)C(N[*:2])C(C)(C)C)cc1,AR,VHL,1026.14,6.3,195.89,13,3,20,0.449,0.051,-6.135,-4.398,US20160214972A1,2016,YALE UNIVERSITY
Cc1ncsc1-c1ccc(CNC(=O)C2CC(O)CN2C(=O)C(NC(=O)COCCOCCOCCNC(=O)c2ccc(C(C)n3cc(-c4cc(-c5ccccc5O)nnc4N)cn3)cc2)C(C)(C)C)cc1,CC(c1ccc([*:1])cc1)n1cc(-c2cc(-c3ccccc3O)nnc2N)cn1,O=C(NCCOCCOCCOCC(=O)[*:2])[*:1],Cc1ncsc1-c1ccc(CNC(=O)C2CC(O)CN2C(=O)C(N[*:2])C(C)(C)C)cc1,SMARCA2/SMARCA4,VHL,1003.2,4.92,258.27,15,6,22,0.385,0.049,-5.864,-3.378,US20230072658A1,2023,KYMERA THERAPEUTICS INC
CC(c1ccc(C(=O)NCCOCCOCCNc2cccc3c2C(=O)N(C2CCC(=O)NC2=O)C3=O)cc1)n1cc(-c2cc(-c3ccccc3O)nnc2N)cn1,CC(c1ccc([*:1])cc1)n1cc(-c2cc(-c3ccccc3O)nnc2N)cn1,O=C(NCCOCCOCCN[*:2])[*:1],O=C1CCC(N2C(=O)c3cccc([*:2])c3C2=O)C(=O)N1,SMARCA2/SMARCA4,CRBN,787.83,3.18,232.99,13,5,16,0.268,0.072,-5.632,-3.314,US20230072658A1,2023,KYMERA THERAPEUTICS INC
CC(c1ccc(C(=O)NCCOCCOCCOCCNc2cccc3c2C(=O)N(C2CCC(=O)NC2=O)C3=O)cc1)n1cc(-c2cc(-c3ccccc3O)nnc2N)cn1,CC(c1ccc([*:1])cc1)n1cc(-c2cc(-c3ccccc3O)nnc2N)cn1,O=C(NCCOCCOCCOCCN[*:2])[*:1],O=C1CCC(N2C(=O)c3cccc([*:2])c3C2=O)C(=O)N1,SMARCA2/SMARCA4,CRBN,831.89,3.2,242.22,14,5,19,0.302,0.059,-5.55,-3.212,US20230072658A1,2023,KYMERA THERAPEUTICS INC
Cc1ncsc1-c1ccc(C(C)NC(=O)C2CC(O)CN2C(=O)C(NC(=O)CCCCCC(=O)N2CCN(c3cccc(OC4CN(c5cc(-c6ccccc6O)nnc5N)C4)c3)CC2)C(C)(C)C)cc1,Nc1nnc(-c2ccccc2O)cc1N1CC(Oc2cccc([*:1])c2)C1,O=C(CCCCCC(=O)[*:2])N1CCN([*:1])CC1,Cc1ncsc1-c1ccc(C(C)NC(=O)C2CC(O)CN2C(=O)C(N[*:2])C(C)(C)C)cc1,SMARCA2,VHL,987.24,6.1,219.68,14,5,17,0.453,0.067,-5.91,-4.481,US20230002367A1,2023,C4 THERAPEUTICS INC | ROCHE HOLDING LTD.
Cc1ncsc1-c1ccc(C(C)NC(=O)C2CC(O)CN2C(=O)C(NC(=O)COCCOCCOCCOc2ccc(N3C(=S)N(c4ccc(C#N)c(C(F)(F)F)c4)C(=O)C3(C)C)cc2)C(C)(C)C)cc1,CC1(C)C(=O)N(c2ccc(C#N)c(C(F)(F)F)c2)C(=S)N1c1ccc([*:1])cc1,O=C(COCCOCCOCCO[*:1])[*:2],Cc1ncsc1-c1ccc(C(C)NC(=O)C2CC(O)CN2C(=O)C(N[*:2])C(C)(C)C)cc1,AR,VHL,1022.18,6.72,195.89,13,3,20,0.46,0.062,-6.096,-4.565,US20160214972A1,2016,YALE UNIVERSITY
Cc1ncsc1-c1ccc(CNC(=O)C2CC(O)CN2C(=O)C(NC(=O)COCCOCCOCCOc2ccc(N3C(=S)N(c4cnc(C#N)c(C(F)(F)F)c4)C(=O)C3(C)C)cc2)C(C)(C)C)cc1,CC1(C)C(=O)N(c2cnc(C#N)c(C(F)(F)F)c2)C(=S)N1c1ccc([*:1])cc1,O=C(COCCOCCOCCO[*:1])[*:2],Cc1ncsc1-c1ccc(CNC(=O)C2CC(O)CN2C(=O)C(N[*:2])C(C)(C)C)cc1,AR,VHL,1009.14,5.56,208.78,14,3,20,0.458,0.073,-6.17,-3.996,US20160214972A1,2016,YALE UNIVERSITY
Cc1ncsc1-c1ccc(CNC(=O)C2CC(O)CN2C(=O)C(NC(=O)COCCCOCCCCOc2ccc(N3C(=S)N(c4ccc(C#N)c(C(F)(F)F)c4)C(=O)C3(C)C)cc2F)C(C)(C)C)cc1,CC1(C)C(=O)N(c2ccc(C#N)c(C(F)(F)F)c2)C(=S)N1c1ccc([*:1])c(F)c1,O=C(COCCCOCCCCO[*:1])[*:2],Cc1ncsc1-c1ccc(CNC(=O)C2CC(O)CN2C(=O)C(N[*:2])C(C)(C)C)cc1,AR,VHL,1024.17,7.46,186.66,12,3,20,0.46,0.045,-6.288,-4.87,US20160214972A1,2016,YALE UNIVERSITY
Cc1ncsc1-c1ccc(CNC(=O)C2CC(O)CN2C(=O)C(NC(=O)COCCCOCCCCOc2ccc(N3C(=S)N(c4ccc(C#N)c(C(F)(F)F)c4)C(=O)C3(C)C)cc2)C(C)(C)C)cc1,CC1(C)C(=O)N(c2ccc(C#N)c(C(F)(F)F)c2)C(=S)N1c1ccc([*:1])cc1,O=C(COCCCOCCCCO[*:1])[*:2],Cc1ncsc1-c1ccc(CNC(=O)C2CC(O)CN2C(=O)C(N[*:2])C(C)(C)C)cc1,AR,VHL,1006.18,7.32,186.66,12,3,20,0.46,0.059,-6.424,-4.725,US20160214972A1,2016,YALE UNIVERSITY
Cc1ncsc1-c1ccc(CNC(=O)C2CC(O)CN2C(=O)C(NC(=O)COCCCOCCCCOc2ccc(N3C(=S)N(c4cnc(C#N)c(C(F)(F)F)c4)C(=O)C3(C)C)cc2)C(C)(C)C)cc1,CC1(C)C(=O)N(c2cnc(C#N)c(C(F)(F)F)c2)C(=S)N1c1ccc([*:1])cc1,O=C(COCCCOCCCCO[*:1])[*:2],Cc1ncsc1-c1ccc(CNC(=O)C2CC(O)CN2C(=O)C(N[*:2])C(C)(C)C)cc1,AR,VHL,1007.17,6.71,199.55,13,3,20,0.469,0.062,-6.378,-4.423,US20160214972A1,2016,YALE UNIVERSITY
Cc1ncsc1-c1ccc(CNC(=O)C2CC(O)CN2C(=O)C(NC(=O)COCCCOCCCCOc2ccc(N3C(=S)N(c4ccc(C#N)c(Cl)c4)C(=O)C3(C)C)cc2)C(C)(C)C)cc1,CC1(C)C(=O)N(c2ccc(C#N)c(Cl)c2)C(=S)N1c1ccc([*:1])cc1,O=C(COCCCOCCCCO[*:1])[*:2],Cc1ncsc1-c1ccc(CNC(=O)C2CC(O)CN2C(=O)C(N[*:2])C(C)(C)C)cc1,AR,VHL,972.63,6.95,186.66,12,3,20,0.449,0.061,-6.451,-4.831,US20160214972A1,2016,YALE UNIVERSITY
Cc1ncsc1-c1ccc(C(C)NC(=O)C2CC(O)CN2C(=O)C(NC(=O)CCCCCCC(=O)N2CCN(c3cc(-c4ccccc4O)nnc3N)CC2)C(C)(C)C)cc1,Nc1nnc(-c2ccccc2O)cc1[*:1],O=C(CCCCCCC(=O)[*:2])N1CCN([*:1])CC1,Cc1ncsc1-c1ccc(C(C)NC(=O)C2CC(O)CN2C(=O)C(N[*:2])C(C)(C)C)cc1,SMARCA2/SMARCA4,VHL,854.09,5.22,207.21,12,5,15,0.489,0.098,-5.844,-3.899,EP3784665A1,2021,DR. REDDY'S LABORATORIES LTD.
Cc1ncsc1-c1ccc(C(C)NC(=O)C2CC(O)CN2C(=O)C(NC(=O)CCCCCC(=O)N2CCN(c3cc(-c4ccccc4O)nnc3N)CC2)C(C)(C)C)cc1,Nc1nnc(-c2ccccc2O)cc1[*:1],O=C(CCCCCC(=O)[*:2])N1CCN([*:1])CC1,Cc1ncsc1-c1ccc(C(C)NC(=O)C2CC(O)CN2C(=O)C(N[*:2])C(C)(C)C)cc1,SMARCA2/SMARCA4,VHL,840.06,4.83,207.21,12,5,14,0.477,0.109,-5.846,-3.792,EP3784665A1,2021,DR. REDDY'S LABORATORIES LTD.
Cc1ncsc1-c1ccc(C(C)NC(=O)C2CC(O)CN2C(=O)C(NC(=O)CCC(=O)N2CCN(c3cc(-c4ccccc4O)nnc3N)CC2)C(C)(C)C)cc1,Nc1nnc(-c2ccccc2O)cc1[*:1],O=C(CCC(=O)[*:2])N1CCN([*:1])CC1,Cc1ncsc1-c1ccc(C(C)NC(=O)C2CC(O)CN2C(=O)C(N[*:2])C(C)(C)C)cc1,SMARCA2/SMARCA4,VHL,797.98,3.66,207.21,12,5,11,0.439,0.148,-5.85,-3.761,EP3784665A1,2021,DR. REDDY'S LABORATORIES LTD.
Cc1ncsc1-c1ccc(CNC(=O)C2CC(O)CN2C(=O)C(NC(=O)CCCCCCC(=O)N2CCN(c3cc(-c4ccccc4O)nnc3N)CC2)C(C)(C)C)cc1,Nc1nnc(-c2ccccc2O)cc1[*:1],O=C(CCCCCCC(=O)[*:2])N1CCN([*:1])CC1,Cc1ncsc1-c1ccc(CNC(=O)C2CC(O)CN2C(=O)C(N[*:2])C(C)(C)C)cc1,SMARCA2/SMARCA4,VHL,840.06,4.66,207.21,12,5,15,0.477,0.104,-5.872,-3.824,EP3784665A1,2021,DR. REDDY'S LABORATORIES LTD.
Cc1ncsc1-c1ccc(CNC(=O)C2CC(O)CN2C(=O)C(NC(=O)CCC(=O)N2CCN(c3cc(-c4ccccc4O)nnc3N)CC2)C(C)(C)C)cc1,Nc1nnc(-c2ccccc2O)cc1[*:1],O=C(CCC(=O)[*:2])N1CCN([*:1])CC1,Cc1ncsc1-c1ccc(CNC(=O)C2CC(O)CN2C(=O)C(N[*:2])C(C)(C)C)cc1,SMARCA2/SMARCA4,VHL,783.96,3.1,207.21,12,5,11,0.425,0.149,-5.884,-3.707,EP3784665A1,2021,DR. REDDY'S LABORATORIES LTD.
Cc1ncsc1-c1ccc(CNC(=O)C2CC(O)CN2C(=O)C(NC(=O)COCCOCCOCCOc2cc(N3C4CCC3CN(c3cc(-c5ccccc5O)nnc3N)C4)ccn2)C(C)(C)C)cc1,Nc1nnc(-c2ccccc2O)cc1N1CC2CCC(C1)N2c1ccnc([*:1])c1,O=C(COCCOCCOCCO[*:1])[*:2],Cc1ncsc1-c1ccc(CNC(=O)C2CC(O)CN2C(=O)C(N[*:2])C(C)(C)C)cc1,SMARCA2,VHL,993.2,4.35,239.95,17,5,21,0.471,0.064,-5.982,-3.618,US20200038378A1,2020,ROCHE HOLDING LTD. | YALE UNIVERSITY
Cc1ncsc1-c1ccc(CNC(=O)C2CC(O)CN2C(=O)C(NC(=O)COCCCOCCCCOc2ccc(N3C(=S)N(c4ccc(C#N)c(C(F)(F)F)c4)C(=O)C3(C)C)cn2)C(C)(C)C)cc1,CC1(C)C(=O)N(c2ccc(C#N)c(C(F)(F)F)c2)C(=S)N1c1ccc([*:1])nc1,O=C(COCCCOCCCCO[*:1])[*:2],Cc1ncsc1-c1ccc(CNC(=O)C2CC(O)CN2C(=O)C(N[*:2])C(C)(C)C)cc1,AR,VHL,1007.17,6.71,199.55,13,3,20,0.469,0.062,-6.414,-4.551,US20160214972A1,2016,YALE UNIVERSITY
Cc1ncsc1-c1ccc(CNC(=O)C2CC(O)CN2C(=O)C(NC(=O)COCCOCCOCCOCCOc2cc(N3C4CCC3CN(c3cc(-c5ccccc5O)nnc3N)C4)ccn2)C(C)(C)C)cc1,Nc1nnc(-c2ccccc2O)cc1N1CC2CCC(C1)N2c1ccnc([*:1])c1,O=C(COCCOCCOCCOCCO[*:1])[*:2],Cc1ncsc1-c1ccc(CNC(=O)C2CC(O)CN2C(=O)C(N[*:2])C(C)(C)C)cc1,SMARCA2,VHL,1037.25,4.37,249.18,18,5,24,0.491,0.054,-5.898,-3.286,US20200038378A1,2020,ROCHE HOLDING LTD. | YALE UNIVERSITY
Nc1nnc(-c2ccccc2O)cc1N1CCN(Cc2ccc(N3CCC(CN4CCN(c5ccc6c(c5)C(=O)N(C5CCC(=O)NC5=O)C6=O)CC4)CC3)c(F)c2)CC1,Nc1nnc(-c2ccccc2O)cc1N1CCN(Cc2ccc([*:1])c(F)c2)CC1,C1CN([*:1])CCC1CN1CCN([*:2])CC1,O=C1CCC(N2C(=O)c3ccc([*:2])cc3C2=O)C(=O)N1,SMARCA2,CRBN,816.94,3.33,171.78,13,3,9,0.409,0.211,-5.55,-4.042,WO2023129506A1,2023,UNIVERSITY OF TEXAS
Nc1nnc(-c2ccccc2O)cc1N1CCN(Cc2ccc(N3CCN(CCOc4cccc5c4C(=O)N(C4CCC(=O)NC4=O)C5=O)CC3)c(F)c2)CC1,Nc1nnc(-c2ccccc2O)cc1N1CCN(Cc2ccc([*:1])c(F)c2)CC1,C(CN1CCN([*:1])CC1)O[*:2],O=C1CCC(N2C(=O)c3cccc([*:2])c3C2=O)C(=O)N1,SMARCA2,CRBN,763.83,2.49,177.77,13,3,10,0.35,0.201,-5.519,-3.55,WO2023129506A1,2023,UNIVERSITY OF TEXAS
Nc1nnc(-c2ccccc2O)cc1N1CCN(Cc2ccc(OCCOCCNc3cccc4c3C(=O)N(C3CCC(=O)NC3=O)C4=O)c(F)c2)CC1,Nc1nnc(-c2ccccc2O)cc1N1CCN(Cc2ccc([*:1])c(F)c2)CC1,C(COCCO[*:1])N[*:2],O=C1CCC(N2C(=O)c3cccc([*:2])c3C2=O)C(=O)N1,SMARCA2,CRBN,738.78,2.8,192.55,13,4,13,0.316,0.116,-5.564,-3.559,WO2023129506A1,2023,UNIVERSITY OF TEXAS
C=C(C)C1CCC2(C(=O)NCCCCCCCCNc3cccc4c3C(=O)N(C3CCC(=O)NC3=O)C4=O)CCC3(C)C(CCC4C5(C)CCC(=O)C(C)(C)C5CCC43C)C12,C=C(C)C1CCC2([*:1])CCC3(C)C(CCC4C5(C)CCC(=O)C(C)(C)C5CCC43C)C12,O=C(NCCCCCCCCN[*:2])[*:1],O=C1CCC(N2C(=O)c3cccc([*:2])c3C2=O)C(=O)N1,KDM5A,CRBN,837.16,9.18,141.75,7,3,13,0.725,0.102,-5.032,-7.427,CN116284202A,2023,UNIV HUAQIAO
C=C(C)C1CCC2(C(=O)NCCCCCNc3cccc4c3C(=O)N(C3CCC(=O)NC3=O)C4=O)CCC3(C)C(CCC4C5(C)CCC(=O)C(C)(C)C5CCC43C)C12,C=C(C)C1CCC2([*:1])CCC3(C)C(CCC4C5(C)CCC(=O)C(C)(C)C5CCC43C)C12,O=C(NCCCCCN[*:2])[*:1],O=C1CCC(N2C(=O)c3cccc([*:2])c3C2=O)C(=O)N1,KDM5A,CRBN,795.08,8.01,141.75,7,3,10,0.708,0.124,-4.985,-6.725,CN116284202A,2023,UNIV HUAQIAO
C=C(C)C1CCC2(C(=O)NCCCCNc3cccc4c3C(=O)N(C3CCC(=O)NC3=O)C4=O)CCC3(C)C(CCC4C5(C)CCC(=O)C(C)(C)C5CCC43C)C12,C=C(C)C1CCC2([*:1])CCC3(C)C(CCC4C5(C)CCC(=O)C(C)(C)C5CCC43C)C12,O=C(NCCCCN[*:2])[*:1],O=C1CCC(N2C(=O)c3cccc([*:2])c3C2=O)C(=O)N1,KDM5A,CRBN,781.05,7.62,141.75,7,3,9,0.702,0.133,-4.974,-6.496,CN116284202A,2023,UNIV HUAQIAO
C=C(C)C1CCC2(C(=O)NCCOCCOCCOCCNc3cccc4c3C(=O)N(C3CCC(=O)NC3=O)C4=O)CCC3(C)C(CCC4C5(C)CCC(=O)C(C)(C)C5CCC43C)C12,C=C(C)C1CCC2([*:1])CCC3(C)C(CCC4C5(C)CCC(=O)C(C)(C)C5CCC43C)C12,O=C(NCCOCCOCCOCCN[*:2])[*:1],O=C1CCC(N2C(=O)c3cccc([*:2])c3C2=O)C(=O)N1,KDM5A,CRBN,885.16,6.89,169.44,10,3,16,0.725,0.09,-5.314,-5.791,CN116284202A,2023,UNIV HUAQIAO
C=C(C)C1CCC2(C(=O)NCCOCCOCCNc3cccc4c3C(=O)N(C3CCC(=O)NC3=O)C4=O)CCC3(C)C(CCC4C5(C)CCC(=O)C(C)(C)C5CCC43C)C12,C=C(C)C1CCC2([*:1])CCC3(C)C(CCC4C5(C)CCC(=O)C(C)(C)C5CCC43C)C12,O=C(NCCOCCOCCN[*:2])[*:1],O=C1CCC(N2C(=O)c3cccc([*:2])c3C2=O)C(=O)N1,KDM5A,CRBN,841.1,6.88,160.21,9,3,13,0.714,0.109,-5.304,-5.959,CN116284202A,2023,UNIV HUAQIAO
Cc1ncsc1-c1ccc(CNC(=O)C2CC(O)CN2C(=O)C(NC(=O)COCCOCCOc2ccc(-c3ccc(N4C(=S)N(c5ccc(C#N)c(C(F)(F)F)c5)C(=O)C4(C)C)cc3)cc2)C(C)(C)C)cc1,CC1(C)C(=O)N(c2ccc(C#N)c(C(F)(F)F)c2)C(=S)N1c1ccc(-c2ccc([*:1])cc2)cc1,O=C(COCCOCCO[*:1])[*:2],Cc1ncsc1-c1ccc(CNC(=O)C2CC(O)CN2C(=O)C(N[*:2])C(C)(C)C)cc1,AR,VHL,1040.2,7.81,186.66,12,3,18,0.377,0.057,-6.258,-5.415,US20160214972A1,2016,YALE UNIVERSITY
Cc1ncsc1-c1ccc(CNC(=O)C2CC(O)CN2C(=O)C(NC(=O)COCCCCCOc2ccc(-c3ccc(N4C(=S)N(c5ccc(C#N)c(C(F)(F)F)c5)C(=O)C4(C)C)cc3)cc2)C(C)(C)C)cc1,CC1(C)C(=O)N(c2ccc(C#N)c(C(F)(F)F)c2)C(=S)N1c1ccc(-c2ccc([*:1])cc2)cc1,O=C(COCCCCCO[*:1])[*:2],Cc1ncsc1-c1ccc(CNC(=O)C2CC(O)CN2C(=O)C(N[*:2])C(C)(C)C)cc1,AR,VHL,1038.23,8.97,177.43,11,3,18,0.389,0.056,-6.144,-5.818,US20160214972A1,2016,YALE UNIVERSITY
Cc1ncsc1-c1ccc(CNC(=O)C2CC(O)CN2C(=O)C(NC(=O)COCCOCCOc2ccc(-c3ccc(N4C(=S)N(c5ccc(C#N)c(C(F)(F)F)c5)C(=O)C4(C)C)cc3F)cc2)C(C)(C)C)cc1,CC1(C)C(=O)N(c2ccc(C#N)c(C(F)(F)F)c2)C(=S)N1c1ccc(-c2ccc([*:1])cc2)c(F)c1,O=C(COCCOCCO[*:1])[*:2],Cc1ncsc1-c1ccc(CNC(=O)C2CC(O)CN2C(=O)C(N[*:2])C(C)(C)C)cc1,AR,VHL,1058.19,7.95,186.66,12,3,18,0.377,0.044,-6.117,-5.368,US20160214972A1,2016,YALE UNIVERSITY
Cc1ncsc1-c1ccc(CNC(=O)C2CC(O)CN2C(=O)C(NC(=O)COCCCCOc2ccc(-c3ccc(N4C(=S)N(c5ccc(C#N)c(C(F)(F)F)c5)C(=O)C4(C)C)cc3)cc2)C(C)(C)C)cc1,CC1(C)C(=O)N(c2ccc(C#N)c(C(F)(F)F)c2)C(=S)N1c1ccc(-c2ccc([*:1])cc2)cc1,O=C(COCCCCO[*:1])[*:2],Cc1ncsc1-c1ccc(CNC(=O)C2CC(O)CN2C(=O)C(N[*:2])C(C)(C)C)cc1,AR,VHL,1024.2,8.58,177.43,11,3,17,0.377,0.06,-6.243,-5.694,US20160214972A1,2016,YALE UNIVERSITY
Cc1ncsc1-c1ccc(CNC(=O)C2CC(O)CN2C(=O)C(NC(=O)COCCOc2ccc(-c3ccc(N4C(=S)N(c5ccc(C#N)c(C(F)(F)F)c5)C(=O)C4(C)C)cc3)cc2)C(C)(C)C)cc1,CC1(C)C(=O)N(c2ccc(C#N)c(C(F)(F)F)c2)C(=S)N1c1ccc(-c2ccc([*:1])cc2)cc1,O=C(COCCO[*:1])[*:2],Cc1ncsc1-c1ccc(CNC(=O)C2CC(O)CN2C(=O)C(N[*:2])C(C)(C)C)cc1,AR,VHL,996.15,7.8,177.43,11,3,15,0.353,0.069,-6.206,-5.561,US20160214972A1,2016,YALE UNIVERSITY
Cc1ncsc1-c1ccc(C(C)NC(=O)C2CC(O)CN2C(=O)C(NC(=O)COCCOCCOc2ccc(-c3ccc(N4C(=S)N(c5ccc(C#N)c(C(F)(F)F)c5)C(=O)C4(C)C)cc3F)cc2)C(C)(C)C)cc1,CC1(C)C(=O)N(c2ccc(C#N)c(C(F)(F)F)c2)C(=S)N1c1ccc(-c2ccc([*:1])cc2)c(F)c1,O=C(COCCOCCO[*:1])[*:2],Cc1ncsc1-c1ccc(C(C)NC(=O)C2CC(O)CN2C(=O)C(N[*:2])C(C)(C)C)cc1,AR,VHL,1072.22,8.51,186.66,12,3,18,0.389,0.043,-6.007,-5.564,US20160214972A1,2016,YALE UNIVERSITY
Cc1ncsc1-c1ccc(C(C)NC(=O)C2CC(O)CN2C(=O)C(NC(=O)COCCCCOc2ccc(-c3ccc(N4C(=S)N(c5ccc(C#N)c(C(F)(F)F)c5)C(=O)C4(C)C)cc3)cc2)C(C)(C)C)cc1,CC1(C)C(=O)N(c2ccc(C#N)c(C(F)(F)F)c2)C(=S)N1c1ccc(-c2ccc([*:1])cc2)cc1,O=C(COCCCCO[*:1])[*:2],Cc1ncsc1-c1ccc(C(C)NC(=O)C2CC(O)CN2C(=O)C(N[*:2])C(C)(C)C)cc1,AR,VHL,1038.23,9.14,177.43,11,3,17,0.389,0.06,-6.147,-5.941,US20160214972A1,2016,YALE UNIVERSITY
Cc1ncsc1-c1ccc(CNC(=O)C2CC(O)CN2C(=O)C(NC(=O)COCCCCOc2ccc(-c3ccc(N4C(=S)N(c5ccc(C#N)c(C(F)(F)F)c5)C(=O)C4(C)C)c(F)c3)cc2)C(C)(C)C)cc1,CC1(C)C(=O)N(c2ccc(C#N)c(C(F)(F)F)c2)C(=S)N1c1ccc(-c2ccc([*:1])cc2)cc1F,O=C(COCCCCO[*:1])[*:2],Cc1ncsc1-c1ccc(CNC(=O)C2CC(O)CN2C(=O)C(N[*:2])C(C)(C)C)cc1,AR,VHL,1042.19,8.72,177.43,11,3,17,0.377,0.046,-6.065,-5.795,US20160214972A1,2016,YALE UNIVERSITY
Cc1ncsc1-c1ccc(C(C)NC(=O)C2CC(O)CN2C(=O)C(NC(=O)COCCCCOc2ccc(-c3ccc(N4C(=S)N(c5ccc(C#N)c(C(F)(F)F)c5)C(=O)C4(C)C)c(F)c3)cc2)C(C)(C)C)cc1,CC1(C)C(=O)N(c2ccc(C#N)c(C(F)(F)F)c2)C(=S)N1c1ccc(-c2ccc([*:1])cc2)cc1F,O=C(COCCCCO[*:1])[*:2],Cc1ncsc1-c1ccc(C(C)NC(=O)C2CC(O)CN2C(=O)C(N[*:2])C(C)(C)C)cc1,AR,VHL,1056.22,9.28,177.43,11,3,17,0.389,0.046,-5.961,-6.036,US20160214972A1,2016,YALE UNIVERSITY
Cc1ncsc1-c1ccc(CNC(=O)C2CC(O)CN2C(=O)C(NC(=O)COCCCCCOc2ccc(C(=O)NC3C(C)(C)C(Oc4ccc(C#N)c(Cl)c4)C3(C)C)cc2)C(C)(C)C)cc1,CC1(C)C(NC(=O)c2ccc([*:1])cc2)C(C)(C)C1Oc1ccc(C#N)c(Cl)c1,O=C(COCCCCCO[*:1])[*:2],Cc1ncsc1-c1ccc(CNC(=O)C2CC(O)CN2C(=O)C(N[*:2])C(C)(C)C)cc1,AR,VHL,955.62,7.63,192.21,11,4,19,0.49,0.068,-5.687,-5.629,US20160214972A1,2016,YALE UNIVERSITY
Cc1ncsc1-c1ccc(CNC(=O)C2CC(O)CN2C(=O)C(NC(=O)COCCCCCOc2ccc(C(=O)NC3C(C)(C)C(Oc4ccc(C#N)c(C(F)(F)F)c4)C3(C)C)cc2)C(C)(C)C)cc1,CC1(C)C(NC(=O)c2ccc([*:1])cc2)C(C)(C)C1Oc1ccc(C#N)c(C(F)(F)F)c1,O=C(COCCCCCO[*:1])[*:2],Cc1ncsc1-c1ccc(CNC(=O)C2CC(O)CN2C(=O)C(N[*:2])C(C)(C)C)cc1,AR,VHL,989.17,8.0,192.21,11,4,19,0.5,0.067,-5.746,-5.502,US20160214972A1,2016,YALE UNIVERSITY
Cc1ncsc1-c1ccc(C(C)NC(=O)C2CC(O)CN2C(=O)C(NC(=O)COCCCCCOc2ccc(C(=O)NC3C(C)(C)C(Oc4ccc(C#N)c(Cl)c4)C3(C)C)cc2)C(C)(C)C)cc1,CC1(C)C(NC(=O)c2ccc([*:1])cc2)C(C)(C)C1Oc1ccc(C#N)c(Cl)c1,O=C(COCCCCCO[*:1])[*:2],Cc1ncsc1-c1ccc(C(C)NC(=O)C2CC(O)CN2C(=O)C(N[*:2])C(C)(C)C)cc1,AR,VHL,969.65,8.19,192.21,11,4,19,0.5,0.067,-5.762,-5.899,US20160214972A1,2016,YALE UNIVERSITY
Cc1ncsc1-c1ccc(CNC(=O)C2CC(O)CN2C(=O)C(NC(=O)COCCCCOc2ccc(C(=O)NC3C(C)(C)C(Oc4ccc(C#N)c(Cl)c4)C3(C)C)cc2)C(C)(C)C)cc1,CC1(C)C(NC(=O)c2ccc([*:1])cc2)C(C)(C)C1Oc1ccc(C#N)c(Cl)c1,O=C(COCCCCO[*:1])[*:2],Cc1ncsc1-c1ccc(CNC(=O)C2CC(O)CN2C(=O)C(N[*:2])C(C)(C)C)cc1,AR,VHL,941.59,7.24,192.21,11,4,18,0.48,0.074,-5.666,-5.476,US20160214972A1,2016,YALE UNIVERSITY
Cc1ncsc1-c1ccc(CNC(=O)C2CC(O)CN2C(=O)C(NC(=O)COCCCCOc2ccc(C(=O)NC3C(C)(C)C(Oc4ccc(C#N)c(C(F)(F)F)c4)C3(C)C)cc2)C(C)(C)C)cc1,CC1(C)C(NC(=O)c2ccc([*:1])cc2)C(C)(C)C1Oc1ccc(C#N)c(C(F)(F)F)c1,O=C(COCCCCO[*:1])[*:2],Cc1ncsc1-c1ccc(CNC(=O)C2CC(O)CN2C(=O)C(N[*:2])C(C)(C)C)cc1,AR,VHL,975.14,7.61,192.21,11,4,18,0.49,0.072,-5.721,-5.369,US20160214972A1,2016,YALE UNIVERSITY
Cc1ncsc1-c1ccc(C(C)NC(=O)C2CC(O)CN2C(=O)C(NC(=O)COCCCCOc2ccc(C(=O)NC3C(C)(C)C(Oc4ccc(C#N)c(Cl)c4)C3(C)C)cc2)C(C)(C)C)cc1,CC1(C)C(NC(=O)c2ccc([*:1])cc2)C(C)(C)C1Oc1ccc(C#N)c(Cl)c1,O=C(COCCCCO[*:1])[*:2],Cc1ncsc1-c1ccc(C(C)NC(=O)C2CC(O)CN2C(=O)C(N[*:2])C(C)(C)C)cc1,AR,VHL,955.62,7.8,192.21,11,4,18,0.49,0.072,-5.717,-5.675,US20160214972A1,2016,YALE UNIVERSITY
Cc1ncsc1-c1ccc(CNC(=O)C2CC(O)CN2C(=O)C(NC(=O)COCCCCCNc2ccc(C(=O)NC3C(C)(C)C(Oc4ccc(C#N)c(Cl)c4)C3(C)C)cc2)C(C)(C)C)cc1,CC1(C)C(NC(=O)c2ccc([*:1])cc2)C(C)(C)C1Oc1ccc(C#N)c(Cl)c1,O=C(COCCCCCN[*:1])[*:2],Cc1ncsc1-c1ccc(CNC(=O)C2CC(O)CN2C(=O)C(N[*:2])C(C)(C)C)cc1,AR,VHL,954.63,7.66,195.01,11,5,19,0.49,0.058,-5.67,-5.446,US20160214972A1,2016,YALE UNIVERSITY
Cc1ncsc1-c1ccc(C(C)NC(=O)C2CC(O)CN2C(=O)C(NC(=O)COCCCCCNc2ccc(C(=O)NC3C(C)(C)C(Oc4ccc(C#N)c(Cl)c4)C3(C)C)cc2)C(C)(C)C)cc1,CC1(C)C(NC(=O)c2ccc([*:1])cc2)C(C)(C)C1Oc1ccc(C#N)c(Cl)c1,O=C(COCCCCCN[*:1])[*:2],Cc1ncsc1-c1ccc(C(C)NC(=O)C2CC(O)CN2C(=O)C(N[*:2])C(C)(C)C)cc1,AR,VHL,968.66,8.22,195.01,11,5,19,0.5,0.057,-5.748,-5.585,US20160214972A1,2016,YALE UNIVERSITY
Cc1ncsc1-c1ccc(CNC(=O)C2CC(O)CN2C(=O)C(NC(=O)COCCCCCNc2ccc(C(=O)NC3C(C)(C)C(Oc4ccc(C#N)c(Cl)c4)C3(C)C)cc2F)C(C)(C)C)cc1,CC1(C)C(NC(=O)c2ccc([*:1])c(F)c2)C(C)(C)C1Oc1ccc(C#N)c(Cl)c1,O=C(COCCCCCN[*:1])[*:2],Cc1ncsc1-c1ccc(CNC(=O)C2CC(O)CN2C(=O)C(N[*:2])C(C)(C)C)cc1,AR,VHL,972.62,7.8,195.01,11,5,19,0.49,0.058,-5.746,-5.518,US20160214972A1,2016,YALE UNIVERSITY
Cc1ncsc1-c1ccc(CNC(=O)C2CC(O)CN2C(=O)C(NC(=O)COCCOc2ccc(-c3ccc(C(=O)NC4C(C)(C)C(Oc5ccc(C#N)c(Cl)c5)C4(C)C)cc3)cc2)C(C)(C)C)cc1,CC1(C)C(NC(=O)c2ccc(-c3ccc([*:1])cc3)cc2)C(C)(C)C1Oc1ccc(C#N)c(Cl)c1,O=C(COCCO[*:1])[*:2],Cc1ncsc1-c1ccc(CNC(=O)C2CC(O)CN2C(=O)C(N[*:2])C(C)(C)C)cc1,AR,VHL,989.64,8.13,192.21,11,4,17,0.407,0.066,-5.663,-6.114,US20160214972A1,2016,YALE UNIVERSITY
Cc1ncsc1-c1ccc(CNC(=O)C2CC(O)CN2C(=O)C(NC(=O)COCCOc2ccc(Oc3ccc(C(=O)NC4C(C)(C)C(Oc5ccc(C#N)c(Cl)c5)C4(C)C)cc3)cc2)C(C)(C)C)cc1,CC1(C)C(NC(=O)c2ccc(Oc3ccc([*:1])cc3)cc2)C(C)(C)C1Oc1ccc(C#N)c(Cl)c1,O=C(COCCO[*:1])[*:2],Cc1ncsc1-c1ccc(CNC(=O)C2CC(O)CN2C(=O)C(N[*:2])C(C)(C)C)cc1,AR,VHL,1005.63,8.25,201.44,12,4,18,0.407,0.062,-5.798,-6.032,US20160214972A1,2016,YALE UNIVERSITY
Cc1ncsc1-c1ccc(CNC(=O)C2CC(O)CN2C(=O)C(NC(=O)COCCCCOc2ccc(-c3ccc(N4C(=S)N(c5cnc(C#N)c(C(F)(F)F)c5)C(=O)C4(C)C)cc3)cc2)C(C)(C)C)cc1,CC1(C)C(=O)N(c2cnc(C#N)c(C(F)(F)F)c2)C(=S)N1c1ccc(-c2ccc([*:1])cc2)cc1,O=C(COCCCCO[*:1])[*:2],Cc1ncsc1-c1ccc(CNC(=O)C2CC(O)CN2C(=O)C(N[*:2])C(C)(C)C)cc1,AR,VHL,1025.19,7.97,190.32,12,3,17,0.385,0.06,-6.162,-5.596,US20160214972A1,2016,YALE UNIVERSITY
Cc1ncsc1-c1ccc(C(C)NC(=O)C2CC(O)CN2C(=O)C(NC(=O)COCCCCOc2ccc(-c3ccc(N4C(=S)N(c5cnc(C#N)c(C(F)(F)F)c5)C(=O)C4(C)C)cc3)cc2)C(C)(C)C)cc1,CC1(C)C(=O)N(c2cnc(C#N)c(C(F)(F)F)c2)C(=S)N1c1ccc(-c2ccc([*:1])cc2)cc1,O=C(COCCCCO[*:1])[*:2],Cc1ncsc1-c1ccc(C(C)NC(=O)C2CC(O)CN2C(=O)C(N[*:2])C(C)(C)C)cc1,AR,VHL,1039.22,8.53,190.32,12,3,17,0.396,0.06,-6.069,-5.786,US20160214972A1,2016,YALE UNIVERSITY
Cc1ncsc1-c1ccc(CNC(=O)C2CC(O)CN2C(=O)C(NC(=O)COCCOCCOc2ccc(N3C(=S)N(c4ccc(C#N)c(C(F)(F)F)c4)C(=O)C3(C)C)cc2)C(C)(C)C)cc1,CC1(C)C(=O)N(c2ccc(C#N)c(C(F)(F)F)c2)C(=S)N1c1ccc([*:1])cc1,O=C(COCCOCCO[*:1])[*:2],Cc1ncsc1-c1ccc(CNC(=O)C2CC(O)CN2C(=O)C(N[*:2])C(C)(C)C)cc1,AR,VHL,964.1,6.15,186.66,12,3,17,0.426,0.081,-6.258,-4.632,US20160214972A1,2016,YALE UNIVERSITY
Cc1ncsc1-c1ccc(CNC(=O)C2CC(O)CN2C(=O)C(NC(=O)COCCOc2ccc(N3C(=S)N(c4ccc(C#N)c(C(F)(F)F)c4)C(=O)C3(C)C)cc2)C(C)(C)C)cc1,CC1(C)C(=O)N(c2ccc(C#N)c(C(F)(F)F)c2)C(=S)N1c1ccc([*:1])cc1,O=C(COCCO[*:1])[*:2],Cc1ncsc1-c1ccc(CNC(=O)C2CC(O)CN2C(=O)C(N[*:2])C(C)(C)C)cc1,AR,VHL,920.05,6.13,177.43,11,3,14,0.4,0.098,-6.206,-4.821,US20160214972A1,2016,YALE UNIVERSITY
Cc1ncsc1-c1ccc(CNC(=O)C2CC(O)CN2C(=O)C(NC(=O)COCCCOCCCCOc2ccc(CN3C(=S)N(c4ccc(C#N)c(C(F)(F)F)c4)C(=O)C3(C)C)cc2)C(C)(C)C)cc1,CC1(C)C(=O)N(c2ccc(C#N)c(C(F)(F)F)c2)C(=S)N1Cc1ccc([*:1])cc1,O=C(COCCCOCCCCO[*:1])[*:2],Cc1ncsc1-c1ccc(CNC(=O)C2CC(O)CN2C(=O)C(N[*:2])C(C)(C)C)cc1,AR,VHL,1020.21,7.31,186.66,12,3,21,0.471,0.056,-6.401,-4.614,US20160214972A1,2016,YALE UNIVERSITY
Cc1ncsc1-c1ccc(CNC(=O)C2CC(O)CN2C(=O)C(NC(=O)COCCCOCCCCOc2cccc(N3C(=S)N(c4ccc(C#N)c(C(F)(F)F)c4)C(=O)C3(C)C)c2)C(C)(C)C)cc1,CC1(C)C(=O)N(c2ccc(C#N)c(C(F)(F)F)c2)C(=S)N1c1cccc([*:1])c1,O=C(COCCCOCCCCO[*:1])[*:2],Cc1ncsc1-c1ccc(CNC(=O)C2CC(O)CN2C(=O)C(N[*:2])C(C)(C)C)cc1,AR,VHL,1006.18,7.32,186.66,12,3,20,0.46,0.059,-6.378,-4.717,US20160214972A1,2016,YALE UNIVERSITY
Cc1ncsc1-c1ccc(C(C)NC(=O)C2CC(O)CN2C(=O)C(NC(=O)COCCCOCCCCOc2ccc(N3C(=S)N(c4ccc(C#N)c(C(F)(F)F)c4)C(=O)C3(C)C)cc2)C(C)(C)C)cc1,CC1(C)C(=O)N(c2ccc(C#N)c(C(F)(F)F)c2)C(=S)N1c1ccc([*:1])cc1,O=C(COCCCOCCCCO[*:1])[*:2],Cc1ncsc1-c1ccc(C(C)NC(=O)C2CC(O)CN2C(=O)C(N[*:2])C(C)(C)C)cc1,AR,VHL,1020.21,7.88,186.66,12,3,20,0.471,0.058,-6.377,-4.966,US20160214972A1,2016,YALE UNIVERSITY
Cc1ncsc1-c1ccc(C(C)NC(=O)C2CC(O)CN2C(=O)C(NC(=O)COCCCOCCCCOc2ccc(N3C(=S)N(c4cnc(C#N)c(C(F)(F)F)c4)C(=O)C3(C)C)cc2)C(C)(C)C)cc1,CC1(C)C(=O)N(c2cnc(C#N)c(C(F)(F)F)c2)C(=S)N1c1ccc([*:1])cc1,O=C(COCCCOCCCCO[*:1])[*:2],Cc1ncsc1-c1ccc(C(C)NC(=O)C2CC(O)CN2C(=O)C(N[*:2])C(C)(C)C)cc1,AR,VHL,1021.2,7.27,199.55,13,3,20,0.48,0.059,-6.325,-4.695,US20160214972A1,2016,YALE UNIVERSITY
COc1cc2c(NC(C)c3cccc(Br)c3)nc(C)nc2cc1OCCOCCOCCNc1cccc2c1C(=O)N(C1CCC(=O)NC1=O)C2=O,COc1cc2c(NC(C)c3cccc(Br)c3)nc(C)nc2cc1[*:1],C(COCCOCCO[*:1])N[*:2],O=C1CCC(N2C(=O)c3cccc([*:2])c3C2=O)C(=O)N1,SOS1,CRBN,775.66,4.81,170.31,12,3,16,0.351,0.105,-5.606,-5.018,WO2022061348A1,2022,BIOTHERYX INC
CNCc1ccccc1-c1csc(C(C)Nc2nc(C)nc3cc(OCCOCCOCCOCCNc4cccc5c4C(=O)N(C4CCC(=O)NC4=O)C5=O)c(OC)cc23)c1,CNCc1ccccc1-c1csc(C(C)Nc2nc(C)nc3cc([*:1])c(OC)cc23)c1,C(COCCOCCOCCO[*:1])N[*:2],O=C1CCC(N2C(=O)c3cccc([*:2])c3C2=O)C(=O)N1,SOS1,CRBN,866.01,5.51,191.57,15,4,22,0.378,0.05,-5.666,-3.732,WO2022061348A1,2022,BIOTHERYX INC
COc1cc2c(NC(C)c3cccc(Br)c3)nc(C)nc2cc1OCCOCCOCCOCCNc1cccc2c1C(=O)N(C1CCC(=O)NC1=O)C2=O,COc1cc2c(NC(C)c3cccc(Br)c3)nc(C)nc2cc1[*:1],C(COCCOCCOCCO[*:1])N[*:2],O=C1CCC(N2C(=O)c3cccc([*:2])c3C2=O)C(=O)N1,SOS1,CRBN,819.71,4.82,179.54,13,3,19,0.385,0.087,-5.51,-4.503,WO2022061348A1,2022,BIOTHERYX INC
CNC(=O)COc1cc2cc(Nc3nc(N4CCC5(CCN(CC6CCN(c7cccc8c7C(=O)N(C7CCC(=O)NC7=O)C8=O)CC6)CC5)CC4)ncc3Cl)ccc2n(C(C)C)c1=O,CNC(=O)COc1cc2cc(Nc3nc(N4CCC5(CC4)CCN([*:1])CC5)ncc3Cl)ccc2n(C(C)C)c1=O,C1CN([*:2])CCC1C[*:1],O=C1CCC(N2C(=O)c3cccc([*:2])c3C2=O)C(=O)N1,BCL-6,CRBN,907.47,4.89,191.41,13,3,11,0.489,0.173,-5.47,-5.089,US20220323457A1,2022,YALE UNIVERSITY
CNC(=O)COc1cc2cc(Nc3nc(N4CCC5(CC4)CCN(C4CCN(c6cccc7c6C(=O)N(C6CCC(=O)NC6=O)C7=O)CC4)C5)ncc3Cl)ccc2n(C(C)C)c1=O,CNC(=O)COc1cc2cc(Nc3nc(N4CCC5(CC4)CCN([*:1])C5)ncc3Cl)ccc2n(C(C)C)c1=O,C1CN([*:2])CCC1[*:1],O=C1CCC(N2C(=O)c3cccc([*:2])c3C2=O)C(=O)N1,BCL-6,CRBN,879.42,4.26,191.41,13,3,10,0.467,0.192,-5.438,-4.453,US20220323457A1,2022,YALE UNIVERSITY
CNC(=O)COc1cc2cc(Nc3nc(N4CCC5(CC4)CCN(C4CCN(c6ccc7c(c6)C(=O)N(C6CCC(=O)NC6=O)C7=O)CC4)C5)ncc3Cl)ccc2n(C(C)C)c1=O,CNC(=O)COc1cc2cc(Nc3nc(N4CCC5(CC4)CCN([*:1])C5)ncc3Cl)ccc2n(C(C)C)c1=O,C1CN([*:2])CCC1[*:1],O=C1CCC(N2C(=O)c3ccc([*:2])cc3C2=O)C(=O)N1,BCL-6,CRBN,879.42,4.26,191.41,13,3,10,0.467,0.192,-5.472,-4.168,US20220323457A1,2022,YALE UNIVERSITY
CNC(=O)COc1cc2cc(Nc3nc(N4CCC5(CCN(CC6CCN(c7cccc8c7C(=O)N(C7CCC(=O)NC7=O)C8=O)CC6)C5)CC4)ncc3Cl)ccc2n(C(C)C)c1=O,CNC(=O)COc1cc2cc(Nc3nc(N4CCC5(CC4)CCN([*:1])C5)ncc3Cl)ccc2n(C(C)C)c1=O,C1CN([*:2])CCC1C[*:1],O=C1CCC(N2C(=O)c3cccc([*:2])c3C2=O)C(=O)N1,BCL-6,CRBN,893.45,4.5,191.41,13,3,11,0.478,0.179,-5.601,-4.914,US20220323457A1,2022,YALE UNIVERSITY
CNC(=O)COc1cc2cc(Nc3nc(N4CCC5(CCN(CC6CCN(c7ccc8c(c7)C(=O)N(C7CCC(=O)NC7=O)C8=O)CC6)C5)CC4)ncc3Cl)ccc2n(C(C)C)c1=O,CNC(=O)COc1cc2cc(Nc3nc(N4CCC5(CC4)CCN([*:1])C5)ncc3Cl)ccc2n(C(C)C)c1=O,C1CN([*:2])CCC1C[*:1],O=C1CCC(N2C(=O)c3ccc([*:2])cc3C2=O)C(=O)N1,BCL-6,CRBN,893.45,4.5,191.41,13,3,11,0.478,0.179,-5.638,-4.503,US20220323457A1,2022,YALE UNIVERSITY
Cn1c(=O)n(CCC(C)(C)O)c2cc(Nc3nc(N4CCN(CC5CCN(c6cccc7c6C(=O)N(C6CCC(=O)NC6=O)C7=O)CC5)CC4)ncc3Cl)ccc21,Cn1c(=O)n(CCC(C)(C)O)c2cc(Nc3nc([*:1])ncc3Cl)ccc21,C1CN([*:2])CCC1CN1CCN([*:1])CC1,O=C1CCC(N2C(=O)c3cccc([*:2])c3C2=O)C(=O)N1,BCL-6,CRBN,799.33,3.13,178.24,12,3,10,0.475,0.2,-5.616,-4.623,US20220323457A1,2022,YALE UNIVERSITY
CNC(=O)COc1cc2cc(Nc3nc(N4CCC5(CCN(CC6CCN(c7ccc8c(c7)C(=O)N(C7CCC(=O)NC7=O)C8=O)CC6)CC5)CC4)ncc3Cl)ccc2n(C(C)C)c1=O,CNC(=O)COc1cc2cc(Nc3nc(N4CCC5(CC4)CCN([*:1])CC5)ncc3Cl)ccc2n(C(C)C)c1=O,C1CN([*:2])CCC1C[*:1],O=C1CCC(N2C(=O)c3ccc([*:2])cc3C2=O)C(=O)N1,BCL-6,CRBN,907.47,4.89,191.41,13,3,11,0.489,0.173,-5.503,-4.647,US20220323457A1,2022,YALE UNIVERSITY
Cn1c(=O)n(CCC(C)(C)O)c2cc(Nc3nc(N4CCC(CN5CCN(c6cccc7c6C(=O)N(C6CCC(=O)NC6=O)C7=O)CC5)CC4)ncc3Cl)ccc21,Cn1c(=O)n(CCC(C)(C)O)c2cc(Nc3nc([*:1])ncc3Cl)ccc21,C1CN([*:1])CCC1CN1CCN([*:2])CC1,O=C1CCC(N2C(=O)c3cccc([*:2])c3C2=O)C(=O)N1,BCL-6,CRBN,799.33,3.13,178.24,12,3,10,0.475,0.2,-5.616,-4.509,US20220323457A1,2022,YALE UNIVERSITY
CNC(=O)COc1cc2cc(Nc3nc(N4CCC5(CC4)CC(CN4CCN(c6cccc7c6C(=O)N(C6CCC(=O)NC6=O)C7=O)CC4)C5)ncc3Cl)ccc2n(C(C)C)c1=O,CNC(=O)COc1cc2cc(Nc3nc(N4CCC5(CC4)CC([*:1])C5)ncc3Cl)ccc2n(C(C)C)c1=O,C1CN([*:2])CCN1C[*:1],O=C1CCC(N2C(=O)c3cccc([*:2])c3C2=O)C(=O)N1,BCL-6,CRBN,879.42,4.11,191.41,13,3,11,0.467,0.183,-5.524,-4.612,US20220323457A1,2022,YALE UNIVERSITY
CNC(=O)COc1cc2cc(Nc3nc(N4CCC5(CC4)CC(CN4CCN(c6ccc7c(c6)C(=O)N(C6CCC(=O)NC6=O)C7=O)CC4)C5)ncc3Cl)ccc2n(C(C)C)c1=O,CNC(=O)COc1cc2cc(Nc3nc(N4CCC5(CC4)CC([*:1])C5)ncc3Cl)ccc2n(C(C)C)c1=O,C1CN([*:2])CCN1C[*:1],O=C1CCC(N2C(=O)c3ccc([*:2])cc3C2=O)C(=O)N1,BCL-6,CRBN,879.42,4.11,191.41,13,3,11,0.467,0.183,-5.579,-4.273,US20220323457A1,2022,YALE UNIVERSITY
CNC(=O)COc1cc2cc(Nc3nc(N4CCC5(CC4)CN(CC4CCN(c6cccc7c6CN(C6CCC(=O)NC6=O)C7=O)CC4)C5)ncc3Cl)ccc2n(C(C)C)c1=O,CNC(=O)COc1cc2cc(Nc3nc(N4CCC5(CC4)CN([*:1])C5)ncc3Cl)ccc2n(C(C)C)c1=O,C1CN([*:2])CCC1C[*:1],O=C1CCC(N2Cc3c(cccc3[*:2])C2=O)C(=O)N1,BCL-6,CRBN,865.44,4.47,174.34,12,3,11,0.489,0.181,-5.636,-4.483,US20220323457A1,2022,YALE UNIVERSITY
CNC(=O)COc1cc2cc(Nc3nc(N4CCC5(CC4)CN(CC4CCN(c6ccc7c(c6)CN(C6CCC(=O)NC6=O)C7=O)CC4)C5)ncc3Cl)ccc2n(C(C)C)c1=O,CNC(=O)COc1cc2cc(Nc3nc(N4CCC5(CC4)CN([*:1])C5)ncc3Cl)ccc2n(C(C)C)c1=O,C1CN([*:2])CCC1C[*:1],O=C1CCC(N2Cc3cc([*:2])ccc3C2=O)C(=O)N1,BCL-6,CRBN,865.44,4.47,174.34,12,3,11,0.489,0.181,-5.646,-4.192,US20220323457A1,2022,YALE UNIVERSITY
CNC(=O)COc1cc2cc(Nc3nc(N4CCN(CC5CCN(c6ccc7c(c6)CN(C6CCC(=O)NC6=O)C7=O)CC5)CC4)ncc3Cl)ccc2n(C(C)C)c1=O,CNC(=O)COc1cc2cc(Nc3nc([*:1])ncc3Cl)ccc2n(C(C)C)c1=O,C1CN([*:2])CCC1CN1CCN([*:1])CC1,O=C1CCC(N2Cc3cc([*:2])ccc3C2=O)C(=O)N1,BCL-6,CRBN,825.37,3.69,174.34,12,3,11,0.452,0.188,-5.572,-4.211,US20220323457A1,2022,YALE UNIVERSITY
CNC(=O)COc1cc2cc(Nc3nc(N4CCC5(CC4)CN(CC4CCN(c6cccc7c6C(=O)N(C6CCC(=O)NC6=O)C7=O)CC4)C5)ncc3Cl)ccc2n(C(C)C)c1=O,CNC(=O)COc1cc2cc(Nc3nc(N4CCC5(CC4)CN([*:1])C5)ncc3Cl)ccc2n(C(C)C)c1=O,C1CN([*:2])CCC1C[*:1],O=C1CCC(N2C(=O)c3cccc([*:2])c3C2=O)C(=O)N1,BCL-6,CRBN,879.42,4.11,191.41,13,3,11,0.467,0.183,-5.623,-4.669,US20220323457A1,2022,YALE UNIVERSITY
CNC(=O)COc1cc2cc(Nc3nc(N4CCC5(CC4)CN(CC4CCN(c6ccc7c(c6)C(=O)N(C6CCC(=O)NC6=O)C7=O)CC4)C5)ncc3Cl)ccc2n(C(C)C)c1=O,CNC(=O)COc1cc2cc(Nc3nc(N4CCC5(CC4)CN([*:1])C5)ncc3Cl)ccc2n(C(C)C)c1=O,C1CN([*:2])CCC1C[*:1],O=C1CCC(N2C(=O)c3ccc([*:2])cc3C2=O)C(=O)N1,BCL-6,CRBN,879.42,4.11,191.41,13,3,11,0.467,0.183,-5.65,-4.349,US20220323457A1,2022,YALE UNIVERSITY
CNC(=O)COc1cc2cc(Nc3nc(N4CCC(CN5C(C)CN(c6cccc7c6C(=O)N(C6CCC(=O)NC6=O)C7=O)CC5C)CC4)ncc3Cl)ccc2n(C(C)C)c1=O,CNC(=O)COc1cc2cc(Nc3nc([*:1])ncc3Cl)ccc2n(C(C)C)c1=O,CC1CN([*:2])CC(C)N1CC1CCN([*:1])CC1,O=C1CCC(N2C(=O)c3cccc([*:2])c3C2=O)C(=O)N1,BCL-6,CRBN,867.41,4.11,191.41,13,3,11,0.455,0.183,-5.305,-4.824,US20220323457A1,2022,YALE UNIVERSITY
CNC(=O)COc1cc2cc(Nc3nc(N4CCC(CN5CCC(c6ccc7c(c6)C(=O)N(C6CCC(=O)NC6=O)C7=O)CC5)CC4)ncc3Cl)ccc2n(C(C)C)c1=O,CNC(=O)COc1cc2cc(Nc3nc([*:1])ncc3Cl)ccc2n(C(C)C)c1=O,C1CN([*:1])CCC1CN1CCC([*:2])CC1,O=C1CCC(N2C(=O)c3ccc([*:2])cc3C2=O)C(=O)N1,BCL-6,CRBN,838.37,4.39,188.17,12,3,11,0.442,0.181,-5.64,-4.691,US20220323457A1,2022,YALE UNIVERSITY
CCn1c(=O)c(OCC(=O)NC)cc2cc(Nc3nc(N4CCC(CN5CCC(c6ccc7c(c6)C(=O)N(C6CCC(=O)NC6=O)C7=O)CC5)CC4)ncc3Cl)ccc21,CCn1c(=O)c(OCC(=O)NC)cc2cc(Nc3nc([*:1])ncc3Cl)ccc21,C1CN([*:1])CCC1CN1CCC([*:2])CC1,O=C1CCC(N2C(=O)c3ccc([*:2])cc3C2=O)C(=O)N1,BCL-6,CRBN,824.34,3.83,188.17,12,3,11,0.429,0.186,-5.542,-4.62,US20220323457A1,2022,YALE UNIVERSITY
CNC(=O)COc1cc2cc(Nc3nc(N4CCC(CCN5CCN(c6ccc7c(c6)C(=O)N(C6CCC(=O)NC6=O)C7=O)CC5)CC4)ncc3Cl)ccc2n(C)c1=O,CNC(=O)COc1cc2cc(Nc3nc([*:1])ncc3Cl)ccc2n(C)c1=O,C(CN1CCN([*:2])CC1)C1CCN([*:1])CC1,O=C1CCC(N2C(=O)c3ccc([*:2])cc3C2=O)C(=O)N1,BCL-6,CRBN,825.33,2.68,191.41,13,3,11,0.415,0.187,-5.36,-3.759,US20220323457A1,2022,YALE UNIVERSITY
CNC(=O)COc1cc2cc(Nc3nc(N4CCN(CCC5CCN(c6ccc7c(c6)C(=O)N(C6CCC(=O)NC6=O)C7=O)CC5)CC4)ncc3Cl)ccc2n(C)c1=O,CNC(=O)COc1cc2cc(Nc3nc([*:1])ncc3Cl)ccc2n(C)c1=O,C(CN1CCN([*:1])CC1)C1CCN([*:2])CC1,O=C1CCC(N2C(=O)c3ccc([*:2])cc3C2=O)C(=O)N1,BCL-6,CRBN,825.33,2.68,191.41,13,3,11,0.415,0.187,-5.36,-3.786,US20220323457A1,2022,YALE UNIVERSITY
CNC(=O)COc1cc2cc(Nc3nc(N4CCN(CC5CCN(c6cccc7c6C(=O)N(C6CCC(=O)NC6=O)C7=O)CC5)CC4)ncc3Cl)ccc2n(C(C)C)c1=O,CNC(=O)COc1cc2cc(Nc3nc([*:1])ncc3Cl)ccc2n(C(C)C)c1=O,C1CN([*:2])CCC1CN1CCN([*:1])CC1,O=C1CCC(N2C(=O)c3cccc([*:2])c3C2=O)C(=O)N1,BCL-6,CRBN,839.35,3.33,191.41,13,3,11,0.429,0.187,-5.547,-4.686,US20220323457A1,2022,YALE UNIVERSITY
CCn1c(=O)c(OCC(=O)NC)cc2cc(Nc3nc(N4CCN(CC5CCN(c6cccc7c6C(=O)N(C6CCC(=O)NC6=O)C7=O)CC5)CC4)ncc3Cl)ccc21,CCn1c(=O)c(OCC(=O)NC)cc2cc(Nc3nc([*:1])ncc3Cl)ccc21,C1CN([*:2])CCC1CN1CCN([*:1])CC1,O=C1CCC(N2C(=O)c3cccc([*:2])c3C2=O)C(=O)N1,BCL-6,CRBN,825.33,2.77,191.41,13,3,11,0.415,0.187,-5.459,-4.58,US20220323457A1,2022,YALE UNIVERSITY
CNC(=O)COc1cc2cc(Nc3nc(N4CCC(CN5CCN(c6cccc7c6C(=O)N(C6CCC(=O)NC6=O)C7=O)CC5)CC4)ncc3Cl)ccc2n(C)c1=O,CNC(=O)COc1cc2cc(Nc3nc([*:1])ncc3Cl)ccc2n(C)c1=O,C1CN([*:1])CCC1CN1CCN([*:2])CC1,O=C1CCC(N2C(=O)c3cccc([*:2])c3C2=O)C(=O)N1,BCL-6,CRBN,811.3,2.29,191.41,13,3,10,0.4,0.198,-5.542,-4.086,US20220323457A1,2022,YALE UNIVERSITY
CNC(=O)COc1cc2cc(Nc3cc(N4CCN(CC5CCN(c6ccc7c(c6)C(=O)N(C6CCC(=O)NC6=O)C7=O)CC5)CC4)ncc3Cl)ccc2n(C)c1=O,CNC(=O)COc1cc2cc(Nc3cc([*:1])ncc3Cl)ccc2n(C)c1=O,C1CN([*:2])CCC1CN1CCN([*:1])CC1,O=C1CCC(N2C(=O)c3ccc([*:2])cc3C2=O)C(=O)N1,BCL-6,CRBN,810.31,2.9,178.52,12,3,10,0.39,0.2,-5.552,-3.958,US20220323457A1,2022,YALE UNIVERSITY
CCn1c(=O)c(OCC(=O)NC)cc2cc(Nc3nc(N4CCN(CC5CCN(c6ccc7c(c6)C(=O)N(C6CCC(=O)NC6=O)C7=O)CC5)CC4)ncc3Cl)ccc21,CCn1c(=O)c(OCC(=O)NC)cc2cc(Nc3nc([*:1])ncc3Cl)ccc21,C1CN([*:2])CCC1CN1CCN([*:1])CC1,O=C1CCC(N2C(=O)c3ccc([*:2])cc3C2=O)C(=O)N1,BCL-6,CRBN,825.33,2.77,191.41,13,3,11,0.415,0.187,-5.492,-4.199,US20220323457A1,2022,YALE UNIVERSITY
CNC(=O)COc1cc2cc(Nc3nc(N4CCN(CC5CN(c6ccc7c(c6)C(=O)N(C6CCC(=O)NC6=O)C7=O)C5)CC4)ncc3Cl)ccc2n(C)c1=O,CNC(=O)COc1cc2cc(Nc3nc([*:1])ncc3Cl)ccc2n(C)c1=O,C1CN([*:1])CCN1CC1CN([*:2])C1,O=C1CCC(N2C(=O)c3ccc([*:2])cc3C2=O)C(=O)N1,BCL-6,CRBN,783.25,1.51,191.41,13,3,10,0.368,0.197,-5.656,-3.419,US20220323457A1,2022,YALE UNIVERSITY
CNC(=O)COc1cc2cc(Nc3nc(N4CCN(C5CCN(c6cccc7c6C(=O)N(C6CCC(=O)NC6=O)C7=O)CC5)CC4)ncc3Cl)ccc2n(C)c1=O,CNC(=O)COc1cc2cc(Nc3nc([*:1])ncc3Cl)ccc2n(C)c1=O,C1CN([*:2])CCC1N1CCN([*:1])CC1,O=C1CCC(N2C(=O)c3cccc([*:2])c3C2=O)C(=O)N1,BCL-6,CRBN,797.27,2.04,191.41,13,3,9,0.385,0.209,-5.259,-3.956,US20220323457A1,2022,YALE UNIVERSITY
CC(=O)COc1cc2cc(Nc3nc(N4CCC(CN5CCN(c6ccc7c(c6)CN(C6CCC(=O)NC6=O)C7=O)CC5)CC4)ncc3Cl)ccc2n(C)c1=O,CC(=O)COc1cc2cc(Nc3nc([*:1])ncc3Cl)ccc2n(C)c1=O,C1CN([*:1])CCC1CN1CCN([*:2])CC1,O=C1CCC(N2Cc3cc([*:2])ccc3C2=O)C(=O)N1,BCL-6,CRBN,782.3,3.49,162.31,12,2,10,0.425,0.226,-5.539,-4.409,US20220323457A1,2022,YALE UNIVERSITY
CC(=O)COc1cc2cc(Nc3nc(N4CCC(CCN5CCN(c6ccc7c(c6)C(=O)N(C6CCC(=O)NC6=O)C7=O)CC5)CC4)ncc3Cl)ccc2n(C)c1=O,CC(=O)COc1cc2cc(Nc3nc([*:1])ncc3Cl)ccc2n(C)c1=O,C(CN1CCN([*:2])CC1)C1CCN([*:1])CC1,O=C1CCC(N2C(=O)c3ccc([*:2])cc3C2=O)C(=O)N1,BCL-6,CRBN,810.31,3.52,179.38,13,2,11,0.415,0.211,-5.47,-4.478,US20220323457A1,2022,YALE UNIVERSITY
CC(=O)COc1cc2cc(Nc3nc(N4CCN(C5CCN(c6ccc7c(c6)C(=O)N(C6CCC(=O)NC6=O)C7=O)CC5)CC4)ncc3Cl)ccc2n(C)c1=O,CC(=O)COc1cc2cc(Nc3nc([*:1])ncc3Cl)ccc2n(C)c1=O,C1CN([*:2])CCC1N1CCN([*:1])CC1,O=C1CCC(N2C(=O)c3ccc([*:2])cc3C2=O)C(=O)N1,BCL-6,CRBN,782.26,2.89,179.38,13,2,9,0.385,0.237,-5.427,-4.586,US20220323457A1,2022,YALE UNIVERSITY
CC(=O)COc1cc2cc(Nc3nc(N4CCC(CN5CCN(c6ccc7c(c6)C(=O)N(C6CCC(=O)NC6=O)C7=O)CC5)CC4)ncc3Cl)ccc2n(C)c1=O,CC(=O)COc1cc2cc(Nc3nc([*:1])ncc3Cl)ccc2n(C)c1=O,C1CN([*:1])CCC1CN1CCN([*:2])CC1,O=C1CCC(N2C(=O)c3ccc([*:2])cc3C2=O)C(=O)N1,BCL-6,CRBN,796.28,3.13,179.38,13,2,10,0.4,0.224,-5.58,-4.64,US20220323457A1,2022,YALE UNIVERSITY
CNC(=O)COc1cc2cc(Nc3nc(N4CCC(CN5CCN(c6ccc7c(c6)CN(C6CCC(=O)NC6=O)C7=O)CC5)CC4)ncc3Cl)ccc2n(C)c1=O,CNC(=O)COc1cc2cc(Nc3nc([*:1])ncc3Cl)ccc2n(C)c1=O,C1CN([*:1])CCC1CN1CCN([*:2])CC1,O=C1CCC(N2Cc3cc([*:2])ccc3C2=O)C(=O)N1,BCL-6,CRBN,797.32,2.65,174.34,12,3,10,0.425,0.201,-5.542,-3.634,US20220323457A1,2022,YALE UNIVERSITY
CC(=O)COc1cc2cc(Nc3nc(N4CCN(CC5CCN(c6ccc7c(c6)C(=O)N(C6CCC(=O)NC6=O)C7=O)CC5)CC4)ncc3Cl)ccc2n(C)c1=O,CC(=O)COc1cc2cc(Nc3nc([*:1])ncc3Cl)ccc2n(C)c1=O,C1CN([*:2])CCC1CN1CCN([*:1])CC1,O=C1CCC(N2C(=O)c3ccc([*:2])cc3C2=O)C(=O)N1,BCL-6,CRBN,796.28,3.13,179.38,13,2,10,0.4,0.224,-5.58,-4.736,US20220323457A1,2022,YALE UNIVERSITY
CN1C(=O)CCc2cc(Nc3cc(N4CCC(CN5CCN(c6ccc7c(c6)C(=O)N(C6CCC(=O)NC6=O)C7=O)CC5)CC4)c([N+](=O)[O-])cc3Cl)ccc21,CN1C(=O)CCc2cc(Nc3cc([*:1])c([N+](=O)[O-])cc3Cl)ccc21,C1CN([*:1])CCC1CN1CCN([*:2])CC1,O=C1CCC(N2C(=O)c3ccc([*:2])cc3C2=O)C(=O)N1,BCL-6,CRBN,769.26,4.34,168.75,11,2,8,0.41,0.19,-5.453,-4.922,US20220323457A1,2022,YALE UNIVERSITY
CNC(=O)COc1cc2cc(Nc3cc(N4CCC(CN5CCN(c6ccc7c(c6)C(=O)N(C6CCC(=O)NC6=O)C7=O)CC5)CC4)ncc3Cl)ccc2n(C)c1=O,CNC(=O)COc1cc2cc(Nc3cc([*:1])ncc3Cl)ccc2n(C)c1=O,C1CN([*:1])CCC1CN1CCN([*:2])CC1,O=C1CCC(N2C(=O)c3ccc([*:2])cc3C2=O)C(=O)N1,BCL-6,CRBN,810.31,2.9,178.52,12,3,10,0.39,0.2,-5.552,-3.913,US20220323457A1,2022,YALE UNIVERSITY
CNC(=O)COc1cc2cc(Nc3nc(N4CCN(CC5CCN(c6cccc7c6CN(C6CCC(=O)NC6=O)C7=O)CC5)CC4)ncc3Cl)ccc2n(C(C)C)c1=O,CNC(=O)COc1cc2cc(Nc3nc([*:1])ncc3Cl)ccc2n(C(C)C)c1=O,C1CN([*:2])CCC1CN1CCN([*:1])CC1,O=C1CCC(N2Cc3c(cccc3[*:2])C2=O)C(=O)N1,BCL-6,CRBN,825.37,3.69,174.34,12,3,11,0.452,0.188,-5.566,-4.496,US20220323457A1,2022,YALE UNIVERSITY
CNC(=O)COc1cc2cc(Nc3nc(N4CCC(CN5CCC(c6cccc7c6C(=O)N(C6CCC(=O)NC6=O)C7=O)CC5)CC4)ncc3Cl)ccc2n(C(C)C)c1=O,CNC(=O)COc1cc2cc(Nc3nc([*:1])ncc3Cl)ccc2n(C(C)C)c1=O,C1CN([*:1])CCC1CN1CCC([*:2])CC1,O=C1CCC(N2C(=O)c3cccc([*:2])c3C2=O)C(=O)N1,BCL-6,CRBN,838.37,4.39,188.17,12,3,11,0.442,0.181,-5.637,-4.814,US20220323457A1,2022,YALE UNIVERSITY
CNC(=O)COc1cc2cc(Nc3nc(N4CCC(CN5CCC(c6ccc7c(c6)C(=O)N(C6CCC(=O)NC6=O)C7=O)CC5)CC4)ncc3Cl)ccc2n(C)c1=O,CNC(=O)COc1cc2cc(Nc3nc([*:1])ncc3Cl)ccc2n(C)c1=O,C1CN([*:1])CCC1CN1CCC([*:2])CC1,O=C1CCC(N2C(=O)c3ccc([*:2])cc3C2=O)C(=O)N1,BCL-6,CRBN,810.31,3.35,188.17,12,3,10,0.415,0.199,-5.602,-4.153,US20220323457A1,2022,YALE UNIVERSITY
CNC(=O)COc1cc2cc(Nc3nc(N4CCN(CC5CCN(c6ccc7c(c6)C(=O)N(C6CCC(=O)NC6=O)C7=O)CC5)CC4)ncc3Cl)ccc2n(C(C)C)c1=O,CNC(=O)COc1cc2cc(Nc3nc([*:1])ncc3Cl)ccc2n(C(C)C)c1=O,C1CN([*:2])CCC1CN1CCN([*:1])CC1,O=C1CCC(N2C(=O)c3ccc([*:2])cc3C2=O)C(=O)N1,BCL-6,CRBN,839.35,3.33,191.41,13,3,11,0.429,0.187,-5.576,-4.346,US20220323457A1,2022,YALE UNIVERSITY
Cn1c(=O)n(CCC(C)(C)O)c2cc(Nc3nc(N4CCC(CN5CCN(c6ccc7c(c6)C(=O)N(C6CCC(=O)NC6=O)C7=O)CC5)CC4)ncc3Cl)ccc21,Cn1c(=O)n(CCC(C)(C)O)c2cc(Nc3nc([*:1])ncc3Cl)ccc21,C1CN([*:1])CCC1CN1CCN([*:2])CC1,O=C1CCC(N2C(=O)c3ccc([*:2])cc3C2=O)C(=O)N1,BCL-6,CRBN,799.33,3.13,178.24,12,3,10,0.475,0.2,-5.637,-3.881,US20220323457A1,2022,YALE UNIVERSITY
CNC(=O)COc1cc2cc(Nc3nc(N4CCN(CC5CCN(c6cccc7c6C(=O)N(C6CCC(=O)NC6=O)C7=O)CC5)CC4)ncc3Cl)ccc2n(C)c1=O,CNC(=O)COc1cc2cc(Nc3nc([*:1])ncc3Cl)ccc2n(C)c1=O,C1CN([*:2])CCC1CN1CCN([*:1])CC1,O=C1CCC(N2C(=O)c3cccc([*:2])c3C2=O)C(=O)N1,BCL-6,CRBN,811.3,2.29,191.41,13,3,10,0.4,0.198,-5.542,-4.144,US20220323457A1,2022,YALE UNIVERSITY
CNC(=O)COc1cc2cc(Nc3nc(N4CCC(CN5CCN(c6ccc7c(c6)C(=O)N(C6CCC(=O)NC6=O)C7=O)CC5)CC4)ncc3Cl)ccc2n(C)c1=O,CNC(=O)COc1cc2cc(Nc3nc([*:1])ncc3Cl)ccc2n(C)c1=O,C1CN([*:1])CCC1CN1CCN([*:2])CC1,O=C1CCC(N2C(=O)c3ccc([*:2])cc3C2=O)C(=O)N1,BCL-6,CRBN,811.3,2.29,191.41,13,3,10,0.4,0.198,-5.572,-3.924,US20220323457A1,2022,YALE UNIVERSITY
CNC(=O)COc1cc2cc(Nc3nc(N4CCN(CC5CCN(c6ccc7c(c6)C(=O)N(C6CCC(=O)NC6=O)C7=O)CC5)CC4)ncc3Cl)ccc2n(C)c1=O,CNC(=O)COc1cc2cc(Nc3nc([*:1])ncc3Cl)ccc2n(C)c1=O,C1CN([*:2])CCC1CN1CCN([*:1])CC1,O=C1CCC(N2C(=O)c3ccc([*:2])cc3C2=O)C(=O)N1,BCL-6,CRBN,811.3,2.29,191.41,13,3,10,0.4,0.198,-5.572,-4.01,US20220323457A1,2022,YALE UNIVERSITY
COc1cc(C(=O)NCCOCCOCCOCC(=O)NC(C(=O)N2CC(O)CC2C(=O)NCc2ccc(-c3scnc3C)cc2)C(C)(C)C)ccc1NC(=O)C1NC(CC(C)(C)C)C(C#N)(c2ccc(Cl)cc2F)C1c1cccc(Cl)c1F,COc1cc([*:1])ccc1NC(=O)C1NC(CC(C)(C)C)C(C#N)(c2ccc(Cl)cc2F)C1c1cccc(Cl)c1F,O=C(NCCOCCOCCOCC(=O)[*:2])[*:1],Cc1ncsc1-c1ccc(CNC(=O)C2CC(O)CN2C(=O)C(N[*:2])C(C)(C)C)cc1,MDM2,VHL,1218.26,8.26,242.57,14,6,24,0.459,0.032,-5.854,-5.698,JP2018526430A,2018,ARVINAS INC
CC(C)C(CS(=O)(=O)C(C)C)N1C(=O)C(C)(CC(=O)Nc2ccc(C(=O)NCCOCCOCCOCCNc3cccc4c3C(=O)N(C3CCC(=O)NC3=O)C4=O)cc2)CC(c2cccc(Cl)c2)C1c1ccc(Cl)cc1,CC(C)C(CS(=O)(=O)C(C)C)N1C(=O)C(C)(CC(=O)Nc2ccc([*:1])cc2)CC(c2cccc(Cl)c2)C1c1ccc(Cl)cc1,O=C(NCCOCCOCCOCCN[*:2])[*:1],O=C1CCC(N2C(=O)c3cccc([*:2])c3C2=O)C(=O)N1,MDM2,CRBN,1118.15,7.23,235.92,13,4,25,0.446,0.038,-5.411,-5.527,EP4121043A1,2023,KYMERA THERAPEUTICS INC
COc1cc(NC(=O)CC2(C)CC(c3cccc(Cl)c3)C(c3ccc(Cl)cc3)N(C(CS(=N)(=O)C(C)C)C(C)C)C2=O)ccc1C(=O)NCCOCCOCCOCCNc1cccc2c1CN(C1CCC(=O)NC1=O)C2=O,COc1cc(NC(=O)CC2(C)CC(c3cccc(Cl)c3)C(c3ccc(Cl)cc3)N(C(CS(=N)(=O)C(C)C)C(C)C)C2=O)ccc1[*:1],O=C(NCCOCCOCCOCCN[*:2])[*:1],O=C1CCC(N2Cc3c(cccc3[*:2])C2=O)C(=O)N1,MDM2,CRBN,1133.21,8.23,234.86,13,5,26,0.474,0.03,-5.41,-5.066,WO2022166970A1,2022,SHANGHAI LONGWOOD BIOPHARM CO
COc1cc(NC(=O)CC2(C)CC(c3cccc(Cl)c3)C(c3ccc(Cl)cc3)N(C(CS(=N)(=O)C(C)C)C(C)C)C2=O)ccc1C(=O)NCCOCCOCCNc1cccc2c1CN(C1CCC(=O)NC1=O)C2=O,COc1cc(NC(=O)CC2(C)CC(c3cccc(Cl)c3)C(c3ccc(Cl)cc3)N(C(CS(=N)(=O)C(C)C)C(C)C)C2=O)ccc1[*:1],O=C(NCCOCCOCCN[*:2])[*:1],O=C1CCC(N2Cc3c(cccc3[*:2])C2=O)C(=O)N1,MDM2,CRBN,1089.15,8.21,225.63,12,5,23,0.455,0.035,-5.573,-5.193,WO2022166970A1,2022,SHANGHAI LONGWOOD BIOPHARM CO
COc1cc(NC(=O)CC2(C)CC(c3cccc(Cl)c3)C(c3ccc(Cl)cc3)N(C(CS(=N)(=O)C(C)C)C(C)C)C2=O)ccc1C(=O)NCCCCNc1cccc2c1CN(C1CCC(=O)NC1=O)C2=O,COc1cc(NC(=O)CC2(C)CC(c3cccc(Cl)c3)C(c3ccc(Cl)cc3)N(C(CS(=N)(=O)C(C)C)C(C)C)C2=O)ccc1[*:1],O=C(NCCCCN[*:2])[*:1],O=C1CCC(N2Cc3c(cccc3[*:2])C2=O)C(=O)N1,MDM2,CRBN,1029.1,8.96,207.17,10,5,19,0.434,0.045,-5.423,-5.209,WO2022166970A1,2022,SHANGHAI LONGWOOD BIOPHARM CO
Cc1ncsc1-c1ccc(CNC(=O)C2CC(O)CN2C(=O)C(NC(=O)C2(F)CC2)C(C)(C)C)c(OCCOCCOCCOCCOCCOc2cc(NC(=O)C(C)C3CCC(c4ccnc5ccc(F)cc45)CC3)ccc2Cl)c1,CC(C(=O)Nc1ccc(Cl)c([*:1])c1)C1CCC(c2ccnc3ccc(F)cc23)CC1,C(COCCOCCO[*:2])OCCOCCO[*:1],Cc1ncsc1-c1ccc(CNC(=O)C2CC(O)CN2C(=O)C(NC(=O)C2(F)CC2)C(C)(C)C)c([*:2])c1,IDO,VHL,1161.81,9.14,209.0,14,4,28,0.533,0.035,-5.632,-5.402,US20220023431A1,2022,NORTHWESTERN UNIVERSITY
CC(C(=O)Nc1ccc(Cl)c(OCCOCCOCCOCCOCCOc2cccc3c2C(=O)N(C2CCC(=O)NC2=O)C3=O)c1)C1CCC(c2ccnc3ccc(F)cc23)CC1,CC(C(=O)Nc1ccc(Cl)c([*:1])c1)C1CCC(c2ccnc3ccc(F)cc23)CC1,C(COCCOCCO[*:2])OCCOCCO[*:1],O=C1CCC(N2C(=O)c3cccc([*:2])c3C2=O)C(=O)N1,IDO,CRBN,903.4,6.5,180.92,12,2,22,0.447,0.065,-5.025,-4.951,US20220023431A1,2022,NORTHWESTERN UNIVERSITY
Cc1ncsc1-c1ccc(CNC(=O)C2CC(O)CN2C(=O)C(NC(=O)C2(F)CC2)C(C)(C)C)c(OCCOCCOCCOCCOCCOc2ccc(NC(=O)C(C)C3CCC(c4ccnc5ccc(F)cc45)CC3)cc2)c1,CC(C(=O)Nc1ccc([*:1])cc1)C1CCC(c2ccnc3ccc(F)cc23)CC1,C(COCCOCCO[*:2])OCCOCCO[*:1],Cc1ncsc1-c1ccc(CNC(=O)C2CC(O)CN2C(=O)C(NC(=O)C2(F)CC2)C(C)(C)C)c([*:2])c1,IDO,VHL,1127.36,8.49,209.0,14,4,28,0.533,0.035,-5.652,-4.858,US20220023431A1,2022,NORTHWESTERN UNIVERSITY
CC(C(=O)Nc1ccc(OCCOCCOCCOCCOCCOc2cccc3c2C(=O)N(C2CCC(=O)NC2=O)C3=O)cc1)C1CCC(c2ccnc3ccc(F)cc23)CC1,CC(C(=O)Nc1ccc([*:1])cc1)C1CCC(c2ccnc3ccc(F)cc23)CC1,C(COCCOCCO[*:2])OCCOCCO[*:1],O=C1CCC(N2C(=O)c3cccc([*:2])c3C2=O)C(=O)N1,IDO,CRBN,868.96,5.85,180.92,12,2,22,0.447,0.071,-5.074,-3.998,US20220023431A1,2022,NORTHWESTERN UNIVERSITY
CC(C(=O)Nc1ccc(Cl)c(OCCOCCOCCOCCNc2cccc3c2C(=O)N(C2CCC(=O)NC2=O)C3=O)c1)C1CCC(c2ccnc3ccc(F)cc23)CC1,CC(C(=O)Nc1ccc(Cl)c([*:1])c1)C1CCC(c2ccnc3ccc(F)cc23)CC1,C(COCCOCCOCCO[*:1])N[*:2],O=C1CCC(N2C(=O)c3cccc([*:2])c3C2=O)C(=O)N1,IDO,CRBN,858.36,6.52,174.49,11,3,19,0.422,0.069,-5.134,-5.825,US20220023431A1,2022,NORTHWESTERN UNIVERSITY
CC(C(=O)Nc1ccc(OCCOCCOCCOCCNc2cccc3c2C(=O)N(C2CCC(=O)NC2=O)C3=O)cc1)C1CCC(c2ccnc3ccc(F)cc23)CC1,CC(C(=O)Nc1ccc([*:1])cc1)C1CCC(c2ccnc3ccc(F)cc23)CC1,C(COCCOCCOCCO[*:1])N[*:2],O=C1CCC(N2C(=O)c3cccc([*:2])c3C2=O)C(=O)N1,IDO,CRBN,823.92,5.86,174.49,11,3,19,0.422,0.076,-5.172,-5.022,US20220023431A1,2022,NORTHWESTERN UNIVERSITY
Cc1ncsc1-c1ccc(CNC(=O)C2CC(O)CN2C(=O)C(NC(=O)C2(F)CC2)C(C)(C)C)c(OCCOCCOCCOc2cc(NC(=O)C(C)C3CCC(c4ccnc5ccc(F)cc45)CC3)ccc2Cl)c1,CC(C(=O)Nc1ccc(Cl)c([*:1])c1)C1CCC(c2ccnc3ccc(F)cc23)CC1,C(COCCO[*:2])OCCO[*:1],Cc1ncsc1-c1ccc(CNC(=O)C2CC(O)CN2C(=O)C(NC(=O)C2(F)CC2)C(C)(C)C)c([*:2])c1,IDO,VHL,1073.7,9.11,190.54,12,4,22,0.5,0.048,-5.756,-5.849,US20220023431A1,2022,NORTHWESTERN UNIVERSITY
Cc1ncsc1-c1ccc(CNC(=O)C2CC(O)CN2C(=O)C(NC(=O)C2(F)CC2)C(C)(C)C)c(OCCOCCOc2cc(NC(=O)C(C)C3CCC(c4ccnc5ccc(F)cc45)CC3)ccc2Cl)c1,CC(C(=O)Nc1ccc(Cl)c([*:1])c1)C1CCC(c2ccnc3ccc(F)cc23)CC1,C(CO[*:1])OCCO[*:2],Cc1ncsc1-c1ccc(CNC(=O)C2CC(O)CN2C(=O)C(NC(=O)C2(F)CC2)C(C)(C)C)c([*:2])c1,IDO,VHL,1029.65,9.09,181.31,11,4,19,0.481,0.058,-5.676,-6.058,US20220023431A1,2022,NORTHWESTERN UNIVERSITY
Cc1ncsc1-c1ccc(CNC(=O)C2CC(O)CN2C(=O)C(NC(=O)C2(F)CC2)C(C)(C)C)c(OCCOCCOCCOc2ccc(NC(=O)C(C)C3CCC(c4ccnc5ccc(F)cc45)CC3)cc2)c1,CC(C(=O)Nc1ccc([*:1])cc1)C1CCC(c2ccnc3ccc(F)cc23)CC1,C(COCCO[*:2])OCCO[*:1],Cc1ncsc1-c1ccc(CNC(=O)C2CC(O)CN2C(=O)C(NC(=O)C2(F)CC2)C(C)(C)C)c([*:2])c1,IDO,VHL,1039.26,8.46,190.54,12,4,22,0.5,0.049,-5.788,-5.437,US20220023431A1,2022,NORTHWESTERN UNIVERSITY
Cc1ncsc1-c1ccc(CNC(=O)C2CC(O)CN2C(=O)C(NC(=O)C2(F)CC2)C(C)(C)C)c(OCCOCCOc2ccc(NC(=O)C(C)C3CCC(c4ccnc5ccc(F)cc45)CC3)cc2)c1,CC(C(=O)Nc1ccc([*:1])cc1)C1CCC(c2ccnc3ccc(F)cc23)CC1,C(CO[*:1])OCCO[*:2],Cc1ncsc1-c1ccc(CNC(=O)C2CC(O)CN2C(=O)C(NC(=O)C2(F)CC2)C(C)(C)C)c([*:2])c1,IDO,VHL,995.2,8.44,181.31,11,4,19,0.481,0.059,-5.715,-5.674,US20220023431A1,2022,NORTHWESTERN UNIVERSITY
CC(C(=O)Nc1ccc(Cl)c(OCCOCCOCCNc2cccc3c2C(=O)N(C2CCC(=O)NC2=O)C3=O)c1)C1CCC(c2ccnc3ccc(F)cc23)CC1,CC(C(=O)Nc1ccc(Cl)c([*:1])c1)C1CCC(c2ccnc3ccc(F)cc23)CC1,C(COCCOCCO[*:1])N[*:2],O=C1CCC(N2C(=O)c3cccc([*:2])c3C2=O)C(=O)N1,IDO,CRBN,814.31,6.5,165.26,10,3,16,0.395,0.084,-5.251,-6.115,US20220023431A1,2022,NORTHWESTERN UNIVERSITY
CC(C(=O)Nc1ccc(Cl)c(OCCOCCNc2cccc3c2C(=O)N(C2CCC(=O)NC2=O)C3=O)c1)C1CCC(c2ccnc3ccc(F)cc23)CC1,CC(C(=O)Nc1ccc(Cl)c([*:1])c1)C1CCC(c2ccnc3ccc(F)cc23)CC1,C(COCCO[*:1])N[*:2],O=C1CCC(N2C(=O)c3cccc([*:2])c3C2=O)C(=O)N1,IDO,CRBN,770.26,6.48,156.03,9,3,13,0.366,0.102,-5.254,-6.187,US20220023431A1,2022,NORTHWESTERN UNIVERSITY
CC(C(=O)Nc1ccc(Cl)c(OCCOCCOCCOc2cccc3c2C(=O)N(C2CCC(=O)NC2=O)C3=O)c1)C1CCC(c2ccnc3ccc(F)cc23)CC1,CC(C(=O)Nc1ccc(Cl)c([*:1])c1)C1CCC(c2ccnc3ccc(F)cc23)CC1,C(COCCO[*:2])OCCO[*:1],O=C1CCC(N2C(=O)c3cccc([*:2])c3C2=O)C(=O)N1,IDO,CRBN,815.29,6.47,162.46,10,2,16,0.395,0.095,-5.133,-5.882,US20220023431A1,2022,NORTHWESTERN UNIVERSITY
CC(C(=O)Nc1ccc(Cl)c(OCCOCCOc2cccc3c2C(=O)N(C2CCC(=O)NC2=O)C3=O)c1)C1CCC(c2ccnc3ccc(F)cc23)CC1,CC(C(=O)Nc1ccc(Cl)c([*:1])c1)C1CCC(c2ccnc3ccc(F)cc23)CC1,C(CO[*:1])OCCO[*:2],O=C1CCC(N2C(=O)c3cccc([*:2])c3C2=O)C(=O)N1,IDO,CRBN,771.24,6.45,153.23,9,2,13,0.366,0.115,-5.112,-6.098,US20220023431A1,2022,NORTHWESTERN UNIVERSITY
CC(C(=O)Nc1ccc(OCCOCCOCCOc2cccc3c2C(=O)N(C2CCC(=O)NC2=O)C3=O)cc1)C1CCC(c2ccnc3ccc(F)cc23)CC1,CC(C(=O)Nc1ccc([*:1])cc1)C1CCC(c2ccnc3ccc(F)cc23)CC1,C(COCCO[*:2])OCCO[*:1],O=C1CCC(N2C(=O)c3cccc([*:2])c3C2=O)C(=O)N1,IDO,CRBN,780.85,5.81,162.46,10,2,16,0.395,0.105,-5.202,-5.143,US20220023431A1,2022,NORTHWESTERN UNIVERSITY
CC(C(=O)Nc1ccc(OCCOCCOCCNc2cccc3c2C(=O)N(C2CCC(=O)NC2=O)C3=O)cc1)C1CCC(c2ccnc3ccc(F)cc23)CC1,CC(C(=O)Nc1ccc([*:1])cc1)C1CCC(c2ccnc3ccc(F)cc23)CC1,C(COCCOCCO[*:1])N[*:2],O=C1CCC(N2C(=O)c3cccc([*:2])c3C2=O)C(=O)N1,IDO,CRBN,779.87,5.85,165.26,10,3,16,0.395,0.093,-5.3,-5.543,US20220023431A1,2022,NORTHWESTERN UNIVERSITY
CC(C(=O)Nc1ccc(OCCOCCOc2cccc3c2C(=O)N(C2CCC(=O)NC2=O)C3=O)cc1)C1CCC(c2ccnc3ccc(F)cc23)CC1,CC(C(=O)Nc1ccc([*:1])cc1)C1CCC(c2ccnc3ccc(F)cc23)CC1,C(CO[*:1])OCCO[*:2],O=C1CCC(N2C(=O)c3cccc([*:2])c3C2=O)C(=O)N1,IDO,CRBN,736.8,5.8,153.23,9,2,13,0.366,0.128,-5.217,-5.686,US20220023431A1,2022,NORTHWESTERN UNIVERSITY
CC(C(=O)Nc1ccc(OCCOCCNc2cccc3c2C(=O)N(C2CCC(=O)NC2=O)C3=O)cc1)C1CCC(c2ccnc3ccc(F)cc23)CC1,CC(C(=O)Nc1ccc([*:1])cc1)C1CCC(c2ccnc3ccc(F)cc23)CC1,C(COCCO[*:1])N[*:2],O=C1CCC(N2C(=O)c3cccc([*:2])c3C2=O)C(=O)N1,IDO,CRBN,735.81,5.83,156.03,9,3,13,0.366,0.114,-5.281,-5.806,US20220023431A1,2022,NORTHWESTERN UNIVERSITY
Cc1ncsc1-c1ccc(CNC(=O)C2CC(O)CN2C(=O)C(NC(=O)COCCCCOc2ccc(-c3ccc(N4C(=S)N(c5ccc(C#N)c(C(F)(F)F)c5)C(=O)C4(C)C)cc3F)cc2)C(C)(C)C)cc1,CC1(C)C(=O)N(c2ccc(C#N)c(C(F)(F)F)c2)C(=S)N1c1ccc(-c2ccc([*:1])cc2)c(F)c1,O=C(COCCCCO[*:1])[*:2],Cc1ncsc1-c1ccc(CNC(=O)C2CC(O)CN2C(=O)C(N[*:2])C(C)(C)C)cc1,AR,VHL,1042.19,8.72,177.43,11,3,17,0.377,0.046,-6.065,-5.685,US20160214972A1,2016,YALE UNIVERSITY
Cc1ncsc1-c1ccc(C(C)NC(=O)C2CC(O)CN2C(=O)C(NC(=O)COCCOc2ccc(-c3ccc(C(=O)NC4C(C)(C)C(Oc5ccc(C#N)c(Cl)c5)C4(C)C)cc3)cn2)C(C)(C)C)cc1,CC1(C)C(NC(=O)c2ccc(-c3ccc([*:1])nc3)cc2)C(C)(C)C1Oc1ccc(C#N)c(Cl)c1,O=C(COCCO[*:1])[*:2],Cc1ncsc1-c1ccc(C(C)NC(=O)C2CC(O)CN2C(=O)C(N[*:2])C(C)(C)C)cc1,AR,VHL,1004.65,8.08,205.1,12,4,17,0.426,0.066,-5.673,-5.949,US20160214972A1,2016,YALE UNIVERSITY
Cc1ncsc1-c1ccc(C(C)NC(=O)C2CC(O)CN2C(=O)C(NC(=O)COCCOc2ccc(-c3ccc(C(=O)NC4C(C)(C)C(Oc5ccc(C#N)c(Cl)c5)C4(C)C)cc3)cc2)C(C)(C)C)cc1,CC1(C)C(NC(=O)c2ccc(-c3ccc([*:1])cc3)cc2)C(C)(C)C1Oc1ccc(C#N)c(Cl)c1,O=C(COCCO[*:1])[*:2],Cc1ncsc1-c1ccc(C(C)NC(=O)C2CC(O)CN2C(=O)C(N[*:2])C(C)(C)C)cc1,AR,VHL,1003.66,8.69,192.21,11,4,17,0.418,0.066,-5.714,-6.353,US20160214972A1,2016,YALE UNIVERSITY
Cc1ncsc1-c1ccc(C(C)NC(=O)C2CC(O)CN2C(=O)C(NC(=O)COCCCCCNc2ccc(C(=O)N(C)C3C(C)(C)C(Oc4ccc(C#N)c(Cl)c4)C3(C)C)cc2)C(C)(C)C)cc1,CN(C(=O)c1ccc([*:1])cc1)C1C(C)(C)C(Oc2ccc(C#N)c(Cl)c2)C1(C)C,O=C(COCCCCCN[*:1])[*:2],Cc1ncsc1-c1ccc(C(C)NC(=O)C2CC(O)CN2C(=O)C(N[*:2])C(C)(C)C)cc1,AR,VHL,982.69,8.57,186.22,11,4,19,0.509,0.066,-5.745,-5.509,US20160214972A1,2016,YALE UNIVERSITY
Cc1ncsc1-c1ccc(C(C)NC(=O)C2CC(O)CN2C(=O)C(NC(=O)COCCCCCNc2ccc(C(=O)NC3C(C)(C)C(Oc4ccc(C#N)c(Cl)c4)C3(C)C)nc2)C(C)(C)C)cc1,CC1(C)C(NC(=O)c2ccc([*:1])cn2)C(C)(C)C1Oc1ccc(C#N)c(Cl)c1,O=C(COCCCCCN[*:1])[*:2],Cc1ncsc1-c1ccc(C(C)NC(=O)C2CC(O)CN2C(=O)C(N[*:2])C(C)(C)C)cc1,AR,VHL,969.65,7.62,207.9,12,5,19,0.51,0.058,-5.758,-5.575,US20160214972A1,2016,YALE UNIVERSITY
Cc1ncsc1-c1ccc(C(C)NC(=O)C2CC(O)CN2C(=O)C(NC(=O)COCCCCCNc2ccc(C(=O)NC3C(C)(C)C(Oc4ccc(C#N)c(Cl)c4)C3(C)C)c(F)c2)C(C)(C)C)cc1,CC1(C)C(NC(=O)c2ccc([*:1])cc2F)C(C)(C)C1Oc1ccc(C#N)c(Cl)c1,O=C(COCCCCCN[*:1])[*:2],Cc1ncsc1-c1ccc(C(C)NC(=O)C2CC(O)CN2C(=O)C(N[*:2])C(C)(C)C)cc1,AR,VHL,986.65,8.36,195.01,11,5,19,0.5,0.057,-5.754,-5.715,US20160214972A1,2016,YALE UNIVERSITY
Cc1ncsc1-c1ccc(C(C)NC(=O)C2CC(O)CN2C(=O)C(NC(=O)COCCCCCNc2ccc(C(=O)NC3CC(Oc4ccc(C#N)c(Cl)c4)C3)cc2)C(C)(C)C)cc1,N#Cc1ccc(OC2CC(NC(=O)c3ccc([*:1])cc3)C2)cc1Cl,O=C(COCCCCCN[*:1])[*:2],Cc1ncsc1-c1ccc(C(C)NC(=O)C2CC(O)CN2C(=O)C(N[*:2])C(C)(C)C)cc1,AR,VHL,912.55,6.95,195.01,11,5,19,0.458,0.061,-5.865,-4.946,US20160214972A1,2016,YALE UNIVERSITY
Cc1ncsc1-c1ccc(C(C)NC(=O)C2CC(O)CN2C(=O)C(NC(=O)COCCCCCNc2ccc(C(=O)NC3C(C)(C)C(Oc4cnc(C#N)c(C(F)(F)F)c4)C3(C)C)cc2)C(C)(C)C)cc1,CC1(C)C(NC(=O)c2ccc([*:1])cc2)C(C)(C)C1Oc1cnc(C#N)c(C(F)(F)F)c1,O=C(COCCCCCN[*:1])[*:2],Cc1ncsc1-c1ccc(C(C)NC(=O)C2CC(O)CN2C(=O)C(N[*:2])C(C)(C)C)cc1,AR,VHL,1003.2,7.98,207.9,12,5,19,0.519,0.057,-5.793,-5.265,US20160214972A1,2016,YALE UNIVERSITY
Cc1ncsc1-c1ccc(CNC(=O)C2CC(O)CN2C(=O)C(NC(=O)COCCCCCNc2ccc(C(=O)NC3C(C)(C)C(Oc4ccc(C#N)c(Cl)c4)C3(C)C)cn2)C(C)(C)C)cc1,CC1(C)C(NC(=O)c2ccc([*:1])nc2)C(C)(C)C1Oc1ccc(C#N)c(Cl)c1,O=C(COCCCCCN[*:1])[*:2],Cc1ncsc1-c1ccc(CNC(=O)C2CC(O)CN2C(=O)C(N[*:2])C(C)(C)C)cc1,AR,VHL,955.62,7.06,207.9,12,5,19,0.5,0.06,-5.655,-5.486,US20160214972A1,2016,YALE UNIVERSITY
Cc1ncsc1-c1ccc(C(C)NC(=O)C2CC(O)CN2C(=O)C(NC(=O)COCCCCCOc2ccc(C(=O)NC(C)Cn3ccc(-c4ccc(C#N)c(Cl)c4)n3)cc2)C(C)(C)C)cc1,CC(Cn1ccc(-c2ccc(C#N)c(Cl)c2)n1)NC(=O)c1ccc([*:1])cc1,O=C(COCCCCCO[*:1])[*:2],Cc1ncsc1-c1ccc(C(C)NC(=O)C2CC(O)CN2C(=O)C(N[*:2])C(C)(C)C)cc1,AR,VHL,951.59,7.26,200.8,11,4,20,0.42,0.058,-5.985,-4.981,US20160214972A1,2016,YALE UNIVERSITY
Cc1ncsc1-c1ccc(C(C)NC(=O)C2CC(O)CN2C(=O)C(NC(=O)COCCCCCNc2ccc(C(=O)NC(C)Cn3ccc(-c4ccc(C#N)c(Cl)c4)n3)cc2)C(C)(C)C)cc1,CC(Cn1ccc(-c2ccc(C#N)c(Cl)c2)n1)NC(=O)c1ccc([*:1])cc1,O=C(COCCCCCN[*:1])[*:2],Cc1ncsc1-c1ccc(C(C)NC(=O)C2CC(O)CN2C(=O)C(N[*:2])C(C)(C)C)cc1,AR,VHL,950.61,7.29,203.6,11,5,20,0.42,0.049,-5.943,-4.813,US20160214972A1,2016,YALE UNIVERSITY
Cc1ncsc1-c1ccc(C(C)NC(=O)C2CC(O)CN2C(=O)C(NC(=O)COCCOCCOc2ccc(C(=O)NC(C)Cn3ccc(-c4ccc(C#N)c(Cl)c4)n3)cc2)C(C)(C)C)cc1,CC(Cn1ccc(-c2ccc(C#N)c(Cl)c2)n1)NC(=O)c1ccc([*:1])cc1,O=C(COCCOCCO[*:1])[*:2],Cc1ncsc1-c1ccc(C(C)NC(=O)C2CC(O)CN2C(=O)C(N[*:2])C(C)(C)C)cc1,AR,VHL,953.56,6.11,210.03,12,4,20,0.408,0.065,-5.964,-4.473,US20160214972A1,2016,YALE UNIVERSITY
CCC1C(=O)N(C)c2cnc(Nc3ccc(C(=O)NCCOCCOCCOCCNc4cccc5c4C(=O)N(C4CCC(=O)NC4=O)C5=O)cc3OC)nc2N1Cc1ccc(Br)cc1,CCC1C(=O)N(C)c2cnc(Nc3ccc([*:1])cc3OC)nc2N1Cc1ccc(Br)cc1,O=C(NCCOCCOCCOCCN[*:2])[*:1],O=C1CCC(N2C(=O)c3cccc([*:2])c3C2=O)C(=O)N1,"PLK1, BRD4",CRBN,956.85,4.05,222.96,15,4,21,0.378,0.068,-5.294,-5.175,CN106543185A,2017,UNIV JILIN
CCC1C(=O)N(C)c2cnc(Nc3ccc(C(=O)NCCOCCOCCNc4cccc5c4C(=O)N(C4CCC(=O)NC4=O)C5=O)cc3OC)nc2N1Cc1ccc(Br)cc1,CCC1C(=O)N(C)c2cnc(Nc3ccc([*:1])cc3OC)nc2N1Cc1ccc(Br)cc1,O=C(NCCOCCOCCN[*:2])[*:1],O=C1CCC(N2C(=O)c3cccc([*:2])c3C2=O)C(=O)N1,"PLK1, BRD4",CRBN,912.8,4.03,213.73,14,4,18,0.349,0.082,-5.384,-5.575,CN106543185A,2017,UNIV JILIN
Cc1ncsc1-c1ccc(C(C)NC(=O)C2CC(O)CN2C(=O)C(NC(=O)COCCCCCNc2ccc(C(=O)NC3C(C)(C)C(Oc4ccc(C#N)c(C(F)(F)F)c4)C3(C)C)cc2)C(C)(C)C)cc1,CC1(C)C(NC(=O)c2ccc([*:1])cc2)C(C)(C)C1Oc1ccc(C#N)c(C(F)(F)F)c1,O=C(COCCCCCN[*:1])[*:2],Cc1ncsc1-c1ccc(C(C)NC(=O)C2CC(O)CN2C(=O)C(N[*:2])C(C)(C)C)cc1,AR,VHL,1002.21,8.59,195.01,11,5,19,0.509,0.057,-5.819,-5.355,US20160214972A1,2016,YALE UNIVERSITY
Cc1ncsc1-c1ccc(C(C)NC(=O)C2CC(O)CN2C(=O)C(NC(=O)COCCCCCNc2ccc(C(=O)NC3C(C)(C)C(Oc4ccc(C#N)c(Cl)c4)C3(C)C)nn2)C(C)(C)C)cc1,CC1(C)C(NC(=O)c2ccc([*:1])nn2)C(C)(C)C1Oc1ccc(C#N)c(Cl)c1,O=C(COCCCCCN[*:1])[*:2],Cc1ncsc1-c1ccc(C(C)NC(=O)C2CC(O)CN2C(=O)C(N[*:2])C(C)(C)C)cc1,AR,VHL,970.64,7.01,220.79,13,5,19,0.52,0.06,-5.8,-5.537,US20160214972A1,2016,YALE UNIVERSITY
Cc1ncsc1-c1ccc(C(C)NC(=O)C2CC(O)CN2C(=O)C(NC(=O)COCCCCOc2ccc(-c3ccc(C(=O)NC4C(C)(C)C(Oc5ccc(C#N)c(Cl)c5)C4(C)C)cc3)cc2)C(C)(C)C)cc1,CC1(C)C(NC(=O)c2ccc(-c3ccc([*:1])cc3)cc2)C(C)(C)C1Oc1ccc(C#N)c(Cl)c1,O=C(COCCCCO[*:1])[*:2],Cc1ncsc1-c1ccc(C(C)NC(=O)C2CC(O)CN2C(=O)C(N[*:2])C(C)(C)C)cc1,AR,VHL,1031.72,9.47,192.21,11,4,19,0.439,0.058,-5.717,-6.754,US20160214972A1,2016,YALE UNIVERSITY
Cc1ncsc1-c1ccc(C(C)NC(=O)C2CC(O)CN2C(=O)C(NC(=O)COCCCOCCCCCOc2ccc(C(=O)NC3C(C)(C)C(Oc4ccc(C#N)c(Cl)c4)C3(C)C)cc2)C(C)(C)C)cc1,CC1(C)C(NC(=O)c2ccc([*:1])cc2)C(C)(C)C1Oc1ccc(C#N)c(Cl)c1,O=C(COCCCOCCCCCO[*:1])[*:2],Cc1ncsc1-c1ccc(C(C)NC(=O)C2CC(O)CN2C(=O)C(N[*:2])C(C)(C)C)cc1,AR,VHL,1027.73,8.6,201.44,12,4,23,0.527,0.052,-6.038,-5.976,US20160214972A1,2016,YALE UNIVERSITY
Cc1ncsc1-c1ccc(C(C)NC(=O)C2CC(O)CN2C(=O)C(NC(=O)COCCCCCNc2ccc(C(=O)NC3C(C)(C)C(Oc4ccc(C#N)c(Cl)c4)C3(C)C)cc2F)C(C)(C)C)cc1,CC1(C)C(NC(=O)c2ccc([*:1])c(F)c2)C(C)(C)C1Oc1ccc(C#N)c(Cl)c1,O=C(COCCCCCN[*:1])[*:2],Cc1ncsc1-c1ccc(C(C)NC(=O)C2CC(O)CN2C(=O)C(N[*:2])C(C)(C)C)cc1,AR,VHL,986.65,8.36,195.01,11,5,19,0.5,0.057,-5.771,-5.717,US20160214972A1,2016,YALE UNIVERSITY
Cc1ncsc1-c1ccc(C(C)NC(=O)C2CC(O)CN2C(=O)C(NC(=O)COCCCCCNC23CC(C(=O)NC4C(C)(C)C(Oc5ccc(C#N)c(Cl)c5)C4(C)C)(C2)C3)C(C)(C)C)cc1,CC1(C)C(NC(=O)C23CC([*:1])(C2)C3)C(C)(C)C1Oc1ccc(C#N)c(Cl)c1,O=C(COCCCCCN[*:1])[*:2],Cc1ncsc1-c1ccc(C(C)NC(=O)C2CC(O)CN2C(=O)C(N[*:2])C(C)(C)C)cc1,AR,VHL,958.67,7.01,195.01,11,5,19,0.608,0.078,-5.772,-4.84,US20160214972A1,2016,YALE UNIVERSITY
CC1CN(c2ccc(C#N)c3ncccc23)C(C)CN1C(=O)Nc1ccc(N2CCC(CN3CCN(c4cc5c(cc4F)C(=O)N(C4CCC(=O)NC4=O)C5)CC3)CC2)c(F)c1,CC1CN(c2ccc(C#N)c3ncccc23)C(C)CN1C(=O)Nc1ccc([*:1])c(F)c1,C1CN([*:1])CCC1CN1CCN([*:2])CC1,O=C1CCC(N2Cc3cc([*:2])c(F)cc3C2=O)C(=O)N1,AR,CRBN,844.97,5.32,148.46,10,2,7,0.435,0.235,-5.589,-4.705,US11220490B2,2022,ACCUTAR BIOTECHNOLOGY INC
CC1CN(c2ccc(C#N)c3ncccc23)C(C)CN1C(=O)Nc1cnc(N2CCC(CN3CCN(c4cc5c(cc4F)C(=O)N(C4CCC(=O)NC4=O)C5)CC3)CC2)nc1,CC1CN(c2ccc(C#N)c3ncccc23)C(C)CN1C(=O)Nc1cnc([*:1])nc1,C1CN([*:1])CCC1CN1CCN([*:2])CC1,O=C1CCC(N2Cc3cc([*:2])c(F)cc3C2=O)C(=O)N1,AR,CRBN,828.95,3.97,174.24,12,2,7,0.455,0.257,-5.612,-4.352,US11220490B2,2022,ACCUTAR BIOTECHNOLOGY INC
CC1CN(c2ccc(C#N)c3ncccc23)C(C)CN1C(=O)Nc1ccc(N2CCC(CN3CCN(c4cc5c(cc4F)C(=O)N(C4CCC(=O)NC4=O)C5)CC3)CC2)nc1,CC1CN(c2ccc(C#N)c3ncccc23)C(C)CN1C(=O)Nc1ccc([*:1])nc1,C1CN([*:1])CCC1CN1CCN([*:2])CC1,O=C1CCC(N2Cc3cc([*:2])c(F)cc3C2=O)C(=O)N1,AR,CRBN,827.97,4.57,161.35,11,2,7,0.444,0.251,-5.62,-4.228,US11220490B2,2022,ACCUTAR BIOTECHNOLOGY INC
CC1CN(c2ccc(C#N)c3ncccc23)C(C)CN1C(=O)Nc1ccc(N2CCC(CN3CCN(c4cc5c(cc4F)C(=O)N(C4CCC(=O)NC4=O)C5=O)CC3)CC2)c(F)c1,CC1CN(c2ccc(C#N)c3ncccc23)C(C)CN1C(=O)Nc1ccc([*:1])c(F)c1,C1CN([*:1])CCC1CN1CCN([*:2])CC1,O=C1CCC(N2C(=O)c3cc(F)c([*:2])cc3C2=O)C(=O)N1,AR,CRBN,858.95,4.96,165.53,11,2,7,0.413,0.242,-5.606,-4.82,US11220490B2,2022,ACCUTAR BIOTECHNOLOGY INC
CC1CN(c2ccc(C#N)c3ncccc23)C(C)CN1C(=O)Nc1cnc(N2CCC(CN3CCN(c4cc5c(cc4F)C(=O)N(C4CCC(=O)NC4=O)C5=O)CC3)CC2)nc1,CC1CN(c2ccc(C#N)c3ncccc23)C(C)CN1C(=O)Nc1cnc([*:1])nc1,C1CN([*:1])CCC1CN1CCN([*:2])CC1,O=C1CCC(N2C(=O)c3cc(F)c([*:2])cc3C2=O)C(=O)N1,AR,CRBN,842.94,3.61,191.31,13,2,7,0.432,0.257,-5.58,-4.271,US11220490B2,2022,ACCUTAR BIOTECHNOLOGY INC
CC1CN(c2ccc(C#N)c3ncccc23)C(C)CN1C(=O)Nc1ccc(N2CCC(CN3CCN(c4cc5c(cc4F)C(=O)N(C4CCC(=O)NC4=O)C5=O)CC3)CC2)nc1,CC1CN(c2ccc(C#N)c3ncccc23)C(C)CN1C(=O)Nc1ccc([*:1])nc1,C1CN([*:1])CCC1CN1CCN([*:2])CC1,O=C1CCC(N2C(=O)c3cc(F)c([*:2])cc3C2=O)C(=O)N1,AR,CRBN,841.95,4.21,178.42,12,2,7,0.422,0.254,-5.664,-4.265,US11220490B2,2022,ACCUTAR BIOTECHNOLOGY INC
CC1CN(c2ccc(C#N)c3ncccc23)C(C)CN1C(=O)Nc1ccc(N2CCC(CN3CCN(c4ccc5c(c4)CN(C4CCC(=O)NC4=O)C5=O)CC3)CC2)c(F)c1,CC1CN(c2ccc(C#N)c3ncccc23)C(C)CN1C(=O)Nc1ccc([*:1])c(F)c1,C1CN([*:1])CCC1CN1CCN([*:2])CC1,O=C1CCC(N2Cc3cc([*:2])ccc3C2=O)C(=O)N1,AR,CRBN,826.98,5.18,148.46,10,2,7,0.435,0.239,-5.615,-4.677,US11220490B2,2022,ACCUTAR BIOTECHNOLOGY INC
CC1CN(c2ccc(C#N)c3ncccc23)C(C)CN1C(=O)Nc1cnc(N2CCC(CCN3CCN(c4ccc5c(c4)C(=O)N(C4CCC(=O)NC4=O)C5=O)CC3)CC2)nc1,CC1CN(c2ccc(C#N)c3ncccc23)C(C)CN1C(=O)Nc1cnc([*:1])nc1,C(CN1CCN([*:2])CC1)C1CCN([*:1])CC1,O=C1CCC(N2C(=O)c3ccc([*:2])cc3C2=O)C(=O)N1,AR,CRBN,838.97,3.86,191.31,13,2,8,0.444,0.244,-5.596,-4.293,US11220490B2,2022,ACCUTAR BIOTECHNOLOGY INC
CC1CN(c2ccc(C#N)c3ncccc23)C(C)CN1C(=O)Nc1ccc(N2CCC(CCN3CCN(c4ccc5c(c4)C(=O)N(C4CCC(=O)NC4=O)C5=O)CC3)CC2)nc1,CC1CN(c2ccc(C#N)c3ncccc23)C(C)CN1C(=O)Nc1ccc([*:1])nc1,C(CN1CCN([*:2])CC1)C1CCN([*:1])CC1,O=C1CCC(N2C(=O)c3ccc([*:2])cc3C2=O)C(=O)N1,AR,CRBN,837.99,4.46,178.42,12,2,8,0.435,0.239,-5.587,-4.294,US11220490B2,2022,ACCUTAR BIOTECHNOLOGY INC
CC1CN(c2ccc(C#N)c3ncccc23)C(C)CN1C(=O)Nc1cnc(N2CCC(CN(C(C)C)C3CC(Oc4ccc5c(c4)C(=O)N(C4CCC(=O)NC4=O)C5=O)C3)CC2)nc1,CC1CN(c2ccc(C#N)c3ncccc23)C(C)CN1C(=O)Nc1cnc([*:1])nc1,CC(C)N(CC1CCN([*:1])CC1)C1CC(O[*:2])C1,O=C1CCC(N2C(=O)c3ccc([*:2])cc3C2=O)C(=O)N1,AR,CRBN,868.01,4.97,197.3,13,2,10,0.468,0.203,-5.589,-5.404,US11220490B2,2022,ACCUTAR BIOTECHNOLOGY INC
CC1CN(c2ccc(C#N)c3ncccc23)C(C)CN1C(=O)Nc1ccc(N2CCC(CN(C(C)C)C3CC(Oc4ccc5c(c4)C(=O)N(C4CCC(=O)NC4=O)C5=O)C3)CC2)nc1,CC1CN(c2ccc(C#N)c3ncccc23)C(C)CN1C(=O)Nc1ccc([*:1])nc1,CC(C)N(CC1CCN([*:1])CC1)C1CC(O[*:2])C1,O=C1CCC(N2C(=O)c3ccc([*:2])cc3C2=O)C(=O)N1,AR,CRBN,867.02,5.57,184.41,12,2,10,0.458,0.189,-5.641,-5.022,US11220490B2,2022,ACCUTAR BIOTECHNOLOGY INC
CC1CN(c2ccc(C#N)c3ncccc23)C(C)CN1C(=O)Nc1ccc(N2CCC(CN3CCN(c4ccc5c(c4)C(=O)N(C4CCC(=O)NC4=O)C5=O)CC3)CC2)c(F)c1,CC1CN(c2ccc(C#N)c3ncccc23)C(C)CN1C(=O)Nc1ccc([*:1])c(F)c1,C1CN([*:1])CCC1CN1CCN([*:2])CC1,O=C1CCC(N2C(=O)c3ccc([*:2])cc3C2=O)C(=O)N1,AR,CRBN,840.96,4.82,165.53,11,2,7,0.413,0.245,-5.637,-4.69,US11220490B2,2022,ACCUTAR BIOTECHNOLOGY INC
CC1CN(c2ccc(C#N)c3ncccc23)C(C)CN1C(=O)Nc1ccc(N2CCC(CN3CCN(c4ccc5c(c4)CN(C4CCC(=O)NC4=O)C5=O)CC3)CC2)nc1,CC1CN(c2ccc(C#N)c3ncccc23)C(C)CN1C(=O)Nc1ccc([*:1])nc1,C1CN([*:1])CCC1CN1CCN([*:2])CC1,O=C1CCC(N2Cc3cc([*:2])ccc3C2=O)C(=O)N1,AR,CRBN,809.98,4.43,161.35,11,2,7,0.444,0.254,-5.667,-3.973,US11220490B2,2022,ACCUTAR BIOTECHNOLOGY INC
CC1CN(c2ccc(C#N)c3ncccc23)C(C)CN1C(=O)Nc1cnc(N2CCC(CN3CCN(c4ccc5c(c4)CN(C4CCC(=O)NC4=O)C5=O)CC3)CC2)nc1,CC1CN(c2ccc(C#N)c3ncccc23)C(C)CN1C(=O)Nc1cnc([*:1])nc1,C1CN([*:1])CCC1CN1CCN([*:2])CC1,O=C1CCC(N2Cc3cc([*:2])ccc3C2=O)C(=O)N1,AR,CRBN,810.96,3.83,174.24,12,2,7,0.455,0.259,-5.661,-4.198,US11220490B2,2022,ACCUTAR BIOTECHNOLOGY INC
CC1CN(c2ccc(C#N)c3ncccc23)C(C)CN1C(=O)Nc1ccc(N2CCC(CN3CCN(c4ccc5c(c4)C(=O)N(C4CCC(=O)NC4=O)C5=O)CC3)CC2)nc1,CC1CN(c2ccc(C#N)c3ncccc23)C(C)CN1C(=O)Nc1ccc([*:1])nc1,C1CN([*:1])CCC1CN1CCN([*:2])CC1,O=C1CCC(N2C(=O)c3ccc([*:2])cc3C2=O)C(=O)N1,AR,CRBN,823.96,4.07,178.42,12,2,7,0.422,0.256,-5.689,-4.036,US11220490B2,2022,ACCUTAR BIOTECHNOLOGY INC
CC1CN(c2ccc(C#N)c3ncccc23)C(C)CN1C(=O)Nc1cnc(N2CCC(CN3CCN(c4ccc5c(c4)C(=O)N(C4CCC(=O)NC4=O)C5=O)CC3)CC2)nc1,CC1CN(c2ccc(C#N)c3ncccc23)C(C)CN1C(=O)Nc1cnc([*:1])nc1,C1CN([*:1])CCC1CN1CCN([*:2])CC1,O=C1CCC(N2C(=O)c3ccc([*:2])cc3C2=O)C(=O)N1,AR,CRBN,824.95,3.47,191.31,13,2,7,0.432,0.258,-5.646,-4.296,US11220490B2,2022,ACCUTAR BIOTECHNOLOGY INC
CC1CN(c2ccc(C#N)c3ncccc23)C(C)CN1C(=O)Nc1ccc(OCCCCCN2CCN(c3ccc4c(c3)C(=O)N(C3CCC(=O)NC3=O)C4=O)CC2)nc1,CC1CN(c2ccc(C#N)c3ncccc23)C(C)CN1C(=O)Nc1ccc([*:1])nc1,C(CCO[*:1])CCN1CCN([*:2])CC1,O=C1CCC(N2C(=O)c3ccc([*:2])cc3C2=O)C(=O)N1,AR,CRBN,812.93,4.41,184.41,12,2,11,0.409,0.161,-5.478,-4.424,US11220490B2,2022,ACCUTAR BIOTECHNOLOGY INC
CC1CN(c2ccc(C#N)c3ncccc23)C(C)CN1C(=O)Nc1ccc(OCCN2CCN(c3ccc4c(c3)C(=O)N(C3CCC(=O)NC3=O)C4=O)CC2)nc1,CC1CN(c2ccc(C#N)c3ncccc23)C(C)CN1C(=O)Nc1ccc([*:1])nc1,C(CN1CCN([*:2])CC1)O[*:1],O=C1CCC(N2C(=O)c3ccc([*:2])cc3C2=O)C(=O)N1,AR,CRBN,770.85,3.23,184.41,12,2,8,0.366,0.25,-5.494,-3.554,US11220490B2,2022,ACCUTAR BIOTECHNOLOGY INC
CC1CN(c2ccc(C#N)c(Cl)c2)C(C)CN1C(=O)Nc1ccc(N2CCC(CN3CCN(c4cc5c(cc4F)C(=O)N(C4CCC(=O)NC4=O)C5)CC3)CC2)c(F)c1,CC1CN(c2ccc(C#N)c(Cl)c2)C(C)CN1C(=O)Nc1ccc([*:1])c(F)c1,C1CN([*:1])CCC1CN1CCN([*:2])CC1,O=C1CCC(N2Cc3cc([*:2])c(F)cc3C2=O)C(=O)N1,AR,CRBN,828.36,5.42,135.57,9,2,7,0.465,0.3,-5.622,-5.2,US11220490B2,2022,ACCUTAR BIOTECHNOLOGY INC
COc1cc(N2CC(C)N(C(=O)Nc3ccc(N4CCC(CN5CCN(c6cc7c(cc6F)C(=O)N(C6CCC(=O)NC6=O)C7)CC5)CC4)c(F)c3)CC2C)ccc1C#N,COc1cc(N2CC(C)N(C(=O)Nc3ccc([*:1])c(F)c3)CC2C)ccc1C#N,C1CN([*:1])CCC1CN1CCN([*:2])CC1,O=C1CCC(N2Cc3cc([*:2])c(F)cc3C2=O)C(=O)N1,AR,CRBN,823.95,4.78,144.8,10,2,8,0.477,0.305,-5.539,-4.609,US11220490B2,2022,ACCUTAR BIOTECHNOLOGY INC
CC1CN(c2ccc(C#N)c(Cl)c2)C(C)CN1C(=O)Nc1ccc(N2CCC(CN3CCN(c4cc5c(cc4F)C(=O)N(C4CCC(=O)NC4=O)C5=O)CC3)CC2)nc1,CC1CN(c2ccc(C#N)c(Cl)c2)C(C)CN1C(=O)Nc1ccc([*:1])nc1,C1CN([*:1])CCC1CN1CCN([*:2])CC1,O=C1CCC(N2C(=O)c3cc(F)c([*:2])cc3C2=O)C(=O)N1,AR,CRBN,825.35,4.32,165.53,11,2,7,0.452,0.326,-5.678,-5.057,US11220490B2,2022,ACCUTAR BIOTECHNOLOGY INC
COc1cc(N2CC(C)N(C(=O)Nc3ccc(N4CCC(CN5CCN(c6ccc7c(c6)CN(C6CCC(=O)NC6=O)C7=O)CC5)CC4)c(F)c3)CC2C)ccc1C#N,COc1cc(N2CC(C)N(C(=O)Nc3ccc([*:1])c(F)c3)CC2C)ccc1C#N,C1CN([*:1])CCC1CN1CCN([*:2])CC1,O=C1CCC(N2Cc3cc([*:2])ccc3C2=O)C(=O)N1,AR,CRBN,805.96,4.64,144.8,10,2,8,0.477,0.309,-5.573,-4.433,US11220490B2,2022,ACCUTAR BIOTECHNOLOGY INC
COc1cc(N2CC(C)N(C(=O)Nc3cnc(N4CCC(CN5CCN(c6ccc7c(c6)CN(C6CCC(=O)NC6=O)C7=O)CC5)CC4)nc3)CC2C)ccc1C#N,COc1cc(N2CC(C)N(C(=O)Nc3cnc([*:1])nc3)CC2C)ccc1C#N,C1CN([*:1])CCC1CN1CCN([*:2])CC1,O=C1CCC(N2Cc3cc([*:2])ccc3C2=O)C(=O)N1,AR,CRBN,789.94,3.29,170.58,12,2,8,0.5,0.32,-5.629,-4.193,US11220490B2,2022,ACCUTAR BIOTECHNOLOGY INC
CC1CN(c2ccc(C#N)c(Cl)c2)C(C)CN1C(=O)Nc1cnc(N2CCC(CN3CCN(c4ccc5c(c4)CN(C4CCC(=O)NC4=O)C5=O)CC3)CC2)nc1,CC1CN(c2ccc(C#N)c(Cl)c2)C(C)CN1C(=O)Nc1cnc([*:1])nc1,C1CN([*:1])CCC1CN1CCN([*:2])CC1,O=C1CCC(N2Cc3cc([*:2])ccc3C2=O)C(=O)N1,AR,CRBN,794.36,3.93,161.35,11,2,7,0.488,0.334,-5.612,-5.019,US11220490B2,2022,ACCUTAR BIOTECHNOLOGY INC
COc1cc(N2CC(C)N(C(=O)Nc3ccc(N4CCC(CN5CCN(c6ccc7c(c6)C(=O)N(C6CCC(=O)NC6=O)C7=O)CC5)CC4)c(F)c3)CC2C)ccc1C#N,COc1cc(N2CC(C)N(C(=O)Nc3ccc([*:1])c(F)c3)CC2C)ccc1C#N,C1CN([*:1])CCC1CN1CCN([*:2])CC1,O=C1CCC(N2C(=O)c3ccc([*:2])cc3C2=O)C(=O)N1,AR,CRBN,819.94,4.28,161.87,11,2,8,0.455,0.313,-5.578,-4.462,US11220490B2,2022,ACCUTAR BIOTECHNOLOGY INC
CC1CN(c2ccc(C#N)c(Cl)c2)C(C)CN1C(=O)Nc1ccc(N2CCC(CN3CCN(c4ccc5c(c4)C(=O)N(C4CCC(=O)NC4=O)C5=O)CC3)CC2)c(F)c1,CC1CN(c2ccc(C#N)c(Cl)c2)C(C)CN1C(=O)Nc1ccc([*:1])c(F)c1,C1CN([*:1])CCC1CN1CCN([*:2])CC1,O=C1CCC(N2C(=O)c3ccc([*:2])cc3C2=O)C(=O)N1,AR,CRBN,824.36,4.92,152.64,10,2,7,0.442,0.314,-5.668,-5.263,US11220490B2,2022,ACCUTAR BIOTECHNOLOGY INC
CC1CN(c2ccc(C#N)c(Cl)c2)C(C)CN1C(=O)Nc1ccc(N2CCC(CN3CCN(c4ccc5c(c4)CN(C4CCC(=O)NC4=O)C5=O)CC3)CC2)c(F)c1,CC1CN(c2ccc(C#N)c(Cl)c2)C(C)CN1C(=O)Nc1ccc([*:1])c(F)c1,C1CN([*:1])CCC1CN1CCN([*:2])CC1,O=C1CCC(N2Cc3cc([*:2])ccc3C2=O)C(=O)N1,AR,CRBN,810.37,5.28,135.57,9,2,7,0.465,0.306,-5.635,-5.086,US11220490B2,2022,ACCUTAR BIOTECHNOLOGY INC
CC1CN(c2ccc(C#N)c(Cl)c2)C(C)CN1C(=O)Nc1ccc(N2CCC(CN3CCN(c4ccc5c(c4)CN(C4CCC(=O)NC4=O)C5=O)CC3)CC2)nc1,CC1CN(c2ccc(C#N)c(Cl)c2)C(C)CN1C(=O)Nc1ccc([*:1])nc1,C1CN([*:1])CCC1CN1CCN([*:2])CC1,O=C1CCC(N2Cc3cc([*:2])ccc3C2=O)C(=O)N1,AR,CRBN,793.37,4.54,148.46,10,2,7,0.476,0.327,-5.655,-4.822,US11220490B2,2022,ACCUTAR BIOTECHNOLOGY INC
CC1CN(c2ccc(C#N)c(Cl)c2)C(C)CN1C(=O)Nc1cnc(N2CCC(CN3CCN(c4cc5c(cc4F)C(=O)N(C4CCC(=O)NC4=O)C5)CC3)CC2)nc1,CC1CN(c2ccc(C#N)c(Cl)c2)C(C)CN1C(=O)Nc1cnc([*:1])nc1,C1CN([*:1])CCC1CN1CCN([*:2])CC1,O=C1CCC(N2Cc3cc([*:2])c(F)cc3C2=O)C(=O)N1,AR,CRBN,812.35,4.07,161.35,11,2,7,0.488,0.331,-5.606,-5.151,US11220490B2,2022,ACCUTAR BIOTECHNOLOGY INC
CC1CN(c2ccc(C#N)c(Cl)c2)C(C)CN1C(=O)Nc1cnc(N2CCC(CN3CCN(c4cc5c(cc4F)C(=O)N(C4CCC(=O)NC4=O)C5=O)CC3)CC2)nc1,CC1CN(c2ccc(C#N)c(Cl)c2)C(C)CN1C(=O)Nc1cnc([*:1])nc1,C1CN([*:1])CCC1CN1CCN([*:2])CC1,O=C1CCC(N2C(=O)c3cc(F)c([*:2])cc3C2=O)C(=O)N1,AR,CRBN,826.33,3.71,178.42,12,2,7,0.463,0.331,-5.598,-5.208,US11220490B2,2022,ACCUTAR BIOTECHNOLOGY INC
COc1cc(N2CC(C)N(C(=O)Nc3ccc(N4CCC(CN5CCN(c6cc7c(cc6F)C(=O)N(C6CCC(=O)NC6=O)C7)CC5)CC4)nc3)CC2C)ccc1C#N,COc1cc(N2CC(C)N(C(=O)Nc3ccc([*:1])nc3)CC2C)ccc1C#N,C1CN([*:1])CCC1CN1CCN([*:2])CC1,O=C1CCC(N2Cc3cc([*:2])c(F)cc3C2=O)C(=O)N1,AR,CRBN,806.94,4.03,157.69,11,2,8,0.488,0.317,-5.6,-4.163,US11220490B2,2022,ACCUTAR BIOTECHNOLOGY INC
COc1cc(N2CC(C)N(C(=O)Nc3ccc(N4CCC(CN5CCN(c6cc7c(cc6F)C(=O)N(C6CCC(=O)NC6=O)C7=O)CC5)CC4)nc3)CC2C)ccc1C#N,COc1cc(N2CC(C)N(C(=O)Nc3ccc([*:1])nc3)CC2C)ccc1C#N,C1CN([*:1])CCC1CN1CCN([*:2])CC1,O=C1CCC(N2C(=O)c3cc(F)c([*:2])cc3C2=O)C(=O)N1,AR,CRBN,820.93,3.67,174.76,12,2,8,0.465,0.316,-5.618,-4.159,US11220490B2,2022,ACCUTAR BIOTECHNOLOGY INC
COc1cc(N2CC(C)N(C(=O)Nc3ccc(N4CCC(CN5CCN(c6ccc7c(c6)CN(C6CCC(=O)NC6=O)C7=O)CC5)CC4)nc3)CC2C)ccc1C#N,COc1cc(N2CC(C)N(C(=O)Nc3ccc([*:1])nc3)CC2C)ccc1C#N,C1CN([*:1])CCC1CN1CCN([*:2])CC1,O=C1CCC(N2Cc3cc([*:2])ccc3C2=O)C(=O)N1,AR,CRBN,788.95,3.89,157.69,11,2,8,0.488,0.319,-5.611,-3.721,US11220490B2,2022,ACCUTAR BIOTECHNOLOGY INC
COc1cc(N2CC(C)N(C(=O)Nc3cnc(N4CCC(CCN5CCN(c6ccc7c(c6)C(=O)N(C6CCC(=O)NC6=O)C7=O)CC5)CC4)nc3)CC2C)ccc1C#N,COc1cc(N2CC(C)N(C(=O)Nc3cnc([*:1])nc3)CC2C)ccc1C#N,C(CN1CCN([*:2])CC1)C1CCN([*:1])CC1,O=C1CCC(N2C(=O)c3ccc([*:2])cc3C2=O)C(=O)N1,AR,CRBN,817.95,3.32,187.65,13,2,9,0.488,0.3,-5.64,-4.281,US11220490B2,2022,ACCUTAR BIOTECHNOLOGY INC
COc1cc(N2CC(C)N(C(=O)Nc3cnc(N4CCC(CN5CCN(c6ccc7c(c6)C(=O)N(C6CCC(=O)NC6=O)C7=O)CC5)CC4)nc3)CC2C)ccc1C#N,COc1cc(N2CC(C)N(C(=O)Nc3cnc([*:1])nc3)CC2C)ccc1C#N,C1CN([*:1])CCC1CN1CCN([*:2])CC1,O=C1CCC(N2C(=O)c3ccc([*:2])cc3C2=O)C(=O)N1,AR,CRBN,803.92,2.93,187.65,13,2,8,0.476,0.317,-5.567,-4.121,US11220490B2,2022,ACCUTAR BIOTECHNOLOGY INC
COc1cc(N2CC(C)N(C(=O)Nc3ccc(N4CCC(CN5CCN(c6ccc7c(c6)C(=O)N(C6CCC(=O)NC6=O)C7=O)CC5)CC4)nc3)CC2C)ccc1C#N,COc1cc(N2CC(C)N(C(=O)Nc3ccc([*:1])nc3)CC2C)ccc1C#N,C1CN([*:1])CCC1CN1CCN([*:2])CC1,O=C1CCC(N2C(=O)c3ccc([*:2])cc3C2=O)C(=O)N1,AR,CRBN,802.94,3.53,174.76,12,2,8,0.465,0.318,-5.597,-3.841,US11220490B2,2022,ACCUTAR BIOTECHNOLOGY INC
CC1CN(c2ccc(C#N)c(Cl)c2)C(C)CN1C(=O)Nc1cnc(N2CCC(CN3CCN(c4ccc5c(c4)C(=O)N(C4CCC(=O)NC4=O)C5=O)CC3)CC2)nc1,CC1CN(c2ccc(C#N)c(Cl)c2)C(C)CN1C(=O)Nc1cnc([*:1])nc1,C1CN([*:1])CCC1CN1CCN([*:2])CC1,O=C1CCC(N2C(=O)c3ccc([*:2])cc3C2=O)C(=O)N1,AR,CRBN,808.34,3.57,178.42,12,2,7,0.463,0.333,-5.603,-5.077,US11220490B2,2022,ACCUTAR BIOTECHNOLOGY INC
CC1CN(c2ccc(C#N)c(Cl)c2)C(C)CN1C(=O)Nc1ccc(N2CCC(CCN3CCN(c4ccc5c(c4)C(=O)N(C4CCC(=O)NC4=O)C5=O)CC3)CC2)nc1,CC1CN(c2ccc(C#N)c(Cl)c2)C(C)CN1C(=O)Nc1ccc([*:1])nc1,C(CN1CCN([*:2])CC1)C1CCN([*:1])CC1,O=C1CCC(N2C(=O)c3ccc([*:2])cc3C2=O)C(=O)N1,AR,CRBN,821.38,4.57,165.53,11,2,8,0.465,0.306,-5.547,-5.063,US11220490B2,2022,ACCUTAR BIOTECHNOLOGY INC
CC1CN(c2ccc(C#N)c(Cl)c2)C(C)CN1C(=O)Nc1ccc(N2CCC(CN3CCN(c4ccc5c(c4)C(=O)N(C4CCC(=O)NC4=O)C5=O)CC3)CC2)nc1,CC1CN(c2ccc(C#N)c(Cl)c2)C(C)CN1C(=O)Nc1ccc([*:1])nc1,C1CN([*:1])CCC1CN1CCN([*:2])CC1,O=C1CCC(N2C(=O)c3ccc([*:2])cc3C2=O)C(=O)N1,AR,CRBN,807.36,4.18,165.53,11,2,7,0.452,0.329,-5.677,-4.916,US11220490B2,2022,ACCUTAR BIOTECHNOLOGY INC
CC1CN(c2ccc(C#N)c(Cl)c2)C(C)CN1C(=O)Nc1ccc(N2CCC(CN(C(C)C)C3CC(Oc4ccc5c(c4)C(=O)N(C4CCC(=O)NC4=O)C5=O)C3)CC2)nc1,CC1CN(c2ccc(C#N)c(Cl)c2)C(C)CN1C(=O)Nc1ccc([*:1])nc1,CC(C)N(CC1CCN([*:1])CC1)C1CC(O[*:2])C1,O=C1CCC(N2C(=O)c3ccc([*:2])cc3C2=O)C(=O)N1,AR,CRBN,850.42,5.68,171.52,11,2,10,0.489,0.241,-5.644,-5.429,US11220490B2,2022,ACCUTAR BIOTECHNOLOGY INC
CC1CN(c2ccc(C#N)c(Cl)c2)C(C)CN1C(=O)Nc1ccc(OCCCCCN2CCN(c3ccc4c(c3)C(=O)N(C3CCC(=O)NC3=O)C4=O)CC2)nc1,CC1CN(c2ccc(C#N)c(Cl)c2)C(C)CN1C(=O)Nc1ccc([*:1])nc1,C(CCO[*:1])CCN1CCN([*:2])CC1,O=C1CCC(N2C(=O)c3ccc([*:2])cc3C2=O)C(=O)N1,AR,CRBN,796.33,4.51,171.52,11,2,11,0.439,0.207,-5.443,-4.881,US11220490B2,2022,ACCUTAR BIOTECHNOLOGY INC
CC1CN(c2ccc(C#N)c(Cl)c2)C(C)CN1C(=O)Nc1ccc(OCCN2CCN(c3ccc4c(c3)C(=O)N(C3CCC(=O)NC3=O)C4=O)CC2)nc1,CC1CN(c2ccc(C#N)c(Cl)c2)C(C)CN1C(=O)Nc1ccc([*:1])nc1,C(CN1CCN([*:2])CC1)O[*:1],O=C1CCC(N2C(=O)c3ccc([*:2])cc3C2=O)C(=O)N1,AR,CRBN,754.25,3.34,171.52,11,2,8,0.395,0.324,-5.418,-4.356,US11220490B2,2022,ACCUTAR BIOTECHNOLOGY INC
N#Cc1ccc(OC2CCCN(C(=O)c3ccc(N4CCC(N5CCN(c6ccc7c(c6)C(=O)N(C6CCC(=O)NC6=O)C7=O)CC5)CC4)cc3)CC2)cc1Cl,N#Cc1ccc(OC2CCCN(C(=O)c3ccc([*:1])cc3)CC2)cc1Cl,C1CN([*:1])CCC1N1CCN([*:2])CC1,O=C1CCC(N2C(=O)c3ccc([*:2])cc3C2=O)C(=O)N1,AR,CRBN,778.31,4.48,146.6,10,1,7,0.429,0.341,-5.617,-4.664,WO2022011204A1,2022,UNIVERSITY OF MICHIGAN
N#Cc1ccc(OC2CCN(C(=O)c3ccc(N4CCC(N5CCN(c6ccc7c(c6)C(=O)N(C6CCC(=O)NC6=O)C7=O)CC5)CC4)cc3)CC2)cc1Cl,N#Cc1ccc(OC2CCN(C(=O)c3ccc([*:1])cc3)CC2)cc1Cl,C1CN([*:1])CCC1N1CCN([*:2])CC1,O=C1CCC(N2C(=O)c3ccc([*:2])cc3C2=O)C(=O)N1,AR,CRBN,764.28,4.09,146.6,10,1,7,0.415,0.35,-5.662,-4.591,WO2022011204A1,2022,UNIVERSITY OF MICHIGAN
N#Cc1ccc(OC2CC3CCC(C2)N3C(=O)c2ccc(C#CC3CCN(C4CCN(c5ccc6c(c5)C(=O)N(C5CCC(=O)NC5=O)C6=O)CC4)CC3)cc2)cc1Cl,N#Cc1ccc(OC2CC3CCC(C2)N3C(=O)c2ccc([*:1])cc2)cc1Cl,C(#C[*:1])C1CCN(C2CCN([*:2])CC2)CC1,O=C1CCC(N2C(=O)c3ccc([*:2])cc3C2=O)C(=O)N1,AR,CRBN,813.35,5.56,143.36,9,1,6,0.435,0.25,-5.44,-5.678,WO2022011204A1,2022,UNIVERSITY OF MICHIGAN
N#Cc1ccc(OC2C3CCCC2CN(C(=O)c2ccc(N4CCN(CC5CCN(c6cccc7c6C(=O)N(C6CCC(=O)NC6=O)C7=O)CC5)CC4)cc2)C3)cc1Cl,N#Cc1ccc(OC2C3CCCC2CN(C(=O)c2ccc([*:1])cc2)C3)cc1Cl,C1CN([*:2])CCC1CN1CCN([*:1])CC1,O=C1CCC(N2C(=O)c3cccc([*:2])c3C2=O)C(=O)N1,AR,CRBN,818.37,4.97,146.6,10,1,8,0.467,0.31,-5.612,-5.327,WO2022011204A1,2022,UNIVERSITY OF MICHIGAN
N#Cc1ccc(OC2CCN(C(=O)c3ccc(N4CCC5(CC4)CN(C4CCN(c6cccc7c6C(=O)N(C6CCC(=O)NC6=O)C7=O)CC4)C5)cc3)CC2)cc1Cl,N#Cc1ccc(OC2CCN(C(=O)c3ccc(N4CCC5(CC4)CN([*:1])C5)cc3)CC2)cc1Cl,C1CN([*:2])CCC1[*:1],O=C1CCC(N2C(=O)c3cccc([*:2])c3C2=O)C(=O)N1,AR,CRBN,804.35,4.87,146.6,10,1,7,0.455,0.329,-5.638,-4.76,WO2022011204A1,2022,UNIVERSITY OF MICHIGAN
N#Cc1ccc(OC2CCN(C(=O)c3ccc(N4CCC5(CC4)CN(C4CCN(c6ccc7c(c6)C(=O)N(C6CCC(=O)NC6=O)C7=O)CC4)C5)cc3)CC2)cc1Cl,N#Cc1ccc(OC2CCN(C(=O)c3ccc(N4CCC5(CC4)CN([*:1])C5)cc3)CC2)cc1Cl,C1CN([*:2])CCC1[*:1],O=C1CCC(N2C(=O)c3ccc([*:2])cc3C2=O)C(=O)N1,AR,CRBN,804.35,4.87,146.6,10,1,7,0.455,0.329,-5.692,-4.565,WO2022011204A1,2022,UNIVERSITY OF MICHIGAN
N#Cc1ccc(OC2CCN(C(=O)c3ccc(N4CCC5(CC4)CN(CC4CCN(c6cccc7c6C(=O)N(C6CCC(=O)NC6=O)C7=O)CC4)C5)cc3)CC2)cc1Cl,N#Cc1ccc(OC2CCN(C(=O)c3ccc(N4CCC5(CC4)CN([*:1])C5)cc3)CC2)cc1Cl,C1CN([*:2])CCC1C[*:1],O=C1CCC(N2C(=O)c3cccc([*:2])c3C2=O)C(=O)N1,AR,CRBN,818.37,5.12,146.6,10,1,8,0.467,0.304,-5.742,-5.07,WO2022011204A1,2022,UNIVERSITY OF MICHIGAN
N#Cc1ccc(OC2CCN(C(=O)c3ccc(N4CCC5(CC4)CN(CC4CCN(c6ccc7c(c6)C(=O)N(C6CCC(=O)NC6=O)C7=O)CC4)C5)cc3)CC2)cc1Cl,N#Cc1ccc(OC2CCN(C(=O)c3ccc(N4CCC5(CC4)CN([*:1])C5)cc3)CC2)cc1Cl,C1CN([*:2])CCC1C[*:1],O=C1CCC(N2C(=O)c3ccc([*:2])cc3C2=O)C(=O)N1,AR,CRBN,818.37,5.12,146.6,10,1,8,0.467,0.304,-5.796,-4.973,WO2022011204A1,2022,UNIVERSITY OF MICHIGAN
CC1(C)CN(C(=O)c2ccc(C#CC3CCN(C4CCN(c5cccc6c5C(=O)N(C5CCC(=O)NC5=O)C6=O)CC4)CC3)cc2)CCC1Oc1ccc(C#N)c(Cl)c1,CC1(C)CN(C(=O)c2ccc([*:1])cc2)CCC1Oc1ccc(C#N)c(Cl)c1,C(#C[*:1])C1CCN(C2CCN([*:2])CC2)CC1,O=C1CCC(N2C(=O)c3cccc([*:2])c3C2=O)C(=O)N1,AR,CRBN,815.37,5.67,143.36,9,1,6,0.435,0.246,-5.558,-6.097,WO2022011204A1,2022,UNIVERSITY OF MICHIGAN
CC1(C)CN(C(=O)c2ccc(C#CC3CCN(C4CCN(c5ccc6c(c5)C(=O)N(C5CCC(=O)NC5=O)C6=O)CC4)CC3)cc2)CCC1Oc1ccc(C#N)c(Cl)c1,CC1(C)CN(C(=O)c2ccc([*:1])cc2)CCC1Oc1ccc(C#N)c(Cl)c1,C(#C[*:1])C1CCN(C2CCN([*:2])CC2)CC1,O=C1CCC(N2C(=O)c3ccc([*:2])cc3C2=O)C(=O)N1,AR,CRBN,815.37,5.67,143.36,9,1,6,0.435,0.246,-5.613,-5.628,WO2022011204A1,2022,UNIVERSITY OF MICHIGAN
CC1(C)CN(C(=O)c2ccc(N3CCN(CC4CCN(c5cccc6c5C(=O)N(C5CCC(=O)NC5=O)C6=O)CC4)CC3)cc2)CCC1Oc1ccc(C#N)c(Cl)c1,CC1(C)CN(C(=O)c2ccc([*:1])cc2)CCC1Oc1ccc(C#N)c(Cl)c1,C1CN([*:2])CCC1CN1CCN([*:1])CC1,O=C1CCC(N2C(=O)c3cccc([*:2])c3C2=O)C(=O)N1,AR,CRBN,806.36,4.97,146.6,10,1,8,0.455,0.31,-5.658,-5.723,WO2022011204A1,2022,UNIVERSITY OF MICHIGAN
CC1(C)CN(C(=O)c2ccc(N3CCN(CC4CCN(c5ccc6c(c5)C(=O)N(C5CCC(=O)NC5=O)C6=O)CC4)CC3)cc2)CCC1Oc1ccc(C#N)c(Cl)c1,CC1(C)CN(C(=O)c2ccc([*:1])cc2)CCC1Oc1ccc(C#N)c(Cl)c1,C1CN([*:2])CCC1CN1CCN([*:1])CC1,O=C1CCC(N2C(=O)c3ccc([*:2])cc3C2=O)C(=O)N1,AR,CRBN,806.36,4.97,146.6,10,1,8,0.455,0.31,-5.713,-5.237,WO2022011204A1,2022,UNIVERSITY OF MICHIGAN
N#Cc1ccc(OC2CC3CCC(C2)N3c2ccc(N3CCN(CC4CCN(c5ccc6c(c5)C(=O)N(C5CCC(=O)NC5=O)C6=O)CC4)CC3)cc2)cc1Cl,N#Cc1ccc(OC2CC3CCC(C2)N3c2ccc([*:1])cc2)cc1Cl,C1CN([*:2])CCC1CN1CCN([*:1])CC1,O=C1CCC(N2C(=O)c3ccc([*:2])cc3C2=O)C(=O)N1,AR,CRBN,776.34,5.23,129.53,10,1,8,0.465,0.304,-5.539,-5.364,WO2022011204A1,2022,UNIVERSITY OF MICHIGAN
N#Cc1ccc(OC2CC3CCC(C2)N3c2ccc(N3CCN(CC4CCN(c5cccc6c5C(=O)N(C5CCC(=O)NC5=O)C6=O)CC4)CC3)cc2)cc1Cl,N#Cc1ccc(OC2CC3CCC(C2)N3c2ccc([*:1])cc2)cc1Cl,C1CN([*:2])CCC1CN1CCN([*:1])CC1,O=C1CCC(N2C(=O)c3cccc([*:2])c3C2=O)C(=O)N1,AR,CRBN,776.34,5.23,129.53,10,1,8,0.465,0.304,-5.522,-5.569,WO2022011204A1,2022,UNIVERSITY OF MICHIGAN
N#Cc1ccc(OC2CCCN(C(=O)c3ccc(N4CCN(CC5CCN(c6ccc7c(c6)C(=O)N(C6CCC(=O)NC6=O)C7=O)CC5)CC4)cc3)C2)cc1Cl,N#Cc1ccc(OC2CCCN(C(=O)c3ccc([*:1])cc3)C2)cc1Cl,C1CN([*:2])CCC1CN1CCN([*:1])CC1,O=C1CCC(N2C(=O)c3ccc([*:2])cc3C2=O)C(=O)N1,AR,CRBN,778.31,4.34,146.6,10,1,8,0.429,0.328,-5.766,-4.689,WO2022011204A1,2022,UNIVERSITY OF MICHIGAN
N#Cc1ccc(OC2CCCN(C(=O)c3ccc(N4CCN(CC5CCN(c6cccc7c6C(=O)N(C6CCC(=O)NC6=O)C7=O)CC5)CC4)cc3)C2)cc1Cl,N#Cc1ccc(OC2CCCN(C(=O)c3ccc([*:1])cc3)C2)cc1Cl,C1CN([*:2])CCC1CN1CCN([*:1])CC1,O=C1CCC(N2C(=O)c3cccc([*:2])c3C2=O)C(=O)N1,AR,CRBN,778.31,4.34,146.6,10,1,8,0.429,0.328,-5.701,-4.953,WO2022011204A1,2022,UNIVERSITY OF MICHIGAN
N#Cc1ccc(OC2CCCN(C(=O)c3ccc(C#CC4CCN(C5CCN(c6cccc7c6C(=O)N(C6CCC(=O)NC6=O)C7=O)CC5)CC4)cc3)C2)cc1Cl,N#Cc1ccc(OC2CCCN(C(=O)c3ccc([*:1])cc3)C2)cc1Cl,C(#C[*:1])C1CCN(C2CCN([*:2])CC2)CC1,O=C1CCC(N2C(=O)c3cccc([*:2])c3C2=O)C(=O)N1,AR,CRBN,787.32,5.03,143.36,9,1,6,0.409,0.269,-5.558,-5.483,WO2022011204A1,2022,UNIVERSITY OF MICHIGAN
N#Cc1ccc(OC2CCCN(C(=O)c3ccc(C#CC4CCN(C5CCN(c6ccc7c(c6)C(=O)N(C6CCC(=O)NC6=O)C7=O)CC5)CC4)cc3)C2)cc1Cl,N#Cc1ccc(OC2CCCN(C(=O)c3ccc([*:1])cc3)C2)cc1Cl,C(#C[*:1])C1CCN(C2CCN([*:2])CC2)CC1,O=C1CCC(N2C(=O)c3ccc([*:2])cc3C2=O)C(=O)N1,AR,CRBN,787.32,5.03,143.36,9,1,6,0.409,0.269,-5.552,-5.264,WO2022011204A1,2022,UNIVERSITY OF MICHIGAN
CC1(C)CN(C(=O)c2ccc(N3CCN(CC4CCN(c5cccc6c5C(=O)N(C5CCC(=O)NC5=O)C6=O)CC4)CC3)cc2)CC1Oc1ccc(C#N)c(Cl)c1,CC1(C)CN(C(=O)c2ccc([*:1])cc2)CC1Oc1ccc(C#N)c(Cl)c1,C1CN([*:2])CCC1CN1CCN([*:1])CC1,O=C1CCC(N2C(=O)c3cccc([*:2])c3C2=O)C(=O)N1,AR,CRBN,792.34,4.58,146.6,10,1,8,0.442,0.322,-5.712,-5.608,WO2022011204A1,2022,UNIVERSITY OF MICHIGAN
CC1(C)CN(C(=O)c2ccc(N3CCN(CC4CCN(c5ccc6c(c5)C(=O)N(C5CCC(=O)NC5=O)C6=O)CC4)CC3)cc2)CC1Oc1ccc(C#N)c(Cl)c1,CC1(C)CN(C(=O)c2ccc([*:1])cc2)CC1Oc1ccc(C#N)c(Cl)c1,C1CN([*:2])CCC1CN1CCN([*:1])CC1,O=C1CCC(N2C(=O)c3ccc([*:2])cc3C2=O)C(=O)N1,AR,CRBN,792.34,4.58,146.6,10,1,8,0.442,0.322,-5.768,-5.19,WO2022011204A1,2022,UNIVERSITY OF MICHIGAN
CC1(C)CN(C(=O)c2ccc(C#CC3CCN(C4CCN(c5ccc6c(c5)C(=O)N(C5CCC(=O)NC5=O)C6=O)CC4)CC3)cc2)CC1Oc1ccc(C#N)c(Cl)c1,CC1(C)CN(C(=O)c2ccc([*:1])cc2)CC1Oc1ccc(C#N)c(Cl)c1,C(#C[*:1])C1CCN(C2CCN([*:2])CC2)CC1,O=C1CCC(N2C(=O)c3ccc([*:2])cc3C2=O)C(=O)N1,AR,CRBN,801.34,5.27,143.36,9,1,6,0.422,0.261,-5.601,-5.517,WO2022011204A1,2022,UNIVERSITY OF MICHIGAN
N#Cc1ccc(OC2CCN(C(=O)c3ccc(N4CCN(CC5CCN(c6ccc7c(c6)C(=O)N(C6CCC(=O)NC6=O)C7=O)CC5)CC4)cc3)CC2)cc1Cl,N#Cc1ccc(OC2CCN(C(=O)c3ccc([*:1])cc3)CC2)cc1Cl,C1CN([*:2])CCC1CN1CCN([*:1])CC1,O=C1CCC(N2C(=O)c3ccc([*:2])cc3C2=O)C(=O)N1,AR,CRBN,778.31,4.34,146.6,10,1,8,0.429,0.328,-5.757,-4.7,WO2022011204A1,2022,UNIVERSITY OF MICHIGAN
Cc1c(-c2ccc(C#N)c(Cl)c2)nn(Cc2ccc(N3CCN(CC4CCN(c5cccc6c5C(=O)N(C5CCC(=O)NC5=O)C6=O)CC4)CC3)cc2)c1C,Cc1c(-c2ccc(C#N)c(Cl)c2)nn(Cc2ccc([*:1])cc2)c1C,C1CN([*:2])CCC1CN1CCN([*:1])CC1,O=C1CCC(N2C(=O)c3cccc([*:2])c3C2=O)C(=O)N1,AR,CRBN,759.31,5.18,134.88,9,1,8,0.381,0.241,-5.584,-6.139,WO2022011204A1,2022,UNIVERSITY OF MICHIGAN
Cc1c(-c2ccc(C#N)c(Cl)c2)nn(Cc2ccc(N3CCN(CC4CCN(c5ccc6c(c5)C(=O)N(C5CCC(=O)NC5=O)C6=O)CC4)CC3)cc2)c1C,Cc1c(-c2ccc(C#N)c(Cl)c2)nn(Cc2ccc([*:1])cc2)c1C,C1CN([*:2])CCC1CN1CCN([*:1])CC1,O=C1CCC(N2C(=O)c3ccc([*:2])cc3C2=O)C(=O)N1,AR,CRBN,759.31,5.18,134.88,9,1,8,0.381,0.241,-5.629,-5.768,WO2022011204A1,2022,UNIVERSITY OF MICHIGAN
N#Cc1ccc(OC2CCN(C(=O)c3ccc(C4CCN(CC5CCN(c6ccc7c(c6)C(=O)N(C6CCC(=O)NC6=O)C7=O)CC5)CC4)cc3)CC2)cc1Cl,N#Cc1ccc(OC2CCN(C(=O)c3ccc([*:1])cc3)CC2)cc1Cl,C1CN([*:2])CCC1CN1CCC([*:1])CC1,O=C1CCC(N2C(=O)c3ccc([*:2])cc3C2=O)C(=O)N1,AR,CRBN,777.32,5.39,143.36,9,1,8,0.442,0.298,-5.747,-5.099,WO2022011204A1,2022,UNIVERSITY OF MICHIGAN
N#Cc1ccc(OC2CCN(C(=O)c3ccc(C4CCN(CC5CCN(c6cccc7c6C(=O)N(C6CCC(=O)NC6=O)C7=O)CC5)CC4)cc3)CC2)cc1Cl,N#Cc1ccc(OC2CCN(C(=O)c3ccc([*:1])cc3)CC2)cc1Cl,C1CN([*:2])CCC1CN1CCC([*:1])CC1,O=C1CCC(N2C(=O)c3cccc([*:2])c3C2=O)C(=O)N1,AR,CRBN,777.32,5.39,143.36,9,1,8,0.442,0.298,-5.771,-5.311,WO2022011204A1,2022,UNIVERSITY OF MICHIGAN
N#Cc1ccc(OC2CCCN(C(=O)c3ccc(N4CCN(CC5CCN(c6ccc7c(c6)C(=O)N(C6CCC(=O)NC6=O)C7=O)CC5)CC4)cc3)CC2)cc1Cl,N#Cc1ccc(OC2CCCN(C(=O)c3ccc([*:1])cc3)CC2)cc1Cl,C1CN([*:2])CCC1CN1CCN([*:1])CC1,O=C1CCC(N2C(=O)c3ccc([*:2])cc3C2=O)C(=O)N1,AR,CRBN,792.34,4.73,146.6,10,1,8,0.442,0.318,-5.715,-4.781,WO2022011204A1,2022,UNIVERSITY OF MICHIGAN
N#Cc1ccc(OC2CCCN(C(=O)c3ccc(N4CCN(CC5CCN(c6cccc7c6C(=O)N(C6CCC(=O)NC6=O)C7=O)CC5)CC4)cc3)CC2)cc1Cl,N#Cc1ccc(OC2CCCN(C(=O)c3ccc([*:1])cc3)CC2)cc1Cl,C1CN([*:2])CCC1CN1CCN([*:1])CC1,O=C1CCC(N2C(=O)c3cccc([*:2])c3C2=O)C(=O)N1,AR,CRBN,792.34,4.73,146.6,10,1,8,0.442,0.318,-5.672,-5.013,WO2022011204A1,2022,UNIVERSITY OF MICHIGAN
N#Cc1ccc(N2CCC(Oc3ccc(C4CCN(CC5CCN(c6ccc7c(c6)C(=O)N(C6CCC(=O)NC6=O)C7=O)CC5)CC4)cc3)CC2)cc1Cl,N#Cc1ccc(N2CCC(Oc3ccc([*:1])cc3)CC2)cc1Cl,C1CN([*:2])CCC1CN1CCC([*:1])CC1,O=C1CCC(N2C(=O)c3ccc([*:2])cc3C2=O)C(=O)N1,AR,CRBN,749.31,5.76,126.29,9,1,8,0.452,0.287,-5.59,-5.608,WO2022011204A1,2022,UNIVERSITY OF MICHIGAN
N#Cc1ccc(N2CCC(Oc3ccc(C4CCN(CC5CCN(c6cccc7c6C(=O)N(C6CCC(=O)NC6=O)C7=O)CC5)CC4)cc3)CC2)cc1Cl,N#Cc1ccc(N2CCC(Oc3ccc([*:1])cc3)CC2)cc1Cl,C1CN([*:2])CCC1CN1CCC([*:1])CC1,O=C1CCC(N2C(=O)c3cccc([*:2])c3C2=O)C(=O)N1,AR,CRBN,749.31,5.76,126.29,9,1,8,0.452,0.287,-5.606,-5.83,WO2022011204A1,2022,UNIVERSITY OF MICHIGAN
N#Cc1ccc(OC2C3CCCC2CN(C(=O)c2ccc(N4CCN(CC5CCN(c6ccc7c(c6)C(=O)N(C6CCC(=O)NC6=O)C7=O)CC5)CC4)cc2)C3)cc1Cl,N#Cc1ccc(OC2C3CCCC2CN(C(=O)c2ccc([*:1])cc2)C3)cc1Cl,C1CN([*:2])CCC1CN1CCN([*:1])CC1,O=C1CCC(N2C(=O)c3ccc([*:2])cc3C2=O)C(=O)N1,AR,CRBN,818.37,4.97,146.6,10,1,8,0.467,0.31,-5.622,-4.985,WO2022011204A1,2022,UNIVERSITY OF MICHIGAN
N#Cc1ccc(OC2C3CCC2N(C(=O)c2ccc(N4CCN(CC5CCN(c6ccc7c(c6)C(=O)N(C6CCC(=O)NC6=O)C7=O)CC5)CC4)cc2)C3)cc1Cl,N#Cc1ccc(OC2C3CCC2N(C(=O)c2ccc([*:1])cc2)C3)cc1Cl,C1CN([*:2])CCC1CN1CCN([*:1])CC1,O=C1CCC(N2C(=O)c3ccc([*:2])cc3C2=O)C(=O)N1,AR,CRBN,790.32,4.33,146.6,10,1,8,0.442,0.328,-5.61,-4.857,WO2022011204A1,2022,UNIVERSITY OF MICHIGAN
N#Cc1ccc(OC2C3CCC2N(C(=O)c2ccc(N4CCN(CC5CCN(c6cccc7c6C(=O)N(C6CCC(=O)NC6=O)C7=O)CC5)CC4)cc2)C3)cc1Cl,N#Cc1ccc(OC2C3CCC2N(C(=O)c2ccc([*:1])cc2)C3)cc1Cl,C1CN([*:2])CCC1CN1CCN([*:1])CC1,O=C1CCC(N2C(=O)c3cccc([*:2])c3C2=O)C(=O)N1,AR,CRBN,790.32,4.33,146.6,10,1,8,0.442,0.328,-5.55,-5.147,WO2022011204A1,2022,UNIVERSITY OF MICHIGAN
N#Cc1ccc(OC2C3CCCC2CN(C(=O)c2ccc(C#CC4CCN(C5CCN(c6ccc7c(c6)C(=O)N(C6CCC(=O)NC6=O)C7=O)CC5)CC4)cc2)C3)cc1Cl,N#Cc1ccc(OC2C3CCCC2CN(C(=O)c2ccc([*:1])cc2)C3)cc1Cl,C(#C[*:1])C1CCN(C2CCN([*:2])CC2)CC1,O=C1CCC(N2C(=O)c3ccc([*:2])cc3C2=O)C(=O)N1,AR,CRBN,827.38,5.67,143.36,9,1,6,0.447,0.246,-5.573,-5.521,WO2022011204A1,2022,UNIVERSITY OF MICHIGAN
N#Cc1ccc(OC2CC3CCC(C2)N3C(=O)c2ccc(C#CC3CCN(C4CCN(c5cccc6c5C(=O)N(C5CCC(=O)NC5=O)C6=O)CC4)CC3)cc2)cc1Cl,N#Cc1ccc(OC2CC3CCC(C2)N3C(=O)c2ccc([*:1])cc2)cc1Cl,C(#C[*:1])C1CCN(C2CCN([*:2])CC2)CC1,O=C1CCC(N2C(=O)c3cccc([*:2])c3C2=O)C(=O)N1,AR,CRBN,813.35,5.56,143.36,9,1,6,0.435,0.25,-5.408,-5.976,WO2022011204A1,2022,UNIVERSITY OF MICHIGAN
N#Cc1ccc(OC2CC3CCC(C2)N3C(=O)c2ccc(N3CCN(CCC4CCN(c5ccc6c(c5)C(=O)N(C5CCC(=O)NC5=O)C6=O)CC4)CC3)cc2)cc1Cl,N#Cc1ccc(OC2CC3CCC(C2)N3C(=O)c2ccc([*:1])cc2)cc1Cl,C(CN1CCN([*:1])CC1)C1CCN([*:2])CC1,O=C1CCC(N2C(=O)c3ccc([*:2])cc3C2=O)C(=O)N1,AR,CRBN,818.37,5.26,146.6,10,1,9,0.467,0.284,-5.493,-5.032,WO2022011204A1,2022,UNIVERSITY OF MICHIGAN
Cc1c(-c2ccc(C#N)c(Cl)c2)nn(Cc2ccc(N3CCN(CCC4CCN(c5ccc6c(c5)C(=O)N(C5CCC(=O)NC5=O)C6=O)CC4)CC3)cc2)c1C,Cc1c(-c2ccc(C#N)c(Cl)c2)nn(Cc2ccc([*:1])cc2)c1C,C(CN1CCN([*:1])CC1)C1CCN([*:2])CC1,O=C1CCC(N2C(=O)c3ccc([*:2])cc3C2=O)C(=O)N1,AR,CRBN,773.34,5.57,134.88,9,1,9,0.395,0.217,-5.514,-5.834,WO2022011204A1,2022,UNIVERSITY OF MICHIGAN
N#Cc1ccc(OC2CC3CCC(C2)N3C(=O)c2ccc(N3CCN(CC4CCN(c5ccc6c(c5)C(=O)N(C5CCC(=O)NC5=O)C6=O)CC4)CC3)cc2)cc1Cl,N#Cc1ccc(OC2CC3CCC(C2)N3C(=O)c2ccc([*:1])cc2)cc1Cl,C1CN([*:2])CCC1CN1CCN([*:1])CC1,O=C1CCC(N2C(=O)c3ccc([*:2])cc3C2=O)C(=O)N1,AR,CRBN,804.35,4.87,146.6,10,1,8,0.455,0.313,-5.595,-5.009,WO2022011204A1,2022,UNIVERSITY OF MICHIGAN
Cc1c(-c2ccc(C#N)c(Cl)c2)nn(Cc2ccc(N3CCN(CCC4CCN(c5cccc6c5C(=O)N(C5CCC(=O)NC5=O)C6=O)CC4)CC3)cc2)c1C,Cc1c(-c2ccc(C#N)c(Cl)c2)nn(Cc2ccc([*:1])cc2)c1C,C(CN1CCN([*:1])CC1)C1CCN([*:2])CC1,O=C1CCC(N2C(=O)c3cccc([*:2])c3C2=O)C(=O)N1,AR,CRBN,773.34,5.57,134.88,9,1,9,0.395,0.217,-5.474,-6.169,WO2022011204A1,2022,UNIVERSITY OF MICHIGAN
CC1(C)C(Oc2ccc(C#N)c(Cl)c2)C(C)(C)C1N1Cc2cc(N3CCN(C4CN(c5ccc6c(c5)C(=O)N(C5CCC(=O)NC5=O)C6=O)C4)CC3)ccc2C1=O,CC1(C)C(Oc2ccc(C#N)c(Cl)c2)C(C)(C)C1N1Cc2cc([*:1])ccc2C1=O,C1CN([*:1])CCN1C1CN([*:2])C1,O=C1CCC(N2C(=O)c3ccc([*:2])cc3C2=O)C(=O)N1,AR,CRBN,790.32,4.46,146.6,10,1,7,0.442,0.341,-5.538,-5.724,WO2022011204A1,2022,UNIVERSITY OF MICHIGAN
CC1(C)C(Oc2ccc(C#N)c(Cl)c2)C(C)(C)C1N1Cc2cc(C(=O)N3CCN(CC4CN(c5ccc6c(c5)C(=O)N(C5CCC(=O)NC5=O)C6=O)C4)CC3)ccc2C1=O,CC1(C)C(Oc2ccc(C#N)c(Cl)c2)C(C)(C)C1N1Cc2cc([*:1])ccc2C1=O,O=C(N1CCN(CC2CN([*:2])C2)CC1)[*:1],O=C1CCC(N2C(=O)c3ccc([*:2])cc3C2=O)C(=O)N1,AR,CRBN,832.36,4.35,163.67,10,1,8,0.444,0.323,-5.767,-5.322,WO2022011204A1,2022,UNIVERSITY OF MICHIGAN
Cc1c(-c2ccc(C#N)c(Cl)c2)nn(Cc2ccc(C(=O)N3CCN(C4CN(c5ccc6c(c5)C(=O)N(C5CCC(=O)NC5=O)C6)C4)CC3)cc2)c1C,Cc1c(-c2ccc(C#N)c(Cl)c2)nn(Cc2ccc([*:1])cc2)c1C,O=C(N1CCN(C2CN([*:2])C2)CC1)[*:1],O=C1CCC(N2Cc3ccc([*:2])cc3C2=O)C(=O)N1,AR,CRBN,731.26,4.15,134.88,8,1,7,0.35,0.281,-5.74,-4.003,WO2022011204A1,2022,UNIVERSITY OF MICHIGAN
Cc1c(-c2ccc(C#N)c(Cl)c2)nn(Cc2ccc(C(=O)N3CCN(CC4CN(c5ccc6c(c5)C(=O)N(C5CCC(=O)NC5=O)C6=O)C4)CC3)cc2)c1C,Cc1c(-c2ccc(C#N)c(Cl)c2)nn(Cc2ccc([*:1])cc2)c1C,O=C(N1CCN(CC2CN([*:2])C2)CC1)[*:1],O=C1CCC(N2C(=O)c3ccc([*:2])cc3C2=O)C(=O)N1,AR,CRBN,759.27,4.04,151.95,9,1,8,0.341,0.263,-5.726,-4.308,WO2022011204A1,2022,UNIVERSITY OF MICHIGAN
Cc1c(-c2ccc(C#N)c(Cl)c2)nn(Cc2ccc(C(=O)N3CCN(C4CN(c5ccc6c(c5)C(=O)N(C5CCC(=O)NC5=O)C6=O)C4)CC3)cc2)c1C,Cc1c(-c2ccc(C#N)c(Cl)c2)nn(Cc2ccc([*:1])cc2)c1C,O=C(N1CCN(C2CN([*:2])C2)CC1)[*:1],O=C1CCC(N2C(=O)c3ccc([*:2])cc3C2=O)C(=O)N1,AR,CRBN,745.24,3.79,151.95,9,1,7,0.325,0.279,-5.731,-3.954,WO2022011204A1,2022,UNIVERSITY OF MICHIGAN
N#Cc1ccc(OC2CCC(N3Cc4cc(N5CCN(C6CN(c7ccc8c(c7)C(=O)N(C7CCC(=O)NC7=O)C8=O)C6)CC5)ccc4C3=O)CC2)cc1Cl,N#Cc1ccc(OC2CCC(N3Cc4cc([*:1])ccc4C3=O)CC2)cc1Cl,C1CN([*:1])CCN1C1CN([*:2])C1,O=C1CCC(N2C(=O)c3ccc([*:2])cc3C2=O)C(=O)N1,AR,CRBN,762.27,3.97,146.6,10,1,7,0.415,0.351,-5.623,-4.299,WO2022011204A1,2022,UNIVERSITY OF MICHIGAN
N#Cc1ccc(OC2CCN(c3ccc(C(=O)N4CCN(C5CN(c6ccc7c(c6)C(=O)N(C6CCC(=O)NC6=O)C7=O)C5)CC4)cc3)CC2)cc1Cl,N#Cc1ccc(OC2CCN(c3ccc([*:1])cc3)CC2)cc1Cl,O=C(N1CCN(C2CN([*:2])C2)CC1)[*:1],O=C1CCC(N2C(=O)c3ccc([*:2])cc3C2=O)C(=O)N1,AR,CRBN,736.23,3.31,146.6,10,1,7,0.385,0.359,-5.607,-4.245,WO2022011204A1,2022,UNIVERSITY OF MICHIGAN
CC1CCN(c2ccc(C(=O)N3CCN(C4CN(c5ccc6c(c5)C(=O)N(C5CCC(=O)NC5=O)C6=O)C4)CC3)cc2)CCN1c1ccc(C#N)c(Cl)c1,CC1CCN(c2ccc([*:1])cc2)CCN1c1ccc(C#N)c(Cl)c1,O=C(N1CCN(C2CN([*:2])C2)CC1)[*:1],O=C1CCC(N2C(=O)c3ccc([*:2])cc3C2=O)C(=O)N1,AR,CRBN,749.27,3.36,140.61,10,1,6,0.4,0.374,-5.487,-4.18,WO2022011204A1,2022,UNIVERSITY OF MICHIGAN
CC1CCN(c2ccc(C(=O)N3CCN(C4CCN(c5ccc6c(c5)C(=O)N(C5CCC(=O)NC5=O)C6=O)CC4)CC3)cc2)CCN1c1ccc(C#N)c(Cl)c1,CC1CCN(c2ccc([*:1])cc2)CCN1c1ccc(C#N)c(Cl)c1,O=C(N1CCN(C2CCN([*:2])CC2)CC1)[*:1],O=C1CCC(N2C(=O)c3ccc([*:2])cc3C2=O)C(=O)N1,AR,CRBN,777.33,4.14,140.61,10,1,6,0.429,0.364,-5.565,-4.711,WO2022011204A1,2022,UNIVERSITY OF MICHIGAN
CC1CCN(c2ccc(C(=O)N3CCN(CC4CCN(c5ccc6c(c5)C(=O)N(C5CCC(=O)NC5=O)C6=O)CC4)CC3)cc2)CCN1c1ccc(C#N)c(Cl)c1,CC1CCN(c2ccc([*:1])cc2)CCN1c1ccc(C#N)c(Cl)c1,O=C(N1CCN(CC2CCN([*:2])CC2)CC1)[*:1],O=C1CCC(N2C(=O)c3ccc([*:2])cc3C2=O)C(=O)N1,AR,CRBN,791.35,4.39,140.61,10,1,7,0.442,0.343,-5.697,-4.902,WO2022011204A1,2022,UNIVERSITY OF MICHIGAN
CC1(C)C(Oc2ccc(C#N)c(Cl)c2)C(C)(C)C1N1Cc2cc(C(=O)N3CCN(CC4CCN(c5ccc6c(c5)C(=O)N(C5CCC(=O)NC5=O)C6=O)CC4)CC3)ccc2C1=O,CC1(C)C(Oc2ccc(C#N)c(Cl)c2)C(C)(C)C1N1Cc2cc([*:1])ccc2C1=O,O=C(N1CCN(CC2CCN([*:2])CC2)CC1)[*:1],O=C1CCC(N2C(=O)c3ccc([*:2])cc3C2=O)C(=O)N1,AR,CRBN,860.41,5.13,163.67,10,1,8,0.468,0.301,-5.755,-6.101,WO2022011204A1,2022,UNIVERSITY OF MICHIGAN
CC1(C)C(Oc2ccc(C#N)c(Cl)c2)C(C)(C)C1N1Cc2cc(C(=O)N3CCN(C4CCN(c5ccc6c(c5)C(=O)N(C5CCC(=O)NC5=O)C6=O)CC4)CC3)ccc2C1=O,CC1(C)C(Oc2ccc(C#N)c(Cl)c2)C(C)(C)C1N1Cc2cc([*:1])ccc2C1=O,O=C(N1CCN(C2CCN([*:2])CC2)CC1)[*:1],O=C1CCC(N2C(=O)c3ccc([*:2])cc3C2=O)C(=O)N1,AR,CRBN,846.38,4.88,163.67,10,1,7,0.457,0.325,-5.741,-5.697,WO2022011204A1,2022,UNIVERSITY OF MICHIGAN
N#Cc1ccc(OC2CCC(N3Cc4nc(N5CCN(CC6CCN(c7ccc8c(c7)C(=O)N(C7CCC(=O)NC7=O)C8=O)CC6)CC5)ccc4C3=O)CC2)cc1Cl,N#Cc1ccc(OC2CCC(N3Cc4nc([*:1])ccc4C3=O)CC2)cc1Cl,C1CN([*:2])CCC1CN1CCN([*:1])CC1,O=C1CCC(N2C(=O)c3ccc([*:2])cc3C2=O)C(=O)N1,AR,CRBN,805.34,4.39,159.49,11,1,8,0.465,0.322,-5.71,-5.196,WO2022011204A1,2022,UNIVERSITY OF MICHIGAN
CC1(C)C(Oc2ccc(C#N)c(Cl)c2)C(C)(C)C1N1Cc2nc(N3CCN(CC4CCN(c5ccc6c(c5)C(=O)N(C5CCC(=O)NC5=O)C6=O)CC4)CC3)ccc2C1=O,CC1(C)C(Oc2ccc(C#N)c(Cl)c2)C(C)(C)C1N1Cc2nc([*:1])ccc2C1=O,C1CN([*:2])CCC1CN1CCN([*:1])CC1,O=C1CCC(N2C(=O)c3ccc([*:2])cc3C2=O)C(=O)N1,AR,CRBN,833.39,4.88,159.49,11,1,8,0.489,0.308,-5.658,-6.458,WO2022011204A1,2022,UNIVERSITY OF MICHIGAN
CC1(C)C(Oc2ccc(C#N)c(Cl)c2)C(C)(C)C1N1Cc2cc(C(=O)N3CCN(C4CN(c5ccc6c(c5)C(=O)N(C5CCC(=O)NC5=O)C6=O)C4)CC3)ccc2C1=O,CC1(C)C(Oc2ccc(C#N)c(Cl)c2)C(C)(C)C1N1Cc2cc([*:1])ccc2C1=O,O=C(N1CCN(C2CN([*:2])C2)CC1)[*:1],O=C1CCC(N2C(=O)c3ccc([*:2])cc3C2=O)C(=O)N1,AR,CRBN,818.33,4.1,163.67,10,1,7,0.432,0.344,-5.651,-5.082,WO2022011204A1,2022,UNIVERSITY OF MICHIGAN
N#Cc1ccc(OC2CCC(N3Cc4cc(N5CCN(CC6CCN(c7ccc8c(c7)CN(C7CCC(=O)NC7=O)C8=O)CC6)CC5)ccc4C3=O)CC2)cc1Cl,N#Cc1ccc(OC2CCC(N3Cc4cc([*:1])ccc4C3=O)CC2)cc1Cl,C1CN([*:2])CCC1CN1CCN([*:1])CC1,O=C1CCC(N2Cc3cc([*:2])ccc3C2=O)C(=O)N1,AR,CRBN,790.36,5.36,129.53,9,1,8,0.477,0.3,-5.687,-5.041,WO2022011204A1,2022,UNIVERSITY OF MICHIGAN
CC1(C)C(Oc2ccc(C#N)c(Cl)c2)C(C)(C)C1N1Cc2cc(N3CCN(CC4CCN(c5ccc6c(c5)C(=O)N(C5CCC(=O)NC5=O)C6=O)CC4)CC3)cc(F)c2C1=O,CC1(C)C(Oc2ccc(C#N)c(Cl)c2)C(C)(C)C1N1Cc2cc([*:1])cc(F)c2C1=O,C1CN([*:2])CCC1CN1CCN([*:1])CC1,O=C1CCC(N2C(=O)c3ccc([*:2])cc3C2=O)C(=O)N1,AR,CRBN,850.39,5.63,146.6,10,1,8,0.478,0.283,-5.557,-6.743,WO2022011204A1,2022,UNIVERSITY OF MICHIGAN
N#Cc1ccc(OC2CCC(N3Cc4cc(N5CCN(CC6CCN(c7ccc8c(c7)C(=O)N(C7CCC(=O)NC7=O)C8=O)C6)CC5)ccc4C3=O)CC2)cc1Cl,N#Cc1ccc(OC2CCC(N3Cc4cc([*:1])ccc4C3=O)CC2)cc1Cl,C1CN([*:2])CC1CN1CCN([*:1])CC1,O=C1CCC(N2C(=O)c3ccc([*:2])cc3C2=O)C(=O)N1,AR,CRBN,790.32,4.61,146.6,10,1,8,0.442,0.321,-5.7,-5.025,WO2022011204A1,2022,UNIVERSITY OF MICHIGAN
CC1(C)C(Oc2ccc(C#N)c(Cl)c2)C(C)(C)C1N1Cc2cc(N3CCN(CC4CCN(c5ccc6c(c5)C(=O)N(C5CCC(=O)NC5=O)C6=O)C4)CC3)ccc2C1=O,CC1(C)C(Oc2ccc(C#N)c(Cl)c2)C(C)(C)C1N1Cc2cc([*:1])ccc2C1=O,C1CN([*:2])CC1CN1CCN([*:1])CC1,O=C1CCC(N2C(=O)c3ccc([*:2])cc3C2=O)C(=O)N1,AR,CRBN,818.37,5.1,146.6,10,1,8,0.467,0.305,-5.576,-6.251,WO2022011204A1,2022,UNIVERSITY OF MICHIGAN
N#Cc1ncc(OC2CCC(N3Cc4cc(N5CCN(CC6CCN(c7ccc8c(c7)C(=O)N(C7CCC(=O)NC7=O)C8=O)CC6)CC5)ccc4C3=O)CC2)cc1C(F)(F)F,N#Cc1ncc(OC2CCC(N3Cc4cc([*:1])ccc4C3=O)CC2)cc1C(F)(F)F,C1CN([*:2])CCC1CN1CCN([*:1])CC1,O=C1CCC(N2C(=O)c3ccc([*:2])cc3C2=O)C(=O)N1,AR,CRBN,838.89,4.76,159.49,11,1,8,0.477,0.312,-5.484,-4.879,WO2022011204A1,2022,UNIVERSITY OF MICHIGAN
CC1(C)C(Oc2ccc(C#N)c(Cl)c2)C(C)(C)C1N1Cc2cc(N3CCN(CC4CCN(c5ccc6c(c5)CN(C5CCC(=O)NC5=O)C6=O)CC4)CC3)ccc2C1=O,CC1(C)C(Oc2ccc(C#N)c(Cl)c2)C(C)(C)C1N1Cc2cc([*:1])ccc2C1=O,C1CN([*:2])CCC1CN1CCN([*:1])CC1,O=C1CCC(N2Cc3cc([*:2])ccc3C2=O)C(=O)N1,AR,CRBN,818.42,5.85,129.53,9,1,8,0.5,0.279,-5.678,-6.356,WO2022011204A1,2022,UNIVERSITY OF MICHIGAN
CC1(C)C(Oc2ccc(C#N)c(Cl)c2)C(C)(C)C1N1Cc2cc(N3CCN(CC4CN(c5ccc6c(c5)C(=O)N(C5CCC(=O)NC5=O)C6=O)C4)CC3)ccc2C1=O,CC1(C)C(Oc2ccc(C#N)c(Cl)c2)C(C)(C)C1N1Cc2cc([*:1])ccc2C1=O,C1CN([*:1])CCN1CC1CN([*:2])C1,O=C1CCC(N2C(=O)c3ccc([*:2])cc3C2=O)C(=O)N1,AR,CRBN,804.35,4.71,146.6,10,1,8,0.455,0.318,-5.676,-5.899,WO2022011204A1,2022,UNIVERSITY OF MICHIGAN
N#Cc1ccc(OC2CCC(N3Cc4cc(N5CCN(CC6CN(c7ccc8c(c7)C(=O)N(C7CCC(=O)NC7=O)C8=O)C6)CC5)ccc4C3=O)CC2)cc1Cl,N#Cc1ccc(OC2CCC(N3Cc4cc([*:1])ccc4C3=O)CC2)cc1Cl,C1CN([*:1])CCN1CC1CN([*:2])C1,O=C1CCC(N2C(=O)c3ccc([*:2])cc3C2=O)C(=O)N1,AR,CRBN,776.29,4.22,146.6,10,1,8,0.429,0.33,-5.716,-4.64,WO2022011204A1,2022,UNIVERSITY OF MICHIGAN
Cc1c(-c2ccc(C#N)c(Cl)c2)nn(Cc2ccc(C#CC3CCN(C4CCN(c5ccc6c(c5)C(=O)N(C5CCC(=O)NC5=O)C6=O)CC4)CC3)cc2)c1C,Cc1c(-c2ccc(C#N)c(Cl)c2)nn(Cc2ccc([*:1])cc2)c1C,C(#C[*:1])C1CCN(C2CCN([*:2])CC2)CC1,O=C1CCC(N2C(=O)c3ccc([*:2])cc3C2=O)C(=O)N1,AR,CRBN,768.32,5.87,131.64,8,1,6,0.364,0.19,-5.631,-6.031,WO2022011204A1,2022,UNIVERSITY OF MICHIGAN
CC1(C)C(Oc2ccc(C#N)c(Cl)c2)C(C)(C)C1N1Cc2cc(N3CCN(CC4CCN(c5ccc6c(c5)C(=O)N(C5CCC(=O)NC5=O)C6=O)CC4)CC3)ccc2C1=O,CC1(C)C(Oc2ccc(C#N)c(Cl)c2)C(C)(C)C1N1Cc2cc([*:1])ccc2C1=O,C1CN([*:2])CCC1CN1CCN([*:1])CC1,O=C1CCC(N2C(=O)c3ccc([*:2])cc3C2=O)C(=O)N1,AR,CRBN,832.4,5.49,146.6,10,1,8,0.478,0.29,-5.627,-6.521,WO2022011204A1,2022,UNIVERSITY OF MICHIGAN
N#Cc1ccc(OC2CCC(N3Cc4cc(N5CCN(CC6CCN(c7ccc8c(c7)C(=O)N(C7CCC(=O)NC7=O)C8=O)CC6)CC5)ccc4C3=O)CC2)cc1Cl,N#Cc1ccc(OC2CCC(N3Cc4cc([*:1])ccc4C3=O)CC2)cc1Cl,C1CN([*:2])CCC1CN1CCN([*:1])CC1,O=C1CCC(N2C(=O)c3ccc([*:2])cc3C2=O)C(=O)N1,AR,CRBN,804.35,5.0,146.6,10,1,8,0.455,0.309,-5.705,-5.239,WO2022011204A1,2022,UNIVERSITY OF MICHIGAN
N#Cc1ccc(OC2CCN(C(=O)c3ccc(N4CCC(CN5CCN(c6ccc7c(c6)C(=O)N(C6CCC(=O)NC6=O)C7=O)CC5)CC4)cc3)CC2)cc1Cl,N#Cc1ccc(OC2CCN(C(=O)c3ccc([*:1])cc3)CC2)cc1Cl,C1CN([*:1])CCC1CN1CCN([*:2])CC1,O=C1CCC(N2C(=O)c3ccc([*:2])cc3C2=O)C(=O)N1,AR,CRBN,778.31,4.34,146.6,10,1,8,0.429,0.328,-5.757,-4.72,WO2022011204A1,2022,UNIVERSITY OF MICHIGAN
CC1(C)CN(C(=O)c2ccc(N3CCN(C4CCN(c5ccc6c(c5)C(=O)N(C5CCC(=O)NC5=O)C6=O)CC4)CC3)cc2)CCC1Oc1ccc(C#N)c(Cl)c1,CC1(C)CN(C(=O)c2ccc([*:1])cc2)CCC1Oc1ccc(C#N)c(Cl)c1,C1CN([*:2])CCC1N1CCN([*:1])CC1,O=C1CCC(N2C(=O)c3ccc([*:2])cc3C2=O)C(=O)N1,AR,CRBN,792.34,4.72,146.6,10,1,7,0.442,0.334,-5.625,-4.963,WO2022011204A1,2022,UNIVERSITY OF MICHIGAN
N#Cc1ccc(OC2CCC(N3Cc4cc(C(=O)N5CCN(CC6CN(c7ccc8c(c7)C(=O)N(C7CCC(=O)NC7=O)C8=O)C6)CC5)ccc4C3=O)CC2)cc1Cl,N#Cc1ccc(OC2CCC(N3Cc4cc([*:1])ccc4C3=O)CC2)cc1Cl,O=C(N1CCN(CC2CN([*:2])C2)CC1)[*:1],O=C1CCC(N2C(=O)c3ccc([*:2])cc3C2=O)C(=O)N1,AR,CRBN,804.3,3.85,163.67,10,1,8,0.419,0.331,-5.763,-4.141,WO2022011204A1,2022,UNIVERSITY OF MICHIGAN
N#Cc1ccc(OC2CCC(N3Cc4cc(C(=O)N5CCN(CC6CCN(c7ccc8c(c7)C(=O)N(C7CCC(=O)NC7=O)C8=O)CC6)CC5)ccc4C3=O)CC2)cc1Cl,N#Cc1ccc(OC2CCC(N3Cc4cc([*:1])ccc4C3=O)CC2)cc1Cl,O=C(N1CCN(CC2CCN([*:2])CC2)CC1)[*:1],O=C1CCC(N2C(=O)c3ccc([*:2])cc3C2=O)C(=O)N1,AR,CRBN,832.36,4.63,163.67,10,1,8,0.444,0.317,-5.816,-4.91,WO2022011204A1,2022,UNIVERSITY OF MICHIGAN
N#Cc1ccc(OC2CCC(N3Cc4cc(C(=O)N5CCN(C6CCN(c7ccc8c(c7)C(=O)N(C7CCC(=O)NC7=O)C8=O)CC6)CC5)ccc4C3=O)CC2)cc1Cl,N#Cc1ccc(OC2CCC(N3Cc4cc([*:1])ccc4C3=O)CC2)cc1Cl,O=C(N1CCN(C2CCN([*:2])CC2)CC1)[*:1],O=C1CCC(N2C(=O)c3ccc([*:2])cc3C2=O)C(=O)N1,AR,CRBN,818.33,4.39,163.67,10,1,7,0.432,0.339,-5.739,-4.483,WO2022011204A1,2022,UNIVERSITY OF MICHIGAN
N#Cc1ccc(OC2CCN(c3ccc(C(=O)N4CCN(C5CCN(c6ccc7c(c6)C(=O)N(C6CCC(=O)NC6=O)C7=O)CC5)CC4)cc3)CC2)cc1Cl,N#Cc1ccc(OC2CCN(c3ccc([*:1])cc3)CC2)cc1Cl,O=C(N1CCN(C2CCN([*:2])CC2)CC1)[*:1],O=C1CCC(N2C(=O)c3ccc([*:2])cc3C2=O)C(=O)N1,AR,CRBN,764.28,4.09,146.6,10,1,7,0.415,0.35,-5.618,-4.829,WO2022011204A1,2022,UNIVERSITY OF MICHIGAN
N#Cc1ccc(OC2CCN(c3ccc(C(=O)N4CCN(CC5CCN(c6ccc7c(c6)C(=O)N(C6CCC(=O)NC6=O)C7=O)CC5)CC4)cc3)CC2)cc1Cl,N#Cc1ccc(OC2CCN(c3ccc([*:1])cc3)CC2)cc1Cl,O=C(N1CCN(CC2CCN([*:2])CC2)CC1)[*:1],O=C1CCC(N2C(=O)c3ccc([*:2])cc3C2=O)C(=O)N1,AR,CRBN,778.31,4.34,146.6,10,1,8,0.429,0.328,-5.716,-5.022,WO2022011204A1,2022,UNIVERSITY OF MICHIGAN
N#Cc1ccc(OC2CC3CCC(C2)N3c2ccc(C(=O)N3CCN(C4CCN(c5ccc6c(c5)C(=O)N(C5CCC(=O)NC5=O)C6=O)CC4)CC3)cc2)cc1Cl,N#Cc1ccc(OC2CC3CCC(C2)N3c2ccc([*:1])cc2)cc1Cl,O=C(N1CCN(C2CCN([*:2])CC2)CC1)[*:1],O=C1CCC(N2C(=O)c3ccc([*:2])cc3C2=O)C(=O)N1,AR,CRBN,790.32,4.62,146.6,10,1,7,0.442,0.337,-5.558,-4.94,WO2022011204A1,2022,UNIVERSITY OF MICHIGAN
N#Cc1ccc(OC2CC3CCC(C2)N3c2ccc(C(=O)N3CCN(CC4CCN(c5ccc6c(c5)C(=O)N(C5CCC(=O)NC5=O)C6=O)CC4)CC3)cc2)cc1Cl,N#Cc1ccc(OC2CC3CCC(C2)N3c2ccc([*:1])cc2)cc1Cl,O=C(N1CCN(CC2CCN([*:2])CC2)CC1)[*:1],O=C1CCC(N2C(=O)c3ccc([*:2])cc3C2=O)C(=O)N1,AR,CRBN,804.35,4.87,146.6,10,1,8,0.455,0.313,-5.606,-5.112,WO2022011204A1,2022,UNIVERSITY OF MICHIGAN
Cc1c(-c2ccc(C#N)c(Cl)c2)nn(Cc2ccc(C#CC3CCN(C4CCN(c5cc6c(cc5F)C(=O)N(C5CCC(=O)NC5=O)C6=O)CC4)CC3)cc2)c1C,Cc1c(-c2ccc(C#N)c(Cl)c2)nn(Cc2ccc([*:1])cc2)c1C,C(#C[*:1])C1CCN(C2CCN([*:2])CC2)CC1,O=C1CCC(N2C(=O)c3cc(F)c([*:2])cc3C2=O)C(=O)N1,AR,CRBN,786.31,6.01,131.64,8,1,6,0.364,0.186,-5.593,-6.207,WO2022011204A1,2022,UNIVERSITY OF MICHIGAN
CC1(C)C(Oc2ccc(C#N)c(Cl)c2)C(C)(C)C1N1Cc2ccc(C#CC3CCN(C4CCN(c5ccc6c(c5)C(=O)N(C5CCC(=O)NC5=O)C6=O)CC4)CC3)cc2C1=O,CC1(C)C(Oc2ccc(C#N)c(Cl)c2)C(C)(C)C1N1Cc2ccc([*:1])cc2C1=O,C(#C[*:1])C1CCN(C2CCN([*:2])CC2)CC1,O=C1CCC(N2C(=O)c3ccc([*:2])cc3C2=O)C(=O)N1,AR,CRBN,841.41,6.18,143.36,9,1,6,0.458,0.227,-5.536,-6.768,WO2022011204A1,2022,UNIVERSITY OF MICHIGAN
CC1(C)C(Oc2ccc(C#N)c(Cl)c2)C(C)(C)C1N1Cc2cc(N3CCN(C4CCN(c5ccc6c(c5)C(=O)N(C5CCC(=O)NC5=O)C6=O)CC4)CC3)ccc2C1=O,CC1(C)C(Oc2ccc(C#N)c(Cl)c2)C(C)(C)C1N1Cc2cc([*:1])ccc2C1=O,C1CN([*:2])CCC1N1CCN([*:1])CC1,O=C1CCC(N2C(=O)c3ccc([*:2])cc3C2=O)C(=O)N1,AR,CRBN,818.37,5.24,146.6,10,1,7,0.467,0.314,-5.587,-6.296,WO2022011204A1,2022,UNIVERSITY OF MICHIGAN
N#Cc1ccc(OC2CCC(N3Cc4cc(C#CC5CCN(C6CCN(c7ccc8c(c7)C(=O)N(C7CCC(=O)NC7=O)C8=O)CC6)CC5)ccc4C3=O)CC2)cc1Cl,N#Cc1ccc(OC2CCC(N3Cc4cc([*:1])ccc4C3=O)CC2)cc1Cl,C(#C[*:1])C1CCN(C2CCN([*:2])CC2)CC1,O=C1CCC(N2C(=O)c3ccc([*:2])cc3C2=O)C(=O)N1,AR,CRBN,813.35,5.69,143.36,9,1,6,0.435,0.245,-5.497,-5.816,WO2022011204A1,2022,UNIVERSITY OF MICHIGAN
Cc1c(-c2ccc(C#N)c(Cl)c2)nn(Cc2ccc(C(=O)N3CCN(C4CCN(c5ccc6c(c5)C(=O)N(C5CCC(=O)NC5=O)C6=O)CC4)CC3)cc2)c1C,Cc1c(-c2ccc(C#N)c(Cl)c2)nn(Cc2ccc([*:1])cc2)c1C,O=C(N1CCN(C2CCN([*:2])CC2)CC1)[*:1],O=C1CCC(N2C(=O)c3ccc([*:2])cc3C2=O)C(=O)N1,AR,CRBN,773.29,4.57,151.95,9,1,7,0.357,0.267,-5.804,-4.934,WO2022011204A1,2022,UNIVERSITY OF MICHIGAN
Cc1c(-c2ccc(C#N)c(Cl)c2)nn(Cc2ccc(C(=O)N3CCN(CC4CCN(c5ccc6c(c5)C(=O)N(C5CCC(=O)NC5=O)C6=O)CC4)CC3)cc2)c1C,Cc1c(-c2ccc(C#N)c(Cl)c2)nn(Cc2ccc([*:1])cc2)c1C,O=C(N1CCN(CC2CCN([*:2])CC2)CC1)[*:1],O=C1CCC(N2C(=O)c3ccc([*:2])cc3C2=O)C(=O)N1,AR,CRBN,787.32,4.82,151.95,9,1,8,0.372,0.248,-5.833,-5.148,WO2022011204A1,2022,UNIVERSITY OF MICHIGAN
N#Cc1ccc(OC2CC3CCC(C2)N3C(=O)c2ccc(N3CCN(C4CCN(c5ccc6c(c5)C(=O)N(C5CCC(=O)NC5=O)C6=O)CC4)CC3)cc2)cc1Cl,N#Cc1ccc(OC2CC3CCC(C2)N3C(=O)c2ccc([*:1])cc2)cc1Cl,C1CN([*:2])CCC1N1CCN([*:1])CC1,O=C1CCC(N2C(=O)c3ccc([*:2])cc3C2=O)C(=O)N1,AR,CRBN,790.32,4.62,146.6,10,1,7,0.442,0.337,-5.522,-4.793,WO2022011204A1,2022,UNIVERSITY OF MICHIGAN
N#Cc1ccc(OC2CCN(C(=O)c3ccc(N4CCN(C5CCN(c6ccc7c(c6)C(=O)N(C6CCC(=O)NC6=O)C7=O)CC5)CC4)cc3)CC2)cc1Cl,N#Cc1ccc(OC2CCN(C(=O)c3ccc([*:1])cc3)CC2)cc1Cl,C1CN([*:2])CCC1N1CCN([*:1])CC1,O=C1CCC(N2C(=O)c3ccc([*:2])cc3C2=O)C(=O)N1,AR,CRBN,764.28,4.09,146.6,10,1,7,0.415,0.35,-5.662,-4.568,WO2022011204A1,2022,UNIVERSITY OF MICHIGAN
N#Cc1ccc(OC2CC3CCC(C2)N3C(=O)c2ccc(N3CC4(CN(CC5CCN(c6ccc7c(c6)C(=O)N(C6CCC(=O)NC6=O)C7=O)CC5)C4)C3)cc2)cc1Cl,N#Cc1ccc(OC2CC3CCC(C2)N3C(=O)c2ccc(N3CC4(C3)CN([*:1])C4)cc2)cc1Cl,C1CN([*:2])CCC1C[*:1],O=C1CCC(N2C(=O)c3ccc([*:2])cc3C2=O)C(=O)N1,AR,CRBN,816.36,4.87,146.6,10,1,8,0.467,0.313,-5.742,-5.05,WO2022011204A1,2022,UNIVERSITY OF MICHIGAN
N#Cc1ccc(OC2CC3CCC(C2)N3C(=O)c2ccc(N3CC4(C3)CN(C3CCN(c5ccc6c(c5)C(=O)N(C5CCC(=O)NC5=O)C6=O)CC3)C4)cc2)cc1Cl,N#Cc1ccc(OC2CC3CCC(C2)N3C(=O)c2ccc(N3CC4(C3)CN([*:1])C4)cc2)cc1Cl,C1CN([*:2])CCC1[*:1],O=C1CCC(N2C(=O)c3ccc([*:2])cc3C2=O)C(=O)N1,AR,CRBN,802.33,4.62,146.6,10,1,7,0.455,0.336,-5.702,-4.425,WO2022011204A1,2022,UNIVERSITY OF MICHIGAN
N#Cc1ccc(OC2CC3CCC(C2)N3C(=O)c2ccc(C3CCN(CC4CCN(c5ccc6c(c5)C(=O)N(C5CCC(=O)NC5=O)C6=O)CC4)CC3)cc2)cc1Cl,N#Cc1ccc(OC2CC3CCC(C2)N3C(=O)c2ccc([*:1])cc2)cc1Cl,C1CN([*:2])CCC1CN1CCC([*:1])CC1,O=C1CCC(N2C(=O)c3ccc([*:2])cc3C2=O)C(=O)N1,AR,CRBN,803.36,5.92,143.36,9,1,8,0.467,0.275,-5.63,-5.399,WO2022011204A1,2022,UNIVERSITY OF MICHIGAN
N#Cc1ccc(OC2CC3CCC(C2)N3C(=O)c2ccc(C(=O)N3CCN(C4CCN(c5ccc6c(c5)C(=O)N(C5CCC(=O)NC5=O)C6=O)CC4)CC3)cc2)cc1Cl,N#Cc1ccc(OC2CC3CCC(C2)N3C(=O)c2ccc([*:1])cc2)cc1Cl,O=C(N1CCN(C2CCN([*:2])CC2)CC1)[*:1],O=C1CCC(N2C(=O)c3ccc([*:2])cc3C2=O)C(=O)N1,AR,CRBN,818.33,4.25,163.67,10,1,7,0.432,0.341,-5.628,-4.28,WO2022011204A1,2022,UNIVERSITY OF MICHIGAN
N#Cc1ccc(OC2CC3CCC(C2)N3C(=O)c2ccc(C(=O)N3CCN(CC4CCN(c5ccc6c(c5)C(=O)N(C5CCC(=O)NC5=O)C6=O)CC4)CC3)cc2)cc1Cl,N#Cc1ccc(OC2CC3CCC(C2)N3C(=O)c2ccc([*:1])cc2)cc1Cl,O=C(N1CCN(CC2CCN([*:2])CC2)CC1)[*:1],O=C1CCC(N2C(=O)c3ccc([*:2])cc3C2=O)C(=O)N1,AR,CRBN,832.36,4.5,163.67,10,1,8,0.444,0.32,-5.639,-4.561,WO2022011204A1,2022,UNIVERSITY OF MICHIGAN
N#Cc1ccc(OC2CC3CCC(C2)N3C(=O)c2ccc(N3CCN(CC4CN(c5cccc6c5C(=O)N(C5CCC(=O)NC5=O)C6=O)C4)CC3)cc2)cc1Cl,N#Cc1ccc(OC2CC3CCC(C2)N3C(=O)c2ccc([*:1])cc2)cc1Cl,C1CN([*:1])CCN1CC1CN([*:2])C1,O=C1CCC(N2C(=O)c3cccc([*:2])c3C2=O)C(=O)N1,AR,CRBN,776.29,4.09,146.6,10,1,8,0.429,0.332,-5.619,-4.712,WO2022011204A1,2022,UNIVERSITY OF MICHIGAN
N#Cc1ccc(OC2CC3CCC(C2)N3C(=O)c2ccc(N3CCN(CC4CN(c5ccc6c(c5)C(=O)N(C5CCC(=O)NC5=O)C6=O)C4)CC3)cc2)cc1Cl,N#Cc1ccc(OC2CC3CCC(C2)N3C(=O)c2ccc([*:1])cc2)cc1Cl,C1CN([*:1])CCN1CC1CN([*:2])C1,O=C1CCC(N2C(=O)c3ccc([*:2])cc3C2=O)C(=O)N1,AR,CRBN,776.29,4.09,146.6,10,1,8,0.429,0.332,-5.606,-4.495,WO2022011204A1,2022,UNIVERSITY OF MICHIGAN
N#Cc1ccc(OC2CC3CCC(C2)N3C(=O)c2ccc(N3CCN(CC4CCN(c5cccc6c5C(=O)N(C5CCC(=O)NC5=O)C6=O)CC4)CC3)nc2)cc1Cl,N#Cc1ccc(OC2CC3CCC(C2)N3C(=O)c2ccc([*:1])nc2)cc1Cl,C1CN([*:2])CCC1CN1CCN([*:1])CC1,O=C1CCC(N2C(=O)c3cccc([*:2])c3C2=O)C(=O)N1,AR,CRBN,805.34,4.26,159.49,11,1,8,0.465,0.325,-5.551,-5.444,WO2022011204A1,2022,UNIVERSITY OF MICHIGAN
N#Cc1ccc(OC2CC3CCC(C2)N3C(=O)c2ccc(N3CCN(CC4CCN(c5ccc6c(c5)C(=O)N(C5CCC(=O)NC5=O)C6=O)CC4)CC3)nc2)cc1Cl,N#Cc1ccc(OC2CC3CCC(C2)N3C(=O)c2ccc([*:1])nc2)cc1Cl,C1CN([*:2])CCC1CN1CCN([*:1])CC1,O=C1CCC(N2C(=O)c3ccc([*:2])cc3C2=O)C(=O)N1,AR,CRBN,805.34,4.26,159.49,11,1,8,0.465,0.325,-5.57,-5.118,WO2022011204A1,2022,UNIVERSITY OF MICHIGAN
N#Cc1ccc(OC2CC3CCC(C2)N3C(=O)c2ccc(N3CCC(CN4CCN(c5ccc6c(c5)C(=O)N(C5CCC(=O)NC5=O)C6=O)CC4)CC3)cc2)cc1Cl,N#Cc1ccc(OC2CC3CCC(C2)N3C(=O)c2ccc([*:1])cc2)cc1Cl,C1CN([*:1])CCC1CN1CCN([*:2])CC1,O=C1CCC(N2C(=O)c3ccc([*:2])cc3C2=O)C(=O)N1,AR,CRBN,804.35,4.87,146.6,10,1,8,0.455,0.313,-5.595,-5.035,WO2022011204A1,2022,UNIVERSITY OF MICHIGAN
CC1(C)C(NC(=O)c2ccc(N3CC4(CN(CC5CCN(c6ccc7c(c6)C(=O)N(C6CCC(=O)NC6=O)C7=O)CC5)C4)C3)cc2)C(C)(C)C1Oc1ccc(C#N)c(Cl)c1,CC1(C)C(NC(=O)c2ccc(N3CC4(C3)CN([*:1])C4)cc2)C(C)(C)C1Oc1ccc(C#N)c(Cl)c1,C1CN([*:2])CCC1C[*:1],O=C1CCC(N2C(=O)c3ccc([*:2])cc3C2=O)C(=O)N1,AR,CRBN,832.4,5.26,155.39,10,2,9,0.478,0.273,-5.822,-5.885,WO2022011205A1,2022,UNIVERSITY OF MICHIGAN
CC1(C)C(NC(=O)c2ccc(N3CC4(C3)CN(C3CCN(c5ccc6c(c5)C(=O)N(C5CCC(=O)NC5=O)C6=O)CC3)C4)cc2)C(C)(C)C1Oc1ccc(C#N)c(Cl)c1,CC1(C)C(NC(=O)c2ccc(N3CC4(C3)CN([*:1])C4)cc2)C(C)(C)C1Oc1ccc(C#N)c(Cl)c1,C1CN([*:2])CCC1[*:1],O=C1CCC(N2C(=O)c3ccc([*:2])cc3C2=O)C(=O)N1,AR,CRBN,818.37,5.02,155.39,10,2,8,0.467,0.297,-5.739,-5.648,WO2022011205A1,2022,UNIVERSITY OF MICHIGAN
CC1(C)C(NC(=O)c2c(F)cc(N3CCN(C4CCN(c5ccc6c(c5)C(=O)N(C5CCC(=O)NC5=O)C6=O)CC4)CC3)cc2F)C(C)(C)C1Oc1ccc(C#N)c(Cl)c1,CC1(C)C(NC(=O)c2c(F)cc([*:1])cc2F)C(C)(C)C1Oc1ccc(C#N)c(Cl)c1,C1CN([*:2])CCC1N1CCN([*:1])CC1,O=C1CCC(N2C(=O)c3ccc([*:2])cc3C2=O)C(=O)N1,AR,CRBN,842.34,5.29,155.39,10,2,8,0.455,0.286,-5.486,-6.072,WO2022011205A1,2022,UNIVERSITY OF MICHIGAN
CC1(C)C(NC(=O)c2ncc(N3CCN(C4CCN(c5ccc6c(c5)C(=O)N(C5CCC(=O)NC5=O)C6=O)CC4)CC3)cn2)C(C)(C)C1Oc1ccc(C#N)c(Cl)c1,CC1(C)C(NC(=O)c2ncc([*:1])cn2)C(C)(C)C1Oc1ccc(C#N)c(Cl)c1,C1CN([*:2])CCC1N1CCN([*:1])CC1,O=C1CCC(N2C(=O)c3ccc([*:2])cc3C2=O)C(=O)N1,AR,CRBN,808.34,3.81,181.17,12,2,8,0.476,0.315,-5.514,-5.44,WO2022011205A1,2022,UNIVERSITY OF MICHIGAN
CC1(C)C(NC(=O)c2cnc(N3CCN(C4CCN(c5ccc6c(c5)C(=O)N(C5CCC(=O)NC5=O)C6=O)CC4)CC3)cn2)C(C)(C)C1Oc1ccc(C#N)c(Cl)c1,CC1(C)C(NC(=O)c2cnc([*:1])cn2)C(C)(C)C1Oc1ccc(C#N)c(Cl)c1,C1CN([*:2])CCC1N1CCN([*:1])CC1,O=C1CCC(N2C(=O)c3ccc([*:2])cc3C2=O)C(=O)N1,AR,CRBN,808.34,3.81,181.17,12,2,8,0.476,0.315,-5.514,-5.718,WO2022011205A1,2022,UNIVERSITY OF MICHIGAN
CC1(C)C(NC(=O)c2ccc(N3CCN(C4CCN(c5ccc6c(c5)C(=O)N(C5CCC(=O)NC5=O)C6=O)CC4)CC3)nn2)C(C)(C)C1Oc1ccc(C#N)c(Cl)c1,CC1(C)C(NC(=O)c2ccc([*:1])nn2)C(C)(C)C1Oc1ccc(C#N)c(Cl)c1,C1CN([*:2])CCC1N1CCN([*:1])CC1,O=C1CCC(N2C(=O)c3ccc([*:2])cc3C2=O)C(=O)N1,AR,CRBN,808.34,3.81,181.17,12,2,8,0.476,0.315,-5.565,-5.725,WO2022011205A1,2022,UNIVERSITY OF MICHIGAN
CC1(C)C(NC(=O)c2ccc(N3CCN(C4CCN(c5cc6c(cc5F)C(=O)N(C5CCC(=O)NC5=O)C6=O)CC4)CC3)cc2)C(C)(C)C1Oc1ccc(C#N)c(Cl)c1,CC1(C)C(NC(=O)c2ccc([*:1])cc2)C(C)(C)C1Oc1ccc(C#N)c(Cl)c1,C1CN([*:2])CCC1N1CCN([*:1])CC1,O=C1CCC(N2C(=O)c3cc(F)c([*:2])cc3C2=O)C(=O)N1,AR,CRBN,824.35,5.15,155.39,10,2,8,0.455,0.292,-5.536,-5.854,WO2022011205A1,2022,UNIVERSITY OF MICHIGAN
CC1(C)C(NC(=O)c2ccc(N3CCN(C4CN(c5ccc6c(c5)C(=O)N(C5CCC(=O)NC5=O)C6=O)C4)CC3)cc2)CC1Oc1ccc(C#N)c(Cl)c1,CC1(C)C(NC(=O)c2ccc([*:1])cc2)CC1Oc1ccc(C#N)c(Cl)c1,C1CN([*:1])CCN1C1CN([*:2])C1,O=C1CCC(N2C(=O)c3ccc([*:2])cc3C2=O)C(=O)N1,AR,CRBN,750.26,3.6,155.39,10,2,8,0.4,0.327,-5.455,-4.262,WO2022011205A1,2022,UNIVERSITY OF MICHIGAN
CC1(C)C(NC(=O)c2ccc(N3CCN(C4CCN(c5ccc6c(c5)C(=O)N(C5CCC(=O)NC5=O)C6=O)CC4)CC3)cc2)CC1Oc1ccc(C#N)c(Cl)c1,CC1(C)C(NC(=O)c2ccc([*:1])cc2)CC1Oc1ccc(C#N)c(Cl)c1,C1CN([*:2])CCC1N1CCN([*:1])CC1,O=C1CCC(N2C(=O)c3ccc([*:2])cc3C2=O)C(=O)N1,AR,CRBN,778.31,4.38,155.39,10,2,8,0.429,0.315,-5.558,-5.18,WO2022011205A1,2022,UNIVERSITY OF MICHIGAN
CC1(C)C(Oc2ccc(C#N)c(Cl)c2)CN1C(=O)c1ccc(C(=O)N2CCN(C3CN(c4ccc5c(c4)C(=O)N(C4CCC(=O)NC4=O)C5=O)C3)CC2)cc1,CC1(C)C(Oc2ccc(C#N)c(Cl)c2)CN1C(=O)c1ccc([*:1])cc1,O=C(N1CCN(C2CN([*:2])C2)CC1)[*:1],O=C1CCC(N2C(=O)c3ccc([*:2])cc3C2=O)C(=O)N1,AR,CRBN,764.24,2.94,163.67,10,1,7,0.375,0.354,-5.56,-3.995,WO2022011205A1,2022,UNIVERSITY OF MICHIGAN
CC1(C)C(NC(=O)C23CCC(C(=O)N4CCN(C5CCN(c6ccc7c(c6)C(=O)N(C6CCC(=O)NC6=O)C7=O)CC5)CC4)(CC2)CC3)C(C)(C)C1Oc1ccc(C#N)c(Cl)c1,CC1(C)C(NC(=O)C23CCC([*:1])(CC2)CC3)C(C)(C)C1Oc1ccc(C#N)c(Cl)c1,O=C(N1CCN(C2CCN([*:2])CC2)CC1)[*:1],O=C1CCC(N2C(=O)c3ccc([*:2])cc3C2=O)C(=O)N1,AR,CRBN,866.46,5.06,172.46,10,2,8,0.596,0.342,-5.63,-5.383,WO2022011205A1,2022,UNIVERSITY OF MICHIGAN
CC1(C)C(Nc2ccc(N3CCN(C4CCN(c5ccc6c(c5)C(=O)N(C5CCC(=O)NC5=O)C6=O)CC4)CC3)cc2)C(C)(C)C1Oc1ccc(C#N)c(Cl)c1,CC1(C)C(Nc2ccc([*:1])cc2)C(C)(C)C1Oc1ccc(C#N)c(Cl)c1,C1CN([*:2])CCC1N1CCN([*:1])CC1,O=C1CCC(N2C(=O)c3ccc([*:2])cc3C2=O)C(=O)N1,AR,CRBN,778.35,5.7,138.32,10,2,8,0.465,0.274,-5.52,-5.961,WO2022011205A1,2022,UNIVERSITY OF MICHIGAN
CC1(C)C(Nc2ccc(N3CCN(C4CN(c5ccc6c(c5)C(=O)N(C5CCC(=O)NC5=O)C6=O)C4)CC3)cc2)C(C)(C)C1Oc1ccc(C#N)c(Cl)c1,CC1(C)C(Nc2ccc([*:1])cc2)C(C)(C)C1Oc1ccc(C#N)c(Cl)c1,C1CN([*:1])CCN1C1CN([*:2])C1,O=C1CCC(N2C(=O)c3ccc([*:2])cc3C2=O)C(=O)N1,AR,CRBN,750.3,4.92,138.32,10,2,8,0.439,0.306,-5.451,-5.42,WO2022011205A1,2022,UNIVERSITY OF MICHIGAN
CC1(C)C(Nc2ccc(C(=O)N3CCN(C4CCN(c5ccc6c(c5)C(=O)N(C5CCC(=O)NC5=O)C6=O)CC4)CC3)cc2)C(C)(C)C1Oc1ccc(C#N)c(Cl)c1,CC1(C)C(Nc2ccc([*:1])cc2)C(C)(C)C1Oc1ccc(C#N)c(Cl)c1,O=C(N1CCN(C2CCN([*:2])CC2)CC1)[*:1],O=C1CCC(N2C(=O)c3ccc([*:2])cc3C2=O)C(=O)N1,AR,CRBN,806.36,5.33,155.39,10,2,8,0.455,0.286,-5.611,-5.568,WO2022011205A1,2022,UNIVERSITY OF MICHIGAN
CC1(C)C(Nc2ccc(C(=O)N3CCN(C4CN(c5ccc6c(c5)C(=O)N(C5CCC(=O)NC5=O)C6=O)C4)CC3)cc2)C(C)(C)C1Oc1ccc(C#N)c(Cl)c1,CC1(C)C(Nc2ccc([*:1])cc2)C(C)(C)C1Oc1ccc(C#N)c(Cl)c1,O=C(N1CCN(C2CN([*:2])C2)CC1)[*:1],O=C1CCC(N2C(=O)c3ccc([*:2])cc3C2=O)C(=O)N1,AR,CRBN,778.31,4.55,155.39,10,2,8,0.429,0.312,-5.499,-4.98,WO2022011205A1,2022,UNIVERSITY OF MICHIGAN
CC1(C)C(NC(=O)c2ccc(N3CCN(C4CCN(c5ccc6c(c5)CN(C5CCC(=O)NC5=O)C6=O)CC4)CC3)cc2)C(C)(C)C1Oc1ccc(C#N)c(Cl)c1,CC1(C)C(NC(=O)c2ccc([*:1])cc2)C(C)(C)C1Oc1ccc(C#N)c(Cl)c1,C1CN([*:2])CCC1N1CCN([*:1])CC1,O=C1CCC(N2Cc3cc([*:2])ccc3C2=O)C(=O)N1,AR,CRBN,792.38,5.38,138.32,9,2,8,0.477,0.289,-5.626,-5.517,WO2022011205A1,2022,UNIVERSITY OF MICHIGAN
CC1(C)C(NC(=O)c2ccc(N3CCN(C4CCN(c5ccc6c(c5)C(=O)N(C5CCC(=O)NC5=O)C6=O)CC4)CC3)nc2)C(C)(C)C1Oc1ccc(C#N)c(Cl)c1,CC1(C)C(NC(=O)c2ccc([*:1])nc2)C(C)(C)C1Oc1ccc(C#N)c(Cl)c1,C1CN([*:2])CCC1N1CCN([*:1])CC1,O=C1CCC(N2C(=O)c3ccc([*:2])cc3C2=O)C(=O)N1,AR,CRBN,807.35,4.41,168.28,11,2,8,0.465,0.31,-5.571,-5.765,WO2022011205A1,2022,UNIVERSITY OF MICHIGAN
CC1(C)C(NC(=O)c2ccc(N3CCN(C4CCN(c5ccc6c(c5)C(=O)N(C5CCC(=O)NC5=O)C6=O)CC4)CC3)cn2)C(C)(C)C1Oc1ccc(C#N)c(Cl)c1,CC1(C)C(NC(=O)c2ccc([*:1])cn2)C(C)(C)C1Oc1ccc(C#N)c(Cl)c1,C1CN([*:2])CCC1N1CCN([*:1])CC1,O=C1CCC(N2C(=O)c3ccc([*:2])cc3C2=O)C(=O)N1,AR,CRBN,807.35,4.41,168.28,11,2,8,0.465,0.31,-5.509,-5.483,WO2022011205A1,2022,UNIVERSITY OF MICHIGAN
CC1(C)C(NC(=O)c2ccc(N3CCN(C4CCN(c5ccc6c(c5)C(=O)N(C5CCC(=O)NC5=O)C6=O)CC4)CC3)c(F)c2)C(C)(C)C1Oc1ccc(C#N)c(Cl)c1,CC1(C)C(NC(=O)c2ccc([*:1])c(F)c2)C(C)(C)C1Oc1ccc(C#N)c(Cl)c1,C1CN([*:2])CCC1N1CCN([*:1])CC1,O=C1CCC(N2C(=O)c3ccc([*:2])cc3C2=O)C(=O)N1,AR,CRBN,824.35,5.15,155.39,10,2,8,0.455,0.292,-5.514,-5.893,WO2022011205A1,2022,UNIVERSITY OF MICHIGAN
CC1(C)C(NC(=O)c2ccc(N3CCN(C4CCN(c5ccc6c(c5)C(=O)N(C5CCC(=O)NC5=O)C6=O)CC4)CC3)cc2F)C(C)(C)C1Oc1ccc(C#N)c(Cl)c1,CC1(C)C(NC(=O)c2ccc([*:1])cc2F)C(C)(C)C1Oc1ccc(C#N)c(Cl)c1,C1CN([*:2])CCC1N1CCN([*:1])CC1,O=C1CCC(N2C(=O)c3ccc([*:2])cc3C2=O)C(=O)N1,AR,CRBN,824.35,5.15,155.39,10,2,8,0.455,0.292,-5.468,-5.931,WO2022011205A1,2022,UNIVERSITY OF MICHIGAN
Cc1c(OC2C(C)(C)C(NC(=O)c3ccc(N4CCN(C5CCN(c6ccc7c(c6)C(=O)N(C6CCC(=O)NC6=O)C7=O)CC5)CC4)cc3)C2(C)C)ccc(C#N)c1F,Cc1c(OC2C(C)(C)C(NC(=O)c3ccc([*:1])cc3)C2(C)C)ccc(C#N)c1F,C1CN([*:2])CCC1N1CCN([*:1])CC1,O=C1CCC(N2C(=O)c3ccc([*:2])cc3C2=O)C(=O)N1,AR,CRBN,803.94,4.81,155.39,10,2,8,0.467,0.304,-5.555,-5.476,WO2022011205A1,2022,UNIVERSITY OF MICHIGAN
CC1(C)C(NC(=O)c2ccc(N3CCN(C4CCN(c5ccc6c(c5)C(=O)N(C5CCC(=O)NC5=O)C6=O)CC4)CC3)cc2)C(C)(C)C1Oc1ccc(C#N)c(F)c1,CC1(C)C(NC(=O)c2ccc([*:1])cc2)C(C)(C)C1Oc1ccc(C#N)c(F)c1,C1CN([*:2])CCC1N1CCN([*:1])CC1,O=C1CCC(N2C(=O)c3ccc([*:2])cc3C2=O)C(=O)N1,AR,CRBN,789.91,4.5,155.39,10,2,8,0.455,0.312,-5.578,-5.301,WO2022011205A1,2022,UNIVERSITY OF MICHIGAN
Cc1cc(OC2C(C)(C)C(NC(=O)c3ccc(N4CCN(C5CCN(c6ccc7c(c6)C(=O)N(C6CCC(=O)NC6=O)C7=O)CC5)CC4)cc3)C2(C)C)ccc1C#N,Cc1cc(OC2C(C)(C)C(NC(=O)c3ccc([*:1])cc3)C2(C)C)ccc1C#N,C1CN([*:2])CCC1N1CCN([*:1])CC1,O=C1CCC(N2C(=O)c3ccc([*:2])cc3C2=O)C(=O)N1,AR,CRBN,785.95,4.67,155.39,10,2,8,0.467,0.308,-5.667,-5.1,WO2022011205A1,2022,UNIVERSITY OF MICHIGAN
Cc1c(OC2C(C)(C)C(NC(=O)c3ccc(N4CCN(C5CCN(c6ccc7c(c6)C(=O)N(C6CCC(=O)NC6=O)C7=O)CC5)CC4)cc3)C2(C)C)ccc(C#N)c1Cl,Cc1c(OC2C(C)(C)C(NC(=O)c3ccc([*:1])cc3)C2(C)C)ccc(C#N)c1Cl,C1CN([*:2])CCC1N1CCN([*:1])CC1,O=C1CCC(N2C(=O)c3ccc([*:2])cc3C2=O)C(=O)N1,AR,CRBN,820.39,5.32,155.39,10,2,8,0.467,0.285,-5.574,-5.785,WO2022011205A1,2022,UNIVERSITY OF MICHIGAN
CC1(C)C(NC(=O)c2ccc(N3CCN(C4CCN(c5ccc6c(c5)C(=O)N(C5CCC(=O)NC5=O)C6=O)CC4)CC3)cc2)C(C)(C)C1Oc1cnc(C#N)c(C(F)(F)F)c1,CC1(C)C(NC(=O)c2ccc([*:1])cc2)C(C)(C)C1Oc1cnc(C#N)c(C(F)(F)F)c1,C1CN([*:2])CCC1N1CCN([*:1])CC1,O=C1CCC(N2C(=O)c3ccc([*:2])cc3C2=O)C(=O)N1,AR,CRBN,840.9,4.78,168.28,11,2,8,0.477,0.3,-5.559,-5.266,WO2022011205A1,2022,UNIVERSITY OF MICHIGAN
CC1(C)C(NC(=O)c2ccc(N3CCN(C4CCN(c5ccc6c(c5)C(=O)N(C5CCC(=O)NC5=O)C6=O)CC4)CC3)cc2)C(C)(C)C1Oc1ccc(C#N)c(C(F)(F)F)c1,CC1(C)C(NC(=O)c2ccc([*:1])cc2)C(C)(C)C1Oc1ccc(C#N)c(C(F)(F)F)c1,C1CN([*:2])CCC1N1CCN([*:1])CC1,O=C1CCC(N2C(=O)c3ccc([*:2])cc3C2=O)C(=O)N1,AR,CRBN,839.92,5.38,155.39,10,2,8,0.467,0.283,-5.606,-5.595,WO2022011205A1,2022,UNIVERSITY OF MICHIGAN
CC1(C)C(NC(=O)c2ccc(N3CCN(C4CN(c5ccc6c(c5)CN(C5CCC(=O)NC5=O)C6=O)C4)CC3)cc2)C(C)(C)C1Oc1ccc(C#N)c(Cl)c1,CC1(C)C(NC(=O)c2ccc([*:1])cc2)C(C)(C)C1Oc1ccc(C#N)c(Cl)c1,C1CN([*:1])CCN1C1CN([*:2])C1,O=C1CCC(N2Cc3cc([*:2])ccc3C2=O)C(=O)N1,AR,CRBN,764.33,4.6,138.32,9,2,8,0.452,0.316,-5.542,-4.767,WO2022011205A1,2022,UNIVERSITY OF MICHIGAN
CC1(C)C(NC(=O)c2cnc(N3CCN(C4CN(c5ccc6c(c5)C(=O)N(C5CCC(=O)NC5=O)C6=O)C4)CC3)nc2)C(C)(C)C1Oc1ccc(C#N)c(Cl)c1,CC1(C)C(NC(=O)c2cnc([*:1])nc2)C(C)(C)C1Oc1ccc(C#N)c(Cl)c1,C1CN([*:1])CCN1C1CN([*:2])C1,O=C1CCC(N2C(=O)c3ccc([*:2])cc3C2=O)C(=O)N1,AR,CRBN,780.29,3.03,181.17,12,2,8,0.45,0.32,-5.521,-5.118,WO2022011205A1,2022,UNIVERSITY OF MICHIGAN
CC1(C)C(NC(=O)c2ccc(N3CCN(C4CN(c5ccc6c(c5)C(=O)N(C5CCC(=O)NC5=O)C6=O)C4)CC3)nc2)C(C)(C)C1Oc1ccc(C#N)c(Cl)c1,CC1(C)C(NC(=O)c2ccc([*:1])nc2)C(C)(C)C1Oc1ccc(C#N)c(Cl)c1,C1CN([*:1])CCN1C1CN([*:2])C1,O=C1CCC(N2C(=O)c3ccc([*:2])cc3C2=O)C(=O)N1,AR,CRBN,779.3,3.63,168.28,11,2,8,0.439,0.321,-5.487,-5.067,WO2022011205A1,2022,UNIVERSITY OF MICHIGAN
CC1(C)C(NC(=O)c2ccc(N3CCN(C4CN(c5ccc6c(c5)C(=O)N(C5CCC(=O)NC5=O)C6=O)C4)CC3)cn2)C(C)(C)C1Oc1ccc(C#N)c(Cl)c1,CC1(C)C(NC(=O)c2ccc([*:1])cn2)C(C)(C)C1Oc1ccc(C#N)c(Cl)c1,C1CN([*:1])CCN1C1CN([*:2])C1,O=C1CCC(N2C(=O)c3ccc([*:2])cc3C2=O)C(=O)N1,AR,CRBN,779.3,3.63,168.28,11,2,8,0.439,0.321,-5.442,-4.858,WO2022011205A1,2022,UNIVERSITY OF MICHIGAN
CC1(C)C(NC(=O)c2ccc(N3CCN(C4CN(c5ccc6c(c5)C(=O)N(C5CCC(=O)NC5=O)C6=O)C4)CC3)c(F)c2)C(C)(C)C1Oc1ccc(C#N)c(Cl)c1,CC1(C)C(NC(=O)c2ccc([*:1])c(F)c2)C(C)(C)C1Oc1ccc(C#N)c(Cl)c1,C1CN([*:1])CCN1C1CN([*:2])C1,O=C1CCC(N2C(=O)c3ccc([*:2])cc3C2=O)C(=O)N1,AR,CRBN,796.3,4.37,155.39,10,2,8,0.429,0.314,-5.458,-5.239,WO2022011205A1,2022,UNIVERSITY OF MICHIGAN
CC1(C)C(NC(=O)c2ccc(N3CCN(C4CN(c5ccc6c(c5)C(=O)N(C5CCC(=O)NC5=O)C6=O)C4)CC3)cc2F)C(C)(C)C1Oc1ccc(C#N)c(Cl)c1,CC1(C)C(NC(=O)c2ccc([*:1])cc2F)C(C)(C)C1Oc1ccc(C#N)c(Cl)c1,C1CN([*:1])CCN1C1CN([*:2])C1,O=C1CCC(N2C(=O)c3ccc([*:2])cc3C2=O)C(=O)N1,AR,CRBN,796.3,4.37,155.39,10,2,8,0.429,0.314,-5.414,-5.289,WO2022011205A1,2022,UNIVERSITY OF MICHIGAN
CC1(C)C(NC(=O)c2ccc(C#CC3CCN(C4CCN(c5cc6c(cc5F)C(=O)N(C5CCC(=O)NC5=O)C6=O)CC4)CC3)cc2)C(C)(C)C1Oc1ccc(C#N)c(Cl)c1,CC1(C)C(NC(=O)c2ccc([*:1])cc2)C(C)(C)C1Oc1ccc(C#N)c(Cl)c1,C(#C[*:1])C1CCN(C2CCN([*:2])CC2)CC1,O=C1CCC(N2C(=O)c3cc(F)c([*:2])cc3C2=O)C(=O)N1,AR,CRBN,847.39,6.1,152.15,9,2,7,0.447,0.213,-5.516,-6.321,WO2022011205A1,2022,UNIVERSITY OF MICHIGAN
CC1(C)C(NC(=O)c2ccc(C#CC3CCN(C4CCN(c5ccc6c(c5)C(=O)N(C5CCC(=O)NC5=O)C6=O)CC4)CC3)nc2)C(C)(C)C1Oc1ccc(C#N)c(Cl)c1,CC1(C)C(NC(=O)c2ccc([*:1])nc2)C(C)(C)C1Oc1ccc(C#N)c(Cl)c1,C(#C[*:1])C1CCN(C2CCN([*:2])CC2)CC1,O=C1CCC(N2C(=O)c3ccc([*:2])cc3C2=O)C(=O)N1,AR,CRBN,830.39,5.35,165.04,10,2,7,0.457,0.234,-5.56,-5.879,WO2022011205A1,2022,UNIVERSITY OF MICHIGAN
CC1(C)C(NC(=O)c2ccc(C#CC3CCN(C4CCN(c5ccc6c(c5)C(=O)N(C5CCC(=O)NC5=O)C6=O)CC4)CC3)cn2)C(C)(C)C1Oc1ccc(C#N)c(Cl)c1,CC1(C)C(NC(=O)c2ccc([*:1])cn2)C(C)(C)C1Oc1ccc(C#N)c(Cl)c1,C(#C[*:1])C1CCN(C2CCN([*:2])CC2)CC1,O=C1CCC(N2C(=O)c3ccc([*:2])cc3C2=O)C(=O)N1,AR,CRBN,830.39,5.35,165.04,10,2,7,0.457,0.234,-5.472,-5.834,WO2022011205A1,2022,UNIVERSITY OF MICHIGAN
CC1(C)C(NC(=O)c2ccc(C#CC3CCN(C4CCN(c5ccc6c(c5)C(=O)N(C5CCC(=O)NC5=O)C6=O)CC4)CC3)c(F)c2)C(C)(C)C1Oc1ccc(C#N)c(Cl)c1,CC1(C)C(NC(=O)c2ccc([*:1])c(F)c2)C(C)(C)C1Oc1ccc(C#N)c(Cl)c1,C(#C[*:1])C1CCN(C2CCN([*:2])CC2)CC1,O=C1CCC(N2C(=O)c3ccc([*:2])cc3C2=O)C(=O)N1,AR,CRBN,847.39,6.1,152.15,9,2,7,0.447,0.213,-5.507,-6.192,WO2022011205A1,2022,UNIVERSITY OF MICHIGAN
CC1(C)C(NC(=O)c2ccc(C#CC3CCN(C4CCN(c5ccc6c(c5)C(=O)N(C5CCC(=O)NC5=O)C6=O)CC4)CC3)cc2F)C(C)(C)C1Oc1ccc(C#N)c(Cl)c1,CC1(C)C(NC(=O)c2ccc([*:1])cc2F)C(C)(C)C1Oc1ccc(C#N)c(Cl)c1,C(#C[*:1])C1CCN(C2CCN([*:2])CC2)CC1,O=C1CCC(N2C(=O)c3ccc([*:2])cc3C2=O)C(=O)N1,AR,CRBN,847.39,6.1,152.15,9,2,7,0.447,0.213,-5.439,-6.443,WO2022011205A1,2022,UNIVERSITY OF MICHIGAN
Cc1c(OC2C(C)(C)C(NC(=O)c3ccc(C#CC4CCN(C5CCN(c6ccc7c(c6)C(=O)N(C6CCC(=O)NC6=O)C7=O)CC5)CC4)cc3)C2(C)C)ccc(C#N)c1F,Cc1c(OC2C(C)(C)C(NC(=O)c3ccc([*:1])cc3)C2(C)C)ccc(C#N)c1F,C(#C[*:1])C1CCN(C2CCN([*:2])CC2)CC1,O=C1CCC(N2C(=O)c3ccc([*:2])cc3C2=O)C(=O)N1,AR,CRBN,826.97,5.75,152.15,9,2,7,0.458,0.224,-5.558,-6.008,WO2022011205A1,2022,UNIVERSITY OF MICHIGAN
CC1(C)C(NC(=O)c2ccc(C#CC3CCN(C4CCN(c5ccc6c(c5)C(=O)N(C5CCC(=O)NC5=O)C6=O)CC4)CC3)cc2)C(C)(C)C1Oc1ccc(C#N)c(F)c1,CC1(C)C(NC(=O)c2ccc([*:1])cc2)C(C)(C)C1Oc1ccc(C#N)c(F)c1,C(#C[*:1])C1CCN(C2CCN([*:2])CC2)CC1,O=C1CCC(N2C(=O)c3ccc([*:2])cc3C2=O)C(=O)N1,AR,CRBN,812.94,5.44,152.15,9,2,7,0.447,0.235,-5.565,-5.855,WO2022011205A1,2022,UNIVERSITY OF MICHIGAN
Cc1cc(OC2C(C)(C)C(NC(=O)c3ccc(C#CC4CCN(C5CCN(c6ccc7c(c6)C(=O)N(C6CCC(=O)NC6=O)C7=O)CC5)CC4)cc3)C2(C)C)ccc1C#N,Cc1cc(OC2C(C)(C)C(NC(=O)c3ccc([*:1])cc3)C2(C)C)ccc1C#N,C(#C[*:1])C1CCN(C2CCN([*:2])CC2)CC1,O=C1CCC(N2C(=O)c3ccc([*:2])cc3C2=O)C(=O)N1,AR,CRBN,808.98,5.61,152.15,9,2,7,0.458,0.229,-5.639,-5.872,WO2022011205A1,2022,UNIVERSITY OF MICHIGAN
Cc1c(OC2C(C)(C)C(NC(=O)c3ccc(C#CC4CCN(C5CCN(c6ccc7c(c6)C(=O)N(C6CCC(=O)NC6=O)C7=O)CC5)CC4)cc3)C2(C)C)ccc(C#N)c1Cl,Cc1c(OC2C(C)(C)C(NC(=O)c3ccc([*:1])cc3)C2(C)C)ccc(C#N)c1Cl,C(#C[*:1])C1CCN(C2CCN([*:2])CC2)CC1,O=C1CCC(N2C(=O)c3ccc([*:2])cc3C2=O)C(=O)N1,AR,CRBN,843.42,6.27,152.15,9,2,7,0.458,0.207,-5.562,-6.346,WO2022011205A1,2022,UNIVERSITY OF MICHIGAN
CC1(C)C(NC(=O)c2ccc(C#CC3CCN(C4CCN(c5ccc6c(c5)C(=O)N(C5CCC(=O)NC5=O)C6=O)CC4)CC3)cc2)C(C)(C)C1Oc1cnc(C#N)c(C(F)(F)F)c1,CC1(C)C(NC(=O)c2ccc([*:1])cc2)C(C)(C)C1Oc1cnc(C#N)c(C(F)(F)F)c1,C(#C[*:1])C1CCN(C2CCN([*:2])CC2)CC1,O=C1CCC(N2C(=O)c3ccc([*:2])cc3C2=O)C(=O)N1,AR,CRBN,863.94,5.72,165.04,10,2,7,0.468,0.222,-5.541,-5.69,WO2022011205A1,2022,UNIVERSITY OF MICHIGAN
CC1(C)C(NC(=O)c2ccc(C#CC3CCN(C4CCN(c5ccc6c(c5)C(=O)N(C5CCC(=O)NC5=O)C6=O)CC4)CC3)cc2)C(C)(C)C1Oc1ccc(C#N)c(C(F)(F)F)c1,CC1(C)C(NC(=O)c2ccc([*:1])cc2)C(C)(C)C1Oc1ccc(C#N)c(C(F)(F)F)c1,C(#C[*:1])C1CCN(C2CCN([*:2])CC2)CC1,O=C1CCC(N2C(=O)c3ccc([*:2])cc3C2=O)C(=O)N1,AR,CRBN,862.95,6.32,152.15,9,2,7,0.458,0.205,-5.584,-5.948,WO2022011205A1,2022,UNIVERSITY OF MICHIGAN
N#Cc1ccc(OC2CCC(NC(=O)c3ccc(N4CCN(CC5CCN(c6cccc7c6C(=O)N(C6CCC(=O)NC6=O)C7=O)CC5)CC4)cc3)CC2)cc1Cl,N#Cc1ccc(OC2CCC(NC(=O)c3ccc([*:1])cc3)CC2)cc1Cl,C1CN([*:2])CCC1CN1CCN([*:1])CC1,O=C1CCC(N2C(=O)c3cccc([*:2])c3C2=O)C(=O)N1,AR,CRBN,792.34,4.77,155.39,10,2,9,0.442,0.29,-5.579,-5.562,WO2022011205A1,2022,UNIVERSITY OF MICHIGAN
N#Cc1ccc(OC2CCC(Oc3ccc(C4CCN(CC5CCN(c6cccc7c6C(=O)N(C6CCC(=O)NC6=O)C7=O)CC5)CC4)cc3)CC2)cc1Cl,N#Cc1ccc(OC2CCC(Oc3ccc([*:1])cc3)CC2)cc1Cl,C1CN([*:2])CCC1CN1CCC([*:1])CC1,O=C1CCC(N2C(=O)c3cccc([*:2])c3C2=O)C(=O)N1,AR,CRBN,764.32,6.48,132.28,9,1,9,0.465,0.244,-5.662,-5.748,WO2022011205A1,2022,UNIVERSITY OF MICHIGAN
N#Cc1ccc(OC2CCC(Oc3ccc(C4CCN(CC5CCN(c6ccc7c(c6)C(=O)N(C6CCC(=O)NC6=O)C7=O)CC5)CC4)cc3)CC2)cc1Cl,N#Cc1ccc(OC2CCC(Oc3ccc([*:1])cc3)CC2)cc1Cl,C1CN([*:2])CCC1CN1CCC([*:1])CC1,O=C1CCC(N2C(=O)c3ccc([*:2])cc3C2=O)C(=O)N1,AR,CRBN,764.32,6.48,132.28,9,1,9,0.465,0.244,-5.606,-5.541,WO2022011205A1,2022,UNIVERSITY OF MICHIGAN
CC1(C)C(NC(=O)c2ccc(N3CCN(CCCCCOc4cccc5c4CN(C4CCC(=O)NC4=O)C5=O)CC3)nc2)C(C)(C)C1Oc1ccc(C#N)c(Cl)c1,CC1(C)C(NC(=O)c2ccc([*:1])nc2)C(C)(C)C1Oc1ccc(C#N)c(Cl)c1,C(CCO[*:2])CCN1CCN([*:1])CC1,O=C1CCC(N2Cc3c(cccc3[*:2])C2=O)C(=O)N1,AR,CRBN,796.37,5.35,157.2,10,2,13,0.488,0.171,-5.536,-5.76,WO2022011205A1,2022,UNIVERSITY OF MICHIGAN
CC1(C)C(NC(=O)c2ccc(N3CCN(CC4CCN(c5cccc6c5C(=O)N(C5CCC(=O)NC5=O)C6=O)CC4)CC3)cc2)C(C)(C)C1Oc1ccc(C#N)c(Cl)c1,CC1(C)C(NC(=O)c2ccc([*:1])cc2)C(C)(C)C1Oc1ccc(C#N)c(Cl)c1,C1CN([*:2])CCC1CN1CCN([*:1])CC1,O=C1CCC(N2C(=O)c3cccc([*:2])c3C2=O)C(=O)N1,AR,CRBN,820.39,5.26,155.39,10,2,9,0.467,0.273,-5.61,-6.16,WO2022011205A1,2022,UNIVERSITY OF MICHIGAN
CC1(C)C(NC(=O)c2ccc(C#CC3CCN(C4CCN(c5ccc6c(c5)C(=O)N(C5CCC(=O)NC5=O)C6=O)CC4)CC3)cc2)C(C)(C)C1Oc1ccc(C#N)c(Cl)c1,CC1(C)C(NC(=O)c2ccc([*:1])cc2)C(C)(C)C1Oc1ccc(C#N)c(Cl)c1,C(#C[*:1])C1CCN(C2CCN([*:2])CC2)CC1,O=C1CCC(N2C(=O)c3ccc([*:2])cc3C2=O)C(=O)N1,AR,CRBN,829.4,5.96,152.15,9,2,7,0.447,0.217,-5.524,-6.169,WO2022011205A1,2022,UNIVERSITY OF MICHIGAN
N#Cc1ccc(OC2CC(NC(=O)c3ccc(C(=O)N4CCN(C5CCN(c6ccc7c(c6)C(=O)N(C6CCC(=O)NC6=O)C7=O)CC5)CC4)cc3)C2)cc1Cl,N#Cc1ccc(OC2CC(NC(=O)c3ccc([*:1])cc3)C2)cc1Cl,O=C(N1CCN(C2CCN([*:2])CC2)CC1)[*:1],O=C1CCC(N2C(=O)c3ccc([*:2])cc3C2=O)C(=O)N1,AR,CRBN,778.27,3.38,172.46,10,2,8,0.39,0.323,-5.826,-4.253,WO2022011205A1,2022,UNIVERSITY OF MICHIGAN
N#Cc1ccc(OC2CCC(Oc3ccc(C(=O)N4CCN(C5CCN(c6ccc7c(c6)C(=O)N(C6CCC(=O)NC6=O)C7=O)CC5)CC4)cc3)CC2)cc1Cl,N#Cc1ccc(OC2CCC(Oc3ccc([*:1])cc3)CC2)cc1Cl,O=C(N1CCN(C2CCN([*:2])CC2)CC1)[*:1],O=C1CCC(N2C(=O)c3ccc([*:2])cc3C2=O)C(=O)N1,AR,CRBN,779.29,4.81,152.59,10,1,8,0.429,0.316,-5.618,-4.84,WO2022011205A1,2022,UNIVERSITY OF MICHIGAN
N#Cc1ccc(OC2CCC(Oc3ccc(C(=O)N4CCN(CC5CCN(c6ccc7c(c6)C(=O)N(C6CCC(=O)NC6=O)C7=O)CC5)CC4)cc3)CC2)cc1Cl,N#Cc1ccc(OC2CCC(Oc3ccc([*:1])cc3)CC2)cc1Cl,O=C(N1CCN(CC2CCN([*:2])CC2)CC1)[*:1],O=C1CCC(N2C(=O)c3ccc([*:2])cc3C2=O)C(=O)N1,AR,CRBN,793.32,5.06,152.59,10,1,9,0.442,0.291,-5.64,-5.113,WO2022011205A1,2022,UNIVERSITY OF MICHIGAN
CN(c1ccc(C#N)c(Cl)c1)C1CCC(NC(=O)c2ccc(C#CC3CCN(C4CCN(c5ccc6c(c5)C(=O)N(C5CCC(=O)NC5=O)C6=O)CC4)CC3)cc2)CC1,CN(c1ccc(C#N)c(Cl)c1)C1CCC(NC(=O)c2ccc([*:1])cc2)CC1,C(#C[*:1])C1CCN(C2CCN([*:2])CC2)CC1,O=C1CCC(N2C(=O)c3ccc([*:2])cc3C2=O)C(=O)N1,AR,CRBN,814.39,5.52,146.16,9,2,7,0.435,0.233,-5.316,-5.8,WO2022011205A1,2022,UNIVERSITY OF MICHIGAN
N#Cc1ccc(NC2CCC(NC(=O)c3ccc(N4CCN(C5CN(c6ccc7c(c6)C(=O)N(C6CCC(=O)NC6=O)C7=O)C5)CC4)cc3)CC2)cc1Cl,N#Cc1ccc(NC2CCC(NC(=O)c3ccc([*:1])cc3)CC2)cc1Cl,C1CN([*:1])CCN1C1CN([*:2])C1,O=C1CCC(N2C(=O)c3ccc([*:2])cc3C2=O)C(=O)N1,AR,CRBN,749.27,3.78,158.19,10,3,8,0.4,0.29,-5.164,-3.919,WO2022011205A1,2022,UNIVERSITY OF MICHIGAN
N#Cc1ccc(NC2CCC(NC(=O)c3ccc(N4CCN(CC5CCN(c6ccc7c(c6)C(=O)N(C6CCC(=O)NC6=O)C7=O)CC5)CC4)cc3)CC2)cc1Cl,N#Cc1ccc(NC2CCC(NC(=O)c3ccc([*:1])cc3)CC2)cc1Cl,C1CN([*:2])CCC1CN1CCN([*:1])CC1,O=C1CCC(N2C(=O)c3ccc([*:2])cc3C2=O)C(=O)N1,AR,CRBN,791.35,4.8,158.19,10,3,9,0.442,0.257,-5.397,-4.905,WO2022011205A1,2022,UNIVERSITY OF MICHIGAN
CC1CC(NC(=O)c2ccc(N3CCN(C4CN(c5ccc6c(c5)C(=O)N(C5CCC(=O)NC5=O)C6=O)C4)CC3)cc2)CCC1Oc1ccc(C#N)c(Cl)c1,CC1CC(NC(=O)c2ccc([*:1])cc2)CCC1Oc1ccc(C#N)c(Cl)c1,C1CN([*:1])CCN1C1CN([*:2])C1,O=C1CCC(N2C(=O)c3ccc([*:2])cc3C2=O)C(=O)N1,AR,CRBN,764.28,3.99,155.39,10,2,8,0.415,0.322,-5.485,-4.415,WO2022011205A1,2022,UNIVERSITY OF MICHIGAN
CC1CC(NC(=O)c2ccc(N3CCN(C4CCN(c5ccc6c(c5)C(=O)N(C5CCC(=O)NC5=O)C6=O)CC4)CC3)cc2)CCC1Oc1ccc(C#N)c(Cl)c1,CC1CC(NC(=O)c2ccc([*:1])cc2)CCC1Oc1ccc(C#N)c(Cl)c1,C1CN([*:2])CCC1N1CCN([*:1])CC1,O=C1CCC(N2C(=O)c3ccc([*:2])cc3C2=O)C(=O)N1,AR,CRBN,792.34,4.77,155.39,10,2,8,0.442,0.305,-5.521,-5.198,WO2022011205A1,2022,UNIVERSITY OF MICHIGAN
CC1CC(NC(=O)c2ccc(N3CCN(CC4CCN(c5ccc6c(c5)C(=O)N(C5CCC(=O)NC5=O)C6=O)CC4)CC3)cc2)CCC1Oc1ccc(C#N)c(Cl)c1,CC1CC(NC(=O)c2ccc([*:1])cc2)CCC1Oc1ccc(C#N)c(Cl)c1,C1CN([*:2])CCC1CN1CCN([*:1])CC1,O=C1CCC(N2C(=O)c3ccc([*:2])cc3C2=O)C(=O)N1,AR,CRBN,806.36,5.02,155.39,10,2,9,0.455,0.282,-5.636,-5.409,WO2022011205A1,2022,UNIVERSITY OF MICHIGAN
CC1(C)C(=O)N(c2ccc(C#N)c(C(F)(F)F)c2)C(=S)N1c1ccc(C(=O)N2CCN(CC3CCN(c4ccc5c(c4)C(=O)N(C4CCC(=O)NC4=O)C5=O)CC3)CC2)c(F)c1,CC1(C)C(=O)N(c2ccc(C#N)c(C(F)(F)F)c2)C(=S)N1c1ccc([*:1])c(F)c1,O=C(N1CCN(CC2CCN([*:2])CC2)CC1)[*:1],O=C1CCC(N2C(=O)c3ccc([*:2])cc3C2=O)C(=O)N1,AR,CRBN,872.9,4.71,157.68,10,1,7,0.395,0.199,-5.477,-5.323,WO2022011205A1,2022,UNIVERSITY OF MICHIGAN
CC1(C)C(=O)N(c2ccc(C#N)c(C(F)(F)F)c2)C(=S)N1c1ccc(C(=O)N2CCN(C3CN(c4ccc5c(c4)C(=O)N(C4CCC(=O)NC4=O)C5=O)C3)CC2)c(F)c1,CC1(C)C(=O)N(c2ccc(C#N)c(C(F)(F)F)c2)C(=S)N1c1ccc([*:1])c(F)c1,O=C(N1CCN(C2CN([*:2])C2)CC1)[*:1],O=C1CCC(N2C(=O)c3ccc([*:2])cc3C2=O)C(=O)N1,AR,CRBN,830.82,3.68,157.68,10,1,6,0.35,0.22,-5.151,-4.146,WO2022011205A1,2022,UNIVERSITY OF MICHIGAN
N#Cc1ccc(OC2CCC(Nc3ccc(C(=O)N4CCN(C5CN(c6ccc7c(c6)C(=O)N(C6CCC(=O)NC6=O)C7=O)C5)CC4)cc3)CC2)cc1Cl,N#Cc1ccc(OC2CCC(Nc3ccc([*:1])cc3)CC2)cc1Cl,O=C(N1CCN(C2CN([*:2])C2)CC1)[*:1],O=C1CCC(N2C(=O)c3ccc([*:2])cc3C2=O)C(=O)N1,AR,CRBN,750.26,4.06,155.39,10,2,8,0.4,0.322,-5.534,-3.921,WO2022011205A1,2022,UNIVERSITY OF MICHIGAN
N#Cc1ccc(OC2CCC(Nc3ccc(C(=O)N4CCN(CC5CCN(c6ccc7c(c6)C(=O)N(C6CCC(=O)NC6=O)C7=O)CC5)CC4)cc3)CC2)cc1Cl,N#Cc1ccc(OC2CCC(Nc3ccc([*:1])cc3)CC2)cc1Cl,O=C(N1CCN(CC2CCN([*:2])CC2)CC1)[*:1],O=C1CCC(N2C(=O)c3ccc([*:2])cc3C2=O)C(=O)N1,AR,CRBN,792.34,5.09,155.39,10,2,9,0.442,0.28,-5.695,-4.857,WO2022011205A1,2022,UNIVERSITY OF MICHIGAN
N#Cc1ccc(OC2CCC(Nc3ccc(C(=O)N4CCN(C5CCN(c6ccc7c(c6)C(=O)N(C6CCC(=O)NC6=O)C7=O)CC5)CC4)cc3)CC2)cc1Cl,N#Cc1ccc(OC2CCC(Nc3ccc([*:1])cc3)CC2)cc1Cl,O=C(N1CCN(C2CCN([*:2])CC2)CC1)[*:1],O=C1CCC(N2C(=O)c3ccc([*:2])cc3C2=O)C(=O)N1,AR,CRBN,778.31,4.84,155.39,10,2,8,0.429,0.304,-5.534,-4.572,WO2022011205A1,2022,UNIVERSITY OF MICHIGAN
N#Cc1ccc(OC2CCC(NC(=O)c3ccc(N4CC5CN(CC6CCN(c7ccc8c(c7)C(=O)N(C7CCC(=O)NC7=O)C8=O)CC6)CC5C4)nn3)CC2)cc1Cl,N#Cc1ccc(OC2CCC(NC(=O)c3ccc(N4CC5CN([*:1])CC5C4)nn3)CC2)cc1Cl,C1CN([*:2])CCC1C[*:1],O=C1CCC(N2C(=O)c3ccc([*:2])cc3C2=O)C(=O)N1,AR,CRBN,820.35,3.81,181.17,12,2,9,0.488,0.299,-5.552,-5.224,US20230091225A1,2023,HINOVA PHARM INC
N#Cc1ccc(OC2CCC(NC(=O)c3ccc(N4CC5CN(CC6CCN(c7cc8c(cc7F)C(=O)N(C7CCC(=O)NC7=O)C8=O)CC6)CC5C4)nn3)CC2)cc1Cl,N#Cc1ccc(OC2CCC(NC(=O)c3ccc(N4CC5CN([*:1])CC5C4)nn3)CC2)cc1Cl,C1CN([*:2])CCC1C[*:1],O=C1CCC(N2C(=O)c3cc(F)c([*:2])cc3C2=O)C(=O)N1,AR,CRBN,838.34,3.95,181.17,12,2,9,0.488,0.297,-5.501,-5.524,US20230091225A1,2023,HINOVA PHARM INC
N#Cc1ccc(OC2CCC(NC(=O)c3cnc(N4CC5CN(CC6CCN(c7cc8c(cc7F)C(=O)N(C7CCC(=O)NC7=O)C8=O)CC6)CC5C4)cn3)CC2)cc1Cl,N#Cc1ccc(OC2CCC(NC(=O)c3cnc(N4CC5CN([*:1])CC5C4)cn3)CC2)cc1Cl,C1CN([*:2])CCC1C[*:1],O=C1CCC(N2C(=O)c3cc(F)c([*:2])cc3C2=O)C(=O)N1,AR,CRBN,838.34,3.95,181.17,12,2,9,0.488,0.297,-5.519,-5.606,US20230091225A1,2023,HINOVA PHARM INC
N#Cc1ccc(OC2CCC(NC(=O)c3cnc(N4CC5CN(CC6CCN(c7ccc8c(c7)C(=O)N(C7CCC(=O)NC7=O)C8=O)CC6)CC5C4)cn3)CC2)cc1Cl,N#Cc1ccc(OC2CCC(NC(=O)c3cnc(N4CC5CN([*:1])CC5C4)cn3)CC2)cc1Cl,C1CN([*:2])CCC1C[*:1],O=C1CCC(N2C(=O)c3ccc([*:2])cc3C2=O)C(=O)N1,AR,CRBN,820.35,3.81,181.17,12,2,9,0.488,0.299,-5.569,-5.273,US20230091225A1,2023,HINOVA PHARM INC
N#Cc1ccc(OC2CCC(NC(=O)c3cnc(N4CC5CN(C6CCN(c7cc8c(cc7F)C(=O)N(C7CCC(=O)NC7=O)C8=O)CC6)CC5C4)cn3)CC2)cc1Cl,N#Cc1ccc(OC2CCC(NC(=O)c3cnc(N4CC5CN([*:1])CC5C4)cn3)CC2)cc1Cl,C1CN([*:2])CCC1[*:1],O=C1CCC(N2C(=O)c3cc(F)c([*:2])cc3C2=O)C(=O)N1,AR,CRBN,824.31,3.7,181.17,12,2,8,0.476,0.315,-5.623,-5.236,US20230091225A1,2023,HINOVA PHARM INC
N#Cc1ccc(OC2CCC(NC(=O)c3cnc(N4CC5CN(C6CCN(c7ccc8c(c7)C(=O)N(C7CCC(=O)NC7=O)C8=O)CC6)CC5C4)cn3)CC2)cc1Cl,N#Cc1ccc(OC2CCC(NC(=O)c3cnc(N4CC5CN([*:1])CC5C4)cn3)CC2)cc1Cl,C1CN([*:2])CCC1[*:1],O=C1CCC(N2C(=O)c3ccc([*:2])cc3C2=O)C(=O)N1,AR,CRBN,806.32,3.56,181.17,12,2,8,0.476,0.317,-5.688,-4.825,US20230091225A1,2023,HINOVA PHARM INC
N#Cc1ccc(OC2CCC(NC(=O)c3ccc(N4CC5CN(C6CCN(c7cc8c(cc7F)C(=O)N(C7CCC(=O)NC7=O)C8=O)CC6)CC5C4)nn3)CC2)cc1Cl,N#Cc1ccc(OC2CCC(NC(=O)c3ccc(N4CC5CN([*:1])CC5C4)nn3)CC2)cc1Cl,C1CN([*:2])CCC1[*:1],O=C1CCC(N2C(=O)c3cc(F)c([*:2])cc3C2=O)C(=O)N1,AR,CRBN,824.31,3.7,181.17,12,2,8,0.476,0.315,-5.527,-5.156,US20230091225A1,2023,HINOVA PHARM INC
CN(C(=O)c1ccc(N2CCC(CN3CCN(c4cc5c(cc4F)C(=O)N(C4CCC(=O)NC4=O)C5=O)CC3)CC2)nc1)C1C(C)(C)C(Oc2ccc(C#N)c(Cl)c2)C1(C)C,CN(C(=O)c1ccc([*:1])nc1)C1C(C)(C)C(Oc2ccc(C#N)c(Cl)c2)C1(C)C,C1CN([*:1])CCC1CN1CCN([*:2])CC1,O=C1CCC(N2C(=O)c3cc(F)c([*:2])cc3C2=O)C(=O)N1,AR,CRBN,853.4,5.14,159.49,11,1,9,0.489,0.284,-5.534,-6.288,US20230091225A1,2023,HINOVA PHARM INC
CC1(C)C(NC(=O)c2ccc(N3CCC(CN4CCN(c5cc6c(cc5F)C(=O)N(C5CCC(=O)NC5=O)C6=O)CC4)CC3)nc2)C(C)(C)C1Oc1ccc(C#N)c(Cl)c1,CC1(C)C(NC(=O)c2ccc([*:1])nc2)C(C)(C)C1Oc1ccc(C#N)c(Cl)c1,C1CN([*:1])CCC1CN1CCN([*:2])CC1,O=C1CCC(N2C(=O)c3cc(F)c([*:2])cc3C2=O)C(=O)N1,AR,CRBN,839.37,4.8,168.28,11,2,9,0.477,0.284,-5.575,-5.995,US20230091225A1,2023,HINOVA PHARM INC
Cc1ncsc1-c1ccc(C(C)NC(=O)C2CC(O)CN2C(=O)C(NC(=O)COCCCCCNc2ccc3c(c2)CN(C2C(C)(C)C(Oc4ccc(C#N)c(Cl)c4)C2(C)C)C3=O)C(C)(C)C)cc1,CC1(C)C(Oc2ccc(C#N)c(Cl)c2)C(C)(C)C1N1Cc2cc([*:1])ccc2C1=O,O=C(COCCCCCN[*:1])[*:2],Cc1ncsc1-c1ccc(C(C)NC(=O)C2CC(O)CN2C(=O)C(N[*:2])C(C)(C)C)cc1,AR,VHL,980.67,8.45,186.22,11,4,18,0.509,0.071,-5.793,-5.744,US20230091225A1,2023,HINOVA PHARM INC
Cc1ncsc1-c1ccc(C(C)NC(=O)C2CC(O)CN2C(=O)C(NC(=O)COCCCCCOc2ccc3c(c2)CN(C2C(C)(C)C(Oc4ccc(C#N)c(Cl)c4)C2(C)C)C3=O)C(C)(C)C)cc1,CC1(C)C(Oc2ccc(C#N)c(Cl)c2)C(C)(C)C1N1Cc2cc([*:1])ccc2C1=O,O=C(COCCCCCO[*:1])[*:2],Cc1ncsc1-c1ccc(C(C)NC(=O)C2CC(O)CN2C(=O)C(N[*:2])C(C)(C)C)cc1,AR,VHL,981.66,8.42,183.42,11,3,18,0.509,0.082,-5.816,-6.106,US20230091225A1,2023,HINOVA PHARM INC
CC1(C)C(Oc2ccc(C#N)c(Cl)c2)C(C)(C)C1N1Cc2nc(N3CCC(CN4CCN(c5ccc6c(c5)C(=O)N(C5CCC(=O)NC5=O)C6=O)CC4)CC3)cnc2C1=O,CC1(C)C(Oc2ccc(C#N)c(Cl)c2)C(C)(C)C1N1Cc2nc([*:1])cnc2C1=O,C1CN([*:1])CCC1CN1CCN([*:2])CC1,O=C1CCC(N2C(=O)c3ccc([*:2])cc3C2=O)C(=O)N1,AR,CRBN,834.38,4.28,172.38,12,1,8,0.5,0.32,-5.628,-6.503,US20230091225A1,2023,HINOVA PHARM INC
CC1(C)C(Oc2ccc(C#N)c(Cl)c2)C(C)(C)C1N1Cc2nc(N3CCC(CN4CCN(c5cc6c(cc5F)C(=O)N(C5CCC(=O)NC5=O)C6=O)CC4)CC3)cnc2C1=O,CC1(C)C(Oc2ccc(C#N)c(Cl)c2)C(C)(C)C1N1Cc2nc([*:1])cnc2C1=O,C1CN([*:1])CCC1CN1CCN([*:2])CC1,O=C1CCC(N2C(=O)c3cc(F)c([*:2])cc3C2=O)C(=O)N1,AR,CRBN,852.37,4.42,172.38,12,1,8,0.5,0.317,-5.587,-6.605,US20230091225A1,2023,HINOVA PHARM INC
N#Cc1ccc(OC2CCC(N3Cc4nc(C#CC5CCN(C6CCN(c7cc8c(cc7F)C(=O)N(C7CCC(=O)NC7=O)C8=O)CC6)CC5)ccc4C3=O)CC2)cc1Cl,N#Cc1ccc(OC2CCC(N3Cc4nc([*:1])ccc4C3=O)CC2)cc1Cl,C(#C[*:1])C1CCN(C2CCN([*:2])CC2)CC1,O=C1CCC(N2C(=O)c3cc(F)c([*:2])cc3C2=O)C(=O)N1,AR,CRBN,832.33,5.23,156.25,10,1,6,0.444,0.258,-5.473,-5.626,US20230091225A1,2023,HINOVA PHARM INC
N#Cc1ccc(OC2CCC(N3Cc4nc(C#CC5CCN(C6CCN(c7ccc8c(c7)C(=O)N(C7CCC(=O)NC7=O)C8=O)CC6)CC5)ccc4C3=O)CC2)cc1Cl,N#Cc1ccc(OC2CCC(N3Cc4nc([*:1])ccc4C3=O)CC2)cc1Cl,C(#C[*:1])C1CCN(C2CCN([*:2])CC2)CC1,O=C1CCC(N2C(=O)c3ccc([*:2])cc3C2=O)C(=O)N1,AR,CRBN,814.34,5.09,156.25,10,1,6,0.444,0.263,-5.492,-5.506,US20230091225A1,2023,HINOVA PHARM INC
CC1(C)C(Oc2ccc(C#N)c(Cl)c2)C(C)(C)C1N1Cc2nc(C#CC3CCN(C4CCN(c5cc6c(cc5F)C(=O)N(C5CCC(=O)NC5=O)C6=O)CC4)CC3)ccc2C1=O,CC1(C)C(Oc2ccc(C#N)c(Cl)c2)C(C)(C)C1N1Cc2nc([*:1])ccc2C1=O,C(#C[*:1])C1CCN(C2CCN([*:2])CC2)CC1,O=C1CCC(N2C(=O)c3cc(F)c([*:2])cc3C2=O)C(=O)N1,AR,CRBN,860.39,5.72,156.25,10,1,6,0.468,0.241,-5.517,-6.438,US20230091225A1,2023,HINOVA PHARM INC
CC1(C)C(Oc2ccc(C#N)c(Cl)c2)C(C)(C)C1N1Cc2nc(C#CC3CCN(C4CCN(c5ccc6c(c5)C(=O)N(C5CCC(=O)NC5=O)C6=O)CC4)CC3)ccc2C1=O,CC1(C)C(Oc2ccc(C#N)c(Cl)c2)C(C)(C)C1N1Cc2nc([*:1])ccc2C1=O,C(#C[*:1])C1CCN(C2CCN([*:2])CC2)CC1,O=C1CCC(N2C(=O)c3ccc([*:2])cc3C2=O)C(=O)N1,AR,CRBN,842.4,5.58,156.25,10,1,6,0.468,0.246,-5.576,-6.329,US20230091225A1,2023,HINOVA PHARM INC
N#Cc1ccc(OC2CCC(N3Cc4cc(N5CCC(CN6CCN(c7ccc8c(c7)C(=O)N(C7CCC(=O)NC7=O)C8=O)CC6)CC5)ncc4C3=O)CC2)cc1Cl,N#Cc1ccc(OC2CCC(N3Cc4cc([*:1])ncc4C3=O)CC2)cc1Cl,C1CN([*:1])CCC1CN1CCN([*:2])CC1,O=C1CCC(N2C(=O)c3ccc([*:2])cc3C2=O)C(=O)N1,AR,CRBN,805.34,4.39,159.49,11,1,8,0.465,0.322,-5.672,-5.291,US20230091225A1,2023,HINOVA PHARM INC
N#Cc1ccc(OC2CCC(N3Cc4cc(N5CCC(CN6CCN(c7cc8c(cc7F)C(=O)N(C7CCC(=O)NC7=O)C8)CC6)CC5)ncc4C3=O)CC2)cc1Cl,N#Cc1ccc(OC2CCC(N3Cc4cc([*:1])ncc4C3=O)CC2)cc1Cl,C1CN([*:1])CCC1CN1CCN([*:2])CC1,O=C1CCC(N2Cc3cc([*:2])c(F)cc3C2=O)C(=O)N1,AR,CRBN,809.34,4.89,142.42,10,1,8,0.488,0.313,-5.609,-5.546,US20230091225A1,2023,HINOVA PHARM INC
N#Cc1ccc(OC2CCC(N3Cc4cc(N5CCC(CN6CCN(c7ccc8c(c7)CN(C7CCC(=O)NC7=O)C8=O)CC6)CC5)ncc4C3=O)CC2)cc1Cl,N#Cc1ccc(OC2CCC(N3Cc4cc([*:1])ncc4C3=O)CC2)cc1Cl,C1CN([*:1])CCC1CN1CCN([*:2])CC1,O=C1CCC(N2Cc3cc([*:2])ccc3C2=O)C(=O)N1,AR,CRBN,791.35,4.75,142.42,10,1,8,0.488,0.318,-5.652,-5.108,US20230091225A1,2023,HINOVA PHARM INC
N#Cc1ccc(OC2CCC(N3Cc4cc(N5CCC(CN6CCN(c7cc8c(cc7F)C(=O)N(C7CCC(=O)NC7=O)C8=O)CC6)CC5)ncc4C3=O)CC2)cc1Cl,N#Cc1ccc(OC2CCC(N3Cc4cc([*:1])ncc4C3=O)CC2)cc1Cl,C1CN([*:1])CCC1CN1CCN([*:2])CC1,O=C1CCC(N2C(=O)c3cc(F)c([*:2])cc3C2=O)C(=O)N1,AR,CRBN,823.33,4.53,159.49,11,1,8,0.465,0.318,-5.597,-5.58,US20230091225A1,2023,HINOVA PHARM INC
N#Cc1ccc(OC2CCC(NC(=O)c3cnc(N4CCC5(CC4)CN(C4CCN(c6cc7c(cc6F)C(=O)N(C6CCC(=O)NC6=O)C7=O)CC4)C5)cn3)CC2)cc1Cl,N#Cc1ccc(OC2CCC(NC(=O)c3cnc(N4CCC5(CC4)CN([*:1])C5)cn3)CC2)cc1Cl,C1CN([*:2])CCC1[*:1],O=C1CCC(N2C(=O)c3cc(F)c([*:2])cc3C2=O)C(=O)N1,AR,CRBN,838.34,4.23,181.17,12,2,8,0.488,0.309,-5.474,-5.136,US20230091225A1,2023,HINOVA PHARM INC
N#Cc1ccc(OC2CCC(NC(=O)c3cnc(N4CCC5(CC4)CN(C4CCN(c6ccc7c(c6)C(=O)N(C6CCC(=O)NC6=O)C7=O)CC4)C5)cn3)CC2)cc1Cl,N#Cc1ccc(OC2CCC(NC(=O)c3cnc(N4CCC5(CC4)CN([*:1])C5)cn3)CC2)cc1Cl,C1CN([*:2])CCC1[*:1],O=C1CCC(N2C(=O)c3ccc([*:2])cc3C2=O)C(=O)N1,AR,CRBN,820.35,4.09,181.17,12,2,8,0.488,0.311,-5.554,-4.651,US20230091225A1,2023,HINOVA PHARM INC
N#Cc1ccc(OC2CCC(NC(=O)c3cnc(N4CC5(CCN(CC6CCN(c7ccc8c(c7)C(=O)N(C7CCC(=O)NC7=O)C8=O)CC6)CC5)C4)cn3)CC2)cc1Cl,N#Cc1ccc(OC2CCC(NC(=O)c3cnc(N4CC5(CCN([*:1])CC5)C4)cn3)CC2)cc1Cl,C1CN([*:2])CCC1C[*:1],O=C1CCC(N2C(=O)c3ccc([*:2])cc3C2=O)C(=O)N1,AR,CRBN,834.38,4.34,181.17,12,2,9,0.5,0.292,-5.616,-5.582,US20230091225A1,2023,HINOVA PHARM INC
N#Cc1ccc(OC2CCC(NC(=O)c3ccc(N4CC5(CCN(CC6CCN(c7ccc8c(c7)C(=O)N(C7CCC(=O)NC7=O)C8=O)CC6)CC5)C4)nn3)CC2)cc1Cl,N#Cc1ccc(OC2CCC(NC(=O)c3ccc(N4CC5(CCN([*:1])CC5)C4)nn3)CC2)cc1Cl,C1CN([*:2])CCC1C[*:1],O=C1CCC(N2C(=O)c3ccc([*:2])cc3C2=O)C(=O)N1,AR,CRBN,834.38,4.34,181.17,12,2,9,0.5,0.292,-5.639,-5.59,US20230091225A1,2023,HINOVA PHARM INC
CC1(C)C(Oc2ccc(C#N)c(Cl)c2)C(C)(C)C1N1Cc2cc(N3CCC(CN4CCN(c5cc6c(cc5F)C(=O)N(C5CCC(=O)NC5=O)C6)CC4)CC3)ccc2C1=O,CC1(C)C(Oc2ccc(C#N)c(Cl)c2)C(C)(C)C1N1Cc2cc([*:1])ccc2C1=O,C1CN([*:1])CCC1CN1CCN([*:2])CC1,O=C1CCC(N2Cc3cc([*:2])c(F)cc3C2=O)C(=O)N1,AR,CRBN,836.41,5.99,129.53,9,1,8,0.5,0.272,-5.642,-6.537,US20230091225A1,2023,HINOVA PHARM INC
CC1(C)C(Oc2ccc(C#N)c(Cl)c2)C(C)(C)C1N1Cc2cc(N3CCC(CN4CCN(c5ccc6c(c5)C(=O)N(C5CCC(=O)NC5=O)C6=O)CC4)CC3)ccc2C1=O,CC1(C)C(Oc2ccc(C#N)c(Cl)c2)C(C)(C)C1N1Cc2cc([*:1])ccc2C1=O,C1CN([*:1])CCC1CN1CCN([*:2])CC1,O=C1CCC(N2C(=O)c3ccc([*:2])cc3C2=O)C(=O)N1,AR,CRBN,832.4,5.49,146.6,10,1,8,0.478,0.29,-5.627,-6.521,US20230091225A1,2023,HINOVA PHARM INC
CC1(C)C(Oc2ccc(C#N)c(Cl)c2)C(C)(C)C1N1Cc2cc(N3CCC(CN4CCN(c5ccc6c(c5)CN(C5CCC(=O)NC5=O)C6=O)CC4)CC3)ccc2C1=O,CC1(C)C(Oc2ccc(C#N)c(Cl)c2)C(C)(C)C1N1Cc2cc([*:1])ccc2C1=O,C1CN([*:1])CCC1CN1CCN([*:2])CC1,O=C1CCC(N2Cc3cc([*:2])ccc3C2=O)C(=O)N1,AR,CRBN,818.42,5.85,129.53,9,1,8,0.5,0.279,-5.678,-6.356,US20230091225A1,2023,HINOVA PHARM INC
N#Cc1ccc(OC2CCC(NC(=O)c3cnc(N4CC5(CCN(C6CCN(c7cc8c(cc7F)C(=O)N(C7CCC(=O)NC7=O)C8=O)CC6)CC5)C4)cn3)CC2)cc1Cl,N#Cc1ccc(OC2CCC(NC(=O)c3cnc(N4CC5(CCN([*:1])CC5)C4)cn3)CC2)cc1Cl,C1CN([*:2])CCC1[*:1],O=C1CCC(N2C(=O)c3cc(F)c([*:2])cc3C2=O)C(=O)N1,AR,CRBN,838.34,4.23,181.17,12,2,8,0.488,0.309,-5.551,-5.689,US20230091225A1,2023,HINOVA PHARM INC
N#Cc1ccc(OC2CCC(NC(=O)c3cnc(N4CC5(CCN(CC6CCN(c7cc8c(cc7F)C(=O)N(C7CCC(=O)NC7=O)C8=O)CC6)CC5)C4)cn3)CC2)cc1Cl,N#Cc1ccc(OC2CCC(NC(=O)c3cnc(N4CC5(CCN([*:1])CC5)C4)cn3)CC2)cc1Cl,C1CN([*:2])CCC1C[*:1],O=C1CCC(N2C(=O)c3cc(F)c([*:2])cc3C2=O)C(=O)N1,AR,CRBN,852.37,4.48,181.17,12,2,9,0.5,0.289,-5.525,-5.968,US20230091225A1,2023,HINOVA PHARM INC
N#Cc1ccc(OC2CCC(NC(=O)c3ccc(N4CC5(CCN(CC6CCN(c7cc8c(cc7F)C(=O)N(C7CCC(=O)NC7=O)C8=O)CC6)CC5)C4)nn3)CC2)cc1Cl,N#Cc1ccc(OC2CCC(NC(=O)c3ccc(N4CC5(CCN([*:1])CC5)C4)nn3)CC2)cc1Cl,C1CN([*:2])CCC1C[*:1],O=C1CCC(N2C(=O)c3cc(F)c([*:2])cc3C2=O)C(=O)N1,AR,CRBN,852.37,4.48,181.17,12,2,9,0.5,0.289,-5.494,-5.882,US20230091225A1,2023,HINOVA PHARM INC
N#Cc1ccc(OC2CCC(N3Cc4nc(N5CCC(CN6CCN(c7cccc8c7C(=O)N(C7CCC(=O)NC7=O)C8=O)CC6)CC5)ccc4C3=O)CC2)cc1Cl,N#Cc1ccc(OC2CCC(N3Cc4nc([*:1])ccc4C3=O)CC2)cc1Cl,C1CN([*:1])CCC1CN1CCN([*:2])CC1,O=C1CCC(N2C(=O)c3cccc([*:2])c3C2=O)C(=O)N1,AR,CRBN,805.34,4.39,159.49,11,1,8,0.465,0.322,-5.656,-5.435,US20230091225A1,2023,HINOVA PHARM INC
CN(C(=O)c1ccc(N2CCC(CN3CCN(c4cc5c(cc4F)C(=O)N(C4CCC(=O)NC4=O)C5)CC3)CC2)nc1)C1C(C)(C)C(Oc2ccc(C#N)c(Cl)c2)C1(C)C,CN(C(=O)c1ccc([*:1])nc1)C1C(C)(C)C(Oc2ccc(C#N)c(Cl)c2)C1(C)C,C1CN([*:1])CCC1CN1CCN([*:2])CC1,O=C1CCC(N2Cc3cc([*:2])c(F)cc3C2=O)C(=O)N1,AR,CRBN,839.41,5.5,142.42,10,1,9,0.511,0.275,-5.543,-6.183,US20230091225A1,2023,HINOVA PHARM INC
CC1(C)C(NC(=O)c2ccc(N3CCC(CN4CCN(c5cc6c(cc5F)C(=O)N(C5CCC(=O)NC5=O)C6)CC4)CC3)nc2)C(C)(C)C1Oc1ccc(C#N)c(Cl)c1,CC1(C)C(NC(=O)c2ccc([*:1])nc2)C(C)(C)C1Oc1ccc(C#N)c(Cl)c1,C1CN([*:1])CCC1CN1CCN([*:2])CC1,O=C1CCC(N2Cc3cc([*:2])c(F)cc3C2=O)C(=O)N1,AR,CRBN,825.39,5.16,151.21,10,2,9,0.5,0.277,-5.596,-5.85,US20230091225A1,2023,HINOVA PHARM INC
N#Cc1ccc(OC2CCC(N3Cc4nc(N5CCN(CC6CCN(c7cc8c(cc7F)C(=O)N(C7CCC(=O)NC7=O)C8)CC6)CC5)ccc4C3=O)CC2)cc1Cl,N#Cc1ccc(OC2CCC(N3Cc4nc([*:1])ccc4C3=O)CC2)cc1Cl,C1CN([*:2])CCC1CN1CCN([*:1])CC1,O=C1CCC(N2Cc3cc([*:2])c(F)cc3C2=O)C(=O)N1,AR,CRBN,809.34,4.89,142.42,10,1,8,0.488,0.313,-5.641,-5.564,US20230091225A1,2023,HINOVA PHARM INC
N#Cc1ccc(OC2CCC(N3Cc4nc(N5CCN(CC6CCN(c7cc8c(cc7F)C(=O)N(C7CCC(=O)NC7=O)C8=O)CC6)CC5)ccc4C3=O)CC2)cc1Cl,N#Cc1ccc(OC2CCC(N3Cc4nc([*:1])ccc4C3=O)CC2)cc1Cl,C1CN([*:2])CCC1CN1CCN([*:1])CC1,O=C1CCC(N2C(=O)c3cc(F)c([*:2])cc3C2=O)C(=O)N1,AR,CRBN,823.33,4.53,159.49,11,1,8,0.465,0.318,-5.65,-5.484,US20230091225A1,2023,HINOVA PHARM INC
CC1(C)C(Oc2ccc(C#N)c(Cl)c2)C(C)(C)C1N1Cc2nc(N3CCC(CN4CCN(c5cc6c(cc5F)C(=O)N(C5CCC(=O)NC5=O)C6)CC4)CC3)ccc2C1=O,CC1(C)C(Oc2ccc(C#N)c(Cl)c2)C(C)(C)C1N1Cc2nc([*:1])ccc2C1=O,C1CN([*:1])CCC1CN1CCN([*:2])CC1,O=C1CCC(N2Cc3cc([*:2])c(F)cc3C2=O)C(=O)N1,AR,CRBN,837.4,5.38,142.42,10,1,8,0.511,0.294,-5.642,-6.52,US20230091225A1,2023,HINOVA PHARM INC
N#Cc1ccc(OC2CCC(N3Cc4nc(N5CCC(CN6CCN(c7cc8c(cc7F)C(=O)N(C7CCC(=O)NC7=O)C8)CC6)CC5)ccc4C3=O)CC2)cc1Cl,N#Cc1ccc(OC2CCC(N3Cc4nc([*:1])ccc4C3=O)CC2)cc1Cl,C1CN([*:1])CCC1CN1CCN([*:2])CC1,O=C1CCC(N2Cc3cc([*:2])c(F)cc3C2=O)C(=O)N1,AR,CRBN,809.34,4.89,142.42,10,1,8,0.488,0.313,-5.641,-5.512,US20230091225A1,2023,HINOVA PHARM INC
CC1(C)C(Oc2ccc(C#N)c(Cl)c2)C(C)(C)C1N1Cc2nc(N3CCC(CN4CCN(c5ccc6c(c5)C(=O)N(C5CCC(=O)NC5=O)C6=O)CC4)CC3)ccc2C1=O,CC1(C)C(Oc2ccc(C#N)c(Cl)c2)C(C)(C)C1N1Cc2nc([*:1])ccc2C1=O,C1CN([*:1])CCC1CN1CCN([*:2])CC1,O=C1CCC(N2C(=O)c3ccc([*:2])cc3C2=O)C(=O)N1,AR,CRBN,833.39,4.88,159.49,11,1,8,0.489,0.308,-5.658,-6.426,US20230091225A1,2023,HINOVA PHARM INC
N#Cc1ccc(OC2CCC(N3Cc4nc(N5CCC(CN6CCN(c7cc8c(cc7F)C(=O)N(C7CCC(=O)NC7=O)C8=O)CC6)CC5)ccc4C3=O)CC2)cc1Cl,N#Cc1ccc(OC2CCC(N3Cc4nc([*:1])ccc4C3=O)CC2)cc1Cl,C1CN([*:1])CCC1CN1CCN([*:2])CC1,O=C1CCC(N2C(=O)c3cc(F)c([*:2])cc3C2=O)C(=O)N1,AR,CRBN,823.33,4.53,159.49,11,1,8,0.465,0.318,-5.65,-5.471,US20230091225A1,2023,HINOVA PHARM INC
CC1(C)C(Oc2ccc(C#N)c(Cl)c2)C(C)(C)C1N1Cc2nc(N3CCC(CN4CCN(c5cc6c(cc5F)C(=O)N(C5CCC(=O)NC5=O)C6=O)CC4)CC3)ccc2C1=O,CC1(C)C(Oc2ccc(C#N)c(Cl)c2)C(C)(C)C1N1Cc2nc([*:1])ccc2C1=O,C1CN([*:1])CCC1CN1CCN([*:2])CC1,O=C1CCC(N2C(=O)c3cc(F)c([*:2])cc3C2=O)C(=O)N1,AR,CRBN,851.38,5.02,159.49,11,1,8,0.489,0.303,-5.595,-6.558,US20230091225A1,2023,HINOVA PHARM INC
N#Cc1ccc(OC2CCC(NC(=O)c3nnc(N4CC5(CCN(C6CCN(c7ccc8c(c7)C(=O)N(C7CCC(=O)NC7=O)C8=O)CC6)CC5)C4)s3)CC2)cc1Cl,N#Cc1ccc(OC2CCC(NC(=O)c3nnc(N4CC5(CCN([*:1])CC5)C4)s3)CC2)cc1Cl,C1CN([*:2])CCC1[*:1],O=C1CCC(N2C(=O)c3ccc([*:2])cc3C2=O)C(=O)N1,AR,CRBN,826.38,4.16,181.17,13,2,8,0.512,0.31,-5.56,-5.359,US20230091225A1,2023,HINOVA PHARM INC
N#Cc1ccc(OC2CCC(NC(=O)c3ccc(N4CCC5(CC4)CN(CC4CCN(c6ccc7c(c6)C(=O)N(C6CCC(=O)NC6=O)C7=O)CC4)C5)nn3)CC2)cc1Cl,N#Cc1ccc(OC2CCC(NC(=O)c3ccc(N4CCC5(CC4)CN([*:1])C5)nn3)CC2)cc1Cl,C1CN([*:2])CCC1C[*:1],O=C1CCC(N2C(=O)c3ccc([*:2])cc3C2=O)C(=O)N1,AR,CRBN,834.38,4.34,181.17,12,2,9,0.5,0.292,-5.667,-5.046,US20230091225A1,2023,HINOVA PHARM INC
N#Cc1ccc(OC2CCC(NC(=O)c3nnc(N4CC5(CCN(CC6CCN(c7cc8c(cc7F)C(=O)N(C7CCC(=O)NC7=O)C8=O)CC6)CC5)C4)s3)CC2)cc1Cl,N#Cc1ccc(OC2CCC(NC(=O)c3nnc(N4CC5(CCN([*:1])CC5)C4)s3)CC2)cc1Cl,C1CN([*:2])CCC1C[*:1],O=C1CCC(N2C(=O)c3cc(F)c([*:2])cc3C2=O)C(=O)N1,AR,CRBN,858.4,4.54,181.17,13,2,9,0.524,0.288,-5.544,-5.841,US20230091225A1,2023,HINOVA PHARM INC
N#Cc1ccc(OC2CCC(NC(=O)c3nnc(N4CC5(CCN(CC6CCN(c7ccc8c(c7)C(=O)N(C7CCC(=O)NC7=O)C8=O)CC6)CC5)C4)s3)CC2)cc1Cl,N#Cc1ccc(OC2CCC(NC(=O)c3nnc(N4CC5(CCN([*:1])CC5)C4)s3)CC2)cc1Cl,C1CN([*:2])CCC1C[*:1],O=C1CCC(N2C(=O)c3ccc([*:2])cc3C2=O)C(=O)N1,AR,CRBN,840.41,4.4,181.17,13,2,9,0.524,0.291,-5.65,-5.565,US20230091225A1,2023,HINOVA PHARM INC
N#Cc1ccc(OC2CCC(NC(=O)c3ccc(N4CC5(CCN(C6CCN(c7cc8c(cc7F)C(=O)N(C7CCC(=O)NC7=O)C8=O)CC6)CC5)C4)nn3)CC2)cc1Cl,N#Cc1ccc(OC2CCC(NC(=O)c3ccc(N4CC5(CCN([*:1])CC5)C4)nn3)CC2)cc1Cl,C1CN([*:2])CCC1[*:1],O=C1CCC(N2C(=O)c3cc(F)c([*:2])cc3C2=O)C(=O)N1,AR,CRBN,838.34,4.23,181.17,12,2,8,0.488,0.309,-5.441,-5.638,US20230091225A1,2023,HINOVA PHARM INC
N#Cc1ccc(OC2CCC(NC(=O)c3cnc(N4CC5(CCN(C6CCN(c7ccc8c(c7)C(=O)N(C7CCC(=O)NC7=O)C8=O)CC6)CC5)C4)cn3)CC2)cc1Cl,N#Cc1ccc(OC2CCC(NC(=O)c3cnc(N4CC5(CCN([*:1])CC5)C4)cn3)CC2)cc1Cl,C1CN([*:2])CCC1[*:1],O=C1CCC(N2C(=O)c3ccc([*:2])cc3C2=O)C(=O)N1,AR,CRBN,820.35,4.09,181.17,12,2,8,0.488,0.311,-5.627,-5.352,US20230091225A1,2023,HINOVA PHARM INC
N#Cc1ccc(OC2CCC(NC(=O)c3ccc(N4CC5(CCN(C6CCN(c7ccc8c(c7)C(=O)N(C7CCC(=O)NC7=O)C8=O)CC6)CC5)C4)nn3)CC2)cc1Cl,N#Cc1ccc(OC2CCC(NC(=O)c3ccc(N4CC5(CCN([*:1])CC5)C4)nn3)CC2)cc1Cl,C1CN([*:2])CCC1[*:1],O=C1CCC(N2C(=O)c3ccc([*:2])cc3C2=O)C(=O)N1,AR,CRBN,820.35,4.09,181.17,12,2,8,0.488,0.311,-5.557,-5.357,US20230091225A1,2023,HINOVA PHARM INC
N#Cc1ccc(OC2CCC(NC(=O)c3cnc(N4CCC5(CC4)CN(CC4CCN(c6cc7c(cc6F)C(=O)N(C6CCC(=O)NC6=O)C7=O)CC4)C5)cn3)CC2)cc1Cl,N#Cc1ccc(OC2CCC(NC(=O)c3cnc(N4CCC5(CC4)CN([*:1])C5)cn3)CC2)cc1Cl,C1CN([*:2])CCC1C[*:1],O=C1CCC(N2C(=O)c3cc(F)c([*:2])cc3C2=O)C(=O)N1,AR,CRBN,852.37,4.48,181.17,12,2,9,0.5,0.289,-5.617,-5.539,US20230091225A1,2023,HINOVA PHARM INC
N#Cc1ccc(OC2CCC(NC(=O)c3ccc(N4CCC5(CC4)CN(CC4CCN(c6cc7c(cc6F)C(=O)N(C6CCC(=O)NC6=O)C7=O)CC4)C5)nn3)CC2)cc1Cl,N#Cc1ccc(OC2CCC(NC(=O)c3ccc(N4CCC5(CC4)CN([*:1])C5)nn3)CC2)cc1Cl,C1CN([*:2])CCC1C[*:1],O=C1CCC(N2C(=O)c3cc(F)c([*:2])cc3C2=O)C(=O)N1,AR,CRBN,852.37,4.48,181.17,12,2,9,0.5,0.289,-5.589,-5.421,US20230091225A1,2023,HINOVA PHARM INC
N#Cc1ccc(OC2CCC(NC(=O)c3ccc(N4CCC5(CC4)CN(C4CCN(c6ccc7c(c6)C(=O)N(C6CCC(=O)NC6=O)C7=O)CC4)C5)nn3)CC2)cc1Cl,N#Cc1ccc(OC2CCC(NC(=O)c3ccc(N4CCC5(CC4)CN([*:1])C5)nn3)CC2)cc1Cl,C1CN([*:2])CCC1[*:1],O=C1CCC(N2C(=O)c3ccc([*:2])cc3C2=O)C(=O)N1,AR,CRBN,820.35,4.09,181.17,12,2,8,0.488,0.311,-5.503,-4.599,US20230091225A1,2023,HINOVA PHARM INC
N#Cc1ccc(OC2CCC(NC(=O)c3ccc(N4CCC5(CC4)CN(C4CCN(c6cc7c(cc6F)C(=O)N(C6CCC(=O)NC6=O)C7=O)CC4)C5)nn3)CC2)cc1Cl,N#Cc1ccc(OC2CCC(NC(=O)c3ccc(N4CCC5(CC4)CN([*:1])C5)nn3)CC2)cc1Cl,C1CN([*:2])CCC1[*:1],O=C1CCC(N2C(=O)c3cc(F)c([*:2])cc3C2=O)C(=O)N1,AR,CRBN,838.34,4.23,181.17,12,2,8,0.488,0.309,-5.372,-5.09,US20230091225A1,2023,HINOVA PHARM INC
N#Cc1ccc(OC2CCC(N3Cc4nc(N5CCC(CN6CCN(c7ccc8c(c7)C(=O)N(C7CCC(=O)NC7=O)C8=O)CC6)CC5)ccc4C3=O)CC2)cc1Cl,N#Cc1ccc(OC2CCC(N3Cc4nc([*:1])ccc4C3=O)CC2)cc1Cl,C1CN([*:1])CCC1CN1CCN([*:2])CC1,O=C1CCC(N2C(=O)c3ccc([*:2])cc3C2=O)C(=O)N1,AR,CRBN,805.34,4.39,159.49,11,1,8,0.465,0.322,-5.71,-5.118,US20230091225A1,2023,HINOVA PHARM INC
N#Cc1ccc(OC2CCC(N3Cc4nc(N5CCC(CN6CCN(c7ccc8c(c7)CN(C7CCC(=O)NC7=O)C8=O)CC6)CC5)ccc4C3=O)CC2)cc1Cl,N#Cc1ccc(OC2CCC(N3Cc4nc([*:1])ccc4C3=O)CC2)cc1Cl,C1CN([*:1])CCC1CN1CCN([*:2])CC1,O=C1CCC(N2Cc3cc([*:2])ccc3C2=O)C(=O)N1,AR,CRBN,791.35,4.75,142.42,10,1,8,0.488,0.318,-5.675,-4.98,US20230091225A1,2023,HINOVA PHARM INC
CC1(C)C(Oc2ccc(C#N)c(Cl)c2)C(C)(C)C1N1Cc2cc(C#CC3CCN(C4CCN(c5cc6c(cc5F)C(=O)N(C5CCC(=O)NC5=O)C6=O)CC4)CC3)ccc2C1=O,CC1(C)C(Oc2ccc(C#N)c(Cl)c2)C(C)(C)C1N1Cc2cc([*:1])ccc2C1=O,C(#C[*:1])C1CCN(C2CCN([*:2])CC2)CC1,O=C1CCC(N2C(=O)c3cc(F)c([*:2])cc3C2=O)C(=O)N1,AR,CRBN,859.4,6.32,143.36,9,1,6,0.458,0.223,-5.513,-6.874,US20230091225A1,2023,HINOVA PHARM INC
Cc1ncsc1-c1ccc(C(C)NC(=O)C2CC(O)CN2C(=O)C(NC(=O)COCCCCCNc2ccc3c(c2)CN(C2C(C)(C)C(Oc4ccc(C#N)c(C(F)(F)F)c4)C2(C)C)C3=O)C(C)(C)C)cc1,CC1(C)C(Oc2ccc(C#N)c(C(F)(F)F)c2)C(C)(C)C1N1Cc2cc([*:1])ccc2C1=O,O=C(COCCCCCN[*:1])[*:2],Cc1ncsc1-c1ccc(C(C)NC(=O)C2CC(O)CN2C(=O)C(N[*:2])C(C)(C)C)cc1,AR,VHL,1014.22,8.82,186.22,11,4,18,0.519,0.07,-5.872,-5.7,US20230091225A1,2023,HINOVA PHARM INC
Cc1ncsc1-c1ccc(C(C)NC(=O)C2CC(O)CN2C(=O)C(NC(=O)COCCCCCNc2ccc3c(c2)C(=O)N(C2C(C)(C)C(Oc4ccc(C#N)c(Cl)c4)C2(C)C)C3)C(C)(C)C)cc1,CC1(C)C(Oc2ccc(C#N)c(Cl)c2)C(C)(C)C1N1Cc2ccc([*:1])cc2C1=O,O=C(COCCCCCN[*:1])[*:2],Cc1ncsc1-c1ccc(C(C)NC(=O)C2CC(O)CN2C(=O)C(N[*:2])C(C)(C)C)cc1,AR,VHL,980.67,8.45,186.22,11,4,18,0.509,0.071,-5.796,-5.87,US20230091225A1,2023,HINOVA PHARM INC
N#Cc1ccc(OC2CCC(NC(=O)c3ccc(N4CCC(CN5CCN(c6cc7c(cc6F)C(=O)N(C6CCC(=O)NC6=O)C7=O)CC5)CC4)nn3)CC2)cc1Cl,N#Cc1ccc(OC2CCC(NC(=O)c3ccc([*:1])nn3)CC2)cc1Cl,C1CN([*:1])CCC1CN1CCN([*:2])CC1,O=C1CCC(N2C(=O)c3cc(F)c([*:2])cc3C2=O)C(=O)N1,AR,CRBN,812.3,3.7,181.17,12,2,9,0.463,0.3,-5.393,-5.331,WO2022087125A1,2022,YALE UNIVERSITY
CC(C)N(CC1CCN(c2ccc(C(=O)NC3C(C)(C)C(Oc4ccc(C#N)c(Cl)c4)C3(C)C)nn2)CC1)C1CC(Oc2ccc3c(c2)C(=O)N(C2CCC(=O)NC2=O)C3=O)C1,CC1(C)C(NC(=O)c2ccc([*:1])nn2)C(C)(C)C1Oc1ccc(C#N)c(Cl)c1,CC(C)N(CC1CCN([*:1])CC1)C1CC(O[*:2])C1,O=C1CCC(N2C(=O)c3ccc([*:2])cc3C2=O)C(=O)N1,AR,CRBN,865.43,5.55,187.16,12,2,12,0.522,0.217,-5.697,-6.345,WO2022087125A1,2022,YALE UNIVERSITY
Cc1cc(OC2C(C)(C)C(NC(=O)c3cnc(N4CCC(CN(C(C)C)C5CC(Oc6ccc7c(c6)C(=O)N(C6CCC(=O)NC6=O)C7)C5)CC4)cn3)C2(C)C)cc(C)c1C#N,Cc1cc(OC2C(C)(C)C(NC(=O)c3cnc([*:1])cn3)C2(C)C)cc(C)c1C#N,CC(C)N(CC1CCN([*:1])CC1)C1CC(O[*:2])C1,O=C1CCC(N2Cc3ccc([*:2])cc3C2=O)C(=O)N1,AR,CRBN,845.06,5.87,170.09,11,2,12,0.562,0.209,-5.653,-6.338,WO2022087125A1,2022,YALE UNIVERSITY
CC(C)N(CC1CCN(c2cnc(C(=O)NC3C(C)(C)C(Oc4ccc(C#N)c(Cl)c4)C3(C)C)cn2)CC1)C1CC(Oc2cccc3c2CN(C2CCC(=O)NC2=O)C3=O)C1,CC1(C)C(NC(=O)c2cnc([*:1])cn2)C(C)(C)C1Oc1ccc(C#N)c(Cl)c1,CC(C)N(CC1CCN([*:1])CC1)C1CC(O[*:2])C1,O=C1CCC(N2Cc3c(cccc3[*:2])C2=O)C(=O)N1,AR,CRBN,851.45,5.91,170.09,11,2,12,0.543,0.208,-5.736,-6.181,WO2022087125A1,2022,YALE UNIVERSITY
Cc1cc(OC2C(C)(C)C(NC(=O)c3cnc(N4CCC(CN(C(C)C)C5CC(Oc6cccc7c6CN(C6CCC(=O)NC6=O)C7=O)C5)CC4)cn3)C2(C)C)cc(C)c1C#N,Cc1cc(OC2C(C)(C)C(NC(=O)c3cnc([*:1])cn3)C2(C)C)cc(C)c1C#N,CC(C)N(CC1CCN([*:1])CC1)C1CC(O[*:2])C1,O=C1CCC(N2Cc3c(cccc3[*:2])C2=O)C(=O)N1,AR,CRBN,845.06,5.87,170.09,11,2,12,0.562,0.209,-5.684,-6.234,WO2022087125A1,2022,YALE UNIVERSITY
COc1cc(OC2C(C)(C)C(NC(=O)c3cnc(N4CCC(CN(C(C)C)C5CC(Oc6cccc7c6C(=O)N(C6CCC(=O)NC6=O)C7=O)C5)CC4)cn3)C2(C)C)ccc1C#N,COc1cc(OC2C(C)(C)C(NC(=O)c3cnc([*:1])cn3)C2(C)C)ccc1C#N,CC(C)N(CC1CCN([*:1])CC1)C1CC(O[*:2])C1,O=C1CCC(N2C(=O)c3cccc([*:2])c3C2=O)C(=O)N1,AR,CRBN,861.01,4.91,196.39,13,2,13,0.532,0.22,-5.706,-5.752,WO2022087125A1,2022,YALE UNIVERSITY
Cc1cc(OC2C(C)(C)C(NC(=O)c3ccc(N4CCC(CN(C(C)C)C5CC(Oc6ccc7c(c6)C(=O)N(C6CCC(=O)NC6=O)C7=O)C5)CC4)cc3)C2(C)C)cc(C)c1C#N,Cc1cc(OC2C(C)(C)C(NC(=O)c3ccc([*:1])cc3)C2(C)C)cc(C)c1C#N,CC(C)N(CC1CCN([*:1])CC1)C1CC(O[*:2])C1,O=C1CCC(N2C(=O)c3ccc([*:2])cc3C2=O)C(=O)N1,AR,CRBN,857.06,6.73,161.38,10,2,12,0.52,0.187,-5.704,-6.506,WO2022087125A1,2022,YALE UNIVERSITY
Cc1cc(OC2C(C)(C)C(NC(=O)c3cnc(N4CCC(CN(C(C)C)C5CC(Oc6ccc7c(c6)CN(C6CCC(=O)NC6=O)C7=O)C5)CC4)cn3)C2(C)C)cc(C)c1C#N,Cc1cc(OC2C(C)(C)C(NC(=O)c3cnc([*:1])cn3)C2(C)C)cc(C)c1C#N,CC(C)N(CC1CCN([*:1])CC1)C1CC(O[*:2])C1,O=C1CCC(N2Cc3cc([*:2])ccc3C2=O)C(=O)N1,AR,CRBN,845.06,5.87,170.09,11,2,12,0.562,0.209,-5.648,-6.265,WO2022087125A1,2022,YALE UNIVERSITY
CC(C)N(CC1CCN(c2cnc(C(=O)NC3C(C)(C)C(Oc4ccc(C#N)c(Cl)c4)C3(C)C)cn2)CC1)C1CC(Oc2ccc3c(c2)C(=O)N(C2CCC(=O)NC2=O)C3)C1,CC1(C)C(NC(=O)c2cnc([*:1])cn2)C(C)(C)C1Oc1ccc(C#N)c(Cl)c1,CC(C)N(CC1CCN([*:1])CC1)C1CC(O[*:2])C1,O=C1CCC(N2Cc3ccc([*:2])cc3C2=O)C(=O)N1,AR,CRBN,851.45,5.91,170.09,11,2,12,0.543,0.208,-5.69,-6.241,WO2022087125A1,2022,YALE UNIVERSITY
CC(C)N(CC1CCN(c2cnc(C(=O)NC3C(C)(C)C(Oc4ccc(C#N)c(Cl)c4)C3(C)C)cn2)CC1)C1CC(Oc2ccc3c(c2)CN(C2CCC(=O)NC2=O)C3=O)C1,CC1(C)C(NC(=O)c2cnc([*:1])cn2)C(C)(C)C1Oc1ccc(C#N)c(Cl)c1,CC(C)N(CC1CCN([*:1])CC1)C1CC(O[*:2])C1,O=C1CCC(N2Cc3cc([*:2])ccc3C2=O)C(=O)N1,AR,CRBN,851.45,5.91,170.09,11,2,12,0.543,0.208,-5.691,-6.167,WO2022087125A1,2022,YALE UNIVERSITY
Cc1cc(OC2C(C)(C)C(NC(=O)c3cnc(N4CCC(CN(C(C)C)C5CC(Oc6ccc7c(c6)C(=O)N(C6CCC(=O)NC6=O)C7=O)C5)CC4)cn3)C2(C)C)cc(C)c1C#N,Cc1cc(OC2C(C)(C)C(NC(=O)c3cnc([*:1])cn3)C2(C)C)cc(C)c1C#N,CC(C)N(CC1CCN([*:1])CC1)C1CC(O[*:2])C1,O=C1CCC(N2C(=O)c3ccc([*:2])cc3C2=O)C(=O)N1,AR,CRBN,859.04,5.52,187.16,12,2,12,0.542,0.218,-5.637,-6.52,WO2022087125A1,2022,YALE UNIVERSITY
CC(C)N(CC1CCN(c2ncc(C(=O)NC3C(C)(C)C(Oc4ccc(C#N)c(C#N)c4)C3(C)C)cn2)CC1)C1CC(Oc2ccc3c(c2)C(=O)N(C2CCC(=O)NC2=O)C3=O)C1,CC1(C)C(NC(=O)c2cnc([*:1])nc2)C(C)(C)C1Oc1ccc(C#N)c(C#N)c1,CC(C)N(CC1CCN([*:1])CC1)C1CC(O[*:2])C1,O=C1CCC(N2C(=O)c3ccc([*:2])cc3C2=O)C(=O)N1,AR,CRBN,856.0,4.77,210.95,13,2,12,0.511,0.236,-5.75,-6.264,WO2022087125A1,2022,YALE UNIVERSITY
CC(C)N(CC1CCN(c2ncc(C(=O)NC3C(C)(C)C(Oc4ccc(C#N)c(Cl)c4)C3(C)C)cn2)CC1)C1CC(Oc2ccc3c(c2)C(=O)N(C2CCC(=O)NC2=O)C3)C1,CC1(C)C(NC(=O)c2cnc([*:1])nc2)C(C)(C)C1Oc1ccc(C#N)c(Cl)c1,CC(C)N(CC1CCN([*:1])CC1)C1CC(O[*:2])C1,O=C1CCC(N2Cc3ccc([*:2])cc3C2=O)C(=O)N1,AR,CRBN,851.45,5.91,170.09,11,2,12,0.543,0.208,-5.73,-6.426,WO2022087125A1,2022,YALE UNIVERSITY
Cc1cc(OC2C(C)(C)C(NC(=O)c3cnc(N4CCC(CN(C(C)C)C5CC(Oc6cccc7c6C(=O)N(C6CCC(=O)NC6=O)C7=O)C5)CC4)nc3)C2(C)C)cc(C)c1C#N,Cc1cc(OC2C(C)(C)C(NC(=O)c3cnc([*:1])nc3)C2(C)C)cc(C)c1C#N,CC(C)N(CC1CCN([*:1])CC1)C1CC(O[*:2])C1,O=C1CCC(N2C(=O)c3cccc([*:2])c3C2=O)C(=O)N1,AR,CRBN,859.04,5.52,187.16,12,2,12,0.542,0.218,-5.725,-6.614,WO2022087125A1,2022,YALE UNIVERSITY
CC(C)N(CC1CCN(c2ncc(C(=O)NC3C(C)(C)C(Oc4ccc(C#N)c(Cl)c4)C3(C)C)cn2)CC1)C1CC(Oc2ccc3c(c2)CN(C2CCC(=O)NC2=O)C3=O)C1,CC1(C)C(NC(=O)c2cnc([*:1])nc2)C(C)(C)C1Oc1ccc(C#N)c(Cl)c1,CC(C)N(CC1CCN([*:1])CC1)C1CC(O[*:2])C1,O=C1CCC(N2Cc3cc([*:2])ccc3C2=O)C(=O)N1,AR,CRBN,851.45,5.91,170.09,11,2,12,0.543,0.208,-5.731,-6.328,WO2022087125A1,2022,YALE UNIVERSITY
CC(C)N(CC1CCN(c2ncc(C(=O)NC3CCC(Oc4ccc(C#N)c(Cl)c4)CC3)cn2)CC1)C1CC(Oc2ccc3c(c2)C(=O)N(C2CCC(=O)NC2=O)C3)C1,N#Cc1ccc(OC2CCC(NC(=O)c3cnc([*:1])nc3)CC2)cc1Cl,CC(C)N(CC1CCN([*:1])CC1)C1CC(O[*:2])C1,O=C1CCC(N2Cc3ccc([*:2])cc3C2=O)C(=O)N1,AR,CRBN,823.39,5.42,170.09,11,2,12,0.523,0.224,-5.77,-5.917,WO2022087125A1,2022,YALE UNIVERSITY
CC(C)N(CC1CCN(c2cnc(C(=O)NC3CCC(Oc4ccc(C#N)c(Cl)c4)CC3)cn2)CC1)C1CC(Oc2ccc3c(c2)C(=O)N(C2CCC(=O)NC2=O)C3)C1,N#Cc1ccc(OC2CCC(NC(=O)c3cnc([*:1])cn3)CC2)cc1Cl,CC(C)N(CC1CCN([*:1])CC1)C1CC(O[*:2])C1,O=C1CCC(N2Cc3ccc([*:2])cc3C2=O)C(=O)N1,AR,CRBN,823.39,5.42,170.09,11,2,12,0.523,0.224,-5.69,-5.692,WO2022087125A1,2022,YALE UNIVERSITY
COc1cc(OC2CCC(NC(=O)c3cnc(N4CCC(CN(C(C)C)C5CC(Oc6ccc7c(c6)C(=O)N(C6CCC(=O)NC6=O)C7)C5)CC4)cn3)CC2)ccc1C#N,COc1cc(OC2CCC(NC(=O)c3cnc([*:1])cn3)CC2)ccc1C#N,CC(C)N(CC1CCN([*:1])CC1)C1CC(O[*:2])C1,O=C1CCC(N2Cc3ccc([*:2])cc3C2=O)C(=O)N1,AR,CRBN,818.98,4.77,179.32,12,2,13,0.533,0.226,-5.749,-4.727,WO2022087125A1,2022,YALE UNIVERSITY
COc1cc(OC2CCC(NC(=O)c3cnc(N4CCC(CN(C(C)C)C5CC(Oc6ccc7c(c6)C(=O)N(C6CCC(=O)NC6=O)C7=O)C5)CC4)cn3)CC2)ccc1C#N,COc1cc(OC2CCC(NC(=O)c3cnc([*:1])cn3)CC2)ccc1C#N,CC(C)N(CC1CCN([*:1])CC1)C1CC(O[*:2])C1,O=C1CCC(N2C(=O)c3ccc([*:2])cc3C2=O)C(=O)N1,AR,CRBN,832.96,4.41,196.39,13,2,13,0.511,0.23,-5.718,-5.053,WO2022087125A1,2022,YALE UNIVERSITY
Cc1ncsc1-c1ccc(CNC(=O)C2CC(O)CN2C(=O)C(NC(=O)COCCCCCOc2c(Cl)cc(C(C)(C)c3ccc(OCc4ccnc(NS(C)(=O)=O)n4)cc3)cc2C#N)C(C)(C)C)cc1,CC(C)(c1ccc(OCc2ccnc(NS(C)(=O)=O)n2)cc1)c1cc(Cl)c([*:1])c(C#N)c1,O=C(COCCCCCO[*:1])[*:2],Cc1ncsc1-c1ccc(CNC(=O)C2CC(O)CN2C(=O)C(N[*:2])C(C)(C)C)cc1,AR,VHL,1029.68,7.08,235.06,14,4,22,0.431,0.051,-6.018,-5.739,US20230078913A1,2023,UNIVERSITY OF BRITISH COLUMBIA | ESSA PHARMA INC
Cc1ncsc1-c1ccc(CNC(=O)C2CC(O)CN2C(=O)C(NC(=O)COCCCOCCCCCOc2c(Cl)cc(C(C)(C)c3ccc(OCc4ccnc(NS(C)(=O)=O)n4)cc3)cc2C#N)C(C)(C)C)cc1,CC(C)(c1ccc(OCc2ccnc(NS(C)(=O)=O)n2)cc1)c1cc(Cl)c([*:1])c(C#N)c1,O=C(COCCCOCCCCCO[*:1])[*:2],Cc1ncsc1-c1ccc(CNC(=O)C2CC(O)CN2C(=O)C(N[*:2])C(C)(C)C)cc1,AR,VHL,1087.76,7.49,244.29,15,4,26,0.463,0.039,-6.153,-5.575,US20230078913A1,2023,UNIVERSITY OF BRITISH COLUMBIA | ESSA PHARMA INC
Cc1ncsc1-c1ccc(CNC(=O)C2CC(O)CN2C(=O)C(NC(=O)COCCCCCOc2c(Cl)cc(C(C)(C)c3ccc(OCc4cnc(NS(C)(=O)=O)nc4)cc3)cc2C#N)C(C)(C)C)cc1,CC(C)(c1ccc(OCc2cnc(NS(C)(=O)=O)nc2)cc1)c1cc(Cl)c([*:1])c(C#N)c1,O=C(COCCCCCO[*:1])[*:2],Cc1ncsc1-c1ccc(CNC(=O)C2CC(O)CN2C(=O)C(N[*:2])C(C)(C)C)cc1,AR,VHL,1029.68,7.08,235.06,14,4,22,0.431,0.051,-6.023,-5.862,US20230078913A1,2023,UNIVERSITY OF BRITISH COLUMBIA | ESSA PHARMA INC
Cc1ncsc1-c1ccc(CNC(=O)C2CC(O)CN2C(=O)C(NC(=O)COCCCOCCCCCOc2c(Cl)cc(C(C)(C)c3ccc(OCc4cnc(NS(C)(=O)=O)nc4)cc3)cc2C#N)C(C)(C)C)cc1,CC(C)(c1ccc(OCc2cnc(NS(C)(=O)=O)nc2)cc1)c1cc(Cl)c([*:1])c(C#N)c1,O=C(COCCCOCCCCCO[*:1])[*:2],Cc1ncsc1-c1ccc(CNC(=O)C2CC(O)CN2C(=O)C(N[*:2])C(C)(C)C)cc1,AR,VHL,1087.76,7.49,244.29,15,4,26,0.463,0.039,-6.156,-5.527,US20230078913A1,2023,UNIVERSITY OF BRITISH COLUMBIA | ESSA PHARMA INC
Cc1ncsc1-c1ccc(CNC(=O)C2CC(O)CN2C(=O)C(NC(=O)COCCCCOc2ccc(-c3ccc(N4C(=S)N(c5ccc(C#N)c(C(F)(F)F)c5F)C(=O)C4(C)C)cn3)cc2)C(C)(C)C)cc1,CC1(C)C(=O)N(c2ccc(C#N)c(C(F)(F)F)c2F)C(=S)N1c1ccc(-c2ccc([*:1])cc2)nc1,O=C(COCCCCO[*:1])[*:2],Cc1ncsc1-c1ccc(CNC(=O)C2CC(O)CN2C(=O)C(N[*:2])C(C)(C)C)cc1,AR,VHL,1043.18,8.11,190.32,12,3,17,0.385,0.046,-6.015,-5.222,WO2021180160A1,2021,SUZHOU KINTOR PHARM INC
Cc1ncsc1-c1ccc(CNC(=O)C2CC(O)CN2C(=O)C(NC(=O)COCCCOCCCCOc2ncc(N3C(=S)N(c4ccc(C#N)c(C(F)(F)F)c4F)C(=O)C3(C)C)cc2C(N)=O)C(C)(C)C)cc1,CC1(C)C(=O)N(c2ccc(C#N)c(C(F)(F)F)c2F)C(=S)N1c1cnc([*:1])c(C(N)=O)c1,O=C(COCCCOCCCCO[*:1])[*:2],Cc1ncsc1-c1ccc(CNC(=O)C2CC(O)CN2C(=O)C(N[*:2])C(C)(C)C)cc1,AR,VHL,1068.19,5.95,242.64,14,4,21,0.46,0.043,-6.198,-4.465,WO2021180160A1,2021,SUZHOU KINTOR PHARM INC
COC(=O)c1cc(N2C(=S)N(c3ccc(C#N)c(C(F)(F)F)c3F)C(=O)C2(C)C)cnc1OCCCCOCCCOCC(=O)NC(C(=O)N1CC(O)CC1C(=O)NCc1ccc(-c2scnc2C)cc1)C(C)(C)C,COC(=O)c1cc(N2C(=S)N(c3ccc(C#N)c(C(F)(F)F)c3F)C(=O)C2(C)C)cnc1[*:1],O=C(COCCCOCCCCO[*:1])[*:2],Cc1ncsc1-c1ccc(CNC(=O)C2CC(O)CN2C(=O)C(N[*:2])C(C)(C)C)cc1,AR,VHL,1083.2,6.64,225.85,15,3,21,0.471,0.034,-6.108,-4.844,WO2021180160A1,2021,SUZHOU KINTOR PHARM INC
Cc1ncsc1-c1ccc(CNC(=O)C2CC(O)CN2C(=O)C(NC(=O)COCCCOCCCCCOc2ncc(N3C(=S)N(c4ccc(C#N)c(C(F)(F)F)c4F)C(=O)C3(C)C)cc2C(N)=O)C(C)(C)C)cc1,CC1(C)C(=O)N(c2ccc(C#N)c(C(F)(F)F)c2F)C(=S)N1c1cnc([*:1])c(C(N)=O)c1,O=C(COCCCOCCCCCO[*:1])[*:2],Cc1ncsc1-c1ccc(CNC(=O)C2CC(O)CN2C(=O)C(N[*:2])C(C)(C)C)cc1,AR,VHL,1082.21,6.34,242.64,14,4,22,0.471,0.038,-6.107,-4.581,WO2021180160A1,2021,SUZHOU KINTOR PHARM INC
COC(=O)c1cc(N2C(=S)N(c3ccc(C#N)c(C(F)(F)F)c3F)C(=O)C2(C)C)cnc1OCCOCCOCC(=O)NC(C(=O)N1CC(O)CC1C(=O)NCc1ccc(-c2scnc2C)cc1)C(C)(C)C,COC(=O)c1cc(N2C(=S)N(c3ccc(C#N)c(C(F)(F)F)c3F)C(=O)C2(C)C)cnc1[*:1],O=C(COCCOCCO[*:1])[*:2],Cc1ncsc1-c1ccc(CNC(=O)C2CC(O)CN2C(=O)C(N[*:2])C(C)(C)C)cc1,AR,VHL,1041.12,5.47,225.85,15,3,18,0.438,0.049,-5.982,-4.583,WO2021180160A1,2021,SUZHOU KINTOR PHARM INC
COc1nc(OCCOCCOCC(=O)NC(C(=O)N2CC(O)CC2C(=O)NCc2ccc(-c3scnc3C)cc2)C(C)(C)C)ccc1N1C(=S)N(c2ccc(C#N)c(C(F)(F)F)c2F)C(=O)C1(C)C,COc1nc([*:1])ccc1N1C(=S)N(c2ccc(C#N)c(C(F)(F)F)c2F)C(=O)C1(C)C,O=C(COCCOCCO[*:1])[*:2],Cc1ncsc1-c1ccc(CNC(=O)C2CC(O)CN2C(=O)C(N[*:2])C(C)(C)C)cc1,AR,VHL,1013.11,5.69,208.78,14,3,18,0.447,0.062,-5.96,-4.815,WO2021180160A1,2021,SUZHOU KINTOR PHARM INC
Cc1ncsc1-c1ccc(CNC(=O)C2CC(O)CN2C(=O)C(NC(=O)COCCOCCOc2ncc(N3C(=S)N(c4ccc(C#N)c(C(F)(F)F)c4F)C(=O)C3(C)C)cc2Cl)C(C)(C)C)cc1,CC1(C)C(=O)N(c2ccc(C#N)c(C(F)(F)F)c2F)C(=S)N1c1cnc([*:1])c(Cl)c1,O=C(COCCOCCO[*:1])[*:2],Cc1ncsc1-c1ccc(CNC(=O)C2CC(O)CN2C(=O)C(N[*:2])C(C)(C)C)cc1,AR,VHL,1017.52,6.33,199.55,13,3,17,0.435,0.06,-6.09,-4.941,WO2021180160A1,2021,SUZHOU KINTOR PHARM INC
Cc1ncsc1-c1ccc(CNC(=O)C2CC(O)CN2C(=O)C(NC(=O)COCCOCCOc2ncc(N3C(=S)N(c4ccc(C#N)c(C(F)(F)F)c4F)C(=O)C3(C)C)cc2C(N)=O)C(C)(C)C)cc1,CC1(C)C(=O)N(c2ccc(C#N)c(C(F)(F)F)c2F)C(=S)N1c1cnc([*:1])c(C(N)=O)c1,O=C(COCCOCCO[*:1])[*:2],Cc1ncsc1-c1ccc(CNC(=O)C2CC(O)CN2C(=O)C(N[*:2])C(C)(C)C)cc1,AR,VHL,1026.1,4.78,242.64,14,4,18,0.426,0.06,-6.014,-4.367,WO2021180160A1,2021,SUZHOU KINTOR PHARM INC
Cc1ncsc1-c1ccc(CNC(=O)C2CC(O)CN2C(=O)C(NC(=O)COCCOCCOCCOc2ncc(N3C(=S)N(c4ccc(C#N)c(C(F)(F)F)c4F)C(=O)C3(C)C)cc2C(N)=O)C(C)(C)C)cc1,CC1(C)C(=O)N(c2ccc(C#N)c(C(F)(F)F)c2F)C(=S)N1c1cnc([*:1])c(C(N)=O)c1,O=C(COCCOCCOCCO[*:1])[*:2],Cc1ncsc1-c1ccc(CNC(=O)C2CC(O)CN2C(=O)C(N[*:2])C(C)(C)C)cc1,AR,VHL,1070.16,4.8,251.87,15,4,21,0.449,0.05,-6.057,-4.112,WO2021180160A1,2021,SUZHOU KINTOR PHARM INC
COC(=O)c1cc(N2C(=S)N(c3ccc(C#N)c(C(F)(F)F)c3F)C(=O)C2(C)C)cnc1OCCOCC(=O)NC(C(=O)N1CC(O)CC1C(=O)NCc1ccc(-c2scnc2C)cc1)C(C)(C)C,COC(=O)c1cc(N2C(=S)N(c3ccc(C#N)c(C(F)(F)F)c3F)C(=O)C2(C)C)cnc1[*:1],O=C(COCCO[*:1])[*:2],Cc1ncsc1-c1ccc(CNC(=O)C2CC(O)CN2C(=O)C(N[*:2])C(C)(C)C)cc1,AR,VHL,997.06,5.45,216.62,14,3,15,0.413,0.058,-5.894,-4.778,WO2021180160A1,2021,SUZHOU KINTOR PHARM INC
COC(=O)c1cc(N2C(=S)N(c3ccc(C#N)c(C(F)(F)F)c3F)C(=O)C2(C)C)cnc1OCCOCCOCCOCC(=O)NC(C(=O)N1CC(O)CC1C(=O)NCc1ccc(-c2scnc2C)cc1)C(C)(C)C,COC(=O)c1cc(N2C(=S)N(c3ccc(C#N)c(C(F)(F)F)c3F)C(=O)C2(C)C)cnc1[*:1],O=C(COCCOCCOCCO[*:1])[*:2],Cc1ncsc1-c1ccc(CNC(=O)C2CC(O)CN2C(=O)C(N[*:2])C(C)(C)C)cc1,AR,VHL,1085.17,5.48,235.08,16,3,21,0.46,0.041,-5.976,-4.366,WO2021180160A1,2021,SUZHOU KINTOR PHARM INC
COC(=O)c1cc(N2C(=S)N(c3ccc(C#N)c(C(F)(F)F)c3F)C(=O)C2(C)C)cnc1OCCCCCOCCCOCC(=O)NC(C(=O)N1CC(O)CC1C(=O)NCc1ccc(-c2scnc2C)cc1)C(C)(C)C,COC(=O)c1cc(N2C(=S)N(c3ccc(C#N)c(C(F)(F)F)c3F)C(=O)C2(C)C)cnc1[*:1],O=C(COCCCOCCCCCO[*:1])[*:2],Cc1ncsc1-c1ccc(CNC(=O)C2CC(O)CN2C(=O)C(N[*:2])C(C)(C)C)cc1,AR,VHL,1097.22,7.03,225.85,15,3,22,0.481,0.031,-6.055,-4.925,WO2021180160A1,2021,SUZHOU KINTOR PHARM INC
COc1nc(OCCCCOCCCOCC(=O)NC(C(=O)N2CC(O)CC2C(=O)NCc2ccc(-c3scnc3C)cc2)C(C)(C)C)ccc1N1C(=S)N(c2ccc(C#N)c(C(F)(F)F)c2F)C(=O)C1(C)C,COc1nc([*:1])ccc1N1C(=S)N(c2ccc(C#N)c(C(F)(F)F)c2F)C(=O)C1(C)C,O=C(COCCCOCCCCO[*:1])[*:2],Cc1ncsc1-c1ccc(CNC(=O)C2CC(O)CN2C(=O)C(N[*:2])C(C)(C)C)cc1,AR,VHL,1055.19,6.86,208.78,14,3,21,0.48,0.044,-6.058,-5.026,WO2021180160A1,2021,SUZHOU KINTOR PHARM INC
Cc1ncsc1-c1ccc(CNC(=O)C2CC(O)CN2C(=O)C(NC(=O)COCCOc2ncc(N3C(=S)N(c4ccc(C#N)c(C(F)(F)F)c4F)C(=O)C3(C)C)cc2C(N)=O)C(C)(C)C)cc1,CC1(C)C(=O)N(c2ccc(C#N)c(C(F)(F)F)c2F)C(=S)N1c1cnc([*:1])c(C(N)=O)c1,O=C(COCCO[*:1])[*:2],Cc1ncsc1-c1ccc(CNC(=O)C2CC(O)CN2C(=O)C(N[*:2])C(C)(C)C)cc1,AR,VHL,982.05,4.76,233.41,13,4,15,0.4,0.072,-5.961,-4.584,WO2021180160A1,2021,SUZHOU KINTOR PHARM INC
Cc1ncsc1-c1ccc(CNC(=O)C2CC(O)CN2C(=O)C(NC(=O)COCCOCCOCCOc2cc(Cl)c(N3C(=S)N(c4ccc(C#N)c(C(F)(F)F)c4F)C(=O)C3(C)C)cn2)C(C)(C)C)cc1,CC1(C)C(=O)N(c2ccc(C#N)c(C(F)(F)F)c2F)C(=S)N1c1cnc([*:1])cc1Cl,O=C(COCCOCCOCCO[*:1])[*:2],Cc1ncsc1-c1ccc(CNC(=O)C2CC(O)CN2C(=O)C(N[*:2])C(C)(C)C)cc1,AR,VHL,1061.58,6.35,208.78,14,3,20,0.458,0.05,-6.159,-4.575,WO2021180160A1,2021,SUZHOU KINTOR PHARM INC
COc1cc(OCCCCCOCCCOCC(=O)NC(C(=O)N2CC(O)CC2C(=O)NCc2ccc(-c3scnc3C)cc2)C(C)(C)C)ncc1N1C(=S)N(c2ccc(C#N)c(C(F)(F)F)c2F)C(=O)C1(C)C,COc1cc([*:1])ncc1N1C(=S)N(c2ccc(C#N)c(C(F)(F)F)c2F)C(=O)C1(C)C,O=C(COCCCOCCCCCO[*:1])[*:2],Cc1ncsc1-c1ccc(CNC(=O)C2CC(O)CN2C(=O)C(N[*:2])C(C)(C)C)cc1,AR,VHL,1069.21,7.25,208.78,14,3,22,0.49,0.04,-6.052,-4.805,WO2021180160A1,2021,SUZHOU KINTOR PHARM INC
Cc1ncsc1-c1ccc(CNC(=O)C2CC(O)CN2C(=O)C(NC(=O)COCCCOCCCCCOc2cc(Cl)c(N3C(=S)N(c4ccc(C#N)c(C(F)(F)F)c4F)C(=O)C3(C)C)cn2)C(C)(C)C)cc1,CC1(C)C(=O)N(c2ccc(C#N)c(C(F)(F)F)c2F)C(=S)N1c1cnc([*:1])cc1Cl,O=C(COCCCOCCCCCO[*:1])[*:2],Cc1ncsc1-c1ccc(CNC(=O)C2CC(O)CN2C(=O)C(N[*:2])C(C)(C)C)cc1,AR,VHL,1073.63,7.89,199.55,13,3,21,0.48,0.041,-6.22,-5.131,WO2021180160A1,2021,SUZHOU KINTOR PHARM INC
Cc1ncsc1-c1ccc(CNC(=O)C2CC(O)CN2C(=O)C(NC(=O)COCCOc2cc(Cl)c(N3C(=S)N(c4ccc(C#N)c(C(F)(F)F)c4F)C(=O)C3(C)C)cn2)C(C)(C)C)cc1,CC1(C)C(=O)N(c2ccc(C#N)c(C(F)(F)F)c2F)C(=S)N1c1cnc([*:1])cc1Cl,O=C(COCCO[*:1])[*:2],Cc1ncsc1-c1ccc(CNC(=O)C2CC(O)CN2C(=O)C(N[*:2])C(C)(C)C)cc1,AR,VHL,973.47,6.32,190.32,12,3,14,0.409,0.073,-6.078,-5.105,WO2021180160A1,2021,SUZHOU KINTOR PHARM INC
COc1cc(OCCCCOCCCOCC(=O)NC(C(=O)N2CC(O)CC2C(=O)NCc2ccc(-c3scnc3C)cc2)C(C)(C)C)ncc1N1C(=S)N(c2ccc(C#N)c(C(F)(F)F)c2F)C(=O)C1(C)C,COc1cc([*:1])ncc1N1C(=S)N(c2ccc(C#N)c(C(F)(F)F)c2F)C(=O)C1(C)C,O=C(COCCCOCCCCO[*:1])[*:2],Cc1ncsc1-c1ccc(CNC(=O)C2CC(O)CN2C(=O)C(N[*:2])C(C)(C)C)cc1,AR,VHL,1055.19,6.86,208.78,14,3,21,0.48,0.044,-6.099,-4.792,WO2021180160A1,2021,SUZHOU KINTOR PHARM INC
COc1nc(OCCOCCOCCOCC(=O)NC(C(=O)N2CC(O)CC2C(=O)NCc2ccc(-c3scnc3C)cc2)C(C)(C)C)ccc1N1C(=S)N(c2ccc(C#N)c(C(F)(F)F)c2F)C(=O)C1(C)C,COc1nc([*:1])ccc1N1C(=S)N(c2ccc(C#N)c(C(F)(F)F)c2F)C(=O)C1(C)C,O=C(COCCOCCOCCO[*:1])[*:2],Cc1ncsc1-c1ccc(CNC(=O)C2CC(O)CN2C(=O)C(N[*:2])C(C)(C)C)cc1,AR,VHL,1057.16,5.71,218.01,15,3,21,0.469,0.052,-5.969,-4.595,WO2021180160A1,2021,SUZHOU KINTOR PHARM INC
COc1cc(OCCOCCOCCOCC(=O)NC(C(=O)N2CC(O)CC2C(=O)NCc2ccc(-c3scnc3C)cc2)C(C)(C)C)ncc1N1C(=S)N(c2ccc(C#N)c(C(F)(F)F)c2F)C(=O)C1(C)C,COc1cc([*:1])ncc1N1C(=S)N(c2ccc(C#N)c(C(F)(F)F)c2F)C(=O)C1(C)C,O=C(COCCOCCOCCO[*:1])[*:2],Cc1ncsc1-c1ccc(CNC(=O)C2CC(O)CN2C(=O)C(N[*:2])C(C)(C)C)cc1,AR,VHL,1057.16,5.71,218.01,15,3,21,0.469,0.052,-5.998,-4.348,WO2021180160A1,2021,SUZHOU KINTOR PHARM INC
Cc1ncsc1-c1ccc(CNC(=O)C2CC(O)CN2C(=O)C(NC(=O)COCCCOCCCCCOc2ncc(N3C(=S)N(c4ccc(C#N)c(C(F)(F)F)c4F)C(=O)C3(C)C)cc2Cl)C(C)(C)C)cc1,CC1(C)C(=O)N(c2ccc(C#N)c(C(F)(F)F)c2F)C(=S)N1c1cnc([*:1])c(Cl)c1,O=C(COCCCOCCCCCO[*:1])[*:2],Cc1ncsc1-c1ccc(CNC(=O)C2CC(O)CN2C(=O)C(N[*:2])C(C)(C)C)cc1,AR,VHL,1073.63,7.89,199.55,13,3,21,0.48,0.041,-6.188,-5.401,WO2021180160A1,2021,SUZHOU KINTOR PHARM INC
Cc1nc(OCCCCCOCCCOCC(=O)NC(C(=O)N2CC(O)CC2C(=O)NCc2ccc(-c3scnc3C)cc2)C(C)(C)C)ccc1N1C(=S)N(c2ccc(C#N)c(C(F)(F)F)c2F)C(=O)C1(C)C,Cc1nc([*:1])ccc1N1C(=S)N(c2ccc(C#N)c(C(F)(F)F)c2F)C(=O)C1(C)C,O=C(COCCCOCCCCCO[*:1])[*:2],Cc1ncsc1-c1ccc(CNC(=O)C2CC(O)CN2C(=O)C(N[*:2])C(C)(C)C)cc1,AR,VHL,1053.21,7.55,199.55,13,3,21,0.49,0.042,-6.216,-4.877,WO2021180160A1,2021,SUZHOU KINTOR PHARM INC
Cc1cc(OCCCCCOCCCOCC(=O)NC(C(=O)N2CC(O)CC2C(=O)NCc2ccc(-c3scnc3C)cc2)C(C)(C)C)ncc1N1C(=S)N(c2ccc(C#N)c(C(F)(F)F)c2F)C(=O)C1(C)C,Cc1cc([*:1])ncc1N1C(=S)N(c2ccc(C#N)c(C(F)(F)F)c2F)C(=O)C1(C)C,O=C(COCCCOCCCCCO[*:1])[*:2],Cc1ncsc1-c1ccc(CNC(=O)C2CC(O)CN2C(=O)C(N[*:2])C(C)(C)C)cc1,AR,VHL,1053.21,7.55,199.55,13,3,21,0.49,0.042,-6.11,-4.851,WO2021180160A1,2021,SUZHOU KINTOR PHARM INC
COc1nc(OCCOCC(=O)NC(C(=O)N2CC(O)CC2C(=O)NCc2ccc(-c3scnc3C)cc2)C(C)(C)C)ccc1N1C(=S)N(c2ccc(C#N)c(C(F)(F)F)c2F)C(=O)C1(C)C,COc1nc([*:1])ccc1N1C(=S)N(c2ccc(C#N)c(C(F)(F)F)c2F)C(=O)C1(C)C,O=C(COCCO[*:1])[*:2],Cc1ncsc1-c1ccc(CNC(=O)C2CC(O)CN2C(=O)C(N[*:2])C(C)(C)C)cc1,AR,VHL,969.05,5.67,199.55,13,3,15,0.422,0.075,-5.875,-5.019,WO2021180160A1,2021,SUZHOU KINTOR PHARM INC
COc1cc(OCCOCC(=O)NC(C(=O)N2CC(O)CC2C(=O)NCc2ccc(-c3scnc3C)cc2)C(C)(C)C)ncc1N1C(=S)N(c2ccc(C#N)c(C(F)(F)F)c2F)C(=O)C1(C)C,COc1cc([*:1])ncc1N1C(=S)N(c2ccc(C#N)c(C(F)(F)F)c2F)C(=O)C1(C)C,O=C(COCCO[*:1])[*:2],Cc1ncsc1-c1ccc(CNC(=O)C2CC(O)CN2C(=O)C(N[*:2])C(C)(C)C)cc1,AR,VHL,969.05,5.67,199.55,13,3,15,0.422,0.075,-5.897,-4.777,WO2021180160A1,2021,SUZHOU KINTOR PHARM INC
Cc1ncsc1-c1ccc(CNC(=O)C2CC(O)CN2C(=O)C(NC(=O)COCCCOCCCCOc2ncc(N3C(=S)N(c4ccc(C#N)c(C(F)(F)F)c4F)C(=O)C3(C)C)cc2Cl)C(C)(C)C)cc1,CC1(C)C(=O)N(c2ccc(C#N)c(C(F)(F)F)c2F)C(=S)N1c1cnc([*:1])c(Cl)c1,O=C(COCCCOCCCCO[*:1])[*:2],Cc1ncsc1-c1ccc(CNC(=O)C2CC(O)CN2C(=O)C(N[*:2])C(C)(C)C)cc1,AR,VHL,1059.61,7.5,199.55,13,3,20,0.469,0.045,-6.282,-5.239,WO2021180160A1,2021,SUZHOU KINTOR PHARM INC
Cc1ncsc1-c1ccc(CNC(=O)C2CC(O)CN2C(=O)C(NC(=O)COCCCOCCCCOc2cc(Cl)c(N3C(=S)N(c4ccc(C#N)c(C(F)(F)F)c4F)C(=O)C3(C)C)cn2)C(C)(C)C)cc1,CC1(C)C(=O)N(c2ccc(C#N)c(C(F)(F)F)c2F)C(=S)N1c1cnc([*:1])cc1Cl,O=C(COCCCOCCCCO[*:1])[*:2],Cc1ncsc1-c1ccc(CNC(=O)C2CC(O)CN2C(=O)C(N[*:2])C(C)(C)C)cc1,AR,VHL,1059.61,7.5,199.55,13,3,20,0.469,0.045,-6.319,-4.95,WO2021180160A1,2021,SUZHOU KINTOR PHARM INC
Cc1nc(OCCOCC(=O)NC(C(=O)N2CC(O)CC2C(=O)NCc2ccc(-c3scnc3C)cc2)C(C)(C)C)ccc1N1C(=S)N(c2ccc(C#N)c(C(F)(F)F)c2F)C(=O)C1(C)C,Cc1nc([*:1])ccc1N1C(=S)N(c2ccc(C#N)c(C(F)(F)F)c2F)C(=O)C1(C)C,O=C(COCCO[*:1])[*:2],Cc1ncsc1-c1ccc(CNC(=O)C2CC(O)CN2C(=O)C(N[*:2])C(C)(C)C)cc1,AR,VHL,953.05,5.97,190.32,12,3,14,0.422,0.076,-6.064,-4.84,WO2021180160A1,2021,SUZHOU KINTOR PHARM INC
Cc1cc(OCCOCC(=O)NC(C(=O)N2CC(O)CC2C(=O)NCc2ccc(-c3scnc3C)cc2)C(C)(C)C)ncc1N1C(=S)N(c2ccc(C#N)c(C(F)(F)F)c2F)C(=O)C1(C)C,Cc1cc([*:1])ncc1N1C(=S)N(c2ccc(C#N)c(C(F)(F)F)c2F)C(=O)C1(C)C,O=C(COCCO[*:1])[*:2],Cc1ncsc1-c1ccc(CNC(=O)C2CC(O)CN2C(=O)C(N[*:2])C(C)(C)C)cc1,AR,VHL,953.05,5.97,190.32,12,3,14,0.422,0.076,-5.912,-4.876,WO2021180160A1,2021,SUZHOU KINTOR PHARM INC
Cc1cc(OCCCCOCCCOCC(=O)NC(C(=O)N2CC(O)CC2C(=O)NCc2ccc(-c3scnc3C)cc2)C(C)(C)C)ncc1N1C(=S)N(c2ccc(C#N)c(C(F)(F)F)c2F)C(=O)C1(C)C,Cc1cc([*:1])ncc1N1C(=S)N(c2ccc(C#N)c(C(F)(F)F)c2F)C(=O)C1(C)C,O=C(COCCCOCCCCO[*:1])[*:2],Cc1ncsc1-c1ccc(CNC(=O)C2CC(O)CN2C(=O)C(N[*:2])C(C)(C)C)cc1,AR,VHL,1039.19,7.16,199.55,13,3,20,0.48,0.046,-6.203,-4.715,WO2021180160A1,2021,SUZHOU KINTOR PHARM INC
Cc1nc(OCCCCOCCCOCC(=O)NC(C(=O)N2CC(O)CC2C(=O)NCc2ccc(-c3scnc3C)cc2)C(C)(C)C)ccc1N1C(=S)N(c2ccc(C#N)c(C(F)(F)F)c2F)C(=O)C1(C)C,Cc1nc([*:1])ccc1N1C(=S)N(c2ccc(C#N)c(C(F)(F)F)c2F)C(=O)C1(C)C,O=C(COCCCOCCCCO[*:1])[*:2],Cc1ncsc1-c1ccc(CNC(=O)C2CC(O)CN2C(=O)C(N[*:2])C(C)(C)C)cc1,AR,VHL,1039.19,7.16,199.55,13,3,20,0.48,0.046,-6.306,-4.741,WO2021180160A1,2021,SUZHOU KINTOR PHARM INC
COc1cc(OCCOCCOCC(=O)NC(C(=O)N2CC(O)CC2C(=O)NCc2ccc(-c3scnc3C)cc2)C(C)(C)C)ncc1N1C(=S)N(c2ccc(C#N)c(C(F)(F)F)c2F)C(=O)C1(C)C,COc1cc([*:1])ncc1N1C(=S)N(c2ccc(C#N)c(C(F)(F)F)c2F)C(=O)C1(C)C,O=C(COCCOCCO[*:1])[*:2],Cc1ncsc1-c1ccc(CNC(=O)C2CC(O)CN2C(=O)C(N[*:2])C(C)(C)C)cc1,AR,VHL,1013.11,5.69,208.78,14,3,18,0.447,0.062,-5.988,-4.585,WO2021180160A1,2021,SUZHOU KINTOR PHARM INC
Cc1ncsc1-c1ccc(CNC(=O)C2CC(O)CN2C(=O)C(NC(=O)COCCOCCOc2cc(Cl)c(N3C(=S)N(c4ccc(C#N)c(C(F)(F)F)c4F)C(=O)C3(C)C)cn2)C(C)(C)C)cc1,CC1(C)C(=O)N(c2ccc(C#N)c(C(F)(F)F)c2F)C(=S)N1c1cnc([*:1])cc1Cl,O=C(COCCOCCO[*:1])[*:2],Cc1ncsc1-c1ccc(CNC(=O)C2CC(O)CN2C(=O)C(N[*:2])C(C)(C)C)cc1,AR,VHL,1017.52,6.33,199.55,13,3,17,0.435,0.06,-6.125,-4.813,WO2021180160A1,2021,SUZHOU KINTOR PHARM INC
Cc1ncsc1-c1ccc(CNC(=O)C2CC(O)CN2C(=O)C(NC(=O)COCCCOCCCCCOc2ncc(N3C(=S)N(c4ccc(C#N)c(C(F)(F)F)c4F)C(=O)C3(C)C)cc2F)C(C)(C)C)cc1,CC1(C)C(=O)N(c2ccc(C#N)c(C(F)(F)F)c2F)C(=S)N1c1cnc([*:1])c(F)c1,O=C(COCCCOCCCCCO[*:1])[*:2],Cc1ncsc1-c1ccc(CNC(=O)C2CC(O)CN2C(=O)C(N[*:2])C(C)(C)C)cc1,AR,VHL,1057.18,7.38,199.55,13,3,21,0.48,0.042,-6.032,-5.169,WO2021180160A1,2021,SUZHOU KINTOR PHARM INC
Cc1ncsc1-c1ccc(CNC(=O)C2CC(O)CN2C(=O)C(NC(=O)COCCOCCOCCOc2ncc(N3C(=S)N(c4ccc(C#N)c(C(F)(F)F)c4F)C(=O)C3(C)C)cc2Cl)C(C)(C)C)cc1,CC1(C)C(=O)N(c2ccc(C#N)c(C(F)(F)F)c2F)C(=S)N1c1cnc([*:1])c(Cl)c1,O=C(COCCOCCOCCO[*:1])[*:2],Cc1ncsc1-c1ccc(CNC(=O)C2CC(O)CN2C(=O)C(N[*:2])C(C)(C)C)cc1,AR,VHL,1061.58,6.35,208.78,14,3,20,0.458,0.05,-6.126,-4.677,WO2021180160A1,2021,SUZHOU KINTOR PHARM INC
Cc1nc(OCCOCCOCCOCC(=O)NC(C(=O)N2CC(O)CC2C(=O)NCc2ccc(-c3scnc3C)cc2)C(C)(C)C)ccc1N1C(=S)N(c2ccc(C#N)c(C(F)(F)F)c2F)C(=O)C1(C)C,Cc1nc([*:1])ccc1N1C(=S)N(c2ccc(C#N)c(C(F)(F)F)c2F)C(=O)C1(C)C,O=C(COCCOCCOCCO[*:1])[*:2],Cc1ncsc1-c1ccc(CNC(=O)C2CC(O)CN2C(=O)C(N[*:2])C(C)(C)C)cc1,AR,VHL,1041.16,6.01,208.78,14,3,20,0.469,0.053,-6.12,-4.457,WO2021180160A1,2021,SUZHOU KINTOR PHARM INC
Cc1cc(N2C(=S)N(c3ccc(C#N)c(C(F)(F)F)c3F)C(=O)C2(C)C)cnc1OCCCCCOCCCOCC(=O)NC(C(=O)N1CC(O)CC1C(=O)NCc1ccc(-c2scnc2C)cc1)C(C)(C)C,Cc1cc(N2C(=S)N(c3ccc(C#N)c(C(F)(F)F)c3F)C(=O)C2(C)C)cnc1[*:1],O=C(COCCCOCCCCCO[*:1])[*:2],Cc1ncsc1-c1ccc(CNC(=O)C2CC(O)CN2C(=O)C(N[*:2])C(C)(C)C)cc1,AR,VHL,1053.21,7.55,199.55,13,3,21,0.49,0.042,-6.078,-5.131,WO2021180160A1,2021,SUZHOU KINTOR PHARM INC
Cc1cc(N2C(=S)N(c3ccc(C#N)c(C(F)(F)F)c3F)C(=O)C2(C)C)cnc1OCCCCOCCCOCC(=O)NC(C(=O)N1CC(O)CC1C(=O)NCc1ccc(-c2scnc2C)cc1)C(C)(C)C,Cc1cc(N2C(=S)N(c3ccc(C#N)c(C(F)(F)F)c3F)C(=O)C2(C)C)cnc1[*:1],O=C(COCCCOCCCCO[*:1])[*:2],Cc1ncsc1-c1ccc(CNC(=O)C2CC(O)CN2C(=O)C(N[*:2])C(C)(C)C)cc1,AR,VHL,1039.19,7.16,199.55,13,3,20,0.48,0.046,-6.169,-5.005,WO2021180160A1,2021,SUZHOU KINTOR PHARM INC
Cc1ncsc1-c1ccc(CNC(=O)C2CC(O)CN2C(=O)C(NC(=O)COCCCOCCCCOc2ncc(N3C(=S)N(c4ccc(C#N)c(C(F)(F)F)c4F)C(=O)C3(C)C)cc2F)C(C)(C)C)cc1,CC1(C)C(=O)N(c2ccc(C#N)c(C(F)(F)F)c2F)C(=S)N1c1cnc([*:1])c(F)c1,O=C(COCCCOCCCCO[*:1])[*:2],Cc1ncsc1-c1ccc(CNC(=O)C2CC(O)CN2C(=O)C(N[*:2])C(C)(C)C)cc1,AR,VHL,1043.15,6.99,199.55,13,3,20,0.469,0.047,-6.136,-5.017,WO2021180160A1,2021,SUZHOU KINTOR PHARM INC
Cc1cc(OCCOCCOCCOCC(=O)NC(C(=O)N2CC(O)CC2C(=O)NCc2ccc(-c3scnc3C)cc2)C(C)(C)C)ncc1N1C(=S)N(c2ccc(C#N)c(C(F)(F)F)c2F)C(=O)C1(C)C,Cc1cc([*:1])ncc1N1C(=S)N(c2ccc(C#N)c(C(F)(F)F)c2F)C(=O)C1(C)C,O=C(COCCOCCOCCO[*:1])[*:2],Cc1ncsc1-c1ccc(CNC(=O)C2CC(O)CN2C(=O)C(N[*:2])C(C)(C)C)cc1,AR,VHL,1041.16,6.01,208.78,14,3,20,0.469,0.053,-6.058,-4.434,WO2021180160A1,2021,SUZHOU KINTOR PHARM INC
Cc1cc(N2C(=S)N(c3ccc(C#N)c(C(F)(F)F)c3F)C(=O)C2(C)C)cnc1OCCOCC(=O)NC(C(=O)N1CC(O)CC1C(=O)NCc1ccc(-c2scnc2C)cc1)C(C)(C)C,Cc1cc(N2C(=S)N(c3ccc(C#N)c(C(F)(F)F)c3F)C(=O)C2(C)C)cnc1[*:1],O=C(COCCO[*:1])[*:2],Cc1ncsc1-c1ccc(CNC(=O)C2CC(O)CN2C(=O)C(N[*:2])C(C)(C)C)cc1,AR,VHL,953.05,5.97,190.32,12,3,14,0.422,0.076,-5.897,-4.999,WO2021180160A1,2021,SUZHOU KINTOR PHARM INC
Cc1cc(OCCOCCOCC(=O)NC(C(=O)N2CC(O)CC2C(=O)NCc2ccc(-c3scnc3C)cc2)C(C)(C)C)ncc1N1C(=S)N(c2ccc(C#N)c(C(F)(F)F)c2F)C(=O)C1(C)C,Cc1cc([*:1])ncc1N1C(=S)N(c2ccc(C#N)c(C(F)(F)F)c2F)C(=O)C1(C)C,O=C(COCCOCCO[*:1])[*:2],Cc1ncsc1-c1ccc(CNC(=O)C2CC(O)CN2C(=O)C(N[*:2])C(C)(C)C)cc1,AR,VHL,997.11,5.99,199.55,13,3,17,0.447,0.063,-6.005,-4.677,WO2021180160A1,2021,SUZHOU KINTOR PHARM INC
Cc1ncsc1-c1ccc(CNC(=O)C2CC(O)CN2C(=O)C(NC(=O)COCCCOCCCCCOc2ncc(N3C(=S)N(c4ccc(C#N)c(C(F)(F)F)c4F)C(=O)C3(C)C)cc2C(F)(F)F)C(C)(C)C)cc1,CC1(C)C(=O)N(c2ccc(C#N)c(C(F)(F)F)c2F)C(=S)N1c1cnc([*:1])c(C(F)(F)F)c1,O=C(COCCCOCCCCCO[*:1])[*:2],Cc1ncsc1-c1ccc(CNC(=O)C2CC(O)CN2C(=O)C(N[*:2])C(C)(C)C)cc1,AR,VHL,1107.18,8.26,199.55,13,3,21,0.49,0.041,-6.111,-5.532,WO2021180160A1,2021,SUZHOU KINTOR PHARM INC
Cc1nc(OCCOCCOCC(=O)NC(C(=O)N2CC(O)CC2C(=O)NCc2ccc(-c3scnc3C)cc2)C(C)(C)C)ccc1N1C(=S)N(c2ccc(C#N)c(C(F)(F)F)c2F)C(=O)C1(C)C,Cc1nc([*:1])ccc1N1C(=S)N(c2ccc(C#N)c(C(F)(F)F)c2F)C(=O)C1(C)C,O=C(COCCOCCO[*:1])[*:2],Cc1ncsc1-c1ccc(CNC(=O)C2CC(O)CN2C(=O)C(N[*:2])C(C)(C)C)cc1,AR,VHL,997.11,5.99,199.55,13,3,17,0.447,0.063,-6.1,-4.655,WO2021180160A1,2021,SUZHOU KINTOR PHARM INC
Cc1cc(N2C(=S)N(c3ccc(C#N)c(C(F)(F)F)c3F)C(=O)C2(C)C)cnc1OCCOCCOCCOCC(=O)NC(C(=O)N1CC(O)CC1C(=O)NCc1ccc(-c2scnc2C)cc1)C(C)(C)C,Cc1cc(N2C(=S)N(c3ccc(C#N)c(C(F)(F)F)c3F)C(=O)C2(C)C)cnc1[*:1],O=C(COCCOCCOCCO[*:1])[*:2],Cc1ncsc1-c1ccc(CNC(=O)C2CC(O)CN2C(=O)C(N[*:2])C(C)(C)C)cc1,AR,VHL,1041.16,6.01,208.78,14,3,20,0.469,0.053,-6.025,-4.495,WO2021180160A1,2021,SUZHOU KINTOR PHARM INC
Cc1ncsc1-c1ccc(CNC(=O)C2CC(O)CN2C(=O)C(NC(=O)COCCOCCOCCOc2ncc(N3C(=S)N(c4ccc(C#N)c(C(F)(F)F)c4F)C(=O)C3(C)C)cc2F)C(C)(C)C)cc1,CC1(C)C(=O)N(c2ccc(C#N)c(C(F)(F)F)c2F)C(=S)N1c1cnc([*:1])c(F)c1,O=C(COCCOCCOCCO[*:1])[*:2],Cc1ncsc1-c1ccc(CNC(=O)C2CC(O)CN2C(=O)C(N[*:2])C(C)(C)C)cc1,AR,VHL,1045.12,5.84,208.78,14,3,20,0.458,0.054,-6.031,-4.438,WO2021180160A1,2021,SUZHOU KINTOR PHARM INC
Cc1cc(N2C(=S)N(c3ccc(C#N)c(C(F)(F)F)c3F)C(=O)C2(C)C)cnc1OCCOCCOCC(=O)NC(C(=O)N1CC(O)CC1C(=O)NCc1ccc(-c2scnc2C)cc1)C(C)(C)C,Cc1cc(N2C(=S)N(c3ccc(C#N)c(C(F)(F)F)c3F)C(=O)C2(C)C)cnc1[*:1],O=C(COCCOCCO[*:1])[*:2],Cc1ncsc1-c1ccc(CNC(=O)C2CC(O)CN2C(=O)C(N[*:2])C(C)(C)C)cc1,AR,VHL,997.11,5.99,199.55,13,3,17,0.447,0.063,-5.97,-4.765,WO2021180160A1,2021,SUZHOU KINTOR PHARM INC
Cc1ncsc1-c1ccc(CNC(=O)C2CC(O)CN2C(=O)C(NC(=O)COCCCOCCCCOc2ncc(N3C(=S)N(c4ccc(C#N)c(C(F)(F)F)c4F)C(=O)C3(C)C)cc2C(F)(F)F)C(C)(C)C)cc1,CC1(C)C(=O)N(c2ccc(C#N)c(C(F)(F)F)c2F)C(=S)N1c1cnc([*:1])c(C(F)(F)F)c1,O=C(COCCCOCCCCO[*:1])[*:2],Cc1ncsc1-c1ccc(CNC(=O)C2CC(O)CN2C(=O)C(N[*:2])C(C)(C)C)cc1,AR,VHL,1093.16,7.87,199.55,13,3,20,0.48,0.044,-6.205,-5.41,WO2021180160A1,2021,SUZHOU KINTOR PHARM INC
Cc1ncsc1-c1ccc(CNC(=O)C2CC(O)CN2C(=O)C(NC(=O)COCCOCCOCCOc2ncc(N3C(=S)N(c4ccc(C#N)c(C(F)(F)F)c4F)C(=O)C3(C)C)cc2C(F)(F)F)C(C)(C)C)cc1,CC1(C)C(=O)N(c2ccc(C#N)c(C(F)(F)F)c2F)C(=S)N1c1cnc([*:1])c(C(F)(F)F)c1,O=C(COCCOCCOCCO[*:1])[*:2],Cc1ncsc1-c1ccc(CNC(=O)C2CC(O)CN2C(=O)C(N[*:2])C(C)(C)C)cc1,AR,VHL,1095.13,6.72,208.78,14,3,20,0.469,0.048,-6.064,-4.639,WO2021180160A1,2021,SUZHOU KINTOR PHARM INC
Cc1ncsc1-c1ccc(CNC(=O)C2CC(O)CN2C(=O)C(NC(=O)COCCOc2ncc(N3C(=S)N(c4ccc(C#N)c(C(F)(F)F)c4F)C(=O)C3(C)C)cc2C(F)(F)F)C(C)(C)C)cc1,CC1(C)C(=O)N(c2ccc(C#N)c(C(F)(F)F)c2F)C(=S)N1c1cnc([*:1])c(C(F)(F)F)c1,O=C(COCCO[*:1])[*:2],Cc1ncsc1-c1ccc(CNC(=O)C2CC(O)CN2C(=O)C(N[*:2])C(C)(C)C)cc1,AR,VHL,1007.02,6.68,190.32,12,3,14,0.422,0.069,-5.97,-5.216,WO2021180160A1,2021,SUZHOU KINTOR PHARM INC
Cc1ncsc1-c1ccc(CNC(=O)C2CC(O)CN2C(=O)C(NC(=O)COCCOc2ncc(N3C(=S)N(c4ccc(C#N)c(C(F)(F)F)c4F)C(=O)C3(C)C)cc2F)C(C)(C)C)cc1,CC1(C)C(=O)N(c2ccc(C#N)c(C(F)(F)F)c2F)C(=S)N1c1cnc([*:1])c(F)c1,O=C(COCCO[*:1])[*:2],Cc1ncsc1-c1ccc(CNC(=O)C2CC(O)CN2C(=O)C(N[*:2])C(C)(C)C)cc1,AR,VHL,957.02,5.8,190.32,12,3,14,0.409,0.078,-5.919,-4.93,WO2021180160A1,2021,SUZHOU KINTOR PHARM INC
Cc1ncsc1-c1ccc(CNC(=O)C2CC(O)CN2C(=O)C(NC(=O)COCCOCCOc2ncc(N3C(=S)N(c4ccc(C#N)c(C(F)(F)F)c4F)C(=O)C3(C)C)cc2C(F)(F)F)C(C)(C)C)cc1,CC1(C)C(=O)N(c2ccc(C#N)c(C(F)(F)F)c2F)C(=S)N1c1cnc([*:1])c(C(F)(F)F)c1,O=C(COCCOCCO[*:1])[*:2],Cc1ncsc1-c1ccc(CNC(=O)C2CC(O)CN2C(=O)C(N[*:2])C(C)(C)C)cc1,AR,VHL,1051.08,6.7,199.55,13,3,17,0.447,0.057,-6.026,-4.942,WO2021180160A1,2021,SUZHOU KINTOR PHARM INC
Cc1ncsc1-c1ccc(CNC(=O)C2CC(O)CN2C(=O)C(NC(=O)COCCOCCOc2ncc(N3C(=S)N(c4ccc(C#N)c(C(F)(F)F)c4F)C(=O)C3(C)C)cc2F)C(C)(C)C)cc1,CC1(C)C(=O)N(c2ccc(C#N)c(C(F)(F)F)c2F)C(=S)N1c1cnc([*:1])c(F)c1,O=C(COCCOCCO[*:1])[*:2],Cc1ncsc1-c1ccc(CNC(=O)C2CC(O)CN2C(=O)C(N[*:2])C(C)(C)C)cc1,AR,VHL,1001.07,5.82,199.55,13,3,17,0.435,0.065,-5.983,-4.709,WO2021180160A1,2021,SUZHOU KINTOR PHARM INC
Cc1ncsc1-c1ccc(CNC(=O)C2CC(O)CN2C(=O)C(NC(=O)COCCOc2ccc(N3C(=S)N(c4ccc(C#N)c(C(F)(F)F)c4F)C(=O)C3(C)C)cn2)C(C)(C)C)cc1,CC1(C)C(=O)N(c2ccc(C#N)c(C(F)(F)F)c2F)C(=S)N1c1ccc([*:1])nc1,O=C(COCCO[*:1])[*:2],Cc1ncsc1-c1ccc(CNC(=O)C2CC(O)CN2C(=O)C(N[*:2])C(C)(C)C)cc1,AR,VHL,939.03,5.66,190.32,12,3,14,0.409,0.08,-5.985,-4.756,WO2021180160A1,2021,SUZHOU KINTOR PHARM INC
Cc1ncsc1-c1ccc(CNC(=O)C2CC(O)CN2C(=O)C(NC(=O)COCCOCCOc2ccc(N3C(=S)N(c4ccc(C#N)c(C(F)(F)F)c4F)C(=O)C3(C)C)cn2)C(C)(C)C)cc1,CC1(C)C(=O)N(c2ccc(C#N)c(C(F)(F)F)c2F)C(=S)N1c1ccc([*:1])nc1,O=C(COCCOCCO[*:1])[*:2],Cc1ncsc1-c1ccc(CNC(=O)C2CC(O)CN2C(=O)C(N[*:2])C(C)(C)C)cc1,AR,VHL,983.08,5.68,199.55,13,3,17,0.435,0.066,-6.065,-4.553,WO2021180160A1,2021,SUZHOU KINTOR PHARM INC
Cc1ncsc1-c1ccc(CNC(=O)C2CC(O)CN2C(=O)C(NC(=O)COCCCOCCCCOc2ccc(N3C(=S)N(c4ccc(C#N)c(C(F)(F)F)c4F)C(=O)C3(C)C)cn2)C(C)(C)C)cc1,CC1(C)C(=O)N(c2ccc(C#N)c(C(F)(F)F)c2F)C(=S)N1c1ccc([*:1])nc1,O=C(COCCCOCCCCO[*:1])[*:2],Cc1ncsc1-c1ccc(CNC(=O)C2CC(O)CN2C(=O)C(N[*:2])C(C)(C)C)cc1,AR,VHL,1025.16,6.85,199.55,13,3,20,0.469,0.047,-6.244,-4.643,WO2021180160A1,2021,SUZHOU KINTOR PHARM INC
Cc1ncsc1-c1ccc(CNC(=O)C2CC(O)CN2C(=O)C(NC(=O)COCCCOCCCCCOc2ccc(N3C(=S)N(c4ccc(C#N)c(C(F)(F)F)c4F)C(=O)C3(C)C)cn2)C(C)(C)C)cc1,CC1(C)C(=O)N(c2ccc(C#N)c(C(F)(F)F)c2F)C(=S)N1c1ccc([*:1])nc1,O=C(COCCCOCCCCCO[*:1])[*:2],Cc1ncsc1-c1ccc(CNC(=O)C2CC(O)CN2C(=O)C(N[*:2])C(C)(C)C)cc1,AR,VHL,1039.19,7.24,199.55,13,3,21,0.48,0.043,-6.145,-4.78,WO2021180160A1,2021,SUZHOU KINTOR PHARM INC
COc1c(C#N)ccc(N2C(=O)C(C)(C)N(c3cnc(-c4ccc(OCCCCOCC(=O)NC(C(=O)N5CC(O)CC5C(=O)NCc5ccc(-c6scnc6C)cc5)C(C)(C)C)c(F)c4)c(F)c3)C2=S)c1F,COc1c(C#N)ccc(N2C(=O)C(C)(C)N(c3cnc(-c4ccc([*:1])c(F)c4)c(F)c3)C2=S)c1F,O=C(COCCCCO[*:1])[*:2],Cc1ncsc1-c1ccc(CNC(=O)C2CC(O)CN2C(=O)C(N[*:2])C(C)(C)C)cc1,AR,VHL,1041.19,7.38,199.55,13,3,18,0.385,0.058,-5.954,-4.926,WO2021180160A1,2021,SUZHOU KINTOR PHARM INC
COc1c(C#N)ccc(N2C(=O)C(C)(C)N(c3ccc(-c4ccc(OCCCCOCC(=O)NC(C(=O)N5CC(O)CC5C(=O)NCc5ccc(-c6scnc6C)cc5)C(C)(C)C)cc4)nc3)C2=S)c1F,COc1c(C#N)ccc(N2C(=O)C(C)(C)N(c3ccc(-c4ccc([*:1])cc4)nc3)C2=S)c1F,O=C(COCCCCO[*:1])[*:2],Cc1ncsc1-c1ccc(CNC(=O)C2CC(O)CN2C(=O)C(N[*:2])C(C)(C)C)cc1,AR,VHL,1005.21,7.1,199.55,13,3,18,0.385,0.059,-5.929,-4.979,WO2021180160A1,2021,SUZHOU KINTOR PHARM INC
Cc1ncsc1-c1ccc(C(C)NC(=O)C2CC(O)CN2C(=O)C(NC(=O)COCCCCOc2c(F)cc(-c3ncc(N4C(=S)N(c5ccc(C#N)c(C(F)(F)F)c5F)C(=O)C4(C)C)cc3F)cc2F)C(C)(C)C)cc1,CC1(C)C(=O)N(c2ccc(C#N)c(C(F)(F)F)c2F)C(=S)N1c1cnc(-c2cc(F)c([*:1])c(F)c2)c(F)c1,O=C(COCCCCO[*:1])[*:2],Cc1ncsc1-c1ccc(C(C)NC(=O)C2CC(O)CN2C(=O)C(N[*:2])C(C)(C)C)cc1,AR,VHL,1111.18,9.09,190.32,12,3,17,0.396,0.046,-5.851,-5.888,WO2021180160A1,2021,SUZHOU KINTOR PHARM INC
Cc1ncsc1-c1ccc(C(C)NC(=O)C2CC(O)CN2C(=O)C(NC(=O)COCCOc2ccc(-c3ncc(N4C(=S)N(c5ccc(C#N)c(C(F)(F)F)c5F)C(=O)C4(C)C)cc3F)cc2F)C(C)(C)C)cc1,CC1(C)C(=O)N(c2ccc(C#N)c(C(F)(F)F)c2F)C(=S)N1c1cnc(-c2ccc([*:1])c(F)c2)c(F)c1,O=C(COCCO[*:1])[*:2],Cc1ncsc1-c1ccc(C(C)NC(=O)C2CC(O)CN2C(=O)C(N[*:2])C(C)(C)C)cc1,AR,VHL,1065.13,8.17,190.32,12,3,15,0.373,0.052,-5.857,-5.615,WO2021180160A1,2021,SUZHOU KINTOR PHARM INC
Cc1ncsc1-c1ccc(C(C)NC(=O)C2CC(O)CN2C(=O)C(NC(=O)COCCCCCOc2ccc(-c3ncc(N4C(=S)N(c5ccc(C#N)c(C(F)(F)F)c5F)C(=O)C4(C)C)cc3F)cc2F)C(C)(C)C)cc1,CC1(C)C(=O)N(c2ccc(C#N)c(C(F)(F)F)c2F)C(=S)N1c1cnc(-c2ccc([*:1])c(F)c2)c(F)c1,O=C(COCCCCCO[*:1])[*:2],Cc1ncsc1-c1ccc(C(C)NC(=O)C2CC(O)CN2C(=O)C(N[*:2])C(C)(C)C)cc1,AR,VHL,1107.21,9.34,190.32,12,3,18,0.407,0.043,-5.827,-5.898,WO2021180160A1,2021,SUZHOU KINTOR PHARM INC
Cc1ncsc1-c1ccc(C(C)NC(=O)C2CC(O)CN2C(=O)C(NC(=O)COCCCCOc2ccc(-c3ncc(N4C(=S)N(c5ccc(C#N)c(C(F)(F)F)c5F)C(=O)C4(C)C)cc3F)cc2F)C(C)(C)C)cc1,CC1(C)C(=O)N(c2ccc(C#N)c(C(F)(F)F)c2F)C(=S)N1c1cnc(-c2ccc([*:1])c(F)c2)c(F)c1,O=C(COCCCCO[*:1])[*:2],Cc1ncsc1-c1ccc(C(C)NC(=O)C2CC(O)CN2C(=O)C(N[*:2])C(C)(C)C)cc1,AR,VHL,1093.19,8.95,190.32,12,3,17,0.396,0.046,-5.855,-5.763,WO2021180160A1,2021,SUZHOU KINTOR PHARM INC
Cc1ncsc1-c1ccc(C(C)NC(=O)C2CC(O)CN2C(=O)C(NC(=O)COCCCCOc2ccc(-c3ncc(N4C(=S)N(c5ccc(C#N)c(C(F)(F)F)c5F)C(=O)C4(C)C)cc3F)c(C(F)(F)F)c2)C(C)(C)C)cc1,CC1(C)C(=O)N(c2ccc(C#N)c(C(F)(F)F)c2F)C(=S)N1c1cnc(-c2ccc([*:1])cc2C(F)(F)F)c(F)c1,O=C(COCCCCO[*:1])[*:2],Cc1ncsc1-c1ccc(C(C)NC(=O)C2CC(O)CN2C(=O)C(N[*:2])C(C)(C)C)cc1,AR,VHL,1143.19,9.83,190.32,12,3,17,0.407,0.045,-5.826,-6.174,WO2021180160A1,2021,SUZHOU KINTOR PHARM INC
Cc1ncsc1-c1ccc(CNC(=O)C2CC(O)CN2C(=O)C(NC(=O)COCCOCCOc2c(F)cc(-c3ncc(N4C(=S)N(c5ccc(C#N)c(C(F)(F)F)c5F)C(=O)C4(C)C)cc3F)cc2F)C(C)(C)C)cc1,CC1(C)C(=O)N(c2ccc(C#N)c(C(F)(F)F)c2F)C(=S)N1c1cnc(-c2cc(F)c([*:1])c(F)c2)c(F)c1,O=C(COCCOCCO[*:1])[*:2],Cc1ncsc1-c1ccc(CNC(=O)C2CC(O)CN2C(=O)C(N[*:2])C(C)(C)C)cc1,AR,VHL,1113.15,7.77,199.55,13,3,18,0.385,0.044,-5.957,-5.31,WO2021180160A1,2021,SUZHOU KINTOR PHARM INC
Cc1ncsc1-c1ccc(CNC(=O)C2CC(O)CN2C(=O)C(NC(=O)COCCCCCOc2c(F)cc(-c3ncc(N4C(=S)N(c5ccc(C#N)c(C(F)(F)F)c5F)C(=O)C4(C)C)cc3F)cc2F)C(C)(C)C)cc1,CC1(C)C(=O)N(c2ccc(C#N)c(C(F)(F)F)c2F)C(=S)N1c1cnc(-c2cc(F)c([*:1])c(F)c2)c(F)c1,O=C(COCCCCCO[*:1])[*:2],Cc1ncsc1-c1ccc(CNC(=O)C2CC(O)CN2C(=O)C(N[*:2])C(C)(C)C)cc1,AR,VHL,1111.18,8.92,190.32,12,3,18,0.396,0.043,-5.841,-5.813,WO2021180160A1,2021,SUZHOU KINTOR PHARM INC
Cc1ncsc1-c1ccc(CNC(=O)C2CC(O)CN2C(=O)C(NC(=O)COCCOCCOc2ccc(-c3ncc(N4C(=S)N(c5ccc(C#N)c(C(F)(F)F)c5F)C(=O)C4(C)C)cc3C(F)(F)F)cc2)C(C)(C)C)cc1,CC1(C)C(=O)N(c2ccc(C#N)c(C(F)(F)F)c2F)C(=S)N1c1cnc(-c2ccc([*:1])cc2)c(C(F)(F)F)c1,O=C(COCCOCCO[*:1])[*:2],Cc1ncsc1-c1ccc(CNC(=O)C2CC(O)CN2C(=O)C(N[*:2])C(C)(C)C)cc1,AR,VHL,1127.17,8.37,199.55,13,3,18,0.396,0.043,-6.033,-5.307,WO2021180160A1,2021,SUZHOU KINTOR PHARM INC
Cc1ncsc1-c1ccc(CNC(=O)C2CC(O)CN2C(=O)C(NC(=O)COCCOc2ccc(-c3ncc(N4C(=S)N(c5ccc(C#N)c(C(F)(F)F)c5F)C(=O)C4(C)C)cc3C(F)(F)F)cc2)C(C)(C)C)cc1,CC1(C)C(=O)N(c2ccc(C#N)c(C(F)(F)F)c2F)C(=S)N1c1cnc(-c2ccc([*:1])cc2)c(C(F)(F)F)c1,O=C(COCCO[*:1])[*:2],Cc1ncsc1-c1ccc(CNC(=O)C2CC(O)CN2C(=O)C(N[*:2])C(C)(C)C)cc1,AR,VHL,1083.12,8.35,190.32,12,3,15,0.373,0.052,-5.964,-5.561,WO2021180160A1,2021,SUZHOU KINTOR PHARM INC
Cc1ncsc1-c1ccc(CNC(=O)C2CC(O)CN2C(=O)C(NC(=O)COCCOc2ccc(-c3ncc(N4C(=S)N(c5ccc(C#N)c(C(F)(F)F)c5F)C(=O)C4(C)C)cc3F)cc2F)C(C)(C)C)cc1,CC1(C)C(=O)N(c2ccc(C#N)c(C(F)(F)F)c2F)C(=S)N1c1cnc(-c2ccc([*:1])c(F)c2)c(F)c1,O=C(COCCO[*:1])[*:2],Cc1ncsc1-c1ccc(CNC(=O)C2CC(O)CN2C(=O)C(N[*:2])C(C)(C)C)cc1,AR,VHL,1051.1,7.61,190.32,12,3,15,0.36,0.053,-5.933,-5.474,WO2021180160A1,2021,SUZHOU KINTOR PHARM INC
Cc1ncsc1-c1ccc(CNC(=O)C2CC(O)CN2C(=O)C(NC(=O)COCCOCCOc2ccc(-c3ncc(N4C(=S)N(c5ccc(C#N)c(C(F)(F)F)c5F)C(=O)C4(C)C)cc3F)cc2F)C(C)(C)C)cc1,CC1(C)C(=O)N(c2ccc(C#N)c(C(F)(F)F)c2F)C(=S)N1c1cnc(-c2ccc([*:1])c(F)c2)c(F)c1,O=C(COCCOCCO[*:1])[*:2],Cc1ncsc1-c1ccc(CNC(=O)C2CC(O)CN2C(=O)C(N[*:2])C(C)(C)C)cc1,AR,VHL,1095.16,7.63,199.55,13,3,18,0.385,0.044,-5.979,-5.149,WO2021180160A1,2021,SUZHOU KINTOR PHARM INC
Cc1ncsc1-c1ccc(CNC(=O)C2CC(O)CN2C(=O)C(NC(=O)COCCCCCOc2ccc(-c3ncc(N4C(=S)N(c5ccc(C#N)c(C(F)(F)F)c5F)C(=O)C4(C)C)cc3F)cc2F)C(C)(C)C)cc1,CC1(C)C(=O)N(c2ccc(C#N)c(C(F)(F)F)c2F)C(=S)N1c1cnc(-c2ccc([*:1])c(F)c2)c(F)c1,O=C(COCCCCCO[*:1])[*:2],Cc1ncsc1-c1ccc(CNC(=O)C2CC(O)CN2C(=O)C(N[*:2])C(C)(C)C)cc1,AR,VHL,1093.19,8.78,190.32,12,3,18,0.396,0.043,-5.86,-5.669,WO2021180160A1,2021,SUZHOU KINTOR PHARM INC
Cc1ncsc1-c1ccc(CNC(=O)C2CC(O)CN2C(=O)C(NC(=O)COCCCCOc2ccc(-c3ncc(N4C(=S)N(c5ccc(C#N)c(C(F)(F)F)c5F)C(=O)C4(C)C)cc3F)c(C(F)(F)F)c2)C(C)(C)C)cc1,CC1(C)C(=O)N(c2ccc(C#N)c(C(F)(F)F)c2F)C(=S)N1c1cnc(-c2ccc([*:1])cc2C(F)(F)F)c(F)c1,O=C(COCCCCO[*:1])[*:2],Cc1ncsc1-c1ccc(CNC(=O)C2CC(O)CN2C(=O)C(N[*:2])C(C)(C)C)cc1,AR,VHL,1129.17,9.27,190.32,12,3,17,0.396,0.046,-5.95,-5.981,WO2021180160A1,2021,SUZHOU KINTOR PHARM INC
Cc1ncsc1-c1ccc(CNC(=O)C2CC(O)CN2C(=O)C(NC(=O)COCCOc2c(F)cc(-c3ncc(N4C(=S)N(c5ccc(C#N)c(C(F)(F)F)c5F)C(=O)C4(C)C)cc3F)cc2F)C(C)(C)C)cc1,CC1(C)C(=O)N(c2ccc(C#N)c(C(F)(F)F)c2F)C(=S)N1c1cnc(-c2cc(F)c([*:1])c(F)c2)c(F)c1,O=C(COCCO[*:1])[*:2],Cc1ncsc1-c1ccc(CNC(=O)C2CC(O)CN2C(=O)C(N[*:2])C(C)(C)C)cc1,AR,VHL,1069.09,7.75,190.32,12,3,15,0.36,0.053,-5.88,-5.601,WO2021180160A1,2021,SUZHOU KINTOR PHARM INC
Cc1ncsc1-c1ccc(CNC(=O)C2CC(O)CN2C(=O)C(NC(=O)COCCOCCOc2ccc(-c3ccc(N4C(=S)N(c5ccc(C#N)c(C(F)(F)F)c5F)C(=O)C4(C)C)cn3)cc2F)C(C)(C)C)cc1,CC1(C)C(=O)N(c2ccc(C#N)c(C(F)(F)F)c2F)C(=S)N1c1ccc(-c2ccc([*:1])c(F)c2)nc1,O=C(COCCOCCO[*:1])[*:2],Cc1ncsc1-c1ccc(CNC(=O)C2CC(O)CN2C(=O)C(N[*:2])C(C)(C)C)cc1,AR,VHL,1077.17,7.49,199.55,13,3,18,0.385,0.044,-6.016,-5.032,WO2021180160A1,2021,SUZHOU KINTOR PHARM INC
Cc1ncsc1-c1ccc(CNC(=O)C2CC(O)CN2C(=O)C(NC(=O)COCCOc2ccc(-c3ccc(N4C(=S)N(c5ccc(C#N)c(C(F)(F)F)c5F)C(=O)C4(C)C)cn3)cc2F)C(C)(C)C)cc1,CC1(C)C(=O)N(c2ccc(C#N)c(C(F)(F)F)c2F)C(=S)N1c1ccc(-c2ccc([*:1])c(F)c2)nc1,O=C(COCCO[*:1])[*:2],Cc1ncsc1-c1ccc(CNC(=O)C2CC(O)CN2C(=O)C(N[*:2])C(C)(C)C)cc1,AR,VHL,1033.12,7.47,190.32,12,3,15,0.36,0.053,-5.962,-5.321,WO2021180160A1,2021,SUZHOU KINTOR PHARM INC
Cc1ncsc1-c1ccc(CNC(=O)C2CC(O)CN2C(=O)C(NC(=O)COCCCCOc2c(F)cc(-c3ncc(N4C(=S)N(c5ccc(C#N)c(C(F)(F)F)c5F)C(=O)C4(C)C)cc3F)cc2F)C(C)(C)C)cc1,CC1(C)C(=O)N(c2ccc(C#N)c(C(F)(F)F)c2F)C(=S)N1c1cnc(-c2cc(F)c([*:1])c(F)c2)c(F)c1,O=C(COCCCCO[*:1])[*:2],Cc1ncsc1-c1ccc(CNC(=O)C2CC(O)CN2C(=O)C(N[*:2])C(C)(C)C)cc1,AR,VHL,1097.15,8.53,190.32,12,3,17,0.385,0.046,-5.899,-5.668,WO2021180160A1,2021,SUZHOU KINTOR PHARM INC
Cc1ncsc1-c1ccc(CNC(=O)C2CC(O)CN2C(=O)C(NC(=O)COCCOCCOc2ccc(-c3ccc(N4C(=S)N(c5ccc(C#N)c(C(F)(F)F)c5F)C(=O)C4(C)C)cn3)cc2)C(C)(C)C)cc1,CC1(C)C(=O)N(c2ccc(C#N)c(C(F)(F)F)c2F)C(=S)N1c1ccc(-c2ccc([*:1])cc2)nc1,O=C(COCCOCCO[*:1])[*:2],Cc1ncsc1-c1ccc(CNC(=O)C2CC(O)CN2C(=O)C(N[*:2])C(C)(C)C)cc1,AR,VHL,1059.18,7.35,199.55,13,3,18,0.385,0.045,-6.055,-4.913,WO2021180160A1,2021,SUZHOU KINTOR PHARM INC
Cc1ncsc1-c1ccc(CNC(=O)C2CC(O)CN2C(=O)C(NC(=O)COCCCCCOc2ccc(-c3ccc(N4C(=S)N(c5ccc(C#N)c(C(F)(F)F)c5F)C(=O)C4(C)C)cn3)cc2)C(C)(C)C)cc1,CC1(C)C(=O)N(c2ccc(C#N)c(C(F)(F)F)c2F)C(=S)N1c1ccc(-c2ccc([*:1])cc2)nc1,O=C(COCCCCCO[*:1])[*:2],Cc1ncsc1-c1ccc(CNC(=O)C2CC(O)CN2C(=O)C(N[*:2])C(C)(C)C)cc1,AR,VHL,1057.21,8.5,190.32,12,3,18,0.396,0.043,-5.951,-5.328,WO2021180160A1,2021,SUZHOU KINTOR PHARM INC
Cc1ncsc1-c1ccc(CNC(=O)C2CC(O)CN2C(=O)C(NC(=O)COCCOc2ccc(-c3ccc(N4C(=S)N(c5ccc(C#N)c(C(F)(F)F)c5F)C(=O)C4(C)C)cn3)cc2)C(C)(C)C)cc1,CC1(C)C(=O)N(c2ccc(C#N)c(C(F)(F)F)c2F)C(=S)N1c1ccc(-c2ccc([*:1])cc2)nc1,O=C(COCCO[*:1])[*:2],Cc1ncsc1-c1ccc(CNC(=O)C2CC(O)CN2C(=O)C(N[*:2])C(C)(C)C)cc1,AR,VHL,1015.12,7.33,190.32,12,3,15,0.36,0.054,-5.987,-5.239,WO2021180160A1,2021,SUZHOU KINTOR PHARM INC
Cc1ncsc1-c1ccc(CNC(=O)C2CC(O)CN2C(=O)C(NC(=O)COCCCCOc2ccc(-c3ncc(N4C(=S)N(c5ccc(C#N)c(C(F)(F)F)c5F)C(=O)C4(C)C)cc3F)cc2F)C(C)(C)C)cc1,CC1(C)C(=O)N(c2ccc(C#N)c(C(F)(F)F)c2F)C(=S)N1c1cnc(-c2ccc([*:1])c(F)c2)c(F)c1,O=C(COCCCCO[*:1])[*:2],Cc1ncsc1-c1ccc(CNC(=O)C2CC(O)CN2C(=O)C(N[*:2])C(C)(C)C)cc1,AR,VHL,1079.16,8.39,190.32,12,3,17,0.385,0.046,-5.94,-5.525,WO2021180160A1,2021,SUZHOU KINTOR PHARM INC
Cc1ncsc1-c1ccc(CNC(=O)C2CC(O)CN2C(=O)C(NC(=O)COCCCCOc2ccc(-c3ncc(N4C(=S)N(c5ccc(C#N)c(C(F)(F)F)c5F)C(=O)C4(C)C)cc3C(F)(F)F)cc2)C(C)(C)C)cc1,CC1(C)C(=O)N(c2ccc(C#N)c(C(F)(F)F)c2F)C(=S)N1c1cnc(-c2ccc([*:1])cc2)c(C(F)(F)F)c1,O=C(COCCCCO[*:1])[*:2],Cc1ncsc1-c1ccc(CNC(=O)C2CC(O)CN2C(=O)C(N[*:2])C(C)(C)C)cc1,AR,VHL,1111.18,9.13,190.32,12,3,17,0.396,0.046,-6.008,-5.727,WO2021180160A1,2021,SUZHOU KINTOR PHARM INC
Cc1ncsc1-c1ccc(CNC(=O)C2CC(O)CN2C(=O)C(NC(=O)COCCCCOc2ccc(-c3ccc(N4C(=S)N(c5ccc(C#N)c(C(F)(F)F)c5F)C(=O)C4(C)C)cn3)cc2F)C(C)(C)C)cc1,CC1(C)C(=O)N(c2ccc(C#N)c(C(F)(F)F)c2F)C(=S)N1c1ccc(-c2ccc([*:1])c(F)c2)nc1,O=C(COCCCCO[*:1])[*:2],Cc1ncsc1-c1ccc(CNC(=O)C2CC(O)CN2C(=O)C(N[*:2])C(C)(C)C)cc1,AR,VHL,1061.17,8.25,190.32,12,3,17,0.385,0.046,-5.987,-5.425,WO2021180160A1,2021,SUZHOU KINTOR PHARM INC
Cc1c(C#N)c(-c2ccc(C#N)cc2)c(C)n1Cc1ccc(OCCN2CCC(CN3CCN(c4ccc5c(c4)C(=O)N(C4CCC(=O)NC4=O)C5=O)CC3)CC2)cc1,Cc1c(C#N)c(-c2ccc(C#N)cc2)c(C)n1Cc1ccc([*:1])cc1,C(CN1CCC(CN2CCN([*:2])CC2)CC1)O[*:1],O=C1CCC(N2C(=O)c3ccc([*:2])cc3C2=O)C(=O)N1,AR,CRBN,792.94,4.88,155.01,10,1,11,0.391,0.208,-5.421,-4.577,US20220144809A1,2022,YALE UNIVERSITY
Cc1c(C#N)c(-c2ccc(C#N)cc2)c(C)n1Cc1ccc(N2CCC(CN3CCN(c4ccc5c(c4)C(=O)N(C4CCC(=O)NC4=O)C5=O)CC3)CC2)cc1,Cc1c(C#N)c(-c2ccc(C#N)cc2)c(C)n1Cc1ccc([*:1])cc1,C1CN([*:1])CCC1CN1CCN([*:2])CC1,O=C1CCC(N2C(=O)c3ccc([*:2])cc3C2=O)C(=O)N1,AR,CRBN,748.89,5.0,145.78,9,1,8,0.364,0.246,-5.469,-5.443,US20220144809A1,2022,YALE UNIVERSITY
CC1(C)C(=O)N(c2ccc(C#N)c(C(F)(F)F)c2)C(=S)N1Cc1ccc(OCCN2CCC(CN3CCN(c4ccc5c(c4)C(=O)N(C4CCC(=O)NC4=O)C5=O)CC3)CC2)nc1,CC1(C)C(=O)N(c2ccc(C#N)c(C(F)(F)F)c2)C(=S)N1Cc1ccc([*:1])nc1,C(CN1CCC(CN2CCN([*:2])CC2)CC1)O[*:1],O=C1CCC(N2C(=O)c3ccc([*:2])cc3C2=O)C(=O)N1,AR,CRBN,885.97,4.2,162.73,12,1,11,0.455,0.216,-5.669,-4.905,US20220144809A1,2022,YALE UNIVERSITY
CC(C)N(CC1CCN(c2ccc(N3C(=S)N(c4cnc(C#N)c(C(F)(F)F)c4)C(=O)C34CCC4)cn2)CC1)C1CC(Oc2ccc3c(c2)C(=O)N(C2CCC(=O)NC2=O)C3=O)C1,N#Cc1ncc(N2C(=O)C3(CCC3)N(c3ccc([*:1])nc3)C2=S)cc1C(F)(F)F,CC(C)N(CC1CCN([*:1])CC1)C1CC(O[*:2])C1,O=C1CCC(N2C(=O)c3ccc([*:2])cc3C2=O)C(=O)N1,AR,CRBN,883.95,5.37,172.38,12,1,10,0.477,0.204,-5.638,-5.839,US20220144809A1,2022,YALE UNIVERSITY
CC1(C)C(=O)N(c2ccc(C#N)c(C(F)(F)F)c2)C(=S)N1Cc1ccc(N2CCC(CN3CCN(c4ccc5c(c4)C(=O)N(C4CCC(=O)NC4=O)C5=O)CC3)CC2)nc1,CC1(C)C(=O)N(c2ccc(C#N)c(C(F)(F)F)c2)C(=S)N1Cc1ccc([*:1])nc1,C1CN([*:1])CCC1CN1CCN([*:2])CC1,O=C1CCC(N2C(=O)c3ccc([*:2])cc3C2=O)C(=O)N1,AR,CRBN,841.92,4.32,153.5,11,1,8,0.429,0.254,-5.598,-5.288,US20220144809A1,2022,YALE UNIVERSITY
N#Cc1ncc(N2C(=O)C3(CCC3)N(c3ccc(N4CCC(CN5CCN(c6ccc7c(c6)C(=O)N(C6CCC(=O)NC6=O)C7)CC5)CC4)cc3)C2=S)cc1Cl,N#Cc1ncc(N2C(=O)C3(CCC3)N(c3ccc([*:1])cc3)C2=S)cc1Cl,C1CN([*:1])CCC1CN1CCN([*:2])CC1,O=C1CCC(N2Cc3ccc([*:2])cc3C2=O)C(=O)N1,AR,CRBN,792.37,4.47,136.43,10,1,7,0.439,0.268,-5.555,-5.424,US20220144809A1,2022,YALE UNIVERSITY
CC1(C)C(NC(=O)c2ccc(N3CCC(CN4CCN(c5ccc6c(c5)CN(C5CCC(=O)NC5=O)C6=O)CC4)CC3)c(F)c2)C(C)(C)C1Oc1ccc(C#N)c2ncccc12,CC1(C)C(NC(=O)c2ccc([*:1])c(F)c2)C(C)(C)C1Oc1ccc(C#N)c2ncccc12,C1CN([*:1])CCC1CN1CCN([*:2])CC1,O=C1CCC(N2Cc3cc([*:2])ccc3C2=O)C(=O)N1,AR,CRBN,841.0,5.66,151.21,10,2,9,0.458,0.202,-5.625,-5.615,US10836749B1,2020,ACCUTAR BIOTECHNOLOGY INC
CC1(C)C(NC(=O)c2ccc(OCCCCCN3CCN(c4ccc5c(c4)C(=O)N(C4CCC(=O)NC4=O)C5=O)CC3)cc2)C(C)(C)C1Oc1ccc(C#N)c2ncccc12,CC1(C)C(NC(=O)c2ccc([*:1])cc2)C(C)(C)C1Oc1ccc(C#N)c2ncccc12,C(CCO[*:1])CCN1CCN([*:2])CC1,O=C1CCC(N2C(=O)c3ccc([*:2])cc3C2=O)C(=O)N1,AR,CRBN,825.97,5.49,174.27,11,2,13,0.426,0.129,-5.568,-5.636,US10836749B1,2020,ACCUTAR BIOTECHNOLOGY INC
CC1(C)C(NC(=O)c2cnc(N3CCC(CN4CCN(c5ccc6c(c5)C(=O)N(C5CCC(=O)NC5=O)C6=O)CC4)CC3)c(F)c2)C(C)(C)C1Oc1ccc(C#N)c2ncccc12,CC1(C)C(NC(=O)c2cnc([*:1])c(F)c2)C(C)(C)C1Oc1ccc(C#N)c2ncccc12,C1CN([*:1])CCC1CN1CCN([*:2])CC1,O=C1CCC(N2C(=O)c3ccc([*:2])cc3C2=O)C(=O)N1,AR,CRBN,855.97,4.69,181.17,12,2,9,0.447,0.222,-5.612,-5.755,US10836749B1,2020,ACCUTAR BIOTECHNOLOGY INC
CC(C)N(CC1CCN(c2ccc(C(=O)NC3C(C)(C)C(Oc4ccc(C#N)c5ncccc45)C3(C)C)nn2)CC1)C1CC(Oc2ccc3c(c2)C(=O)N(C2CCC(=O)NC2=O)C3=O)C1,CC1(C)C(NC(=O)c2ccc([*:1])nn2)C(C)(C)C1Oc1ccc(C#N)c2ncccc12,CC(C)N(CC1CCN([*:1])CC1)C1CC(O[*:2])C1,O=C1CCC(N2C(=O)c3ccc([*:2])cc3C2=O)C(=O)N1,AR,CRBN,882.03,5.45,200.05,13,2,12,0.49,0.171,-5.714,-6.013,US10836749B1,2020,ACCUTAR BIOTECHNOLOGY INC
CC1(C)C(NC(=O)c2ccc(N3CCC(CN4CCN(c5cc6c(cc5F)C(=O)N(C5CCC(=O)NC5=O)C6)CC4)CC3)nn2)C(C)(C)C1Oc1ccc(C#N)c2ncccc12,CC1(C)C(NC(=O)c2ccc([*:1])nn2)C(C)(C)C1Oc1ccc(C#N)c2ncccc12,C1CN([*:1])CCC1CN1CCN([*:2])CC1,O=C1CCC(N2Cc3cc([*:2])c(F)cc3C2=O)C(=O)N1,AR,CRBN,842.98,4.45,176.99,12,2,9,0.478,0.227,-5.574,-5.442,US10836749B1,2020,ACCUTAR BIOTECHNOLOGY INC
CC1(C)C(NC(=O)c2ccc(N3CCC(CN4CCN(c5cc6c(cc5F)C(=O)N(C5CCC(=O)NC5=O)C6)CC4)CC3)nc2)C(C)(C)C1Oc1ccc(C#N)c2ncccc12,CC1(C)C(NC(=O)c2ccc([*:1])nc2)C(C)(C)C1Oc1ccc(C#N)c2ncccc12,C1CN([*:1])CCC1CN1CCN([*:2])CC1,O=C1CCC(N2Cc3cc([*:2])c(F)cc3C2=O)C(=O)N1,AR,CRBN,841.99,5.05,164.1,11,2,9,0.468,0.217,-5.631,-5.391,US10836749B1,2020,ACCUTAR BIOTECHNOLOGY INC
CC1(C)C(NC(=O)c2cnc(N3CCC(CCN4CCN(c5ccc6c(c5)C(=O)N(C5CCC(=O)NC5=O)C6=O)CC4)CC3)c(F)c2)C(C)(C)C1Oc1ccc(C#N)c2ncccc12,CC1(C)C(NC(=O)c2cnc([*:1])c(F)c2)C(C)(C)C1Oc1ccc(C#N)c2ncccc12,C(CN1CCN([*:2])CC1)C1CCN([*:1])CC1,O=C1CCC(N2C(=O)c3ccc([*:2])cc3C2=O)C(=O)N1,AR,CRBN,870.0,5.08,181.17,12,2,10,0.458,0.202,-5.558,-5.844,US10836749B1,2020,ACCUTAR BIOTECHNOLOGY INC
CC1(C)C(NC(=O)c2ccc(N3CCC(CCN4CCN(c5ccc6c(c5)C(=O)N(C5CCC(=O)NC5=O)C6=O)CC4)CC3)nn2)C(C)(C)C1Oc1ccc(C#N)c2ncccc12,CC1(C)C(NC(=O)c2ccc([*:1])nn2)C(C)(C)C1Oc1ccc(C#N)c2ncccc12,C(CN1CCN([*:2])CC1)C1CCN([*:1])CC1,O=C1CCC(N2C(=O)c3ccc([*:2])cc3C2=O)C(=O)N1,AR,CRBN,853.0,4.34,194.06,13,2,10,0.468,0.214,-5.598,-5.577,US10836749B1,2020,ACCUTAR BIOTECHNOLOGY INC
CC1(C)C(NC(=O)c2cnc(N3CCC(CCN4CCN(c5ccc6c(c5)C(=O)N(C5CCC(=O)NC5=O)C6=O)CC4)CC3)nc2)C(C)(C)C1Oc1ccc(C#N)c2ncccc12,CC1(C)C(NC(=O)c2cnc([*:1])nc2)C(C)(C)C1Oc1ccc(C#N)c2ncccc12,C(CN1CCN([*:2])CC1)C1CCN([*:1])CC1,O=C1CCC(N2C(=O)c3ccc([*:2])cc3C2=O)C(=O)N1,AR,CRBN,853.0,4.34,194.06,13,2,10,0.468,0.214,-5.657,-5.824,US10836749B1,2020,ACCUTAR BIOTECHNOLOGY INC
CC1(C)C(NC(=O)c2ccc(N3CCC(CCN4CCN(c5ccc6c(c5)C(=O)N(C5CCC(=O)NC5=O)C6=O)CC4)CC3)nc2)C(C)(C)C1Oc1ccc(C#N)c2ncccc12,CC1(C)C(NC(=O)c2ccc([*:1])nc2)C(C)(C)C1Oc1ccc(C#N)c2ncccc12,C(CN1CCN([*:2])CC1)C1CCN([*:1])CC1,O=C1CCC(N2C(=O)c3ccc([*:2])cc3C2=O)C(=O)N1,AR,CRBN,852.01,4.94,181.17,12,2,10,0.458,0.206,-5.645,-5.661,US10836749B1,2020,ACCUTAR BIOTECHNOLOGY INC
CC1(C)C(NC(=O)c2ccc(N3CCC(CCN4CCN(c5ccc6c(c5)C(=O)N(C5CCC(=O)NC5=O)C6=O)CC4)CC3)c(F)c2)C(C)(C)C1Oc1ccc(C#N)c2ncccc12,CC1(C)C(NC(=O)c2ccc([*:1])c(F)c2)C(C)(C)C1Oc1ccc(C#N)c2ncccc12,C(CN1CCN([*:2])CC1)C1CCN([*:1])CC1,O=C1CCC(N2C(=O)c3ccc([*:2])cc3C2=O)C(=O)N1,AR,CRBN,869.01,5.69,168.28,11,2,10,0.449,0.188,-5.568,-5.794,US10836749B1,2020,ACCUTAR BIOTECHNOLOGY INC
CC(C)N(CC1CCN(c2ccc(C(=O)NC3C(C)(C)C(Oc4ccc(C#N)c5ncccc45)C3(C)C)cn2)CC1)C1CC(Oc2ccc3c(c2)C(=O)N(C2CCC(=O)NC2=O)C3=O)C1,CC1(C)C(NC(=O)c2ccc([*:1])nc2)C(C)(C)C1Oc1ccc(C#N)c2ncccc12,CC(C)N(CC1CCN([*:1])CC1)C1CC(O[*:2])C1,O=C1CCC(N2C(=O)c3ccc([*:2])cc3C2=O)C(=O)N1,AR,CRBN,881.05,6.05,187.16,12,2,12,0.48,0.157,-5.744,-6.14,US10836749B1,2020,ACCUTAR BIOTECHNOLOGY INC
CC1(C)C(NC(=O)c2ccc(OCCN3CCN(c4ccc5c(c4)C(=O)N(C4CCC(=O)NC4=O)C5=O)CC3)cc2)C(C)(C)C1Oc1ccc(C#N)c2ncccc12,CC1(C)C(NC(=O)c2ccc([*:1])cc2)C(C)(C)C1Oc1ccc(C#N)c2ncccc12,C(CN1CCN([*:2])CC1)O[*:1],O=C1CCC(N2C(=O)c3ccc([*:2])cc3C2=O)C(=O)N1,AR,CRBN,783.89,4.32,174.27,11,2,10,0.386,0.219,-5.45,-5.102,US10836749B1,2020,ACCUTAR BIOTECHNOLOGY INC
CC1(C)C(NC(=O)c2ccc(N3CCC(CN4CCN(c5cc6c(cc5F)C(=O)N(C5CCC(=O)NC5=O)C6)CC4)CC3)c(F)c2)C(C)(C)C1Oc1ccc(C#N)c2ncccc12,CC1(C)C(NC(=O)c2ccc([*:1])c(F)c2)C(C)(C)C1Oc1ccc(C#N)c2ncccc12,C1CN([*:1])CCC1CN1CCN([*:2])CC1,O=C1CCC(N2Cc3cc([*:2])c(F)cc3C2=O)C(=O)N1,AR,CRBN,858.99,5.8,151.21,10,2,9,0.458,0.198,-5.582,-5.617,US10836749B1,2020,ACCUTAR BIOTECHNOLOGY INC
CC1(C)C(NC(=O)c2cnc(N3CCC(CN4CCN(c5cc6c(cc5F)C(=O)N(C5CCC(=O)NC5=O)C6=O)CC4)CC3)c(F)c2)C(C)(C)C1Oc1ccc(C#N)c2ncccc12,CC1(C)C(NC(=O)c2cnc([*:1])c(F)c2)C(C)(C)C1Oc1ccc(C#N)c2ncccc12,C1CN([*:1])CCC1CN1CCN([*:2])CC1,O=C1CCC(N2C(=O)c3cc(F)c([*:2])cc3C2=O)C(=O)N1,AR,CRBN,873.96,4.83,181.17,12,2,9,0.447,0.219,-5.555,-5.772,US10836749B1,2020,ACCUTAR BIOTECHNOLOGY INC
CC1(C)C(NC(=O)c2cnc(N3CCC(CN4CCN(c5cc6c(cc5F)C(=O)N(C5CCC(=O)NC5=O)C6=O)CC4)CC3)nc2)C(C)(C)C1Oc1ccc(C#N)c2ncccc12,CC1(C)C(NC(=O)c2cnc([*:1])nc2)C(C)(C)C1Oc1ccc(C#N)c2ncccc12,C1CN([*:1])CCC1CN1CCN([*:2])CC1,O=C1CCC(N2C(=O)c3cc(F)c([*:2])cc3C2=O)C(=O)N1,AR,CRBN,856.96,4.09,194.06,13,2,9,0.457,0.229,-5.606,-5.862,US10836749B1,2020,ACCUTAR BIOTECHNOLOGY INC
CC1(C)C(NC(=O)c2ccc(N3CCC(CN4CCN(c5ccc6c(c5)CN(C5CCC(=O)NC5=O)C6=O)CC4)CC3)cc2)C(C)(C)C1Oc1ccc(C#N)c2ncccc12,CC1(C)C(NC(=O)c2ccc([*:1])cc2)C(C)(C)C1Oc1ccc(C#N)c2ncccc12,C1CN([*:1])CCC1CN1CCN([*:2])CC1,O=C1CCC(N2Cc3cc([*:2])ccc3C2=O)C(=O)N1,AR,CRBN,823.01,5.52,151.21,10,2,9,0.458,0.207,-5.72,-5.405,US10836749B1,2020,ACCUTAR BIOTECHNOLOGY INC
CC1(C)C(NC(=O)c2ccc(N3CCC(CN4CCN(c5cc6c(cc5F)C(=O)N(C5CCC(=O)NC5=O)C6=O)CC4)CC3)c(F)c2)C(C)(C)C1Oc1ccc(C#N)c2ncccc12,CC1(C)C(NC(=O)c2ccc([*:1])c(F)c2)C(C)(C)C1Oc1ccc(C#N)c2ncccc12,C1CN([*:1])CCC1CN1CCN([*:2])CC1,O=C1CCC(N2C(=O)c3cc(F)c([*:2])cc3C2=O)C(=O)N1,AR,CRBN,872.97,5.44,168.28,11,2,9,0.438,0.206,-5.537,-5.789,US10836749B1,2020,ACCUTAR BIOTECHNOLOGY INC
CC1(C)C(NC(=O)c2ccc(N3CCC(CN4CCN(c5cc6c(cc5F)C(=O)N(C5CCC(=O)NC5=O)C6=O)CC4)CC3)cc2)C(C)(C)C1Oc1ccc(C#N)c2ncccc12,CC1(C)C(NC(=O)c2ccc([*:1])cc2)C(C)(C)C1Oc1ccc(C#N)c2ncccc12,C1CN([*:1])CCC1CN1CCN([*:2])CC1,O=C1CCC(N2C(=O)c3cc(F)c([*:2])cc3C2=O)C(=O)N1,AR,CRBN,854.98,5.3,168.28,11,2,9,0.438,0.21,-5.616,-5.597,US10836749B1,2020,ACCUTAR BIOTECHNOLOGY INC
CC1(C)C(NC(=O)c2ccc(N3CCC(CCN4CCN(c5ccc6c(c5)C(=O)N(C5CCC(=O)NC5=O)C6=O)CC4)CC3)cc2)C(C)(C)C1Oc1ccc(C#N)c2ncccc12,CC1(C)C(NC(=O)c2ccc([*:1])cc2)C(C)(C)C1Oc1ccc(C#N)c2ncccc12,C(CN1CCN([*:2])CC1)C1CCN([*:1])CC1,O=C1CCC(N2C(=O)c3ccc([*:2])cc3C2=O)C(=O)N1,AR,CRBN,851.02,5.55,168.28,11,2,10,0.449,0.192,-5.679,-5.597,US10836749B1,2020,ACCUTAR BIOTECHNOLOGY INC
CC1(C)C(NC(=O)c2ccc(N3CCC(CN4CCN(c5cc6c(cc5F)C(=O)N(C5CCC(=O)NC5=O)C6=O)CC4)CC3)nc2)C(C)(C)C1Oc1ccc(C#N)c2ncccc12,CC1(C)C(NC(=O)c2ccc([*:1])nc2)C(C)(C)C1Oc1ccc(C#N)c2ncccc12,C1CN([*:1])CCC1CN1CCN([*:2])CC1,O=C1CCC(N2C(=O)c3cc(F)c([*:2])cc3C2=O)C(=O)N1,AR,CRBN,855.97,4.69,181.17,12,2,9,0.447,0.222,-5.622,-5.546,US10836749B1,2020,ACCUTAR BIOTECHNOLOGY INC
CC1(C)C(NC(=O)c2ccc(N3CCC(CN4CCN(c5cc6c(cc5F)C(=O)N(C5CCC(=O)NC5=O)C6=O)CC4)CC3)nn2)C(C)(C)C1Oc1ccc(C#N)c2ncccc12,CC1(C)C(NC(=O)c2ccc([*:1])nn2)C(C)(C)C1Oc1ccc(C#N)c2ncccc12,C1CN([*:1])CCC1CN1CCN([*:2])CC1,O=C1CCC(N2C(=O)c3cc(F)c([*:2])cc3C2=O)C(=O)N1,AR,CRBN,856.96,4.09,194.06,13,2,9,0.457,0.229,-5.585,-5.579,US10836749B1,2020,ACCUTAR BIOTECHNOLOGY INC
CC1(C)C(NC(=O)c2ccc(N3CCC(CN4CCN(c5ccc6c(c5)CN(C5CCC(=O)NC5=O)C6=O)CC4)CC3)nn2)C(C)(C)C1Oc1ccc(C#N)c2ncccc12,CC1(C)C(NC(=O)c2ccc([*:1])nn2)C(C)(C)C1Oc1ccc(C#N)c2ncccc12,C1CN([*:1])CCC1CN1CCN([*:2])CC1,O=C1CCC(N2Cc3cc([*:2])ccc3C2=O)C(=O)N1,AR,CRBN,824.99,4.31,176.99,12,2,9,0.478,0.229,-5.663,-5.437,US10836749B1,2020,ACCUTAR BIOTECHNOLOGY INC
CC1(C)C(NC(=O)c2cnc(N3CCC(CN4CCN(c5ccc6c(c5)CN(C5CCC(=O)NC5=O)C6=O)CC4)CC3)nc2)C(C)(C)C1Oc1ccc(C#N)c2ncccc12,CC1(C)C(NC(=O)c2cnc([*:1])nc2)C(C)(C)C1Oc1ccc(C#N)c2ncccc12,C1CN([*:1])CCC1CN1CCN([*:2])CC1,O=C1CCC(N2Cc3cc([*:2])ccc3C2=O)C(=O)N1,AR,CRBN,824.99,4.31,176.99,12,2,9,0.478,0.229,-5.694,-5.634,US10836749B1,2020,ACCUTAR BIOTECHNOLOGY INC
CC1(C)C(NC(=O)c2ccc(N3CCC(CN4CCN(c5ccc6c(c5)CN(C5CCC(=O)NC5=O)C6=O)CC4)CC3)nc2)C(C)(C)C1Oc1ccc(C#N)c2ncccc12,CC1(C)C(NC(=O)c2ccc([*:1])nc2)C(C)(C)C1Oc1ccc(C#N)c2ncccc12,C1CN([*:1])CCC1CN1CCN([*:2])CC1,O=C1CCC(N2Cc3cc([*:2])ccc3C2=O)C(=O)N1,AR,CRBN,824.0,4.91,164.1,11,2,9,0.468,0.221,-5.687,-5.493,US10836749B1,2020,ACCUTAR BIOTECHNOLOGY INC
CC1(C)C(NC(=O)c2ccc(N3CCC(CN4CCN(c5ccc6c(c5)C(=O)N(C5CCC(=O)NC5=O)C6=O)CC4)CC3)c(F)c2)C(C)(C)C1Oc1ccc(C#N)c2ncccc12,CC1(C)C(NC(=O)c2ccc([*:1])c(F)c2)C(C)(C)C1Oc1ccc(C#N)c2ncccc12,C1CN([*:1])CCC1CN1CCN([*:2])CC1,O=C1CCC(N2C(=O)c3ccc([*:2])cc3C2=O)C(=O)N1,AR,CRBN,854.98,5.3,168.28,11,2,9,0.438,0.21,-5.611,-5.723,US10836749B1,2020,ACCUTAR BIOTECHNOLOGY INC
CC1(C)C(NC(=O)c2ccc(N3CCC(CN4CCN(c5ccc6c(c5)C(=O)N(C5CCC(=O)NC5=O)C6=O)CC4)CC3)cc2)C(C)(C)C1Oc1ccc(C#N)c2ncccc12,CC1(C)C(NC(=O)c2ccc([*:1])cc2)C(C)(C)C1Oc1ccc(C#N)c2ncccc12,C1CN([*:1])CCC1CN1CCN([*:2])CC1,O=C1CCC(N2C(=O)c3ccc([*:2])cc3C2=O)C(=O)N1,AR,CRBN,836.99,5.16,168.28,11,2,9,0.438,0.214,-5.72,-5.54,US10836749B1,2020,ACCUTAR BIOTECHNOLOGY INC
CC1(C)C(NC(=O)c2ccc(N3CCC(CN4CCN(c5ccc6c(c5)C(=O)N(C5CCC(=O)NC5=O)C6=O)CC4)CC3)nn2)C(C)(C)C1Oc1ccc(C#N)c2ncccc12,CC1(C)C(NC(=O)c2ccc([*:1])nn2)C(C)(C)C1Oc1ccc(C#N)c2ncccc12,C1CN([*:1])CCC1CN1CCN([*:2])CC1,O=C1CCC(N2C(=O)c3ccc([*:2])cc3C2=O)C(=O)N1,AR,CRBN,838.97,3.95,194.06,13,2,9,0.457,0.231,-5.65,-5.515,US10836749B1,2020,ACCUTAR BIOTECHNOLOGY INC
CC1(C)C(NC(=O)c2cnc(N3CCC(CN4CCN(c5ccc6c(c5)C(=O)N(C5CCC(=O)NC5=O)C6=O)CC4)CC3)nc2)C(C)(C)C1Oc1ccc(C#N)c2ncccc12,CC1(C)C(NC(=O)c2cnc([*:1])nc2)C(C)(C)C1Oc1ccc(C#N)c2ncccc12,C1CN([*:1])CCC1CN1CCN([*:2])CC1,O=C1CCC(N2C(=O)c3ccc([*:2])cc3C2=O)C(=O)N1,AR,CRBN,838.97,3.95,194.06,13,2,9,0.457,0.231,-5.693,-5.739,US10836749B1,2020,ACCUTAR BIOTECHNOLOGY INC
CC1(C)C(NC(=O)c2ccc(N3CCC(CN4CCN(c5ccc6c(c5)C(=O)N(C5CCC(=O)NC5=O)C6=O)CC4)CC3)nc2)C(C)(C)C1Oc1ccc(C#N)c2ncccc12,CC1(C)C(NC(=O)c2ccc([*:1])nc2)C(C)(C)C1Oc1ccc(C#N)c2ncccc12,C1CN([*:1])CCC1CN1CCN([*:2])CC1,O=C1CCC(N2C(=O)c3ccc([*:2])cc3C2=O)C(=O)N1,AR,CRBN,837.98,4.55,181.17,12,2,9,0.447,0.225,-5.674,-5.576,US10836749B1,2020,ACCUTAR BIOTECHNOLOGY INC
CC1(C)C(NC(=O)c2ccc(N3CCN(CCOc4cccc5c4CN(C4CCC(=O)NC4=O)C5=O)CC3)nc2)C(C)(C)C1Oc1ccc(C#N)c(Cl)c1,CC1(C)C(NC(=O)c2ccc([*:1])nc2)C(C)(C)C1Oc1ccc(C#N)c(Cl)c1,C(CN1CCN([*:1])CC1)O[*:2],O=C1CCC(N2Cc3c(cccc3[*:2])C2=O)C(=O)N1,AR,CRBN,754.29,4.18,157.2,10,2,10,0.45,0.288,-5.515,-5.37,US20180099940A1,2018,ARVINAS INC
CC1(C)C(NC(=O)c2ccc(N3CCN(CCCCCOc4ccc5c(c4)CN(C4CCC(=O)NC4=O)C5=O)CC3)nc2)C(C)(C)C1Oc1ccc(C#N)c(Cl)c1,CC1(C)C(NC(=O)c2ccc([*:1])nc2)C(C)(C)C1Oc1ccc(C#N)c(Cl)c1,C(CCO[*:2])CCN1CCN([*:1])CC1,O=C1CCC(N2Cc3cc([*:2])ccc3C2=O)C(=O)N1,AR,CRBN,796.37,5.35,157.2,10,2,13,0.488,0.171,-5.506,-5.925,US20180099940A1,2018,ARVINAS INC
CC1(C)C(NC(=O)c2ccc(N3CCN(CCCCCOc4ccc5c(c4)C(=O)N(C4CCC(=O)NC4=O)C5=O)CC3)nc2)C(C)(C)C1Oc1ccc(C#N)c(Cl)c1,CC1(C)C(NC(=O)c2ccc([*:1])nc2)C(C)(C)C1Oc1ccc(C#N)c(Cl)c1,C(CCO[*:2])CCN1CCN([*:1])CC1,O=C1CCC(N2C(=O)c3ccc([*:2])cc3C2=O)C(=O)N1,AR,CRBN,810.35,4.99,174.27,11,2,13,0.465,0.176,-5.517,-6.053,US20180099940A1,2018,ARVINAS INC
N#Cc1ccc(OC2CC(NC(=O)c3ccc(N4CCN(CCCCCOc5cccc6c5CN(C5CCC(=O)NC5=O)C6=O)CC4)cc3)C2)cc1Cl,N#Cc1ccc(OC2CC(NC(=O)c3ccc([*:1])cc3)C2)cc1Cl,C(CCO[*:2])CCN1CCN([*:1])CC1,O=C1CCC(N2Cc3c(cccc3[*:2])C2=O)C(=O)N1,AR,CRBN,739.27,4.68,144.31,9,2,13,0.425,0.189,-5.588,-4.749,US20180099940A1,2018,ARVINAS INC
CC1(C)C(NC(=O)c2ccc(N3CCN(CCC4CCN(c5ccc6c(c5)C(=O)N(C5CCC(=O)NC5=O)C6=O)CC4)CC3)nc2)C(C)(C)C1Oc1ccc(C#N)c(Cl)c1,CC1(C)C(NC(=O)c2ccc([*:1])nc2)C(C)(C)C1Oc1ccc(C#N)c(Cl)c1,C(CN1CCN([*:1])CC1)C1CCN([*:2])CC1,O=C1CCC(N2C(=O)c3ccc([*:2])cc3C2=O)C(=O)N1,AR,CRBN,835.41,5.05,168.28,11,2,10,0.489,0.263,-5.553,-5.976,US20180099940A1,2018,ARVINAS INC
CC1(C)C(NC(=O)c2ccc(N3CCN(CCCCCOc4ccc5c(c4)CN(C4CCC(=O)NC4=O)C5=O)CC3)cc2)C(C)(C)C1Oc1ccc(C#N)c(Cl)c1,CC1(C)C(NC(=O)c2ccc([*:1])cc2)C(C)(C)C1Oc1ccc(C#N)c(Cl)c1,C(CCO[*:2])CCN1CCN([*:1])CC1,O=C1CCC(N2Cc3cc([*:2])ccc3C2=O)C(=O)N1,AR,CRBN,795.38,5.96,144.31,9,2,13,0.477,0.158,-5.537,-5.819,US20180099940A1,2018,ARVINAS INC
CC1(C)C(NC(=O)c2ccc(N3CCN(CCCOc4ccc5c(c4)C(=O)N(C4CCC(=O)NC4=O)C5=O)CC3)cc2)C(C)(C)C1Oc1ccc(C#N)c(Cl)c1,CC1(C)C(NC(=O)c2ccc([*:1])cc2)C(C)(C)C1Oc1ccc(C#N)c(Cl)c1,C(CO[*:2])CN1CCN([*:1])CC1,O=C1CCC(N2C(=O)c3ccc([*:2])cc3C2=O)C(=O)N1,AR,CRBN,781.31,4.82,161.38,10,2,11,0.429,0.204,-5.596,-5.524,US20180099940A1,2018,ARVINAS INC
CC1(C)C(NC(=O)c2ccc(N3CCN(CCCCOc4ccc5c(c4)C(=O)N(C4CCC(=O)NC4=O)C5=O)CC3)cc2)C(C)(C)C1Oc1ccc(C#N)c(Cl)c1,CC1(C)C(NC(=O)c2ccc([*:1])cc2)C(C)(C)C1Oc1ccc(C#N)c(Cl)c1,C(CCN1CCN([*:1])CC1)CO[*:2],O=C1CCC(N2C(=O)c3ccc([*:2])cc3C2=O)C(=O)N1,AR,CRBN,795.34,5.21,161.38,10,2,12,0.442,0.184,-5.572,-5.723,US20180099940A1,2018,ARVINAS INC
CC1(C)C(NC(=O)c2ccc(N3CCN(CCCCCOc4ccc5c(c4)C(=O)N(C4CCC(=O)NC4=O)C5)CC3)nc2)C(C)(C)C1Oc1ccc(C#N)c(Cl)c1,CC1(C)C(NC(=O)c2ccc([*:1])nc2)C(C)(C)C1Oc1ccc(C#N)c(Cl)c1,C(CCO[*:2])CCN1CCN([*:1])CC1,O=C1CCC(N2Cc3ccc([*:2])cc3C2=O)C(=O)N1,AR,CRBN,796.37,5.35,157.2,10,2,13,0.488,0.171,-5.521,-5.845,US20180099940A1,2018,ARVINAS INC
CC1(C)C(NC(=O)c2ccc(N3CCN(CCCOc4ccc5c(c4)C(=O)N(C4CCC(=O)NC4=O)C5=O)CC3)nc2)C(C)(C)C1Oc1ccc(C#N)c(Cl)c1,CC1(C)C(NC(=O)c2ccc([*:1])nc2)C(C)(C)C1Oc1ccc(C#N)c(Cl)c1,C(CO[*:2])CN1CCN([*:1])CC1,O=C1CCC(N2C(=O)c3ccc([*:2])cc3C2=O)C(=O)N1,AR,CRBN,782.3,4.21,174.27,11,2,11,0.439,0.211,-5.564,-5.811,US20180099940A1,2018,ARVINAS INC
CC1(C)C(NC(=O)c2ccc(N3CCN(CCCCCOc4ccc5c(c4)C(=O)N(C4CCC(=O)NC4=O)C5=O)CC3)nc2)C(C)(C)C1Oc1ccc(C#N)c(C(F)(F)F)c1,CC1(C)C(NC(=O)c2ccc([*:1])nc2)C(C)(C)C1Oc1ccc(C#N)c(C(F)(F)F)c1,C(CCO[*:2])CCN1CCN([*:1])CC1,O=C1CCC(N2C(=O)c3ccc([*:2])cc3C2=O)C(=O)N1,AR,CRBN,843.9,5.36,174.27,11,2,13,0.477,0.168,-5.545,-5.78,US20180099940A1,2018,ARVINAS INC
CC1(C)C(NC(=O)c2ccc(N3CCN(CCCCOc4ccc5c(c4)C(=O)N(C4CCC(=O)NC4=O)C5=O)CC3)nc2)C(C)(C)C1Oc1ccc(C#N)c(Cl)c1,CC1(C)C(NC(=O)c2ccc([*:1])nc2)C(C)(C)C1Oc1ccc(C#N)c(Cl)c1,C(CCN1CCN([*:1])CC1)CO[*:2],O=C1CCC(N2C(=O)c3ccc([*:2])cc3C2=O)C(=O)N1,AR,CRBN,796.32,4.6,174.27,11,2,12,0.452,0.194,-5.543,-5.897,US20180099940A1,2018,ARVINAS INC
CC1(C)C(NC(=O)c2ccc(N3CCN(CCOc4ccc5c(c4)C(=O)N(C4CCC(=O)NC4=O)C5=O)CC3)nc2)C(C)(C)C1Oc1ccc(C#N)c(Cl)c1,CC1(C)C(NC(=O)c2ccc([*:1])nc2)C(C)(C)C1Oc1ccc(C#N)c(Cl)c1,C(CN1CCN([*:1])CC1)O[*:2],O=C1CCC(N2C(=O)c3ccc([*:2])cc3C2=O)C(=O)N1,AR,CRBN,768.27,3.82,174.27,11,2,10,0.425,0.287,-5.451,-5.566,US20180099940A1,2018,ARVINAS INC
Cc1cc(OC2C(C)(C)C(NC(=O)c3ccc(N4CCN(CCCCCOc5ccc6c(c5)C(=O)N(C5CCC(=O)NC5=O)C6=O)CC4)nc3)C2(C)C)ccc1C#N,Cc1cc(OC2C(C)(C)C(NC(=O)c3ccc([*:1])nc3)C2(C)C)ccc1C#N,C(CCO[*:2])CCN1CCN([*:1])CC1,O=C1CCC(N2C(=O)c3ccc([*:2])cc3C2=O)C(=O)N1,AR,CRBN,789.93,4.65,174.27,11,2,13,0.477,0.182,-5.581,-5.72,US20180099940A1,2018,ARVINAS INC
CC1(C)C(NC(=O)c2ccc(N3CCN(CCCCCOc4ccc5c(c4)C(=O)N(C4CCC(=O)NC4=O)C5=O)CC3)nc2)C(C)(C)C1Oc1ccc(C#N)c(C#N)c1,CC1(C)C(NC(=O)c2ccc([*:1])nc2)C(C)(C)C1Oc1ccc(C#N)c(C#N)c1,C(CCO[*:2])CCN1CCN([*:1])CC1,O=C1CCC(N2C(=O)c3ccc([*:2])cc3C2=O)C(=O)N1,AR,CRBN,800.92,4.21,198.06,12,2,13,0.455,0.185,-5.547,-5.638,US20180099940A1,2018,ARVINAS INC
CC1(C)C(NC(=O)c2ccc(N3CCC(CCN4CCN(c5ccc6c(c5)C(=O)N(C5CCC(=O)NC5=O)C6=O)CC4)CC3)nc2)C(C)(C)C1Oc1ccc(C#N)c(Cl)c1,CC1(C)C(NC(=O)c2ccc([*:1])nc2)C(C)(C)C1Oc1ccc(C#N)c(Cl)c1,C(CN1CCN([*:2])CC1)C1CCN([*:1])CC1,O=C1CCC(N2C(=O)c3ccc([*:2])cc3C2=O)C(=O)N1,AR,CRBN,835.41,5.05,168.28,11,2,10,0.489,0.263,-5.553,-6.013,US20180099940A1,2018,ARVINAS INC
CC1(C)C(NC(=O)c2cnc(N3CCN(CCCCCOc4ccc5c(c4)C(=O)N(C4CCC(=O)NC4=O)C5=O)CC3)nc2)C(C)(C)C1Oc1ccc(C#N)c(Cl)c1,CC1(C)C(NC(=O)c2cnc([*:1])nc2)C(C)(C)C1Oc1ccc(C#N)c(Cl)c1,C(CCO[*:2])CCN1CCN([*:1])CC1,O=C1CCC(N2C(=O)c3ccc([*:2])cc3C2=O)C(=O)N1,AR,CRBN,811.34,4.39,187.16,12,2,13,0.476,0.184,-5.53,-6.238,US20180099940A1,2018,ARVINAS INC
CC1(C)C(NC(=O)c2cnc(N3CCN(CCCCOc4ccc5c(c4)C(=O)N(C4CCC(=O)NC4=O)C5=O)CC3)nc2)C(C)(C)C1Oc1ccc(C#N)c(Cl)c1,CC1(C)C(NC(=O)c2cnc([*:1])nc2)C(C)(C)C1Oc1ccc(C#N)c(Cl)c1,C(CCN1CCN([*:1])CC1)CO[*:2],O=C1CCC(N2C(=O)c3ccc([*:2])cc3C2=O)C(=O)N1,AR,CRBN,797.31,4.0,187.16,12,2,12,0.463,0.199,-5.55,-5.987,US20180099940A1,2018,ARVINAS INC
CC1(C)C(NC(=O)c2cnc(N3CCN(CCCOc4ccc5c(c4)C(=O)N(C4CCC(=O)NC4=O)C5=O)CC3)nc2)C(C)(C)C1Oc1ccc(C#N)c(Cl)c1,CC1(C)C(NC(=O)c2cnc([*:1])nc2)C(C)(C)C1Oc1ccc(C#N)c(Cl)c1,C(CO[*:2])CN1CCN([*:1])CC1,O=C1CCC(N2C(=O)c3ccc([*:2])cc3C2=O)C(=O)N1,AR,CRBN,783.29,3.61,187.16,12,2,11,0.45,0.213,-5.593,-5.87,US20180099940A1,2018,ARVINAS INC
CC1(C)C(NC(=O)c2cnc(N3CCN(CCOc4ccc5c(c4)C(=O)N(C4CCC(=O)NC4=O)C5=O)CC3)nc2)C(C)(C)C1Oc1ccc(C#N)c(Cl)c1,CC1(C)C(NC(=O)c2cnc([*:1])nc2)C(C)(C)C1Oc1ccc(C#N)c(Cl)c1,C(CN1CCN([*:1])CC1)O[*:2],O=C1CCC(N2C(=O)c3ccc([*:2])cc3C2=O)C(=O)N1,AR,CRBN,769.26,3.22,187.16,12,2,10,0.436,0.287,-5.439,-5.675,US20180099940A1,2018,ARVINAS INC
CC1(C)C(NC(=O)c2cnc(N3CCC(CN4CCN(c5ccc6c(c5)C(=O)N(C5CCC(=O)NC5=O)C6=O)CC4)CC3)nc2)C(C)(C)C1Oc1ccc(C#N)c(Cl)c1,CC1(C)C(NC(=O)c2cnc([*:1])nc2)C(C)(C)C1Oc1ccc(C#N)c(Cl)c1,C1CN([*:1])CCC1CN1CCN([*:2])CC1,O=C1CCC(N2C(=O)c3ccc([*:2])cc3C2=O)C(=O)N1,AR,CRBN,822.37,4.05,181.17,12,2,9,0.488,0.296,-5.613,-6.148,US20180099940A1,2018,ARVINAS INC
Cc1cc(OC2C(C)(C)C(NC(=O)c3ccc(N4CCC(CN5CCN(c6ccc7c(c6)C(=O)N(C6CCC(=O)NC6=O)C7=O)CC5)CC4)nc3)C2(C)C)ccc1C#N,Cc1cc(OC2C(C)(C)C(NC(=O)c3ccc([*:1])nc3)C2(C)C)ccc1C#N,C1CN([*:1])CCC1CN1CCN([*:2])CC1,O=C1CCC(N2C(=O)c3ccc([*:2])cc3C2=O)C(=O)N1,AR,CRBN,800.96,4.31,168.28,11,2,9,0.489,0.296,-5.669,-5.607,US20180099940A1,2018,ARVINAS INC
CC1(C)C(NC(=O)c2cnc(N3CCC(CCN4CCN(c5ccc6c(c5)C(=O)N(C5CCC(=O)NC5=O)C6=O)CC4)CC3)nc2)C(C)(C)C1Oc1ccc(C#N)c(Cl)c1,CC1(C)C(NC(=O)c2cnc([*:1])nc2)C(C)(C)C1Oc1ccc(C#N)c(Cl)c1,C(CN1CCN([*:2])CC1)C1CCN([*:1])CC1,O=C1CCC(N2C(=O)c3ccc([*:2])cc3C2=O)C(=O)N1,AR,CRBN,836.39,4.44,181.17,12,2,10,0.5,0.275,-5.554,-6.224,US20180099940A1,2018,ARVINAS INC
Cc1cc(OC2C(C)(C)C(NC(=O)c3ccc(N4CCC(CCN5CCN(c6ccc7c(c6)C(=O)N(C6CCC(=O)NC6=O)C7=O)CC5)CC4)nc3)C2(C)C)ccc1C#N,Cc1cc(OC2C(C)(C)C(NC(=O)c3ccc([*:1])nc3)C2(C)C)ccc1C#N,C(CN1CCN([*:2])CC1)C1CCN([*:1])CC1,O=C1CCC(N2C(=O)c3ccc([*:2])cc3C2=O)C(=O)N1,AR,CRBN,814.99,4.7,168.28,11,2,10,0.5,0.272,-5.637,-5.684,US20180099940A1,2018,ARVINAS INC
CC1(C)C(NC(=O)c2ccc(N3CCC(CCN4CCN(c5ccc6c(c5)C(=O)N(C5CCC(=O)NC5=O)C6=O)CC4)CC3)nc2)C(C)(C)C1Oc1ccc(C#N)c(C(F)(F)F)c1,CC1(C)C(NC(=O)c2ccc([*:1])nc2)C(C)(C)C1Oc1ccc(C#N)c(C(F)(F)F)c1,C(CN1CCN([*:2])CC1)C1CCN([*:1])CC1,O=C1CCC(N2C(=O)c3ccc([*:2])cc3C2=O)C(=O)N1,AR,CRBN,868.96,5.41,168.28,11,2,10,0.5,0.25,-5.529,-5.892,US20180099940A1,2018,ARVINAS INC
CC1(C)C(NC(=O)c2ccc(N3CCC(CN4CCN(c5ccc6c(c5)C(=O)N(C5CCC(=O)NC5=O)C6=O)CC4)CC3)cc2)C(C)(C)C1Oc1ccc(C#N)c(Cl)c1,CC1(C)C(NC(=O)c2ccc([*:1])cc2)C(C)(C)C1Oc1ccc(C#N)c(Cl)c1,C1CN([*:1])CCC1CN1CCN([*:2])CC1,O=C1CCC(N2C(=O)c3ccc([*:2])cc3C2=O)C(=O)N1,CRBN,CRBN,820.39,5.26,155.39,10,2,9,0.467,0.273,-5.611,-5.852,US20160058872A1,2016,YALE UNIVERSITY
CC1(C)C(NC(=O)c2ccc(N3CCC(CCN4CCN(c5ccc6c(c5)CN(C5CCC(=O)NC5=O)C6=O)CC4)CC3)nc2)C(C)(C)C1Oc1ccc(C#N)c(Cl)c1,CC1(C)C(NC(=O)c2ccc([*:1])nc2)C(C)(C)C1Oc1ccc(C#N)c(Cl)c1,C(CN1CCN([*:2])CC1)C1CCN([*:1])CC1,O=C1CCC(N2Cc3cc([*:2])ccc3C2=O)C(=O)N1,AR,CRBN,821.42,5.41,151.21,10,2,10,0.511,0.254,-5.556,-5.913,US20180099940A1,2018,ARVINAS INC
CC1(C)C(NC(=O)c2cnc(N3CCC(CCN4CCN(c5ccc6c(c5)C(=O)N(C5CCC(=O)NC5=O)C6=O)CC4)CC3)nc2)C(C)(C)C1Oc1ccc(C#N)c(C#N)c1,CC1(C)C(NC(=O)c2cnc([*:1])nc2)C(C)(C)C1Oc1ccc(C#N)c(C#N)c1,C(CN1CCN([*:2])CC1)C1CCN([*:1])CC1,O=C1CCC(N2C(=O)c3ccc([*:2])cc3C2=O)C(=O)N1,AR,CRBN,826.96,3.66,204.96,13,2,10,0.489,0.281,-5.648,-5.896,US20180099940A1,2018,ARVINAS INC
CC1(C)C(NC(=O)c2c(F)cc(N3CCN(CCCCOc4ccc5c(c4)C(=O)N(C4CCC(=O)NC4=O)C5=O)CC3)cc2F)C(C)(C)C1Oc1ccc(C#N)c(Cl)c1,CC1(C)C(NC(=O)c2c(F)cc([*:1])cc2F)C(C)(C)C1Oc1ccc(C#N)c(Cl)c1,C(CCN1CCN([*:1])CC1)CO[*:2],O=C1CCC(N2C(=O)c3ccc([*:2])cc3C2=O)C(=O)N1,AR,CRBN,831.32,5.48,161.38,10,2,12,0.442,0.177,-5.433,-6.137,US20180099940A1,2018,ARVINAS INC
CC1(C)C(NC(=O)c2ccc(CCN3CCN(c4cc5c(cc4F)C(=O)N(C4CCC(=O)NC4=O)C5=O)CC3)cc2)C(C)(C)C1Oc1ccc(C#N)c(Cl)c1,CC1(C)C(NC(=O)c2ccc([*:1])cc2)C(C)(C)C1Oc1ccc(C#N)c(Cl)c1,C1CN([*:2])CCN1CC[*:1],O=C1CCC(N2C(=O)c3cc(F)c([*:2])cc3C2=O)C(=O)N1,AR,CRBN,769.27,4.73,152.15,9,2,9,0.415,0.295,-5.447,-5.638,US20180099940A1,2018,ARVINAS INC
N#Cc1ccc(N2CCC(C(=O)Nc3ccc(N4CCC(CN5CCN(CC6CCN(c7ccc8c(c7)C(=O)N(C7CCC(=O)NC7=O)C8=O)CC6)CC5)CC4)nn3)CC2)cc1C(F)(F)F,N#Cc1ccc(N2CCC(C(=O)Nc3ccc([*:1])nn3)CC2)cc1C(F)(F)F,C1CN([*:1])CCC1CN1CCN(CC2CCN([*:2])CC2)CC1,O=C1CCC(N2C(=O)c3ccc([*:2])cc3C2=O)C(=O)N1,AR,CRBN,910.01,4.37,178.42,13,2,10,0.532,0.275,-5.524,-5.218,WO2022019597A1,2022,UBIX THERAPEUTICS INC
N#Cc1ccc(N2CCC(C(=O)Nc3ccc(N4CCC(CCN5CCN(c6cc7c(cc6F)C(=O)N(C6CCC(=O)NC6=O)C7=O)CC5)CC4)cn3)CC2)cc1C(F)(F)F,N#Cc1ccc(N2CCC(C(=O)Nc3ccc([*:1])cn3)CC2)cc1C(F)(F)F,C(CN1CCN([*:2])CC1)C1CCN([*:1])CC1,O=C1CCC(N2C(=O)c3cc(F)c([*:2])cc3C2=O)C(=O)N1,AR,CRBN,843.88,4.8,162.29,11,2,9,0.465,0.225,-5.404,-5.207,WO2022019597A1,2022,UBIX THERAPEUTICS INC
N#Cc1ccc(N2CCC(C(=O)Nc3ncc(N4CCC(CN5CCN(CC6CCN(c7cc8c(cc7F)C(=O)N(C7CCC(=O)NC7=O)C8=O)CC6)CC5)CC4)cn3)CC2)cc1C(F)(F)F,N#Cc1ccc(N2CCC(C(=O)Nc3ncc([*:1])cn3)CC2)cc1C(F)(F)F,C1CN([*:1])CCC1CN1CCN(CC2CCN([*:2])CC2)CC1,O=C1CCC(N2C(=O)c3cc(F)c([*:2])cc3C2=O)C(=O)N1,AR,CRBN,928.0,4.51,178.42,13,2,10,0.532,0.215,-5.531,-5.034,WO2022019597A1,2022,UBIX THERAPEUTICS INC
N#Cc1ccc(N2CCC(C(=O)Nc3ncc(N4CCC(CN5CCN(CC6CCN(c7ccc8c(c7)C(=O)N(C7CCC(=O)NC7=O)C8=O)CC6)CC5)CC4)cn3)CC2)cc1C(F)(F)F,N#Cc1ccc(N2CCC(C(=O)Nc3ncc([*:1])cn3)CC2)cc1C(F)(F)F,C1CN([*:1])CCC1CN1CCN(CC2CCN([*:2])CC2)CC1,O=C1CCC(N2C(=O)c3ccc([*:2])cc3C2=O)C(=O)N1,AR,CRBN,910.01,4.37,178.42,13,2,10,0.532,0.275,-5.551,-4.999,WO2022019597A1,2022,UBIX THERAPEUTICS INC
N#Cc1ncc(N2CCC(C(=O)Nc3ccc(N4CCC(CN5CCN(CC6CCN(c7ccc8c(c7)CN(C7CCC(=O)NC7=O)C8=O)CC6)CC5)CC4)cn3)CC2)cc1C(F)(F)F,N#Cc1ncc(N2CCC(C(=O)Nc3ccc([*:1])cn3)CC2)cc1C(F)(F)F,C1CN([*:1])CCC1CN1CCN(CC2CCN([*:2])CC2)CC1,O=C1CCC(N2Cc3cc([*:2])ccc3C2=O)C(=O)N1,AR,CRBN,896.03,4.73,161.35,12,2,10,0.553,0.27,-5.496,-4.564,WO2022019597A1,2022,UBIX THERAPEUTICS INC
N#Cc1ccc(N2CCC(F)(C(=O)Nc3ccc(N4CCC(CN5CCN(CC6CCN(c7ccc8c(c7)CN(C7CCC(=O)NC7=O)C8=O)CC6)CC5)CC4)cn3)CC2)cc1C(F)(F)F,N#Cc1ccc(N2CCC(F)(C(=O)Nc3ccc([*:1])cn3)CC2)cc1C(F)(F)F,C1CN([*:1])CCC1CN1CCN(CC2CCN([*:2])CC2)CC1,O=C1CCC(N2Cc3cc([*:2])ccc3C2=O)C(=O)N1,AR,CRBN,913.03,5.43,148.46,11,2,10,0.542,0.198,-5.498,-5.141,WO2022019597A1,2022,UBIX THERAPEUTICS INC
N#Cc1ccc(N2CCC(C(=O)Nc3ccc(N4CCC(CN5CCN(CC6CCN(c7ccc8c(c7)CN(C7CCC(=O)NC7=O)C8=O)CC6)CC5)CC4)cn3)CC2)cc1C(F)(F)F,N#Cc1ccc(N2CCC(C(=O)Nc3ccc([*:1])cn3)CC2)cc1C(F)(F)F,C1CN([*:1])CCC1CN1CCN(CC2CCN([*:2])CC2)CC1,O=C1CCC(N2Cc3cc([*:2])ccc3C2=O)C(=O)N1,AR,CRBN,895.04,5.34,148.46,11,2,10,0.542,0.255,-5.523,-5.117,WO2022019597A1,2022,UBIX THERAPEUTICS INC
N#Cc1ccc(N2CCC(C(=O)Nc3ccc(N4CCC(CCN5CCN(c6ccc7c(c6)CN(C6CCC(=O)NC6=O)C7=O)CC5)CC4)cn3)CC2)cc1C(F)(F)F,N#Cc1ccc(N2CCC(C(=O)Nc3ccc([*:1])cn3)CC2)cc1C(F)(F)F,C(CN1CCN([*:2])CC1)C1CCN([*:1])CC1,O=C1CCC(N2Cc3cc([*:2])ccc3C2=O)C(=O)N1,AR,CRBN,811.91,5.02,145.22,10,2,9,0.488,0.283,-5.501,-4.996,WO2022019597A1,2022,UBIX THERAPEUTICS INC
N#Cc1ccc(N2CCC(C(=O)Nc3ccc(N4CCC5(CC4)CN(CC4CCN(c6ccc7c(c6)C(=O)N(C6CCC(=O)NC6=O)C7=O)CC4)C5)cn3)CC2)cc1C(F)(F)F,N#Cc1ccc(N2CCC(C(=O)Nc3ccc(N4CCC5(CC4)CN([*:1])C5)cn3)CC2)cc1C(F)(F)F,C1CN([*:2])CCC1C[*:1],O=C1CCC(N2C(=O)c3ccc([*:2])cc3C2=O)C(=O)N1,AR,CRBN,851.93,5.05,162.29,11,2,8,0.489,0.292,-5.581,-5.129,WO2022019597A1,2022,UBIX THERAPEUTICS INC
N#Cc1ccc(N2CCC(C(=O)Nc3ccc(N4CC5(CCN(CC6CCN(c7ccc8c(c7)C(=O)N(C7CCC(=O)NC7=O)C8=O)CC6)CC5)C4)cn3)CC2)cc1C(F)(F)F,N#Cc1ccc(N2CCC(C(=O)Nc3ccc(N4CC5(CCN([*:1])CC5)C4)cn3)CC2)cc1C(F)(F)F,C1CN([*:2])CCC1C[*:1],O=C1CCC(N2C(=O)c3ccc([*:2])cc3C2=O)C(=O)N1,AR,CRBN,851.93,5.05,162.29,11,2,8,0.489,0.292,-5.63,-5.565,WO2022019597A1,2022,UBIX THERAPEUTICS INC
N#Cc1ccc(N2CCC(C(=O)Nc3ccc(N4CCN(CCC5CCN(c6ccc7c(c6)C(=O)N(C6CCC(=O)NC6=O)C7=O)CC5)CC4)cn3)CC2)cc1Cl,N#Cc1ccc(N2CCC(C(=O)Nc3ccc([*:1])cn3)CC2)cc1Cl,C(CN1CCN([*:1])CC1)C1CCN([*:2])CC1,O=C1CCC(N2C(=O)c3ccc([*:2])cc3C2=O)C(=O)N1,AR,CRBN,792.34,4.29,162.29,11,2,9,0.452,0.298,-5.514,-4.977,WO2022019597A1,2022,UBIX THERAPEUTICS INC
N#Cc1ccc(N2CCC(C(=O)Nc3ccc(N4CCN(CCC5CCN(c6ccc7c(c6)C(=O)N(C6CCC(=O)NC6=O)C7=O)CC5)CC4)cn3)CC2)cc1C(F)(F)F,N#Cc1ccc(N2CCC(C(=O)Nc3ccc([*:1])cn3)CC2)cc1C(F)(F)F,C(CN1CCN([*:1])CC1)C1CCN([*:2])CC1,O=C1CCC(N2C(=O)c3ccc([*:2])cc3C2=O)C(=O)N1,AR,CRBN,825.89,4.66,162.29,11,2,9,0.465,0.289,-5.489,-5.093,WO2022019597A1,2022,UBIX THERAPEUTICS INC
N#Cc1ccc(N2CCC(C(=O)Nc3ccc(N4CCN(CCCCOc5ccc6c(c5)C(=O)N(C5CCC(=O)NC5=O)C6=O)CC4)cn3)CC2)cc1Cl,N#Cc1ccc(N2CCC(C(=O)Nc3ccc([*:1])cn3)CC2)cc1Cl,C(CCN1CCN([*:1])CC1)CO[*:2],O=C1CCC(N2C(=O)c3ccc([*:2])cc3C2=O)C(=O)N1,AR,CRBN,753.26,3.84,168.28,11,2,11,0.41,0.216,-5.648,-4.867,WO2022019597A1,2022,UBIX THERAPEUTICS INC
N#Cc1ccc(N2CCC(C(=O)Nc3ccc(N4CCN(CCCCOc5ccc6c(c5)C(=O)N(C5CCC(=O)NC5=O)C6=O)CC4)cn3)CC2)cc1C(F)(F)F,N#Cc1ccc(N2CCC(C(=O)Nc3ccc([*:1])cn3)CC2)cc1C(F)(F)F,C(CCN1CCN([*:1])CC1)CO[*:2],O=C1CCC(N2C(=O)c3ccc([*:2])cc3C2=O)C(=O)N1,AR,CRBN,786.81,4.21,168.28,11,2,11,0.425,0.211,-5.507,-5.127,WO2022019597A1,2022,UBIX THERAPEUTICS INC
N#Cc1ccc(N2CCC(C(=O)Nc3ccc(N4CCN(CCCCCOc5ccc6c(c5)C(=O)N(C5CCC(=O)NC5=O)C6=O)CC4)cn3)CC2)cc1Cl,N#Cc1ccc(N2CCC(C(=O)Nc3ccc([*:1])cn3)CC2)cc1Cl,C(CCO[*:2])CCN1CCN([*:1])CC1,O=C1CCC(N2C(=O)c3ccc([*:2])cc3C2=O)C(=O)N1,AR,CRBN,767.29,4.23,168.28,11,2,12,0.425,0.2,-5.471,-5.002,WO2022019597A1,2022,UBIX THERAPEUTICS INC
N#Cc1ccc(N2CCC(C(=O)Nc3ccc(N4CCN(CCCCCOc5ccc6c(c5)C(=O)N(C5CCC(=O)NC5=O)C6=O)CC4)cn3)CC2)cc1C(F)(F)F,N#Cc1ccc(N2CCC(C(=O)Nc3ccc([*:1])cn3)CC2)cc1C(F)(F)F,C(CCO[*:2])CCN1CCN([*:1])CC1,O=C1CCC(N2C(=O)c3ccc([*:2])cc3C2=O)C(=O)N1,AR,CRBN,800.84,4.6,168.28,11,2,12,0.439,0.194,-5.452,-5.294,WO2022019597A1,2022,UBIX THERAPEUTICS INC
N#Cc1ccc(N2CCC(C(=O)Nc3ccc(N4CCN(C(=O)CCCCCNc5ccc6c(c5)C(=O)N(C5CCC(=O)NC5=O)C6=O)CC4)cn3)CC2)cc1Cl,N#Cc1ccc(N2CCC(C(=O)Nc3ccc([*:1])cn3)CC2)cc1Cl,O=C(CCCCCN[*:2])N1CCN([*:1])CC1,O=C1CCC(N2C(=O)c3ccc([*:2])cc3C2=O)C(=O)N1,AR,CRBN,794.31,4.18,188.15,11,3,12,0.415,0.176,-5.296,-4.407,WO2022019597A1,2022,UBIX THERAPEUTICS INC
N#Cc1ccc(N2CCC(C(=O)Nc3ccc(N4CCN(C(=O)CCCCCNc5ccc6c(c5)C(=O)N(C5CCC(=O)NC5=O)C6=O)CC4)cn3)CC2)cc1C(F)(F)F,N#Cc1ccc(N2CCC(C(=O)Nc3ccc([*:1])cn3)CC2)cc1C(F)(F)F,O=C(CCCCCN[*:2])N1CCN([*:1])CC1,O=C1CCC(N2C(=O)c3ccc([*:2])cc3C2=O)C(=O)N1,AR,CRBN,827.87,4.55,188.15,11,3,12,0.429,0.172,-5.35,-5.041,WO2022019597A1,2022,UBIX THERAPEUTICS INC
N#Cc1ccc(N2CCC(C(=O)Nc3ccc(N4CCC(CCN5CCN(c6cccc7c6C(=O)N(C6CCC(=O)NC6=O)C7=O)CC5)CC4)cn3)CC2)cc1C(F)(F)F,N#Cc1ccc(N2CCC(C(=O)Nc3ccc([*:1])cn3)CC2)cc1C(F)(F)F,C(CN1CCN([*:2])CC1)C1CCN([*:1])CC1,O=C1CCC(N2C(=O)c3cccc([*:2])c3C2=O)C(=O)N1,AR,CRBN,825.89,4.66,162.29,11,2,9,0.465,0.289,-5.429,-5.339,WO2022019597A1,2022,UBIX THERAPEUTICS INC
N#Cc1ncc(N2CCC(F)(C(=O)Nc3ccc(N4CCC(CCN5CCN(c6ccc7c(c6)C(=O)N(C6CCC(=O)NC6=O)C7=O)CC5)CC4)cn3)CC2)cc1C(F)(F)F,N#Cc1ncc(N2CCC(F)(C(=O)Nc3ccc([*:1])cn3)CC2)cc1C(F)(F)F,C(CN1CCN([*:2])CC1)C1CCN([*:1])CC1,O=C1CCC(N2C(=O)c3ccc([*:2])cc3C2=O)C(=O)N1,AR,CRBN,844.87,4.14,175.18,12,2,9,0.476,0.233,-5.357,-4.55,WO2022019597A1,2022,UBIX THERAPEUTICS INC
N#Cc1ncc(N2CCC(C(=O)Nc3ccc(N4CCC(CCN5CCN(c6ccc7c(c6)C(=O)N(C6CCC(=O)NC6=O)C7=O)CC5)CC4)cn3)CC2)cc1C(F)(F)F,N#Cc1ncc(N2CCC(C(=O)Nc3ccc([*:1])cn3)CC2)cc1C(F)(F)F,C(CN1CCN([*:2])CC1)C1CCN([*:1])CC1,O=C1CCC(N2C(=O)c3ccc([*:2])cc3C2=O)C(=O)N1,AR,CRBN,826.88,4.05,175.18,12,2,9,0.476,0.297,-5.458,-4.485,WO2022019597A1,2022,UBIX THERAPEUTICS INC
N#Cc1ccc(N2CCC(F)(C(=O)Nc3ccc(N4CCC(CCN5CCN(c6ccc7c(c6)C(=O)N(C6CCC(=O)NC6=O)C7=O)CC5)CC4)cn3)CC2)cc1C(F)(F)F,N#Cc1ccc(N2CCC(F)(C(=O)Nc3ccc([*:1])cn3)CC2)cc1C(F)(F)F,C(CN1CCN([*:2])CC1)C1CCN([*:1])CC1,O=C1CCC(N2C(=O)c3ccc([*:2])cc3C2=O)C(=O)N1,AR,CRBN,843.88,4.75,162.29,11,2,9,0.465,0.226,-5.364,-5.163,WO2022019597A1,2022,UBIX THERAPEUTICS INC
N#Cc1ccc(N2CCC(C(=O)Nc3ccc(N4CCC(CCN5CCN(c6ccc7c(c6)C(=O)N(C6CCC(=O)NC6=O)C7=O)CC5)CC4)cn3)CC2)cc1Cl,N#Cc1ccc(N2CCC(C(=O)Nc3ccc([*:1])cn3)CC2)cc1Cl,C(CN1CCN([*:2])CC1)C1CCN([*:1])CC1,O=C1CCC(N2C(=O)c3ccc([*:2])cc3C2=O)C(=O)N1,AR,CRBN,792.34,4.29,162.29,11,2,9,0.452,0.298,-5.514,-4.958,WO2022019597A1,2022,UBIX THERAPEUTICS INC
N#Cc1ccc(N2CCC(C(=O)Nc3ccc(N4CCC(CCN5CCN(c6ccc7c(c6)C(=O)N(C6CCC(=O)NC6=O)C7=O)CC5)CC4)cn3)CC2)cc1C(F)(F)F,N#Cc1ccc(N2CCC(C(=O)Nc3ccc([*:1])cn3)CC2)cc1C(F)(F)F,C(CN1CCN([*:2])CC1)C1CCN([*:1])CC1,O=C1CCC(N2C(=O)c3ccc([*:2])cc3C2=O)C(=O)N1,AR,CRBN,825.89,4.66,162.29,11,2,9,0.465,0.289,-5.489,-5.091,WO2022019597A1,2022,UBIX THERAPEUTICS INC
N#Cc1ccc(N2CCC(C(=O)Nc3ccc(N4CCC(CN5CCN(CC6CCN(c7cc8c(cc7F)C(=O)N(C7CCC(=O)NC7=O)C8=O)CC6)CC5)CC4)cn3)CC2)cc1C(F)(F)F,N#Cc1ccc(N2CCC(C(=O)Nc3ccc([*:1])cn3)CC2)cc1C(F)(F)F,C1CN([*:1])CCC1CN1CCN(CC2CCN([*:2])CC2)CC1,O=C1CCC(N2C(=O)c3cc(F)c([*:2])cc3C2=O)C(=O)N1,AR,CRBN,927.02,5.12,165.53,12,2,10,0.521,0.204,-5.51,-5.288,WO2022019597A1,2022,UBIX THERAPEUTICS INC
N#Cc1ccc(N2CCC(C(=O)Nc3ccc(N4CCC(CN5CCN(CC6CCN(c7cccc8c7C(=O)N(C7CCC(=O)NC7=O)C8=O)CC6)CC5)CC4)cn3)CC2)cc1C(F)(F)F,N#Cc1ccc(N2CCC(C(=O)Nc3ccc([*:1])cn3)CC2)cc1C(F)(F)F,C1CN([*:1])CCC1CN1CCN(CC2CCN([*:2])CC2)CC1,O=C1CCC(N2C(=O)c3cccc([*:2])c3C2=O)C(=O)N1,AR,CRBN,909.03,4.98,165.53,12,2,10,0.521,0.263,-5.564,-5.497,WO2022019597A1,2022,UBIX THERAPEUTICS INC
N#Cc1ncc(N2CCC(F)(C(=O)Nc3ccc(N4CCC(CN5CCN(CC6CCN(c7ccc8c(c7)C(=O)N(C7CCC(=O)NC7=O)C8=O)CC6)CC5)CC4)cn3)CC2)cc1C(F)(F)F,N#Cc1ncc(N2CCC(F)(C(=O)Nc3ccc([*:1])cn3)CC2)cc1C(F)(F)F,C1CN([*:1])CCC1CN1CCN(CC2CCN([*:2])CC2)CC1,O=C1CCC(N2C(=O)c3ccc([*:2])cc3C2=O)C(=O)N1,AR,CRBN,928.0,4.47,178.42,13,2,10,0.532,0.215,-5.496,-4.784,WO2022019597A1,2022,UBIX THERAPEUTICS INC
N#Cc1ncc(N2CCC(C(=O)Nc3ccc(N4CCC(CN5CCN(CC6CCN(c7ccc8c(c7)C(=O)N(C7CCC(=O)NC7=O)C8=O)CC6)CC5)CC4)cn3)CC2)cc1C(F)(F)F,N#Cc1ncc(N2CCC(C(=O)Nc3ccc([*:1])cn3)CC2)cc1C(F)(F)F,C1CN([*:1])CCC1CN1CCN(CC2CCN([*:2])CC2)CC1,O=C1CCC(N2C(=O)c3ccc([*:2])cc3C2=O)C(=O)N1,AR,CRBN,910.01,4.37,178.42,13,2,10,0.532,0.275,-5.513,-4.618,WO2022019597A1,2022,UBIX THERAPEUTICS INC
N#Cc1ccc(N2CCC(F)(C(=O)Nc3ccc(N4CCC(CN5CCN(CC6CCN(c7ccc8c(c7)C(=O)N(C7CCC(=O)NC7=O)C8=O)CC6)CC5)CC4)cn3)CC2)cc1C(F)(F)F,N#Cc1ccc(N2CCC(F)(C(=O)Nc3ccc([*:1])cn3)CC2)cc1C(F)(F)F,C1CN([*:1])CCC1CN1CCN(CC2CCN([*:2])CC2)CC1,O=C1CCC(N2C(=O)c3ccc([*:2])cc3C2=O)C(=O)N1,AR,CRBN,927.02,5.07,165.53,12,2,10,0.521,0.205,-5.492,-5.266,WO2022019597A1,2022,UBIX THERAPEUTICS INC
N#Cc1ccc(N2CCC(C(=O)Nc3ccc(N4CCC(CN5CCN(CC6CCN(c7ccc8c(c7)C(=O)N(C7CCC(=O)NC7=O)C8=O)CC6)CC5)CC4)cn3)CC2)cc1Cl,N#Cc1ccc(N2CCC(C(=O)Nc3ccc([*:1])cn3)CC2)cc1Cl,C1CN([*:1])CCC1CN1CCN(CC2CCN([*:2])CC2)CC1,O=C1CCC(N2C(=O)c3ccc([*:2])cc3C2=O)C(=O)N1,AR,CRBN,875.47,4.61,165.53,12,2,10,0.511,0.272,-5.599,-5.075,WO2022019597A1,2022,UBIX THERAPEUTICS INC
N#Cc1ccc(N2CCC(C(=O)Nc3ccc(N4CCC(CN5CCN(CC6CCN(c7ccc8c(c7)C(=O)N(C7CCC(=O)NC7=O)C8=O)CC6)CC5)CC4)cn3)CC2)cc1C(F)(F)F,N#Cc1ccc(N2CCC(C(=O)Nc3ccc([*:1])cn3)CC2)cc1C(F)(F)F,C1CN([*:1])CCC1CN1CCN(CC2CCN([*:2])CC2)CC1,O=C1CCC(N2C(=O)c3ccc([*:2])cc3C2=O)C(=O)N1,AR,CRBN,909.03,4.98,165.53,12,2,10,0.521,0.263,-5.533,-5.125,WO2022019597A1,2022,UBIX THERAPEUTICS INC
N#Cc1ccc(N2CCC(C(=O)Nc3ccc(N4CCC(CN5CCN(c6ccc7c(c6)C(=O)N(C6CCC(=O)NC6=O)C7=O)CC5)CC4)cn3)CC2)cc1Cl,N#Cc1ccc(N2CCC(C(=O)Nc3ccc([*:1])cn3)CC2)cc1Cl,C1CN([*:1])CCC1CN1CCN([*:2])CC1,O=C1CCC(N2C(=O)c3ccc([*:2])cc3C2=O)C(=O)N1,AR,CRBN,778.31,3.9,162.29,11,2,8,0.439,0.319,-5.584,-4.882,WO2022019597A1,2022,UBIX THERAPEUTICS INC
N#Cc1ccc(N2CCC(C(=O)Nc3ccc(N4CCC(CN5CCN(c6ccc7c(c6)C(=O)N(C6CCC(=O)NC6=O)C7=O)CC5)CC4)cn3)CC2)cc1C(F)(F)F,N#Cc1ccc(N2CCC(C(=O)Nc3ccc([*:1])cn3)CC2)cc1C(F)(F)F,C1CN([*:1])CCC1CN1CCN([*:2])CC1,O=C1CCC(N2C(=O)c3ccc([*:2])cc3C2=O)C(=O)N1,AR,CRBN,811.87,4.27,162.29,11,2,8,0.452,0.313,-5.48,-4.99,WO2022019597A1,2022,UBIX THERAPEUTICS INC
CC(C)(c1ccc(OCc2ccnc(S(C)(=O)=O)n2)cc1)c1cc(Cl)c(OCCOCCOc2ccc3c(c2)C(=O)N(C2CCC(=O)NC2=O)C3=O)c(C#N)c1,CC(C)(c1ccc(OCc2ccnc(S(C)(=O)=O)n2)cc1)c1cc(Cl)c([*:1])c(C#N)c1,C(CO[*:1])OCCO[*:2],O=C1CCC(N2C(=O)c3ccc([*:2])cc3C2=O)C(=O)N1,AR,CRBN,802.26,4.19,204.18,13,1,15,0.308,0.102,-5.73,-5.679,WO2023056423A1,2023,ESSA PHARMA INC
CSc1nccc(COc2ccc(C(C)(C)c3cc(Cl)c(OCCOCCOc4ccc5c(c4)C(=O)N(C4CCC(=O)NC4=O)C5=O)c(C#N)c3)cc2)n1,CSc1nccc(COc2ccc(C(C)(C)c3cc(Cl)c([*:1])c(C#N)c3)cc2)n1,C(CO[*:1])OCCO[*:2],O=C1CCC(N2C(=O)c3ccc([*:2])cc3C2=O)C(=O)N1,AR,CRBN,770.26,5.5,170.04,12,1,15,0.308,0.07,-5.535,-6.481,WO2023056423A1,2023,ESSA PHARMA INC
CC(C)(c1ccc(OCc2ccnc(NS(C)(=O)=O)n2)cc1)c1cc(Cl)c(N2CCN(CCOc3ccc4c(c3)CN(C3CCC(=O)NC3=O)C4=O)CC2)c(C#N)c1,CC(C)(c1ccc(OCc2ccnc(NS(C)(=O)=O)n2)cc1)c1cc(Cl)c([*:1])c(C#N)c1,C(CN1CCN([*:1])CC1)O[*:2],O=C1CCC(N2Cc3cc([*:2])ccc3C2=O)C(=O)N1,AR,CRBN,827.36,4.24,187.16,12,2,13,0.366,0.183,-5.776,-5.904,WO2023056423A1,2023,ESSA PHARMA INC
CC(C)(c1ccc(OCc2ccnc(NS(C)(=O)=O)n2)cc1)c1cc(Cl)c(N2CCC(CN3CCN(c4ccc5c(c4)CN(C4CCC(=O)NC4=O)C5=O)CC3)CC2)c(C#N)c1,CC(C)(c1ccc(OCc2ccnc(NS(C)(=O)=O)n2)cc1)c1cc(Cl)c([*:1])c(C#N)c1,C1CN([*:1])CCC1CN1CCN([*:2])CC1,O=C1CCC(N2Cc3cc([*:2])ccc3C2=O)C(=O)N1,AR,CRBN,880.47,5.08,181.17,12,2,12,0.422,0.181,-5.856,-5.758,WO2023056423A1,2023,ESSA PHARMA INC
CC(C)(c1ccc(OCc2ccnc(NS(C)(=O)=O)n2)cc1)c1cc(Cl)c(N2CCC(CN3CCN(c4cc5c(cc4F)C(=O)N(C4CCC(=O)NC4=O)C5=O)CC3)CC2)c(C#N)c1,CC(C)(c1ccc(OCc2ccnc(NS(C)(=O)=O)n2)cc1)c1cc(Cl)c([*:1])c(C#N)c1,C1CN([*:1])CCC1CN1CCN([*:2])CC1,O=C1CCC(N2C(=O)c3cc(F)c([*:2])cc3C2=O)C(=O)N1,AR,CRBN,912.44,4.86,198.24,13,2,12,0.4,0.183,-5.835,-6.222,WO2023056423A1,2023,ESSA PHARMA INC
CC(C)(c1ccc(OCc2ccnc(NS(C)(=O)=O)n2)cc1)c1cc(Cl)c(OCCN2CCN(c3ccc4c(c3)CN(C3CCC(=O)NC3=O)C4=O)CC2)c(C#N)c1,CC(C)(c1ccc(OCc2ccnc(NS(C)(=O)=O)n2)cc1)c1cc(Cl)c([*:1])c(C#N)c1,C(CN1CCN([*:2])CC1)O[*:1],O=C1CCC(N2Cc3cc([*:2])ccc3C2=O)C(=O)N1,AR,CRBN,827.36,4.24,187.16,12,2,13,0.366,0.183,-5.811,-5.726,WO2023056423A1,2023,ESSA PHARMA INC
CC(C)(c1ccc(OCc2ccnc(NS(C)(=O)=O)n2)cc1)c1cc(Cl)c(OCCN2CCN(c3ccc4c(c3)C(=O)N(C3CCC(=O)NC3=O)C4=O)CC2)c(C#N)c1,CC(C)(c1ccc(OCc2ccnc(NS(C)(=O)=O)n2)cc1)c1cc(Cl)c([*:1])c(C#N)c1,C(CN1CCN([*:2])CC1)O[*:1],O=C1CCC(N2C(=O)c3ccc([*:2])cc3C2=O)C(=O)N1,AR,CRBN,841.35,3.88,204.23,13,2,13,0.341,0.184,-5.806,-6.181,WO2023056423A1,2023,ESSA PHARMA INC
CC(C)(c1ccc(OCc2ccnc(NS(C)(=O)=O)n2)cc1)c1cc(Cl)c(OCCOCCOc2cccc3c2C(=O)N(C2CCC(=O)NC2=O)C3=O)c(C#N)c1,CC(C)(c1ccc(OCc2ccnc(NS(C)(=O)=O)n2)cc1)c1cc(Cl)c([*:1])c(C#N)c1,C(CO[*:1])OCCO[*:2],O=C1CCC(N2C(=O)c3cccc([*:2])c3C2=O)C(=O)N1,AR,CRBN,817.28,4.15,216.21,13,2,16,0.308,0.12,-5.822,-5.832,WO2023056423A1,2023,ESSA PHARMA INC
CC(C)(c1ccc(OCc2ccnc(NS(C)(=O)=O)n2)cc1)c1cc(Cl)c(OCCOCCNc2ccc3c(c2)CN(C2CCC(=O)NC2=O)C3=O)c(C#N)c1,CC(C)(c1ccc(OCc2ccnc(NS(C)(=O)=O)n2)cc1)c1cc(Cl)c([*:1])c(C#N)c1,C(COCCO[*:1])N[*:2],O=C1CCC(N2Cc3cc([*:2])ccc3C2=O)C(=O)N1,AR,CRBN,802.31,4.55,201.94,12,3,16,0.333,0.106,-5.837,-5.292,WO2023056423A1,2023,ESSA PHARMA INC
CC(C)(c1ccc(OCc2ccnc(NS(C)(=O)=O)n2)cc1)c1cc(Cl)c(OCCOCCNc2cc3c(cc2F)C(=O)N(C2CCC(=O)NC2=O)C3=O)c(C#N)c1,CC(C)(c1ccc(OCc2ccnc(NS(C)(=O)=O)n2)cc1)c1cc(Cl)c([*:1])c(C#N)c1,C(COCCO[*:1])N[*:2],O=C1CCC(N2C(=O)c3cc(F)c([*:2])cc3C2=O)C(=O)N1,AR,CRBN,834.28,4.33,219.01,13,3,16,0.308,0.106,-5.735,-5.826,WO2023056423A1,2023,ESSA PHARMA INC
CC(C)(c1ccc(OCc2cnc(NS(C)(=O)=O)nc2)cc1)c1cc(Cl)c(OCCCCCN2CCN(c3cc4c(cc3F)C(=O)N(C3CCC(=O)NC3=O)C4=O)CC2)c(C#N)c1,CC(C)(c1ccc(OCc2cnc(NS(C)(=O)=O)nc2)cc1)c1cc(Cl)c([*:1])c(C#N)c1,C(CCO[*:1])CCN1CCN([*:2])CC1,O=C1CCC(N2C(=O)c3cc(F)c([*:2])cc3C2=O)C(=O)N1,AR,CRBN,901.42,5.19,204.23,13,2,16,0.386,0.11,-5.686,-5.979,WO2023056423A1,2023,ESSA PHARMA INC
CC(C)(c1ccc(OCc2cnc(NS(C)(=O)=O)nc2)cc1)c1cc(Cl)c(OCCOCCOCCNc2ccc3c(c2)C(=O)N(C2CCC(=O)NC2=O)C3=O)c(C#N)c1,CC(C)(c1ccc(OCc2cnc(NS(C)(=O)=O)nc2)cc1)c1cc(Cl)c([*:1])c(C#N)c1,C(COCCOCCO[*:1])N[*:2],O=C1CCC(N2C(=O)c3ccc([*:2])cc3C2=O)C(=O)N1,AR,CRBN,860.35,4.2,228.24,14,3,19,0.341,0.089,-5.845,-5.666,WO2023056423A1,2023,ESSA PHARMA INC
CC(C)(c1ccc(OCc2cnc(NS(C)(=O)=O)nc2)cc1)c1cc(Cl)c(OCCN2CCC(CN3CCN(c4cc5c(cc4F)C(=O)N(C4CCC(=O)NC4=O)C5=O)CC3)CC2)c(C#N)c1,CC(C)(c1ccc(OCc2cnc(NS(C)(=O)=O)nc2)cc1)c1cc(Cl)c([*:1])c(C#N)c1,C(CN1CCC(CN2CCN([*:2])CC2)CC1)O[*:1],O=C1CCC(N2C(=O)c3cc(F)c([*:2])cc3C2=O)C(=O)N1,AR,CRBN,956.5,4.73,207.47,14,2,15,0.426,0.155,-5.776,-5.448,WO2023056423A1,2023,ESSA PHARMA INC
CC(C)(c1ccc(OCc2ccnc(NS(C)(=O)=O)n2)cc1)c1cc(Cl)c(OCCOCCOCCNc2cccc3c2C(=O)N(C2CCC(=O)NC2=O)C3=O)c(C#N)c1,CC(C)(c1ccc(OCc2ccnc(NS(C)(=O)=O)n2)cc1)c1cc(Cl)c([*:1])c(C#N)c1,C(COCCOCCO[*:1])N[*:2],O=C1CCC(N2C(=O)c3cccc([*:2])c3C2=O)C(=O)N1,AR,CRBN,860.35,4.2,228.24,14,3,19,0.341,0.089,-5.819,-5.732,WO2023056423A1,2023,ESSA PHARMA INC
CC(C)(c1ccc(OCc2ccnc(NS(C)(=O)=O)n2)cc1)c1cc(Cl)c(OCCOCCNc2cccc3c2C(=O)N(C2CCC(=O)NC2=O)C3=O)c(C#N)c1,CC(C)(c1ccc(OCc2ccnc(NS(C)(=O)=O)n2)cc1)c1cc(Cl)c([*:1])c(C#N)c1,C(COCCO[*:1])N[*:2],O=C1CCC(N2C(=O)c3cccc([*:2])c3C2=O)C(=O)N1,AR,CRBN,816.29,4.19,219.01,13,3,16,0.308,0.107,-5.826,-5.956,WO2023056423A1,2023,ESSA PHARMA INC
CC(C)(c1ccc(OCc2ccnc(NS(C)(=O)=O)n2)cc1)c1cc(Cl)c(OCCOCCOCCNc2ccc3c(c2)C(=O)N(C2CCC(=O)NC2=O)C3=O)c(C#N)c1,CC(C)(c1ccc(OCc2ccnc(NS(C)(=O)=O)n2)cc1)c1cc(Cl)c([*:1])c(C#N)c1,C(COCCOCCO[*:1])N[*:2],O=C1CCC(N2C(=O)c3ccc([*:2])cc3C2=O)C(=O)N1,AR,CRBN,860.35,4.2,228.24,14,3,19,0.341,0.089,-5.842,-5.501,WO2023056423A1,2023,ESSA PHARMA INC
CC(C)(c1ccc(OCc2ccnc(NS(C)(=O)=O)n2)cc1)c1cc(Cl)c(N2CCC(CN3CCN(c4cccc5c4CN(C4CCC(=O)NC4=O)C5=O)CC3)CC2)c(C#N)c1,CC(C)(c1ccc(OCc2ccnc(NS(C)(=O)=O)n2)cc1)c1cc(Cl)c([*:1])c(C#N)c1,C1CN([*:1])CCC1CN1CCN([*:2])CC1,O=C1CCC(N2Cc3c(cccc3[*:2])C2=O)C(=O)N1,AR,CRBN,880.47,5.08,181.17,12,2,12,0.422,0.181,-5.804,-5.879,WO2023056423A1,2023,ESSA PHARMA INC
CC(C)(c1ccc(OCc2ccnc(NS(C)(=O)=O)n2)cc1)c1cc(Cl)c(N2CCC(CN3CCN(c4cccc5c4C(=O)N(C4CCC(=O)NC4=O)C5=O)CC3)CC2)c(C#N)c1,CC(C)(c1ccc(OCc2ccnc(NS(C)(=O)=O)n2)cc1)c1cc(Cl)c([*:1])c(C#N)c1,C1CN([*:1])CCC1CN1CCN([*:2])CC1,O=C1CCC(N2C(=O)c3cccc([*:2])c3C2=O)C(=O)N1,AR,CRBN,894.45,4.72,198.24,13,2,12,0.4,0.186,-5.855,-6.277,WO2023056423A1,2023,ESSA PHARMA INC
CC(C)(c1ccc(OCc2ccnc(NS(C)(=O)=O)n2)cc1)c1cc(Cl)c(N2CCC(CN3CCN(c4ccc5c(c4)C(=O)N(C4CCC(=O)NC4=O)C5)CC3)CC2)c(C#N)c1,CC(C)(c1ccc(OCc2ccnc(NS(C)(=O)=O)n2)cc1)c1cc(Cl)c([*:1])c(C#N)c1,C1CN([*:1])CCC1CN1CCN([*:2])CC1,O=C1CCC(N2Cc3ccc([*:2])cc3C2=O)C(=O)N1,AR,CRBN,880.47,5.08,181.17,12,2,12,0.422,0.181,-5.856,-5.842,WO2023056423A1,2023,ESSA PHARMA INC
CC(C)(c1ccc(OCc2ccnc(NS(C)(=O)=O)n2)cc1)c1cc(Cl)c(N2CCC(CN3CCN(c4ccc5c(c4)C(=O)N(C4CCC(=O)NC4=O)C5=O)CC3)CC2)c(C#N)c1,CC(C)(c1ccc(OCc2ccnc(NS(C)(=O)=O)n2)cc1)c1cc(Cl)c([*:1])c(C#N)c1,C1CN([*:1])CCC1CN1CCN([*:2])CC1,O=C1CCC(N2C(=O)c3ccc([*:2])cc3C2=O)C(=O)N1,AR,CRBN,894.45,4.72,198.24,13,2,12,0.4,0.186,-5.876,-6.134,WO2023056423A1,2023,ESSA PHARMA INC
CC(C)(c1ccc(OCc2ccnc(NS(C)(=O)=O)n2)cc1)c1cc(Cl)c(OCCN2CCC(CN3CCN(c4cc5c(cc4F)C(=O)N(C4CCC(=O)NC4=O)C5=O)CC3)CC2)c(C#N)c1,CC(C)(c1ccc(OCc2ccnc(NS(C)(=O)=O)n2)cc1)c1cc(Cl)c([*:1])c(C#N)c1,C(CN1CCC(CN2CCN([*:2])CC2)CC1)O[*:1],O=C1CCC(N2C(=O)c3cc(F)c([*:2])cc3C2=O)C(=O)N1,AR,CRBN,956.5,4.73,207.47,14,2,15,0.426,0.155,-5.769,-5.699,WO2023056423A1,2023,ESSA PHARMA INC
CC(C)(c1ccc(OCc2ccnc(NS(C)(=O)=O)n2)cc1)c1cc(Cl)c(OCCN2CCC(CN3CCN(c4ccc5c(c4)CN(C4CCC(=O)NC4=O)C5=O)CC3)CC2)c(C#N)c1,CC(C)(c1ccc(OCc2ccnc(NS(C)(=O)=O)n2)cc1)c1cc(Cl)c([*:1])c(C#N)c1,C(CN1CCC(CN2CCN([*:2])CC2)CC1)O[*:1],O=C1CCC(N2Cc3cc([*:2])ccc3C2=O)C(=O)N1,AR,CRBN,924.52,4.95,190.4,13,2,15,0.447,0.153,-5.761,-5.386,WO2023056423A1,2023,ESSA PHARMA INC
CC(C)(c1ccc(OCc2ccnc(NS(C)(=O)=O)n2)cc1)c1cc(Cl)c(OCCN2CCC(CN3CCN(c4ccc5c(c4)C(=O)N(C4CCC(=O)NC4=O)C5=O)CC3)CC2)c(C#N)c1,CC(C)(c1ccc(OCc2ccnc(NS(C)(=O)=O)n2)cc1)c1cc(Cl)c([*:1])c(C#N)c1,C(CN1CCC(CN2CCN([*:2])CC2)CC1)O[*:1],O=C1CCC(N2C(=O)c3ccc([*:2])cc3C2=O)C(=O)N1,AR,CRBN,938.51,4.59,207.47,14,2,15,0.426,0.157,-5.813,-5.718,WO2023056423A1,2023,ESSA PHARMA INC
CS(=O)(=O)N1CC(COc2ccc3c(ccn3-c3cc(Cl)c(OCCOCCOc4ccc5c(c4)C(=O)N(C4CCC(=O)NC4=O)C5=O)c(C#N)c3)c2)C1,CS(=O)(=O)N1CC(COc2ccc3c(ccn3-c3cc(Cl)c([*:1])c(C#N)c3)c2)C1,C(CO[*:1])OCCO[*:2],O=C1CCC(N2C(=O)c3ccc([*:2])cc3C2=O)C(=O)N1,AR,CRBN,776.22,3.3,186.57,11,1,14,0.324,0.146,-5.989,-4.111,WO2023056423A1,2023,ESSA PHARMA INC
CS(=O)(=O)NC12CC(COc3ccc4c(ccn4-c4cc(Cl)c(OCCOCCOc5ccc6c(c5)C(=O)N(C5CCC(=O)NC5=O)C6=O)c(C#N)c4)c3)(C1)C2,CS(=O)(=O)NC12CC(COc3ccc4c(ccn4-c4cc(Cl)c([*:1])c(C#N)c4)c3)(C1)C2,C(CO[*:1])OCCO[*:2],O=C1CCC(N2C(=O)c3ccc([*:2])cc3C2=O)C(=O)N1,AR,CRBN,802.26,3.88,195.36,11,2,15,0.359,0.131,-5.754,-4.751,WO2023056423A1,2023,ESSA PHARMA INC
CC(C)(c1ccc(-c2ccc3nc(NS(C)(=O)=O)ncc3c2)cc1)c1cc(Cl)c(OCCOCCOCCOCCNc2ccc3c(c2)C(=O)N(C2CCC(=O)NC2=O)C3=O)c(C#N)c1,CC(C)(c1ccc(-c2ccc3nc(NS(C)(=O)=O)ncc3c2)cc1)c1cc(Cl)c([*:1])c(C#N)c1,C(COCCOCCOCCO[*:1])N[*:2],O=C1CCC(N2C(=O)c3ccc([*:2])cc3C2=O)C(=O)N1,AR,CRBN,924.43,5.46,228.24,14,3,20,0.326,0.065,-5.879,-4.575,WO2023056423A1,2023,ESSA PHARMA INC
CC(C)(c1ccc(-c2ccc3nc(NS(C)(=O)=O)ncc3c2)cc1)c1cc(Cl)c(OCCOCCOCCNc2ccc3c(c2)C(=O)N(C2CCC(=O)NC2=O)C3=O)c(C#N)c1,CC(C)(c1ccc(-c2ccc3nc(NS(C)(=O)=O)ncc3c2)cc1)c1cc(Cl)c([*:1])c(C#N)c1,C(COCCOCCO[*:1])N[*:2],O=C1CCC(N2C(=O)c3ccc([*:2])cc3C2=O)C(=O)N1,AR,CRBN,880.38,5.44,219.01,13,3,17,0.295,0.078,-5.906,-5.141,WO2023056423A1,2023,ESSA PHARMA INC
CC(C)(c1ccc(-c2ccc3nc(NS(C)(=O)=O)ncc3c2)cc1)c1cc(Cl)c(OCCOCCOc2ccc3c(c2)C(=O)N(C2CCC(=O)NC2=O)C3=O)c(C#N)c1,CC(C)(c1ccc(-c2ccc3nc(NS(C)(=O)=O)ncc3c2)cc1)c1cc(Cl)c([*:1])c(C#N)c1,C(CO[*:1])OCCO[*:2],O=C1CCC(N2C(=O)c3ccc([*:2])cc3C2=O)C(=O)N1,AR,CRBN,837.31,5.39,206.98,12,2,14,0.262,0.107,-5.894,-5.876,WO2023056423A1,2023,ESSA PHARMA INC
CC(C)(c1ccc(OCc2ccnc(NS(C)(=O)=O)n2)cc1)c1cc(Cl)c(OCCOCCOc2ccc3c(c2)C(=O)N(C2CCC(=O)NC2=O)C3=O)c(C#N)c1,CC(C)(c1ccc(OCc2ccnc(NS(C)(=O)=O)n2)cc1)c1cc(Cl)c([*:1])c(C#N)c1,C(CO[*:1])OCCO[*:2],O=C1CCC(N2C(=O)c3ccc([*:2])cc3C2=O)C(=O)N1,AR,CRBN,817.28,4.15,216.21,13,2,16,0.308,0.12,-5.855,-5.884,WO2023056423A1,2023,ESSA PHARMA INC
CC(C)(c1ccc(-c2ccc3nc(NS(C)(=O)=O)ncc3c2)cc1)c1cc(Cl)c(OCCOCCNc2ccc3c(c2)C(=O)N(C2CCC(=O)NC2=O)C3=O)c(C#N)c1,CC(C)(c1ccc(-c2ccc3nc(NS(C)(=O)=O)ncc3c2)cc1)c1cc(Cl)c([*:1])c(C#N)c1,C(COCCO[*:1])N[*:2],O=C1CCC(N2C(=O)c3ccc([*:2])cc3C2=O)C(=O)N1,AR,CRBN,836.33,5.43,209.78,12,3,14,0.262,0.095,-5.904,-5.535,WO2023056423A1,2023,ESSA PHARMA INC
CC(C)(c1ccc(OCc2ccnc(NS(C)(=O)=O)n2)cc1)c1cc(Cl)c(OCCOCCNc2ccc3c(c2)C(=O)N(C2CCC(=O)NC2=O)C3=O)c(C#N)c1,CC(C)(c1ccc(OCc2ccnc(NS(C)(=O)=O)n2)cc1)c1cc(Cl)c([*:1])c(C#N)c1,C(COCCO[*:1])N[*:2],O=C1CCC(N2C(=O)c3ccc([*:2])cc3C2=O)C(=O)N1,AR,CRBN,816.29,4.19,219.01,13,3,16,0.308,0.107,-5.84,-5.895,WO2023056423A1,2023,ESSA PHARMA INC
O=C1CCC(N2C(=O)c3cc(F)c(N4CCN(CCCCCOc5c(-c6csc(N7CCOCC7)n6)ccc(F)c5F)CC4)cc3C2=O)C(=O)N1,Fc1ccc(-c2csc(N3CCOCC3)n2)c([*:1])c1F,C(CCO[*:1])CCN1CCN([*:2])CC1,O=C1CCC(N2C(=O)c3cc(F)c([*:2])cc3C2=O)C(=O)N1,AR,CRBN,726.78,3.84,124.62,11,1,11,0.457,0.23,-4.911,-4.503,WO2023039604A1,2023,MONTELINO THERAPEUTICS INC
CC1CC2(CCN(c3ncc(CN4CC(N5CCN(c6cc7c(cc6F)C(=O)N(C6CCC(=O)NC6=O)C7=O)CC5)C4)s3)CC2)CN1c1ccc(C#N)c(Cl)c1,CC1CC2(CCN(c3ncc([*:1])s3)CC2)CN1c1ccc(C#N)c(Cl)c1,C1C(N2CCN([*:2])CC2)CN1C[*:1],O=C1CCC(N2C(=O)c3cc(F)c([*:2])cc3C2=O)C(=O)N1,AR,CRBN,800.36,4.1,136.43,12,1,7,0.5,0.346,-5.626,-4.983,WO2022187419A1,2022,UNIVERSITY OF MICHIGAN
CC1CC2(CCN(c3ncc(CN4CC(N5CCN(c6ccc7c(c6)C(=O)N(C6CCC(=O)NC6=O)C7=O)CC5)C4)s3)CC2)CN1c1ccc(C#N)c(Cl)c1,CC1CC2(CCN(c3ncc([*:1])s3)CC2)CN1c1ccc(C#N)c(Cl)c1,C1C(N2CCN([*:2])CC2)CN1C[*:1],O=C1CCC(N2C(=O)c3ccc([*:2])cc3C2=O)C(=O)N1,AR,CRBN,782.37,3.96,136.43,12,1,7,0.5,0.349,-5.609,-4.856,WO2022187419A1,2022,UNIVERSITY OF MICHIGAN
CC1CC2(CCN(c3cnc(CN4CC(N5CCN(c6cc7c(cc6F)C(=O)N(C6CCC(=O)NC6=O)C7=O)CC5)C4)cn3)CC2)CN1c1ccc(C#N)c(Cl)c1,CC1CC2(CCN(c3cnc([*:1])cn3)CC2)CN1c1ccc(C#N)c(Cl)c1,C1C(N2CCN([*:2])CC2)CN1C[*:1],O=C1CCC(N2C(=O)c3cc(F)c([*:2])cc3C2=O)C(=O)N1,AR,CRBN,795.32,3.43,149.32,12,1,7,0.488,0.35,-5.738,-5.037,WO2022187419A1,2022,UNIVERSITY OF MICHIGAN
CC1CC2(CCN(c3ncc(CN4CC(N5CCN(c6cc7c(cc6F)C(=O)N(C6CCC(=O)NC6=O)C7=O)CC5)C4)cn3)CC2)CN1c1ccc(C#N)c(Cl)c1,CC1CC2(CCN(c3ncc([*:1])cn3)CC2)CN1c1ccc(C#N)c(Cl)c1,C1C(N2CCN([*:2])CC2)CN1C[*:1],O=C1CCC(N2C(=O)c3cc(F)c([*:2])cc3C2=O)C(=O)N1,AR,CRBN,795.32,3.43,149.32,12,1,7,0.488,0.35,-5.634,-4.968,WO2022187419A1,2022,UNIVERSITY OF MICHIGAN
CC1CC2(CCN(c3cnc(CN4CC(N5CCN(c6cc7c(cc6F)C(=O)N(C6CCC(=O)NC6=O)C7=O)CC5)C4)nc3)CC2)CN1c1ccc(C#N)c(Cl)c1,CC1CC2(CCN(c3cnc([*:1])nc3)CC2)CN1c1ccc(C#N)c(Cl)c1,C1C(N2CCN([*:2])CC2)CN1C[*:1],O=C1CCC(N2C(=O)c3cc(F)c([*:2])cc3C2=O)C(=O)N1,AR,CRBN,795.32,3.43,149.32,12,1,7,0.488,0.35,-5.655,-4.734,WO2022187419A1,2022,UNIVERSITY OF MICHIGAN
CC1CC2(CCN(c3ccc(CN4CC(N5CCN(c6cc7c(cc6F)C(=O)N(C6CCC(=O)NC6=O)C7=O)CC5)C4)nn3)CC2)CN1c1ccc(C#N)c(Cl)c1,CC1CC2(CCN(c3ccc([*:1])nn3)CC2)CN1c1ccc(C#N)c(Cl)c1,C1C(N2CCN([*:2])CC2)CN1C[*:1],O=C1CCC(N2C(=O)c3cc(F)c([*:2])cc3C2=O)C(=O)N1,AR,CRBN,795.32,3.43,149.32,12,1,7,0.488,0.35,-5.707,-4.688,WO2022187419A1,2022,UNIVERSITY OF MICHIGAN
CC1CC2(CCN(c3ccc(CN4CC(N5CCN(c6cc7c(cc6F)C(=O)N(C6CCC(=O)NC6=O)C7=O)CC5)C4)nc3)CC2)CN1c1ccc(C#N)c(Cl)c1,CC1CC2(CCN(c3ccc([*:1])nc3)CC2)CN1c1ccc(C#N)c(Cl)c1,C1C(N2CCN([*:2])CC2)CN1C[*:1],O=C1CCC(N2C(=O)c3cc(F)c([*:2])cc3C2=O)C(=O)N1,AR,CRBN,794.33,4.04,136.43,11,1,7,0.476,0.348,-5.72,-4.745,WO2022187419A1,2022,UNIVERSITY OF MICHIGAN
CC1CC2(CCN(c3cnc(CN4CC(N5CCN(c6ccc7c(c6)C(=O)N(C6CCC(=O)NC6=O)C7=O)CC5)C4)cn3)CC2)CN1c1ccc(C#N)c(Cl)c1,CC1CC2(CCN(c3cnc([*:1])cn3)CC2)CN1c1ccc(C#N)c(Cl)c1,C1C(N2CCN([*:2])CC2)CN1C[*:1],O=C1CCC(N2C(=O)c3ccc([*:2])cc3C2=O)C(=O)N1,AR,CRBN,777.33,3.29,149.32,12,1,7,0.488,0.351,-5.788,-4.749,WO2022187419A1,2022,UNIVERSITY OF MICHIGAN
CC1CC2(CCN(c3ncc(CN4CC(N5CCN(c6ccc7c(c6)C(=O)N(C6CCC(=O)NC6=O)C7=O)CC5)C4)cn3)CC2)CN1c1ccc(C#N)c(Cl)c1,CC1CC2(CCN(c3ncc([*:1])cn3)CC2)CN1c1ccc(C#N)c(Cl)c1,C1C(N2CCN([*:2])CC2)CN1C[*:1],O=C1CCC(N2C(=O)c3ccc([*:2])cc3C2=O)C(=O)N1,AR,CRBN,777.33,3.29,149.32,12,1,7,0.488,0.351,-5.629,-4.875,WO2022187419A1,2022,UNIVERSITY OF MICHIGAN
CC1CC2(CCN(c3cnc(CN4CC(N5CCN(c6ccc7c(c6)C(=O)N(C6CCC(=O)NC6=O)C7=O)CC5)C4)nc3)CC2)CN1c1ccc(C#N)c(Cl)c1,CC1CC2(CCN(c3cnc([*:1])nc3)CC2)CN1c1ccc(C#N)c(Cl)c1,C1C(N2CCN([*:2])CC2)CN1C[*:1],O=C1CCC(N2C(=O)c3ccc([*:2])cc3C2=O)C(=O)N1,AR,CRBN,777.33,3.29,149.32,12,1,7,0.488,0.351,-5.669,-4.516,WO2022187419A1,2022,UNIVERSITY OF MICHIGAN
CC1CC2(CCN(c3ccc(CN4CC(N5CCN(c6ccc7c(c6)C(=O)N(C6CCC(=O)NC6=O)C7=O)CC5)C4)nn3)CC2)CN1c1ccc(C#N)c(Cl)c1,CC1CC2(CCN(c3ccc([*:1])nn3)CC2)CN1c1ccc(C#N)c(Cl)c1,C1C(N2CCN([*:2])CC2)CN1C[*:1],O=C1CCC(N2C(=O)c3ccc([*:2])cc3C2=O)C(=O)N1,AR,CRBN,777.33,3.29,149.32,12,1,7,0.488,0.351,-5.777,-4.487,WO2022187419A1,2022,UNIVERSITY OF MICHIGAN
CC1CC2(CCN(c3ccc(CN4CC(N5CCN(c6ccc7c(c6)C(=O)N(C6CCC(=O)NC6=O)C7=O)CC5)C4)nc3)CC2)CN1c1ccc(C#N)c(Cl)c1,CC1CC2(CCN(c3ccc([*:1])nc3)CC2)CN1c1ccc(C#N)c(Cl)c1,C1C(N2CCN([*:2])CC2)CN1C[*:1],O=C1CCC(N2C(=O)c3ccc([*:2])cc3C2=O)C(=O)N1,AR,CRBN,776.34,3.9,136.43,11,1,7,0.476,0.35,-5.784,-4.651,WO2022187419A1,2022,UNIVERSITY OF MICHIGAN
CC1CC2(CCN(c3ccc(CN4CC(N5CCN(c6cc7c(cc6F)C(=O)N(C6CCC(=O)NC6=O)C7=O)CC5)C4)cn3)CC2)CN1c1ccc(C#N)c(Cl)c1,CC1CC2(CCN(c3ccc([*:1])cn3)CC2)CN1c1ccc(C#N)c(Cl)c1,C1C(N2CCN([*:2])CC2)CN1C[*:1],O=C1CCC(N2C(=O)c3cc(F)c([*:2])cc3C2=O)C(=O)N1,AR,CRBN,794.33,4.04,136.43,11,1,7,0.476,0.348,-5.672,-4.86,WO2022187419A1,2022,UNIVERSITY OF MICHIGAN
CC1CC2(CCN(c3ccc(CN4CC(N5CCN(c6ccc7c(c6)C(=O)N(C6CCC(=O)NC6=O)C7=O)CC5)C4)cn3)CC2)CN1c1ccc(C#N)c(Cl)c1,CC1CC2(CCN(c3ccc([*:1])cn3)CC2)CN1c1ccc(C#N)c(Cl)c1,C1C(N2CCN([*:2])CC2)CN1C[*:1],O=C1CCC(N2C(=O)c3ccc([*:2])cc3C2=O)C(=O)N1,AR,CRBN,776.34,3.9,136.43,11,1,7,0.476,0.35,-5.661,-4.791,WO2022187419A1,2022,UNIVERSITY OF MICHIGAN
CC1CC2(CCN(c3ncc(C(=O)N4CCC(N5Cc6cc7c(cc6C5)C(=O)N(C5CCC(=O)NC5=O)C7=O)CC4)s3)CC2)CN1c1ccc(C#N)c(Cl)c1,CC1CC2(CCN(c3ncc([*:1])s3)CC2)CN1c1ccc(C#N)c(Cl)c1,O=C(N1CCC([*:2])CC1)[*:1],O=C1CCC(N2C(=O)c3cc4c(cc3C2=O)CN([*:2])C4)C(=O)N1,AR,CRBN,781.34,4.58,150.26,11,1,5,0.475,0.365,-5.536,-4.57,WO2022187419A1,2022,UNIVERSITY OF MICHIGAN
CC1CC2(CCN(c3ncc(C(=O)N4CCN(C5CN(c6ccc7c(c6)C(=O)N(C6CCC(=O)NC6=O)C7=O)C5)CC4)s3)CC2)CN1c1ccc(C#N)c(Cl)c1,CC1CC2(CCN(c3ncc([*:1])s3)CC2)CN1c1ccc(C#N)c(Cl)c1,O=C(N1CCN(C2CN([*:2])C2)CC1)[*:1],O=C1CCC(N2C(=O)c3ccc([*:2])cc3C2=O)C(=O)N1,AR,CRBN,796.35,3.6,153.5,12,1,6,0.475,0.365,-5.475,-4.409,WO2022187419A1,2022,UNIVERSITY OF MICHIGAN
CC1CC2(CCN(c3cnc(N4CCN(CC5CCN(c6ccc7c(c6)C(=O)N(C6CCC(=O)NC6=O)C7=O)CC5)CC4)nc3)CC2)CN1c1ccc(C#N)c(Cl)c1,CC1CC2(CCN(c3cnc([*:1])nc3)CC2)CN1c1ccc(C#N)c(Cl)c1,C1CN([*:2])CCC1CN1CCN([*:1])CC1,O=C1CCC(N2C(=O)c3ccc([*:2])cc3C2=O)C(=O)N1,AR,CRBN,805.38,4.33,149.32,12,1,7,0.512,0.339,-5.573,-6.227,WO2022187419A1,2022,UNIVERSITY OF MICHIGAN
CC1CC2(CCN(c3ccc(C(=O)N4CCC(N5Cc6cc7c(cc6C5)C(=O)N(C5CCC(=O)NC5=O)C7=O)CC4)cc3)CC2)CN1c1ccc(C#N)c(Cl)c1,CC1CC2(CCN(c3ccc([*:1])cc3)CC2)CN1c1ccc(C#N)c(Cl)c1,O=C(N1CCC([*:2])CC1)[*:1],O=C1CCC(N2C(=O)c3cc4c(cc3C2=O)CN([*:2])C4)C(=O)N1,AR,CRBN,774.32,5.12,137.37,9,1,5,0.442,0.351,-5.598,-4.991,WO2022187419A1,2022,UNIVERSITY OF MICHIGAN
CC1CC2(CCN(c3ncc(N4CCN(CC5CN(c6ccc7c(c6)C(=O)N(C6CCC(=O)NC6=O)C7=O)C5)CC4)cn3)CC2)CN1c1ccc(C#N)c(Cl)c1,CC1CC2(CCN(c3ncc([*:1])cn3)CC2)CN1c1ccc(C#N)c(Cl)c1,C1CN([*:1])CCN1CC1CN([*:2])C1,O=C1CCC(N2C(=O)c3ccc([*:2])cc3C2=O)C(=O)N1,AR,CRBN,777.33,3.55,149.32,12,1,7,0.488,0.35,-5.623,-5.564,WO2022187419A1,2022,UNIVERSITY OF MICHIGAN
CC1CC2(CCN(c3cnc(N4CCN(CC5CN(c6ccc7c(c6)C(=O)N(C6CCC(=O)NC6=O)C7=O)C5)CC4)nc3)CC2)CN1c1ccc(C#N)c(Cl)c1,CC1CC2(CCN(c3cnc([*:1])nc3)CC2)CN1c1ccc(C#N)c(Cl)c1,C1CN([*:1])CCN1CC1CN([*:2])C1,O=C1CCC(N2C(=O)c3ccc([*:2])cc3C2=O)C(=O)N1,AR,CRBN,777.33,3.55,149.32,12,1,7,0.488,0.35,-5.623,-5.649,WO2022187419A1,2022,UNIVERSITY OF MICHIGAN
CC1CC2(CCN(c3ncc(C4CCN(CC5CN(c6ccc7c(c6)C(=O)N(C6CCC(=O)NC6=O)C7=O)C5)CC4)cn3)CC2)CN1c1ccc(C#N)c(Cl)c1,CC1CC2(CCN(c3ncc([*:1])cn3)CC2)CN1c1ccc(C#N)c(Cl)c1,C1CN(CC2CN([*:2])C2)CCC1[*:1],O=C1CCC(N2C(=O)c3ccc([*:2])cc3C2=O)C(=O)N1,AR,CRBN,776.34,4.6,146.08,11,1,7,0.5,0.336,-5.728,-5.835,WO2022187419A1,2022,UNIVERSITY OF MICHIGAN
CC1CC2(CCN(c3ccc(N4CCC(CN5CCN(c6ccc7c(c6)C(=O)N(C6CCC(=O)NC6=O)C7=O)CC5)CC4)nn3)CC2)CN1c1ccc(C#N)c(Cl)c1,CC1CC2(CCN(c3ccc([*:1])nn3)CC2)CN1c1ccc(C#N)c(Cl)c1,C1CN([*:1])CCC1CN1CCN([*:2])CC1,O=C1CCC(N2C(=O)c3ccc([*:2])cc3C2=O)C(=O)N1,AR,CRBN,805.38,4.33,149.32,12,1,7,0.512,0.339,-5.579,-5.824,WO2022187419A1,2022,UNIVERSITY OF MICHIGAN
CC1CC2(CCN(c3ccc(N4CCC(CN5CCN(c6ccc7c(c6)C(=O)N(C6CCC(=O)NC6=O)C7=O)CC5)CC4)nc3)CC2)CN1c1ccc(C#N)c(Cl)c1,CC1CC2(CCN(c3ccc([*:1])nc3)CC2)CN1c1ccc(C#N)c(Cl)c1,C1CN([*:1])CCC1CN1CCN([*:2])CC1,O=C1CCC(N2C(=O)c3ccc([*:2])cc3C2=O)C(=O)N1,AR,CRBN,804.4,4.93,136.43,11,1,7,0.5,0.326,-5.606,-5.945,WO2022187419A1,2022,UNIVERSITY OF MICHIGAN
CC1CC2(CCN(c3ccc(N4CCC(CN5CCN(c6ccc7c(c6)C(=O)N(C6CCC(=O)NC6=O)C7=O)CC5)CC4)cn3)CC2)CN1c1ccc(C#N)c(Cl)c1,CC1CC2(CCN(c3ccc([*:1])cn3)CC2)CN1c1ccc(C#N)c(Cl)c1,C1CN([*:1])CCC1CN1CCN([*:2])CC1,O=C1CCC(N2C(=O)c3ccc([*:2])cc3C2=O)C(=O)N1,AR,CRBN,804.4,4.93,136.43,11,1,7,0.5,0.326,-5.606,-5.888,WO2022187419A1,2022,UNIVERSITY OF MICHIGAN
CC1CC2(CCN(c3cnc(N4CCN(CC5CCN(c6ccc7c(c6)C(=O)N(C6CCC(=O)NC6=O)C7=O)CC5)CC4)cn3)CC2)CN1c1ccc(C#N)c(Cl)c1,CC1CC2(CCN(c3cnc([*:1])cn3)CC2)CN1c1ccc(C#N)c(Cl)c1,C1CN([*:2])CCC1CN1CCN([*:1])CC1,O=C1CCC(N2C(=O)c3ccc([*:2])cc3C2=O)C(=O)N1,AR,CRBN,805.38,4.33,149.32,12,1,7,0.512,0.339,-5.679,-6.366,WO2022187419A1,2022,UNIVERSITY OF MICHIGAN
CC1CC2(CCN(c3cnc(N4CCN(CC5CN(c6ccc7c(c6)C(=O)N(C6CCC(=O)NC6=O)C7=O)C5)CC4)cn3)CC2)CN1c1ccc(C#N)c(Cl)c1,CC1CC2(CCN(c3cnc([*:1])cn3)CC2)CN1c1ccc(C#N)c(Cl)c1,C1CN([*:1])CCN1CC1CN([*:2])C1,O=C1CCC(N2C(=O)c3ccc([*:2])cc3C2=O)C(=O)N1,AR,CRBN,777.33,3.55,149.32,12,1,7,0.488,0.35,-5.626,-5.702,WO2022187419A1,2022,UNIVERSITY OF MICHIGAN
CC1CC2(CCN(c3ccc(N4CCN(CC5CCN(c6ccc7c(c6)C(=O)N(C6CCC(=O)NC6=O)C7=O)CC5)CC4)nn3)CC2)CN1c1ccc(C#N)c(Cl)c1,CC1CC2(CCN(c3ccc([*:1])nn3)CC2)CN1c1ccc(C#N)c(Cl)c1,C1CN([*:2])CCC1CN1CCN([*:1])CC1,O=C1CCC(N2C(=O)c3ccc([*:2])cc3C2=O)C(=O)N1,AR,CRBN,805.38,4.33,149.32,12,1,7,0.512,0.339,-5.579,-5.902,WO2022187419A1,2022,UNIVERSITY OF MICHIGAN
CC1CC2(CCN(c3ccc(N4CCN(CC5CN(c6ccc7c(c6)C(=O)N(C6CCC(=O)NC6=O)C7=O)C5)CC4)nn3)CC2)CN1c1ccc(C#N)c(Cl)c1,CC1CC2(CCN(c3ccc([*:1])nn3)CC2)CN1c1ccc(C#N)c(Cl)c1,C1CN([*:1])CCN1CC1CN([*:2])C1,O=C1CCC(N2C(=O)c3ccc([*:2])cc3C2=O)C(=O)N1,AR,CRBN,777.33,3.55,149.32,12,1,7,0.488,0.35,-5.605,-5.329,WO2022187419A1,2022,UNIVERSITY OF MICHIGAN
CC1CC2(CCN(c3ccc(C4CCN(CC5CCN(c6ccc7c(c6)C(=O)N(C6CCC(=O)NC6=O)C7=O)CC5)CC4)nc3)CC2)CN1c1ccc(C#N)c(Cl)c1,CC1CC2(CCN(c3ccc([*:1])nc3)CC2)CN1c1ccc(C#N)c(Cl)c1,C1CN([*:2])CCC1CN1CCC([*:1])CC1,O=C1CCC(N2C(=O)c3ccc([*:2])cc3C2=O)C(=O)N1,AR,CRBN,803.41,5.99,133.19,10,1,7,0.511,0.284,-5.6,-5.649,WO2022187419A1,2022,UNIVERSITY OF MICHIGAN
CC1CC2(CCN(c3ccc(C4CCN(CC5CN(c6ccc7c(c6)C(=O)N(C6CCC(=O)NC6=O)C7=O)C5)CC4)nc3)CC2)CN1c1ccc(C#N)c(Cl)c1,CC1CC2(CCN(c3ccc([*:1])nc3)CC2)CN1c1ccc(C#N)c(Cl)c1,C1CN(CC2CN([*:2])C2)CCC1[*:1],O=C1CCC(N2C(=O)c3ccc([*:2])cc3C2=O)C(=O)N1,AR,CRBN,775.35,5.21,133.19,10,1,7,0.488,0.319,-5.697,-5.457,WO2022187419A1,2022,UNIVERSITY OF MICHIGAN
CC1CC2(CCN(c3ccc(C4CCN(CC5CCN(c6ccc7c(c6)C(=O)N(C6CCC(=O)NC6=O)C7=O)CC5)CC4)cn3)CC2)CN1c1ccc(C#N)c(Cl)c1,CC1CC2(CCN(c3ccc([*:1])cn3)CC2)CN1c1ccc(C#N)c(Cl)c1,C1CN([*:2])CCC1CN1CCC([*:1])CC1,O=C1CCC(N2C(=O)c3ccc([*:2])cc3C2=O)C(=O)N1,AR,CRBN,803.41,5.99,133.19,10,1,7,0.511,0.284,-5.571,-5.999,WO2022187419A1,2022,UNIVERSITY OF MICHIGAN
CC1CC2(CCN(c3ccc(C4CCN(CC5CN(c6ccc7c(c6)C(=O)N(C6CCC(=O)NC6=O)C7=O)C5)CC4)cn3)CC2)CN1c1ccc(C#N)c(Cl)c1,CC1CC2(CCN(c3ccc([*:1])cn3)CC2)CN1c1ccc(C#N)c(Cl)c1,C1CN(CC2CN([*:2])C2)CCC1[*:1],O=C1CCC(N2C(=O)c3ccc([*:2])cc3C2=O)C(=O)N1,AR,CRBN,775.35,5.21,133.19,10,1,7,0.488,0.319,-5.685,-5.733,WO2022187419A1,2022,UNIVERSITY OF MICHIGAN
CC1CC2(CCN(c3ccc(N4CCN(C5CN(c6ccc7c(c6)C(=O)N(C6CCC(=O)NC6=O)C7=O)C5)CC4)cc3F)CC2)CN1c1ccc(C#N)c(Cl)c1,CC1CC2(CCN(c3ccc([*:1])cc3F)CC2)CN1c1ccc(C#N)c(Cl)c1,C1CN([*:1])CCN1C1CN([*:2])C1,O=C1CCC(N2C(=O)c3ccc([*:2])cc3C2=O)C(=O)N1,AR,CRBN,779.32,4.65,123.54,10,1,6,0.452,0.354,-5.301,-5.431,WO2022187419A1,2022,UNIVERSITY OF MICHIGAN
CC1CC2(CCN(c3ccc(N4CCN(CC5CCN(c6ccc7c(c6)C(=O)N(C6CCC(=O)NC6=O)C7=O)CC5)CC4)cc3F)CC2)CN1c1ccc(C#N)c(Cl)c1,CC1CC2(CCN(c3ccc([*:1])cc3F)CC2)CN1c1ccc(C#N)c(Cl)c1,C1CN([*:2])CCC1CN1CCN([*:1])CC1,O=C1CCC(N2C(=O)c3ccc([*:2])cc3C2=O)C(=O)N1,AR,CRBN,821.4,5.68,123.54,10,1,7,0.489,0.298,-5.542,-6.313,WO2022187419A1,2022,UNIVERSITY OF MICHIGAN
CC1CC2(CCN(c3ccc(N4CCN(CC5CN(c6ccc7c(c6)C(=O)N(C6CCC(=O)NC6=O)C7=O)C5)CC4)cc3F)CC2)CN1c1ccc(C#N)c(Cl)c1,CC1CC2(CCN(c3ccc([*:1])cc3F)CC2)CN1c1ccc(C#N)c(Cl)c1,C1CN([*:1])CCN1CC1CN([*:2])C1,O=C1CCC(N2C(=O)c3ccc([*:2])cc3C2=O)C(=O)N1,AR,CRBN,793.34,4.9,123.54,10,1,7,0.465,0.331,-5.571,-5.729,WO2022187419A1,2022,UNIVERSITY OF MICHIGAN
CC1CC2(CCN(c3ccc(N4CCN(C5CN(c6ccc7c(c6)C(=O)N(C6CCC(=O)NC6=O)C7=O)C5)CC4)nc3)CC2)CN1c1ccc(C#N)c(Cl)c1,CC1CC2(CCN(c3ccc([*:1])nc3)CC2)CN1c1ccc(C#N)c(Cl)c1,C1CN([*:1])CCN1C1CN([*:2])C1,O=C1CCC(N2C(=O)c3ccc([*:2])cc3C2=O)C(=O)N1,AR,CRBN,762.31,3.9,136.43,11,1,6,0.463,0.367,-5.473,-5.261,WO2022187419A1,2022,UNIVERSITY OF MICHIGAN
CC1CC2(CCN(c3ccc(N4CCN(CC5CCN(c6ccc7c(c6)C(=O)N(C6CCC(=O)NC6=O)C7=O)CC5)CC4)nc3)CC2)CN1c1ccc(C#N)c(Cl)c1,CC1CC2(CCN(c3ccc([*:1])nc3)CC2)CN1c1ccc(C#N)c(Cl)c1,C1CN([*:2])CCC1CN1CCN([*:1])CC1,O=C1CCC(N2C(=O)c3ccc([*:2])cc3C2=O)C(=O)N1,AR,CRBN,804.4,4.93,136.43,11,1,7,0.5,0.326,-5.606,-5.958,WO2022187419A1,2022,UNIVERSITY OF MICHIGAN
CC1CC2(CCN(c3ccc(N4CCN(CC5CN(c6ccc7c(c6)C(=O)N(C6CCC(=O)NC6=O)C7=O)C5)CC4)nc3)CC2)CN1c1ccc(C#N)c(Cl)c1,CC1CC2(CCN(c3ccc([*:1])nc3)CC2)CN1c1ccc(C#N)c(Cl)c1,C1CN([*:1])CCN1CC1CN([*:2])C1,O=C1CCC(N2C(=O)c3ccc([*:2])cc3C2=O)C(=O)N1,AR,CRBN,776.34,4.15,136.43,11,1,7,0.476,0.347,-5.615,-5.395,WO2022187419A1,2022,UNIVERSITY OF MICHIGAN
CC1CC2(CCN(c3ccc(N4CCN(C5CN(c6ccc7c(c6)C(=O)N(C6CCC(=O)NC6=O)C7=O)C5)CC4)cn3)CC2)CN1c1ccc(C#N)c(Cl)c1,CC1CC2(CCN(c3ccc([*:1])cn3)CC2)CN1c1ccc(C#N)c(Cl)c1,C1CN([*:1])CCN1C1CN([*:2])C1,O=C1CCC(N2C(=O)c3ccc([*:2])cc3C2=O)C(=O)N1,AR,CRBN,762.31,3.9,136.43,11,1,6,0.463,0.367,-5.473,-5.278,WO2022187419A1,2022,UNIVERSITY OF MICHIGAN
CC1CC2(CCN(c3ccc(N4CCN(CC5CCN(c6ccc7c(c6)C(=O)N(C6CCC(=O)NC6=O)C7=O)CC5)CC4)cn3)CC2)CN1c1ccc(C#N)c(Cl)c1,CC1CC2(CCN(c3ccc([*:1])cn3)CC2)CN1c1ccc(C#N)c(Cl)c1,C1CN([*:2])CCC1CN1CCN([*:1])CC1,O=C1CCC(N2C(=O)c3ccc([*:2])cc3C2=O)C(=O)N1,AR,CRBN,804.4,4.93,136.43,11,1,7,0.5,0.326,-5.606,-5.909,WO2022187419A1,2022,UNIVERSITY OF MICHIGAN
CC1CC2(CCN(c3ccc(N4CCN(CC5CN(c6ccc7c(c6)C(=O)N(C6CCC(=O)NC6=O)C7=O)C5)CC4)cn3)CC2)CN1c1ccc(C#N)c(Cl)c1,CC1CC2(CCN(c3ccc([*:1])cn3)CC2)CN1c1ccc(C#N)c(Cl)c1,C1CN([*:1])CCN1CC1CN([*:2])C1,O=C1CCC(N2C(=O)c3ccc([*:2])cc3C2=O)C(=O)N1,AR,CRBN,776.34,4.15,136.43,11,1,7,0.476,0.347,-5.615,-5.409,WO2022187419A1,2022,UNIVERSITY OF MICHIGAN
CC1CC2(CCN(c3ccc(N4CCN(CC5CCN(c6ccc7c(c6)C(=O)N(C6CCC(=O)NC6=O)C7=O)CC5)CC4)cc3)CC2)CN1c1ccc(C#N)c(Cl)c1,CC1CC2(CCN(c3ccc([*:1])cc3)CC2)CN1c1ccc(C#N)c(Cl)c1,C1CN([*:2])CCC1CN1CCN([*:1])CC1,O=C1CCC(N2C(=O)c3ccc([*:2])cc3C2=O)C(=O)N1,AR,CRBN,803.41,5.54,123.54,10,1,7,0.489,0.305,-5.564,-5.828,WO2022187419A1,2022,UNIVERSITY OF MICHIGAN
CC1CC2(CCN(c3ccc(N4CCN(C5CCN(c6ccc7c(c6)C(=O)N(C6CCC(=O)NC6=O)C7=O)CC5)CC4)cc3)CC2)CN1c1ccc(C#N)c(Cl)c1,CC1CC2(CCN(c3ccc([*:1])cc3)CC2)CN1c1ccc(C#N)c(Cl)c1,C1CN([*:2])CCC1N1CCN([*:1])CC1,O=C1CCC(N2C(=O)c3ccc([*:2])cc3C2=O)C(=O)N1,AR,CRBN,789.38,5.29,123.54,10,1,6,0.477,0.33,-5.474,-5.573,WO2022187419A1,2022,UNIVERSITY OF MICHIGAN
CC1CC2(CCN(c3ccc(N4CCN(CC5CN(c6ccc7c(c6)C(=O)N(C6CCC(=O)NC6=O)C7=O)C5)CC4)cc3)CC2)CN1c1ccc(C#N)c(Cl)c1,CC1CC2(CCN(c3ccc([*:1])cc3)CC2)CN1c1ccc(C#N)c(Cl)c1,C1CN([*:1])CCN1CC1CN([*:2])C1,O=C1CCC(N2C(=O)c3ccc([*:2])cc3C2=O)C(=O)N1,AR,CRBN,775.35,4.76,123.54,10,1,7,0.465,0.337,-5.619,-5.353,WO2022187419A1,2022,UNIVERSITY OF MICHIGAN
CC1CC2(CCN(c3ccc(N4CCN(C5CN(c6ccc7c(c6)C(=O)N(C6CCC(=O)NC6=O)C7=O)C5)CC4)cc3)CC2)CN1c1ccc(C#N)c(Cl)c1,CC1CC2(CCN(c3ccc([*:1])cc3)CC2)CN1c1ccc(C#N)c(Cl)c1,C1CN([*:1])CCN1C1CN([*:2])C1,O=C1CCC(N2C(=O)c3ccc([*:2])cc3C2=O)C(=O)N1,AR,CRBN,761.33,4.51,123.54,10,1,6,0.452,0.36,-5.365,-4.917,WO2022187419A1,2022,UNIVERSITY OF MICHIGAN
CC1CC2(CCN(c3ccc(C4CCN(C5CN(c6ccc7c(c6)C(=O)N(C6CCC(=O)NC6=O)C7=O)C5)CC4)cc3)CC2)CN1c1ccc(C#N)c(Cl)c1,CC1CC2(CCN(c3ccc([*:1])cc3)CC2)CN1c1ccc(C#N)c(Cl)c1,C1CN(C2CN([*:2])C2)CCC1[*:1],O=C1CCC(N2C(=O)c3ccc([*:2])cc3C2=O)C(=O)N1,AR,CRBN,760.34,5.57,120.3,9,1,6,0.465,0.322,-5.489,-5.604,WO2022187419A1,2022,UNIVERSITY OF MICHIGAN
N#Cc1ccc(OC2CCC(C(=O)Nc3ccc(N4CCC(CN5CCN(c6ccc7c(c6)C(=O)N(C6CCC(=O)NC6=O)C7=O)CC5)CC4)nc3)CC2)cc1Cl,N#Cc1ccc(OC2CCC(C(=O)Nc3ccc([*:1])nc3)CC2)cc1Cl,C1CN([*:1])CCC1CN1CCN([*:2])CC1,O=C1CCC(N2C(=O)c3ccc([*:2])cc3C2=O)C(=O)N1,AR,CRBN,793.32,4.62,168.28,11,2,9,0.452,0.29,-5.662,-5.479,WO2022048605A1,2022,AUBRAK THERAPEUTICS
CC1(C(=O)Nc2ccc(N3CCC(CN4CCN(c5ccc6c(c5)C(=O)N(C5CCC(=O)NC5=O)C6=O)CC4)CC3)nn2)CCC(Oc2ccc(C#N)c(Cl)c2)CC1,CC1(C(=O)Nc2ccc([*:1])nn2)CCC(Oc2ccc(C#N)c(Cl)c2)CC1,C1CN([*:1])CCC1CN1CCN([*:2])CC1,O=C1CCC(N2C(=O)c3ccc([*:2])cc3C2=O)C(=O)N1,AR,CRBN,808.34,4.41,181.17,12,2,9,0.476,0.291,-5.627,-5.455,WO2022048605A1,2022,AUBRAK THERAPEUTICS
N#Cc1ccc(OC2CCC(C(=O)Nc3ccc(N4CCC(CN5CCN(c6ccc7c(c6)C(=O)N(C6CCC(=O)NC6=O)C7=O)CC5)CC4)nn3)C2)cc1Cl,N#Cc1ccc(OC2CCC(C(=O)Nc3ccc([*:1])nn3)C2)cc1Cl,C1CN([*:1])CCC1CN1CCN([*:2])CC1,O=C1CCC(N2C(=O)c3ccc([*:2])cc3C2=O)C(=O)N1,AR,CRBN,780.29,3.63,181.17,12,2,9,0.45,0.302,-5.616,-5.1,WO2022048605A1,2022,AUBRAK THERAPEUTICS
CC1(C(=O)Nc2ccc(N3CCC(CN4CCN(c5ccc6c(c5)C(=O)N(C5CCC(=O)NC5=O)C6)CC4)CC3)nn2)CCC(Oc2ccc(C#N)c(Cl)c2)CC1,CC1(C(=O)Nc2ccc([*:1])nn2)CCC(Oc2ccc(C#N)c(Cl)c2)CC1,C1CN([*:1])CCC1CN1CCN([*:2])CC1,O=C1CCC(N2Cc3ccc([*:2])cc3C2=O)C(=O)N1,AR,CRBN,794.36,4.77,164.1,11,2,9,0.5,0.287,-5.632,-5.293,WO2022048605A1,2022,AUBRAK THERAPEUTICS
CC1(C(=O)Nc2ccc(N3CCC(CN4CCN(c5ccc6c(c5)CN(C5CCC(=O)NC5=O)C6=O)CC4)CC3)nn2)CCC(Oc2ccc(C#N)c(Cl)c2)CC1,CC1(C(=O)Nc2ccc([*:1])nn2)CCC(Oc2ccc(C#N)c(Cl)c2)CC1,C1CN([*:1])CCC1CN1CCN([*:2])CC1,O=C1CCC(N2Cc3cc([*:2])ccc3C2=O)C(=O)N1,AR,CRBN,794.36,4.77,164.1,11,2,9,0.5,0.287,-5.632,-5.253,WO2022048605A1,2022,AUBRAK THERAPEUTICS
N#Cc1ccc(OC2CCC(C(=O)Nc3ccc(N4CCC(CN5CCN(c6ccc7c(c6)C(=O)N(C6CCC(=O)NC6=O)C7)CC5)CC4)nn3)C2)cc1Cl,N#Cc1ccc(OC2CCC(C(=O)Nc3ccc([*:1])nn3)C2)cc1Cl,C1CN([*:1])CCC1CN1CCN([*:2])CC1,O=C1CCC(N2Cc3ccc([*:2])cc3C2=O)C(=O)N1,AR,CRBN,766.3,3.99,164.1,11,2,9,0.475,0.303,-5.598,-5.01,WO2022048605A1,2022,AUBRAK THERAPEUTICS
N#Cc1ccc(OC2CCC(C(=O)Nc3ccc(N4CCC(CN5CCN(c6ccc7c(c6)CN(C6CCC(=O)NC6=O)C7=O)CC5)CC4)nn3)C2)cc1Cl,N#Cc1ccc(OC2CCC(C(=O)Nc3ccc([*:1])nn3)C2)cc1Cl,C1CN([*:1])CCC1CN1CCN([*:2])CC1,O=C1CCC(N2Cc3cc([*:2])ccc3C2=O)C(=O)N1,AR,CRBN,766.3,3.99,164.1,11,2,9,0.475,0.303,-5.598,-4.957,WO2022048605A1,2022,AUBRAK THERAPEUTICS
N#Cc1ccc(OC2CCC(C(=O)Nc3cnc(N4CCC(CN5CCN(c6ccc7c(c6)C(=O)N(C6CCC(=O)NC6=O)C7)CC5)CC4)cn3)CC2)cc1Cl,N#Cc1ccc(OC2CCC(C(=O)Nc3cnc([*:1])cn3)CC2)cc1Cl,C1CN([*:1])CCC1CN1CCN([*:2])CC1,O=C1CCC(N2Cc3ccc([*:2])cc3C2=O)C(=O)N1,AR,CRBN,780.33,4.38,164.1,11,2,9,0.488,0.297,-5.699,-5.272,WO2022048605A1,2022,AUBRAK THERAPEUTICS
N#Cc1ccc(OC2CCC(C(=O)Nc3cnc(N4CCC(CN5CCN(c6ccc7c(c6)CN(C6CCC(=O)NC6=O)C7=O)CC5)CC4)cn3)CC2)cc1Cl,N#Cc1ccc(OC2CCC(C(=O)Nc3cnc([*:1])cn3)CC2)cc1Cl,C1CN([*:1])CCC1CN1CCN([*:2])CC1,O=C1CCC(N2Cc3cc([*:2])ccc3C2=O)C(=O)N1,AR,CRBN,780.33,4.38,164.1,11,2,9,0.488,0.297,-5.699,-5.273,WO2022048605A1,2022,AUBRAK THERAPEUTICS
N#Cc1ccc(OC2CCC(C(=O)Nc3ncc(N4CCC(CN5CCN(c6ccc7c(c6)C(=O)N(C6CCC(=O)NC6=O)C7)CC5)CC4)cn3)CC2)cc1Cl,N#Cc1ccc(OC2CCC(C(=O)Nc3ncc([*:1])cn3)CC2)cc1Cl,C1CN([*:1])CCC1CN1CCN([*:2])CC1,O=C1CCC(N2Cc3ccc([*:2])cc3C2=O)C(=O)N1,AR,CRBN,780.33,4.38,164.1,11,2,9,0.488,0.297,-5.704,-4.803,WO2022048605A1,2022,AUBRAK THERAPEUTICS
N#Cc1ccc(OC2CCC(C(=O)Nc3ncc(N4CCC(CN5CCN(c6ccc7c(c6)CN(C6CCC(=O)NC6=O)C7=O)CC5)CC4)cn3)CC2)cc1Cl,N#Cc1ccc(OC2CCC(C(=O)Nc3ncc([*:1])cn3)CC2)cc1Cl,C1CN([*:1])CCC1CN1CCN([*:2])CC1,O=C1CCC(N2Cc3cc([*:2])ccc3C2=O)C(=O)N1,AR,CRBN,780.33,4.38,164.1,11,2,9,0.488,0.297,-5.704,-4.778,WO2022048605A1,2022,AUBRAK THERAPEUTICS
N#Cc1ccc(OC2CCC(C(=O)Nc3ccc(N4CCC(CN5CCN(c6ccc7c(c6)C(=O)N(C6CCC(=O)NC6=O)C7)CC5)CC4)nc3)CC2)cc1Cl,N#Cc1ccc(OC2CCC(C(=O)Nc3ccc([*:1])nc3)CC2)cc1Cl,C1CN([*:1])CCC1CN1CCN([*:2])CC1,O=C1CCC(N2Cc3ccc([*:2])cc3C2=O)C(=O)N1,AR,CRBN,779.34,4.98,151.21,10,2,9,0.476,0.285,-5.698,-5.138,WO2022048605A1,2022,AUBRAK THERAPEUTICS
N#Cc1ccc(OC2CCC(C(=O)Nc3ccc(N4CCC(CN5CCN(c6ccc7c(c6)CN(C6CCC(=O)NC6=O)C7=O)CC5)CC4)nc3)CC2)cc1Cl,N#Cc1ccc(OC2CCC(C(=O)Nc3ccc([*:1])nc3)CC2)cc1Cl,C1CN([*:1])CCC1CN1CCN([*:2])CC1,O=C1CCC(N2Cc3cc([*:2])ccc3C2=O)C(=O)N1,AR,CRBN,779.34,4.98,151.21,10,2,9,0.476,0.285,-5.698,-5.081,WO2022048605A1,2022,AUBRAK THERAPEUTICS
N#Cc1ccc(OC2CCC(C(=O)Nc3ccc(N4CCC(CN5CCN(c6ccc7c(c6)C(=O)N(C6CCC(=O)NC6=O)C7)CC5)CC4)cn3)CC2)cc1Cl,N#Cc1ccc(OC2CCC(C(=O)Nc3ccc([*:1])cn3)CC2)cc1Cl,C1CN([*:1])CCC1CN1CCN([*:2])CC1,O=C1CCC(N2Cc3ccc([*:2])cc3C2=O)C(=O)N1,AR,CRBN,779.34,4.98,151.21,10,2,9,0.476,0.285,-5.681,-5.068,WO2022048605A1,2022,AUBRAK THERAPEUTICS
N#Cc1ccc(OC2CCC(C(=O)Nc3ccc(N4CCC(CN5CCN(c6ccc7c(c6)CN(C6CCC(=O)NC6=O)C7=O)CC5)CC4)cn3)CC2)cc1Cl,N#Cc1ccc(OC2CCC(C(=O)Nc3ccc([*:1])cn3)CC2)cc1Cl,C1CN([*:1])CCC1CN1CCN([*:2])CC1,O=C1CCC(N2Cc3cc([*:2])ccc3C2=O)C(=O)N1,AR,CRBN,779.34,4.98,151.21,10,2,9,0.476,0.285,-5.681,-5.025,WO2022048605A1,2022,AUBRAK THERAPEUTICS
N#Cc1ccc(OC2CCC(C(=O)Nc3ccc(N4CCC(CN5CCN(c6ccc7c(c6)C(=O)N(C6CCC(=O)NC6=O)C7)CC5)CC4)cc3)CC2)cc1Cl,N#Cc1ccc(OC2CCC(C(=O)Nc3ccc([*:1])cc3)CC2)cc1Cl,C1CN([*:1])CCC1CN1CCN([*:2])CC1,O=C1CCC(N2Cc3ccc([*:2])cc3C2=O)C(=O)N1,AR,CRBN,778.35,5.59,138.32,9,2,9,0.465,0.267,-5.656,-4.971,WO2022048605A1,2022,AUBRAK THERAPEUTICS
N#Cc1ccc(OC2CCC(C(=O)Nc3ccc(N4CCC(CN5CCN(c6ccc7c(c6)CN(C6CCC(=O)NC6=O)C7=O)CC5)CC4)cc3)CC2)cc1Cl,N#Cc1ccc(OC2CCC(C(=O)Nc3ccc([*:1])cc3)CC2)cc1Cl,C1CN([*:1])CCC1CN1CCN([*:2])CC1,O=C1CCC(N2Cc3cc([*:2])ccc3C2=O)C(=O)N1,AR,CRBN,778.35,5.59,138.32,9,2,9,0.465,0.267,-5.656,-4.959,WO2022048605A1,2022,AUBRAK THERAPEUTICS
N#Cc1ccc(OC2CCC(C(=O)Nc3ccc(N4CCC(CN5CCN(c6ccc7c(c6)C(=O)N(C6CCC(=O)NC6=O)C7)CC5)CC4)nn3)CC2)cc1Cl,N#Cc1ccc(OC2CCC(C(=O)Nc3ccc([*:1])nn3)CC2)cc1Cl,C1CN([*:1])CCC1CN1CCN([*:2])CC1,O=C1CCC(N2Cc3ccc([*:2])cc3C2=O)C(=O)N1,AR,CRBN,780.33,4.38,164.1,11,2,9,0.488,0.297,-5.609,-5.086,WO2022048605A1,2022,AUBRAK THERAPEUTICS
N#Cc1ccc(OC2CCC(C(=O)Nc3ccc(N4CCC(CN5CCN(c6ccc7c(c6)CN(C6CCC(=O)NC6=O)C7=O)CC5)CC4)nn3)CC2)cc1Cl,N#Cc1ccc(OC2CCC(C(=O)Nc3ccc([*:1])nn3)CC2)cc1Cl,C1CN([*:1])CCC1CN1CCN([*:2])CC1,O=C1CCC(N2Cc3cc([*:2])ccc3C2=O)C(=O)N1,AR,CRBN,780.33,4.38,164.1,11,2,9,0.488,0.297,-5.609,-5.061,WO2022048605A1,2022,AUBRAK THERAPEUTICS
N#Cc1ccc(OC2CCC(C(=O)Nc3cnc(N4CCC(CN5CCN(c6ccc7c(c6)C(=O)N(C6CCC(=O)NC6=O)C7=O)CC5)CC4)cn3)CC2)cc1Cl,N#Cc1ccc(OC2CCC(C(=O)Nc3cnc([*:1])cn3)CC2)cc1Cl,C1CN([*:1])CCC1CN1CCN([*:2])CC1,O=C1CCC(N2C(=O)c3ccc([*:2])cc3C2=O)C(=O)N1,AR,CRBN,794.31,4.02,181.17,12,2,9,0.463,0.298,-5.669,-5.394,WO2022048605A1,2022,AUBRAK THERAPEUTICS
N#Cc1ccc(OC2CCC(C(=O)Nc3ncc(N4CCC(CN5CCN(c6ccc7c(c6)C(=O)N(C6CCC(=O)NC6=O)C7=O)CC5)CC4)cn3)CC2)cc1Cl,N#Cc1ccc(OC2CCC(C(=O)Nc3ncc([*:1])cn3)CC2)cc1Cl,C1CN([*:1])CCC1CN1CCN([*:2])CC1,O=C1CCC(N2C(=O)c3ccc([*:2])cc3C2=O)C(=O)N1,AR,CRBN,794.31,4.02,181.17,12,2,9,0.463,0.298,-5.674,-5.011,WO2022048605A1,2022,AUBRAK THERAPEUTICS
N#Cc1ccc(OC2CCC(C(=O)Nc3ccc(N4CCC(CN5CCN(c6ccc7c(c6)C(=O)N(C6CCC(=O)NC6=O)C7=O)CC5)CC4)cn3)CC2)cc1Cl,N#Cc1ccc(OC2CCC(C(=O)Nc3ccc([*:1])cn3)CC2)cc1Cl,C1CN([*:1])CCC1CN1CCN([*:2])CC1,O=C1CCC(N2C(=O)c3ccc([*:2])cc3C2=O)C(=O)N1,AR,CRBN,793.32,4.62,168.28,11,2,9,0.452,0.29,-5.65,-5.275,WO2022048605A1,2022,AUBRAK THERAPEUTICS
N#Cc1ccc(OC2CCC(C(=O)Nc3ccc(N4CCC(CN5CCN(c6ccc7c(c6)C(=O)N(C6CCC(=O)NC6=O)C7=O)CC5)CC4)cc3)CC2)cc1Cl,N#Cc1ccc(OC2CCC(C(=O)Nc3ccc([*:1])cc3)CC2)cc1Cl,C1CN([*:1])CCC1CN1CCN([*:2])CC1,O=C1CCC(N2C(=O)c3ccc([*:2])cc3C2=O)C(=O)N1,AR,CRBN,792.34,5.23,155.39,10,2,9,0.442,0.276,-5.628,-5.324,WO2022048605A1,2022,AUBRAK THERAPEUTICS
N#Cc1ccc(OC2CCC(C(=O)Nc3ccc(N4CCC(CN5CCN(c6ccc7c(c6)C(=O)N(C6CCC(=O)NC6=O)C7=O)CC5)CC4)nn3)CC2)cc1Cl,N#Cc1ccc(OC2CCC(C(=O)Nc3ccc([*:1])nn3)CC2)cc1Cl,C1CN([*:1])CCC1CN1CCN([*:2])CC1,O=C1CCC(N2C(=O)c3ccc([*:2])cc3C2=O)C(=O)N1,AR,CRBN,794.31,4.02,181.17,12,2,9,0.463,0.298,-5.583,-5.295,WO2022048605A1,2022,AUBRAK THERAPEUTICS
CC1(C)C(NC(=O)c2ccc(N3CCC(CCN4CCN(c5ccc6c(c5)C(=O)N(C5CCC(=O)NC5=O)C6=O)CC4)CC3)cc2)C(C)(C)C1Oc1ccc(C#N)c(Cl)c1,CC1(C)C(NC(=O)c2ccc([*:1])cc2)C(C)(C)C1Oc1ccc(C#N)c(Cl)c1,C(CN1CCN([*:2])CC1)C1CCN([*:1])CC1,O=C1CCC(N2C(=O)c3ccc([*:2])cc3C2=O)C(=O)N1,AR,CRBN,834.42,5.65,155.39,10,2,10,0.478,0.245,-5.563,-5.983,US20180099940A1,2018,ARVINAS INC
CC1(C)C(Nc2ccc(C(=O)N3CCC(N4Cc5cc6c(cc5C4)C(=O)N(C4CCC(=O)NC4=O)C6=O)CC3)cc2)C(C)(C)C1Oc1ccc(C#N)c(Cl)c1,CC1(C)C(Nc2ccc([*:1])cc2)C(C)(C)C1Oc1ccc(C#N)c(Cl)c1,O=C(N1CCC([*:2])CC1)[*:1],O=C1CCC(N2C(=O)c3cc4c(cc3C2=O)CN([*:2])C4)C(=O)N1,AR,CRBN,763.29,5.53,152.15,9,2,7,0.429,0.296,-5.496,-5.391,WO2021231927A1,2021,UNIVERSITY OF MICHIGAN
N#Cc1ccc(OC2CCC(N3Cc4cc(C(=O)N5CCC(N6Cc7cc8c(cc7C6)C(=O)N(C6CCC(=O)NC6=O)C8=O)CC5)ccc4C3=O)CC2)cc1Cl,N#Cc1ccc(OC2CCC(N3Cc4cc([*:1])ccc4C3=O)CC2)cc1Cl,O=C(N1CCC([*:2])CC1)[*:1],O=C1CCC(N2C(=O)c3cc4c(cc3C2=O)CN([*:2])C4)C(=O)N1,AR,CRBN,775.26,4.58,160.43,9,1,6,0.405,0.354,-5.72,-4.011,WO2021231927A1,2021,UNIVERSITY OF MICHIGAN
CC1(C)C(NC(=O)c2ccc(C(=O)N3CCC(N4Cc5cc6c(cc5C4)C(=O)N(C4CCC(=O)NC4=O)C6=O)CC3)cc2)C(C)(C)C1Oc1ccc(C#N)c(Cl)c1,CC1(C)C(NC(=O)c2ccc([*:1])cc2)C(C)(C)C1Oc1ccc(C#N)c(Cl)c1,O=C(N1CCC([*:2])CC1)[*:1],O=C1CCC(N2C(=O)c3cc4c(cc3C2=O)CN([*:2])C4)C(=O)N1,AR,CRBN,791.3,4.85,169.22,9,2,7,0.419,0.318,-5.581,-4.866,WO2021231927A1,2021,UNIVERSITY OF MICHIGAN
CC1CCN(c2ccc(C(=O)N3CCC(N4Cc5cc6c(cc5C4)C(=O)N(C4CCC(=O)NC4=O)C6=O)CC3)cc2)CCN1c1ccc(C#N)c(Cl)c1,CC1CCN(c2ccc([*:1])cc2)CCN1c1ccc(C#N)c(Cl)c1,O=C(N1CCC([*:2])CC1)[*:1],O=C1CCC(N2C(=O)c3cc4c(cc3C2=O)CN([*:2])C4)C(=O)N1,AR,CRBN,734.26,4.34,137.37,9,1,5,0.4,0.38,-5.556,-4.617,WO2021231927A1,2021,UNIVERSITY OF MICHIGAN
CC1(C)C(NC(=O)C23CC(C(=O)N4CCC(N5Cc6cc7c(cc6C5)C(=O)N(C5CCC(=O)NC5=O)C7=O)CC4)(C2)C3)C(C)(C)C1Oc1ccc(C#N)c(Cl)c1,CC1(C)C(NC(=O)C23CC([*:1])(C2)C3)C(C)(C)C1Oc1ccc(C#N)c(Cl)c1,O=C(N1CCC([*:2])CC1)[*:1],O=C1CCC(N2C(=O)c3cc4c(cc3C2=O)CN([*:2])C4)C(=O)N1,AR,CRBN,781.31,4.09,169.22,9,2,7,0.548,0.393,-5.388,-5.028,WO2021231927A1,2021,UNIVERSITY OF MICHIGAN
CC1(C)C(NC(=O)C23CCC(C(=O)N4CCC(N5Cc6cc7c(cc6C5)C(=O)N(C5CCC(=O)NC5=O)C7=O)CC4)(CC2)CC3)C(C)(C)C1Oc1ccc(C#N)c(Cl)c1,CC1(C)C(NC(=O)C23CCC([*:1])(CC2)CC3)C(C)(C)C1Oc1ccc(C#N)c(Cl)c1,O=C(N1CCC([*:2])CC1)[*:1],O=C1CCC(N2C(=O)c3cc4c(cc3C2=O)CN([*:2])C4)C(=O)N1,AR,CRBN,823.39,5.26,169.22,9,2,7,0.578,0.354,-5.506,-5.326,WO2021231927A1,2021,UNIVERSITY OF MICHIGAN
Cc1c(-c2ccc(C#N)c(Cl)c2)nn(Cc2ccc(C(=O)N3CCC(N4Cc5cc6c(cc5C4)C(=O)N(C4CCC(=O)NC4=O)C6=O)CC3)cc2)c1C,Cc1c(-c2ccc(C#N)c(Cl)c2)nn(Cc2ccc([*:1])cc2)c1C,O=C(N1CCC([*:2])CC1)[*:1],O=C1CCC(N2C(=O)c3cc4c(cc3C2=O)CN([*:2])C4)C(=O)N1,AR,CRBN,730.23,4.76,148.71,8,1,6,0.325,0.28,-5.823,-4.156,WO2021231927A1,2021,UNIVERSITY OF MICHIGAN
N#Cc1ccc(OC2CC3CCC(C2)N3c2ccc(C(=O)N3CCC(N4Cc5cc6c(cc5C4)C(=O)N(C4CCC(=O)NC4=O)C6=O)CC3)cc2)cc1Cl,N#Cc1ccc(OC2CC3CCC(C2)N3c2ccc([*:1])cc2)cc1Cl,O=C(N1CCC([*:2])CC1)[*:1],O=C1CCC(N2C(=O)c3cc4c(cc3C2=O)CN([*:2])C4)C(=O)N1,AR,CRBN,747.25,4.81,143.36,9,1,6,0.415,0.352,-5.519,-4.796,WO2021231927A1,2021,UNIVERSITY OF MICHIGAN
N#Cc1ccc(OC2CCC(Oc3ccc(C(=O)N4CCC(N5Cc6cc7c(cc6C5)C(=O)N(C5CCC(=O)NC5=O)C7=O)CC4)cc3)CC2)cc1Cl,N#Cc1ccc(OC2CCC(Oc3ccc([*:1])cc3)CC2)cc1Cl,O=C(N1CCC([*:2])CC1)[*:1],O=C1CCC(N2C(=O)c3cc4c(cc3C2=O)CN([*:2])C4)C(=O)N1,AR,CRBN,736.23,5.0,149.35,9,1,7,0.4,0.331,-5.572,-4.822,WO2021231927A1,2021,UNIVERSITY OF MICHIGAN
N#Cc1ccc(OC2CCC(Nc3ccc(C(=O)N4CCC(N5Cc6cc7c(cc6C5)C(=O)N(C5CCC(=O)NC5=O)C7=O)CC4)cc3)CC2)cc1Cl,N#Cc1ccc(OC2CCC(Nc3ccc([*:1])cc3)CC2)cc1Cl,O=C(N1CCC([*:2])CC1)[*:1],O=C1CCC(N2C(=O)c3cc4c(cc3C2=O)CN([*:2])C4)C(=O)N1,AR,CRBN,735.24,5.04,152.15,9,2,7,0.4,0.318,-5.494,-4.604,WO2021231927A1,2021,UNIVERSITY OF MICHIGAN
CC1(C)C(Oc2ccc(C#N)c(Cl)c2)C(C)(C)C1N1Cc2cc(C(=O)N3CCC(N4Cc5cc6c(cc5C4)C(=O)N(C4CCC(=O)NC4=O)C6=O)CC3)ccc2C1=O,CC1(C)C(Oc2ccc(C#N)c(Cl)c2)C(C)(C)C1N1Cc2cc([*:1])ccc2C1=O,O=C(N1CCC([*:2])CC1)[*:1],O=C1CCC(N2C(=O)c3cc4c(cc3C2=O)CN([*:2])C4)C(=O)N1,AR,CRBN,803.32,5.07,160.43,9,1,6,0.432,0.336,-5.672,-5.348,WO2021231927A1,2021,UNIVERSITY OF MICHIGAN
N#Cc1ccc(OC2CCC(NC(=O)c3cc(N4CCC(CN5CCN(c6cc7c(cc6F)C(=O)N(C6CCC(=O)NC6=O)C7=O)CC5)CC4)ccc3C3c4ccc(O)cc4CCC3c3ccccc3)CC2)cc1Cl,N#Cc1ccc(OC2CCC(NC(=O)c3cc([*:1])ccc3C3c4ccc(O)cc4CCC3c3ccccc3)CC2)cc1Cl,C1CN([*:1])CCC1CN1CCN([*:2])CC1,O=C1CCC(N2C(=O)c3cc(F)c([*:2])cc3C2=O)C(=O)N1,ER,CRBN,1032.61,8.48,175.62,11,3,11,0.39,0.108,-5.502,-6.597,CN116253719A,2023,SUZHOU GUOKUANG PHARMTECH CO LTD
N#Cc1ccc(OC2CCC(NC(=O)c3cc(N4CCC(CN5CCN(c6ccc7c(c6)C(=O)N(C6CCC(=O)NC6=O)C7=O)CC5)CC4)ccc3C3c4ccc(O)cc4CCC3c3ccccc3)CC2)cc1Cl,N#Cc1ccc(OC2CCC(NC(=O)c3cc([*:1])ccc3C3c4ccc(O)cc4CCC3c3ccccc3)CC2)cc1Cl,C1CN([*:1])CCC1CN1CCN([*:2])CC1,O=C1CCC(N2C(=O)c3ccc([*:2])cc3C2=O)C(=O)N1,ER,CRBN,1014.62,8.34,175.62,11,3,11,0.39,0.109,-5.55,-6.183,CN116253719A,2023,SUZHOU GUOKUANG PHARMTECH CO LTD
N#Cc1ccc(OC2CCC(NC(=O)c3cc(N4CCC(CN5CCN(c6ccc7c(c6)CN(C6CCC(=O)NC6=O)C7=O)CC5)CC4)ccc3C3c4ccc(O)cc4CCC3c3ccccc3)CC2)cc1Cl,N#Cc1ccc(OC2CCC(NC(=O)c3cc([*:1])ccc3C3c4ccc(O)cc4CCC3c3ccccc3)CC2)cc1Cl,C1CN([*:1])CCC1CN1CCN([*:2])CC1,O=C1CCC(N2Cc3cc([*:2])ccc3C2=O)C(=O)N1,ER,CRBN,1000.64,8.7,158.55,10,3,11,0.407,0.109,-5.59,-5.866,CN116253719A,2023,SUZHOU GUOKUANG PHARMTECH CO LTD
Cc1ncsc1-c1ccc(CNC(=O)C2CC(O)CN2C(=O)C(NC(=O)COCCCCOc2ccc(C(=O)NC3C(C)(C)C(Oc4ccc5nnc(C(F)(F)F)n5n4)C3(C)C)cc2)C(C)(C)C)cc1,CC1(C)C(NC(=O)c2ccc([*:1])cc2)C(C)(C)C1Oc1ccc2nnc(C(F)(F)F)n2n1,O=C(COCCCCO[*:1])[*:2],Cc1ncsc1-c1ccc(CNC(=O)C2CC(O)CN2C(=O)C(N[*:2])C(C)(C)C)cc1,AR,VHL,992.13,6.17,211.5,13,4,18,0.51,0.073,-5.664,-4.705,CN114685601A,2022,INDUSTRIAL TECHOLOGY RESEARCH INSTITUTE
O=C1CCC(N2C(=O)c3cccc(N4CCC(N5CCC(C#Cc6ccc(C7CCN(C8=Nn9c(nnc9C(F)(F)F)CC8)CC7)cc6)CC5)CC4)c3C2=O)C(=O)N1,FC(F)(F)c1nnc2n1N=C(N1CCC(c3ccc([*:1])cc3)CC1)CC2,C(#C[*:1])C1CCN(C2CCN([*:2])CC2)CC1,O=C1CCC(N2C(=O)c3cccc([*:2])c3C2=O)C(=O)N1,AR,CRBN,795.87,4.42,136.34,10,1,4,0.5,0.301,-5.075,-5.713,CN114685601A,2022,INDUSTRIAL TECHOLOGY RESEARCH INSTITUTE
Cc1ncsc1-c1ccc(CNC(=O)C2CC(O)CN2C(=O)C(NC(=O)COCCCCCOc2ccc(C3CCN(C4=Nn5c(nnc5C(F)(F)F)CC4)CC3)cc2)C(C)(C)C)cc1,FC(F)(F)c1nnc2n1N=C(N1CCC(c3ccc([*:1])cc3)CC1)CC2,O=C(COCCCCCO[*:1])[*:2],Cc1ncsc1-c1ccc(CNC(=O)C2CC(O)CN2C(=O)C(N[*:2])C(C)(C)C)cc1,AR,VHL,922.09,6.09,176.4,12,3,16,0.543,0.112,-5.797,-4.649,CN114685601A,2022,INDUSTRIAL TECHOLOGY RESEARCH INSTITUTE
Cc1ncsc1-c1ccc(CNC(=O)C2CC(O)CN2C(=O)C(NC(=O)COCCOc2ccc(C3CCN(C4=Nn5c(nnc5C(F)(F)F)CC4)CC3)cc2)C(C)(C)C)cc1,FC(F)(F)c1nnc2n1N=C(N1CCC(c3ccc([*:1])cc3)CC1)CC2,O=C(COCCO[*:1])[*:2],Cc1ncsc1-c1ccc(CNC(=O)C2CC(O)CN2C(=O)C(N[*:2])C(C)(C)C)cc1,AR,VHL,880.01,4.92,176.4,12,3,13,0.512,0.156,-5.836,-4.162,CN114685601A,2022,INDUSTRIAL TECHOLOGY RESEARCH INSTITUTE
Cc1ncsc1-c1ccc(CNC(=O)C2CC(O)CN2C(=O)C(NC(=O)COCCCCOc2ccc(C3CCN(C4=Nn5c(nnc5C(F)(F)F)CC4)CC3)cc2)C(C)(C)C)cc1,FC(F)(F)c1nnc2n1N=C(N1CCC(c3ccc([*:1])cc3)CC1)CC2,O=C(COCCCCO[*:1])[*:2],Cc1ncsc1-c1ccc(CNC(=O)C2CC(O)CN2C(=O)C(N[*:2])C(C)(C)C)cc1,AR,VHL,908.06,5.7,176.4,12,3,15,0.533,0.126,-5.809,-4.426,CN114685601A,2022,INDUSTRIAL TECHOLOGY RESEARCH INSTITUTE
Cc1ncsc1-c1ccc(CNC(=O)C2CC(O)CN2C(=O)C(NC(=O)COCCCCCNc2ccc(NC(=O)NC3C(C)(C)C(Oc4ccc(C#N)c(Cl)c4)C3(C)C)cc2)C(C)(C)C)cc1,CC1(C)C(NC(=O)Nc2ccc([*:1])cc2)C(C)(C)C1Oc1ccc(C#N)c(Cl)c1,O=C(COCCCCCN[*:1])[*:2],Cc1ncsc1-c1ccc(CNC(=O)C2CC(O)CN2C(=O)C(N[*:2])C(C)(C)C)cc1,AR,VHL,969.65,8.06,207.04,11,6,19,0.49,0.05,-5.725,-5.496,CN113735845A,2021,HE BAO-KUN | MEI DE-SHENG
Cc1ncsc1-c1ccc(C(C)NC(=O)C2CC(O)CN2C(=O)C(NC(=O)COCCOCCOc2ccc(NC(=O)NC(C)Cn3ccc(-c4ccc(C#N)c(Cl)c4)n3)cc2)C(C)(C)C)cc1,CC(Cn1ccc(-c2ccc(C#N)c(Cl)c2)n1)NC(=O)Nc1ccc([*:1])cc1,O=C(COCCOCCO[*:1])[*:2],Cc1ncsc1-c1ccc(C(C)NC(=O)C2CC(O)CN2C(=O)C(N[*:2])C(C)(C)C)cc1,AR,VHL,968.58,6.5,222.06,12,5,20,0.408,0.053,-5.974,-4.773,CN113735845A,2021,HE BAO-KUN | MEI DE-SHENG
Cc1ncsc1-c1ccc(C(C)NC(=O)C2CC(O)CN2C(=O)C(NC(=O)COCCCCCOc2ccc(NC(=O)NC(C)Cn3ccc(-c4ccc(C#N)c(Cl)c4)n3)cc2)C(C)(C)C)cc1,CC(Cn1ccc(-c2ccc(C#N)c(Cl)c2)n1)NC(=O)Nc1ccc([*:1])cc1,O=C(COCCCCCO[*:1])[*:2],Cc1ncsc1-c1ccc(C(C)NC(=O)C2CC(O)CN2C(=O)C(N[*:2])C(C)(C)C)cc1,AR,VHL,966.61,7.65,212.83,11,5,20,0.42,0.048,-5.974,-5.287,CN113735845A,2021,HE BAO-KUN | MEI DE-SHENG
Cc1ncsc1-c1ccc(C(C)NC(=O)C2CC(O)CN2C(=O)C(NC(=O)COCCCCCNc2ccc(NC(=O)NC(C)Cn3ccc(-c4ccc(C#N)c(Cl)c4)n3)cc2)C(C)(C)C)cc1,CC(Cn1ccc(-c2ccc(C#N)c(Cl)c2)n1)NC(=O)Nc1ccc([*:1])cc1,O=C(COCCCCCN[*:1])[*:2],Cc1ncsc1-c1ccc(C(C)NC(=O)C2CC(O)CN2C(=O)C(N[*:2])C(C)(C)C)cc1,AR,VHL,965.62,7.69,215.63,11,6,20,0.42,0.042,-5.958,-5.185,CN113735845A,2021,HE BAO-KUN | MEI DE-SHENG
Cc1ncsc1-c1ccc(C(C)NC(=O)C2CC(O)CN2C(=O)C(NC(=O)COCCOCCOc2ccc(NC(=O)NC3C(C)(C)C(Oc4ccc(C#N)c(Cl)c4)C3(C)C)cc2)C(C)(C)C)cc1,CC1(C)C(NC(=O)Nc2ccc([*:1])cc2)C(C)(C)C1Oc1ccc(C#N)c(Cl)c1,O=C(COCCOCCO[*:1])[*:2],Cc1ncsc1-c1ccc(C(C)NC(=O)C2CC(O)CN2C(=O)C(N[*:2])C(C)(C)C)cc1,AR,VHL,986.63,7.43,213.47,12,5,19,0.49,0.058,-5.856,-5.369,CN113735845A,2021,HE BAO-KUN | MEI DE-SHENG
Cc1ncsc1-c1ccc(C(C)NC(=O)C2CC(O)CN2C(=O)C(NC(=O)COCCCCCOc2ccc(Oc3ccc(NC4C(C)(C)C(Oc5ccc(C#N)c(Cl)c5)C4(C)C)cc3)cc2)C(C)(C)C)cc1,CC1(C)C(Nc2ccc(Oc3ccc([*:1])cc3)cc2)C(C)(C)C1Oc1ccc(C#N)c(Cl)c1,O=C(COCCCCCO[*:1])[*:2],Cc1ncsc1-c1ccc(C(C)NC(=O)C2CC(O)CN2C(=O)C(N[*:2])C(C)(C)C)cc1,AR,VHL,1033.73,10.67,184.37,12,4,21,0.456,0.051,-5.871,-7.35,CN113735845A,2021,HE BAO-KUN | MEI DE-SHENG
Cc1ncsc1-c1ccc(C(C)NC(=O)C2CC(O)CN2C(=O)C(NC(=O)COCCCCCOc2ccc(Oc3cccc(NC4C(C)(C)C(Oc5ccc(C#N)c(Cl)c5)C4(C)C)c3)cc2)C(C)(C)C)cc1,CC1(C)C(Nc2cccc(Oc3ccc([*:1])cc3)c2)C(C)(C)C1Oc1ccc(C#N)c(Cl)c1,O=C(COCCCCCO[*:1])[*:2],Cc1ncsc1-c1ccc(C(C)NC(=O)C2CC(O)CN2C(=O)C(N[*:2])C(C)(C)C)cc1,AR,VHL,1033.73,10.67,184.37,12,4,21,0.456,0.051,-5.881,-7.267,CN113735845A,2021,HE BAO-KUN | MEI DE-SHENG
Cc1ncsc1-c1ccc(C(C)NC(=O)C2CC(O)CN2C(=O)C(NC(=O)COCCCCCNc2ccc(Oc3ccc(NC4C(C)(C)C(Oc5ccc(C#N)c(Cl)c5)C4(C)C)cc3)cc2)C(C)(C)C)cc1,CC1(C)C(Nc2ccc(Oc3ccc([*:1])cc3)cc2)C(C)(C)C1Oc1ccc(C#N)c(Cl)c1,O=C(COCCCCCN[*:1])[*:2],Cc1ncsc1-c1ccc(C(C)NC(=O)C2CC(O)CN2C(=O)C(N[*:2])C(C)(C)C)cc1,AR,VHL,1032.75,10.7,187.17,12,5,21,0.456,0.044,-5.841,-7.065,CN113735845A,2021,HE BAO-KUN | MEI DE-SHENG
Cc1ncsc1-c1ccc(C(C)NC(=O)C2CC(O)CN2C(=O)C(NC(=O)COCCCCCNc2ccc(Oc3cccc(NC4C(C)(C)C(Oc5ccc(C#N)c(Cl)c5)C4(C)C)c3)cc2)C(C)(C)C)cc1,CC1(C)C(Nc2cccc(Oc3ccc([*:1])cc3)c2)C(C)(C)C1Oc1ccc(C#N)c(Cl)c1,O=C(COCCCCCN[*:1])[*:2],Cc1ncsc1-c1ccc(C(C)NC(=O)C2CC(O)CN2C(=O)C(N[*:2])C(C)(C)C)cc1,AR,VHL,1032.75,10.7,187.17,12,5,21,0.456,0.044,-5.845,-7.007,CN113735845A,2021,HE BAO-KUN | MEI DE-SHENG
Cc1ncsc1-c1ccc(C(C)NC(=O)C2CC(O)CN2C(=O)C(NC(=O)COCCCCCOc2ccc(Nc3ccc(NC4C(C)(C)C(Oc5ccc(C#N)c(Cl)c5)C4(C)C)cc3)cc2)C(C)(C)C)cc1,CC1(C)C(Nc2ccc(Nc3ccc([*:1])cc3)cc2)C(C)(C)C1Oc1ccc(C#N)c(Cl)c1,O=C(COCCCCCO[*:1])[*:2],Cc1ncsc1-c1ccc(C(C)NC(=O)C2CC(O)CN2C(=O)C(N[*:2])C(C)(C)C)cc1,AR,VHL,1032.75,10.62,187.17,12,5,21,0.456,0.044,-5.765,-7.021,CN113735845A,2021,HE BAO-KUN | MEI DE-SHENG
Cc1ncsc1-c1ccc(C(C)NC(=O)C2CC(O)CN2C(=O)C(NC(=O)COCCCCCOc2ccc(Nc3cccc(NC4C(C)(C)C(Oc5ccc(C#N)c(Cl)c5)C4(C)C)c3)cc2)C(C)(C)C)cc1,CC1(C)C(Nc2cccc(Nc3ccc([*:1])cc3)c2)C(C)(C)C1Oc1ccc(C#N)c(Cl)c1,O=C(COCCCCCO[*:1])[*:2],Cc1ncsc1-c1ccc(C(C)NC(=O)C2CC(O)CN2C(=O)C(N[*:2])C(C)(C)C)cc1,AR,VHL,1032.75,10.62,187.17,12,5,21,0.456,0.044,-5.781,-7.071,CN113735845A,2021,HE BAO-KUN | MEI DE-SHENG
Cc1ncsc1-c1ccc(C(C)NC(=O)C2CC(O)CN2C(=O)C(NC(=O)COCCCCCNc2ccc(Nc3ccc(NC4C(C)(C)C(Oc5ccc(C#N)c(Cl)c5)C4(C)C)cc3)cc2)C(C)(C)C)cc1,CC1(C)C(Nc2ccc(Nc3ccc([*:1])cc3)cc2)C(C)(C)C1Oc1ccc(C#N)c(Cl)c1,O=C(COCCCCCN[*:1])[*:2],Cc1ncsc1-c1ccc(C(C)NC(=O)C2CC(O)CN2C(=O)C(N[*:2])C(C)(C)C)cc1,AR,VHL,1031.76,10.65,189.97,12,6,21,0.456,0.038,-5.736,-6.926,CN113735845A,2021,HE BAO-KUN | MEI DE-SHENG
Cc1ncsc1-c1ccc(C(C)NC(=O)C2CC(O)CN2C(=O)C(NC(=O)COCCCCCNc2ccc(Nc3cccc(NC4C(C)(C)C(Oc5ccc(C#N)c(Cl)c5)C4(C)C)c3)cc2)C(C)(C)C)cc1,CC1(C)C(Nc2cccc(Nc3ccc([*:1])cc3)c2)C(C)(C)C1Oc1ccc(C#N)c(Cl)c1,O=C(COCCCCCN[*:1])[*:2],Cc1ncsc1-c1ccc(C(C)NC(=O)C2CC(O)CN2C(=O)C(N[*:2])C(C)(C)C)cc1,AR,VHL,1031.76,10.65,189.97,12,6,21,0.456,0.038,-5.751,-6.945,CN113735845A,2021,HE BAO-KUN | MEI DE-SHENG
Cc1ncsc1-c1ccc(CNC(=O)C2CC(O)CN2C(=O)C(NC(=O)COCCCCCNc2ccc(NC(=O)C3(C(=O)NC4C(C)(C)C(Oc5ccc(C#N)c(Cl)c5)C4(C)C)CC3)cc2)C(C)(C)C)cc1,CC1(C)C(NC(=O)C2(C(=O)Nc3ccc([*:1])cc3)CC2)C(C)(C)C1Oc1ccc(C#N)c(Cl)c1,O=C(COCCCCCN[*:1])[*:2],Cc1ncsc1-c1ccc(CNC(=O)C2CC(O)CN2C(=O)C(N[*:2])C(C)(C)C)cc1,AR,VHL,1037.72,7.77,224.11,12,6,21,0.509,0.035,-5.714,-4.853,CN113735845A,2021,HE BAO-KUN | MEI DE-SHENG
Cc1ncsc1-c1ccc(C(C)NC(=O)C2CC(O)CN2C(=O)C(NC(=O)COCCOCCOc2ccc(NC(=O)C3(C(=O)NC4C(C)(C)C(Oc5ccc(C#N)c(Cl)c5)C4(C)C)CC3)cc2)C(C)(C)C)cc1,CC1(C)C(NC(=O)C2(C(=O)Nc3ccc([*:1])cc3)CC2)C(C)(C)C1Oc1ccc(C#N)c(Cl)c1,O=C(COCCOCCO[*:1])[*:2],Cc1ncsc1-c1ccc(C(C)NC(=O)C2CC(O)CN2C(=O)C(N[*:2])C(C)(C)C)cc1,AR,VHL,1054.71,7.14,230.54,13,5,21,0.509,0.041,-5.828,-4.927,CN113735845A,2021,HE BAO-KUN | MEI DE-SHENG
Cc1ncsc1-c1ccc(C(C)NC(=O)C2CC(O)CN2C(=O)C(NC(=O)COCCCCCOc2ccc(NC(=O)NC3C(C)(C)C(Oc4ccc(C#N)c(Cl)c4)C3(C)C)cc2)C(C)(C)C)cc1,CC1(C)C(NC(=O)Nc2ccc([*:1])cc2)C(C)(C)C1Oc1ccc(C#N)c(Cl)c1,O=C(COCCCCCO[*:1])[*:2],Cc1ncsc1-c1ccc(C(C)NC(=O)C2CC(O)CN2C(=O)C(N[*:2])C(C)(C)C)cc1,AR,VHL,984.66,8.58,204.24,11,5,19,0.5,0.057,-5.808,-6.069,CN113735845A,2021,HE BAO-KUN | MEI DE-SHENG
Cc1ncsc1-c1ccc(C(C)NC(=O)C2CC(O)CN2C(=O)C(NC(=O)COCCCCCNc2ccc(NC(=O)NC3C(C)(C)C(Oc4ccc(C#N)c(Cl)c4)C3(C)C)cc2)C(C)(C)C)cc1,CC1(C)C(NC(=O)Nc2ccc([*:1])cc2)C(C)(C)C1Oc1ccc(C#N)c(Cl)c1,O=C(COCCCCCN[*:1])[*:2],Cc1ncsc1-c1ccc(C(C)NC(=O)C2CC(O)CN2C(=O)C(N[*:2])C(C)(C)C)cc1,AR,VHL,983.68,8.62,207.04,11,6,19,0.5,0.049,-5.771,-5.665,CN113735845A,2021,HE BAO-KUN | MEI DE-SHENG
Cc1ncsc1-c1ccc(C(C)NC(=O)C2CC(O)CN2C(=O)C(NC(=O)COCCCCCNc2ccc(NC(=O)C3(C(=O)NC4C(C)(C)C(Oc5ccc(C#N)c(Cl)c5)C4(C)C)CC3)cc2)C(C)(C)C)cc1,CC1(C)C(NC(=O)C2(C(=O)Nc3ccc([*:1])cc3)CC2)C(C)(C)C1Oc1ccc(C#N)c(Cl)c1,O=C(COCCCCCN[*:1])[*:2],Cc1ncsc1-c1ccc(C(C)NC(=O)C2CC(O)CN2C(=O)C(N[*:2])C(C)(C)C)cc1,AR,VHL,1051.75,8.33,224.11,12,6,21,0.518,0.034,-5.745,-5.027,CN113735845A,2021,HE BAO-KUN | MEI DE-SHENG
CC1(C)C(NC(=O)c2ccc(N3CCC(CN4CCN(c5ccc6c(c5)C(=O)N(C5CCC(=O)NC5=O)C6=O)CC4)CC3)c(F)c2)C(C)(C)C1Oc1ccc(C#N)c(Cl)c1,CC1(C)C(NC(=O)c2ccc([*:1])c(F)c2)C(C)(C)C1Oc1ccc(C#N)c(Cl)c1,C1CN([*:1])CCC1CN1CCN([*:2])CC1,O=C1CCC(N2C(=O)c3ccc([*:2])cc3C2=O)C(=O)N1,AR,CRBN,838.38,5.4,155.39,10,2,9,0.467,0.268,-5.545,-6.16,US20180099940A1,2018,ARVINAS INC
CC1(C)C(NC(=O)c2ccc(N3CCC(CN4CCN(c5cc6c(cc5F)C(=O)N(C5CCC(=O)NC5=O)C6)CC4)CC3)cc2)C(C)(C)C1Oc1ccc(C#N)c(Cl)c1,CC1(C)C(NC(=O)c2ccc([*:1])cc2)C(C)(C)C1Oc1ccc(C#N)c(Cl)c1,C1CN([*:1])CCC1CN1CCN([*:2])CC1,O=C1CCC(N2Cc3cc([*:2])c(F)cc3C2=O)C(=O)N1,AR,CRBN,824.4,5.76,138.32,9,2,9,0.489,0.258,-5.603,-5.861,US20180099940A1,2018,ARVINAS INC
CC1(C)C(NC(=O)c2ccc(N3CCC(CCN4CCN(c5cc6c(cc5F)C(=O)N(C5CCC(=O)NC5=O)C6)CC4)CC3)cc2)C(C)(C)C1Oc1ccc(C#N)c(Cl)c1,CC1(C)C(NC(=O)c2ccc([*:1])cc2)C(C)(C)C1Oc1ccc(C#N)c(Cl)c1,C(CN1CCN([*:2])CC1)C1CCN([*:1])CC1,O=C1CCC(N2Cc3cc([*:2])c(F)cc3C2=O)C(=O)N1,AR,CRBN,838.42,6.15,138.32,9,2,10,0.5,0.23,-5.511,-5.934,US20180099940A1,2018,ARVINAS INC
CC1(C)C(NC(=O)c2ccc(CCN3CCN(c4ccc5c(c4)C(=O)N(C4CCC(=O)NC4=O)C5=O)CC3)cc2F)C(C)(C)C1Oc1ccc(C#N)c(Cl)c1,CC1(C)C(NC(=O)c2ccc([*:1])cc2F)C(C)(C)C1Oc1ccc(C#N)c(Cl)c1,C1CN([*:2])CCN1CC[*:1],O=C1CCC(N2C(=O)c3ccc([*:2])cc3C2=O)C(=O)N1,AR,CRBN,769.27,4.73,152.15,9,2,9,0.415,0.295,-5.412,-5.609,US20180099940A1,2018,ARVINAS INC
CC1(C)C(NC(=O)c2ccc(N3CCC(CN4CCN(c5ccc6c(c5F)CN(C5CCC(=O)NC5=O)C6=O)CC4)CC3)cc2)C(C)(C)C1Oc1ccc(C#N)c(Cl)c1,CC1(C)C(NC(=O)c2ccc([*:1])cc2)C(C)(C)C1Oc1ccc(C#N)c(Cl)c1,C1CN([*:1])CCC1CN1CCN([*:2])CC1,O=C1CCC(N2Cc3c(ccc([*:2])c3F)C2=O)C(=O)N1,AR,CRBN,824.4,5.76,138.32,9,2,9,0.489,0.258,-5.682,-5.878,US20180099940A1,2018,ARVINAS INC
CC1(C)C(NC(=O)c2ccc(N3CCC(N4CCN(c5ccc6c(c5)C(=O)N(C5CCC(=O)NC5=O)C6=O)CC4)CC3)nn2)C(C)(C)C1Oc1ccc(C#N)c(Cl)c1,CC1(C)C(NC(=O)c2ccc([*:1])nn2)C(C)(C)C1Oc1ccc(C#N)c(Cl)c1,C1CN([*:1])CCC1N1CCN([*:2])CC1,O=C1CCC(N2C(=O)c3ccc([*:2])cc3C2=O)C(=O)N1,AR,CRBN,808.34,3.81,181.17,12,2,8,0.476,0.315,-5.565,-5.635,US20180099940A1,2018,ARVINAS INC
CC1(C)C(NC(=O)c2ccc(N3CCN(C4CN(c5ccc6c(c5)C(=O)N(C5CCC(=O)NC5=O)C6=O)C4)CC3)cc2)C(C)(C)C1Oc1ccc(C#N)c(Cl)c1,CC1(C)C(NC(=O)c2ccc([*:1])cc2)C(C)(C)C1Oc1ccc(C#N)c(Cl)c1,C1CN([*:1])CCN1C1CN([*:2])C1,O=C1CCC(N2C(=O)c3ccc([*:2])cc3C2=O)C(=O)N1,AR,CRBN,778.31,4.24,155.39,10,2,8,0.429,0.318,-5.502,-4.874,US20180099940A1,2018,ARVINAS INC
CC1(C)C(NC(=O)c2ccc(N3CCN(CC4CCN(c5cc6c(cc5F)C(=O)N(C5CCC(=O)NC5=O)C6=O)C4)CC3)cc2)C(C)(C)C1Oc1ccc(C#N)c(Cl)c1,CC1(C)C(NC(=O)c2ccc([*:1])cc2)C(C)(C)C1Oc1ccc(C#N)c(Cl)c1,C1CN([*:2])CC1CN1CCN([*:1])CC1,O=C1CCC(N2C(=O)c3cc(F)c([*:2])cc3C2=O)C(=O)N1,AR,CRBN,824.35,5.01,155.39,10,2,9,0.455,0.282,-5.503,-5.858,US20180099940A1,2018,ARVINAS INC
CC1(C)C(NC(=O)c2ccc(N3CCC(CCN4CCN(c5cc6c(cc5F)C(=O)N(C5CCC(=O)NC5=O)C6=O)CC4)CC3)nn2)C(C)(C)C1Oc1ccc(C#N)c(Cl)c1,CC1(C)C(NC(=O)c2ccc([*:1])nn2)C(C)(C)C1Oc1ccc(C#N)c(Cl)c1,C(CN1CCN([*:2])CC1)C1CCN([*:1])CC1,O=C1CCC(N2C(=O)c3cc(F)c([*:2])cc3C2=O)C(=O)N1,AR,CRBN,854.38,4.58,181.17,12,2,10,0.5,0.272,-5.448,-6.147,US20180099940A1,2018,ARVINAS INC
CC(C)N(CC1CCN(c2ccc(C(=O)NC3C(C)(C)C(Oc4ccc(C#N)c(Cl)c4)C3(C)C)cc2)CC1)C1CC(Oc2ccc3c(c2)C(=O)N(C2CCC(=O)NC2=O)C3=O)C1,CC1(C)C(NC(=O)c2ccc([*:1])cc2)C(C)(C)C1Oc1ccc(C#N)c(Cl)c1,CC(C)N(CC1CCN([*:1])CC1)C1CC(O[*:2])C1,O=C1CCC(N2C(=O)c3ccc([*:2])cc3C2=O)C(=O)N1,AR,CRBN,863.46,6.76,161.38,10,2,12,0.5,0.186,-5.709,-6.361,US20180099940A1,2018,ARVINAS INC
CC1(C)C(NC(=O)c2cnc(N3CCC(CN4CCN(c5cc6c(cc5F)C(=O)N(C5CCC(=O)NC5=O)C6=O)CC4)CC3)nc2)C(C)(C)C1Oc1ccc(C#N)c(Cl)c1,CC1(C)C(NC(=O)c2cnc([*:1])nc2)C(C)(C)C1Oc1ccc(C#N)c(Cl)c1,C1CN([*:1])CCC1CN1CCN([*:2])CC1,O=C1CCC(N2C(=O)c3cc(F)c([*:2])cc3C2=O)C(=O)N1,AR,CRBN,840.36,4.19,181.17,12,2,9,0.488,0.294,-5.538,-6.292,US20180099940A1,2018,ARVINAS INC
CC1(C)C(NC(=O)c2ccc(N3CCN(CCCCCOc4ccc5c(c4)C(=O)N(C4CCC(=O)NC4=O)C5=O)CC3)cc2)C(C)(C)C1Oc1ccc(C#N)c(C(F)(F)F)c1,CC1(C)C(NC(=O)c2ccc([*:1])cc2)C(C)(C)C1Oc1ccc(C#N)c(C(F)(F)F)c1,C(CCO[*:2])CCN1CCN([*:1])CC1,O=C1CCC(N2C(=O)c3ccc([*:2])cc3C2=O)C(=O)N1,AR,CRBN,842.92,5.96,161.38,10,2,13,0.467,0.155,-5.58,-5.776,US20180099940A1,2018,ARVINAS INC
CC1(C)C(NC(=O)c2ccc(N3CCN(CCOc4ccc5c(c4)C(=O)N(C4CCC(=O)NC4=O)C5=O)CC3)cc2)C(C)(C)C1Oc1ccc(C#N)c(C(F)(F)F)c1,CC1(C)C(NC(=O)c2ccc([*:1])cc2)C(C)(C)C1Oc1ccc(C#N)c(C(F)(F)F)c1,C(CN1CCN([*:1])CC1)O[*:2],O=C1CCC(N2C(=O)c3ccc([*:2])cc3C2=O)C(=O)N1,AR,CRBN,800.84,4.79,161.38,10,2,10,0.429,0.273,-5.397,-5.469,US20180099940A1,2018,ARVINAS INC
CC1(C)C(NC(=O)c2ccc(N3CCN(CCOc4ccc5c(c4)C(=O)N(C4CCC(=O)NC4=O)C5=O)CC3)cc2)C(C)(C)C1Oc1ccc(C#N)c(Cl)c1,CC1(C)C(NC(=O)c2ccc([*:1])cc2)C(C)(C)C1Oc1ccc(C#N)c(Cl)c1,C(CN1CCN([*:1])CC1)O[*:2],O=C1CCC(N2C(=O)c3ccc([*:2])cc3C2=O)C(=O)N1,AR,CRBN,767.28,4.43,161.38,10,2,10,0.415,0.283,-5.454,-5.423,US20180099940A1,2018,ARVINAS INC
Cc1nc(OC2C(C)(C)C(NC(=O)c3ccc(N4CCN(CCCCCOc5ccc6c(c5)C(=O)N(C5CCC(=O)NC5=O)C6=O)CC4)nc3)C2(C)C)ccc1C#N,Cc1nc(OC2C(C)(C)C(NC(=O)c3ccc([*:1])nc3)C2(C)C)ccc1C#N,C(CCO[*:2])CCN1CCN([*:1])CC1,O=C1CCC(N2C(=O)c3ccc([*:2])cc3C2=O)C(=O)N1,AR,CRBN,790.92,4.04,187.16,12,2,13,0.488,0.187,-5.532,-5.407,US20180099940A1,2018,ARVINAS INC
CC1(C)C(NC(=O)c2cnc(N3CCN(CCCCCOc4ccc5c(c4)C(=O)N(C4CCC(=O)NC4=O)C5=O)CC3)cn2)C(C)(C)C1Oc1ccc(C#N)c(Cl)c1,CC1(C)C(NC(=O)c2cnc([*:1])cn2)C(C)(C)C1Oc1ccc(C#N)c(Cl)c1,C(CCO[*:2])CCN1CCN([*:1])CC1,O=C1CCC(N2C(=O)c3ccc([*:2])cc3C2=O)C(=O)N1,AR,CRBN,811.34,4.39,187.16,12,2,13,0.476,0.184,-5.481,-6.087,US20180099940A1,2018,ARVINAS INC
CC1(C)C(NC(=O)c2ccc(N3CCN(CCCCCOc4ccc5c(c4)C(=O)N(C4CCC(=O)NC4=O)C5=O)CC3)nn2)C(C)(C)C1Oc1ccc(C#N)c(Cl)c1,CC1(C)C(NC(=O)c2ccc([*:1])nn2)C(C)(C)C1Oc1ccc(C#N)c(Cl)c1,C(CCO[*:2])CCN1CCN([*:1])CC1,O=C1CCC(N2C(=O)c3ccc([*:2])cc3C2=O)C(=O)N1,AR,CRBN,811.34,4.39,187.16,12,2,13,0.476,0.184,-5.527,-6.073,US20180099940A1,2018,ARVINAS INC
CC1(C)C(NC(=O)c2ccc(N3CCN(CCCCCOc4ccc5c(c4)C(=O)N(C4CCC(=O)NC4=O)C5=O)CC3)cn2)C(C)(C)C1Oc1ccc(C#N)c(Cl)c1,CC1(C)C(NC(=O)c2ccc([*:1])cn2)C(C)(C)C1Oc1ccc(C#N)c(Cl)c1,C(CCO[*:2])CCN1CCN([*:1])CC1,O=C1CCC(N2C(=O)c3ccc([*:2])cc3C2=O)C(=O)N1,AR,CRBN,810.35,4.99,174.27,11,2,13,0.465,0.176,-5.486,-5.844,US20180099940A1,2018,ARVINAS INC
CC1(C)C(NC(=O)c2ccc(CCN3CCN(c4ccc5c(c4)C(=O)N(C4CCC(=O)NC4=O)C5=O)CC3)cc2)C(C)(C)C1Oc1ccc(C#N)c(Cl)c1,CC1(C)C(NC(=O)c2ccc([*:1])cc2)C(C)(C)C1Oc1ccc(C#N)c(Cl)c1,C1CN([*:2])CCN1CC[*:1],O=C1CCC(N2C(=O)c3ccc([*:2])cc3C2=O)C(=O)N1,AR,CRBN,751.28,4.59,152.15,9,2,9,0.415,0.299,-5.473,-5.384,US20180099940A1,2018,ARVINAS INC
CC1(C)C(NC(=O)c2ccc(N3CCC(CCN4CCN(c5ccc6c(c5)C(=O)N(C5CCC(=O)NC5=O)C6=O)CC4)CC3)nn2)C(C)(C)C1Oc1ccc(C#N)c(Cl)c1,CC1(C)C(NC(=O)c2ccc([*:1])nn2)C(C)(C)C1Oc1ccc(C#N)c(Cl)c1,C(CN1CCN([*:2])CC1)C1CCN([*:1])CC1,O=C1CCC(N2C(=O)c3ccc([*:2])cc3C2=O)C(=O)N1,AR,CRBN,836.39,4.44,181.17,12,2,10,0.5,0.275,-5.524,-5.98,US20180099940A1,2018,ARVINAS INC
CC1(C)C(NC(=O)c2cnc(N3CCC(CCN4CCN(c5ccc6c(c5)C(=O)N(C5CCC(=O)NC5=O)C6=O)CC4)CC3)cn2)C(C)(C)C1Oc1ccc(C#N)c(Cl)c1,CC1(C)C(NC(=O)c2cnc([*:1])cn2)C(C)(C)C1Oc1ccc(C#N)c(Cl)c1,C(CN1CCN([*:2])CC1)C1CCN([*:1])CC1,O=C1CCC(N2C(=O)c3ccc([*:2])cc3C2=O)C(=O)N1,AR,CRBN,836.39,4.44,181.17,12,2,10,0.5,0.275,-5.481,-5.982,US20180099940A1,2018,ARVINAS INC
CC1(C)C(NC(=O)c2ccc(N3CCC(CN4CCN(c5ccc6c(c5)C(=O)N(C5CCC(=O)NC5=O)C6=O)CC4)CC3)nn2)C(C)(C)C1Oc1ccc(C#N)c(Cl)c1,CC1(C)C(NC(=O)c2ccc([*:1])nn2)C(C)(C)C1Oc1ccc(C#N)c(Cl)c1,C1CN([*:1])CCC1CN1CCN([*:2])CC1,O=C1CCC(N2C(=O)c3ccc([*:2])cc3C2=O)C(=O)N1,AR,CRBN,822.37,4.05,181.17,12,2,9,0.488,0.296,-5.582,-5.905,US20180099940A1,2018,ARVINAS INC
CC1(C)C(NC(=O)c2c(F)cc(N3CCN(CCCOc4ccc5c(c4)C(=O)N(C4CCC(=O)NC4=O)C5=O)CC3)cc2F)C(C)(C)C1Oc1ccc(C#N)c(Cl)c1,CC1(C)C(NC(=O)c2c(F)cc([*:1])cc2F)C(C)(C)C1Oc1ccc(C#N)c(Cl)c1,C(CO[*:2])CN1CCN([*:1])CC1,O=C1CCC(N2C(=O)c3ccc([*:2])cc3C2=O)C(=O)N1,AR,CRBN,817.29,5.09,161.38,10,2,11,0.429,0.197,-5.425,-6.027,US20180099940A1,2018,ARVINAS INC
CC1(C)C(NC(=O)c2c(F)cc(N3CCN(CCCCCOc4ccc5c(c4)C(=O)N(C4CCC(=O)NC4=O)C5=O)CC3)cc2F)C(C)(C)C1Oc1ccc(C#N)c(Cl)c1,CC1(C)C(NC(=O)c2c(F)cc([*:1])cc2F)C(C)(C)C1Oc1ccc(C#N)c(Cl)c1,C(CCO[*:2])CCN1CCN([*:1])CC1,O=C1CCC(N2C(=O)c3ccc([*:2])cc3C2=O)C(=O)N1,AR,CRBN,845.34,5.87,161.38,10,2,13,0.455,0.157,-5.425,-6.373,US20180099940A1,2018,ARVINAS INC
CC1(C)C(NC(=O)c2ccc(N3CCN(CCCCOc4ccc5c(c4)C(=O)N(C4CCC(=O)NC4=O)C5=O)CC3)cc2F)C(C)(C)C1Oc1ccc(C#N)c(Cl)c1,CC1(C)C(NC(=O)c2ccc([*:1])cc2F)C(C)(C)C1Oc1ccc(C#N)c(Cl)c1,C(CCN1CCN([*:1])CC1)CO[*:2],O=C1CCC(N2C(=O)c3ccc([*:2])cc3C2=O)C(=O)N1,AR,CRBN,813.33,5.35,161.38,10,2,12,0.442,0.18,-5.451,-5.992,US20180099940A1,2018,ARVINAS INC
CC1(C)C(NC(=O)c2ccc(-c3cccc(CN4CCN(c5ccc6c(c5)C(=O)N(C5CCC(=O)NC5=O)C6=O)CC4)c3)cc2)C(C)(C)C1Oc1ccc(C#N)c(Cl)c1,CC1(C)C(NC(=O)c2ccc(-c3cccc([*:1])c3)cc2)C(C)(C)C1Oc1ccc(C#N)c(Cl)c1,C1CN([*:2])CCN1C[*:1],O=C1CCC(N2C(=O)c3ccc([*:2])cc3C2=O)C(=O)N1,AR,CRBN,813.35,6.21,152.15,9,2,9,0.348,0.188,-5.334,-6.311,US20180099940A1,2018,ARVINAS INC
CC1(C)C(NC(=O)c2ccc(-c3cccc(CCN4CCN(c5ccc6c(c5)C(=O)N(C5CCC(=O)NC5=O)C6=O)CC4)c3)cc2)C(C)(C)C1Oc1ccc(C#N)c(Cl)c1,CC1(C)C(NC(=O)c2ccc(-c3cccc([*:1])c3)cc2)C(C)(C)C1Oc1ccc(C#N)c(Cl)c1,C1CN([*:2])CCN1CC[*:1],O=C1CCC(N2C(=O)c3ccc([*:2])cc3C2=O)C(=O)N1,AR,CRBN,827.38,6.26,152.15,9,2,10,0.362,0.177,-5.448,-6.323,US20180099940A1,2018,ARVINAS INC
CC1(C)C(NC(=O)c2ncc(N3CCC(CN4CCN(c5ccc6c(c5)C(=O)N(C5CCC(=O)NC5=O)C6=O)CC4)CC3)cn2)C(C)(C)C1Oc1ccc(C#N)c(Cl)c1,CC1(C)C(NC(=O)c2ncc([*:1])cn2)C(C)(C)C1Oc1ccc(C#N)c(Cl)c1,C1CN([*:1])CCC1CN1CCN([*:2])CC1,O=C1CCC(N2C(=O)c3ccc([*:2])cc3C2=O)C(=O)N1,AR,CRBN,822.37,4.05,181.17,12,2,9,0.488,0.296,-5.514,-5.703,US20180099940A1,2018,ARVINAS INC
CC1(C)C(NC(=O)c2ncc(N3CCC(CCN4CCN(c5ccc6c(c5)C(=O)N(C5CCC(=O)NC5=O)C6=O)CC4)CC3)cn2)C(C)(C)C1Oc1ccc(C#N)c(Cl)c1,CC1(C)C(NC(=O)c2ncc([*:1])cn2)C(C)(C)C1Oc1ccc(C#N)c(Cl)c1,C(CN1CCN([*:2])CC1)C1CCN([*:1])CC1,O=C1CCC(N2C(=O)c3ccc([*:2])cc3C2=O)C(=O)N1,AR,CRBN,836.39,4.44,181.17,12,2,10,0.5,0.275,-5.475,-5.751,US20180099940A1,2018,ARVINAS INC
CC1(C)C(NC(=O)c2ccc(N3CCN(CC4CCN(c5cc6c(cc5F)C(=O)N(C5CCC(=O)NC5=O)C6=O)CC4)CC3)cc2)C(C)(C)C1Oc1ccc(C#N)c(Cl)c1,CC1(C)C(NC(=O)c2ccc([*:1])cc2)C(C)(C)C1Oc1ccc(C#N)c(Cl)c1,C1CN([*:2])CCC1CN1CCN([*:1])CC1,O=C1CCC(N2C(=O)c3cc(F)c([*:2])cc3C2=O)C(=O)N1,AR,CRBN,838.38,5.4,155.39,10,2,9,0.467,0.268,-5.553,-6.06,US20180099940A1,2018,ARVINAS INC
Cc1nc(N2CCC(CN3CCN(c4ccc5c(c4)C(=O)N(C4CCC(=O)NC4=O)C5=O)CC3)CC2)nc(C)c1C(=O)NC1C(C)(C)C(Oc2ccc(C#N)c(Cl)c2)C1(C)C,Cc1nc([*:1])nc(C)c1C(=O)NC1C(C)(C)C(Oc2ccc(C#N)c(Cl)c2)C1(C)C,C1CN([*:1])CCC1CN1CCN([*:2])CC1,O=C1CCC(N2C(=O)c3ccc([*:2])cc3C2=O)C(=O)N1,AR,CRBN,850.42,4.67,181.17,12,2,9,0.511,0.285,-5.568,-6.301,US20180099940A1,2018,ARVINAS INC
CC1(C)C(NC(=O)c2ccc(-c3cccc(OCCN4CCN(c5ccc6c(c5)C(=O)N(C5CCC(=O)NC5=O)C6=O)CC4)c3)cc2)C(C)(C)C1Oc1ccc(C#N)c(Cl)c1,CC1(C)C(NC(=O)c2ccc(-c3cccc([*:1])c3)cc2)C(C)(C)C1Oc1ccc(C#N)c(Cl)c1,C(CN1CCN([*:2])CC1)O[*:1],O=C1CCC(N2C(=O)c3ccc([*:2])cc3C2=O)C(=O)N1,AR,CRBN,843.38,6.09,161.38,10,2,11,0.362,0.169,-5.409,-6.298,US20180099940A1,2018,ARVINAS INC
CC1(C)C(NC(=O)c2ccc(N3CCN(CC4CN(c5ccc6c(c5)C(=O)N(C5CCC(=O)NC5=O)C6=O)C4)CC3)cc2)C(C)(C)C1Oc1ccc(C#N)c(Cl)c1,CC1(C)C(NC(=O)c2ccc([*:1])cc2)C(C)(C)C1Oc1ccc(C#N)c(Cl)c1,C1CN([*:1])CCN1CC1CN([*:2])C1,O=C1CCC(N2C(=O)c3ccc([*:2])cc3C2=O)C(=O)N1,AR,CRBN,792.34,4.48,155.39,10,2,9,0.442,0.297,-5.694,-5.419,US20180099940A1,2018,ARVINAS INC
CC1(C)C(NC(=O)c2ccc(N3CCN(CC4CCN(c5ccc6c(c5)C(=O)N(C5CCC(=O)NC5=O)C6=O)CC4)CC3)cc2)C(C)(C)C1Oc1ccc(C#N)c(Cl)c1,CC1(C)C(NC(=O)c2ccc([*:1])cc2)C(C)(C)C1Oc1ccc(C#N)c(Cl)c1,C1CN([*:2])CCC1CN1CCN([*:1])CC1,O=C1CCC(N2C(=O)c3ccc([*:2])cc3C2=O)C(=O)N1,AR,CRBN,820.39,5.26,155.39,10,2,9,0.467,0.273,-5.611,-5.831,US20180099940A1,2018,ARVINAS INC
CC1(C)C(NC(=O)c2cnc(N3CCN(CCCCOc4ccc5c(c4)C(=O)N(C4CCC(=O)NC4=O)C5=O)CC3)cc2F)C(C)(C)C1Oc1ccc(C#N)c(Cl)c1,CC1(C)C(NC(=O)c2cnc([*:1])cc2F)C(C)(C)C1Oc1ccc(C#N)c(Cl)c1,C(CCN1CCN([*:1])CC1)CO[*:2],O=C1CCC(N2C(=O)c3ccc([*:2])cc3C2=O)C(=O)N1,AR,CRBN,814.31,4.74,174.27,11,2,12,0.452,0.191,-5.471,-6.114,US20180099940A1,2018,ARVINAS INC
CC1(C)C(NC(=O)c2c(F)cc(CCN3CCN(c4ccc5c(c4)C(=O)N(C4CCC(=O)NC4=O)C5=O)CC3)cc2F)C(C)(C)C1Oc1ccc(C#N)c(Cl)c1,CC1(C)C(NC(=O)c2c(F)cc([*:1])cc2F)C(C)(C)C1Oc1ccc(C#N)c(Cl)c1,C1CN([*:2])CCN1CC[*:1],O=C1CCC(N2C(=O)c3ccc([*:2])cc3C2=O)C(=O)N1,AR,CRBN,787.26,4.87,152.15,9,2,9,0.415,0.29,-5.421,-5.592,US20180099940A1,2018,ARVINAS INC
CC1(C)C(NC(=O)c2ccc(N3CCN(CC4CCN(c5ccc6c(c5)C(=O)N(C5CCC(=O)NC5=O)C6=O)C4)CC3)cc2)C(C)(C)C1Oc1ccc(C#N)c(Cl)c1,CC1(C)C(NC(=O)c2ccc([*:1])cc2)C(C)(C)C1Oc1ccc(C#N)c(Cl)c1,C1CN([*:2])CC1CN1CCN([*:1])CC1,O=C1CCC(N2C(=O)c3ccc([*:2])cc3C2=O)C(=O)N1,AR,CRBN,806.36,4.87,155.39,10,2,9,0.455,0.286,-5.56,-5.487,US20180099940A1,2018,ARVINAS INC
CC1(C)C(NC(=O)c2cnc(N3CCC(CN4CCN(c5ccc6c(c5)C(=O)N(C5CCC(=O)NC5=O)C6=O)CC4)CC3)cn2)C(C)(C)C1Oc1ccc(C#N)c(Cl)c1,CC1(C)C(NC(=O)c2cnc([*:1])cn2)C(C)(C)C1Oc1ccc(C#N)c(Cl)c1,C1CN([*:1])CCC1CN1CCN([*:2])CC1,O=C1CCC(N2C(=O)c3ccc([*:2])cc3C2=O)C(=O)N1,AR,CRBN,822.37,4.05,181.17,12,2,9,0.488,0.296,-5.516,-5.904,US20180099940A1,2018,ARVINAS INC
CC1(C)C(NC(=O)c2cnc(N3CCC(CN4CCN(c5ccc6c(c5)C(=O)N(C5CCC(=O)NC5=O)C6=O)CC4)CC3)cc2F)C(C)(C)C1Oc1ccc(C#N)c(Cl)c1,CC1(C)C(NC(=O)c2cnc([*:1])cc2F)C(C)(C)C1Oc1ccc(C#N)c(Cl)c1,C1CN([*:1])CCC1CN1CCN([*:2])CC1,O=C1CCC(N2C(=O)c3ccc([*:2])cc3C2=O)C(=O)N1,AR,CRBN,839.37,4.8,168.28,11,2,9,0.477,0.284,-5.522,-6.264,US20180099940A1,2018,ARVINAS INC
CC1(C)C(NC(=O)c2ccc(N3CCC(CN4CCN(c5cc6c(cc5F)C(=O)N(C5CCC(=O)NC5=O)C6=O)CC4)CC3)c(F)c2)C(C)(C)C1Oc1ccc(C#N)c(Cl)c1,CC1(C)C(NC(=O)c2ccc([*:1])c(F)c2)C(C)(C)C1Oc1ccc(C#N)c(Cl)c1,C1CN([*:1])CCC1CN1CCN([*:2])CC1,O=C1CCC(N2C(=O)c3cc(F)c([*:2])cc3C2=O)C(=O)N1,AR,CRBN,856.37,5.54,155.39,10,2,9,0.467,0.262,-5.58,-6.22,US20180099940A1,2018,ARVINAS INC
CC1(C)C(NC(=O)c2ccc(N3CCC(N4CCN(c5ccc6c(c5)C(=O)N(C5CCC(=O)NC5=O)C6=O)CC4)CC3)cc2)C(C)(C)C1Oc1ccc(C#N)c(Cl)c1,CC1(C)C(NC(=O)c2ccc([*:1])cc2)C(C)(C)C1Oc1ccc(C#N)c(Cl)c1,C1CN([*:1])CCC1N1CCN([*:2])CC1,O=C1CCC(N2C(=O)c3ccc([*:2])cc3C2=O)C(=O)N1,AR,CRBN,806.36,5.02,155.39,10,2,8,0.455,0.297,-5.591,-5.501,US20180099940A1,2018,ARVINAS INC
CC1(C)C(NC(=O)c2ccc(N3CCC(CN4CCN(c5cc6c(cc5F)C(=O)N(C5CCC(=O)NC5=O)C6=O)CC4)CC3)nn2)C(C)(C)C1Oc1ccc(C#N)c(Cl)c1,CC1(C)C(NC(=O)c2ccc([*:1])nn2)C(C)(C)C1Oc1ccc(C#N)c(Cl)c1,C1CN([*:1])CCC1CN1CCN([*:2])CC1,O=C1CCC(N2C(=O)c3cc(F)c([*:2])cc3C2=O)C(=O)N1,AR,CRBN,840.36,4.19,181.17,12,2,9,0.488,0.294,-5.505,-6.05,US20180099940A1,2018,ARVINAS INC
CC1(C)C(NC(=O)c2cnc(N3CCN(CC4CCN(c5ccc6c(c5)C(=O)N(C5CCC(=O)NC5=O)C6=O)CC4)CC3)cc2F)C(C)(C)C1Oc1ccc(C#N)c(Cl)c1,CC1(C)C(NC(=O)c2cnc([*:1])cc2F)C(C)(C)C1Oc1ccc(C#N)c(Cl)c1,C1CN([*:2])CCC1CN1CCN([*:1])CC1,O=C1CCC(N2C(=O)c3ccc([*:2])cc3C2=O)C(=O)N1,AR,CRBN,839.37,4.8,168.28,11,2,9,0.477,0.284,-5.522,-6.258,US20180099940A1,2018,ARVINAS INC
Cc1nc(N2CCC(CN3CCN(c4cc5c(cc4F)C(=O)N(C4CCC(=O)NC4=O)C5=O)CC3)CC2)nc(C)c1C(=O)NC1C(C)(C)C(Oc2ccc(C#N)c(Cl)c2)C1(C)C,Cc1nc([*:1])nc(C)c1C(=O)NC1C(C)(C)C(Oc2ccc(C#N)c(Cl)c2)C1(C)C,C1CN([*:1])CCC1CN1CCN([*:2])CC1,O=C1CCC(N2C(=O)c3cc(F)c([*:2])cc3C2=O)C(=O)N1,AR,CRBN,868.41,4.81,181.17,12,2,9,0.511,0.281,-5.579,-6.52,US20180099940A1,2018,ARVINAS INC
CC1(C)C(NC(=O)c2ccc(N3CCC(CN4CCN(c5ccc6c(c5)C(=O)N(C5CCC(=O)NC5=O)C6=O)CC4)CC3)cc2)C(C)(C)C1Oc1ccc(C#N)c(C(F)(F)F)c1,CC1(C)C(NC(=O)c2ccc([*:1])cc2)C(C)(C)C1Oc1ccc(C#N)c(C(F)(F)F)c1,C1CN([*:1])CCC1CN1CCN([*:2])CC1,O=C1CCC(N2C(=O)c3ccc([*:2])cc3C2=O)C(=O)N1,AR,CRBN,853.94,5.63,155.39,10,2,9,0.478,0.259,-5.559,-5.854,US20180099940A1,2018,ARVINAS INC
Cc1nc(N2CCN(CCCOc3ccc4c(c3)C(=O)N(C3CCC(=O)NC3=O)C4=O)CC2)nc(C)c1C(=O)NC1C(C)(C)C(Oc2ccc(C#N)c(Cl)c2)C1(C)C,Cc1nc([*:1])nc(C)c1C(=O)NC1C(C)(C)C(Oc2ccc(C#N)c(Cl)c2)C1(C)C,C(CO[*:2])CN1CCN([*:1])CC1,O=C1CCC(N2C(=O)c3ccc([*:2])cc3C2=O)C(=O)N1,AR,CRBN,811.34,4.22,187.16,12,2,11,0.476,0.208,-5.498,-6.026,US20180099940A1,2018,ARVINAS INC
CC1(C)C(NC(=O)c2cnc(N3CCN(CCCOc4ccc5c(c4)C(=O)N(C4CCC(=O)NC4=O)C5=O)CC3)cn2)C(C)(C)C1Oc1ccc(C#N)c(Cl)c1,CC1(C)C(NC(=O)c2cnc([*:1])cn2)C(C)(C)C1Oc1ccc(C#N)c(Cl)c1,C(CO[*:2])CN1CCN([*:1])CC1,O=C1CCC(N2C(=O)c3ccc([*:2])cc3C2=O)C(=O)N1,AR,CRBN,783.29,3.61,187.16,12,2,11,0.45,0.213,-5.464,-5.742,US20180099940A1,2018,ARVINAS INC
CC1(C)C(NC(=O)c2ccc(N3CCN(CCCOc4ccc5c(c4)C(=O)N(C4CCC(=O)NC4=O)C5=O)CC3)nn2)C(C)(C)C1Oc1ccc(C#N)c(Cl)c1,CC1(C)C(NC(=O)c2ccc([*:1])nn2)C(C)(C)C1Oc1ccc(C#N)c(Cl)c1,C(CO[*:2])CN1CCN([*:1])CC1,O=C1CCC(N2C(=O)c3ccc([*:2])cc3C2=O)C(=O)N1,AR,CRBN,783.29,3.61,187.16,12,2,11,0.45,0.213,-5.516,-5.735,US20180099940A1,2018,ARVINAS INC
CC1(C)C(NC(=O)c2ncc(N3CCN(CCCCCOc4ccc5c(c4)C(=O)N(C4CCC(=O)NC4=O)C5=O)CC3)cn2)C(C)(C)C1Oc1ccc(C#N)c(Cl)c1,CC1(C)C(NC(=O)c2ncc([*:1])cn2)C(C)(C)C1Oc1ccc(C#N)c(Cl)c1,C(CCO[*:2])CCN1CCN([*:1])CC1,O=C1CCC(N2C(=O)c3ccc([*:2])cc3C2=O)C(=O)N1,AR,CRBN,811.34,4.39,187.16,12,2,13,0.476,0.184,-5.499,-5.741,US20180099940A1,2018,ARVINAS INC
CC1(C)C(NC(=O)c2ccc(N3CCN(CCCCCOc4ccc5c(c4)C(=O)N(C4CCC(=O)NC4=O)C5=O)CC3)cn2)C(C)(C)C1Oc1ccc(C#N)c(C(F)(F)F)c1,CC1(C)C(NC(=O)c2ccc([*:1])cn2)C(C)(C)C1Oc1ccc(C#N)c(C(F)(F)F)c1,C(CCO[*:2])CCN1CCN([*:1])CC1,O=C1CCC(N2C(=O)c3ccc([*:2])cc3C2=O)C(=O)N1,AR,CRBN,843.9,5.36,174.27,11,2,13,0.477,0.168,-5.508,-5.665,US20180099940A1,2018,ARVINAS INC
CC1(C)C(=O)N(c2ccc(C#N)c(C(F)(F)F)c2)C(=S)N1c1ccc(N2CCN(CCCCCOc3ccc4c(c3)C(=O)N(C3CCC(=O)NC3=O)C4=O)CC2)cc1,CC1(C)C(=O)N(c2ccc(C#N)c(C(F)(F)F)c2)C(=S)N1c1ccc([*:1])cc1,C(CCO[*:2])CCN1CCN([*:1])CC1,O=C1CCC(N2C(=O)c3ccc([*:2])cc3C2=O)C(=O)N1,AR,CRBN,815.88,5.27,146.6,10,1,11,0.39,0.154,-5.521,-5.41,US20180099940A1,2018,ARVINAS INC
CC1(C)C(=O)N(c2ccc(C#N)c(Cl)c2)C(=S)N1c1ccc(N2CCN(CCCCCOc3ccc4c(c3)C(=O)N(C3CCC(=O)NC3=O)C4=O)CC2)cc1,CC1(C)C(=O)N(c2ccc(C#N)c(Cl)c2)C(=S)N1c1ccc([*:1])cc1,C(CCO[*:2])CCN1CCN([*:1])CC1,O=C1CCC(N2C(=O)c3ccc([*:2])cc3C2=O)C(=O)N1,AR,CRBN,782.32,4.9,146.6,10,1,11,0.375,0.161,-5.614,-5.597,US20180099940A1,2018,ARVINAS INC
CC1(C)C(=O)N(c2ccc(C#N)c(C(F)(F)F)c2)C(=S)N1c1ccc(N2CCN(CCCCCOc3ccc4c(c3)C(=O)N(C3CCC(=O)NC3=O)C4=O)CC2)nc1,CC1(C)C(=O)N(c2ccc(C#N)c(C(F)(F)F)c2)C(=S)N1c1ccc([*:1])nc1,C(CCO[*:2])CCN1CCN([*:1])CC1,O=C1CCC(N2C(=O)c3ccc([*:2])cc3C2=O)C(=O)N1,AR,CRBN,816.86,4.66,159.49,11,1,11,0.4,0.162,-5.474,-5.675,US20180099940A1,2018,ARVINAS INC
CC1(C)C(=O)N(c2ccc(C#N)c(C(F)(F)F)c2)C(=S)N1c1ccccc1OCCCCCN1CCN(c2ccc3c(c2)C(=O)N(C2CCC(=O)NC2=O)C3=O)CC1,CC1(C)C(=O)N(c2ccc(C#N)c(C(F)(F)F)c2)C(=S)N1c1ccccc1[*:1],C(CCO[*:1])CCN1CCN([*:2])CC1,O=C1CCC(N2C(=O)c3ccc([*:2])cc3C2=O)C(=O)N1,AR,CRBN,815.87,5.27,146.6,10,1,11,0.39,0.154,-5.325,-5.561,US20180099940A1,2018,ARVINAS INC
CC1(C)C(NC(=O)c2ccc(N3CCC(CN4CCN(c5ccc6c(c5)C(=O)N(C5CCC(=O)NC5=O)C6=O)CC4)CC3)cc2F)C(C)(C)C1Oc1ccc(C#N)c(Cl)c1,CC1(C)C(NC(=O)c2ccc([*:1])cc2F)C(C)(C)C1Oc1ccc(C#N)c(Cl)c1,C1CN([*:1])CCC1CN1CCN([*:2])CC1,O=C1CCC(N2C(=O)c3ccc([*:2])cc3C2=O)C(=O)N1,AR,CRBN,838.38,5.4,155.39,10,2,9,0.467,0.268,-5.513,-6.211,US20180099940A1,2018,ARVINAS INC
CC1(C)C(NC(=O)c2ccc(N3CCN(CCCOc4cccc5c4C(=O)N(C4CCC(=O)NC4=O)C5=O)CC3)cc2)C(C)(C)C1Oc1ccc(C#N)c(Cl)c1,CC1(C)C(NC(=O)c2ccc([*:1])cc2)C(C)(C)C1Oc1ccc(C#N)c(Cl)c1,C(CO[*:2])CN1CCN([*:1])CC1,O=C1CCC(N2C(=O)c3cccc([*:2])c3C2=O)C(=O)N1,AR,CRBN,781.31,4.82,161.38,10,2,11,0.429,0.204,-5.589,-5.45,US20180099940A1,2018,ARVINAS INC
CC1(C)C(NC(=O)c2c(F)cc(N3CCC(CN4CCN(c5ccc6c(c5)C(=O)N(C5CCC(=O)NC5=O)C6=O)CC4)CC3)cc2F)C(C)(C)C1Oc1ccc(C#N)c(Cl)c1,CC1(C)C(NC(=O)c2c(F)cc([*:1])cc2F)C(C)(C)C1Oc1ccc(C#N)c(Cl)c1,C1CN([*:1])CCC1CN1CCN([*:2])CC1,O=C1CCC(N2C(=O)c3ccc([*:2])cc3C2=O)C(=O)N1,AR,CRBN,856.37,5.54,155.39,10,2,9,0.467,0.262,-5.531,-6.376,US20180099940A1,2018,ARVINAS INC
CC1(C)C(NC(=O)c2ccc(N3CCN(CCCOc4cccc5c4CN(C4CCC(=O)NC4=O)C5=O)CC3)cc2)C(C)(C)C1Oc1ccc(C#N)c(Cl)c1,CC1(C)C(NC(=O)c2ccc([*:1])cc2)C(C)(C)C1Oc1ccc(C#N)c(Cl)c1,C(CO[*:2])CN1CCN([*:1])CC1,O=C1CCC(N2Cc3c(cccc3[*:2])C2=O)C(=O)N1,AR,CRBN,767.33,5.18,144.31,9,2,11,0.452,0.2,-5.609,-5.387,US20180099940A1,2018,ARVINAS INC
N#Cc1ccc(OC2CCC(NC(=O)c3ccc(N4CCC(CN5CCN(c6ccc7c(c6)C(=O)N(C6CCC(=O)NC6=O)C7=O)CC5)CC4)nc3)CC2)cc1Cl,N#Cc1ccc(OC2CCC(NC(=O)c3ccc([*:1])nc3)CC2)cc1Cl,C1CN([*:1])CCC1CN1CCN([*:2])CC1,O=C1CCC(N2C(=O)c3ccc([*:2])cc3C2=O)C(=O)N1,AR,CRBN,793.32,4.17,168.28,11,2,9,0.452,0.299,-5.631,-5.266,US20180099940A1,2018,ARVINAS INC
N#Cc1ccc(OC2CCC(NC(=O)c3ccc(N4CCC(CN5CCN(c6ccc7c(c6)C(=O)N(C6CCC(=O)NC6=O)C7=O)CC5)CC4)cc3)CC2)cc1Cl,N#Cc1ccc(OC2CCC(NC(=O)c3ccc([*:1])cc3)CC2)cc1Cl,C1CN([*:1])CCC1CN1CCN([*:2])CC1,O=C1CCC(N2C(=O)c3ccc([*:2])cc3C2=O)C(=O)N1,AR,CRBN,792.34,4.77,155.39,10,2,9,0.442,0.29,-5.615,-5.225,US20180099940A1,2018,ARVINAS INC
N#Cc1ccc(OC2CCC(NC(=O)c3cnc(N4CCC(CN5CCN(c6ccc7c(c6)C(=O)N(C6CCC(=O)NC6=O)C7=O)CC5)CC4)nc3)CC2)cc1Cl,N#Cc1ccc(OC2CCC(NC(=O)c3cnc([*:1])nc3)CC2)cc1Cl,C1CN([*:1])CCC1CN1CCN([*:2])CC1,O=C1CCC(N2C(=O)c3ccc([*:2])cc3C2=O)C(=O)N1,AR,CRBN,794.31,3.56,181.17,12,2,9,0.463,0.301,-5.678,-5.422,US20180099940A1,2018,ARVINAS INC
N#Cc1ccc(OC2CCC(NC(=O)c3cnc(N4CCC(CN5CCN(c6ccc7c(c6)C(=O)N(C6CCC(=O)NC6=O)C7=O)CC5)CC4)cn3)CC2)cc1Cl,N#Cc1ccc(OC2CCC(NC(=O)c3cnc([*:1])cn3)CC2)cc1Cl,C1CN([*:1])CCC1CN1CCN([*:2])CC1,O=C1CCC(N2C(=O)c3ccc([*:2])cc3C2=O)C(=O)N1,AR,CRBN,794.31,3.56,181.17,12,2,9,0.463,0.301,-5.563,-5.094,US20180099940A1,2018,ARVINAS INC
N#Cc1ccc(OC2CCC(NC(=O)c3ccc(N4CCC(CN5CCN(c6ccc7c(c6)C(=O)N(C6CCC(=O)NC6=O)C7=O)CC5)CC4)nn3)CC2)cc1Cl,N#Cc1ccc(OC2CCC(NC(=O)c3ccc([*:1])nn3)CC2)cc1Cl,C1CN([*:1])CCC1CN1CCN([*:2])CC1,O=C1CCC(N2C(=O)c3ccc([*:2])cc3C2=O)C(=O)N1,AR,CRBN,794.31,3.56,181.17,12,2,9,0.463,0.301,-5.514,-5.055,US20180099940A1,2018,ARVINAS INC
N#Cc1ccc(OC2CCC(NC(=O)c3cnc(N4CCC(CN5CCN(c6cc7c(cc6F)C(=O)N(C6CCC(=O)NC6=O)C7=O)CC5)CC4)nc3)CC2)cc1Cl,N#Cc1ccc(OC2CCC(NC(=O)c3cnc([*:1])nc3)CC2)cc1Cl,C1CN([*:1])CCC1CN1CCN([*:2])CC1,O=C1CCC(N2C(=O)c3cc(F)c([*:2])cc3C2=O)C(=O)N1,AR,CRBN,812.3,3.7,181.17,12,2,9,0.463,0.3,-5.571,-5.581,US20180099940A1,2018,ARVINAS INC
N#Cc1ccc(OC2CCC(NC(=O)c3cnc(N4CCC(CN5CCN(c6cc7c(cc6F)C(=O)N(C6CCC(=O)NC6=O)C7=O)CC5)CC4)cn3)CC2)cc1Cl,N#Cc1ccc(OC2CCC(NC(=O)c3cnc([*:1])cn3)CC2)cc1Cl,C1CN([*:1])CCC1CN1CCN([*:2])CC1,O=C1CCC(N2C(=O)c3cc(F)c([*:2])cc3C2=O)C(=O)N1,AR,CRBN,812.3,3.7,181.17,12,2,9,0.463,0.3,-5.496,-5.365,US20180099940A1,2018,ARVINAS INC
N#Cc1ccc(OC2CCC(NC(=O)c3ccc(N4CCC(N5CCN(c6ccc7c(c6)C(=O)N(C6CCC(=O)NC6=O)C7=O)CC5)CC4)cc3)CC2)cc1Cl,N#Cc1ccc(OC2CCC(NC(=O)c3ccc([*:1])cc3)CC2)cc1Cl,C1CN([*:1])CCC1N1CCN([*:2])CC1,O=C1CCC(N2C(=O)c3ccc([*:2])cc3C2=O)C(=O)N1,AR,CRBN,778.31,4.52,155.39,10,2,8,0.429,0.312,-5.503,-4.956,US20180099940A1,2018,ARVINAS INC
N#Cc1ccc(OC2CCC(NC(=O)c3ccc(N4CCN(C5CCN(c6ccc7c(c6)C(=O)N(C6CCC(=O)NC6=O)C7=O)CC5)CC4)cc3)CC2)cc1Cl,N#Cc1ccc(OC2CCC(NC(=O)c3ccc([*:1])cc3)CC2)cc1Cl,C1CN([*:2])CCC1N1CCN([*:1])CC1,O=C1CCC(N2C(=O)c3ccc([*:2])cc3C2=O)C(=O)N1,AR,CRBN,778.31,4.52,155.39,10,2,8,0.429,0.312,-5.503,-4.925,US20180099940A1,2018,ARVINAS INC
N#Cc1ccc(OC2CCC(NC(=O)c3ccc(N4CCN(C5CCN(c6ccc7c(c6)C(=O)N(C6CCC(=O)NC6=O)C7=O)CC5)CC4)nn3)CC2)cc1Cl,N#Cc1ccc(OC2CCC(NC(=O)c3ccc([*:1])nn3)CC2)cc1Cl,C1CN([*:2])CCC1N1CCN([*:1])CC1,O=C1CCC(N2C(=O)c3ccc([*:2])cc3C2=O)C(=O)N1,AR,CRBN,780.29,3.31,181.17,12,2,8,0.45,0.319,-5.434,-4.916,US20180099940A1,2018,ARVINAS INC
N#Cc1ccc(OC2CCC(NC(=O)c3cnc(N4CCN(C5CCN(c6ccc7c(c6)C(=O)N(C6CCC(=O)NC6=O)C7=O)CC5)CC4)nc3)CC2)cc1Cl,N#Cc1ccc(OC2CCC(NC(=O)c3cnc([*:1])nc3)CC2)cc1Cl,C1CN([*:2])CCC1N1CCN([*:1])CC1,O=C1CCC(N2C(=O)c3ccc([*:2])cc3C2=O)C(=O)N1,AR,CRBN,780.29,3.31,181.17,12,2,8,0.45,0.319,-5.561,-5.147,US20180099940A1,2018,ARVINAS INC
N#Cc1ccc(OC2CCC(NC(=O)c3ccc(N4CCC(N5CCN(c6ccc7c(c6)C(=O)N(C6CCC(=O)NC6=O)C7=O)CC5)CC4)nn3)CC2)cc1Cl,N#Cc1ccc(OC2CCC(NC(=O)c3ccc([*:1])nn3)CC2)cc1Cl,C1CN([*:1])CCC1N1CCN([*:2])CC1,O=C1CCC(N2C(=O)c3ccc([*:2])cc3C2=O)C(=O)N1,AR,CRBN,780.29,3.31,181.17,12,2,8,0.45,0.319,-5.434,-4.871,US20180099940A1,2018,ARVINAS INC
N#Cc1ccc(OC2CCC(NC(=O)c3ccc(N4CCN(CCOc5ccc6c(c5)C(=O)N(C5CCC(=O)NC5=O)C6=O)CC4)nn3)CC2)cc1Cl,N#Cc1ccc(OC2CCC(NC(=O)c3ccc([*:1])nn3)CC2)cc1Cl,C(CN1CCN([*:1])CC1)O[*:2],O=C1CCC(N2C(=O)c3ccc([*:2])cc3C2=O)C(=O)N1,AR,CRBN,741.2,2.72,187.16,12,2,10,0.405,0.29,-5.416,-4.866,US20180099940A1,2018,ARVINAS INC
N#Cc1ccc(OC2CCC(NC(=O)c3ccc(N4CCN(CCOc5ccc6c(c5)C(=O)N(C5CCC(=O)NC5=O)C6=O)CC4)cc3)CC2)cc1Cl,N#Cc1ccc(OC2CCC(NC(=O)c3ccc([*:1])cc3)CC2)cc1Cl,C(CN1CCN([*:1])CC1)O[*:2],O=C1CCC(N2C(=O)c3ccc([*:2])cc3C2=O)C(=O)N1,AR,CRBN,739.23,3.93,161.38,10,2,10,0.385,0.292,-5.53,-4.767,US20180099940A1,2018,ARVINAS INC
N#Cc1ccc(OC2CCC(NC(=O)c3cnc(N4CCN(CCOc5ccc6c(c5)C(=O)N(C5CCC(=O)NC5=O)C6=O)CC4)nc3)CC2)cc1Cl,N#Cc1ccc(OC2CCC(NC(=O)c3cnc([*:1])nc3)CC2)cc1Cl,C(CN1CCN([*:1])CC1)O[*:2],O=C1CCC(N2C(=O)c3ccc([*:2])cc3C2=O)C(=O)N1,AR,CRBN,741.21,2.72,187.16,12,2,10,0.405,0.29,-5.569,-5.076,US20180099940A1,2018,ARVINAS INC
N#Cc1ccc(OC2CCC(NC(=O)c3cnc(N4CCN(CCCOc5ccc6c(c5)C(=O)N(C5CCC(=O)NC5=O)C6=O)CC4)nc3)CC2)cc1Cl,N#Cc1ccc(OC2CCC(NC(=O)c3cnc([*:1])nc3)CC2)cc1Cl,C(CO[*:2])CN1CCN([*:1])CC1,O=C1CCC(N2C(=O)c3ccc([*:2])cc3C2=O)C(=O)N1,AR,CRBN,755.23,3.11,187.16,12,2,11,0.421,0.216,-5.643,-5.424,US20180099940A1,2018,ARVINAS INC
N#Cc1ccc(OC2CCC(NC(=O)c3cnc(N4CCN(CCOc5ccc6c(c5)C(=O)N(C5CCC(=O)NC5=O)C6=O)CC4)cn3)CC2)cc1Cl,N#Cc1ccc(OC2CCC(NC(=O)c3cnc([*:1])cn3)CC2)cc1Cl,C(CN1CCN([*:1])CC1)O[*:2],O=C1CCC(N2C(=O)c3ccc([*:2])cc3C2=O)C(=O)N1,AR,CRBN,741.21,2.72,187.16,12,2,10,0.405,0.29,-5.509,-4.804,US20180099940A1,2018,ARVINAS INC
N#Cc1ccc(OC2CCC(NC(=O)c3cnc(N4CCN(CCCOc5cc6c(cc5F)C(=O)N(C5CCC(=O)NC5=O)C6=O)CC4)cn3)CC2)cc1Cl,N#Cc1ccc(OC2CCC(NC(=O)c3cnc([*:1])cn3)CC2)cc1Cl,C(CO[*:2])CN1CCN([*:1])CC1,O=C1CCC(N2C(=O)c3cc(F)c([*:2])cc3C2=O)C(=O)N1,AR,CRBN,773.22,3.25,187.16,12,2,11,0.421,0.214,-5.384,-5.296,US20180099940A1,2018,ARVINAS INC
N#Cc1ccc(OC2CCC(NC(=O)c3cnc(N4CCC(CCN5CCN(c6ccc7c(c6)C(=O)N(C6CCC(=O)NC6=O)C7=O)CC5)CC4)nc3)CC2)cc1Cl,N#Cc1ccc(OC2CCC(NC(=O)c3cnc([*:1])nc3)CC2)cc1Cl,C(CN1CCN([*:2])CC1)C1CCN([*:1])CC1,O=C1CCC(N2C(=O)c3ccc([*:2])cc3C2=O)C(=O)N1,AR,CRBN,808.34,3.95,181.17,12,2,10,0.476,0.282,-5.554,-5.476,US20180099940A1,2018,ARVINAS INC
N#Cc1ccc(OC2CCC(NC(=O)c3ccc(N4CCC(CCN5CCN(c6ccc7c(c6)C(=O)N(C6CCC(=O)NC6=O)C7=O)CC5)CC4)cc3)CC2)cc1Cl,N#Cc1ccc(OC2CCC(NC(=O)c3ccc([*:1])cc3)CC2)cc1Cl,C(CN1CCN([*:2])CC1)C1CCN([*:1])CC1,O=C1CCC(N2C(=O)c3ccc([*:2])cc3C2=O)C(=O)N1,AR,CRBN,806.36,5.16,155.39,10,2,10,0.455,0.263,-5.494,-5.304,US20180099940A1,2018,ARVINAS INC
N#Cc1ccc(OC2CCC(NC(=O)c3cnc(N4CCN(CCCOc5ccc6c(c5)C(=O)N(C5CCC(=O)NC5=O)C6=O)CC4)cn3)CC2)cc1Cl,N#Cc1ccc(OC2CCC(NC(=O)c3cnc([*:1])cn3)CC2)cc1Cl,C(CO[*:2])CN1CCN([*:1])CC1,O=C1CCC(N2C(=O)c3ccc([*:2])cc3C2=O)C(=O)N1,AR,CRBN,755.23,3.11,187.16,12,2,11,0.421,0.216,-5.478,-5.232,US20180099940A1,2018,ARVINAS INC
N#Cc1ccc(OC2CCC(NC(=O)c3ccc(N4CCC(CCN5CCN(c6ccc7c(c6)C(=O)N(C6CCC(=O)NC6=O)C7=O)CC5)CC4)nn3)CC2)cc1Cl,N#Cc1ccc(OC2CCC(NC(=O)c3ccc([*:1])nn3)CC2)cc1Cl,C(CN1CCN([*:2])CC1)C1CCN([*:1])CC1,O=C1CCC(N2C(=O)c3ccc([*:2])cc3C2=O)C(=O)N1,AR,CRBN,808.34,3.95,181.17,12,2,10,0.476,0.282,-5.405,-5.111,US20180099940A1,2018,ARVINAS INC
CC1(C)C(NC(=O)c2ccc(N3CCN(CCCOc4cc5c(cc4F)C(=O)N(C4CCC(=O)NC4=O)C5=O)CC3)nn2)C(C)(C)C1Oc1ccc(C#N)c(Cl)c1,CC1(C)C(NC(=O)c2ccc([*:1])nn2)C(C)(C)C1Oc1ccc(C#N)c(Cl)c1,C(CO[*:2])CN1CCN([*:1])CC1,O=C1CCC(N2C(=O)c3cc(F)c([*:2])cc3C2=O)C(=O)N1,AR,CRBN,801.28,3.75,187.16,12,2,11,0.45,0.212,-5.43,-5.77,US20180099940A1,2018,ARVINAS INC
CC1(C)C(NC(=O)c2cnc(N3CCN(CCCOc4cc5c(cc4F)C(=O)N(C4CCC(=O)NC4=O)C5=O)CC3)cn2)C(C)(C)C1Oc1ccc(C#N)c(Cl)c1,CC1(C)C(NC(=O)c2cnc([*:1])cn2)C(C)(C)C1Oc1ccc(C#N)c(Cl)c1,C(CO[*:2])CN1CCN([*:1])CC1,O=C1CCC(N2C(=O)c3cc(F)c([*:2])cc3C2=O)C(=O)N1,AR,CRBN,801.28,3.75,187.16,12,2,11,0.45,0.212,-5.469,-5.777,US20180099940A1,2018,ARVINAS INC
N#Cc1ccc(OC2CCC(NC(=O)c3cnc(N4CCN(CCCOc5cc6c(cc5F)C(=O)N(C5CCC(=O)NC5=O)C6=O)CC4)nc3)CC2)cc1Cl,N#Cc1ccc(OC2CCC(NC(=O)c3cnc([*:1])nc3)CC2)cc1Cl,C(CO[*:2])CN1CCN([*:1])CC1,O=C1CCC(N2C(=O)c3cc(F)c([*:2])cc3C2=O)C(=O)N1,AR,CRBN,773.22,3.25,187.16,12,2,11,0.421,0.214,-5.489,-5.389,US20180099940A1,2018,ARVINAS INC
N#Cc1ccc(OC2CCC(NC(=O)c3cnc(N4CCC(CCN5CCN(c6cc7c(cc6F)C(=O)N(C6CCC(=O)NC6=O)C7=O)CC5)CC4)nc3)CC2)cc1Cl,N#Cc1ccc(OC2CCC(NC(=O)c3cnc([*:1])nc3)CC2)cc1Cl,C(CN1CCN([*:2])CC1)C1CCN([*:1])CC1,O=C1CCC(N2C(=O)c3cc(F)c([*:2])cc3C2=O)C(=O)N1,AR,CRBN,826.33,4.09,181.17,12,2,10,0.476,0.28,-5.419,-5.731,US20180099940A1,2018,ARVINAS INC
COc1cc(OC2C(C)(C)C(NC(=O)c3ccc(N4CCC(CN5CCN(c6ccc7c(c6)C(=O)N(C6CCC(=O)NC6=O)C7=O)CC5)CC4)cc3)C2(C)C)ccc1C#N,COc1cc(OC2C(C)(C)C(NC(=O)c3ccc([*:1])cc3)C2(C)C)ccc1C#N,C1CN([*:1])CCC1CN1CCN([*:2])CC1,O=C1CCC(N2C(=O)c3ccc([*:2])cc3C2=O)C(=O)N1,AR,CRBN,815.97,4.62,164.62,11,2,10,0.478,0.275,-5.681,-5.356,US20180099940A1,2018,ARVINAS INC
Cc1nc(N2CCN(CCCOc3cc4c(cc3F)C(=O)N(C3CCC(=O)NC3=O)C4=O)CC2)nc(C)c1C(=O)NC1C(C)(C)C(Oc2ccc(C#N)c(Cl)c2)C1(C)C,Cc1nc([*:1])nc(C)c1C(=O)NC1C(C)(C)C(Oc2ccc(C#N)c(Cl)c2)C1(C)C,C(CO[*:2])CN1CCN([*:1])CC1,O=C1CCC(N2C(=O)c3cc(F)c([*:2])cc3C2=O)C(=O)N1,AR,CRBN,829.33,4.36,187.16,12,2,11,0.476,0.206,-5.536,-6.043,US20180099940A1,2018,ARVINAS INC
N#Cc1ccc(OC2CCC(NC(=O)c3ccc(N4CCC(CCN5CCN(c6ccc7c(c6)C(=O)N(C6CCC(=O)NC6=O)C7=O)CC5)CC4)nc3)CC2)cc1Cl,N#Cc1ccc(OC2CCC(NC(=O)c3ccc([*:1])nc3)CC2)cc1Cl,C(CN1CCN([*:2])CC1)C1CCN([*:1])CC1,O=C1CCC(N2C(=O)c3ccc([*:2])cc3C2=O)C(=O)N1,AR,CRBN,807.35,4.56,168.28,11,2,10,0.465,0.276,-5.52,-5.319,US20180099940A1,2018,ARVINAS INC
Cc1cc(OC2C(C)(C)C(NC(=O)c3ccc(N4CCC(CN5CCN(c6ccc7c(c6)C(=O)N(C6CCC(=O)NC6=O)C7=O)CC5)CC4)cc3)C2(C)C)ccc1C#N,Cc1cc(OC2C(C)(C)C(NC(=O)c3ccc([*:1])cc3)C2(C)C)ccc1C#N,C1CN([*:1])CCC1CN1CCN([*:2])CC1,O=C1CCC(N2C(=O)c3ccc([*:2])cc3C2=O)C(=O)N1,AR,CRBN,799.97,4.92,155.39,10,2,9,0.478,0.285,-5.695,-5.513,US20180099940A1,2018,ARVINAS INC
CC1(C)C(NC(=O)c2cnc(N3CCC(CN4CCN(c5ccc6c(c5)C(=O)N(C5CCC(=O)NC5=O)C6=O)CC4)CC3)nc2)C(C)(C)C1Oc1ccc(C#N)c(C#N)c1,CC1(C)C(NC(=O)c2cnc([*:1])nc2)C(C)(C)C1Oc1ccc(C#N)c(C#N)c1,C1CN([*:1])CCC1CN1CCN([*:2])CC1,O=C1CCC(N2C(=O)c3ccc([*:2])cc3C2=O)C(=O)N1,AR,CRBN,812.93,3.27,204.96,13,2,9,0.477,0.298,-5.664,-5.885,US20180099940A1,2018,ARVINAS INC
Cc1cc(OC2C(C)(C)C(NC(=O)c3ccc(N4CCC(CN5CCN(c6ccc7c(c6)C(=O)N(C6CCC(=O)NC6=O)C7=O)CC5)CC4)cc3)C2(C)C)cc(C)c1C#N,Cc1cc(OC2C(C)(C)C(NC(=O)c3ccc([*:1])cc3)C2(C)C)cc(C)c1C#N,C1CN([*:1])CCC1CN1CCN([*:2])CC1,O=C1CCC(N2C(=O)c3ccc([*:2])cc3C2=O)C(=O)N1,AR,CRBN,814.0,5.23,155.39,10,2,9,0.489,0.275,-5.685,-5.978,US20180099940A1,2018,ARVINAS INC
N#Cc1ccc(OC2CCC(NC(=O)c3cnc(N4CCC(N5CCN(c6ccc7c(c6)C(=O)N(C6CCC(=O)NC6=O)C7=O)CC5)CC4)cn3)CC2)cc1Cl,N#Cc1ccc(OC2CCC(NC(=O)c3cnc([*:1])cn3)CC2)cc1Cl,C1CN([*:1])CCC1N1CCN([*:2])CC1,O=C1CCC(N2C(=O)c3ccc([*:2])cc3C2=O)C(=O)N1,AR,CRBN,780.29,3.31,181.17,12,2,8,0.45,0.319,-5.476,-4.866,US20180099940A1,2018,ARVINAS INC
N#Cc1ccc(OC2CCC(NC(=O)c3cnc(N4CCC(N5CCN(c6ccc7c(c6)C(=O)N(C6CCC(=O)NC6=O)C7=O)CC5)CC4)nc3)CC2)cc1Cl,N#Cc1ccc(OC2CCC(NC(=O)c3cnc([*:1])nc3)CC2)cc1Cl,C1CN([*:1])CCC1N1CCN([*:2])CC1,O=C1CCC(N2C(=O)c3ccc([*:2])cc3C2=O)C(=O)N1,AR,CRBN,780.29,3.31,181.17,12,2,8,0.45,0.319,-5.561,-5.286,US20180099940A1,2018,ARVINAS INC
CC1(C)C(NC(=O)c2ccc(N3CCC(CN4CCN(c5ccc6c(c5)C(=O)N(C5CCC(=O)NC5=O)C6=O)CC4)CC3)cc2)C(C)(C)C1Oc1cnc(C#N)c(C(F)(F)F)c1,CC1(C)C(NC(=O)c2ccc([*:1])cc2)C(C)(C)C1Oc1cnc(C#N)c(C(F)(F)F)c1,C1CN([*:1])CCC1CN1CCN([*:2])CC1,O=C1CCC(N2C(=O)c3ccc([*:2])cc3C2=O)C(=O)N1,AR,CRBN,854.93,5.02,168.28,11,2,9,0.489,0.278,-5.522,-5.579,US20180099940A1,2018,ARVINAS INC
CC1(C)C(NC(=O)c2ccc(N3CCC(CN4CCN(c5ccc6c(c5)CN(C5CCC(=O)NC5=O)C6=O)CC4)CC3)cc2)C(C)(C)C1Oc1ccc(C#N)c(Cl)c1,CC1(C)C(NC(=O)c2ccc([*:1])cc2)C(C)(C)C1Oc1ccc(C#N)c(Cl)c1,C1CN([*:1])CCC1CN1CCN([*:2])CC1,O=C1CCC(N2Cc3cc([*:2])ccc3C2=O)C(=O)N1,AR,CRBN,806.41,5.62,138.32,9,2,9,0.489,0.264,-5.635,-5.751,US20180099940A1,2018,ARVINAS INC
CC1(C)C(NC(=O)c2cnc(N3CCC(CN4CCN(c5ccc6c(c5)CN(C5CCC(=O)NC5=O)C6=O)CC4)CC3)nc2)C(C)(C)C1Oc1ccc(C#N)c(Cl)c1,CC1(C)C(NC(=O)c2cnc([*:1])nc2)C(C)(C)C1Oc1ccc(C#N)c(Cl)c1,C1CN([*:1])CCC1CN1CCN([*:2])CC1,O=C1CCC(N2Cc3cc([*:2])ccc3C2=O)C(=O)N1,AR,CRBN,808.38,4.41,164.1,11,2,9,0.512,0.295,-5.633,-6.048,US20180099940A1,2018,ARVINAS INC
CC(C)N(CC1CCN(c2cnc(C(=O)NC3CCC(Oc4ccc(C#N)c(Cl)c4)CC3)cn2)CC1)C1CC(Oc2ccc3c(c2)C(=O)N(C2CCC(=O)NC2=O)C3=O)C1,N#Cc1ccc(OC2CCC(NC(=O)c3cnc([*:1])cn3)CC2)cc1Cl,CC(C)N(CC1CCN([*:1])CC1)C1CC(O[*:2])C1,O=C1CCC(N2C(=O)c3ccc([*:2])cc3C2=O)C(=O)N1,AR,CRBN,837.38,5.06,187.16,12,2,12,0.5,0.232,-5.661,-5.845,US20180099940A1,2018,ARVINAS INC
CC(C)N(CC1CCN(c2ncc(C(=O)NC3CCC(Oc4ccc(C#N)c(Cl)c4)CC3)cn2)CC1)C1CC(Oc2ccc3c(c2)C(=O)N(C2CCC(=O)NC2=O)C3=O)C1,N#Cc1ccc(OC2CCC(NC(=O)c3cnc([*:1])nc3)CC2)cc1Cl,CC(C)N(CC1CCN([*:1])CC1)C1CC(O[*:2])C1,O=C1CCC(N2C(=O)c3ccc([*:2])cc3C2=O)C(=O)N1,AR,CRBN,837.38,5.06,187.16,12,2,12,0.5,0.232,-5.757,-6.006,US20180099940A1,2018,ARVINAS INC
CC1(C)C(NC(=O)c2ccc(C3CCN(CC4CCN(c5ccc6c(c5)C(=O)N(C5CCC(=O)NC5=O)C6=O)CC4)CC3)cc2)C(C)(C)C1Oc1ccc(C#N)c(Cl)c1,CC1(C)C(NC(=O)c2ccc([*:1])cc2)C(C)(C)C1Oc1ccc(C#N)c(Cl)c1,C1CN([*:2])CCC1CN1CCC([*:1])CC1,O=C1CCC(N2C(=O)c3ccc([*:2])cc3C2=O)C(=O)N1,AR,CRBN,819.4,6.32,152.15,9,2,9,0.478,0.237,-5.743,-6.192,US20180099940A1,2018,ARVINAS INC
CC1(C)C(NC(=O)c2ccc(N3CCN(CC4CCN(c5cc6c(cc5F)C(=O)N(C5CCC(=O)NC5=O)C6)CC4)CC3)cc2)C(C)(C)C1Oc1ccc(C#N)c(Cl)c1,CC1(C)C(NC(=O)c2ccc([*:1])cc2)C(C)(C)C1Oc1ccc(C#N)c(Cl)c1,C1CN([*:2])CCC1CN1CCN([*:1])CC1,O=C1CCC(N2Cc3cc([*:2])c(F)cc3C2=O)C(=O)N1,AR,CRBN,824.4,5.76,138.32,9,2,9,0.489,0.258,-5.603,-5.908,US20180099940A1,2018,ARVINAS INC
CC(C)N(CC1CCN(c2cnc(C(=O)NC3C(C)(C)C(Oc4ccc(C#N)c(Cl)c4)C3(C)C)cn2)CC1)C1CC(Oc2ccc3c(c2)C(=O)N(C2CCC(=O)NC2=O)C3=O)C1,CC1(C)C(NC(=O)c2cnc([*:1])cn2)C(C)(C)C1Oc1ccc(C#N)c(Cl)c1,CC(C)N(CC1CCN([*:1])CC1)C1CC(O[*:2])C1,O=C1CCC(N2C(=O)c3ccc([*:2])cc3C2=O)C(=O)N1,AR,CRBN,865.43,5.55,187.16,12,2,12,0.522,0.217,-5.672,-6.386,US20180099940A1,2018,ARVINAS INC
CC1(C)C(NC(=O)c2cnc(C3CCN(CC4CCN(c5ccc6c(c5)C(=O)N(C5CCC(=O)NC5=O)C6=O)CC4)CC3)nc2)C(C)(C)C1Oc1ccc(C#N)c(Cl)c1,CC1(C)C(NC(=O)c2cnc([*:1])nc2)C(C)(C)C1Oc1ccc(C#N)c(Cl)c1,C1CN([*:2])CCC1CN1CCC([*:1])CC1,O=C1CCC(N2C(=O)c3ccc([*:2])cc3C2=O)C(=O)N1,AR,CRBN,821.38,5.11,177.93,11,2,9,0.5,0.274,-5.721,-5.538,US20180099940A1,2018,ARVINAS INC
N#Cc1ncc(N2C(=O)C3(CCC3)N(c3ccc(C4CCN(CC5CCN(c6ccc7c(c6)C(=O)N(C6CCC(=O)NC6=O)C7=O)CC5)CC4)c(F)c3)C2=S)cc1Cl,N#Cc1ncc(N2C(=O)C3(CCC3)N(c3ccc([*:1])c(F)c3)C2=S)cc1Cl,C1CN([*:2])CCC1CN1CCC([*:1])CC1,O=C1CCC(N2C(=O)c3ccc([*:2])cc3C2=O)C(=O)N1,AR,CRBN,823.35,5.3,150.26,10,1,7,0.429,0.244,-5.41,-6.147,US20180099940A1,2018,ARVINAS INC
N#Cc1ncc(N2C(=O)C3(CCC3)N(c3ccc(N4CCC(CN5CCN(c6ccc7c(c6)C(=O)N(C6CCC(=O)NC6=O)C7=O)CC5)CC4)cc3)C2=S)cc1Cl,N#Cc1ncc(N2C(=O)C3(CCC3)N(c3ccc([*:1])cc3)C2=S)cc1Cl,C1CN([*:1])CCC1CN1CCN([*:2])CC1,O=C1CCC(N2C(=O)c3ccc([*:2])cc3C2=O)C(=O)N1,AR,CRBN,806.35,4.11,153.5,11,1,7,0.415,0.27,-5.505,-5.44,US20180099940A1,2018,ARVINAS INC
N#Cc1ncc(N2C(=O)C3(CCC3)N(c3ccc(N4CCC(CN5CCN(c6ccc7c(c6)C(=O)N(C6CCC(=O)NC6=O)C7=O)CC5)CC4)c(F)c3)C2=S)cc1Cl,N#Cc1ncc(N2C(=O)C3(CCC3)N(c3ccc([*:1])c(F)c3)C2=S)cc1Cl,C1CN([*:1])CCC1CN1CCN([*:2])CC1,O=C1CCC(N2C(=O)c3ccc([*:2])cc3C2=O)C(=O)N1,AR,CRBN,824.34,4.25,153.5,11,1,7,0.415,0.268,-5.384,-5.678,US20180099940A1,2018,ARVINAS INC
N#Cc1ncc(N2C(=O)C3(CCC3)N(c3ccc(C4CCN(CC5CCN(c6ccc7c(c6)C(=O)N(C6CCC(=O)NC6=O)C7=O)CC5)CC4)cc3)C2=S)cc1Cl,N#Cc1ncc(N2C(=O)C3(CCC3)N(c3ccc([*:1])cc3)C2=S)cc1Cl,C1CN([*:2])CCC1CN1CCC([*:1])CC1,O=C1CCC(N2C(=O)c3ccc([*:2])cc3C2=O)C(=O)N1,AR,CRBN,805.36,5.16,150.26,10,1,7,0.429,0.249,-5.549,-5.856,US20180099940A1,2018,ARVINAS INC
CC(C)N(CC1CCN(c2ncc(C(=O)NC3C(C)(C)C(Oc4ccc(C#N)c(Cl)c4)C3(C)C)cn2)CC1)C1CC(Oc2ccc3c(c2)C(=O)N(C2CCC(=O)NC2=O)C3=O)C1,CC1(C)C(NC(=O)c2cnc([*:1])nc2)C(C)(C)C1Oc1ccc(C#N)c(Cl)c1,CC(C)N(CC1CCN([*:1])CC1)C1CC(O[*:2])C1,O=C1CCC(N2C(=O)c3ccc([*:2])cc3C2=O)C(=O)N1,AR,CRBN,865.43,5.55,187.16,12,2,12,0.522,0.217,-5.719,-6.558,US20180099940A1,2018,ARVINAS INC
Cc1cc(OC2C(C)(C)C(NC(=O)c3cnc(N4CCC(CN(C(C)C)C5CC(Oc6ccc7c(c6)C(=O)N(C6CCC(=O)NC6=O)C7=O)C5)CC4)nc3)C2(C)C)cc(C)c1C#N,Cc1cc(OC2C(C)(C)C(NC(=O)c3cnc([*:1])nc3)C2(C)C)cc(C)c1C#N,CC(C)N(CC1CCN([*:1])CC1)C1CC(O[*:2])C1,O=C1CCC(N2C(=O)c3ccc([*:2])cc3C2=O)C(=O)N1,AR,CRBN,859.04,5.52,187.16,12,2,12,0.542,0.218,-5.682,-6.718,US20180099940A1,2018,ARVINAS INC
CC1(C)C(NC(=O)c2ccc(N3CCC(CN4CCN(c5ccc6c(c5)C(=O)N(C5CCC(=O)NC5=O)C6)CC4)CC3)cc2)C(C)(C)C1Oc1ccc(C#N)c(Cl)c1,CC1(C)C(NC(=O)c2ccc([*:1])cc2)C(C)(C)C1Oc1ccc(C#N)c(Cl)c1,C1CN([*:1])CCC1CN1CCN([*:2])CC1,O=C1CCC(N2Cc3ccc([*:2])cc3C2=O)C(=O)N1,AR,CRBN,806.41,5.62,138.32,9,2,9,0.489,0.264,-5.635,-5.729,US20180099940A1,2018,ARVINAS INC
CC(C)N(CC1CCN(c2ncc(C(=O)NC3CCC(Oc4ccc(C#N)c(Cl)c4)CC3)cn2)CC1)C1CC(Oc2ccc3c(c2)CN(C2CCC(=O)NC2=O)C3=O)C1,N#Cc1ccc(OC2CCC(NC(=O)c3cnc([*:1])nc3)CC2)cc1Cl,CC(C)N(CC1CCN([*:1])CC1)C1CC(O[*:2])C1,O=C1CCC(N2Cc3cc([*:2])ccc3C2=O)C(=O)N1,AR,CRBN,823.39,5.42,170.09,11,2,12,0.523,0.224,-5.77,-5.887,US20180099940A1,2018,ARVINAS INC
O=C1CCC(N2C(=O)c3ccc(OCCOCCOCCOCCOCCOc4ccc(-c5ccc6c(c5)[nH]c5ccncc56)cn4)cc3C2=O)C(=O)N1,c1cc2[nH]c3cc(-c4ccc([*:1])nc4)ccc3c2cn1,C(COCCOCCO[*:2])OCCOCCO[*:1],O=C1CCC(N2C(=O)c3ccc([*:2])cc3C2=O)C(=O)N1,VHL,CRBN,737.77,3.7,180.5,12,2,19,0.333,0.093,-5.483,-3.216,US20180125821A1,2018,YALE UNIVERSITY
Cn1c2ccncc2c2ccc(-c3cnc(OCCOCCOCCOCCOCCOc4ccc5c(c4)C(=O)N(C4CCC(=O)NC4=O)C5=O)c(C(F)(F)F)c3)cc21,Cn1c2ccncc2c2ccc(-c3cnc([*:1])c(C(F)(F)F)c3)cc21,C(COCCOCCO[*:2])OCCOCCO[*:1],O=C1CCC(N2C(=O)c3ccc([*:2])cc3C2=O)C(=O)N1,VHL,CRBN,819.79,4.73,169.64,12,1,19,0.366,0.09,-5.404,-3.777,US20180125821A1,2018,YALE UNIVERSITY
O=C1CCC(N2C(=O)c3cc(F)c(OCCOCCOCCOCCOCCOc4ccc(-c5ccc6c(c5)[nH]c5ccncc56)cn4)cc3C2=O)C(=O)N1,c1cc2[nH]c3cc(-c4ccc([*:1])nc4)ccc3c2cn1,C(COCCOCCO[*:2])OCCOCCO[*:1],O=C1CCC(N2C(=O)c3cc(F)c([*:2])cc3C2=O)C(=O)N1,VHL,CRBN,755.76,3.84,180.5,12,2,19,0.333,0.092,-5.318,-3.232,US20180125821A1,2018,YALE UNIVERSITY
O=C1CCC(N2C(=O)c3ccc(OCCOCCOCCOCCOCCOc4ccc(-c5ccc6c7cnccc7n(CC(F)(F)F)c6c5)cn4)cc3C2=O)C(=O)N1,FC(F)(F)Cn1c2ccncc2c2ccc(-c3ccc([*:1])nc3)cc21,C(COCCOCCO[*:2])OCCOCCO[*:1],O=C1CCC(N2C(=O)c3ccc([*:2])cc3C2=O)C(=O)N1,VHL,CRBN,819.79,4.74,169.64,12,1,20,0.366,0.085,-5.378,-3.774,US20180125821A1,2018,YALE UNIVERSITY
Cc1ncsc1-c1ccc(C(C)NC(=O)C2CC(O)CN2C(=O)C(NC(=O)COCCOCCOCCOCCOc2ncc(-c3ccc4c(c3)[nH]c3ccncc34)cc2C(F)(F)F)C(C)(C)C)cc1,FC(F)(F)c1cc(-c2ccc3c(c2)[nH]c2ccncc23)cnc1[*:1],O=C(COCCOCCOCCOCCO[*:1])[*:2],Cc1ncsc1-c1ccc(C(C)NC(=O)C2CC(O)CN2C(=O)C(N[*:2])C(C)(C)C)cc1,VHL,VHL,990.11,7.04,199.35,13,4,22,0.44,0.051,-5.783,-4.452,US20180125821A1,2018,YALE UNIVERSITY
O=C1CCC(N2C(=O)c3ccc(OCCOCCOCCOCCOCCOc4ccc(-c5ccc6c7cnccc7n(C(F)F)c6c5)cn4)cc3C2=O)C(=O)N1,FC(F)n1c2ccncc2c2ccc(-c3ccc([*:1])nc3)cc21,C(COCCOCCO[*:2])OCCOCCO[*:1],O=C1CCC(N2C(=O)c3ccc([*:2])cc3C2=O)C(=O)N1,VHL,CRBN,787.77,4.57,169.64,12,1,20,0.35,0.086,-5.311,-2.892,US20180125821A1,2018,YALE UNIVERSITY
Cn1c2ccncc2c2ccc(-c3cnc(OCCOCCOCCOCCOCCOc4ccc5c(c4)C(=O)N(C4CCC(=O)NC4=O)C5=O)c(F)c3)cc21,Cn1c2ccncc2c2ccc(-c3cnc([*:1])c(F)c3)cc21,C(COCCOCCO[*:2])OCCOCCO[*:1],O=C1CCC(N2C(=O)c3ccc([*:2])cc3C2=O)C(=O)N1,VHL,CRBN,769.78,3.85,169.64,12,1,19,0.35,0.095,-5.271,-3.308,US20180125821A1,2018,YALE UNIVERSITY
Cn1c2ccncc2c2ccc(-c3cnc(OCCOCCOCCOCCOCCOc4ccc5c(c4)C(=O)N(C4CCC(=O)NC4=O)C5=O)c(C#N)c3)cc21,Cn1c2ccncc2c2ccc(-c3cnc([*:1])c(C#N)c3)cc21,C(COCCOCCO[*:2])OCCOCCO[*:1],O=C1CCC(N2C(=O)c3ccc([*:2])cc3C2=O)C(=O)N1,VHL,CRBN,776.8,3.59,193.43,13,1,19,0.341,0.095,-5.621,-3.234,US20180125821A1,2018,YALE UNIVERSITY
Cn1c2ccncc2c2cc(F)c(-c3ccc(OCCOCCOCCOCCOCCOc4ccc5c(c4)C(=O)N(C4CCC(=O)NC4=O)C5=O)nc3)c(F)c21,Cn1c2ccncc2c2cc(F)c(-c3ccc([*:1])nc3)c(F)c21,C(COCCOCCO[*:2])OCCOCCO[*:1],O=C1CCC(N2C(=O)c3ccc([*:2])cc3C2=O)C(=O)N1,VHL,CRBN,787.77,3.99,169.64,12,1,19,0.35,0.095,-5.202,-3.031,US20180125821A1,2018,YALE UNIVERSITY
O=C1CCC(N2Cc3cc(N4CCN(CC5CCN(c6ccc(C7c8ccc(O)cc8CCC7c7ccccc7)cc6)CC5)CC4)ccc3C2=O)C(=O)N1,Oc1ccc2c(c1)CCC(c1ccccc1)C2c1ccc([*:1])cc1,C1CN([*:1])CCC1CN1CCN([*:2])CC1,O=C1CCC(N2Cc3cc([*:2])ccc3C2=O)C(=O)N1,CRBN,CRBN,723.92,6.05,96.43,7,2,7,0.4,0.224,-5.502,-4.867,US20160058872A1,2016,YALE UNIVERSITY
O=C1CCC(N2Cc3cc(N4CCN(CCC5CCN(c6ccc(C7c8ccc(O)cc8CCC7c7ccccc7)cc6)CC5)CC4)ccc3C2=O)C(=O)N1,Oc1ccc2c(c1)CCC(c1ccccc1)C2c1ccc([*:1])cc1,C(CN1CCN([*:2])CC1)C1CCN([*:1])CC1,O=C1CCC(N2Cc3cc([*:2])ccc3C2=O)C(=O)N1,CRBN,CRBN,737.94,6.44,96.43,7,2,8,0.413,0.201,-5.28,-4.719,US20160058872A1,2016,YALE UNIVERSITY
O=C1CCC(N2C(=O)c3ccc(N4CCN(CC5CCN(c6ccc(C7c8ccc(O)cc8CCC7c7ccccc7)cc6)CC5)CC4)cc3C2=O)C(=O)N1,Oc1ccc2c(c1)CCC(c1ccccc1)C2c1ccc([*:1])cc1,C1CN([*:1])CCC1CN1CCN([*:2])CC1,O=C1CCC(N2C(=O)c3ccc([*:2])cc3C2=O)C(=O)N1,CRBN,CRBN,737.9,5.69,113.5,8,2,7,0.378,0.233,-5.427,-5.227,US20160058872A1,2016,YALE UNIVERSITY
O=C1CCC(N2C(=O)c3ccc(N4CCN(CCC5CCN(c6ccc(C7c8ccc(O)cc8CCC7c7ccccc7)cc6)CC5)CC4)cc3C2=O)C(=O)N1,Oc1ccc2c(c1)CCC(c1ccccc1)C2c1ccc([*:1])cc1,C(CN1CCN([*:2])CC1)C1CCN([*:1])CC1,O=C1CCC(N2C(=O)c3ccc([*:2])cc3C2=O)C(=O)N1,CRBN,CRBN,751.93,6.08,113.5,8,2,8,0.391,0.209,-5.26,-5.077,US20160058872A1,2016,YALE UNIVERSITY
O=C1CCC(N2Cc3cc(N4CCN(CC5CCN(c6ccc(C7c8ccc(O)cc8CCC7c7ccccc7)cc6F)CC5)CC4)ccc3C2=O)C(=O)N1,Oc1ccc2c(c1)CCC(c1ccccc1)C2c1ccc([*:1])c(F)c1,C1CN([*:1])CCC1CN1CCN([*:2])CC1,O=C1CCC(N2Cc3cc([*:2])ccc3C2=O)C(=O)N1,CRBN,CRBN,741.91,6.19,96.43,7,2,7,0.4,0.218,-5.459,-4.944,US20160058872A1,2016,YALE UNIVERSITY
O=C1CCC(N2C(=O)c3cccc(OCCCCN4CCN(c5ccc(-n6cc(-c7ccc8c(c7)CCC8=NO)c(-c7ccncc7)n6)cc5)CC4)c3C2=O)C(=O)N1,ON=C1CCc2cc(-c3cn(-c4ccc([*:1])cc4)nc3-c3ccncc3)ccc21,C(CCN1CCN([*:1])CC1)CO[*:2],O=C1CCC(N2C(=O)c3cccc([*:2])c3C2=O)C(=O)N1,RAF,CRBN,778.87,5.11,162.56,11,2,11,0.295,0.08,-5.681,-3.893,US20180179183A1,2018,ARVINAS INC | YALE UNIVERSITY
Cc1ncsc1-c1ccc(CNC(=O)C2CC(O)CN2C(=O)C(NC(=O)COCCOc2ccc(-n3cc(-c4ccc5c(c4)CCC5=NO)c(-c4ccncc4)n3)cc2)C(C)(C)C)cc1,ON=C1CCc2cc(-c3cn(-c4ccc([*:1])cc4)nc3-c3ccncc3)ccc21,O=C(COCCO[*:1])[*:2],Cc1ncsc1-c1ccc(CNC(=O)C2CC(O)CN2C(=O)C(N[*:2])C(C)(C)C)cc1,RAF,VHL,897.07,6.36,193.39,12,4,15,0.327,0.051,-5.751,-4.261,US20180179183A1,2018,ARVINAS INC | YALE UNIVERSITY
O=C1CCC(N2C(=O)c3cccc(OCCCN4CCN(c5ccc(-n6cc(-c7ccc8c(c7)CCC8=NO)c(-c7ccncc7)n6)cc5)CC4)c3C2=O)C(=O)N1,ON=C1CCc2cc(-c3cn(-c4ccc([*:1])cc4)nc3-c3ccncc3)ccc21,C(CO[*:2])CN1CCN([*:1])CC1,O=C1CCC(N2C(=O)c3cccc([*:2])c3C2=O)C(=O)N1,RAF,CRBN,764.84,4.72,162.56,11,2,10,0.279,0.088,-5.676,-4.059,US20180179183A1,2018,ARVINAS INC | YALE UNIVERSITY
O=C1CCC(N2C(=O)c3ccc(N4CCN(CCOc5ccc(-n6cc(-c7ccc8c(c7)CCC8=NO)c(-c7ccncc7)n6)cc5)CC4)cc3C2=O)C(=O)N1,ON=C1CCc2cc(-c3cn(-c4ccc([*:1])cc4)nc3-c3ccncc3)ccc21,C(CN1CCN([*:2])CC1)O[*:1],O=C1CCC(N2C(=O)c3ccc([*:2])cc3C2=O)C(=O)N1,RAF,CRBN,750.82,4.33,162.56,11,2,9,0.262,0.126,-5.71,-4.831,US20180179183A1,2018,ARVINAS INC | YALE UNIVERSITY
CCCS(=O)(=O)Nc1ccc(F)c(C(=O)c2c[nH]c3ncc(N4CCN(C(=O)CCC(=O)NC(C(=O)N5CC(O)CC5C(=O)NCc5ccc(-c6scnc6C)cc5)C(C)(C)C)CC4)cc23)c1F,CCCS(=O)(=O)Nc1ccc(F)c(C(=O)c2c[nH]c3ncc([*:1])cc23)c1F,O=C(CCC(=O)[*:2])N1CCN([*:1])CC1,Cc1ncsc1-c1ccc(CNC(=O)C2CC(O)CN2C(=O)C(N[*:2])C(C)(C)C)cc1,RAF,VHL,976.14,4.89,227.1,12,5,16,0.426,0.084,-5.904,-4.232,US20180179183A1,2018,ARVINAS INC | YALE UNIVERSITY
CCCS(=O)(=O)Nc1ccc(F)c(C(=O)c2c[nH]c3ncc(-c4cccc(OCCOCC(=O)NC(C(=O)N5CC(O)CC5C(=O)NCc5ccc(-c6scnc6C)cc5)C(C)(C)C)c4)cc23)c1F,CCCS(=O)(=O)Nc1ccc(F)c(C(=O)c2c[nH]c3ncc(-c4cccc([*:1])c4)cc23)c1F,O=C(COCCO[*:1])[*:2],Cc1ncsc1-c1ccc(CNC(=O)C2CC(O)CN2C(=O)C(N[*:2])C(C)(C)C)cc1,RAF,VHL,986.13,6.53,222.01,12,5,19,0.347,0.043,-5.921,-5.048,US20180179183A1,2018,ARVINAS INC | YALE UNIVERSITY
O=C1CCC(N2C(=O)c3cccc(OCCCCN4CCN(c5ccc(-n6cc(Br)c(-c7ccncc7)n6)cc5)CC4)c3C2=O)C(=O)N1,Brc1cn(-c2ccc([*:1])cc2)nc1-c1ccncc1,C(CCN1CCN([*:1])CC1)CO[*:2],O=C1CCC(N2C(=O)c3cccc([*:2])c3C2=O)C(=O)N1,RAF,CRBN,712.6,4.08,129.97,9,1,10,0.314,0.191,-5.113,-4.715,US20180179183A1,2018,ARVINAS INC | YALE UNIVERSITY
O=C1CCC(N2C(=O)c3cccc(OCCCCN4CCN(c5ccc(-n6cc(-c7ccc8c(c7)CCC8=O)c(-c7ccncc7)n6)cc5)CC4)c3C2=O)C(=O)N1,O=C1CCc2cc(-c3cn(-c4ccc([*:1])cc4)nc3-c3ccncc3)ccc21,C(CCN1CCN([*:1])CC1)CO[*:2],O=C1CCC(N2C(=O)c3cccc([*:2])c3C2=O)C(=O)N1,RAF,CRBN,763.86,5.11,147.04,10,1,11,0.295,0.142,-5.354,-4.001,US20180179183A1,2018,ARVINAS INC | YALE UNIVERSITY
Cc1ncsc1-c1ccc(CNC(=O)C2CC(O)CN2C(=O)C(NC(=O)COCCOc2ccc(-n3cc(Br)c(-c4ccncc4)n3)cc2)C(C)(C)C)cc1,Brc1cn(-c2ccc([*:1])cc2)nc1-c1ccncc1,O=C(COCCO[*:1])[*:2],Cc1ncsc1-c1ccc(CNC(=O)C2CC(O)CN2C(=O)C(N[*:2])C(C)(C)C)cc1,RAF,VHL,830.81,5.33,160.8,10,3,14,0.35,0.126,-5.73,-4.4,US20180179183A1,2018,ARVINAS INC | YALE UNIVERSITY
Cc1ncsc1-c1ccc(CNC(=O)C2CC(O)CN2C(=O)C(NC(=O)COCCOc2ccc(-n3cc(-c4ccc5c(c4)CCC5=O)c(-c4ccncc4)n3)cc2)C(C)(C)C)cc1,O=C1CCc2cc(-c3cn(-c4ccc([*:1])cc4)nc3-c3ccncc3)ccc21,O=C(COCCO[*:1])[*:2],Cc1ncsc1-c1ccc(CNC(=O)C2CC(O)CN2C(=O)C(N[*:2])C(C)(C)C)cc1,RAF,VHL,882.06,6.37,177.87,11,3,15,0.327,0.098,-5.775,-4.304,US20180179183A1,2018,ARVINAS INC | YALE UNIVERSITY
O=C1CCC(N2C(=O)c3cccc(OCCCN4CCN(c5ccc(-n6cc(-c7ccc8c(c7)CCC8=O)c(-c7ccncc7)n6)cc5)CC4)c3C2=O)C(=O)N1,O=C1CCc2cc(-c3cn(-c4ccc([*:1])cc4)nc3-c3ccncc3)ccc21,C(CO[*:2])CN1CCN([*:1])CC1,O=C1CCC(N2C(=O)c3cccc([*:2])c3C2=O)C(=O)N1,RAF,CRBN,749.83,4.72,147.04,10,1,10,0.279,0.157,-5.365,-4.158,US20180179183A1,2018,ARVINAS INC | YALE UNIVERSITY
O=C1CCC(N2C(=O)c3ccc(N4CCN(CCOc5ccc(-n6cc(-c7ccc8c(c7)CCC8=O)c(-c7ccncc7)n6)cc5)CC4)cc3C2=O)C(=O)N1,O=C1CCc2cc(-c3cn(-c4ccc([*:1])cc4)nc3-c3ccncc3)ccc21,C(CN1CCN([*:2])CC1)O[*:1],O=C1CCC(N2C(=O)c3ccc([*:2])cc3C2=O)C(=O)N1,RAF,CRBN,735.8,4.33,147.04,10,1,9,0.262,0.217,-5.49,-4.805,US20180179183A1,2018,ARVINAS INC | YALE UNIVERSITY
O=C1CCC(N2C(=O)c3ccc(OCCN4CCN(c5ccc(-c6cnc7[nH]cc(C(=O)c8c(F)ccc(NS(=O)(=O)N9CCC(F)C9)c8F)c7c6)cc5)CC4)cc3C2=O)C(=O)N1,O=C(c1c(F)ccc(NS(=O)(=O)N2CCC(F)C2)c1F)c1c[nH]c2ncc(-c3ccc([*:1])cc3)cc12,C(CN1CCN([*:1])CC1)O[*:2],O=C1CCC(N2C(=O)c3ccc([*:2])cc3C2=O)C(=O)N1,RAF,CRBN,884.89,4.04,194.42,11,3,12,0.302,0.121,-5.6,-5.122,US20180179183A1,2018,ARVINAS INC | YALE UNIVERSITY
O=C1CCC(N2Cc3cc(N4CCN(CCOc5ccc(-c6cnc7[nH]cc(C(=O)c8c(F)ccc(NS(=O)(=O)N9CCC(F)C9)c8F)c7c6)cc5)CC4)ccc3C2=O)C(=O)N1,O=C(c1c(F)ccc(NS(=O)(=O)N2CCC(F)C2)c1F)c1c[nH]c2ncc(-c3ccc([*:1])cc3)cc12,C(CN1CCN([*:2])CC1)O[*:1],O=C1CCC(N2Cc3cc([*:2])ccc3C2=O)C(=O)N1,RAF,CRBN,870.91,4.4,177.35,10,3,12,0.326,0.12,-5.541,-4.755,US20180179183A1,2018,ARVINAS INC | YALE UNIVERSITY
O=C1CCC(N2Cc3cc(OCCN4CCN(c5ccc(-c6cnc7[nH]cc(C(=O)c8c(F)ccc(NS(=O)(=O)N9CCC(F)C9)c8F)c7c6)cc5)CC4)ccc3C2=O)C(=O)N1,O=C(c1c(F)ccc(NS(=O)(=O)N2CCC(F)C2)c1F)c1c[nH]c2ncc(-c3ccc([*:1])cc3)cc12,C(CN1CCN([*:1])CC1)O[*:2],O=C1CCC(N2Cc3cc([*:2])ccc3C2=O)C(=O)N1,RAF,CRBN,870.91,4.4,177.35,10,3,12,0.326,0.12,-5.541,-4.7,US20180179183A1,2018,ARVINAS INC | YALE UNIVERSITY
O=C1CCC(N2Cc3cc(OCCCN4CCN(c5ccc(-c6cnc7[nH]cc(C(=O)c8c(F)ccc(NS(=O)(=O)N9CCC(F)C9)c8F)c7c6)cc5)CC4)ccc3C2=O)C(=O)N1,O=C(c1c(F)ccc(NS(=O)(=O)N2CCC(F)C2)c1F)c1c[nH]c2ncc(-c3ccc([*:1])cc3)cc12,C(CO[*:2])CN1CCN([*:1])CC1,O=C1CCC(N2Cc3cc([*:2])ccc3C2=O)C(=O)N1,RAF,CRBN,884.94,4.79,177.35,10,3,13,0.341,0.085,-5.574,-4.797,US20180179183A1,2018,ARVINAS INC | YALE UNIVERSITY
O=C1CCC(N2Cc3cc(OCCCCN4CCN(c5ccc(-c6cnc7[nH]cc(C(=O)c8c(F)ccc(NS(=O)(=O)N9CCC(F)C9)c8F)c7c6)cc5)CC4)ccc3C2=O)C(=O)N1,O=C(c1c(F)ccc(NS(=O)(=O)N2CCC(F)C2)c1F)c1c[nH]c2ncc(-c3ccc([*:1])cc3)cc12,C(CCN1CCN([*:1])CC1)CO[*:2],O=C1CCC(N2Cc3cc([*:2])ccc3C2=O)C(=O)N1,RAF,CRBN,898.96,5.18,177.35,10,3,14,0.356,0.077,-5.572,-4.5,US20180179183A1,2018,ARVINAS INC | YALE UNIVERSITY
O=C1CCC(N2C(=O)c3cccc(N4CCN(CCOc5ccc(-c6cnc7[nH]cc(C(=O)c8c(F)ccc(NS(=O)(=O)N9CCC(F)C9)c8F)c7c6)cc5)CC4)c3C2=O)C(=O)N1,O=C(c1c(F)ccc(NS(=O)(=O)N2CCC(F)C2)c1F)c1c[nH]c2ncc(-c3ccc([*:1])cc3)cc12,C(CN1CCN([*:2])CC1)O[*:1],O=C1CCC(N2C(=O)c3cccc([*:2])c3C2=O)C(=O)N1,RAF,CRBN,884.89,4.04,194.42,11,3,12,0.302,0.121,-5.603,-5.336,US20180179183A1,2018,ARVINAS INC | YALE UNIVERSITY
O=C1CCC(N2C(=O)c3cccc(OCCN4CCN(c5ccc(-c6cnc7[nH]cc(C(=O)c8c(F)ccc(NS(=O)(=O)N9CCC(F)C9)c8F)c7c6)cc5)CC4)c3C2=O)C(=O)N1,O=C(c1c(F)ccc(NS(=O)(=O)N2CCC(F)C2)c1F)c1c[nH]c2ncc(-c3ccc([*:1])cc3)cc12,C(CN1CCN([*:1])CC1)O[*:2],O=C1CCC(N2C(=O)c3cccc([*:2])c3C2=O)C(=O)N1,RAF,CRBN,884.89,4.04,194.42,11,3,12,0.302,0.121,-5.586,-4.848,US20180179183A1,2018,ARVINAS INC | YALE UNIVERSITY
O=C1CCC(N2C(=O)c3ccc(N4CCN(CC5CCN(c6ccc(C7c8ccc(O)cc8CCC7c7ccccc7)cc6F)CC5)CC4)cc3C2=O)C(=O)N1,Oc1ccc2c(c1)CCC(c1ccccc1)C2c1ccc([*:1])c(F)c1,C1CN([*:1])CCC1CN1CCN([*:2])CC1,O=C1CCC(N2C(=O)c3ccc([*:2])cc3C2=O)C(=O)N1,CRBN,CRBN,755.89,5.83,113.5,8,2,7,0.378,0.227,-5.398,-5.163,US20160058872A1,2016,YALE UNIVERSITY
COC(=O)CC1N=C(c2ccc(Cl)cc2)c2c(sc(C(=O)NCCCCCNc3cccc4c3C(=O)N(C3CCC(=O)NC3=O)C4=O)c2C)-n2c(C)nnc21,COC(=O)CC1N=C(c2ccc(Cl)cc2)c2c(sc([*:1])c2C)-n2c(C)nnc21,O=C(NCCCCCN[*:2])[*:1],O=C1CCC(N2C(=O)c3cccc([*:2])c3C2=O)C(=O)N1,BRD4,CRBN,785.28,4.47,194.05,12,3,12,0.342,0.105,-5.206,-5.172,US20210130368A1,2021,DANA-FARBER CANCER INSTITUTE (INC.)
CCc1cc2c(cc1N1CCN(C(=O)CCCNc3cccc4c3C(=O)N(C3CCC(=O)NC3=O)C4=O)CC1)C(C)(C)c1[nH]c3cc(C#N)ccc3c1C2=O,CCc1cc2c(cc1[*:1])C(C)(C)c1[nH]c3cc(C#N)ccc3c1C2=O,O=C(CCCN[*:2])N1CCN([*:1])CC1,O=C1CCC(N2C(=O)c3cccc([*:2])c3C2=O)C(=O)N1,ALK,CRBN,739.83,4.41,175.78,9,3,8,0.357,0.175,-5.555,-6.55,US20200306273A1,2020,CHINESE ACADEMY OF SCIENCE
CCc1cc2c(cc1N1CCN(C(=O)CCCCCNc3cccc4c3C(=O)N(C3CCC(=O)NC3=O)C4=O)CC1)C(C)(C)c1[nH]c3cc(C#N)ccc3c1C2=O,CCc1cc2c(cc1[*:1])C(C)(C)c1[nH]c3cc(C#N)ccc3c1C2=O,O=C(CCCCCN[*:2])N1CCN([*:1])CC1,O=C1CCC(N2C(=O)c3cccc([*:2])c3C2=O)C(=O)N1,ALK,CRBN,767.89,5.19,175.78,9,3,10,0.386,0.145,-5.377,-7.064,US20200306273A1,2020,CHINESE ACADEMY OF SCIENCE
O=C1CCC(N2C(=O)c3cccc(NCCOCCOCCOCCC(=O)N4CCN(c5ccc(C(=O)Nc6n[nH]c7ccc(Cc8cc(F)cc(F)c8)cc67)c(NC6CCOCC6)c5)CC4)c3C2=O)C(=O)N1,O=C(Nc1n[nH]c2ccc(Cc3cc(F)cc(F)c3)cc12)c1ccc([*:1])cc1NC1CCOCC1,O=C(CCOCCOCCOCCN[*:2])N1CCN([*:1])CC1,O=C1CCC(N2C(=O)c3cccc([*:2])c3C2=O)C(=O)N1,ALK,CRBN,1006.08,4.88,225.86,14,5,21,0.404,0.049,-5.413,-4.674,US20200306273A1,2020,CHINESE ACADEMY OF SCIENCE
O=C1CCC(N2C(=O)c3cccc(NCCOCCC(=O)N4CCN(c5ccc(C(=O)Nc6n[nH]c7ccc(Cc8cc(F)cc(F)c8)cc67)c(NC6CCOCC6)c5)CC4)c3C2=O)C(=O)N1,O=C(Nc1n[nH]c2ccc(Cc3cc(F)cc(F)c3)cc12)c1ccc([*:1])cc1NC1CCOCC1,O=C(CCOCCN[*:2])N1CCN([*:1])CC1,O=C1CCC(N2C(=O)c3cccc([*:2])c3C2=O)C(=O)N1,ALK,CRBN,917.97,4.84,207.4,12,5,15,0.354,0.071,-5.602,-5.892,US20200306273A1,2020,CHINESE ACADEMY OF SCIENCE
O=C1CCC(N2C(=O)c3cccc(NCCOCCOCCC(=O)N4CCN(c5ccc(C(=O)Nc6n[nH]c7ccc(Cc8cc(F)cc(F)c8)cc67)c(NC6CCOCC6)c5)CC4)c3C2=O)C(=O)N1,O=C(Nc1n[nH]c2ccc(Cc3cc(F)cc(F)c3)cc12)c1ccc([*:1])cc1NC1CCOCC1,O=C(CCOCCOCCN[*:2])N1CCN([*:1])CC1,O=C1CCC(N2C(=O)c3cccc([*:2])c3C2=O)C(=O)N1,ALK,CRBN,962.02,4.86,216.63,13,5,18,0.38,0.059,-5.558,-5.229,US20200306273A1,2020,CHINESE ACADEMY OF SCIENCE
O=C1CCC(N2C(=O)c3cccc(NCC(=O)N4CCN(c5ccc(C(=O)Nc6n[nH]c7ccc(Cc8cc(F)cc(F)c8)cc67)c(NC6CCOCC6)c5)CC4)c3C2=O)C(=O)N1,O=C(Nc1n[nH]c2ccc(Cc3cc(F)cc(F)c3)cc12)c1ccc([*:1])cc1NC1CCOCC1,O=C(CN[*:2])N1CCN([*:1])CC1,O=C1CCC(N2C(=O)c3cccc([*:2])c3C2=O)C(=O)N1,ALK,CRBN,859.89,4.44,198.17,11,5,11,0.311,0.118,-5.648,-5.431,US20200306273A1,2020,CHINESE ACADEMY OF SCIENCE
O=C1CCC(N2C(=O)c3cccc(NCCC(=O)N4CCN(c5ccc(C(=O)Nc6n[nH]c7ccc(Cc8cc(F)cc(F)c8)cc67)c(NC6CCOCC6)c5)CC4)c3C2=O)C(=O)N1,O=C(Nc1n[nH]c2ccc(Cc3cc(F)cc(F)c3)cc12)c1ccc([*:1])cc1NC1CCOCC1,O=C(CCN[*:2])N1CCN([*:1])CC1,O=C1CCC(N2C(=O)c3cccc([*:2])c3C2=O)C(=O)N1,ALK,CRBN,873.92,4.83,198.17,11,5,12,0.326,0.108,-5.707,-6.544,US20200306273A1,2020,CHINESE ACADEMY OF SCIENCE
O=C1CCC(N2C(=O)c3cccc(NCCCC(=O)N4CCN(c5ccc(C(=O)Nc6n[nH]c7ccc(Cc8cc(F)cc(F)c8)cc67)c(NC6CCOCC6)c5)CC4)c3C2=O)C(=O)N1,O=C(Nc1n[nH]c2ccc(Cc3cc(F)cc(F)c3)cc12)c1ccc([*:1])cc1NC1CCOCC1,O=C(CCCN[*:2])N1CCN([*:1])CC1,O=C1CCC(N2C(=O)c3cccc([*:2])c3C2=O)C(=O)N1,ALK,CRBN,887.94,5.22,198.17,11,5,13,0.34,0.077,-5.636,-6.725,US20200306273A1,2020,CHINESE ACADEMY OF SCIENCE
O=C1CCC(N2C(=O)c3cccc(NCCCCC(=O)N4CCN(c5ccc(C(=O)Nc6n[nH]c7ccc(Cc8cc(F)cc(F)c8)cc67)c(NC6CCOCC6)c5)CC4)c3C2=O)C(=O)N1,O=C(Nc1n[nH]c2ccc(Cc3cc(F)cc(F)c3)cc12)c1ccc([*:1])cc1NC1CCOCC1,O=C(CCCCN[*:2])N1CCN([*:1])CC1,O=C1CCC(N2C(=O)c3cccc([*:2])c3C2=O)C(=O)N1,ALK,CRBN,901.97,5.61,198.17,11,5,14,0.354,0.069,-5.586,-6.713,US20200306273A1,2020,CHINESE ACADEMY OF SCIENCE
O=C1CCC(N2C(=O)c3cccc(NCCCCCC(=O)N4CCN(c5ccc(C(=O)Nc6n[nH]c7ccc(Cc8cc(F)cc(F)c8)cc67)c(NC6CCOCC6)c5)CC4)c3C2=O)C(=O)N1,O=C(Nc1n[nH]c2ccc(Cc3cc(F)cc(F)c3)cc12)c1ccc([*:1])cc1NC1CCOCC1,O=C(CCCCCN[*:2])N1CCN([*:1])CC1,O=C1CCC(N2C(=O)c3cccc([*:2])c3C2=O)C(=O)N1,ALK,CRBN,916.0,6.0,198.17,11,5,15,0.367,0.061,-5.59,-6.78,US20200306273A1,2020,CHINESE ACADEMY OF SCIENCE
O=C1CCC(N2C(=O)c3cccc(NCCCCCCC(=O)N4CCN(c5ccc(C(=O)Nc6n[nH]c7ccc(Cc8cc(F)cc(F)c8)cc67)c(NC6CCOCC6)c5)CC4)c3C2=O)C(=O)N1,O=C(Nc1n[nH]c2ccc(Cc3cc(F)cc(F)c3)cc12)c1ccc([*:1])cc1NC1CCOCC1,O=C(CCCCCCN[*:2])N1CCN([*:1])CC1,O=C1CCC(N2C(=O)c3cccc([*:2])c3C2=O)C(=O)N1,ALK,CRBN,930.03,6.39,198.17,11,5,16,0.38,0.054,-5.556,-6.892,US20200306273A1,2020,CHINESE ACADEMY OF SCIENCE
CC1CN(c2cc3c(cc2F)C(=O)N(C2CCC(=O)NC2=O)C3=O)CC(C)N1CC1CCN(c2ccc(C3c4ccc(O)cc4CCC3c3ccccc3)cc2)CC1,Oc1ccc2c(c1)CCC(c1ccccc1)C2c1ccc([*:1])cc1,CC1CN([*:2])CC(C)N1CC1CCN([*:1])CC1,O=C1CCC(N2C(=O)c3cc(F)c([*:2])cc3C2=O)C(=O)N1,BCR-ABL,CRBN,783.95,6.61,113.5,8,2,7,0.404,0.202,-5.033,-5.183,WO2023066350A1,2023,GLUETACS THERAPEUTICS SHANGHAI CO LTD
CC1CN(c2ccc3c(c2)C(=O)N(C2CCC(=O)NC2=O)C3=O)CC(C)N1CC1CCN(c2ccc(C3c4ccc(O)cc4CCC3c3ccccc3)cc2)CC1,Oc1ccc2c(c1)CCC(c1ccccc1)C2c1ccc([*:1])cc1,CC1CN([*:2])CC(C)N1CC1CCN([*:1])CC1,O=C1CCC(N2C(=O)c3ccc([*:2])cc3C2=O)C(=O)N1,BCR-ABL,CRBN,765.96,6.47,113.5,8,2,7,0.404,0.206,-5.045,-4.985,WO2023066350A1,2023,GLUETACS THERAPEUTICS SHANGHAI CO LTD
COC(C(=O)N1Cc2[nH]nc(NC(=O)c3ccc(N4CCC(CN5C(C)CN(c6cc7c(cc6F)C(=O)N(C6CCC(=O)NC6=O)C7=O)CC5C)CC4)cc3)c2C1)c1ccccc1,COC(C(=O)N1Cc2[nH]nc(NC(=O)c3ccc([*:1])cc3)c2C1)c1ccccc1,CC1CN([*:2])CC(C)N1CC1CCN([*:1])CC1,O=C1CCC(N2C(=O)c3cc(F)c([*:2])cc3C2=O)C(=O)N1,BCR-ABL,CRBN,859.96,4.25,180.59,11,3,10,0.413,0.194,-5.504,-3.786,WO2023066350A1,2023,GLUETACS THERAPEUTICS SHANGHAI CO LTD
COC(C(=O)N1Cc2[nH]nc(NC(=O)c3ccc(N4CCC(CN5C(C)CN(c6ccc7c(c6)C(=O)N(C6CCC(=O)NC6=O)C7=O)CC5C)CC4)cc3)c2C1)c1ccccc1,COC(C(=O)N1Cc2[nH]nc(NC(=O)c3ccc([*:1])cc3)c2C1)c1ccccc1,CC1CN([*:2])CC(C)N1CC1CCN([*:1])CC1,O=C1CCC(N2C(=O)c3ccc([*:2])cc3C2=O)C(=O)N1,BCR-ABL,CRBN,841.97,4.11,180.59,11,3,10,0.413,0.196,-5.493,-3.487,WO2023066350A1,2023,GLUETACS THERAPEUTICS SHANGHAI CO LTD
CC1CN(c2cc3c(cc2F)C(=O)N(C2CCC(=O)NC2=O)C3=O)CC(C)N1CC1CCN(c2ccc(C(=O)NC3C(C)(C)C(Oc4ccc(C#N)c(Cl)c4)C3(C)C)cn2)CC1,CC1(C)C(NC(=O)c2ccc([*:1])nc2)C(C)(C)C1Oc1ccc(C#N)c(Cl)c1,CC1CN([*:2])CC(C)N1CC1CCN([*:1])CC1,O=C1CCC(N2C(=O)c3cc(F)c([*:2])cc3C2=O)C(=O)N1,BCR-ABL,CRBN,867.42,5.57,168.28,11,2,9,0.5,0.258,-5.584,-6.242,WO2023066350A1,2023,GLUETACS THERAPEUTICS SHANGHAI CO LTD
CC1CN(c2ccc3c(c2)C(=O)N(C2CCC(=O)NC2=O)C3=O)CC(C)N1CC1CCN(c2ccc(C(=O)NC3C(C)(C)C(Oc4ccc(C#N)c(Cl)c4)C3(C)C)cn2)CC1,CC1(C)C(NC(=O)c2ccc([*:1])nc2)C(C)(C)C1Oc1ccc(C#N)c(Cl)c1,CC1CN([*:2])CC(C)N1CC1CCN([*:1])CC1,O=C1CCC(N2C(=O)c3ccc([*:2])cc3C2=O)C(=O)N1,BCR-ABL,CRBN,849.43,5.44,168.28,11,2,9,0.5,0.264,-5.5,-6.012,WO2023066350A1,2023,GLUETACS THERAPEUTICS SHANGHAI CO LTD
CC1CN(c2cc3c(cc2F)C(=O)N(C2CCC(=O)NC2=O)C3=O)CC(C)N1CC1CCN(c2ccc(C(=O)NC3CCC(Oc4ccc(C#N)c(Cl)c4)CC3)nn2)CC1,N#Cc1ccc(OC2CCC(NC(=O)c3ccc([*:1])nn3)CC2)cc1Cl,CC1CN([*:2])CC(C)N1CC1CCN([*:1])CC1,O=C1CCC(N2C(=O)c3cc(F)c([*:2])cc3C2=O)C(=O)N1,BCR-ABL,CRBN,840.36,4.48,181.17,12,2,9,0.488,0.289,-5.306,-5.875,WO2023066350A1,2023,GLUETACS THERAPEUTICS SHANGHAI CO LTD
CC1CN(c2ccc3c(c2)C(=O)N(C2CCC(=O)NC2=O)C3=O)CC(C)N1CC1CCN(c2ccc(C(=O)NC3CCC(Oc4ccc(C#N)c(Cl)c4)CC3)nn2)CC1,N#Cc1ccc(OC2CCC(NC(=O)c3ccc([*:1])nn3)CC2)cc1Cl,CC1CN([*:2])CC(C)N1CC1CCN([*:1])CC1,O=C1CCC(N2C(=O)c3ccc([*:2])cc3C2=O)C(=O)N1,BCR-ABL,CRBN,822.37,4.34,181.17,12,2,9,0.488,0.292,-5.36,-5.521,WO2023066350A1,2023,GLUETACS THERAPEUTICS SHANGHAI CO LTD
Cc1nc(Nc2ncc(C(=O)Nc3c(C)cccc3Cl)s2)cc(N2CCC(CN3CCC(c4ccc5c(c4)CN(C4CCC(=O)NC4=O)C5=O)CC3)CC2)n1,Cc1nc(Nc2ncc(C(=O)Nc3c(C)cccc3Cl)s2)cc([*:1])n1,C1CN([*:1])CCC1CN1CCC([*:2])CC1,O=C1CCC(N2Cc3cc([*:2])ccc3C2=O)C(=O)N1,BCR-ABL,CRBN,782.37,6.06,152.76,11,3,9,0.425,0.171,-5.692,-5.437,WO2023066350A1,2023,GLUETACS THERAPEUTICS SHANGHAI CO LTD
CC1(C)C(NC(=O)c2ccc(N3CCC(CN4CCC(c5ccc6c(c5)CN(C5CCC(=O)NC5=O)C6=O)CC4)CC3)nc2)C(C)(C)C1Oc1ccc(C#N)c(Cl)c1,CC1(C)C(NC(=O)c2ccc([*:1])nc2)C(C)(C)C1Oc1ccc(C#N)c(Cl)c1,C1CN([*:1])CCC1CN1CCC([*:2])CC1,O=C1CCC(N2Cc3cc([*:2])ccc3C2=O)C(=O)N1,BCR-ABL,CRBN,806.41,6.08,147.97,9,2,9,0.511,0.246,-5.676,-6.003,WO2023066350A1,2023,GLUETACS THERAPEUTICS SHANGHAI CO LTD
N#Cc1ccc(OC2CCC(NC(=O)c3ccc(N4CCC(CN5CCC(c6ccc7c(c6F)CN(C6CCC(=O)NC6=O)C7=O)CC5)CC4)nn3)CC2)cc1Cl,N#Cc1ccc(OC2CCC(NC(=O)c3ccc([*:1])nn3)CC2)cc1Cl,C1CN([*:1])CCC1CN1CCC([*:2])CC1,O=C1CCC(N2Cc3c(ccc([*:2])c3F)C2=O)C(=O)N1,BCR-ABL,CRBN,797.33,5.12,160.86,10,2,9,0.5,0.279,-5.522,-5.837,WO2023066350A1,2023,GLUETACS THERAPEUTICS SHANGHAI CO LTD
N#Cc1ccc(OC2CCC(NC(=O)c3ccc(N4CCC(CN5CCC(c6ccc7c(c6)CN(C6CCC(=O)NC6=O)C7=O)CC5)CC4)nn3)CC2)cc1Cl,N#Cc1ccc(OC2CCC(NC(=O)c3ccc([*:1])nn3)CC2)cc1Cl,C1CN([*:1])CCC1CN1CCC([*:2])CC1,O=C1CCC(N2Cc3cc([*:2])ccc3C2=O)C(=O)N1,BCR-ABL,CRBN,779.34,4.98,160.86,10,2,9,0.5,0.284,-5.552,-5.194,WO2023066350A1,2023,GLUETACS THERAPEUTICS SHANGHAI CO LTD
CC1CCc2cc(O)ccc2C1c1ccc(OCCN2CCC(CN3CCN(c4cc5c(cc4F)C(=O)N(C4CCC(=O)NC4=O)C5=O)CC3)CC2)cc1,CC1CCc2cc(O)ccc2C1c1ccc([*:1])cc1,C(CN1CCC(CN2CCN([*:2])CC2)CC1)O[*:1],O=C1CCC(N2C(=O)c3cc(F)c([*:2])cc3C2=O)C(=O)N1,BCR-ABL,CRBN,737.87,4.56,122.73,9,2,9,0.476,0.305,-5.552,-4.102,WO2023066350A1,2023,GLUETACS THERAPEUTICS SHANGHAI CO LTD
CC1CCc2cc(O)ccc2C1c1ccc(OCCN2CCC(CN3CCN(c4ccc5c(c4)C(=O)N(C4CCC(=O)NC4=O)C5=O)CC3)CC2)cc1,CC1CCc2cc(O)ccc2C1c1ccc([*:1])cc1,C(CN1CCC(CN2CCN([*:2])CC2)CC1)O[*:1],O=C1CCC(N2C(=O)c3ccc([*:2])cc3C2=O)C(=O)N1,BCR-ABL,CRBN,719.88,4.42,122.73,9,2,9,0.476,0.31,-5.619,-4.145,WO2023066350A1,2023,GLUETACS THERAPEUTICS SHANGHAI CO LTD
O=C1CCC(N2C(=O)c3cc(F)c(N4CCN(CC5CCN(CCOc6ccc(C7c8ccc(O)cc8CCC7c7ccccc7)cc6)CC5)CC4)cc3C2=O)C(=O)N1,Oc1ccc2c(c1)CCC(c1ccccc1)C2c1ccc([*:1])cc1,C(CN1CCC(CN2CCN([*:2])CC2)CC1)O[*:1],O=C1CCC(N2C(=O)c3cc(F)c([*:2])cc3C2=O)C(=O)N1,BCR-ABL,CRBN,799.94,5.71,122.73,9,2,10,0.404,0.195,-5.544,-4.386,WO2023066350A1,2023,GLUETACS THERAPEUTICS SHANGHAI CO LTD
O=C1CCC(N2C(=O)c3cc(F)c(C4CCN(CC5CCN(c6ccc(C7c8ccc(O)cc8CCC7c7ccccc7)cc6)CC5)CC4)cc3C2=O)C(=O)N1,Oc1ccc2c(c1)CCC(c1ccccc1)C2c1ccc([*:1])cc1,C1CN([*:1])CCC1CN1CCC([*:2])CC1,O=C1CCC(N2C(=O)c3cc(F)c([*:2])cc3C2=O)C(=O)N1,BCR-ABL,CRBN,754.9,6.89,110.26,7,2,7,0.391,0.198,-5.277,-5.345,WO2023066350A1,2023,GLUETACS THERAPEUTICS SHANGHAI CO LTD
O=C1CCC(N2C(=O)c3ccc(C4CCN(CC5CCN(c6ccc(C7c8ccc(O)cc8CCC7c7ccccc7)cc6)CC5)CC4)cc3C2=O)C(=O)N1,Oc1ccc2c(c1)CCC(c1ccccc1)C2c1ccc([*:1])cc1,C1CN([*:1])CCC1CN1CCC([*:2])CC1,O=C1CCC(N2C(=O)c3ccc([*:2])cc3C2=O)C(=O)N1,BCR-ABL,CRBN,736.91,6.75,110.26,7,2,7,0.391,0.202,-5.359,-5.326,WO2023066350A1,2023,GLUETACS THERAPEUTICS SHANGHAI CO LTD
O=C1CCC(N2C(=O)c3cc(F)c(N4CCN(CC5CCN(c6ccc(C7c8ccc(O)cc8CCC7c7ccccc7)cc6)CC5)CC4)cc3C2=O)C(=O)N1,Oc1ccc2c(c1)CCC(c1ccccc1)C2c1ccc([*:1])cc1,C1CN([*:1])CCC1CN1CCN([*:2])CC1,O=C1CCC(N2C(=O)c3cc(F)c([*:2])cc3C2=O)C(=O)N1,BCR-ABL,CRBN,755.89,5.83,113.5,8,2,7,0.378,0.227,-5.417,-5.138,WO2023066350A1,2023,GLUETACS THERAPEUTICS SHANGHAI CO LTD
CCC(=C(c1ccc(O)cc1)c1ccc(N2CCC(CN3CCC(c4cc5c(cc4F)C(=O)N(C4CCC(=O)NC4=O)C5=O)CC3)CC2)cc1)c1ccc(O)cc1,CCC(=C(c1ccc(O)cc1)c1ccc([*:1])cc1)c1ccc(O)cc1,C1CN([*:1])CCC1CN1CCC([*:2])CC1,O=C1CCC(N2C(=O)c3cc(F)c([*:2])cc3C2=O)C(=O)N1,BCR-ABL,CRBN,770.9,7.1,130.49,8,3,9,0.348,0.121,-5.501,-5.737,WO2023066350A1,2023,GLUETACS THERAPEUTICS SHANGHAI CO LTD
CCC(=C(c1ccc(O)cc1)c1ccc(N2CCC(CN3CCC(c4ccc5c(c4)C(=O)N(C4CCC(=O)NC4=O)C5=O)CC3)CC2)cc1)c1ccc(O)cc1,CCC(=C(c1ccc(O)cc1)c1ccc([*:1])cc1)c1ccc(O)cc1,C1CN([*:1])CCC1CN1CCC([*:2])CC1,O=C1CCC(N2C(=O)c3ccc([*:2])cc3C2=O)C(=O)N1,BCR-ABL,CRBN,752.91,6.96,130.49,8,3,9,0.348,0.124,-5.636,-5.326,WO2023066350A1,2023,GLUETACS THERAPEUTICS SHANGHAI CO LTD
CCC(=C(c1ccc(O)cc1)c1ccc(N2CCC(CN3C(C)CN(c4cc5c(cc4F)C(=O)N(C4CCC(=O)NC4=O)C5=O)CC3C)CC2)cc1)c1ccc(O)cc1,CCC(=C(c1ccc(O)cc1)c1ccc([*:1])cc1)c1ccc(O)cc1,CC1CN([*:2])CC(C)N1CC1CCN([*:1])CC1,O=C1CCC(N2C(=O)c3cc(F)c([*:2])cc3C2=O)C(=O)N1,BCR-ABL,CRBN,799.94,6.82,133.73,9,3,9,0.362,0.123,-5.417,-5.853,WO2023066350A1,2023,GLUETACS THERAPEUTICS SHANGHAI CO LTD
CCC(=C(c1ccc(O)cc1)c1ccc(N2CCC(CN3C(C)CN(c4ccc5c(c4)C(=O)N(C4CCC(=O)NC4=O)C5=O)CC3C)CC2)cc1)c1ccc(O)cc1,CCC(=C(c1ccc(O)cc1)c1ccc([*:1])cc1)c1ccc(O)cc1,CC1CN([*:2])CC(C)N1CC1CCN([*:1])CC1,O=C1CCC(N2C(=O)c3ccc([*:2])cc3C2=O)C(=O)N1,BCR-ABL,CRBN,781.95,6.68,133.73,9,3,9,0.362,0.126,-5.529,-5.685,WO2023066350A1,2023,GLUETACS THERAPEUTICS SHANGHAI CO LTD
CCC(=C(c1ccc(O)cc1)c1ccc(N2CCC(CN3CCN(c4cc5c(cc4F)C(=O)N(C4CCC(=O)NC4=O)C5=O)CC3)CC2)cc1)c1ccc(O)cc1,CCC(=C(c1ccc(O)cc1)c1ccc([*:1])cc1)c1ccc(O)cc1,C1CN([*:1])CCC1CN1CCN([*:2])CC1,O=C1CCC(N2C(=O)c3cc(F)c([*:2])cc3C2=O)C(=O)N1,BCR-ABL,CRBN,771.89,6.05,133.73,9,3,9,0.333,0.138,-5.582,-5.699,WO2023066350A1,2023,GLUETACS THERAPEUTICS SHANGHAI CO LTD
CCC(=C(c1ccc(O)cc1)c1ccc(N2CCC(CN3CCN(c4ccc5c(c4)C(=O)N(C4CCC(=O)NC4=O)C5=O)CC3)CC2)cc1)c1ccc(O)cc1,CCC(=C(c1ccc(O)cc1)c1ccc([*:1])cc1)c1ccc(O)cc1,C1CN([*:1])CCC1CN1CCN([*:2])CC1,O=C1CCC(N2C(=O)c3ccc([*:2])cc3C2=O)C(=O)N1,BCR-ABL,CRBN,753.9,5.91,133.73,9,3,9,0.333,0.141,-5.631,-5.434,WO2023066350A1,2023,GLUETACS THERAPEUTICS SHANGHAI CO LTD
CCC(=C(c1ccc(O)cc1)c1ccc(N2CCC(CN3CCC(c4cc5c(cc4F)C(=O)N(C4CCC(=O)NC4=O)C5=O)CC3)CC2)cc1)c1ccccc1,CCC(=C(c1ccc(O)cc1)c1ccc([*:1])cc1)c1ccccc1,C1CN([*:1])CCC1CN1CCC([*:2])CC1,O=C1CCC(N2C(=O)c3cc(F)c([*:2])cc3C2=O)C(=O)N1,BCR-ABL,CRBN,754.9,7.4,110.26,7,2,9,0.348,0.135,-5.384,-5.899,WO2023066350A1,2023,GLUETACS THERAPEUTICS SHANGHAI CO LTD
CCC(=C(c1ccc(O)cc1)c1ccc(N2CCC(CN3CCC(c4ccc5c(c4)C(=O)N(C4CCC(=O)NC4=O)C5=O)CC3)CC2)cc1)c1ccccc1,CCC(=C(c1ccc(O)cc1)c1ccc([*:1])cc1)c1ccccc1,C1CN([*:1])CCC1CN1CCC([*:2])CC1,O=C1CCC(N2C(=O)c3ccc([*:2])cc3C2=O)C(=O)N1,BCR-ABL,CRBN,736.91,7.26,110.26,7,2,9,0.348,0.138,-5.48,-5.332,WO2023066350A1,2023,GLUETACS THERAPEUTICS SHANGHAI CO LTD
CCC(=C(c1ccc(O)cc1)c1ccc(N2CCC(CN3C(C)CN(c4cc5c(cc4F)C(=O)N(C4CCC(=O)NC4=O)C5=O)CC3C)CC2)cc1)c1ccccc1,CCC(=C(c1ccc(O)cc1)c1ccc([*:1])cc1)c1ccccc1,CC1CN([*:2])CC(C)N1CC1CCN([*:1])CC1,O=C1CCC(N2C(=O)c3cc(F)c([*:2])cc3C2=O)C(=O)N1,BCR-ABL,CRBN,783.95,7.12,113.5,8,2,9,0.362,0.136,-5.344,-6.289,WO2023066350A1,2023,GLUETACS THERAPEUTICS SHANGHAI CO LTD
CCC(=C(c1ccc(O)cc1)c1ccc(N2CCC(CN3C(C)CN(c4ccc5c(c4)C(=O)N(C4CCC(=O)NC4=O)C5=O)CC3C)CC2)cc1)c1ccccc1,CCC(=C(c1ccc(O)cc1)c1ccc([*:1])cc1)c1ccccc1,CC1CN([*:2])CC(C)N1CC1CCN([*:1])CC1,O=C1CCC(N2C(=O)c3ccc([*:2])cc3C2=O)C(=O)N1,BCR-ABL,CRBN,765.96,6.98,113.5,8,2,9,0.362,0.139,-5.421,-5.92,WO2023066350A1,2023,GLUETACS THERAPEUTICS SHANGHAI CO LTD
CCC(=C(c1ccc(O)cc1)c1ccc(N2CCC(CN3CCN(c4cc5c(cc4F)C(=O)N(C4CCC(=O)NC4=O)C5=O)CC3)CC2)cc1)c1ccccc1,CCC(=C(c1ccc(O)cc1)c1ccc([*:1])cc1)c1ccccc1,C1CN([*:1])CCC1CN1CCN([*:2])CC1,O=C1CCC(N2C(=O)c3cc(F)c([*:2])cc3C2=O)C(=O)N1,BCR-ABL,CRBN,755.89,6.34,113.5,8,2,9,0.333,0.15,-5.444,-6.037,WO2023066350A1,2023,GLUETACS THERAPEUTICS SHANGHAI CO LTD
CCC(=C(c1ccc(O)cc1)c1ccc(N2CCC(CN3CCN(c4ccc5c(c4)C(=O)N(C4CCC(=O)NC4=O)C5=O)CC3)CC2)cc1)c1ccccc1,CCC(=C(c1ccc(O)cc1)c1ccc([*:1])cc1)c1ccccc1,C1CN([*:1])CCC1CN1CCN([*:2])CC1,O=C1CCC(N2C(=O)c3ccc([*:2])cc3C2=O)C(=O)N1,BCR-ABL,CRBN,737.9,6.2,113.5,8,2,9,0.333,0.154,-5.514,-5.377,WO2023066350A1,2023,GLUETACS THERAPEUTICS SHANGHAI CO LTD
CCC(=C(c1ccc(O)cc1)c1ccc(OCCN2CCC(CN3CCN(c4cc5c(cc4F)C(=O)N(C4CCC(=O)NC4=O)C5=O)CC3)CC2)cc1)c1ccc(O)cc1,CCC(=C(c1ccc(O)cc1)c1ccc([*:1])cc1)c1ccc(O)cc1,C(CN1CCC(CN2CCN([*:2])CC2)CC1)O[*:1],O=C1CCC(N2C(=O)c3cc(F)c([*:2])cc3C2=O)C(=O)N1,BCR-ABL,CRBN,815.94,5.92,142.96,10,3,12,0.362,0.117,-5.597,-5.27,WO2023066350A1,2023,GLUETACS THERAPEUTICS SHANGHAI CO LTD
CCC(=C(c1ccc(O)cc1)c1ccc(OCCN2CCC(CN3CCN(c4cc5c(cc4F)C(=O)N(C4CCC(=O)NC4=O)C5=O)CC3)CC2)cc1)c1ccccc1,CCC(=C(c1ccc(O)cc1)c1ccc([*:1])cc1)c1ccccc1,C(CN1CCC(CN2CCN([*:2])CC2)CC1)O[*:1],O=C1CCC(N2C(=O)c3cc(F)c([*:2])cc3C2=O)C(=O)N1,BCR-ABL,CRBN,799.94,6.21,122.73,9,2,12,0.362,0.127,-5.494,-5.576,WO2023066350A1,2023,GLUETACS THERAPEUTICS SHANGHAI CO LTD
CCC(=C(c1ccccc1)c1ccc(OCCN2CCC(CN3CCN(c4cc5c(cc4F)C(=O)N(C4CCC(=O)NC4=O)C5=O)CC3)CC2)cc1)c1ccccc1,CCC(=C(c1ccccc1)c1ccc([*:1])cc1)c1ccccc1,C(CN1CCC(CN2CCN([*:2])CC2)CC1)O[*:1],O=C1CCC(N2C(=O)c3cc(F)c([*:2])cc3C2=O)C(=O)N1,BCR-ABL,CRBN,783.94,6.51,102.5,8,1,12,0.362,0.128,-5.414,-5.609,WO2023066350A1,2023,GLUETACS THERAPEUTICS SHANGHAI CO LTD
CCC(=C(c1ccc(O)cc1)c1ccc(OCCN2CCC(CN3CCN(c4ccc5c(c4)C(=O)N(C4CCC(=O)NC4=O)C5=O)CC3)CC2)cc1)c1ccc(O)cc1,CCC(=C(c1ccc(O)cc1)c1ccc([*:1])cc1)c1ccc(O)cc1,C(CN1CCC(CN2CCN([*:2])CC2)CC1)O[*:1],O=C1CCC(N2C(=O)c3ccc([*:2])cc3C2=O)C(=O)N1,BCR-ABL,CRBN,797.95,5.78,142.96,10,3,12,0.362,0.119,-5.658,-4.893,WO2023066350A1,2023,GLUETACS THERAPEUTICS SHANGHAI CO LTD
CCC(=C(c1ccc(O)cc1)c1ccc(OCCN2CCC(CN3CCN(c4ccc5c(c4)C(=O)N(C4CCC(=O)NC4=O)C5=O)CC3)CC2)cc1)c1ccccc1,CCC(=C(c1ccc(O)cc1)c1ccc([*:1])cc1)c1ccccc1,C(CN1CCC(CN2CCN([*:2])CC2)CC1)O[*:1],O=C1CCC(N2C(=O)c3ccc([*:2])cc3C2=O)C(=O)N1,BCR-ABL,CRBN,781.95,6.08,122.73,9,2,12,0.362,0.13,-5.553,-4.899,WO2023066350A1,2023,GLUETACS THERAPEUTICS SHANGHAI CO LTD
CCC(=C(c1ccccc1)c1ccc(OCCN2CCC(CN3CCN(c4ccc5c(c4)C(=O)N(C4CCC(=O)NC4=O)C5=O)CC3)CC2)cc1)c1ccccc1,CCC(=C(c1ccccc1)c1ccc([*:1])cc1)c1ccccc1,C(CN1CCC(CN2CCN([*:2])CC2)CC1)O[*:1],O=C1CCC(N2C(=O)c3ccc([*:2])cc3C2=O)C(=O)N1,BCR-ABL,CRBN,765.96,6.37,102.5,8,1,12,0.362,0.131,-5.496,-5.302,WO2023066350A1,2023,GLUETACS THERAPEUTICS SHANGHAI CO LTD
O=C1CCC(N2C(=O)c3cc(F)c(C4CCN(CC5CCN(c6ccc(C(=C(CCCl)c7ccc(O)cc7)c7ccc(O)cc7)cc6)CC5)CC4)cc3C2=O)C(=O)N1,Oc1ccc(C(CCCl)=C(c2ccc(O)cc2)c2ccc([*:1])cc2)cc1,C1CN([*:1])CCC1CN1CCC([*:2])CC1,O=C1CCC(N2C(=O)c3cc(F)c([*:2])cc3C2=O)C(=O)N1,BCR-ABL,CRBN,805.35,7.32,130.49,8,3,10,0.348,0.086,-5.536,-5.42,WO2023066350A1,2023,GLUETACS THERAPEUTICS SHANGHAI CO LTD
O=C1CCC(N2C(=O)c3ccc(C4CCN(CC5CCN(c6ccc(C(=C(CCCl)c7ccc(O)cc7)c7ccc(O)cc7)cc6)CC5)CC4)cc3C2=O)C(=O)N1,Oc1ccc(C(CCCl)=C(c2ccc(O)cc2)c2ccc([*:1])cc2)cc1,C1CN([*:1])CCC1CN1CCC([*:2])CC1,O=C1CCC(N2C(=O)c3ccc([*:2])cc3C2=O)C(=O)N1,BCR-ABL,CRBN,787.36,7.18,130.49,8,3,10,0.348,0.088,-5.673,-5.281,WO2023066350A1,2023,GLUETACS THERAPEUTICS SHANGHAI CO LTD
CC1CN(c2cc3c(cc2F)C(=O)N(C2CCC(=O)NC2=O)C3=O)CC(C)N1CC1CCN(c2ccc(C(=C(CCCl)c3ccc(O)cc3)c3ccc(O)cc3)cc2)CC1,Oc1ccc(C(CCCl)=C(c2ccc(O)cc2)c2ccc([*:1])cc2)cc1,CC1CN([*:2])CC(C)N1CC1CCN([*:1])CC1,O=C1CCC(N2C(=O)c3cc(F)c([*:2])cc3C2=O)C(=O)N1,BCR-ABL,CRBN,834.39,7.04,133.73,9,3,10,0.362,0.087,-5.489,-5.618,WO2023066350A1,2023,GLUETACS THERAPEUTICS SHANGHAI CO LTD
CC1CN(c2ccc3c(c2)C(=O)N(C2CCC(=O)NC2=O)C3=O)CC(C)N1CC1CCN(c2ccc(C(=C(CCCl)c3ccc(O)cc3)c3ccc(O)cc3)cc2)CC1,Oc1ccc(C(CCCl)=C(c2ccc(O)cc2)c2ccc([*:1])cc2)cc1,CC1CN([*:2])CC(C)N1CC1CCN([*:1])CC1,O=C1CCC(N2C(=O)c3ccc([*:2])cc3C2=O)C(=O)N1,BCR-ABL,CRBN,816.4,6.9,133.73,9,3,10,0.362,0.089,-5.525,-5.262,WO2023066350A1,2023,GLUETACS THERAPEUTICS SHANGHAI CO LTD
O=C1CCC(N2C(=O)c3cc(F)c(N4CCN(CC5CCN(c6ccc(C(=C(CCCl)c7ccc(O)cc7)c7ccc(O)cc7)cc6)CC5)CC4)cc3C2=O)C(=O)N1,Oc1ccc(C(CCCl)=C(c2ccc(O)cc2)c2ccc([*:1])cc2)cc1,C1CN([*:1])CCC1CN1CCN([*:2])CC1,O=C1CCC(N2C(=O)c3cc(F)c([*:2])cc3C2=O)C(=O)N1,BCR-ABL,CRBN,806.34,6.26,133.73,9,3,10,0.333,0.097,-5.71,-5.342,WO2023066350A1,2023,GLUETACS THERAPEUTICS SHANGHAI CO LTD
O=C1CCC(N2C(=O)c3ccc(N4CCN(CC5CCN(c6ccc(C(=C(CCCl)c7ccc(O)cc7)c7ccc(O)cc7)cc6)CC5)CC4)cc3C2=O)C(=O)N1,Oc1ccc(C(CCCl)=C(c2ccc(O)cc2)c2ccc([*:1])cc2)cc1,C1CN([*:1])CCC1CN1CCN([*:2])CC1,O=C1CCC(N2C(=O)c3ccc([*:2])cc3C2=O)C(=O)N1,BCR-ABL,CRBN,788.35,6.13,133.73,9,3,10,0.333,0.099,-5.746,-5.127,WO2023066350A1,2023,GLUETACS THERAPEUTICS SHANGHAI CO LTD
O=C1CCC(N2C(=O)c3cc(F)c(C4CCN(CC5CCN(c6ccc(C(=C(CCCl)c7ccccc7)c7ccc(O)cc7)cc6)CC5)CC4)cc3C2=O)C(=O)N1,Oc1ccc(C(=C(CCCl)c2ccccc2)c2ccc([*:1])cc2)cc1,C1CN([*:1])CCC1CN1CCC([*:2])CC1,O=C1CCC(N2C(=O)c3cc(F)c([*:2])cc3C2=O)C(=O)N1,BCR-ABL,CRBN,789.35,7.62,110.26,7,2,10,0.348,0.097,-5.436,-5.496,WO2023066350A1,2023,GLUETACS THERAPEUTICS SHANGHAI CO LTD
O=C1CCC(N2C(=O)c3ccc(C4CCN(CC5CCN(c6ccc(C(=C(CCCl)c7ccccc7)c7ccc(O)cc7)cc6)CC5)CC4)cc3C2=O)C(=O)N1,Oc1ccc(C(=C(CCCl)c2ccccc2)c2ccc([*:1])cc2)cc1,C1CN([*:1])CCC1CN1CCC([*:2])CC1,O=C1CCC(N2C(=O)c3ccc([*:2])cc3C2=O)C(=O)N1,BCR-ABL,CRBN,771.36,7.48,110.26,7,2,10,0.348,0.098,-5.584,-4.952,WO2023066350A1,2023,GLUETACS THERAPEUTICS SHANGHAI CO LTD
CC1CN(c2cc3c(cc2F)C(=O)N(C2CCC(=O)NC2=O)C3=O)CC(C)N1CC1CCN(c2ccc(C(=C(CCCl)c3ccccc3)c3ccc(O)cc3)cc2)CC1,Oc1ccc(C(=C(CCCl)c2ccccc2)c2ccc([*:1])cc2)cc1,CC1CN([*:2])CC(C)N1CC1CCN([*:1])CC1,O=C1CCC(N2C(=O)c3cc(F)c([*:2])cc3C2=O)C(=O)N1,BCR-ABL,CRBN,818.39,7.34,113.5,8,2,10,0.362,0.097,-5.301,-6.045,WO2023066350A1,2023,GLUETACS THERAPEUTICS SHANGHAI CO LTD
CC1CN(c2ccc3c(c2)C(=O)N(C2CCC(=O)NC2=O)C3=O)CC(C)N1CC1CCN(c2ccc(C(=C(CCCl)c3ccccc3)c3ccc(O)cc3)cc2)CC1,Oc1ccc(C(=C(CCCl)c2ccccc2)c2ccc([*:1])cc2)cc1,CC1CN([*:2])CC(C)N1CC1CCN([*:1])CC1,O=C1CCC(N2C(=O)c3ccc([*:2])cc3C2=O)C(=O)N1,BCR-ABL,CRBN,800.4,7.2,113.5,8,2,10,0.362,0.099,-5.291,-5.357,WO2023066350A1,2023,GLUETACS THERAPEUTICS SHANGHAI CO LTD
O=C1CCC(N2C(=O)c3cc(F)c(N4CCN(CC5CCN(c6ccc(C(=C(CCCl)c7ccccc7)c7ccc(O)cc7)cc6)CC5)CC4)cc3C2=O)C(=O)N1,Oc1ccc(C(=C(CCCl)c2ccccc2)c2ccc([*:1])cc2)cc1,C1CN([*:1])CCC1CN1CCN([*:2])CC1,O=C1CCC(N2C(=O)c3cc(F)c([*:2])cc3C2=O)C(=O)N1,BCR-ABL,CRBN,790.34,6.56,113.5,8,2,10,0.333,0.106,-5.532,-5.184,WO2023066350A1,2023,GLUETACS THERAPEUTICS SHANGHAI CO LTD
O=C1CCC(N2C(=O)c3ccc(N4CCN(CC5CCN(c6ccc(C(=C(CCCl)c7ccccc7)c7ccc(O)cc7)cc6)CC5)CC4)cc3C2=O)C(=O)N1,Oc1ccc(C(=C(CCCl)c2ccccc2)c2ccc([*:1])cc2)cc1,C1CN([*:1])CCC1CN1CCN([*:2])CC1,O=C1CCC(N2C(=O)c3ccc([*:2])cc3C2=O)C(=O)N1,BCR-ABL,CRBN,772.35,6.42,113.5,8,2,10,0.333,0.108,-5.614,-4.852,WO2023066350A1,2023,GLUETACS THERAPEUTICS SHANGHAI CO LTD
O=C1CCC(N2C(=O)c3cc(F)c(N4CCN(CC5CCN(CCOc6ccc(C(=C(CCCl)c7ccc(O)cc7)c7ccc(O)cc7)cc6)CC5)CC4)cc3C2=O)C(=O)N1,Oc1ccc(C(CCCl)=C(c2ccc(O)cc2)c2ccc([*:1])cc2)cc1,C(CN1CCC(CN2CCN([*:2])CC2)CC1)O[*:1],O=C1CCC(N2C(=O)c3cc(F)c([*:2])cc3C2=O)C(=O)N1,BCR-ABL,CRBN,850.39,6.14,142.96,10,3,13,0.362,0.082,-5.659,-4.958,WO2023066350A1,2023,GLUETACS THERAPEUTICS SHANGHAI CO LTD
O=C1CCC(N2C(=O)c3cc(F)c(N4CCN(CC5CCN(CCOc6ccc(C(=C(CCCl)c7ccccc7)c7ccc(O)cc7)cc6)CC5)CC4)cc3C2=O)C(=O)N1,Oc1ccc(C(=C(CCCl)c2ccccc2)c2ccc([*:1])cc2)cc1,C(CN1CCC(CN2CCN([*:2])CC2)CC1)O[*:1],O=C1CCC(N2C(=O)c3cc(F)c([*:2])cc3C2=O)C(=O)N1,BCR-ABL,CRBN,834.39,6.43,122.73,9,2,13,0.362,0.089,-5.535,-5.03,WO2023066350A1,2023,GLUETACS THERAPEUTICS SHANGHAI CO LTD
O=C1CCC(N2C(=O)c3cc(F)c(N4CCN(CC5CCN(CCOc6ccc(C(=C(CCCl)c7ccccc7)c7ccccc7)cc6)CC5)CC4)cc3C2=O)C(=O)N1,ClCCC(=C(c1ccccc1)c1ccc([*:1])cc1)c1ccccc1,C(CN1CCC(CN2CCN([*:2])CC2)CC1)O[*:1],O=C1CCC(N2C(=O)c3cc(F)c([*:2])cc3C2=O)C(=O)N1,BCR-ABL,CRBN,818.39,6.73,102.5,8,1,13,0.362,0.09,-5.387,-5.144,WO2023066350A1,2023,GLUETACS THERAPEUTICS SHANGHAI CO LTD
O=C1CCC(N2C(=O)c3ccc(N4CCN(CC5CCN(CCOc6ccc(C(=C(CCCl)c7ccc(O)cc7)c7ccc(O)cc7)cc6)CC5)CC4)cc3C2=O)C(=O)N1,Oc1ccc(C(CCCl)=C(c2ccc(O)cc2)c2ccc([*:1])cc2)cc1,C(CN1CCC(CN2CCN([*:2])CC2)CC1)O[*:1],O=C1CCC(N2C(=O)c3ccc([*:2])cc3C2=O)C(=O)N1,BCR-ABL,CRBN,832.4,6.0,142.96,10,3,13,0.362,0.083,-5.686,-4.817,WO2023066350A1,2023,GLUETACS THERAPEUTICS SHANGHAI CO LTD
O=C1CCC(N2C(=O)c3ccc(N4CCN(CC5CCN(CCOc6ccc(C(=C(CCCl)c7ccccc7)c7ccc(O)cc7)cc6)CC5)CC4)cc3C2=O)C(=O)N1,Oc1ccc(C(=C(CCCl)c2ccccc2)c2ccc([*:1])cc2)cc1,C(CN1CCC(CN2CCN([*:2])CC2)CC1)O[*:1],O=C1CCC(N2C(=O)c3ccc([*:2])cc3C2=O)C(=O)N1,BCR-ABL,CRBN,816.4,6.29,122.73,9,2,13,0.362,0.091,-5.604,-4.638,WO2023066350A1,2023,GLUETACS THERAPEUTICS SHANGHAI CO LTD
O=C1CCC(N2C(=O)c3ccc(N4CCN(CC5CCN(CCOc6ccc(C(=C(CCCl)c7ccccc7)c7ccccc7)cc6)CC5)CC4)cc3C2=O)C(=O)N1,ClCCC(=C(c1ccccc1)c1ccc([*:1])cc1)c1ccccc1,C(CN1CCC(CN2CCN([*:2])CC2)CC1)O[*:1],O=C1CCC(N2C(=O)c3ccc([*:2])cc3C2=O)C(=O)N1,BCR-ABL,CRBN,800.4,6.59,102.5,8,1,13,0.362,0.092,-5.455,-4.508,WO2023066350A1,2023,GLUETACS THERAPEUTICS SHANGHAI CO LTD
CNC(=O)c1ccccc1Nc1cc(Cc2ccc(N3CCC(CN4CCC(c5cc6c(cc5F)C(=O)N(C5CCC(=O)NC5=O)C6=O)CC4)CC3)cc2OC)ncc1C(F)(F)F,CNC(=O)c1ccccc1Nc1cc(Cc2ccc([*:1])cc2OC)ncc1C(F)(F)F,C1CN([*:1])CCC1CN1CCC([*:2])CC1,O=C1CCC(N2C(=O)c3cc(F)c([*:2])cc3C2=O)C(=O)N1,BCR-ABL,CRBN,869.92,6.44,153.28,10,3,11,0.391,0.114,-5.604,-6.862,WO2023066350A1,2023,GLUETACS THERAPEUTICS SHANGHAI CO LTD
CNC(=O)c1ccccc1Nc1cc(Cc2ccc(N3CCC(CN4CCC(c5ccc6c(c5)C(=O)N(C5CCC(=O)NC5=O)C6=O)CC4)CC3)cc2OC)ncc1C(F)(F)F,CNC(=O)c1ccccc1Nc1cc(Cc2ccc([*:1])cc2OC)ncc1C(F)(F)F,C1CN([*:1])CCC1CN1CCC([*:2])CC1,O=C1CCC(N2C(=O)c3ccc([*:2])cc3C2=O)C(=O)N1,BCR-ABL,CRBN,851.93,6.3,153.28,10,3,11,0.391,0.147,-5.687,-6.754,WO2023066350A1,2023,GLUETACS THERAPEUTICS SHANGHAI CO LTD
CNC(=O)c1ccccc1Nc1cc(Cc2ccc(N3CCC(CN4C(C)CN(c5cc6c(cc5F)C(=O)N(C5CCC(=O)NC5=O)C6=O)CC4C)CC3)cc2OC)ncc1C(F)(F)F,CNC(=O)c1ccccc1Nc1cc(Cc2ccc([*:1])cc2OC)ncc1C(F)(F)F,CC1CN([*:2])CC(C)N1CC1CCN([*:1])CC1,O=C1CCC(N2C(=O)c3cc(F)c([*:2])cc3C2=O)C(=O)N1,BCR-ABL,CRBN,898.96,6.16,156.52,11,3,11,0.404,0.117,-5.454,-6.674,WO2023066350A1,2023,GLUETACS THERAPEUTICS SHANGHAI CO LTD
CNC(=O)c1ccccc1Nc1cc(Cc2ccc(N3CCC(CN4C(C)CN(c5ccc6c(c5)C(=O)N(C5CCC(=O)NC5=O)C6=O)CC4C)CC3)cc2OC)ncc1C(F)(F)F,CNC(=O)c1ccccc1Nc1cc(Cc2ccc([*:1])cc2OC)ncc1C(F)(F)F,CC1CN([*:2])CC(C)N1CC1CCN([*:1])CC1,O=C1CCC(N2C(=O)c3ccc([*:2])cc3C2=O)C(=O)N1,BCR-ABL,CRBN,880.97,6.02,156.52,11,3,11,0.404,0.152,-5.358,-6.429,WO2023066350A1,2023,GLUETACS THERAPEUTICS SHANGHAI CO LTD
CNC(=O)c1ccccc1Nc1cc(Cc2ccc(N3CCC(CN4CCN(c5cc6c(cc5F)C(=O)N(C5CCC(=O)NC5=O)C6=O)CC4)CC3)cc2OC)ncc1C(F)(F)F,CNC(=O)c1ccccc1Nc1cc(Cc2ccc([*:1])cc2OC)ncc1C(F)(F)F,C1CN([*:1])CCC1CN1CCN([*:2])CC1,O=C1CCC(N2C(=O)c3cc(F)c([*:2])cc3C2=O)C(=O)N1,BCR-ABL,CRBN,870.9,5.38,156.52,11,3,11,0.378,0.131,-5.532,-6.428,WO2023066350A1,2023,GLUETACS THERAPEUTICS SHANGHAI CO LTD
CNC(=O)c1ccccc1Nc1cc(Cc2ccc(N3CCC(CN4CCN(c5ccc6c(c5)C(=O)N(C5CCC(=O)NC5=O)C6=O)CC4)CC3)cc2OC)ncc1C(F)(F)F,CNC(=O)c1ccccc1Nc1cc(Cc2ccc([*:1])cc2OC)ncc1C(F)(F)F,C1CN([*:1])CCC1CN1CCN([*:2])CC1,O=C1CCC(N2C(=O)c3ccc([*:2])cc3C2=O)C(=O)N1,BCR-ABL,CRBN,852.91,5.24,156.52,11,3,11,0.378,0.17,-5.582,-6.327,WO2023066350A1,2023,GLUETACS THERAPEUTICS SHANGHAI CO LTD
Cc1nc(Nc2ncc(C(=O)Nc3c(C)cccc3Cl)s2)cc(N2CCC(CN3CCC(c4cc5c(cc4F)C(=O)N(C4CCC(=O)NC4=O)C5=O)CC3)CC2)n1,Cc1nc(Nc2ncc(C(=O)Nc3c(C)cccc3Cl)s2)cc([*:1])n1,C1CN([*:1])CCC1CN1CCC([*:2])CC1,O=C1CCC(N2C(=O)c3cc(F)c([*:2])cc3C2=O)C(=O)N1,BCR-ABL,CRBN,814.34,5.84,169.83,12,3,9,0.4,0.174,-5.591,-5.747,WO2023066350A1,2023,GLUETACS THERAPEUTICS SHANGHAI CO LTD
Cc1nc(Nc2ncc(C(=O)Nc3c(C)cccc3Cl)s2)cc(N2CCC(CN3CCC(c4ccc5c(c4)C(=O)N(C4CCC(=O)NC4=O)C5=O)CC3)CC2)n1,Cc1nc(Nc2ncc(C(=O)Nc3c(C)cccc3Cl)s2)cc([*:1])n1,C1CN([*:1])CCC1CN1CCC([*:2])CC1,O=C1CCC(N2C(=O)c3ccc([*:2])cc3C2=O)C(=O)N1,BCR-ABL,CRBN,796.35,5.7,169.83,12,3,9,0.4,0.178,-5.627,-5.599,WO2023066350A1,2023,GLUETACS THERAPEUTICS SHANGHAI CO LTD
Cc1nc(Nc2ncc(C(=O)Nc3c(C)cccc3Cl)s2)cc(N2CCC(CN3C(C)CN(c4cc5c(cc4F)C(=O)N(C4CCC(=O)NC4=O)C5=O)CC3C)CC2)n1,Cc1nc(Nc2ncc(C(=O)Nc3c(C)cccc3Cl)s2)cc([*:1])n1,CC1CN([*:2])CC(C)N1CC1CCN([*:1])CC1,O=C1CCC(N2C(=O)c3cc(F)c([*:2])cc3C2=O)C(=O)N1,BCR-ABL,CRBN,843.39,5.56,173.07,13,3,9,0.415,0.18,-5.167,-5.43,WO2023066350A1,2023,GLUETACS THERAPEUTICS SHANGHAI CO LTD
Cc1nc(Nc2ncc(C(=O)Nc3c(C)cccc3Cl)s2)cc(N2CCC(CN3C(C)CN(c4ccc5c(c4)C(=O)N(C4CCC(=O)NC4=O)C5=O)CC3C)CC2)n1,Cc1nc(Nc2ncc(C(=O)Nc3c(C)cccc3Cl)s2)cc([*:1])n1,CC1CN([*:2])CC(C)N1CC1CCN([*:1])CC1,O=C1CCC(N2C(=O)c3ccc([*:2])cc3C2=O)C(=O)N1,BCR-ABL,CRBN,825.4,5.42,173.07,13,3,9,0.415,0.184,-5.142,-5.131,WO2023066350A1,2023,GLUETACS THERAPEUTICS SHANGHAI CO LTD
Cc1nc(Nc2ncc(C(=O)Nc3c(C)cccc3Cl)s2)cc(N2CCC(CN3CCN(c4cc5c(cc4F)C(=O)N(C4CCC(=O)NC4=O)C5=O)CC3)CC2)n1,Cc1nc(Nc2ncc(C(=O)Nc3c(C)cccc3Cl)s2)cc([*:1])n1,C1CN([*:1])CCC1CN1CCN([*:2])CC1,O=C1CCC(N2C(=O)c3cc(F)c([*:2])cc3C2=O)C(=O)N1,BCR-ABL,CRBN,815.33,4.78,173.07,13,3,9,0.385,0.198,-5.545,-5.213,WO2023066350A1,2023,GLUETACS THERAPEUTICS SHANGHAI CO LTD
Cc1nc(Nc2ncc(C(=O)Nc3c(C)cccc3Cl)s2)cc(N2CCC(CN3CCN(c4ccc5c(c4)C(=O)N(C4CCC(=O)NC4=O)C5=O)CC3)CC2)n1,Cc1nc(Nc2ncc(C(=O)Nc3c(C)cccc3Cl)s2)cc([*:1])n1,C1CN([*:1])CCC1CN1CCN([*:2])CC1,O=C1CCC(N2C(=O)c3ccc([*:2])cc3C2=O)C(=O)N1,BCR-ABL,CRBN,797.34,4.64,173.07,13,3,9,0.385,0.201,-5.555,-4.937,WO2023066350A1,2023,GLUETACS THERAPEUTICS SHANGHAI CO LTD
COc1cc(OC)c2c(=O)nc(-c3ccc(N4CCC(CN5CCC(c6cc7c(cc6F)C(=O)N(C6CCC(=O)NC6=O)C7=O)CC5)CC4)cc3)[nH]c2c1,COc1cc(OC)c2c(=O)nc(-c3ccc([*:1])cc3)[nH]c2c1,C1CN([*:1])CCC1CN1CCC([*:2])CC1,O=C1CCC(N2C(=O)c3cc(F)c([*:2])cc3C2=O)C(=O)N1,BCR-ABL,CRBN,736.8,4.24,154.24,10,2,8,0.4,0.251,-5.74,-4.803,WO2023066350A1,2023,GLUETACS THERAPEUTICS SHANGHAI CO LTD
COc1cc(OC)c2c(=O)nc(-c3ccc(N4CCC(CN5CCC(c6ccc7c(c6)C(=O)N(C6CCC(=O)NC6=O)C7=O)CC5)CC4)cc3)[nH]c2c1,COc1cc(OC)c2c(=O)nc(-c3ccc([*:1])cc3)[nH]c2c1,C1CN([*:1])CCC1CN1CCC([*:2])CC1,O=C1CCC(N2C(=O)c3ccc([*:2])cc3C2=O)C(=O)N1,BCR-ABL,CRBN,718.81,4.1,154.24,10,2,8,0.4,0.255,-5.793,-4.603,WO2023066350A1,2023,GLUETACS THERAPEUTICS SHANGHAI CO LTD
COc1cc(OC)c2c(=O)nc(-c3ccc(N4CCC(CN5C(C)CN(c6cc7c(cc6F)C(=O)N(C6CCC(=O)NC6=O)C7=O)CC5C)CC4)cc3)[nH]c2c1,COc1cc(OC)c2c(=O)nc(-c3ccc([*:1])cc3)[nH]c2c1,CC1CN([*:2])CC(C)N1CC1CCN([*:1])CC1,O=C1CCC(N2C(=O)c3cc(F)c([*:2])cc3C2=O)C(=O)N1,BCR-ABL,CRBN,765.84,3.96,157.48,11,2,8,0.415,0.25,-5.604,-4.648,WO2023066350A1,2023,GLUETACS THERAPEUTICS SHANGHAI CO LTD
COc1cc(OC)c2c(=O)nc(-c3ccc(N4CCC(CN5C(C)CN(c6ccc7c(c6)C(=O)N(C6CCC(=O)NC6=O)C7=O)CC5C)CC4)cc3)[nH]c2c1,COc1cc(OC)c2c(=O)nc(-c3ccc([*:1])cc3)[nH]c2c1,CC1CN([*:2])CC(C)N1CC1CCN([*:1])CC1,O=C1CCC(N2C(=O)c3ccc([*:2])cc3C2=O)C(=O)N1,BCR-ABL,CRBN,747.85,3.82,157.48,11,2,8,0.415,0.253,-5.524,-4.333,WO2023066350A1,2023,GLUETACS THERAPEUTICS SHANGHAI CO LTD
COc1cc(OC)c2c(=O)nc(-c3ccc(N4CCC(CN5CCN(c6cc7c(cc6F)C(=O)N(C6CCC(=O)NC6=O)C7=O)CC5)CC4)cc3)[nH]c2c1,COc1cc(OC)c2c(=O)nc(-c3ccc([*:1])cc3)[nH]c2c1,C1CN([*:1])CCC1CN1CCN([*:2])CC1,O=C1CCC(N2C(=O)c3cc(F)c([*:2])cc3C2=O)C(=O)N1,BCR-ABL,CRBN,737.79,3.19,157.48,11,2,8,0.385,0.256,-5.704,-4.502,WO2023066350A1,2023,GLUETACS THERAPEUTICS SHANGHAI CO LTD
COc1cc(OC)c2c(=O)nc(-c3ccc(N4CCC(CN5CCN(c6ccc7c(c6)C(=O)N(C6CCC(=O)NC6=O)C7=O)CC5)CC4)cc3)[nH]c2c1,COc1cc(OC)c2c(=O)nc(-c3ccc([*:1])cc3)[nH]c2c1,C1CN([*:1])CCC1CN1CCN([*:2])CC1,O=C1CCC(N2C(=O)c3ccc([*:2])cc3C2=O)C(=O)N1,BCR-ABL,CRBN,719.8,3.05,157.48,11,2,8,0.385,0.258,-5.719,-4.36,WO2023066350A1,2023,GLUETACS THERAPEUTICS SHANGHAI CO LTD
COC(C(=O)N1Cc2[nH]nc(NC(=O)c3ccc(N4CCC(CN5CCC(c6cc7c(cc6F)C(=O)N(C6CCC(=O)NC6=O)C7=O)CC5)CC4)cc3)c2C1)c1ccccc1,COC(C(=O)N1Cc2[nH]nc(NC(=O)c3ccc([*:1])cc3)c2C1)c1ccccc1,C1CN([*:1])CCC1CN1CCC([*:2])CC1,O=C1CCC(N2C(=O)c3cc(F)c([*:2])cc3C2=O)C(=O)N1,BCR-ABL,CRBN,830.92,4.53,177.35,10,3,10,0.4,0.193,-5.536,-4.33,WO2023066350A1,2023,GLUETACS THERAPEUTICS SHANGHAI CO LTD
COC(C(=O)N1Cc2[nH]nc(NC(=O)c3ccc(N4CCC(CN5CCC(c6ccc7c(c6)C(=O)N(C6CCC(=O)NC6=O)C7=O)CC5)CC4)cc3)c2C1)c1ccccc1,COC(C(=O)N1Cc2[nH]nc(NC(=O)c3ccc([*:1])cc3)c2C1)c1ccccc1,C1CN([*:1])CCC1CN1CCC([*:2])CC1,O=C1CCC(N2C(=O)c3ccc([*:2])cc3C2=O)C(=O)N1,BCR-ABL,CRBN,812.93,4.39,177.35,10,3,10,0.4,0.195,-5.672,-4.021,WO2023066350A1,2023,GLUETACS THERAPEUTICS SHANGHAI CO LTD
COC(C(=O)N1Cc2[nH]nc(NC(=O)c3ccc(N4CCC(CN5CCN(c6cc7c(cc6F)C(=O)N(C6CCC(=O)NC6=O)C7=O)CC5)CC4)cc3)c2C1)c1ccccc1,COC(C(=O)N1Cc2[nH]nc(NC(=O)c3ccc([*:1])cc3)c2C1)c1ccccc1,C1CN([*:1])CCC1CN1CCN([*:2])CC1,O=C1CCC(N2C(=O)c3cc(F)c([*:2])cc3C2=O)C(=O)N1,BCR-ABL,CRBN,831.91,3.47,180.59,11,3,10,0.386,0.199,-5.591,-3.535,WO2023066350A1,2023,GLUETACS THERAPEUTICS SHANGHAI CO LTD
COC(C(=O)N1Cc2[nH]nc(NC(=O)c3ccc(N4CCC(CN5CCN(c6ccc7c(c6)C(=O)N(C6CCC(=O)NC6=O)C7=O)CC5)CC4)cc3)c2C1)c1ccccc1,COC(C(=O)N1Cc2[nH]nc(NC(=O)c3ccc([*:1])cc3)c2C1)c1ccccc1,C1CN([*:1])CCC1CN1CCN([*:2])CC1,O=C1CCC(N2C(=O)c3ccc([*:2])cc3C2=O)C(=O)N1,BCR-ABL,CRBN,813.92,3.33,180.59,11,3,10,0.386,0.2,-5.632,-3.458,WO2023066350A1,2023,GLUETACS THERAPEUTICS SHANGHAI CO LTD
Cc1cnc(Nc2ccc(OCCN3CCC(CN4CCN(c5cc6c(cc5F)C(=O)N(C5CCC(=O)NC5=O)C6=O)CC4)CC3)cc2)nc1Nc1cccc(S(=O)(=O)NC(C)(C)C)c1,Cc1cnc(Nc2ccc([*:1])cc2)nc1Nc1cccc(S(=O)(=O)NC(C)(C)C)c1,C(CN1CCC(CN2CCN([*:2])CC2)CC1)O[*:1],O=C1CCC(N2C(=O)c3cc(F)c([*:2])cc3C2=O)C(=O)N1,BCR-ABL,CRBN,911.07,4.8,198.51,14,4,14,0.435,0.126,-5.63,-4.118,WO2023066350A1,2023,GLUETACS THERAPEUTICS SHANGHAI CO LTD
Cc1cnc(Nc2ccc(OCCN3CCC(CN4CCN(c5ccc6c(c5)C(=O)N(C5CCC(=O)NC5=O)C6=O)CC4)CC3)cc2)nc1Nc1cccc(S(=O)(=O)NC(C)(C)C)c1,Cc1cnc(Nc2ccc([*:1])cc2)nc1Nc1cccc(S(=O)(=O)NC(C)(C)C)c1,C(CN1CCC(CN2CCN([*:2])CC2)CC1)O[*:1],O=C1CCC(N2C(=O)c3ccc([*:2])cc3C2=O)C(=O)N1,BCR-ABL,CRBN,893.08,4.66,198.51,14,4,14,0.435,0.128,-5.586,-3.898,WO2023066350A1,2023,GLUETACS THERAPEUTICS SHANGHAI CO LTD
COC1CCN(c2nccc(Nc3cc4c(cn3)c(N3CCC(CN5CCC(c6cc7c(cc6F)C(=O)N(C6CCC(=O)NC6=O)C7=O)CC5)CC3)nn4C(C)C)n2)CC1,COC1CCN(c2nccc(Nc3cc4c(cn3)c([*:1])nn4C(C)C)n2)CC1,C1CN([*:1])CCC1CN1CCC([*:2])CC1,O=C1CCC(N2C(=O)c3cc(F)c([*:2])cc3C2=O)C(=O)N1,BCR-ABL,CRBN,821.96,4.8,171.02,13,2,10,0.535,0.21,-5.433,-5.693,WO2023066350A1,2023,GLUETACS THERAPEUTICS SHANGHAI CO LTD
COC1CCN(c2nccc(Nc3cc4c(cn3)c(N3CCC(CN5CCC(c6ccc7c(c6)C(=O)N(C6CCC(=O)NC6=O)C7=O)CC5)CC3)nn4C(C)C)n2)CC1,COC1CCN(c2nccc(Nc3cc4c(cn3)c([*:1])nn4C(C)C)n2)CC1,C1CN([*:1])CCC1CN1CCC([*:2])CC1,O=C1CCC(N2C(=O)c3ccc([*:2])cc3C2=O)C(=O)N1,BCR-ABL,CRBN,803.97,4.66,171.02,13,2,10,0.535,0.213,-5.485,-5.183,WO2023066350A1,2023,GLUETACS THERAPEUTICS SHANGHAI CO LTD
COC1CCN(c2nccc(Nc3cc4c(cn3)c(N3CCC(CN5C(C)CN(c6ccc7c(c6)C(=O)N(C6CCC(=O)NC6=O)C7=O)CC5C)CC3)nn4C(C)C)n2)CC1,COC1CCN(c2nccc(Nc3cc4c(cn3)c([*:1])nn4C(C)C)n2)CC1,CC1CN([*:2])CC(C)N1CC1CCN([*:1])CC1,O=C1CCC(N2C(=O)c3ccc([*:2])cc3C2=O)C(=O)N1,BCR-ABL,CRBN,833.01,4.38,174.26,14,2,10,0.545,0.216,-5.458,-4.68,WO2023066350A1,2023,GLUETACS THERAPEUTICS SHANGHAI CO LTD
COC1CCN(c2nccc(Nc3cc4c(cn3)c(N3CCC(CN5C(C)CN(c6cc7c(cc6F)C(=O)N(C6CCC(=O)NC6=O)C7=O)CC5C)CC3)nn4C(C)C)n2)CC1,COC1CCN(c2nccc(Nc3cc4c(cn3)c([*:1])nn4C(C)C)n2)CC1,CC1CN([*:2])CC(C)N1CC1CCN([*:1])CC1,O=C1CCC(N2C(=O)c3cc(F)c([*:2])cc3C2=O)C(=O)N1,BCR-ABL,CRBN,851.0,4.52,174.26,14,2,10,0.545,0.213,-5.451,-5.199,WO2023066350A1,2023,GLUETACS THERAPEUTICS SHANGHAI CO LTD
COC1CCN(c2nccc(Nc3cc4c(cn3)c(N3CCC(CN5CCN(c6cc7c(cc6F)C(=O)N(C6CCC(=O)NC6=O)C7=O)CC5)CC3)nn4C(C)C)n2)CC1,COC1CCN(c2nccc(Nc3cc4c(cn3)c([*:1])nn4C(C)C)n2)CC1,C1CN([*:1])CCC1CN1CCN([*:2])CC1,O=C1CCC(N2C(=O)c3cc(F)c([*:2])cc3C2=O)C(=O)N1,BCR-ABL,CRBN,822.95,3.74,174.26,14,2,10,0.524,0.222,-5.408,-4.185,WO2023066350A1,2023,GLUETACS THERAPEUTICS SHANGHAI CO LTD
COC1CCN(c2nccc(Nc3cc4c(cn3)c(N3CCC(CN5CCN(c6ccc7c(c6)C(=O)N(C6CCC(=O)NC6=O)C7=O)CC5)CC3)nn4C(C)C)n2)CC1,COC1CCN(c2nccc(Nc3cc4c(cn3)c([*:1])nn4C(C)C)n2)CC1,C1CN([*:1])CCC1CN1CCN([*:2])CC1,O=C1CCC(N2C(=O)c3ccc([*:2])cc3C2=O)C(=O)N1,BCR-ABL,CRBN,804.96,3.6,174.26,14,2,10,0.524,0.223,-5.448,-3.901,WO2023066350A1,2023,GLUETACS THERAPEUTICS SHANGHAI CO LTD
CC(C)n1nc(N2CCC(CN3CCC(c4cc5c(cc4F)C(=O)N(C4CCC(=O)NC4=O)C5=O)CC3)CC2)c2cnc(Nc3ccnc(-c4cnn(S(=O)(=O)C5CC5)c4)n3)cc21,CC(C)n1nc([*:1])c2cnc(Nc3ccnc(-c4cnn(S(=O)(=O)C5CC5)c4)n3)cc21,C1CN([*:1])CCC1CN1CCC([*:2])CC1,O=C1CCC(N2C(=O)c3cc(F)c([*:2])cc3C2=O)C(=O)N1,BCR-ABL,CRBN,878.99,4.39,210.51,14,2,11,0.465,0.177,-5.581,-5.482,WO2023066350A1,2023,GLUETACS THERAPEUTICS SHANGHAI CO LTD
CC(C)n1nc(N2CCC(CN3CCC(c4ccc5c(c4)C(=O)N(C4CCC(=O)NC4=O)C5=O)CC3)CC2)c2cnc(Nc3ccnc(-c4cnn(S(=O)(=O)C5CC5)c4)n3)cc21,CC(C)n1nc([*:1])c2cnc(Nc3ccnc(-c4cnn(S(=O)(=O)C5CC5)c4)n3)cc21,C1CN([*:1])CCC1CN1CCC([*:2])CC1,O=C1CCC(N2C(=O)c3ccc([*:2])cc3C2=O)C(=O)N1,BCR-ABL,CRBN,861.0,4.25,210.51,14,2,11,0.465,0.178,-5.715,-5.227,WO2023066350A1,2023,GLUETACS THERAPEUTICS SHANGHAI CO LTD
CC1CN(c2cc3c(cc2F)C(=O)N(C2CCC(=O)NC2=O)C3=O)CC(C)N1CC1CCN(c2nn(C(C)C)c3cc(Nc4ccnc(-c5cnn(S(=O)(=O)C6CC6)c5)n4)ncc23)CC1,CC(C)n1nc([*:1])c2cnc(Nc3ccnc(-c4cnn(S(=O)(=O)C5CC5)c4)n3)cc21,CC1CN([*:2])CC(C)N1CC1CCN([*:1])CC1,O=C1CCC(N2C(=O)c3cc(F)c([*:2])cc3C2=O)C(=O)N1,BCR-ABL,CRBN,908.03,4.11,213.75,15,2,11,0.477,0.179,-5.483,-4.756,WO2023066350A1,2023,GLUETACS THERAPEUTICS SHANGHAI CO LTD
CC(C)n1nc(N2CCC(CN3CCN(c4cc5c(cc4F)C(=O)N(C4CCC(=O)NC4=O)C5=O)CC3)CC2)c2cnc(Nc3ccnc(-c4cnn(S(=O)(=O)C5CC5)c4)n3)cc21,CC(C)n1nc([*:1])c2cnc(Nc3ccnc(-c4cnn(S(=O)(=O)C5CC5)c4)n3)cc21,C1CN([*:1])CCC1CN1CCN([*:2])CC1,O=C1CCC(N2C(=O)c3cc(F)c([*:2])cc3C2=O)C(=O)N1,BCR-ABL,CRBN,879.98,3.33,213.75,15,2,11,0.452,0.182,-5.579,-4.129,WO2023066350A1,2023,GLUETACS THERAPEUTICS SHANGHAI CO LTD
CC(C)n1nc(N2CCC(CN3CCN(c4ccc5c(c4)C(=O)N(C4CCC(=O)NC4=O)C5=O)CC3)CC2)c2cnc(Nc3ccnc(-c4cnn(S(=O)(=O)C5CC5)c4)n3)cc21,CC(C)n1nc([*:1])c2cnc(Nc3ccnc(-c4cnn(S(=O)(=O)C5CC5)c4)n3)cc21,C1CN([*:1])CCC1CN1CCN([*:2])CC1,O=C1CCC(N2C(=O)c3ccc([*:2])cc3C2=O)C(=O)N1,BCR-ABL,CRBN,861.99,3.19,213.75,15,2,11,0.452,0.183,-5.688,-3.914,WO2023066350A1,2023,GLUETACS THERAPEUTICS SHANGHAI CO LTD
O=C1CCC(N2C(=O)c3cc(F)c(C4CCN(CC5CCN(c6ccc(-c7ccc8c(c7)C(=O)N(C(C(=O)Nc7nccs7)c7cc(F)ccc7O)C8)nn6)CC5)CC4)cc3C2=O)C(=O)N1,O=C(Nc1nccs1)C(c1cc(F)ccc1O)N1Cc2ccc(-c3ccc([*:1])nn3)cc2C1=O,C1CN([*:1])CCC1CN1CCC([*:2])CC1,O=C1CCC(N2C(=O)c3cc(F)c([*:2])cc3C2=O)C(=O)N1,BCR-ABL,CRBN,915.98,5.42,198.34,13,3,10,0.34,0.151,-5.365,-6.022,WO2023066350A1,2023,GLUETACS THERAPEUTICS SHANGHAI CO LTD
O=C1CCC(N2C(=O)c3ccc(C4CCN(CC5CCN(c6ccc(-c7ccc8c(c7)C(=O)N(C(C(=O)Nc7nccs7)c7cc(F)ccc7O)C8)nn6)CC5)CC4)cc3C2=O)C(=O)N1,O=C(Nc1nccs1)C(c1cc(F)ccc1O)N1Cc2ccc(-c3ccc([*:1])nn3)cc2C1=O,C1CN([*:1])CCC1CN1CCC([*:2])CC1,O=C1CCC(N2C(=O)c3ccc([*:2])cc3C2=O)C(=O)N1,BCR-ABL,CRBN,897.99,5.28,198.34,13,3,10,0.34,0.154,-5.491,-5.751,WO2023066350A1,2023,GLUETACS THERAPEUTICS SHANGHAI CO LTD
CC1CN(c2cc3c(cc2F)C(=O)N(C2CCC(=O)NC2=O)C3=O)CC(C)N1CC1CCN(c2ccc(-c3ccc4c(c3)C(=O)N(C(C(=O)Nc3nccs3)c3cc(F)ccc3O)C4)nn2)CC1,O=C(Nc1nccs1)C(c1cc(F)ccc1O)N1Cc2ccc(-c3ccc([*:1])nn3)cc2C1=O,CC1CN([*:2])CC(C)N1CC1CCN([*:1])CC1,O=C1CCC(N2C(=O)c3cc(F)c([*:2])cc3C2=O)C(=O)N1,BCR-ABL,CRBN,945.02,5.14,201.58,14,3,10,0.354,0.156,-5.17,-5.543,WO2023066350A1,2023,GLUETACS THERAPEUTICS SHANGHAI CO LTD
CC1CN(c2ccc3c(c2)C(=O)N(C2CCC(=O)NC2=O)C3=O)CC(C)N1CC1CCN(c2ccc(-c3ccc4c(c3)C(=O)N(C(C(=O)Nc3nccs3)c3cc(F)ccc3O)C4)nn2)CC1,O=C(Nc1nccs1)C(c1cc(F)ccc1O)N1Cc2ccc(-c3ccc([*:1])nn3)cc2C1=O,CC1CN([*:2])CC(C)N1CC1CCN([*:1])CC1,O=C1CCC(N2C(=O)c3ccc([*:2])cc3C2=O)C(=O)N1,BCR-ABL,CRBN,927.03,5.0,201.58,14,3,10,0.354,0.158,-5.214,-5.331,WO2023066350A1,2023,GLUETACS THERAPEUTICS SHANGHAI CO LTD
O=C1CCC(N2C(=O)c3cc(F)c(N4CCN(CC5CCN(c6ccc(-c7ccc8c(c7)C(=O)N(C(C(=O)Nc7nccs7)c7cc(F)ccc7O)C8)nn6)CC5)CC4)cc3C2=O)C(=O)N1,O=C(Nc1nccs1)C(c1cc(F)ccc1O)N1Cc2ccc(-c3ccc([*:1])nn3)cc2C1=O,C1CN([*:1])CCC1CN1CCN([*:2])CC1,O=C1CCC(N2C(=O)c3cc(F)c([*:2])cc3C2=O)C(=O)N1,BCR-ABL,CRBN,916.97,4.36,201.58,14,3,10,0.326,0.167,-5.38,-5.319,WO2023066350A1,2023,GLUETACS THERAPEUTICS SHANGHAI CO LTD
O=C1CCC(N2C(=O)c3ccc(N4CCN(CC5CCN(c6ccc(-c7ccc8c(c7)C(=O)N(C(C(=O)Nc7nccs7)c7cc(F)ccc7O)C8)nn6)CC5)CC4)cc3C2=O)C(=O)N1,O=C(Nc1nccs1)C(c1cc(F)ccc1O)N1Cc2ccc(-c3ccc([*:1])nn3)cc2C1=O,C1CN([*:1])CCC1CN1CCN([*:2])CC1,O=C1CCC(N2C(=O)c3ccc([*:2])cc3C2=O)C(=O)N1,BCR-ABL,CRBN,898.98,4.22,201.58,14,3,10,0.326,0.169,-5.451,-5.192,WO2023066350A1,2023,GLUETACS THERAPEUTICS SHANGHAI CO LTD
CCc1cc2c(cc1N1CCC(CN3CCC(c4cc5c(cc4F)C(=O)N(C4CCC(=O)NC4=O)C5=O)CC3)CC1)C(C)(C)c1[nH]c3cc(C#N)ccc3c1C2=O,CCc1cc2c(cc1[*:1])C(C)(C)c1[nH]c3cc(C#N)ccc3c1C2=O,C1CN([*:1])CCC1CN1CCC([*:2])CC1,O=C1CCC(N2C(=O)c3cc(F)c([*:2])cc3C2=O)C(=O)N1,BCR-ABL,CRBN,768.89,6.11,146.68,8,2,6,0.422,0.224,-5.483,-7.313,WO2023066350A1,2023,GLUETACS THERAPEUTICS SHANGHAI CO LTD
CCc1cc2c(cc1N1CCC(CN3CCC(c4ccc5c(c4)C(=O)N(C4CCC(=O)NC4=O)C5=O)CC3)CC1)C(C)(C)c1[nH]c3cc(C#N)ccc3c1C2=O,CCc1cc2c(cc1[*:1])C(C)(C)c1[nH]c3cc(C#N)ccc3c1C2=O,C1CN([*:1])CCC1CN1CCC([*:2])CC1,O=C1CCC(N2C(=O)c3ccc([*:2])cc3C2=O)C(=O)N1,BCR-ABL,CRBN,750.9,5.97,146.68,8,2,6,0.422,0.229,-5.598,-6.979,WO2023066350A1,2023,GLUETACS THERAPEUTICS SHANGHAI CO LTD
CCc1cc2c(cc1N1CCC(CN3C(C)CN(c4cc5c(cc4F)C(=O)N(C4CCC(=O)NC4=O)C5=O)CC3C)CC1)C(C)(C)c1[nH]c3cc(C#N)ccc3c1C2=O,CCc1cc2c(cc1[*:1])C(C)(C)c1[nH]c3cc(C#N)ccc3c1C2=O,CC1CN([*:2])CC(C)N1CC1CCN([*:1])CC1,O=C1CCC(N2C(=O)c3cc(F)c([*:2])cc3C2=O)C(=O)N1,BCR-ABL,CRBN,797.93,5.83,149.92,9,2,6,0.435,0.23,-5.451,-6.822,WO2023066350A1,2023,GLUETACS THERAPEUTICS SHANGHAI CO LTD
CCc1cc2c(cc1N1CCC(CN3C(C)CN(c4ccc5c(c4)C(=O)N(C4CCC(=O)NC4=O)C5=O)CC3C)CC1)C(C)(C)c1[nH]c3cc(C#N)ccc3c1C2=O,CCc1cc2c(cc1[*:1])C(C)(C)c1[nH]c3cc(C#N)ccc3c1C2=O,CC1CN([*:2])CC(C)N1CC1CCN([*:1])CC1,O=C1CCC(N2C(=O)c3ccc([*:2])cc3C2=O)C(=O)N1,BCR-ABL,CRBN,779.94,5.69,149.92,9,2,6,0.435,0.236,-5.43,-6.436,WO2023066350A1,2023,GLUETACS THERAPEUTICS SHANGHAI CO LTD
CCc1cc2c(cc1N1CCC(CN3CCN(c4cc5c(cc4F)C(=O)N(C4CCC(=O)NC4=O)C5=O)CC3)CC1)C(C)(C)c1[nH]c3cc(C#N)ccc3c1C2=O,CCc1cc2c(cc1[*:1])C(C)(C)c1[nH]c3cc(C#N)ccc3c1C2=O,C1CN([*:1])CCC1CN1CCN([*:2])CC1,O=C1CCC(N2C(=O)c3cc(F)c([*:2])cc3C2=O)C(=O)N1,BCR-ABL,CRBN,769.88,5.05,149.92,9,2,6,0.409,0.257,-5.515,-6.833,WO2023066350A1,2023,GLUETACS THERAPEUTICS SHANGHAI CO LTD
CCc1cc2c(cc1N1CCC(CN3CCN(c4ccc5c(c4)C(=O)N(C4CCC(=O)NC4=O)C5=O)CC3)CC1)C(C)(C)c1[nH]c3cc(C#N)ccc3c1C2=O,CCc1cc2c(cc1[*:1])C(C)(C)c1[nH]c3cc(C#N)ccc3c1C2=O,C1CN([*:1])CCC1CN1CCN([*:2])CC1,O=C1CCC(N2C(=O)c3ccc([*:2])cc3C2=O)C(=O)N1,BCR-ABL,CRBN,751.89,4.91,149.92,9,2,6,0.409,0.262,-5.598,-6.72,WO2023066350A1,2023,GLUETACS THERAPEUTICS SHANGHAI CO LTD
Cc1cc(Nc2ncc(Cl)c(Nc3ccccc3S(=O)(=O)C(C)C)n2)c(OC(C)C)cc1N1CCC(CN2CCC(c3cc4c(cc3F)C(=O)N(C3CCC(=O)NC3=O)C4=O)CC2)CC1,Cc1cc(Nc2ncc(Cl)c(Nc3ccccc3S(=O)(=O)C(C)C)n2)c(OC(C)C)cc1[*:1],C1CN([*:1])CCC1CN1CCC([*:2])CC1,O=C1CCC(N2C(=O)c3cc(F)c([*:2])cc3C2=O)C(=O)N1,BCR-ABL,CRBN,929.52,7.53,183.24,13,3,13,0.447,0.112,-5.712,-6.535,WO2023066350A1,2023,GLUETACS THERAPEUTICS SHANGHAI CO LTD
Cc1cc(Nc2ncc(Cl)c(Nc3ccccc3S(=O)(=O)C(C)C)n2)c(OC(C)C)cc1N1CCC(CN2CCC(c3ccc4c(c3)C(=O)N(C3CCC(=O)NC3=O)C4=O)CC2)CC1,Cc1cc(Nc2ncc(Cl)c(Nc3ccccc3S(=O)(=O)C(C)C)n2)c(OC(C)C)cc1[*:1],C1CN([*:1])CCC1CN1CCC([*:2])CC1,O=C1CCC(N2C(=O)c3ccc([*:2])cc3C2=O)C(=O)N1,BCR-ABL,CRBN,911.53,7.39,183.24,13,3,13,0.447,0.113,-5.784,-6.318,WO2023066350A1,2023,GLUETACS THERAPEUTICS SHANGHAI CO LTD
Cc1cc(Nc2ncc(Cl)c(Nc3ccccc3S(=O)(=O)C(C)C)n2)c(OC(C)C)cc1N1CCC(CN2C(C)CN(c3cc4c(cc3F)C(=O)N(C3CCC(=O)NC3=O)C4=O)CC2C)CC1,Cc1cc(Nc2ncc(Cl)c(Nc3ccccc3S(=O)(=O)C(C)C)n2)c(OC(C)C)cc1[*:1],CC1CN([*:2])CC(C)N1CC1CCN([*:1])CC1,O=C1CCC(N2C(=O)c3cc(F)c([*:2])cc3C2=O)C(=O)N1,BCR-ABL,CRBN,958.56,7.25,186.48,14,3,13,0.458,0.114,-5.473,-6.411,WO2023066350A1,2023,GLUETACS THERAPEUTICS SHANGHAI CO LTD
Cc1cc(Nc2ncc(Cl)c(Nc3ccccc3S(=O)(=O)C(C)C)n2)c(OC(C)C)cc1N1CCC(CN2C(C)CN(c3ccc4c(c3)C(=O)N(C3CCC(=O)NC3=O)C4=O)CC2C)CC1,Cc1cc(Nc2ncc(Cl)c(Nc3ccccc3S(=O)(=O)C(C)C)n2)c(OC(C)C)cc1[*:1],CC1CN([*:2])CC(C)N1CC1CCN([*:1])CC1,O=C1CCC(N2C(=O)c3ccc([*:2])cc3C2=O)C(=O)N1,BCR-ABL,CRBN,940.57,7.11,186.48,14,3,13,0.458,0.115,-5.534,-6.274,WO2023066350A1,2023,GLUETACS THERAPEUTICS SHANGHAI CO LTD
Cc1cc(Nc2ncc(Cl)c(Nc3ccccc3S(=O)(=O)C(C)C)n2)c(OC(C)C)cc1N1CCC(CN2CCN(c3cc4c(cc3F)C(=O)N(C3CCC(=O)NC3=O)C4=O)CC2)CC1,Cc1cc(Nc2ncc(Cl)c(Nc3ccccc3S(=O)(=O)C(C)C)n2)c(OC(C)C)cc1[*:1],C1CN([*:1])CCC1CN1CCN([*:2])CC1,O=C1CCC(N2C(=O)c3cc(F)c([*:2])cc3C2=O)C(=O)N1,BCR-ABL,CRBN,930.5,6.47,186.48,14,3,13,0.435,0.124,-5.678,-6.153,WO2023066350A1,2023,GLUETACS THERAPEUTICS SHANGHAI CO LTD
Cc1cc(Nc2ncc(Cl)c(Nc3ccccc3S(=O)(=O)C(C)C)n2)c(OC(C)C)cc1N1CCC(CN2CCN(c3ccc4c(c3)C(=O)N(C3CCC(=O)NC3=O)C4=O)CC2)CC1,Cc1cc(Nc2ncc(Cl)c(Nc3ccccc3S(=O)(=O)C(C)C)n2)c(OC(C)C)cc1[*:1],C1CN([*:1])CCC1CN1CCN([*:2])CC1,O=C1CCC(N2C(=O)c3ccc([*:2])cc3C2=O)C(=O)N1,BCR-ABL,CRBN,912.51,6.33,186.48,14,3,13,0.435,0.126,-5.732,-6.09,WO2023066350A1,2023,GLUETACS THERAPEUTICS SHANGHAI CO LTD
COc1cc(N2CCC(CN3CCC(c4cc5c(cc4F)C(=O)N(C4CCC(=O)NC4=O)C5=O)CC3)CC2)ccc1Nc1ncc(Cl)c(Nc2ccccc2P(C)(C)=O)n1,COc1cc([*:1])ccc1Nc1ncc(Cl)c(Nc2ccccc2P(C)(C)=O)n1,C1CN([*:1])CCC1CN1CCC([*:2])CC1,O=C1CCC(N2C(=O)c3cc(F)c([*:2])cc3C2=O)C(=O)N1,BCR-ABL,CRBN,857.32,6.51,166.17,12,3,11,0.395,0.111,-5.636,-5.786,WO2023066350A1,2023,GLUETACS THERAPEUTICS SHANGHAI CO LTD
COc1cc(N2CCC(CN3CCC(c4ccc5c(c4)C(=O)N(C4CCC(=O)NC4=O)C5=O)CC3)CC2)ccc1Nc1ncc(Cl)c(Nc2ccccc2P(C)(C)=O)n1,COc1cc([*:1])ccc1Nc1ncc(Cl)c(Nc2ccccc2P(C)(C)=O)n1,C1CN([*:1])CCC1CN1CCC([*:2])CC1,O=C1CCC(N2C(=O)c3ccc([*:2])cc3C2=O)C(=O)N1,BCR-ABL,CRBN,839.33,6.37,166.17,12,3,11,0.395,0.113,-5.655,-5.342,WO2023066350A1,2023,GLUETACS THERAPEUTICS SHANGHAI CO LTD
COc1cc(N2CCC(CN3C(C)CN(c4ccc5c(c4)C(=O)N(C4CCC(=O)NC4=O)C5=O)CC3C)CC2)ccc1Nc1ncc(Cl)c(Nc2ccccc2P(C)(C)=O)n1,COc1cc([*:1])ccc1Nc1ncc(Cl)c(Nc2ccccc2P(C)(C)=O)n1,CC1CN([*:2])CC(C)N1CC1CCN([*:1])CC1,O=C1CCC(N2C(=O)c3ccc([*:2])cc3C2=O)C(=O)N1,BCR-ABL,CRBN,868.38,6.09,169.41,13,3,11,0.409,0.117,-5.494,-5.239,WO2023066350A1,2023,GLUETACS THERAPEUTICS SHANGHAI CO LTD
COc1cc(N2CCC(CN3C(C)CN(c4cc5c(cc4F)C(=O)N(C4CCC(=O)NC4=O)C5=O)CC3C)CC2)ccc1Nc1ncc(Cl)c(Nc2ccccc2P(C)(C)=O)n1,COc1cc([*:1])ccc1Nc1ncc(Cl)c(Nc2ccccc2P(C)(C)=O)n1,CC1CN([*:2])CC(C)N1CC1CCN([*:1])CC1,O=C1CCC(N2C(=O)c3cc(F)c([*:2])cc3C2=O)C(=O)N1,BCR-ABL,CRBN,886.37,6.23,169.41,13,3,11,0.409,0.115,-5.532,-5.391,WO2023066350A1,2023,GLUETACS THERAPEUTICS SHANGHAI CO LTD
COc1cc(N2CCC(CN3CCN(c4cc5c(cc4F)C(=O)N(C4CCC(=O)NC4=O)C5=O)CC3)CC2)ccc1Nc1ncc(Cl)c(Nc2ccccc2P(C)(C)=O)n1,COc1cc([*:1])ccc1Nc1ncc(Cl)c(Nc2ccccc2P(C)(C)=O)n1,C1CN([*:1])CCC1CN1CCN([*:2])CC1,O=C1CCC(N2C(=O)c3cc(F)c([*:2])cc3C2=O)C(=O)N1,BCR-ABL,CRBN,858.31,5.45,169.41,13,3,11,0.381,0.129,-5.595,-5.205,WO2023066350A1,2023,GLUETACS THERAPEUTICS SHANGHAI CO LTD
COc1cc(N2CCC(CN3CCN(c4ccc5c(c4)C(=O)N(C4CCC(=O)NC4=O)C5=O)CC3)CC2)ccc1Nc1ncc(Cl)c(Nc2ccccc2P(C)(C)=O)n1,COc1cc([*:1])ccc1Nc1ncc(Cl)c(Nc2ccccc2P(C)(C)=O)n1,C1CN([*:1])CCC1CN1CCN([*:2])CC1,O=C1CCC(N2C(=O)c3ccc([*:2])cc3C2=O)C(=O)N1,BCR-ABL,CRBN,840.32,5.31,169.41,13,3,11,0.381,0.131,-5.614,-4.851,WO2023066350A1,2023,GLUETACS THERAPEUTICS SHANGHAI CO LTD
CC(=O)c1c(C)c2cnc(Nc3ccc(N4CCC(CN5CCC(c6cc7c(cc6F)C(=O)N(C6CCC(=O)NC6=O)C7=O)CC5)CC4)cn3)nc2n(C2CCCC2)c1=O,CC(=O)c1c(C)c2cnc(Nc3ccc([*:1])cn3)nc2n(C2CCCC2)c1=O,C1CN([*:1])CCC1CN1CCC([*:2])CC1,O=C1CCC(N2C(=O)c3cc(F)c([*:2])cc3C2=O)C(=O)N1,BCR-ABL,CRBN,817.92,5.19,179.8,12,2,9,0.477,0.167,-5.401,-5.874,WO2023066350A1,2023,GLUETACS THERAPEUTICS SHANGHAI CO LTD
CC(=O)c1c(C)c2cnc(Nc3ccc(N4CCC(CN5CCC(c6ccc7c(c6)C(=O)N(C6CCC(=O)NC6=O)C7=O)CC5)CC4)cn3)nc2n(C2CCCC2)c1=O,CC(=O)c1c(C)c2cnc(Nc3ccc([*:1])cn3)nc2n(C2CCCC2)c1=O,C1CN([*:1])CCC1CN1CCC([*:2])CC1,O=C1CCC(N2C(=O)c3ccc([*:2])cc3C2=O)C(=O)N1,BCR-ABL,CRBN,799.93,5.05,179.8,12,2,9,0.477,0.17,-5.537,-5.211,WO2023066350A1,2023,GLUETACS THERAPEUTICS SHANGHAI CO LTD
CC(=O)c1c(C)c2cnc(Nc3ccc(N4CCC(CN5C(C)CN(c6ccc7c(c6)C(=O)N(C6CCC(=O)NC6=O)C7=O)CC5C)CC4)cn3)nc2n(C2CCCC2)c1=O,CC(=O)c1c(C)c2cnc(Nc3ccc([*:1])cn3)nc2n(C2CCCC2)c1=O,CC1CN([*:2])CC(C)N1CC1CCN([*:1])CC1,O=C1CCC(N2C(=O)c3ccc([*:2])cc3C2=O)C(=O)N1,BCR-ABL,CRBN,828.97,4.77,183.04,13,2,9,0.489,0.174,-5.301,-4.744,WO2023066350A1,2023,GLUETACS THERAPEUTICS SHANGHAI CO LTD
CC(=O)c1c(C)c2cnc(Nc3ccc(N4CCC(CN5C(C)CN(c6cc7c(cc6F)C(=O)N(C6CCC(=O)NC6=O)C7=O)CC5C)CC4)cn3)nc2n(C2CCCC2)c1=O,CC(=O)c1c(C)c2cnc(Nc3ccc([*:1])cn3)nc2n(C2CCCC2)c1=O,CC1CN([*:2])CC(C)N1CC1CCN([*:1])CC1,O=C1CCC(N2C(=O)c3cc(F)c([*:2])cc3C2=O)C(=O)N1,BCR-ABL,CRBN,846.96,4.91,183.04,13,2,9,0.489,0.171,-5.286,-5.167,WO2023066350A1,2023,GLUETACS THERAPEUTICS SHANGHAI CO LTD
CC(=O)c1c(C)c2cnc(Nc3ccc(N4CCC(CN5CCN(c6cc7c(cc6F)C(=O)N(C6CCC(=O)NC6=O)C7=O)CC5)CC4)cn3)nc2n(C2CCCC2)c1=O,CC(=O)c1c(C)c2cnc(Nc3ccc([*:1])cn3)nc2n(C2CCCC2)c1=O,C1CN([*:1])CCC1CN1CCN([*:2])CC1,O=C1CCC(N2C(=O)c3cc(F)c([*:2])cc3C2=O)C(=O)N1,BCR-ABL,CRBN,818.91,4.14,183.04,13,2,9,0.465,0.182,-5.375,-4.74,WO2023066350A1,2023,GLUETACS THERAPEUTICS SHANGHAI CO LTD
CC(=O)c1c(C)c2cnc(Nc3ccc(N4CCC(CN5CCN(c6ccc7c(c6)C(=O)N(C6CCC(=O)NC6=O)C7=O)CC5)CC4)cn3)nc2n(C2CCCC2)c1=O,CC(=O)c1c(C)c2cnc(Nc3ccc([*:1])cn3)nc2n(C2CCCC2)c1=O,C1CN([*:1])CCC1CN1CCN([*:2])CC1,O=C1CCC(N2C(=O)c3ccc([*:2])cc3C2=O)C(=O)N1,BCR-ABL,CRBN,800.92,4.0,183.04,13,2,9,0.465,0.183,-5.412,-4.38,WO2023066350A1,2023,GLUETACS THERAPEUTICS SHANGHAI CO LTD
CN(C)C(=O)c1cc2cnc(Nc3ccc(N4CCC(CN5CCC(c6cc7c(cc6F)C(=O)N(C6CCC(=O)NC6=O)C7=O)CC5)CC4)cn3)nc2n1C1CCCC1,CN(C)C(=O)c1cc2cnc(Nc3ccc([*:1])cn3)nc2n1C1CCCC1,C1CN([*:1])CCC1CN1CCC([*:2])CC1,O=C1CCC(N2C(=O)c3cc(F)c([*:2])cc3C2=O)C(=O)N1,BCR-ABL,CRBN,804.93,5.02,165.97,11,2,9,0.488,0.218,-5.496,-4.825,WO2023066350A1,2023,GLUETACS THERAPEUTICS SHANGHAI CO LTD
CN(C)C(=O)c1cc2cnc(Nc3ccc(N4CCC(CN5CCC(c6ccc7c(c6)C(=O)N(C6CCC(=O)NC6=O)C7=O)CC5)CC4)cn3)nc2n1C1CCCC1,CN(C)C(=O)c1cc2cnc(Nc3ccc([*:1])cn3)nc2n1C1CCCC1,C1CN([*:1])CCC1CN1CCC([*:2])CC1,O=C1CCC(N2C(=O)c3ccc([*:2])cc3C2=O)C(=O)N1,BCR-ABL,CRBN,786.94,4.88,165.97,11,2,9,0.488,0.222,-5.509,-4.222,WO2023066350A1,2023,GLUETACS THERAPEUTICS SHANGHAI CO LTD
CC1CN(c2cc3c(cc2F)C(=O)N(C2CCC(=O)NC2=O)C3=O)CC(C)N1CC1CCN(c2ccc(Nc3ncc4cc(C(=O)N(C)C)n(C5CCCC5)c4n3)nc2)CC1,CN(C)C(=O)c1cc2cnc(Nc3ccc([*:1])cn3)nc2n1C1CCCC1,CC1CN([*:2])CC(C)N1CC1CCN([*:1])CC1,O=C1CCC(N2C(=O)c3cc(F)c([*:2])cc3C2=O)C(=O)N1,BCR-ABL,CRBN,833.97,4.74,169.21,12,2,9,0.5,0.223,-5.475,-4.176,WO2023066350A1,2023,GLUETACS THERAPEUTICS SHANGHAI CO LTD
CC1CN(c2ccc3c(c2)C(=O)N(C2CCC(=O)NC2=O)C3=O)CC(C)N1CC1CCN(c2ccc(Nc3ncc4cc(C(=O)N(C)C)n(C5CCCC5)c4n3)nc2)CC1,CN(C)C(=O)c1cc2cnc(Nc3ccc([*:1])cn3)nc2n1C1CCCC1,CC1CN([*:2])CC(C)N1CC1CCN([*:1])CC1,O=C1CCC(N2C(=O)c3ccc([*:2])cc3C2=O)C(=O)N1,BCR-ABL,CRBN,815.98,4.6,169.21,12,2,9,0.5,0.226,-5.333,-3.796,WO2023066350A1,2023,GLUETACS THERAPEUTICS SHANGHAI CO LTD
CN(C)C(=O)c1cc2cnc(Nc3ccc(N4CCC(CN5CCN(c6cc7c(cc6F)C(=O)N(C6CCC(=O)NC6=O)C7=O)CC5)CC4)cn3)nc2n1C1CCCC1,CN(C)C(=O)c1cc2cnc(Nc3ccc([*:1])cn3)nc2n1C1CCCC1,C1CN([*:1])CCC1CN1CCN([*:2])CC1,O=C1CCC(N2C(=O)c3cc(F)c([*:2])cc3C2=O)C(=O)N1,BCR-ABL,CRBN,805.92,3.97,169.21,12,2,9,0.476,0.234,-5.531,-3.598,WO2023066350A1,2023,GLUETACS THERAPEUTICS SHANGHAI CO LTD
CN(C)C(=O)c1cc2cnc(Nc3ccc(N4CCC(CN5CCN(c6ccc7c(c6)C(=O)N(C6CCC(=O)NC6=O)C7=O)CC5)CC4)cn3)nc2n1C1CCCC1,CN(C)C(=O)c1cc2cnc(Nc3ccc([*:1])cn3)nc2n1C1CCCC1,C1CN([*:1])CCC1CN1CCN([*:2])CC1,O=C1CCC(N2C(=O)c3ccc([*:2])cc3C2=O)C(=O)N1,BCR-ABL,CRBN,787.93,3.83,169.21,12,2,9,0.476,0.236,-5.554,-3.391,WO2023066350A1,2023,GLUETACS THERAPEUTICS SHANGHAI CO LTD
Cc1cc(-c2n[nH]c3ccc(-c4ccc(N5CCC(CN6CCC(c7cc8c(cc7F)C(=O)N(C7CCC(=O)NC7=O)C8=O)CC6)CC5)cc4)cc23)ccc1CNC(=O)c1nc(C(C)(C)C)no1,Cc1cc(-c2n[nH]c3ccc(-c4ccc([*:1])cc4)cc23)ccc1CNC(=O)c1nc(C(C)(C)C)no1,C1CN([*:1])CCC1CN1CCC([*:2])CC1,O=C1CCC(N2C(=O)c3cc(F)c([*:2])cc3C2=O)C(=O)N1,BCR-ABL,CRBN,920.06,7.45,186.73,11,3,10,0.385,0.116,-5.533,-7.905,WO2023066350A1,2023,GLUETACS THERAPEUTICS SHANGHAI CO LTD
Cc1cc(-c2n[nH]c3ccc(-c4ccc(N5CCC(CN6C(C)CN(c7cc8c(cc7F)C(=O)N(C7CCC(=O)NC7=O)C8=O)CC6C)CC5)cc4)cc23)ccc1CNC(=O)c1nc(C(C)(C)C)no1,Cc1cc(-c2n[nH]c3ccc(-c4ccc([*:1])cc4)cc23)ccc1CNC(=O)c1nc(C(C)(C)C)no1,CC1CN([*:2])CC(C)N1CC1CCN([*:1])CC1,O=C1CCC(N2C(=O)c3cc(F)c([*:2])cc3C2=O)C(=O)N1,BCR-ABL,CRBN,949.1,7.17,189.97,12,3,10,0.396,0.118,-5.471,-7.743,WO2023066350A1,2023,GLUETACS THERAPEUTICS SHANGHAI CO LTD
Cc1cc(-c2n[nH]c3ccc(-c4ccc(N5CCC(CN6CCN(c7cc8c(cc7F)C(=O)N(C7CCC(=O)NC7=O)C8=O)CC6)CC5)cc4)cc23)ccc1CNC(=O)c1nc(C(C)(C)C)no1,Cc1cc(-c2n[nH]c3ccc(-c4ccc([*:1])cc4)cc23)ccc1CNC(=O)c1nc(C(C)(C)C)no1,C1CN([*:1])CCC1CN1CCN([*:2])CC1,O=C1CCC(N2C(=O)c3cc(F)c([*:2])cc3C2=O)C(=O)N1,BCR-ABL,CRBN,921.05,6.39,189.97,12,3,10,0.373,0.129,-5.577,-7.389,WO2023066350A1,2023,GLUETACS THERAPEUTICS SHANGHAI CO LTD
Cc1cc(-c2n[nH]c3ccc(-c4ccc(N5CCC(CN6CCC(c7ccc8c(c7)C(=O)N(C7CCC(=O)NC7=O)C8=O)CC6)CC5)cc4)cc23)ccc1CNC(=O)c1nc(C(C)(C)C)no1,Cc1cc(-c2n[nH]c3ccc(-c4ccc([*:1])cc4)cc23)ccc1CNC(=O)c1nc(C(C)(C)C)no1,C1CN([*:1])CCC1CN1CCC([*:2])CC1,O=C1CCC(N2C(=O)c3ccc([*:2])cc3C2=O)C(=O)N1,BCR-ABL,CRBN,902.07,7.31,186.73,11,3,10,0.385,0.117,-5.476,-7.791,WO2023066350A1,2023,GLUETACS THERAPEUTICS SHANGHAI CO LTD
Cc1cc(-c2n[nH]c3ccc(-c4ccc(N5CCC(CN6C(C)CN(c7ccc8c(c7)C(=O)N(C7CCC(=O)NC7=O)C8=O)CC6C)CC5)cc4)cc23)ccc1CNC(=O)c1nc(C(C)(C)C)no1,Cc1cc(-c2n[nH]c3ccc(-c4ccc([*:1])cc4)cc23)ccc1CNC(=O)c1nc(C(C)(C)C)no1,CC1CN([*:2])CC(C)N1CC1CCN([*:1])CC1,O=C1CCC(N2C(=O)c3ccc([*:2])cc3C2=O)C(=O)N1,BCR-ABL,CRBN,931.11,7.03,189.97,12,3,10,0.396,0.119,-5.38,-7.684,WO2023066350A1,2023,GLUETACS THERAPEUTICS SHANGHAI CO LTD
Cc1cc(-c2n[nH]c3ccc(-c4ccc(N5CCC(CN6CCN(c7ccc8c(c7)C(=O)N(C7CCC(=O)NC7=O)C8=O)CC6)CC5)cc4)cc23)ccc1CNC(=O)c1nc(C(C)(C)C)no1,Cc1cc(-c2n[nH]c3ccc(-c4ccc([*:1])cc4)cc23)ccc1CNC(=O)c1nc(C(C)(C)C)no1,C1CN([*:1])CCC1CN1CCN([*:2])CC1,O=C1CCC(N2C(=O)c3ccc([*:2])cc3C2=O)C(=O)N1,BCR-ABL,CRBN,903.06,6.26,189.97,12,3,10,0.373,0.131,-5.517,-7.48,WO2023066350A1,2023,GLUETACS THERAPEUTICS SHANGHAI CO LTD
CC1(C)C(NC(=O)c2ccc(N3CCC(CN4CCC(c5cc6c(cc5F)C(=O)N(C5CCC(=O)NC5=O)C6=O)CC4)CC3)nc2)C(C)(C)C1Oc1ccc(C#N)c(Cl)c1,CC1(C)C(NC(=O)c2ccc([*:1])nc2)C(C)(C)C1Oc1ccc(C#N)c(Cl)c1,C1CN([*:1])CCC1CN1CCC([*:2])CC1,O=C1CCC(N2C(=O)c3cc(F)c([*:2])cc3C2=O)C(=O)N1,BCR-ABL,CRBN,838.38,5.85,165.04,10,2,9,0.489,0.25,-5.611,-6.292,WO2023066350A1,2023,GLUETACS THERAPEUTICS SHANGHAI CO LTD
CC1(C)C(NC(=O)c2ccc(N3CCC(CN4CCC(c5ccc6c(c5)C(=O)N(C5CCC(=O)NC5=O)C6=O)CC4)CC3)nc2)C(C)(C)C1Oc1ccc(C#N)c(Cl)c1,CC1(C)C(NC(=O)c2ccc([*:1])nc2)C(C)(C)C1Oc1ccc(C#N)c(Cl)c1,C1CN([*:1])CCC1CN1CCC([*:2])CC1,O=C1CCC(N2C(=O)c3ccc([*:2])cc3C2=O)C(=O)N1,BCR-ABL,CRBN,820.39,5.72,165.04,10,2,9,0.489,0.256,-5.704,-6.126,WO2023066350A1,2023,GLUETACS THERAPEUTICS SHANGHAI CO LTD
CC1(C)C(NC(=O)c2ccc(N3CCC(CN4CCN(c5ccc6c(c5)C(=O)N(C5CCC(=O)NC5=O)C6=O)CC4)CC3)nc2)C(C)(C)C1Oc1ccc(C#N)c(Cl)c1,CC1(C)C(NC(=O)c2ccc([*:1])nc2)C(C)(C)C1Oc1ccc(C#N)c(Cl)c1,C1CN([*:1])CCC1CN1CCN([*:2])CC1,O=C1CCC(N2C(=O)c3ccc([*:2])cc3C2=O)C(=O)N1,BCR-ABL,CRBN,821.38,4.66,168.28,11,2,9,0.477,0.288,-5.587,-5.951,WO2023066350A1,2023,GLUETACS THERAPEUTICS SHANGHAI CO LTD
N#Cc1ccc(OC2CCC(NC(=O)c3ccc(N4CCC(CN5CCC(c6cc7c(cc6F)C(=O)N(C6CCC(=O)NC6=O)C7=O)CC5)CC4)nn3)CC2)cc1Cl,N#Cc1ccc(OC2CCC(NC(=O)c3ccc([*:1])nn3)CC2)cc1Cl,C1CN([*:1])CCC1CN1CCC([*:2])CC1,O=C1CCC(N2C(=O)c3cc(F)c([*:2])cc3C2=O)C(=O)N1,BCR-ABL,CRBN,811.31,4.76,177.93,11,2,9,0.476,0.285,-5.492,-5.978,WO2023066350A1,2023,GLUETACS THERAPEUTICS SHANGHAI CO LTD
N#Cc1ccc(OC2CCC(NC(=O)c3ccc(N4CCC(CN5CCC(c6ccc7c(c6)C(=O)N(C6CCC(=O)NC6=O)C7=O)CC5)CC4)nn3)CC2)cc1Cl,N#Cc1ccc(OC2CCC(NC(=O)c3ccc([*:1])nn3)CC2)cc1Cl,C1CN([*:1])CCC1CN1CCC([*:2])CC1,O=C1CCC(N2C(=O)c3ccc([*:2])cc3C2=O)C(=O)N1,BCR-ABL,CRBN,793.32,4.62,177.93,11,2,9,0.476,0.289,-5.529,-5.465,WO2023066350A1,2023,GLUETACS THERAPEUTICS SHANGHAI CO LTD
O=C1CCC(N2Cc3c(NCCOCCOCCOc4ccc5c(c4)C(=O)C(CC4CCN(Cc6ccccc6)CC4)C5)cccc3C2=O)C(=O)N1,O=C1c2cc([*:1])ccc2CC1CC1CCN(Cc2ccccc2)CC1,C(COCCOCCO[*:1])N[*:2],O=C1CCC(N2Cc3c(cccc3[*:2])C2=O)C(=O)N1,AChE,CRBN,708.86,4.63,126.51,9,2,16,0.463,0.162,-5.33,-3.389,CN110734426A,2020,ZHEJIANG MEDICAL SCI ACAD
O=C1CCC(N2Cc3c(NCCOCCOCCOCCOc4ccc5c(c4)C(=O)C(CC4CCN(Cc6ccccc6)CC4)C5)cccc3C2=O)C(=O)N1,O=C1c2cc([*:1])ccc2CC1CC1CCN(Cc2ccccc2)CC1,C(COCCOCCOCCO[*:1])N[*:2],O=C1CCC(N2Cc3c(cccc3[*:2])C2=O)C(=O)N1,AChE,CRBN,752.91,4.65,135.74,10,2,19,0.488,0.132,-5.353,-3.218,CN110734426A,2020,ZHEJIANG MEDICAL SCI ACAD
Cc1ncsc1-c1ccc(C(C)NC(=O)C2CC(O)CN2C(=O)C(NC(=O)COCCOCCOCCOCCOc2ccc(CNCCCNCc3ccccc3N(C)C)cc2)C(C)(C)C)cc1,CN(C)c1ccccc1CNCCCNCc1ccc([*:1])cc1,O=C(COCCOCCOCCOCCO[*:1])[*:2],Cc1ncsc1-c1ccc(C(C)NC(=O)C2CC(O)CN2C(=O)C(N[*:2])C(C)(C)C)cc1,GLI1,VHL,974.28,5.27,185.08,14,5,30,0.538,0.043,-5.762,-3.397,CN114957219A,2022,UNIV SOOCHOW
Cc1ncsc1-c1ccc(C(C)NC(=O)C2CC(O)CN2C(=O)C(NC(=O)COCCOCCOCCOc2ccc(CNCCCNCc3ccccc3N(C)C)cc2)C(C)(C)C)cc1,CN(C)c1ccccc1CNCCCNCc1ccc([*:1])cc1,O=C(COCCOCCOCCO[*:1])[*:2],Cc1ncsc1-c1ccc(C(C)NC(=O)C2CC(O)CN2C(=O)C(N[*:2])C(C)(C)C)cc1,GLI1,VHL,930.23,5.25,175.85,13,5,27,0.52,0.049,-5.903,-3.505,CN114957219A,2022,UNIV SOOCHOW
Cc1ncsc1-c1ccc(C(C)NC(=O)C2CC(O)CN2C(=O)C(NC(=O)COCCOCCOc2ccc(CNCCCNCc3ccccc3N(C)C)cc2)C(C)(C)C)cc1,CN(C)c1ccccc1CNCCCNCc1ccc([*:1])cc1,O=C(COCCOCCO[*:1])[*:2],Cc1ncsc1-c1ccc(C(C)NC(=O)C2CC(O)CN2C(=O)C(N[*:2])C(C)(C)C)cc1,GLI1,VHL,886.17,5.24,166.62,12,5,24,0.5,0.059,-5.891,-3.519,CN114957219A,2022,UNIV SOOCHOW
CN(C)c1ccccc1CNCCCNCc1ccc(OCCOCCOCCOCCNc2cccc3c2C(=O)N(C2CCC(=O)NC2=O)C3=O)cc1,CN(C)c1ccccc1CNCCCNCc1ccc([*:1])cc1,C(COCCOCCOCCO[*:1])N[*:2],O=C1CCC(N2C(=O)c3cccc([*:2])c3C2=O)C(=O)N1,GLI1,CRBN,744.89,2.96,159.8,12,4,24,0.45,0.079,-5.503,-3.301,CN114957219A,2022,UNIV SOOCHOW
CN(C)c1ccccc1CNCCCNCc1ccc(OCCOCCOCCNc2cccc3c2C(=O)N(C2CCC(=O)NC2=O)C3=O)cc1,CN(C)c1ccccc1CNCCCNCc1ccc([*:1])cc1,C(COCCOCCO[*:1])N[*:2],O=C1CCC(N2C(=O)c3cccc([*:2])c3C2=O)C(=O)N1,GLI1,CRBN,700.84,2.95,150.57,11,4,21,0.421,0.096,-5.519,-3.39,CN114957219A,2022,UNIV SOOCHOW
N#Cc1ccc(N2CCC3(CCN(c4ccc(C(=O)N5CCC(N6Cc7cc8c(cc7C6)C(=O)N(C6CCC(=O)NC6=O)C8=O)CC5)cc4)CC3)C2)cc1Cl,N#Cc1ccc(N2CCC3(CCN(c4ccc([*:1])cc4)CC3)C2)cc1Cl,O=C(N1CCC([*:2])CC1)[*:1],O=C1CCC(N2C(=O)c3cc4c(cc3C2=O)CN([*:2])C4)C(=O)N1,AR,CRBN,760.29,4.73,137.37,9,1,5,0.429,0.366,-5.641,-4.854,CN115023267A,2022,UNIVERSITY OF MICHIGAN
CC1CC2(CCN(c3ccc(C(=O)N4CCN(CC5CCN(c6cc7c(cc6F)C(=O)N(C6CCC(=O)NC6=O)C7=O)CC5)CC4)nn3)CC2)CN1c1ccc(C#N)c(Cl)c1,CC1CC2(CCN(c3ccc([*:1])nn3)CC2)CN1c1ccc(C#N)c(Cl)c1,O=C(N1CCN(CC2CCN([*:2])CC2)CC1)[*:1],O=C1CCC(N2C(=O)c3cc(F)c([*:2])cc3C2=O)C(=O)N1,AR,CRBN,851.38,4.1,166.39,12,1,7,0.5,0.339,-5.692,-5.536,CN115023267A,2022,UNIVERSITY OF MICHIGAN
CC1CC2(CCN(c3cnc(C(=O)N4CCN(C5CCN(c6ccc7c(c6)C(=O)N(C6CCC(=O)NC6=O)C7=O)CC5)CC4)cn3)CC2)CN1c1ccc(C#N)c(Cl)c1,CC1CC2(CCN(c3cnc([*:1])cn3)CC2)CN1c1ccc(C#N)c(Cl)c1,O=C(N1CCN(C2CCN([*:2])CC2)CC1)[*:1],O=C1CCC(N2C(=O)c3ccc([*:2])cc3C2=O)C(=O)N1,AR,CRBN,819.37,3.72,166.39,12,1,6,0.488,0.359,-5.665,-4.958,CN115023267A,2022,UNIVERSITY OF MICHIGAN
CC1CC2(CCN(c3ccc(C(=O)N4CCN(C5CCN(c6ccc7c(c6)C(=O)N(C6CCC(=O)NC6=O)C7=O)CC5)CC4)nn3)CC2)CN1c1ccc(C#N)c(Cl)c1,CC1CC2(CCN(c3ccc([*:1])nn3)CC2)CN1c1ccc(C#N)c(Cl)c1,O=C(N1CCN(C2CCN([*:2])CC2)CC1)[*:1],O=C1CCC(N2C(=O)c3ccc([*:2])cc3C2=O)C(=O)N1,AR,CRBN,819.37,3.72,166.39,12,1,6,0.488,0.359,-5.629,-4.943,CN115023267A,2022,UNIVERSITY OF MICHIGAN
CC1CC2(CCN(c3ccc(C(=O)N4CCC(N5Cc6cc7c(cc6C5)C(=O)N(C5CCC(=O)NC5=O)C7=O)CC4)nc3)CC2)CN1c1ccc(C#N)c(Cl)c1,CC1CC2(CCN(c3ccc([*:1])nc3)CC2)CN1c1ccc(C#N)c(Cl)c1,O=C(N1CCC([*:2])CC1)[*:1],O=C1CCC(N2C(=O)c3cc4c(cc3C2=O)CN([*:2])C4)C(=O)N1,AR,CRBN,775.31,4.51,150.26,10,1,5,0.452,0.367,-5.59,-4.769,CN115023267A,2022,UNIVERSITY OF MICHIGAN
CC1CC2(CCN(c3ccc(C(=O)N4CCN(C5CCN(c6ccc7c(c6)C(=O)N(C6CCC(=O)NC6=O)C7=O)CC5)CC4)c(F)c3)CC2)CN1c1ccc(C#N)c(Cl)c1,CC1CC2(CCN(c3ccc([*:1])c(F)c3)CC2)CN1c1ccc(C#N)c(Cl)c1,O=C(N1CCN(C2CCN([*:2])CC2)CC1)[*:1],O=C1CCC(N2C(=O)c3ccc([*:2])cc3C2=O)C(=O)N1,AR,CRBN,835.38,5.06,140.61,10,1,6,0.467,0.335,-5.507,-5.421,CN115023267A,2022,UNIVERSITY OF MICHIGAN
CC1CC2(CCN(c3ccc(C(=O)N4CCN(CC5CCN(c6cc7c(cc6F)C(=O)N(C6CCC(=O)NC6=O)C7=O)CC5)CC4)c(F)c3)CC2)CN1c1ccc(C#N)c(Cl)c1,CC1CC2(CCN(c3ccc([*:1])c(F)c3)CC2)CN1c1ccc(C#N)c(Cl)c1,O=C(N1CCN(CC2CCN([*:2])CC2)CC1)[*:1],O=C1CCC(N2C(=O)c3cc(F)c([*:2])cc3C2=O)C(=O)N1,AR,CRBN,867.4,5.45,140.61,10,1,7,0.478,0.305,-5.68,-5.97,CN115023267A,2022,UNIVERSITY OF MICHIGAN
CC1CC2(CCN(c3ccc(C(=O)N4CCN(CC5CCN(c6cc7c(cc6F)C(=O)N(C6CCC(=O)NC6=O)C7=O)CC5)CC4)cc3F)CC2)CN1c1ccc(C#N)c(Cl)c1,CC1CC2(CCN(c3ccc([*:1])cc3F)CC2)CN1c1ccc(C#N)c(Cl)c1,O=C(N1CCN(CC2CCN([*:2])CC2)CC1)[*:1],O=C1CCC(N2C(=O)c3cc(F)c([*:2])cc3C2=O)C(=O)N1,AR,CRBN,867.4,5.45,140.61,10,1,7,0.478,0.305,-5.741,-5.937,CN115023267A,2022,UNIVERSITY OF MICHIGAN
CC1CC2(CCN(c3ccc(C(=O)N4CCN(CC5CCN(c6ccc7c(c6)C(=O)N(C6CCC(=O)NC6=O)C7=O)CC5)CC4)c(F)c3)CC2)CN1c1ccc(C#N)c(Cl)c1,CC1CC2(CCN(c3ccc([*:1])c(F)c3)CC2)CN1c1ccc(C#N)c(Cl)c1,O=C(N1CCN(CC2CCN([*:2])CC2)CC1)[*:1],O=C1CCC(N2C(=O)c3ccc([*:2])cc3C2=O)C(=O)N1,AR,CRBN,849.41,5.31,140.61,10,1,7,0.478,0.311,-5.65,-5.789,CN115023267A,2022,UNIVERSITY OF MICHIGAN
CC1CC2(CCN(c3ccc(C(=O)N4CCN(CC5CCN(c6ccc7c(c6)C(=O)N(C6CCC(=O)NC6=O)C7=O)CC5)CC4)cc3F)CC2)CN1c1ccc(C#N)c(Cl)c1,CC1CC2(CCN(c3ccc([*:1])cc3F)CC2)CN1c1ccc(C#N)c(Cl)c1,O=C(N1CCN(CC2CCN([*:2])CC2)CC1)[*:1],O=C1CCC(N2C(=O)c3ccc([*:2])cc3C2=O)C(=O)N1,AR,CRBN,849.41,5.31,140.61,10,1,7,0.478,0.311,-5.697,-5.783,CN115023267A,2022,UNIVERSITY OF MICHIGAN
CC1CC2(CCN(c3ccc(C(=O)N4CCN(CC5CCN(c6ccc7c(c6)C(=O)N(C6CCC(=O)NC6=O)C7=O)CC5)CC4)nc3)CC2)CN1c1ccc(C#N)c(Cl)c1,CC1CC2(CCN(c3ccc([*:1])nc3)CC2)CN1c1ccc(C#N)c(Cl)c1,O=C(N1CCN(CC2CCN([*:2])CC2)CC1)[*:1],O=C1CCC(N2C(=O)c3ccc([*:2])cc3C2=O)C(=O)N1,AR,CRBN,832.41,4.57,153.5,11,1,7,0.489,0.334,-5.704,-5.33,CN115023267A,2022,UNIVERSITY OF MICHIGAN
CC1CC2(CCN(c3ccc(C(=O)N4CCN(C5CCN(c6ccc7c(c6)C(=O)N(C6CCC(=O)NC6=O)C7=O)CC5)CC4)nc3)CC2)CN1c1ccc(C#N)c(Cl)c1,CC1CC2(CCN(c3ccc([*:1])nc3)CC2)CN1c1ccc(C#N)c(Cl)c1,O=C(N1CCN(C2CCN([*:2])CC2)CC1)[*:1],O=C1CCC(N2C(=O)c3ccc([*:2])cc3C2=O)C(=O)N1,AR,CRBN,818.38,4.32,153.5,11,1,6,0.477,0.354,-5.621,-4.895,CN115023267A,2022,UNIVERSITY OF MICHIGAN
CC1CC2(CCN(c3ccc(C(=O)N4CCN(CC5CCN(c6cc7c(cc6F)C(=O)N(C6CCC(=O)NC6=O)C7=O)CC5)CC4)cc3)CC2)CN1c1ccc(C#N)c(Cl)c1,CC1CC2(CCN(c3ccc([*:1])cc3)CC2)CN1c1ccc(C#N)c(Cl)c1,O=C(N1CCN(CC2CCN([*:2])CC2)CC1)[*:1],O=C1CCC(N2C(=O)c3cc(F)c([*:2])cc3C2=O)C(=O)N1,AR,CRBN,849.41,5.31,140.61,10,1,7,0.478,0.311,-5.709,-5.754,CN115023267A,2022,UNIVERSITY OF MICHIGAN
CC1CC2(CCN(c3ccc(C(=O)N4CCN(C5CCN(c6cc7c(cc6F)C(=O)N(C6CCC(=O)NC6=O)C7=O)CC5)CC4)cc3)CC2)CN1c1ccc(C#N)c(Cl)c1,CC1CC2(CCN(c3ccc([*:1])cc3)CC2)CN1c1ccc(C#N)c(Cl)c1,O=C(N1CCN(C2CCN([*:2])CC2)CC1)[*:1],O=C1CCC(N2C(=O)c3cc(F)c([*:2])cc3C2=O)C(=O)N1,AR,CRBN,835.38,5.06,140.61,10,1,6,0.467,0.335,-5.582,-5.406,CN115023267A,2022,UNIVERSITY OF MICHIGAN
CC1CC2(CCN(c3ccc(C(=O)N4CCN(CC5CN(c6ccc7c(c6)C(=O)N(C6CCC(=O)NC6=O)C7=O)C5)CC4)cc3)CC2)CN1c1ccc(C#N)c(Cl)c1,CC1CC2(CCN(c3ccc([*:1])cc3)CC2)CN1c1ccc(C#N)c(Cl)c1,O=C(N1CCN(CC2CN([*:2])C2)CC1)[*:1],O=C1CCC(N2C(=O)c3ccc([*:2])cc3C2=O)C(=O)N1,AR,CRBN,803.36,4.39,140.61,10,1,7,0.455,0.342,-5.698,-4.648,CN115023267A,2022,UNIVERSITY OF MICHIGAN
CC1CC2(CCN(c3ccc(C(=O)N4CCN(CC5CN(c6cc7c(cc6F)C(=O)N(C6CCC(=O)NC6=O)C7=O)C5)CC4)cc3F)CC2)CN1c1ccc(C#N)c(Cl)c1,CC1CC2(CCN(c3ccc([*:1])cc3F)CC2)CN1c1ccc(C#N)c(Cl)c1,O=C(N1CCN(CC2CN([*:2])C2)CC1)[*:1],O=C1CCC(N2C(=O)c3cc(F)c([*:2])cc3C2=O)C(=O)N1,AR,CRBN,839.34,4.67,140.61,10,1,7,0.455,0.334,-5.634,-5.44,CN115023267A,2022,UNIVERSITY OF MICHIGAN
CC1CC2(CCN(c3ccc(C(=O)N4CCN(C5CN(c6cc7c(cc6F)C(=O)N(C6CCC(=O)NC6=O)C7=O)C5)CC4)cc3F)CC2)CN1c1ccc(C#N)c(Cl)c1,CC1CC2(CCN(c3ccc([*:1])cc3F)CC2)CN1c1ccc(C#N)c(Cl)c1,O=C(N1CCN(C2CN([*:2])C2)CC1)[*:1],O=C1CCC(N2C(=O)c3cc(F)c([*:2])cc3C2=O)C(=O)N1,AR,CRBN,825.32,4.42,140.61,10,1,6,0.442,0.356,-5.506,-5.202,CN115023267A,2022,UNIVERSITY OF MICHIGAN
CC1CC2(CCN(c3ccc(C(=O)N4CCN(CC5CN(c6cc7c(cc6F)C(=O)N(C6CCC(=O)NC6=O)C7=O)C5)CC4)c(F)c3)CC2)CN1c1ccc(C#N)c(Cl)c1,CC1CC2(CCN(c3ccc([*:1])c(F)c3)CC2)CN1c1ccc(C#N)c(Cl)c1,O=C(N1CCN(CC2CN([*:2])C2)CC1)[*:1],O=C1CCC(N2C(=O)c3cc(F)c([*:2])cc3C2=O)C(=O)N1,AR,CRBN,839.34,4.67,140.61,10,1,7,0.455,0.334,-5.611,-5.383,CN115023267A,2022,UNIVERSITY OF MICHIGAN
CC1CC2(CCN(c3ccc(C(=O)N4CCN(C5CN(c6cc7c(cc6F)C(=O)N(C6CCC(=O)NC6=O)C7=O)C5)CC4)c(F)c3)CC2)CN1c1ccc(C#N)c(Cl)c1,CC1CC2(CCN(c3ccc([*:1])c(F)c3)CC2)CN1c1ccc(C#N)c(Cl)c1,O=C(N1CCN(C2CN([*:2])C2)CC1)[*:1],O=C1CCC(N2C(=O)c3cc(F)c([*:2])cc3C2=O)C(=O)N1,AR,CRBN,825.32,4.42,140.61,10,1,6,0.442,0.356,-5.481,-5.125,CN115023267A,2022,UNIVERSITY OF MICHIGAN
CC1CC2(CCN(c3ccc(C(=O)N4CCN(CC5CN(c6ccc7c(c6)C(=O)N(C6CCC(=O)NC6=O)C7=O)C5)CC4)c(F)c3)CC2)CN1c1ccc(C#N)c(Cl)c1,CC1CC2(CCN(c3ccc([*:1])c(F)c3)CC2)CN1c1ccc(C#N)c(Cl)c1,O=C(N1CCN(CC2CN([*:2])C2)CC1)[*:1],O=C1CCC(N2C(=O)c3ccc([*:2])cc3C2=O)C(=O)N1,AR,CRBN,821.35,4.53,140.61,10,1,7,0.455,0.339,-5.578,-5.02,CN115023267A,2022,UNIVERSITY OF MICHIGAN
CC1CC2(CCN(c3ccc(C(=O)N4CCN(CC5CN(c6ccc7c(c6)C(=O)N(C6CCC(=O)NC6=O)C7=O)C5)CC4)cc3F)CC2)CN1c1ccc(C#N)c(Cl)c1,CC1CC2(CCN(c3ccc([*:1])cc3F)CC2)CN1c1ccc(C#N)c(Cl)c1,O=C(N1CCN(CC2CN([*:2])C2)CC1)[*:1],O=C1CCC(N2C(=O)c3ccc([*:2])cc3C2=O)C(=O)N1,AR,CRBN,821.35,4.53,140.61,10,1,7,0.455,0.339,-5.6,-5.2,CN115023267A,2022,UNIVERSITY OF MICHIGAN
CC1CC2(CCN(c3ncc(C(=O)N4CCN(C5CCN(c6cc7c(cc6F)C(=O)N(C6CCC(=O)NC6=O)C7=O)CC5)CC4)cn3)CC2)CN1c1ccc(C#N)c(Cl)c1,CC1CC2(CCN(c3ncc([*:1])cn3)CC2)CN1c1ccc(C#N)c(Cl)c1,O=C(N1CCN(C2CCN([*:2])CC2)CC1)[*:1],O=C1CCC(N2C(=O)c3cc(F)c([*:2])cc3C2=O)C(=O)N1,AR,CRBN,837.36,3.85,166.39,12,1,6,0.488,0.357,-5.512,-5.46,CN115023267A,2022,UNIVERSITY OF MICHIGAN
CC1CC2(CCN(c3ncc(C(=O)N4CCN(C5CN(c6cc7c(cc6F)C(=O)N(C6CCC(=O)NC6=O)C7=O)C5)CC4)cn3)CC2)CN1c1ccc(C#N)c(Cl)c1,CC1CC2(CCN(c3ncc([*:1])cn3)CC2)CN1c1ccc(C#N)c(Cl)c1,O=C(N1CCN(C2CN([*:2])C2)CC1)[*:1],O=C1CCC(N2C(=O)c3cc(F)c([*:2])cc3C2=O)C(=O)N1,AR,CRBN,809.3,3.07,166.39,12,1,6,0.463,0.363,-5.478,-5.114,CN115023267A,2022,UNIVERSITY OF MICHIGAN
CC1CC2(CCN(c3ccc(C(=O)N4CCN(C5CCN(c6ccc7c(c6)C(=O)N(C6CCC(=O)NC6=O)C7=O)CC5)CC4)cc3F)CC2)CN1c1ccc(C#N)c(Cl)c1,CC1CC2(CCN(c3ccc([*:1])cc3F)CC2)CN1c1ccc(C#N)c(Cl)c1,O=C(N1CCN(C2CCN([*:2])CC2)CC1)[*:1],O=C1CCC(N2C(=O)c3ccc([*:2])cc3C2=O)C(=O)N1,AR,CRBN,835.38,5.06,140.61,10,1,6,0.467,0.335,-5.567,-5.447,CN115023267A,2022,UNIVERSITY OF MICHIGAN
CC1CC2(CCN(c3ncc(C(=O)N4CCN(C5CCN(c6ccc7c(c6)C(=O)N(C6CCC(=O)NC6=O)C7=O)CC5)CC4)cn3)CC2)CN1c1ccc(C#N)c(Cl)c1,CC1CC2(CCN(c3ncc([*:1])cn3)CC2)CN1c1ccc(C#N)c(Cl)c1,O=C(N1CCN(C2CCN([*:2])CC2)CC1)[*:1],O=C1CCC(N2C(=O)c3ccc([*:2])cc3C2=O)C(=O)N1,AR,CRBN,819.37,3.72,166.39,12,1,6,0.488,0.359,-5.58,-5.124,CN115023267A,2022,UNIVERSITY OF MICHIGAN
CC1CC2(CCN(c3ncc(C(=O)N4CCN(C5CN(c6ccc7c(c6)C(=O)N(C6CCC(=O)NC6=O)C7=O)C5)CC4)cn3)CC2)CN1c1ccc(C#N)c(Cl)c1,CC1CC2(CCN(c3ncc([*:1])cn3)CC2)CN1c1ccc(C#N)c(Cl)c1,O=C(N1CCN(C2CN([*:2])C2)CC1)[*:1],O=C1CCC(N2C(=O)c3ccc([*:2])cc3C2=O)C(=O)N1,AR,CRBN,791.31,2.93,166.39,12,1,6,0.463,0.364,-5.471,-4.762,CN115023267A,2022,UNIVERSITY OF MICHIGAN
CC1CC2(CCN(c3ccc(C(=O)N4CCN(C5CN(c6ccc7c(c6)C(=O)N(C6CCC(=O)NC6=O)C7=O)C5)CC4)cc3F)CC2)CN1c1ccc(C#N)c(Cl)c1,CC1CC2(CCN(c3ccc([*:1])cc3F)CC2)CN1c1ccc(C#N)c(Cl)c1,O=C(N1CCN(C2CN([*:2])C2)CC1)[*:1],O=C1CCC(N2C(=O)c3ccc([*:2])cc3C2=O)C(=O)N1,AR,CRBN,807.33,4.28,140.61,10,1,6,0.442,0.359,-5.451,-4.935,CN115023267A,2022,UNIVERSITY OF MICHIGAN
CC1CC2(CCN(c3ccc(C(=O)N4CCN(C5CCN(c6ccc7c(c6)C(=O)N(C6CCC(=O)NC6=O)C7=O)CC5)CC4)cn3)CC2)CN1c1ccc(C#N)c(Cl)c1,CC1CC2(CCN(c3ccc([*:1])cn3)CC2)CN1c1ccc(C#N)c(Cl)c1,O=C(N1CCN(C2CCN([*:2])CC2)CC1)[*:1],O=C1CCC(N2C(=O)c3ccc([*:2])cc3C2=O)C(=O)N1,AR,CRBN,818.38,4.32,153.5,11,1,6,0.477,0.354,-5.636,-5.227,CN115023267A,2022,UNIVERSITY OF MICHIGAN
CC1CC2(CCN(c3ccc(C(=O)N4CCN(C5CN(c6cc7c(cc6F)C(=O)N(C6CCC(=O)NC6=O)C7=O)C5)CC4)cn3)CC2)CN1c1ccc(C#N)c(Cl)c1,CC1CC2(CCN(c3ccc([*:1])cn3)CC2)CN1c1ccc(C#N)c(Cl)c1,O=C(N1CCN(C2CN([*:2])C2)CC1)[*:1],O=C1CCC(N2C(=O)c3cc(F)c([*:2])cc3C2=O)C(=O)N1,AR,CRBN,808.31,3.68,153.5,11,1,6,0.452,0.363,-5.626,-4.983,CN115023267A,2022,UNIVERSITY OF MICHIGAN
CC1CC2(CCN(c3ccc(C(=O)N4CCN(CC5CN(c6cc7c(cc6F)C(=O)N(C6CCC(=O)NC6=O)C7=O)C5)CC4)cc3)CC2)CN1c1ccc(C#N)c(Cl)c1,CC1CC2(CCN(c3ccc([*:1])cc3)CC2)CN1c1ccc(C#N)c(Cl)c1,O=C(N1CCN(CC2CN([*:2])C2)CC1)[*:1],O=C1CCC(N2C(=O)c3cc(F)c([*:2])cc3C2=O)C(=O)N1,AR,CRBN,821.35,4.53,140.61,10,1,7,0.455,0.339,-5.658,-5.162,CN115023267A,2022,UNIVERSITY OF MICHIGAN
CC1CC2(CCN(c3ccc(C(=O)N4CCN(C5CN(c6cc7c(cc6F)C(=O)N(C6CCC(=O)NC6=O)C7=O)C5)CC4)nn3)CC2)CN1c1ccc(C#N)c(Cl)c1,CC1CC2(CCN(c3ccc([*:1])nn3)CC2)CN1c1ccc(C#N)c(Cl)c1,O=C(N1CCN(C2CN([*:2])C2)CC1)[*:1],O=C1CCC(N2C(=O)c3cc(F)c([*:2])cc3C2=O)C(=O)N1,AR,CRBN,809.3,3.07,166.39,12,1,6,0.463,0.363,-5.587,-4.861,CN115023267A,2022,UNIVERSITY OF MICHIGAN
CC1CC2(CCN(c3cnc(C(=O)N4CCN(CC5CCN(c6ccc7c(c6)C(=O)N(C6CCC(=O)NC6=O)C7=O)CC5)CC4)cn3)CC2)CN1c1ccc(C#N)c(Cl)c1,CC1CC2(CCN(c3cnc([*:1])cn3)CC2)CN1c1ccc(C#N)c(Cl)c1,O=C(N1CCN(CC2CCN([*:2])CC2)CC1)[*:1],O=C1CCC(N2C(=O)c3ccc([*:2])cc3C2=O)C(=O)N1,AR,CRBN,833.39,3.96,166.39,12,1,7,0.5,0.341,-5.732,-5.365,CN115023267A,2022,UNIVERSITY OF MICHIGAN
CC1CC2(CCN(c3cnc(C(=O)N4CCC(CN5CCN(c6cc7c(cc6F)C(=O)N(C6CCC(=O)NC6=O)C7=O)CC5)CC4)cn3)CC2)CN1c1ccc(C#N)c(Cl)c1,CC1CC2(CCN(c3cnc([*:1])cn3)CC2)CN1c1ccc(C#N)c(Cl)c1,O=C(N1CCC(CN2CCN([*:2])CC2)CC1)[*:1],O=C1CCC(N2C(=O)c3cc(F)c([*:2])cc3C2=O)C(=O)N1,AR,CRBN,851.38,4.1,166.39,12,1,7,0.5,0.339,-5.743,-5.336,CN115023267A,2022,UNIVERSITY OF MICHIGAN
CC1CC2(CCN(c3cnc(C(=O)N4CCC(CN5CCN(c6ccc7c(c6)C(=O)N(C6CCC(=O)NC6=O)C7=O)CC5)CC4)cn3)CC2)CN1c1ccc(C#N)c(Cl)c1,CC1CC2(CCN(c3cnc([*:1])cn3)CC2)CN1c1ccc(C#N)c(Cl)c1,O=C(N1CCC(CN2CCN([*:2])CC2)CC1)[*:1],O=C1CCC(N2C(=O)c3ccc([*:2])cc3C2=O)C(=O)N1,AR,CRBN,833.39,3.96,166.39,12,1,7,0.5,0.341,-5.722,-5.077,CN115023267A,2022,UNIVERSITY OF MICHIGAN
CC1CC2(CCN(c3ccc(C(=O)N4CCN(CC5CCN(c6ccc7c(c6)C(=O)N(C6CCC(=O)NC6=O)C7=O)CC5)CC4)nn3)CC2)CN1c1ccc(C#N)c(Cl)c1,CC1CC2(CCN(c3ccc([*:1])nn3)CC2)CN1c1ccc(C#N)c(Cl)c1,O=C(N1CCN(CC2CCN([*:2])CC2)CC1)[*:1],O=C1CCC(N2C(=O)c3ccc([*:2])cc3C2=O)C(=O)N1,AR,CRBN,833.39,3.96,166.39,12,1,7,0.5,0.341,-5.717,-5.325,CN115023267A,2022,UNIVERSITY OF MICHIGAN
CC1CC2(CCN(c3cnc(C(=O)N4CCN(CC5CN(c6cc7c(cc6F)C(=O)N(C6CCC(=O)NC6=O)C7=O)C5)CC4)cn3)CC2)CN1c1ccc(C#N)c(Cl)c1,CC1CC2(CCN(c3cnc([*:1])cn3)CC2)CN1c1ccc(C#N)c(Cl)c1,O=C(N1CCN(CC2CN([*:2])C2)CC1)[*:1],O=C1CCC(N2C(=O)c3cc(F)c([*:2])cc3C2=O)C(=O)N1,AR,CRBN,823.33,3.32,166.39,12,1,7,0.476,0.346,-5.676,-4.984,CN115023267A,2022,UNIVERSITY OF MICHIGAN
CC1CC2(CCN(c3cnc(C(=O)N4CCN(CC5CN(c6ccc7c(c6)C(=O)N(C6CCC(=O)NC6=O)C7=O)C5)CC4)cn3)CC2)CN1c1ccc(C#N)c(Cl)c1,CC1CC2(CCN(c3cnc([*:1])cn3)CC2)CN1c1ccc(C#N)c(Cl)c1,O=C(N1CCN(CC2CN([*:2])C2)CC1)[*:1],O=C1CCC(N2C(=O)c3ccc([*:2])cc3C2=O)C(=O)N1,AR,CRBN,805.34,3.18,166.39,12,1,7,0.476,0.348,-5.638,-4.461,CN115023267A,2022,UNIVERSITY OF MICHIGAN
CC1CC2(CCN(c3cnc(C(=O)N4CCN(CC5CCN(c6cc7c(cc6F)C(=O)N(C6CCC(=O)NC6=O)C7=O)CC5)CC4)cn3)CC2)CN1c1ccc(C#N)c(Cl)c1,CC1CC2(CCN(c3cnc([*:1])cn3)CC2)CN1c1ccc(C#N)c(Cl)c1,O=C(N1CCN(CC2CCN([*:2])CC2)CC1)[*:1],O=C1CCC(N2C(=O)c3cc(F)c([*:2])cc3C2=O)C(=O)N1,AR,CRBN,851.38,4.1,166.39,12,1,7,0.5,0.339,-5.751,-5.59,CN115023267A,2022,UNIVERSITY OF MICHIGAN
CC1CC2(CCN(c3ccc(C(=O)N4CCN(CC5CN(c6cc7c(cc6F)C(=O)N(C6CCC(=O)NC6=O)C7=O)C5)CC4)nn3)CC2)CN1c1ccc(C#N)c(Cl)c1,CC1CC2(CCN(c3ccc([*:1])nn3)CC2)CN1c1ccc(C#N)c(Cl)c1,O=C(N1CCN(CC2CN([*:2])C2)CC1)[*:1],O=C1CCC(N2C(=O)c3cc(F)c([*:2])cc3C2=O)C(=O)N1,AR,CRBN,823.33,3.32,166.39,12,1,7,0.476,0.346,-5.631,-5.006,CN115023267A,2022,UNIVERSITY OF MICHIGAN
CC1CC2(CCN(c3ccc(C(=O)N4CCN(CC5CN(c6ccc7c(c6)C(=O)N(C6CCC(=O)NC6=O)C7=O)C5)CC4)nn3)CC2)CN1c1ccc(C#N)c(Cl)c1,CC1CC2(CCN(c3ccc([*:1])nn3)CC2)CN1c1ccc(C#N)c(Cl)c1,O=C(N1CCN(CC2CN([*:2])C2)CC1)[*:1],O=C1CCC(N2C(=O)c3ccc([*:2])cc3C2=O)C(=O)N1,AR,CRBN,805.34,3.18,166.39,12,1,7,0.476,0.348,-5.645,-4.499,CN115023267A,2022,UNIVERSITY OF MICHIGAN
CC1CC2(CCN(c3ccc(C(=O)N4CCC(CN5CCN(c6cc7c(cc6F)C(=O)N(C6CCC(=O)NC6=O)C7=O)CC5)CC4)nn3)CC2)CN1c1ccc(C#N)c(Cl)c1,CC1CC2(CCN(c3ccc([*:1])nn3)CC2)CN1c1ccc(C#N)c(Cl)c1,O=C(N1CCC(CN2CCN([*:2])CC2)CC1)[*:1],O=C1CCC(N2C(=O)c3cc(F)c([*:2])cc3C2=O)C(=O)N1,AR,CRBN,851.38,4.1,166.39,12,1,7,0.5,0.339,-5.706,-5.273,CN115023267A,2022,UNIVERSITY OF MICHIGAN
CC1CC2(CCN(c3cnc(C(=O)N4CCC(CN5CCN(c6cc7c(cc6F)C(=O)N(C6CCC(=O)NC6=O)C7=O)CC5)CC4)nc3)CC2)CN1c1ccc(C#N)c(Cl)c1,CC1CC2(CCN(c3cnc([*:1])nc3)CC2)CN1c1ccc(C#N)c(Cl)c1,O=C(N1CCC(CN2CCN([*:2])CC2)CC1)[*:1],O=C1CCC(N2C(=O)c3cc(F)c([*:2])cc3C2=O)C(=O)N1,AR,CRBN,851.38,4.1,166.39,12,1,7,0.5,0.339,-5.657,-5.147,CN115023267A,2022,UNIVERSITY OF MICHIGAN
CC1CC2(CCN(c3ccc(C(=O)N4CCC(CN5CCN(c6cc7c(cc6F)C(=O)N(C6CCC(=O)NC6=O)C7=O)CC5)CC4)cn3)CC2)CN1c1ccc(C#N)c(Cl)c1,CC1CC2(CCN(c3ccc([*:1])cn3)CC2)CN1c1ccc(C#N)c(Cl)c1,O=C(N1CCC(CN2CCN([*:2])CC2)CC1)[*:1],O=C1CCC(N2C(=O)c3cc(F)c([*:2])cc3C2=O)C(=O)N1,AR,CRBN,850.4,4.71,153.5,11,1,7,0.489,0.329,-5.727,-5.482,CN115023267A,2022,UNIVERSITY OF MICHIGAN
CC1CC2(CCN(c3ccc(C(=O)N4CCC(CN5CCN(c6ccc7c(c6)C(=O)N(C6CCC(=O)NC6=O)C7=O)CC5)CC4)nc3)CC2)CN1c1ccc(C#N)c(Cl)c1,CC1CC2(CCN(c3ccc([*:1])nc3)CC2)CN1c1ccc(C#N)c(Cl)c1,O=C(N1CCC(CN2CCN([*:2])CC2)CC1)[*:1],O=C1CCC(N2C(=O)c3ccc([*:2])cc3C2=O)C(=O)N1,AR,CRBN,832.41,4.57,153.5,11,1,7,0.489,0.334,-5.7,-4.988,CN115023267A,2022,UNIVERSITY OF MICHIGAN
CC1CC2(CCN(c3ccc(C(=O)N4CCC(CN5CCN(c6ccc7c(c6)C(=O)N(C6CCC(=O)NC6=O)C7=O)CC5)CC4)nn3)CC2)CN1c1ccc(C#N)c(Cl)c1,CC1CC2(CCN(c3ccc([*:1])nn3)CC2)CN1c1ccc(C#N)c(Cl)c1,O=C(N1CCC(CN2CCN([*:2])CC2)CC1)[*:1],O=C1CCC(N2C(=O)c3ccc([*:2])cc3C2=O)C(=O)N1,AR,CRBN,833.39,3.96,166.39,12,1,7,0.5,0.341,-5.739,-4.986,CN115023267A,2022,UNIVERSITY OF MICHIGAN
CC1CC2(CCN(c3cnc(C(=O)N4CCC(CN5CCN(c6ccc7c(c6)C(=O)N(C6CCC(=O)NC6=O)C7=O)CC5)CC4)nc3)CC2)CN1c1ccc(C#N)c(Cl)c1,CC1CC2(CCN(c3cnc([*:1])nc3)CC2)CN1c1ccc(C#N)c(Cl)c1,O=C(N1CCC(CN2CCN([*:2])CC2)CC1)[*:1],O=C1CCC(N2C(=O)c3ccc([*:2])cc3C2=O)C(=O)N1,AR,CRBN,833.39,3.96,166.39,12,1,7,0.5,0.341,-5.699,-4.937,CN115023267A,2022,UNIVERSITY OF MICHIGAN
CC1CC2(CCN(c3ccc(C(=O)N4CCC(CN5CCN(c6cc7c(cc6F)C(=O)N(C6CCC(=O)NC6=O)C7=O)CC5)CC4)cc3)CC2)CN1c1ccc(C#N)c(Cl)c1,CC1CC2(CCN(c3ccc([*:1])cc3)CC2)CN1c1ccc(C#N)c(Cl)c1,O=C(N1CCC(CN2CCN([*:2])CC2)CC1)[*:1],O=C1CCC(N2C(=O)c3cc(F)c([*:2])cc3C2=O)C(=O)N1,AR,CRBN,849.41,5.31,140.61,10,1,7,0.478,0.311,-5.703,-5.511,CN115023267A,2022,UNIVERSITY OF MICHIGAN
CC1CC2(CCN(c3ccc(C(=O)N4CCC(CN5CCN(c6ccc7c(c6)C(=O)N(C6CCC(=O)NC6=O)C7=O)CC5)CC4)cc3)CC2)CN1c1ccc(C#N)c(Cl)c1,CC1CC2(CCN(c3ccc([*:1])cc3)CC2)CN1c1ccc(C#N)c(Cl)c1,O=C(N1CCC(CN2CCN([*:2])CC2)CC1)[*:1],O=C1CCC(N2C(=O)c3ccc([*:2])cc3C2=O)C(=O)N1,AR,CRBN,831.42,5.17,140.61,10,1,7,0.478,0.317,-5.741,-5.111,CN115023267A,2022,UNIVERSITY OF MICHIGAN
Cc1c(N2CC3(CCN(c4ccc(C(=O)N5CCN(C6CN(c7ccc8c(c7)C(=O)N(C7CCC(=O)NC7=O)C8=O)C6)CC5)cc4)CC3)CC2C)ccc(C#N)c1F,Cc1c(N2CC3(CCN(c4ccc([*:1])cc4)CC3)CC2C)ccc(C#N)c1F,O=C(N1CCN(C2CN([*:2])C2)CC1)[*:1],O=C1CCC(N2C(=O)c3ccc([*:2])cc3C2=O)C(=O)N1,AR,CRBN,786.91,3.94,140.61,10,1,6,0.455,0.366,-5.482,-4.41,CN115023267A,2022,UNIVERSITY OF MICHIGAN
CC1CC2(CCN(c3ccc(C(=O)N4CCN(C5CN(c6ccc7c(c6)C(=O)N(C6CCC(=O)NC6=O)C7=O)C5)CC4)cc3)CC2)CN1c1ccc(C#N)c(F)c1,CC1CC2(CCN(c3ccc([*:1])cc3)CC2)CN1c1ccc(C#N)c(F)c1,O=C(N1CCN(C2CN([*:2])C2)CC1)[*:1],O=C1CCC(N2C(=O)c3ccc([*:2])cc3C2=O)C(=O)N1,AR,CRBN,772.88,3.63,140.61,10,1,6,0.442,0.37,-5.441,-3.989,CN115023267A,2022,UNIVERSITY OF MICHIGAN
CC1CC2(CCN(c3ccc(C(=O)N4CCC(N5Cc6cc7c(cc6C5)C(=O)N(C5CCC(=O)NC5=O)C7=O)CC4)nn3)CC2)CN1c1ccc(C#N)c(Cl)c1,CC1CC2(CCN(c3ccc([*:1])nn3)CC2)CN1c1ccc(C#N)c(Cl)c1,O=C(N1CCC([*:2])CC1)[*:1],O=C1CCC(N2C(=O)c3cc4c(cc3C2=O)CN([*:2])C4)C(=O)N1,AR,CRBN,776.3,3.91,163.15,11,1,5,0.463,0.374,-5.591,-4.857,CN115023267A,2022,UNIVERSITY OF MICHIGAN
CC1CC2(CCN(c3ccc(C(=O)N4CCC(N5Cc6cc7c(cc6C5)C(=O)N(C5CCC(=O)NC5=O)C7=O)CC4)cn3)CC2)CN1c1ccc(C#N)c(Cl)c1,CC1CC2(CCN(c3ccc([*:1])cn3)CC2)CN1c1ccc(C#N)c(Cl)c1,O=C(N1CCC([*:2])CC1)[*:1],O=C1CCC(N2C(=O)c3cc4c(cc3C2=O)CN([*:2])C4)C(=O)N1,AR,CRBN,775.31,4.51,150.26,10,1,5,0.452,0.367,-5.617,-5.026,CN115023267A,2022,UNIVERSITY OF MICHIGAN
CC1CC2(CCN(c3ccc(C(=O)N4CCN(C5CN(c6ccc7c(c6)C(=O)N(C6CCC(=O)NC6=O)C7=O)C5)CC4)cn3)CC2)CN1c1ccc(C#N)c(Cl)c1,CC1CC2(CCN(c3ccc([*:1])cn3)CC2)CN1c1ccc(C#N)c(Cl)c1,O=C(N1CCN(C2CN([*:2])C2)CC1)[*:1],O=C1CCC(N2C(=O)c3ccc([*:2])cc3C2=O)C(=O)N1,AR,CRBN,790.32,3.54,153.5,11,1,6,0.452,0.365,-5.551,-4.731,CN115023267A,2022,UNIVERSITY OF MICHIGAN
CC1CC2(CCN(c3ccc(C(=O)N4CCC(N5Cc6cc7c(cc6C5)C(=O)N(C5CCC(=O)NC5=O)C7=O)CC4)cc3)CC2)CN1c1ccc(C#N)c(C(F)F)c1,CC1CC2(CCN(c3ccc([*:1])cc3)CC2)CN1c1ccc(C#N)c(C(F)F)c1,O=C(N1CCC([*:2])CC1)[*:1],O=C1CCC(N2C(=O)c3cc4c(cc3C2=O)CN([*:2])C4)C(=O)N1,AR,CRBN,789.88,5.4,137.37,9,1,6,0.455,0.326,-5.414,-4.326,CN115023267A,2022,UNIVERSITY OF MICHIGAN
CC1CC2(CCN(c3ccc(C(=O)N4CCC(N5Cc6cc7c(cc6C5)C(=O)N(C5CCC(=O)NC5=O)C7=O)CC4)cc3)CC2)CN1c1ccc(C#N)c(C(F)(F)F)c1,CC1CC2(CCN(c3ccc([*:1])cc3)CC2)CN1c1ccc(C#N)c(C(F)(F)F)c1,O=C(N1CCC([*:2])CC1)[*:1],O=C1CCC(N2C(=O)c3cc4c(cc3C2=O)CN([*:2])C4)C(=O)N1,AR,CRBN,807.87,5.48,137.37,9,1,5,0.455,0.333,-5.518,-5.236,CN115023267A,2022,UNIVERSITY OF MICHIGAN
CC1CC2(CCN(c3ccc(C(=O)N4CCN(C5CN(c6ccc7c(c6)C(=O)N(C6CCC(=O)NC6=O)C7=O)C5)CC4)nn3)CC2)CN1c1ccc(C#N)c(Cl)c1,CC1CC2(CCN(c3ccc([*:1])nn3)CC2)CN1c1ccc(C#N)c(Cl)c1,O=C(N1CCN(C2CN([*:2])C2)CC1)[*:1],O=C1CCC(N2C(=O)c3ccc([*:2])cc3C2=O)C(=O)N1,AR,CRBN,791.31,2.93,166.39,12,1,6,0.463,0.364,-5.563,-4.615,CN115023267A,2022,UNIVERSITY OF MICHIGAN
CC1CC2(CCN(c3ccc(C(=O)N4CCN(C5CN(c6cccc7c6C(=O)N(C6CCC(=O)NC6=O)C7=O)C5)CC4)cc3)CC2)CN1c1ccc(C#N)c(Cl)c1,CC1CC2(CCN(c3ccc([*:1])cc3)CC2)CN1c1ccc(C#N)c(Cl)c1,O=C(N1CCN(C2CN([*:2])C2)CC1)[*:1],O=C1CCC(N2C(=O)c3cccc([*:2])c3C2=O)C(=O)N1,AR,CRBN,789.34,4.14,140.61,10,1,6,0.442,0.363,-5.559,-4.968,CN115023267A,2022,UNIVERSITY OF MICHIGAN
CC1CC2(CCN(c3ccc(C(=O)N4CCN(C5CN(c6ccc7c(c6)C(=O)N(C6CCC(=O)NC6=O)C7=O)C5)CC4)nc3)CC2)CN1c1ccc(C#N)c(Cl)c1,CC1CC2(CCN(c3ccc([*:1])nc3)CC2)CN1c1ccc(C#N)c(Cl)c1,O=C(N1CCN(C2CN([*:2])C2)CC1)[*:1],O=C1CCC(N2C(=O)c3ccc([*:2])cc3C2=O)C(=O)N1,AR,CRBN,790.32,3.54,153.5,11,1,6,0.452,0.365,-5.57,-4.486,CN115023267A,2022,UNIVERSITY OF MICHIGAN
CC1CC2(CCN(c3ccc(C(=O)N4CCC(N5Cc6cc7c(cc6C5)C(=O)N(C5CCC(=O)NC5=O)C7=O)CC4)cc3)CC2)CN1c1cnc(C#N)c(C(F)(F)F)c1,CC1CC2(CCN(c3ccc([*:1])cc3)CC2)CN1c1cnc(C#N)c(C(F)(F)F)c1,O=C(N1CCC([*:2])CC1)[*:1],O=C1CCC(N2C(=O)c3cc4c(cc3C2=O)CN([*:2])C4)C(=O)N1,AR,CRBN,808.86,4.88,150.26,10,1,5,0.465,0.354,-5.453,-4.763,CN115023267A,2022,UNIVERSITY OF MICHIGAN
Cc1c(N2CC3(CCN(c4ccc(C(=O)N5CCC(N6Cc7cc8c(cc7C6)C(=O)N(C6CCC(=O)NC6=O)C8=O)CC5)cc4)CC3)CC2C)ccc(C#N)c1F,Cc1c(N2CC3(CCN(c4ccc([*:1])cc4)CC3)CC2C)ccc(C#N)c1F,O=C(N1CCC([*:2])CC1)[*:1],O=C1CCC(N2C(=O)c3cc4c(cc3C2=O)CN([*:2])C4)C(=O)N1,AR,CRBN,771.89,4.91,137.37,9,1,5,0.455,0.359,-5.573,-4.976,CN115023267A,2022,UNIVERSITY OF MICHIGAN
CC1CC2(CCN(c3ccc(C(=O)N4CCC(N5Cc6cc7c(cc6C5)C(=O)N(C5CCC(=O)NC5=O)C7=O)CC4)cc3)CC2)CN1c1ccc(C#N)c(F)c1,CC1CC2(CCN(c3ccc([*:1])cc3)CC2)CN1c1ccc(C#N)c(F)c1,O=C(N1CCC([*:2])CC1)[*:1],O=C1CCC(N2C(=O)c3cc4c(cc3C2=O)CN([*:2])C4)C(=O)N1,AR,CRBN,757.87,4.6,137.37,9,1,5,0.442,0.371,-5.539,-4.641,CN115023267A,2022,UNIVERSITY OF MICHIGAN
CCC1CC2(CCN(c3ccc(C(=O)N4CCN(C5CN(c6ccc7c(c6)C(=O)N(C6CCC(=O)NC6=O)C7=O)C5)CC4)cc3)CC2)CN1c1ccc(C#N)c(Cl)c1,CCC1CC2(CCN(c3ccc([*:1])cc3)CC2)CN1c1ccc(C#N)c(Cl)c1,O=C(N1CCN(C2CN([*:2])C2)CC1)[*:1],O=C1CCC(N2C(=O)c3ccc([*:2])cc3C2=O)C(=O)N1,AR,CRBN,803.36,4.53,140.61,10,1,7,0.455,0.339,-5.288,-4.899,CN115023267A,2022,UNIVERSITY OF MICHIGAN
CCC1CC2(CCN(c3ccc(C(=O)N4CCC(N5Cc6cc7c(cc6C5)C(=O)N(C5CCC(=O)NC5=O)C7=O)CC4)cc3)CC2)CN1c1ccc(C#N)c(Cl)c1,CCC1CC2(CCN(c3ccc([*:1])cc3)CC2)CN1c1ccc(C#N)c(Cl)c1,O=C(N1CCC([*:2])CC1)[*:1],O=C1CCC(N2C(=O)c3cc4c(cc3C2=O)CN([*:2])C4)C(=O)N1,AR,CRBN,788.35,5.51,137.37,9,1,6,0.455,0.321,-5.419,-5.372,CN115023267A,2022,UNIVERSITY OF MICHIGAN
Cc1c(N2CC3(CCN(c4ccc(C(=O)N5CCN(C6CCN(c7ccc8c(c7)C(=O)N(C7CCC(=O)NC7=O)C8)CC6)CC5)cc4)CC3)CC2C)ccc(C#N)c1Cl,Cc1c(N2CC3(CCN(c4ccc([*:1])cc4)CC3)CC2C)ccc(C#N)c1Cl,O=C(N1CCN(C2CCN([*:2])CC2)CC1)[*:1],O=C1CCC(N2Cc3ccc([*:2])cc3C2=O)C(=O)N1,AR,CRBN,817.43,5.59,123.54,9,1,6,0.5,0.317,-5.674,-5.076,CN115023267A,2022,UNIVERSITY OF MICHIGAN
Cc1c(N2CC3(CCN(c4ccc(C(=O)N5CCC(N6Cc7cc8c(cc7C6)C(=O)N(C6CCC(=O)NC6=O)C8=O)CC5)cc4)CC3)CC2C)ccc(C#N)c1Cl,Cc1c(N2CC3(CCN(c4ccc([*:1])cc4)CC3)CC2C)ccc(C#N)c1Cl,O=C(N1CCC([*:2])CC1)[*:1],O=C1CCC(N2C(=O)c3cc4c(cc3C2=O)CN([*:2])C4)C(=O)N1,AR,CRBN,788.35,5.43,137.37,9,1,5,0.455,0.336,-5.642,-5.308,CN115023267A,2022,UNIVERSITY OF MICHIGAN
Cc1c(N2CC3(CCN(c4ccc(C(=O)N5CCN(C6CCN(c7ccc8c(c7)C(=O)N(C7CCC(=O)NC7=O)C8=O)CC6)CC5)cc4)CC3)CC2C)ccc(C#N)c1Cl,Cc1c(N2CC3(CCN(c4ccc([*:1])cc4)CC3)CC2C)ccc(C#N)c1Cl,O=C(N1CCN(C2CCN([*:2])CC2)CC1)[*:1],O=C1CCC(N2C(=O)c3ccc([*:2])cc3C2=O)C(=O)N1,AR,CRBN,831.42,5.23,140.61,10,1,6,0.478,0.329,-5.661,-5.408,CN115023267A,2022,UNIVERSITY OF MICHIGAN
CC1CC2(CCN(c3ccc(C(=O)N4CCN(C5CN(c6ccc7c(c6)C(=O)N(C6CCC(=O)NC6=O)C7=O)C5)CC4)cc3)CC2)CN1c1cnc(C#N)c(C(F)(F)F)c1,CC1CC2(CCN(c3ccc([*:1])cc3)CC2)CN1c1cnc(C#N)c(C(F)(F)F)c1,O=C(N1CCN(C2CN([*:2])C2)CC1)[*:1],O=C1CCC(N2C(=O)c3ccc([*:2])cc3C2=O)C(=O)N1,AR,CRBN,823.88,3.91,153.5,11,1,6,0.465,0.361,-5.457,-4.105,CN115023267A,2022,UNIVERSITY OF MICHIGAN
CC1CC2(CCN(c3ccc(C(=O)N4CCN(C5CN(c6ccc7c(c6)C(=O)N(C6CCC(=O)NC6=O)C7=O)C5)CC4)cc3)CC2)CN1c1ccc(C#N)c(C(F)F)c1,CC1CC2(CCN(c3ccc([*:1])cc3)CC2)CN1c1ccc(C#N)c(C(F)F)c1,O=C(N1CCN(C2CN([*:2])C2)CC1)[*:1],O=C1CCC(N2C(=O)c3ccc([*:2])cc3C2=O)C(=O)N1,AR,CRBN,804.9,4.43,140.61,10,1,7,0.455,0.342,-5.413,-3.736,CN115023267A,2022,UNIVERSITY OF MICHIGAN
CC1CC2(CCN(c3ccc(C(=O)N4CCN(C5CN(c6ccc7c(c6)C(=O)N(C6CCC(=O)NC6=O)C7=O)C5)CC4)cc3)CC2)CN1c1ccc(C#N)c(C(F)(F)F)c1,CC1CC2(CCN(c3ccc([*:1])cc3)CC2)CN1c1ccc(C#N)c(C(F)(F)F)c1,O=C(N1CCN(C2CN([*:2])C2)CC1)[*:1],O=C1CCC(N2C(=O)c3ccc([*:2])cc3C2=O)C(=O)N1,AR,CRBN,822.89,4.51,140.61,10,1,6,0.455,0.354,-5.492,-4.319,CN115023267A,2022,UNIVERSITY OF MICHIGAN
CC1N(c2ccc(C#N)c(Cl)c2)CCC12CCN(c1ccc(C(=O)N3CCN(C4CN(c5ccc6c(c5)C(=O)N(C5CCC(=O)NC5=O)C6=O)C4)CC3)cc1)CC2,CC1N(c2ccc(C#N)c(Cl)c2)CCC12CCN(c1ccc([*:1])cc1)CC2,O=C(N1CCN(C2CN([*:2])C2)CC1)[*:1],O=C1CCC(N2C(=O)c3ccc([*:2])cc3C2=O)C(=O)N1,AR,CRBN,789.34,4.14,140.61,10,1,6,0.442,0.363,-5.525,-4.461,CN115023267A,2022,UNIVERSITY OF MICHIGAN
Cc1c(N2CC3(CCN(c4ccc(C(=O)N5CCN(C6CN(c7ccc8c(c7)C(=O)N(C7CCC(=O)NC7=O)C8=O)C6)CC5)cc4)CC3)CC2C)ccc(C#N)c1Cl,Cc1c(N2CC3(CCN(c4ccc([*:1])cc4)CC3)CC2C)ccc(C#N)c1Cl,O=C(N1CCN(C2CN([*:2])C2)CC1)[*:1],O=C1CCC(N2C(=O)c3ccc([*:2])cc3C2=O)C(=O)N1,AR,CRBN,803.36,4.45,140.61,10,1,6,0.455,0.356,-5.579,-4.929,CN115023267A,2022,UNIVERSITY OF MICHIGAN
CC1CC2(CCN(c3ccc(C(=O)N4CCN(C5CN(c6ccc7c(c6)C(=O)N(C6CCC(=O)NC6=O)C7)C5)CC4)cc3)CC2)CN1c1ccc(C#N)c(Cl)c1,CC1CC2(CCN(c3ccc([*:1])cc3)CC2)CN1c1ccc(C#N)c(Cl)c1,O=C(N1CCN(C2CN([*:2])C2)CC1)[*:1],O=C1CCC(N2Cc3ccc([*:2])cc3C2=O)C(=O)N1,AR,CRBN,775.35,4.5,123.54,9,1,6,0.465,0.361,-5.532,-4.485,CN115023267A,2022,UNIVERSITY OF MICHIGAN
CC1CC2(CCN(c3ccc(C(=O)N4CCN(C5CN(c6ccc7c(c6)CN(C6CCC(=O)NC6=O)C7=O)C5)CC4)cc3)CC2)CN1c1ccc(C#N)c(Cl)c1,CC1CC2(CCN(c3ccc([*:1])cc3)CC2)CN1c1ccc(C#N)c(Cl)c1,O=C(N1CCN(C2CN([*:2])C2)CC1)[*:1],O=C1CCC(N2Cc3cc([*:2])ccc3C2=O)C(=O)N1,AR,CRBN,775.35,4.5,123.54,9,1,6,0.465,0.361,-5.532,-4.547,CN115023267A,2022,UNIVERSITY OF MICHIGAN
CC1CC2(CCN(c3ccc(C(=O)N4CCN(C5CN(c6cc7c(cc6F)C(=O)N(C6CCC(=O)NC6=O)C7=O)C5)CC4)cc3)CC2)CN1c1ccc(C#N)c(Cl)c1,CC1CC2(CCN(c3ccc([*:1])cc3)CC2)CN1c1ccc(C#N)c(Cl)c1,O=C(N1CCN(C2CN([*:2])C2)CC1)[*:1],O=C1CCC(N2C(=O)c3cc(F)c([*:2])cc3C2=O)C(=O)N1,AR,CRBN,807.33,4.28,140.61,10,1,6,0.442,0.359,-5.52,-4.948,CN115023267A,2022,UNIVERSITY OF MICHIGAN
CC1N(c2ccc(C#N)c(Cl)c2)CCC12CCN(c1ccc(C(=O)N3CCN(C4CN(c5cc6c(cc5F)C(=O)N(C5CCC(=O)NC5=O)C6=O)C4)CC3)cc1)CC2,CC1N(c2ccc(C#N)c(Cl)c2)CCC12CCN(c1ccc([*:1])cc1)CC2,O=C(N1CCN(C2CN([*:2])C2)CC1)[*:1],O=C1CCC(N2C(=O)c3cc(F)c([*:2])cc3C2=O)C(=O)N1,AR,CRBN,807.33,4.28,140.61,10,1,6,0.442,0.359,-5.509,-4.768,CN115023267A,2022,UNIVERSITY OF MICHIGAN
CC1N(c2ccc(C#N)c(Cl)c2)CCC12CCN(c1ccc(C(=O)N3CCN(C4CN(c5ccc6c(c5)CN(C5CCC(=O)NC5=O)C6=O)C4)CC3)cc1)CC2,CC1N(c2ccc(C#N)c(Cl)c2)CCC12CCN(c1ccc([*:1])cc1)CC2,O=C(N1CCN(C2CN([*:2])C2)CC1)[*:1],O=C1CCC(N2Cc3cc([*:2])ccc3C2=O)C(=O)N1,AR,CRBN,775.35,4.5,123.54,9,1,6,0.465,0.361,-5.55,-4.447,CN115023267A,2022,UNIVERSITY OF MICHIGAN
CC1N(c2ccc(C#N)c(Cl)c2)CCC12CCN(c1ccc(C(=O)N3CCN(C4CN(c5ccc6c(c5)C(=O)N(C5CCC(=O)NC5=O)C6)C4)CC3)cc1)CC2,CC1N(c2ccc(C#N)c(Cl)c2)CCC12CCN(c1ccc([*:1])cc1)CC2,O=C(N1CCN(C2CN([*:2])C2)CC1)[*:1],O=C1CCC(N2Cc3ccc([*:2])cc3C2=O)C(=O)N1,AR,CRBN,775.35,4.5,123.54,9,1,6,0.465,0.361,-5.55,-4.298,CN115023267A,2022,UNIVERSITY OF MICHIGAN
CC1N(c2ccc(C#N)c(Cl)c2)CCC12CCN(c1ccc(C(=O)N3CCN(C4CCN(c5cc6c(cc5F)C(=O)N(C5CCC(=O)NC5=O)C6=O)CC4)CC3)cc1)CC2,CC1N(c2ccc(C#N)c(Cl)c2)CCC12CCN(c1ccc([*:1])cc1)CC2,O=C(N1CCN(C2CCN([*:2])CC2)CC1)[*:1],O=C1CCC(N2C(=O)c3cc(F)c([*:2])cc3C2=O)C(=O)N1,AR,CRBN,835.38,5.06,140.61,10,1,6,0.467,0.335,-5.544,-5.338,CN115023267A,2022,UNIVERSITY OF MICHIGAN
CC1CC2(CCN(c3ccc(C(=O)N4CCN(C5CCN(c6ccc7c(c6)C(=O)N(C6CCC(=O)NC6=O)C7=O)CC5)CC4)cc3)CC2)CN1c1ccc(C#N)c(C(F)F)c1,CC1CC2(CCN(c3ccc([*:1])cc3)CC2)CN1c1ccc(C#N)c(C(F)F)c1,O=C(N1CCN(C2CCN([*:2])CC2)CC1)[*:1],O=C1CCC(N2C(=O)c3ccc([*:2])cc3C2=O)C(=O)N1,AR,CRBN,832.95,5.21,140.61,10,1,7,0.478,0.316,-5.428,-4.25,CN115023267A,2022,UNIVERSITY OF MICHIGAN
CC1CC2(CCN(c3ccc(C(=O)N4CCN(C5CCN(c6ccc7c(c6)C(=O)N(C6CCC(=O)NC6=O)C7=O)CC5)CC4)cc3)CC2)CN1c1cnc(C#N)c(C(F)(F)F)c1,CC1CC2(CCN(c3ccc([*:1])cc3)CC2)CN1c1cnc(C#N)c(C(F)(F)F)c1,O=C(N1CCN(C2CCN([*:2])CC2)CC1)[*:1],O=C1CCC(N2C(=O)c3ccc([*:2])cc3C2=O)C(=O)N1,AR,CRBN,851.93,4.69,153.5,11,1,6,0.489,0.344,-5.488,-4.873,CN115023267A,2022,UNIVERSITY OF MICHIGAN
CC1CC2(CCN(c3ccc(C(=O)N4CCN(C5CCN(c6ccc7c(c6)C(=O)N(C6CCC(=O)NC6=O)C7=O)CC5)CC4)cc3)CC2)CN1c1ccc(C#N)c(C(F)(F)F)c1,CC1CC2(CCN(c3ccc([*:1])cc3)CC2)CN1c1ccc(C#N)c(C(F)(F)F)c1,O=C(N1CCN(C2CCN([*:2])CC2)CC1)[*:1],O=C1CCC(N2C(=O)c3ccc([*:2])cc3C2=O)C(=O)N1,AR,CRBN,850.94,5.29,140.61,10,1,6,0.478,0.326,-5.556,-5.281,CN115023267A,2022,UNIVERSITY OF MICHIGAN
CC1N(c2ccc(C#N)c(Cl)c2)CCC12CCN(c1ccc(C(=O)N3CCC(N4Cc5cc6c(cc5C4)C(=O)N(C4CCC(=O)NC4=O)C6=O)CC3)cc1)CC2,CC1N(c2ccc(C#N)c(Cl)c2)CCC12CCN(c1ccc([*:1])cc1)CC2,O=C(N1CCC([*:2])CC1)[*:1],O=C1CCC(N2C(=O)c3cc4c(cc3C2=O)CN([*:2])C4)C(=O)N1,AR,CRBN,774.32,5.12,137.37,9,1,5,0.442,0.351,-5.583,-5.008,CN115023267A,2022,UNIVERSITY OF MICHIGAN
Cc1c(N2CCC3(CCN(c4ccc(C(=O)N5CCC(N6Cc7cc8c(cc7C6)C(=O)N(C6CCC(=O)NC6=O)C8=O)CC5)cc4)CC3)C2)ccc(C#N)c1Cl,Cc1c(N2CCC3(CCN(c4ccc([*:1])cc4)CC3)C2)ccc(C#N)c1Cl,O=C(N1CCC([*:2])CC1)[*:1],O=C1CCC(N2C(=O)c3cc4c(cc3C2=O)CN([*:2])C4)C(=O)N1,AR,CRBN,774.32,5.04,137.37,9,1,5,0.442,0.354,-5.677,-5.134,CN115023267A,2022,UNIVERSITY OF MICHIGAN
CC1N(c2ccc(C#N)c(Cl)c2)CCC12CCN(c1ccc(C(=O)N3CCN(C4CCN(c5ccc6c(c5)C(=O)N(C5CCC(=O)NC5=O)C6=O)CC4)CC3)cc1)CC2,CC1N(c2ccc(C#N)c(Cl)c2)CCC12CCN(c1ccc([*:1])cc1)CC2,O=C(N1CCN(C2CCN([*:2])CC2)CC1)[*:1],O=C1CCC(N2C(=O)c3ccc([*:2])cc3C2=O)C(=O)N1,AR,CRBN,817.39,4.93,140.61,10,1,6,0.467,0.341,-5.624,-5.1,CN115023267A,2022,UNIVERSITY OF MICHIGAN
CC1CC2(CCN(c3ccc(C(=O)N4CCN(C5CCN(c6ccc7c(c6)C(=O)N(C6CCC(=O)NC6=O)C7=O)CC5)CC4)cc3)CC2)CN1c1ccc(C#N)c(Cl)c1,CC1CC2(CCN(c3ccc([*:1])cc3)CC2)CN1c1ccc(C#N)c(Cl)c1,O=C(N1CCN(C2CCN([*:2])CC2)CC1)[*:1],O=C1CCC(N2C(=O)c3ccc([*:2])cc3C2=O)C(=O)N1,AR,CRBN,817.39,4.93,140.61,10,1,6,0.467,0.341,-5.631,-5.109,CN115023267A,2022,UNIVERSITY OF MICHIGAN
N#Cc1ccc(N2CCC3(CCN(C(=O)c4ccc(C#CC5CCN(C6CCN(c7ccc8c(c7)C(=O)N(C7CCC(=O)NC7=O)C8=O)CC6)CC5)cc4)C3)CC2)cc1Cl,N#Cc1ccc(N2CCC3(CCN(C(=O)c4ccc([*:1])cc4)C3)CC2)cc1Cl,C(#C[*:1])C1CCN(C2CCN([*:2])CC2)CC1,O=C1CCC(N2C(=O)c3ccc([*:2])cc3C2=O)C(=O)N1,AR,CRBN,826.4,5.48,137.37,9,1,5,0.447,0.262,-5.484,-5.536,CN115023267A,2022,UNIVERSITY OF MICHIGAN
N#Cc1ccc(N2CCC3(CCN(C(=O)c4ccc(C#CC5CCN(C6CCN(c7cccc8c7C(=O)N(C7CCC(=O)NC7=O)C8=O)CC6)CC5)cc4)C3)CC2)cc1Cl,N#Cc1ccc(N2CCC3(CCN(C(=O)c4ccc([*:1])cc4)C3)CC2)cc1Cl,C(#C[*:1])C1CCN(C2CCN([*:2])CC2)CC1,O=C1CCC(N2C(=O)c3cccc([*:2])c3C2=O)C(=O)N1,AR,CRBN,826.4,5.48,137.37,9,1,5,0.447,0.262,-5.53,-5.739,CN115023267A,2022,UNIVERSITY OF MICHIGAN
N#Cc1ccc(N2CCC3(CCN(C(=O)c4ccc(N5CCN(CC6CCN(c7ccc8c(c7)C(=O)N(C7CCC(=O)NC7=O)C8=O)CC6)CC5)cc4)C3)CC2)cc1Cl,N#Cc1ccc(N2CCC3(CCN(C(=O)c4ccc([*:1])cc4)C3)CC2)cc1Cl,C1CN([*:2])CCC1CN1CCN([*:1])CC1,O=C1CCC(N2C(=O)c3ccc([*:2])cc3C2=O)C(=O)N1,AR,CRBN,817.39,4.78,140.61,10,1,7,0.467,0.332,-5.723,-4.704,CN115023267A,2022,UNIVERSITY OF MICHIGAN
N#Cc1ccc(N2CCC3(CCN(C(=O)c4ccc(N5CCN(CC6CCN(c7cccc8c7C(=O)N(C7CCC(=O)NC7=O)C8=O)CC6)CC5)cc4)C3)CC2)cc1Cl,N#Cc1ccc(N2CCC3(CCN(C(=O)c4ccc([*:1])cc4)C3)CC2)cc1Cl,C1CN([*:2])CCC1CN1CCN([*:1])CC1,O=C1CCC(N2C(=O)c3cccc([*:2])c3C2=O)C(=O)N1,AR,CRBN,817.39,4.78,140.61,10,1,7,0.467,0.332,-5.685,-5.026,CN115023267A,2022,UNIVERSITY OF MICHIGAN
CC1CC2(CCN(c3ccc(C(=O)N4CCN(C5CN(c6ccc7c(c6)C(=O)N(C6CCC(=O)NC6=O)C7=O)C5)CC4)cc3)CC2)CN1c1ccc(C#N)c(Cl)c1,CC1CC2(CCN(c3ccc([*:1])cc3)CC2)CN1c1ccc(C#N)c(Cl)c1,O=C(N1CCN(C2CN([*:2])C2)CC1)[*:1],O=C1CCC(N2C(=O)c3ccc([*:2])cc3C2=O)C(=O)N1,AR,CRBN,789.34,4.14,140.61,10,1,6,0.442,0.363,-5.517,-4.654,CN115023267A,2022,UNIVERSITY OF MICHIGAN
CC1CC2(CCN(c3ccc(C(=O)N4CCC(N5Cc6cc7c(cc6C5)C(=O)N(C5CCC(=O)NC5=O)C7=O)CC4)cc3F)CC2)CN1c1ccc(C#N)c(Cl)c1,CC1CC2(CCN(c3ccc([*:1])cc3F)CC2)CN1c1ccc(C#N)c(Cl)c1,O=C(N1CCC([*:2])CC1)[*:1],O=C1CCC(N2C(=O)c3cc4c(cc3C2=O)CN([*:2])C4)C(=O)N1,AR,CRBN,792.31,5.26,137.37,9,1,5,0.442,0.344,-5.567,-5.386,CN115023267A,2022,UNIVERSITY OF MICHIGAN
CC1CC2(CCN(c3ccc(C(=O)N4CCC(N5Cc6cc7c(cc6C5)C(=O)N(C5CCC(=O)NC5=O)C7=O)CC4)c(F)c3)CC2)CN1c1ccc(C#N)c(Cl)c1,CC1CC2(CCN(c3ccc([*:1])c(F)c3)CC2)CN1c1ccc(C#N)c(Cl)c1,O=C(N1CCC([*:2])CC1)[*:1],O=C1CCC(N2C(=O)c3cc4c(cc3C2=O)CN([*:2])C4)C(=O)N1,AR,CRBN,792.31,5.26,137.37,9,1,5,0.442,0.344,-5.507,-5.198,CN115023267A,2022,UNIVERSITY OF MICHIGAN
CC1(C)CC2(CCN(C(=O)c3ccc(N4CCN(C5CCN(c6ccc7c(c6)C(=O)N(C6CCC(=O)NC6=O)C7=O)CC5)CC4)cc3)CC2)CN1c1ccc(C#N)c(Cl)c1,CC1(C)CC2(CCN(C(=O)c3ccc([*:1])cc3)CC2)CN1c1ccc(C#N)c(Cl)c1,C1CN([*:2])CCC1N1CCN([*:1])CC1,O=C1CCC(N2C(=O)c3ccc([*:2])cc3C2=O)C(=O)N1,AR,CRBN,831.42,5.32,140.61,10,1,6,0.478,0.325,-5.687,-5.209,CN115023267A,2022,UNIVERSITY OF MICHIGAN
CC1(C)CC2(CCN(C(=O)c3ccc(N4CCN(CC5CN(c6ccc7c(c6)C(=O)N(C6CCC(=O)NC6=O)C7=O)C5)CC4)cc3)CC2)CN1c1ccc(C#N)c(Cl)c1,CC1(C)CC2(CCN(C(=O)c3ccc([*:1])cc3)CC2)CN1c1ccc(C#N)c(Cl)c1,C1CN([*:1])CCN1CC1CN([*:2])C1,O=C1CCC(N2C(=O)c3ccc([*:2])cc3C2=O)C(=O)N1,AR,CRBN,817.39,4.78,140.61,10,1,7,0.467,0.332,-5.731,-4.902,CN115023267A,2022,UNIVERSITY OF MICHIGAN
CC1(C)CC2(CCN(C(=O)c3ccc(N4CCN(CC5CCN(c6ccc7c(c6)C(=O)N(C6CCC(=O)NC6=O)C7=O)CC5)CC4)cc3)CC2)CN1c1ccc(C#N)c(Cl)c1,CC1(C)CC2(CCN(C(=O)c3ccc([*:1])cc3)CC2)CN1c1ccc(C#N)c(Cl)c1,C1CN([*:2])CCC1CN1CCN([*:1])CC1,O=C1CCC(N2C(=O)c3ccc([*:2])cc3C2=O)C(=O)N1,AR,CRBN,845.44,5.56,140.61,10,1,7,0.489,0.301,-5.78,-5.45,CN115023267A,2022,UNIVERSITY OF MICHIGAN
N#Cc1ccc(N2CCC3(CCN(C(=O)c4ccc(N5CCN(CC6CCN(c7cccc8c7C(=O)N(C7CCC(=O)NC7=O)C8=O)C6)CC5)s4)CC3)C2)cc1Cl,N#Cc1ccc(N2CCC3(CCN(C(=O)c4ccc([*:1])s4)CC3)C2)cc1Cl,C1CN([*:2])CC1CN1CCN([*:1])CC1,O=C1CCC(N2C(=O)c3cccc([*:2])c3C2=O)C(=O)N1,AR,CRBN,809.39,4.46,140.61,11,1,7,0.476,0.341,-5.749,-4.998,CN115023267A,2022,UNIVERSITY OF MICHIGAN
N#Cc1ccc(N2CCC3(CCN(C(=O)c4ccc(N5CCN(CC6CCN(c7ccc8c(c7)C(=O)N(C7CCC(=O)NC7=O)C8=O)C6)CC5)s4)CC3)C2)cc1Cl,N#Cc1ccc(N2CCC3(CCN(C(=O)c4ccc([*:1])s4)CC3)C2)cc1Cl,C1CN([*:2])CC1CN1CCN([*:1])CC1,O=C1CCC(N2C(=O)c3ccc([*:2])cc3C2=O)C(=O)N1,AR,CRBN,809.39,4.46,140.61,11,1,7,0.476,0.341,-5.782,-4.832,CN115023267A,2022,UNIVERSITY OF MICHIGAN
N#Cc1ccc(N2CCC3(CCN(C(=O)c4ccc(N5CCN(C6CN(c7ccc8c(c7)C(=O)N(C7CCC(=O)NC7=O)C8=O)C6)CC5)s4)CC3)C2)cc1Cl,N#Cc1ccc(N2CCC3(CCN(C(=O)c4ccc([*:1])s4)CC3)C2)cc1Cl,C1CN([*:1])CCN1C1CN([*:2])C1,O=C1CCC(N2C(=O)c3ccc([*:2])cc3C2=O)C(=O)N1,AR,CRBN,781.34,3.82,140.61,11,1,6,0.45,0.368,-5.62,-4.526,CN115023267A,2022,UNIVERSITY OF MICHIGAN
N#Cc1ccc(N2CCC3(CCN(C(=O)c4ccc(N5CCN(C6CCN(c7cccc8c7C(=O)N(C7CCC(=O)NC7=O)C8=O)CC6)CC5)s4)CC3)C2)cc1Cl,N#Cc1ccc(N2CCC3(CCN(C(=O)c4ccc([*:1])s4)CC3)C2)cc1Cl,C1CN([*:2])CCC1N1CCN([*:1])CC1,O=C1CCC(N2C(=O)c3cccc([*:2])c3C2=O)C(=O)N1,AR,CRBN,809.39,4.6,140.61,11,1,6,0.476,0.352,-5.67,-5.231,CN115023267A,2022,UNIVERSITY OF MICHIGAN
N#Cc1ccc(N2CCC3(CCN(C(=O)c4ccc(N5CCN(CC6CN(c7cccc8c7C(=O)N(C7CCC(=O)NC7=O)C8=O)C6)CC5)s4)CC3)C2)cc1Cl,N#Cc1ccc(N2CCC3(CCN(C(=O)c4ccc([*:1])s4)CC3)C2)cc1Cl,C1CN([*:1])CCN1CC1CN([*:2])C1,O=C1CCC(N2C(=O)c3cccc([*:2])c3C2=O)C(=O)N1,AR,CRBN,795.37,4.07,140.61,11,1,7,0.463,0.349,-5.774,-4.758,CN115023267A,2022,UNIVERSITY OF MICHIGAN
N#Cc1ccc(N2CCC3(CCN(C(=O)c4ccc(N5CCN(CC6CN(c7ccc8c(c7)C(=O)N(C7CCC(=O)NC7=O)C8=O)C6)CC5)s4)CC3)C2)cc1Cl,N#Cc1ccc(N2CCC3(CCN(C(=O)c4ccc([*:1])s4)CC3)C2)cc1Cl,C1CN([*:1])CCN1CC1CN([*:2])C1,O=C1CCC(N2C(=O)c3ccc([*:2])cc3C2=O)C(=O)N1,AR,CRBN,795.37,4.07,140.61,11,1,7,0.463,0.349,-5.793,-4.568,CN115023267A,2022,UNIVERSITY OF MICHIGAN
N#Cc1ccc(N2CCC3(CCN(C(=O)c4ccc(N5CCN(C6CCN(c7ccc8c(c7)C(=O)N(C7CCC(=O)NC7=O)C8=O)CC6)CC5)s4)CC3)C2)cc1Cl,N#Cc1ccc(N2CCC3(CCN(C(=O)c4ccc([*:1])s4)CC3)C2)cc1Cl,C1CN([*:2])CCC1N1CCN([*:1])CC1,O=C1CCC(N2C(=O)c3ccc([*:2])cc3C2=O)C(=O)N1,AR,CRBN,809.39,4.6,140.61,11,1,6,0.476,0.352,-5.718,-4.967,CN115023267A,2022,UNIVERSITY OF MICHIGAN
N#Cc1ccc(N2CCC3(CCN(C(=O)c4ccc(N5CCN(CC6CCN(c7ccc8c(c7)C(=O)N(C7CCC(=O)NC7=O)C8=O)CC6)CC5)s4)CC3)C2)cc1Cl,N#Cc1ccc(N2CCC3(CCN(C(=O)c4ccc([*:1])s4)CC3)C2)cc1Cl,C1CN([*:2])CCC1CN1CCN([*:1])CC1,O=C1CCC(N2C(=O)c3ccc([*:2])cc3C2=O)C(=O)N1,AR,CRBN,823.42,4.85,140.61,11,1,7,0.488,0.329,-5.841,-5.054,CN115023267A,2022,UNIVERSITY OF MICHIGAN
N#Cc1ccc(N2CCC3(CCN(C(=O)c4cccc(N5CCN(CC6CN(c7cccc8c7C(=O)N(C7CCC(=O)NC7=O)C8=O)C6)CC5)c4)C3)C2)cc1Cl,N#Cc1ccc(N2CCC3(CCN(C(=O)c4cccc([*:1])c4)C3)C2)cc1Cl,C1CN([*:1])CCN1CC1CN([*:2])C1,O=C1CCC(N2C(=O)c3cccc([*:2])c3C2=O)C(=O)N1,AR,CRBN,775.31,3.61,140.61,10,1,7,0.429,0.354,-5.711,-4.366,CN115023267A,2022,UNIVERSITY OF MICHIGAN
N#Cc1ccc(N2CCC3(CCN(C(=O)c4cccc(N5CCN(CC6CCN(c7cccc8c7C(=O)N(C7CCC(=O)NC7=O)C8=O)C6)CC5)c4)C3)C2)cc1Cl,N#Cc1ccc(N2CCC3(CCN(C(=O)c4cccc([*:1])c4)C3)C2)cc1Cl,C1CN([*:2])CC1CN1CCN([*:1])CC1,O=C1CCC(N2C(=O)c3cccc([*:2])c3C2=O)C(=O)N1,AR,CRBN,789.34,4.0,140.61,10,1,7,0.442,0.35,-5.65,-4.588,CN115023267A,2022,UNIVERSITY OF MICHIGAN
N#Cc1ccc(N2CCC3(CCN(C(=O)c4cccc(N5CCN(CC6CCN(c7cccc8c7C(=O)N(C7CCC(=O)NC7=O)C8=O)CC6)CC5)c4)C3)C2)cc1Cl,N#Cc1ccc(N2CCC3(CCN(C(=O)c4cccc([*:1])c4)C3)C2)cc1Cl,C1CN([*:2])CCC1CN1CCN([*:1])CC1,O=C1CCC(N2C(=O)c3cccc([*:2])c3C2=O)C(=O)N1,AR,CRBN,803.36,4.39,140.61,10,1,7,0.455,0.342,-5.693,-4.827,CN115023267A,2022,UNIVERSITY OF MICHIGAN
N#Cc1ccc(N2CCC3(CCN(C(=O)c4cccc(N5CCN(C6CN(c7cccc8c7C(=O)N(C7CCC(=O)NC7=O)C8=O)C6)CC5)c4)C3)C2)cc1Cl,N#Cc1ccc(N2CCC3(CCN(C(=O)c4cccc([*:1])c4)C3)C2)cc1Cl,C1CN([*:1])CCN1C1CN([*:2])C1,O=C1CCC(N2C(=O)c3cccc([*:2])c3C2=O)C(=O)N1,AR,CRBN,761.28,3.37,140.61,10,1,6,0.415,0.372,-5.499,-4.255,CN115023267A,2022,UNIVERSITY OF MICHIGAN
N#Cc1ccc(N2CCC3(CCN(C(=O)c4ccc(N5CCN(C6CN(c7cccc8c7C(=O)N(C7CCC(=O)NC7=O)C8=O)C6)CC5)cc4)C3)C2)cc1Cl,N#Cc1ccc(N2CCC3(CCN(C(=O)c4ccc([*:1])cc4)C3)C2)cc1Cl,C1CN([*:1])CCN1C1CN([*:2])C1,O=C1CCC(N2C(=O)c3cccc([*:2])c3C2=O)C(=O)N1,AR,CRBN,761.28,3.37,140.61,10,1,6,0.415,0.372,-5.557,-4.224,CN115023267A,2022,UNIVERSITY OF MICHIGAN
N#Cc1ccc(N2CCC3(CCN(C(=O)c4ccc(N5CCN(CC6CN(c7cccc8c7C(=O)N(C7CCC(=O)NC7=O)C8=O)C6)CC5)cc4)C3)C2)cc1Cl,N#Cc1ccc(N2CCC3(CCN(C(=O)c4ccc([*:1])cc4)C3)C2)cc1Cl,C1CN([*:1])CCN1CC1CN([*:2])C1,O=C1CCC(N2C(=O)c3cccc([*:2])c3C2=O)C(=O)N1,AR,CRBN,775.31,3.61,140.61,10,1,7,0.429,0.354,-5.722,-4.292,CN115023267A,2022,UNIVERSITY OF MICHIGAN
N#Cc1ccc(N2CCC3(CCN(C(=O)c4ccc(N5CCN(CC6CCN(c7cccc8c7C(=O)N(C7CCC(=O)NC7=O)C8=O)C6)CC5)cc4)C3)C2)cc1Cl,N#Cc1ccc(N2CCC3(CCN(C(=O)c4ccc([*:1])cc4)C3)C2)cc1Cl,C1CN([*:2])CC1CN1CCN([*:1])CC1,O=C1CCC(N2C(=O)c3cccc([*:2])c3C2=O)C(=O)N1,AR,CRBN,789.34,4.0,140.61,10,1,7,0.442,0.35,-5.687,-4.541,CN115023267A,2022,UNIVERSITY OF MICHIGAN
N#Cc1ccc(N2CCC3(CCN(C(=O)c4ccc(N5CCN(CC6CCN(c7cccc8c7C(=O)N(C7CCC(=O)NC7=O)C8=O)CC6)CC5)cc4)C3)C2)cc1Cl,N#Cc1ccc(N2CCC3(CCN(C(=O)c4ccc([*:1])cc4)C3)C2)cc1Cl,C1CN([*:2])CCC1CN1CCN([*:1])CC1,O=C1CCC(N2C(=O)c3cccc([*:2])c3C2=O)C(=O)N1,AR,CRBN,803.36,4.39,140.61,10,1,7,0.455,0.342,-5.749,-4.792,CN115023267A,2022,UNIVERSITY OF MICHIGAN
N#Cc1ccc(N2CCC3(CCN(C(=O)c4cccc(N5CCN(CC6CN(c7ccc8c(c7)C(=O)N(C7CCC(=O)NC7=O)C8=O)C6)CC5)c4)C3)C2)cc1Cl,N#Cc1ccc(N2CCC3(CCN(C(=O)c4cccc([*:1])c4)C3)C2)cc1Cl,C1CN([*:1])CCN1CC1CN([*:2])C1,O=C1CCC(N2C(=O)c3ccc([*:2])cc3C2=O)C(=O)N1,AR,CRBN,775.31,3.61,140.61,10,1,7,0.429,0.354,-5.705,-4.102,CN115023267A,2022,UNIVERSITY OF MICHIGAN
N#Cc1ccc(N2CCC3(CCN(C(=O)c4cccc(N5CCN(CC6CCN(c7ccc8c(c7)C(=O)N(C7CCC(=O)NC7=O)C8=O)C6)CC5)c4)C3)C2)cc1Cl,N#Cc1ccc(N2CCC3(CCN(C(=O)c4cccc([*:1])c4)C3)C2)cc1Cl,C1CN([*:2])CC1CN1CCN([*:1])CC1,O=C1CCC(N2C(=O)c3ccc([*:2])cc3C2=O)C(=O)N1,AR,CRBN,789.34,4.0,140.61,10,1,7,0.442,0.35,-5.659,-4.359,CN115023267A,2022,UNIVERSITY OF MICHIGAN
N#Cc1ccc(N2CCC3(CCN(C(=O)c4cccc(N5CCN(CC6CCN(c7ccc8c(c7)C(=O)N(C7CCC(=O)NC7=O)C8=O)CC6)CC5)c4)C3)C2)cc1Cl,N#Cc1ccc(N2CCC3(CCN(C(=O)c4cccc([*:1])c4)C3)C2)cc1Cl,C1CN([*:2])CCC1CN1CCN([*:1])CC1,O=C1CCC(N2C(=O)c3ccc([*:2])cc3C2=O)C(=O)N1,AR,CRBN,803.36,4.39,140.61,10,1,7,0.455,0.342,-5.717,-4.608,CN115023267A,2022,UNIVERSITY OF MICHIGAN
N#Cc1ccc(N2CCC3(CCN(C(=O)c4cccc(N5CCN(C6CN(c7ccc8c(c7)C(=O)N(C7CCC(=O)NC7=O)C8=O)C6)CC5)c4)C3)C2)cc1Cl,N#Cc1ccc(N2CCC3(CCN(C(=O)c4cccc([*:1])c4)C3)C2)cc1Cl,C1CN([*:1])CCN1C1CN([*:2])C1,O=C1CCC(N2C(=O)c3ccc([*:2])cc3C2=O)C(=O)N1,AR,CRBN,761.28,3.37,140.61,10,1,6,0.415,0.372,-5.452,-4.043,CN115023267A,2022,UNIVERSITY OF MICHIGAN
N#Cc1ccc(N2CCC3(CCN(C(=O)c4ccc(N5CCN(C6CN(c7ccc8c(c7)C(=O)N(C7CCC(=O)NC7=O)C8=O)C6)CC5)cc4)C3)C2)cc1Cl,N#Cc1ccc(N2CCC3(CCN(C(=O)c4ccc([*:1])cc4)C3)C2)cc1Cl,C1CN([*:1])CCN1C1CN([*:2])C1,O=C1CCC(N2C(=O)c3ccc([*:2])cc3C2=O)C(=O)N1,AR,CRBN,761.28,3.37,140.61,10,1,6,0.415,0.372,-5.518,-3.913,CN115023267A,2022,UNIVERSITY OF MICHIGAN
N#Cc1ccc(N2CCC3(CCN(C(=O)c4ccc(N5CCN(CC6CN(c7ccc8c(c7)C(=O)N(C7CCC(=O)NC7=O)C8=O)C6)CC5)cc4)C3)C2)cc1Cl,N#Cc1ccc(N2CCC3(CCN(C(=O)c4ccc([*:1])cc4)C3)C2)cc1Cl,C1CN([*:1])CCN1CC1CN([*:2])C1,O=C1CCC(N2C(=O)c3ccc([*:2])cc3C2=O)C(=O)N1,AR,CRBN,775.31,3.61,140.61,10,1,7,0.429,0.354,-5.707,-4.068,CN115023267A,2022,UNIVERSITY OF MICHIGAN
N#Cc1ccc(N2CCC3(CCN(C(=O)c4ccc(N5CCN(CC6CCN(c7ccc8c(c7)C(=O)N(C7CCC(=O)NC7=O)C8=O)C6)CC5)cc4)C3)C2)cc1Cl,N#Cc1ccc(N2CCC3(CCN(C(=O)c4ccc([*:1])cc4)C3)C2)cc1Cl,C1CN([*:2])CC1CN1CCN([*:1])CC1,O=C1CCC(N2C(=O)c3ccc([*:2])cc3C2=O)C(=O)N1,AR,CRBN,789.34,4.0,140.61,10,1,7,0.442,0.35,-5.725,-4.271,CN115023267A,2022,UNIVERSITY OF MICHIGAN
N#Cc1ccc(N2CCC3(CCN(C(=O)c4ccc(N5CCN(CC6CCN(c7ccc8c(c7)C(=O)N(C7CCC(=O)NC7=O)C8=O)CC6)CC5)cc4)C3)C2)cc1Cl,N#Cc1ccc(N2CCC3(CCN(C(=O)c4ccc([*:1])cc4)C3)C2)cc1Cl,C1CN([*:2])CCC1CN1CCN([*:1])CC1,O=C1CCC(N2C(=O)c3ccc([*:2])cc3C2=O)C(=O)N1,AR,CRBN,803.36,4.39,140.61,10,1,7,0.455,0.342,-5.781,-4.491,CN115023267A,2022,UNIVERSITY OF MICHIGAN
N#Cc1ccc(N2CCC3(CC2)CCN(c2cccc(C(=O)N4CCN(CC5CN(c6cccc7c6C(=O)N(C6CCC(=O)NC6=O)C7=O)C5)CC4)c2)C3)cc1Cl,N#Cc1ccc(N2CCC3(CC2)CCN(c2cccc([*:1])c2)C3)cc1Cl,O=C(N1CCN(CC2CN([*:2])C2)CC1)[*:1],O=C1CCC(N2C(=O)c3cccc([*:2])c3C2=O)C(=O)N1,AR,CRBN,789.34,4.0,140.61,10,1,7,0.442,0.35,-5.727,-4.679,CN115023267A,2022,UNIVERSITY OF MICHIGAN
N#Cc1ncc(N2CCC3(CCN(C(=O)c4ccc(C#CC5CCN(C6CCN(c7ccc8c(c7)C(=O)N(C7CCC(=O)NC7=O)C8=O)CC6)CC5)cc4)C3)CC2)cc1C(F)(F)F,N#Cc1ncc(N2CCC3(CCN(C(=O)c4ccc([*:1])cc4)C3)CC2)cc1C(F)(F)F,C(#C[*:1])C1CCN(C2CCN([*:2])CC2)CC1,O=C1CCC(N2C(=O)c3ccc([*:2])cc3C2=O)C(=O)N1,AR,CRBN,860.94,5.24,150.26,10,1,5,0.468,0.267,-5.443,-5.358,CN115023267A,2022,UNIVERSITY OF MICHIGAN
N#Cc1ncc(N2CCC3(CCN(C(=O)c4ccc(C#CC5CCN(C6CCN(c7cccc8c7C(=O)N(C7CCC(=O)NC7=O)C8=O)CC6)CC5)cc4)C3)CC2)cc1C(F)(F)F,N#Cc1ncc(N2CCC3(CCN(C(=O)c4ccc([*:1])cc4)C3)CC2)cc1C(F)(F)F,C(#C[*:1])C1CCN(C2CCN([*:2])CC2)CC1,O=C1CCC(N2C(=O)c3cccc([*:2])c3C2=O)C(=O)N1,AR,CRBN,860.94,5.24,150.26,10,1,5,0.468,0.267,-5.449,-5.659,CN115023267A,2022,UNIVERSITY OF MICHIGAN
N#Cc1ccc(N2CCC3(CC2)CCN(c2ccc(C(=O)N4CCN(C5CCN(c6ccc7c(c6)C(=O)N(C6CCC(=O)NC6=O)C7=O)CC5)CC4)cc2)C3)cc1Cl,N#Cc1ccc(N2CCC3(CC2)CCN(c2ccc([*:1])cc2)C3)cc1Cl,O=C(N1CCN(C2CCN([*:2])CC2)CC1)[*:1],O=C1CCC(N2C(=O)c3ccc([*:2])cc3C2=O)C(=O)N1,AR,CRBN,803.36,4.54,140.61,10,1,6,0.455,0.354,-5.63,-4.612,CN115023267A,2022,UNIVERSITY OF MICHIGAN
N#Cc1ccc(N2CCC3(CC2)CCN(c2ccc(C(=O)N4CCN(CC5CN(c6ccc7c(c6)C(=O)N(C6CCC(=O)NC6=O)C7=O)C5)CC4)cc2)C3)cc1Cl,N#Cc1ccc(N2CCC3(CC2)CCN(c2ccc([*:1])cc2)C3)cc1Cl,O=C(N1CCN(CC2CN([*:2])C2)CC1)[*:1],O=C1CCC(N2C(=O)c3ccc([*:2])cc3C2=O)C(=O)N1,AR,CRBN,789.34,4.0,140.61,10,1,7,0.442,0.35,-5.725,-4.256,CN115023267A,2022,UNIVERSITY OF MICHIGAN
N#Cc1ccc(N2CCC3(CCN(C(=O)c4cccc(N5CCN(CC6CCN(c7cccc8c7C(=O)N(C7CCC(=O)NC7=O)C8=O)C6)CC5)c4)C3)CC2)cc1Cl,N#Cc1ccc(N2CCC3(CCN(C(=O)c4cccc([*:1])c4)C3)CC2)cc1Cl,C1CN([*:2])CC1CN1CCN([*:1])CC1,O=C1CCC(N2C(=O)c3cccc([*:2])c3C2=O)C(=O)N1,AR,CRBN,803.36,4.39,140.61,10,1,7,0.455,0.342,-5.598,-4.774,CN115023267A,2022,UNIVERSITY OF MICHIGAN
N#Cc1ccc(N2CCC3(CCN(C(=O)c4cccc(N5CCN(C6CCN(c7cccc8c7C(=O)N(C7CCC(=O)NC7=O)C8=O)CC6)CC5)c4)C3)CC2)cc1Cl,N#Cc1ccc(N2CCC3(CCN(C(=O)c4cccc([*:1])c4)C3)CC2)cc1Cl,C1CN([*:2])CCC1N1CCN([*:1])CC1,O=C1CCC(N2C(=O)c3cccc([*:2])c3C2=O)C(=O)N1,AR,CRBN,803.36,4.54,140.61,10,1,6,0.455,0.354,-5.512,-4.887,CN115023267A,2022,UNIVERSITY OF MICHIGAN
N#Cc1ccc(N2CCC3(CCN(C(=O)c4ccc(N5CCN(CC6CCN(c7cccc8c7C(=O)N(C7CCC(=O)NC7=O)C8=O)C6)CC5)cc4)C3)CC2)cc1Cl,N#Cc1ccc(N2CCC3(CCN(C(=O)c4ccc([*:1])cc4)C3)CC2)cc1Cl,C1CN([*:2])CC1CN1CCN([*:1])CC1,O=C1CCC(N2C(=O)c3cccc([*:2])c3C2=O)C(=O)N1,AR,CRBN,803.36,4.39,140.61,10,1,7,0.455,0.342,-5.644,-4.728,CN115023267A,2022,UNIVERSITY OF MICHIGAN
N#Cc1ccc(N2CCC3(CCN(C(=O)c4ccc(N5CCN(C6CCN(c7cccc8c7C(=O)N(C7CCC(=O)NC7=O)C8=O)CC6)CC5)cc4)C3)CC2)cc1Cl,N#Cc1ccc(N2CCC3(CCN(C(=O)c4ccc([*:1])cc4)C3)CC2)cc1Cl,C1CN([*:2])CCC1N1CCN([*:1])CC1,O=C1CCC(N2C(=O)c3cccc([*:2])c3C2=O)C(=O)N1,AR,CRBN,803.36,4.54,140.61,10,1,6,0.455,0.354,-5.579,-4.818,CN115023267A,2022,UNIVERSITY OF MICHIGAN
N#Cc1ccc(N2CCC3(CC2)CCN(c2ccc(C(=O)N4CCN(CC5CCN(c6ccc7c(c6)C(=O)N(C6CCC(=O)NC6=O)C7=O)CC5)CC4)cc2)C3)cc1Cl,N#Cc1ccc(N2CCC3(CC2)CCN(c2ccc([*:1])cc2)C3)cc1Cl,O=C(N1CCN(CC2CCN([*:2])CC2)CC1)[*:1],O=C1CCC(N2C(=O)c3ccc([*:2])cc3C2=O)C(=O)N1,AR,CRBN,817.39,4.78,140.61,10,1,7,0.467,0.332,-5.757,-4.865,CN115023267A,2022,UNIVERSITY OF MICHIGAN
N#Cc1ccc(N2CCC3(CC2)CCN(c2cccc(C(=O)N4CCN(C5CCN(c6ccc7c(c6)C(=O)N(C6CCC(=O)NC6=O)C7=O)CC5)CC4)c2)C3)cc1Cl,N#Cc1ccc(N2CCC3(CC2)CCN(c2cccc([*:1])c2)C3)cc1Cl,O=C(N1CCN(C2CCN([*:2])CC2)CC1)[*:1],O=C1CCC(N2C(=O)c3ccc([*:2])cc3C2=O)C(=O)N1,AR,CRBN,803.36,4.54,140.61,10,1,6,0.455,0.354,-5.563,-4.841,CN115023267A,2022,UNIVERSITY OF MICHIGAN
N#Cc1ccc(N2CCC3(CC2)CCN(c2cccc(C(=O)N4CCN(CC5CN(c6ccc7c(c6)C(=O)N(C6CCC(=O)NC6=O)C7=O)C5)CC4)c2)C3)cc1Cl,N#Cc1ccc(N2CCC3(CC2)CCN(c2cccc([*:1])c2)C3)cc1Cl,O=C(N1CCN(CC2CN([*:2])C2)CC1)[*:1],O=C1CCC(N2C(=O)c3ccc([*:2])cc3C2=O)C(=O)N1,AR,CRBN,789.34,4.0,140.61,10,1,7,0.442,0.35,-5.716,-4.366,CN115023267A,2022,UNIVERSITY OF MICHIGAN
N#Cc1ccc(N2CCC3(CC2)CCN(c2cccc(C(=O)N4CCN(CC5CCN(c6ccc7c(c6)C(=O)N(C6CCC(=O)NC6=O)C7=O)CC5)CC4)c2)C3)cc1Cl,N#Cc1ccc(N2CCC3(CC2)CCN(c2cccc([*:1])c2)C3)cc1Cl,O=C(N1CCN(CC2CCN([*:2])CC2)CC1)[*:1],O=C1CCC(N2C(=O)c3ccc([*:2])cc3C2=O)C(=O)N1,AR,CRBN,817.39,4.78,140.61,10,1,7,0.467,0.332,-5.682,-5.072,CN115023267A,2022,UNIVERSITY OF MICHIGAN
N#Cc1ccc(N2CCC3(CCN(C(=O)c4cccc(N5CCN(C6CCN(c7ccc8c(c7)C(=O)N(C7CCC(=O)NC7=O)C8=O)CC6)CC5)c4)C3)CC2)cc1Cl,N#Cc1ccc(N2CCC3(CCN(C(=O)c4cccc([*:1])c4)C3)CC2)cc1Cl,C1CN([*:2])CCC1N1CCN([*:1])CC1,O=C1CCC(N2C(=O)c3ccc([*:2])cc3C2=O)C(=O)N1,AR,CRBN,803.36,4.54,140.61,10,1,6,0.455,0.354,-5.542,-4.603,CN115023267A,2022,UNIVERSITY OF MICHIGAN
N#Cc1ccc(N2CCC3(CCN(C(=O)c4cccc(N5CCN(CC6CN(c7ccc8c(c7)C(=O)N(C7CCC(=O)NC7=O)C8=O)C6)CC5)c4)C3)CC2)cc1Cl,N#Cc1ccc(N2CCC3(CCN(C(=O)c4cccc([*:1])c4)C3)CC2)cc1Cl,C1CN([*:1])CCN1CC1CN([*:2])C1,O=C1CCC(N2C(=O)c3ccc([*:2])cc3C2=O)C(=O)N1,AR,CRBN,789.34,4.0,140.61,10,1,7,0.442,0.35,-5.698,-4.275,CN115023267A,2022,UNIVERSITY OF MICHIGAN
N#Cc1ccc(N2CCC3(CCN(C(=O)c4cccc(N5CCN(CC6CCN(c7ccc8c(c7)C(=O)N(C7CCC(=O)NC7=O)C8=O)C6)CC5)c4)C3)CC2)cc1Cl,N#Cc1ccc(N2CCC3(CCN(C(=O)c4cccc([*:1])c4)C3)CC2)cc1Cl,C1CN([*:2])CC1CN1CCN([*:1])CC1,O=C1CCC(N2C(=O)c3ccc([*:2])cc3C2=O)C(=O)N1,AR,CRBN,803.36,4.39,140.61,10,1,7,0.455,0.342,-5.619,-4.558,CN115023267A,2022,UNIVERSITY OF MICHIGAN
N#Cc1ccc(N2CCC3(CCN(C(=O)c4cccc(N5CCN(CC6CCN(c7ccc8c(c7)C(=O)N(C7CCC(=O)NC7=O)C8=O)CC6)CC5)c4)C3)CC2)cc1Cl,N#Cc1ccc(N2CCC3(CCN(C(=O)c4cccc([*:1])c4)C3)CC2)cc1Cl,C1CN([*:2])CCC1CN1CCN([*:1])CC1,O=C1CCC(N2C(=O)c3ccc([*:2])cc3C2=O)C(=O)N1,AR,CRBN,817.39,4.78,140.61,10,1,7,0.467,0.332,-5.657,-4.853,CN115023267A,2022,UNIVERSITY OF MICHIGAN
N#Cc1ccc(N2CCC3(CCN(C(=O)c4ccc(N5CCN(CC6CCN(c7ccc8c(c7)C(=O)N(C7CCC(=O)NC7=O)C8=O)C6)CC5)cc4)C3)CC2)cc1Cl,N#Cc1ccc(N2CCC3(CCN(C(=O)c4ccc([*:1])cc4)C3)CC2)cc1Cl,C1CN([*:2])CC1CN1CCN([*:1])CC1,O=C1CCC(N2C(=O)c3ccc([*:2])cc3C2=O)C(=O)N1,AR,CRBN,803.36,4.39,140.61,10,1,7,0.455,0.342,-5.695,-4.441,CN115023267A,2022,UNIVERSITY OF MICHIGAN
N#Cc1ccc(N2CCC3(CCN(C(=O)c4ccc(N5CCN(C6CCN(c7ccc8c(c7)C(=O)N(C7CCC(=O)NC7=O)C8=O)CC6)CC5)cc4)C3)CC2)cc1Cl,N#Cc1ccc(N2CCC3(CCN(C(=O)c4ccc([*:1])cc4)C3)CC2)cc1Cl,C1CN([*:2])CCC1N1CCN([*:1])CC1,O=C1CCC(N2C(=O)c3ccc([*:2])cc3C2=O)C(=O)N1,AR,CRBN,803.36,4.54,140.61,10,1,6,0.455,0.354,-5.591,-4.452,CN115023267A,2022,UNIVERSITY OF MICHIGAN
N#Cc1ccc(N2CCC3(CCN(C(=O)c4ccc(N5CCN(CC6CN(c7ccc8c(c7)C(=O)N(C7CCC(=O)NC7=O)C8=O)C6)CC5)cc4)C3)CC2)cc1Cl,N#Cc1ccc(N2CCC3(CCN(C(=O)c4ccc([*:1])cc4)C3)CC2)cc1Cl,C1CN([*:1])CCN1CC1CN([*:2])C1,O=C1CCC(N2C(=O)c3ccc([*:2])cc3C2=O)C(=O)N1,AR,CRBN,789.34,4.0,140.61,10,1,7,0.442,0.35,-5.7,-4.202,CN115023267A,2022,UNIVERSITY OF MICHIGAN
CC1N(c2ccc(C#N)c(Cl)c2)CCC12CCN(c1ccc(C(=O)N3CCN(CC4CCN(c5ccc6c(c5)C(=O)N(C5CCC(=O)NC5=O)C6=O)CC4)CC3)cc1)CC2,CC1N(c2ccc(C#N)c(Cl)c2)CCC12CCN(c1ccc([*:1])cc1)CC2,O=C(N1CCN(CC2CCN([*:2])CC2)CC1)[*:1],O=C1CCC(N2C(=O)c3ccc([*:2])cc3C2=O)C(=O)N1,AR,CRBN,831.42,5.17,140.61,10,1,7,0.478,0.317,-5.748,-5.46,CN115023267A,2022,UNIVERSITY OF MICHIGAN
CC1CC2(CCN(c3ccc(C(=O)N4CCN(CC5CCN(c6ccc7c(c6)C(=O)N(C6CCC(=O)NC6=O)C7=O)CC5)CC4)cc3)CC2)CN1c1ccc(C#N)c(Cl)c1,CC1CC2(CCN(c3ccc([*:1])cc3)CC2)CN1c1ccc(C#N)c(Cl)c1,O=C(N1CCN(CC2CCN([*:2])CC2)CC1)[*:1],O=C1CCC(N2C(=O)c3ccc([*:2])cc3C2=O)C(=O)N1,AR,CRBN,831.42,5.17,140.61,10,1,7,0.478,0.317,-5.747,-5.484,CN115023267A,2022,UNIVERSITY OF MICHIGAN
N#Cc1ccc(N2CC3(CCN(c4ccc(C(=O)N5CCN(CC6CCN(c7ccc8c(c7)C(=O)N(C7CCC(=O)NC7=O)C8=O)CC6)CC5)cc4)CC3)CC2=O)cc1Cl,N#Cc1ccc(N2CC3(CCN(c4ccc([*:1])cc4)CC3)CC2=O)cc1Cl,O=C(N1CCN(CC2CCN([*:2])CC2)CC1)[*:1],O=C1CCC(N2C(=O)c3ccc([*:2])cc3C2=O)C(=O)N1,AR,CRBN,831.37,4.31,157.68,10,1,7,0.444,0.341,-5.892,-4.186,CN115023267A,2022,UNIVERSITY OF MICHIGAN
N#Cc1ccc(N2CC3(CCN(c4ccc(C(=O)N5CCN(C6CCN(c7ccc8c(c7)C(=O)N(C7CCC(=O)NC7=O)C8=O)CC6)CC5)cc4)CC3)CC2=O)cc1Cl,N#Cc1ccc(N2CC3(CCN(c4ccc([*:1])cc4)CC3)CC2=O)cc1Cl,O=C(N1CCN(C2CCN([*:2])CC2)CC1)[*:1],O=C1CCC(N2C(=O)c3ccc([*:2])cc3C2=O)C(=O)N1,AR,CRBN,817.35,4.06,157.68,10,1,6,0.432,0.36,-5.728,-3.858,CN115023267A,2022,UNIVERSITY OF MICHIGAN
N#Cc1ccc(N2CCC3(CCN(S(=O)(=O)c4ccc(C(=O)N5CCN(CC6CCN(c7ccc8c(c7)C(=O)N(C7CCC(=O)NC7=O)C8=O)CC6)CC5)cc4)CC3)C2)cc1Cl,N#Cc1ccc(N2CCC3(CCN(S(=O)(=O)c4ccc([*:1])cc4)CC3)C2)cc1Cl,O=C(N1CCN(CC2CCN([*:2])CC2)CC1)[*:1],O=C1CCC(N2C(=O)c3ccc([*:2])cc3C2=O)C(=O)N1,AR,CRBN,881.46,3.97,174.75,11,1,8,0.467,0.325,-5.96,-4.353,CN115023267A,2022,UNIVERSITY OF MICHIGAN
N#Cc1ccc(N2CCC3(CCN(S(=O)(=O)c4ccc(C(=O)N5CCN(C6CCN(c7ccc8c(c7)C(=O)N(C7CCC(=O)NC7=O)C8=O)CC6)CC5)cc4)CC3)C2)cc1Cl,N#Cc1ccc(N2CCC3(CCN(S(=O)(=O)c4ccc([*:1])cc4)CC3)C2)cc1Cl,O=C(N1CCN(C2CCN([*:2])CC2)CC1)[*:1],O=C1CCC(N2C(=O)c3ccc([*:2])cc3C2=O)C(=O)N1,AR,CRBN,867.43,3.72,174.75,11,1,7,0.455,0.343,-6.003,-4.314,CN115023267A,2022,UNIVERSITY OF MICHIGAN
Cc1c(N2CCC3(CCN(c4ccc(C(=O)N5CCN(CC6CCN(c7ccc8c(c7)C(=O)N(C7CCC(=O)NC7=O)C8=O)CC6)CC5)cc4)CC3)C2)ccc(C#N)c1Cl,Cc1c(N2CCC3(CCN(c4ccc([*:1])cc4)CC3)C2)ccc(C#N)c1Cl,O=C(N1CCN(CC2CCN([*:2])CC2)CC1)[*:1],O=C1CCC(N2C(=O)c3ccc([*:2])cc3C2=O)C(=O)N1,AR,CRBN,831.42,5.09,140.61,10,1,7,0.478,0.321,-5.772,-5.596,CN115023267A,2022,UNIVERSITY OF MICHIGAN
Cc1c(N2CCC3(CCN(c4ccc(C(=O)N5CCN(C6CCN(c7ccc8c(c7)C(=O)N(C7CCC(=O)NC7=O)C8=O)CC6)CC5)cc4)CC3)C2)ccc(C#N)c1Cl,Cc1c(N2CCC3(CCN(c4ccc([*:1])cc4)CC3)C2)ccc(C#N)c1Cl,O=C(N1CCN(C2CCN([*:2])CC2)CC1)[*:1],O=C1CCC(N2C(=O)c3ccc([*:2])cc3C2=O)C(=O)N1,AR,CRBN,817.39,4.85,140.61,10,1,6,0.467,0.344,-5.7,-5.251,CN115023267A,2022,UNIVERSITY OF MICHIGAN
N#Cc1ccc(N2CCC3(CCN(S(=O)(=O)c4ccc(N5CCN(CC6CCN(c7ccc8c(c7)C(=O)N(C7CCC(=O)NC7=O)C8=O)CC6)CC5)cc4)CC3)C2)cc1Cl,N#Cc1ccc(N2CCC3(CCN(S(=O)(=O)c4ccc([*:1])cc4)CC3)C2)cc1Cl,C1CN([*:2])CCC1CN1CCN([*:1])CC1,O=C1CCC(N2C(=O)c3ccc([*:2])cc3C2=O)C(=O)N1,AR,CRBN,853.45,4.33,157.68,11,1,8,0.477,0.322,-5.896,-4.872,CN115023267A,2022,UNIVERSITY OF MICHIGAN
N#Cc1ncc(N2CCC3(CCN(C(=O)c4ccc(N5CCN(CC6CCN(c7ccc8c(c7)CN(C7CCC(=O)NC7=O)C8=O)CC6)CC5)cc4)CC3)C2)cc1C(F)(F)F,N#Cc1ncc(N2CCC3(CCN(C(=O)c4ccc([*:1])cc4)CC3)C2)cc1C(F)(F)F,C1CN([*:2])CCC1CN1CCN([*:1])CC1,O=C1CCC(N2Cc3cc([*:2])ccc3C2=O)C(=O)N1,AR,CRBN,837.95,4.9,136.43,10,1,7,0.511,0.328,-5.668,-4.553,CN115023267A,2022,UNIVERSITY OF MICHIGAN
N#Cc1ccc(N2CCC3(CCN(C(=O)c4ccc(N5CCN(CC6CCN(c7ccc8c(c7)CN(C7CCC(=O)NC7=O)C8=O)CC6)CC5)cc4)CC3)C2)cc1Cl,N#Cc1ccc(N2CCC3(CCN(C(=O)c4ccc([*:1])cc4)CC3)C2)cc1Cl,C1CN([*:2])CCC1CN1CCN([*:1])CC1,O=C1CCC(N2Cc3cc([*:2])ccc3C2=O)C(=O)N1,AR,CRBN,803.41,5.14,123.54,9,1,7,0.489,0.324,-5.781,-4.499,CN115023267A,2022,UNIVERSITY OF MICHIGAN
N#Cc1ncc(N2CCC3(CCN(C(=O)c4ccc(N5CCN(CC6CCN(c7cc8c(cc7F)C(=O)N(C7CCC(=O)NC7=O)C8=O)CC6)CC5)cc4)C3)CC2)cc1C(F)(F)F,N#Cc1ncc(N2CCC3(CCN(C(=O)c4ccc([*:1])cc4)C3)CC2)cc1C(F)(F)F,C1CN([*:2])CCC1CN1CCN([*:1])CC1,O=C1CCC(N2C(=O)c3cc(F)c([*:2])cc3C2=O)C(=O)N1,AR,CRBN,869.92,4.68,153.5,11,1,7,0.489,0.26,-5.491,-4.7,CN115023267A,2022,UNIVERSITY OF MICHIGAN
N#Cc1ncc(N2CCC3(CCN(C(=O)c4ccc(N5CCN(CC6CCN(c7cc8c(cc7F)C(=O)N(C7CCC(=O)NC7=O)C8=O)CC6)CC5)cc4)CC3)C2)cc1C(F)(F)F,N#Cc1ncc(N2CCC3(CCN(C(=O)c4ccc([*:1])cc4)CC3)C2)cc1C(F)(F)F,C1CN([*:2])CCC1CN1CCN([*:1])CC1,O=C1CCC(N2C(=O)c3cc(F)c([*:2])cc3C2=O)C(=O)N1,AR,CRBN,869.92,4.68,153.5,11,1,7,0.489,0.26,-5.521,-4.796,CN115023267A,2022,UNIVERSITY OF MICHIGAN
N#Cc1ccc(N2CCC3(CCN(C(=O)c4ccc(N5CCN(CC6CCN(c7cc8c(cc7F)C(=O)N(C7CCC(=O)NC7=O)C8=O)CC6)CC5)cc4)CC3)C2)cc1Cl,N#Cc1ccc(N2CCC3(CCN(C(=O)c4ccc([*:1])cc4)CC3)C2)cc1Cl,C1CN([*:2])CCC1CN1CCN([*:1])CC1,O=C1CCC(N2C(=O)c3cc(F)c([*:2])cc3C2=O)C(=O)N1,AR,CRBN,835.38,4.92,140.61,10,1,7,0.467,0.327,-5.738,-5.151,CN115023267A,2022,UNIVERSITY OF MICHIGAN
N#Cc1ncc(N2CCC3(CCN(C(=O)c4ccc(N5CCN(CC6CCN(c7ccc8c(c7)C(=O)N(C7CCC(=O)NC7=O)C8=O)CC6)CC5)cc4)C3)CC2)cc1C(F)(F)F,N#Cc1ncc(N2CCC3(CCN(C(=O)c4ccc([*:1])cc4)C3)CC2)cc1C(F)(F)F,C1CN([*:2])CCC1CN1CCN([*:1])CC1,O=C1CCC(N2C(=O)c3ccc([*:2])cc3C2=O)C(=O)N1,AR,CRBN,851.93,4.54,153.5,11,1,7,0.489,0.334,-5.546,-4.512,CN115023267A,2022,UNIVERSITY OF MICHIGAN
N#Cc1ncc(N2CCC3(CCN(C(=O)c4ccc(N5CCN(CC6CCN(c7ccc8c(c7)C(=O)N(C7CCC(=O)NC7=O)C8=O)CC6)CC5)cc4)CC3)C2)cc1C(F)(F)F,N#Cc1ncc(N2CCC3(CCN(C(=O)c4ccc([*:1])cc4)CC3)C2)cc1C(F)(F)F,C1CN([*:2])CCC1CN1CCN([*:1])CC1,O=C1CCC(N2C(=O)c3ccc([*:2])cc3C2=O)C(=O)N1,AR,CRBN,851.93,4.54,153.5,11,1,7,0.489,0.334,-5.586,-4.622,CN115023267A,2022,UNIVERSITY OF MICHIGAN
N#Cc1ccc(N2CCC3(CCN(C(=O)c4ccc(C#CC5CCN(C6CCN(c7ccc8c(c7)C(=O)N(C7CCC(=O)NC7=O)C8=O)CC6)CC5)cc4)CC3)C2)cc1Cl,N#Cc1ccc(N2CCC3(CCN(C(=O)c4ccc([*:1])cc4)CC3)C2)cc1Cl,C(#C[*:1])C1CCN(C2CCN([*:2])CC2)CC1,O=C1CCC(N2C(=O)c3ccc([*:2])cc3C2=O)C(=O)N1,AR,CRBN,826.4,5.48,137.37,9,1,5,0.447,0.262,-5.535,-5.552,CN115023267A,2022,UNIVERSITY OF MICHIGAN
CC1CC2(CCN(c3ccc(C(=O)N4CCC(CN5CCN(c6ccc7c(c6)CN(C6CCC(=O)NC6=O)C7=O)CC5)CC4)cc3)CC2)CN1c1ccc(C#N)c(Cl)c1,CC1CC2(CCN(c3ccc([*:1])cc3)CC2)CN1c1ccc(C#N)c(Cl)c1,O=C(N1CCC(CN2CCN([*:2])CC2)CC1)[*:1],O=C1CCC(N2Cc3cc([*:2])ccc3C2=O)C(=O)N1,AR,CRBN,817.43,5.53,123.54,9,1,7,0.5,0.307,-5.756,-4.97,CN115023267A,2022,UNIVERSITY OF MICHIGAN
N#Cc1ccc(N2CC3(CCC(Oc4ccc(C(=O)N5CCC(N6Cc7cc8c(cc7C6)C(=O)N(C6CCC(=O)NC6=O)C8=O)CC5)cc4)CC3)C2)cc1Cl,N#Cc1ccc(N2CC3(CCC(Oc4ccc([*:1])cc4)CC3)C2)cc1Cl,O=C(N1CCC([*:2])CC1)[*:1],O=C1CCC(N2C(=O)c3cc4c(cc3C2=O)CN([*:2])C4)C(=O)N1,AR,CRBN,761.28,5.06,143.36,9,1,6,0.429,0.341,-5.681,-5.216,CN115023267A,2022,UNIVERSITY OF MICHIGAN
N#Cc1ccc(N2CC3(CCC(Oc4ccc(C(=O)N5CCN(C6CCN(c7ccc8c(c7)C(=O)N(C7CCC(=O)NC7=O)C8=O)CC6)CC5)cc4)CC3)C2)cc1Cl,N#Cc1ccc(N2CC3(CCC(Oc4ccc([*:1])cc4)CC3)C2)cc1Cl,O=C(N1CCN(C2CCN([*:2])CC2)CC1)[*:1],O=C1CCC(N2C(=O)c3ccc([*:2])cc3C2=O)C(=O)N1,AR,CRBN,804.35,4.87,146.6,10,1,7,0.455,0.329,-5.74,-5.03,CN115023267A,2022,UNIVERSITY OF MICHIGAN
N#Cc1ccc(N2CC3(CCC(Oc4ccc(C(=O)N5CCN(CC6CCN(c7ccc8c(c7)C(=O)N(C7CCC(=O)NC7=O)C8=O)CC6)CC5)cc4)CC3)C2)cc1Cl,N#Cc1ccc(N2CC3(CCC(Oc4ccc([*:1])cc4)CC3)C2)cc1Cl,O=C(N1CCN(CC2CCN([*:2])CC2)CC1)[*:1],O=C1CCC(N2C(=O)c3ccc([*:2])cc3C2=O)C(=O)N1,AR,CRBN,818.37,5.12,146.6,10,1,8,0.467,0.304,-5.779,-5.243,CN115023267A,2022,UNIVERSITY OF MICHIGAN
N#Cc1ccc(OC2CCC3(CC2)CN(c2ccc(C(=O)N4CCC(N5Cc6cc7c(cc6C5)C(=O)N(C5CCC(=O)NC5=O)C7=O)CC4)cc2)C3)cc1Cl,N#Cc1ccc(OC2CCC3(CC2)CN(c2ccc([*:1])cc2)C3)cc1Cl,O=C(N1CCC([*:2])CC1)[*:1],O=C1CCC(N2C(=O)c3cc4c(cc3C2=O)CN([*:2])C4)C(=O)N1,AR,CRBN,761.28,5.06,143.36,9,1,6,0.429,0.341,-5.68,-5.107,CN115023267A,2022,UNIVERSITY OF MICHIGAN
N#Cc1ccc(OC2CCC3(CC2)CN(c2ccc(C(=O)N4CCN(C5CCN(c6ccc7c(c6)C(=O)N(C6CCC(=O)NC6=O)C7=O)CC5)CC4)cc2)C3)cc1Cl,N#Cc1ccc(OC2CCC3(CC2)CN(c2ccc([*:1])cc2)C3)cc1Cl,O=C(N1CCN(C2CCN([*:2])CC2)CC1)[*:1],O=C1CCC(N2C(=O)c3ccc([*:2])cc3C2=O)C(=O)N1,AR,CRBN,804.35,4.87,146.6,10,1,7,0.455,0.329,-5.745,-4.888,CN115023267A,2022,UNIVERSITY OF MICHIGAN
N#Cc1ccc(OC2CCC3(CC2)CN(c2ccc(C(=O)N4CCN(CC5CCN(c6ccc7c(c6)C(=O)N(C6CCC(=O)NC6=O)C7=O)CC5)CC4)cc2)C3)cc1Cl,N#Cc1ccc(OC2CCC3(CC2)CN(c2ccc([*:1])cc2)C3)cc1Cl,O=C(N1CCN(CC2CCN([*:2])CC2)CC1)[*:1],O=C1CCC(N2C(=O)c3ccc([*:2])cc3C2=O)C(=O)N1,AR,CRBN,818.37,5.12,146.6,10,1,8,0.467,0.304,-5.781,-5.197,CN115023267A,2022,UNIVERSITY OF MICHIGAN
N#Cc1ccc(N2CC3(CCN(c4ccc(C(=O)N5CCC(N6Cc7cc8c(cc7C6)C(=O)N(C6CCC(=O)NC6=O)C8=O)CC5)cc4)CC3)CC2=O)cc1Cl,N#Cc1ccc(N2CC3(CCN(c4ccc([*:1])cc4)CC3)CC2=O)cc1Cl,O=C(N1CCC([*:2])CC1)[*:1],O=C1CCC(N2C(=O)c3cc4c(cc3C2=O)CN([*:2])C4)C(=O)N1,AR,CRBN,774.28,4.26,154.44,9,1,5,0.405,0.375,-5.754,-4.184,CN115023267A,2022,UNIVERSITY OF MICHIGAN
CC1N(c2ccc(C#N)c(Cl)c2)CCC12CCN(C(=O)c1ccc(N3CCN(CC4CN(c5ccc6c(c5)C(=O)N(C5CCC(=O)NC5=O)C6=O)C4)CC3)cc1)CC2,CC1N(c2ccc(C#N)c(Cl)c2)CCC12CCN(C(=O)c1ccc([*:1])cc1)CC2,C1CN([*:1])CCN1CC1CN([*:2])C1,O=C1CCC(N2C(=O)c3ccc([*:2])cc3C2=O)C(=O)N1,AR,CRBN,803.36,4.39,140.61,10,1,7,0.455,0.342,-5.739,-4.493,CN115023267A,2022,UNIVERSITY OF MICHIGAN
CC1N(c2ccc(C#N)c(Cl)c2)CCC12CCN(C(=O)c1ccc(N3CCN(CC4CCN(c5ccc6c(c5)C(=O)N(C5CCC(=O)NC5=O)C6=O)CC4)CC3)cc1)CC2,CC1N(c2ccc(C#N)c(Cl)c2)CCC12CCN(C(=O)c1ccc([*:1])cc1)CC2,C1CN([*:2])CCC1CN1CCN([*:1])CC1,O=C1CCC(N2C(=O)c3ccc([*:2])cc3C2=O)C(=O)N1,AR,CRBN,831.42,5.17,140.61,10,1,7,0.478,0.317,-5.768,-5.109,CN115023267A,2022,UNIVERSITY OF MICHIGAN
CC1CC2(CCN(C(=O)c3ccc(N4CCN(CC5CN(c6ccc7c(c6)C(=O)N(C6CCC(=O)NC6=O)C7=O)C5)CC4)cc3)CC2)CN1c1ccc(C#N)c(Cl)c1,CC1CC2(CCN(C(=O)c3ccc([*:1])cc3)CC2)CN1c1ccc(C#N)c(Cl)c1,C1CN([*:1])CCN1CC1CN([*:2])C1,O=C1CCC(N2C(=O)c3ccc([*:2])cc3C2=O)C(=O)N1,AR,CRBN,803.36,4.39,140.61,10,1,7,0.455,0.342,-5.709,-4.349,CN115023267A,2022,UNIVERSITY OF MICHIGAN
CC1N(c2ccc(C#N)c(Cl)c2)CCC12CCN(c1ccc(C(=O)N3CCN(CC4CN(c5ccc6c(c5)C(=O)N(C5CCC(=O)NC5=O)C6=O)C4)CC3)cc1)CC2,CC1N(c2ccc(C#N)c(Cl)c2)CCC12CCN(c1ccc([*:1])cc1)CC2,O=C(N1CCN(CC2CN([*:2])C2)CC1)[*:1],O=C1CCC(N2C(=O)c3ccc([*:2])cc3C2=O)C(=O)N1,AR,CRBN,803.36,4.39,140.61,10,1,7,0.455,0.342,-5.729,-4.716,CN115023267A,2022,UNIVERSITY OF MICHIGAN
CC1N(c2ccc(C#N)c(Cl)c2)CCC12CCN(C(=O)c1ccc(N3CCN(C4CN(c5ccc6c(c5)C(=O)N(C5CCC(=O)NC5=O)C6=O)C4)CC3)cc1)CC2,CC1N(c2ccc(C#N)c(Cl)c2)CCC12CCN(C(=O)c1ccc([*:1])cc1)CC2,C1CN([*:1])CCN1C1CN([*:2])C1,O=C1CCC(N2C(=O)c3ccc([*:2])cc3C2=O)C(=O)N1,AR,CRBN,789.34,4.14,140.61,10,1,6,0.442,0.363,-5.521,-4.33,CN115023267A,2022,UNIVERSITY OF MICHIGAN
CC1CC2(CCN(C(=O)c3ccc(N4CCN(C5CN(c6ccc7c(c6)C(=O)N(C6CCC(=O)NC6=O)C7=O)C5)CC4)cc3)CC2)CN1c1ccc(C#N)c(Cl)c1,CC1CC2(CCN(C(=O)c3ccc([*:1])cc3)CC2)CN1c1ccc(C#N)c(Cl)c1,C1CN([*:1])CCN1C1CN([*:2])C1,O=C1CCC(N2C(=O)c3ccc([*:2])cc3C2=O)C(=O)N1,AR,CRBN,789.34,4.14,140.61,10,1,6,0.442,0.363,-5.502,-4.425,CN115023267A,2022,UNIVERSITY OF MICHIGAN
CC1N(c2ccc(C#N)c(Cl)c2)CCC12CCN(C(=O)c1ccc(N3CCN(C4CCN(c5ccc6c(c5)C(=O)N(C5CCC(=O)NC5=O)C6=O)CC4)CC3)cc1)CC2,CC1N(c2ccc(C#N)c(Cl)c2)CCC12CCN(C(=O)c1ccc([*:1])cc1)CC2,C1CN([*:2])CCC1N1CCN([*:1])CC1,O=C1CCC(N2C(=O)c3ccc([*:2])cc3C2=O)C(=O)N1,AR,CRBN,817.39,4.93,140.61,10,1,6,0.467,0.341,-5.63,-4.865,CN115023267A,2022,UNIVERSITY OF MICHIGAN
CC1CC2(CCN(C(=O)c3ccc(N4CCN(CC5CCN(c6ccc7c(c6)C(=O)N(C6CCC(=O)NC6=O)C7=O)CC5)CC4)cc3)CC2)CN1c1ccc(C#N)c(Cl)c1,CC1CC2(CCN(C(=O)c3ccc([*:1])cc3)CC2)CN1c1ccc(C#N)c(Cl)c1,C1CN([*:2])CCC1CN1CCN([*:1])CC1,O=C1CCC(N2C(=O)c3ccc([*:2])cc3C2=O)C(=O)N1,AR,CRBN,831.42,5.17,140.61,10,1,7,0.478,0.317,-5.781,-5.155,CN115023267A,2022,UNIVERSITY OF MICHIGAN
CC1CC2(CCN(C(=O)c3ccc(N4CCN(C5CCN(c6ccc7c(c6)C(=O)N(C6CCC(=O)NC6=O)C7=O)CC5)CC4)cc3)CC2)CN1c1ccc(C#N)c(Cl)c1,CC1CC2(CCN(C(=O)c3ccc([*:1])cc3)CC2)CN1c1ccc(C#N)c(Cl)c1,C1CN([*:2])CCC1N1CCN([*:1])CC1,O=C1CCC(N2C(=O)c3ccc([*:2])cc3C2=O)C(=O)N1,AR,CRBN,817.39,4.93,140.61,10,1,6,0.467,0.341,-5.636,-4.878,CN115023267A,2022,UNIVERSITY OF MICHIGAN
Cc1c(N2CCC3(CCN(c4ccc(C(=O)N5CCN(CC6CCN(c7cc8c(cc7F)C(=O)N(C7CCC(=O)NC7=O)C8=O)CC6)CC5)cc4)CC3)C2)ccc(C#N)c1Cl,Cc1c(N2CCC3(CCN(c4ccc([*:1])cc4)CC3)C2)ccc(C#N)c1Cl,O=C(N1CCN(CC2CCN([*:2])CC2)CC1)[*:1],O=C1CCC(N2C(=O)c3cc(F)c([*:2])cc3C2=O)C(=O)N1,AR,CRBN,849.41,5.23,140.61,10,1,7,0.478,0.315,-5.711,-6.038,CN115023267A,2022,UNIVERSITY OF MICHIGAN
Cc1c(N2CCC3(CCN(c4ccc(C(=O)N5CCN(C6CCN(c7cc8c(cc7F)C(=O)N(C7CCC(=O)NC7=O)C8=O)CC6)CC5)cc4)CC3)C2)ccc(C#N)c1Cl,Cc1c(N2CCC3(CCN(c4ccc([*:1])cc4)CC3)C2)ccc(C#N)c1Cl,O=C(N1CCN(C2CCN([*:2])CC2)CC1)[*:1],O=C1CCC(N2C(=O)c3cc(F)c([*:2])cc3C2=O)C(=O)N1,AR,CRBN,835.38,4.98,140.61,10,1,6,0.467,0.338,-5.62,-5.616,CN115023267A,2022,UNIVERSITY OF MICHIGAN
Cc1c(N2CCC3(CCN(c4ccc(C(=O)N5CCN(C6CN(c7ccc8c(c7)C(=O)N(C7CCC(=O)NC7=O)C8=O)C6)CC5)cc4)CC3)C2)ccc(C#N)c1Cl,Cc1c(N2CCC3(CCN(c4ccc([*:1])cc4)CC3)C2)ccc(C#N)c1Cl,O=C(N1CCN(C2CN([*:2])C2)CC1)[*:1],O=C1CCC(N2C(=O)c3ccc([*:2])cc3C2=O)C(=O)N1,AR,CRBN,789.34,4.06,140.61,10,1,6,0.442,0.364,-5.546,-4.622,CN115023267A,2022,UNIVERSITY OF MICHIGAN
Cc1c(N2CCC3(CCN(c4ccc(C(=O)N5CCN(CC6CN(c7ccc8c(c7)C(=O)N(C7CCC(=O)NC7=O)C8=O)C6)CC5)cc4)CC3)C2)ccc(C#N)c1Cl,Cc1c(N2CCC3(CCN(c4ccc([*:1])cc4)CC3)C2)ccc(C#N)c1Cl,O=C(N1CCN(CC2CN([*:2])C2)CC1)[*:1],O=C1CCC(N2C(=O)c3ccc([*:2])cc3C2=O)C(=O)N1,AR,CRBN,803.36,4.31,140.61,10,1,7,0.455,0.344,-5.703,-4.702,CN115023267A,2022,UNIVERSITY OF MICHIGAN
N#Cc1ccc(N2CC3(CCN(C(=O)c4ccc(N5CCN(CC6CCN(c7ccc8c(c7)C(=O)N(C7CCC(=O)NC7=O)C8=O)CC6)CC5)cc4)CC3)CC2=O)cc1Cl,N#Cc1ccc(N2CC3(CCN(C(=O)c4ccc([*:1])cc4)CC3)CC2=O)cc1Cl,C1CN([*:2])CCC1CN1CCN([*:1])CC1,O=C1CCC(N2C(=O)c3ccc([*:2])cc3C2=O)C(=O)N1,AR,CRBN,831.37,4.31,157.68,10,1,7,0.444,0.341,-5.921,-4.183,CN115023267A,2022,UNIVERSITY OF MICHIGAN
N#Cc1ccc(N2CC3(CCN(C(=O)c4ccc(N5CCN(C6CCN(c7ccc8c(c7)C(=O)N(C7CCC(=O)NC7=O)C8=O)CC6)CC5)cc4)CC3)CC2=O)cc1Cl,N#Cc1ccc(N2CC3(CCN(C(=O)c4ccc([*:1])cc4)CC3)CC2=O)cc1Cl,C1CN([*:2])CCC1N1CCN([*:1])CC1,O=C1CCC(N2C(=O)c3ccc([*:2])cc3C2=O)C(=O)N1,AR,CRBN,817.35,4.06,157.68,10,1,6,0.432,0.36,-5.724,-4.035,CN115023267A,2022,UNIVERSITY OF MICHIGAN
N#Cc1ccc(N2CCC3(CCN(c4ccc(C(=O)N5CCC(CN6CCN(c7ccc8c(c7)C(=O)N(C7CCC(=O)NC7=O)C8=O)CC6)CC5)cc4)CC3)C2)cc1Cl,N#Cc1ccc(N2CCC3(CCN(c4ccc([*:1])cc4)CC3)C2)cc1Cl,O=C(N1CCC(CN2CCN([*:2])CC2)CC1)[*:1],O=C1CCC(N2C(=O)c3ccc([*:2])cc3C2=O)C(=O)N1,AR,CRBN,817.39,4.78,140.61,10,1,7,0.467,0.332,-5.719,-4.761,CN115023267A,2022,UNIVERSITY OF MICHIGAN
N#Cc1ccc(N2CCC3(CCN(C(=O)c4cccc(C(=O)N5CCN(CC6CN(c7ccc8c(c7)C(=O)N(C7CCC(=O)NC7=O)C8=O)C6)CC5)c4)CC3)C2)cc1Cl,N#Cc1ccc(N2CCC3(CCN(C(=O)c4cccc([*:1])c4)CC3)C2)cc1Cl,O=C(N1CCN(CC2CN([*:2])C2)CC1)[*:1],O=C1CCC(N2C(=O)c3ccc([*:2])cc3C2=O)C(=O)N1,AR,CRBN,817.35,3.64,157.68,10,1,7,0.432,0.35,-5.728,-3.98,CN115023267A,2022,UNIVERSITY OF MICHIGAN
N#Cc1ccc(N2CCC3(CCN(C(=O)c4cccc(C(=O)N5CCN(CC6CCN(c7ccc8c(c7)C(=O)N(C7CCC(=O)NC7=O)C8=O)CC6)CC5)c4)CC3)C2)cc1Cl,N#Cc1ccc(N2CCC3(CCN(C(=O)c4cccc([*:1])c4)CC3)C2)cc1Cl,O=C(N1CCN(CC2CCN([*:2])CC2)CC1)[*:1],O=C1CCC(N2C(=O)c3ccc([*:2])cc3C2=O)C(=O)N1,AR,CRBN,845.4,4.42,157.68,10,1,7,0.457,0.338,-5.753,-4.526,CN115023267A,2022,UNIVERSITY OF MICHIGAN
N#Cc1ccc(N2CCC3(CCN(C(=O)c4cccc(C(=O)N5CCN(C6CCN(c7ccc8c(c7)C(=O)N(C7CCC(=O)NC7=O)C8=O)CC6)CC5)c4)CC3)C2)cc1Cl,N#Cc1ccc(N2CCC3(CCN(C(=O)c4cccc([*:1])c4)CC3)C2)cc1Cl,O=C(N1CCN(C2CCN([*:2])CC2)CC1)[*:1],O=C1CCC(N2C(=O)c3ccc([*:2])cc3C2=O)C(=O)N1,AR,CRBN,831.37,4.17,157.68,10,1,6,0.444,0.358,-5.644,-4.308,CN115023267A,2022,UNIVERSITY OF MICHIGAN
N#Cc1ccc(N2CCC3(CCN(C(=O)c4ccc(C(=O)N5CCN(CC6CCN(c7ccc8c(c7)C(=O)N(C7CCC(=O)NC7=O)C8=O)CC6)CC5)cc4)CC3)C2)cc1Cl,N#Cc1ccc(N2CCC3(CCN(C(=O)c4ccc([*:1])cc4)CC3)C2)cc1Cl,O=C(N1CCN(CC2CCN([*:2])CC2)CC1)[*:1],O=C1CCC(N2C(=O)c3ccc([*:2])cc3C2=O)C(=O)N1,AR,CRBN,845.4,4.42,157.68,10,1,7,0.457,0.338,-5.842,-4.437,CN115023267A,2022,UNIVERSITY OF MICHIGAN
N#Cc1ccc(N2CCC3(CCN(c4ccc(C(=O)N5CCN(C6CCN(c7cc8c(cc7F)C(=O)N(C7CCC(=O)NC7=O)C8=O)CC6)CC5)cc4)CC3)C2)cc1Cl,N#Cc1ccc(N2CCC3(CCN(c4ccc([*:1])cc4)CC3)C2)cc1Cl,O=C(N1CCN(C2CCN([*:2])CC2)CC1)[*:1],O=C1CCC(N2C(=O)c3cc(F)c([*:2])cc3C2=O)C(=O)N1,AR,CRBN,821.35,4.68,140.61,10,1,6,0.455,0.349,-5.593,-5.21,CN115023267A,2022,UNIVERSITY OF MICHIGAN
N#Cc1ccc(N2CCC3(CCN(C(=O)c4ccc(C(=O)N5CCN(C6CCN(c7ccc8c(c7)C(=O)N(C7CCC(=O)NC7=O)C8=O)CC6)CC5)cc4)CC3)C2)cc1Cl,N#Cc1ccc(N2CCC3(CCN(C(=O)c4ccc([*:1])cc4)CC3)C2)cc1Cl,O=C(N1CCN(C2CCN([*:2])CC2)CC1)[*:1],O=C1CCC(N2C(=O)c3ccc([*:2])cc3C2=O)C(=O)N1,AR,CRBN,831.37,4.17,157.68,10,1,6,0.444,0.358,-5.72,-4.164,CN115023267A,2022,UNIVERSITY OF MICHIGAN
N#Cc1ccc(N2CCC3(CCN(C(=O)c4ccc(N5CCC(N6CCN(c7ccc8c(c7)C(=O)N(C7CCC(=O)NC7=O)C8=O)CC6)CC5)cc4)CC3)C2)cc1Cl,N#Cc1ccc(N2CCC3(CCN(C(=O)c4ccc([*:1])cc4)CC3)C2)cc1Cl,C1CN([*:1])CCC1N1CCN([*:2])CC1,O=C1CCC(N2C(=O)c3ccc([*:2])cc3C2=O)C(=O)N1,AR,CRBN,803.36,4.54,140.61,10,1,6,0.455,0.354,-5.615,-4.528,CN115023267A,2022,UNIVERSITY OF MICHIGAN
N#Cc1ccc(N2CCC3(CCN(c4ccc(C(=O)N5CCN(CC6CN(c7ccc8c(c7)C(=O)N(C7CCC(=O)NC7=O)C8=O)C6)CC5)cc4)CC3)C2)cc1Cl,N#Cc1ccc(N2CCC3(CCN(c4ccc([*:1])cc4)CC3)C2)cc1Cl,O=C(N1CCN(CC2CN([*:2])C2)CC1)[*:1],O=C1CCC(N2C(=O)c3ccc([*:2])cc3C2=O)C(=O)N1,AR,CRBN,789.34,4.0,140.61,10,1,7,0.442,0.35,-5.725,-4.3,CN115023267A,2022,UNIVERSITY OF MICHIGAN
N#Cc1ncc(N2CCC3(CCN(C(=O)c4ccc(N5CCN(C6CCN(c7ccc8c(c7)C(=O)N(C7CCC(=O)NC7=O)C8=O)CC6)CC5)cc4)C3)CC2)cc1C(F)(F)F,N#Cc1ncc(N2CCC3(CCN(C(=O)c4ccc([*:1])cc4)C3)CC2)cc1C(F)(F)F,C1CN([*:2])CCC1N1CCN([*:1])CC1,O=C1CCC(N2C(=O)c3ccc([*:2])cc3C2=O)C(=O)N1,AR,CRBN,837.9,4.3,153.5,11,1,6,0.477,0.354,-5.472,-4.374,CN115023267A,2022,UNIVERSITY OF MICHIGAN
N#Cc1ncc(N2CCC3(CCN(C(=O)c4ccc(N5CCN(C6CCN(c7ccc8c(c7)C(=O)N(C7CCC(=O)NC7=O)C8=O)CC6)CC5)cc4)CC3)C2)cc1C(F)(F)F,N#Cc1ncc(N2CCC3(CCN(C(=O)c4ccc([*:1])cc4)CC3)C2)cc1C(F)(F)F,C1CN([*:2])CCC1N1CCN([*:1])CC1,O=C1CCC(N2C(=O)c3ccc([*:2])cc3C2=O)C(=O)N1,AR,CRBN,837.9,4.3,153.5,11,1,6,0.477,0.354,-5.5,-4.426,CN115023267A,2022,UNIVERSITY OF MICHIGAN
N#Cc1ccc(N2CCC3(CCN(c4ccc(C(=O)N5CCN(CC6CCN(c7ccc8c(c7)C(=O)N(C7CCC(=O)NC7=O)C8=O)CC6)CC5)c(F)c4)CC3)C2)cc1Cl,N#Cc1ccc(N2CCC3(CCN(c4ccc([*:1])c(F)c4)CC3)C2)cc1Cl,O=C(N1CCN(CC2CCN([*:2])CC2)CC1)[*:1],O=C1CCC(N2C(=O)c3ccc([*:2])cc3C2=O)C(=O)N1,AR,CRBN,835.38,4.92,140.61,10,1,7,0.467,0.327,-5.647,-5.236,CN115023267A,2022,UNIVERSITY OF MICHIGAN
N#Cc1ccc(N2CCC3(CCN(c4ccc(C(=O)N5CCN(CC6CCN(c7ccc8c(c7)C(=O)N(C7CCC(=O)NC7=O)C8=O)CC6)CC5)cc4F)CC3)C2)cc1Cl,N#Cc1ccc(N2CCC3(CCN(c4ccc([*:1])cc4F)CC3)C2)cc1Cl,O=C(N1CCN(CC2CCN([*:2])CC2)CC1)[*:1],O=C1CCC(N2C(=O)c3ccc([*:2])cc3C2=O)C(=O)N1,AR,CRBN,835.38,4.92,140.61,10,1,7,0.467,0.327,-5.705,-5.582,CN115023267A,2022,UNIVERSITY OF MICHIGAN
N#Cc1ccc(N2CCC3(CCN(c4ccc(C(=O)N5CCN(C6CCN(c7ccc8c(c7)C(=O)N(C7CCC(=O)NC7=O)C8=O)CC6)CC5)c(F)c4)CC3)C2)cc1Cl,N#Cc1ccc(N2CCC3(CCN(c4ccc([*:1])c(F)c4)CC3)C2)cc1Cl,O=C(N1CCN(C2CCN([*:2])CC2)CC1)[*:1],O=C1CCC(N2C(=O)c3ccc([*:2])cc3C2=O)C(=O)N1,AR,CRBN,821.35,4.68,140.61,10,1,6,0.455,0.349,-5.503,-4.966,CN115023267A,2022,UNIVERSITY OF MICHIGAN
N#Cc1ccc(N2CCC3(CCN(c4ccc(C(=O)N5CCN(C6CCN(c7ccc8c(c7)C(=O)N(C7CCC(=O)NC7=O)C8=O)CC6)CC5)cc4F)CC3)C2)cc1Cl,N#Cc1ccc(N2CCC3(CCN(c4ccc([*:1])cc4F)CC3)C2)cc1Cl,O=C(N1CCN(C2CCN([*:2])CC2)CC1)[*:1],O=C1CCC(N2C(=O)c3ccc([*:2])cc3C2=O)C(=O)N1,AR,CRBN,821.35,4.68,140.61,10,1,6,0.455,0.349,-5.573,-5.314,CN115023267A,2022,UNIVERSITY OF MICHIGAN
N#Cc1ccc(N2CCC3(CCN(c4ccc(C(=O)N5CCN(C6CN(c7ccc8c(c7)C(=O)N(C7CCC(=O)NC7=O)C8=O)C6)CC5)cc4)CC3)C2)cc1Cl,N#Cc1ccc(N2CCC3(CCN(c4ccc([*:1])cc4)CC3)C2)cc1Cl,O=C(N1CCN(C2CN([*:2])C2)CC1)[*:1],O=C1CCC(N2C(=O)c3ccc([*:2])cc3C2=O)C(=O)N1,AR,CRBN,775.31,3.76,140.61,10,1,6,0.429,0.369,-5.513,-4.033,CN115023267A,2022,UNIVERSITY OF MICHIGAN
N#Cc1ccc(N2CCC3(CCN(c4ccc(C(=O)N5CCN(C6CCN(c7ccc8c(c7)C(=O)N(C7CCC(=O)NC7=O)C8=O)CC6)CC5)cc4)CC3)C2)cc1Cl,N#Cc1ccc(N2CCC3(CCN(c4ccc([*:1])cc4)CC3)C2)cc1Cl,O=C(N1CCN(C2CCN([*:2])CC2)CC1)[*:1],O=C1CCC(N2C(=O)c3ccc([*:2])cc3C2=O)C(=O)N1,AR,CRBN,803.36,4.54,140.61,10,1,6,0.455,0.354,-5.63,-4.65,CN115023267A,2022,UNIVERSITY OF MICHIGAN
N#Cc1ccc(N2CCC3(CCN(c4ccc(C(=O)N5CCN(CC6CCN(c7ccc8c(c7)C(=O)N(C7CCC(=O)NC7=O)C8=O)CC6)CC5)cc4)CC3)C2)cc1Cl,N#Cc1ccc(N2CCC3(CCN(c4ccc([*:1])cc4)CC3)C2)cc1Cl,O=C(N1CCN(CC2CCN([*:2])CC2)CC1)[*:1],O=C1CCC(N2C(=O)c3ccc([*:2])cc3C2=O)C(=O)N1,AR,CRBN,817.39,4.78,140.61,10,1,7,0.467,0.332,-5.757,-4.904,CN115023267A,2022,UNIVERSITY OF MICHIGAN
N#Cc1ccc(N2CCC3(CCN(C(=O)c4ccc(N5CCN(CC6CCN(c7cccc8c7C(=O)N(C7CCC(=O)NC7=O)C8=O)CC6)CC5)cc4)CC3)C2)cc1Cl,N#Cc1ccc(N2CCC3(CCN(C(=O)c4ccc([*:1])cc4)CC3)C2)cc1Cl,C1CN([*:2])CCC1CN1CCN([*:1])CC1,O=C1CCC(N2C(=O)c3cccc([*:2])c3C2=O)C(=O)N1,AR,CRBN,817.39,4.78,140.61,10,1,7,0.467,0.332,-5.705,-5.124,CN115023267A,2022,UNIVERSITY OF MICHIGAN
N#Cc1ccc(N2CCC3(CCN(C(=O)c4ccc(C#CC5CCN(C6CCN(c7cccc8c7C(=O)N(C7CCC(=O)NC7=O)C8=O)CC6)CC5)cc4)CC3)C2)cc1Cl,N#Cc1ccc(N2CCC3(CCN(C(=O)c4ccc([*:1])cc4)CC3)C2)cc1Cl,C(#C[*:1])C1CCN(C2CCN([*:2])CC2)CC1,O=C1CCC(N2C(=O)c3cccc([*:2])c3C2=O)C(=O)N1,AR,CRBN,826.4,5.48,137.37,9,1,5,0.447,0.262,-5.558,-5.846,CN115023267A,2022,UNIVERSITY OF MICHIGAN
N#Cc1ccc(N2CCC3(CCN(C(=O)c4ccc(N5CCN(CC6CN(c7cc8c(cc7F)C(=O)N(C7CCC(=O)NC7=O)C8=O)C6)CC5)cc4)CC3)C2)cc1Cl,N#Cc1ccc(N2CCC3(CCN(C(=O)c4ccc([*:1])cc4)CC3)C2)cc1Cl,C1CN([*:1])CCN1CC1CN([*:2])C1,O=C1CCC(N2C(=O)c3cc(F)c([*:2])cc3C2=O)C(=O)N1,AR,CRBN,807.33,4.14,140.61,10,1,7,0.442,0.347,-5.7,-4.606,CN115023267A,2022,UNIVERSITY OF MICHIGAN
N#Cc1ccc(N2CCC3(CCN(C(=O)c4ccc(N5CCC(CN6CCN(c7ccc8c(c7)C(=O)N(C7CCC(=O)NC7=O)C8=O)CC6)CC5)cc4)CC3)C2)cc1Cl,N#Cc1ccc(N2CCC3(CCN(C(=O)c4ccc([*:1])cc4)CC3)C2)cc1Cl,C1CN([*:1])CCC1CN1CCN([*:2])CC1,O=C1CCC(N2C(=O)c3ccc([*:2])cc3C2=O)C(=O)N1,AR,CRBN,817.39,4.78,140.61,10,1,7,0.467,0.332,-5.756,-4.703,CN115023267A,2022,UNIVERSITY OF MICHIGAN
N#Cc1ccc(N2CCC3(CCN(C(=O)c4ccc(N5CCN(C6CN(c7ccc8c(c7)C(=O)N(C7CCC(=O)NC7=O)C8=O)C6)CC5)cc4)CC3)C2)cc1Cl,N#Cc1ccc(N2CCC3(CCN(C(=O)c4ccc([*:1])cc4)CC3)C2)cc1Cl,C1CN([*:1])CCN1C1CN([*:2])C1,O=C1CCC(N2C(=O)c3ccc([*:2])cc3C2=O)C(=O)N1,AR,CRBN,775.31,3.76,140.61,10,1,6,0.429,0.369,-5.47,-3.97,CN115023267A,2022,UNIVERSITY OF MICHIGAN
N#Cc1ccc(N2CCC3(CCN(C(=O)c4ccc(N5CCN(CC6CCN(c7ccc8c(c7)C(=O)N(C7CCC(=O)NC7=O)C8=O)C6)CC5)cc4)CC3)C2)cc1Cl,N#Cc1ccc(N2CCC3(CCN(C(=O)c4ccc([*:1])cc4)CC3)C2)cc1Cl,C1CN([*:2])CC1CN1CCN([*:1])CC1,O=C1CCC(N2C(=O)c3ccc([*:2])cc3C2=O)C(=O)N1,AR,CRBN,803.36,4.39,140.61,10,1,7,0.455,0.342,-5.711,-4.473,CN115023267A,2022,UNIVERSITY OF MICHIGAN
N#Cc1ccc(N2CCC3(CCN(C(=O)c4ccc(N5CC6CN(C7CCN(c8ccc9c(c8)C(=O)N(C8CCC(=O)NC8=O)C9=O)CC7)CC6C5)cc4)CC3)C2)cc1Cl,N#Cc1ccc(N2CCC3(CCN(C(=O)c4ccc(N5CC6CN([*:1])CC6C5)cc4)CC3)C2)cc1Cl,C1CN([*:2])CCC1[*:1],O=C1CCC(N2C(=O)c3ccc([*:2])cc3C2=O)C(=O)N1,AR,CRBN,829.4,4.78,140.61,10,1,6,0.478,0.346,-5.772,-4.384,CN115023267A,2022,UNIVERSITY OF MICHIGAN
N#Cc1ncc(N2CCC3(CCN(C(=O)c4ccc(N5CCN(CC6CN(c7ccc8c(c7)C(=O)N(C7CCC(=O)NC7=O)C8=O)C6)CC5)cc4)CC3)C2)cc1C(F)(F)F,N#Cc1ncc(N2CCC3(CCN(C(=O)c4ccc([*:1])cc4)CC3)C2)cc1C(F)(F)F,C1CN([*:1])CCN1CC1CN([*:2])C1,O=C1CCC(N2C(=O)c3ccc([*:2])cc3C2=O)C(=O)N1,AR,CRBN,823.88,3.76,153.5,11,1,7,0.465,0.347,-5.641,-4.078,CN115023267A,2022,UNIVERSITY OF MICHIGAN
N#Cc1ccc(N2CCC3(CCN(C(=O)c4cccc(N5CCN(CC6CCN(c7ccc8c(c7)C(=O)N(C7CCC(=O)NC7=O)C8=O)CC6)CC5)c4)CC3)C2)cc1Cl,N#Cc1ccc(N2CCC3(CCN(C(=O)c4cccc([*:1])c4)CC3)C2)cc1Cl,C1CN([*:2])CCC1CN1CCN([*:1])CC1,O=C1CCC(N2C(=O)c3ccc([*:2])cc3C2=O)C(=O)N1,AR,CRBN,817.39,4.78,140.61,10,1,7,0.467,0.332,-5.676,-4.833,CN115023267A,2022,UNIVERSITY OF MICHIGAN
N#Cc1ccc(N2CCC3(CCN(C(=O)c4ccc(N5CC6CN(CC7CCN(c8ccc9c(c8)C(=O)N(C8CCC(=O)NC8=O)C9=O)CC7)CC6C5)cc4)CC3)C2)cc1Cl,N#Cc1ccc(N2CCC3(CCN(C(=O)c4ccc(N5CC6CN([*:1])CC6C5)cc4)CC3)C2)cc1Cl,C1CN([*:2])CCC1C[*:1],O=C1CCC(N2C(=O)c3ccc([*:2])cc3C2=O)C(=O)N1,AR,CRBN,843.43,5.03,140.61,10,1,7,0.489,0.323,-5.667,-4.811,CN115023267A,2022,UNIVERSITY OF MICHIGAN
N#Cc1ccc(N2CCC3(CCN(C(=O)c4ccc(N5CCN(C6CCN(c7ccc8c(c7)C(=O)N(C7CCC(=O)NC7=O)C8=O)CC6)CC5)cc4)CC3)C2)cc1Cl,N#Cc1ccc(N2CCC3(CCN(C(=O)c4ccc([*:1])cc4)CC3)C2)cc1Cl,C1CN([*:2])CCC1N1CCN([*:1])CC1,O=C1CCC(N2C(=O)c3ccc([*:2])cc3C2=O)C(=O)N1,AR,CRBN,803.36,4.54,140.61,10,1,6,0.455,0.354,-5.615,-4.507,CN115023267A,2022,UNIVERSITY OF MICHIGAN
N#Cc1ccc(N2CCC3(CCN(C(=O)c4ccc(C5CCN(CC6CCN(c7ccc8c(c7)C(=O)N(C7CCC(=O)NC7=O)C8=O)CC6)CC5)cc4)CC3)C2)cc1Cl,N#Cc1ccc(N2CCC3(CCN(C(=O)c4ccc([*:1])cc4)CC3)C2)cc1Cl,C1CN([*:2])CCC1CN1CCC([*:1])CC1,O=C1CCC(N2C(=O)c3ccc([*:2])cc3C2=O)C(=O)N1,AR,CRBN,816.4,5.84,137.37,9,1,7,0.478,0.292,-5.797,-5.536,CN115023267A,2022,UNIVERSITY OF MICHIGAN
N#Cc1ccc(N2CCC3(CCN(C(=O)c4ccc(N5CCN(CC6CN(c7ccc8c(c7)C(=O)N(C7CCC(=O)NC7=O)C8=O)C6)CC5)cc4)CC3)C2)cc1Cl,N#Cc1ccc(N2CCC3(CCN(C(=O)c4ccc([*:1])cc4)CC3)C2)cc1Cl,C1CN([*:1])CCN1CC1CN([*:2])C1,O=C1CCC(N2C(=O)c3ccc([*:2])cc3C2=O)C(=O)N1,AR,CRBN,789.34,4.0,140.61,10,1,7,0.442,0.35,-5.716,-4.199,CN115023267A,2022,UNIVERSITY OF MICHIGAN
O=C1CCC(N2C(=O)c3cccc(NCCOCCOCCOCCOCCC(=O)N4CCN(c5ccc(-c6cnc(NCc7ccco7)n7cnnc67)cc5)CC4)c3C2=O)C(=O)N1,c1coc(CNc2ncc(-c3ccc([*:1])cc3)c3nncn23)c1,O=C(CCOCCOCCOCCOCCN[*:2])N1CCN([*:1])CC1,O=C1CCC(N2C(=O)c3cccc([*:2])c3C2=O)C(=O)N1,EED,CRBN,878.94,2.61,224.3,16,3,22,0.409,0.067,-5.348,-2.948,US20220372039A1,2022,NORTHWESTERN UNIVERSITY
O=C1CCC(N2C(=O)c3cccc(NCCOCCOCCOCCC(=O)N4CCN(c5ccc(-c6cnc(NCc7ccco7)n7cnnc67)cc5)CC4)c3C2=O)C(=O)N1,c1coc(CNc2ncc(-c3ccc([*:1])cc3)c3nncn23)c1,O=C(CCOCCOCCOCCN[*:2])N1CCN([*:1])CC1,O=C1CCC(N2C(=O)c3cccc([*:2])c3C2=O)C(=O)N1,EED,CRBN,834.89,2.6,215.07,15,3,19,0.381,0.081,-5.318,-3.17,US20220372039A1,2022,NORTHWESTERN UNIVERSITY
Cc1ncsc1-c1ccc(CNC(=O)C2CC(O)CN2C(=O)C(NC(=O)CCC(=O)N2CCN(c3ccc(C(=O)Nc4n[nH]c5ccc(Cc6cc(F)cc(F)c6)cc45)c(NC4CCOCC4)c3)CC2)C(C)(C)C)cc1,O=C(Nc1n[nH]c2ccc(Cc3cc(F)cc(F)c3)cc12)c1ccc([*:1])cc1NC1CCOCC1,O=C(CCC(=O)[*:2])N1CCN([*:1])CC1,Cc1ncsc1-c1ccc(CNC(=O)C2CC(O)CN2C(=O)C(N[*:2])C(C)(C)C)cc1,ALK,VHL,1059.25,6.94,214.22,12,6,16,0.411,0.058,-5.801,-6.075,US20200306273A1,2020,CHINESE ACADEMY OF SCIENCE
CN(C)C1CN(C2CCc3cccc(F)c32)CC1c1ccc(N2CCN(CCC3CCN(c4ccc5c(c4)C(=O)N(C4CCC(=O)NC4=O)C5=O)CC3)CC2)cc1,CN(C)C1CN(C2CCc3cccc(F)c32)CC1c1ccc([*:1])cc1,C(CN1CCN([*:1])CC1)C1CCN([*:2])CC1,O=C1CCC(N2C(=O)c3ccc([*:2])cc3C2=O)C(=O)N1,EED,CRBN,775.97,4.67,99.75,9,1,9,0.511,0.311,-5.589,-4.315,US20220105188A1,2022,KOREA RESEARCH INSTITUTE OF CHEMICAL TECHNOLOGY - SOUTH KOREA | KOREA RESEARCH INSTITUTE OF BIOSCIENCE & BIOTECHNOLOGY
CN(C)C1CN(C2CCc3cccc(F)c32)CC1c1ccc(N2CCN(CC3CCN(c4ccc5c(c4)C(=O)N(C4CCC(=O)NC4=O)C5=O)CC3)CC2)cc1,CN(C)C1CN(C2CCc3cccc(F)c32)CC1c1ccc([*:1])cc1,C1CN([*:2])CCC1CN1CCN([*:1])CC1,O=C1CCC(N2C(=O)c3ccc([*:2])cc3C2=O)C(=O)N1,EED,CRBN,761.94,4.28,99.75,9,1,8,0.5,0.338,-5.679,-4.258,US20220105188A1,2022,KOREA RESEARCH INSTITUTE OF CHEMICAL TECHNOLOGY - SOUTH KOREA | KOREA RESEARCH INSTITUTE OF BIOSCIENCE & BIOTECHNOLOGY
Cc1cccc(F)c1CN1CC(c2ccc(N3CCN(CCC4CCN(c5ccc6c(c5)C(=O)N(C5CCC(=O)NC5=O)C6=O)CC4)CC3)cc2)C(N(C)C)C1,Cc1cccc(F)c1CN1CC(c2ccc([*:1])cc2)C(N(C)C)C1,C(CN1CCN([*:1])CC1)C1CCN([*:2])CC1,O=C1CCC(N2C(=O)c3ccc([*:2])cc3C2=O)C(=O)N1,EED,CRBN,763.96,4.49,99.75,9,1,10,0.5,0.3,-5.543,-4.536,US20220105188A1,2022,KOREA RESEARCH INSTITUTE OF CHEMICAL TECHNOLOGY - SOUTH KOREA | KOREA RESEARCH INSTITUTE OF BIOSCIENCE & BIOTECHNOLOGY
Cc1cccc(F)c1CN1CC(c2ccc(N3CCN(CCC4CCN(c5cccc6c5C(=O)N(C5CCC(=O)NC5=O)C6=O)CC4)CC3)cc2)C(N(C)C)C1,Cc1cccc(F)c1CN1CC(c2ccc([*:1])cc2)C(N(C)C)C1,C(CN1CCN([*:1])CC1)C1CCN([*:2])CC1,O=C1CCC(N2C(=O)c3cccc([*:2])c3C2=O)C(=O)N1,EED,CRBN,763.96,4.49,99.75,9,1,10,0.5,0.3,-5.557,-4.733,US20220105188A1,2022,KOREA RESEARCH INSTITUTE OF CHEMICAL TECHNOLOGY - SOUTH KOREA | KOREA RESEARCH INSTITUTE OF BIOSCIENCE & BIOTECHNOLOGY
Cc1cccc(F)c1CN1CC(c2ccc(N3CCN(CC4CCN(c5cccc6c5C(=O)N(C5CCC(=O)NC5=O)C6=O)CC4)CC3)cc2)C(N(C)C)C1,Cc1cccc(F)c1CN1CC(c2ccc([*:1])cc2)C(N(C)C)C1,C1CN([*:2])CCC1CN1CCN([*:1])CC1,O=C1CCC(N2C(=O)c3cccc([*:2])c3C2=O)C(=O)N1,EED,CRBN,749.93,4.1,99.75,9,1,9,0.488,0.325,-5.593,-4.645,US20220105188A1,2022,KOREA RESEARCH INSTITUTE OF CHEMICAL TECHNOLOGY - SOUTH KOREA | KOREA RESEARCH INSTITUTE OF BIOSCIENCE & BIOTECHNOLOGY
Cc1cccc(F)c1CN1CC(c2ccc(N3CCN(C(=O)CCCCCNc4ccc5c(c4)C(=O)N(C4CCC(=O)NC4=O)C5=O)CC3)cc2)C(N(C)C)C1,Cc1cccc(F)c1CN1CC(c2ccc([*:1])cc2)C(N(C)C)C1,O=C(CCCCCN[*:2])N1CCN([*:1])CC1,O=C1CCC(N2C(=O)c3ccc([*:2])cc3C2=O)C(=O)N1,EED,CRBN,765.93,4.39,125.61,9,2,13,0.465,0.193,-5.571,-4.035,US20220105188A1,2022,KOREA RESEARCH INSTITUTE OF CHEMICAL TECHNOLOGY - SOUTH KOREA | KOREA RESEARCH INSTITUTE OF BIOSCIENCE & BIOTECHNOLOGY
Cc1cccc(F)c1CN1CC(c2ccc(N3CCN(C(=O)CCCCCNc4cccc5c4C(=O)N(C4CCC(=O)NC4=O)C5=O)CC3)cc2)C(N(C)C)C1,Cc1cccc(F)c1CN1CC(c2ccc([*:1])cc2)C(N(C)C)C1,O=C(CCCCCN[*:2])N1CCN([*:1])CC1,O=C1CCC(N2C(=O)c3cccc([*:2])c3C2=O)C(=O)N1,EED,CRBN,765.93,4.39,125.61,9,2,13,0.465,0.193,-5.618,-4.017,US20220105188A1,2022,KOREA RESEARCH INSTITUTE OF CHEMICAL TECHNOLOGY - SOUTH KOREA | KOREA RESEARCH INSTITUTE OF BIOSCIENCE & BIOTECHNOLOGY
Cc1cccc(F)c1CN1CC(c2ccc(N3CCN(CC4CCN(c5ccc6c(c5)C(=O)N(C5CCC(=O)NC5=O)C6=O)CC4)CC3)cc2)C(N(C)C)C1,Cc1cccc(F)c1CN1CC(c2ccc([*:1])cc2)C(N(C)C)C1,C1CN([*:2])CCC1CN1CCN([*:1])CC1,O=C1CCC(N2C(=O)c3ccc([*:2])cc3C2=O)C(=O)N1,EED,CRBN,749.93,4.1,99.75,9,1,9,0.488,0.325,-5.593,-4.519,US20220105188A1,2022,KOREA RESEARCH INSTITUTE OF CHEMICAL TECHNOLOGY - SOUTH KOREA | KOREA RESEARCH INSTITUTE OF BIOSCIENCE & BIOTECHNOLOGY
Cc1cccc(F)c1CN1CC(c2ccc(N3CCN(C(=O)CCCNc4ccc5c(c4)C(=O)N(C4CCC(=O)NC4=O)C5=O)CC3)cc2)C(N(C)C)C1,Cc1cccc(F)c1CN1CC(c2ccc([*:1])cc2)C(N(C)C)C1,O=C(CCCN[*:2])N1CCN([*:1])CC1,O=C1CCC(N2C(=O)c3ccc([*:2])cc3C2=O)C(=O)N1,EED,CRBN,737.88,3.61,125.61,9,2,11,0.439,0.225,-5.644,-3.895,US20220105188A1,2022,KOREA RESEARCH INSTITUTE OF CHEMICAL TECHNOLOGY - SOUTH KOREA | KOREA RESEARCH INSTITUTE OF BIOSCIENCE & BIOTECHNOLOGY
Cc1cccc(F)c1CN1CC(c2ccc(N3CCN(C(=O)CCCNc4cccc5c4C(=O)N(C4CCC(=O)NC4=O)C5=O)CC3)cc2)C(N(C)C)C1,Cc1cccc(F)c1CN1CC(c2ccc([*:1])cc2)C(N(C)C)C1,O=C(CCCN[*:2])N1CCN([*:1])CC1,O=C1CCC(N2C(=O)c3cccc([*:2])c3C2=O)C(=O)N1,EED,CRBN,737.88,3.61,125.61,9,2,11,0.439,0.225,-5.659,-3.852,US20220105188A1,2022,KOREA RESEARCH INSTITUTE OF CHEMICAL TECHNOLOGY - SOUTH KOREA | KOREA RESEARCH INSTITUTE OF BIOSCIENCE & BIOTECHNOLOGY
Cc1ncsc1-c1ccc(CNC(=O)C2CC(O)CN2C(=O)C(NC(=O)CCCCCCC(=O)N2CCN(c3ccc(-c4cnc(NCc5ccco5)n5cnnc45)cc3)CC2)C(C)(C)C)cc1,c1coc(CNc2ncc(-c3ccc([*:1])cc3)c3nncn23)c1,O=C(CCCCCCC(=O)[*:2])N1CCN([*:1])CC1,Cc1ncsc1-c1ccc(CNC(=O)C2CC(O)CN2C(=O)C(N[*:2])C(C)(C)C)cc1,EED,VHL,944.18,6.23,203.43,13,4,18,0.44,0.071,-5.872,-4.067,US20220105188A1,2022,KOREA RESEARCH INSTITUTE OF CHEMICAL TECHNOLOGY - SOUTH KOREA | KOREA RESEARCH INSTITUTE OF BIOSCIENCE & BIOTECHNOLOGY
O=C1CCC(N2C(=O)c3cccc(NCCOCCOCCC(=O)N4CCN(c5ccc(-c6cnc(NCc7ccco7)n7cnnc67)cc5)CC4)c3C2=O)C(=O)N1,c1coc(CNc2ncc(-c3ccc([*:1])cc3)c3nncn23)c1,O=C(CCOCCOCCN[*:2])N1CCN([*:1])CC1,O=C1CCC(N2C(=O)c3cccc([*:2])c3C2=O)C(=O)N1,EED,CRBN,790.84,2.58,205.84,14,3,16,0.35,0.097,-5.361,-3.389,US20220105188A1,2022,KOREA RESEARCH INSTITUTE OF CHEMICAL TECHNOLOGY - SOUTH KOREA | KOREA RESEARCH INSTITUTE OF BIOSCIENCE & BIOTECHNOLOGY
Cc1ncsc1-c1ccc(CNC(=O)C2CC(O)CN2C(=O)C(NC(=O)CCCCCCC(=O)N2CCN(c3ccc(C(=O)Nc4n[nH]c5ccc(Cc6cc(F)cc(F)c6)cc45)c(NC4CCOCC4)c3)CC2)C(C)(C)C)cc1,O=C(Nc1n[nH]c2ccc(Cc3cc(F)cc(F)c3)cc12)c1ccc([*:1])cc1NC1CCOCC1,O=C(CCCCCCC(=O)[*:2])N1CCN([*:1])CC1,Cc1ncsc1-c1ccc(CNC(=O)C2CC(O)CN2C(=O)C(N[*:2])C(C)(C)C)cc1,ALK,VHL,1115.36,8.51,214.22,12,6,20,0.45,0.04,-5.795,-6.371,US20200306273A1,2020,CHINESE ACADEMY OF SCIENCE
CCC1C(=O)N(C)c2cnc(Nc3ccc(C(=O)NCCOCCOCCOCC(=O)NC(C(=O)N4CC(O)CC4C(=O)NCc4ccc(-c5scnc5C)cc4)C(C)(C)C)cc3OC)nc2N1Cc1ccc(Br)cc1,CCC1C(=O)N(C)c2cnc(Nc3ccc([*:1])cc3OC)nc2N1Cc1ccc(Br)cc1,O=C(NCCOCCOCCOCC(=O)[*:2])[*:1],Cc1ncsc1-c1ccc(CNC(=O)C2CC(O)CN2C(=O)C(N[*:2])C(C)(C)C)cc1,TEAD,VHL,1128.16,5.77,239.01,16,5,24,0.444,0.046,-5.863,-4.831,CN111018857A,2020,JIAXING YOUBO BIOTECHNOLOGY CO LTD
CCC1c2nncn2-c2cnc(Nc3ccc(C(=O)NCCOCCOCCOCC(=O)NC(C(=O)N4CC(O)CC4C(=O)NCc4ccc(-c5scnc5C)cc4)C(C)(C)C)cc3OC)nc2N1C1CCCC1,CCC1c2nncn2-c2cnc(Nc3ccc([*:1])cc3OC)nc2N1C1CCCC1,O=C(NCCOCCOCCOCC(=O)[*:2])[*:1],Cc1ncsc1-c1ccc(CNC(=O)C2CC(O)CN2C(=O)C(N[*:2])C(C)(C)C)cc1,TEAD,VHL,1037.26,5.04,249.41,17,5,23,0.519,0.054,-5.901,-3.97,CN111018857A,2020,JIAXING YOUBO BIOTECHNOLOGY CO LTD
CCC1c2c(C#N)ncn2-c2cnc(Nc3ccc(C(=O)NCCOCCOCCOCC(=O)NC(C(=O)N4CC(O)CC4C(=O)NCc4ccc(-c5scnc5C)cc4)C(C)(C)C)cc3OC)nc2N1C1CCCC1,CCC1c2c(C#N)ncn2-c2cnc(Nc3ccc([*:1])cc3OC)nc2N1C1CCCC1,O=C(NCCOCCOCCOCC(=O)[*:2])[*:1],Cc1ncsc1-c1ccc(CNC(=O)C2CC(O)CN2C(=O)C(N[*:2])C(C)(C)C)cc1,TEAD,VHL,1061.28,5.52,260.31,17,5,23,0.5,0.05,-5.917,-4.217,CN111018857A,2020,JIAXING YOUBO BIOTECHNOLOGY CO LTD
Cc1ncsc1-c1ccc(CNC(=O)C2CC(O)CN2C(=O)C(NC(=O)COCCOCCOCCNC(=O)c2ccc(Nc3ncc4c(n3)-c3ccc(Cl)cc3C(c3c(F)cccc3F)=NC4)cc2)C(C)(C)C)cc1,Fc1cccc(F)c1C1=NCc2cnc(Nc3ccc([*:1])cc3)nc2-c2ccc(Cl)cc21,O=C(NCCOCCOCCOCC(=O)[*:2])[*:1],Cc1ncsc1-c1ccc(CNC(=O)C2CC(O)CN2C(=O)C(N[*:2])C(C)(C)C)cc1,TEAD,VHL,1078.64,7.19,218.59,14,5,21,0.345,0.045,-5.917,-4.992,CN111018857A,2020,JIAXING YOUBO BIOTECHNOLOGY CO LTD
CS(=O)(=O)Nc1cccc(-c2csc3cnc(Nc4ccc(N5CCN(CCCCCOc6cccc7c6C(=O)N(C6CCC(=O)NC6=O)C7=O)CC5)cc4)nc23)c1,CS(=O)(=O)Nc1cccc(-c2csc3cnc(Nc4ccc([*:1])cc4)nc23)c1,C(CCO[*:2])CCN1CCN([*:1])CC1,O=C1CCC(N2C(=O)c3cccc([*:2])c3C2=O)C(=O)N1,"AAK1, ABL, ABL2, AKT2, AKT3, AURK4, BCKDK, BLK, BMP2K, BMPR1A, CIT, CLK1, COQ8A, CSK, CSNK1A1, DAPK1, FGR2, FYN, GAK, GSK3A, HIPK1, LYN, MAP2K5, MAP3K1, MAP4K1, MAPK11, MAPKAPK2, MARK2, MKNK2, NEK2, PDIK1L, PLK1, RPS6KC1, SRC, STK10, TAOK2, ULK1",CRBN,822.97,5.25,183.24,13,3,14,0.317,0.098,-5.675,-4.279,WO2022093742A1,2022,DANA-FARBER CANCER INSTITUTE (INC.) | KOREA INSTITUTE OF SCIENCE AND TECHNOLOGY
Cc1ccc(NC(=O)c2cccc(C(F)(F)F)c2)cc1N1Cc2cnc(Nc3ccc(N4CCN(CCOc5cccc6c5C(=O)N(C5CCC(=O)NC5=O)C6=O)CC4)nc3)nc2N(C)C1=O,Cc1ccc(NC(=O)c2cccc(C(F)(F)F)c2)cc1N1Cc2cnc(Nc3ccc([*:1])nc3)nc2N(C)C1=O,C(CN1CCN([*:1])CC1)O[*:2],O=C1CCC(N2C(=O)c3cccc([*:2])c3C2=O)C(=O)N1,"AAK1, ABL, ABL2, AKT2, AKT3, AURK4, BCKDK, BLK, BMP2K, BMPR1A, CIT, CLK1, COQ8A, CSK, CSNK1A1, DAPK1, FGR2, FYN, GAK, GSK3A, HIPK1, LYN, MAP2K5, MAP3K1, MAP4K1, MAPK11, MAPKAPK2, MARK2, MKNK2, NEK2, PDIK1L, PLK1, RPS6KC1, SRC, STK10, TAOK2, ULK1",CRBN,917.91,5.37,202.61,13,3,11,0.283,0.143,-5.23,-5.333,WO2022093742A1,2022,DANA-FARBER CANCER INSTITUTE (INC.) | KOREA INSTITUTE OF SCIENCE AND TECHNOLOGY
Cc1ccc(NC(=O)c2cccc(C(F)(F)F)c2)cc1N1Cc2cnc(Nc3ccc(N4CCN(CCCOc5cccc6c5C(=O)N(C5CCC(=O)NC5=O)C6=O)CC4)nc3)nc2N(C)C1=O,Cc1ccc(NC(=O)c2cccc(C(F)(F)F)c2)cc1N1Cc2cnc(Nc3ccc([*:1])nc3)nc2N(C)C1=O,C(CO[*:2])CN1CCN([*:1])CC1,O=C1CCC(N2C(=O)c3cccc([*:2])c3C2=O)C(=O)N1,"AAK1, ABL, ABL2, AKT2, AKT3, AURK4, BCKDK, BLK, BMP2K, BMPR1A, CIT, CLK1, COQ8A, CSK, CSNK1A1, DAPK1, FGR2, FYN, GAK, GSK3A, HIPK1, LYN, MAP2K5, MAP3K1, MAP4K1, MAPK11, MAPKAPK2, MARK2, MKNK2, NEK2, PDIK1L, PLK1, RPS6KC1, SRC, STK10, TAOK2, ULK1",CRBN,931.93,5.76,202.61,13,3,12,0.298,0.101,-5.225,-5.262,WO2022093742A1,2022,DANA-FARBER CANCER INSTITUTE (INC.) | KOREA INSTITUTE OF SCIENCE AND TECHNOLOGY
COC(C)c1c(NC(=O)Nc2cc(C(F)(F)F)cnc2OCCN2CCC(CN3CCN(c4ccc5c(c4)C(=O)N(C4CCC(=O)NC4=O)C5)CC3)CC2)cnc2cc(Cl)nn12,COC(C)c1c(NC(=O)Nc2cc(C(F)(F)F)cnc2[*:1])cnc2cc(Cl)nn12,C(CN1CCC(CN2CCN([*:2])CC2)CC1)O[*:1],O=C1CCC(N2Cc3ccc([*:2])cc3C2=O)C(=O)N1,MALT1,CRBN,882.34,4.82,178.87,12,3,12,0.488,0.166,-5.426,-4.995,WO2023143249A1,2023,SHANGHAI QILU PHARMACEUTICAL RES AND DEVELOPMENT CENTRE LTD
COC(C)c1c(NC(=O)Nc2cc(C(F)(F)F)cnc2OCCN2CCC(CN3CCN(c4ccc5c(c4)CN(C4CCC(=O)NC4=O)C5=O)CC3)CC2)cnc2cc(Cl)nn12,COC(C)c1c(NC(=O)Nc2cc(C(F)(F)F)cnc2[*:1])cnc2cc(Cl)nn12,C(CN1CCC(CN2CCN([*:2])CC2)CC1)O[*:1],O=C1CCC(N2Cc3cc([*:2])ccc3C2=O)C(=O)N1,MALT1,CRBN,882.34,4.82,178.87,12,3,12,0.488,0.166,-5.426,-5.011,WO2023143249A1,2023,SHANGHAI QILU PHARMACEUTICAL RES AND DEVELOPMENT CENTRE LTD
Cc1c(O)cc(O)c(C(=O)N2Cc3ccc(C(=O)N4CCC(CN5CCN(c6cc7c(cc6F)C(=O)N(C6CCC(=O)NC6=O)C7=O)CC5)CC4)cc3C2)c1OCc1ccccc1,Cc1c(O)cc(O)c(C(=O)N2Cc3ccc([*:1])cc3C2)c1OCc1ccccc1,O=C(N1CCC(CN2CCN([*:2])CC2)CC1)[*:1],O=C1CCC(N2C(=O)c3cc(F)c([*:2])cc3C2=O)C(=O)N1,PMS2,CRBN,858.92,4.36,180.34,11,3,9,0.362,0.204,-5.693,-3.971,WO2023094833A1,2023,NEOPHORE LTD
Cc1c(O)cc(O)c(C(=O)N2Cc3ccc(C(=O)N4CCC(CN5CCN(c6ccc7c(c6)CN(C6CCC(=O)NC6=O)C7=O)CC5)CC4)cc3C2)c1OCc1ccccc1,Cc1c(O)cc(O)c(C(=O)N2Cc3ccc([*:1])cc3C2)c1OCc1ccccc1,O=C(N1CCC(CN2CCN([*:2])CC2)CC1)[*:1],O=C1CCC(N2Cc3cc([*:2])ccc3C2=O)C(=O)N1,PMS2,CRBN,826.95,4.58,163.27,10,3,9,0.383,0.204,-5.737,-3.702,WO2023094833A1,2023,NEOPHORE LTD
C#Cc1c(F)ccc2cc(O)cc(-c3nc(OC)c4c(N5CC6CCC(C5)N6CC5CCN(c6ccc7c(c6)C(=O)N(C6CCC(=O)NC6=O)C7=O)CC5)nc(OCC56CCCN5CC(F)C6)nc4c3F)c12,C#Cc1c(F)ccc2cc(O)cc(-c3nc(OC)c4c(N5CC6CCC(C5)N6[*:1])nc(OCC56CCCN5CC(F)C6)nc4c3F)c12,C1CN([*:2])CCC1C[*:1],O=C1CCC(N2C(=O)c3ccc([*:2])cc3C2=O)C(=O)N1,KRAS G12D,CRBN,984.05,5.74,173.87,14,2,10,0.453,0.128,-5.428,-6.358,CN116375742A,2023,HAISCO PHARAMACEUTICAL GROUP INC
C#Cc1c(F)ccc2cc(O)cc(-c3nc(C4CC4)c4c(N5CC6CCC(C5)N6CC5CCN(c6ccc7c(c6)C(=O)N(C6CCC(=O)NC6=O)C7=O)CC5)nc(OCC56CCCN5CC(F)C6)nc4c3F)c12,C#Cc1c(F)ccc2cc(O)cc(-c3nc(C4CC4)c4c(N5CC6CCC(C5)N6[*:1])nc(OCC56CCCN5CC(F)C6)nc4c3F)c12,C1CN([*:2])CCC1C[*:1],O=C1CCC(N2C(=O)c3ccc([*:2])cc3C2=O)C(=O)N1,KRAS G12D,CRBN,994.09,6.61,164.64,13,2,10,0.473,0.114,-5.332,-6.655,CN116375742A,2023,HAISCO PHARAMACEUTICAL GROUP INC
C#Cc1c(F)ccc2cc(O)cc(-c3ccc4c(N5CC6CCC(C5)N6CC5CCN(c6ccc7c(c6)C(=O)N(C6CCC(=O)NC6=O)C7=O)CC5)nc(OCC56CCCN5CC(F)C6)nc4c3F)c12,C#Cc1c(F)ccc2cc(O)cc(-c3ccc4c(N5CC6CCC(C5)N6[*:1])nc(OCC56CCCN5CC(F)C6)nc4c3F)c12,C1CN([*:2])CCC1C[*:1],O=C1CCC(N2C(=O)c3ccc([*:2])cc3C2=O)C(=O)N1,KRAS G12D,CRBN,953.03,6.34,151.75,12,2,9,0.434,0.125,-5.42,-6.099,CN116375742A,2023,HAISCO PHARAMACEUTICAL GROUP INC
C#Cc1c(F)ccc2cc(O)cc(-c3ncc4c(N5CC6CCC(C5)N6CC5CCN(c6ccc7c(c6)C(=O)N(C6CCC(=O)NC6=O)C7=O)CC5)nc(OCC56CCCN5CC(F)C6)nc4c3F)c12,C#Cc1c(F)ccc2cc(O)cc(-c3ncc4c(N5CC6CCC(C5)N6[*:1])nc(OCC56CCCN5CC(F)C6)nc4c3F)c12,C1CN([*:2])CCC1C[*:1],O=C1CCC(N2C(=O)c3ccc([*:2])cc3C2=O)C(=O)N1,KRAS G12D,CRBN,954.02,5.74,164.64,13,2,9,0.442,0.136,-5.393,-5.88,CN116375742A,2023,HAISCO PHARAMACEUTICAL GROUP INC
C#Cc1c(F)ccc2cc(O)cc(-c3ncc4c(N5CC6CCC(C5)N6C5CCN(c6ccc7c(c6)C(=O)N(C6CCC(=O)NC6=O)C7=O)CC5)nc(OCC56CCCN5CC(F)C6)nc4c3F)c12,C#Cc1c(F)ccc2cc(O)cc(-c3ncc4c(N5CC6CCC(C5)N6[*:1])nc(OCC56CCCN5CC(F)C6)nc4c3F)c12,C1CN([*:2])CCC1[*:1],O=C1CCC(N2C(=O)c3ccc([*:2])cc3C2=O)C(=O)N1,KRAS G12D,CRBN,940.0,5.49,164.64,13,2,8,0.431,0.149,-5.597,-5.602,CN116375742A,2023,HAISCO PHARAMACEUTICAL GROUP INC
C#Cc1c(F)ccc2cc(O)cc(-c3ncc4c(N5CC6CCC(C5)N6C5CCN(CC6CCN(c7ccc8c(c7)C(=O)N(C7CCC(=O)NC7=O)C8=O)CC6)CC5)nc(OCC56CCCN5CC(F)C6)nc4c3F)c12,C#Cc1c(F)ccc2cc(O)cc(-c3ncc4c(N5CC6CCC(C5)N6[*:1])nc(OCC56CCCN5CC(F)C6)nc4c3F)c12,C1CN([*:2])CCC1CN1CCC([*:1])CC1,O=C1CCC(N2C(=O)c3ccc([*:2])cc3C2=O)C(=O)N1,KRAS G12D,CRBN,1037.16,6.2,167.88,14,2,10,0.491,0.12,-5.684,-5.878,CN116375742A,2023,HAISCO PHARAMACEUTICAL GROUP INC
C#Cc1c(F)ccc2cc(O)cc(-c3ncc4c(N5CC6CCC(C5)N6CC5CCN(c6ccc7c(c6)CN(C6CCC(=O)NC6=O)C7=O)CC5)nc(OCC56CCCN5CC(F)C6)nc4c3F)c12,C#Cc1c(F)ccc2cc(O)cc(-c3ncc4c(N5CC6CCC(C5)N6[*:1])nc(OCC56CCCN5CC(F)C6)nc4c3F)c12,C1CN([*:2])CCC1C[*:1],O=C1CCC(N2Cc3cc([*:2])ccc3C2=O)C(=O)N1,KRAS G12D,CRBN,940.04,6.1,147.57,12,2,9,0.462,0.13,-5.429,-5.779,CN116375742A,2023,HAISCO PHARAMACEUTICAL GROUP INC
Cc1[nH]c(C=C2C(=O)Nc3ccc(F)cc32)c(C)c1C(=O)NCCCCCCCCNc1cccc2c1C(=O)N(C1CCC(=O)NC1=O)C2=O,Cc1[nH]c(C=C2C(=O)Nc3ccc(F)cc32)c(C)c1[*:1],O=C(NCCCCCCCCN[*:2])[*:1],O=C1CCC(N2C(=O)c3cccc([*:2])c3C2=O)C(=O)N1,PK,CRBN,682.75,4.85,169.57,7,5,13,0.351,0.098,-5.28,-5.42,US11578075B2,2023,DANA-FARBER CANCER INSTITUTE (INC.)
Cc1[nH]c(C=C2C(=O)Nc3ccc(F)cc32)c(C)c1C(=O)NCCCCCNc1ccc2c(c1)C(=O)N(C1CCC(=O)NC1=O)C2=O,Cc1[nH]c(C=C2C(=O)Nc3ccc(F)cc32)c(C)c1[*:1],O=C(NCCCCCN[*:2])[*:1],O=C1CCC(N2C(=O)c3ccc([*:2])cc3C2=O)C(=O)N1,PK,CRBN,640.67,3.68,169.57,7,5,10,0.294,0.128,-5.299,-4.536,US11578075B2,2023,DANA-FARBER CANCER INSTITUTE (INC.)
Cc1[nH]c(C=C2C(=O)Nc3ccc(F)cc32)c(C)c1C(=O)NCCCCCCCCNc1ccc2c(c1)C(=O)N(C1CCC(=O)NC1=O)C2=O,Cc1[nH]c(C=C2C(=O)Nc3ccc(F)cc32)c(C)c1[*:1],O=C(NCCCCCCCCN[*:2])[*:1],O=C1CCC(N2C(=O)c3ccc([*:2])cc3C2=O)C(=O)N1,PK,CRBN,682.75,4.85,169.57,7,5,13,0.351,0.098,-5.236,-5.002,US11578075B2,2023,DANA-FARBER CANCER INSTITUTE (INC.)
Cc1[nH]c(C=C2C(=O)Nc3ccc(F)cc32)c(C)c1C(=O)NCCOCCNc1ccc2c(c1)C(=O)N(C1CCC(=O)NC1=O)C2=O,Cc1[nH]c(C=C2C(=O)Nc3ccc(F)cc32)c(C)c1[*:1],O=C(NCCOCCN[*:2])[*:1],O=C1CCC(N2C(=O)c3ccc([*:2])cc3C2=O)C(=O)N1,PK,CRBN,642.64,2.52,178.8,8,5,10,0.273,0.127,-5.715,-3.839,US11578075B2,2023,DANA-FARBER CANCER INSTITUTE (INC.)
Cc1[nH]c(C=C2C(=O)Nc3ccc(F)cc32)c(C)c1C(=O)NCCOCCOCCNc1ccc2c(c1)C(=O)N(C1CCC(=O)NC1=O)C2=O,Cc1[nH]c(C=C2C(=O)Nc3ccc(F)cc32)c(C)c1[*:1],O=C(NCCOCCOCCN[*:2])[*:1],O=C1CCC(N2C(=O)c3ccc([*:2])cc3C2=O)C(=O)N1,PK,CRBN,686.7,2.54,188.03,9,5,13,0.314,0.102,-5.606,-3.682,US11578075B2,2023,DANA-FARBER CANCER INSTITUTE (INC.)
Cc1[nH]c(C=C2C(=O)Nc3ccc(F)cc32)c(C)c1C(=O)NCCCCNc1ccc2c(c1)C(=O)N(C1CCC(=O)NC1=O)C2=O,Cc1[nH]c(C=C2C(=O)Nc3ccc(F)cc32)c(C)c1[*:1],O=C(NCCCCN[*:2])[*:1],O=C1CCC(N2C(=O)c3ccc([*:2])cc3C2=O)C(=O)N1,PK,CRBN,626.65,3.29,169.57,7,5,9,0.273,0.138,-5.372,-4.349,US11578075B2,2023,DANA-FARBER CANCER INSTITUTE (INC.)
Cc1ncsc1-c1ccc(CNC(=O)C2CC(O)CN2C(=O)C(NC(=O)COCCOCCOCCOCCOc2ccc(Nc3ncc(Br)c(NCCCN(C)C(=O)C4CCC4)n3)cc2)C(C)(C)C)cc1,CN(CCCNc1nc(Nc2ccc([*:1])cc2)ncc1Br)C(=O)C1CCC1,O=C(COCCOCCOCCOCCO[*:1])[*:2],Cc1ncsc1-c1ccc(CNC(=O)C2CC(O)CN2C(=O)C(N[*:2])C(C)(C)C)cc1,TBK1,VHL,1081.14,5.73,227.93,16,5,29,0.549,0.041,-5.765,-3.479,US10946017B2,2021,YALE UNIVERSITY
Cc1ncsc1-c1ccc(CNC(=O)C2CC(O)CN2C(=O)C(NC(=O)COCCCOCCCCCOc2ccc(Nc3ncc(Br)c(NCCCN(C)C(=O)C4CCC4)n3)cc2)C(C)(C)C)cc1,CN(CCCNc1nc(Nc2ccc([*:1])cc2)ncc1Br)C(=O)C1CCC1,O=C(COCCCOCCCCCO[*:1])[*:2],Cc1ncsc1-c1ccc(CNC(=O)C2CC(O)CN2C(=O)C(N[*:2])C(C)(C)C)cc1,TBK1,VHL,1049.15,7.26,209.47,14,5,27,0.549,0.037,-5.832,-4.738,US10946017B2,2021,YALE UNIVERSITY
Cc1ncsc1-c1ccc(CNC(=O)C2CC(O)CN2C(=O)C(NC(=O)COCCOCCOCCOc2ccc(Nc3ncc(Br)c(NCCCN(C)C(=O)C4CCC4)n3)cc2)C(C)(C)C)cc1,CN(CCCNc1nc(Nc2ccc([*:1])cc2)ncc1Br)C(=O)C1CCC1,O=C(COCCOCCOCCO[*:1])[*:2],Cc1ncsc1-c1ccc(CNC(=O)C2CC(O)CN2C(=O)C(N[*:2])C(C)(C)C)cc1,TBK1,VHL,1037.09,5.71,218.7,15,5,26,0.531,0.048,-5.816,-3.873,US10946017B2,2021,YALE UNIVERSITY
Cc1ncsc1-c1ccc(CNC(=O)C2CC(O)CN2C(=O)C(NC(=O)COCCOCCOc2ccc(Nc3ncc(Br)c(NCCCN(C)C(=O)C4CCC4)n3)cc2)C(C)(C)C)cc1,CN(CCCNc1nc(Nc2ccc([*:1])cc2)ncc1Br)C(=O)C1CCC1,O=C(COCCOCCO[*:1])[*:2],Cc1ncsc1-c1ccc(CNC(=O)C2CC(O)CN2C(=O)C(N[*:2])C(C)(C)C)cc1,TBK1,VHL,993.04,5.7,209.47,14,5,23,0.511,0.057,-5.794,-4.226,US10946017B2,2021,YALE UNIVERSITY
Cc1ncsc1-c1ccc(CNC(=O)C2CC(O)CN2C(=O)C(NC(=O)COCCCCOc2ccc(Nc3ncc(Br)c(NCCCN(C)C(=O)C4CCC4)n3)cc2)C(C)(C)C)cc1,CN(CCCNc1nc(Nc2ccc([*:1])cc2)ncc1Br)C(=O)C1CCC1,O=C(COCCCCO[*:1])[*:2],Cc1ncsc1-c1ccc(CNC(=O)C2CC(O)CN2C(=O)C(N[*:2])C(C)(C)C)cc1,TBK1,VHL,977.04,6.46,200.24,13,5,22,0.511,0.054,-5.658,-4.628,US10946017B2,2021,YALE UNIVERSITY
Cc1ncsc1-c1ccc(CNC(=O)C2CC(O)CN2C(=O)C(NC(=O)C2(F)CC2)C(C)(C)C)c(OCCCCN2CCN(c3cnc(N4CCN5c6cc(-c7ccccc7O)nnc6NCC5C4)nc3)CC2)c1,Oc1ccccc1-c1cc2c(nn1)NCC1CN(c3ncc([*:1])cn3)CCN21,C(CCN1CCN([*:1])CC1)CO[*:2],Cc1ncsc1-c1ccc(CNC(=O)C2CC(O)CN2C(=O)C(NC(=O)C2(F)CC2)C(C)(C)C)c([*:2])c1,SMARCA2,VHL,1032.26,4.78,217.64,17,5,16,0.509,0.084,-5.857,-4.226,WO2023278402A1,2023,KYMERA THERAPEUTICS INC
Cc1ncsc1-c1ccc(CNC(=O)C2CC(O)CN2C(=O)C(NC(=O)COCCOCCOCCOCCOc2ccc(NC(=O)c3c(-c4ccccc4)c(-c4ccc(F)cc4)n(CCC(O)CC(O)CC(=O)O)c3C(C)C)cc2)C(C)(C)C)cc1,CC(C)c1c(C(=O)Nc2ccc([*:1])cc2)c(-c2ccccc2)c(-c2ccc(F)cc2)n1CCC(O)CC(O)CC(=O)O,O=C(COCCOCCOCCOCCO[*:1])[*:2],Cc1ncsc1-c1ccc(CNC(=O)C2CC(O)CN2C(=O)C(N[*:2])C(C)(C)C)cc1,HMGCR,VHL,1221.46,8.0,269.57,15,7,33,0.446,0.019,-5.891,-3.277,US11066391B1,2021,UPPTHERA
Cc1ncsc1-c1ccc(CNC(=O)C2CC(O)CN2C(=O)C(NC(=O)COCCOCCOCCOc2ccc(NC(=O)c3c(-c4ccccc4)c(-c4ccc(F)cc4)n(CCC(O)CC(O)CC(=O)O)c3C(C)C)cc2)C(C)(C)C)cc1,CC(C)c1c(C(=O)Nc2ccc([*:1])cc2)c(-c2ccccc2)c(-c2ccc(F)cc2)n1CCC(O)CC(O)CC(=O)O,O=C(COCCOCCOCCO[*:1])[*:2],Cc1ncsc1-c1ccc(CNC(=O)C2CC(O)CN2C(=O)C(N[*:2])C(C)(C)C)cc1,HMGCR,VHL,1177.4,7.98,260.34,14,7,30,0.429,0.021,-5.847,-4.011,US11066391B1,2021,UPPTHERA
CC(C)c1c(C(=O)Nc2ccc(OCCOCCOCCOCCNc3cccc4c3C(=O)N(C3CCC(=O)NC3=O)C4=O)cc2)c(-c2ccccc2)c(-c2ccc(F)cc2)n1CCC(O)CC(O)CC(=O)O,CC(C)c1c(C(=O)Nc2ccc([*:1])cc2)c(-c2ccccc2)c(-c2ccc(F)cc2)n1CCC(O)CC(O)CC(=O)O,C(COCCOCCOCCO[*:1])N[*:2],O=C1CCC(N2C(=O)c3cccc([*:2])c3C2=O)C(=O)N1,HMGCR,CRBN,1006.09,6.26,244.29,13,6,27,0.37,0.025,-5.722,-4.058,US11066391B1,2021,UPPTHERA
CC1=C(O)C(=O)C=C2C1=CC=C1C2(C)CCC2(C)C3CC(C)(C(=O)NCCOCCOCCOCCNc4cccc5c4C(=O)N(C4CCC(=O)NC4=O)C5=O)CCC3(C)CCC12C,CC1=C(O)C(=O)C=C2C1=CC=C1C2(C)CCC2(C)C3CC(C)([*:1])CCC3(C)CCC12C,O=C(NCCOCCOCCOCCN[*:2])[*:1],O=C1CCC(N2C(=O)c3cccc([*:2])c3C2=O)C(=O)N1,PRDX2,CRBN,881.08,6.29,189.67,11,4,15,0.6,0.114,-5.355,-4.837,CN114621310A,2022,UNIV CHINA PHARM
CC1=C(O)C(=O)C=C2C1=CC=C1C2(C)CCC2(C)C3CC(C)(C(=O)NCCOCCOCCNc4cccc5c4C(=O)N(C4CCC(=O)NC4=O)C5=O)CCC3(C)CCC12C,CC1=C(O)C(=O)C=C2C1=CC=C1C2(C)CCC2(C)C3CC(C)([*:1])CCC3(C)CCC12C,O=C(NCCOCCOCCN[*:2])[*:1],O=C1CCC(N2C(=O)c3cccc([*:2])c3C2=O)C(=O)N1,PRDX2,CRBN,837.03,6.28,180.44,10,4,12,0.583,0.138,-5.356,-5.114,CN114621310A,2022,UNIV CHINA PHARM
CC1=C(O)C(=O)C=C2C1=CC=C1C2(C)CCC2(C)C3CC(C)(C(=O)NCCOCCNc4cccc5c4C(=O)N(C4CCC(=O)NC4=O)C5=O)CCC3(C)CCC12C,CC1=C(O)C(=O)C=C2C1=CC=C1C2(C)CCC2(C)C3CC(C)([*:1])CCC3(C)CCC12C,O=C(NCCOCCN[*:2])[*:1],O=C1CCC(N2C(=O)c3cccc([*:2])c3C2=O)C(=O)N1,PRDX2,CRBN,792.97,6.26,171.21,9,4,9,0.565,0.167,-5.488,-5.243,CN114621310A,2022,UNIV CHINA PHARM
CC1=C(O)C(=O)C=C2C1=CC=C1C2(C)CCC2(C)C3CC(C)(C(=O)NCCCCCCCCNc4cccc5c4C(=O)N(C4CCC(=O)NC4=O)C5=O)CCC3(C)CCC12C,CC1=C(O)C(=O)C=C2C1=CC=C1C2(C)CCC2(C)C3CC(C)([*:1])CCC3(C)CCC12C,O=C(NCCCCCCCCN[*:2])[*:1],O=C1CCC(N2C(=O)c3cccc([*:2])c3C2=O)C(=O)N1,PRDX2,CRBN,833.08,8.58,161.98,8,4,12,0.6,0.12,-5.105,-6.345,CN114621310A,2022,UNIV CHINA PHARM
CC1=C(O)C(=O)C=C2C1=CC=C1C2(C)CCC2(C)C3CC(C)(C(=O)NCCCCCNc4cccc5c4C(=O)N(C4CCC(=O)NC4=O)C5=O)CCC3(C)CCC12C,CC1=C(O)C(=O)C=C2C1=CC=C1C2(C)CCC2(C)C3CC(C)([*:1])CCC3(C)CCC12C,O=C(NCCCCCN[*:2])[*:1],O=C1CCC(N2C(=O)c3cccc([*:2])c3C2=O)C(=O)N1,PRDX2,CRBN,791.0,7.41,161.98,8,4,9,0.574,0.149,-5.24,-5.775,CN114621310A,2022,UNIV CHINA PHARM
CC1=C(O)C(=O)C=C2C1=CC=C1C2(C)CCC2(C)C3CC(C)(C(=O)NCCCCNc4cccc5c4C(=O)N(C4CCC(=O)NC4=O)C5=O)CCC3(C)CCC12C,CC1=C(O)C(=O)C=C2C1=CC=C1C2(C)CCC2(C)C3CC(C)([*:1])CCC3(C)CCC12C,O=C(NCCCCN[*:2])[*:1],O=C1CCC(N2C(=O)c3cccc([*:2])c3C2=O)C(=O)N1,PRDX2,CRBN,776.97,7.02,161.98,8,4,8,0.565,0.162,-5.326,-5.541,CN114621310A,2022,UNIV CHINA PHARM
Cc1nc(Nc2ncc(C(=O)Nc3c(C)cccc3Cl)s2)cc(N2CCN(C3CCN(c4ccc5c(c4)C(=O)N(C4CCC(=O)NC4=O)C5=O)CC3)CC2)n1,Cc1nc(Nc2ncc(C(=O)Nc3c(C)cccc3Cl)s2)cc([*:1])n1,C1CN([*:2])CCC1N1CCN([*:1])CC1,O=C1CCC(N2C(=O)c3ccc([*:2])cc3C2=O)C(=O)N1,BCR-ABL,CRBN,783.31,4.39,173.07,13,3,8,0.368,0.216,-5.317,-4.911,CN113292536A,2021,HAISCO PHARAMACEUTICAL GROUP INC
Cc1nc(Nc2ncc(C(=O)Nc3c(C)cccc3Cl)s2)cc(N2CCN(C3CN(c4ccc5c(c4)C(=O)N(C4CCC(=O)NC4=O)C5=O)C3)CC2)n1,Cc1nc(Nc2ncc(C(=O)Nc3c(C)cccc3Cl)s2)cc([*:1])n1,C1CN([*:1])CCN1C1CN([*:2])C1,O=C1CCC(N2C(=O)c3ccc([*:2])cc3C2=O)C(=O)N1,BCR-ABL,CRBN,755.26,3.61,173.07,13,3,8,0.333,0.224,-5.403,-4.277,CN113292536A,2021,HAISCO PHARAMACEUTICAL GROUP INC
Cc1ccc(NC(=O)c2ccc(CN3CCN(c4ccc5c(c4)C(=O)N(C4CCC(=O)NC4=O)C5=O)CC3)cc2)cc1Nc1nccc(-c2cccnc2)n1,Cc1ccc(NC(=O)c2ccc([*:1])cc2)cc1Nc1nccc(-c2cccnc2)n1,C1CN([*:2])CCN1C[*:1],O=C1CCC(N2C(=O)c3ccc([*:2])cc3C2=O)C(=O)N1,BCR-ABL,CRBN,735.81,4.57,169.83,11,3,9,0.22,0.181,-5.378,-3.792,CN113292536A,2021,HAISCO PHARAMACEUTICAL GROUP INC
O=C1CCC(N2C(=O)c3ccc(N4CC(N5CCC(N6CCC7(CCN(c8ncc(C(=O)Nc9ccc(OC(F)(F)Cl)cc9)cc8-c8cc[nH]n8)CC7)CC6)CC5)C4)cc3C2=O)C(=O)N1,O=C(Nc1ccc(OC(F)(F)Cl)cc1)c1cnc(N2CCC3(CC2)CCN([*:1])CC3)c(-c2cc[nH]n2)c1,C1CN(C2CN([*:2])C2)CCC1[*:1],O=C1CCC(N2C(=O)c3ccc([*:2])cc3C2=O)C(=O)N1,BCR-ABL,CRBN,911.41,5.33,176.41,12,3,10,0.457,0.138,-5.759,-4.963,CN113292536A,2021,HAISCO PHARAMACEUTICAL GROUP INC
O=C1CCC(N2C(=O)c3ccc(N4CCC(N5CCC6(CCN(c7ncc(C(=O)Nc8ccc(OC(F)(F)Cl)cc8)cc7-c7cc[nH]n7)CC6)CC5)CC4)cc3C2=O)C(=O)N1,O=C(Nc1ccc(OC(F)(F)Cl)cc1)c1cnc(N2CCC3(CC2)CCN([*:1])CC3)c(-c2cc[nH]n2)c1,C1CN([*:2])CCC1[*:1],O=C1CCC(N2C(=O)c3ccc([*:2])cc3C2=O)C(=O)N1,BCR-ABL,CRBN,856.33,5.64,173.17,11,3,9,0.419,0.14,-5.636,-6.01,CN113292536A,2021,HAISCO PHARAMACEUTICAL GROUP INC
O=C1CCC(N2C(=O)c3ccc(N4CCC(N5CC6CN(c7ncc(C(=O)Nc8ccc(OC(F)(F)Cl)cc8)cc7-c7cc[nH]n7)CC6C5)CC4)cc3C2=O)C(=O)N1,O=C(Nc1ccc(OC(F)(F)Cl)cc1)c1cnc(N2CC3CN([*:1])CC3C2)c(-c2cc[nH]n2)c1,C1CN([*:2])CCC1[*:1],O=C1CCC(N2C(=O)c3ccc([*:2])cc3C2=O)C(=O)N1,BCR-ABL,CRBN,814.25,4.33,173.17,11,3,9,0.375,0.162,-5.755,-5.777,CN113292536A,2021,HAISCO PHARAMACEUTICAL GROUP INC
O=C1CCC(N2C(=O)c3ccc(N4CC(N5CCC(N6CC7CN(c8ncc(C(=O)Nc9ccc(OC(F)(F)Cl)cc9)cc8-c8cc[nH]n8)CC7C6)CC5)C4)cc3C2=O)C(=O)N1,O=C(Nc1ccc(OC(F)(F)Cl)cc1)c1cnc(N2CC3CN([*:1])CC3C2)c(-c2cc[nH]n2)c1,C1CN(C2CN([*:2])C2)CCC1[*:1],O=C1CCC(N2C(=O)c3ccc([*:2])cc3C2=O)C(=O)N1,BCR-ABL,CRBN,869.33,4.01,176.41,12,3,10,0.419,0.155,-5.84,-5.037,CN113292536A,2021,HAISCO PHARAMACEUTICAL GROUP INC
O=C1CCC(N2C(=O)c3ccc(N4CC(N5CCC(N6CC7(CCN(c8ncc(C(=O)Nc9ccc(OC(F)(F)Cl)cc9)cc8-c8cc[nH]n8)CC7)C6)CC5)C4)cc3C2=O)C(=O)N1,O=C(Nc1ccc(OC(F)(F)Cl)cc1)c1cnc(N2CCC3(CC2)CN([*:1])C3)c(-c2cc[nH]n2)c1,C1CN(C2CN([*:2])C2)CCC1[*:1],O=C1CCC(N2C(=O)c3ccc([*:2])cc3C2=O)C(=O)N1,BCR-ABL,CRBN,883.36,4.55,176.41,12,3,10,0.432,0.15,-5.788,-4.698,CN113292536A,2021,HAISCO PHARAMACEUTICAL GROUP INC
O=C1CCC(N2C(=O)c3ccc(N4CC(N5CCC(N6CC7(CN(c8ncc(C(=O)Nc9ccc(OC(F)(F)Cl)cc9)cc8-c8cc[nH]n8)C7)C6)CC5)C4)cc3C2=O)C(=O)N1,O=C(Nc1ccc(OC(F)(F)Cl)cc1)c1cnc(N2CC3(C2)CN([*:1])C3)c(-c2cc[nH]n2)c1,C1CN(C2CN([*:2])C2)CCC1[*:1],O=C1CCC(N2C(=O)c3ccc([*:2])cc3C2=O)C(=O)N1,BCR-ABL,CRBN,855.3,3.77,176.41,12,3,10,0.405,0.156,-5.857,-3.979,CN113292536A,2021,HAISCO PHARAMACEUTICAL GROUP INC
O=C1CCC(N2C(=O)c3ccc(N4CCC(N5CCN(c6ncc(C(=O)Nc7ccc(OC(F)(F)Cl)cc7)cc6-c6cc[nH]n6)CC5)CC4)cc3C2=O)C(=O)N1,O=C(Nc1ccc(OC(F)(F)Cl)cc1)c1cnc([*:1])c(-c2cc[nH]n2)c1,C1CN([*:2])CCC1N1CCN([*:1])CC1,O=C1CCC(N2C(=O)c3ccc([*:2])cc3C2=O)C(=O)N1,BCR-ABL,CRBN,788.21,4.08,173.17,11,3,9,0.342,0.165,-5.653,-5.433,CN113292536A,2021,HAISCO PHARAMACEUTICAL GROUP INC
O=C1CCC(N2C(=O)c3ccc(N4CC(N5CCN(c6ncc(C(=O)Nc7ccc(OC(F)(F)Cl)cc7)cc6-c6cc[nH]n6)CC5)C4)cc3C2=O)C(=O)N1,O=C(Nc1ccc(OC(F)(F)Cl)cc1)c1cnc([*:1])c(-c2cc[nH]n2)c1,C1CN([*:1])CCN1C1CN([*:2])C1,O=C1CCC(N2C(=O)c3ccc([*:2])cc3C2=O)C(=O)N1,BCR-ABL,CRBN,760.16,3.3,173.17,11,3,9,0.306,0.169,-5.678,-4.901,CN113292536A,2021,HAISCO PHARAMACEUTICAL GROUP INC
O=C1CCC(N2C(=O)c3cccc(NCCCCCCCCNC(=O)c4ccc(-c5cc(N6CCC(C(=O)N7N=CCC7c7ccccc7)CC6)ncn5)cc4)c3C2=O)C(=O)N1,O=C(C1CCN(c2cc(-c3ccc([*:1])cc3)ncn2)CC1)N1N=CCC1c1ccccc1,O=C(NCCCCCCCCN[*:2])[*:1],O=C1CCC(N2C(=O)c3cccc([*:2])c3C2=O)C(=O)N1,RIPK1,CRBN,837.98,5.9,186.37,11,3,16,0.383,0.091,-5.177,-5.846,WO2022120118A1,2022,BAYLOR COLLEGE OF MEDICINE
O=C1CCC(N2C(=O)c3cccc(NCCOCCOCCOCCNC(=O)c4ccc(-c5cc(N6CCC(C(=O)N7N=CCC7c7ccccc7)CC6)ncn5)cc4)c3C2=O)C(=O)N1,O=C(C1CCN(c2cc(-c3ccc([*:1])cc3)ncn2)CC1)N1N=CCC1c1ccccc1,O=C(NCCOCCOCCOCCN[*:2])[*:1],O=C1CCC(N2C(=O)c3cccc([*:2])c3C2=O)C(=O)N1,RIPK1,CRBN,885.98,3.61,214.06,14,3,19,0.383,0.091,-5.171,-4.068,WO2022120118A1,2022,BAYLOR COLLEGE OF MEDICINE
N#Cc1cccc(-c2ccc(=O)n(Cc3cccc(-c4ncc(N5CCC(CN6CCN(c7ccc8c(c7)C(=O)N(C7CCC(=O)NC7=O)C8=O)CC6)CC5)cn4)c3)n2)c1,N#Cc1cccc(-c2ccc(=O)n(Cc3cccc(-c4ncc([*:1])cn4)c3)n2)c1,C1CN([*:1])CCC1CN1CCN([*:2])CC1,O=C1CCC(N2C(=O)c3ccc([*:2])cc3C2=O)C(=O)N1,DDR1,CRBN,802.9,3.73,177.73,12,1,9,0.311,0.214,-5.5,-4.728,CN116283918A,2023,TAIBIDI PHARM TECHNOLOGY SHIJIAZHUANG CO
COc1cc2c(Oc3ccc(NC(=O)C4(C(=O)Nc5ccc(F)cc5)CC4)cc3)ccnc2cc1N1CCC(CCN2CCN(c3cccc4c3C(=O)N(C3CCC(=O)NC3=O)C4=O)CC2)CC1,COc1cc2c(Oc3ccc(NC(=O)C4(C(=O)Nc5ccc(F)cc5)CC4)cc3)ccnc2cc1[*:1],C(CN1CCN([*:2])CC1)C1CCN([*:1])CC1,O=C1CCC(N2C(=O)c3cccc([*:2])c3C2=O)C(=O)N1,DDR1,CRBN,923.01,6.36,182.82,12,3,13,0.353,0.088,-5.431,-5.671,CN116283918A,2023,TAIBIDI PHARM TECHNOLOGY SHIJIAZHUANG CO
COc1cc2c(Oc3ccc(NC(=O)C4(C(=O)Nc5ccc(F)cc5)CC4)cc3)ccnc2cc1N1CCC(CCN2CCN(c3cc4c(cc3F)C(=O)N(C3CCC(=O)NC3=O)C4=O)CC2)CC1,COc1cc2c(Oc3ccc(NC(=O)C4(C(=O)Nc5ccc(F)cc5)CC4)cc3)ccnc2cc1[*:1],C(CN1CCN([*:2])CC1)C1CCN([*:1])CC1,O=C1CCC(N2C(=O)c3cc(F)c([*:2])cc3C2=O)C(=O)N1,DDR1,CRBN,941.0,6.5,182.82,12,3,13,0.353,0.086,-5.449,-5.508,CN116283918A,2023,TAIBIDI PHARM TECHNOLOGY SHIJIAZHUANG CO
COc1cc2c(Oc3ccc(NC(=O)C4(C(=O)Nc5ccc(F)cc5)CC4)cc3)ccnc2cc1N1CCC(CCN2CCN(c3ccc4c(c3)CN(C3CCC(=O)NC3=O)C4=O)CC2)CC1,COc1cc2c(Oc3ccc(NC(=O)C4(C(=O)Nc5ccc(F)cc5)CC4)cc3)ccnc2cc1[*:1],C(CN1CCN([*:2])CC1)C1CCN([*:1])CC1,O=C1CCC(N2Cc3cc([*:2])ccc3C2=O)C(=O)N1,DDR1,CRBN,909.03,6.72,165.75,11,3,13,0.373,0.085,-5.417,-4.702,CN116283918A,2023,TAIBIDI PHARM TECHNOLOGY SHIJIAZHUANG CO
COc1cc2c(Oc3ccc(NC(=O)C4(C(=O)Nc5ccc(F)cc5)CC4)cc3)ccnc2cc1N1CCC(CN2CCN(c3ccc4c(c3)CN(C3CCC(=O)NC3=O)C4=O)CC2)CC1,COc1cc2c(Oc3ccc(NC(=O)C4(C(=O)Nc5ccc(F)cc5)CC4)cc3)ccnc2cc1[*:1],C1CN([*:1])CCC1CN1CCN([*:2])CC1,O=C1CCC(N2Cc3cc([*:2])ccc3C2=O)C(=O)N1,DDR1,CRBN,895.0,6.33,165.75,11,3,12,0.36,0.095,-5.445,-4.848,CN116283918A,2023,TAIBIDI PHARM TECHNOLOGY SHIJIAZHUANG CO
COc1cc2c(Oc3ccc(NC(=O)C4(C(=O)Nc5ccc(F)cc5)CC4)cc3)ccnc2cc1Nc1ccc(CCN2CCN(c3ccc4c(c3)C(=O)N(C3CCC(=O)NC3=O)C4=O)CC2)nn1,COc1cc2c(Oc3ccc(NC(=O)C4(C(=O)Nc5ccc(F)cc5)CC4)cc3)ccnc2cc1Nc1ccc([*:1])nn1,C1CN([*:2])CCN1CC[*:1],O=C1CCC(N2C(=O)c3ccc([*:2])cc3C2=O)C(=O)N1,DDR1,CRBN,932.97,5.83,217.39,14,4,14,0.26,0.075,-5.45,-4.481,CN116283918A,2023,TAIBIDI PHARM TECHNOLOGY SHIJIAZHUANG CO
COc1cc2c(Oc3ccc(NC(=O)C4(C(=O)Nc5ccc(F)cc5)CC4)cc3)ccnc2cc1Nc1ccc(CN2CCN(c3ccc4c(c3)C(=O)N(C3CCC(=O)NC3=O)C4=O)CC2)nn1,COc1cc2c(Oc3ccc(NC(=O)C4(C(=O)Nc5ccc(F)cc5)CC4)cc3)ccnc2cc1Nc1ccc([*:1])nn1,C1CN([*:2])CCN1C[*:1],O=C1CCC(N2C(=O)c3ccc([*:2])cc3C2=O)C(=O)N1,DDR1,CRBN,918.94,5.79,217.39,14,4,13,0.245,0.08,-5.441,-4.769,CN116283918A,2023,TAIBIDI PHARM TECHNOLOGY SHIJIAZHUANG CO
COc1cc2c(Oc3ccc(NC(=O)C4(C(=O)Nc5ccc(F)cc5)CC4)cc3)ccnc2cc1C(=O)N1CCC(CN2CCN(c3ccc4c(c3)C(=O)N(C3CCC(=O)NC3=O)C4=O)CC2)CC1,COc1cc2c(Oc3ccc(NC(=O)C4(C(=O)Nc5ccc(F)cc5)CC4)cc3)ccnc2cc1[*:1],O=C(N1CCC(CN2CCN([*:2])CC2)CC1)[*:1],O=C1CCC(N2C(=O)c3ccc([*:2])cc3C2=O)C(=O)N1,DDR1,CRBN,937.0,5.61,199.89,12,3,12,0.333,0.103,-5.507,-4.496,CN116283918A,2023,TAIBIDI PHARM TECHNOLOGY SHIJIAZHUANG CO
COc1cc2c(Oc3ccc(NC(=O)C4(C(=O)Nc5ccc(F)cc5)CC4)cc3)ccnc2cc1NC(=O)c1cnc(CN2CCN(c3ccc4c(c3)C(=O)N(C3CCC(=O)NC3=O)C4=O)CC2)nn1,COc1cc2c(Oc3ccc(NC(=O)C4(C(=O)Nc5ccc(F)cc5)CC4)cc3)ccnc2cc1NC(=O)c1cnc([*:1])nn1,C1CN([*:2])CCN1C[*:1],O=C1CCC(N2C(=O)c3ccc([*:2])cc3C2=O)C(=O)N1,DDR1,CRBN,947.94,4.69,247.35,15,4,13,0.245,0.091,-5.379,-4.94,CN116283918A,2023,TAIBIDI PHARM TECHNOLOGY SHIJIAZHUANG CO
COc1cc2c(Oc3ccc(NC(=O)C4(C(=O)Nc5ccc(F)cc5)CC4)cc3)ccnc2cc1NC(=O)c1cnc(CCN2CCN(c3ccc4c(c3)C(=O)N(C3CCC(=O)NC3=O)C4=O)CC2)nn1,COc1cc2c(Oc3ccc(NC(=O)C4(C(=O)Nc5ccc(F)cc5)CC4)cc3)ccnc2cc1NC(=O)c1cnc([*:1])nn1,C1CN([*:2])CCN1CC[*:1],O=C1CCC(N2C(=O)c3ccc([*:2])cc3C2=O)C(=O)N1,DDR1,CRBN,961.97,4.74,247.35,15,4,14,0.26,0.085,-5.375,-4.565,CN116283918A,2023,TAIBIDI PHARM TECHNOLOGY SHIJIAZHUANG CO
COc1cc2c(Oc3ccc(NC(=O)C4(C(=O)Nc5ccc(F)cc5)CC4)cc3)ccnc2cc1N1CCN(C(=O)c2cnc(CN3CCN(c4ccc5c(c4)C(=O)N(C4CCC(=O)NC4=O)C5=O)CC3)nn2)CC1,COc1cc2c(Oc3ccc(NC(=O)C4(C(=O)Nc5ccc(F)cc5)CC4)cc3)ccnc2cc1N1CCN(C(=O)c2cnc([*:1])nn2)CC1,C1CN([*:2])CCN1C[*:1],O=C1CCC(N2C(=O)c3ccc([*:2])cc3C2=O)C(=O)N1,DDR1,CRBN,1017.05,4.4,241.8,16,3,13,0.302,0.107,-5.309,-4.761,CN116283918A,2023,TAIBIDI PHARM TECHNOLOGY SHIJIAZHUANG CO
COc1cc2c(Oc3ccc(NC(=O)C4(C(=O)Nc5ccc(F)cc5)CC4)cc3)ccnc2cc1N1CCN(C(=O)c2cnc(CCN3CCN(c4ccc5c(c4)C(=O)N(C4CCC(=O)NC4=O)C5=O)CC3)nn2)CC1,COc1cc2c(Oc3ccc(NC(=O)C4(C(=O)Nc5ccc(F)cc5)CC4)cc3)ccnc2cc1N1CCN(C(=O)c2cnc([*:1])nn2)CC1,C1CN([*:2])CCN1CC[*:1],O=C1CCC(N2C(=O)c3ccc([*:2])cc3C2=O)C(=O)N1,DDR1,CRBN,1031.07,4.45,241.8,16,3,14,0.315,0.101,-5.359,-4.427,CN116283918A,2023,TAIBIDI PHARM TECHNOLOGY SHIJIAZHUANG CO
COc1cc2c(Oc3ccc(NC(=O)C4(C(=O)Nc5ccc(F)cc5)CC4)cc3)ccnc2cc1Nc1ccc(N2CCC(CN3CCN(c4ccc5c(c4)C(=O)N(C4CCC(=O)NC4=O)C5=O)CC3)CC2)nn1,COc1cc2c(Oc3ccc(NC(=O)C4(C(=O)Nc5ccc(F)cc5)CC4)cc3)ccnc2cc1Nc1ccc([*:1])nn1,C1CN([*:1])CCC1CN1CCN([*:2])CC1,O=C1CCC(N2C(=O)c3ccc([*:2])cc3C2=O)C(=O)N1,DDR1,CRBN,1002.08,6.51,220.63,15,4,14,0.315,0.068,-5.461,-5.519,CN116283918A,2023,TAIBIDI PHARM TECHNOLOGY SHIJIAZHUANG CO
COc1cc2c(Oc3ccc(NC(=O)C4(C(=O)Nc5ccc(F)cc5)CC4)cc3)ccnc2cc1N1CCN(C(=O)c2cnc(N3CCC(CN4CCN(c5ccc6c(c5)C(=O)N(C5CCC(=O)NC5=O)C6=O)CC4)CC3)nn2)CC1,COc1cc2c(Oc3ccc(NC(=O)C4(C(=O)Nc5ccc(F)cc5)CC4)cc3)ccnc2cc1N1CCN(C(=O)c2cnc([*:1])nn2)CC1,C1CN([*:1])CCC1CN1CCN([*:2])CC1,O=C1CCC(N2C(=O)c3ccc([*:2])cc3C2=O)C(=O)N1,DDR1,CRBN,1100.18,5.12,245.04,17,3,14,0.362,0.095,-5.462,-5.286,CN116283918A,2023,TAIBIDI PHARM TECHNOLOGY SHIJIAZHUANG CO
COc1cc2c(Oc3ccc(NC(=O)C4(C(=O)Nc5ccc(F)cc5)CC4)cc3)ccnc2cc1NC(=O)c1cnc(N2CCC(CN3CCN(c4ccc5c(c4)C(=O)N(C4CCC(=O)NC4=O)C5=O)CC3)CC2)nn1,COc1cc2c(Oc3ccc(NC(=O)C4(C(=O)Nc5ccc(F)cc5)CC4)cc3)ccnc2cc1NC(=O)c1cnc([*:1])nn1,C1CN([*:1])CCC1CN1CCN([*:2])CC1,O=C1CCC(N2C(=O)c3ccc([*:2])cc3C2=O)C(=O)N1,DDR1,CRBN,1031.07,5.41,250.59,16,4,14,0.315,0.079,-5.445,-5.483,CN116283918A,2023,TAIBIDI PHARM TECHNOLOGY SHIJIAZHUANG CO
COc1cc2c(Oc3ccc(NC(=O)C4(C(=O)Nc5ccc(F)cc5)CC4)cc3)ccnc2cc1N1CCC(CN2CCN(c3ccc4c(c3)C(=O)N(C3CCC(=O)NC3=O)C4=O)CC2)CC1,COc1cc2c(Oc3ccc(NC(=O)C4(C(=O)Nc5ccc(F)cc5)CC4)cc3)ccnc2cc1[*:1],C1CN([*:1])CCC1CN1CCN([*:2])CC1,O=C1CCC(N2C(=O)c3ccc([*:2])cc3C2=O)C(=O)N1,DDR1,CRBN,908.99,5.97,182.82,12,3,12,0.34,0.099,-5.446,-5.344,CN116283918A,2023,TAIBIDI PHARM TECHNOLOGY SHIJIAZHUANG CO
COc1cc2c(Oc3ccc(NC(=O)C4(C(=O)Nc5ccc(F)cc5)CC4)cc3)ccnc2cc1N1CCN(CCC2CCN(c3ccc4c(c3)C(=O)N(C3CCC(=O)NC3=O)C4=O)CC2)CC1,COc1cc2c(Oc3ccc(NC(=O)C4(C(=O)Nc5ccc(F)cc5)CC4)cc3)ccnc2cc1[*:1],C(CN1CCN([*:1])CC1)C1CCN([*:2])CC1,O=C1CCC(N2C(=O)c3ccc([*:2])cc3C2=O)C(=O)N1,DDR1,CRBN,923.01,6.36,182.82,12,3,13,0.353,0.088,-5.429,-5.199,CN116283918A,2023,TAIBIDI PHARM TECHNOLOGY SHIJIAZHUANG CO
COc1cc2c(Oc3ccc(NC(=O)C4(C(=O)Nc5ccc(F)cc5)CC4)cc3)ccnc2cc1N1CCC(CCN2CCN(c3ccc4c(c3)C(=O)N(C3CCC(=O)NC3=O)C4=O)CC2)CC1,COc1cc2c(Oc3ccc(NC(=O)C4(C(=O)Nc5ccc(F)cc5)CC4)cc3)ccnc2cc1[*:1],C(CN1CCN([*:2])CC1)C1CCN([*:1])CC1,O=C1CCC(N2C(=O)c3ccc([*:2])cc3C2=O)C(=O)N1,DDR1,CRBN,923.01,6.36,182.82,12,3,13,0.353,0.088,-5.429,-5.164,CN116283918A,2023,TAIBIDI PHARM TECHNOLOGY SHIJIAZHUANG CO
COc1cc2c(Oc3ccc(NC(=O)C4(C(=O)Nc5ccc(F)cc5)CC4)cc3)ccnc2cc1N1CCC(CN2CCN(c3cc(-c4scnc4C)ccc3CNC(=O)C3CC(O)CN3C(=O)C(NC(=O)C3(F)CC3)C(C)(C)C)CC2)CC1,COc1cc2c(Oc3ccc(NC(=O)C4(C(=O)Nc5ccc(F)cc5)CC4)cc3)ccnc2cc1[*:1],C1CN([*:1])CCC1CN1CCN([*:2])CC1,Cc1ncsc1-c1ccc(CNC(=O)C2CC(O)CN2C(=O)C(NC(=O)C2(F)CC2)C(C)(C)C)c([*:2])c1,DDR1,VHL,1167.39,8.61,210.9,14,5,18,0.444,0.051,-5.841,-5.279,CN116283918A,2023,TAIBIDI PHARM TECHNOLOGY SHIJIAZHUANG CO
COc1cc2c(Oc3ccc(NC(=O)C4(C(=O)Nc5ccc(F)cc5)CC4)cc3)ccnc2cc1-c1ccc(N2CCN(C(=O)CCCCCC(=O)NC(C(=O)N3CC(O)CC3C(=O)NCc3ccc(-c4scnc4C)cc3)C(C)(C)C)CC2)cc1,COc1cc2c(Oc3ccc(NC(=O)C4(C(=O)Nc5ccc(F)cc5)CC4)cc3)ccnc2cc1-c1ccc([*:1])cc1,O=C(CCCCCC(=O)[*:2])N1CCN([*:1])CC1,Cc1ncsc1-c1ccc(CNC(=O)C2CC(O)CN2C(=O)C(N[*:2])C(C)(C)C)cc1,DDR1,VHL,1186.42,10.04,224.73,13,5,21,0.364,0.033,-5.842,-5.322,CN116283918A,2023,TAIBIDI PHARM TECHNOLOGY SHIJIAZHUANG CO
COc1cc2c(Oc3ccc(NC(=O)C4(C(=O)Nc5ccc(F)cc5)CC4)cc3)ccnc2cc1N1CCN(C(=O)CCCCCC(=O)NC(C(=O)N2CC(O)CC2C(=O)NCc2ccc(-c3scnc3C)cc2)C(C)(C)C)CC1,COc1cc2c(Oc3ccc(NC(=O)C4(C(=O)Nc5ccc(F)cc5)CC4)cc3)ccnc2cc1[*:1],O=C(CCCCCC(=O)[*:2])N1CCN([*:1])CC1,Cc1ncsc1-c1ccc(CNC(=O)C2CC(O)CN2C(=O)C(N[*:2])C(C)(C)C)cc1,DDR1,VHL,1110.32,8.37,224.73,13,5,20,0.4,0.036,-5.844,-4.894,CN116283918A,2023,TAIBIDI PHARM TECHNOLOGY SHIJIAZHUANG CO
COc1cc2c(Oc3ccc(NC(=O)C4(C(=O)Nc5ccc(F)cc5)CC4)cc3)ccnc2cc1N1CCN(C(=O)CCC(=O)NC(C(=O)N2CC(O)CC2C(=O)NCc2ccc(-c3scnc3C)cc2)C(C)(C)C)CC1,COc1cc2c(Oc3ccc(NC(=O)C4(C(=O)Nc5ccc(F)cc5)CC4)cc3)ccnc2cc1[*:1],O=C(CCC(=O)[*:2])N1CCN([*:1])CC1,Cc1ncsc1-c1ccc(CNC(=O)C2CC(O)CN2C(=O)C(N[*:2])C(C)(C)C)cc1,DDR1,VHL,1068.24,7.2,224.73,13,5,17,0.368,0.057,-5.774,-4.649,CN116283918A,2023,TAIBIDI PHARM TECHNOLOGY SHIJIAZHUANG CO
COc1cc2c(Oc3ccc(NC(=O)C4(C(=O)Nc5ccc(F)cc5)CC4)cc3)ccnc2cc1N1CCC(CN2CCC(NC(C(=O)N3CC(O)CC3C(=O)NCc3ccc(-c4scnc4C)cc3)C(C)(C)C)CC2)CC1,COc1cc2c(Oc3ccc(NC(=O)C4(C(=O)Nc5ccc(F)cc5)CC4)cc3)ccnc2cc1[*:1],C1CN([*:1])CCC1CN1CCC([*:2])CC1,Cc1ncsc1-c1ccc(CNC(=O)C2CC(O)CN2C(=O)C(N[*:2])C(C)(C)C)cc1,DDR1,VHL,1080.34,8.93,190.59,13,5,17,0.433,0.055,-5.865,-5.407,CN116283918A,2023,TAIBIDI PHARM TECHNOLOGY SHIJIAZHUANG CO
COc1cc(C(=O)NCCOCCOCCOCCNc2cccc3c2C(=O)N(C2CCC(=O)NC2=O)C3=O)c(N2CCN(C)CC2)cc1Nc1ncc2c(n1)N(C1CCCC1)CC(F)(F)C(=O)N2C,COc1cc([*:1])c(N2CCN(C)CC2)cc1Nc1ncc2c(n1)N(C1CCCC1)CC(F)(F)C(=O)N2C,O=C(NCCOCCOCCOCCN[*:2])[*:1],O=C1CCC(N2C(=O)c3cccc([*:2])c3C2=O)C(=O)N1,PLK1,CRBN,976.05,2.63,229.44,17,4,20,0.532,0.094,-5.466,-3.609,WO2023017446A1,2023,UPPTHERA
COc1cc(C(=O)NCCOCCOCCNc2cccc3c2C(=O)N(C2CCC(=O)NC2=O)C3=O)c(N2CCN(C)CC2)cc1Nc1ncc2c(n1)N(C1CCCC1)CC(F)(F)C(=O)N2C,COc1cc([*:1])c(N2CCN(C)CC2)cc1Nc1ncc2c(n1)N(C1CCCC1)CC(F)(F)C(=O)N2C,O=C(NCCOCCOCCN[*:2])[*:1],O=C1CCC(N2C(=O)c3cccc([*:2])c3C2=O)C(=O)N1,PLK1,CRBN,932.0,2.62,220.21,16,4,17,0.511,0.113,-5.555,-4.124,WO2023017446A1,2023,UPPTHERA
COc1cc(C(=O)NCCOCCNc2cccc3c2C(=O)N(C2CCC(=O)NC2=O)C3=O)c(N2CCN(C)CC2)cc1Nc1ncc2c(n1)N(C1CCCC1)CC(F)(F)C(=O)N2C,COc1cc([*:1])c(N2CCN(C)CC2)cc1Nc1ncc2c(n1)N(C1CCCC1)CC(F)(F)C(=O)N2C,O=C(NCCOCCN[*:2])[*:1],O=C1CCC(N2C(=O)c3cccc([*:2])c3C2=O)C(=O)N1,PLK1,CRBN,887.95,2.6,210.98,15,4,14,0.488,0.136,-5.476,-4.535,WO2023017446A1,2023,UPPTHERA
COc1cc(C(=O)Nc2ccc(OCCN3CCN(c4cccc5c4C(=O)N(C4CCC(=O)NC4=O)C5=O)CC3)cc2)c(F)cc1Nc1ncc2c(n1)N(C1CCCC1)CC(F)(F)C(=O)N2C,COc1cc(C(=O)Nc2ccc([*:1])cc2)c(F)cc1Nc1ncc2c(n1)N(C1CCCC1)CC(F)(F)C(=O)N2C,C(CN1CCN([*:2])CC1)O[*:1],O=C1CCC(N2C(=O)c3cccc([*:2])c3C2=O)C(=O)N1,PLK1,CRBN,924.94,4.58,198.95,14,3,12,0.391,0.167,-5.277,-6.092,WO2023017446A1,2023,UPPTHERA
COc1cc(C(=O)Nc2ccc(CC3CCN(c4cccc5c4C(=O)N(C4CCC(=O)NC4=O)C5=O)CC3)cc2)c(F)cc1Nc1ncc2c(n1)N(C1CCCC1)CC(F)(F)C(=O)N2C,COc1cc(C(=O)Nc2ccc([*:1])cc2)c(F)cc1Nc1ncc2c(n1)N(C1CCCC1)CC(F)(F)C(=O)N2C,C1CN([*:2])CCC1C[*:1],O=C1CCC(N2C(=O)c3cccc([*:2])c3C2=O)C(=O)N1,PLK1,CRBN,893.92,5.84,186.48,12,3,10,0.391,0.162,-5.251,-7.041,WO2023017446A1,2023,UPPTHERA
COc1cc(N2CCC(CCN3CCN(c4ccc5c(c4)C(=O)N(C4CCC(=O)NC4=O)C5=O)CC3)CC2)c(F)cc1Nc1ncc2c(n1)N(C1CCCC1)CC(F)(F)C(=O)N2C,COc1cc([*:1])c(F)cc1Nc1ncc2c(n1)N(C1CCCC1)CC(F)(F)C(=O)N2C,C(CN1CCN([*:2])CC1)C1CCN([*:1])CC1,O=C1CCC(N2C(=O)c3ccc([*:2])cc3C2=O)C(=O)N1,PLK1,CRBN,872.95,4.56,163.86,13,2,10,0.523,0.273,-5.294,-5.394,WO2023017446A1,2023,UPPTHERA
COc1cc(N2CCC(CN3CCN(c4ccc5c(c4)C(=O)N(C4CCC(=O)NC4=O)C5=O)CC3)CC2)c(F)cc1Nc1ncc2c(n1)N(C1CCCC1)CC(F)(F)C(=O)N2C,COc1cc([*:1])c(F)cc1Nc1ncc2c(n1)N(C1CCCC1)CC(F)(F)C(=O)N2C,C1CN([*:1])CCC1CN1CCN([*:2])CC1,O=C1CCC(N2C(=O)c3ccc([*:2])cc3C2=O)C(=O)N1,PLK1,CRBN,858.92,4.17,163.86,13,2,9,0.512,0.295,-5.316,-5.355,WO2023017446A1,2023,UPPTHERA
COc1cc(N2CCC(CN3CCN(c4cccc5c4C(=O)N(C4CCC(=O)NC4=O)C5=O)CC3)CC2)c(F)cc1Nc1ncc2c(n1)N(C1CCCC1)CC(F)(F)C(=O)N2C,COc1cc([*:1])c(F)cc1Nc1ncc2c(n1)N(C1CCCC1)CC(F)(F)C(=O)N2C,C1CN([*:1])CCC1CN1CCN([*:2])CC1,O=C1CCC(N2C(=O)c3cccc([*:2])c3C2=O)C(=O)N1,PLK1,CRBN,858.92,4.17,163.86,13,2,9,0.512,0.295,-5.299,-5.596,WO2023017446A1,2023,UPPTHERA
COc1cc(C(=O)N2CCC(CN3CCN(c4cc5c(cc4F)C(=O)N(C4CCC(=O)NC4=O)C5=O)CC3)CC2)ccc1Nc1ncc2c(n1)N(C1CCCC1)CC(F)(F)C(=O)N2C,COc1cc([*:1])ccc1Nc1ncc2c(n1)N(C1CCCC1)CC(F)(F)C(=O)N2C,O=C(N1CCC(CN2CCN([*:2])CC2)CC1)[*:1],O=C1CCC(N2C(=O)c3cc(F)c([*:2])cc3C2=O)C(=O)N1,PLK1,CRBN,886.93,3.8,180.93,13,2,9,0.5,0.297,-5.373,-4.538,WO2023017446A1,2023,UPPTHERA
COc1cc(C(=O)N2CCC(CN3CCN(c4ccc5c(c4)C(=O)N(C4CCC(=O)NC4=O)C5=O)CC3)CC2)ccc1Nc1ncc2c(n1)N(C1CCCC1)CC(F)(F)C(=O)N2C,COc1cc([*:1])ccc1Nc1ncc2c(n1)N(C1CCCC1)CC(F)(F)C(=O)N2C,O=C(N1CCC(CN2CCN([*:2])CC2)CC1)[*:1],O=C1CCC(N2C(=O)c3ccc([*:2])cc3C2=O)C(=O)N1,PLK1,CRBN,868.94,3.67,180.93,13,2,9,0.5,0.298,-5.39,-4.2,WO2023017446A1,2023,UPPTHERA
COc1cc(C(=O)N2CCC(CN3CCN(c4cccc5c4C(=O)N(C4CCC(=O)NC4=O)C5=O)CC3)CC2)ccc1Nc1ncc2c(n1)N(C1CCCC1)CC(F)(F)C(=O)N2C,COc1cc([*:1])ccc1Nc1ncc2c(n1)N(C1CCCC1)CC(F)(F)C(=O)N2C,O=C(N1CCC(CN2CCN([*:2])CC2)CC1)[*:1],O=C1CCC(N2C(=O)c3cccc([*:2])c3C2=O)C(=O)N1,PLK1,CRBN,868.94,3.67,180.93,13,2,9,0.5,0.298,-5.369,-4.42,WO2023017446A1,2023,UPPTHERA
COc1cc(C(=O)NCCOCCOCCNc2cccc3c2C(=O)N(C2CCC(=O)NC2=O)C3=O)ccc1Nc1ncc2c(n1)N(C1CCCC1)CC(F)(F)C(=O)N2C,COc1cc([*:1])ccc1Nc1ncc2c(n1)N(C1CCCC1)CC(F)(F)C(=O)N2C,O=C(NCCOCCOCCN[*:2])[*:1],O=C1CCC(N2C(=O)c3cccc([*:2])c3C2=O)C(=O)N1,PLK1,CRBN,833.85,2.87,213.73,14,4,16,0.45,0.121,-5.387,-4.64,WO2021194318A1,2021,UPPTHERA
COc1cc(C(=O)NCCOCCOCCNc2cccc3c2C(=O)N(C2CCC(=O)NC2=O)C3=O)c(F)cc1Nc1ncc2c(n1)N(C(C)C)CC(F)(F)C(=O)N2C,COc1cc([*:1])c(F)cc1Nc1ncc2c(n1)N(C(C)C)CC(F)(F)C(=O)N2C,O=C(NCCOCCOCCN[*:2])[*:1],O=C1CCC(N2C(=O)c3cccc([*:2])c3C2=O)C(=O)N1,PLK1,CRBN,825.8,2.47,213.73,14,4,16,0.421,0.121,-5.379,-4.246,WO2021194318A1,2021,UPPTHERA
COc1cc(C(=O)NCCOCCOCCNc2ccc3c(c2)C(=O)N(C2CCC(=O)NC2=O)C3=O)c(F)cc1Nc1ncc2c(n1)N(C1CCCC1)CC(F)(F)C(=O)N2C,COc1cc([*:1])c(F)cc1Nc1ncc2c(n1)N(C1CCCC1)CC(F)(F)C(=O)N2C,O=C(NCCOCCOCCN[*:2])[*:1],O=C1CCC(N2C(=O)c3ccc([*:2])cc3C2=O)C(=O)N1,PLK1,CRBN,851.84,3.0,213.73,14,4,16,0.45,0.121,-5.338,-4.572,WO2021194318A1,2021,UPPTHERA
COc1cc(C(=O)NCCCCCCCCNc2cccc3c2C(=O)N(C2CCC(=O)NC2=O)C3=O)c(F)cc1Nc1ncc2c(n1)N(C1CCCC1)CC(F)(F)C(=O)N2C,COc1cc([*:1])c(F)cc1Nc1ncc2c(n1)N(C1CCCC1)CC(F)(F)C(=O)N2C,O=C(NCCCCCCCCN[*:2])[*:1],O=C1CCC(N2C(=O)c3cccc([*:2])c3C2=O)C(=O)N1,PLK1,CRBN,847.9,5.31,195.27,12,4,16,0.476,0.107,-5.027,-6.363,WO2021194318A1,2021,UPPTHERA
COc1cc(C(=O)NCCOCCOCCOCCNc2cccc3c2C(=O)N(C2CCC(=O)NC2=O)C3=O)c(F)cc1Nc1ncc2c(n1)N(C1CCCC1)CC(F)(F)C(=O)N2C,COc1cc([*:1])c(F)cc1Nc1ncc2c(n1)N(C1CCCC1)CC(F)(F)C(=O)N2C,O=C(NCCOCCOCCOCCN[*:2])[*:1],O=C1CCC(N2C(=O)c3cccc([*:2])c3C2=O)C(=O)N1,PLK1,CRBN,895.89,3.02,222.96,15,4,19,0.476,0.1,-5.248,-4.232,WO2021194318A1,2021,UPPTHERA
COc1cc(C(=O)NCCOCCOCCNc2cccc3c2C(=O)N(C2CCC(=O)NC2=O)C3=O)c(F)cc1Nc1ncc2c(n1)N(C1CCCC1)CC(F)(F)C(=O)N2C,COc1cc([*:1])c(F)cc1Nc1ncc2c(n1)N(C1CCCC1)CC(F)(F)C(=O)N2C,O=C(NCCOCCOCCN[*:2])[*:1],O=C1CCC(N2C(=O)c3cccc([*:2])c3C2=O)C(=O)N1,PLK1,CRBN,851.84,3.0,213.73,14,4,16,0.45,0.121,-5.335,-4.807,WO2021194318A1,2021,UPPTHERA
COc1cc(C(=O)NCCOCCNc2cccc3c2C(=O)N(C2CCC(=O)NC2=O)C3=O)c(F)cc1Nc1ncc2c(n1)N(C1CCCC1)CC(F)(F)C(=O)N2C,COc1cc([*:1])c(F)cc1Nc1ncc2c(n1)N(C1CCCC1)CC(F)(F)C(=O)N2C,O=C(NCCOCCN[*:2])[*:1],O=C1CCC(N2C(=O)c3cccc([*:2])c3C2=O)C(=O)N1,PLK1,CRBN,807.79,2.99,204.5,13,4,13,0.421,0.145,-5.411,-5.124,WO2021194318A1,2021,UPPTHERA
CCN(c1cc(-c2ccc(OCCOCCOCC(=O)NC(C(=O)N3CC(O)CC3C(=O)NCc3ccc(-c4scnc4C)cc3)C(C)(C)C)cc2)cc(C(=O)NCc2c(C)cc(C)[nH]c2=O)c1C)C1CCOCC1,CCN(c1cc(-c2ccc([*:1])cc2)cc(C(=O)NCc2c(C)cc(C)[nH]c2=O)c1C)C1CCOCC1,O=C(COCCOCCO[*:1])[*:2],Cc1ncsc1-c1ccc(CNC(=O)C2CC(O)CN2C(=O)C(N[*:2])C(C)(C)C)cc1,EZH2,VHL,1048.32,6.56,213.75,13,5,22,0.474,0.047,-5.972,-4.973,US20180177750A1,2018,YALE UNIVERSITY
CCN(c1cc(-c2ccc(OCCOCC(=O)NC(C(=O)N3CC(O)CC3C(=O)NCc3ccc(-c4scnc4C)cc3)C(C)(C)C)cc2)cc(C(=O)NCc2c(C)cc(C)[nH]c2=O)c1C)C1CCOCC1,CCN(c1cc(-c2ccc([*:1])cc2)cc(C(=O)NCc2c(C)cc(C)[nH]c2=O)c1C)C1CCOCC1,O=C(COCCO[*:1])[*:2],Cc1ncsc1-c1ccc(CNC(=O)C2CC(O)CN2C(=O)C(N[*:2])C(C)(C)C)cc1,EZH2,VHL,1004.26,6.54,204.52,12,5,19,0.455,0.056,-5.893,-5.017,US20180177750A1,2018,YALE UNIVERSITY
CCN(c1cc(-c2ccc(OCCOCCOCCOCC(=O)NC(C(=O)N3CC(O)CC3C(=O)NCc3ccc(-c4scnc4C)cc3)C(C)(C)C)cc2)cc(C(=O)NCc2c(C)cc(C)[nH]c2=O)c1C)C1CCOCC1,CCN(c1cc(-c2ccc([*:1])cc2)cc(C(=O)NCc2c(C)cc(C)[nH]c2=O)c1C)C1CCOCC1,O=C(COCCOCCOCCO[*:1])[*:2],Cc1ncsc1-c1ccc(CNC(=O)C2CC(O)CN2C(=O)C(N[*:2])C(C)(C)C)cc1,EZH2,VHL,1092.37,6.57,222.98,14,5,25,0.492,0.039,-5.994,-4.812,US20180177750A1,2018,YALE UNIVERSITY
CCN(c1cc(-c2ccc(OCCOCCOCC(=O)NC(C(=O)N3CC(O)CC3C(=O)NC(C)c3ccc(-c4scnc4C)cc3)C(C)(C)C)cc2)cc(C(=O)NCc2c(C)cc(C)[nH]c2=O)c1C)C1CCOCC1,CCN(c1cc(-c2ccc([*:1])cc2)cc(C(=O)NCc2c(C)cc(C)[nH]c2=O)c1C)C1CCOCC1,O=C(COCCOCCO[*:1])[*:2],Cc1ncsc1-c1ccc(C(C)NC(=O)C2CC(O)CN2C(=O)C(N[*:2])C(C)(C)C)cc1,EZH2,VHL,1062.34,7.12,213.75,13,5,22,0.483,0.044,-5.945,-5.154,US20180177750A1,2018,YALE UNIVERSITY
CCN(c1cc(-c2ccc(OCCCCCOCC(=O)NC(C(=O)N3CC(O)CC3C(=O)NC(C)c3ccc(-c4scnc4C)cc3)C(C)(C)C)cc2)cc(C(=O)NCc2c(C)cc(C)[nH]c2=O)c1C)C1CCOCC1,CCN(c1cc(-c2ccc([*:1])cc2)cc(C(=O)NCc2c(C)cc(C)[nH]c2=O)c1C)C1CCOCC1,O=C(COCCCCCO[*:1])[*:2],Cc1ncsc1-c1ccc(C(C)NC(=O)C2CC(O)CN2C(=O)C(N[*:2])C(C)(C)C)cc1,EZH2,VHL,1060.37,8.27,204.52,12,5,22,0.492,0.042,-5.809,-5.848,US20180177750A1,2018,YALE UNIVERSITY
CCN(c1cc(-c2ccc(OCCCCOCC(=O)NC(C(=O)N3CC(O)CC3C(=O)NC(C)c3ccc(-c4scnc4C)cc3)C(C)(C)C)cc2)cc(C(=O)NCc2c(C)cc(C)[nH]c2=O)c1C)C1CCOCC1,CCN(c1cc(-c2ccc([*:1])cc2)cc(C(=O)NCc2c(C)cc(C)[nH]c2=O)c1C)C1CCOCC1,O=C(COCCCCO[*:1])[*:2],Cc1ncsc1-c1ccc(C(C)NC(=O)C2CC(O)CN2C(=O)C(N[*:2])C(C)(C)C)cc1,EZH2,VHL,1046.34,7.88,204.52,12,5,21,0.483,0.045,-5.849,-5.598,US20180177750A1,2018,YALE UNIVERSITY
CCN(c1cc(-c2ccc(OCCN3CCN(c4ccc5c(c4)C(=O)N(C4CCC(=O)NC4=O)C5=O)CC3)cc2)cc(C(=O)NCc2c(C)cc(C)[nH]c2=O)c1C)C1CCOCC1,CCN(c1cc(-c2ccc([*:1])cc2)cc(C(=O)NCc2c(C)cc(C)[nH]c2=O)c1C)C1CCOCC1,C(CN1CCN([*:2])CC1)O[*:1],O=C1CCC(N2C(=O)c3ccc([*:2])cc3C2=O)C(=O)N1,EZH2,CRBN,858.01,4.5,173.69,11,3,13,0.417,0.162,-5.538,-4.893,US20180177750A1,2018,YALE UNIVERSITY
CCN(c1cc(-c2ccc(OCCOCCOc3ccc4c(c3)C(=O)N(C3CCC(=O)NC3=O)C4=O)cc2)cc(C(=O)NCc2c(C)cc(C)[nH]c2=O)c1C)C1CCOCC1,CCN(c1cc(-c2ccc([*:1])cc2)cc(C(=O)NCc2c(C)cc(C)[nH]c2=O)c1C)C1CCOCC1,C(CO[*:1])OCCO[*:2],O=C1CCC(N2C(=O)c3ccc([*:2])cc3C2=O)C(=O)N1,EZH2,CRBN,833.94,4.78,185.67,11,3,16,0.391,0.104,-5.57,-4.588,US20180177750A1,2018,YALE UNIVERSITY
CCN(c1cc(-c2ccc(OCCCCCOCC(=O)NC(C(=O)N3CC(O)CC3C(=O)NCc3ccc(-c4scnc4C)cc3)C(C)(C)C)cc2)cc(C(=O)NCc2c(C)cc(C)[nH]c2=O)c1C)C1CCOCC1,CCN(c1cc(-c2ccc([*:1])cc2)cc(C(=O)NCc2c(C)cc(C)[nH]c2=O)c1C)C1CCOCC1,O=C(COCCCCCO[*:1])[*:2],Cc1ncsc1-c1ccc(CNC(=O)C2CC(O)CN2C(=O)C(N[*:2])C(C)(C)C)cc1,EZH2,VHL,1046.34,7.71,204.52,12,5,22,0.483,0.043,-5.815,-5.633,US20180177750A1,2018,YALE UNIVERSITY
CCN(c1cc(-c2ccc(OCCCCOCC(=O)NC(C(=O)N3CC(O)CC3C(=O)NCc3ccc(-c4scnc4C)cc3)C(C)(C)C)cc2)cc(C(=O)NCc2c(C)cc(C)[nH]c2=O)c1C)C1CCOCC1,CCN(c1cc(-c2ccc([*:1])cc2)cc(C(=O)NCc2c(C)cc(C)[nH]c2=O)c1C)C1CCOCC1,O=C(COCCCCO[*:1])[*:2],Cc1ncsc1-c1ccc(CNC(=O)C2CC(O)CN2C(=O)C(N[*:2])C(C)(C)C)cc1,EZH2,VHL,1032.32,7.32,204.52,12,5,21,0.474,0.046,-5.874,-5.397,US20180177750A1,2018,YALE UNIVERSITY
CCN(c1cc(-c2ccc(OCCOCCNc3cccc4c3C(=O)N(C3CCC(=O)NC3=O)C4=O)cc2)cc(C(=O)NCc2c(C)cc(C)[nH]c2=O)c1C)C1CCOCC1,CCN(c1cc(-c2ccc([*:1])cc2)cc(C(=O)NCc2c(C)cc(C)[nH]c2=O)c1C)C1CCOCC1,C(COCCO[*:1])N[*:2],O=C1CCC(N2C(=O)c3cccc([*:2])c3C2=O)C(=O)N1,EZH2,CRBN,832.95,4.81,188.47,11,4,16,0.391,0.09,-5.622,-4.957,US20180177750A1,2018,YALE UNIVERSITY
CCN(c1cc(-c2ccc(OCCOCCOCCNc3cccc4c3C(=O)N(C3CCC(=O)NC3=O)C4=O)cc2)cc(C(=O)NCc2c(C)cc(C)[nH]c2=O)c1C)C1CCOCC1,CCN(c1cc(-c2ccc([*:1])cc2)cc(C(=O)NCc2c(C)cc(C)[nH]c2=O)c1C)C1CCOCC1,C(COCCOCCO[*:1])N[*:2],O=C1CCC(N2C(=O)c3cccc([*:2])c3C2=O)C(=O)N1,EZH2,CRBN,877.01,4.83,197.7,12,4,19,0.417,0.074,-5.528,-4.528,US20180177750A1,2018,YALE UNIVERSITY
CCN(c1cc(-c2ccc(OCCOCCOCCOCCNc3cccc4c3C(=O)N(C3CCC(=O)NC3=O)C4=O)cc2)cc(C(=O)NCc2c(C)cc(C)[nH]c2=O)c1C)C1CCOCC1,CCN(c1cc(-c2ccc([*:1])cc2)cc(C(=O)NCc2c(C)cc(C)[nH]c2=O)c1C)C1CCOCC1,C(COCCOCCOCCO[*:1])N[*:2],O=C1CCC(N2C(=O)c3cccc([*:2])c3C2=O)C(=O)N1,EZH2,CRBN,921.06,4.84,206.93,13,4,22,0.44,0.062,-5.49,-4.224,US20180177750A1,2018,YALE UNIVERSITY
CCN(c1cc(-c2ccc(OCCOCCOCCOCCOCC(=O)NC(C(=O)N3CC(O)CC3C(=O)NCc3ccc(-c4scnc4C)cc3)C(C)(C)C)cc2)cc(C(=O)NCc2c(C)cc(C)[nH]c2=O)c1C)C1CCOCC1,CCN(c1cc(-c2ccc([*:1])cc2)cc(C(=O)NCc2c(C)cc(C)[nH]c2=O)c1C)C1CCOCC1,O=C(COCCOCCOCCOCCO[*:1])[*:2],Cc1ncsc1-c1ccc(CNC(=O)C2CC(O)CN2C(=O)C(N[*:2])C(C)(C)C)cc1,EZH2,VHL,1136.42,6.59,232.21,15,5,28,0.508,0.033,-5.987,-4.532,US20180177750A1,2018,YALE UNIVERSITY
CCC(=O)N1CCN(c2ncnc3c(F)c(-c4c(F)cccc4OCCOCCOCCOCCNc4cccc5c4C(=O)N(C4CCC(=O)NC4=O)C5=O)c(Cl)cc23)CC1,CCC(=O)N1CCN(c2ncnc3c(F)c(-c4c(F)cccc4[*:1])c(Cl)cc23)CC1,C(COCCOCCOCCO[*:1])N[*:2],O=C1CCC(N2C(=O)c3cccc([*:2])c3C2=O)C(=O)N1,RAS,CRBN,864.3,4.23,181.83,13,2,18,0.405,0.107,-5.131,-4.149,US20230002371A1,2023,BIOTHERYX INC
C=CC(=O)N1CCN(c2ncnc3c(F)c(-c4c(F)cccc4OCCOCCOCCOCCNc4cccc5c4C(=O)N(C4CCC(=O)NC4=O)C5=O)c(Cl)cc23)CC1,C=CC(=O)N1CCN(c2ncnc3c(F)c(-c4c(F)cccc4[*:1])c(Cl)cc23)CC1,C(COCCOCCOCCO[*:1])N[*:2],O=C1CCC(N2C(=O)c3cccc([*:2])c3C2=O)C(=O)N1,RAS,CRBN,862.29,4.0,181.83,13,2,18,0.357,0.083,-5.108,-3.804,US20230002371A1,2023,BIOTHERYX INC
NCCCn1cc(-c2ccc(OC(F)(F)F)cc2)c2cc(CN3CC(N4CCN(c5ccc6c(c5)C(=O)N(C5CCC(=O)NC5=O)C6=O)CC4)C3)ccc21,NCCCn1cc(-c2ccc(OC(F)(F)F)cc2)c2cc([*:1])ccc21,C1C(N2CCN([*:2])CC2)CN1C[*:1],O=C1CCC(N2C(=O)c3ccc([*:2])cc3C2=O)C(=O)N1,KRAS,CRBN,743.79,3.96,133.45,9,2,10,0.385,0.232,-5.557,-4.512,WO2023130012A1,2023,DCB-USA INC
C=CC(=O)N1CCN(c2nc(=O)n(-c3c(C)cccc3OCCOCCOCCNc3cccc4c3C(=O)N(C3CCC(=O)NC3=O)C4=O)c3nc(-c4c(O)cccc4F)c(F)cc23)C(C)C1,C=CC(=O)N1CCN(c2nc(=O)n(-c3c(C)cccc3[*:1])c3nc(-c4c(O)cccc4F)c(F)cc23)C(C)C1,C(COCCOCCO[*:1])N[*:2],O=C1CCC(N2C(=O)c3cccc([*:2])c3C2=O)C(=O)N1,KRAS,CRBN,920.93,3.89,214.83,14,3,16,0.319,0.073,-5.571,-4.728,CN116390919A,2023,HANGZHOU POLYMED BIOTECHNOLOGY CO LTD
C=CC(=O)N1CCN(c2nc(=O)n(-c3c(C)cccc3C(=O)NCCOCCNc3cccc4c3C(=O)N(C3CCC(=O)NC3=O)C4=O)c3nc(-c4c(O)cccc4F)c(F)cc23)C(C)C1,C=CC(=O)N1CCN(c2nc(=O)n(-c3c(C)cccc3[*:1])c3nc(-c4c(O)cccc4F)c(F)cc23)C(C)C1,O=C(NCCOCCN[*:2])[*:1],O=C1CCC(N2C(=O)c3cccc([*:2])c3C2=O)C(=O)N1,KRAS,CRBN,903.9,3.22,225.47,13,4,13,0.283,0.076,-5.498,-4.427,CN116390919A,2023,HANGZHOU POLYMED BIOTECHNOLOGY CO LTD
C=CC(=O)N1CCN(c2nc(=O)n(-c3c(C)cccc3OCCOCCNc3cccc4c3C(=O)N(C3CCC(=O)NC3=O)C4=O)c3nc(-c4c(O)cccc4F)c(F)cc23)C(C)C1,C=CC(=O)N1CCN(c2nc(=O)n(-c3c(C)cccc3[*:1])c3nc(-c4c(O)cccc4F)c(F)cc23)C(C)C1,C(COCCO[*:1])N[*:2],O=C1CCC(N2C(=O)c3cccc([*:2])c3C2=O)C(=O)N1,KRAS,CRBN,876.87,3.87,205.6,13,3,13,0.289,0.087,-5.515,-4.97,CN116390919A,2023,HANGZHOU POLYMED BIOTECHNOLOGY CO LTD
C=CC(=O)N1CCN(c2nc(=O)n(-c3c(C)cccc3C(=O)NCCCCNc3cccc4c3C(=O)N(C3CCC(=O)NC3=O)C4=O)c3nc(-c4c(O)cccc4F)c(F)cc23)C(C)C1,C=CC(=O)N1CCN(c2nc(=O)n(-c3c(C)cccc3[*:1])c3nc(-c4c(O)cccc4F)c(F)cc23)C(C)C1,O=C(NCCCCN[*:2])[*:1],O=C1CCC(N2C(=O)c3cccc([*:2])c3C2=O)C(=O)N1,KRAS,CRBN,887.9,3.99,216.24,12,4,12,0.283,0.08,-5.321,-5.645,CN116390919A,2023,HANGZHOU POLYMED BIOTECHNOLOGY CO LTD
C=CC(=O)N1CCN(c2nc(=O)n(-c3c(C)cccc3OCCOCCOCCNc3cccc4c3C(=O)N(C3CCC(=O)NC3=O)C4=O)c3nc(-c4ccccc4F)c(F)cc23)C(C)C1,C=CC(=O)N1CCN(c2nc(=O)n(-c3c(C)cccc3[*:1])c3nc(-c4ccccc4F)c(F)cc23)C(C)C1,C(COCCOCCO[*:1])N[*:2],O=C1CCC(N2C(=O)c3cccc([*:2])c3C2=O)C(=O)N1,KRAS,CRBN,904.93,4.18,194.6,13,2,16,0.319,0.081,-5.31,-4.779,CN116390919A,2023,HANGZHOU POLYMED BIOTECHNOLOGY CO LTD
C=CC(=O)N1CCN(c2nc(=O)n(-c3c(C)cccc3C(=O)NCCOCCNc3cccc4c3C(=O)N(C3CCC(=O)NC3=O)C4=O)c3nc(-c4ccccc4F)c(F)cc23)C(C)C1,C=CC(=O)N1CCN(c2nc(=O)n(-c3c(C)cccc3[*:1])c3nc(-c4ccccc4F)c(F)cc23)C(C)C1,O=C(NCCOCCN[*:2])[*:1],O=C1CCC(N2C(=O)c3cccc([*:2])c3C2=O)C(=O)N1,KRAS,CRBN,887.9,3.52,205.24,12,3,13,0.283,0.088,-5.228,-4.432,CN116390919A,2023,HANGZHOU POLYMED BIOTECHNOLOGY CO LTD
C=CC(=O)N1CCN(c2nc(=O)n(-c3c(C)cccc3OCCOCCNc3cccc4c3C(=O)N(C3CCC(=O)NC3=O)C4=O)c3nc(-c4ccccc4F)c(F)cc23)C(C)C1,C=CC(=O)N1CCN(c2nc(=O)n(-c3c(C)cccc3[*:1])c3nc(-c4ccccc4F)c(F)cc23)C(C)C1,C(COCCO[*:1])N[*:2],O=C1CCC(N2C(=O)c3cccc([*:2])c3C2=O)C(=O)N1,KRAS,CRBN,860.88,4.17,185.37,12,2,13,0.289,0.098,-5.371,-4.834,CN116390919A,2023,HANGZHOU POLYMED BIOTECHNOLOGY CO LTD
C=CC(=O)N1CCN(c2nc(=O)n(-c3c(C)cccc3C(=O)NCCCCNc3cccc4c3C(=O)N(C3CCC(=O)NC3=O)C4=O)c3nc(-c4ccccc4F)c(F)cc23)C(C)C1,C=CC(=O)N1CCN(c2nc(=O)n(-c3c(C)cccc3[*:1])c3nc(-c4ccccc4F)c(F)cc23)C(C)C1,O=C(NCCCCN[*:2])[*:1],O=C1CCC(N2C(=O)c3cccc([*:2])c3C2=O)C(=O)N1,KRAS,CRBN,871.9,4.28,196.01,11,3,12,0.283,0.092,-5.022,-5.482,CN116390919A,2023,HANGZHOU POLYMED BIOTECHNOLOGY CO LTD
Cc1nn2c(N3CCC(CN4CCN(c5ccc6c(c5)CN(C5CCC(=O)NC5=O)C6=O)CC4)CC3)cc(-c3ccccc3)nc2c1-c1ccccc1,Cc1nn2c([*:1])cc(-c3ccccc3)nc2c1-c1ccccc1,C1CN([*:1])CCC1CN1CCN([*:2])CC1,O=C1CCC(N2Cc3cc([*:2])ccc3C2=O)C(=O)N1,KRAS,CRBN,708.87,5.17,106.39,8,1,7,0.357,0.231,-5.401,-4.363,CN114621231A,2022,HANGZHOU ZHONGMEI HUADONG PHARM CO LTD
Cc1nn2c(N3CCC(CN4CCN(c5cc6c(cc5F)C(=O)N(C5CCC(=O)NC5=O)C6=O)CC4)CC3)cc(-c3ccccc3)nc2c1-c1ccccc1,Cc1nn2c([*:1])cc(-c3ccccc3)nc2c1-c1ccccc1,C1CN([*:1])CCC1CN1CCN([*:2])CC1,O=C1CCC(N2C(=O)c3cc(F)c([*:2])cc3C2=O)C(=O)N1,KRAS,CRBN,740.84,4.95,123.46,9,1,7,0.333,0.231,-5.449,-4.889,CN114621231A,2022,HANGZHOU ZHONGMEI HUADONG PHARM CO LTD
C=CC(=O)N1CCN(c2nc(Nc3ccc(OCCOCCOCC(=O)NC(C(=O)N4CC(O)CC4C(=O)NC(C)c4ccc(-c5scnc5C)cc4)C(C)(C)C)cc3)nc3c(F)c(-c4cc(O)cc5ccccc45)c(Cl)cc23)CC1,C=CC(=O)N1CCN(c2nc(Nc3ccc([*:1])cc3)nc3c(F)c(-c4cc(O)cc5ccccc45)c(Cl)cc23)CC1,O=C(COCCOCCO[*:1])[*:2],Cc1ncsc1-c1ccc(C(C)NC(=O)C2CC(O)CN2C(=O)C(N[*:2])C(C)(C)C)cc1,KRAS,VHL,1142.75,8.74,220.91,15,5,20,0.35,0.036,-5.888,-6.073,US20190315732A1,2019,YALE UNIVERSITY
C=CC(=O)N1CCN(c2nc(Nc3ccc(OCCOCCOCCOCC(=O)NC(C(=O)N4CC(O)CC4C(=O)NC(C)c4ccc(-c5scnc5C)cc4)C(C)(C)C)cc3)nc3c(F)c(-c4cc(O)cc5ccccc45)c(Cl)cc23)CC1,C=CC(=O)N1CCN(c2nc(Nc3ccc([*:1])cc3)nc3c(F)c(-c4cc(O)cc5ccccc45)c(Cl)cc23)CC1,O=C(COCCOCCOCCO[*:1])[*:2],Cc1ncsc1-c1ccc(C(C)NC(=O)C2CC(O)CN2C(=O)C(N[*:2])C(C)(C)C)cc1,KRAS,VHL,1186.81,8.76,230.14,16,5,23,0.371,0.03,-5.918,-5.788,US20190315732A1,2019,YALE UNIVERSITY
C=CC(=O)N1CCN(c2nc(Nc3ccc(OCCOCCOCCOCCOCC(=O)NC(C(=O)N4CC(O)CC4C(=O)NC(C)c4ccc(-c5scnc5C)cc4)C(C)(C)C)cc3)nc3c(F)c(-c4cc(O)cc5ccccc45)c(Cl)cc23)CC1,C=CC(=O)N1CCN(c2nc(Nc3ccc([*:1])cc3)nc3c(F)c(-c4cc(O)cc5ccccc45)c(Cl)cc23)CC1,O=C(COCCOCCOCCOCCO[*:1])[*:2],Cc1ncsc1-c1ccc(C(C)NC(=O)C2CC(O)CN2C(=O)C(N[*:2])C(C)(C)C)cc1,KRAS,VHL,1230.86,8.77,239.37,17,5,26,0.391,0.025,-5.91,-5.512,US20190315732A1,2019,YALE UNIVERSITY
CCc1cc2c(cc1N1CCN(C(=O)CNc3cccc4c3C(=O)N(C3CCC(=O)NC3=O)C4=O)CC1)C(C)(C)c1[nH]c3cc(C#N)ccc3c1C2=O,CCc1cc2c(cc1[*:1])C(C)(C)c1[nH]c3cc(C#N)ccc3c1C2=O,O=C(CN[*:2])N1CCN([*:1])CC1,O=C1CCC(N2C(=O)c3cccc([*:2])c3C2=O)C(=O)N1,ALK,CRBN,711.78,3.63,175.78,9,3,6,0.325,0.252,-5.544,-5.892,US20200306273A1,2020,CHINESE ACADEMY OF SCIENCE
CCC1C(=O)N(C)c2cnc(Nc3ccc(C(=O)NCCOCCOCCNc4cccc5c4C(=O)N(C4CCC(=O)NC4=O)C5=O)cc3OC)nc2N1C1CCCC1,CCC1C(=O)N(C)c2cnc(Nc3ccc([*:1])cc3OC)nc2N1C1CCCC1,O=C(NCCOCCOCCN[*:2])[*:1],O=C1CCC(N2C(=O)c3cccc([*:2])c3C2=O)C(=O)N1,"PLK1, BRD4",CRBN,811.9,3.01,213.73,14,4,17,0.463,0.114,-5.416,-4.821,CN109879877A,2019,UNIV JILIN
CCC1C(=O)N(C)c2cnc(Nc3ccc(C(=O)NCCOCCOCCNc4cccc5c4C(=O)N(C4CCC(=O)NC4=O)C5=O)cc3OC)nc2N1C(C)C,CCC1C(=O)N(C)c2cnc(Nc3ccc([*:1])cc3OC)nc2N1C(C)C,O=C(NCCOCCOCCN[*:2])[*:1],O=C1CCC(N2C(=O)c3cccc([*:2])c3C2=O)C(=O)N1,"PLK1, BRD4",CRBN,785.86,2.47,213.73,14,4,17,0.436,0.114,-5.368,-4.255,CN109879877A,2019,UNIV JILIN
Cc1ncsc1-c1ccc(CNC(=O)C2CC(O)CN2C(=O)C(NC(=O)CCCCCC(=O)N2CCN(c3cccc(-c4cnc5ccc(N6CCCC6c6cccc(F)c6)nn45)n3)CC2)C(C)(C)C)cc1,Fc1cccc(C2CCCN2c2ccc3ncc(-c4cccc([*:1])n4)n3n2)c1,O=C(CCCCCC(=O)[*:2])N1CCN([*:1])CC1,Cc1ncsc1-c1ccc(CNC(=O)C2CC(O)CN2C(=O)C(N[*:2])C(C)(C)C)cc1,TRK,VHL,998.24,7.11,181.5,12,3,16,0.444,0.084,-5.883,-5.486,US20210315999A1,2021,CULLGEN SHANGHAI INC
Cc1ncsc1-c1ccc(CNC(=O)C2CC(O)CN2C(=O)C(NC(=O)CCC(=O)N2CCN(c3cccc(-c4cnc5ccc(N6CCCC6c6cccc(F)c6)nn45)n3)CC2)C(C)(C)C)cc1,Fc1cccc(C2CCCN2c2ccc3ncc(-c4cccc([*:1])n4)n3n2)c1,O=C(CCC(=O)[*:2])N1CCN([*:1])CC1,Cc1ncsc1-c1ccc(CNC(=O)C2CC(O)CN2C(=O)C(N[*:2])C(C)(C)C)cc1,TRK,VHL,956.16,5.94,181.5,12,3,13,0.412,0.125,-5.827,-5.161,US20210315999A1,2021,CULLGEN SHANGHAI INC
O=C1CCC(N2C(=O)c3cccc(NCCCCCCC(=O)N4CCN(c5cccc(-c6cnc7ccc(N8CCCC8c8cccc(F)c8)nn67)n5)CC4)c3C2=O)C(=O)N1,Fc1cccc(C2CCCN2c2ccc3ncc(-c4cccc([*:1])n4)n3n2)c1,O=C(CCCCCCN[*:2])N1CCN([*:1])CC1,O=C1CCC(N2C(=O)c3cccc([*:2])c3C2=O)C(=O)N1,TRK,CRBN,826.93,5.38,165.45,11,2,13,0.378,0.116,-5.159,-5.902,US20210315999A1,2021,CULLGEN SHANGHAI INC
O=C1CCC(N2C(=O)c3cccc(NCCOCCOCCOCCC(=O)N4CCN(c5cccc(-c6cnc7ccc(N8CCCC8c8cccc(F)c8)nn67)n5)CC4)c3C2=O)C(=O)N1,Fc1cccc(C2CCCN2c2ccc3ncc(-c4cccc([*:1])n4)n3n2)c1,O=C(CCOCCOCCOCCN[*:2])N1CCN([*:1])CC1,O=C1CCC(N2C(=O)c3cccc([*:2])c3C2=O)C(=O)N1,TRK,CRBN,902.98,3.87,193.14,14,2,18,0.404,0.095,-5.169,-4.714,US20210315999A1,2021,CULLGEN SHANGHAI INC
O=C1CCC(N2C(=O)c3cccc(NCCCC(=O)N4CCN(c5cccc(-c6cnc7ccc(N8CCCC8c8cccc(F)c8)nn67)n5)CC4)c3C2=O)C(=O)N1,Fc1cccc(C2CCCN2c2ccc3ncc(-c4cccc([*:1])n4)n3n2)c1,O=C(CCCN[*:2])N1CCN([*:1])CC1,O=C1CCC(N2C(=O)c3cccc([*:2])c3C2=O)C(=O)N1,TRK,CRBN,784.85,4.21,165.45,11,2,10,0.333,0.154,-5.266,-5.634,US20210315999A1,2021,CULLGEN SHANGHAI INC
O=C1CCC(N2C(=O)c3cccc(NCCCCC(=O)N4CCN(c5cccc(-c6cnc7ccc(N8CCCC8c8cccc(F)c8)nn67)n5)CC4)c3C2=O)C(=O)N1,Fc1cccc(C2CCCN2c2ccc3ncc(-c4cccc([*:1])n4)n3n2)c1,O=C(CCCCN[*:2])N1CCN([*:1])CC1,O=C1CCC(N2C(=O)c3cccc([*:2])c3C2=O)C(=O)N1,TRK,CRBN,798.88,4.6,165.45,11,2,11,0.349,0.142,-5.197,-5.802,US20210315999A1,2021,CULLGEN SHANGHAI INC
O=C1CCC(N2C(=O)c3cccc(NCCCCCC(=O)N4CCN(c5cccc(-c6cnc7ccc(N8CCCC8c8cccc(F)c8)nn67)n5)CC4)c3C2=O)C(=O)N1,Fc1cccc(C2CCCN2c2ccc3ncc(-c4cccc([*:1])n4)n3n2)c1,O=C(CCCCCN[*:2])N1CCN([*:1])CC1,O=C1CCC(N2C(=O)c3cccc([*:2])c3C2=O)C(=O)N1,TRK,CRBN,812.91,4.99,165.45,11,2,12,0.364,0.129,-5.182,-5.821,US20210315999A1,2021,CULLGEN SHANGHAI INC
O=C1CCC(N2C(=O)c3cccc(NCC(=O)N4CCN(c5cccc(-c6cnc7ccc(N8CCCC8c8cccc(F)c8)nn67)n5)CC4)c3C2=O)C(=O)N1,Fc1cccc(C2CCCN2c2ccc3ncc(-c4cccc([*:1])n4)n3n2)c1,O=C(CN[*:2])N1CCN([*:1])CC1,O=C1CCC(N2C(=O)c3cccc([*:2])c3C2=O)C(=O)N1,TRK,CRBN,756.8,3.43,165.45,11,2,8,0.3,0.223,-5.361,-5.478,US20210315999A1,2021,CULLGEN SHANGHAI INC
O=C1CCC(N2C(=O)c3cccc(NCCC(=O)N4CCN(c5cccc(-c6cnc7ccc(N8CCCC8c8cccc(F)c8)nn67)n5)CC4)c3C2=O)C(=O)N1,Fc1cccc(C2CCCN2c2ccc3ncc(-c4cccc([*:1])n4)n3n2)c1,O=C(CCN[*:2])N1CCN([*:1])CC1,O=C1CCC(N2C(=O)c3cccc([*:2])c3C2=O)C(=O)N1,TRK,CRBN,770.83,3.82,165.45,11,2,9,0.317,0.21,-5.372,-5.651,US20210315999A1,2021,CULLGEN SHANGHAI INC
O=C1CCC(N2C(=O)c3cccc(NCCOCCC(=O)N4CCN(c5cccc(-c6cnc7ccc(N8CCCC8c8cccc(F)c8)nn67)n5)CC4)c3C2=O)C(=O)N1,Fc1cccc(C2CCCN2c2ccc3ncc(-c4cccc([*:1])n4)n3n2)c1,O=C(CCOCCN[*:2])N1CCN([*:1])CC1,O=C1CCC(N2C(=O)c3cccc([*:2])c3C2=O)C(=O)N1,TRK,CRBN,814.88,3.84,174.68,12,2,12,0.349,0.138,-5.485,-5.566,US20210315999A1,2021,CULLGEN SHANGHAI INC
O=C1CCC(N2C(=O)c3cccc(NCCOCCOCCC(=O)N4CCN(c5cccc(-c6cnc7ccc(N8CCCC8c8cccc(F)c8)nn67)n5)CC4)c3C2=O)C(=O)N1,Fc1cccc(C2CCCN2c2ccc3ncc(-c4cccc([*:1])n4)n3n2)c1,O=C(CCOCCOCCN[*:2])N1CCN([*:1])CC1,O=C1CCC(N2C(=O)c3cccc([*:2])c3C2=O)C(=O)N1,TRK,CRBN,858.93,3.86,183.91,13,2,15,0.378,0.115,-5.312,-5.215,US20210315999A1,2021,CULLGEN SHANGHAI INC
Cc1ncsc1-c1ccc(CNC(=O)C2CC(O)CN2C(=O)C(NC(=O)CCCCCCC(=O)N2CCN(c3cccc(-c4cnc5ccc(N6CCCC6c6cccc(F)c6)nn45)n3)CC2)C(C)(C)C)cc1,Fc1cccc(C2CCCN2c2ccc3ncc(-c4cccc([*:1])n4)n3n2)c1,O=C(CCCCCCC(=O)[*:2])N1CCN([*:1])CC1,Cc1ncsc1-c1ccc(CNC(=O)C2CC(O)CN2C(=O)C(N[*:2])C(C)(C)C)cc1,TRK,VHL,1012.27,7.5,181.5,12,3,17,0.455,0.077,-5.92,-5.552,US20210315999A1,2021,CULLGEN SHANGHAI INC
O=C1CCC(N2C(=O)c3cccc(NCCOCCOCCOCCOCCC(=O)N4CCN(c5ccc(C(=O)Nc6n[nH]c7ccc(Cc8cc(F)cc(F)c8)cc67)c(NC6CCOCC6)c5)CC4)c3C2=O)C(=O)N1,O=C(Nc1n[nH]c2ccc(Cc3cc(F)cc(F)c3)cc12)c1ccc([*:1])cc1NC1CCOCC1,O=C(CCOCCOCCOCCOCCN[*:2])N1CCN([*:1])CC1,O=C1CCC(N2C(=O)c3cccc([*:2])c3C2=O)C(=O)N1,TRK,CRBN,1050.13,4.89,235.09,15,5,24,0.426,0.041,-5.277,-4.092,US20210315999A1,2021,CULLGEN SHANGHAI INC
Cc1ncsc1-c1ccc(CNC(=O)C2CC(O)CN2C(=O)C(NC(=O)CCCCCC(=O)N2CCN(c3ccc(C(=O)Nc4n[nH]c5ccc(Cc6cc(F)cc(F)c6)cc45)c(NC4CCOCC4)c3)CC2)C(C)(C)C)cc1,O=C(Nc1n[nH]c2ccc(Cc3cc(F)cc(F)c3)cc12)c1ccc([*:1])cc1NC1CCOCC1,O=C(CCCCCC(=O)[*:2])N1CCN([*:1])CC1,Cc1ncsc1-c1ccc(CNC(=O)C2CC(O)CN2C(=O)C(N[*:2])C(C)(C)C)cc1,TRK,VHL,1101.33,8.12,214.22,12,6,19,0.441,0.043,-5.786,-6.253,US20210315999A1,2021,CULLGEN SHANGHAI INC
O=C1CCC(N2C(=O)c3ccc(NCCOCCOCCC(=O)N4CCN(c5cccc(-c6cnc7ccc(N8CCCC8c8cccc(F)c8)nn67)n5)CC4)cc3C2=O)C(=O)N1,Fc1cccc(C2CCCN2c2ccc3ncc(-c4cccc([*:1])n4)n3n2)c1,O=C(CCOCCOCCN[*:2])N1CCN([*:1])CC1,O=C1CCC(N2C(=O)c3ccc([*:2])cc3C2=O)C(=O)N1,TRK,CRBN,858.93,3.86,183.91,13,2,15,0.378,0.115,-5.257,-4.749,US20210315999A1,2021,CULLGEN SHANGHAI INC
O=C1CCC(N2C(=O)c3ccc(NCCOCCOCCOCCC(=O)N4CCN(c5cccc(-c6cnc7ccc(N8CCCC8c8cccc(F)c8)nn67)n5)CC4)cc3C2=O)C(=O)N1,Fc1cccc(C2CCCN2c2ccc3ncc(-c4cccc([*:1])n4)n3n2)c1,O=C(CCOCCOCCOCCN[*:2])N1CCN([*:1])CC1,O=C1CCC(N2C(=O)c3ccc([*:2])cc3C2=O)C(=O)N1,TRK,CRBN,902.98,3.87,193.14,14,2,18,0.404,0.095,-5.158,-4.345,US20210315999A1,2021,CULLGEN SHANGHAI INC
O=C1CCC(N2C(=O)c3ccc(NCCCCC(=O)N4CCN(c5cccc(-c6cnc7ccc(N8CCCC8c8cccc(F)c8)nn67)n5)CC4)cc3C2=O)C(=O)N1,Fc1cccc(C2CCCN2c2ccc3ncc(-c4cccc([*:1])n4)n3n2)c1,O=C(CCCCN[*:2])N1CCN([*:1])CC1,O=C1CCC(N2C(=O)c3ccc([*:2])cc3C2=O)C(=O)N1,TRK,CRBN,798.88,4.6,165.45,11,2,11,0.349,0.142,-5.082,-5.377,US20210315999A1,2021,CULLGEN SHANGHAI INC
O=C1CCC(N2C(=O)c3ccc(NCCCCCCC(=O)N4CCN(c5cccc(-c6cnc7ccc(N8CCCC8c8cccc(F)c8)nn67)n5)CC4)cc3C2=O)C(=O)N1,Fc1cccc(C2CCCN2c2ccc3ncc(-c4cccc([*:1])n4)n3n2)c1,O=C(CCCCCCN[*:2])N1CCN([*:1])CC1,O=C1CCC(N2C(=O)c3ccc([*:2])cc3C2=O)C(=O)N1,TRK,CRBN,826.93,5.38,165.45,11,2,13,0.378,0.116,-5.017,-5.437,US20210315999A1,2021,CULLGEN SHANGHAI INC
O=C1CCC(N2C(=O)c3ccc(NCCOCCC(=O)N4CCN(c5cccc(-c6cnc7ccc(N8CCCC8c8cccc(F)c8)nn67)n5)CC4)cc3C2=O)C(=O)N1,Fc1cccc(C2CCCN2c2ccc3ncc(-c4cccc([*:1])n4)n3n2)c1,O=C(CCOCCN[*:2])N1CCN([*:1])CC1,O=C1CCC(N2C(=O)c3ccc([*:2])cc3C2=O)C(=O)N1,TRK,CRBN,814.88,3.84,174.68,12,2,12,0.349,0.138,-5.389,-5.15,US20210315999A1,2021,CULLGEN SHANGHAI INC
O=C1CCC(N2C(=O)c3ccc(NCCOCCOCCOCCOCCC(=O)N4CCN(c5cccc(-c6cnc7ccc(N8CCCC8c8cccc(F)c8)nn67)n5)CC4)cc3C2=O)C(=O)N1,Fc1cccc(C2CCCN2c2ccc3ncc(-c4cccc([*:1])n4)n3n2)c1,O=C(CCOCCOCCOCCOCCN[*:2])N1CCN([*:1])CC1,O=C1CCC(N2C(=O)c3ccc([*:2])cc3C2=O)C(=O)N1,TRK,CRBN,947.04,3.89,202.37,15,2,21,0.429,0.079,-5.17,-3.854,US20210315999A1,2021,CULLGEN SHANGHAI INC
O=C1CCC(N2C(=O)c3ccc(NCCC(=O)N4CCN(c5cccc(-c6cnc7ccc(N8CCCC8c8cccc(F)c8)nn67)n5)CC4)cc3C2=O)C(=O)N1,Fc1cccc(C2CCCN2c2ccc3ncc(-c4cccc([*:1])n4)n3n2)c1,O=C(CCN[*:2])N1CCN([*:1])CC1,O=C1CCC(N2C(=O)c3ccc([*:2])cc3C2=O)C(=O)N1,TRK,CRBN,770.83,3.82,165.45,11,2,9,0.317,0.21,-5.308,-5.39,US20210315999A1,2021,CULLGEN SHANGHAI INC
O=C1CCC(N2C(=O)c3ccc(NCCCCCC(=O)N4CCN(c5cccc(-c6cnc7ccc(N8CCCC8c8cccc(F)c8)nn67)n5)CC4)cc3C2=O)C(=O)N1,Fc1cccc(C2CCCN2c2ccc3ncc(-c4cccc([*:1])n4)n3n2)c1,O=C(CCCCCN[*:2])N1CCN([*:1])CC1,O=C1CCC(N2C(=O)c3ccc([*:2])cc3C2=O)C(=O)N1,TRK,CRBN,812.91,4.99,165.45,11,2,12,0.364,0.129,-5.041,-5.365,US20210315999A1,2021,CULLGEN SHANGHAI INC
O=C1CCC(N2C(=O)c3ccc(NCC(=O)N4CCN(c5cccc(-c6cnc7ccc(N8CCCC8c8cccc(F)c8)nn67)n5)CC4)cc3C2=O)C(=O)N1,Fc1cccc(C2CCCN2c2ccc3ncc(-c4cccc([*:1])n4)n3n2)c1,O=C(CN[*:2])N1CCN([*:1])CC1,O=C1CCC(N2C(=O)c3ccc([*:2])cc3C2=O)C(=O)N1,TRK,CRBN,756.8,3.43,165.45,11,2,8,0.3,0.223,-5.331,-5.288,US20210315999A1,2021,CULLGEN SHANGHAI INC
O=C1CCC(N2C(=O)c3ccc(NCCCCCC(=O)N4CCN(c5ccc(C(=O)Nc6n[nH]c7ccc(Cc8cc(F)cc(F)c8)cc67)c(NC6CCOCC6)c5)CC4)cc3C2=O)C(=O)N1,O=C(Nc1n[nH]c2ccc(Cc3cc(F)cc(F)c3)cc12)c1ccc([*:1])cc1NC1CCOCC1,O=C(CCCCCN[*:2])N1CCN([*:1])CC1,O=C1CCC(N2C(=O)c3ccc([*:2])cc3C2=O)C(=O)N1,TRK,CRBN,916.0,6.0,198.17,11,5,15,0.367,0.061,-5.536,-6.179,US20210315999A1,2021,CULLGEN SHANGHAI INC
O=C1CCC(N2C(=O)c3ccc(NCCCCCCC(=O)N4CCN(c5ccc(C(=O)Nc6n[nH]c7ccc(Cc8cc(F)cc(F)c8)cc67)c(NC6CCOCC6)c5)CC4)cc3C2=O)C(=O)N1,O=C(Nc1n[nH]c2ccc(Cc3cc(F)cc(F)c3)cc12)c1ccc([*:1])cc1NC1CCOCC1,O=C(CCCCCCN[*:2])N1CCN([*:1])CC1,O=C1CCC(N2C(=O)c3ccc([*:2])cc3C2=O)C(=O)N1,TRK,CRBN,930.03,6.39,198.17,11,5,16,0.38,0.054,-5.518,-6.297,US20210315999A1,2021,CULLGEN SHANGHAI INC
O=C1CCC(N2C(=O)c3ccc(NCCOCCOCCOCCOCCC(=O)N4CCN(c5ccc(C(=O)Nc6n[nH]c7ccc(Cc8cc(F)cc(F)c8)cc67)c(NC6CCOCC6)c5)CC4)cc3C2=O)C(=O)N1,O=C(Nc1n[nH]c2ccc(Cc3cc(F)cc(F)c3)cc12)c1ccc([*:1])cc1NC1CCOCC1,O=C(CCOCCOCCOCCOCCN[*:2])N1CCN([*:1])CC1,O=C1CCC(N2C(=O)c3ccc([*:2])cc3C2=O)C(=O)N1,TRK,CRBN,1050.13,4.89,235.09,15,5,24,0.426,0.041,-5.319,-3.953,US20210315999A1,2021,CULLGEN SHANGHAI INC
O=C1CCC(N2C(=O)c3ccc(NCCOCCOCCC(=O)N4CCN(c5ccc(C(=O)Nc6n[nH]c7ccc(Cc8cc(F)cc(F)c8)cc67)c(NC6CCOCC6)c5)CC4)cc3C2=O)C(=O)N1,O=C(Nc1n[nH]c2ccc(Cc3cc(F)cc(F)c3)cc12)c1ccc([*:1])cc1NC1CCOCC1,O=C(CCOCCOCCN[*:2])N1CCN([*:1])CC1,O=C1CCC(N2C(=O)c3ccc([*:2])cc3C2=O)C(=O)N1,TRK,CRBN,962.02,4.86,216.63,13,5,18,0.38,0.059,-5.535,-4.978,US20210315999A1,2021,CULLGEN SHANGHAI INC
O=C1CCC(N2C(=O)c3ccc(NCCCCC(=O)N4CCN(c5ccc(C(=O)Nc6n[nH]c7ccc(Cc8cc(F)cc(F)c8)cc67)c(NC6CCOCC6)c5)CC4)cc3C2=O)C(=O)N1,O=C(Nc1n[nH]c2ccc(Cc3cc(F)cc(F)c3)cc12)c1ccc([*:1])cc1NC1CCOCC1,O=C(CCCCN[*:2])N1CCN([*:1])CC1,O=C1CCC(N2C(=O)c3ccc([*:2])cc3C2=O)C(=O)N1,TRK,CRBN,901.97,5.61,198.17,11,5,14,0.354,0.069,-5.531,-6.112,US20210315999A1,2021,CULLGEN SHANGHAI INC
O=C1CCC(N2C(=O)c3ccc(NCC(=O)N4CCN(c5ccc(C(=O)Nc6n[nH]c7ccc(Cc8cc(F)cc(F)c8)cc67)c(NC6CCOCC6)c5)CC4)cc3C2=O)C(=O)N1,O=C(Nc1n[nH]c2ccc(Cc3cc(F)cc(F)c3)cc12)c1ccc([*:1])cc1NC1CCOCC1,O=C(CN[*:2])N1CCN([*:1])CC1,O=C1CCC(N2C(=O)c3ccc([*:2])cc3C2=O)C(=O)N1,TRK,CRBN,859.89,4.44,198.17,11,5,11,0.311,0.118,-5.648,-5.064,US20210315999A1,2021,CULLGEN SHANGHAI INC
O=C1CCC(N2C(=O)c3ccc(NCCC(=O)N4CCN(c5ccc(C(=O)Nc6n[nH]c7ccc(Cc8cc(F)cc(F)c8)cc67)c(NC6CCOCC6)c5)CC4)cc3C2=O)C(=O)N1,O=C(Nc1n[nH]c2ccc(Cc3cc(F)cc(F)c3)cc12)c1ccc([*:1])cc1NC1CCOCC1,O=C(CCN[*:2])N1CCN([*:1])CC1,O=C1CCC(N2C(=O)c3ccc([*:2])cc3C2=O)C(=O)N1,TRK,CRBN,873.92,4.83,198.17,11,5,12,0.326,0.108,-5.692,-5.746,US20210315999A1,2021,CULLGEN SHANGHAI INC
O=C1CCC(N2C(=O)c3ccc(NCCOCCOCCOCCC(=O)N4CCN(c5ccc(C(=O)Nc6n[nH]c7ccc(Cc8cc(F)cc(F)c8)cc67)c(NC6CCOCC6)c5)CC4)cc3C2=O)C(=O)N1,O=C(Nc1n[nH]c2ccc(Cc3cc(F)cc(F)c3)cc12)c1ccc([*:1])cc1NC1CCOCC1,O=C(CCOCCOCCOCCN[*:2])N1CCN([*:1])CC1,O=C1CCC(N2C(=O)c3ccc([*:2])cc3C2=O)C(=O)N1,TRK,CRBN,1006.08,4.88,225.86,14,5,21,0.404,0.049,-5.422,-4.481,US20210315999A1,2021,CULLGEN SHANGHAI INC
O=C1CCC(N2C(=O)c3ccc(NCCCC(=O)N4CCN(c5cccc(-c6cnc7ccc(N8CCCC8c8cccc(F)c8)nn67)n5)CC4)cc3C2=O)C(=O)N1,Fc1cccc(C2CCCN2c2ccc3ncc(-c4cccc([*:1])n4)n3n2)c1,O=C(CCCN[*:2])N1CCN([*:1])CC1,O=C1CCC(N2C(=O)c3ccc([*:2])cc3C2=O)C(=O)N1,TRK,CRBN,784.85,4.21,165.45,11,2,10,0.333,0.154,-5.104,-5.231,US20210315999A1,2021,CULLGEN SHANGHAI INC
O=C1CCC(N2C(=O)c3ccc(NCCCC(=O)N4CCN(c5ccc(C(=O)Nc6n[nH]c7ccc(Cc8cc(F)cc(F)c8)cc67)c(NC6CCOCC6)c5)CC4)cc3C2=O)C(=O)N1,O=C(Nc1n[nH]c2ccc(Cc3cc(F)cc(F)c3)cc12)c1ccc([*:1])cc1NC1CCOCC1,O=C(CCCN[*:2])N1CCN([*:1])CC1,O=C1CCC(N2C(=O)c3ccc([*:2])cc3C2=O)C(=O)N1,TRK,CRBN,887.94,5.22,198.17,11,5,13,0.34,0.077,-5.603,-5.99,US20210315999A1,2021,CULLGEN SHANGHAI INC
O=C1CCC(N2C(=O)c3ccc(OCCN4CCN(c5cccc(-c6cnc7ccc(N8CCCC8c8cccc(F)c8)nn67)n5)CC4)cc3C2=O)C(=O)N1,Fc1cccc(C2CCCN2c2ccc3ncc(-c4cccc([*:1])n4)n3n2)c1,C(CN1CCN([*:1])CC1)O[*:2],O=C1CCC(N2C(=O)c3ccc([*:2])cc3C2=O)C(=O)N1,TRK,CRBN,743.8,3.87,145.58,11,1,9,0.325,0.22,-5.126,-5.701,US20210315999A1,2021,CULLGEN SHANGHAI INC
O=C1CCC(N2C(=O)c3ccc(N4CCC(N5CCN(c6cccc(-c7cnc8ccc(N9CCCC9c9cccc(F)c9)nn78)n6)CC5)CC4)cc3C2=O)C(=O)N1,Fc1cccc(C2CCCN2c2ccc3ncc(-c4cccc([*:1])n4)n3n2)c1,C1CN([*:2])CCC1N1CCN([*:1])CC1,O=C1CCC(N2C(=O)c3ccc([*:2])cc3C2=O)C(=O)N1,TRK,CRBN,782.88,4.46,139.59,11,1,7,0.372,0.234,-5.069,-5.901,US20210315999A1,2021,CULLGEN SHANGHAI INC
Cc1ncsc1-c1ccc(C(C)NC(=O)C2CC(O)CN2C(=O)C(NC(=O)COCCOc2ccc(-c3ccc4c(c3)[nH]c3ccncc34)cn2)C(C)(C)C)cc1,c1cc2[nH]c3cc(-c4ccc([*:1])nc4)ccc3c2cn1,O=C(COCCO[*:1])[*:2],Cc1ncsc1-c1ccc(C(C)NC(=O)C2CC(O)CN2C(=O)C(N[*:2])C(C)(C)C)cc1,VHL,VHL,789.96,5.98,171.66,10,4,13,0.349,0.103,-5.686,-4.266,US20180125821A1,2018,YALE UNIVERSITY
O=C1CCC(N2Cc3c(OCCOCCOCCOCCOCCOc4ccc(-c5ccc6c(c5)[nH]c5ccncc56)cn4)cccc3C2=O)C(=O)N1,c1cc2[nH]c3cc(-c4ccc([*:1])nc4)ccc3c2cn1,C(COCCOCCO[*:2])OCCOCCO[*:1],O=C1CCC(N2Cc3c(cccc3[*:2])C2=O)C(=O)N1,VHL,CRBN,723.78,4.06,163.43,11,2,19,0.359,0.093,-5.46,-2.89,US20180125821A1,2018,YALE UNIVERSITY
Cc1ncsc1-c1ccc(C(C)NC(=O)C2CC(O)CN2C(=O)C(NC(=O)COCCCCCOc2ccc3nc(-c4ccc(N(C)C)cc4)ccc3c2)C(C)(C)C)cc1,CN(C)c1ccc(-c2ccc3cc([*:1])ccc3n2)cc1,O=C(COCCCCCO[*:1])[*:2],Cc1ncsc1-c1ccc(C(C)NC(=O)C2CC(O)CN2C(=O)C(N[*:2])C(C)(C)C)cc1,VHL,VHL,835.08,7.34,146.22,10,3,17,0.426,0.082,-5.769,-5.139,US20180125821A1,2018,YALE UNIVERSITY
Cc1ncsc1-c1ccc(CNC(=O)C2CC(O)CN2C(=O)C(NC(=O)COCCCCCOc2ccc3nc(-c4ccc(N(C)C)cc4)ccc3c2)C(C)(C)C)cc1,CN(C)c1ccc(-c2ccc3cc([*:1])ccc3n2)cc1,O=C(COCCCCCO[*:1])[*:2],Cc1ncsc1-c1ccc(CNC(=O)C2CC(O)CN2C(=O)C(N[*:2])C(C)(C)C)cc1,VHL,VHL,821.06,6.77,146.22,10,3,17,0.413,0.087,-5.776,-4.881,US20180125821A1,2018,YALE UNIVERSITY
Cc1ncsc1-c1ccc(C(C)NC(=O)C2CC(O)CN2C(=O)C(NC(=O)COCCCCOc2ccc3nc(-c4ccc(N(C)C)cc4)ccc3c2)C(C)(C)C)cc1,CN(C)c1ccc(-c2ccc3cc([*:1])ccc3n2)cc1,O=C(COCCCCO[*:1])[*:2],Cc1ncsc1-c1ccc(C(C)NC(=O)C2CC(O)CN2C(=O)C(N[*:2])C(C)(C)C)cc1,VHL,VHL,821.06,6.95,146.22,10,3,16,0.413,0.09,-5.793,-5.042,US20180125821A1,2018,YALE UNIVERSITY
Cc1ncsc1-c1ccc(CNC(=O)C2CC(O)CN2C(=O)C(NC(=O)COCCCCOc2ccc3nc(-c4ccc(N(C)C)cc4)ccc3c2)C(C)(C)C)cc1,CN(C)c1ccc(-c2ccc3cc([*:1])ccc3n2)cc1,O=C(COCCCCO[*:1])[*:2],Cc1ncsc1-c1ccc(CNC(=O)C2CC(O)CN2C(=O)C(N[*:2])C(C)(C)C)cc1,VHL,VHL,807.03,6.38,146.22,10,3,16,0.4,0.097,-5.823,-4.802,US20180125821A1,2018,YALE UNIVERSITY
Cc1ncsc1-c1ccc(C(C)NC(=O)C2CC(O)CN2C(=O)C(NC(=O)COCCOCCOCCOCCOc2ccc3nc(-c4ccc(N(C)C)cc4)ccc3c2)C(C)(C)C)cc1,CN(C)c1ccc(-c2ccc3cc([*:1])ccc3n2)cc1,O=C(COCCOCCOCCOCCO[*:1])[*:2],Cc1ncsc1-c1ccc(C(C)NC(=O)C2CC(O)CN2C(=O)C(N[*:2])C(C)(C)C)cc1,VHL,VHL,925.16,6.22,173.91,13,3,23,0.46,0.063,-5.852,-3.93,US20180125821A1,2018,YALE UNIVERSITY
Cc1ncsc1-c1ccc(CNC(=O)C2CC(O)CN2C(=O)C(NC(=O)COCCOCCOCCOCCOc2ccc3nc(-c4ccc(N(C)C)cc4)ccc3c2)C(C)(C)C)cc1,CN(C)c1ccc(-c2ccc3cc([*:1])ccc3n2)cc1,O=C(COCCOCCOCCOCCO[*:1])[*:2],Cc1ncsc1-c1ccc(CNC(=O)C2CC(O)CN2C(=O)C(N[*:2])C(C)(C)C)cc1,VHL,VHL,911.13,5.65,173.91,13,3,23,0.449,0.069,-5.823,-3.532,US20180125821A1,2018,YALE UNIVERSITY
Cc1ncsc1-c1ccc(C(C)NC(=O)C2CC(O)CN2C(=O)C(NC(=O)COCCOCCOCCOc2ccc3nc(-c4ccc(N(C)C)cc4)ccc3c2)C(C)(C)C)cc1,CN(C)c1ccc(-c2ccc3cc([*:1])ccc3n2)cc1,O=C(COCCOCCOCCO[*:1])[*:2],Cc1ncsc1-c1ccc(C(C)NC(=O)C2CC(O)CN2C(=O)C(N[*:2])C(C)(C)C)cc1,VHL,VHL,881.11,6.2,164.68,12,3,20,0.438,0.076,-5.943,-4.278,US20180125821A1,2018,YALE UNIVERSITY
Cc1ncsc1-c1ccc(CNC(=O)C2CC(O)CN2C(=O)C(NC(=O)COCCOCCOCCOc2ccc3nc(-c4ccc(N(C)C)cc4)ccc3c2)C(C)(C)C)cc1,CN(C)c1ccc(-c2ccc3cc([*:1])ccc3n2)cc1,O=C(COCCOCCOCCO[*:1])[*:2],Cc1ncsc1-c1ccc(CNC(=O)C2CC(O)CN2C(=O)C(N[*:2])C(C)(C)C)cc1,VHL,VHL,867.08,5.64,164.68,12,3,20,0.426,0.083,-5.965,-4.009,US20180125821A1,2018,YALE UNIVERSITY
Cc1ncsc1-c1ccc(C(C)NC(=O)C2CC(O)CN2C(=O)C(NC(=O)COCCOCCOc2ccc3nc(-c4ccc(N(C)C)cc4)ccc3c2)C(C)(C)C)cc1,CN(C)c1ccc(-c2ccc3cc([*:1])ccc3n2)cc1,O=C(COCCOCCO[*:1])[*:2],Cc1ncsc1-c1ccc(C(C)NC(=O)C2CC(O)CN2C(=O)C(N[*:2])C(C)(C)C)cc1,VHL,VHL,837.06,6.18,155.45,11,3,17,0.413,0.093,-5.938,-4.432,US20180125821A1,2018,YALE UNIVERSITY
Cc1ncsc1-c1ccc(CNC(=O)C2CC(O)CN2C(=O)C(NC(=O)COCCOCCOc2ccc3nc(-c4ccc(N(C)C)cc4)ccc3c2)C(C)(C)C)cc1,CN(C)c1ccc(-c2ccc3cc([*:1])ccc3n2)cc1,O=C(COCCOCCO[*:1])[*:2],Cc1ncsc1-c1ccc(CNC(=O)C2CC(O)CN2C(=O)C(N[*:2])C(C)(C)C)cc1,VHL,VHL,823.03,5.62,155.45,11,3,17,0.4,0.101,-5.957,-4.276,US20180125821A1,2018,YALE UNIVERSITY
Cc1ncsc1-c1ccc(CNC(=O)C2CC(O)CN2C(=O)C(NC(=O)COCCOCCOCCOCCOc2ccc(-c3ccc4c(c3)[nH]c3ccncc34)cn2)C(C)(C)C)cc1,c1cc2[nH]c3cc(-c4ccc([*:1])nc4)ccc3c2cn1,O=C(COCCOCCOCCOCCO[*:1])[*:2],Cc1ncsc1-c1ccc(CNC(=O)C2CC(O)CN2C(=O)C(N[*:2])C(C)(C)C)cc1,VHL,VHL,908.09,5.46,199.35,13,4,22,0.417,0.063,-5.655,-3.291,US20180125821A1,2018,YALE UNIVERSITY
Cc1ncsc1-c1ccc(CNC(=O)C2CC(O)CN2C(=O)C(NC(=O)COCCOCCOc2ccc(-c3ccc4c(c3)[nH]c3ccncc34)cn2)C(C)(C)C)cc1,c1cc2[nH]c3cc(-c4ccc([*:1])nc4)ccc3c2cn1,O=C(COCCOCCO[*:1])[*:2],Cc1ncsc1-c1ccc(CNC(=O)C2CC(O)CN2C(=O)C(N[*:2])C(C)(C)C)cc1,VHL,VHL,819.99,5.43,180.89,11,4,16,0.364,0.092,-5.784,-3.926,US20180125821A1,2018,YALE UNIVERSITY
Cc1ncsc1-c1ccc(CNC(=O)C2CC(O)CN2C(=O)C(NC(=O)COCCOCCOCCOc2ccc(-c3ccc4c(c3)[nH]c3ccncc34)cn2)C(C)(C)C)cc1,c1cc2[nH]c3cc(-c4ccc([*:1])nc4)ccc3c2cn1,O=C(COCCOCCOCCO[*:1])[*:2],Cc1ncsc1-c1ccc(CNC(=O)C2CC(O)CN2C(=O)C(N[*:2])C(C)(C)C)cc1,VHL,VHL,864.04,5.45,190.12,12,4,19,0.391,0.076,-5.749,-3.552,US20180125821A1,2018,YALE UNIVERSITY
O=C1CCC(N2C(=O)c3ccc(N4CC(N5CCN(c6cccc(-c7cnc8ccc(N9CCCC9c9cccc(F)c9)nn78)n6)CC5)C4)cc3C2=O)C(=O)N1,Fc1cccc(C2CCCN2c2ccc3ncc(-c4cccc([*:1])n4)n3n2)c1,C1CN([*:1])CCN1C1CN([*:2])C1,O=C1CCC(N2C(=O)c3ccc([*:2])cc3C2=O)C(=O)N1,TRK,CRBN,754.83,3.68,139.59,11,1,7,0.341,0.244,-5.058,-5.21,US20210315999A1,2021,CULLGEN SHANGHAI INC
O=C1CCC(N2Cc3ccc(NCC(=O)N4CCN(c5cccc(-c6cnc7ccc(N8CCCC8c8cccc(F)c8)nn67)n5)CC4)cc3C2=O)C(=O)N1,Fc1cccc(C2CCCN2c2ccc3ncc(-c4cccc([*:1])n4)n3n2)c1,O=C(CN[*:2])N1CCN([*:1])CC1,O=C1CCC(N2Cc3ccc([*:2])cc3C2=O)C(=O)N1,TRK,CRBN,742.82,3.79,148.38,10,2,8,0.325,0.225,-5.346,-4.938,US20210315999A1,2021,CULLGEN SHANGHAI INC
O=C1CCC(N2Cc3cc(NCC(=O)N4CCN(c5cccc(-c6cnc7ccc(N8CCCC8c8cccc(F)c8)nn67)n5)CC4)ccc3C2=O)C(=O)N1,Fc1cccc(C2CCCN2c2ccc3ncc(-c4cccc([*:1])n4)n3n2)c1,O=C(CN[*:2])N1CCN([*:1])CC1,O=C1CCC(N2Cc3cc([*:2])ccc3C2=O)C(=O)N1,TRK,CRBN,742.82,3.79,148.38,10,2,8,0.325,0.225,-5.332,-4.913,US20210315999A1,2021,CULLGEN SHANGHAI INC
O=C1CCC(N2C(=O)c3ccc(N4CC(CN5CCN(c6cccc(-c7cnc8ccc(N9CCCC9c9cccc(F)c9)nn78)n6)CC5)C4)cc3C2=O)C(=O)N1,Fc1cccc(C2CCCN2c2ccc3ncc(-c4cccc([*:1])n4)n3n2)c1,C1CN([*:1])CCN1CC1CN([*:2])C1,O=C1CCC(N2C(=O)c3ccc([*:2])cc3C2=O)C(=O)N1,TRK,CRBN,768.85,3.93,139.59,11,1,8,0.357,0.23,-5.339,-5.667,US20210315999A1,2021,CULLGEN SHANGHAI INC
O=C1CCC(N2Cc3cc(OCCN4CCN(c5cccc(-c6cnc7ccc(N8CCCC8c8cccc(F)c8)nn67)n5)CC4)ccc3C2=O)C(=O)N1,Fc1cccc(C2CCCN2c2ccc3ncc(-c4cccc([*:1])n4)n3n2)c1,C(CN1CCN([*:1])CC1)O[*:2],O=C1CCC(N2Cc3cc([*:2])ccc3C2=O)C(=O)N1,TRK,CRBN,729.82,4.23,128.51,10,1,9,0.35,0.22,-5.104,-5.419,US20210315999A1,2021,CULLGEN SHANGHAI INC
O=C1CCC(N2Cc3ccc(OCCN4CCN(c5cccc(-c6cnc7ccc(N8CCCC8c8cccc(F)c8)nn67)n5)CC4)cc3C2=O)C(=O)N1,Fc1cccc(C2CCCN2c2ccc3ncc(-c4cccc([*:1])n4)n3n2)c1,C(CN1CCN([*:1])CC1)O[*:2],O=C1CCC(N2Cc3ccc([*:2])cc3C2=O)C(=O)N1,TRK,CRBN,729.82,4.23,128.51,10,1,9,0.35,0.22,-5.17,-5.436,US20210315999A1,2021,CULLGEN SHANGHAI INC
O=C1CCC(N2Cc3cc(N4CC(CN5CCN(c6cccc(-c7cnc8ccc(N9CCCC9c9cccc(F)c9)nn78)n6)CC5)C4)ccc3C2=O)C(=O)N1,Fc1cccc(C2CCCN2c2ccc3ncc(-c4cccc([*:1])n4)n3n2)c1,C1CN([*:1])CCN1CC1CN([*:2])C1,O=C1CCC(N2Cc3cc([*:2])ccc3C2=O)C(=O)N1,TRK,CRBN,754.87,4.29,122.52,10,1,8,0.381,0.23,-5.356,-5.583,US20210315999A1,2021,CULLGEN SHANGHAI INC
O=C1CCC(N2C(=O)c3ccc(N4CCC(CN5CCN(c6cccc(-c7cnc8ccc(N9CCCC9c9cccc(F)c9)nn78)n6)CC5)C4)cc3C2=O)C(=O)N1,Fc1cccc(C2CCCN2c2ccc3ncc(-c4cccc([*:1])n4)n3n2)c1,C1CN([*:2])CC1CN1CCN([*:1])CC1,O=C1CCC(N2C(=O)c3ccc([*:2])cc3C2=O)C(=O)N1,TRK,CRBN,782.88,4.32,139.59,11,1,8,0.372,0.225,-5.146,-5.941,US20210315999A1,2021,CULLGEN SHANGHAI INC
O=C1CCC(N2C(=O)c3ccc(N4CCC(CN5CCN(c6cccc(-c7cnc8ccc(N9CCCC9c9cccc(F)c9)nn78)n6)CC5)CC4)cc3C2=O)C(=O)N1,Fc1cccc(C2CCCN2c2ccc3ncc(-c4cccc([*:1])n4)n3n2)c1,C1CN([*:2])CCC1CN1CCN([*:1])CC1,O=C1CCC(N2C(=O)c3ccc([*:2])cc3C2=O)C(=O)N1,TRK,CRBN,796.91,4.71,139.59,11,1,8,0.386,0.219,-5.105,-6.231,US20210315999A1,2021,CULLGEN SHANGHAI INC
O=C1CCC(N2C(=O)c3ccc(N4CC(CN5CCN(c6ccc(C(=O)Nc7n[nH]c8ccc(Cc9cc(F)cc(F)c9)cc78)c(NC7CCOCC7)c6)CC5)C4)cc3C2=O)C(=O)N1,O=C(Nc1n[nH]c2ccc(Cc3cc(F)cc(F)c3)cc12)c1ccc([*:1])cc1NC1CCOCC1,C1CN([*:1])CCN1CC1CN([*:2])C1,O=C1CCC(N2C(=O)c3ccc([*:2])cc3C2=O)C(=O)N1,TRK,CRBN,871.95,4.93,172.31,11,4,11,0.362,0.133,-5.592,-5.604,US20210315999A1,2021,CULLGEN SHANGHAI INC
O=C1CCC(N2C(=O)c3ccc(N4CCN(CCC5CCN(c6ccnc(Nc7cc(F)c8cnccc8c7)c6F)CC5)CC4)cc3C2=O)C(=O)N1,Fc1c([*:1])ccnc1Nc1cc(F)c2cnccc2c1,C(CN1CCN([*:2])CC1)C1CCN([*:1])CC1,O=C1CCC(N2C(=O)c3ccc([*:2])cc3C2=O)C(=O)N1,TAU,CRBN,708.77,4.48,131.08,10,2,8,0.368,0.253,-5.424,-4.717,US20220315575A1,2022,YALE UNIVERSITY
O=C1CCC(N2C(=O)c3ccc(N4CCN(CCC5CCN(c6cc(Nc7cc(F)c8ncccc8n7)c(F)cn6)CC5)CC4)cc3C2=O)C(=O)N1,Fc1cnc([*:1])cc1Nc1cc(F)c2ncccc2n1,C(CN1CCN([*:2])CC1)C1CCN([*:1])CC1,O=C1CCC(N2C(=O)c3ccc([*:2])cc3C2=O)C(=O)N1,TAU,CRBN,709.76,3.88,143.97,11,2,8,0.378,0.258,-5.256,-4.119,US20220315575A1,2022,YALE UNIVERSITY
O=C1CCC(N2C(=O)c3cc(F)c(N4CCN(CC5CCN(c6ncc(-c7ccc8c9cnccc9n(C(F)F)c8c7)cc6F)CC5)CC4)cc3C2=O)C(=O)N1,Fc1cc(-c2ccc3c4cnccc4n(C(F)F)c3c2)cnc1[*:1],C1CN([*:1])CCC1CN1CCN([*:2])CC1,O=C1CCC(N2C(=O)c3cc(F)c([*:2])cc3C2=O)C(=O)N1,TAU,CRBN,768.77,5.36,123.98,9,1,7,0.35,0.172,-5.101,-5.282,US20220315575A1,2022,YALE UNIVERSITY
O=C1CCC(N2Cc3cc(N4CCN(CCC5CCN(c6ncc(-c7ccc8c9cnccc9n(C(F)F)c8c7)cc6F)CC5)CC4)c(F)cc3C2=O)C(=O)N1,Fc1cc(-c2ccc3c4cnccc4n(C(F)F)c3c2)cnc1[*:1],C(CN1CCN([*:2])CC1)C1CCN([*:1])CC1,O=C1CCC(N2Cc3cc([*:2])c(F)cc3C2=O)C(=O)N1,TAU,CRBN,768.82,6.11,106.91,8,1,8,0.39,0.149,-5.024,-5.1,US20220315575A1,2022,YALE UNIVERSITY
O=C1CCC(N2Cc3c(ccc(N4CCN(CCC5CCN(c6ncc(-c7ccc8c9cnccc9n(C(F)F)c8c7)cc6F)CC5)CC4)c3F)C2=O)C(=O)N1,Fc1cc(-c2ccc3c4cnccc4n(C(F)F)c3c2)cnc1[*:1],C(CN1CCN([*:2])CC1)C1CCN([*:1])CC1,O=C1CCC(N2Cc3c(ccc([*:2])c3F)C2=O)C(=O)N1,TAU,CRBN,768.82,6.11,106.91,8,1,8,0.39,0.149,-5.12,-5.087,US20220315575A1,2022,YALE UNIVERSITY
O=C1CCC(N2C(=O)c3cc(F)c(N4CCN(CCC5CCN(c6ncc(-c7ccc8c9cnccc9n(C(F)F)c8c7)cc6F)CC5)CC4)cc3C2=O)C(=O)N1,Fc1cc(-c2ccc3c4cnccc4n(C(F)F)c3c2)cnc1[*:1],C(CN1CCN([*:2])CC1)C1CCN([*:1])CC1,O=C1CCC(N2C(=O)c3cc(F)c([*:2])cc3C2=O)C(=O)N1,TAU,CRBN,782.8,5.75,123.98,9,1,8,0.366,0.155,-5.006,-5.377,US20220315575A1,2022,YALE UNIVERSITY
O=C1CCC(N2Cc3cc(N4CCN(CC5CCN(c6ccc(-c7ccc8c9cnccc9n(C(F)F)c8c7)cn6)CC5)CC4)ccc3C2=O)C(=O)N1,FC(F)n1c2ccncc2c2ccc(-c3ccc([*:1])nc3)cc21,C1CN([*:1])CCC1CN1CCN([*:2])CC1,O=C1CCC(N2Cc3cc([*:2])ccc3C2=O)C(=O)N1,TAU,CRBN,718.81,5.45,106.91,8,1,7,0.375,0.222,-5.319,-4.843,US20220315575A1,2022,YALE UNIVERSITY
O=C1CCC(N2C(=O)c3ccc(N4CCN(CC5CCN(c6ccc(-c7ccc8c9cnccc9n(C(F)F)c8c7)cn6)CC5)CC4)cc3C2=O)C(=O)N1,FC(F)n1c2ccncc2c2ccc(-c3ccc([*:1])nc3)cc21,C1CN([*:1])CCC1CN1CCN([*:2])CC1,O=C1CCC(N2C(=O)c3ccc([*:2])cc3C2=O)C(=O)N1,TAU,CRBN,732.79,5.09,123.98,9,1,7,0.35,0.228,-5.289,-5.106,US20220315575A1,2022,YALE UNIVERSITY
O=C1CCC(N2C(=O)c3ccc(N4CCC(CCN5CCN(c6ncc(-c7ccc8c9cnccc9n(C(F)F)c8c7)cc6F)CC5)CC4)cc3C2=O)C(=O)N1,Fc1cc(-c2ccc3c4cnccc4n(C(F)F)c3c2)cnc1[*:1],C(CN1CCN([*:1])CC1)C1CCN([*:2])CC1,O=C1CCC(N2C(=O)c3ccc([*:2])cc3C2=O)C(=O)N1,TAU,CRBN,764.81,5.62,123.98,9,1,8,0.366,0.201,-5.096,-5.257,US20220315575A1,2022,YALE UNIVERSITY
O=C1CCC(N2Cc3cc(N4CCN(CCC5CCN(c6ccc(-c7ccc8c9cnccc9n(C(F)F)c8c7)cn6)CC5)CC4)ccc3C2=O)C(=O)N1,FC(F)n1c2ccncc2c2ccc(-c3ccc([*:1])nc3)cc21,C(CN1CCN([*:2])CC1)C1CCN([*:1])CC1,O=C1CCC(N2Cc3cc([*:2])ccc3C2=O)C(=O)N1,TAU,CRBN,732.84,5.84,106.91,8,1,8,0.39,0.199,-5.189,-4.745,US20220315575A1,2022,YALE UNIVERSITY
O=C1CCC(N2C(=O)c3cc(F)c(N4CCN(CCC5CCN(c6ncc(-c7ccc8c(c7)[nH]c7ccncc78)cc6C(F)(F)F)CC5)CC4)cc3C2=O)C(=O)N1,FC(F)(F)c1cc(-c2ccc3c(c2)[nH]c2ccncc23)cnc1[*:1],C(CN1CCN([*:2])CC1)C1CCN([*:1])CC1,O=C1CCC(N2C(=O)c3cc(F)c([*:2])cc3C2=O)C(=O)N1,TAU,CRBN,782.8,5.77,134.84,9,2,7,0.366,0.156,-5.363,-5.902,US20220315575A1,2022,YALE UNIVERSITY
O=C1CCC(N2Cc3cc(N4CCN(CCC5CCN(c6ncc(-c7ccc8c(c7)[nH]c7ccncc78)cc6C(F)(F)F)CC5)CC4)ccc3C2=O)C(=O)N1,FC(F)(F)c1cc(-c2ccc3c(c2)[nH]c2ccncc23)cnc1[*:1],C(CN1CCN([*:2])CC1)C1CCN([*:1])CC1,O=C1CCC(N2Cc3cc([*:2])ccc3C2=O)C(=O)N1,TAU,CRBN,750.83,5.99,117.77,8,2,7,0.39,0.195,-5.342,-5.482,US20220315575A1,2022,YALE UNIVERSITY
O=C1CCC(N2Cc3cc(N4CCN(CCC5CCN(c6ncc(-c7ccc8c9cnccc9n(C(F)F)c8c7)cc6C(F)(F)F)CC5)CC4)ccc3C2=O)C(=O)N1,FC(F)n1c2ccncc2c2ccc(-c3cnc([*:1])c(C(F)(F)F)c3)cc21,C(CN1CCN([*:2])CC1)C1CCN([*:1])CC1,O=C1CCC(N2Cc3cc([*:2])ccc3C2=O)C(=O)N1,TAU,CRBN,800.83,6.86,106.91,8,1,8,0.405,0.134,-5.258,-5.363,US20220315575A1,2022,YALE UNIVERSITY
Cn1c2ccncc2c2ccc(-c3cnc(N4CCC(CCN5CCN(c6ccc7c(c6)C(=O)N(C6CCC(=O)NC6=O)C7=O)CC5)CC4)c(C(F)(F)F)c3)cc21,Cn1c2ccncc2c2ccc(-c3cnc([*:1])c(C(F)(F)F)c3)cc21,C(CN1CCN([*:2])CC1)C1CCN([*:1])CC1,O=C1CCC(N2C(=O)c3ccc([*:2])cc3C2=O)C(=O)N1,TAU,CRBN,778.84,5.64,123.98,9,1,7,0.381,0.209,-5.35,-6.263,US20220315575A1,2022,YALE UNIVERSITY
O=C1CCC(N2C(=O)c3ccc(N4CCN(CCC5CCN(c6ccc(-c7ccc8c9cnccc9n(C(F)F)c8c7)cn6)CC5)CC4)cc3C2=O)C(=O)N1,FC(F)n1c2ccncc2c2ccc(-c3ccc([*:1])nc3)cc21,C(CN1CCN([*:2])CC1)C1CCN([*:1])CC1,O=C1CCC(N2C(=O)c3ccc([*:2])cc3C2=O)C(=O)N1,TAU,CRBN,746.82,5.48,123.98,9,1,8,0.366,0.206,-5.145,-5.101,US20220315575A1,2022,YALE UNIVERSITY
O=C1CCC(N2C(=O)c3ccc(N4CCN(CCC5CCN(c6ncc(-c7ccc8c(c7)[nH]c7ccncc78)cc6C(F)(F)F)CC5)CC4)cc3C2=O)C(=O)N1,FC(F)(F)c1cc(-c2ccc3c(c2)[nH]c2ccncc23)cnc1[*:1],C(CN1CCN([*:2])CC1)C1CCN([*:1])CC1,O=C1CCC(N2C(=O)c3ccc([*:2])cc3C2=O)C(=O)N1,TAU,CRBN,764.81,5.63,134.84,9,2,7,0.366,0.203,-5.362,-5.758,US20220315575A1,2022,YALE UNIVERSITY
Cn1c2ccncc2c2ccc(-c3ccc(N4CCC(CCN5CCN(c6ccc7c(c6)C(=O)N(C6CCC(=O)NC6=O)C7=O)CC5)CC4)cc3)cc21,Cn1c2ccncc2c2ccc(-c3ccc([*:1])cc3)cc21,C(CN1CCN([*:2])CC1)C1CCN([*:1])CC1,O=C1CCC(N2C(=O)c3ccc([*:2])cc3C2=O)C(=O)N1,TAU,CRBN,709.85,5.22,111.09,8,1,7,0.357,0.229,-5.266,-5.295,US20220315575A1,2022,YALE UNIVERSITY
CN(C1CC(Oc2ccc(-c3ccc4c5cnccc5n(C)c4c3)cn2)C1)C1CC2(C1)CN(CCN1CCN(c3ccc4c(c3)C(=O)N(C3CCC(=O)NC3=O)C4=O)CC1)C2,CN(C1CC(Oc2ccc(-c3ccc4c5cnccc5n(C)c4c3)cn2)C1)C1CC2(C1)CN([*:1])C2,C1CN([*:2])CCN1CC[*:1],O=C1CCC(N2C(=O)c3ccc([*:2])cc3C2=O)C(=O)N1,TAU,CRBN,821.98,4.32,136.45,11,1,10,0.447,0.202,-5.578,-3.898,US20220315575A1,2022,YALE UNIVERSITY
Cn1c2ccncc2c2ccc(-c3ccc(N4CCC(CCN5CCN(c6ccc7c(c6)C(=O)N(C6CCC(=O)NC6=O)C7=O)CC5)CC4)nc3)cc21,Cn1c2ccncc2c2ccc(-c3ccc([*:1])nc3)cc21,C(CN1CCN([*:2])CC1)C1CCN([*:1])CC1,O=C1CCC(N2C(=O)c3ccc([*:2])cc3C2=O)C(=O)N1,TAU,CRBN,710.84,4.62,123.98,9,1,7,0.366,0.241,-5.24,-5.282,US20220315575A1,2022,YALE UNIVERSITY
Cc1ncsc1-c1ccc(C(C)NC(=O)C2CC(O)CN2C(=O)C(NC(=O)COCCOCCOCCOCCOc2ccc3cc(-n4ccc5ccncc54)ncc3c2)C(C)(C)C)cc1,c1cc2ccn(-c3cc4ccc([*:1])cc4cn3)c2cn1,O=C(COCCOCCOCCOCCO[*:1])[*:2],Cc1ncsc1-c1ccc(C(C)NC(=O)C2CC(O)CN2C(=O)C(N[*:2])C(C)(C)C)cc1,TAU,VHL,922.12,5.82,188.49,13,3,22,0.429,0.069,-5.813,-3.508,US20220315575A1,2022,YALE UNIVERSITY
Cc1cnc(Nc2ccc3cnccc3c2)cc1OCCOCCOCCOCCOCC(=O)NC(C(=O)N1CC(O)CC1C(=O)NC(C)c1ccc(-c2scnc2C)cc1)C(C)(C)C,Cc1cnc(Nc2ccc3cnccc3c2)cc1[*:1],O=C(COCCOCCOCCOCCO[*:1])[*:2],Cc1ncsc1-c1ccc(C(C)NC(=O)C2CC(O)CN2C(=O)C(N[*:2])C(C)(C)C)cc1,TAU,VHL,912.12,5.93,195.59,14,4,23,0.458,0.056,-5.755,-3.466,US20220315575A1,2022,YALE UNIVERSITY
Cc1cnc(Nc2ccc3cnccc3c2)cc1OCCOCCOCCOCC(=O)NC(C(=O)N1CC(O)CC1C(=O)NC(C)c1ccc(-c2scnc2C)cc1)C(C)(C)C,Cc1cnc(Nc2ccc3cnccc3c2)cc1[*:1],O=C(COCCOCCOCCO[*:1])[*:2],Cc1ncsc1-c1ccc(C(C)NC(=O)C2CC(O)CN2C(=O)C(N[*:2])C(C)(C)C)cc1,TAU,VHL,868.07,5.91,186.36,13,4,20,0.435,0.068,-5.766,-3.637,US20220315575A1,2022,YALE UNIVERSITY
Cc1ncsc1-c1ccc(C(C)NC(=O)C2CC(O)CN2C(=O)C(NC(=O)COCCOCCOCCOCCOc2cc3ccn(-c4cc5c(N)cccc5cn4)c3cn2)C(C)(C)C)cc1,Nc1cccc2cnc(-n3ccc4cc([*:1])ncc43)cc12,O=C(COCCOCCOCCOCCO[*:1])[*:2],Cc1ncsc1-c1ccc(C(C)NC(=O)C2CC(O)CN2C(=O)C(N[*:2])C(C)(C)C)cc1,TAU,VHL,937.13,5.4,214.51,14,4,22,0.429,0.05,-5.822,-3.623,US20220315575A1,2022,YALE UNIVERSITY
COc1ccc2nc(C=CC=Cc3ccc(N4CCC(CCN5CCN(c6ccc7c(c6)C(=O)N(C6CCC(=O)NC6=O)C7=O)CC5)CC4)nc3)sc2c1,COc1ccc2nc(C=CC=Cc3ccc([*:1])nc3)sc2c1,C(CN1CCN([*:2])CC1)C1CCN([*:1])CC1,O=C1CCC(N2C(=O)c3ccc([*:2])cc3C2=O)C(=O)N1,TAU,CRBN,745.91,5.26,128.28,11,1,10,0.366,0.17,-5.422,-6.018,US20220315575A1,2022,YALE UNIVERSITY
O=C1CCC(N2Cc3c(cccc3N3CCN(CCC4CCN(c5ncc(-c6ccc7c8cnccc8n(C(F)F)c7c6)cc5F)CC4)CC3)C2=O)C(=O)N1,Fc1cc(-c2ccc3c4cnccc4n(C(F)F)c3c2)cnc1[*:1],C(CN1CCN([*:2])CC1)C1CCN([*:1])CC1,O=C1CCC(N2Cc3c(cccc3[*:2])C2=O)C(=O)N1,TAU,CRBN,750.83,5.98,106.91,8,1,8,0.39,0.194,-5.263,-5.168,US20220315575A1,2022,YALE UNIVERSITY
CN(C)c1cccc2cnc(-n3ccc4cc(N5CCC(CCN6CCN(c7ccc8c(c7)CN(C7CCC(=O)NC7=O)C8=O)CC6)CC5)ncc43)cc12,CN(C)c1cccc2cnc(-n3ccc4cc([*:1])ncc43)cc12,C(CN1CCN([*:2])CC1)C1CCN([*:1])CC1,O=C1CCC(N2Cc3cc([*:2])ccc3C2=O)C(=O)N1,TAU,CRBN,725.9,4.83,110.15,9,1,8,0.405,0.225,-5.19,-4.741,US20220315575A1,2022,YALE UNIVERSITY
CN(C)c1cccc2cnc(-n3ccc4cc(N5CCC(CCN6CCN(c7cc8c(cc7F)C(=O)N(C7CCC(=O)NC7=O)C8=O)CC6)CC5)ncc43)cc12,CN(C)c1cccc2cnc(-n3ccc4cc([*:1])ncc43)cc12,C(CN1CCN([*:2])CC1)C1CCN([*:1])CC1,O=C1CCC(N2C(=O)c3cc(F)c([*:2])cc3C2=O)C(=O)N1,TAU,CRBN,757.87,4.61,127.22,10,1,8,0.381,0.225,-5.203,-5.357,US20220315575A1,2022,YALE UNIVERSITY
O=C1CCC(N2C(=O)c3cccc(N4CCN(CCC5CCN(c6ncc(-c7ccc8c9cnccc9n(C(F)F)c8c7)cc6F)CC5)CC4)c3C2=O)C(=O)N1,Fc1cc(-c2ccc3c4cnccc4n(C(F)F)c3c2)cnc1[*:1],C(CN1CCN([*:2])CC1)C1CCN([*:1])CC1,O=C1CCC(N2C(=O)c3cccc([*:2])c3C2=O)C(=O)N1,TAU,CRBN,764.81,5.62,123.98,9,1,8,0.366,0.201,-5.147,-5.742,US20220315575A1,2022,YALE UNIVERSITY
CC(C)N(CC1CCN(c2ncc(-c3ccc4c5cnccc5n(C(F)F)c4c3)cc2F)CC1)C1CC(Oc2ccc3c(c2)C(=O)N(C2CCC(=O)NC2=O)C3=O)C1,Fc1cc(-c2ccc3c4cnccc4n(C(F)F)c3c2)cnc1[*:1],CC(C)N(CC1CCN([*:1])CC1)C1CC(O[*:2])C1,O=C1CCC(N2C(=O)c3ccc([*:2])cc3C2=O)C(=O)N1,TAU,CRBN,793.85,6.72,129.97,9,1,10,0.395,0.153,-5.614,-5.316,US20220315575A1,2022,YALE UNIVERSITY
Cn1c2ccncc2c2cc(F)c(-c3ccc(N4CCC(CCN5CCN(c6ccc7c(c6)C(=O)N(C6CCC(=O)NC6=O)C7=O)CC5)CC4)nc3)c(F)c21,Cn1c2ccncc2c2cc(F)c(-c3ccc([*:1])nc3)c(F)c21,C(CN1CCN([*:2])CC1)C1CCN([*:1])CC1,O=C1CCC(N2C(=O)c3ccc([*:2])cc3C2=O)C(=O)N1,TAU,CRBN,746.82,4.9,123.98,9,1,7,0.366,0.232,-5.331,-5.499,US20220315575A1,2022,YALE UNIVERSITY
O=C1CCC(N2C(=O)c3ccc(N4CCN(CCC5CCN(c6ccc(-c7ccc8c9cnccc9n(CC(F)(F)F)c8c7)cn6)CC5)CC4)cc3C2=O)C(=O)N1,FC(F)(F)Cn1c2ccncc2c2ccc(-c3ccc([*:1])nc3)cc21,C(CN1CCN([*:2])CC1)C1CCN([*:1])CC1,O=C1CCC(N2C(=O)c3ccc([*:2])cc3C2=O)C(=O)N1,TAU,CRBN,778.84,5.64,123.98,9,1,8,0.381,0.199,-5.236,-6.146,US20220315575A1,2022,YALE UNIVERSITY
CN(C)c1cccc2cnc(-n3ccc4cc(N5CCC(CCN6CCN(c7ccc8c(c7)C(=O)N(C7CCC(=O)NC7=O)C8=O)CC6)CC5)ncc43)cc12,CN(C)c1cccc2cnc(-n3ccc4cc([*:1])ncc43)cc12,C(CN1CCN([*:2])CC1)C1CCN([*:1])CC1,O=C1CCC(N2C(=O)c3ccc([*:2])cc3C2=O)C(=O)N1,TAU,CRBN,739.88,4.47,127.22,10,1,8,0.381,0.228,-5.235,-4.994,US20220315575A1,2022,YALE UNIVERSITY
O=C1CCC(N2C(=O)c3ccc(N4CCN(CC5CCN(c6ncc(-c7ccc8c9cnccc9n(C(F)F)c8c7)cc6C(F)(F)F)CC5)CC4)cc3C2=O)C(=O)N1,FC(F)n1c2ccncc2c2ccc(-c3cnc([*:1])c(C(F)(F)F)c3)cc21,C1CN([*:1])CCC1CN1CCN([*:2])CC1,O=C1CCC(N2C(=O)c3ccc([*:2])cc3C2=O)C(=O)N1,TAU,CRBN,800.79,6.11,123.98,9,1,7,0.366,0.154,-5.236,-5.454,US20220315575A1,2022,YALE UNIVERSITY
Nc1cccc2cnc(-n3ccc4cc(N5CCC(CCN6CCN(c7ccc8c(c7)C(=O)N(C7CCC(=O)NC7=O)C8=O)CC6)CC5)ncc43)cc12,Nc1cccc2cnc(-n3ccc4cc([*:1])ncc43)cc12,C(CN1CCN([*:2])CC1)C1CCN([*:1])CC1,O=C1CCC(N2C(=O)c3ccc([*:2])cc3C2=O)C(=O)N1,TAU,CRBN,711.83,3.99,150.0,10,2,7,0.35,0.188,-5.412,-4.573,US20220315575A1,2022,YALE UNIVERSITY
N#Cc1cc(-c2ccc3c4cnccc4n(C(F)F)c3c2)cnc1N1CCC(CCN2CCN(c3ccc4c(c3)CN(C3CCC(=O)NC3=O)C4=O)CC2)CC1,N#Cc1cc(-c2ccc3c4cnccc4n(C(F)F)c3c2)cnc1[*:1],C(CN1CCN([*:2])CC1)C1CCN([*:1])CC1,O=C1CCC(N2Cc3cc([*:2])ccc3C2=O)C(=O)N1,TAU,CRBN,757.85,5.71,130.7,9,1,8,0.381,0.198,-5.476,-4.955,US20220315575A1,2022,YALE UNIVERSITY
N#Cc1cc(-c2ccc3c4cnccc4n(C(F)F)c3c2)cnc1N1CCC(CCN2CCN(c3ccc4c(c3)C(=O)N(C3CCC(=O)NC3=O)C4=O)CC2)CC1,N#Cc1cc(-c2ccc3c4cnccc4n(C(F)F)c3c2)cnc1[*:1],C(CN1CCN([*:2])CC1)C1CCN([*:1])CC1,O=C1CCC(N2C(=O)c3ccc([*:2])cc3C2=O)C(=O)N1,TAU,CRBN,771.83,5.35,147.77,10,1,8,0.357,0.205,-5.439,-5.257,US20220315575A1,2022,YALE UNIVERSITY
O=C1CCC(N2C(=O)c3ccc(OCCOCCOCCOCCOCCOc4ccc5cc(-n6ccc7ccncc76)ncc5c4)cc3C2=O)C(=O)N1,c1cc2ccn(-c3cc4ccc([*:1])cc4cn3)c2cn1,C(COCCOCCO[*:2])OCCOCCO[*:1],O=C1CCC(N2C(=O)c3ccc([*:2])cc3C2=O)C(=O)N1,TAU,CRBN,737.77,3.5,169.64,12,1,19,0.333,0.097,-5.368,-3.032,US20220315575A1,2022,YALE UNIVERSITY
Nc1cccc2cnc(-n3ccc4cc(OCCOCCOCCOCCOCCOc5ccc6c(c5)C(=O)N(C5CCC(=O)NC5=O)C6=O)ncc43)cc12,Nc1cccc2cnc(-n3ccc4cc([*:1])ncc43)cc12,C(COCCOCCO[*:2])OCCOCCO[*:1],O=C1CCC(N2C(=O)c3ccc([*:2])cc3C2=O)C(=O)N1,TAU,CRBN,752.78,3.08,195.66,13,2,19,0.333,0.071,-5.457,-2.792,US20220315575A1,2022,YALE UNIVERSITY
Cc1cc(C(=O)NCCOCCOCCOCCNc2cccc3c2C(=O)N(C2CCC(=O)NC2=O)C3=O)cc(C)c1-c1cccc2c(CCCOc3cccc4ccccc34)c(C(=O)O)nn12,Cc1cc([*:1])cc(C)c1-c1cccc2c(CCCOc3cccc4ccccc34)c(C(=O)O)nn12,O=C(NCCOCCOCCOCCN[*:2])[*:1],O=C1CCC(N2C(=O)c3cccc([*:2])c3C2=O)C(=O)N1,MCL-1,CRBN,925.01,5.77,216.2,12,4,22,0.314,0.047,-5.31,-4.479,WO2022255888A1,2022,CAPTOR THERAPEUTICS SA
Cc1cc(C(=O)NCCOCCOCCNc2cccc3c2C(=O)N(C2CCC(=O)NC2=O)C3=O)cc(C)c1-c1cccc2c(CCCOc3cccc4ccccc34)c(C(=O)O)nn12,Cc1cc([*:1])cc(C)c1-c1cccc2c(CCCOc3cccc4ccccc34)c(C(=O)O)nn12,O=C(NCCOCCOCCN[*:2])[*:1],O=C1CCC(N2C(=O)c3cccc([*:2])c3C2=O)C(=O)N1,MCL-1,CRBN,880.95,5.76,206.97,11,4,19,0.286,0.057,-5.345,-4.685,WO2022255888A1,2022,CAPTOR THERAPEUTICS SA
Cc1cc(C(=O)NCCOCCNc2cccc3c2C(=O)N(C2CCC(=O)NC2=O)C3=O)cc(C)c1-c1cccc2c(CCCOc3cccc4ccccc34)c(C(=O)O)nn12,Cc1cc([*:1])cc(C)c1-c1cccc2c(CCCOc3cccc4ccccc34)c(C(=O)O)nn12,O=C(NCCOCCN[*:2])[*:1],O=C1CCC(N2C(=O)c3cccc([*:2])c3C2=O)C(=O)N1,MCL-1,CRBN,836.9,5.74,197.74,10,4,16,0.255,0.069,-5.538,-4.919,WO2022255888A1,2022,CAPTOR THERAPEUTICS SA
Cc1cc(C(=O)NCCCCCNc2cccc3c2C(=O)N(C2CCC(=O)NC2=O)C3=O)cc(C)c1-c1cccc2c(CCCOc3cccc4ccccc34)c(C(=O)O)nn12,Cc1cc([*:1])cc(C)c1-c1cccc2c(CCCOc3cccc4ccccc34)c(C(=O)O)nn12,O=C(NCCCCCN[*:2])[*:1],O=C1CCC(N2C(=O)c3cccc([*:2])c3C2=O)C(=O)N1,MCL-1,CRBN,834.93,6.89,188.51,9,4,16,0.271,0.059,-5.474,-4.864,WO2022255888A1,2022,CAPTOR THERAPEUTICS SA
Cc1nn(C)c(C)c1-c1c(Cl)ccc2c(CCCOc3cccc4cc(F)ccc34)c(C(=O)O)n(CCN3CCN(c4cccc5c4C(=O)N(C4CCC(=O)NC4=O)C5=O)CC3)c12,Cc1nn(C)c(C)c1-c1c(Cl)ccc2c(CCCOc3cccc4cc(F)ccc34)c(C(=O)O)n([*:1])c12,C1CN([*:2])CCN1CC[*:1],O=C1CCC(N2C(=O)c3cccc([*:2])c3C2=O)C(=O)N1,MCL-1,CRBN,874.37,6.54,159.31,9,2,12,0.319,0.102,-5.446,-5.231,WO2022255888A1,2022,CAPTOR THERAPEUTICS SA
COc1cccc(F)c1-c1nccc(C(=O)Nc2ccc(-c3cnccc3C#N)cc2N2CCN(C(=O)CCCCCCC(=O)NC(C(=O)N3CC(O)CC3C(=O)NCc3ccc(-c4scnc4C)cc3)C(C)(C)C)CC2)n1,COc1cccc(F)c1-c1nccc(C(=O)Nc2ccc(-c3cnccc3C#N)cc2[*:1])n1,O=C(CCCCCCC(=O)[*:2])N1CCN([*:1])CC1,Cc1ncsc1-c1ccc(CNC(=O)C2CC(O)CN2C(=O)C(N[*:2])C(C)(C)C)cc1,HPK1,VHL,1078.28,7.71,235.97,14,4,19,0.379,0.057,-5.834,-5.19,US20230022524A1,2023,MOUNT SINAI HEALTH SYSTEM
COc1cccc(F)c1-c1nccc(C(=O)Nc2ccc(-c3cnccc3C#N)cc2N2CCN(C(=O)CCCCCC(=O)NC(C(=O)N3CC(O)CC3C(=O)NCc3ccc(-c4scnc4C)cc3)C(C)(C)C)CC2)n1,COc1cccc(F)c1-c1nccc(C(=O)Nc2ccc(-c3cnccc3C#N)cc2[*:1])n1,O=C(CCCCCC(=O)[*:2])N1CCN([*:1])CC1,Cc1ncsc1-c1ccc(CNC(=O)C2CC(O)CN2C(=O)C(N[*:2])C(C)(C)C)cc1,HPK1,VHL,1064.26,7.32,235.97,14,4,18,0.368,0.062,-5.796,-5.07,US20230022524A1,2023,MOUNT SINAI HEALTH SYSTEM
COc1cccc(F)c1-c1nccc(C(=O)Nc2ccc(-c3cnccc3C#N)cc2N2CCN(C(=O)CCC(=O)NC(C(=O)N3CC(O)CC3C(=O)NCc3ccc(-c4scnc4C)cc3)C(C)(C)C)CC2)n1,COc1cccc(F)c1-c1nccc(C(=O)Nc2ccc(-c3cnccc3C#N)cc2[*:1])n1,O=C(CCC(=O)[*:2])N1CCN([*:1])CC1,Cc1ncsc1-c1ccc(CNC(=O)C2CC(O)CN2C(=O)C(N[*:2])C(C)(C)C)cc1,HPK1,VHL,1022.18,6.15,235.97,14,4,15,0.333,0.091,-5.754,-4.401,US20230022524A1,2023,MOUNT SINAI HEALTH SYSTEM
COc1cccc(F)c1-c1nccc(C(=O)Nc2ccc(-c3cnccc3C#N)cc2N2CCN(C(=O)CCOCCOCCOCCOCCNc3cccc4c3C(=O)N(C3CCC(=O)NC3=O)C4=O)CC2)n1,COc1cccc(F)c1-c1nccc(C(=O)Nc2ccc(-c3cnccc3C#N)cc2[*:1])n1,O=C(CCOCCOCCOCCOCCN[*:2])N1CCN([*:1])CC1,O=C1CCC(N2C(=O)c3cccc([*:2])c3C2=O)C(=O)N1,HPK1,CRBN,1013.05,4.1,256.84,17,3,23,0.346,0.061,-5.474,-3.197,US20230022524A1,2023,MOUNT SINAI HEALTH SYSTEM
COc1cccc(F)c1-c1nccc(C(=O)Nc2ccc(-c3cnccc3C#N)cc2N2CCN(C(=O)CCOCCOCCOCCNc3cccc4c3C(=O)N(C3CCC(=O)NC3=O)C4=O)CC2)n1,COc1cccc(F)c1-c1nccc(C(=O)Nc2ccc(-c3cnccc3C#N)cc2[*:1])n1,O=C(CCOCCOCCOCCN[*:2])N1CCN([*:1])CC1,O=C1CCC(N2C(=O)c3cccc([*:2])c3C2=O)C(=O)N1,HPK1,CRBN,969.0,4.08,247.61,16,3,20,0.32,0.073,-5.627,-3.317,US20230022524A1,2023,MOUNT SINAI HEALTH SYSTEM
COc1cccc(F)c1-c1nccc(C(=O)Nc2ccc(-c3cnccc3C#N)cc2N2CCN(C(=O)CCOCCOCCNc3cccc4c3C(=O)N(C3CCC(=O)NC3=O)C4=O)CC2)n1,COc1cccc(F)c1-c1nccc(C(=O)Nc2ccc(-c3cnccc3C#N)cc2[*:1])n1,O=C(CCOCCOCCN[*:2])N1CCN([*:1])CC1,O=C1CCC(N2C(=O)c3cccc([*:2])c3C2=O)C(=O)N1,HPK1,CRBN,924.95,4.06,238.38,15,3,17,0.292,0.088,-5.727,-3.55,US20230022524A1,2023,MOUNT SINAI HEALTH SYSTEM
COc1cccc(F)c1-c1nccc(C(=O)Nc2ccc(-c3cnccc3C#N)cc2N2CCN(C(=O)CCOCCNc3cccc4c3C(=O)N(C3CCC(=O)NC3=O)C4=O)CC2)n1,COc1cccc(F)c1-c1nccc(C(=O)Nc2ccc(-c3cnccc3C#N)cc2[*:1])n1,O=C(CCOCCN[*:2])N1CCN([*:1])CC1,O=C1CCC(N2C(=O)c3cccc([*:2])c3C2=O)C(=O)N1,HPK1,CRBN,880.89,4.05,229.15,14,3,14,0.261,0.106,-5.662,-3.899,US20230022524A1,2023,MOUNT SINAI HEALTH SYSTEM
COc1cccc(F)c1-c1nccc(C(=O)Nc2ccc(-c3cnccc3C#N)cc2N2CCN(C(=O)CCCCCCNc3cccc4c3C(=O)N(C3CCC(=O)NC3=O)C4=O)CC2)n1,COc1cccc(F)c1-c1nccc(C(=O)Nc2ccc(-c3cnccc3C#N)cc2[*:1])n1,O=C(CCCCCCN[*:2])N1CCN([*:1])CC1,O=C1CCC(N2C(=O)c3cccc([*:2])c3C2=O)C(=O)N1,HPK1,CRBN,892.95,5.59,219.92,13,3,15,0.292,0.086,-5.362,-5.083,US20230022524A1,2023,MOUNT SINAI HEALTH SYSTEM
COc1cccc(F)c1-c1nccc(C(=O)Nc2ccc(-c3cnccc3C#N)cc2N2CCN(C(=O)CCCCCNc3cccc4c3C(=O)N(C3CCC(=O)NC3=O)C4=O)CC2)n1,COc1cccc(F)c1-c1nccc(C(=O)Nc2ccc(-c3cnccc3C#N)cc2[*:1])n1,O=C(CCCCCN[*:2])N1CCN([*:1])CC1,O=C1CCC(N2C(=O)c3cccc([*:2])c3C2=O)C(=O)N1,HPK1,CRBN,878.92,5.2,219.92,13,3,14,0.277,0.097,-5.409,-4.809,US20230022524A1,2023,MOUNT SINAI HEALTH SYSTEM
COc1cccc(F)c1-c1nccc(C(=O)Nc2ccc(-c3cnccc3C#N)cc2N2CCN(C(=O)CCCCNc3cccc4c3C(=O)N(C3CCC(=O)NC3=O)C4=O)CC2)n1,COc1cccc(F)c1-c1nccc(C(=O)Nc2ccc(-c3cnccc3C#N)cc2[*:1])n1,O=C(CCCCN[*:2])N1CCN([*:1])CC1,O=C1CCC(N2C(=O)c3cccc([*:2])c3C2=O)C(=O)N1,HPK1,CRBN,864.89,4.81,219.92,13,3,13,0.261,0.107,-5.443,-4.632,US20230022524A1,2023,MOUNT SINAI HEALTH SYSTEM
COc1cccc(F)c1-c1nccc(C(=O)Nc2ccc(-c3cnccc3C#N)cc2N2CCN(C(=O)CCCNc3cccc4c3C(=O)N(C3CCC(=O)NC3=O)C4=O)CC2)n1,COc1cccc(F)c1-c1nccc(C(=O)Nc2ccc(-c3cnccc3C#N)cc2[*:1])n1,O=C(CCCN[*:2])N1CCN([*:1])CC1,O=C1CCC(N2C(=O)c3cccc([*:2])c3C2=O)C(=O)N1,HPK1,CRBN,850.87,4.42,219.92,13,3,12,0.244,0.117,-5.534,-4.4,US20230022524A1,2023,MOUNT SINAI HEALTH SYSTEM
COc1cccc(F)c1-c1nccc(C(=O)Nc2ccc(-c3cnccc3C#N)cc2N2CCN(C(=O)CCNc3cccc4c3C(=O)N(C3CCC(=O)NC3=O)C4=O)CC2)n1,COc1cccc(F)c1-c1nccc(C(=O)Nc2ccc(-c3cnccc3C#N)cc2[*:1])n1,O=C(CCN[*:2])N1CCN([*:1])CC1,O=C1CCC(N2C(=O)c3cccc([*:2])c3C2=O)C(=O)N1,HPK1,CRBN,836.84,4.03,219.92,13,3,11,0.227,0.16,-5.64,-4.305,US20230022524A1,2023,MOUNT SINAI HEALTH SYSTEM
COc1cccc(F)c1-c1nccc(C(=O)Nc2ccc(-c3cnccc3C#N)cc2N2CCN(C(=O)CNc3cccc4c3C(=O)N(C3CCC(=O)NC3=O)C4=O)CC2)n1,COc1cccc(F)c1-c1nccc(C(=O)Nc2ccc(-c3cnccc3C#N)cc2[*:1])n1,O=C(CN[*:2])N1CCN([*:1])CC1,O=C1CCC(N2C(=O)c3cccc([*:2])c3C2=O)C(=O)N1,HPK1,CRBN,822.81,3.64,219.92,13,3,10,0.209,0.172,-5.554,-4.453,US20230022524A1,2023,MOUNT SINAI HEALTH SYSTEM
COc1cccc(F)c1-c1nccc(C(=O)Nc2ccc(-c3cnccc3C#N)cc2N2CCN(C(=O)CCCCCCNc3ccc4c(c3)C(=O)N(C3CCC(=O)NC3=O)C4=O)CC2)n1,COc1cccc(F)c1-c1nccc(C(=O)Nc2ccc(-c3cnccc3C#N)cc2[*:1])n1,O=C(CCCCCCN[*:2])N1CCN([*:1])CC1,O=C1CCC(N2C(=O)c3ccc([*:2])cc3C2=O)C(=O)N1,HPK1,CRBN,892.95,5.59,219.92,13,3,15,0.292,0.086,-5.263,-4.637,US20230022524A1,2023,MOUNT SINAI HEALTH SYSTEM
COc1cccc(F)c1-c1nccc(C(=O)Nc2ccc(-c3cnccc3C#N)cc2N2CCN(C(=O)CCCCCNc3ccc4c(c3)C(=O)N(C3CCC(=O)NC3=O)C4=O)CC2)n1,COc1cccc(F)c1-c1nccc(C(=O)Nc2ccc(-c3cnccc3C#N)cc2[*:1])n1,O=C(CCCCCN[*:2])N1CCN([*:1])CC1,O=C1CCC(N2C(=O)c3ccc([*:2])cc3C2=O)C(=O)N1,HPK1,CRBN,878.92,5.2,219.92,13,3,14,0.277,0.097,-5.311,-4.535,US20230022524A1,2023,MOUNT SINAI HEALTH SYSTEM
COc1cccc(F)c1-c1nccc(C(=O)Nc2ccc(-c3cnccc3C#N)cc2N2CCN(C(=O)CCCCNc3ccc4c(c3)C(=O)N(C3CCC(=O)NC3=O)C4=O)CC2)n1,COc1cccc(F)c1-c1nccc(C(=O)Nc2ccc(-c3cnccc3C#N)cc2[*:1])n1,O=C(CCCCN[*:2])N1CCN([*:1])CC1,O=C1CCC(N2C(=O)c3ccc([*:2])cc3C2=O)C(=O)N1,HPK1,CRBN,864.89,4.81,219.92,13,3,13,0.261,0.107,-5.37,-4.362,US20230022524A1,2023,MOUNT SINAI HEALTH SYSTEM
COc1cccc(F)c1-c1nccc(C(=O)Nc2ccc(-c3cnccc3C#N)cc2N2CCN(C(=O)CCCNc3ccc4c(c3)C(=O)N(C3CCC(=O)NC3=O)C4=O)CC2)n1,COc1cccc(F)c1-c1nccc(C(=O)Nc2ccc(-c3cnccc3C#N)cc2[*:1])n1,O=C(CCCN[*:2])N1CCN([*:1])CC1,O=C1CCC(N2C(=O)c3ccc([*:2])cc3C2=O)C(=O)N1,HPK1,CRBN,850.87,4.42,219.92,13,3,12,0.244,0.117,-5.508,-4.167,US20230022524A1,2023,MOUNT SINAI HEALTH SYSTEM
COc1cccc(F)c1-c1nccc(C(=O)Nc2ccc(-c3cnccc3C#N)cc2N2CCN(C(=O)CCNc3ccc4c(c3)C(=O)N(C3CCC(=O)NC3=O)C4=O)CC2)n1,COc1cccc(F)c1-c1nccc(C(=O)Nc2ccc(-c3cnccc3C#N)cc2[*:1])n1,O=C(CCN[*:2])N1CCN([*:1])CC1,O=C1CCC(N2C(=O)c3ccc([*:2])cc3C2=O)C(=O)N1,HPK1,CRBN,836.84,4.03,219.92,13,3,11,0.227,0.16,-5.625,-4.25,US20230022524A1,2023,MOUNT SINAI HEALTH SYSTEM
COc1cccc(F)c1-c1nccc(C(=O)Nc2ccc(-c3cnccc3C#N)cc2N2CCN(C(=O)CNc3ccc4c(c3)C(=O)N(C3CCC(=O)NC3=O)C4=O)CC2)n1,COc1cccc(F)c1-c1nccc(C(=O)Nc2ccc(-c3cnccc3C#N)cc2[*:1])n1,O=C(CN[*:2])N1CCN([*:1])CC1,O=C1CCC(N2C(=O)c3ccc([*:2])cc3C2=O)C(=O)N1,HPK1,CRBN,822.81,3.64,219.92,13,3,10,0.209,0.172,-5.541,-4.349,US20230022524A1,2023,MOUNT SINAI HEALTH SYSTEM
COc1cccc(F)c1-c1nccc(C(=O)Nc2ccc(-c3cnccc3C#N)cc2N2CCN(C(=O)CCOCCOCCOCCOCCNc3ccc4c(c3)C(=O)N(C3CCC(=O)NC3=O)C4=O)CC2)n1,COc1cccc(F)c1-c1nccc(C(=O)Nc2ccc(-c3cnccc3C#N)cc2[*:1])n1,O=C(CCOCCOCCOCCOCCN[*:2])N1CCN([*:1])CC1,O=C1CCC(N2C(=O)c3ccc([*:2])cc3C2=O)C(=O)N1,HPK1,CRBN,1013.05,4.1,256.84,17,3,23,0.346,0.061,-5.45,-3.258,US20230022524A1,2023,MOUNT SINAI HEALTH SYSTEM
COc1cccc(F)c1-c1nccc(C(=O)Nc2ccc(-c3cnccc3C#N)cc2N2CCN(C(=O)CCOCCOCCOCCNc3ccc4c(c3)C(=O)N(C3CCC(=O)NC3=O)C4=O)CC2)n1,COc1cccc(F)c1-c1nccc(C(=O)Nc2ccc(-c3cnccc3C#N)cc2[*:1])n1,O=C(CCOCCOCCOCCN[*:2])N1CCN([*:1])CC1,O=C1CCC(N2C(=O)c3ccc([*:2])cc3C2=O)C(=O)N1,HPK1,CRBN,969.0,4.08,247.61,16,3,20,0.32,0.073,-5.519,-3.483,US20230022524A1,2023,MOUNT SINAI HEALTH SYSTEM
COc1cccc(F)c1-c1nccc(C(=O)Nc2ccc(-c3cnccc3C#N)cc2N2CCN(C(=O)CCOCCOCCNc3ccc4c(c3)C(=O)N(C3CCC(=O)NC3=O)C4=O)CC2)n1,COc1cccc(F)c1-c1nccc(C(=O)Nc2ccc(-c3cnccc3C#N)cc2[*:1])n1,O=C(CCOCCOCCN[*:2])N1CCN([*:1])CC1,O=C1CCC(N2C(=O)c3ccc([*:2])cc3C2=O)C(=O)N1,HPK1,CRBN,924.95,4.06,238.38,15,3,17,0.292,0.088,-5.705,-3.682,US20230022524A1,2023,MOUNT SINAI HEALTH SYSTEM
COc1cccc(F)c1-c1nccc(C(=O)Nc2ccc(-c3cnccc3C#N)cc2N2CCN(C(=O)CCOCCNc3ccc4c(c3)C(=O)N(C3CCC(=O)NC3=O)C4=O)CC2)n1,COc1cccc(F)c1-c1nccc(C(=O)Nc2ccc(-c3cnccc3C#N)cc2[*:1])n1,O=C(CCOCCN[*:2])N1CCN([*:1])CC1,O=C1CCC(N2C(=O)c3ccc([*:2])cc3C2=O)C(=O)N1,HPK1,CRBN,880.89,4.05,229.15,14,3,14,0.261,0.106,-5.677,-3.909,US20230022524A1,2023,MOUNT SINAI HEALTH SYSTEM
COc1cccc(F)c1-c1ncc2[nH]nc(-c3ccc(N4CCN(C(=O)CCCCCCC(=O)NC(C(=O)N5CC(O)CC5C(=O)NCc5ccc(-c6scnc6C)cc5)C(C)(C)C)CC4)cc3)c2n1,COc1cccc(F)c1-c1ncc2[nH]nc(-c3ccc([*:1])cc3)c2n1,O=C(CCCCCCC(=O)[*:2])N1CCN([*:1])CC1,Cc1ncsc1-c1ccc(CNC(=O)C2CC(O)CN2C(=O)C(N[*:2])C(C)(C)C)cc1,HPK1,VHL,973.19,7.06,198.87,12,4,17,0.423,0.068,-5.744,-4.916,US20230022524A1,2023,MOUNT SINAI HEALTH SYSTEM
COc1cccc(F)c1-c1ncc2[nH]nc(-c3ccc(N4CCN(C(=O)CCCCCC(=O)NC(C(=O)N5CC(O)CC5C(=O)NCc5ccc(-c6scnc6C)cc5)C(C)(C)C)CC4)cc3)c2n1,COc1cccc(F)c1-c1ncc2[nH]nc(-c3ccc([*:1])cc3)c2n1,O=C(CCCCCC(=O)[*:2])N1CCN([*:1])CC1,Cc1ncsc1-c1ccc(CNC(=O)C2CC(O)CN2C(=O)C(N[*:2])C(C)(C)C)cc1,HPK1,VHL,959.16,6.67,198.87,12,4,16,0.412,0.076,-5.717,-4.88,US20230022524A1,2023,MOUNT SINAI HEALTH SYSTEM
COc1cccc(F)c1-c1ncc2[nH]nc(-c3ccc(N4CCN(C(=O)CCC(=O)NC(C(=O)N5CC(O)CC5C(=O)NCc5ccc(-c6scnc6C)cc5)C(C)(C)C)CC4)cc3)c2n1,COc1cccc(F)c1-c1ncc2[nH]nc(-c3ccc([*:1])cc3)c2n1,O=C(CCC(=O)[*:2])N1CCN([*:1])CC1,Cc1ncsc1-c1ccc(CNC(=O)C2CC(O)CN2C(=O)C(N[*:2])C(C)(C)C)cc1,HPK1,VHL,917.08,5.5,198.87,12,4,13,0.375,0.114,-5.668,-4.285,US20230022524A1,2023,MOUNT SINAI HEALTH SYSTEM
COc1cccc(F)c1-c1ncc2[nH]nc(-c3ccc(N4CCN(C(=O)CCOCCOCCOCCOCCNc5cccc6c5C(=O)N(C5CCC(=O)NC5=O)C6=O)CC4)cc3)c2n1,COc1cccc(F)c1-c1ncc2[nH]nc(-c3ccc([*:1])cc3)c2n1,O=C(CCOCCOCCOCCOCCN[*:2])N1CCN([*:1])CC1,O=C1CCC(N2C(=O)c3cccc([*:2])c3C2=O)C(=O)N1,HPK1,CRBN,907.96,3.45,219.74,15,3,21,0.391,0.071,-5.255,-3.085,US20230022524A1,2023,MOUNT SINAI HEALTH SYSTEM
COc1cccc(F)c1-c1ncc2[nH]nc(-c3ccc(N4CCN(C(=O)CCOCCOCCOCCNc5cccc6c5C(=O)N(C5CCC(=O)NC5=O)C6=O)CC4)cc3)c2n1,COc1cccc(F)c1-c1ncc2[nH]nc(-c3ccc([*:1])cc3)c2n1,O=C(CCOCCOCCOCCN[*:2])N1CCN([*:1])CC1,O=C1CCC(N2C(=O)c3cccc([*:2])c3C2=O)C(=O)N1,HPK1,CRBN,863.9,3.44,210.51,14,3,18,0.364,0.085,-5.276,-3.336,US20230022524A1,2023,MOUNT SINAI HEALTH SYSTEM
COc1cccc(F)c1-c1ncc2[nH]nc(-c3ccc(N4CCN(C(=O)CCOCCOCCNc5cccc6c5C(=O)N(C5CCC(=O)NC5=O)C6=O)CC4)cc3)c2n1,COc1cccc(F)c1-c1ncc2[nH]nc(-c3ccc([*:1])cc3)c2n1,O=C(CCOCCOCCN[*:2])N1CCN([*:1])CC1,O=C1CCC(N2C(=O)c3cccc([*:2])c3C2=O)C(=O)N1,HPK1,CRBN,819.85,3.42,201.28,13,3,15,0.333,0.103,-5.408,-3.598,US20230022524A1,2023,MOUNT SINAI HEALTH SYSTEM
COc1cccc(F)c1-c1ncc2[nH]nc(-c3ccc(N4CCN(C(=O)CCOCCNc5cccc6c5C(=O)N(C5CCC(=O)NC5=O)C6=O)CC4)cc3)c2n1,COc1cccc(F)c1-c1ncc2[nH]nc(-c3ccc([*:1])cc3)c2n1,O=C(CCOCCN[*:2])N1CCN([*:1])CC1,O=C1CCC(N2C(=O)c3cccc([*:2])c3C2=O)C(=O)N1,HPK1,CRBN,775.8,3.4,192.05,12,3,12,0.3,0.124,-5.533,-3.917,US20230022524A1,2023,MOUNT SINAI HEALTH SYSTEM
COc1cccc(F)c1-c1ncc2[nH]nc(-c3ccc(N4CCN(C(=O)CCCCCCNc5cccc6c5C(=O)N(C5CCC(=O)NC5=O)C6=O)CC4)cc3)c2n1,COc1cccc(F)c1-c1ncc2[nH]nc(-c3ccc([*:1])cc3)c2n1,O=C(CCCCCCN[*:2])N1CCN([*:1])CC1,O=C1CCC(N2C(=O)c3cccc([*:2])c3C2=O)C(=O)N1,HPK1,CRBN,787.85,4.95,182.82,11,3,13,0.333,0.109,-5.431,-4.463,US20230022524A1,2023,MOUNT SINAI HEALTH SYSTEM
COc1cccc(F)c1-c1ncc2[nH]nc(-c3ccc(N4CCN(C(=O)CCCCCNc5cccc6c5C(=O)N(C5CCC(=O)NC5=O)C6=O)CC4)cc3)c2n1,COc1cccc(F)c1-c1ncc2[nH]nc(-c3ccc([*:1])cc3)c2n1,O=C(CCCCCN[*:2])N1CCN([*:1])CC1,O=C1CCC(N2C(=O)c3cccc([*:2])c3C2=O)C(=O)N1,HPK1,CRBN,773.83,4.56,182.82,11,3,12,0.317,0.119,-5.418,-4.375,US20230022524A1,2023,MOUNT SINAI HEALTH SYSTEM
COc1cccc(F)c1-c1ncc2[nH]nc(-c3ccc(N4CCN(C(=O)CCCCNc5cccc6c5C(=O)N(C5CCC(=O)NC5=O)C6=O)CC4)cc3)c2n1,COc1cccc(F)c1-c1ncc2[nH]nc(-c3ccc([*:1])cc3)c2n1,O=C(CCCCN[*:2])N1CCN([*:1])CC1,O=C1CCC(N2C(=O)c3cccc([*:2])c3C2=O)C(=O)N1,HPK1,CRBN,759.8,4.17,182.82,11,3,11,0.3,0.13,-5.414,-4.388,US20230022524A1,2023,MOUNT SINAI HEALTH SYSTEM
COc1cccc(F)c1-c1ncc2[nH]nc(-c3ccc(N4CCN(C(=O)CCCNc5cccc6c5C(=O)N(C5CCC(=O)NC5=O)C6=O)CC4)cc3)c2n1,COc1cccc(F)c1-c1ncc2[nH]nc(-c3ccc([*:1])cc3)c2n1,O=C(CCCN[*:2])N1CCN([*:1])CC1,O=C1CCC(N2C(=O)c3cccc([*:2])c3C2=O)C(=O)N1,HPK1,CRBN,745.77,3.78,182.82,11,3,10,0.282,0.14,-5.49,-4.467,US20230022524A1,2023,MOUNT SINAI HEALTH SYSTEM
COc1cccc(F)c1-c1ncc2[nH]nc(-c3ccc(N4CCN(C(=O)CCNc5cccc6c5C(=O)N(C5CCC(=O)NC5=O)C6=O)CC4)cc3)c2n1,COc1cccc(F)c1-c1ncc2[nH]nc(-c3ccc([*:1])cc3)c2n1,O=C(CCN[*:2])N1CCN([*:1])CC1,O=C1CCC(N2C(=O)c3cccc([*:2])c3C2=O)C(=O)N1,HPK1,CRBN,731.75,3.39,182.82,11,3,9,0.263,0.189,-5.524,-4.307,US20230022524A1,2023,MOUNT SINAI HEALTH SYSTEM
COc1cccc(F)c1-c1ncc2[nH]nc(-c3ccc(N4CCN(C(=O)CNc5cccc6c5C(=O)N(C5CCC(=O)NC5=O)C6=O)CC4)cc3)c2n1,COc1cccc(F)c1-c1ncc2[nH]nc(-c3ccc([*:1])cc3)c2n1,O=C(CN[*:2])N1CCN([*:1])CC1,O=C1CCC(N2C(=O)c3cccc([*:2])c3C2=O)C(=O)N1,HPK1,CRBN,717.72,3.0,182.82,11,3,8,0.243,0.201,-5.52,-4.318,US20230022524A1,2023,MOUNT SINAI HEALTH SYSTEM
COc1cccc(F)c1-c1ncc2[nH]nc(-c3ccc(N4CCN(C(=O)CCCCCCNc5ccc6c(c5)C(=O)N(C5CCC(=O)NC5=O)C6=O)CC4)cc3)c2n1,COc1cccc(F)c1-c1ncc2[nH]nc(-c3ccc([*:1])cc3)c2n1,O=C(CCCCCCN[*:2])N1CCN([*:1])CC1,O=C1CCC(N2C(=O)c3ccc([*:2])cc3C2=O)C(=O)N1,HPK1,CRBN,787.85,4.95,182.82,11,3,13,0.333,0.109,-5.324,-4.355,US20230022524A1,2023,MOUNT SINAI HEALTH SYSTEM
COc1cccc(F)c1-c1ncc2[nH]nc(-c3ccc(N4CCN(C(=O)CCCCCNc5ccc6c(c5)C(=O)N(C5CCC(=O)NC5=O)C6=O)CC4)cc3)c2n1,COc1cccc(F)c1-c1ncc2[nH]nc(-c3ccc([*:1])cc3)c2n1,O=C(CCCCCN[*:2])N1CCN([*:1])CC1,O=C1CCC(N2C(=O)c3ccc([*:2])cc3C2=O)C(=O)N1,HPK1,CRBN,773.83,4.56,182.82,11,3,12,0.317,0.119,-5.343,-4.33,US20230022524A1,2023,MOUNT SINAI HEALTH SYSTEM
COc1cccc(F)c1-c1ncc2[nH]nc(-c3ccc(N4CCN(C(=O)CCCCNc5ccc6c(c5)C(=O)N(C5CCC(=O)NC5=O)C6=O)CC4)cc3)c2n1,COc1cccc(F)c1-c1ncc2[nH]nc(-c3ccc([*:1])cc3)c2n1,O=C(CCCCN[*:2])N1CCN([*:1])CC1,O=C1CCC(N2C(=O)c3ccc([*:2])cc3C2=O)C(=O)N1,HPK1,CRBN,759.8,4.17,182.82,11,3,11,0.3,0.13,-5.327,-4.325,US20230022524A1,2023,MOUNT SINAI HEALTH SYSTEM
COc1cccc(F)c1-c1ncc2[nH]nc(-c3ccc(N4CCN(C(=O)CCCNc5ccc6c(c5)C(=O)N(C5CCC(=O)NC5=O)C6=O)CC4)cc3)c2n1,COc1cccc(F)c1-c1ncc2[nH]nc(-c3ccc([*:1])cc3)c2n1,O=C(CCCN[*:2])N1CCN([*:1])CC1,O=C1CCC(N2C(=O)c3ccc([*:2])cc3C2=O)C(=O)N1,HPK1,CRBN,745.77,3.78,182.82,11,3,10,0.282,0.14,-5.472,-4.272,US20230022524A1,2023,MOUNT SINAI HEALTH SYSTEM
COc1cccc(F)c1-c1ncc2[nH]nc(-c3ccc(N4CCN(C(=O)CCNc5ccc6c(c5)C(=O)N(C5CCC(=O)NC5=O)C6=O)CC4)cc3)c2n1,COc1cccc(F)c1-c1ncc2[nH]nc(-c3ccc([*:1])cc3)c2n1,O=C(CCN[*:2])N1CCN([*:1])CC1,O=C1CCC(N2C(=O)c3ccc([*:2])cc3C2=O)C(=O)N1,HPK1,CRBN,731.75,3.39,182.82,11,3,9,0.263,0.189,-5.419,-4.207,US20230022524A1,2023,MOUNT SINAI HEALTH SYSTEM
COc1cccc(F)c1-c1ncc2[nH]nc(-c3ccc(N4CCN(C(=O)CNc5ccc6c(c5)C(=O)N(C5CCC(=O)NC5=O)C6=O)CC4)cc3)c2n1,COc1cccc(F)c1-c1ncc2[nH]nc(-c3ccc([*:1])cc3)c2n1,O=C(CN[*:2])N1CCN([*:1])CC1,O=C1CCC(N2C(=O)c3ccc([*:2])cc3C2=O)C(=O)N1,HPK1,CRBN,717.72,3.0,182.82,11,3,8,0.243,0.201,-5.486,-4.151,US20230022524A1,2023,MOUNT SINAI HEALTH SYSTEM
COc1cccc(F)c1-c1ncc2[nH]nc(-c3ccc(N4CCN(C(=O)CCOCCOCCOCCOCCNc5ccc6c(c5)C(=O)N(C5CCC(=O)NC5=O)C6=O)CC4)cc3)c2n1,COc1cccc(F)c1-c1ncc2[nH]nc(-c3ccc([*:1])cc3)c2n1,O=C(CCOCCOCCOCCOCCN[*:2])N1CCN([*:1])CC1,O=C1CCC(N2C(=O)c3ccc([*:2])cc3C2=O)C(=O)N1,HPK1,CRBN,907.96,3.45,219.74,15,3,21,0.391,0.071,-5.244,-3.126,US20230022524A1,2023,MOUNT SINAI HEALTH SYSTEM
COc1cccc(F)c1-c1ncc2[nH]nc(-c3ccc(N4CCN(C(=O)CCOCCOCCOCCNc5ccc6c(c5)C(=O)N(C5CCC(=O)NC5=O)C6=O)CC4)cc3)c2n1,COc1cccc(F)c1-c1ncc2[nH]nc(-c3ccc([*:1])cc3)c2n1,O=C(CCOCCOCCOCCN[*:2])N1CCN([*:1])CC1,O=C1CCC(N2C(=O)c3ccc([*:2])cc3C2=O)C(=O)N1,HPK1,CRBN,863.9,3.44,210.51,14,3,18,0.364,0.085,-5.242,-3.348,US20230022524A1,2023,MOUNT SINAI HEALTH SYSTEM
COc1cccc(F)c1-c1ncc2[nH]nc(-c3ccc(N4CCN(C(=O)CCOCCOCCNc5ccc6c(c5)C(=O)N(C5CCC(=O)NC5=O)C6=O)CC4)cc3)c2n1,COc1cccc(F)c1-c1ncc2[nH]nc(-c3ccc([*:1])cc3)c2n1,O=C(CCOCCOCCN[*:2])N1CCN([*:1])CC1,O=C1CCC(N2C(=O)c3ccc([*:2])cc3C2=O)C(=O)N1,HPK1,CRBN,819.85,3.42,201.28,13,3,15,0.333,0.103,-5.311,-3.65,US20230022524A1,2023,MOUNT SINAI HEALTH SYSTEM
COc1cccc(F)c1-c1ncc2[nH]nc(-c3ccc(N4CCN(C(=O)CCOCCNc5ccc6c(c5)C(=O)N(C5CCC(=O)NC5=O)C6=O)CC4)cc3)c2n1,COc1cccc(F)c1-c1ncc2[nH]nc(-c3ccc([*:1])cc3)c2n1,O=C(CCOCCN[*:2])N1CCN([*:1])CC1,O=C1CCC(N2C(=O)c3ccc([*:2])cc3C2=O)C(=O)N1,HPK1,CRBN,775.8,3.4,192.05,12,3,12,0.3,0.124,-5.462,-3.884,US20230022524A1,2023,MOUNT SINAI HEALTH SYSTEM
Cc1cc(F)c(Nc2nc(-c3ccc4c(c3)N(C3CC(N5CCCCC5)C3)C(=O)C43CCN(C(=O)c4ccc(CN5CCN(c6ccc7c(c6)C(=O)N(C6CCC(=O)NC6=O)C7=O)CC5)cc4)CC3)cc3ncn(C(C)C)c23)cc1C(=O)NC(C)C,Cc1cc(F)c(Nc2nc(-c3ccc4c(c3)N(C3CC(N5CCCCC5)C3)C(=O)C43CCN(C(=O)c4ccc([*:1])cc4)CC3)cc3ncn(C(C)C)c23)cc1C(=O)NC(C)C,C1CN([*:2])CCN1C[*:1],O=C1CCC(N2C(=O)c3ccc([*:2])cc3C2=O)C(=O)N1,HPK1,CRBN,1165.38,8.27,205.73,13,3,13,0.439,0.093,-5.496,-4.93,WO2021226262A1,2021,GILEAD SCIENCES INC. | NURIX THERAPEUTICS INC
Cc1cc(F)c(Nc2nc(-c3ccc4c(c3)N(C3CC(N5CCCCC5)C3)C(=O)C43CCN(C(=O)c4ccc(C(=O)N5CCC(c6ccc7c(c6)C(=O)N(C6CCC(=O)NC6=O)C7=O)CC5)cc4)CC3)cc3ncn(C(C)C)c23)cc1C(=O)NC(C)C,Cc1cc(F)c(Nc2nc(-c3ccc4c(c3)N(C3CC(N5CCCCC5)C3)C(=O)C43CCN(C(=O)c4ccc([*:1])cc4)CC3)cc3ncn(C(C)C)c23)cc1C(=O)NC(C)C,O=C(N1CCC([*:2])CC1)[*:1],O=C1CCC(N2C(=O)c3ccc([*:2])cc3C2=O)C(=O)N1,HPK1,CRBN,1178.38,8.97,219.56,12,3,12,0.433,0.098,-5.433,-5.084,WO2021226262A1,2021,GILEAD SCIENCES INC. | NURIX THERAPEUTICS INC
Cc1cc(F)c(Nc2nc(-c3ccc4c(c3)N(C3CC(N5CCCCC5)C3)C(=O)C43CCN(C(=O)c4ccc(C(=O)N5CCC(c6cccc7c6C(=O)N(C6CCC(=O)NC6=O)C7=O)CC5)cc4)CC3)cc3ncn(C(C)C)c23)cc1C(=O)NC(C)C,Cc1cc(F)c(Nc2nc(-c3ccc4c(c3)N(C3CC(N5CCCCC5)C3)C(=O)C43CCN(C(=O)c4ccc([*:1])cc4)CC3)cc3ncn(C(C)C)c23)cc1C(=O)NC(C)C,O=C(N1CCC([*:2])CC1)[*:1],O=C1CCC(N2C(=O)c3cccc([*:2])c3C2=O)C(=O)N1,HPK1,CRBN,1178.38,8.97,219.56,12,3,12,0.433,0.098,-5.463,-5.201,WO2021226262A1,2021,GILEAD SCIENCES INC. | NURIX THERAPEUTICS INC
Cc1cc(F)c(Nc2nc(-c3ccc4c(c3)N(C3CC(N5CCCCC5)C3)C(=O)C43CCN(C(=O)c4ccc(CC5CCN(c6cccc7c6C(=O)N(C6CCC(=O)NC6=O)C7=O)CC5)cc4)CC3)cc3ncn(C(C)C)c23)cc1C(=O)NC(C)C,Cc1cc(F)c(Nc2nc(-c3ccc4c(c3)N(C3CC(N5CCCCC5)C3)C(=O)C43CCN(C(=O)c4ccc([*:1])cc4)CC3)cc3ncn(C(C)C)c23)cc1C(=O)NC(C)C,C1CN([*:2])CCC1C[*:1],O=C1CCC(N2C(=O)c3cccc([*:2])c3C2=O)C(=O)N1,HPK1,CRBN,1164.4,9.41,202.49,12,3,13,0.448,0.093,-5.455,-5.507,WO2021226262A1,2021,GILEAD SCIENCES INC. | NURIX THERAPEUTICS INC
Nc1c(-c2nc3nc(N4CCN(CC5CCN(c6ccc7c(c6)C(=O)N(C6CCC(=O)NC6=O)C7=O)CC5)CC4)ccc3[nH]2)c(=O)[nH]c2sccc12,Nc1c(-c2nc3nc([*:1])ccc3[nH]2)c(=O)[nH]c2sccc12,C1CN([*:2])CCC1CN1CCN([*:1])CC1,O=C1CCC(N2C(=O)c3ccc([*:2])cc3C2=O)C(=O)N1,HPK1,CRBN,720.82,2.55,193.72,12,4,6,0.361,0.189,-5.645,-4.256,WO2023143384A1,2023,HAISCO PHARAMACEUTICAL GROUP INC
Nc1c(-c2nc3ccc(N4CCN(CC5CCN(c6ccc7c(c6)C(=O)N(C6CCC(=O)NC6=O)C7=O)CC5)CC4)cc3[nH]2)c(=O)[nH]c2cc[se]c12,Nc1c(-c2nc3ccc([*:1])cc3[nH]2)c(=O)[nH]c2cc[se]c12,C1CN([*:2])CCC1CN1CCN([*:1])CC1,O=C1CCC(N2C(=O)c3ccc([*:2])cc3C2=O)C(=O)N1,HPK1,CRBN,766.72,2.15,180.83,10,4,6,0.351,0.148,-5.643,-4.197,WO2023143384A1,2023,HAISCO PHARAMACEUTICAL GROUP INC
Nc1c(-c2nc3ccc(C4CCN(CC5CN(c6ccc7c(c6)C(=O)N(C6CCC(=O)NC6=O)C7=O)C5)CC4)cc3[nH]2)c(=O)[nH]c2cc[se]c12,Nc1c(-c2nc3ccc([*:1])cc3[nH]2)c(=O)[nH]c2cc[se]c12,C1CN(CC2CN([*:2])C2)CCC1[*:1],O=C1CCC(N2C(=O)c3ccc([*:2])cc3C2=O)C(=O)N1,HPK1,CRBN,737.68,2.43,177.59,9,4,6,0.333,0.151,-5.808,-3.789,WO2023143384A1,2023,HAISCO PHARAMACEUTICAL GROUP INC
Nc1c(-c2nc3ccc(N4CCN(CC5CN(c6ccc7c(c6)C(=O)N(C6CCC(=O)NC6=O)C7=O)C5)CC4)cc3[nH]2)c(=O)[nH]c2cc[se]c12,Nc1c(-c2nc3ccc([*:1])cc3[nH]2)c(=O)[nH]c2cc[se]c12,C1CN([*:1])CCN1CC1CN([*:2])C1,O=C1CCC(N2C(=O)c3ccc([*:2])cc3C2=O)C(=O)N1,HPK1,CRBN,738.67,1.37,180.83,10,4,6,0.314,0.147,-5.706,-3.686,WO2023143384A1,2023,HAISCO PHARAMACEUTICAL GROUP INC
Nc1c(-c2nc3nc(C4CCN(CC5CN(c6cc7c(cc6F)C(=O)N(C6CCC(=O)NC6=O)C7=O)C5)CC4)ccc3[nH]2)c(=O)[nH]c2sccc12,Nc1c(-c2nc3nc([*:1])ccc3[nH]2)c(=O)[nH]c2sccc12,C1CN(CC2CN([*:2])C2)CCC1[*:1],O=C1CCC(N2C(=O)c3cc(F)c([*:2])cc3C2=O)C(=O)N1,HPK1,CRBN,709.76,2.97,190.48,11,4,6,0.343,0.191,-5.79,-3.821,WO2023143384A1,2023,HAISCO PHARAMACEUTICAL GROUP INC
CCn1cnnc1-c1cccc(N2Cc3c(cc(N4CCCC4C)nc3N3CCC(CN4CCN(c5ccc6c(c5)C(=O)N(C5CCC(=O)NC5=O)C6=O)CC4)CC3)C2=O)n1,CCn1cnnc1-c1cccc(N2Cc3c(cc(N4CCCC4C)nc3[*:1])C2=O)n1,C1CN([*:1])CCC1CN1CCN([*:2])CC1,O=C1CCC(N2C(=O)c3ccc([*:2])cc3C2=O)C(=O)N1,HPK1,CRBN,826.96,3.34,173.31,13,1,9,0.477,0.244,-5.594,-4.529,WO2023097020A1,2023,MOUNT SINAI HEALTH SYSTEM | CULLINAN ONCOLOGY INC
Cc1ncsc1-c1ccc(CNC(=O)C2CC(O)CN2C(=O)C(NC(=O)COCCOCCOCCNC(=O)c2ccc3c(c2)c2cn(C)nc2n3-c2ccc(C(F)(F)F)cc2)C(C)(C)C)cc1,Cn1cc2c3cc([*:1])ccc3n(-c3ccc(C(F)(F)F)cc3)c2n1,O=C(NCCOCCOCCOCC(=O)[*:2])[*:1],Cc1ncsc1-c1ccc(CNC(=O)C2CC(O)CN2C(=O)C(N[*:2])C(C)(C)C)cc1,TEAD,VHL,961.08,5.56,191.17,11,4,19,0.417,0.075,-5.901,-4.644,WO2023078813A1,2023,MERCK KGAA (GERMANY)
Cn1cc2c3cc(C(=O)NCCOCCOCCOCCNc4cccc5c4C(=O)N(C4CCC(=O)NC4=O)C5=O)ccc3n(-c3ccc(C(F)(F)F)cc3)c2n1,Cn1cc2c3cc([*:1])ccc3n(-c3ccc(C(F)(F)F)cc3)c2n1,O=C(NCCOCCOCCOCCN[*:2])[*:1],O=C1CCC(N2C(=O)c3cccc([*:2])c3C2=O)C(=O)N1,TEAD,CRBN,789.77,3.83,175.12,10,3,16,0.333,0.099,-5.277,-4.82,WO2023078813A1,2023,MERCK KGAA (GERMANY)
Cn1cc2c3cc(C(=O)NCCOCCOCCNc4cccc5c4C(=O)N(C4CCC(=O)NC4=O)C5=O)ccc3n(-c3ccc(C(F)(F)F)cc3)c2n1,Cn1cc2c3cc([*:1])ccc3n(-c3ccc(C(F)(F)F)cc3)c2n1,O=C(NCCOCCOCCN[*:2])[*:1],O=C1CCC(N2C(=O)c3cccc([*:2])c3C2=O)C(=O)N1,TEAD,CRBN,745.72,3.81,165.89,9,3,13,0.297,0.12,-5.248,-5.096,WO2023078813A1,2023,MERCK KGAA (GERMANY)
CC1(N)CCN(c2cnc(Sc3cccc(N4CCC(CN5CCN(c6ccc7c(c6)CN(C6CCC(=O)NC6=O)C7=O)CC5)CC4)c3)cn2)CC1,CC1(N)CCN(c2cnc(Sc3cccc([*:1])c3)cn2)CC1,C1CN([*:1])CCC1CN1CCN([*:2])CC1,O=C1CCC(N2Cc3cc([*:2])ccc3C2=O)C(=O)N1,SHP2,CRBN,723.95,3.75,131.24,11,2,8,0.513,0.33,-5.561,-4.103,WO2023280237A1,2023,HINOVA PHARM INC
CC1OCC2(CCN(c3cnc(Sc4cccc(NC(=O)c5ccc(N6CCC(N7CCN(c8ccc9c(c8)CN(C8CCC(=O)NC8=O)C9=O)CC7)CC6)c(F)c5)c4)cn3)CC2)C1N,CC1OCC2(CCN(c3cnc(Sc4cccc(NC(=O)c5ccc([*:1])c(F)c5)c4)cn3)CC2)C1N,C1CN([*:1])CCC1N1CCN([*:2])CC1,O=C1CCC(N2Cc3cc([*:2])ccc3C2=O)C(=O)N1,SHP2,CRBN,903.1,4.9,169.57,13,3,9,0.458,0.194,-5.366,-4.617,WO2023280237A1,2023,HINOVA PHARM INC
CC1OCC2(CCN(c3cnc(Sc4cccc(NC(=O)c5ccc(N6CCC(N7CCN(c8ccc9c(c8)C(=O)N(C8CCC(=O)NC8=O)C9=O)CC7)CC6)c(F)c5)c4)cn3)CC2)C1N,CC1OCC2(CCN(c3cnc(Sc4cccc(NC(=O)c5ccc([*:1])c(F)c5)c4)cn3)CC2)C1N,C1CN([*:1])CCC1N1CCN([*:2])CC1,O=C1CCC(N2C(=O)c3ccc([*:2])cc3C2=O)C(=O)N1,SHP2,CRBN,917.08,4.54,186.64,14,3,9,0.438,0.199,-5.421,-4.595,WO2023280237A1,2023,HINOVA PHARM INC
CC1(N)CCN(c2cnc(Sc3cccc(NC(=O)c4ccc(N5CCC(N6CCN(c7ccc8c(c7)CN(C7CCC(=O)NC7=O)C8=O)CC6)CC5)c(F)c4)c3)cn2)CC1,CC1(N)CCN(c2cnc(Sc3cccc(NC(=O)c4ccc([*:1])c(F)c4)c3)cn2)CC1,C1CN([*:1])CCC1N1CCN([*:2])CC1,O=C1CCC(N2Cc3cc([*:2])ccc3C2=O)C(=O)N1,SHP2,CRBN,847.03,4.89,160.34,12,3,9,0.422,0.196,-5.515,-4.892,WO2023280237A1,2023,HINOVA PHARM INC
CC1(N)CCN(c2cnc(Sc3cccc(NC(=O)c4ccc(N5CCC(N6CCN(c7ccc8c(c7)C(=O)N(C7CCC(=O)NC7=O)C8=O)CC6)CC5)c(F)c4)c3)cn2)CC1,CC1(N)CCN(c2cnc(Sc3cccc(NC(=O)c4ccc([*:1])c(F)c4)c3)cn2)CC1,C1CN([*:1])CCC1N1CCN([*:2])CC1,O=C1CCC(N2C(=O)c3ccc([*:2])cc3C2=O)C(=O)N1,SHP2,CRBN,861.02,4.53,177.41,13,3,9,0.4,0.2,-5.577,-4.98,WO2023280237A1,2023,HINOVA PHARM INC
CC1(N)CCN(c2cnc(Sc3cccc(NC(=O)CCCCCCCCN4C5CCC4CN(c4ccc(CN6CCN(c7ccc8c(c7)C(=O)N(C7CCC(=O)NC7=O)C8=O)CC6)nn4)C5)c3)cn2)CC1,CC1(N)CCN(c2cnc(Sc3cccc(NC(=O)CCCCCCCCN4C5CCC4CN(c4ccc([*:1])nn4)C5)c3)cn2)CC1,C1CN([*:2])CCN1C[*:1],O=C1CCC(N2C(=O)c3ccc([*:2])cc3C2=O)C(=O)N1,SHP2,CRBN,998.27,5.48,206.43,16,3,18,0.528,0.083,-5.408,-4.509,WO2023280237A1,2023,HINOVA PHARM INC
O=C1CCC(N2C(=O)c3ccc(NCCOCCOCCOCCNC(=O)c4cc5cc(N6CCC(O)(C(=O)NCc7cc(F)cc(F)c7)C6=O)ccc5[nH]4)cc3C2=O)C(=O)N1,O=C(NCc1cc(F)cc(F)c1)C1(O)CCN(c2ccc3[nH]c([*:1])cc3c2)C1=O,O=C(NCCOCCOCCOCCN[*:2])[*:1],O=C1CCC(N2C(=O)c3ccc([*:2])cc3C2=O)C(=O)N1,METAP2,CRBN,859.84,1.52,237.8,12,6,19,0.357,0.045,-5.304,-3.722,US20220062258A1,2022,MERCK KGAA (GERMANY)
O=C1CCC(N2C(=O)c3cccc(NCCOCCOCCNC(=O)c4cc5cc(N6CCC(O)(C(=O)NCc7cc(F)cc(F)c7)C6=O)ccc5[nH]4)c3C2=O)C(=O)N1,O=C(NCc1cc(F)cc(F)c1)C1(O)CCN(c2ccc3[nH]c([*:1])cc3c2)C1=O,O=C(NCCOCCOCCN[*:2])[*:1],O=C1CCC(N2C(=O)c3cccc([*:2])c3C2=O)C(=O)N1,METAP2,CRBN,815.79,1.51,228.57,11,6,16,0.325,0.054,-5.326,-3.932,US20220062258A1,2022,MERCK KGAA (GERMANY)
O=C1CCC(N2C(=O)c3ccc(NCCCCCNC(=O)c4cc5cc(N6CCC(O)(C(=O)NCc7cc(F)cc(F)c7)C6=O)ccc5[nH]4)cc3C2=O)C(=O)N1,O=C(NCc1cc(F)cc(F)c1)C1(O)CCN(c2ccc3[nH]c([*:1])cc3c2)C1=O,O=C(NCCCCCN[*:2])[*:1],O=C1CCC(N2C(=O)c3ccc([*:2])cc3C2=O)C(=O)N1,METAP2,CRBN,769.76,2.64,210.11,9,6,13,0.308,0.067,-5.059,-4.976,US20220062258A1,2022,MERCK KGAA (GERMANY)
O=C1CCC(N2C(=O)c3cccc(NCCOCCOCCOCCOCCC(=O)N4CCN(c5ccc(-c6ccc7c(c6)C(=O)N(C(C(=O)Nc6nccs6)c6ccccc6)C7)cc5)CC4)c3C2=O)C(=O)N1,O=C(Nc1nccs1)C(c1ccccc1)N1Cc2ccc(-c3ccc([*:1])cc3)cc2C1=O,O=C(CCOCCOCCOCCOCCN[*:2])N1CCN([*:1])CC1,O=C1CCC(N2C(=O)c3cccc([*:2])c3C2=O)C(=O)N1,EGFR,CRBN,1013.14,4.76,218.35,15,3,23,0.358,0.059,-5.474,-3.897,US20190106417A1,2019,UNITED STATES HEALTH & HUMAN SERVICES
O=C1CCC(N2C(=O)c3cccc(NCCOCCC(=O)N4CCN(c5ccc(-c6ccc7c(c6)C(=O)N(C(C(=O)Nc6nccs6)c6ccccc6)C7)cc5)CC4)c3C2=O)C(=O)N1,O=C(Nc1nccs1)C(c1ccccc1)N1Cc2ccc(-c3ccc([*:1])cc3)cc2C1=O,O=C(CCOCCN[*:2])N1CCN([*:1])CC1,O=C1CCC(N2C(=O)c3cccc([*:2])c3C2=O)C(=O)N1,EGFR,CRBN,880.98,4.71,190.66,12,3,14,0.277,0.103,-5.468,-5.023,US20190106417A1,2019,UNITED STATES HEALTH & HUMAN SERVICES
O=C1CCC(N2C(=O)c3cccc(NCCOCCOCCC(=O)N4CCN(c5ccc(-c6ccc7c(c6)C(=O)N(C(C(=O)Nc6nccs6)c6ccccc6)C7)cc5)CC4)c3C2=O)C(=O)N1,O=C(Nc1nccs1)C(c1ccccc1)N1Cc2ccc(-c3ccc([*:1])cc3)cc2C1=O,O=C(CCOCCOCCN[*:2])N1CCN([*:1])CC1,O=C1CCC(N2C(=O)c3cccc([*:2])c3C2=O)C(=O)N1,EGFR,CRBN,925.04,4.73,199.89,13,3,17,0.306,0.086,-5.503,-4.61,US20190106417A1,2019,UNITED STATES HEALTH & HUMAN SERVICES
O=C1CCC(N2C(=O)c3cccc(NCCOCCOCCOCCC(=O)N4CCN(c5ccc(-c6ccc7c(c6)C(=O)N(C(C(=O)Nc6nccs6)c6ccccc6)C7)cc5)CC4)c3C2=O)C(=O)N1,O=C(Nc1nccs1)C(c1ccccc1)N1Cc2ccc(-c3ccc([*:1])cc3)cc2C1=O,O=C(CCOCCOCCOCCN[*:2])N1CCN([*:1])CC1,O=C1CCC(N2C(=O)c3cccc([*:2])c3C2=O)C(=O)N1,EGFR,CRBN,969.09,4.75,209.12,14,3,20,0.333,0.071,-5.486,-4.245,US20190106417A1,2019,UNITED STATES HEALTH & HUMAN SERVICES
COCOc1ccc(F)cc1C(C(=O)Nc1nccs1)N1Cc2ccc(-c3ccc(N4CCN(C(=O)CCOCCOCCOCCOCCNc5cccc6c5C(=O)N(C5CCC(=O)NC5=O)C6=O)CC4)cc3)cc2C1=O,COCOc1ccc(F)cc1C(C(=O)Nc1nccs1)N1Cc2ccc(-c3ccc([*:1])cc3)cc2C1=O,O=C(CCOCCOCCOCCOCCN[*:2])N1CCN([*:1])CC1,O=C1CCC(N2C(=O)c3cccc([*:2])c3C2=O)C(=O)N1,EGFR,CRBN,1091.18,4.89,236.81,17,3,26,0.382,0.038,-5.367,-3.773,US20190106417A1,2019,UNITED STATES HEALTH & HUMAN SERVICES
COCOc1ccc(F)cc1C(C(=O)Nc1nccs1)N1Cc2ccc(-c3ccc(N4CCN(C(=O)CCOCCNc5cccc6c5C(=O)N(C5CCC(=O)NC5=O)C6=O)CC4)cc3)cc2C1=O,COCOc1ccc(F)cc1C(C(=O)Nc1nccs1)N1Cc2ccc(-c3ccc([*:1])cc3)cc2C1=O,O=C(CCOCCN[*:2])N1CCN([*:1])CC1,O=C1CCC(N2C(=O)c3cccc([*:2])c3C2=O)C(=O)N1,EGFR,CRBN,959.03,4.84,209.12,14,3,17,0.306,0.065,-5.467,-4.963,US20190106417A1,2019,UNITED STATES HEALTH & HUMAN SERVICES
COCOc1ccc(F)cc1C(C(=O)Nc1nccs1)N1Cc2ccc(-c3ccc(N4CCN(C(=O)CCOCCOCCNc5cccc6c5C(=O)N(C5CCC(=O)NC5=O)C6=O)CC4)cc3)cc2C1=O,COCOc1ccc(F)cc1C(C(=O)Nc1nccs1)N1Cc2ccc(-c3ccc([*:1])cc3)cc2C1=O,O=C(CCOCCOCCN[*:2])N1CCN([*:1])CC1,O=C1CCC(N2C(=O)c3cccc([*:2])c3C2=O)C(=O)N1,EGFR,CRBN,1003.08,4.85,218.35,15,3,20,0.333,0.054,-5.538,-4.559,US20190106417A1,2019,UNITED STATES HEALTH & HUMAN SERVICES
COCOc1ccc(F)cc1C(C(=O)Nc1nccs1)N1Cc2ccc(-c3ccc(N4CCN(C(=O)CCOCCOCCOCCNc5cccc6c5C(=O)N(C5CCC(=O)NC5=O)C6=O)CC4)cc3)cc2C1=O,COCOc1ccc(F)cc1C(C(=O)Nc1nccs1)N1Cc2ccc(-c3ccc([*:1])cc3)cc2C1=O,O=C(CCOCCOCCOCCN[*:2])N1CCN([*:1])CC1,O=C1CCC(N2C(=O)c3cccc([*:2])c3C2=O)C(=O)N1,EGFR,CRBN,1047.13,4.87,227.58,16,3,23,0.358,0.045,-5.396,-4.103,US20190106417A1,2019,UNITED STATES HEALTH & HUMAN SERVICES
O=C1CCC(N2C(=O)c3cccc(NCCOCCOCCOCCOCCC(=O)N4CCN(c5ccc(-c6ccc7c(c6)C(=O)N(C(C(=O)Nc6nccs6)c6cc(F)ccc6O)C7)cc5)CC4)c3C2=O)C(=O)N1,O=C(Nc1nccs1)C(c1cc(F)ccc1O)N1Cc2ccc(-c3ccc([*:1])cc3)cc2C1=O,O=C(CCOCCOCCOCCOCCN[*:2])N1CCN([*:1])CC1,O=C1CCC(N2C(=O)c3cccc([*:2])c3C2=O)C(=O)N1,EGFR,CRBN,1047.13,4.61,238.58,16,4,23,0.358,0.052,-5.463,-3.746,US20190106417A1,2019,UNITED STATES HEALTH & HUMAN SERVICES
O=C1CCC(N2C(=O)c3cccc(NCCOCCC(=O)N4CCN(c5ccc(-c6ccc7c(c6)C(=O)N(C(C(=O)Nc6nccs6)c6cc(F)ccc6O)C7)cc5)CC4)c3C2=O)C(=O)N1,O=C(Nc1nccs1)C(c1cc(F)ccc1O)N1Cc2ccc(-c3ccc([*:1])cc3)cc2C1=O,O=C(CCOCCN[*:2])N1CCN([*:1])CC1,O=C1CCC(N2C(=O)c3cccc([*:2])c3C2=O)C(=O)N1,EGFR,CRBN,914.97,4.56,210.89,13,4,14,0.277,0.089,-5.562,-5.303,US20190106417A1,2019,UNITED STATES HEALTH & HUMAN SERVICES
O=C1CCC(N2C(=O)c3cccc(NCCOCCOCCC(=O)N4CCN(c5ccc(-c6ccc7c(c6)C(=O)N(C(C(=O)Nc6nccs6)c6cc(F)ccc6O)C7)cc5)CC4)c3C2=O)C(=O)N1,O=C(Nc1nccs1)C(c1cc(F)ccc1O)N1Cc2ccc(-c3ccc([*:1])cc3)cc2C1=O,O=C(CCOCCOCCN[*:2])N1CCN([*:1])CC1,O=C1CCC(N2C(=O)c3cccc([*:2])c3C2=O)C(=O)N1,EGFR,CRBN,959.03,4.58,220.12,14,4,17,0.306,0.074,-5.631,-4.837,US20190106417A1,2019,UNITED STATES HEALTH & HUMAN SERVICES
O=C1CCC(N2C(=O)c3cccc(NCCOCCOCCOCCC(=O)N4CCN(c5ccc(-c6ccc7c(c6)C(=O)N(C(C(=O)Nc6nccs6)c6cc(F)ccc6O)C7)cc5)CC4)c3C2=O)C(=O)N1,O=C(Nc1nccs1)C(c1cc(F)ccc1O)N1Cc2ccc(-c3ccc([*:1])cc3)cc2C1=O,O=C(CCOCCOCCOCCN[*:2])N1CCN([*:1])CC1,O=C1CCC(N2C(=O)c3cccc([*:2])c3C2=O)C(=O)N1,EGFR,CRBN,1003.08,4.59,229.35,15,4,20,0.333,0.062,-5.574,-4.255,US20190106417A1,2019,UNITED STATES HEALTH & HUMAN SERVICES
COc1cc(N2CCC(CN3CCN(c4ccc5c(c4)C(=O)N(C4CCC(=O)NC4=O)C5=O)CC3)CC2)c(C)cc1Nc1ncc(Cl)c(Nc2ccccc2N(C)S(C)(=O)=O)n1,COc1cc([*:1])c(C)cc1Nc1ncc(Cl)c(Nc2ccccc2N(C)S(C)(=O)=O)n1,C1CN([*:1])CCC1CN1CCN([*:2])CC1,O=C1CCC(N2C(=O)c3ccc([*:2])cc3C2=O)C(=O)N1,EGFR,CRBN,885.45,4.77,189.72,14,3,12,0.395,0.165,-5.676,-5.54,WO2022055181A1,2022,J2H BIOTECH
COc1cc(N2CCN(CC3CCN(c4ccc5c(c4)C(=O)N(C4CCC(=O)NC4=O)C5=O)CC3)CC2)ccc1Nc1ncc(Cl)c(Nc2ccccc2N(C)S(C)(=O)=O)n1,COc1cc([*:1])ccc1Nc1ncc(Cl)c(Nc2ccccc2N(C)S(C)(=O)=O)n1,C1CN([*:2])CCC1CN1CCN([*:1])CC1,O=C1CCC(N2C(=O)c3ccc([*:2])cc3C2=O)C(=O)N1,EGFR,CRBN,871.42,4.46,189.72,14,3,12,0.381,0.169,-5.745,-5.261,WO2022055181A1,2022,J2H BIOTECH
COc1cc(N2CCC(CN3CCN(c4ccc5c(c4)C(=O)N(C4CCC(=O)NC4=O)C5=O)CC3)CC2)ccc1Nc1ncc(Cl)c(Nc2ccccc2N(C)S(C)(=O)=O)n1,COc1cc([*:1])ccc1Nc1ncc(Cl)c(Nc2ccccc2N(C)S(C)(=O)=O)n1,C1CN([*:1])CCC1CN1CCN([*:2])CC1,O=C1CCC(N2C(=O)c3ccc([*:2])cc3C2=O)C(=O)N1,EGFR,CRBN,871.42,4.46,189.72,14,3,12,0.381,0.169,-5.745,-5.261,WO2022055181A1,2022,J2H BIOTECH
COc1cc(N2CCN(CCCCOc3cccc4c3C(=O)N(C3CCC(=O)NC3=O)C4=O)CC2)ccc1Nc1ncc(Cl)c(Nc2ccccc2N(C)S(C)(=O)=O)n1,COc1cc([*:1])ccc1Nc1ncc(Cl)c(Nc2ccccc2N(C)S(C)(=O)=O)n1,C(CCN1CCN([*:1])CC1)CO[*:2],O=C1CCC(N2C(=O)c3cccc([*:2])c3C2=O)C(=O)N1,EGFR,CRBN,846.37,4.4,195.71,14,3,15,0.35,0.113,-5.647,-5.126,WO2022055181A1,2022,J2H BIOTECH
Cc1cc2cc(n1)-c1cnn(C)c1OCCCC(C)CN1C(=NC2=O)Nc2ccc(N3CCN(C4CCN(c5ccc6c(c5)CN(C5CCC(=O)NC5=O)C6=O)CC4)CC3)cc21,Cc1cc2cc(n1)-c1cnn(C)c1OCCCC(C)CN1C(=NC2=O)Nc2ccc([*:1])cc21,C1CN([*:2])CCC1N1CCN([*:1])CC1,O=C1CCC(N2Cc3cc([*:2])ccc3C2=O)C(=O)N1,EGFR,CRBN,840.0,4.58,160.84,12,2,4,0.457,0.276,-5.37,-3.924,WO2023098656A1,2023,BEIGENE LTD
Cc1cc2cc(n1)-c1cnn(C)c1OCCCC(C)CN1C(=NC2=O)Nc2ccc(CN3CCC4(CC3)CCN(CC3CCN(c5ccc6c(c5)C(=O)N(C5CCC(=O)NC5=O)C6=O)CC3)CC4)cc21,Cc1cc2cc(n1)-c1cnn(C)c1OCCCC(C)CN1C(=NC2=O)Nc2ccc(CN3CCC4(CC3)CCN([*:1])CC4)cc21,C1CN([*:2])CCC1C[*:1],O=C1CCC(N2C(=O)c3ccc([*:2])cc3C2=O)C(=O)N1,EGFR,CRBN,950.16,6.02,177.91,13,2,6,0.509,0.215,-5.477,-4.426,WO2023098656A1,2023,BEIGENE LTD
Cc1cc2cc(n1)-c1cnn(C)c1OCCCC(C)CN1C(=NC2=O)Nc2ccc(CN3CCC4(CC3)CCN(CC3CCN(c5ccc6c(c5)CN(C5CCC(=O)NC5=O)C6=O)CC3)CC4)cc21,Cc1cc2cc(n1)-c1cnn(C)c1OCCCC(C)CN1C(=NC2=O)Nc2ccc(CN3CCC4(CC3)CCN([*:1])CC4)cc21,C1CN([*:2])CCC1C[*:1],O=C1CCC(N2Cc3cc([*:2])ccc3C2=O)C(=O)N1,EGFR,CRBN,936.17,6.38,160.84,12,2,6,0.528,0.206,-5.462,-4.251,WO2023098656A1,2023,BEIGENE LTD
COc1cc(N2CCN(C(=O)CNc3ccc4c(c3)C(=O)N(C3CCC(=O)NC3=O)C4=O)CC2)ccc1Nc1ncc(Cl)c(Nc2ccccc2C(C)=O)n1,COc1cc([*:1])ccc1Nc1ncc(Cl)c(Nc2ccccc2C(C)=O)n1,O=C(CN[*:2])N1CCN([*:1])CC1,O=C1CCC(N2C(=O)c3ccc([*:2])cc3C2=O)C(=O)N1,EGFR,CRBN,766.22,3.99,195.27,13,4,11,0.263,0.127,-5.617,-5.335,WO2023088385A1,2023,TOKYO YOGYO KK
COc1cc(N2CCC(CN3CCC(c4ccc5c(c4)C(=O)N(C4CCC(=O)NC4=O)C5=O)CC3)CC2)ccc1Nc1ncc(Cl)c(Nc2ccccc2C(C)=O)n1,COc1cc([*:1])ccc1Nc1ncc(Cl)c(Nc2ccccc2C(C)=O)n1,C1CN([*:1])CCC1CN1CCC([*:2])CC1,O=C1CCC(N2C(=O)c3ccc([*:2])cc3C2=O)C(=O)N1,EGFR,CRBN,805.34,6.33,166.17,12,3,11,0.372,0.114,-5.672,-6.47,WO2023088385A1,2023,TOKYO YOGYO KK
COc1cc(N2CCN(CCC3CCN(c4ccc5c(c4)C(=O)N(C4CCC(=O)NC4=O)C5=O)CC3)CC2)ccc1Nc1ncc(Cl)c(Nc2ccccc2C(C)=O)n1,COc1cc([*:1])ccc1Nc1ncc(Cl)c(Nc2ccccc2C(C)=O)n1,C(CN1CCN([*:1])CC1)C1CCN([*:2])CC1,O=C1CCC(N2C(=O)c3ccc([*:2])cc3C2=O)C(=O)N1,EGFR,CRBN,820.35,5.66,169.41,13,3,12,0.372,0.118,-5.472,-6.177,WO2023088385A1,2023,TOKYO YOGYO KK
COc1cc(N2CCC(CN3CCN(c4ccc5c(c4)CN(C4CCC(=O)NC4=O)C5=O)CC3)CC2)ccc1Nc1ncc(C(F)(F)F)c(Nc2ccccc2C(C)=O)n1,COc1cc([*:1])ccc1Nc1ncc(C(F)(F)F)c(Nc2ccccc2C(C)=O)n1,C1CN([*:1])CCC1CN1CCN([*:2])CC1,O=C1CCC(N2Cc3cc([*:2])ccc3C2=O)C(=O)N1,EGFR,CRBN,825.89,5.99,152.34,12,3,11,0.395,0.12,-5.487,-5.768,WO2023088385A1,2023,TOKYO YOGYO KK
COc1cc(N2CCC(CN3CCN(c4ccc5c(c4)CN(C4CCC(=O)NC4=O)C5=O)CC3)CC2)ccc1Nc1ncc(Br)c(Nc2ccccc2C(C)=O)n1,COc1cc([*:1])ccc1Nc1ncc(Br)c(Nc2ccccc2C(C)=O)n1,C1CN([*:1])CCC1CN1CCN([*:2])CC1,O=C1CCC(N2Cc3cc([*:2])ccc3C2=O)C(=O)N1,EGFR,CRBN,836.79,5.74,152.34,12,3,11,0.381,0.125,-5.495,-5.883,WO2023088385A1,2023,TOKYO YOGYO KK
COc1cc(N2CCC(CN3CCN(c4ccc5c(c4)CN(C4CCC(=O)NC4=O)C5=O)CC3)CC2)ccc1Nc1ncc(Cl)c(Nc2ccccc2C(C)=O)n1,COc1cc([*:1])ccc1Nc1ncc(Cl)c(Nc2ccccc2C(C)=O)n1,C1CN([*:1])CCC1CN1CCN([*:2])CC1,O=C1CCC(N2Cc3cc([*:2])ccc3C2=O)C(=O)N1,EGFR,CRBN,792.34,5.63,152.34,12,3,11,0.381,0.128,-5.587,-5.761,WO2023088385A1,2023,TOKYO YOGYO KK
O=C1CCC(N2C(=O)c3ccc(NCCOCCC(=O)N4CCN(c5ccc(C(=O)Nc6n[nH]c7ccc(Cc8cc(F)cc(F)c8)cc67)c(NC6CCOCC6)c5)CC4)cc3C2=O)C(=O)N1,O=C(Nc1n[nH]c2ccc(Cc3cc(F)cc(F)c3)cc12)c1ccc([*:1])cc1NC1CCOCC1,O=C(CCOCCN[*:2])N1CCN([*:1])CC1,O=C1CCC(N2C(=O)c3ccc([*:2])cc3C2=O)C(=O)N1,TRK,CRBN,917.97,4.84,207.4,12,5,15,0.354,0.071,-5.573,-5.432,US20210315999A1,2021,CULLGEN SHANGHAI INC
O=C1CCC(N2C(=O)c3cccc(NCCOCCOCCOCCOCCC(=O)N4CCN(c5cccc(-c6cnc7ccc(N8CCCC8c8cccc(F)c8)nn67)n5)CC4)c3C2=O)C(=O)N1,Fc1cccc(C2CCCN2c2ccc3ncc(-c4cccc([*:1])n4)n3n2)c1,O=C(CCOCCOCCOCCOCCN[*:2])N1CCN([*:1])CC1,O=C1CCC(N2C(=O)c3cccc([*:2])c3C2=O)C(=O)N1,TRK,CRBN,947.04,3.89,202.37,15,2,21,0.429,0.079,-5.164,-4.326,US20210315999A1,2021,CULLGEN SHANGHAI INC
Cc1ncc(NC(=O)c2cccc(C(F)(F)F)c2)cc1-c1cnc(Oc2ccc(OCCOCCOCCOc3ccc4c(c3)C(=O)N(C3CCC(=O)NC3=O)C4=O)cc2)c(N2CCOCC2)c1,Cc1ncc(NC(=O)c2cccc(C(F)(F)F)c2)cc1-c1cnc(Oc2ccc([*:1])cc2)c(N2CCOCC2)c1,C(COCCO[*:2])OCCO[*:1],O=C1CCC(N2C(=O)c3ccc([*:2])cc3C2=O)C(=O)N1,RAF,CRBN,938.91,6.24,197.05,14,2,18,0.312,0.074,-5.487,-5.327,US20180179183A1,2018,ARVINAS INC | YALE UNIVERSITY
O=C1CCC(N2Cc3cc(N4CCC(CN5CCN(c6ccc(-c7cnc8[nH]cc(C(=O)c9c(F)ccc(NS(=O)(=O)N%10CCC(F)C%10)c9F)c8c7)cc6)CC5)CC4)ccc3C2=O)C(=O)N1,O=C(c1c(F)ccc(NS(=O)(=O)N2CCC(F)C2)c1F)c1c[nH]c2ncc(-c3ccc([*:1])cc3)cc12,C1CN([*:2])CCC1CN1CCN([*:1])CC1,O=C1CCC(N2Cc3cc([*:2])ccc3C2=O)C(=O)N1,RAF,CRBN,924.02,5.24,171.36,10,3,11,0.383,0.118,-5.466,-5.434,US20180179183A1,2018,ARVINAS INC | YALE UNIVERSITY
O=C1CCC(N2Cc3cc(N4CCC(CN5CC6(C5)CN(c5ccc(-c7cnc8[nH]cc(C(=O)c9c(F)ccc(NS(=O)(=O)N%10CCC(F)C%10)c9F)c8c7)cc5)C6)CC4)ccc3C2=O)C(=O)N1,O=C(c1c(F)ccc(NS(=O)(=O)N2CCC(F)C2)c1F)c1c[nH]c2ncc(-c3ccc(N4CC5(C4)CN([*:1])C5)cc3)cc12,C1CN([*:2])CCC1C[*:1],O=C1CCC(N2Cc3cc([*:2])ccc3C2=O)C(=O)N1,RAF,CRBN,936.03,5.24,171.36,10,3,11,0.396,0.118,-5.608,-5.205,US20180179183A1,2018,ARVINAS INC | YALE UNIVERSITY
O=C1CCC(N2Cc3cc(C4CCN(CC5CCN(c6ccc(-c7cnc8[nH]cc(C(=O)c9c(F)ccc(NS(=O)(=O)N%10CCC(F)C%10)c9F)c8c7)cc6)CC5)CC4)ccc3C2=O)C(=O)N1,O=C(c1c(F)ccc(NS(=O)(=O)N2CCC(F)C2)c1F)c1c[nH]c2ncc(-c3ccc([*:1])cc3)cc12,C1CN([*:1])CCC1CN1CCC([*:2])CC1,O=C1CCC(N2Cc3cc([*:2])ccc3C2=O)C(=O)N1,RAF,CRBN,923.03,6.3,168.12,9,3,11,0.396,0.102,-5.459,-5.459,US20180179183A1,2018,ARVINAS INC | YALE UNIVERSITY
CC(C)N(CC1CCN(c2ccc(-c3cnc4[nH]cc(C(=O)c5c(F)ccc(NS(=O)(=O)N6CCC(F)C6)c5F)c4c3)cc2)CC1)C1CC(Oc2ccc3c(c2)C(=O)N(C2CCC(=O)NC2=O)C3=O)C1,O=C(c1c(F)ccc(NS(=O)(=O)N2CCC(F)C2)c1F)c1c[nH]c2ncc(-c3ccc([*:1])cc3)cc12,CC(C)N(CC1CCN([*:1])CC1)C1CC(O[*:2])C1,O=C1CCC(N2C(=O)c3ccc([*:2])cc3C2=O)C(=O)N1,RAF,CRBN,981.07,6.38,194.42,11,3,14,0.4,0.083,-5.651,-5.976,US20180179183A1,2018,ARVINAS INC | YALE UNIVERSITY
CN1CCN(C2CCCN(c3cnc(C(N)=O)c(Nc4ccc(C(=O)NCCOCCOCCOCCNc5cccc6c5C(=O)N(C5CCC(=O)NC5=O)C6=O)cc4)n3)C2)C1=O,CN1CCN(C2CCCN(c3cnc(C(N)=O)c(Nc4ccc([*:1])cc4)n3)C2)C1=O,O=C(NCCOCCOCCOCCN[*:2])[*:1],O=C1CCC(N2C(=O)c3cccc([*:2])c3C2=O)C(=O)N1,BTK,CRBN,869.94,0.95,260.06,15,5,20,0.452,0.078,-5.644,-2.542,US20230029378A1,2023,NURIX THERAPEUTICS INC
CN1CCN(C2CCCN(c3cnc(C(N)=O)c(Nc4ccc(C(=O)NCCCCNc5cccc6c5C(=O)N(C5CCC(=O)NC5=O)C6=O)cc4)n3)C2)C1=O,CN1CCN(C2CCCN(c3cnc(C(N)=O)c(Nc4ccc([*:1])cc4)n3)C2)C1=O,O=C(NCCCCN[*:2])[*:1],O=C1CCC(N2C(=O)c3cccc([*:2])c3C2=O)C(=O)N1,BTK,CRBN,765.83,1.68,232.37,12,5,13,0.395,0.124,-5.492,-3.391,US20230029378A1,2023,NURIX THERAPEUTICS INC
CN1CCN(C2CCCN(c3cnc(C(N)=O)c(Nc4ccc(N5CCN(C(=O)CCOCCNc6cccc7c6C(=O)N(C6CCC(=O)NC6=O)C7=O)CC5)cc4)n3)C2)C1=O,CN1CCN(C2CCCN(c3cnc(C(N)=O)c(Nc4ccc([*:1])cc4)n3)C2)C1=O,O=C(CCOCCN[*:2])N1CCN([*:1])CC1,O=C1CCC(N2C(=O)c3cccc([*:2])c3C2=O)C(=O)N1,BTK,CRBN,850.94,1.22,236.05,14,4,14,0.452,0.132,-5.651,-2.866,US20230029378A1,2023,NURIX THERAPEUTICS INC
CN1CCN(C2CCCN(c3cnc(C(N)=O)c(Nc4ccc5c(c4)CCN(CC4CCN(c6ccc7c(c6)C(=O)N(C6CCC(=O)NC6=O)C7=O)CC4)C5)n3)C2)C1=O,CN1CCN(C2CCCN(c3cnc(C(N)=O)c(Nc4ccc5c(c4)CCN([*:1])C5)n3)C2)C1=O,C1CN([*:2])CCC1C[*:1],O=C1CCC(N2C(=O)c3ccc([*:2])cc3C2=O)C(=O)N1,BTK,CRBN,803.92,2.33,197.72,12,3,9,0.476,0.268,-5.765,-3.669,US20230029378A1,2023,NURIX THERAPEUTICS INC
CN1CCN(C2CCCN(c3cnc(C(N)=O)c(Nc4ccc(N5CCN(CCC6CCN(c7ccc8c(c7)C(=O)N(C7CCC(=O)NC7=O)C8=O)CC6)CC5)cc4)n3)C2)C1=O,CN1CCN(C2CCCN(c3cnc(C(N)=O)c(Nc4ccc([*:1])cc4)n3)C2)C1=O,C(CN1CCN([*:1])CC1)C1CCN([*:2])CC1,O=C1CCC(N2C(=O)c3ccc([*:2])cc3C2=O)C(=O)N1,BTK,CRBN,846.99,2.49,200.96,13,3,11,0.5,0.238,-5.576,-3.193,US20230029378A1,2023,NURIX THERAPEUTICS INC
CN1CCN(C2CCCN(c3cnc(C(N)=O)c(Nc4ccc(N5CCN(CC6CCN(c7ccc8c(c7)C(=O)N(C7CCC(=O)NC7=O)C8=O)C6)CC5)cc4)n3)C2)C1=O,CN1CCN(C2CCCN(c3cnc(C(N)=O)c(Nc4ccc([*:1])cc4)n3)C2)C1=O,C1CN([*:2])CC1CN1CCN([*:1])CC1,O=C1CCC(N2C(=O)c3ccc([*:2])cc3C2=O)C(=O)N1,BTK,CRBN,818.94,1.71,200.96,13,3,10,0.476,0.25,-5.657,-3.184,US20230029378A1,2023,NURIX THERAPEUTICS INC
CN1CCN(C2CCCN(c3cnc(C(N)=O)c(Nc4ccc(C5CCN(c6ccc7c(c6)C(=O)N(C6CCC(=O)NC6=O)C7=O)CC5)cc4)n3)C2)C1=O,CN1CCN(C2CCCN(c3cnc(C(N)=O)c(Nc4ccc([*:1])cc4)n3)C2)C1=O,C1CN([*:2])CCC1[*:1],O=C1CCC(N2C(=O)c3ccc([*:2])cc3C2=O)C(=O)N1,BTK,CRBN,734.82,2.44,194.48,11,3,8,0.421,0.288,-5.58,-3.804,US20230029378A1,2023,NURIX THERAPEUTICS INC
CN1CCN(C2CCCN(c3cnc(C(N)=O)c(Nc4ccc(N5CCN(CC6CCN(c7ccc8c(c7)C(=O)N(C7CCC(=O)NC7=O)C8=O)CC6)CC5)cc4)n3)C2)C1=O,CN1CCN(C2CCCN(c3cnc(C(N)=O)c(Nc4ccc([*:1])cc4)n3)C2)C1=O,C1CN([*:2])CCC1CN1CCN([*:1])CC1,O=C1CCC(N2C(=O)c3ccc([*:2])cc3C2=O)C(=O)N1,BTK,CRBN,832.97,2.1,200.96,13,3,10,0.488,0.251,-5.653,-3.258,US20230029378A1,2023,NURIX THERAPEUTICS INC
CN1CCN(C2CCCN(c3cnc(C(N)=O)c(Nc4ccc(C5CCN(CC6CCN(c7ccc8c(c7)C(=O)N(C7CCC(=O)NC7=O)C8=O)CC6)CC5)cc4)n3)C2)C1=O,CN1CCN(C2CCCN(c3cnc(C(N)=O)c(Nc4ccc([*:1])cc4)n3)C2)C1=O,C1CN([*:2])CCC1CN1CCC([*:1])CC1,O=C1CCC(N2C(=O)c3ccc([*:2])cc3C2=O)C(=O)N1,BTK,CRBN,831.98,3.15,197.72,12,3,10,0.5,0.253,-5.811,-3.98,US20230029378A1,2023,NURIX THERAPEUTICS INC
CN1CCN(C2CCCN(c3cnc(C(N)=O)c(Nc4ccc(C5CCN(C6CN(c7ccc8c(c7)C(=O)N(C7CCC(=O)NC7=O)C8=O)C6)CC5)cc4)n3)C2)C1=O,CN1CCN(C2CCCN(c3cnc(C(N)=O)c(Nc4ccc([*:1])cc4)n3)C2)C1=O,C1CN(C2CN([*:2])C2)CCC1[*:1],O=C1CCC(N2C(=O)c3ccc([*:2])cc3C2=O)C(=O)N1,BTK,CRBN,789.9,2.12,197.72,12,3,9,0.463,0.268,-5.667,-3.134,US20230029378A1,2023,NURIX THERAPEUTICS INC
CN1CCN(C2CCCN(c3cnc(C(N)=O)c(Nc4ccc(C5CCN(CC6CN(c7ccc8c(c7)C(=O)N(C7CCC(=O)NC7=O)C8=O)C6)CC5)cc4)n3)C2)C1=O,CN1CCN(C2CCCN(c3cnc(C(N)=O)c(Nc4ccc([*:1])cc4)n3)C2)C1=O,C1CN(CC2CN([*:2])C2)CCC1[*:1],O=C1CCC(N2C(=O)c3ccc([*:2])cc3C2=O)C(=O)N1,BTK,CRBN,803.92,2.37,197.72,12,3,10,0.476,0.254,-5.843,-3.361,US20230029378A1,2023,NURIX THERAPEUTICS INC
CN1CCN(C2CCCN(c3cnc(C(N)=O)c(Nc4ccc(N5CCN(CC6CN(c7ccc8c(c7)C(=O)N(C7CCC(=O)NC7=O)C8=O)C6)CC5)cc4)n3)C2)C1=O,CN1CCN(C2CCCN(c3cnc(C(N)=O)c(Nc4ccc([*:1])cc4)n3)C2)C1=O,C1CN([*:1])CCN1CC1CN([*:2])C1,O=C1CCC(N2C(=O)c3ccc([*:2])cc3C2=O)C(=O)N1,BTK,CRBN,804.91,1.31,200.96,13,3,10,0.463,0.248,-5.753,-3.129,US20230029378A1,2023,NURIX THERAPEUTICS INC
Cc1cc2cc(n1)-c1cnn(C)c1OCCCC(C)CN1C(=NC2=O)Nc2cc(N3CCN(CCCCCOc4cccc5c4CN(C4CCC(=O)NC4=O)C5=O)CC3)ccc21,Cc1cc2cc(n1)-c1cnn(C)c1OCCCC(C)CN1C(=NC2=O)Nc2cc([*:1])ccc21,C(CCO[*:2])CCN1CCN([*:1])CC1,O=C1CCC(N2Cc3c(cccc3[*:2])C2=O)C(=O)N1,EGFR,CRBN,843.0,5.16,166.83,12,2,9,0.457,0.168,-5.273,-3.564,CN114057770A,2022,CHENGDU HITGEN INC
Cc1cc2cc(n1)-c1cnn(C)c1OCCCC(C)CN1C(=NC2=O)Nc2ccc(N3CCN(CCCCCOc4cccc5c4CN(C4CCC(=O)NC4=O)C5=O)CC3)cc21,Cc1cc2cc(n1)-c1cnn(C)c1OCCCC(C)CN1C(=NC2=O)Nc2ccc([*:1])cc21,C(CCO[*:2])CCN1CCN([*:1])CC1,O=C1CCC(N2Cc3c(cccc3[*:2])C2=O)C(=O)N1,EGFR,CRBN,843.0,5.16,166.83,12,2,9,0.457,0.168,-5.271,-3.602,CN114057770A,2022,CHENGDU HITGEN INC
Cc1cc2cc(n1)-c1cnn(C)c1OCCCC(C)CN1C(=NC2=O)Nc2ccc(N3CCN(CC4CCN(c5ccc6c(c5)CN(C5CCC(=O)NC5=O)C6=O)CC4)CC3)cc21,Cc1cc2cc(n1)-c1cnn(C)c1OCCCC(C)CN1C(=NC2=O)Nc2ccc([*:1])cc21,C1CN([*:2])CCC1CN1CCN([*:1])CC1,O=C1CCC(N2Cc3cc([*:2])ccc3C2=O)C(=O)N1,EGFR,CRBN,854.03,4.83,160.84,12,2,5,0.468,0.264,-5.405,-4.263,CN114057770A,2022,CHENGDU HITGEN INC
Cc1cc2cc(n1)-c1cnn(C)c1OCCCC(C)CN1C(=NC2=O)Nc2ccc(N3CCN(CC4CCN(c5ccc6c(c5)C(=O)N(C5CCC(=O)NC5=O)C6=O)CC4)CC3)cc21,Cc1cc2cc(n1)-c1cnn(C)c1OCCCC(C)CN1C(=NC2=O)Nc2ccc([*:1])cc21,C1CN([*:2])CCC1CN1CCN([*:1])CC1,O=C1CCC(N2C(=O)c3ccc([*:2])cc3C2=O)C(=O)N1,EGFR,CRBN,868.01,4.47,177.91,13,2,5,0.447,0.269,-5.445,-4.416,CN114057770A,2022,CHENGDU HITGEN INC
Cc1cc2cc(n1)-c1cnn(C)c1OCCCC(C)CN1C(=NC2=O)Nc2cc(N3CCN(CCCCOc4cccc5c4CN(C4CCC(=O)NC4=O)C5=O)CC3)ccc21,Cc1cc2cc(n1)-c1cnn(C)c1OCCCC(C)CN1C(=NC2=O)Nc2cc([*:1])ccc21,C(CCN1CCN([*:1])CC1)CO[*:2],O=C1CCC(N2Cc3c(cccc3[*:2])C2=O)C(=O)N1,EGFR,CRBN,828.97,4.77,166.83,12,2,8,0.444,0.185,-5.273,-3.503,CN114057770A,2022,CHENGDU HITGEN INC
Cc1cc2cc(n1)-c1cnn(C)c1OCCCC(C)CN1C(=NC2=O)Nc2ccc(N3CCN(CCCCOc4cccc5c4CN(C4CCC(=O)NC4=O)C5=O)CC3)cc21,Cc1cc2cc(n1)-c1cnn(C)c1OCCCC(C)CN1C(=NC2=O)Nc2ccc([*:1])cc21,C(CCN1CCN([*:1])CC1)CO[*:2],O=C1CCC(N2Cc3c(cccc3[*:2])C2=O)C(=O)N1,EGFR,CRBN,828.97,4.77,166.83,12,2,8,0.444,0.185,-5.274,-3.537,CN114057770A,2022,CHENGDU HITGEN INC
COc1cc2ncnc(Nc3ccc(F)c(Cl)c3)c2cc1OCCOCCOCCOCCNc1cccc2c1CN(C1CCC(=O)NC1=O)C2=O,COc1cc2ncnc(Nc3ccc(F)c(Cl)c3)c2cc1[*:1],C(COCCOCCOCCO[*:1])N[*:2],O=C1CCC(N2Cc3c(cccc3[*:2])C2=O)C(=O)N1,EGFR,CRBN,737.19,4.48,162.47,12,3,18,0.361,0.097,-5.277,-4.129,CN110372669A,2019,ZHEJIANG MEDICAL SCI ACAD
CNc1c(-c2cn3c(n2)sc2cc(OCCOCCNc4cccc5c4C(=O)N(C4CCC(=O)NC4=O)C5=O)ccc23)nc2cc(C#N)ccn12,CNc1c(-c2cn3c(n2)sc2cc([*:1])ccc23)nc2cc(C#N)ccn12,C(COCCO[*:1])N[*:2],O=C1CCC(N2C(=O)c3cccc([*:2])c3C2=O)C(=O)N1,mHTT,CRBN,703.74,3.69,184.46,12,3,11,0.229,0.132,-5.75,-4.286,US20200276176A1,2020,CHDI FOUNDATION INC | EVOTEC SE
CNc1c(-c2cn3c(n2)sc2cc(OCCOCC(=O)NC(C(=O)N4CC(O)CC4C(=O)NCc4ccc(-c5scnc5C)cc4)C(C)(C)C)ccc23)nc2cc(C#N)ccn12,CNc1c(-c2cn3c(n2)sc2cc([*:1])ccc23)nc2cc(C#N)ccn12,O=C(COCCO[*:1])[*:2],Cc1ncsc1-c1ccc(CNC(=O)C2CC(O)CN2C(=O)C(N[*:2])C(C)(C)C)cc1,mHTT,VHL,875.05,5.41,200.51,13,4,14,0.341,0.102,-5.946,-3.763,US20200276176A1,2020,CHDI FOUNDATION INC | EVOTEC SE
CNc1c(-c2cn3c(n2)sc2cc(OCCOCCOCC(=O)NC(C(=O)N4CC(O)CC4C(=O)NCc4ccc(-c5scnc5C)cc4)C(C)(C)C)ccc23)nc2cc(C#N)ccn12,CNc1c(-c2cn3c(n2)sc2cc([*:1])ccc23)nc2cc(C#N)ccn12,O=C(COCCOCCO[*:1])[*:2],Cc1ncsc1-c1ccc(CNC(=O)C2CC(O)CN2C(=O)C(N[*:2])C(C)(C)C)cc1,mHTT,VHL,919.1,5.43,209.74,14,4,17,0.37,0.084,-6.033,-3.837,US20200276176A1,2020,CHDI FOUNDATION INC | EVOTEC SE
CNc1c(-c2cn3c(n2)sc2cc(OCCOCCOCCOCC(=O)NC(C(=O)N4CC(O)CC4C(=O)NCc4ccc(-c5scnc5C)cc4)C(C)(C)C)ccc23)nc2cc(C#N)ccn12,CNc1c(-c2cn3c(n2)sc2cc([*:1])ccc23)nc2cc(C#N)ccn12,O=C(COCCOCCOCCO[*:1])[*:2],Cc1ncsc1-c1ccc(CNC(=O)C2CC(O)CN2C(=O)C(N[*:2])C(C)(C)C)cc1,mHTT,VHL,963.16,5.45,218.97,15,4,20,0.396,0.07,-6.023,-3.618,US20200276176A1,2020,CHDI FOUNDATION INC | EVOTEC SE
CNc1c(-c2cn3c(n2)sc2cc(OCCOCCOCCOCCOCC(=O)NC(C(=O)N4CC(O)CC4C(=O)NCc4ccc(-c5scnc5C)cc4)C(C)(C)C)ccc23)nc2cc(C#N)ccn12,CNc1c(-c2cn3c(n2)sc2cc([*:1])ccc23)nc2cc(C#N)ccn12,O=C(COCCOCCOCCOCCO[*:1])[*:2],Cc1ncsc1-c1ccc(CNC(=O)C2CC(O)CN2C(=O)C(N[*:2])C(C)(C)C)cc1,mHTT,VHL,1007.21,5.46,228.2,16,4,23,0.42,0.058,-5.974,-3.321,US20200276176A1,2020,CHDI FOUNDATION INC | EVOTEC SE
Cn1nc(-c2nc3cc(NC(=O)c4ccc(OCCOCCOCCOCCNc5cccc6c5C(=O)N(C5CCC(=O)NC5=O)C6=O)cn4)ccc3o2)ccc1=O,Cn1nc(-c2nc3cc(NC(=O)c4ccc([*:1])cn4)ccc3o2)ccc1=O,C(COCCOCCOCCO[*:1])N[*:2],O=C1CCC(N2C(=O)c3cccc([*:2])c3C2=O)C(=O)N1,mHTT,CRBN,794.78,2.18,235.41,15,3,18,0.308,0.085,-5.35,-3.113,US20200276176A1,2020,CHDI FOUNDATION INC | EVOTEC SE
Cn1nc(-c2nc3cc(NC(=O)c4ccc(OCCOCCNc5cccc6c5C(=O)N(C5CCC(=O)NC5=O)C6=O)cn4)ccc3o2)ccc1=O,Cn1nc(-c2nc3cc(NC(=O)c4ccc([*:1])cn4)ccc3o2)ccc1=O,C(COCCO[*:1])N[*:2],O=C1CCC(N2C(=O)c3cccc([*:2])c3C2=O)C(=O)N1,mHTT,CRBN,706.67,2.14,216.95,13,3,12,0.229,0.125,-5.5,-3.691,US20200276176A1,2020,CHDI FOUNDATION INC | EVOTEC SE
Cn1nc(-c2nc3cc(NC(=O)c4ccc(OCCOCCOCCNc5cccc6c5C(=O)N(C5CCC(=O)NC5=O)C6=O)cn4)ccc3o2)ccc1=O,Cn1nc(-c2nc3cc(NC(=O)c4ccc([*:1])cn4)ccc3o2)ccc1=O,C(COCCOCCO[*:1])N[*:2],O=C1CCC(N2C(=O)c3cccc([*:2])c3C2=O)C(=O)N1,mHTT,CRBN,750.73,2.16,226.18,14,3,15,0.27,0.103,-5.367,-3.33,US20200276176A1,2020,CHDI FOUNDATION INC | EVOTEC SE
Cc1ncsc1-c1ccc(CNC(=O)C2CC(O)CN2C(=O)C(NC(=O)COCCOc2ccc(C(=O)Nc3ccc4oc(-c5ccc(=O)n(C)n5)nc4c3)nc2)C(C)(C)C)cc1,Cn1nc(-c2nc3cc(NC(=O)c4ccc([*:1])cn4)ccc3o2)ccc1=O,O=C(COCCO[*:1])[*:2],Cc1ncsc1-c1ccc(CNC(=O)C2CC(O)CN2C(=O)C(N[*:2])C(C)(C)C)cc1,mHTT,VHL,877.98,3.87,233.0,14,4,15,0.341,0.108,-5.847,-3.235,US20200276176A1,2020,CHDI FOUNDATION INC | EVOTEC SE
COc1cc(OC)c(Cl)c(NC(=O)N(C)c2cc(Nc3ccc(N4CCN(C(=O)CCCCCNc5cccc6c5C(=O)N(C5CCC(=O)NC5=O)C6=O)CC4)cc3)ncn2)c1Cl,COc1cc(OC)c(Cl)c(NC(=O)N(C)c2cc(Nc3ccc([*:1])cc3)ncn2)c1Cl,O=C(CCCCCN[*:2])N1CCN([*:1])CC1,O=C1CCC(N2C(=O)c3cccc([*:2])c3C2=O)C(=O)N1,FGFR,CRBN,901.81,5.93,207.74,13,4,15,0.349,0.081,-5.42,-5.165,CN114933589A,2022,HANGZHOU MEDICAL COLLEGE
CN1CCN(C2CCCN(c3cnc(C(N)=O)c(Nc4ccc(N5CCN(CC6CN(c7ccc8c(c7)CN(C7CCC(=O)NC7=O)C8=O)C6)CC5)cc4)n3)C2)C1=O,CN1CCN(C2CCCN(c3cnc(C(N)=O)c(Nc4ccc([*:1])cc4)n3)C2)C1=O,C1CN([*:1])CCN1CC1CN([*:2])C1,O=C1CCC(N2Cc3cc([*:2])ccc3C2=O)C(=O)N1,BTK,CRBN,790.93,1.67,183.89,12,3,10,0.488,0.253,-5.724,-3.09,US20230029378A1,2023,NURIX THERAPEUTICS INC
CN(C)c1ccc(-c2nc3ccc(OCCOCCOCCOCCNc4cccc5c4C(=O)N(C4CCC(=O)NC4=O)C5=O)cc3s2)cc1,CN(C)c1ccc(-c2nc3ccc([*:1])cc3s2)cc1,C(COCCOCCOCCO[*:1])N[*:2],O=C1CCC(N2C(=O)c3cccc([*:2])c3C2=O)C(=O)N1,TDP-43,CRBN,701.8,3.97,148.63,12,2,17,0.361,0.122,-5.446,-4.296,WO2023039010A1,2023,ACADEMIA SINICA (REPUBLIC/PROVINCE OF CHINA ON TAIWAN) - TAIPEI TAIWAN | LIU F
Cc1ncsc1-c1ccc(CNC(=O)C2CC(O)CN2C(=O)C(NC(=O)COCCOc2cccc(NC(=O)CC3N=C(c4ccc(Cl)cc4)c4c(sc(C)c4C)-n4c(C)nnc43)c2)C(C)(C)C)cc1,Cc1sc2c(c1C)C(c1ccc(Cl)cc1)=NC(CC(=O)Nc1cccc([*:1])c1)c1nnc(C)n1-2,O=C(COCCO[*:1])[*:2],Cc1ncsc1-c1ccc(CNC(=O)C2CC(O)CN2C(=O)C(N[*:2])C(C)(C)C)cc1,BRD4,VHL,1006.65,7.46,202.26,13,4,16,0.373,0.071,-5.885,-4.898,US20210187108A1,2021,YALE UNIVERSITY
Cc1ncsc1-c1ccc(CNC(=O)C2CC(O)CN2C(=O)C(NC(=O)COCCOCCOc2ccc(NC(=O)CC3N=C(c4ccc(Cl)cc4)c4c(sc(C)c4C)-n4c(C)nnc43)cc2)C(C)(C)C)cc1,Cc1sc2c(c1C)C(c1ccc(Cl)cc1)=NC(CC(=O)Nc1ccc([*:1])cc1)c1nnc(C)n1-2,O=C(COCCOCCO[*:1])[*:2],Cc1ncsc1-c1ccc(CNC(=O)C2CC(O)CN2C(=O)C(N[*:2])C(C)(C)C)cc1,BRD4,VHL,1050.7,7.48,211.49,14,4,19,0.396,0.058,-5.921,-4.618,US20210187108A1,2021,YALE UNIVERSITY
Cc1ncsc1-c1ccc(CNC(=O)C2CC(O)CN2C(=O)C(NC(=O)COCCCCOc2ccc3c(c2)c2c(C(N)=O)cc(-c4c(C)noc4C)cc2n3Cc2ccccc2)C(C)(C)C)cc1,Cc1noc(C)c1-c1cc(C(N)=O)c2c3cc([*:1])ccc3n(Cc3ccccc3)c2c1,O=C(COCCCCO[*:1])[*:2],Cc1ncsc1-c1ccc(CNC(=O)C2CC(O)CN2C(=O)C(N[*:2])C(C)(C)C)cc1,BRD4,VHL,954.16,7.63,204.14,11,4,18,0.358,0.062,-5.788,-5.096,US20210187108A1,2021,YALE UNIVERSITY
Cc1ncsc1-c1ccc(CNC(=O)C2CC(O)CN2C(=O)C(NC(=O)COCCOCCOc2ccc3c(c2)c2c(C(N)=O)cc(-c4c(C)noc4C)cc2n3Cc2ccccc2)C(C)(C)C)cc1,Cc1noc(C)c1-c1cc(C(N)=O)c2c3cc([*:1])ccc3n(Cc3ccccc3)c2c1,O=C(COCCOCCO[*:1])[*:2],Cc1ncsc1-c1ccc(CNC(=O)C2CC(O)CN2C(=O)C(N[*:2])C(C)(C)C)cc1,BRD4,VHL,970.16,6.87,213.37,12,4,19,0.358,0.061,-5.873,-4.86,US20210187108A1,2021,YALE UNIVERSITY
Cc1ncsc1-c1ccc(CNC(=O)C2CC(O)CN2C(=O)C(NC(=O)COCCCCOc2cccc(NC(=O)CC3N=C(c4ccc(Cl)cc4)c4c(sc(C)c4C)-n4c(C)nnc43)c2)C(C)(C)C)cc1,Cc1sc2c(c1C)C(c1ccc(Cl)cc1)=NC(CC(=O)Nc1cccc([*:1])c1)c1nnc(C)n1-2,O=C(COCCCCO[*:1])[*:2],Cc1ncsc1-c1ccc(CNC(=O)C2CC(O)CN2C(=O)C(N[*:2])C(C)(C)C)cc1,BRD4,VHL,1034.71,8.24,202.26,13,4,18,0.396,0.061,-5.889,-5.026,US20210187108A1,2021,YALE UNIVERSITY
Cc1ncsc1-c1ccc(CNC(=O)C2CC(O)CN2C(=O)C(NC(=O)COCCCCCOc2cccc(NC(=O)CC3N=C(c4ccc(Cl)cc4)c4c(sc(C)c4C)-n4c(C)nnc43)c2)C(C)(C)C)cc1,Cc1sc2c(c1C)C(c1ccc(Cl)cc1)=NC(CC(=O)Nc1cccc([*:1])c1)c1nnc(C)n1-2,O=C(COCCCCCO[*:1])[*:2],Cc1ncsc1-c1ccc(CNC(=O)C2CC(O)CN2C(=O)C(N[*:2])C(C)(C)C)cc1,BRD4,VHL,1048.73,8.64,202.26,13,4,19,0.407,0.057,-5.852,-5.151,US20210187108A1,2021,YALE UNIVERSITY
Cc1ncsc1-c1ccc(C(C)NC(=O)C2CC(O)CN2C(=O)C(NC(=O)COCCOc2cccc(NC(=O)CC3N=C(c4ccc(Cl)cc4)c4c(sc(C)c4C)-n4c(C)nnc43)c2)C(C)(C)C)cc1,Cc1sc2c(c1C)C(c1ccc(Cl)cc1)=NC(CC(=O)Nc1cccc([*:1])c1)c1nnc(C)n1-2,O=C(COCCO[*:1])[*:2],Cc1ncsc1-c1ccc(C(C)NC(=O)C2CC(O)CN2C(=O)C(N[*:2])C(C)(C)C)cc1,BRD4,VHL,1020.68,8.03,202.26,13,4,16,0.385,0.069,-5.833,-5.115,US20210187108A1,2021,YALE UNIVERSITY
Cc1ncsc1-c1ccc(CNC(=O)C2CC(O)CN2C(=O)C(NC(=O)COCCOCCOCCOCCOc2ccc(NC(=O)CC3N=C(c4ccc(Cl)cc4)c4c(sc(C)c4C)-n4c(C)nnc43)cc2)C(C)(C)C)cc1,Cc1sc2c(c1C)C(c1ccc(Cl)cc1)=NC(CC(=O)Nc1ccc([*:1])cc1)c1nnc(C)n1-2,O=C(COCCOCCOCCOCCO[*:1])[*:2],Cc1ncsc1-c1ccc(CNC(=O)C2CC(O)CN2C(=O)C(N[*:2])C(C)(C)C)cc1,BRD4,VHL,1138.81,7.51,229.95,16,4,25,0.439,0.041,-5.861,-3.894,US20210187108A1,2021,YALE UNIVERSITY
Cc1ncsc1-c1ccc(CNC(=O)C2CC(O)CN2C(=O)C(NC(=O)COCCOCCOCCOc2ccc(NC(=O)CC3N=C(c4ccc(Cl)cc4)c4c(sc(C)c4C)-n4c(C)nnc43)cc2)C(C)(C)C)cc1,Cc1sc2c(c1C)C(c1ccc(Cl)cc1)=NC(CC(=O)Nc1ccc([*:1])cc1)c1nnc(C)n1-2,O=C(COCCOCCOCCO[*:1])[*:2],Cc1ncsc1-c1ccc(CNC(=O)C2CC(O)CN2C(=O)C(N[*:2])C(C)(C)C)cc1,BRD4,VHL,1094.76,7.5,220.72,15,4,22,0.418,0.049,-5.902,-4.273,US20210187108A1,2021,YALE UNIVERSITY
Cc1ncsc1-c1ccc(C(C)NC(=O)C2CC(O)CN2C(=O)C(NC(=O)COCCCOCCCCOc2ccc3c(c2)c2c(C(N)=O)cc(-c4c(C)noc4C)cc2n3Cc2ccccc2)C(C)(C)C)cc1,Cc1noc(C)c1-c1cc(C(N)=O)c2c3cc([*:1])ccc3n(Cc3ccccc3)c2c1,O=C(COCCCOCCCCO[*:1])[*:2],Cc1ncsc1-c1ccc(C(C)NC(=O)C2CC(O)CN2C(=O)C(N[*:2])C(C)(C)C)cc1,BRD4,VHL,1026.27,8.6,213.37,12,4,22,0.404,0.047,-5.926,-5.474,US20210187108A1,2021,YALE UNIVERSITY
Cc1ncsc1-c1ccc(CNC(=O)C2CC(O)CN2C(=O)C(NC(=O)COCCCOCCCCCOc2ccc3c(c2)c2c(C(N)=O)cc(-c4c(C)noc4C)cc2n3Cc2ccccc2)C(C)(C)C)cc1,Cc1noc(C)c1-c1cc(C(N)=O)c2c3cc([*:1])ccc3n(Cc3ccccc3)c2c1,O=C(COCCCOCCCCCO[*:1])[*:2],Cc1ncsc1-c1ccc(CNC(=O)C2CC(O)CN2C(=O)C(N[*:2])C(C)(C)C)cc1,BRD4,VHL,1026.27,8.43,213.37,12,4,23,0.404,0.045,-5.851,-5.4,US20210187108A1,2021,YALE UNIVERSITY
Cc1ncsc1-c1ccc(CNC(=O)C2CC(O)CN2C(=O)C(NC(=O)COCCCOCCCCOc2ccc3c(c2)c2c(C(N)=O)cc(-c4c(C)noc4C)cc2n3Cc2ccccc2)C(C)(C)C)cc1,Cc1noc(C)c1-c1cc(C(N)=O)c2c3cc([*:1])ccc3n(Cc3ccccc3)c2c1,O=C(COCCCOCCCCO[*:1])[*:2],Cc1ncsc1-c1ccc(CNC(=O)C2CC(O)CN2C(=O)C(N[*:2])C(C)(C)C)cc1,BRD4,VHL,1012.24,8.04,213.37,12,4,22,0.393,0.048,-5.878,-5.256,US20210187108A1,2021,YALE UNIVERSITY
Cc1ncsc1-c1ccc(CNC(=O)C2CC(O)CN2C(=O)C(NC(=O)COCCOCCOCCOCCOc2ccc3c(c2)c2c(C(N)=O)cc(-c4c(C)noc4C)cc2n3Cc2ccccc2)C(C)(C)C)cc1,Cc1noc(C)c1-c1cc(C(N)=O)c2c3cc([*:1])ccc3n(Cc3ccccc3)c2c1,O=C(COCCOCCOCCOCCO[*:1])[*:2],Cc1ncsc1-c1ccc(CNC(=O)C2CC(O)CN2C(=O)C(N[*:2])C(C)(C)C)cc1,BRD4,VHL,1058.27,6.9,231.83,14,4,25,0.404,0.043,-5.811,-4.33,US20210187108A1,2021,YALE UNIVERSITY
Cc1ncsc1-c1ccc(CNC(=O)C2CC(O)CN2C(=O)C(NC(=O)COCCOCCOCCOc2ccc3c(c2)c2c(C(N)=O)cc(-c4c(C)noc4C)cc2n3Cc2ccccc2)C(C)(C)C)cc1,Cc1noc(C)c1-c1cc(C(N)=O)c2c3cc([*:1])ccc3n(Cc3ccccc3)c2c1,O=C(COCCOCCOCCO[*:1])[*:2],Cc1ncsc1-c1ccc(CNC(=O)C2CC(O)CN2C(=O)C(N[*:2])C(C)(C)C)cc1,BRD4,VHL,1014.21,6.88,222.6,13,4,22,0.382,0.051,-5.879,-4.612,US20210187108A1,2021,YALE UNIVERSITY
Cc1ncsc1-c1ccc(C(C)NC(=O)C2CC(O)CN2C(=O)C(NC(=O)COCCOc2cnc(-c3ccc(C(C)NC(=O)CC4N=C(c5ccc(Cl)cc5)c5c(sc(C)c5C)-n5c(C)nnc54)cc3)nc2)C(C)(C)C)cc1,Cc1sc2c(c1C)C(c1ccc(Cl)cc1)=NC(CC(=O)NC(C)c1ccc(-c3ncc([*:1])cn3)cc1)c1nnc(C)n1-2,O=C(COCCO[*:1])[*:2],Cc1ncsc1-c1ccc(C(C)NC(=O)C2CC(O)CN2C(=O)C(N[*:2])C(C)(C)C)cc1,BRD4,VHL,1126.81,8.72,228.04,15,4,18,0.379,0.059,-5.661,-5.487,US20210187108A1,2021,YALE UNIVERSITY
COC(=O)CC1N=C(c2ccc(Cl)cc2)c2c(sc(C(=O)NCCCCNc3cccc4c3C(=O)N(C3CCC(=O)NC3=O)C4=O)c2C)-n2c(C)nnc21,COC(=O)CC1N=C(c2ccc(Cl)cc2)c2c(sc([*:1])c2C)-n2c(C)nnc21,O=C(NCCCCN[*:2])[*:1],O=C1CCC(N2C(=O)c3cccc([*:2])c3C2=O)C(=O)N1,BRD4,CRBN,771.26,4.08,194.05,12,3,11,0.324,0.114,-5.24,-4.803,US20210130368A1,2021,DANA-FARBER CANCER INSTITUTE (INC.)
COC(=O)CC1N=C(c2ccc(Cl)cc2)c2c(sc(C(=O)NCCCCCCCCNc3cccc4c3C(=O)N(C3CCC(=O)NC3=O)C4=O)c2C)-n2c(C)nnc21,COC(=O)CC1N=C(c2ccc(Cl)cc2)c2c(sc([*:1])c2C)-n2c(C)nnc21,O=C(NCCCCCCCCN[*:2])[*:1],O=C1CCC(N2C(=O)c3cccc([*:2])c3C2=O)C(=O)N1,BRD4,CRBN,827.36,5.64,194.05,12,3,15,0.39,0.077,-4.964,-5.917,US20210130368A1,2021,DANA-FARBER CANCER INSTITUTE (INC.)
COC(=O)CC1N=C(c2ccc(Cl)cc2)c2c(sc(C(=O)NCCCCCCCCNc3ccc4c(c3)C(=O)N(C3CCC(=O)NC3=O)C4=O)c2C)-n2c(C)nnc21,COC(=O)CC1N=C(c2ccc(Cl)cc2)c2c(sc([*:1])c2C)-n2c(C)nnc21,O=C(NCCCCCCCCN[*:2])[*:1],O=C1CCC(N2C(=O)c3ccc([*:2])cc3C2=O)C(=O)N1,BRD4,CRBN,827.36,5.64,194.05,12,3,15,0.39,0.077,-4.838,-5.616,US20210130368A1,2021,DANA-FARBER CANCER INSTITUTE (INC.)
COC(=O)CC1N=C(c2ccc(Cl)cc2)c2c(sc(C(=O)NCCCCCNc3ccc4c(c3)C(=O)N(C3CCC(=O)NC3=O)C4=O)c2C)-n2c(C)nnc21,COC(=O)CC1N=C(c2ccc(Cl)cc2)c2c(sc([*:1])c2C)-n2c(C)nnc21,O=C(NCCCCCN[*:2])[*:1],O=C1CCC(N2C(=O)c3ccc([*:2])cc3C2=O)C(=O)N1,BRD4,CRBN,785.28,4.47,194.05,12,3,12,0.342,0.105,-5.068,-4.718,US20210130368A1,2021,DANA-FARBER CANCER INSTITUTE (INC.)
CN1CCN(C2CCCN(c3cnc(C(N)=O)c(Nc4ccc(N5CCN(CC6CCN(c7ccc8c(c7)C(=O)N(C7CCC(=O)NC7=O)C8=O)C6)CC5)nc4)n3)C2)C1=O,CN1CCN(C2CCCN(c3cnc(C(N)=O)c(Nc4ccc([*:1])nc4)n3)C2)C1=O,C1CN([*:2])CC1CN1CCN([*:1])CC1,O=C1CCC(N2C(=O)c3ccc([*:2])cc3C2=O)C(=O)N1,BTK,CRBN,819.93,1.1,213.85,14,3,10,0.488,0.245,-5.652,-3.117,US20230029378A1,2023,NURIX THERAPEUTICS INC
Cc1sc2c(c1C)C(c1ccc(Cl)cc1)=NC(CC(=O)Nc1ccc(OCCOCCOCCOCCOCCOc3cccc4c3C(=O)N(C3CCC(=O)NC3=O)C4=O)cc1)c1nnc(C)n1-2,Cc1sc2c(c1C)C(c1ccc(Cl)cc1)=NC(CC(=O)Nc1ccc([*:1])cc1)c1nnc(C)n1-2,C(COCCOCCO[*:2])OCCOCCO[*:1],O=C1CCC(N2C(=O)c3cccc([*:2])c3C2=O)C(=O)N1,"TBK1, ERα, BRD4, AR",CRBN,968.49,5.75,211.1,15,2,22,0.375,0.063,-5.449,-3.71,US20190233433A1,2019,YALE UNIVERSITY
Cc1sc2c(c1C)C(c1ccc(Cl)cc1)=NC(CC(=O)Nc1ccc(OCCOCCOCCOc3cccc4c3C(=O)N(C3CCC(=O)NC3=O)C4=O)cc1)c1nnc(C)n1-2,Cc1sc2c(c1C)C(c1ccc(Cl)cc1)=NC(CC(=O)Nc1ccc([*:1])cc1)c1nnc(C)n1-2,C(COCCO[*:2])OCCO[*:1],O=C1CCC(N2C(=O)c3cccc([*:2])c3C2=O)C(=O)N1,"TBK1, ERα, BRD4, AR",CRBN,880.38,5.72,192.64,13,2,16,0.318,0.091,-5.416,-4.683,US20190233433A1,2019,YALE UNIVERSITY
Cc1sc2c(c1C)C(c1ccc(Cl)cc1)=NC(CC(=O)Nc1ccc(N3CCC(CN4CCN(c5cccc6c5C(=O)N(C5CCC(=O)NC5=O)C6=O)CC4)CC3)cc1)c1nnc(C)n1-2,Cc1sc2c(c1C)C(c1ccc(Cl)cc1)=NC(CC(=O)Nc1ccc([*:1])cc1)c1nnc(C)n1-2,C1CN([*:1])CCC1CN1CCN([*:2])CC1,O=C1CCC(N2C(=O)c3cccc([*:2])c3C2=O)C(=O)N1,BRD4,CRBN,913.5,6.27,165.44,12,2,9,0.375,0.161,-5.477,-6.105,WO2023274418A1,2023,WUXI APPTEC CO. LTD.
Cc1sc2c(c1C)C(c1ccc(Cl)cc1)=NC(CC(=O)Nc1ccc(N3CCC(CN4CCN(c5ccc6c(c5)C(=O)N(C5CCC(=O)NC5=O)C6=O)CC4)CC3)cc1)c1nnc(C)n1-2,Cc1sc2c(c1C)C(c1ccc(Cl)cc1)=NC(CC(=O)Nc1ccc([*:1])cc1)c1nnc(C)n1-2,C1CN([*:1])CCC1CN1CCN([*:2])CC1,O=C1CCC(N2C(=O)c3ccc([*:2])cc3C2=O)C(=O)N1,BRD4,CRBN,913.5,6.27,165.44,12,2,9,0.375,0.161,-5.492,-5.816,WO2023274418A1,2023,WUXI APPTEC CO. LTD.
Cn1cc(-c2sc(C(C)(C)O)cc2N2CCc3cc(F)ccc32)c2cc(C(=O)NCCOCCOCCOCCNc3cccc4c3C(=O)N(C3CCC(=O)NC3=O)C4=O)[nH]c2c1=O,Cn1cc(-c2sc(C(C)(C)O)cc2N2CCc3cc(F)ccc32)c2cc([*:1])[nH]c2c1=O,O=C(NCCOCCOCCOCCN[*:2])[*:1],O=C1CCC(N2C(=O)c3cccc([*:2])c3C2=O)C(=O)N1,BRD4,CRBN,897.98,3.95,213.63,13,5,18,0.378,0.063,-5.256,-3.994,WO2022228421A1,2022,CHENGDU EASTON BIOPHARM CO LTD
Cn1cc(-c2sc(C(C)(C)O)cc2N2CCc3cc(F)ccc32)c2cc(C(=O)NCCCCCNc3cccc4c3CN(C3CCC(=O)NC3=O)C4=O)[nH]c2c1=O,Cn1cc(-c2sc(C(C)(C)O)cc2N2CCc3cc(F)ccc32)c2cc([*:1])[nH]c2c1=O,O=C(NCCCCCN[*:2])[*:1],O=C1CCC(N2Cc3c(cccc3[*:2])C2=O)C(=O)N1,BRD4,CRBN,793.92,5.43,168.87,9,5,12,0.357,0.082,-5.328,-5.033,WO2022228421A1,2022,CHENGDU EASTON BIOPHARM CO LTD
Cn1cc(-c2sc(C(C)(C)O)cc2N2CCc3cc(F)ccc32)c2cc(C(=O)NCCOCCNc3cccc4c3CN(C3CCC(=O)NC3=O)C4=O)[nH]c2c1=O,Cn1cc(-c2sc(C(C)(C)O)cc2N2CCc3cc(F)ccc32)c2cc([*:1])[nH]c2c1=O,O=C(NCCOCCN[*:2])[*:1],O=C1CCC(N2Cc3c(cccc3[*:2])C2=O)C(=O)N1,BRD4,CRBN,795.89,4.28,178.1,10,5,12,0.341,0.091,-5.475,-4.56,WO2022228421A1,2022,CHENGDU EASTON BIOPHARM CO LTD
Cn1cc(-c2sc(C(C)(C)O)cc2N2CCc3cc(F)ccc32)c2cc(C(=O)NCCOCCNc3cccc4c3C(=O)N(C3CCC(=O)NC3=O)C4=O)[nH]c2c1=O,Cn1cc(-c2sc(C(C)(C)O)cc2N2CCc3cc(F)ccc32)c2cc([*:1])[nH]c2c1=O,O=C(NCCOCCN[*:2])[*:1],O=C1CCC(N2C(=O)c3cccc([*:2])c3C2=O)C(=O)N1,BRD4,CRBN,809.88,3.92,195.17,11,5,12,0.317,0.091,-5.483,-4.939,WO2022228421A1,2022,CHENGDU EASTON BIOPHARM CO LTD
Cn1cc(-c2sc(C(C)(C)O)cc2N2CCc3cc(F)ccc32)c2cc(C(=O)NCCCCCNc3cccc4c3C(=O)N(C3CCC(=O)NC3=O)C4=O)[nH]c2c1=O,Cn1cc(-c2sc(C(C)(C)O)cc2N2CCc3cc(F)ccc32)c2cc([*:1])[nH]c2c1=O,O=C(NCCCCCN[*:2])[*:1],O=C1CCC(N2C(=O)c3cccc([*:2])c3C2=O)C(=O)N1,BRD4,CRBN,807.9,5.07,185.94,10,5,12,0.333,0.085,-5.318,-5.634,WO2022228421A1,2022,CHENGDU EASTON BIOPHARM CO LTD
Cn1cc(-c2sc(C(C)(C)O)cc2N2CCc3ccccc32)c2cc(C(=O)NCCOCCOCCOCCNc3cccc4c3C(=O)N(C3CCC(=O)NC3=O)C4=O)[nH]c2c1=O,Cn1cc(-c2sc(C(C)(C)O)cc2N2CCc3ccccc32)c2cc([*:1])[nH]c2c1=O,O=C(NCCOCCOCCOCCN[*:2])[*:1],O=C1CCC(N2C(=O)c3cccc([*:2])c3C2=O)C(=O)N1,BRD4,CRBN,879.99,3.81,213.63,13,5,18,0.378,0.063,-5.301,-3.892,WO2022228421A1,2022,CHENGDU EASTON BIOPHARM CO LTD
Cn1cc(-c2sc(C(C)(C)O)cc2N2CCc3ccccc32)c2cc(C(=O)NCCCCCNc3cccc4c3CN(C3CCC(=O)NC3=O)C4=O)[nH]c2c1=O,Cn1cc(-c2sc(C(C)(C)O)cc2N2CCc3ccccc32)c2cc([*:1])[nH]c2c1=O,O=C(NCCCCCN[*:2])[*:1],O=C1CCC(N2Cc3c(cccc3[*:2])C2=O)C(=O)N1,BRD4,CRBN,775.93,5.29,168.87,9,5,12,0.357,0.084,-5.509,-4.921,WO2022228421A1,2022,CHENGDU EASTON BIOPHARM CO LTD
Cn1cc(-c2sc(C(C)(C)O)cc2N2CCc3ccccc32)c2cc(C(=O)NCCOCCNc3cccc4c3CN(C3CCC(=O)NC3=O)C4=O)[nH]c2c1=O,Cn1cc(-c2sc(C(C)(C)O)cc2N2CCc3ccccc32)c2cc([*:1])[nH]c2c1=O,O=C(NCCOCCN[*:2])[*:1],O=C1CCC(N2Cc3c(cccc3[*:2])C2=O)C(=O)N1,BRD4,CRBN,777.9,4.14,178.1,10,5,12,0.341,0.092,-5.641,-4.523,WO2022228421A1,2022,CHENGDU EASTON BIOPHARM CO LTD
Cn1cc(-c2sc(C(C)(C)O)cc2N2CCc3ccccc32)c2cc(C(=O)NCCCCCNc3cccc4c3C(=O)N(C3CCC(=O)NC3=O)C4=O)[nH]c2c1=O,Cn1cc(-c2sc(C(C)(C)O)cc2N2CCc3ccccc32)c2cc([*:1])[nH]c2c1=O,O=C(NCCCCCN[*:2])[*:1],O=C1CCC(N2C(=O)c3cccc([*:2])c3C2=O)C(=O)N1,BRD4,CRBN,789.91,4.93,185.94,10,5,12,0.333,0.086,-5.446,-5.607,WO2022228421A1,2022,CHENGDU EASTON BIOPHARM CO LTD
Cn1cc(-c2sc(C(C)(C)O)cc2N2CCc3ccccc32)c2cc(C(=O)NCCOCCNc3cccc4c3C(=O)N(C3CCC(=O)NC3=O)C4=O)[nH]c2c1=O,Cn1cc(-c2sc(C(C)(C)O)cc2N2CCc3ccccc32)c2cc([*:1])[nH]c2c1=O,O=C(NCCOCCN[*:2])[*:1],O=C1CCC(N2C(=O)c3cccc([*:2])c3C2=O)C(=O)N1,BRD4,CRBN,791.89,3.78,195.17,11,5,12,0.317,0.092,-5.705,-4.892,WO2022228421A1,2022,CHENGDU EASTON BIOPHARM CO LTD
Cn1cc(-c2sc(C(C)(C)O)cc2N2CCc3ccccc32)c2cc(C(=O)NCCCCNc3cccc4c3C(=O)N(C3CCC(=O)NC3=O)C4=O)[nH]c2c1=O,Cn1cc(-c2sc(C(C)(C)O)cc2N2CCc3ccccc32)c2cc([*:1])[nH]c2c1=O,O=C(NCCCCN[*:2])[*:1],O=C1CCC(N2C(=O)c3cccc([*:2])c3C2=O)C(=O)N1,BRD4,CRBN,775.89,4.54,185.94,10,5,11,0.317,0.095,-5.505,-5.469,WO2022228421A1,2022,CHENGDU EASTON BIOPHARM CO LTD
Cn1cc(-c2ccccc2Oc2ccccc2)c2cc(C(=O)NCc3ccc(C(=O)NCCCCNc4cccc5c4C(=O)N(C4CCC(=O)NC4=O)C5=O)cc3)[nH]c2c1=O,Cn1cc(-c2ccccc2Oc2ccccc2)c2cc(C(=O)NCc3ccc([*:1])cc3)[nH]c2c1=O,O=C(NCCCCN[*:2])[*:1],O=C1CCC(N2C(=O)c3cccc([*:2])c3C2=O)C(=O)N1,BRD4,CRBN,819.88,5.28,200.8,9,5,14,0.196,0.072,-5.186,-4.621,CN112094266A,2020,CHINESE ACADEMY OF SCIENCE
Cn1cc(-c2ccccc2Oc2ccccc2)c2cc(C(=O)NCc3ccc(C(=O)NCCCCCNc4cccc5c4C(=O)N(C4CCC(=O)NC4=O)C5=O)cc3)[nH]c2c1=O,Cn1cc(-c2ccccc2Oc2ccccc2)c2cc(C(=O)NCc3ccc([*:1])cc3)[nH]c2c1=O,O=C(NCCCCCN[*:2])[*:1],O=C1CCC(N2C(=O)c3cccc([*:2])c3C2=O)C(=O)N1,BRD4,CRBN,833.9,5.67,200.8,9,5,15,0.213,0.064,-5.107,-4.716,CN112094266A,2020,CHINESE ACADEMY OF SCIENCE
Cn1cc(-c2ccccc2Oc2ccccc2)c2cc(C(=O)NCCCCCNc3cccc4c3C(=O)N(C3CCC(=O)NC3=O)C4=O)[nH]c2c1=O,Cn1cc(-c2ccccc2Oc2ccccc2)c2cc([*:1])[nH]c2c1=O,O=C(NCCCCCN[*:2])[*:1],O=C1CCC(N2C(=O)c3cccc([*:2])c3C2=O)C(=O)N1,BRD4,CRBN,700.75,4.74,171.7,8,4,12,0.231,0.107,-5.198,-4.634,CN112094266A,2020,CHINESE ACADEMY OF SCIENCE
CCS(=O)(=O)Nc1ccc(Oc2ccc(OCCOCCOCCOCC(=O)NC(C(=O)N3CC(O)CC3C(=O)NC(C)c3ccc(-c4scnc4C)cc3)C(C)(C)C)cc2F)c(-c2cn(C)c(=O)c3[nH]ccc23)c1,CCS(=O)(=O)Nc1ccc(Oc2ccc([*:1])cc2F)c(-c2cn(C)c(=O)c3[nH]ccc23)c1,O=C(COCCOCCOCCO[*:1])[*:2],Cc1ncsc1-c1ccc(C(C)NC(=O)C2CC(O)CN2C(=O)C(N[*:2])C(C)(C)C)cc1,BRD4,VHL,1074.26,6.46,241.74,14,5,24,0.415,0.041,-6.032,-3.755,CN108976278A,2018,HINOVA PHARM INC
CCS(=O)(=O)Nc1ccc(Oc2ccc(OCCOCCOCCOCC(=O)NC(C(=O)N3CC(O)CC3C(=O)NCc3ccc(-c4scnc4C)cc3)C(C)(C)C)cc2F)c(-c2cn(C)c(=O)c3[nH]ccc23)c1,CCS(=O)(=O)Nc1ccc(Oc2ccc([*:1])cc2F)c(-c2cn(C)c(=O)c3[nH]ccc23)c1,O=C(COCCOCCOCCO[*:1])[*:2],Cc1ncsc1-c1ccc(CNC(=O)C2CC(O)CN2C(=O)C(N[*:2])C(C)(C)C)cc1,BRD4,VHL,1060.24,5.9,241.74,14,5,24,0.404,0.044,-6.057,-3.484,CN108976278A,2018,HINOVA PHARM INC
CCS(=O)(=O)Nc1ccc(Oc2ccc(OCCOCCOCC(=O)NC(C(=O)N3CC(O)CC3C(=O)NC(C)c3ccc(-c4scnc4C)cc3)C(C)(C)C)cc2F)c(-c2cn(C)c(=O)c3[nH]ccc23)c1,CCS(=O)(=O)Nc1ccc(Oc2ccc([*:1])cc2F)c(-c2cn(C)c(=O)c3[nH]ccc23)c1,O=C(COCCOCCO[*:1])[*:2],Cc1ncsc1-c1ccc(C(C)NC(=O)C2CC(O)CN2C(=O)C(N[*:2])C(C)(C)C)cc1,BRD4,VHL,1030.21,6.44,232.51,13,5,21,0.392,0.049,-6.047,-4.171,CN108976278A,2018,HINOVA PHARM INC
CCS(=O)(=O)Nc1ccc(Oc2ccc(OCCOCCOCC(=O)NC(C(=O)N3CC(O)CC3C(=O)NCc3ccc(-c4scnc4C)cc3)C(C)(C)C)cc2F)c(-c2cn(C)c(=O)c3[nH]ccc23)c1,CCS(=O)(=O)Nc1ccc(Oc2ccc([*:1])cc2F)c(-c2cn(C)c(=O)c3[nH]ccc23)c1,O=C(COCCOCCO[*:1])[*:2],Cc1ncsc1-c1ccc(CNC(=O)C2CC(O)CN2C(=O)C(N[*:2])C(C)(C)C)cc1,BRD4,VHL,1016.18,5.88,232.51,13,5,21,0.38,0.053,-6.029,-3.811,CN108976278A,2018,HINOVA PHARM INC
Cc1ncsc1-c1ccc(C(C)NC(=O)C2CC(O)CN2C(=O)C(NC(=O)COCCOCCOCCNC(=O)c2ccc(Oc3ccc(F)cc3F)c(-c3cn(C)c(=O)c4[nH]ccc34)c2)C(C)(C)C)cc1,Cn1cc(-c2cc([*:1])ccc2Oc2ccc(F)cc2F)c2cc[nH]c2c1=O,O=C(NCCOCCOCCOCC(=O)[*:2])[*:1],Cc1ncsc1-c1ccc(C(C)NC(=O)C2CC(O)CN2C(=O)C(N[*:2])C(C)(C)C)cc1,BRD4,VHL,1012.15,6.19,215.44,12,5,21,0.385,0.051,-5.959,-4.346,CN108976278A,2018,HINOVA PHARM INC
Cc1ncsc1-c1ccc(CNC(=O)C2CC(O)CN2C(=O)C(NC(=O)COCCOCCOCCNC(=O)c2ccc(Oc3ccc(F)cc3F)c(-c3cn(C)c(=O)c4[nH]ccc34)c2)C(C)(C)C)cc1,Cn1cc(-c2cc([*:1])ccc2Oc2ccc(F)cc2F)c2cc[nH]c2c1=O,O=C(NCCOCCOCCOCC(=O)[*:2])[*:1],Cc1ncsc1-c1ccc(CNC(=O)C2CC(O)CN2C(=O)C(N[*:2])C(C)(C)C)cc1,BRD4,VHL,998.12,5.62,215.44,12,5,21,0.373,0.056,-5.961,-3.972,CN108976278A,2018,HINOVA PHARM INC
CNC(=O)c1nnc(Nc2ccc(C(=O)NCCCCCNc3ccc4c(c3)C(=O)N(C3CCC(=O)NC3=O)C4=O)cn2)cc1Nc1cccc(-c2ncn(C)n2)c1OC,CNC(=O)c1nnc(Nc2ccc([*:1])cn2)cc1Nc1cccc(-c2ncn(C)n2)c1OC,O=C(NCCCCCN[*:2])[*:1],O=C1CCC(N2C(=O)c3ccc([*:2])cc3C2=O)C(=O)N1,TYK2,CRBN,815.85,2.94,256.45,15,6,16,0.275,0.062,-5.367,-4.996,CN116490501A,2023,SHANGHAI CULLGEN INC
COc1c(Nc2cc(Nc3ccc(C(=O)NCCCCCNc4ccc5c(c4)C(=O)N(C4CCC(=O)NC4=O)C5=O)cn3)nnc2C(N)=O)cccc1-c1ncn(C)n1,COc1c(Nc2cc(Nc3ccc([*:1])cn3)nnc2C(N)=O)cccc1-c1ncn(C)n1,O=C(NCCCCCN[*:2])[*:1],O=C1CCC(N2C(=O)c3ccc([*:2])cc3C2=O)C(=O)N1,TYK2,CRBN,801.82,2.68,270.44,15,6,16,0.256,0.062,-5.519,-4.548,CN116490501A,2023,SHANGHAI CULLGEN INC
CNC(=O)c1nnc(Nc2ccc(C(=O)NCCCCCNc3cccc4c3C(=O)N(C3CCC(=O)NC3=O)C4=O)cn2)cc1Nc1cccc(-c2ncn(C)n2)c1OC,CNC(=O)c1nnc(Nc2ccc([*:1])cn2)cc1Nc1cccc(-c2ncn(C)n2)c1OC,O=C(NCCCCCN[*:2])[*:1],O=C1CCC(N2C(=O)c3cccc([*:2])c3C2=O)C(=O)N1,TYK2,CRBN,815.85,2.94,256.45,15,6,16,0.275,0.062,-5.368,-5.459,CN116490501A,2023,SHANGHAI CULLGEN INC
COc1c(Nc2cc(Nc3ccc(C(=O)NCCCCCNc4cccc5c4C(=O)N(C4CCC(=O)NC4=O)C5=O)cn3)nnc2C(N)=O)cccc1-c1ncn(C)n1,COc1c(Nc2cc(Nc3ccc([*:1])cn3)nnc2C(N)=O)cccc1-c1ncn(C)n1,O=C(NCCCCCN[*:2])[*:1],O=C1CCC(N2C(=O)c3cccc([*:2])c3C2=O)C(=O)N1,TYK2,CRBN,801.82,2.68,270.44,15,6,16,0.256,0.062,-5.533,-4.982,CN116490501A,2023,SHANGHAI CULLGEN INC
CNC(=O)c1nnc(Nc2ccc(N3CCN(C(=O)CCCCCCC(=O)NC(C(=O)N4CC(O)CC4C(=O)NC(C)c4ccc(-c5scnc5C)cc4)C(C)(C)C)CC3)cn2)cc1Nc1cccc(-c2ncn(C)n2)c1OC,CNC(=O)c1nnc(Nc2ccc([*:1])cn2)cc1Nc1cccc(-c2ncn(C)n2)c1OC,O=C(CCCCCCC(=O)[*:2])N1CCN([*:1])CC1,Cc1ncsc1-c1ccc(C(C)NC(=O)C2CC(O)CN2C(=O)C(N[*:2])C(C)(C)C)cc1,TYK2,VHL,1098.35,6.31,266.95,17,6,21,0.446,0.043,-5.788,-5.654,CN116490501A,2023,SHANGHAI CULLGEN INC
COc1c(Nc2cc(Nc3ccc(N4CCN(C(=O)CCCCCCC(=O)NC(C(=O)N5CC(O)CC5C(=O)NC(C)c5ccc(-c6scnc6C)cc5)C(C)(C)C)CC4)cn3)nnc2C(N)=O)cccc1-c1ncn(C)n1,COc1c(Nc2cc(Nc3ccc([*:1])cn3)nnc2C(N)=O)cccc1-c1ncn(C)n1,O=C(CCCCCCC(=O)[*:2])N1CCN([*:1])CC1,Cc1ncsc1-c1ccc(C(C)NC(=O)C2CC(O)CN2C(=O)C(N[*:2])C(C)(C)C)cc1,TYK2,VHL,1084.32,6.05,280.94,17,6,21,0.436,0.045,-5.789,-4.501,CN116490501A,2023,SHANGHAI CULLGEN INC
CNC(=O)c1nnc(Nc2ccc(C(=O)NCCOCCNc3ccc4c(c3)C(=O)N(C3CCC(=O)NC3=O)C4=O)cn2)cc1Nc1cccc(-c2ncn(C)n2)c1OC,CNC(=O)c1nnc(Nc2ccc([*:1])cn2)cc1Nc1cccc(-c2ncn(C)n2)c1OC,O=C(NCCOCCN[*:2])[*:1],O=C1CCC(N2C(=O)c3ccc([*:2])cc3C2=O)C(=O)N1,TYK2,CRBN,817.82,1.78,265.68,16,6,16,0.256,0.061,-5.684,-4.043,CN116490501A,2023,SHANGHAI CULLGEN INC
CNC(=O)c1nnc(Nc2ccc(C(=O)NCCCCCCCCNc3ccc4c(c3)C(=O)N(C3CCC(=O)NC3=O)C4=O)cn2)cc1Nc1cccc(-c2ncn(C)n2)c1OC,CNC(=O)c1nnc(Nc2ccc([*:1])cn2)cc1Nc1cccc(-c2ncn(C)n2)c1OC,O=C(NCCCCCCCCN[*:2])[*:1],O=C1CCC(N2C(=O)c3ccc([*:2])cc3C2=O)C(=O)N1,TYK2,CRBN,857.93,4.11,256.45,15,6,19,0.326,0.05,-5.346,-5.435,CN116490501A,2023,SHANGHAI CULLGEN INC
CNC(=O)c1nnc(Nc2ccc(C(=O)NCCCCNc3ccc4c(c3)C(=O)N(C3CCC(=O)NC3=O)C4=O)cn2)cc1Nc1cccc(-c2ncn(C)n2)c1OC,CNC(=O)c1nnc(Nc2ccc([*:1])cn2)cc1Nc1cccc(-c2ncn(C)n2)c1OC,O=C(NCCCCN[*:2])[*:1],O=C1CCC(N2C(=O)c3ccc([*:2])cc3C2=O)C(=O)N1,TYK2,CRBN,801.82,2.55,256.45,15,6,15,0.256,0.066,-5.396,-4.663,CN116490501A,2023,SHANGHAI CULLGEN INC
CNC(=O)c1nnc(Nc2ccc(C(=O)NCCOCCNc3cccc4c3C(=O)N(C3CCC(=O)NC3=O)C4=O)cn2)cc1Nc1cccc(-c2ncn(C)n2)c1OC,CNC(=O)c1nnc(Nc2ccc([*:1])cn2)cc1Nc1cccc(-c2ncn(C)n2)c1OC,O=C(NCCOCCN[*:2])[*:1],O=C1CCC(N2C(=O)c3cccc([*:2])c3C2=O)C(=O)N1,TYK2,CRBN,817.82,1.78,265.68,16,6,16,0.256,0.061,-5.706,-4.303,CN116490501A,2023,SHANGHAI CULLGEN INC
CNC(=O)c1nnc(Nc2ccc(C(=O)NCCCCCCCCNc3cccc4c3C(=O)N(C3CCC(=O)NC3=O)C4=O)cn2)cc1Nc1cccc(-c2ncn(C)n2)c1OC,CNC(=O)c1nnc(Nc2ccc([*:1])cn2)cc1Nc1cccc(-c2ncn(C)n2)c1OC,O=C(NCCCCCCCCN[*:2])[*:1],O=C1CCC(N2C(=O)c3cccc([*:2])c3C2=O)C(=O)N1,TYK2,CRBN,857.93,4.11,256.45,15,6,19,0.326,0.05,-5.366,-5.71,CN116490501A,2023,SHANGHAI CULLGEN INC
CNC(=O)c1nnc(Nc2ccc(C(=O)NCCCCNc3cccc4c3C(=O)N(C3CCC(=O)NC3=O)C4=O)cn2)cc1Nc1cccc(-c2ncn(C)n2)c1OC,CNC(=O)c1nnc(Nc2ccc([*:1])cn2)cc1Nc1cccc(-c2ncn(C)n2)c1OC,O=C(NCCCCN[*:2])[*:1],O=C1CCC(N2C(=O)c3cccc([*:2])c3C2=O)C(=O)N1,TYK2,CRBN,801.82,2.55,256.45,15,6,15,0.256,0.066,-5.382,-5.311,CN116490501A,2023,SHANGHAI CULLGEN INC
CNC(=O)c1nnc(Nc2ccc(N3CCN(C(=O)CCCCCCC(=O)NC(C(=O)N4CC(O)CC4C(=O)NCc4ccc(-c5scnc5C)cc4)C(C)(C)C)CC3)cn2)cc1Nc1cccc(-c2ncn(C)n2)c1OC,CNC(=O)c1nnc(Nc2ccc([*:1])cn2)cc1Nc1cccc(-c2ncn(C)n2)c1OC,O=C(CCCCCCC(=O)[*:2])N1CCN([*:1])CC1,Cc1ncsc1-c1ccc(CNC(=O)C2CC(O)CN2C(=O)C(N[*:2])C(C)(C)C)cc1,TYK2,VHL,1084.32,5.75,266.95,17,6,21,0.436,0.047,-5.792,-5.57,CN116490501A,2023,SHANGHAI CULLGEN INC
CNC(=O)c1nnc(Nc2ccc(N3CCN(C(=O)CCCCCC(=O)NC(C(=O)N4CC(O)CC4C(=O)NCc4ccc(-c5scnc5C)cc4)C(C)(C)C)CC3)cn2)cc1Nc1cccc(-c2ncn(C)n2)c1OC,CNC(=O)c1nnc(Nc2ccc([*:1])cn2)cc1Nc1cccc(-c2ncn(C)n2)c1OC,O=C(CCCCCC(=O)[*:2])N1CCN([*:1])CC1,Cc1ncsc1-c1ccc(CNC(=O)C2CC(O)CN2C(=O)C(N[*:2])C(C)(C)C)cc1,TYK2,VHL,1070.29,5.36,266.95,17,6,20,0.426,0.053,-5.803,-5.11,CN116490501A,2023,SHANGHAI CULLGEN INC
CNC(=O)c1nnc(Nc2ccc(N3CCN(C(=O)CCC(=O)NC(C(=O)N4CC(O)CC4C(=O)NCc4ccc(-c5scnc5C)cc4)C(C)(C)C)CC3)cn2)cc1Nc1cccc(-c2ncn(C)n2)c1OC,CNC(=O)c1nnc(Nc2ccc([*:1])cn2)cc1Nc1cccc(-c2ncn(C)n2)c1OC,O=C(CCC(=O)[*:2])N1CCN([*:1])CC1,Cc1ncsc1-c1ccc(CNC(=O)C2CC(O)CN2C(=O)C(N[*:2])C(C)(C)C)cc1,TYK2,VHL,1028.21,4.19,266.95,17,6,17,0.392,0.075,-5.779,-4.546,CN116490501A,2023,SHANGHAI CULLGEN INC
Cc1ncsc1-c1ccc(CNC(=O)C2CC(O)CN2C(=O)C(NC(=O)CCCCCCC(=O)N2CCN(c3ncc(-c4cc(NC(=O)c5ccc(F)cc5C(F)(F)F)c(N5CC(C)N(C)C(C)C5)cc4F)cn3)CC2)C(C)(C)C)cc1,CC1CN(c2cc(F)c(-c3cnc([*:1])nc3)cc2NC(=O)c2ccc(F)cc2C(F)(F)F)CC(C)N1C,O=C(CCCCCCC(=O)[*:2])N1CCN([*:1])CC1,Cc1ncsc1-c1ccc(CNC(=O)C2CC(O)CN2C(=O)C(N[*:2])C(C)(C)C)cc1,WDR5,VHL,1158.35,8.45,196.54,13,4,18,0.492,0.048,-5.694,-5.31,US20220348580A1,2022,UNIVERSITY OF NORTH CAROLINA | MOUNT SINAI HEALTH SYSTEM
Cc1ncsc1-c1ccc(CNC(=O)C2CC(O)CN2C(=O)C(NC(=O)COCCOCCOCCNC(=O)c2ccc(F)c(-c3ccc(N4CC(C)N(C)C(C)C4)c(NC(=O)c4c[nH]c(=O)cc4C(F)(F)F)c3)c2)C(C)(C)C)cc1,CC1CN(c2ccc(-c3cc([*:1])ccc3F)cc2NC(=O)c2c[nH]c(=O)cc2C(F)(F)F)CC(C)N1C,O=C(NCCOCCOCCOCC(=O)[*:2])[*:1],Cc1ncsc1-c1ccc(CNC(=O)C2CC(O)CN2C(=O)C(N[*:2])C(C)(C)C)cc1,WDR5,VHL,1148.29,6.0,236.86,14,6,22,0.456,0.035,-5.921,-3.684,US20220348580A1,2022,UNIVERSITY OF NORTH CAROLINA | MOUNT SINAI HEALTH SYSTEM
CC1CN(c2cc(F)c(-c3cnc(N4CCN(C(=O)CCOCCOCCOCCOCCNc5cccc6c5C(=O)N(C5CCC(=O)NC5=O)C6=O)CC4)nc3)cc2NC(=O)c2ccc(F)cc2C(F)(F)F)CC(C)N1C,CC1CN(c2cc(F)c(-c3cnc([*:1])nc3)cc2NC(=O)c2ccc(F)cc2C(F)(F)F)CC(C)N1C,O=C(CCOCCOCCOCCOCCN[*:2])N1CCN([*:1])CC1,O=C1CCC(N2C(=O)c3cccc([*:2])c3C2=O)C(=O)N1,WDR5,CRBN,1093.12,4.84,217.41,16,3,22,0.472,0.055,-5.416,-3.764,US20220348580A1,2022,UNIVERSITY OF NORTH CAROLINA | MOUNT SINAI HEALTH SYSTEM
CC1CN(c2cc(F)c(-c3cnc(N4CCN(C(=O)CCOCCOCCOCCNc5cccc6c5C(=O)N(C5CCC(=O)NC5=O)C6=O)CC4)nc3)cc2NC(=O)c2ccc(F)cc2C(F)(F)F)CC(C)N1C,CC1CN(c2cc(F)c(-c3cnc([*:1])nc3)cc2NC(=O)c2ccc(F)cc2C(F)(F)F)CC(C)N1C,O=C(CCOCCOCCOCCN[*:2])N1CCN([*:1])CC1,O=C1CCC(N2C(=O)c3cccc([*:2])c3C2=O)C(=O)N1,WDR5,CRBN,1049.07,4.82,208.18,15,3,19,0.451,0.065,-5.46,-4.181,US20220348580A1,2022,UNIVERSITY OF NORTH CAROLINA | MOUNT SINAI HEALTH SYSTEM
CC1CN(c2cc(F)c(-c3cnc(N4CCN(C(=O)CCOCCOCCNc5cccc6c5C(=O)N(C5CCC(=O)NC5=O)C6=O)CC4)nc3)cc2NC(=O)c2ccc(F)cc2C(F)(F)F)CC(C)N1C,CC1CN(c2cc(F)c(-c3cnc([*:1])nc3)cc2NC(=O)c2ccc(F)cc2C(F)(F)F)CC(C)N1C,O=C(CCOCCOCCN[*:2])N1CCN([*:1])CC1,O=C1CCC(N2C(=O)c3cccc([*:2])c3C2=O)C(=O)N1,WDR5,CRBN,1005.01,4.81,198.95,14,3,16,0.429,0.079,-5.42,-4.744,US20220348580A1,2022,UNIVERSITY OF NORTH CAROLINA | MOUNT SINAI HEALTH SYSTEM
CC1CN(c2cc(F)c(-c3cnc(N4CCN(C(=O)CCOCCNc5cccc6c5C(=O)N(C5CCC(=O)NC5=O)C6=O)CC4)nc3)cc2NC(=O)c2ccc(F)cc2C(F)(F)F)CC(C)N1C,CC1CN(c2cc(F)c(-c3cnc([*:1])nc3)cc2NC(=O)c2ccc(F)cc2C(F)(F)F)CC(C)N1C,O=C(CCOCCN[*:2])N1CCN([*:1])CC1,O=C1CCC(N2C(=O)c3cccc([*:2])c3C2=O)C(=O)N1,WDR5,CRBN,960.96,4.79,189.72,13,3,13,0.404,0.094,-5.334,-5.118,US20220348580A1,2022,UNIVERSITY OF NORTH CAROLINA | MOUNT SINAI HEALTH SYSTEM
CC1CN(c2cc(F)c(-c3cnc(N4CCN(C(=O)CCCCCCNc5cccc6c5C(=O)N(C5CCC(=O)NC5=O)C6=O)CC4)nc3)cc2NC(=O)c2ccc(F)cc2C(F)(F)F)CC(C)N1C,CC1CN(c2cc(F)c(-c3cnc([*:1])nc3)cc2NC(=O)c2ccc(F)cc2C(F)(F)F)CC(C)N1C,O=C(CCCCCCN[*:2])N1CCN([*:1])CC1,O=C1CCC(N2C(=O)c3cccc([*:2])c3C2=O)C(=O)N1,WDR5,CRBN,973.02,6.33,180.49,12,3,14,0.429,0.073,-5.152,-5.717,US20220348580A1,2022,UNIVERSITY OF NORTH CAROLINA | MOUNT SINAI HEALTH SYSTEM
CC1CN(c2cc(F)c(-c3cnc(N4CCN(C(=O)CCCCCNc5cccc6c5C(=O)N(C5CCC(=O)NC5=O)C6=O)CC4)nc3)cc2NC(=O)c2ccc(F)cc2C(F)(F)F)CC(C)N1C,CC1CN(c2cc(F)c(-c3cnc([*:1])nc3)cc2NC(=O)c2ccc(F)cc2C(F)(F)F)CC(C)N1C,O=C(CCCCCN[*:2])N1CCN([*:1])CC1,O=C1CCC(N2C(=O)c3cccc([*:2])c3C2=O)C(=O)N1,WDR5,CRBN,958.99,5.94,180.49,12,3,13,0.417,0.082,-5.115,-5.634,US20220348580A1,2022,UNIVERSITY OF NORTH CAROLINA | MOUNT SINAI HEALTH SYSTEM
CC1CN(c2cc(F)c(-c3cnc(N4CCN(C(=O)CCCCNc5cccc6c5C(=O)N(C5CCC(=O)NC5=O)C6=O)CC4)nc3)cc2NC(=O)c2ccc(F)cc2C(F)(F)F)CC(C)N1C,CC1CN(c2cc(F)c(-c3cnc([*:1])nc3)cc2NC(=O)c2ccc(F)cc2C(F)(F)F)CC(C)N1C,O=C(CCCCN[*:2])N1CCN([*:1])CC1,O=C1CCC(N2C(=O)c3cccc([*:2])c3C2=O)C(=O)N1,WDR5,CRBN,944.96,5.55,180.49,12,3,12,0.404,0.092,-5.086,-5.633,US20220348580A1,2022,UNIVERSITY OF NORTH CAROLINA | MOUNT SINAI HEALTH SYSTEM
CC1CN(c2cc(F)c(-c3cnc(N4CCN(C(=O)CCCNc5cccc6c5C(=O)N(C5CCC(=O)NC5=O)C6=O)CC4)nc3)cc2NC(=O)c2ccc(F)cc2C(F)(F)F)CC(C)N1C,CC1CN(c2cc(F)c(-c3cnc([*:1])nc3)cc2NC(=O)c2ccc(F)cc2C(F)(F)F)CC(C)N1C,O=C(CCCN[*:2])N1CCN([*:1])CC1,O=C1CCC(N2C(=O)c3cccc([*:2])c3C2=O)C(=O)N1,WDR5,CRBN,930.94,5.16,180.49,12,3,11,0.391,0.102,-5.137,-5.518,US20220348580A1,2022,UNIVERSITY OF NORTH CAROLINA | MOUNT SINAI HEALTH SYSTEM
CC1CN(c2cc(F)c(-c3cnc(N4CCN(C(=O)CCNc5cccc6c5C(=O)N(C5CCC(=O)NC5=O)C6=O)CC4)nc3)cc2NC(=O)c2ccc(F)cc2C(F)(F)F)CC(C)N1C,CC1CN(c2cc(F)c(-c3cnc([*:1])nc3)cc2NC(=O)c2ccc(F)cc2C(F)(F)F)CC(C)N1C,O=C(CCN[*:2])N1CCN([*:1])CC1,O=C1CCC(N2C(=O)c3cccc([*:2])c3C2=O)C(=O)N1,WDR5,CRBN,916.91,4.77,180.49,12,3,10,0.378,0.147,-5.101,-5.389,US20220348580A1,2022,UNIVERSITY OF NORTH CAROLINA | MOUNT SINAI HEALTH SYSTEM
CC1CN(c2cc(F)c(-c3cnc(N4CCN(C(=O)CNc5cccc6c5C(=O)N(C5CCC(=O)NC5=O)C6=O)CC4)nc3)cc2NC(=O)c2ccc(F)cc2C(F)(F)F)CC(C)N1C,CC1CN(c2cc(F)c(-c3cnc([*:1])nc3)cc2NC(=O)c2ccc(F)cc2C(F)(F)F)CC(C)N1C,O=C(CN[*:2])N1CCN([*:1])CC1,O=C1CCC(N2C(=O)c3cccc([*:2])c3C2=O)C(=O)N1,WDR5,CRBN,902.88,4.38,180.49,12,3,9,0.364,0.16,-5.164,-5.007,US20220348580A1,2022,UNIVERSITY OF NORTH CAROLINA | MOUNT SINAI HEALTH SYSTEM
Cc1ncsc1-c1ccc(CNC(=O)C2CC(O)CN2C(=O)C(NC(=O)CCCCCC(=O)N2CCN(c3ncc(-c4cc(NC(=O)c5ccc(F)cc5C(F)(F)F)c(N5CC(C)N(C)C(C)C5)cc4F)cn3)CC2)C(C)(C)C)cc1,CC1CN(c2cc(F)c(-c3cnc([*:1])nc3)cc2NC(=O)c2ccc(F)cc2C(F)(F)F)CC(C)N1C,O=C(CCCCCC(=O)[*:2])N1CCN([*:1])CC1,Cc1ncsc1-c1ccc(CNC(=O)C2CC(O)CN2C(=O)C(N[*:2])C(C)(C)C)cc1,WDR5,VHL,1144.33,8.06,196.54,13,4,17,0.483,0.052,-5.686,-5.169,US20220348580A1,2022,UNIVERSITY OF NORTH CAROLINA | MOUNT SINAI HEALTH SYSTEM
Cc1ncsc1-c1ccc(CNC(=O)C2CC(O)CN2C(=O)C(NC(=O)CCC(=O)N2CCN(c3ncc(-c4cc(NC(=O)c5ccc(F)cc5C(F)(F)F)c(N5CC(C)N(C)C(C)C5)cc4F)cn3)CC2)C(C)(C)C)cc1,CC1CN(c2cc(F)c(-c3cnc([*:1])nc3)cc2NC(=O)c2ccc(F)cc2C(F)(F)F)CC(C)N1C,O=C(CCC(=O)[*:2])N1CCN([*:1])CC1,Cc1ncsc1-c1ccc(CNC(=O)C2CC(O)CN2C(=O)C(N[*:2])C(C)(C)C)cc1,WDR5,VHL,1102.24,6.89,196.54,13,4,14,0.455,0.084,-5.699,-4.853,US20220348580A1,2022,UNIVERSITY OF NORTH CAROLINA | MOUNT SINAI HEALTH SYSTEM
Cc1ncsc1-c1ccc(CNC(=O)C2CC(O)CN2C(=O)C(NC(=O)CCC(=O)N2CCN(c3ccc(-c4cc(NC(=O)c5c[nH]c(=O)cc5C(F)(F)F)c(N5CC(C)N(C)C(C)C5)cc4F)cn3)CC2)C(C)(C)C)cc1,CC1CN(c2cc(F)c(-c3ccc([*:1])nc3)cc2NC(=O)c2c[nH]c(=O)cc2C(F)(F)F)CC(C)N1C,O=C(CCC(=O)[*:2])N1CCN([*:1])CC1,Cc1ncsc1-c1ccc(CNC(=O)C2CC(O)CN2C(=O)C(N[*:2])C(C)(C)C)cc1,WDR5,VHL,1100.25,6.05,216.51,13,5,14,0.455,0.08,-5.732,-3.86,US20220348580A1,2022,UNIVERSITY OF NORTH CAROLINA | MOUNT SINAI HEALTH SYSTEM
CC1CN(c2ccc(-c3ccc(C(=O)NCCCCCCCCNc4cccc5c4C(=O)N(C4CCC(=O)NC4=O)C5=O)cc3F)cc2NC(=O)c2c[nH]c(=O)cc2C(F)(F)F)CC(C)N1C,CC1CN(c2ccc(-c3ccc([*:1])cc3F)cc2NC(=O)c2c[nH]c(=O)cc2C(F)(F)F)CC(C)N1C,O=C(NCCCCCCCCN[*:2])[*:1],O=C1CCC(N2C(=O)c3cccc([*:2])c3C2=O)C(=O)N1,WDR5,CRBN,928.99,6.56,193.12,10,5,16,0.396,0.047,-5.248,-5.037,US20220348580A1,2022,UNIVERSITY OF NORTH CAROLINA | MOUNT SINAI HEALTH SYSTEM
CC1CN(c2ccc(-c3ccc(C(=O)NCCCCCNc4cccc5c4C(=O)N(C4CCC(=O)NC4=O)C5=O)cc3F)cc2NC(=O)c2c[nH]c(=O)cc2C(F)(F)F)CC(C)N1C,CC1CN(c2ccc(-c3ccc([*:1])cc3F)cc2NC(=O)c2c[nH]c(=O)cc2C(F)(F)F)CC(C)N1C,O=C(NCCCCCN[*:2])[*:1],O=C1CCC(N2C(=O)c3cccc([*:2])c3C2=O)C(=O)N1,WDR5,CRBN,886.9,5.39,193.12,10,5,13,0.356,0.066,-5.233,-4.719,US20220348580A1,2022,UNIVERSITY OF NORTH CAROLINA | MOUNT SINAI HEALTH SYSTEM
CC1CN(c2ccc(-c3ccc(C(=O)NCCCCNc4cccc5c4C(=O)N(C4CCC(=O)NC4=O)C5=O)cc3F)cc2NC(=O)c2c[nH]c(=O)cc2C(F)(F)F)CC(C)N1C,CC1CN(c2ccc(-c3ccc([*:1])cc3F)cc2NC(=O)c2c[nH]c(=O)cc2C(F)(F)F)CC(C)N1C,O=C(NCCCCN[*:2])[*:1],O=C1CCC(N2C(=O)c3cccc([*:2])c3C2=O)C(=O)N1,WDR5,CRBN,872.88,5.0,193.12,10,5,12,0.341,0.074,-5.229,-4.615,US20220348580A1,2022,UNIVERSITY OF NORTH CAROLINA | MOUNT SINAI HEALTH SYSTEM
CC1CN(c2ccc(-c3ccc(C(=O)NCCOCCOCCOCCNc4cccc5c4C(=O)N(C4CCC(=O)NC4=O)C5=O)cc3F)cc2NC(=O)c2c[nH]c(=O)cc2C(F)(F)F)CC(C)N1C,CC1CN(c2ccc(-c3ccc([*:1])cc3F)cc2NC(=O)c2c[nH]c(=O)cc2C(F)(F)F)CC(C)N1C,O=C(NCCOCCOCCOCCN[*:2])[*:1],O=C1CCC(N2C(=O)c3cccc([*:2])c3C2=O)C(=O)N1,WDR5,CRBN,976.98,4.27,220.81,13,5,19,0.396,0.05,-5.516,-3.511,US20220348580A1,2022,UNIVERSITY OF NORTH CAROLINA | MOUNT SINAI HEALTH SYSTEM
CC1CN(c2ccc(-c3ccc(C(=O)NCCOCCOCCNc4cccc5c4C(=O)N(C4CCC(=O)NC4=O)C5=O)cc3F)cc2NC(=O)c2c[nH]c(=O)cc2C(F)(F)F)CC(C)N1C,CC1CN(c2ccc(-c3ccc([*:1])cc3F)cc2NC(=O)c2c[nH]c(=O)cc2C(F)(F)F)CC(C)N1C,O=C(NCCOCCOCCN[*:2])[*:1],O=C1CCC(N2C(=O)c3cccc([*:2])c3C2=O)C(=O)N1,WDR5,CRBN,932.93,4.26,211.58,12,5,16,0.37,0.061,-5.516,-3.92,US20220348580A1,2022,UNIVERSITY OF NORTH CAROLINA | MOUNT SINAI HEALTH SYSTEM
CC1CN(c2ccc(-c3ccc(C(=O)NCCOCCNc4cccc5c4C(=O)N(C4CCC(=O)NC4=O)C5=O)cc3F)cc2NC(=O)c2c[nH]c(=O)cc2C(F)(F)F)CC(C)N1C,CC1CN(c2ccc(-c3ccc([*:1])cc3F)cc2NC(=O)c2c[nH]c(=O)cc2C(F)(F)F)CC(C)N1C,O=C(NCCOCCN[*:2])[*:1],O=C1CCC(N2C(=O)c3cccc([*:2])c3C2=O)C(=O)N1,WDR5,CRBN,888.88,4.24,202.35,11,5,13,0.341,0.073,-5.435,-4.167,US20220348580A1,2022,UNIVERSITY OF NORTH CAROLINA | MOUNT SINAI HEALTH SYSTEM
Cc1ncsc1-c1ccc(CNC(=O)C2CC(O)CN2C(=O)C(NC(=O)COCCOCCOCCNC(=O)c2ccc(-c3ccc(N4CC(C)N(C)C(C)C4)c(NC(=O)c4c[nH]c(=O)cc4C(F)(F)F)c3)c(F)c2)C(C)(C)C)cc1,CC1CN(c2ccc(-c3ccc([*:1])cc3F)cc2NC(=O)c2c[nH]c(=O)cc2C(F)(F)F)CC(C)N1C,O=C(NCCOCCOCCOCC(=O)[*:2])[*:1],Cc1ncsc1-c1ccc(CNC(=O)C2CC(O)CN2C(=O)C(N[*:2])C(C)(C)C)cc1,WDR5,VHL,1148.29,6.0,236.86,14,6,22,0.456,0.035,-5.921,-3.698,US20220348580A1,2022,UNIVERSITY OF NORTH CAROLINA | MOUNT SINAI HEALTH SYSTEM
CC1CN(c2ccc(-c3cc(C(=O)NCCCCCCCCNc4cccc5c4C(=O)N(C4CCC(=O)NC4=O)C5=O)ccc3F)cc2NC(=O)c2c[nH]c(=O)cc2C(F)(F)F)CC(C)N1C,CC1CN(c2ccc(-c3cc([*:1])ccc3F)cc2NC(=O)c2c[nH]c(=O)cc2C(F)(F)F)CC(C)N1C,O=C(NCCCCCCCCN[*:2])[*:1],O=C1CCC(N2C(=O)c3cccc([*:2])c3C2=O)C(=O)N1,WDR5,CRBN,928.99,6.56,193.12,10,5,16,0.396,0.047,-5.248,-4.981,US20220348580A1,2022,UNIVERSITY OF NORTH CAROLINA | MOUNT SINAI HEALTH SYSTEM
CC1CN(c2ccc(-c3cc(C(=O)NCCCCCNc4cccc5c4C(=O)N(C4CCC(=O)NC4=O)C5=O)ccc3F)cc2NC(=O)c2c[nH]c(=O)cc2C(F)(F)F)CC(C)N1C,CC1CN(c2ccc(-c3cc([*:1])ccc3F)cc2NC(=O)c2c[nH]c(=O)cc2C(F)(F)F)CC(C)N1C,O=C(NCCCCCN[*:2])[*:1],O=C1CCC(N2C(=O)c3cccc([*:2])c3C2=O)C(=O)N1,WDR5,CRBN,886.9,5.39,193.12,10,5,13,0.356,0.066,-5.233,-4.665,US20220348580A1,2022,UNIVERSITY OF NORTH CAROLINA | MOUNT SINAI HEALTH SYSTEM
CC1CN(c2ccc(-c3cc(C(=O)NCCCCNc4cccc5c4C(=O)N(C4CCC(=O)NC4=O)C5=O)ccc3F)cc2NC(=O)c2c[nH]c(=O)cc2C(F)(F)F)CC(C)N1C,CC1CN(c2ccc(-c3cc([*:1])ccc3F)cc2NC(=O)c2c[nH]c(=O)cc2C(F)(F)F)CC(C)N1C,O=C(NCCCCN[*:2])[*:1],O=C1CCC(N2C(=O)c3cccc([*:2])c3C2=O)C(=O)N1,WDR5,CRBN,872.88,5.0,193.12,10,5,12,0.341,0.074,-5.229,-4.559,US20220348580A1,2022,UNIVERSITY OF NORTH CAROLINA | MOUNT SINAI HEALTH SYSTEM
CC1CN(c2ccc(-c3cc(C(=O)NCCOCCOCCOCCNc4cccc5c4C(=O)N(C4CCC(=O)NC4=O)C5=O)ccc3F)cc2NC(=O)c2c[nH]c(=O)cc2C(F)(F)F)CC(C)N1C,CC1CN(c2ccc(-c3cc([*:1])ccc3F)cc2NC(=O)c2c[nH]c(=O)cc2C(F)(F)F)CC(C)N1C,O=C(NCCOCCOCCOCCN[*:2])[*:1],O=C1CCC(N2C(=O)c3cccc([*:2])c3C2=O)C(=O)N1,WDR5,CRBN,976.98,4.27,220.81,13,5,19,0.396,0.05,-5.516,-3.495,US20220348580A1,2022,UNIVERSITY OF NORTH CAROLINA | MOUNT SINAI HEALTH SYSTEM
CC1CN(c2ccc(-c3cc(C(=O)NCCOCCOCCNc4cccc5c4C(=O)N(C4CCC(=O)NC4=O)C5=O)ccc3F)cc2NC(=O)c2c[nH]c(=O)cc2C(F)(F)F)CC(C)N1C,CC1CN(c2ccc(-c3cc([*:1])ccc3F)cc2NC(=O)c2c[nH]c(=O)cc2C(F)(F)F)CC(C)N1C,O=C(NCCOCCOCCN[*:2])[*:1],O=C1CCC(N2C(=O)c3cccc([*:2])c3C2=O)C(=O)N1,WDR5,CRBN,932.93,4.26,211.58,12,5,16,0.37,0.061,-5.516,-3.9,US20220348580A1,2022,UNIVERSITY OF NORTH CAROLINA | MOUNT SINAI HEALTH SYSTEM
CC1CN(c2ccc(-c3cc(C(=O)NCCOCCNc4cccc5c4C(=O)N(C4CCC(=O)NC4=O)C5=O)ccc3F)cc2NC(=O)c2c[nH]c(=O)cc2C(F)(F)F)CC(C)N1C,CC1CN(c2ccc(-c3cc([*:1])ccc3F)cc2NC(=O)c2c[nH]c(=O)cc2C(F)(F)F)CC(C)N1C,O=C(NCCOCCN[*:2])[*:1],O=C1CCC(N2C(=O)c3cccc([*:2])c3C2=O)C(=O)N1,WDR5,CRBN,888.88,4.24,202.35,11,5,13,0.341,0.073,-5.435,-4.147,US20220348580A1,2022,UNIVERSITY OF NORTH CAROLINA | MOUNT SINAI HEALTH SYSTEM
CCc1cc2c(cc1N1CCN(C(=O)CCOCCOCCOCCOCCNc3cccc4c3C(=O)N(C3CCC(=O)NC3=O)C4=O)CC1)C(C)(C)c1[nH]c3cc(C#N)ccc3c1C2=O,CCc1cc2c(cc1[*:1])C(C)(C)c1[nH]c3cc(C#N)ccc3c1C2=O,O=C(CCOCCOCCOCCOCCN[*:2])N1CCN([*:1])CC1,O=C1CCC(N2C(=O)c3cccc([*:2])c3C2=O)C(=O)N1,ALK,CRBN,902.02,4.09,212.7,13,3,19,0.449,0.09,-5.532,-3.983,US20200306273A1,2020,CHINESE ACADEMY OF SCIENCE
CCc1cc2c(cc1N1CCN(C(=O)CCOCCOCCNc3cccc4c3C(=O)N(C3CCC(=O)NC3=O)C4=O)CC1)C(C)(C)c1[nH]c3cc(C#N)ccc3c1C2=O,CCc1cc2c(cc1[*:1])C(C)(C)c1[nH]c3cc(C#N)ccc3c1C2=O,O=C(CCOCCOCCN[*:2])N1CCN([*:1])CC1,O=C1CCC(N2C(=O)c3cccc([*:2])c3C2=O)C(=O)N1,ALK,CRBN,813.91,4.06,194.24,11,3,13,0.4,0.13,-5.72,-5.588,US20200306273A1,2020,CHINESE ACADEMY OF SCIENCE
COc1cc(N2CCN(C(=O)CCCCCCC(=O)NC(C(=O)N3CC(O)CC3C(=O)NCc3ccc(-c4scnc4C)cc3)C(C)(C)C)CC2)ccc1Nc1ncc(Cl)c(Nc2ccccc2P(C)(C)=O)n1,COc1cc([*:1])ccc1Nc1ncc(Cl)c(Nc2ccccc2P(C)(C)=O)n1,O=C(CCCCCCC(=O)[*:2])N1CCN([*:1])CC1,Cc1ncsc1-c1ccc(CNC(=O)C2CC(O)CN2C(=O)C(N[*:2])C(C)(C)C)cc1,ALK,VHL,1055.68,8.1,211.32,14,5,20,0.453,0.037,-5.751,-4.887,US20200306273A1,2020,CHINESE ACADEMY OF SCIENCE
COc1cc(N2CCN(C(=O)CCCCCC(=O)NC(C(=O)N3CC(O)CC3C(=O)NCc3ccc(-c4scnc4C)cc3)C(C)(C)C)CC2)ccc1Nc1ncc(Cl)c(Nc2ccccc2P(C)(C)=O)n1,COc1cc([*:1])ccc1Nc1ncc(Cl)c(Nc2ccccc2P(C)(C)=O)n1,O=C(CCCCCC(=O)[*:2])N1CCN([*:1])CC1,Cc1ncsc1-c1ccc(CNC(=O)C2CC(O)CN2C(=O)C(N[*:2])C(C)(C)C)cc1,ALK,VHL,1041.66,7.71,211.32,14,5,19,0.442,0.04,-5.737,-4.839,US20200306273A1,2020,CHINESE ACADEMY OF SCIENCE
COc1cc(N2CCN(C(=O)CCC(=O)NC(C(=O)N3CC(O)CC3C(=O)NCc3ccc(-c4scnc4C)cc3)C(C)(C)C)CC2)ccc1Nc1ncc(Cl)c(Nc2ccccc2P(C)(C)=O)n1,COc1cc([*:1])ccc1Nc1ncc(Cl)c(Nc2ccccc2P(C)(C)=O)n1,O=C(CCC(=O)[*:2])N1CCN([*:1])CC1,Cc1ncsc1-c1ccc(CNC(=O)C2CC(O)CN2C(=O)C(N[*:2])C(C)(C)C)cc1,ALK,VHL,999.58,6.54,211.32,14,5,16,0.408,0.067,-5.696,-4.641,US20200306273A1,2020,CHINESE ACADEMY OF SCIENCE
COc1cc(N2CCN(C(=O)CCCCCCNc3cccc4c3CN(C3CCC(=O)NC3=O)C4=O)CC2)ccc1Nc1ncc(Cl)c(Nc2ccccc2P(C)(C)=O)n1,COc1cc([*:1])ccc1Nc1ncc(Cl)c(Nc2ccccc2P(C)(C)=O)n1,O=C(CCCCCCN[*:2])N1CCN([*:1])CC1,O=C1CCC(N2Cc3c(cccc3[*:2])C2=O)C(=O)N1,ALK,CRBN,856.37,6.35,178.2,12,4,16,0.395,0.056,-5.379,-4.644,US20200306273A1,2020,CHINESE ACADEMY OF SCIENCE
COc1cc(N2CCN(C(=O)CCCCCNc3cccc4c3CN(C3CCC(=O)NC3=O)C4=O)CC2)ccc1Nc1ncc(Cl)c(Nc2ccccc2P(C)(C)=O)n1,COc1cc([*:1])ccc1Nc1ncc(Cl)c(Nc2ccccc2P(C)(C)=O)n1,O=C(CCCCCN[*:2])N1CCN([*:1])CC1,O=C1CCC(N2Cc3c(cccc3[*:2])C2=O)C(=O)N1,ALK,CRBN,842.34,5.96,178.2,12,4,15,0.381,0.063,-5.41,-4.538,US20200306273A1,2020,CHINESE ACADEMY OF SCIENCE
COc1cc(N2CCN(C(=O)CCCCNc3cccc4c3CN(C3CCC(=O)NC3=O)C4=O)CC2)ccc1Nc1ncc(Cl)c(Nc2ccccc2P(C)(C)=O)n1,COc1cc([*:1])ccc1Nc1ncc(Cl)c(Nc2ccccc2P(C)(C)=O)n1,O=C(CCCCN[*:2])N1CCN([*:1])CC1,O=C1CCC(N2Cc3c(cccc3[*:2])C2=O)C(=O)N1,ALK,CRBN,828.31,5.57,178.2,12,4,14,0.366,0.071,-5.45,-4.485,US20200306273A1,2020,CHINESE ACADEMY OF SCIENCE
COc1cc(N2CCN(C(=O)CCCNc3cccc4c3CN(C3CCC(=O)NC3=O)C4=O)CC2)ccc1Nc1ncc(Cl)c(Nc2ccccc2P(C)(C)=O)n1,COc1cc([*:1])ccc1Nc1ncc(Cl)c(Nc2ccccc2P(C)(C)=O)n1,O=C(CCCN[*:2])N1CCN([*:1])CC1,O=C1CCC(N2Cc3c(cccc3[*:2])C2=O)C(=O)N1,ALK,CRBN,814.28,5.18,178.2,12,4,13,0.35,0.079,-5.58,-4.43,US20200306273A1,2020,CHINESE ACADEMY OF SCIENCE
COc1cc(N2CCN(C(=O)CCNc3cccc4c3CN(C3CCC(=O)NC3=O)C4=O)CC2)ccc1Nc1ncc(Cl)c(Nc2ccccc2P(C)(C)=O)n1,COc1cc([*:1])ccc1Nc1ncc(Cl)c(Nc2ccccc2P(C)(C)=O)n1,O=C(CCN[*:2])N1CCN([*:1])CC1,O=C1CCC(N2Cc3c(cccc3[*:2])C2=O)C(=O)N1,ALK,CRBN,800.26,4.79,178.2,12,4,12,0.333,0.114,-5.68,-4.538,US20200306273A1,2020,CHINESE ACADEMY OF SCIENCE
COc1cc(N2CCN(C(=O)CNc3cccc4c3CN(C3CCC(=O)NC3=O)C4=O)CC2)ccc1Nc1ncc(Cl)c(Nc2ccccc2P(C)(C)=O)n1,COc1cc([*:1])ccc1Nc1ncc(Cl)c(Nc2ccccc2P(C)(C)=O)n1,O=C(CN[*:2])N1CCN([*:1])CC1,O=C1CCC(N2Cc3c(cccc3[*:2])C2=O)C(=O)N1,ALK,CRBN,786.23,4.4,178.2,12,4,11,0.316,0.125,-5.614,-4.055,US20200306273A1,2020,CHINESE ACADEMY OF SCIENCE
COc1cc(N2CCN(C(=O)CCOCCOCCOCCOCCNc3cccc4c3CN(C3CCC(=O)NC3=O)C4=O)CC2)ccc1Nc1ncc(Cl)c(Nc2ccccc2P(C)(C)=O)n1,COc1cc([*:1])ccc1Nc1ncc(Cl)c(Nc2ccccc2P(C)(C)=O)n1,O=C(CCOCCOCCOCCOCCN[*:2])N1CCN([*:1])CC1,O=C1CCC(N2Cc3c(cccc3[*:2])C2=O)C(=O)N1,ALK,CRBN,976.47,4.85,215.12,16,4,24,0.447,0.042,-5.525,-3.211,US20200306273A1,2020,CHINESE ACADEMY OF SCIENCE
COc1cc(N2CCN(C(=O)CCOCCOCCNc3cccc4c3CN(C3CCC(=O)NC3=O)C4=O)CC2)ccc1Nc1ncc(Cl)c(Nc2ccccc2P(C)(C)=O)n1,COc1cc([*:1])ccc1Nc1ncc(Cl)c(Nc2ccccc2P(C)(C)=O)n1,O=C(CCOCCOCCN[*:2])N1CCN([*:1])CC1,O=C1CCC(N2Cc3c(cccc3[*:2])C2=O)C(=O)N1,ALK,CRBN,888.36,4.82,196.66,14,4,18,0.395,0.06,-5.618,-3.729,US20200306273A1,2020,CHINESE ACADEMY OF SCIENCE
COc1cc(N2CCN(C(=O)CCOCCNc3cccc4c3CN(C3CCC(=O)NC3=O)C4=O)CC2)ccc1Nc1ncc(Cl)c(Nc2ccccc2P(C)(C)=O)n1,COc1cc([*:1])ccc1Nc1ncc(Cl)c(Nc2ccccc2P(C)(C)=O)n1,O=C(CCOCCN[*:2])N1CCN([*:1])CC1,O=C1CCC(N2Cc3c(cccc3[*:2])C2=O)C(=O)N1,ALK,CRBN,844.31,4.8,187.43,13,4,15,0.366,0.073,-5.64,-4.166,US20200306273A1,2020,CHINESE ACADEMY OF SCIENCE
O=C1CCC(N2Cc3c(NCCOCCOCCOCCC(=O)N4CCN(c5ccc(C(=O)Nc6n[nH]c7ccc(Cc8cc(F)cc(F)c8)cc67)c(NC6CCOCC6)c5)CC4)cccc3C2=O)C(=O)N1,O=C(Nc1n[nH]c2ccc(Cc3cc(F)cc(F)c3)cc12)c1ccc([*:1])cc1NC1CCOCC1,O=C(CCOCCOCCOCCN[*:2])N1CCN([*:1])CC1,O=C1CCC(N2Cc3c(cccc3[*:2])C2=O)C(=O)N1,ALK,CRBN,992.09,5.24,208.79,13,5,21,0.423,0.047,-5.418,-4.47,US20200306273A1,2020,CHINESE ACADEMY OF SCIENCE
CCc1cc2c(cc1N1CCN(C(=O)CCCCCCC(=O)NC(C(=O)N3CC(O)CC3C(=O)NCc3ccc(-c4scnc4C)cc3)C(C)(C)C)CC1)C(C)(C)c1[nH]c3cc(C#N)ccc3c1C2=O,CCc1cc2c(cc1[*:1])C(C)(C)c1[nH]c3cc(C#N)ccc3c1C2=O,O=C(CCCCCCC(=O)[*:2])N1CCN([*:1])CC1,Cc1ncsc1-c1ccc(CNC(=O)C2CC(O)CN2C(=O)C(N[*:2])C(C)(C)C)cc1,ALK,VHL,967.25,7.7,191.83,10,4,15,0.473,0.076,-5.935,-6.155,US20200306273A1,2020,CHINESE ACADEMY OF SCIENCE
CCc1cc2c(cc1N1CCN(C(=O)CCCCCC(=O)NC(C(=O)N3CC(O)CC3C(=O)NCc3ccc(-c4scnc4C)cc3)C(C)(C)C)CC1)C(C)(C)c1[nH]c3cc(C#N)ccc3c1C2=O,CCc1cc2c(cc1[*:1])C(C)(C)c1[nH]c3cc(C#N)ccc3c1C2=O,O=C(CCCCCC(=O)[*:2])N1CCN([*:1])CC1,Cc1ncsc1-c1ccc(CNC(=O)C2CC(O)CN2C(=O)C(N[*:2])C(C)(C)C)cc1,ALK,VHL,953.22,7.31,191.83,10,4,14,0.463,0.083,-5.896,-5.953,US20200306273A1,2020,CHINESE ACADEMY OF SCIENCE
CCc1cc2c(cc1N1CCN(C(=O)CCC(=O)NC(C(=O)N3CC(O)CC3C(=O)NCc3ccc(-c4scnc4C)cc3)C(C)(C)C)CC1)C(C)(C)c1[nH]c3cc(C#N)ccc3c1C2=O,CCc1cc2c(cc1[*:1])C(C)(C)c1[nH]c3cc(C#N)ccc3c1C2=O,O=C(CCC(=O)[*:2])N1CCN([*:1])CC1,Cc1ncsc1-c1ccc(CNC(=O)C2CC(O)CN2C(=O)C(N[*:2])C(C)(C)C)cc1,ALK,VHL,911.14,6.14,191.83,10,4,11,0.431,0.121,-5.892,-5.769,US20200306273A1,2020,CHINESE ACADEMY OF SCIENCE
CCc1cc2c(cc1N1CCN(C(=O)CCCCCCNc3cccc4c3C(=O)N(C3CCC(=O)NC3=O)C4=O)CC1)C(C)(C)c1[nH]c3cc(C#N)ccc3c1C2=O,CCc1cc2c(cc1[*:1])C(C)(C)c1[nH]c3cc(C#N)ccc3c1C2=O,O=C(CCCCCCN[*:2])N1CCN([*:1])CC1,O=C1CCC(N2C(=O)c3cccc([*:2])c3C2=O)C(=O)N1,ALK,CRBN,781.91,5.58,175.78,9,3,11,0.4,0.13,-5.271,-7.355,US20200306273A1,2020,CHINESE ACADEMY OF SCIENCE
CCc1cc2c(cc1N1CCN(C(=O)CCCCCNc3cccc4c3CN(C3CCC(=O)NC3=O)C4=O)CC1)C(C)(C)c1[nH]c3cc(C#N)ccc3c1C2=O,CCc1cc2c(cc1[*:1])C(C)(C)c1[nH]c3cc(C#N)ccc3c1C2=O,O=C(CCCCCN[*:2])N1CCN([*:1])CC1,O=C1CCC(N2Cc3c(cccc3[*:2])C2=O)C(=O)N1,ALK,CRBN,753.9,5.55,158.71,8,3,10,0.409,0.14,-5.441,-6.371,US20200306273A1,2020,CHINESE ACADEMY OF SCIENCE
CCc1cc2c(cc1N1CCN(C(=O)CCCCNc3cccc4c3C(=O)N(C3CCC(=O)NC3=O)C4=O)CC1)C(C)(C)c1[nH]c3cc(C#N)ccc3c1C2=O,CCc1cc2c(cc1[*:1])C(C)(C)c1[nH]c3cc(C#N)ccc3c1C2=O,O=C(CCCCN[*:2])N1CCN([*:1])CC1,O=C1CCC(N2C(=O)c3cccc([*:2])c3C2=O)C(=O)N1,ALK,CRBN,753.86,4.8,175.78,9,3,9,0.372,0.16,-5.465,-6.827,US20200306273A1,2020,CHINESE ACADEMY OF SCIENCE
CCc1cc2c(cc1N1CCN(C(=O)CCNc3cccc4c3C(=O)N(C3CCC(=O)NC3=O)C4=O)CC1)C(C)(C)c1[nH]c3cc(C#N)ccc3c1C2=O,CCc1cc2c(cc1[*:1])C(C)(C)c1[nH]c3cc(C#N)ccc3c1C2=O,O=C(CCN[*:2])N1CCN([*:1])CC1,O=C1CCC(N2C(=O)c3cccc([*:2])c3C2=O)C(=O)N1,ALK,CRBN,725.81,4.02,175.78,9,3,7,0.341,0.238,-5.495,-6.301,US20200306273A1,2020,CHINESE ACADEMY OF SCIENCE
CCc1cc2c(cc1N1CCN(C(=O)CCOCCOCCOCCNc3cccc4c3C(=O)N(C3CCC(=O)NC3=O)C4=O)CC1)C(C)(C)c1[nH]c3cc(C#N)ccc3c1C2=O,CCc1cc2c(cc1[*:1])C(C)(C)c1[nH]c3cc(C#N)ccc3c1C2=O,O=C(CCOCCOCCOCCN[*:2])N1CCN([*:1])CC1,O=C1CCC(N2C(=O)c3cccc([*:2])c3C2=O)C(=O)N1,ALK,CRBN,857.96,4.07,203.47,12,3,16,0.426,0.108,-5.643,-4.705,US20200306273A1,2020,CHINESE ACADEMY OF SCIENCE
CCc1cc2c(cc1N1CCN(C(=O)CCOCCNc3cccc4c3C(=O)N(C3CCC(=O)NC3=O)C4=O)CC1)C(C)(C)c1[nH]c3cc(C#N)ccc3c1C2=O,CCc1cc2c(cc1[*:1])C(C)(C)c1[nH]c3cc(C#N)ccc3c1C2=O,O=C(CCOCCN[*:2])N1CCN([*:1])CC1,O=C1CCC(N2C(=O)c3cccc([*:2])c3C2=O)C(=O)N1,ALK,CRBN,769.86,4.04,185.01,10,3,10,0.372,0.157,-5.672,-6.09,US20200306273A1,2020,CHINESE ACADEMY OF SCIENCE
COc1cc(N2CCN(C(=O)CCCCCCNc3cccc4c3C(=O)N(C3CCC(=O)NC3=O)C4=O)CC2)ccc1Nc1ncc(Cl)c(Nc2ccccc2P(C)(C)=O)n1,COc1cc([*:1])ccc1Nc1ncc(Cl)c(Nc2ccccc2P(C)(C)=O)n1,O=C(CCCCCCN[*:2])N1CCN([*:1])CC1,O=C1CCC(N2C(=O)c3cccc([*:2])c3C2=O)C(=O)N1,ALK,CRBN,870.35,5.99,195.27,13,4,16,0.372,0.058,-5.334,-5.539,US20200306273A1,2020,CHINESE ACADEMY OF SCIENCE
COc1cc(N2CCN(C(=O)CCCCCNc3cccc4c3C(=O)N(C3CCC(=O)NC3=O)C4=O)CC2)ccc1Nc1ncc(Cl)c(Nc2ccccc2P(C)(C)=O)n1,COc1cc([*:1])ccc1Nc1ncc(Cl)c(Nc2ccccc2P(C)(C)=O)n1,O=C(CCCCCN[*:2])N1CCN([*:1])CC1,O=C1CCC(N2C(=O)c3cccc([*:2])c3C2=O)C(=O)N1,ALK,CRBN,856.32,5.6,195.27,13,4,15,0.357,0.066,-5.403,-5.501,US20200306273A1,2020,CHINESE ACADEMY OF SCIENCE
COc1cc(N2CCN(C(=O)CCCCNc3cccc4c3C(=O)N(C3CCC(=O)NC3=O)C4=O)CC2)ccc1Nc1ncc(Cl)c(Nc2ccccc2P(C)(C)=O)n1,COc1cc([*:1])ccc1Nc1ncc(Cl)c(Nc2ccccc2P(C)(C)=O)n1,O=C(CCCCN[*:2])N1CCN([*:1])CC1,O=C1CCC(N2C(=O)c3cccc([*:2])c3C2=O)C(=O)N1,ALK,CRBN,842.29,5.21,195.27,13,4,14,0.341,0.074,-5.491,-5.489,US20200306273A1,2020,CHINESE ACADEMY OF SCIENCE
COc1cc(N2CCN(C(=O)CCCNc3cccc4c3C(=O)N(C3CCC(=O)NC3=O)C4=O)CC2)ccc1Nc1ncc(Cl)c(Nc2ccccc2P(C)(C)=O)n1,COc1cc([*:1])ccc1Nc1ncc(Cl)c(Nc2ccccc2P(C)(C)=O)n1,O=C(CCCN[*:2])N1CCN([*:1])CC1,O=C1CCC(N2C(=O)c3cccc([*:2])c3C2=O)C(=O)N1,ALK,CRBN,828.27,4.82,195.27,13,4,13,0.325,0.082,-5.603,-5.645,US20200306273A1,2020,CHINESE ACADEMY OF SCIENCE
COc1cc(N2CCN(C(=O)CCNc3cccc4c3C(=O)N(C3CCC(=O)NC3=O)C4=O)CC2)ccc1Nc1ncc(Cl)c(Nc2ccccc2P(C)(C)=O)n1,COc1cc([*:1])ccc1Nc1ncc(Cl)c(Nc2ccccc2P(C)(C)=O)n1,O=C(CCN[*:2])N1CCN([*:1])CC1,O=C1CCC(N2C(=O)c3cccc([*:2])c3C2=O)C(=O)N1,ALK,CRBN,814.24,4.43,195.27,13,4,12,0.308,0.116,-5.699,-5.461,US20200306273A1,2020,CHINESE ACADEMY OF SCIENCE
COc1cc(N2CCN(C(=O)CNc3cccc4c3C(=O)N(C3CCC(=O)NC3=O)C4=O)CC2)ccc1Nc1ncc(Cl)c(Nc2ccccc2P(C)(C)=O)n1,COc1cc([*:1])ccc1Nc1ncc(Cl)c(Nc2ccccc2P(C)(C)=O)n1,O=C(CN[*:2])N1CCN([*:1])CC1,O=C1CCC(N2C(=O)c3cccc([*:2])c3C2=O)C(=O)N1,ALK,CRBN,800.21,4.04,195.27,13,4,11,0.289,0.126,-5.653,-4.637,US20200306273A1,2020,CHINESE ACADEMY OF SCIENCE
COc1cc(N2CCN(C(=O)CCOCCOCCOCCOCCNc3cccc4c3C(=O)N(C3CCC(=O)NC3=O)C4=O)CC2)ccc1Nc1ncc(Cl)c(Nc2ccccc2P(C)(C)=O)n1,COc1cc([*:1])ccc1Nc1ncc(Cl)c(Nc2ccccc2P(C)(C)=O)n1,O=C(CCOCCOCCOCCOCCN[*:2])N1CCN([*:1])CC1,O=C1CCC(N2C(=O)c3cccc([*:2])c3C2=O)C(=O)N1,ALK,CRBN,990.45,4.49,232.19,17,4,24,0.426,0.043,-5.531,-3.262,US20200306273A1,2020,CHINESE ACADEMY OF SCIENCE
COc1cc(N2CCN(C(=O)CCOCCOCCOCCNc3cccc4c3C(=O)N(C3CCC(=O)NC3=O)C4=O)CC2)ccc1Nc1ncc(Cl)c(Nc2ccccc2P(C)(C)=O)n1,COc1cc([*:1])ccc1Nc1ncc(Cl)c(Nc2ccccc2P(C)(C)=O)n1,O=C(CCOCCOCCOCCN[*:2])N1CCN([*:1])CC1,O=C1CCC(N2C(=O)c3cccc([*:2])c3C2=O)C(=O)N1,ALK,CRBN,946.4,4.48,222.96,16,4,21,0.4,0.051,-5.556,-3.599,US20200306273A1,2020,CHINESE ACADEMY OF SCIENCE
COc1cc(N2CCN(C(=O)CCOCCOCCNc3cccc4c3C(=O)N(C3CCC(=O)NC3=O)C4=O)CC2)ccc1Nc1ncc(Cl)c(Nc2ccccc2P(C)(C)=O)n1,COc1cc([*:1])ccc1Nc1ncc(Cl)c(Nc2ccccc2P(C)(C)=O)n1,O=C(CCOCCOCCN[*:2])N1CCN([*:1])CC1,O=C1CCC(N2C(=O)c3cccc([*:2])c3C2=O)C(=O)N1,ALK,CRBN,902.35,4.46,213.73,15,4,18,0.372,0.062,-5.644,-4.248,US20200306273A1,2020,CHINESE ACADEMY OF SCIENCE
COc1cc(N2CCN(C(=O)CCOCCNc3cccc4c3C(=O)N(C3CCC(=O)NC3=O)C4=O)CC2)ccc1Nc1ncc(Cl)c(Nc2ccccc2P(C)(C)=O)n1,COc1cc([*:1])ccc1Nc1ncc(Cl)c(Nc2ccccc2P(C)(C)=O)n1,O=C(CCOCCN[*:2])N1CCN([*:1])CC1,O=C1CCC(N2C(=O)c3cccc([*:2])c3C2=O)C(=O)N1,ALK,CRBN,858.29,4.44,204.5,14,4,15,0.341,0.074,-5.677,-5.022,US20200306273A1,2020,CHINESE ACADEMY OF SCIENCE
COc1cc(Nc2nc(NC3CCCCC3N)n3ccnc3c2C(N)=O)cc(OCCOCCOCCOCCNc2cccc3c2C(=O)N(C2CCC(=O)NC2=O)C3=O)c1,COc1cc(Nc2nc(NC3CCCCC3N)n3ccnc3c2C(N)=O)cc([*:1])c1,C(COCCOCCOCCO[*:1])N[*:2],O=C1CCC(N2C(=O)c3cccc([*:2])c3C2=O)C(=O)N1,MERTK,CRBN,842.91,2.2,265.09,16,6,21,0.439,0.052,-5.71,-2.83,US20220356185A1,2022,KYMERA THERAPEUTICS INC
Cc1ncsc1-c1ccc(CNC(=O)C2CC(O)CN2C(=O)C(NC(=O)COCCOCCOc2ccc(-c3ccc4ncnc(Nc5ccc(OCc6cccc(F)c6)c(Cl)c5)c4c3)cc2)C(C)(C)C)cc1,Fc1cccc(COc2ccc(Nc3ncnc4ccc(-c5ccc([*:1])cc5)cc34)cc2Cl)c1,O=C(COCCOCCO[*:1])[*:2],Cc1ncsc1-c1ccc(CNC(=O)C2CC(O)CN2C(=O)C(N[*:2])C(C)(C)C)cc1,EGFR,VHL,1030.62,9.06,186.36,13,4,21,0.309,0.05,-5.764,-6.417,US20180193470A1,2018,YALE UNIVERSITY | ARVINAS INC
Cc1ncsc1-c1ccc(CNC(=O)C2CC(O)CN2C(=O)C(NC(=O)COCCOc2ccc(-c3ccc4ncnc(Nc5ccc(OCc6cccc(F)c6)c(Cl)c5)c4c3)cc2)C(C)(C)C)cc1,Fc1cccc(COc2ccc(Nc3ncnc4ccc(-c5ccc([*:1])cc5)cc34)cc2Cl)c1,O=C(COCCO[*:1])[*:2],Cc1ncsc1-c1ccc(CNC(=O)C2CC(O)CN2C(=O)C(N[*:2])C(C)(C)C)cc1,EGFR,VHL,986.57,9.05,177.13,12,4,18,0.283,0.06,-5.677,-6.679,US20180193470A1,2018,YALE UNIVERSITY | ARVINAS INC
Cc1ncsc1-c1ccc(CNC(=O)C2CC(O)CN2C(=O)C(NC(=O)COCCOCCOCCOCCOc2ccc(-c3ccc4ncnc(Nc5ccc(OCc6cccc(F)c6)c(Cl)c5)c4c3)cc2)C(C)(C)C)cc1,Fc1cccc(COc2ccc(Nc3ncnc4ccc(-c5ccc([*:1])cc5)cc34)cc2Cl)c1,O=C(COCCOCCOCCOCCO[*:1])[*:2],Cc1ncsc1-c1ccc(CNC(=O)C2CC(O)CN2C(=O)C(N[*:2])C(C)(C)C)cc1,EGFR,VHL,1118.73,9.1,204.82,15,4,27,0.356,0.035,-5.767,-5.724,US20180193470A1,2018,YALE UNIVERSITY | ARVINAS INC
CC(C)n1nc(N2CCN(CC3CCN(c4ccc5c(c4)C(=O)N(C4CCC(=O)NC4=O)C5=O)CC3)CC2)c2cnc(Nc3ccnc(-c4cnn(S(=O)(=O)C5CC5)c4)n3)cc21,CC(C)n1nc([*:1])c2cnc(Nc3ccnc(-c4cnn(S(=O)(=O)C5CC5)c4)n3)cc21,C1CN([*:2])CCC1CN1CCN([*:1])CC1,O=C1CCC(N2C(=O)c3ccc([*:2])cc3C2=O)C(=O)N1,EGFR,CRBN,861.99,3.19,213.75,15,2,11,0.452,0.183,-5.688,-3.929,US20180193470A1,2018,YALE UNIVERSITY | ARVINAS INC
Cc1ncsc1-c1ccc(CNC(=O)C2CC(O)CN2C(=O)C(NC(=O)COCCOCCOCCOCCOc2ccc(-c3nccc(Nc4cc5c(cn4)nc(C)n5C(C)C)n3)cc2)C(C)(C)C)cc1,Cc1nc2cnc(Nc3ccnc(-c4ccc([*:1])cc4)n3)cc2n1C(C)C,O=C(COCCOCCOCCOCCO[*:1])[*:2],Cc1ncsc1-c1ccc(CNC(=O)C2CC(O)CN2C(=O)C(N[*:2])C(C)(C)C)cc1,EGFR,VHL,1007.23,6.21,226.3,16,4,25,0.462,0.047,-5.835,-3.281,US20180193470A1,2018,YALE UNIVERSITY | ARVINAS INC
Cc1ncsc1-c1ccc(CNC(=O)C2CC(O)CN2C(=O)C(NC(=O)COCCOCCOCCOc2ccc(-c3nccc(Nc4cc5c(cn4)nc(C)n5C(C)C)n3)cc2)C(C)(C)C)cc1,Cc1nc2cnc(Nc3ccnc(-c4ccc([*:1])cc4)n3)cc2n1C(C)C,O=C(COCCOCCOCCO[*:1])[*:2],Cc1ncsc1-c1ccc(CNC(=O)C2CC(O)CN2C(=O)C(N[*:2])C(C)(C)C)cc1,EGFR,VHL,963.17,6.19,217.07,15,4,22,0.44,0.056,-5.877,-3.542,US20180193470A1,2018,YALE UNIVERSITY | ARVINAS INC
C=CC(=O)N1CCCCC(n2c(NC(=O)c3ccnc(C)c3)nc3ccc(OCCOCCOCCOCCOCCOc4ccc5c(c4)C(=O)N(C4CCC(=O)NC4=O)C5=O)c(Cl)c32)C1,C=CC(=O)N1CCCCC(n2c(NC(=O)c3ccnc(C)c3)nc3ccc([*:1])c(Cl)c32)C1,C(COCCOCCO[*:2])OCCOCCO[*:1],O=C1CCC(N2C(=O)c3ccc([*:2])cc3C2=O)C(=O)N1,EGFR,CRBN,930.41,4.31,219.05,14,2,22,0.435,0.064,-5.52,-3.01,US20180193470A1,2018,YALE UNIVERSITY | ARVINAS INC
COc1cc(N2CCN(C)CC2)ccc1Nc1ncc(Cl)c(Oc2cccc(OCCOCCOCCOCCOCCOc3ccc4c(c3)C(=O)N(C3CCC(=O)NC3=O)C4=O)c2)n1,COc1cc(N2CCN(C)CC2)ccc1Nc1ncc(Cl)c(Oc2cccc([*:1])c2)n1,C(COCCOCCO[*:2])OCCOCCO[*:1],O=C1CCC(N2C(=O)c3ccc([*:2])cc3C2=O)C(=O)N1,EGFR,CRBN,918.4,4.35,201.68,17,2,24,0.422,0.074,-5.628,-3.911,US20180193470A1,2018,YALE UNIVERSITY | ARVINAS INC
COc1cc(N2CCN(C)CC2)c(OCCOCCOCCOCCOCCOc2ccc3c(c2)C(=O)N(C2CCC(=O)NC2=O)C3=O)cc1Nc1ncc(-c2cnn(C)c2)c(-c2cn3c4c(cccc24)CCC3)n1,COc1cc(N2CCN(C)CC2)c([*:1])cc1Nc1ncc(-c2cnn(C)c2)c(-c2cn3c4c(cccc24)CCC3)n1,C(COCCOCCO[*:2])OCCOCCO[*:1],O=C1CCC(N2C(=O)c3ccc([*:2])cc3C2=O)C(=O)N1,EGFR,CRBN,1027.15,4.87,215.2,17,2,24,0.426,0.061,-5.552,-2.958,US20180193470A1,2018,YALE UNIVERSITY | ARVINAS INC
Cc1ncsc1-c1ccc(CNC(=O)C2CC(O)CN2C(=O)C(NC(=O)COCCCOCCCCCOc2cc3ncnc(Nc4ccc(F)c(Cl)c4)c3cc2NC(=O)C=CCN(C)C)C(C)(C)C)cc1,CN(C)CC=CC(=O)Nc1cc2c(Nc3ccc(F)c(Cl)c3)ncnc2cc1[*:1],O=C(COCCCOCCCCCO[*:1])[*:2],Cc1ncsc1-c1ccc(CNC(=O)C2CC(O)CN2C(=O)C(N[*:2])C(C)(C)C)cc1,EGFR,VHL,1030.66,7.44,209.47,14,5,25,0.442,0.028,-5.916,-5.085,US20180193470A1,2018,YALE UNIVERSITY | ARVINAS INC
Cc1ncsc1-c1ccc(CNC(=O)C2CC(O)CN2C(=O)C(NC(=O)COCCOCCOCCOc2cc3ncnc(Nc4ccc(F)c(Cl)c4)c3cc2NC(=O)C=CCN(C)C)C(C)(C)C)cc1,CN(C)CC=CC(=O)Nc1cc2c(Nc3ccc(F)c(Cl)c3)ncnc2cc1[*:1],O=C(COCCOCCOCCO[*:1])[*:2],Cc1ncsc1-c1ccc(CNC(=O)C2CC(O)CN2C(=O)C(N[*:2])C(C)(C)C)cc1,EGFR,VHL,1018.61,5.89,218.7,15,5,24,0.42,0.036,-5.961,-4.339,US20180193470A1,2018,YALE UNIVERSITY | ARVINAS INC
Cc1ncsc1-c1ccc(CNC(=O)C2CC(O)CN2C(=O)C(NC(=O)COCCOCCOCCOCCOc2cc3ncnc(Nc4ccc(F)c(Cl)c4)c3cc2NC(=O)C=CCN(C)C)C(C)(C)C)cc1,CN(C)CC=CC(=O)Nc1cc2c(Nc3ccc(F)c(Cl)c3)ncnc2cc1[*:1],O=C(COCCOCCOCCOCCO[*:1])[*:2],Cc1ncsc1-c1ccc(CNC(=O)C2CC(O)CN2C(=O)C(N[*:2])C(C)(C)C)cc1,EGFR,VHL,1062.66,5.91,227.93,16,5,27,0.442,0.03,-5.975,-4.1,US20180193470A1,2018,YALE UNIVERSITY | ARVINAS INC
Cc1ncsc1-c1ccc(CNC(=O)C2CC(O)CN2C(=O)C(NC(=O)COCCOCCOc2cc3ncnc(Nc4ccc(F)c(Cl)c4)c3cc2NC(=O)C=CCN(C)C)C(C)(C)C)cc1,CN(C)CC=CC(=O)Nc1cc2c(Nc3ccc(F)c(Cl)c3)ncnc2cc1[*:1],O=C(COCCOCCO[*:1])[*:2],Cc1ncsc1-c1ccc(CNC(=O)C2CC(O)CN2C(=O)C(N[*:2])C(C)(C)C)cc1,EGFR,VHL,974.56,5.88,209.47,14,5,21,0.396,0.043,-5.86,-4.572,US20180193470A1,2018,YALE UNIVERSITY | ARVINAS INC
COc1cc2ncnc(Nc3ccc(F)c(Cl)c3)c2cc1OCCCCCOCCCOCC(=O)NC(C(=O)N1CC(O)CC1C(=O)NCc1ccc(-c2scnc2C)cc1)C(C)(C)C,COc1cc2ncnc(Nc3ccc(F)c(Cl)c3)c2cc1[*:1],O=C(COCCCOCCCCCO[*:1])[*:2],Cc1ncsc1-c1ccc(CNC(=O)C2CC(O)CN2C(=O)C(N[*:2])C(C)(C)C)cc1,EGFR,VHL,934.53,7.39,186.36,13,4,22,0.447,0.051,-5.891,-5.436,US20180193470A1,2018,YALE UNIVERSITY | ARVINAS INC
Cc1ncsc1-c1ccc(CNC(=O)C2CC(O)CN2C(=O)C(NC(=O)COCCOc2ccc(-c3cc4c(NCc5ccccc5Cl)ncnc4[nH]3)cc2)C(C)(C)C)cc1,Clc1ccccc1CNc1ncnc2[nH]c(-c3ccc([*:1])cc3)cc12,O=C(COCCO[*:1])[*:2],Cc1ncsc1-c1ccc(CNC(=O)C2CC(O)CN2C(=O)C(N[*:2])C(C)(C)C)cc1,EGFR,VHL,865.46,6.53,183.69,11,5,16,0.333,0.067,-5.791,-5.116,US20180193470A1,2018,YALE UNIVERSITY | ARVINAS INC
Cc1ncsc1-c1ccc(CNC(=O)C2CC(O)CN2C(=O)C(NC(=O)COCCOCCOc2ccc(-c3cc4c(NCc5ccccc5Cl)ncnc4[nH]3)cc2)C(C)(C)C)cc1,Clc1ccccc1CNc1ncnc2[nH]c(-c3ccc([*:1])cc3)cc12,O=C(COCCOCCO[*:1])[*:2],Cc1ncsc1-c1ccc(CNC(=O)C2CC(O)CN2C(=O)C(N[*:2])C(C)(C)C)cc1,EGFR,VHL,909.51,6.54,192.92,12,5,19,0.362,0.055,-5.875,-5.19,US20180193470A1,2018,YALE UNIVERSITY | ARVINAS INC
O=C1CCC(N2C(=O)c3cccc(NCCOCCOCCOc4ccc(-c5cc6c(NCc7ccccc7Cl)ncnc6[nH]5)cc4)c3C2=O)C(=O)N1,Clc1ccccc1CNc1ncnc2[nH]c(-c3ccc([*:1])cc3)cc12,C(COCCOCCO[*:1])N[*:2],O=C1CCC(N2C(=O)c3cccc([*:2])c3C2=O)C(=O)N1,EGFR,CRBN,738.2,4.82,176.87,11,4,16,0.263,0.081,-5.61,-5.512,US20180193470A1,2018,YALE UNIVERSITY | ARVINAS INC
Cc1ncsc1-c1ccc(C(C)NC(=O)C2CC(O)CN2C(=O)C(NC(=O)COCCOCCOc2ccc(-c3nccc(Nc4cc5c(cn4)nc(C)n5C(C)C)n3)cc2)C(C)(C)C)cc1,Cc1nc2cnc(Nc3ccnc(-c4ccc([*:1])cc4)n3)cc2n1C(C)C,O=C(COCCOCCO[*:1])[*:2],Cc1ncsc1-c1ccc(C(C)NC(=O)C2CC(O)CN2C(=O)C(N[*:2])C(C)(C)C)cc1,EGFR,VHL,933.15,6.74,207.84,14,4,19,0.429,0.062,-5.822,-4.366,US20180193470A1,2018,YALE UNIVERSITY | ARVINAS INC
Cc1ncsc1-c1ccc(CNC(=O)C2CC(O)CN2C(=O)C(NC(=O)COCCOCCOCCOc2ccc(-c3ccc4ncnc(Nc5ccc(OCc6cccc(F)c6)c(Cl)c5)c4c3)cc2)C(C)(C)C)cc1,Fc1cccc(COc2ccc(Nc3ncnc4ccc(-c5ccc([*:1])cc5)cc34)cc2Cl)c1,O=C(COCCOCCOCCO[*:1])[*:2],Cc1ncsc1-c1ccc(CNC(=O)C2CC(O)CN2C(=O)C(N[*:2])C(C)(C)C)cc1,EGFR,VHL,1074.67,9.08,195.59,14,4,24,0.333,0.042,-5.796,-6.037,US20180193470A1,2018,YALE UNIVERSITY | ARVINAS INC
Cc1ncsc1-c1ccc(CNC(=O)C2CC(O)CN2C(=O)C(NC(=O)COCCOCCOCCOc2ccc(-c3cc4c(NCc5ccccc5Cl)ncnc4[nH]3)cc2)C(C)(C)C)cc1,Clc1ccccc1CNc1ncnc2[nH]c(-c3ccc([*:1])cc3)cc12,O=C(COCCOCCOCCO[*:1])[*:2],Cc1ncsc1-c1ccc(CNC(=O)C2CC(O)CN2C(=O)C(N[*:2])C(C)(C)C)cc1,EGFR,VHL,953.56,6.56,202.15,13,5,22,0.388,0.046,-5.911,-4.856,US20180193470A1,2018,YALE UNIVERSITY | ARVINAS INC
O=C1CCC(N2C(=O)c3cccc(NCCOCCOCCOCCOc4ccc(-c5cc6c(NCc7ccccc7Cl)ncnc6[nH]5)cc4)c3C2=O)C(=O)N1,Clc1ccccc1CNc1ncnc2[nH]c(-c3ccc([*:1])cc3)cc12,C(COCCOCCOCCO[*:1])N[*:2],O=C1CCC(N2C(=O)c3cccc([*:2])c3C2=O)C(=O)N1,EGFR,CRBN,782.25,4.83,186.1,12,4,19,0.3,0.066,-5.474,-5.073,US20180193470A1,2018,YALE UNIVERSITY | ARVINAS INC
O=C1CCC(N2Cc3c(NCCCCNC(=O)c4ccc(NC(=O)C5NC6(CCCCC6)C6(C(=O)Nc7cc(Cl)ccc76)C5c5cccc(Cl)c5F)cc4)cccc3C2=O)C(=O)N1,O=C(Nc1ccc([*:1])cc1)C1NC2(CCCCC2)C2(C(=O)Nc3cc(Cl)ccc32)C1c1cccc(Cl)c1F,O=C(NCCCCN[*:2])[*:1],O=C1CCC(N2Cc3c(cccc3[*:2])C2=O)C(=O)N1,BET,CRBN,894.83,6.8,177.84,8,6,11,0.362,0.07,-5.079,-5.264,US20190119289A1,2019,UNIVERSITY OF MICHIGAN
O=C1CCC(N2C(=O)c3cccc(NCCOCCOCCOCCNC(=O)c4ccc(NC(=O)C5NC6(CCCCC6)C6(C(=O)Nc7cc(Cl)ccc76)C5c5cccc(Cl)c5F)cc4)c3C2=O)C(=O)N1,O=C(Nc1ccc([*:1])cc1)C1NC2(CCCCC2)C2(C(=O)Nc3cc(Cl)ccc32)C1c1cccc(Cl)c1F,O=C(NCCOCCOCCOCCN[*:2])[*:1],O=C1CCC(N2C(=O)c3cccc([*:2])c3C2=O)C(=O)N1,BET,CRBN,1012.92,5.71,222.6,12,6,18,0.392,0.052,-5.204,-5.014,US20190119289A1,2019,UNIVERSITY OF MICHIGAN
O=C1CCC(N2C(=O)c3cccc(NCCOCCOCCNC(=O)c4ccc(NC(=O)C5NC6(CCCCC6)C6(C(=O)Nc7cc(Cl)ccc76)C5c5cccc(Cl)c5F)cc4)c3C2=O)C(=O)N1,O=C(Nc1ccc([*:1])cc1)C1NC2(CCCCC2)C2(C(=O)Nc3cc(Cl)ccc32)C1c1cccc(Cl)c1F,O=C(NCCOCCOCCN[*:2])[*:1],O=C1CCC(N2C(=O)c3cccc([*:2])c3C2=O)C(=O)N1,BET,CRBN,968.87,5.7,213.37,11,6,15,0.367,0.063,-5.297,-5.316,US20190119289A1,2019,UNIVERSITY OF MICHIGAN
O=C1CCC(N2C(=O)c3cccc(NCCOCCNC(=O)c4ccc(NC(=O)C5NC6(CCCCC6)C6(C(=O)Nc7cc(Cl)ccc76)C5c5cccc(Cl)c5F)cc4)c3C2=O)C(=O)N1,O=C(Nc1ccc([*:1])cc1)C1NC2(CCCCC2)C2(C(=O)Nc3cc(Cl)ccc32)C1c1cccc(Cl)c1F,O=C(NCCOCCN[*:2])[*:1],O=C1CCC(N2C(=O)c3cccc([*:2])c3C2=O)C(=O)N1,BET,CRBN,924.81,5.68,204.14,10,6,12,0.34,0.076,-5.203,-5.45,US20190119289A1,2019,UNIVERSITY OF MICHIGAN
O=C1CCC(N2C(=O)c3cccc(NCCCCCNC(=O)c4ccc(NC(=O)C5NC6(CCCCC6)C6(C(=O)Nc7cc(Cl)ccc76)C5c5cccc(Cl)c5F)cc4)c3C2=O)C(=O)N1,O=C(Nc1ccc([*:1])cc1)C1NC2(CCCCC2)C2(C(=O)Nc3cc(Cl)ccc32)C1c1cccc(Cl)c1F,O=C(NCCCCCN[*:2])[*:1],O=C1CCC(N2C(=O)c3cccc([*:2])c3C2=O)C(=O)N1,BET,CRBN,922.84,6.83,194.91,9,6,12,0.354,0.065,-4.987,-5.722,US20190119289A1,2019,UNIVERSITY OF MICHIGAN
O=C1CCC(N2C(=O)c3cccc(NCCCCNC(=O)c4ccc(NC(=O)C5NC6(CCCCC6)C6(C(=O)Nc7cc(Cl)ccc76)C5c5cccc(Cl)c5F)cc4)c3C2=O)C(=O)N1,O=C(Nc1ccc([*:1])cc1)C1NC2(CCCCC2)C2(C(=O)Nc3cc(Cl)ccc32)C1c1cccc(Cl)c1F,O=C(NCCCCN[*:2])[*:1],O=C1CCC(N2C(=O)c3cccc([*:2])c3C2=O)C(=O)N1,BET,CRBN,908.82,6.44,194.91,9,6,11,0.34,0.073,-5.018,-5.652,US20190119289A1,2019,UNIVERSITY OF MICHIGAN
O=C1CCC(N2C(=O)c3cccc(NCCCCNC(=O)c4ccc(C5CC6C(N5)C(c5cccc(Cl)c5F)C5(C(=O)Nc7cc(Cl)ccc75)N6CC5CC5)cc4)c3C2=O)C(=O)N1,O=C1Nc2cc(Cl)ccc2C12C(c1cccc(Cl)c1F)C1NC(c3ccc([*:1])cc3)CC1N2CC1CC1,O=C(NCCCCN[*:2])[*:1],O=C1CCC(N2C(=O)c3cccc([*:2])c3C2=O)C(=O)N1,BET,CRBN,892.82,6.28,169.05,9,5,12,0.362,0.081,-5.249,-5.718,US20190119289A1,2019,UNIVERSITY OF MICHIGAN
O=C1CCC(N2Cc3c(NCCCCNC(=O)c4ccc(C5CC6C(N5)C(c5cccc(Cl)c5F)C5(C(=O)Nc7cc(Cl)ccc75)N6CC5CC5)cc4)cccc3C2=O)C(=O)N1,O=C1Nc2cc(Cl)ccc2C12C(c1cccc(Cl)c1F)C1NC(c3ccc([*:1])cc3)CC1N2CC1CC1,O=C(NCCCCN[*:2])[*:1],O=C1CCC(N2Cc3c(cccc3[*:2])C2=O)C(=O)N1,BET,CRBN,878.83,6.64,151.98,8,5,12,0.383,0.079,-5.361,-5.362,US20190119289A1,2019,UNIVERSITY OF MICHIGAN
CC(C)C(CS(=O)(=O)C(C)C)N1C(=O)C(C)(CC(=O)Nc2ccc(C(=O)NCCOCCOCCOCCNc3cccc4c3CN(C3CCC(=O)NC3=O)C4=O)cc2)CC(c2cccc(Cl)c2)C1c1ccc(Cl)cc1,CC(C)C(CS(=O)(=O)C(C)C)N1C(=O)C(C)(CC(=O)Nc2ccc([*:1])cc2)CC(c2cccc(Cl)c2)C1c1ccc(Cl)cc1,O=C(NCCOCCOCCOCCN[*:2])[*:1],O=C1CCC(N2Cc3c(cccc3[*:2])C2=O)C(=O)N1,BET,CRBN,1104.16,7.59,218.85,12,4,25,0.464,0.037,-5.401,-5.348,US20190119289A1,2019,UNIVERSITY OF MICHIGAN
COc1cc(C(=O)NCCOCCOCCNc2cccc3c2C(=O)N(C2CCC(=O)NC2=O)C3=O)ccc1NC(=O)C1NC(CC(C)(C)C)C(C#N)(c2ccc(Cl)cc2F)C1c1cccc(Cl)c1F,COc1cc([*:1])ccc1NC(=O)C1NC(CC(C)(C)C)C(C#N)(c2ccc(Cl)cc2F)C1c1cccc(Cl)c1F,O=C(NCCOCCOCCN[*:2])[*:1],O=C1CCC(N2C(=O)c3cccc([*:2])c3C2=O)C(=O)N1,BET,CRBN,1002.9,6.52,217.29,12,5,18,0.38,0.053,-5.195,-6.124,US20190119289A1,2019,UNIVERSITY OF MICHIGAN
CC1(C)CCC2(CC1)NC(C(=O)Nc1ccc(C(=O)NCCOCCOCCNc3cccc4c3C(=O)N(C3CCC(=O)NC3=O)C4=O)cc1)C(c1cccc(Cl)c1F)C21C(=O)Nc2cc(Cl)ccc21,CC1(C)CCC2(CC1)NC(C(=O)Nc1ccc([*:1])cc1)C(c1cccc(Cl)c1F)C21C(=O)Nc2cc(Cl)ccc21,O=C(NCCOCCOCCN[*:2])[*:1],O=C1CCC(N2C(=O)c3cccc([*:2])c3C2=O)C(=O)N1,BET,CRBN,996.92,6.33,213.37,11,6,15,0.392,0.057,-5.49,-5.594,US20190119289A1,2019,UNIVERSITY OF MICHIGAN
CCN1C(C(=O)NC23CCC(C(=O)NCCOCCOCCOCCNc4cccc5c4CN(C4CCC(=O)NC4=O)C5=O)(CC2)CC3)C(c2cccc(Cl)c2F)C2(C(=O)Nc3cc(Cl)ccc32)C12CCCCC2,CCN1C(C(=O)NC23CCC([*:1])(CC2)CC3)C(c2cccc(Cl)c2F)C2(C(=O)Nc3cc(Cl)ccc32)C12CCCCC2,O=C(NCCOCCOCCOCCN[*:2])[*:1],O=C1CCC(N2Cc3c(cccc3[*:2])C2=O)C(=O)N1,BET,CRBN,1059.08,6.76,196.74,11,5,19,0.564,0.063,-5.333,-5.195,US20190119289A1,2019,UNIVERSITY OF MICHIGAN
CCN1C(C(=O)NC23CCC(C(=O)NCCOCCOCCOCC(=O)NC(C(=O)N4CC(O)CC4C(=O)NCc4ccc(-c5scnc5C)cc4)C(C)(C)C)(CC2)CC3)C(c2cccc(Cl)c2F)C2(C(=O)Nc3cc(Cl)ccc32)C12CCCCC2,CCN1C(C(=O)NC23CCC([*:1])(CC2)CC3)C(c2cccc(Cl)c2F)C2(C(=O)Nc3cc(Cl)ccc32)C12CCCCC2,O=C(NCCOCCOCCOCC(=O)[*:2])[*:1],Cc1ncsc1-c1ccc(CNC(=O)C2CC(O)CN2C(=O)C(N[*:2])C(C)(C)C)cc1,BET,VHL,1244.37,8.13,229.86,13,6,22,0.578,0.041,-5.831,-4.754,US20190119289A1,2019,UNIVERSITY OF MICHIGAN
O=C1CCC(N2C(=O)c3cccc(NCCOCCOCCNC(=O)c4ccc(NC(=O)C5NC6(CCCCC6)C6(C(=O)Nc7cc(Cl)ccc76)C5c5cccc(Cl)c5F)cn4)c3C2=O)C(=O)N1,O=C(Nc1ccc([*:1])nc1)C1NC2(CCCCC2)C2(C(=O)Nc3cc(Cl)ccc32)C1c1cccc(Cl)c1F,O=C(NCCOCCOCCN[*:2])[*:1],O=C1CCC(N2C(=O)c3cccc([*:2])c3C2=O)C(=O)N1,BET,CRBN,969.85,5.09,226.26,12,6,15,0.375,0.068,-5.281,-5.169,US20190119289A1,2019,UNIVERSITY OF MICHIGAN
O=C1CCC(N2C(=O)c3cccc(NCCOCCOCCNC(=O)c4ccc(NC(=O)C5NC6(CCCCC6)C6(C(=O)Nc7cc(Cl)ccc76)C5c5cccc(Cl)c5F)nc4)c3C2=O)C(=O)N1,O=C(Nc1ccc([*:1])cn1)C1NC2(CCCCC2)C2(C(=O)Nc3cc(Cl)ccc32)C1c1cccc(Cl)c1F,O=C(NCCOCCOCCN[*:2])[*:1],O=C1CCC(N2C(=O)c3cccc([*:2])c3C2=O)C(=O)N1,BET,CRBN,969.85,5.09,226.26,12,6,15,0.375,0.068,-5.323,-5.201,US20190119289A1,2019,UNIVERSITY OF MICHIGAN
O=C1CCC(N2Cc3c(NCCOCCOCCOCCNC(=O)c4ccc(NC(=O)C5NC6(CCCCC6)C6(C(=O)Nc7cc(Cl)ccc76)C5c5cccc(Cl)c5F)cc4)cccc3C2=O)C(=O)N1,O=C(Nc1ccc([*:1])cc1)C1NC2(CCCCC2)C2(C(=O)Nc3cc(Cl)ccc32)C1c1cccc(Cl)c1F,O=C(NCCOCCOCCOCCN[*:2])[*:1],O=C1CCC(N2Cc3c(cccc3[*:2])C2=O)C(=O)N1,BET,CRBN,998.94,6.07,205.53,11,6,18,0.412,0.05,-5.224,-4.864,US20190119289A1,2019,UNIVERSITY OF MICHIGAN
O=C1CCC(N2Cc3c(NCCOCCOCCNC(=O)c4ccc(NC(=O)C5NC6(CCCCC6)C6(C(=O)Nc7cc(Cl)ccc76)C5c5cccc(Cl)c5F)cc4)cccc3C2=O)C(=O)N1,O=C(Nc1ccc([*:1])cc1)C1NC2(CCCCC2)C2(C(=O)Nc3cc(Cl)ccc32)C1c1cccc(Cl)c1F,O=C(NCCOCCOCCN[*:2])[*:1],O=C1CCC(N2Cc3c(cccc3[*:2])C2=O)C(=O)N1,BET,CRBN,954.88,6.06,196.3,10,6,15,0.388,0.06,-5.339,-5.018,US20190119289A1,2019,UNIVERSITY OF MICHIGAN
O=C1CCC(N2Cc3c(NCCOCCNC(=O)c4ccc(NC(=O)C5NC6(CCCCC6)C6(C(=O)Nc7cc(Cl)ccc76)C5c5cccc(Cl)c5F)cc4)cccc3C2=O)C(=O)N1,O=C(Nc1ccc([*:1])cc1)C1NC2(CCCCC2)C2(C(=O)Nc3cc(Cl)ccc32)C1c1cccc(Cl)c1F,O=C(NCCOCCN[*:2])[*:1],O=C1CCC(N2Cc3c(cccc3[*:2])C2=O)C(=O)N1,BET,CRBN,910.83,6.04,187.07,9,6,12,0.362,0.073,-5.345,-5.079,US20190119289A1,2019,UNIVERSITY OF MICHIGAN
C=CCn1c(=O)c2cnc(Nc3ccc(N4CCN(C(=O)CCOCCNc5cccc6c5C(=O)N(C5CCC(=O)NC5=O)C6=O)CC4)cc3)nc2n1-c1cccc(C(C)(C)O)n1,C=CCn1c(=O)c2cnc(Nc3ccc([*:1])cc3)nc2n1-c1cccc(C(C)(C)O)n1,O=C(CCOCCN[*:2])N1CCN([*:1])CC1,O=C1CCC(N2C(=O)c3cccc([*:2])c3C2=O)C(=O)N1,WEE1,CRBN,857.93,2.7,226.22,14,4,15,0.341,0.068,-5.619,-3.511,US20220047709A1,2022,DANA-FARBER CANCER INSTITUTE (INC.)
C=CCn1c(=O)c2cnc(Nc3ccc(N4CCN(C(=O)CCOCCOCCNc5cccc6c5CN(C5CCC(=O)NC5=O)C6=O)CC4)cc3)nc2n1-c1cccc(C(C)(C)O)n1,C=CCn1c(=O)c2cnc(Nc3ccc([*:1])cc3)nc2n1-c1cccc(C(C)(C)O)n1,O=C(CCOCCOCCN[*:2])N1CCN([*:1])CC1,O=C1CCC(N2Cc3c(cccc3[*:2])C2=O)C(=O)N1,WEE1,CRBN,888.0,3.08,218.38,14,4,18,0.391,0.057,-5.549,-2.912,US20220047709A1,2022,DANA-FARBER CANCER INSTITUTE (INC.)
C=CCn1c(=O)c2cnc(Nc3ccc(N4CCN(C(=O)CCOCCOCCNc5cccc6c5C(=O)N(C5CCC(=O)NC5=O)C6=O)CC4)cc3)nc2n1-c1cccc(C(C)(C)O)n1,C=CCn1c(=O)c2cnc(Nc3ccc([*:1])cc3)nc2n1-c1cccc(C(C)(C)O)n1,O=C(CCOCCOCCN[*:2])N1CCN([*:1])CC1,O=C1CCC(N2C(=O)c3cccc([*:2])c3C2=O)C(=O)N1,WEE1,CRBN,901.98,2.72,235.45,15,4,18,0.37,0.056,-5.547,-3.144,US20220047709A1,2022,DANA-FARBER CANCER INSTITUTE (INC.)
C=CCn1c(=O)c2cnc(Nc3ccc(N4CCN(C(=O)CCOCCOCCOCCOCCNc5cccc6c5CN(C5CCC(=O)NC5=O)C6=O)CC4)cc3)nc2n1-c1cccc(C(C)(C)O)n1,C=CCn1c(=O)c2cnc(Nc3ccc([*:1])cc3)nc2n1-c1cccc(C(C)(C)O)n1,O=C(CCOCCOCCOCCOCCN[*:2])N1CCN([*:1])CC1,O=C1CCC(N2Cc3c(cccc3[*:2])C2=O)C(=O)N1,WEE1,CRBN,976.1,3.11,236.84,16,4,24,0.44,0.04,-5.359,-2.729,US20220047709A1,2022,DANA-FARBER CANCER INSTITUTE (INC.)
C=CCn1c(=O)c2cnc(Nc3ccc(N4CCN(C(=O)CCOCCOCCOCCOCCNc5cccc6c5C(=O)N(C5CCC(=O)NC5=O)C6=O)CC4)cc3)nc2n1-c1cccc(C(C)(C)O)n1,C=CCn1c(=O)c2cnc(Nc3ccc([*:1])cc3)nc2n1-c1cccc(C(C)(C)O)n1,O=C(CCOCCOCCOCCOCCN[*:2])N1CCN([*:1])CC1,O=C1CCC(N2C(=O)c3cccc([*:2])c3C2=O)C(=O)N1,WEE1,CRBN,990.09,2.75,253.91,17,4,24,0.42,0.039,-5.371,-2.797,US20220047709A1,2022,DANA-FARBER CANCER INSTITUTE (INC.)
Cc1ncsc1-c1ccc(CNC(=O)C2CC(O)CN2C(=O)C(NC(=O)CCCCCC(=O)N2CCN(c3ccc(C(=O)N4CCC(CCCCNC(=O)C=Cc5cccnc5)CC4)nn3)CC2)C(C)(C)C)cc1,O=C(C=Cc1cccnc1)NCCCCC1CCN(C(=O)c2ccc([*:1])nn2)CC1,O=C(CCCCCC(=O)[*:2])N1CCN([*:1])CC1,Cc1ncsc1-c1ccc(CNC(=O)C2CC(O)CN2C(=O)C(N[*:2])C(C)(C)C)cc1,NAMPT,VHL,1032.33,5.56,223.26,13,4,21,0.527,0.06,-5.822,-3.933,WO2023030170A1,2023,CHINESE ACADEMY OF SCIENCE | GLUETACS THERAPEUTICS SHANGHAI CO LTD
O=C(C=Cc1cccnc1)NCCCCC1CCN(C(=O)c2ccc(N3CCN(CCCCOc4cccc5c4CN(C4CCC(=O)NC4=O)C5=O)CC3)nn2)CC1,O=C(C=Cc1cccnc1)NCCCCC1CCN(C(=O)c2ccc([*:1])nn2)CC1,C(CCN1CCN([*:1])CC1)CO[*:2],O=C1CCC(N2Cc3c(cccc3[*:2])C2=O)C(=O)N1,NAMPT,CRBN,791.95,3.47,170.27,11,2,16,0.488,0.124,-5.387,-3.269,WO2023030170A1,2023,CHINESE ACADEMY OF SCIENCE | GLUETACS THERAPEUTICS SHANGHAI CO LTD
O=C(C=Cc1cccnc1)NCCCCC1CCN(C(=O)c2ccc(N3CCN(C(=O)CCOCCOCCOCCOCCNc4cccc5c4CN(C4CCC(=O)NC4=O)C5=O)CC3)nn2)CC1,O=C(C=Cc1cccnc1)NCCCCC1CCN(C(=O)c2ccc([*:1])nn2)CC1,O=C(CCOCCOCCOCCOCCN[*:2])N1CCN([*:1])CC1,O=C1CCC(N2Cc3c(cccc3[*:2])C2=O)C(=O)N1,NAMPT,CRBN,967.14,2.7,227.06,15,3,26,0.54,0.06,-5.365,-2.632,WO2023030170A1,2023,CHINESE ACADEMY OF SCIENCE | GLUETACS THERAPEUTICS SHANGHAI CO LTD
O=C(C=Cc1cccnc1)NCCCCC1CCN(C(=O)c2ccc(N3CCN(C(=O)CCOCCOCCNc4cccc5c4CN(C4CCC(=O)NC4=O)C5=O)CC3)nn2)CC1,O=C(C=Cc1cccnc1)NCCCCC1CCN(C(=O)c2ccc([*:1])nn2)CC1,O=C(CCOCCOCCN[*:2])N1CCN([*:1])CC1,O=C1CCC(N2Cc3c(cccc3[*:2])C2=O)C(=O)N1,NAMPT,CRBN,879.03,2.67,208.6,13,3,20,0.5,0.085,-5.409,-2.732,WO2023030170A1,2023,CHINESE ACADEMY OF SCIENCE | GLUETACS THERAPEUTICS SHANGHAI CO LTD
O=C(C=Cc1cccnc1)NCCCCC1CCN(C(=O)c2ccc(N3CCN(C(=O)CCOCCNc4cccc5c4CN(C4CCC(=O)NC4=O)C5=O)CC3)nn2)CC1,O=C(C=Cc1cccnc1)NCCCCC1CCN(C(=O)c2ccc([*:1])nn2)CC1,O=C(CCOCCN[*:2])N1CCN([*:1])CC1,O=C1CCC(N2Cc3c(cccc3[*:2])C2=O)C(=O)N1,NAMPT,CRBN,834.98,2.65,199.37,12,3,17,0.477,0.102,-5.524,-2.881,WO2023030170A1,2023,CHINESE ACADEMY OF SCIENCE | GLUETACS THERAPEUTICS SHANGHAI CO LTD
O=C(C=Cc1cccnc1)NCCCCC1CCN(C(=O)c2ccc(N3CCN(C(=O)CCCCCNc4cccc5c4CN(C4CCC(=O)NC4=O)C5=O)CC3)nn2)CC1,O=C(C=Cc1cccnc1)NCCCCC1CCN(C(=O)c2ccc([*:1])nn2)CC1,O=C(CCCCCN[*:2])N1CCN([*:1])CC1,O=C1CCC(N2Cc3c(cccc3[*:2])C2=O)C(=O)N1,NAMPT,CRBN,833.01,3.81,190.14,11,3,17,0.489,0.102,-5.336,-3.311,WO2023030170A1,2023,CHINESE ACADEMY OF SCIENCE | GLUETACS THERAPEUTICS SHANGHAI CO LTD
O=C(C=Cc1cccnc1)NCCCCC1CCN(C(=O)c2ccc(N3CCN(C(=O)CCCNc4cccc5c4CN(C4CCC(=O)NC4=O)C5=O)CC3)nn2)CC1,O=C(C=Cc1cccnc1)NCCCCC1CCN(C(=O)c2ccc([*:1])nn2)CC1,O=C(CCCN[*:2])N1CCN([*:1])CC1,O=C1CCC(N2Cc3c(cccc3[*:2])C2=O)C(=O)N1,NAMPT,CRBN,804.95,3.03,190.14,11,3,15,0.465,0.116,-5.406,-3.148,WO2023030170A1,2023,CHINESE ACADEMY OF SCIENCE | GLUETACS THERAPEUTICS SHANGHAI CO LTD
O=C(C=Cc1cccnc1)NCCCCC1CCN(C(=O)c2ccc(N3CCN(C(=O)CNc4cccc5c4CN(C4CCC(=O)NC4=O)C5=O)CC3)nn2)CC1,O=C(C=Cc1cccnc1)NCCCCC1CCN(C(=O)c2ccc([*:1])nn2)CC1,O=C(CN[*:2])N1CCN([*:1])CC1,O=C1CCC(N2Cc3c(cccc3[*:2])C2=O)C(=O)N1,NAMPT,CRBN,776.9,2.25,190.14,11,3,13,0.439,0.131,-5.378,-3.287,WO2023030170A1,2023,CHINESE ACADEMY OF SCIENCE | GLUETACS THERAPEUTICS SHANGHAI CO LTD
O=C(C=Cc1cccnc1)NCCCCC1CCN(C(=O)c2ccc(N3CCN(CCCCOc4cccc5c4C(=O)N(C4CCC(=O)NC4=O)C5=O)CC3)nn2)CC1,O=C(C=Cc1cccnc1)NCCCCC1CCN(C(=O)c2ccc([*:1])nn2)CC1,C(CCN1CCN([*:1])CC1)CO[*:2],O=C1CCC(N2C(=O)c3cccc([*:2])c3C2=O)C(=O)N1,NAMPT,CRBN,805.94,3.11,187.34,12,2,16,0.465,0.123,-5.319,-3.425,WO2023030170A1,2023,CHINESE ACADEMY OF SCIENCE | GLUETACS THERAPEUTICS SHANGHAI CO LTD
O=C(C=Cc1cccnc1)NCCCCC1CCN(C(=O)c2ccc(N3CCN(C(=O)CCOCCOCCNc4cccc5c4C(=O)N(C4CCC(=O)NC4=O)C5=O)CC3)nn2)CC1,O=C(C=Cc1cccnc1)NCCCCC1CCN(C(=O)c2ccc([*:1])nn2)CC1,O=C(CCOCCOCCN[*:2])N1CCN([*:1])CC1,O=C1CCC(N2C(=O)c3cccc([*:2])c3C2=O)C(=O)N1,NAMPT,CRBN,893.01,2.31,225.67,14,3,20,0.478,0.084,-5.388,-2.979,WO2023030170A1,2023,CHINESE ACADEMY OF SCIENCE | GLUETACS THERAPEUTICS SHANGHAI CO LTD
O=C(C=Cc1cccnc1)NCCCCC1CCN(C(=O)c2ccc(N3CCN(C(=O)CCOCCNc4cccc5c4C(=O)N(C4CCC(=O)NC4=O)C5=O)CC3)nn2)CC1,O=C(C=Cc1cccnc1)NCCCCC1CCN(C(=O)c2ccc([*:1])nn2)CC1,O=C(CCOCCN[*:2])N1CCN([*:1])CC1,O=C1CCC(N2C(=O)c3cccc([*:2])c3C2=O)C(=O)N1,NAMPT,CRBN,848.96,2.29,216.44,13,3,17,0.455,0.101,-5.552,-3.334,WO2023030170A1,2023,CHINESE ACADEMY OF SCIENCE | GLUETACS THERAPEUTICS SHANGHAI CO LTD
O=C(C=Cc1cccnc1)NCCCCC1CCN(C(=O)c2ccc(N3CCN(C(=O)CCCCCCNc4cccc5c4C(=O)N(C4CCC(=O)NC4=O)C5=O)CC3)nn2)CC1,O=C(C=Cc1cccnc1)NCCCCC1CCN(C(=O)c2ccc([*:1])nn2)CC1,O=C(CCCCCCN[*:2])N1CCN([*:1])CC1,O=C1CCC(N2C(=O)c3cccc([*:2])c3C2=O)C(=O)N1,NAMPT,CRBN,861.02,3.84,207.21,12,3,18,0.478,0.095,-5.237,-4.151,WO2023030170A1,2023,CHINESE ACADEMY OF SCIENCE | GLUETACS THERAPEUTICS SHANGHAI CO LTD
O=C(C=Cc1cccnc1)NCCCCC1CCN(C(=O)c2ccc(N3CCN(C(=O)CCCCNc4cccc5c4C(=O)N(C4CCC(=O)NC4=O)C5=O)CC3)nn2)CC1,O=C(C=Cc1cccnc1)NCCCCC1CCN(C(=O)c2ccc([*:1])nn2)CC1,O=C(CCCCN[*:2])N1CCN([*:1])CC1,O=C1CCC(N2C(=O)c3cccc([*:2])c3C2=O)C(=O)N1,NAMPT,CRBN,832.96,3.06,207.21,12,3,16,0.455,0.108,-5.298,-3.816,WO2023030170A1,2023,CHINESE ACADEMY OF SCIENCE | GLUETACS THERAPEUTICS SHANGHAI CO LTD
O=C(C=Cc1cccnc1)NCCCCC1CCN(C(=O)c2ccc(N3CCN(C(=O)CCNc4cccc5c4C(=O)N(C4CCC(=O)NC4=O)C5=O)CC3)nn2)CC1,O=C(C=Cc1cccnc1)NCCCCC1CCN(C(=O)c2ccc([*:1])nn2)CC1,O=C(CCN[*:2])N1CCN([*:1])CC1,O=C1CCC(N2C(=O)c3cccc([*:2])c3C2=O)C(=O)N1,NAMPT,CRBN,804.91,2.28,207.21,12,3,14,0.429,0.122,-5.404,-3.636,WO2023030170A1,2023,CHINESE ACADEMY OF SCIENCE | GLUETACS THERAPEUTICS SHANGHAI CO LTD
Cc1ncsc1-c1ccc(CNC(=O)C2CC(O)CN2C(=O)C(NC(=O)CCCCCC(=O)N2CCN(c3ccc(C(=O)N4CCC(CCCCNC(=O)C=Cc5cccnc5)CC4)cn3)CC2)C(C)(C)C)cc1,O=C(C=Cc1cccnc1)NCCCCC1CCN(C(=O)c2ccc([*:1])nc2)CC1,O=C(CCCCCC(=O)[*:2])N1CCN([*:1])CC1,Cc1ncsc1-c1ccc(CNC(=O)C2CC(O)CN2C(=O)C(N[*:2])C(C)(C)C)cc1,NAMPT,VHL,1031.34,6.17,210.37,12,4,21,0.518,0.055,-5.685,-4.035,WO2023030170A1,2023,CHINESE ACADEMY OF SCIENCE | GLUETACS THERAPEUTICS SHANGHAI CO LTD
O=C(C=Cc1cccnc1)NCCCCC1CCN(C(=O)c2ccc(N3CCN(CCCCOc4cccc5c4CN(C4CCC(=O)NC4=O)C5=O)CC3)nc2)CC1,O=C(C=Cc1cccnc1)NCCCCC1CCN(C(=O)c2ccc([*:1])nc2)CC1,C(CCN1CCN([*:1])CC1)CO[*:2],O=C1CCC(N2Cc3c(cccc3[*:2])C2=O)C(=O)N1,NAMPT,CRBN,790.97,4.07,157.38,10,2,16,0.477,0.123,-5.349,-3.238,WO2023030170A1,2023,CHINESE ACADEMY OF SCIENCE | GLUETACS THERAPEUTICS SHANGHAI CO LTD
O=C(C=Cc1cccnc1)NCCCCC1CCN(C(=O)c2ccc(N3CCN(C(=O)CCOCCOCCOCCOCCNc4cccc5c4CN(C4CCC(=O)NC4=O)C5=O)CC3)nc2)CC1,O=C(C=Cc1cccnc1)NCCCCC1CCN(C(=O)c2ccc([*:1])nc2)CC1,O=C(CCOCCOCCOCCOCCN[*:2])N1CCN([*:1])CC1,O=C1CCC(N2Cc3c(cccc3[*:2])C2=O)C(=O)N1,NAMPT,CRBN,966.15,3.31,214.17,14,3,26,0.529,0.06,-5.35,-2.464,WO2023030170A1,2023,CHINESE ACADEMY OF SCIENCE | GLUETACS THERAPEUTICS SHANGHAI CO LTD
O=C(C=Cc1cccnc1)NCCCCC1CCN(C(=O)c2ccc(N3CCN(C(=O)CCOCCOCCNc4cccc5c4CN(C4CCC(=O)NC4=O)C5=O)CC3)nc2)CC1,O=C(C=Cc1cccnc1)NCCCCC1CCN(C(=O)c2ccc([*:1])nc2)CC1,O=C(CCOCCOCCN[*:2])N1CCN([*:1])CC1,O=C1CCC(N2Cc3c(cccc3[*:2])C2=O)C(=O)N1,NAMPT,CRBN,878.04,3.27,195.71,12,3,20,0.489,0.085,-5.381,-2.659,WO2023030170A1,2023,CHINESE ACADEMY OF SCIENCE | GLUETACS THERAPEUTICS SHANGHAI CO LTD
O=C(C=Cc1cccnc1)NCCCCC1CCN(C(=O)c2ccc(N3CCN(C(=O)CCOCCNc4cccc5c4CN(C4CCC(=O)NC4=O)C5=O)CC3)nc2)CC1,O=C(C=Cc1cccnc1)NCCCCC1CCN(C(=O)c2ccc([*:1])nc2)CC1,O=C(CCOCCN[*:2])N1CCN([*:1])CC1,O=C1CCC(N2Cc3c(cccc3[*:2])C2=O)C(=O)N1,NAMPT,CRBN,833.99,3.26,186.48,11,3,17,0.467,0.103,-5.493,-2.886,WO2023030170A1,2023,CHINESE ACADEMY OF SCIENCE | GLUETACS THERAPEUTICS SHANGHAI CO LTD
O=C(C=Cc1cccnc1)NCCCCC1CCN(C(=O)c2ccc(N3CCN(C(=O)CCCCCNc4cccc5c4CN(C4CCC(=O)NC4=O)C5=O)CC3)nc2)CC1,O=C(C=Cc1cccnc1)NCCCCC1CCN(C(=O)c2ccc([*:1])nc2)CC1,O=C(CCCCCN[*:2])N1CCN([*:1])CC1,O=C1CCC(N2Cc3c(cccc3[*:2])C2=O)C(=O)N1,NAMPT,CRBN,832.02,4.41,177.25,10,3,17,0.478,0.1,-5.301,-3.399,WO2023030170A1,2023,CHINESE ACADEMY OF SCIENCE | GLUETACS THERAPEUTICS SHANGHAI CO LTD
O=C(C=Cc1cccnc1)NCCCCC1CCN(C(=O)c2ccc(N3CCN(C(=O)CCCNc4cccc5c4CN(C4CCC(=O)NC4=O)C5=O)CC3)nc2)CC1,O=C(C=Cc1cccnc1)NCCCCC1CCN(C(=O)c2ccc([*:1])nc2)CC1,O=C(CCCN[*:2])N1CCN([*:1])CC1,O=C1CCC(N2Cc3c(cccc3[*:2])C2=O)C(=O)N1,NAMPT,CRBN,803.96,3.63,177.25,10,3,15,0.455,0.117,-5.412,-3.194,WO2023030170A1,2023,CHINESE ACADEMY OF SCIENCE | GLUETACS THERAPEUTICS SHANGHAI CO LTD
O=C(C=Cc1cccnc1)NCCCCC1CCN(C(=O)c2ccc(N3CCN(C(=O)CNc4cccc5c4CN(C4CCC(=O)NC4=O)C5=O)CC3)nc2)CC1,O=C(C=Cc1cccnc1)NCCCCC1CCN(C(=O)c2ccc([*:1])nc2)CC1,O=C(CN[*:2])N1CCN([*:1])CC1,O=C1CCC(N2Cc3c(cccc3[*:2])C2=O)C(=O)N1,NAMPT,CRBN,775.91,2.85,177.25,10,3,13,0.429,0.133,-5.375,-3.107,WO2023030170A1,2023,CHINESE ACADEMY OF SCIENCE | GLUETACS THERAPEUTICS SHANGHAI CO LTD
O=C(C=Cc1cccnc1)NCCCCC1CCN(C(=O)c2ccc(N3CCN(CCCCOc4cccc5c4C(=O)N(C4CCC(=O)NC4=O)C5=O)CC3)nc2)CC1,O=C(C=Cc1cccnc1)NCCCCC1CCN(C(=O)c2ccc([*:1])nc2)CC1,C(CCN1CCN([*:1])CC1)CO[*:2],O=C1CCC(N2C(=O)c3cccc([*:2])c3C2=O)C(=O)N1,NAMPT,CRBN,804.95,3.71,174.45,11,2,16,0.455,0.123,-5.299,-3.371,WO2023030170A1,2023,CHINESE ACADEMY OF SCIENCE | GLUETACS THERAPEUTICS SHANGHAI CO LTD
O=C(C=Cc1cccnc1)NCCCCC1CCN(C(=O)c2ccc(N3CCN(C(=O)CCOCCOCCNc4cccc5c4C(=O)N(C4CCC(=O)NC4=O)C5=O)CC3)nc2)CC1,O=C(C=Cc1cccnc1)NCCCCC1CCN(C(=O)c2ccc([*:1])nc2)CC1,O=C(CCOCCOCCN[*:2])N1CCN([*:1])CC1,O=C1CCC(N2C(=O)c3cccc([*:2])c3C2=O)C(=O)N1,NAMPT,CRBN,892.03,2.91,212.78,13,3,20,0.468,0.085,-5.349,-3.002,WO2023030170A1,2023,CHINESE ACADEMY OF SCIENCE | GLUETACS THERAPEUTICS SHANGHAI CO LTD
O=C(C=Cc1cccnc1)NCCCCC1CCN(C(=O)c2ccc(N3CCN(C(=O)CCOCCNc4cccc5c4C(=O)N(C4CCC(=O)NC4=O)C5=O)CC3)nc2)CC1,O=C(C=Cc1cccnc1)NCCCCC1CCN(C(=O)c2ccc([*:1])nc2)CC1,O=C(CCOCCN[*:2])N1CCN([*:1])CC1,O=C1CCC(N2C(=O)c3cccc([*:2])c3C2=O)C(=O)N1,NAMPT,CRBN,847.97,2.9,203.55,12,3,17,0.444,0.102,-5.501,-3.303,WO2023030170A1,2023,CHINESE ACADEMY OF SCIENCE | GLUETACS THERAPEUTICS SHANGHAI CO LTD
O=C(C=Cc1cccnc1)NCCCCC1CCN(C(=O)c2ccc(N3CCN(C(=O)CCCCCCNc4cccc5c4C(=O)N(C4CCC(=O)NC4=O)C5=O)CC3)nc2)CC1,O=C(C=Cc1cccnc1)NCCCCC1CCN(C(=O)c2ccc([*:1])nc2)CC1,O=C(CCCCCCN[*:2])N1CCN([*:1])CC1,O=C1CCC(N2C(=O)c3cccc([*:2])c3C2=O)C(=O)N1,NAMPT,CRBN,860.03,4.44,194.32,11,3,18,0.468,0.093,-5.253,-4.277,WO2023030170A1,2023,CHINESE ACADEMY OF SCIENCE | GLUETACS THERAPEUTICS SHANGHAI CO LTD
O=C(C=Cc1cccnc1)NCCCCC1CCN(C(=O)c2ccc(N3CCN(C(=O)CCCCNc4cccc5c4C(=O)N(C4CCC(=O)NC4=O)C5=O)CC3)nc2)CC1,O=C(C=Cc1cccnc1)NCCCCC1CCN(C(=O)c2ccc([*:1])nc2)CC1,O=C(CCCCN[*:2])N1CCN([*:1])CC1,O=C1CCC(N2C(=O)c3cccc([*:2])c3C2=O)C(=O)N1,NAMPT,CRBN,831.97,3.66,194.32,11,3,16,0.444,0.108,-5.259,-3.923,WO2023030170A1,2023,CHINESE ACADEMY OF SCIENCE | GLUETACS THERAPEUTICS SHANGHAI CO LTD
O=C(C=Cc1cccnc1)NCCCCC1CCN(C(=O)c2ccc(N3CCN(C(=O)CCNc4cccc5c4C(=O)N(C4CCC(=O)NC4=O)C5=O)CC3)nc2)CC1,O=C(C=Cc1cccnc1)NCCCCC1CCN(C(=O)c2ccc([*:1])nc2)CC1,O=C(CCN[*:2])N1CCN([*:1])CC1,O=C1CCC(N2C(=O)c3cccc([*:2])c3C2=O)C(=O)N1,NAMPT,CRBN,803.92,2.88,194.32,11,3,14,0.419,0.123,-5.4,-3.577,WO2023030170A1,2023,CHINESE ACADEMY OF SCIENCE | GLUETACS THERAPEUTICS SHANGHAI CO LTD
O=C(C=Cc1cccnc1)NCCCCC1CCN(C(=O)c2ccc(N3CCN(C(=O)CCOCCOCCNc4cccc5c4C(=O)N(C4CCC(=O)NC4=O)C5=O)CC3)cc2)CC1,O=C(C=Cc1cccnc1)NCCCCC1CCN(C(=O)c2ccc([*:1])cc2)CC1,O=C(CCOCCOCCN[*:2])N1CCN([*:1])CC1,O=C1CCC(N2C(=O)c3cccc([*:2])c3C2=O)C(=O)N1,NAMPT,CRBN,891.04,3.52,199.89,12,3,20,0.458,0.085,-5.388,-3.08,WO2023030170A1,2023,CHINESE ACADEMY OF SCIENCE | GLUETACS THERAPEUTICS SHANGHAI CO LTD
O=C(C=Cc1cccnc1)NCCCCC1CCN(C(=O)c2ccc(N3CCN(C(=O)CCOCCNc4cccc5c4C(=O)N(C4CCC(=O)NC4=O)C5=O)CC3)cc2)CC1,O=C(C=Cc1cccnc1)NCCCCC1CCN(C(=O)c2ccc([*:1])cc2)CC1,O=C(CCOCCN[*:2])N1CCN([*:1])CC1,O=C1CCC(N2C(=O)c3cccc([*:2])c3C2=O)C(=O)N1,NAMPT,CRBN,846.99,3.5,190.66,11,3,17,0.435,0.102,-5.529,-3.38,WO2023030170A1,2023,CHINESE ACADEMY OF SCIENCE | GLUETACS THERAPEUTICS SHANGHAI CO LTD
O=C(C=Cc1cccnc1)NCCCCC1CCN(C(=O)c2ccc(N3CCN(CCCCOc4cccc5c4C(=O)N(C4CCC(=O)NC4=O)C5=O)CC3)cc2)CC1,O=C(C=Cc1cccnc1)NCCCCC1CCN(C(=O)c2ccc([*:1])cc2)CC1,C(CCN1CCN([*:1])CC1)CO[*:2],O=C1CCC(N2C(=O)c3cccc([*:2])c3C2=O)C(=O)N1,NAMPT,CRBN,803.96,4.32,161.56,10,2,16,0.444,0.121,-5.311,-3.68,WO2023030170A1,2023,CHINESE ACADEMY OF SCIENCE | GLUETACS THERAPEUTICS SHANGHAI CO LTD
Cc1ncsc1-c1ccc(CNC(=O)C2CC(O)CN2C(=O)C(NC(=O)CCCCCCC(=O)N2CCN(c3ccc(C(=O)N4CCC(CCCCNC(=O)C=Cc5cccnc5)CC4)cc3)CC2)C(C)(C)C)cc1,O=C(C=Cc1cccnc1)NCCCCC1CCN(C(=O)c2ccc([*:1])cc2)CC1,O=C(CCCCCCC(=O)[*:2])N1CCN([*:1])CC1,Cc1ncsc1-c1ccc(CNC(=O)C2CC(O)CN2C(=O)C(N[*:2])C(C)(C)C)cc1,NAMPT,VHL,1044.38,7.16,197.48,11,4,22,0.517,0.046,-5.649,-4.227,WO2023030170A1,2023,CHINESE ACADEMY OF SCIENCE | GLUETACS THERAPEUTICS SHANGHAI CO LTD
Cc1ncsc1-c1ccc(CNC(=O)C2CC(O)CN2C(=O)C(NC(=O)CCCCCC(=O)N2CCN(c3ccc(C(=O)N4CCC(CCCCNC(=O)C=Cc5cccnc5)CC4)cc3)CC2)C(C)(C)C)cc1,O=C(C=Cc1cccnc1)NCCCCC1CCN(C(=O)c2ccc([*:1])cc2)CC1,O=C(CCCCCC(=O)[*:2])N1CCN([*:1])CC1,Cc1ncsc1-c1ccc(CNC(=O)C2CC(O)CN2C(=O)C(N[*:2])C(C)(C)C)cc1,NAMPT,VHL,1030.35,6.77,197.48,11,4,21,0.509,0.051,-5.691,-4.051,WO2023030170A1,2023,CHINESE ACADEMY OF SCIENCE | GLUETACS THERAPEUTICS SHANGHAI CO LTD
Cc1ncsc1-c1ccc(CNC(=O)C2CC(O)CN2C(=O)C(NC(=O)CCC(=O)N2CCN(c3ccc(C(=O)N4CCC(CCCCNC(=O)C=Cc5cccnc5)CC4)cc3)CC2)C(C)(C)C)cc1,O=C(C=Cc1cccnc1)NCCCCC1CCN(C(=O)c2ccc([*:1])cc2)CC1,O=C(CCC(=O)[*:2])N1CCN([*:1])CC1,Cc1ncsc1-c1ccc(CNC(=O)C2CC(O)CN2C(=O)C(N[*:2])C(C)(C)C)cc1,NAMPT,VHL,988.27,5.6,197.48,11,4,18,0.481,0.072,-5.71,-3.422,WO2023030170A1,2023,CHINESE ACADEMY OF SCIENCE | GLUETACS THERAPEUTICS SHANGHAI CO LTD
O=C(C=Cc1cccnc1)NCCCCC1CCN(C(=O)c2ccc(N3CCN(C(=O)CCCCCCNc4cccc5c4C(=O)N(C4CCC(=O)NC4=O)C5=O)CC3)cc2)CC1,O=C(C=Cc1cccnc1)NCCCCC1CCN(C(=O)c2ccc([*:1])cc2)CC1,O=C(CCCCCCN[*:2])N1CCN([*:1])CC1,O=C1CCC(N2C(=O)c3cccc([*:2])c3C2=O)C(=O)N1,NAMPT,CRBN,859.04,5.05,181.43,10,3,18,0.458,0.089,-5.276,-4.323,WO2023030170A1,2023,CHINESE ACADEMY OF SCIENCE | GLUETACS THERAPEUTICS SHANGHAI CO LTD
O=C(C=Cc1cccnc1)NCCCCC1CCN(C(=O)c2ccc(N3CCN(C(=O)CCCCCCNc4cccc5c4CN(C4CCC(=O)NC4=O)C5=O)CC3)cc2)CC1,O=C(C=Cc1cccnc1)NCCCCC1CCN(C(=O)c2ccc([*:1])cc2)CC1,O=C(CCCCCCN[*:2])N1CCN([*:1])CC1,O=C1CCC(N2Cc3c(cccc3[*:2])C2=O)C(=O)N1,NAMPT,CRBN,845.06,5.41,164.36,9,3,18,0.479,0.086,-5.345,-3.622,WO2023030170A1,2023,CHINESE ACADEMY OF SCIENCE | GLUETACS THERAPEUTICS SHANGHAI CO LTD
O=C(C=Cc1cccnc1)NCCCCC1CCN(C(=O)c2ccc(N3CCN(C(=O)CCCCCNc4cccc5c4CN(C4CCC(=O)NC4=O)C5=O)CC3)cc2)CC1,O=C(C=Cc1cccnc1)NCCCCC1CCN(C(=O)c2ccc([*:1])cc2)CC1,O=C(CCCCCN[*:2])N1CCN([*:1])CC1,O=C1CCC(N2Cc3c(cccc3[*:2])C2=O)C(=O)N1,NAMPT,CRBN,831.03,5.02,164.36,9,3,17,0.468,0.096,-5.322,-3.473,WO2023030170A1,2023,CHINESE ACADEMY OF SCIENCE | GLUETACS THERAPEUTICS SHANGHAI CO LTD
O=C(C=Cc1cccnc1)NCCCCC1CCN(C(=O)c2ccc(N3CCN(C(=O)CCCCNc4cccc5c4CN(C4CCC(=O)NC4=O)C5=O)CC3)cc2)CC1,O=C(C=Cc1cccnc1)NCCCCC1CCN(C(=O)c2ccc([*:1])cc2)CC1,O=C(CCCCN[*:2])N1CCN([*:1])CC1,O=C1CCC(N2Cc3c(cccc3[*:2])C2=O)C(=O)N1,NAMPT,CRBN,817.0,4.63,164.36,9,3,16,0.457,0.106,-5.324,-3.419,WO2023030170A1,2023,CHINESE ACADEMY OF SCIENCE | GLUETACS THERAPEUTICS SHANGHAI CO LTD
O=C(C=Cc1cccnc1)NCCCCC1CCN(C(=O)c2ccc(N3CCN(C(=O)CCCNc4cccc5c4CN(C4CCC(=O)NC4=O)C5=O)CC3)cc2)CC1,O=C(C=Cc1cccnc1)NCCCCC1CCN(C(=O)c2ccc([*:1])cc2)CC1,O=C(CCCN[*:2])N1CCN([*:1])CC1,O=C1CCC(N2Cc3c(cccc3[*:2])C2=O)C(=O)N1,NAMPT,CRBN,802.98,4.24,164.36,9,3,15,0.444,0.116,-5.436,-3.281,WO2023030170A1,2023,CHINESE ACADEMY OF SCIENCE | GLUETACS THERAPEUTICS SHANGHAI CO LTD
O=C(C=Cc1cccnc1)NCCCCC1CCN(C(=O)c2ccc(N3CCN(C(=O)CNc4cccc5c4CN(C4CCC(=O)NC4=O)C5=O)CC3)cc2)CC1,O=C(C=Cc1cccnc1)NCCCCC1CCN(C(=O)c2ccc([*:1])cc2)CC1,O=C(CN[*:2])N1CCN([*:1])CC1,O=C1CCC(N2Cc3c(cccc3[*:2])C2=O)C(=O)N1,NAMPT,CRBN,774.92,3.46,164.36,9,3,13,0.419,0.134,-5.386,-3.229,WO2023030170A1,2023,CHINESE ACADEMY OF SCIENCE | GLUETACS THERAPEUTICS SHANGHAI CO LTD
O=C(C=Cc1cccnc1)NCCCCC1CCN(C(=O)c2ccc(N3CCN(C(=O)CCCCNc4cccc5c4C(=O)N(C4CCC(=O)NC4=O)C5=O)CC3)cc2)CC1,O=C(C=Cc1cccnc1)NCCCCC1CCN(C(=O)c2ccc([*:1])cc2)CC1,O=C(CCCCN[*:2])N1CCN([*:1])CC1,O=C1CCC(N2C(=O)c3cccc([*:2])c3C2=O)C(=O)N1,NAMPT,CRBN,830.99,4.27,181.43,10,3,16,0.435,0.107,-5.28,-3.974,WO2023030170A1,2023,CHINESE ACADEMY OF SCIENCE | GLUETACS THERAPEUTICS SHANGHAI CO LTD
O=C(C=Cc1cccnc1)NCCCCC1CCN(C(=O)c2ccc(N3CCN(C(=O)CCCNc4cccc5c4C(=O)N(C4CCC(=O)NC4=O)C5=O)CC3)cc2)CC1,O=C(C=Cc1cccnc1)NCCCCC1CCN(C(=O)c2ccc([*:1])cc2)CC1,O=C(CCCN[*:2])N1CCN([*:1])CC1,O=C1CCC(N2C(=O)c3cccc([*:2])c3C2=O)C(=O)N1,NAMPT,CRBN,816.96,3.88,181.43,10,3,15,0.422,0.116,-5.327,-3.673,WO2023030170A1,2023,CHINESE ACADEMY OF SCIENCE | GLUETACS THERAPEUTICS SHANGHAI CO LTD
O=C(C=Cc1cccnc1)NCCCCC1CCN(C(=O)c2ccc(N3CCN(C(=O)CCNc4cccc5c4C(=O)N(C4CCC(=O)NC4=O)C5=O)CC3)cc2)CC1,O=C(C=Cc1cccnc1)NCCCCC1CCN(C(=O)c2ccc([*:1])cc2)CC1,O=C(CCN[*:2])N1CCN([*:1])CC1,O=C1CCC(N2C(=O)c3cccc([*:2])c3C2=O)C(=O)N1,NAMPT,CRBN,802.93,3.49,181.43,10,3,14,0.409,0.124,-5.412,-3.612,WO2023030170A1,2023,CHINESE ACADEMY OF SCIENCE | GLUETACS THERAPEUTICS SHANGHAI CO LTD
Cc1ncsc1-c1ccc(CNC(=O)C2CC(O)CN2C(=O)C(NC(=O)COCCOc2ccc3c(c2)sc2nc(-c4ccc(NC(=O)Nc5cc(C(C)(C)C)on5)cc4)cn23)C(C)(C)C)cc1,CC(C)(C)c1cc(NC(=O)Nc2ccc(-c3cn4c(n3)sc3cc([*:1])ccc34)cc2)no1,O=C(COCCO[*:1])[*:2],Cc1ncsc1-c1ccc(CNC(=O)C2CC(O)CN2C(=O)C(N[*:2])C(C)(C)C)cc1,FLT3,VHL,962.17,7.78,214.55,13,5,15,0.367,0.063,-5.867,-6.102,US20180256586A1,2018,YALE UNIVERSITY
CC(C)(C)c1cc(NC(=O)Nc2ccc(-n3cnc4cc(OCCN5CCN(c6ccc7c(c6)C(=O)N(C6CCC(=O)NC6=O)C7=O)CC5)ccc43)cc2)no1,CC(C)(C)c1cc(NC(=O)Nc2ccc(-n3cnc4cc([*:1])ccc43)cc2)no1,C(CN1CCN([*:2])CC1)O[*:1],O=C1CCC(N2C(=O)c3ccc([*:2])cc3C2=O)C(=O)N1,FLT3,CRBN,759.82,4.56,184.24,11,3,9,0.325,0.179,-5.34,-5.646,WO2022017442A1,2022,ANCUREALL PHARM SHANGHAI CO LTD
CC(C)(C)c1cc(NC(=O)Nc2ccc(-n3cnc4cc(OCCN5CCN(c6ccc7c(c6)C(=O)N(C6CCC(=O)NC6=O)C7=O)CC5)ccc43)cc2)[nH]n1,CC(C)(C)c1cc(NC(=O)Nc2ccc(-n3cnc4cc([*:1])ccc43)cc2)[nH]n1,C(CN1CCN([*:2])CC1)O[*:1],O=C1CCC(N2C(=O)c3ccc([*:2])cc3C2=O)C(=O)N1,FLT3,CRBN,758.84,4.29,186.89,10,4,9,0.325,0.158,-5.532,-5.367,WO2022017442A1,2022,ANCUREALL PHARM SHANGHAI CO LTD
CC(C)(C)c1cc(NC(=O)Nc2ccc(-n3cnc4cc(OCCN5CCN(c6cccc7c6C(=O)N(C6CCC(=O)NC6=O)C7=O)CC5)ccc43)cc2)no1,CC(C)(C)c1cc(NC(=O)Nc2ccc(-n3cnc4cc([*:1])ccc43)cc2)no1,C(CN1CCN([*:2])CC1)O[*:1],O=C1CCC(N2C(=O)c3cccc([*:2])c3C2=O)C(=O)N1,FLT3,CRBN,759.82,4.56,184.24,11,3,9,0.325,0.179,-5.335,-5.822,WO2022017442A1,2022,ANCUREALL PHARM SHANGHAI CO LTD
CC(C)(C)c1cc(NC(=O)Nc2ccc(-n3cnc4cc(OCCN5CCN(c6cccc7c6C(=O)N(C6CCC(=O)NC6=O)C7=O)CC5)ccc43)cc2)[nH]n1,CC(C)(C)c1cc(NC(=O)Nc2ccc(-n3cnc4cc([*:1])ccc43)cc2)[nH]n1,C(CN1CCN([*:2])CC1)O[*:1],O=C1CCC(N2C(=O)c3cccc([*:2])c3C2=O)C(=O)N1,FLT3,CRBN,758.84,4.29,186.89,10,4,9,0.325,0.158,-5.498,-5.618,WO2022017442A1,2022,ANCUREALL PHARM SHANGHAI CO LTD
CC(C)(C)c1cc(NC(=O)Nc2ccc(-n3cnc4cc(OCCOCCNc5ccc6c(c5)C(=O)N(C5CCC(=O)NC5=O)C6=O)ccc43)cc2)[nH]n1,CC(C)(C)c1cc(NC(=O)Nc2ccc(-n3cnc4cc([*:1])ccc43)cc2)[nH]n1,C(COCCO[*:1])N[*:2],O=C1CCC(N2C(=O)c3ccc([*:2])cc3C2=O)C(=O)N1,FLT3,CRBN,733.79,4.6,201.67,10,5,12,0.289,0.089,-5.533,-5.6,WO2022017442A1,2022,ANCUREALL PHARM SHANGHAI CO LTD
CC(C)(C)c1cc(NC(=O)Nc2ccc(-n3cnc4cc(OCCOCCOCCOCCNc5cccc6c5C(=O)N(C5CCC(=O)NC5=O)C6=O)ccc43)cc2)no1,CC(C)(C)c1cc(NC(=O)Nc2ccc(-n3cnc4cc([*:1])ccc43)cc2)no1,C(COCCOCCOCCO[*:1])N[*:2],O=C1CCC(N2C(=O)c3cccc([*:2])c3C2=O)C(=O)N1,FLT3,CRBN,822.88,4.9,217.48,13,4,18,0.357,0.068,-5.407,-5.644,WO2022017442A1,2022,ANCUREALL PHARM SHANGHAI CO LTD
CC(C)(C)c1cc(NC(=O)Nc2ccc(-n3cnc4cc(OCCOCCOCCNc5cccc6c5C(=O)N(C5CCC(=O)NC5=O)C6=O)ccc43)cc2)no1,CC(C)(C)c1cc(NC(=O)Nc2ccc(-n3cnc4cc([*:1])ccc43)cc2)no1,C(COCCOCCO[*:1])N[*:2],O=C1CCC(N2C(=O)c3cccc([*:2])c3C2=O)C(=O)N1,FLT3,CRBN,778.82,4.88,208.25,12,4,15,0.325,0.083,-5.487,-6.17,WO2022017442A1,2022,ANCUREALL PHARM SHANGHAI CO LTD
CC(C)(C)c1cc(NC(=O)Nc2ccc(-n3cnc4cc(OCCOCCNc5cccc6c5C(=O)N(C5CCC(=O)NC5=O)C6=O)ccc43)cc2)no1,CC(C)(C)c1cc(NC(=O)Nc2ccc(-n3cnc4cc([*:1])ccc43)cc2)no1,C(COCCO[*:1])N[*:2],O=C1CCC(N2C(=O)c3cccc([*:2])c3C2=O)C(=O)N1,FLT3,CRBN,734.77,4.86,199.02,11,4,12,0.289,0.101,-5.507,-6.422,WO2022017442A1,2022,ANCUREALL PHARM SHANGHAI CO LTD
CC(C)(C)c1cc(NC(=O)Nc2ccc(-n3cnc4cc(OCCOCCOCCOCCNc5cccc6c5C(=O)N(C5CCC(=O)NC5=O)C6=O)ccc43)cc2)[nH]n1,CC(C)(C)c1cc(NC(=O)Nc2ccc(-n3cnc4cc([*:1])ccc43)cc2)[nH]n1,C(COCCOCCOCCO[*:1])N[*:2],O=C1CCC(N2C(=O)c3cccc([*:2])c3C2=O)C(=O)N1,FLT3,CRBN,821.89,4.63,220.13,12,5,18,0.357,0.06,-5.51,-5.37,WO2022017442A1,2022,ANCUREALL PHARM SHANGHAI CO LTD
CC(C)(C)c1cc(NC(=O)Nc2ccc(-n3cnc4cc(OCCOCCOCCNc5cccc6c5C(=O)N(C5CCC(=O)NC5=O)C6=O)ccc43)cc2)[nH]n1,CC(C)(C)c1cc(NC(=O)Nc2ccc(-n3cnc4cc([*:1])ccc43)cc2)[nH]n1,C(COCCOCCO[*:1])N[*:2],O=C1CCC(N2C(=O)c3cccc([*:2])c3C2=O)C(=O)N1,FLT3,CRBN,777.84,4.62,210.9,11,5,15,0.325,0.073,-5.497,-5.921,WO2022017442A1,2022,ANCUREALL PHARM SHANGHAI CO LTD
CC(C)(C)c1cc(NC(=O)Nc2ccc(-n3cnc4cc(OCCOCCNc5cccc6c5C(=O)N(C5CCC(=O)NC5=O)C6=O)ccc43)cc2)[nH]n1,CC(C)(C)c1cc(NC(=O)Nc2ccc(-n3cnc4cc([*:1])ccc43)cc2)[nH]n1,C(COCCO[*:1])N[*:2],O=C1CCC(N2C(=O)c3cccc([*:2])c3C2=O)C(=O)N1,FLT3,CRBN,733.79,4.6,201.67,10,5,12,0.289,0.089,-5.507,-6.114,WO2022017442A1,2022,ANCUREALL PHARM SHANGHAI CO LTD
Nc1c(-c2nc3ccc(N4CCN(C(=O)CCCCCCNc5cccc6c5C(=O)N(C5CCC(=O)NC5=O)C6=O)CC4)cc3[nH]2)c(=O)[nH]c2cccc(F)c12,Nc1c(-c2nc3ccc([*:1])cc3[nH]2)c(=O)[nH]c2cccc(F)c12,O=C(CCCCCCN[*:2])N1CCN([*:1])CC1,O=C1CCC(N2C(=O)c3cccc([*:2])c3C2=O)C(=O)N1,FLT3-ITD,CRBN,761.82,3.91,206.69,10,5,11,0.325,0.097,-5.424,-4.797,CN113527263A,2021,UNIV NANKAI
Nc1c(-c2nc3ccc(N4CCN(C(=O)CCCCCNc5cccc6c5C(=O)N(C5CCC(=O)NC5=O)C6=O)CC4)cc3[nH]2)c(=O)[nH]c2cccc(F)c12,Nc1c(-c2nc3ccc([*:1])cc3[nH]2)c(=O)[nH]c2cccc(F)c12,O=C(CCCCCN[*:2])N1CCN([*:1])CC1,O=C1CCC(N2C(=O)c3cccc([*:2])c3C2=O)C(=O)N1,FLT3-ITD,CRBN,747.79,3.52,206.69,10,5,10,0.308,0.104,-5.394,-4.665,CN113527263A,2021,UNIV NANKAI
Nc1c(-c2nc3ccc(N4CCN(C(=O)CCCCNc5cccc6c5C(=O)N(C5CCC(=O)NC5=O)C6=O)CC4)cc3[nH]2)c(=O)[nH]c2cccc(F)c12,Nc1c(-c2nc3ccc([*:1])cc3[nH]2)c(=O)[nH]c2cccc(F)c12,O=C(CCCCN[*:2])N1CCN([*:1])CC1,O=C1CCC(N2C(=O)c3cccc([*:2])c3C2=O)C(=O)N1,FLT3-ITD,CRBN,733.76,3.12,206.69,10,5,9,0.289,0.111,-5.399,-4.521,CN113527263A,2021,UNIV NANKAI
Cc1ncsc1-c1ccc(CNC(=O)C2CC(O)CN2C(=O)C(NC(=O)COCCOc2ccc(-c3cnc(N)c4c(-c5ccc(NS(=O)(=O)C(F)F)c(OC(C)c6ccc(F)cc6)c5)nn(C)c34)cc2)C(C)(C)C)cc1,CC(Oc1cc(-c2nn(C)c3c(-c4ccc([*:1])cc4)cnc(N)c23)ccc1NS(=O)(=O)C(F)F)c1ccc(F)cc1,O=C(COCCO[*:1])[*:2],Cc1ncsc1-c1ccc(CNC(=O)C2CC(O)CN2C(=O)C(N[*:2])C(C)(C)C)cc1,MLKL,VHL,1098.24,7.76,242.22,14,5,20,0.333,0.046,-5.836,-5.139,WO2023115150A1,2023,ANAXIS PHARMA PTY LTD
CCS(=O)(=O)Nc1ccc(-c2n[nH]c(Nc3ccnc(OCCOCC(=O)NC(C(=O)N4CC(O)CC4C(=O)NCc4ccc(-c5scnc5C)cc4)C(C)(C)C)c3)c2C(N)=O)cc1,CCS(=O)(=O)Nc1ccc(-c2n[nH]c(Nc3ccnc([*:1])c3)c2C(N)=O)cc1,O=C(COCCO[*:1])[*:2],Cc1ncsc1-c1ccc(CNC(=O)C2CC(O)CN2C(=O)C(N[*:2])C(C)(C)C)cc1,MLKL,VHL,917.08,3.71,272.95,14,7,19,0.372,0.058,-5.907,-3.032,WO2023115149A1,2023,ANAXIS PHARMA PTY LTD
CCS(=O)(=O)Nc1ccc(-c2n[nH]c(Nc3ccnc(OCCOCCOCCOCCOCC(=O)NC(C(=O)N4CC(O)CC4C(=O)NCc4ccc(-c5scnc5C)cc4)C(C)(C)C)c3)c2C(N)=O)cc1,CCS(=O)(=O)Nc1ccc(-c2n[nH]c(Nc3ccnc([*:1])c3)c2C(N)=O)cc1,O=C(COCCOCCOCCOCCO[*:1])[*:2],Cc1ncsc1-c1ccc(CNC(=O)C2CC(O)CN2C(=O)C(N[*:2])C(C)(C)C)cc1,MLKL,VHL,1049.24,3.76,300.64,17,7,28,0.449,0.035,-5.893,-2.676,WO2023115149A1,2023,ANAXIS PHARMA PTY LTD
C=CCn1c(=O)c2cnc(Nc3ccc4c(c3)CCN(C3CCN(CC5CN(c6cc7c(cc6F)C(=O)N(C6CCC(=O)NC6=O)C7)C5)CC3)C4)nc2n1-c1ccc2c(n1)C(O)(CC)CC2,C=CCn1c(=O)c2cnc(Nc3ccc4c(c3)CCN([*:1])C4)nc2n1-c1ccc2c(n1)C(O)(CC)CC2,C1CN(CC2CN([*:2])C2)CCC1[*:1],O=C1CCC(N2Cc3cc([*:2])c(F)cc3C2=O)C(=O)N1,WEE-1,CRBN,896.04,4.31,174.06,12,3,11,0.449,0.127,-5.588,-3.822,WO2023125944A1,2023,SINO BIOPHARMACEUTICALS LTD
C=CCn1c(=O)c2cnc(Nc3ccc4c(c3)CCN(C3CCN(C5CN(c6ccc7c(c6)CN(C6CCC(=O)NC6=O)C7=O)C5)CC3)C4)nc2n1-c1ccc2c(n1)C(O)(CC)CC2,C=CCn1c(=O)c2cnc(Nc3ccc4c(c3)CCN([*:1])C4)nc2n1-c1ccc2c(n1)C(O)(CC)CC2,C1CN(C2CN([*:2])C2)CCC1[*:1],O=C1CCC(N2Cc3cc([*:2])ccc3C2=O)C(=O)N1,WEE-1,CRBN,864.02,3.92,174.06,12,3,10,0.438,0.137,-5.431,-3.453,WO2023125944A1,2023,SINO BIOPHARMACEUTICALS LTD
C=CCn1c(=O)c2cnc(Nc3ccc4c(c3)CCN(C3CCN(C5CN(c6cc7c(cc6F)C(=O)N(C6CCC(=O)NC6=O)C7)C5)CC3)C4)nc2n1-c1ccc2c(n1)C(O)(CC)CC2,C=CCn1c(=O)c2cnc(Nc3ccc4c(c3)CCN([*:1])C4)nc2n1-c1ccc2c(n1)C(O)(CC)CC2,C1CN(C2CN([*:2])C2)CCC1[*:1],O=C1CCC(N2Cc3cc([*:2])c(F)cc3C2=O)C(=O)N1,WEE-1,CRBN,882.01,4.06,174.06,12,3,10,0.438,0.136,-5.404,-3.85,WO2023125944A1,2023,SINO BIOPHARMACEUTICALS LTD
C=CCn1c(=O)c2cnc(Nc3ccc(N4CCN(CC5CCN(c6cccc7c6C(=O)N(C6CCC(=O)NC6=O)C7=O)CC5)CC4)cc3)nc2n1-c1cccc(C(C)(C)O)n1,C=CCn1c(=O)c2cnc(Nc3ccc([*:1])cc3)nc2n1-c1cccc(C(C)(C)O)n1,C1CN([*:2])CCC1CN1CCN([*:1])CC1,O=C1CCC(N2C(=O)c3cccc([*:2])c3C2=O)C(=O)N1,WEE-1,CRBN,839.96,3.57,191.13,13,3,11,0.378,0.129,-5.595,-4.079,WO2023125944A1,2023,SINO BIOPHARMACEUTICALS LTD
C=CCn1c(=O)c2cnc(Nc3ccc(N4CCN(CC5CCN(c6ccc7c(c6)C(=O)N(C6CCC(=O)NC6=O)C7=O)CC5)CC4)cc3)nc2n1-c1ccc2c(n1)C(O)(CC)CC2,C=CCn1c(=O)c2cnc(Nc3ccc([*:1])cc3)nc2n1-c1ccc2c(n1)C(O)(CC)CC2,C1CN([*:2])CCC1CN1CCN([*:1])CC1,O=C1CCC(N2C(=O)c3ccc([*:2])cc3C2=O)C(=O)N1,WEE1,CRBN,866.0,3.89,191.13,13,3,11,0.404,0.128,-5.497,-3.828,WO2023083194A1,2023,HANGZHOU GLUBIO PHARM CO LTD
C=CCn1c(=O)c2cnc(Nc3ccc(N4CCN(CC5CCN(c6ccc7c(c6)C(=O)N(C6CCC(=O)NC6=O)C7=O)CC5)CC4)cc3)nc2n1-c1cccc(C(C)(C)O)n1,C=CCn1c(=O)c2cnc(Nc3ccc([*:1])cc3)nc2n1-c1cccc(C(C)(C)O)n1,C1CN([*:2])CCC1CN1CCN([*:1])CC1,O=C1CCC(N2C(=O)c3ccc([*:2])cc3C2=O)C(=O)N1,WEE1,CRBN,839.96,3.57,191.13,13,3,11,0.378,0.129,-5.601,-3.804,WO2023083194A1,2023,HANGZHOU GLUBIO PHARM CO LTD
C=CCn1c(=O)c2cnc(Nc3ccc(N4CCC(N5CCN(c6cc7c(cc6F)C(=O)N(C6CCC(=O)NC6=O)C7=O)CC5)CC4)cc3)nc2n1-c1cccc(C(C)(C)O)n1,C=CCn1c(=O)c2cnc(Nc3ccc([*:1])cc3)nc2n1-c1cccc(C(C)(C)O)n1,C1CN([*:1])CCC1N1CCN([*:2])CC1,O=C1CCC(N2C(=O)c3cc(F)c([*:2])cc3C2=O)C(=O)N1,WEE1,CRBN,843.92,3.47,191.13,13,3,10,0.364,0.137,-5.551,-4.099,WO2023083194A1,2023,HANGZHOU GLUBIO PHARM CO LTD
C=CCn1c(=O)c2cnc(Nc3ccc(N4CCC(N5CCN(c6ccc7c(c6)C(=O)N(C6CCC(=O)NC6=O)C7=O)CC5)CC4)cc3)nc2n1-c1cccc(C(C)(C)O)n1,C=CCn1c(=O)c2cnc(Nc3ccc([*:1])cc3)nc2n1-c1cccc(C(C)(C)O)n1,C1CN([*:1])CCC1N1CCN([*:2])CC1,O=C1CCC(N2C(=O)c3ccc([*:2])cc3C2=O)C(=O)N1,WEE1,CRBN,825.93,3.33,191.13,13,3,10,0.364,0.138,-5.61,-3.631,WO2023083194A1,2023,HANGZHOU GLUBIO PHARM CO LTD
C=CCn1c(=O)c2cnc(Nc3ccc(N4CCN(CCOc5ccc6c(c5)C(=O)N(C5CCC(=O)NC5=O)C6=O)CC4)cc3)nc2n1-c1cccc(C(C)(C)O)n1,C=CCn1c(=O)c2cnc(Nc3ccc([*:1])cc3)nc2n1-c1cccc(C(C)(C)O)n1,C(CN1CCN([*:1])CC1)O[*:2],O=C1CCC(N2C(=O)c3ccc([*:2])cc3C2=O)C(=O)N1,WEE1,CRBN,786.85,2.74,197.12,13,3,12,0.317,0.124,-5.508,-3.717,WO2023083194A1,2023,HANGZHOU GLUBIO PHARM CO LTD
C=CCn1c(=O)c2cnc(Nc3ccc(N4CCN(CCCOc5ccc6c(c5)C(=O)N(C5CCC(=O)NC5=O)C6=O)CC4)cc3)nc2n1-c1cccc(C(C)(C)O)n1,C=CCn1c(=O)c2cnc(Nc3ccc([*:1])cc3)nc2n1-c1cccc(C(C)(C)O)n1,C(CO[*:2])CN1CCN([*:1])CC1,O=C1CCC(N2C(=O)c3ccc([*:2])cc3C2=O)C(=O)N1,WEE1,CRBN,800.88,3.13,197.12,13,3,13,0.333,0.089,-5.564,-3.722,WO2023083194A1,2023,HANGZHOU GLUBIO PHARM CO LTD
C=CCn1c(=O)c2cnc(Nc3ccc(C4CCN(C5CN(c6ccc7c(c6)C(=O)N(C6CCC(=O)NC6=O)C7=O)C5)CC4)cc3)nc2n1-c1cccc(C(C)(C)O)n1,C=CCn1c(=O)c2cnc(Nc3ccc([*:1])cc3)nc2n1-c1cccc(C(C)(C)O)n1,C1CN(C2CN([*:2])C2)CCC1[*:1],O=C1CCC(N2C(=O)c3ccc([*:2])cc3C2=O)C(=O)N1,WEE1,CRBN,796.89,3.6,187.89,12,3,10,0.349,0.138,-5.582,-4.366,WO2023083194A1,2023,HANGZHOU GLUBIO PHARM CO LTD
O=C1CCC(N2C(=O)c3ccc(N4CC(N5CCC(c6ccc(Nc7ncc8c(=O)n(-c9c(Cl)cccc9Cl)c9nccn9c8n7)cc6)CC5)C4)cc3C2=O)C(=O)N1,O=c1c2cnc(Nc3ccc([*:1])cc3)nc2n2ccnc2n1-c1c(Cl)cccc1Cl,C1CN(C2CN([*:2])C2)CCC1[*:1],O=C1CCC(N2C(=O)c3ccc([*:2])cc3C2=O)C(=O)N1,WEE1,CRBN,817.69,4.95,167.14,11,2,7,0.268,0.21,-5.294,-5.186,WO2023083194A1,2023,HANGZHOU GLUBIO PHARM CO LTD
C=CCn1c(=O)c2cnc(Nc3ccc(N4CCN(C5CCN(c6ccc7c(c6)C(=O)N(C6CCC(=O)NC6=O)C7=O)CC5)CC4)cc3)nc2n1-c1cccc(C(C)(C)O)n1,C=CCn1c(=O)c2cnc(Nc3ccc([*:1])cc3)nc2n1-c1cccc(C(C)(C)O)n1,C1CN([*:2])CCC1N1CCN([*:1])CC1,O=C1CCC(N2C(=O)c3ccc([*:2])cc3C2=O)C(=O)N1,WEE1,CRBN,825.93,3.33,191.13,13,3,10,0.364,0.138,-5.61,-3.613,WO2023083194A1,2023,HANGZHOU GLUBIO PHARM CO LTD
C=CCn1c(=O)c2cnc(Nc3ccc(N4CCN(CC5CCN(c6ccc7c(c6)C(=O)N(C6CCC(=O)NC6=O)C7=O)C5)CC4)cc3)nc2n1-c1cccc(C(C)(C)O)n1,C=CCn1c(=O)c2cnc(Nc3ccc([*:1])cc3)nc2n1-c1cccc(C(C)(C)O)n1,C1CN([*:2])CC1CN1CCN([*:1])CC1,O=C1CCC(N2C(=O)c3ccc([*:2])cc3C2=O)C(=O)N1,WEE1,CRBN,825.93,3.18,191.13,13,3,11,0.364,0.13,-5.592,-3.732,WO2023083194A1,2023,HANGZHOU GLUBIO PHARM CO LTD
Cc1cc(Nc2ncc3c(n2)N(C)CN(c2c(Cl)cccc2Cl)C3=O)ccc1N1CCC(CN2CCN(c3ccc4c(c3)CN(C3CCC(=O)NC3=O)C4=O)CC2)CC1,Cc1cc(Nc2ncc3c(n2)N(C)CN(c2c(Cl)cccc2Cl)C3=O)ccc1[*:1],C1CN([*:1])CCC1CN1CCN([*:2])CC1,O=C1CCC(N2Cc3cc([*:2])ccc3C2=O)C(=O)N1,WEE1,CRBN,837.81,5.69,137.56,11,2,8,0.395,0.212,-5.601,-5.323,WO2023083194A1,2023,HANGZHOU GLUBIO PHARM CO LTD
Cc1cc(Nc2ncc3c(n2)N(C)CN(c2c(Cl)cccc2Cl)C3=O)ccc1N1CCC(CN2CCC(c3ccc4c(c3)C(=O)N(C3CCC(=O)NC3=O)C4=O)CC2)CC1,Cc1cc(Nc2ncc3c(n2)N(C)CN(c2c(Cl)cccc2Cl)C3=O)ccc1[*:1],C1CN([*:1])CCC1CN1CCC([*:2])CC1,O=C1CCC(N2C(=O)c3ccc([*:2])cc3C2=O)C(=O)N1,WEE1,CRBN,850.81,6.39,151.39,11,2,8,0.386,0.19,-5.599,-5.905,WO2023083194A1,2023,HANGZHOU GLUBIO PHARM CO LTD
Cc1cc(Nc2ncc3c(n2)N(C)CN(c2c(Cl)cccc2Cl)C3=O)ccc1N1CCC(CN2CCN(c3cccc4c3C(=O)N(C3CCC(=O)NC3=O)C4=O)CC2)CC1,Cc1cc(Nc2ncc3c(n2)N(C)CN(c2c(Cl)cccc2Cl)C3=O)ccc1[*:1],C1CN([*:1])CCC1CN1CCN([*:2])CC1,O=C1CCC(N2C(=O)c3cccc([*:2])c3C2=O)C(=O)N1,WEE1,CRBN,851.8,5.33,154.63,12,2,8,0.372,0.221,-5.577,-5.758,WO2023083194A1,2023,HANGZHOU GLUBIO PHARM CO LTD
C=CCn1c(=O)c2cnc(Nc3ccc(N4CCN(CC5CCN(c6ccc7c(c6)CN(C6CCC(=O)NC6=O)C7=O)CC5)CC4)cc3)nc2n1-c1cccc(C(C)(C)O)n1,C=CCn1c(=O)c2cnc(Nc3ccc([*:1])cc3)nc2n1-c1cccc(C(C)(C)O)n1,C1CN([*:2])CCC1CN1CCN([*:1])CC1,O=C1CCC(N2Cc3cc([*:2])ccc3C2=O)C(=O)N1,WEE1,CRBN,825.97,3.93,174.06,12,3,11,0.4,0.13,-5.557,-3.572,WO2023083194A1,2023,HANGZHOU GLUBIO PHARM CO LTD
C=CCn1c(=O)c2cnc(Nc3ccc(C4CCN(CC5CCN(c6ccc7c(c6)C(=O)N(C6CCC(=O)NC6=O)C7=O)CC5)CC4)cc3)nc2n1-c1cccc(C(C)(C)O)n1,C=CCn1c(=O)c2cnc(Nc3ccc([*:1])cc3)nc2n1-c1cccc(C(C)(C)O)n1,C1CN([*:2])CCC1CN1CCC([*:1])CC1,O=C1CCC(N2C(=O)c3ccc([*:2])cc3C2=O)C(=O)N1,WEE1,CRBN,838.97,4.63,187.89,12,3,11,0.391,0.124,-5.672,-4.626,WO2023083194A1,2023,HANGZHOU GLUBIO PHARM CO LTD
Cc1cc(Nc2ncc3c(n2)N(C)CN(c2c(Cl)cccc2Cl)C3=O)ccc1C1CCN(CC2CCN(c3cccc4c3C(=O)N(C3CCC(=O)NC3=O)C4=O)CC2)CC1,Cc1cc(Nc2ncc3c(n2)N(C)CN(c2c(Cl)cccc2Cl)C3=O)ccc1[*:1],C1CN([*:2])CCC1CN1CCC([*:1])CC1,O=C1CCC(N2C(=O)c3cccc([*:2])c3C2=O)C(=O)N1,WEE1,CRBN,850.81,6.39,151.39,11,2,8,0.386,0.19,-5.534,-6.304,WO2023083194A1,2023,HANGZHOU GLUBIO PHARM CO LTD
Cc1cc(Nc2ncc3c(n2)N(C)CN(c2c(Cl)cccc2Cl)C3=O)ccc1C1CCN(CC2CN(c3ccc4c(c3)C(=O)N(C3CCC(=O)NC3=O)C4=O)C2)CC1,Cc1cc(Nc2ncc3c(n2)N(C)CN(c2c(Cl)cccc2Cl)C3=O)ccc1[*:1],C1CN(CC2CN([*:2])C2)CCC1[*:1],O=C1CCC(N2C(=O)c3ccc([*:2])cc3C2=O)C(=O)N1,WEE1,CRBN,822.75,5.61,151.39,11,2,8,0.357,0.214,-5.632,-5.667,WO2023083194A1,2023,HANGZHOU GLUBIO PHARM CO LTD
Cc1cc(Nc2ncc3c(n2)N(C)CN(c2c(Cl)cccc2Cl)C3=O)ccc1C1CCN(CC2CCN(c3ccc4c(c3)C(=O)N(C3CCC(=O)NC3=O)C4=O)CC2)CC1,Cc1cc(Nc2ncc3c(n2)N(C)CN(c2c(Cl)cccc2Cl)C3=O)ccc1[*:1],C1CN([*:2])CCC1CN1CCC([*:1])CC1,O=C1CCC(N2C(=O)c3ccc([*:2])cc3C2=O)C(=O)N1,WEE1,CRBN,850.81,6.39,151.39,11,2,8,0.386,0.19,-5.555,-5.997,WO2023083194A1,2023,HANGZHOU GLUBIO PHARM CO LTD
O=C1CCC(N2C(=O)c3ccc(N4CCC(CN5CCC(c6ccc(Nc7ncc8c(=O)n(-c9c(Cl)cccc9Cl)c9nccn9c8n7)cc6)CC5)CC4)cc3C2=O)C(=O)N1,O=c1c2cnc(Nc3ccc([*:1])cc3)nc2n2ccnc2n1-c1c(Cl)cccc1Cl,C1CN([*:2])CCC1CN1CCC([*:1])CC1,O=C1CCC(N2C(=O)c3ccc([*:2])cc3C2=O)C(=O)N1,WEE1,CRBN,859.77,5.98,167.14,11,2,8,0.318,0.173,-5.593,-5.744,WO2023083194A1,2023,HANGZHOU GLUBIO PHARM CO LTD
O=C1CCC(N2C(=O)c3ccc(N4CC(CN5CCN(c6ccc(Nc7ncc8c(=O)n(-c9c(Cl)cccc9Cl)c9nccn9c8n7)cc6)CC5)C4)cc3C2=O)C(=O)N1,O=c1c2cnc(Nc3ccc([*:1])cc3)nc2n2ccnc2n1-c1c(Cl)cccc1Cl,C1CN([*:1])CCN1CC1CN([*:2])C1,O=C1CCC(N2C(=O)c3ccc([*:2])cc3C2=O)C(=O)N1,WEE1,CRBN,832.71,4.14,170.38,12,2,8,0.268,0.211,-5.676,-4.635,WO2023083194A1,2023,HANGZHOU GLUBIO PHARM CO LTD
C=CCn1c(=O)c2cnc(Nc3ccc(N4CCN(CC5CN(c6ccc7c(c6)C(=O)N(C6CCC(=O)NC6=O)C7=O)C5)CC4)cc3)nc2n1-c1cccc(C(C)(C)O)n1,C=CCn1c(=O)c2cnc(Nc3ccc([*:1])cc3)nc2n1-c1cccc(C(C)(C)O)n1,C1CN([*:1])CCN1CC1CN([*:2])C1,O=C1CCC(N2C(=O)c3ccc([*:2])cc3C2=O)C(=O)N1,WEE1,CRBN,811.9,2.79,191.13,13,3,11,0.349,0.131,-5.706,-3.422,WO2023083194A1,2023,HANGZHOU GLUBIO PHARM CO LTD
C=CCn1c(=O)c2cnc(Nc3ccc(C4CCN(CC5CN(c6ccc7c(c6)C(=O)N(C6CCC(=O)NC6=O)C7=O)C5)CC4)cc3)nc2n1-c1cccc(C(C)(C)O)n1,C=CCn1c(=O)c2cnc(Nc3ccc([*:1])cc3)nc2n1-c1cccc(C(C)(C)O)n1,C1CN(CC2CN([*:2])C2)CCC1[*:1],O=C1CCC(N2C(=O)c3ccc([*:2])cc3C2=O)C(=O)N1,WEE1,CRBN,810.92,3.85,187.89,12,3,11,0.364,0.129,-5.739,-4.326,WO2023083194A1,2023,HANGZHOU GLUBIO PHARM CO LTD
C=CCn1c(=O)c2cnc(Nc3ccc4c(c3)CN(CC3CCN(c5ccc6c(c5)C(=O)N(C5CCC(=O)NC5=O)C6=O)CC3)CC4)nc2n1-c1cccc(C(C)(C)O)n1,C=CCn1c(=O)c2cnc(Nc3ccc4c(c3)CN([*:1])CC4)nc2n1-c1cccc(C(C)(C)O)n1,C1CN([*:2])CCC1C[*:1],O=C1CCC(N2C(=O)c3ccc([*:2])cc3C2=O)C(=O)N1,WEE1,CRBN,810.92,3.81,187.89,12,3,10,0.364,0.137,-5.613,-4.309,WO2023083194A1,2023,HANGZHOU GLUBIO PHARM CO LTD
O=C1CCC(N2C(=O)c3ccc(N4CCC(CCN5CCN(c6ccc(Nc7ncc8c(=O)n(-c9c(Cl)cccc9Cl)c9nccn9c8n7)cc6)CC5)CC4)cc3C2=O)C(=O)N1,O=c1c2cnc(Nc3ccc([*:1])cc3)nc2n2ccnc2n1-c1c(Cl)cccc1Cl,C(CN1CCN([*:1])CC1)C1CCN([*:2])CC1,O=C1CCC(N2C(=O)c3ccc([*:2])cc3C2=O)C(=O)N1,WEE1,CRBN,874.79,5.31,170.38,12,2,9,0.318,0.18,-5.34,-5.143,WO2023083194A1,2023,HANGZHOU GLUBIO PHARM CO LTD
O=C1CCC(N2C(=O)c3ccc(N4CCC(CN5CCN(c6ccc(Nc7ncc8c(=O)n(-c9c(Cl)cccc9Cl)c9nccn9c8n7)cc6)CC5)CC4)cc3C2=O)C(=O)N1,O=c1c2cnc(Nc3ccc([*:1])cc3)nc2n2ccnc2n1-c1c(Cl)cccc1Cl,C1CN([*:2])CCC1CN1CCN([*:1])CC1,O=C1CCC(N2C(=O)c3ccc([*:2])cc3C2=O)C(=O)N1,WEE1,CRBN,860.76,4.92,170.38,12,2,8,0.302,0.199,-5.549,-5.186,WO2023083194A1,2023,HANGZHOU GLUBIO PHARM CO LTD
NC(=O)c1c(-c2ccc(Oc3ccccc3)cc2)nn2c1NCCC2C1CCN(C2CN(c3ccc4c(c3)C(=O)N(C3CCC(=O)NC3=O)C4=O)C2)CC1,NC(=O)c1c(-c2ccc(Oc3ccccc3)cc2)nn2c1NCCC2[*:1],C1CN(C2CN([*:2])C2)CCC1[*:1],O=C1CCC(N2C(=O)c3ccc([*:2])cc3C2=O)C(=O)N1,BTK,CRBN,728.81,3.8,172.2,10,3,8,0.35,0.227,-5.575,-3.63,US11542266B1,2023,HAISCO PHARAMACEUTICAL GROUP INC
COc1ccc(F)cc1C(=O)NCc1ccc(-c2nn(-c3ccc(N4CCC(CN5CCN(c6cc7c(cc6F)C(=O)N(C6CCC(=O)NC6=O)C7)CC5)CC4)c(F)c3)c3ncnc(N)c23)cc1,COc1ccc(F)cc1C(=O)NCc1ccc(-c2nn(-c3ccc([*:1])c(F)c3)c3ncnc(N)c23)cc1,C1CN([*:1])CCC1CN1CCN([*:2])CC1,O=C1CCC(N2Cc3cc([*:2])c(F)cc3C2=O)C(=O)N1,BTK,CRBN,927.99,5.22,184.15,12,3,11,0.327,0.144,-5.493,-5.923,WO2022169798A2,2022,ACCUTAR BIOTECHNOLOGY INC
COc1ccc(F)cc1C(=O)NCc1ccc(-c2nn(-c3ccc(N4CCC(CN5CCN(c6ccc7c(c6)C(=O)N(C6CCC(=O)NC6=O)C7=O)CC5)CC4)c(F)c3)c3ncnc(N)c23)cc1,COc1ccc(F)cc1C(=O)NCc1ccc(-c2nn(-c3ccc([*:1])c(F)c3)c3ncnc(N)c23)cc1,C1CN([*:1])CCC1CN1CCN([*:2])CC1,O=C1CCC(N2C(=O)c3ccc([*:2])cc3C2=O)C(=O)N1,BTK,CRBN,923.98,4.72,201.22,13,3,11,0.306,0.151,-5.465,-5.546,WO2022169798A2,2022,ACCUTAR BIOTECHNOLOGY INC
COc1ccc(F)cc1C(=O)NCc1ccc(-c2nn(-c3ccc(N4CCC(CN5CCN(c6ccc7c(c6)CN(C6CCC(=O)NC6=O)C7=O)CC5)CC4)c(F)c3)c3ncnc(N)c23)cc1,COc1ccc(F)cc1C(=O)NCc1ccc(-c2nn(-c3ccc([*:1])c(F)c3)c3ncnc(N)c23)cc1,C1CN([*:1])CCC1CN1CCN([*:2])CC1,O=C1CCC(N2Cc3cc([*:2])ccc3C2=O)C(=O)N1,BTK,CRBN,910.0,5.08,184.15,12,3,11,0.327,0.147,-5.479,-5.469,WO2022169798A2,2022,ACCUTAR BIOTECHNOLOGY INC
COc1ccc(F)cc1C(=O)NCc1ccc(-c2nn(-c3ccc(N4CCN(CC5CN(c6ccc7c(c6)C(=O)N(C6CCC(=O)NC6=O)C7=O)C5)CC4)cc3)c3ncnc(N)c23)cc1,COc1ccc(F)cc1C(=O)NCc1ccc(-c2nn(-c3ccc([*:1])cc3)c3ncnc(N)c23)cc1,C1CN([*:1])CCN1CC1CN([*:2])C1,O=C1CCC(N2C(=O)c3ccc([*:2])cc3C2=O)C(=O)N1,BTK,CRBN,877.94,3.8,201.22,13,3,11,0.277,0.159,-5.461,-4.463,WO2022169798A2,2022,ACCUTAR BIOTECHNOLOGY INC
COc1ccc(F)cc1C(=O)NCc1ccc(-c2nn(-c3ccc(N4CCC(CN5CCN(c6ccc7c(c6)CN(C6CCC(=O)NC6=O)C7=O)CC5)CC4)cc3)c3ncnc(N)c23)cc1,COc1ccc(F)cc1C(=O)NCc1ccc(-c2nn(-c3ccc([*:1])cc3)c3ncnc(N)c23)cc1,C1CN([*:1])CCC1CN1CCN([*:2])CC1,O=C1CCC(N2Cc3cc([*:2])ccc3C2=O)C(=O)N1,BTK,CRBN,892.01,4.94,184.15,12,3,11,0.327,0.149,-5.493,-4.928,WO2022169798A2,2022,ACCUTAR BIOTECHNOLOGY INC
COc1ccc(F)cc1C(=O)NCc1ccc(-c2nn(-c3ccc(N4CCC(CN5CCN(c6ccc7c(c6)C(=O)N(C6CCC(=O)NC6=O)C7)CC5)CC4)c(F)c3)c3ncnc(N)c23)cc1,COc1ccc(F)cc1C(=O)NCc1ccc(-c2nn(-c3ccc([*:1])c(F)c3)c3ncnc(N)c23)cc1,C1CN([*:1])CCC1CN1CCN([*:2])CC1,O=C1CCC(N2Cc3ccc([*:2])cc3C2=O)C(=O)N1,BTK,CRBN,910.0,5.08,184.15,12,3,11,0.327,0.147,-5.479,-5.506,WO2022169798A2,2022,ACCUTAR BIOTECHNOLOGY INC
COc1ccc(F)cc1C(=O)NCc1ccc(-c2nn(-c3ccc(N4CCC(CN5CCN(c6ccc7c(c6)CN(C6CCC(=O)NC6=O)C7=O)CC5)CC4)nc3)c3ncnc(N)c23)cc1,COc1ccc(F)cc1C(=O)NCc1ccc(-c2nn(-c3ccc([*:1])nc3)c3ncnc(N)c23)cc1,C1CN([*:1])CCC1CN1CCN([*:2])CC1,O=C1CCC(N2Cc3cc([*:2])ccc3C2=O)C(=O)N1,BTK,CRBN,893.0,4.34,197.04,13,3,11,0.333,0.156,-5.463,-5.04,WO2022169798A2,2022,ACCUTAR BIOTECHNOLOGY INC
O=C1CCC(N2C(=O)c3ccc(N4CCN(CC5CCN(c6ccc(Nc7ncnc8[nH]cc(C(=O)c9ccc(Oc%10ccccc%10)cc9Cl)c78)cc6F)CC5)CC4)cc3C2=O)C(=O)N1,O=C(c1ccc(Oc2ccccc2)cc1Cl)c1c[nH]c2ncnc(Nc3ccc([*:1])c(F)c3)c12,C1CN([*:1])CCC1CN1CCN([*:2])CC1,O=C1CCC(N2C(=O)c3ccc([*:2])cc3C2=O)C(=O)N1,BTK,CRBN,896.38,6.96,173.17,12,3,11,0.271,0.09,-5.498,-6.831,WO2022169798A2,2022,ACCUTAR BIOTECHNOLOGY INC
O=C1CCC(N2Cc3cc(N4CCN(CC5CCN(c6ccc(Nc7ncnc8[nH]cc(C(=O)c9ccc(Oc%10ccccc%10)cc9Cl)c78)cc6F)CC5)CC4)ccc3C2=O)C(=O)N1,O=C(c1ccc(Oc2ccccc2)cc1Cl)c1c[nH]c2ncnc(Nc3ccc([*:1])c(F)c3)c12,C1CN([*:1])CCC1CN1CCN([*:2])CC1,O=C1CCC(N2Cc3cc([*:2])ccc3C2=O)C(=O)N1,BTK,CRBN,882.4,7.32,156.1,11,3,11,0.292,0.089,-5.466,-6.512,WO2022169798A2,2022,ACCUTAR BIOTECHNOLOGY INC
O=C1CCC(N2Cc3cc(N4CCN(CCC5CCN(c6ccc(Nc7ncnc8[nH]cc(C(=O)c9ccc(Oc%10ccccc%10)cc9Cl)c78)cc6F)CC5)CC4)ccc3C2=O)C(=O)N1,O=C(c1ccc(Oc2ccccc2)cc1Cl)c1c[nH]c2ncnc(Nc3ccc([*:1])c(F)c3)c12,C(CN1CCN([*:2])CC1)C1CCN([*:1])CC1,O=C1CCC(N2Cc3cc([*:2])ccc3C2=O)C(=O)N1,BTK,CRBN,896.42,7.71,156.1,11,3,12,0.306,0.082,-5.444,-6.467,WO2022169798A2,2022,ACCUTAR BIOTECHNOLOGY INC
O=C1CCC(N2C(=O)c3ccc(N4CCN(CCC5CCN(c6ccc(Nc7ncnc8[nH]cc(C(=O)c9ccc(Oc%10ccccc%10)cc9Cl)c78)cc6F)CC5)CC4)cc3C2=O)C(=O)N1,O=C(c1ccc(Oc2ccccc2)cc1Cl)c1c[nH]c2ncnc(Nc3ccc([*:1])c(F)c3)c12,C(CN1CCN([*:2])CC1)C1CCN([*:1])CC1,O=C1CCC(N2C(=O)c3ccc([*:2])cc3C2=O)C(=O)N1,BTK,CRBN,910.41,7.35,173.17,12,3,12,0.286,0.083,-5.465,-6.653,WO2022169798A2,2022,ACCUTAR BIOTECHNOLOGY INC
O=C1CCC(N2C(=O)c3ccc(N4CCN(CC5CCN(c6ccc(C(=O)N7CCCC(Nc8ncnc9[nH]cc(C(=O)c%10ccc(Oc%11ccccc%11)cc%10Cl)c89)C7)cn6)CC5)CC4)cc3C2=O)C(=O)N1,O=C(c1ccc(Oc2ccccc2)cc1Cl)c1c[nH]c2ncnc(NC3CCCN(C(=O)c4ccc([*:1])nc4)C3)c12,C1CN([*:1])CCC1CN1CCN([*:2])CC1,O=C1CCC(N2C(=O)c3ccc([*:2])cc3C2=O)C(=O)N1,BTK,CRBN,990.52,6.19,206.37,14,3,12,0.34,0.092,-5.617,-5.521,WO2022169798A2,2022,ACCUTAR BIOTECHNOLOGY INC
O=C1CCC(N2C(=O)c3ccc(N4CCN(Cc5ccc(C(=O)N6CCCC(Nc7ncnc8[nH]cc(C(=O)c9ccc(Oc%10ccccc%10)cc9Cl)c78)C6)cn5)CC4)cc3C2=O)C(=O)N1,O=C(c1ccc(Oc2ccccc2)cc1Cl)c1c[nH]c2ncnc(NC3CCCN(C(=O)c4ccc([*:1])nc4)C3)c12,C1CN([*:2])CCN1C[*:1],O=C1CCC(N2C(=O)c3ccc([*:2])cc3C2=O)C(=O)N1,BTK,CRBN,907.39,5.47,203.13,13,3,11,0.271,0.109,-5.581,-4.779,WO2022169798A2,2022,ACCUTAR BIOTECHNOLOGY INC
O=C1CCC(N2C(=O)c3ccc(OCCCCCN4CCN(c5ccc(C(=O)N6CCCC(Nc7ncnc8[nH]cc(C(=O)c9ccc(Oc%10ccccc%10)cc9Cl)c78)C6)cn5)CC4)cc3C2=O)C(=O)N1,O=C(c1ccc(Oc2ccccc2)cc1Cl)c1c[nH]c2ncnc(NC3CCCN(C(=O)c4ccc([*:1])nc4)C3)c12,C(CCO[*:2])CCN1CCN([*:1])CC1,O=C1CCC(N2C(=O)c3ccc([*:2])cc3C2=O)C(=O)N1,BTK,CRBN,979.49,6.52,212.36,14,3,16,0.327,0.054,-5.522,-4.946,WO2022169798A2,2022,ACCUTAR BIOTECHNOLOGY INC
O=C1CCC(N2C(=O)c3ccc(OCCN4CCN(c5ccc(C(=O)N6CCCC(Nc7ncnc8[nH]cc(C(=O)c9ccc(Oc%10ccccc%10)cc9Cl)c78)C6)cn5)CC4)cc3C2=O)C(=O)N1,O=C(c1ccc(Oc2ccccc2)cc1Cl)c1c[nH]c2ncnc(NC3CCCN(C(=O)c4ccc([*:1])nc4)C3)c12,C(CN1CCN([*:1])CC1)O[*:2],O=C1CCC(N2C(=O)c3ccc([*:2])cc3C2=O)C(=O)N1,BTK,CRBN,937.41,5.35,212.36,14,3,13,0.286,0.099,-5.491,-4.791,WO2022169798A2,2022,ACCUTAR BIOTECHNOLOGY INC
O=C1CCC(N2C(=O)c3ccc(OCCCN4CCN(c5ccc(C(=O)N6CCCC(Nc7ncnc8[nH]cc(C(=O)c9ccc(Oc%10ccccc%10)cc9Cl)c78)C6)cn5)CC4)cc3C2=O)C(=O)N1,O=C(c1ccc(Oc2ccccc2)cc1Cl)c1c[nH]c2ncnc(NC3CCCN(C(=O)c4ccc([*:1])nc4)C3)c12,C(CO[*:2])CN1CCN([*:1])CC1,O=C1CCC(N2C(=O)c3ccc([*:2])cc3C2=O)C(=O)N1,BTK,CRBN,951.44,5.74,212.36,14,3,14,0.3,0.068,-5.52,-4.912,WO2022169798A2,2022,ACCUTAR BIOTECHNOLOGY INC
NC(=O)c1c(-c2ccc(Oc3ccccc3)cc2)nn2c1NCCC2C1CCN(CC2CCN(c3ccc4c(c3)C(=O)N(C3CCC(=O)NC3=O)C4=O)CC2)CC1,NC(=O)c1c(-c2ccc(Oc3ccccc3)cc2)nn2c1NCCC2[*:1],C1CN([*:2])CCC1CN1CCC([*:1])CC1,O=C1CCC(N2C(=O)c3ccc([*:2])cc3C2=O)C(=O)N1,BTK,CRBN,770.89,4.83,172.2,10,3,9,0.395,0.2,-5.669,-4.386,WO2022007824A1,2022,HAISCO PHARAMACEUTICAL GROUP INC
Nc1ncnc2c1c(-c1ccc(Oc3ccccc3)cc1)nn2C1CCN(CC2CN(c3ccc4c(c3)C(=O)N(C3CCC(=O)NC3=O)C4=O)C2)CC1,Nc1ncnc2c1c(-c1ccc(Oc3ccccc3)cc1)nn2[*:1],C1CN(CC2CN([*:2])C2)CCC1[*:1],O=C1CCC(N2C(=O)c3ccc([*:2])cc3C2=O)C(=O)N1,BTK,CRBN,711.78,4.04,168.88,11,2,8,0.308,0.223,-5.778,-4.234,WO2022007824A1,2022,HAISCO PHARAMACEUTICAL GROUP INC
Nc1ncnc2c1c(-c1ccc(Oc3ccccc3)cc1)nn2C1CCN(CC2CCN(c3ccc4c(c3)C(=O)N(C3CCC(=O)NC3=O)C4=O)CC2)CC1,Nc1ncnc2c1c(-c1ccc(Oc3ccccc3)cc1)nn2[*:1],C1CN([*:2])CCC1CN1CCC([*:1])CC1,O=C1CCC(N2C(=O)c3ccc([*:2])cc3C2=O)C(=O)N1,BTK,CRBN,739.84,4.82,168.88,11,2,8,0.341,0.209,-5.718,-4.57,WO2022007824A1,2022,HAISCO PHARAMACEUTICAL GROUP INC
Cc1ncc(NC(=O)c2cccc(C(F)(F)F)c2)cc1-c1cnc(Oc2ccc(OCCOCC(=O)NC(C(=O)N3CC(O)CC3C(=O)NC(C)c3ccc(-c4scnc4C)cc3)C(C)(C)C)cc2)c(N2CCOCC2)c1,Cc1ncc(NC(=O)c2cccc(C(F)(F)F)c2)cc1-c1cnc(Oc2ccc([*:1])cc2)c(N2CCOCC2)c1,O=C(COCCO[*:1])[*:2],Cc1ncsc1-c1ccc(C(C)NC(=O)C2CC(O)CN2C(=O)C(N[*:2])C(C)(C)C)cc1,RAF,VHL,1079.21,8.55,206.67,14,4,18,0.375,0.06,-5.788,-5.708,US20180179183A1,2018,ARVINAS INC | YALE UNIVERSITY
Cc1ncc(NC(=O)c2cccc(C(F)(F)F)c2)cc1-c1cnc(Oc2ccc(OCCOCCOCC(=O)NC(C(=O)N3CC(O)CC3C(=O)NC(C)c3ccc(-c4scnc4C)cc3)C(C)(C)C)cc2)c(N2CCOCC2)c1,Cc1ncc(NC(=O)c2cccc(C(F)(F)F)c2)cc1-c1cnc(Oc2ccc([*:1])cc2)c(N2CCOCC2)c1,O=C(COCCOCCO[*:1])[*:2],Cc1ncsc1-c1ccc(C(C)NC(=O)C2CC(O)CN2C(=O)C(N[*:2])C(C)(C)C)cc1,RAF,VHL,1123.27,8.57,215.9,15,4,21,0.397,0.05,-5.849,-5.527,US20180179183A1,2018,ARVINAS INC | YALE UNIVERSITY
Cc1ncc(NC(=O)c2cccc(C(F)(F)F)c2)cc1-c1cnc(Oc2ccc(OCCOCCOCCOCC(=O)NC(C(=O)N3CC(O)CC3C(=O)NC(C)c3ccc(-c4scnc4C)cc3)C(C)(C)C)cc2)c(N2CCOCC2)c1,Cc1ncc(NC(=O)c2cccc(C(F)(F)F)c2)cc1-c1cnc(Oc2ccc([*:1])cc2)c(N2CCOCC2)c1,O=C(COCCOCCOCCO[*:1])[*:2],Cc1ncsc1-c1ccc(C(C)NC(=O)C2CC(O)CN2C(=O)C(N[*:2])C(C)(C)C)cc1,RAF,VHL,1167.32,8.58,225.13,16,4,24,0.417,0.042,-5.853,-5.185,US20180179183A1,2018,ARVINAS INC | YALE UNIVERSITY
Cc1ncc(NC(=O)c2cccc(C(F)(F)F)c2)cc1-c1cnc(Oc2ccc(OCCOCCOCCOCCOCC(=O)NC(C(=O)N3CC(O)CC3C(=O)NC(C)c3ccc(-c4scnc4C)cc3)C(C)(C)C)cc2)c(N2CCOCC2)c1,Cc1ncc(NC(=O)c2cccc(C(F)(F)F)c2)cc1-c1cnc(Oc2ccc([*:1])cc2)c(N2CCOCC2)c1,O=C(COCCOCCOCCOCCO[*:1])[*:2],Cc1ncsc1-c1ccc(C(C)NC(=O)C2CC(O)CN2C(=O)C(N[*:2])C(C)(C)C)cc1,RAF,VHL,1211.37,8.6,234.36,17,4,27,0.435,0.035,-5.809,-4.84,US20180179183A1,2018,ARVINAS INC | YALE UNIVERSITY
O=C1CCC(N2C(=O)c3ccc(N4CCC(CN5CCN(c6ccc(-c7cnc8[nH]cc(C(=O)c9c(F)ccc(NS(=O)(=O)N%10CCC(F)C%10)c9F)c8c7)cc6)CC5)CC4)cc3C2=O)C(=O)N1,O=C(c1c(F)ccc(NS(=O)(=O)N2CCC(F)C2)c1F)c1c[nH]c2ncc(-c3ccc([*:1])cc3)cc12,C1CN([*:2])CCC1CN1CCN([*:1])CC1,O=C1CCC(N2C(=O)c3ccc([*:2])cc3C2=O)C(=O)N1,RAF,CRBN,938.0,4.88,188.43,11,3,11,0.362,0.121,-5.558,-5.968,US20180179183A1,2018,ARVINAS INC | YALE UNIVERSITY
O=C1CCC(N2C(=O)c3ccc(N4CCC(N5CCN(c6ccc(-c7cnc8[nH]cc(C(=O)c9c(F)ccc(NS(=O)(=O)N%10CCC(F)C%10)c9F)c8c7)cc6)CC5)CC4)cc3C2=O)C(=O)N1,O=C(c1c(F)ccc(NS(=O)(=O)N2CCC(F)C2)c1F)c1c[nH]c2ncc(-c3ccc([*:1])cc3)cc12,C1CN([*:2])CCC1N1CCN([*:1])CC1,O=C1CCC(N2C(=O)c3ccc([*:2])cc3C2=O)C(=O)N1,RAF,CRBN,923.97,4.63,188.43,11,3,10,0.348,0.131,-5.469,-5.466,US20180179183A1,2018,ARVINAS INC | YALE UNIVERSITY
Cc1ncc(NC(=O)c2cccc(C(F)(F)F)c2)cc1-c1cnc(Oc2ccc(OCCOCCOc3ccc4c(c3)C(=O)N(C3CCC(=O)NC3=O)C4=O)cc2)c(N2CCOCC2)c1,Cc1ncc(NC(=O)c2cccc(C(F)(F)F)c2)cc1-c1cnc(Oc2ccc([*:1])cc2)c(N2CCOCC2)c1,C(CO[*:1])OCCO[*:2],O=C1CCC(N2C(=O)c3ccc([*:2])cc3C2=O)C(=O)N1,RAF,CRBN,894.86,6.23,187.82,13,2,15,0.283,0.089,-5.471,-6.054,US20180179183A1,2018,ARVINAS INC | YALE UNIVERSITY
Cc1ncc(NC(=O)c2cccc(C(F)(F)F)c2)cc1-c1cnc(Oc2ccc(OCCOCCOCCOCCOCCOc3ccc4c(c3)C(=O)N(C3CCC(=O)NC3=O)C4=O)cc2)c(N2CCOCC2)c1,Cc1ncc(NC(=O)c2cccc(C(F)(F)F)c2)cc1-c1cnc(Oc2ccc([*:1])cc2)c(N2CCOCC2)c1,C(COCCOCCO[*:2])OCCOCCO[*:1],O=C1CCC(N2C(=O)c3ccc([*:2])cc3C2=O)C(=O)N1,RAF,CRBN,1027.02,6.28,215.51,16,2,24,0.365,0.051,-5.523,-3.833,US20180179183A1,2018,ARVINAS INC | YALE UNIVERSITY
Cc1ncc(NC(=O)c2cccc(C(F)(F)F)c2)cc1-c1cnc(Oc2ccc(OCCOCCOc3ccc4c(c3)CN(C3CCC(=O)NC3=O)C4=O)cc2)c(N2CCOCC2)c1,Cc1ncc(NC(=O)c2cccc(C(F)(F)F)c2)cc1-c1cnc(Oc2ccc([*:1])cc2)c(N2CCOCC2)c1,C(CO[*:1])OCCO[*:2],O=C1CCC(N2Cc3cc([*:2])ccc3C2=O)C(=O)N1,RAF,CRBN,880.88,6.59,170.75,12,2,15,0.304,0.086,-5.43,-5.685,US20180179183A1,2018,ARVINAS INC | YALE UNIVERSITY
Cc1ncc(NC(=O)c2cccc(C(F)(F)F)c2)cc1-c1cnc(Oc2ccc(OCCOCCOCCOc3ccc4c(c3)CN(C3CCC(=O)NC3=O)C4=O)cc2)c(N2CCOCC2)c1,Cc1ncc(NC(=O)c2cccc(C(F)(F)F)c2)cc1-c1cnc(Oc2ccc([*:1])cc2)c(N2CCOCC2)c1,C(COCCO[*:2])OCCO[*:1],O=C1CCC(N2Cc3cc([*:2])ccc3C2=O)C(=O)N1,RAF,CRBN,924.93,6.6,179.98,13,2,18,0.333,0.071,-5.411,-5.211,US20180179183A1,2018,ARVINAS INC | YALE UNIVERSITY
Cc1ncc(NC(=O)c2cccc(C(F)(F)F)c2)cc1-c1cnc(Oc2ccc(OCCOCCOCCOCCOCCOc3ccc4c(c3)CN(C3CCC(=O)NC3=O)C4=O)cc2)c(N2CCOCC2)c1,Cc1ncc(NC(=O)c2cccc(C(F)(F)F)c2)cc1-c1cnc(Oc2ccc([*:1])cc2)c(N2CCOCC2)c1,C(COCCOCCO[*:2])OCCOCCO[*:1],O=C1CCC(N2Cc3cc([*:2])ccc3C2=O)C(=O)N1,RAF,CRBN,1013.04,6.64,198.44,15,2,24,0.385,0.049,-5.488,-3.656,US20180179183A1,2018,ARVINAS INC | YALE UNIVERSITY
Cn1cc(Nc2nc(N3CCCC(N4CC5(CN(C6CCN(c7ccc8c(c7)C(=O)N(C7CCC(=O)NC7=O)C8=O)CC6)C5)OC4=O)C3)cnc2C(N)=O)cn1,Cn1cc(Nc2nc(N3CCCC(N4CC5(CN([*:1])C5)OC4=O)C3)cnc2C(N)=O)cn1,C1CN([*:2])CCC1[*:1],O=C1CCC(N2C(=O)c3ccc([*:2])cc3C2=O)C(=O)N1,BTK,CRBN,766.82,0.6,221.53,14,3,8,0.486,0.268,-5.551,-3.252,CN115003304A,2022,NURIX THERAPEUTICS INC
Cn1cc(Nc2nc(N3CCCC(N4CC5(CN(CC6CCN(c7ccc8c(c7)C(=O)N(C7CCC(=O)NC7=O)C8=O)CC6)C5)OC4=O)C3)cnc2C(N)=O)cn1,Cn1cc(Nc2nc(N3CCCC(N4CC5(CN([*:1])C5)OC4=O)C3)cnc2C(N)=O)cn1,C1CN([*:2])CCC1C[*:1],O=C1CCC(N2C(=O)c3ccc([*:2])cc3C2=O)C(=O)N1,BTK,CRBN,780.85,0.85,221.53,14,3,9,0.5,0.256,-5.712,-3.375,CN115003304A,2022,NURIX THERAPEUTICS INC
CN1CCN(C2CCCN(c3cnc(C(N)=O)c(Nc4ccc(C5CCN(CC6CN(c7ccc8c(c7)C(=O)N(C7CCC(=O)NC7=O)C8=O)C6)CC5)nc4)n3)C2)C1=O,CN1CCN(C2CCCN(c3cnc(C(N)=O)c(Nc4ccc([*:1])nc4)n3)C2)C1=O,C1CN(CC2CN([*:2])C2)CCC1[*:1],O=C1CCC(N2C(=O)c3ccc([*:2])cc3C2=O)C(=O)N1,BTK,CRBN,804.91,1.77,210.61,13,3,10,0.488,0.25,-5.817,-2.9,CN115003304A,2022,NURIX THERAPEUTICS INC
Cc1cc(-c2ncnc3[nH]c(-c4ccc(C5CCN(CC6CCN(c7ccc8c(c7)CN(C7CCC(=O)NC7=O)C8=O)CC6)CC5)cc4)cc23)ccc1CNC(=O)c1nc(C(C)(C)C)no1,Cc1cc(-c2ncnc3[nH]c(-c4ccc([*:1])cc4)cc23)ccc1CNC(=O)c1nc(C(C)(C)C)no1,C1CN([*:2])CCC1CN1CCC([*:1])CC1,O=C1CCC(N2Cc3cc([*:2])ccc3C2=O)C(=O)N1,BTK,CRBN,889.07,7.07,182.55,11,3,10,0.412,0.12,-5.679,-6.992,US20230167118A1,2023,BEIGENE LTD
Cc1cc(-c2ncnc3[nH]c(-c4ccc(C5CCN(CC6CCN(c7cc8c(cc7F)C(=O)N(C7CCC(=O)NC7=O)C8=O)CC6)CC5)cc4)cc23)ccc1CNC(=O)c1nc(C(C)(C)C)no1,Cc1cc(-c2ncnc3[nH]c(-c4ccc([*:1])cc4)cc23)ccc1CNC(=O)c1nc(C(C)(C)C)no1,C1CN([*:2])CCC1CN1CCC([*:1])CC1,O=C1CCC(N2C(=O)c3cc(F)c([*:2])cc3C2=O)C(=O)N1,BTK,CRBN,921.05,6.85,199.62,12,3,10,0.392,0.121,-5.56,-7.289,US20230167118A1,2023,BEIGENE LTD
O=C1CCC(N2C(=O)c3cc(F)c(N4CCC(N5CCN(c6ccc(-c7cnc8[nH]cc(C(=O)c9c(F)ccc(NS(=O)(=O)N%10CCC(F)C%10)c9F)c8c7)cc6)CC5)CC4)cc3C2=O)C(=O)N1,O=C(c1c(F)ccc(NS(=O)(=O)N2CCC(F)C2)c1F)c1c[nH]c2ncc(-c3ccc([*:1])cc3)cc12,C1CN([*:2])CCC1N1CCN([*:1])CC1,O=C1CCC(N2C(=O)c3cc(F)c([*:2])cc3C2=O)C(=O)N1,RAF,CRBN,941.96,4.77,188.43,11,3,10,0.348,0.099,-5.387,-5.632,US20180179183A1,2018,ARVINAS INC | YALE UNIVERSITY
O=C1CCC(N2C(=O)c3cc(F)c(N4CCC(CN5CCN(c6ccc(-c7cnc8[nH]cc(C(=O)c9c(F)ccc(NS(=O)(=O)N%10CCC(F)C%10)c9F)c8c7)cc6)CC5)CC4)cc3C2=O)C(=O)N1,O=C(c1c(F)ccc(NS(=O)(=O)N2CCC(F)C2)c1F)c1c[nH]c2ncc(-c3ccc([*:1])cc3)cc12,C1CN([*:2])CCC1CN1CCN([*:1])CC1,O=C1CCC(N2C(=O)c3cc(F)c([*:2])cc3C2=O)C(=O)N1,RAF,CRBN,955.99,5.02,188.43,11,3,11,0.362,0.092,-5.48,-6.193,US20180179183A1,2018,ARVINAS INC | YALE UNIVERSITY
O=C1CCC(N2C(=O)c3ccc(N4CCC(CCN5CCN(c6ccc(-c7cnc8[nH]cc(C(=O)c9c(F)ccc(NS(=O)(=O)N%10CCC(F)C%10)c9F)c8c7)cc6)CC5)CC4)cc3C2=O)C(=O)N1,O=C(c1c(F)ccc(NS(=O)(=O)N2CCC(F)C2)c1F)c1c[nH]c2ncc(-c3ccc([*:1])cc3)cc12,C(CN1CCN([*:1])CC1)C1CCN([*:2])CC1,O=C1CCC(N2C(=O)c3ccc([*:2])cc3C2=O)C(=O)N1,RAF,CRBN,952.03,5.27,188.43,11,3,12,0.375,0.109,-5.498,-5.874,US20180179183A1,2018,ARVINAS INC | YALE UNIVERSITY
O=C1CCC(N2C(=O)c3ccc(N4CCN(CCC5CCN(c6ccc(-c7cnc8[nH]cc(C(=O)c9c(F)ccc(NS(=O)(=O)N%10CCC(F)C%10)c9F)c8c7)cc6)CC5)CC4)cc3C2=O)C(=O)N1,O=C(c1c(F)ccc(NS(=O)(=O)N2CCC(F)C2)c1F)c1c[nH]c2ncc(-c3ccc([*:1])cc3)cc12,C(CN1CCN([*:2])CC1)C1CCN([*:1])CC1,O=C1CCC(N2C(=O)c3ccc([*:2])cc3C2=O)C(=O)N1,RAF,CRBN,952.03,5.27,188.43,11,3,12,0.375,0.109,-5.498,-5.868,US20180179183A1,2018,ARVINAS INC | YALE UNIVERSITY
O=C1CCC(N2Cc3cc(N4CCN(CC5CCN(c6ccc(-c7cnc8[nH]cc(C(=O)c9c(F)ccc(NS(=O)(=O)N%10CCC(F)C%10)c9F)c8c7)cc6)CC5)CC4)ccc3C2=O)C(=O)N1,O=C(c1c(F)ccc(NS(=O)(=O)N2CCC(F)C2)c1F)c1c[nH]c2ncc(-c3ccc([*:1])cc3)cc12,C1CN([*:1])CCC1CN1CCN([*:2])CC1,O=C1CCC(N2Cc3cc([*:2])ccc3C2=O)C(=O)N1,RAF,CRBN,924.02,5.24,171.36,10,3,11,0.383,0.118,-5.466,-5.429,US20180179183A1,2018,ARVINAS INC | YALE UNIVERSITY
O=C1CCC(N2C(=O)c3cc(F)c(N4CCN(CCOc5ccc(-c6cnc7[nH]cc(C(=O)c8c(F)ccc(NS(=O)(=O)N9CCC(F)C9)c8F)c7c6)cc5)CC4)cc3C2=O)C(=O)N1,O=C(c1c(F)ccc(NS(=O)(=O)N2CCC(F)C2)c1F)c1c[nH]c2ncc(-c3ccc([*:1])cc3)cc12,C(CN1CCN([*:2])CC1)O[*:1],O=C1CCC(N2C(=O)c3cc(F)c([*:2])cc3C2=O)C(=O)N1,RAF,CRBN,902.88,4.18,194.42,11,3,12,0.302,0.092,-5.55,-5.402,US20180179183A1,2018,ARVINAS INC | YALE UNIVERSITY
O=C1CCC(N2Cc3cc(N4CCC(N5CCN(c6ccc(-c7cnc8[nH]cc(C(=O)c9c(F)ccc(NS(=O)(=O)N%10CCC(F)C%10)c9F)c8c7)cc6)CC5)CC4)ccc3C2=O)C(=O)N1,O=C(c1c(F)ccc(NS(=O)(=O)N2CCC(F)C2)c1F)c1c[nH]c2ncc(-c3ccc([*:1])cc3)cc12,C1CN([*:2])CCC1N1CCN([*:1])CC1,O=C1CCC(N2Cc3cc([*:2])ccc3C2=O)C(=O)N1,RAF,CRBN,909.99,4.99,171.36,10,3,10,0.37,0.128,-5.405,-5.069,US20180179183A1,2018,ARVINAS INC | YALE UNIVERSITY
O=C1CCC(N2Cc3cc(N4CCC(CCN5CCN(c6ccc(-c7cnc8[nH]cc(C(=O)c9c(F)ccc(NS(=O)(=O)N%10CCC(F)C%10)c9F)c8c7)cc6)CC5)CC4)ccc3C2=O)C(=O)N1,O=C(c1c(F)ccc(NS(=O)(=O)N2CCC(F)C2)c1F)c1c[nH]c2ncc(-c3ccc([*:1])cc3)cc12,C(CN1CCN([*:1])CC1)C1CCN([*:2])CC1,O=C1CCC(N2Cc3cc([*:2])ccc3C2=O)C(=O)N1,RAF,CRBN,938.05,5.63,171.36,10,3,12,0.396,0.105,-5.442,-5.21,US20180179183A1,2018,ARVINAS INC | YALE UNIVERSITY
CC(C)N(CC1CCN(c2ccc(-c3cnc4[nH]cc(C(=O)c5c(F)ccc(NS(=O)(=O)N6CCC(F)C6)c5F)c4c3)cc2)CC1)C1CC(Oc2ccc3c(c2)CN(C2CCC(=O)NC2=O)C3=O)C1,O=C(c1c(F)ccc(NS(=O)(=O)N2CCC(F)C2)c1F)c1c[nH]c2ncc(-c3ccc([*:1])cc3)cc12,CC(C)N(CC1CCN([*:1])CC1)C1CC(O[*:2])C1,O=C1CCC(N2Cc3cc([*:2])ccc3C2=O)C(=O)N1,RAF,CRBN,967.08,6.74,177.35,10,3,14,0.42,0.08,-5.658,-5.615,US20180179183A1,2018,ARVINAS INC | YALE UNIVERSITY
Cc1cccc(C)c1Nc1nn(C)c2nc(Nc3ccc4c(c3)CN(CC3CCN(c5ccc6c(c5)C(=O)N(C5CCC(=O)NC5=O)C6=O)CC3)CC4)ncc12,Cc1cccc(C)c1Nc1nn(C)c2nc(Nc3ccc4c(c3)CN([*:1])CC4)ncc12,C1CN([*:2])CCC1C[*:1],O=C1CCC(N2C(=O)c3ccc([*:2])cc3C2=O)C(=O)N1,BTK,CRBN,752.88,5.14,157.69,11,3,8,0.357,0.18,-5.442,-4.932,WO2022270994A1,2022,KOREA RESEARCH INSTITUTE OF CHEMICAL TECHNOLOGY - SOUTH KOREA | UBIX THERAPEUTICS INC
Cc1cccc(C)c1Nc1nn(C)c2nc(Nc3ccc(C4CCN(CC5CCN(c6cc7c(cc6F)C(=O)N(C6CCC(=O)NC6=O)C7)CC5)CC4)cc3)ncc12,Cc1cccc(C)c1Nc1nn(C)c2nc(Nc3ccc([*:1])cc3)ncc12,C1CN([*:2])CCC1CN1CCC([*:1])CC1,O=C1CCC(N2Cc3cc([*:2])c(F)cc3C2=O)C(=O)N1,BTK,CRBN,784.94,6.46,140.62,10,3,9,0.409,0.143,-5.388,-5.351,WO2022270994A1,2022,KOREA RESEARCH INSTITUTE OF CHEMICAL TECHNOLOGY - SOUTH KOREA | UBIX THERAPEUTICS INC
Cc1cccc(C)c1Nc1nn(C)c2nc(Nc3ccc(N4CCN(CC5CCN(c6cc7c(cc6F)C(=O)N(C6CCC(=O)NC6=O)C7)CC5)CC4)cc3)ncc12,Cc1cccc(C)c1Nc1nn(C)c2nc(Nc3ccc([*:1])cc3)ncc12,C1CN([*:2])CCC1CN1CCN([*:1])CC1,O=C1CCC(N2Cc3cc([*:2])c(F)cc3C2=O)C(=O)N1,BTK,CRBN,785.93,5.41,143.86,11,3,9,0.395,0.165,-5.343,-4.938,WO2022270994A1,2022,KOREA RESEARCH INSTITUTE OF CHEMICAL TECHNOLOGY - SOUTH KOREA | UBIX THERAPEUTICS INC
Cc1cccc(C)c1Nc1nn(C)c2nc(Nc3ccc4c(c3)CN(CC3CCN(c5ccc6c(c5)CN(C5CCC(=O)NC5=O)C6=O)CC3)CC4)ncc12,Cc1cccc(C)c1Nc1nn(C)c2nc(Nc3ccc4c(c3)CN([*:1])CC4)ncc12,C1CN([*:2])CCC1C[*:1],O=C1CCC(N2Cc3cc([*:2])ccc3C2=O)C(=O)N1,BTK,CRBN,738.9,5.5,140.62,10,3,8,0.381,0.175,-5.39,-4.625,WO2022270994A1,2022,KOREA RESEARCH INSTITUTE OF CHEMICAL TECHNOLOGY - SOUTH KOREA | UBIX THERAPEUTICS INC
Cc1cccc(C)c1Nc1nn(C)c2nc(Nc3ccc4c(c3)CN(CC3CCN(c5cc6c(cc5F)C(=O)N(C5CCC(=O)NC5=O)C6)CC3)CC4)ncc12,Cc1cccc(C)c1Nc1nn(C)c2nc(Nc3ccc4c(c3)CN([*:1])CC4)ncc12,C1CN([*:2])CCC1C[*:1],O=C1CCC(N2Cc3cc([*:2])c(F)cc3C2=O)C(=O)N1,BTK,CRBN,756.89,5.64,140.62,10,3,8,0.381,0.171,-5.412,-5.263,WO2022270994A1,2022,KOREA RESEARCH INSTITUTE OF CHEMICAL TECHNOLOGY - SOUTH KOREA | UBIX THERAPEUTICS INC
Cc1cccc(C)c1Nc1nn(C)c2nc(Nc3ccc4c(c3)CN(CC3CCN(c5cc6c(cc5F)C(=O)N(C5CCC(=O)NC5=O)C6=O)CC3)CC4)ncc12,Cc1cccc(C)c1Nc1nn(C)c2nc(Nc3ccc4c(c3)CN([*:1])CC4)ncc12,C1CN([*:2])CCC1C[*:1],O=C1CCC(N2C(=O)c3cc(F)c([*:2])cc3C2=O)C(=O)N1,BTK,CRBN,770.87,5.28,157.69,11,3,8,0.357,0.176,-5.417,-5.567,WO2022270994A1,2022,KOREA RESEARCH INSTITUTE OF CHEMICAL TECHNOLOGY - SOUTH KOREA | UBIX THERAPEUTICS INC
Cc1cccc(C)c1Nc1nn(C)c2nc(Nc3ccc(N4CCN(CC5CN(c6ccc7c(c6)C(=O)N(C6CCC(=O)NC6=O)C7=O)C5)CC4)cc3)ncc12,Cc1cccc(C)c1Nc1nn(C)c2nc(Nc3ccc([*:1])cc3)ncc12,C1CN([*:1])CCN1CC1CN([*:2])C1,O=C1CCC(N2C(=O)c3ccc([*:2])cc3C2=O)C(=O)N1,BTK,CRBN,753.87,4.13,160.93,12,3,9,0.341,0.185,-5.535,-3.918,WO2022270994A1,2022,KOREA RESEARCH INSTITUTE OF CHEMICAL TECHNOLOGY - SOUTH KOREA | UBIX THERAPEUTICS INC
Cc1cccc(C)c1Nc1nn(C)c2nc(Nc3ccc(N4CCN(CC5CCN(c6ccc7c(c6)C(=O)N(C6CCC(=O)NC6=O)C7=O)C5)CC4)cc3)ncc12,Cc1cccc(C)c1Nc1nn(C)c2nc(Nc3ccc([*:1])cc3)ncc12,C1CN([*:2])CC1CN1CCN([*:1])CC1,O=C1CCC(N2C(=O)c3ccc([*:2])cc3C2=O)C(=O)N1,BTK,CRBN,767.89,4.52,160.93,12,3,9,0.357,0.18,-5.374,-4.425,WO2022270994A1,2022,KOREA RESEARCH INSTITUTE OF CHEMICAL TECHNOLOGY - SOUTH KOREA | UBIX THERAPEUTICS INC
Cc1cccc(C)c1Nc1nn(C)c2nc(Nc3ccc(C4CCN(CC5CN(c6ccc7c(c6)C(=O)N(C6CCC(=O)NC6=O)C7=O)C5)CC4)cc3)ncc12,Cc1cccc(C)c1Nc1nn(C)c2nc(Nc3ccc([*:1])cc3)ncc12,C1CN(CC2CN([*:2])C2)CCC1[*:1],O=C1CCC(N2C(=O)c3ccc([*:2])cc3C2=O)C(=O)N1,BTK,CRBN,752.88,5.18,157.69,11,3,9,0.357,0.17,-5.655,-4.888,WO2022270994A1,2022,KOREA RESEARCH INSTITUTE OF CHEMICAL TECHNOLOGY - SOUTH KOREA | UBIX THERAPEUTICS INC
Cc1cccc(C)c1Nc1nn(C)c2nc(Nc3ccc(C4CCN(CC5CCN(c6ccc7c(c6)C(=O)N(C6CCC(=O)NC6=O)C7=O)CC5)CC4)cc3)ncc12,Cc1cccc(C)c1Nc1nn(C)c2nc(Nc3ccc([*:1])cc3)ncc12,C1CN([*:2])CCC1CN1CCC([*:1])CC1,O=C1CCC(N2C(=O)c3ccc([*:2])cc3C2=O)C(=O)N1,BTK,CRBN,780.93,5.96,157.69,11,3,9,0.386,0.152,-5.496,-4.977,WO2022270994A1,2022,KOREA RESEARCH INSTITUTE OF CHEMICAL TECHNOLOGY - SOUTH KOREA | UBIX THERAPEUTICS INC
Cc1cccc(C)c1Nc1nn(C)c2nc(Nc3ccc(C4CCN(CC5CCN(c6ccc7c(c6)C(=O)N(C6CCC(=O)NC6=O)C7=O)CC5)CC4)nc3)ncc12,Cc1cccc(C)c1Nc1nn(C)c2nc(Nc3ccc([*:1])nc3)ncc12,C1CN([*:2])CCC1CN1CCC([*:1])CC1,O=C1CCC(N2C(=O)c3ccc([*:2])cc3C2=O)C(=O)N1,BTK,CRBN,781.92,5.36,170.58,12,3,9,0.395,0.164,-5.465,-4.643,WO2022270994A1,2022,KOREA RESEARCH INSTITUTE OF CHEMICAL TECHNOLOGY - SOUTH KOREA | UBIX THERAPEUTICS INC
Cc1cccc(C)c1Nc1nn(C)c2nc(Nc3ccc(N4CCN(CC5CCN(c6ccc7c(c6)C(=O)N(C6CCC(=O)NC6=O)C7=O)CC5)CC4)cc3)ncc12,Cc1cccc(C)c1Nc1nn(C)c2nc(Nc3ccc([*:1])cc3)ncc12,C1CN([*:2])CCC1CN1CCN([*:1])CC1,O=C1CCC(N2C(=O)c3ccc([*:2])cc3C2=O)C(=O)N1,BTK,CRBN,781.92,4.91,160.93,12,3,9,0.372,0.174,-5.349,-4.704,WO2022270994A1,2022,KOREA RESEARCH INSTITUTE OF CHEMICAL TECHNOLOGY - SOUTH KOREA | UBIX THERAPEUTICS INC
Cc1cccc(C)c1Nc1nn(C)c2nc(Nc3ccc(N4CCN(CC5CN(c6ccc7c(c6)C(=O)N(C6CCC(=O)NC6=O)C7=O)C5)CC4)nc3)ncc12,Cc1cccc(C)c1Nc1nn(C)c2nc(Nc3ccc([*:1])nc3)ncc12,C1CN([*:1])CCN1CC1CN([*:2])C1,O=C1CCC(N2C(=O)c3ccc([*:2])cc3C2=O)C(=O)N1,BTK,CRBN,754.86,3.52,173.82,13,3,9,0.35,0.187,-5.511,-4.079,WO2022270994A1,2022,KOREA RESEARCH INSTITUTE OF CHEMICAL TECHNOLOGY - SOUTH KOREA | UBIX THERAPEUTICS INC
Cc1cccc(C)c1Nc1nn(C)c2nc(Nc3ccc(N4CCN(C5CN(c6ccc7c(c6)C(=O)N(C6CCC(=O)NC6=O)C7=O)C5)CC4)nc3)ncc12,Cc1cccc(C)c1Nc1nn(C)c2nc(Nc3ccc([*:1])nc3)ncc12,C1CN([*:1])CCN1C1CN([*:2])C1,O=C1CCC(N2C(=O)c3ccc([*:2])cc3C2=O)C(=O)N1,BTK,CRBN,740.83,3.27,173.82,13,3,8,0.333,0.198,-5.358,-3.828,WO2022270994A1,2022,KOREA RESEARCH INSTITUTE OF CHEMICAL TECHNOLOGY - SOUTH KOREA | UBIX THERAPEUTICS INC
Cc1cccc(C)c1Nc1nn(C)c2nc(Nc3ccc(N4CCN(CCC5CCN(c6ccc7c(c6)C(=O)N(C6CCC(=O)NC6=O)C7=O)CC5)CC4)nc3)ncc12,Cc1cccc(C)c1Nc1nn(C)c2nc(Nc3ccc([*:1])nc3)ncc12,C(CN1CCN([*:1])CC1)C1CCN([*:2])CC1,O=C1CCC(N2C(=O)c3ccc([*:2])cc3C2=O)C(=O)N1,BTK,CRBN,796.94,4.69,173.82,13,3,10,0.395,0.166,-5.292,-4.905,WO2022270994A1,2022,KOREA RESEARCH INSTITUTE OF CHEMICAL TECHNOLOGY - SOUTH KOREA | UBIX THERAPEUTICS INC
Cc1cccc(C)c1Nc1nn(C)c2nc(Nc3ccc(N4CCN(C5CCN(c6ccc7c(c6)C(=O)N(C6CCC(=O)NC6=O)C7=O)CC5)CC4)nc3)ncc12,Cc1cccc(C)c1Nc1nn(C)c2nc(Nc3ccc([*:1])nc3)ncc12,C1CN([*:2])CCC1N1CCN([*:1])CC1,O=C1CCC(N2C(=O)c3ccc([*:2])cc3C2=O)C(=O)N1,BTK,CRBN,768.88,4.05,173.82,13,3,8,0.366,0.193,-5.304,-4.502,WO2022270994A1,2022,KOREA RESEARCH INSTITUTE OF CHEMICAL TECHNOLOGY - SOUTH KOREA | UBIX THERAPEUTICS INC
Cc1cccc(C)c1Nc1nn(C)c2nc(Nc3ccc(N4CCN(CC5CCN(c6ccc7c(c6)C(=O)N(C6CCC(=O)NC6=O)C7=O)C5)CC4)nc3)ncc12,Cc1cccc(C)c1Nc1nn(C)c2nc(Nc3ccc([*:1])nc3)ncc12,C1CN([*:2])CC1CN1CCN([*:1])CC1,O=C1CCC(N2C(=O)c3ccc([*:2])cc3C2=O)C(=O)N1,BTK,CRBN,768.88,3.91,173.82,13,3,9,0.366,0.185,-5.346,-4.644,WO2022270994A1,2022,KOREA RESEARCH INSTITUTE OF CHEMICAL TECHNOLOGY - SOUTH KOREA | UBIX THERAPEUTICS INC
Cc1cccc(C)c1Nc1nn(C)c2nc(Nc3ccc4c(c3)CN(C3CCN(CC5CCN(c6ccc7c(c6)C(=O)N(C6CCC(=O)NC6=O)C7=O)CC5)CC3)CC4)ncc12,Cc1cccc(C)c1Nc1nn(C)c2nc(Nc3ccc4c(c3)CN([*:1])CC4)ncc12,C1CN([*:2])CCC1CN1CCC([*:1])CC1,O=C1CCC(N2C(=O)c3ccc([*:2])cc3C2=O)C(=O)N1,BTK,CRBN,836.01,5.61,160.93,12,3,9,0.426,0.158,-5.421,-4.67,WO2022270994A1,2022,KOREA RESEARCH INSTITUTE OF CHEMICAL TECHNOLOGY - SOUTH KOREA | UBIX THERAPEUTICS INC
Cc1cccc(C)c1Nc1nn(C)c2nc(Nc3ccc4c(c3)CN(C3CCN(CC5CN(c6ccc7c(c6)C(=O)N(C6CCC(=O)NC6=O)C7=O)C5)CC3)CC4)ncc12,Cc1cccc(C)c1Nc1nn(C)c2nc(Nc3ccc4c(c3)CN([*:1])CC4)ncc12,C1CN(CC2CN([*:2])C2)CCC1[*:1],O=C1CCC(N2C(=O)c3ccc([*:2])cc3C2=O)C(=O)N1,BTK,CRBN,807.96,4.83,160.93,12,3,9,0.4,0.175,-5.693,-4.275,WO2022270994A1,2022,KOREA RESEARCH INSTITUTE OF CHEMICAL TECHNOLOGY - SOUTH KOREA | UBIX THERAPEUTICS INC
Cc1cccc(C)c1Nc1nn(C)c2nc(Nc3cccc(N4CCN(CC5CCN(c6ccc7c(c6)C(=O)N(C6CCC(=O)NC6=O)C7=O)CC5)CC4)c3)ncc12,Cc1cccc(C)c1Nc1nn(C)c2nc(Nc3cccc([*:1])c3)ncc12,C1CN([*:2])CCC1CN1CCN([*:1])CC1,O=C1CCC(N2C(=O)c3ccc([*:2])cc3C2=O)C(=O)N1,BTK,CRBN,781.92,4.91,160.93,12,3,9,0.372,0.174,-5.342,-5.002,WO2022270994A1,2022,KOREA RESEARCH INSTITUTE OF CHEMICAL TECHNOLOGY - SOUTH KOREA | UBIX THERAPEUTICS INC
Cc1cccc(C)c1Nc1nn(C)c2nc(Nc3ccc(N4CCC(CN5CCN(c6ccc7c(c6)C(=O)N(C6CCC(=O)NC6=O)C7=O)CC5)CC4)nc3)ncc12,Cc1cccc(C)c1Nc1nn(C)c2nc(Nc3ccc([*:1])nc3)ncc12,C1CN([*:1])CCC1CN1CCN([*:2])CC1,O=C1CCC(N2C(=O)c3ccc([*:2])cc3C2=O)C(=O)N1,BTK,CRBN,782.91,4.3,173.82,13,3,9,0.381,0.181,-5.308,-4.978,WO2022270994A1,2022,KOREA RESEARCH INSTITUTE OF CHEMICAL TECHNOLOGY - SOUTH KOREA | UBIX THERAPEUTICS INC
Cc1cccc(C)c1Nc1nn(C)c2nc(Nc3ccc(N4CCN(CC5CCN(c6ccc7c(c6)C(=O)N(C6CCC(=O)NC6=O)C7=O)CC5)CC4)nc3)ncc12,Cc1cccc(C)c1Nc1nn(C)c2nc(Nc3ccc([*:1])nc3)ncc12,C1CN([*:2])CCC1CN1CCN([*:1])CC1,O=C1CCC(N2C(=O)c3ccc([*:2])cc3C2=O)C(=O)N1,BTK,CRBN,782.91,4.3,173.82,13,3,9,0.381,0.181,-5.308,-4.964,WO2022270994A1,2022,KOREA RESEARCH INSTITUTE OF CHEMICAL TECHNOLOGY - SOUTH KOREA | UBIX THERAPEUTICS INC
Cc1cccc(C)c1Nc1nn(C)c2nc(Nc3ccc4c(c3)CCN(CC3CCN(c5ccc6c(c5)C(=O)N(C5CCC(=O)NC5=O)C6=O)CC3)C4)ncc12,Cc1cccc(C)c1Nc1nn(C)c2nc(Nc3ccc4c(c3)CCN([*:1])C4)ncc12,C1CN([*:2])CCC1C[*:1],O=C1CCC(N2C(=O)c3ccc([*:2])cc3C2=O)C(=O)N1,BTK,CRBN,752.88,5.14,157.69,11,3,8,0.357,0.18,-5.442,-4.955,WO2022270994A1,2022,KOREA RESEARCH INSTITUTE OF CHEMICAL TECHNOLOGY - SOUTH KOREA | UBIX THERAPEUTICS INC
Cc1cccc(C)c1Nc1nn(C)c2nc(Nc3ccc4c(c3)CN(C3CCN(c5ccc6c(c5)C(=O)N(C5CCC(=O)NC5=O)C6=O)CC3)CC4)ncc12,Cc1cccc(C)c1Nc1nn(C)c2nc(Nc3ccc4c(c3)CN([*:1])CC4)ncc12,C1CN([*:2])CCC1[*:1],O=C1CCC(N2C(=O)c3ccc([*:2])cc3C2=O)C(=O)N1,BTK,CRBN,738.85,4.9,157.69,11,3,7,0.341,0.195,-5.257,-4.737,WO2022270994A1,2022,KOREA RESEARCH INSTITUTE OF CHEMICAL TECHNOLOGY - SOUTH KOREA | UBIX THERAPEUTICS INC
Nc1ncnc2c1c(-c1ccc(Oc3ccccc3)cc1)nn2C1CC2(CCN(C3CCN(c4ccc5c(c4)C(=O)N(C4CCC(=O)NC4=O)C5=O)CC3)CC2)C1,Nc1ncnc2c1c(-c1ccc(Oc3ccccc3)cc1)nn2C1CC2(CCN([*:1])CC2)C1,C1CN([*:2])CCC1[*:1],O=C1CCC(N2C(=O)c3ccc([*:2])cc3C2=O)C(=O)N1,BTK,CRBN,765.87,5.36,168.88,11,2,7,0.372,0.205,-5.393,-4.508,WO2022253250A1,2022,SINO BIOPHARMACEUTICALS LTD
Nc1ncnc2c1c(-c1ccc(Oc3ccccc3)cc1)nn2C1CCC2(CC1)CCN(CC1CCN(c3ccc4c(c3)C(=O)N(C3CCC(=O)NC3=O)C4=O)CC1)CC2,Nc1ncnc2c1c(-c1ccc(Oc3ccccc3)cc1)nn2C1CCC2(CC1)CCN([*:1])CC2,C1CN([*:2])CCC1C[*:1],O=C1CCC(N2C(=O)c3ccc([*:2])cc3C2=O)C(=O)N1,BTK,CRBN,807.96,6.38,168.88,11,2,8,0.413,0.167,-5.421,-4.697,WO2022253250A1,2022,SINO BIOPHARMACEUTICALS LTD
Nc1ncnc2c1c(-c1ccc(Oc3ccccc3)cc1)nn2C1CCC2(CC1)CCN(C1CCN(c3ccc4c(c3)C(=O)N(C3CCC(=O)NC3=O)C4=O)CC1)CC2,Nc1ncnc2c1c(-c1ccc(Oc3ccccc3)cc1)nn2C1CCC2(CC1)CCN([*:1])CC2,C1CN([*:2])CCC1[*:1],O=C1CCC(N2C(=O)c3ccc([*:2])cc3C2=O)C(=O)N1,BTK,CRBN,793.93,6.14,168.88,11,2,7,0.4,0.182,-5.396,-4.376,WO2022253250A1,2022,SINO BIOPHARMACEUTICALS LTD
Nc1ncnc2c1c(-c1ccc(Oc3ccccc3)cc1)nn2C1CCC2(CC1)CN(C1CCN(c3ccc4c(c3)C(=O)N(C3CCC(=O)NC3=O)C4=O)CC1)C2,Nc1ncnc2c1c(-c1ccc(Oc3ccccc3)cc1)nn2C1CCC2(CC1)CN([*:1])C2,C1CN([*:2])CCC1[*:1],O=C1CCC(N2C(=O)c3ccc([*:2])cc3C2=O)C(=O)N1,BTK,CRBN,765.87,5.36,168.88,11,2,7,0.372,0.205,-5.389,-4.136,WO2022253250A1,2022,SINO BIOPHARMACEUTICALS LTD
Nc1nccn2c(N3CCC4(CC3)CN(C3CCN(C5CN(c6ccc7c(c6)C(=O)N(C6CCC(=O)NC6=O)C7=O)C5)CC3)C4)nc(-c3ccc(C(=O)Nc4cc(Cl)ccn4)cc3F)c12,Nc1nccn2c(N3CCC4(CC3)CN([*:1])C4)nc(-c3ccc(C(=O)Nc4cc(Cl)ccn4)cc3F)c12,C1CN(C2CN([*:2])C2)CCC1[*:1],O=C1CCC(N2C(=O)c3ccc([*:2])cc3C2=O)C(=O)N1,BTK,CRBN,901.4,4.07,194.71,13,3,8,0.391,0.189,-5.464,-3.788,WO2022253250A1,2022,SINO BIOPHARMACEUTICALS LTD
Nc1nccn2c(N3CCC4(CC3)CN(C3CCN(c5ccc6c(c5)C(=O)N(C5CCC(=O)NC5=O)C6=O)CC3)C4)nc(-c3ccc(C(=O)Nc4cc(Cl)ccn4)cc3F)c12,Nc1nccn2c(N3CCC4(CC3)CN([*:1])C4)nc(-c3ccc(C(=O)Nc4cc(Cl)ccn4)cc3F)c12,C1CN([*:2])CCC1[*:1],O=C1CCC(N2C(=O)c3ccc([*:2])cc3C2=O)C(=O)N1,BTK,CRBN,846.32,4.39,191.47,12,3,7,0.349,0.196,-5.371,-4.543,WO2022253250A1,2022,SINO BIOPHARMACEUTICALS LTD
Nc1nccn2c(N3CCC4(CC3)CN(CCN3CCN(c5ccc6c(c5)C(=O)N(C5CCC(=O)NC5=O)C6=O)CC3)C4)nc(-c3ccc(C(=O)Nc4cc(Cl)ccn4)cc3F)c12,Nc1nccn2c(N3CCC4(CC3)CN([*:1])C4)nc(-c3ccc(C(=O)Nc4cc(Cl)ccn4)cc3F)c12,C1CN([*:2])CCN1CC[*:1],O=C1CCC(N2C(=O)c3ccc([*:2])cc3C2=O)C(=O)N1,BTK,CRBN,875.37,3.54,194.71,13,3,9,0.364,0.182,-5.588,-4.095,WO2022253250A1,2022,SINO BIOPHARMACEUTICALS LTD
Nc1nccn2c(N3CCC4(CC3)CN(CC3CCN(c5ccc6c(c5)C(=O)N(C5CCC(=O)NC5=O)C6=O)CC3)C4)nc(-c3ccc(C(=O)Nc4cc(Cl)ccn4)cc3F)c12,Nc1nccn2c(N3CCC4(CC3)CN([*:1])C4)nc(-c3ccc(C(=O)Nc4cc(Cl)ccn4)cc3F)c12,C1CN([*:2])CCC1C[*:1],O=C1CCC(N2C(=O)c3ccc([*:2])cc3C2=O)C(=O)N1,BTK,CRBN,860.35,4.64,191.47,12,3,8,0.364,0.184,-5.633,-5.174,WO2022253250A1,2022,SINO BIOPHARMACEUTICALS LTD
O=C1CCC(N2Cc3cc(N4CCN(CC5CCN(c6cccc(-c7cnc8[nH]cc(C(=O)c9c(F)ccc(NS(=O)(=O)N%10CCC(F)C%10)c9F)c8c7)c6)CC5)CC4)ccc3C2=O)C(=O)N1,O=C(c1c(F)ccc(NS(=O)(=O)N2CCC(F)C2)c1F)c1c[nH]c2ncc(-c3cccc([*:1])c3)cc12,C1CN([*:1])CCC1CN1CCN([*:2])CC1,O=C1CCC(N2Cc3cc([*:2])ccc3C2=O)C(=O)N1,RAF,CRBN,924.02,5.24,171.36,10,3,11,0.383,0.118,-5.47,-5.199,US20180179183A1,2018,ARVINAS INC | YALE UNIVERSITY
O=C1CCC(N2Cc3cc(N4CCC(CN5CCC(c6ccc(-c7cnc8[nH]cc(C(=O)c9c(F)ccc(NS(=O)(=O)N%10CCC(F)C%10)c9F)c8c7)cc6)CC5)CC4)ccc3C2=O)C(=O)N1,O=C(c1c(F)ccc(NS(=O)(=O)N2CCC(F)C2)c1F)c1c[nH]c2ncc(-c3ccc([*:1])cc3)cc12,C1CN([*:2])CCC1CN1CCC([*:1])CC1,O=C1CCC(N2Cc3cc([*:2])ccc3C2=O)C(=O)N1,RAF,CRBN,923.03,6.3,168.12,9,3,11,0.396,0.102,-5.459,-5.618,US20180179183A1,2018,ARVINAS INC | YALE UNIVERSITY
O=C1CCC(N2Cc3cc(N4CCC(CN5CCN(c6cccc(-c7cnc8[nH]cc(C(=O)c9c(F)ccc(NS(=O)(=O)N%10CCC(F)C%10)c9F)c8c7)c6)CC5)CC4)ccc3C2=O)C(=O)N1,O=C(c1c(F)ccc(NS(=O)(=O)N2CCC(F)C2)c1F)c1c[nH]c2ncc(-c3cccc([*:1])c3)cc12,C1CN([*:2])CCC1CN1CCN([*:1])CC1,O=C1CCC(N2Cc3cc([*:2])ccc3C2=O)C(=O)N1,RAF,CRBN,924.02,5.24,171.36,10,3,11,0.383,0.118,-5.47,-5.199,US20180179183A1,2018,ARVINAS INC | YALE UNIVERSITY
O=C1CCC(N2Cc3cc(N4CCC(CN5CC6CC5CN6c5ccc(-c6cnc7[nH]cc(C(=O)c8c(F)ccc(NS(=O)(=O)N9CCC(F)C9)c8F)c7c6)cc5)CC4)ccc3C2=O)C(=O)N1,O=C(c1c(F)ccc(NS(=O)(=O)N2CCC(F)C2)c1F)c1c[nH]c2ncc(-c3ccc(N4CC5CC4CN5[*:1])cc3)cc12,C1CN([*:2])CCC1C[*:1],O=C1CCC(N2Cc3cc([*:2])ccc3C2=O)C(=O)N1,RAF,CRBN,936.03,5.38,171.36,10,3,11,0.396,0.116,-5.576,-5.39,US20180179183A1,2018,ARVINAS INC | YALE UNIVERSITY
CC(=O)c1c(C)c2cnc(Nc3ccc(N4CCN(C5CCN(c6ccc7c(c6)C(=O)N(C6CCC(=O)NC6=O)C7=O)CC5)CC4)cn3)nc2n(C2CCCC2)c1=O,CC(=O)c1c(C)c2cnc(Nc3ccc([*:1])cn3)nc2n(C2CCCC2)c1=O,C1CN([*:2])CCC1N1CCN([*:1])CC1,O=C1CCC(N2C(=O)c3ccc([*:2])cc3C2=O)C(=O)N1,"ALK, CDK4/6, BTK",CRBN,786.89,3.75,183.04,13,2,8,0.452,0.195,-5.345,-4.1,CN113387931A,2021,HAISCO PHARAMACEUTICAL GROUP INC
CN(C)C(=O)c1cc2cnc(Nc3ccc(N4CCN(C5CN(c6ccc7c(c6)C(=O)N(C6CCC(=O)NC6=O)C7=O)C5)CC4)cn3)nc2n1C1CCCC1,CN(C)C(=O)c1cc2cnc(Nc3ccc([*:1])cn3)nc2n1C1CCCC1,C1CN([*:1])CCN1C1CN([*:2])C1,O=C1CCC(N2C(=O)c3ccc([*:2])cc3C2=O)C(=O)N1,"ALK, CDK4/6, BTK",CRBN,745.84,2.8,169.21,12,2,8,0.436,0.254,-5.326,-2.935,CN113387931A,2021,HAISCO PHARAMACEUTICAL GROUP INC
CN(C)C(=O)c1cc2cnc(Nc3ccc(N4CCN(C5CCN(c6ccc7c(c6)C(=O)N(C6CCC(=O)NC6=O)C7=O)CC5)CC4)cn3)nc2n1C1CCCC1,CN(C)C(=O)c1cc2cnc(Nc3ccc([*:1])cn3)nc2n1C1CCCC1,C1CN([*:2])CCC1N1CCN([*:1])CC1,O=C1CCC(N2C(=O)c3ccc([*:2])cc3C2=O)C(=O)N1,"ALK, CDK4/6, BTK",CRBN,773.9,3.58,169.21,12,2,8,0.463,0.25,-5.466,-3.223,CN113387931A,2021,HAISCO PHARAMACEUTICAL GROUP INC
CC(=O)c1c(C)c2cnc(Nc3ccc(N4CCN(C5CN(c6ccc7c(c6)C(=O)N(C6CCC(=O)NC6=O)C7=O)C5)CC4)cn3)nc2n(C2CCCC2)c1=O,CC(=O)c1c(C)c2cnc(Nc3ccc([*:1])cn3)nc2n(C2CCCC2)c1=O,C1CN([*:1])CCN1C1CN([*:2])C1,O=C1CCC(N2C(=O)c3ccc([*:2])cc3C2=O)C(=O)N1,"ALK, CDK4/6, BTK",CRBN,758.84,2.97,183.04,13,2,8,0.425,0.198,-5.374,-3.496,CN113387931A,2021,HAISCO PHARAMACEUTICAL GROUP INC
Cc1cc(Nc2ncc(Cl)c(Nc3ccccc3S(=O)(=O)C(C)C)n2)c(OC(C)C)cc1C1CCN(c2ccc3c(c2)C(=O)N(C2CCC(=O)NC2=O)C3=O)CC1,Cc1cc(Nc2ncc(Cl)c(Nc3ccccc3S(=O)(=O)C(C)C)n2)c(OC(C)C)cc1[*:1],C1CN([*:2])CCC1[*:1],O=C1CCC(N2C(=O)c3ccc([*:2])cc3C2=O)C(=O)N1,"ALK, CDK4/6, BTK",CRBN,814.36,6.68,180.0,12,3,11,0.366,0.137,-5.599,-6.796,CN113387931A,2021,HAISCO PHARAMACEUTICAL GROUP INC
Cc1cc(Nc2ncc(Cl)c(Nc3ccccc3S(=O)(=O)C(C)C)n2)c(OC(C)C)cc1C1CCN(C2CN(c3ccc4c(c3)C(=O)N(C3CCC(=O)NC3=O)C4=O)C2)CC1,Cc1cc(Nc2ncc(Cl)c(Nc3ccccc3S(=O)(=O)C(C)C)n2)c(OC(C)C)cc1[*:1],C1CN(C2CN([*:2])C2)CCC1[*:1],O=C1CCC(N2C(=O)c3ccc([*:2])cc3C2=O)C(=O)N1,"ALK, CDK4/6, BTK",CRBN,869.44,6.36,183.24,13,3,12,0.409,0.134,-5.722,-5.772,CN113387931A,2021,HAISCO PHARAMACEUTICAL GROUP INC
CCC1C(=O)N(C)c2cnc(Nc3ccc(C(=O)NCCOCCOCCOCCNc4cccc5c4C(=O)N(C4CCC(=O)NC4=O)C5=O)cc3OC)nc2N1C1CCCC1,CCC1C(=O)N(C)c2cnc(Nc3ccc([*:1])cc3OC)nc2N1C1CCCC1,O=C(NCCOCCOCCOCCN[*:2])[*:1],O=C1CCC(N2C(=O)c3cccc([*:2])c3C2=O)C(=O)N1,"PLK1, BRD4",CRBN,855.95,3.03,222.96,15,4,20,0.488,0.095,-5.321,-4.444,CN109879877A,2019,UNIV JILIN
CCC1C(=O)N(C)c2cnc(Nc3ccc(C(=O)NCCOCCOCCOCC(=O)NC(C(=O)N4CC(O)CC4C(=O)NCc4ccc(-c5scnc5C)cc4)C(C)(C)C)cc3OC)nc2N1C1CCCC1,CCC1C(=O)N(C)c2cnc(Nc3ccc([*:1])cc3OC)nc2N1C1CCCC1,O=C(NCCOCCOCCOCC(=O)[*:2])[*:1],Cc1ncsc1-c1ccc(CNC(=O)C2CC(O)CN2C(=O)C(N[*:2])C(C)(C)C)cc1,"PLK1, BRD4",VHL,1027.26,4.75,239.01,16,5,23,0.538,0.063,-5.857,-4.276,CN106977584B,2019,UNIV JILIN
CCC1C(=O)N(C)c2cnc(Nc3ccc(C(=O)NCCOCCOCCOCC(=O)NC(C(=O)N4CC(O)CC4C(=O)NCc4ccc(-c5scnc5C)cc4)C(C)(C)C)cc3OC)nc2N1C(C)C,CCC1C(=O)N(C)c2cnc(Nc3ccc([*:1])cc3OC)nc2N1C(C)C,O=C(NCCOCCOCCOCC(=O)[*:2])[*:1],Cc1ncsc1-c1ccc(CNC(=O)C2CC(O)CN2C(=O)C(N[*:2])C(C)(C)C)cc1,"PLK1, BRD4",VHL,1001.22,4.22,239.01,16,5,23,0.52,0.065,-5.868,-3.85,CN106977584B,2019,UNIV JILIN
O=C1CCC(N2Cc3cc(N4CCN(CC5CC6(C5)CN(c5ccc(-c7cnc8[nH]cc(C(=O)c9c(F)ccc(NS(=O)(=O)N%10CCC(F)C%10)c9F)c8c7)cc5)C6)CC4)ccc3C2=O)C(=O)N1,O=C(c1c(F)ccc(NS(=O)(=O)N2CCC(F)C2)c1F)c1c[nH]c2ncc(-c3ccc(N4CC5(CC([*:1])C5)C4)cc3)cc12,C1CN([*:2])CCN1C[*:1],O=C1CCC(N2Cc3cc([*:2])ccc3C2=O)C(=O)N1,RAF,CRBN,936.03,5.24,171.36,10,3,11,0.396,0.118,-5.594,-5.331,US20180179183A1,2018,ARVINAS INC | YALE UNIVERSITY
CCCNNC(=O)c1ccc(-c2ccc(C(=O)NCCOCCOCCOCCNc3cccc4c3C(=O)N(C3CCC(=O)NC3=O)C4=O)cc2)cc1,CCCNNC(=O)c1ccc(-c2ccc([*:1])cc2)cc1,O=C(NCCOCCOCCOCCN[*:2])[*:1],O=C1CCC(N2C(=O)c3cccc([*:2])c3C2=O)C(=O)N1,HDAC3,CRBN,728.8,2.29,193.5,11,5,20,0.368,0.065,-5.309,-3.129,WO2021236491A1,2021,UNIVERSITY OF FLORIDA
O=C1CCC(N2C(=O)c3ccc(N4CC(CN5CCN(c6ccc(C(=O)N7CCC(CNC(=O)c8cccc(-c9noc(C(F)(F)F)n9)c8)(c8nc(-c9ccccc9)cs8)CC7)cc6)CC5)C4)cc3C2=O)C(=O)N1,O=C(NCC1(c2nc(-c3ccccc3)cs2)CCN(C(=O)c2ccc([*:1])cc2)CC1)c1cccc(-c2noc(C(F)(F)F)n2)c1,C1CN([*:1])CCN1CC1CN([*:2])C1,O=C1CCC(N2C(=O)c3ccc([*:2])cc3C2=O)C(=O)N1,HDAC7,CRBN,1027.1,6.14,194.49,14,2,12,0.34,0.133,-5.642,-5.113,CN116253730A,2023,ZHEJIANG UNIVERSITY
O=C1CCC(N2C(=O)c3ccc(N4CCC(CN5CCN(c6ccc(C(=O)N7CCC(CNC(=O)c8cccc(-c9noc(C(F)(F)F)n9)c8)(c8nc(-c9ccccc9)cs8)CC7)cc6)CC5)CC4)cc3C2=O)C(=O)N1,O=C(NCC1(c2nc(-c3ccccc3)cs2)CCN(C(=O)c2ccc([*:1])cc2)CC1)c1cccc(-c2noc(C(F)(F)F)n2)c1,C1CN([*:2])CCC1CN1CCN([*:1])CC1,O=C1CCC(N2C(=O)c3ccc([*:2])cc3C2=O)C(=O)N1,HDAC7,CRBN,1055.15,6.92,194.49,14,2,12,0.364,0.12,-5.49,-5.432,CN116253730A,2023,ZHEJIANG UNIVERSITY
O=C1CCC(N2C(=O)c3ccc(N4CC(CN5CCC(c6ccc(C(=O)N7CCC(CNC(=O)c8cccc(-c9noc(C(F)(F)F)n9)c8)(c8nc(-c9ccccc9)cs8)CC7)cc6)CC5)C4)cc3C2=O)C(=O)N1,O=C(NCC1(c2nc(-c3ccccc3)cs2)CCN(C(=O)c2ccc([*:1])cc2)CC1)c1cccc(-c2noc(C(F)(F)F)n2)c1,C1CN(CC2CN([*:2])C2)CCC1[*:1],O=C1CCC(N2C(=O)c3ccc([*:2])cc3C2=O)C(=O)N1,HDAC7,CRBN,1026.11,7.2,191.25,13,2,12,0.352,0.117,-5.69,-5.922,CN116253730A,2023,ZHEJIANG UNIVERSITY
O=C1CCC(N2C(=O)c3ccc(N4CCC(CN5CCC(c6ccc(C(=O)N7CCC(CNC(=O)c8cccc(-c9noc(C(F)(F)F)n9)c8)(c8nc(-c9ccccc9)cs8)CC7)cc6)CC5)CC4)cc3C2=O)C(=O)N1,O=C(NCC1(c2nc(-c3ccccc3)cs2)CCN(C(=O)c2ccc([*:1])cc2)CC1)c1cccc(-c2noc(C(F)(F)F)n2)c1,C1CN([*:2])CCC1CN1CCC([*:1])CC1,O=C1CCC(N2C(=O)c3ccc([*:2])cc3C2=O)C(=O)N1,HDAC7,CRBN,1054.16,7.98,191.25,13,2,12,0.375,0.113,-5.467,-6.098,CN116253730A,2023,ZHEJIANG UNIVERSITY
CNC(=O)c1sc(-c2ccnc(NC(=O)C3CC3)c2)nc1OCCOCCOCCOc1cccc2c1C(=O)N(C1CCC(=O)NC1=O)C2=O,CNC(=O)c1sc(-c2ccnc(NC(=O)C3CC3)c2)nc1[*:1],C(COCCO[*:2])OCCO[*:1],O=C1CCC(N2C(=O)c3cccc([*:2])c3C2=O)C(=O)N1,GSK-3β,CRBN,706.73,1.81,204.45,13,3,16,0.394,0.144,-5.469,-3.085,CN110078725A,2019,UNIV CHINA PHARM
CNC(=O)c1sc(-c2ccnc(NC(=O)C3CC3)c2)nc1OCCOCCOCCOCCOCCOc1cccc2c1C(=O)N(C1CCC(=O)NC1=O)C2=O,CNC(=O)c1sc(-c2ccnc(NC(=O)C3CC3)c2)nc1[*:1],C(COCCOCCO[*:2])OCCOCCO[*:1],O=C1CCC(N2C(=O)c3cccc([*:2])c3C2=O)C(=O)N1,GSK-3β,CRBN,794.84,1.84,222.91,15,3,22,0.459,0.098,-5.452,-2.611,CN110078725A,2019,UNIV CHINA PHARM
Cc1ncsc1-c1ccc(CNC(=O)C2CC(O)CN2C(=O)C(NC(=O)COCCCOCCCCCOc2ccc(C(C)NC(=O)c3cccc(NC4(c5nnc(-c6ccncc6)[nH]5)CCN(C)CC4)c3)cc2)C(C)(C)C)cc1,CC(NC(=O)c1cccc(NC2(c3nnc(-c4ccncc4)[nH]3)CCN(C)CC2)c1)c1ccc([*:1])cc1,O=C(COCCCOCCCCCO[*:1])[*:2],Cc1ncsc1-c1ccc(CNC(=O)C2CC(O)CN2C(=O)C(N[*:2])C(C)(C)C)cc1,GRK2,VHL,1112.41,7.6,238.15,15,6,26,0.467,0.029,-6.044,-3.79,WO2023129564A1,2023,CYGNAL THERAPEUTICS INC
Cc1ncsc1-c1ccc(CNC(=O)C2CC(O)CN2C(=O)C(NC(=O)COCCCOCCCCCOc2ccc(C(C)NC(=O)c3cccc(NC4(c5nnc(-c6ccncc6)[nH]5)CCNCC4)c3)cc2)C(C)(C)C)cc1,CC(NC(=O)c1cccc(NC2(c3nnc(-c4ccncc4)[nH]3)CCNCC2)c1)c1ccc([*:1])cc1,O=C(COCCCOCCCCCO[*:1])[*:2],Cc1ncsc1-c1ccc(CNC(=O)C2CC(O)CN2C(=O)C(N[*:2])C(C)(C)C)cc1,GRK2,VHL,1098.38,7.26,246.94,15,7,26,0.458,0.026,-6.012,-3.762,WO2023129564A1,2023,CYGNAL THERAPEUTICS INC
Cc1ncsc1-c1ccc(CNC(=O)C2CC(O)CN2C(=O)C(NC(=O)COCCCOCCCCCOc2ccc3c(c2)C(NC(=O)c2cccc(NC4(c5nnc(-c6ccncc6)[nH]5)CCN(C)CC4)c2)CCO3)C(C)(C)C)cc1,CN1CCC(Nc2cccc(C(=O)NC3CCOc4ccc([*:1])cc43)c2)(c2nnc(-c3ccncc3)[nH]2)CC1,O=C(COCCCOCCCCCO[*:1])[*:2],Cc1ncsc1-c1ccc(CNC(=O)C2CC(O)CN2C(=O)C(N[*:2])C(C)(C)C)cc1,GRK2,VHL,1140.42,7.37,247.38,16,6,25,0.475,0.031,-6.009,-3.699,WO2023129564A1,2023,CYGNAL THERAPEUTICS INC
Cc1ncsc1-c1ccc(CNC(=O)C2CC(O)CN2C(=O)C(NC(=O)COCCCOCCCCCOc2ccc(CNC(=O)c3cccc(NC4(c5nnc(-c6ccncc6)[nH]5)CCN(C)CC4)c3)cc2)C(C)(C)C)cc1,CN1CCC(Nc2cccc(C(=O)NCc3ccc([*:1])cc3)c2)(c2nnc(-c3ccncc3)[nH]2)CC1,O=C(COCCCOCCCCCO[*:1])[*:2],Cc1ncsc1-c1ccc(CNC(=O)C2CC(O)CN2C(=O)C(N[*:2])C(C)(C)C)cc1,GRK2,VHL,1098.38,7.04,238.15,15,6,26,0.458,0.03,-6.044,-3.663,WO2023129564A1,2023,CYGNAL THERAPEUTICS INC
Cc1ncsc1-c1ccc(CNC(=O)C2CC(O)CN2C(=O)C(NC(=O)COCCCOCCCCCOc2ccc(CNC(=O)c3cccc(NC4(c5nnc(-c6ccncc6)[nH]5)CCNCC4)c3)cc2)C(C)(C)C)cc1,O=C(NCc1ccc([*:1])cc1)c1cccc(NC2(c3nnc(-c4ccncc4)[nH]3)CCNCC2)c1,O=C(COCCCOCCCCCO[*:1])[*:2],Cc1ncsc1-c1ccc(CNC(=O)C2CC(O)CN2C(=O)C(N[*:2])C(C)(C)C)cc1,GRK2,VHL,1084.36,6.7,246.94,15,7,26,0.448,0.028,-6.044,-3.657,WO2023129564A1,2023,CYGNAL THERAPEUTICS INC
Cc1ncsc1-c1ccc(CNC(=O)C2CC(O)CN2C(=O)C(NC(=O)COCCCOCCCCCOc2ccc3c(c2)C(NC(=O)c2cccc(NC4(c5nnc(-c6ccncc6)[nH]5)CCNCC4)c2)CCO3)C(C)(C)C)cc1,O=C(NC1CCOc2ccc([*:1])cc21)c1cccc(NC2(c3nnc(-c4ccncc4)[nH]3)CCNCC2)c1,O=C(COCCCOCCCCCO[*:1])[*:2],Cc1ncsc1-c1ccc(CNC(=O)C2CC(O)CN2C(=O)C(N[*:2])C(C)(C)C)cc1,GRK2,VHL,1126.39,7.02,256.17,16,7,25,0.467,0.028,-6.016,-3.599,WO2023129564A1,2023,CYGNAL THERAPEUTICS INC
Cc1ncsc1-c1ccc(CNC(=O)C2CC(O)CN2C(=O)C(NC(=O)COCCCOCCCCCOc2cccc(C(C)NC(=O)c3cccc(NC4(c5nnc(-c6ccncc6)[nH]5)CCNCC4)c3)c2)C(C)(C)C)cc1,CC(NC(=O)c1cccc(NC2(c3nnc(-c4ccncc4)[nH]3)CCNCC2)c1)c1cccc([*:1])c1,O=C(COCCCOCCCCCO[*:1])[*:2],Cc1ncsc1-c1ccc(CNC(=O)C2CC(O)CN2C(=O)C(N[*:2])C(C)(C)C)cc1,GRK2,VHL,1098.38,7.26,246.94,15,7,26,0.458,0.026,-6.018,-3.744,WO2023129564A1,2023,CYGNAL THERAPEUTICS INC
Cc1ncsc1-c1ccc(CNC(=O)C2CC(O)CN2C(=O)C(NC(=O)COCCCOCCCCCOc2cccc(CNC(=O)c3cccc(NC4(c5nnc(-c6ccncc6)[nH]5)CCNCC4)c3)c2)C(C)(C)C)cc1,O=C(NCc1cccc([*:1])c1)c1cccc(NC2(c3nnc(-c4ccncc4)[nH]3)CCNCC2)c1,O=C(COCCCOCCCCCO[*:1])[*:2],Cc1ncsc1-c1ccc(CNC(=O)C2CC(O)CN2C(=O)C(N[*:2])C(C)(C)C)cc1,GRK2,VHL,1084.36,6.7,246.94,15,7,26,0.448,0.028,-6.059,-3.523,WO2023129564A1,2023,CYGNAL THERAPEUTICS INC
O=C1CCC(N2Cc3cc(N4CC(CN5CCN(c6ccc(-c7cnc8[nH]cc(C(=O)c9c(F)ccc(NS(=O)(=O)N%10CCC(F)C%10)c9F)c8c7)cc6)CC5)C4)ccc3C2=O)C(=O)N1,O=C(c1c(F)ccc(NS(=O)(=O)N2CCC(F)C2)c1F)c1c[nH]c2ncc(-c3ccc([*:1])cc3)cc12,C1CN([*:1])CCN1CC1CN([*:2])C1,O=C1CCC(N2Cc3cc([*:2])ccc3C2=O)C(=O)N1,RAF,CRBN,895.96,4.46,171.36,10,3,11,0.356,0.127,-5.562,-4.705,US20180179183A1,2018,ARVINAS INC | YALE UNIVERSITY
Cc1ncsc1-c1ccc(CNC(=O)C2CC(O)CN2C(=O)C(NC(=O)COCCCOCCCCCOc2ccc3c(c2)C(NC(=O)c2cccc(NCc4nnc(-c5ccncn5)n4C)c2)CCO3)C(C)(C)C)cc1,Cn1c(CNc2cccc(C(=O)NC3CCOc4ccc([*:1])cc43)c2)nnc1-c1ccncn1,O=C(COCCCOCCCCCO[*:1])[*:2],Cc1ncsc1-c1ccc(CNC(=O)C2CC(O)CN2C(=O)C(N[*:2])C(C)(C)C)cc1,GRK2,VHL,1072.3,6.35,246.17,16,5,25,0.446,0.039,-5.936,-3.696,WO2022159688A1,2022,CYGNAL THERAPEUTICS INC
Cc1ncsc1-c1ccc(C(C)NC(=O)C2CC(O)CN2C(=O)C(NC(=O)COCCCOCCCCCOc2cccc(C(C)NC(=O)c3cccc(NCc4nnc(-c5ccncn5)n4C)c3)c2)C(C)(C)C)cc1,CC(NC(=O)c1cccc(NCc2nnc(-c3ccncn3)n2C)c1)c1cccc([*:1])c1,O=C(COCCCOCCCCCO[*:1])[*:2],Cc1ncsc1-c1ccc(C(C)NC(=O)C2CC(O)CN2C(=O)C(N[*:2])C(C)(C)C)cc1,GRK2,VHL,1058.32,7.15,236.94,15,5,26,0.446,0.034,-5.962,-4.097,WO2022159688A1,2022,CYGNAL THERAPEUTICS INC
Cc1ncsc1-c1ccc(CNC(=O)C2CC(O)CN2C(=O)C(NC(=O)COCCCOCCCCCOc2ccc(CNC(=O)c3cccc(NCc4nnc(-c5ccncn5)n4C)c3)cc2)C(C)(C)C)cc1,Cn1c(CNc2cccc(C(=O)NCc3ccc([*:1])cc3)c2)nnc1-c1ccncn1,O=C(COCCCOCCCCCO[*:1])[*:2],Cc1ncsc1-c1ccc(CNC(=O)C2CC(O)CN2C(=O)C(N[*:2])C(C)(C)C)cc1,GRK2,VHL,1030.27,6.03,236.94,15,5,26,0.426,0.039,-5.931,-3.475,WO2022159688A1,2022,CYGNAL THERAPEUTICS INC
Cc1ncsc1-c1ccc(CNC(=O)C2CC(O)CN2C(=O)C(NC(=O)COCCCOCCCCCOc2ccc(C(C)NC(=O)c3cccc(NCc4nnc(-c5ccncn5)n4C)c3)cc2)C(C)(C)C)cc1,CC(NC(=O)c1cccc(NCc2nnc(-c3ccncn3)n2C)c1)c1ccc([*:1])cc1,O=C(COCCCOCCCCCO[*:1])[*:2],Cc1ncsc1-c1ccc(CNC(=O)C2CC(O)CN2C(=O)C(N[*:2])C(C)(C)C)cc1,GRK2,VHL,1044.29,6.59,236.94,15,5,26,0.436,0.036,-5.967,-3.667,WO2022159688A1,2022,CYGNAL THERAPEUTICS INC
CC(NC(=O)c1cccc(NCc2nnc(-c3ccncn3)n2C)c1)c1cccc(OCCN2CCN(c3ccc4c(c3)CN(C3CCC(=O)NC3=O)C4=O)CC2)c1,CC(NC(=O)c1cccc(NCc2nnc(-c3ccncn3)n2C)c1)c1cccc([*:1])c1,C(CN1CCN([*:2])CC1)O[*:1],O=C1CCC(N2Cc3cc([*:2])ccc3C2=O)C(=O)N1,GRK2,CRBN,783.89,3.34,179.81,12,3,13,0.333,0.149,-5.652,-3.431,WO2022159688A1,2022,CYGNAL THERAPEUTICS INC
Cc1ncsc1-c1ccc(CNC(=O)C2CC(O)CN2C(=O)C(NC(=O)COCCCOCCCCCOc2cccc(C(C)NC(=O)c3cccc(NCc4nnc(-c5ccncn5)n4C)c3)c2)C(C)(C)C)cc1,CC(NC(=O)c1cccc(NCc2nnc(-c3ccncn3)n2C)c1)c1cccc([*:1])c1,O=C(COCCCOCCCCCO[*:1])[*:2],Cc1ncsc1-c1ccc(CNC(=O)C2CC(O)CN2C(=O)C(N[*:2])C(C)(C)C)cc1,GRK2,VHL,1044.29,6.59,236.94,15,5,26,0.436,0.036,-5.956,-3.69,WO2022159688A1,2022,CYGNAL THERAPEUTICS INC
Cc1ncsc1-c1ccc(CNC(=O)C2CC(O)CN2C(=O)C(NC(=O)COCCCOCCCCCOc2cccc(CNC(=O)c3cccc(NCc4nnc(-c5ccncn5)n4C)c3)c2)C(C)(C)C)cc1,Cn1c(CNc2cccc(C(=O)NCc3cccc([*:1])c3)c2)nnc1-c1ccncn1,O=C(COCCCOCCCCCO[*:1])[*:2],Cc1ncsc1-c1ccc(CNC(=O)C2CC(O)CN2C(=O)C(N[*:2])C(C)(C)C)cc1,GRK2,VHL,1030.27,6.03,236.94,15,5,26,0.426,0.039,-5.941,-3.46,WO2022159688A1,2022,CYGNAL THERAPEUTICS INC
Cc1c(-c2ccc(N3CCc4cccc(C(=O)Nc5nc6ccccc6s5)c4C3)nc2C(=O)O)cnn1CC12CC3CC(C1)CC(C(=O)NCCOCCOCCOCCNc1cccc4c1C(=O)N(C1CCC(=O)NC1=O)C4=O)(C3)C2,Cc1c(-c2ccc(N3CCc4cccc(C(=O)Nc5nc6ccccc6s5)c4C3)nc2C(=O)O)cnn1CC12CC3CC(C1)CC([*:1])(C3)C2,O=C(NCCOCCOCCOCCN[*:2])[*:1],O=C1CCC(N2C(=O)c3cccc([*:2])c3C2=O)C(=O)N1,BCL-2,CRBN,1133.3,6.64,265.61,16,5,22,0.433,0.035,-5.724,-5.904,EP4090658A1,2022,UNIVERSITY OF FLORIDA
Cc1c(-c2ccc(N3CCc4cccc(C(=O)Nc5nc6ccccc6s5)c4C3)nc2C(=O)O)cnn1CC12CC3CC(C1)CC(C(=O)NCCOCCNc1cccc4c1C(=O)N(C1CCC(=O)NC1=O)C4=O)(C3)C2,Cc1c(-c2ccc(N3CCc4cccc(C(=O)Nc5nc6ccccc6s5)c4C3)nc2C(=O)O)cnn1CC12CC3CC(C1)CC([*:1])(C3)C2,O=C(NCCOCCN[*:2])[*:1],O=C1CCC(N2C(=O)c3cccc([*:2])c3C2=O)C(=O)N1,BCL-2,CRBN,1045.19,6.61,247.15,14,5,16,0.393,0.051,-5.675,-6.886,EP4090658A1,2022,UNIVERSITY OF FLORIDA
Cc1c(-c2ccc(N3CCc4cccc(C(=O)Nc5nc6ccccc6s5)c4C3)nc2C(=O)O)cnn1CC12CC3CC(C1)CC(C(=O)NCCCCCCCCNc1cccc4c1C(=O)N(C1CCC(=O)NC1=O)C4=O)(C3)C2,Cc1c(-c2ccc(N3CCc4cccc(C(=O)Nc5nc6ccccc6s5)c4C3)nc2C(=O)O)cnn1CC12CC3CC(C1)CC([*:1])(C3)C2,O=C(NCCCCCCCCN[*:2])[*:1],O=C1CCC(N2C(=O)c3cccc([*:2])c3C2=O)C(=O)N1,BCL-2,CRBN,1085.3,8.93,237.92,13,5,19,0.433,0.038,-5.199,-6.047,EP4090658A1,2022,UNIVERSITY OF FLORIDA
Cc1c(-c2ccc(N3CCc4cccc(C(=O)Nc5nc6ccccc6s5)c4C3)nc2C(=O)O)cnn1CC12CC3CC(C1)CC(C(=O)NCCCCNc1cccc4c1C(=O)N(C1CCC(=O)NC1=O)C4=O)(C3)C2,Cc1c(-c2ccc(N3CCc4cccc(C(=O)Nc5nc6ccccc6s5)c4C3)nc2C(=O)O)cnn1CC12CC3CC(C1)CC([*:1])(C3)C2,O=C(NCCCCN[*:2])[*:1],O=C1CCC(N2C(=O)c3cccc([*:2])c3C2=O)C(=O)N1,BCL-2,CRBN,1029.19,7.37,237.92,13,5,15,0.393,0.05,-5.572,-6.615,EP4090658A1,2022,UNIVERSITY OF FLORIDA
Cc1c(-c2ccc(N3CCc4cccc(C(=O)Nc5nc6ccccc6s5)c4C3)nc2C(=O)NCCOCCOCCOCCNc2cccc3c2C(=O)N(C2CCC(=O)NC2=O)C3=O)cnn1CC12CC3CC(CC(C3)C1)C2,Cc1c(-c2ccc(N3CCc4cccc(C(=O)Nc5nc6ccccc6s5)c4C3)nc2[*:1])cnn1CC12CC3CC(CC(C3)C1)C2,O=C(NCCOCCOCCOCCN[*:2])[*:1],O=C1CCC(N2C(=O)c3cccc([*:2])c3C2=O)C(=O)N1,BCL-2,CRBN,1089.29,7.19,228.31,15,4,21,0.441,0.041,-5.621,-7.0,EP4090658A1,2022,UNIVERSITY OF FLORIDA
Cc1c(-c2ccc(N3CCc4cccc(C(=O)Nc5nc6ccccc6s5)c4C3)nc2C(=O)NCCOCCOCCNc2cccc3c2C(=O)N(C2CCC(=O)NC2=O)C3=O)cnn1CC12CC3CC(CC(C3)C1)C2,Cc1c(-c2ccc(N3CCc4cccc(C(=O)Nc5nc6ccccc6s5)c4C3)nc2[*:1])cnn1CC12CC3CC(CC(C3)C1)C2,O=C(NCCOCCOCCN[*:2])[*:1],O=C1CCC(N2C(=O)c3cccc([*:2])c3C2=O)C(=O)N1,BCL-2,CRBN,1045.24,7.17,219.08,14,4,18,0.421,0.05,-5.72,-7.53,EP4090658A1,2022,UNIVERSITY OF FLORIDA
Cc1c(-c2ccc(N3CCc4cccc(C(=O)Nc5nc6ccccc6s5)c4C3)nc2C(=O)NCCOCCNc2cccc3c2C(=O)N(C2CCC(=O)NC2=O)C3=O)cnn1CC12CC3CC(CC(C3)C1)C2,Cc1c(-c2ccc(N3CCc4cccc(C(=O)Nc5nc6ccccc6s5)c4C3)nc2[*:1])cnn1CC12CC3CC(CC(C3)C1)C2,O=C(NCCOCCN[*:2])[*:1],O=C1CCC(N2C(=O)c3cccc([*:2])c3C2=O)C(=O)N1,BCL-2,CRBN,1001.18,7.15,209.85,13,4,15,0.4,0.06,-5.637,-7.823,EP4090658A1,2022,UNIVERSITY OF FLORIDA
Cc1c(-c2ccc(N3CCc4cccc(C(=O)Nc5nc6ccccc6s5)c4C3)nc2C(=O)NCCCCCCCCNc2cccc3c2C(=O)N(C2CCC(=O)NC2=O)C3=O)cnn1CC12CC3CC(CC(C3)C1)C2,Cc1c(-c2ccc(N3CCc4cccc(C(=O)Nc5nc6ccccc6s5)c4C3)nc2[*:1])cnn1CC12CC3CC(CC(C3)C1)C2,O=C(NCCCCCCCCN[*:2])[*:1],O=C1CCC(N2C(=O)c3cccc([*:2])c3C2=O)C(=O)N1,BCL-2,CRBN,1041.29,9.48,200.62,12,4,18,0.441,0.047,-5.137,-8.64,EP4090658A1,2022,UNIVERSITY OF FLORIDA
Cc1c(-c2ccc(N3CCc4cccc(C(=O)Nc5nc6ccccc6s5)c4C3)nc2C(=O)NCCCCNc2cccc3c2C(=O)N(C2CCC(=O)NC2=O)C3=O)cnn1CC12CC3CC(CC(C3)C1)C2,Cc1c(-c2ccc(N3CCc4cccc(C(=O)Nc5nc6ccccc6s5)c4C3)nc2[*:1])cnn1CC12CC3CC(CC(C3)C1)C2,O=C(NCCCCN[*:2])[*:1],O=C1CCC(N2C(=O)c3cccc([*:2])c3C2=O)C(=O)N1,BCL-2,CRBN,985.18,7.92,200.62,12,4,14,0.4,0.061,-5.422,-8.135,EP4090658A1,2022,UNIVERSITY OF FLORIDA
O=C1CCC(N2Cc3cc(N4CCN(Cc5ccc(-c6cnc7[nH]cc(C(=O)c8c(F)ccc(NS(=O)(=O)N9CCC(F)C9)c8F)c7c6)cc5)CC4)ccc3C2=O)C(=O)N1,O=C(c1c(F)ccc(NS(=O)(=O)N2CCC(F)C2)c1F)c1c[nH]c2ncc(-c3ccc([*:1])cc3)cc12,C1CN([*:2])CCN1C[*:1],O=C1CCC(N2Cc3cc([*:2])ccc3C2=O)C(=O)N1,RAF,CRBN,840.88,4.52,168.12,9,3,10,0.31,0.135,-5.578,-4.998,US20180179183A1,2018,ARVINAS INC | YALE UNIVERSITY
CS(=O)(=O)n1ccc(C(=O)NC(COCc2ccc(C(=O)N3CCN(CC4CN(c5ccc6c(c5)C(=O)N(C5CCC(=O)NC5=O)C6=O)C4)CC3)cc2)C(=O)Nc2nc(-c3ccccc3)cs2)c1,CS(=O)(=O)n1ccc(C(=O)NC(COCc2ccc([*:1])cc2)C(=O)Nc2nc(-c3ccccc3)cs2)c1,O=C(N1CCN(CC2CN([*:2])C2)CC1)[*:1],O=C1CCC(N2C(=O)c3ccc([*:2])cc3C2=O)C(=O)N1,HDAC,CRBN,962.08,2.67,229.73,14,3,15,0.319,0.128,-5.854,-3.939,CN115335373A,2022,FOGHORN THERAPEUTICS INC
Cc1ncsc1-c1ccc(CNC(=O)C2CC(O)CN2C(=O)C(NC(=O)COCCOCCOCCNC(=O)c2ccc(COCC(NC(=O)c3ccn(S(C)(=O)=O)c3)C(=O)Nc3nc(-c4ccccc4)cs3)cc2)C(C)(C)C)cc1,CS(=O)(=O)n1ccc(C(=O)NC(COCc2ccc([*:1])cc2)C(=O)Nc2nc(-c3ccccc3)cs2)c1,O=C(NCCOCCOCCOCC(=O)[*:2])[*:1],Cc1ncsc1-c1ccc(CNC(=O)C2CC(O)CN2C(=O)C(N[*:2])C(C)(C)C)cc1,HDAC,VHL,1170.4,4.39,287.81,17,6,28,0.393,0.037,-5.841,-3.386,CN115335373A,2022,FOGHORN THERAPEUTICS INC
CS(=O)(=O)n1ccc(C(=O)NC(COCc2ccc(C(=O)NCCCCCNc3ccc4c(c3)C(=O)N(C3CCC(=O)NC3=O)C4=O)cc2)C(=O)Nc2nc(-c3ccccc3)cs2)c1,CS(=O)(=O)n1ccc(C(=O)NC(COCc2ccc([*:1])cc2)C(=O)Nc2nc(-c3ccccc3)cs2)c1,O=C(NCCCCCN[*:2])[*:1],O=C1CCC(N2C(=O)c3ccc([*:2])cc3C2=O)C(=O)N1,HDAC,CRBN,909.02,3.79,244.07,13,5,19,0.273,0.059,-5.669,-4.41,CN115335373A,2022,FOGHORN THERAPEUTICS INC
CS(=O)(=O)n1ccc(C(=O)NC(COCc2ccc(C(=O)NCCCCNc3ccc4c(c3)C(=O)N(C3CCC(=O)NC3=O)C4=O)cc2)C(=O)Nc2nc(-c3ccccc3)cs2)c1,CS(=O)(=O)n1ccc(C(=O)NC(COCc2ccc([*:1])cc2)C(=O)Nc2nc(-c3ccccc3)cs2)c1,O=C(NCCCCN[*:2])[*:1],O=C1CCC(N2C(=O)c3ccc([*:2])cc3C2=O)C(=O)N1,HDAC,CRBN,894.99,3.4,244.07,13,5,18,0.256,0.063,-5.672,-4.309,CN115335373A,2022,FOGHORN THERAPEUTICS INC
CS(=O)(=O)n1ccc(C(=O)NC(COCc2ccc(C(=O)NCCCCCCCCNc3cccc4c3C(=O)N(C3CCC(=O)NC3=O)C4=O)cc2)C(=O)Nc2nc(-c3ccccc3)cs2)c1,CS(=O)(=O)n1ccc(C(=O)NC(COCc2ccc([*:1])cc2)C(=O)Nc2nc(-c3ccccc3)cs2)c1,O=C(NCCCCCCCCN[*:2])[*:1],O=C1CCC(N2C(=O)c3cccc([*:2])c3C2=O)C(=O)N1,HDAC,CRBN,951.1,4.96,244.07,13,5,22,0.319,0.046,-5.345,-4.978,CN115335373A,2022,FOGHORN THERAPEUTICS INC
CS(=O)(=O)n1ccc(C(=O)NC(COCc2ccc(C(=O)N3CCC(CN4CCN(c5ccc6c(c5)C(=O)N(C5CCC(=O)NC5=O)C6=O)CC4)CC3)cc2)C(=O)Nc2nc(-c3ccccc3)cs2)c1,CS(=O)(=O)n1ccc(C(=O)NC(COCc2ccc([*:1])cc2)C(=O)Nc2nc(-c3ccccc3)cs2)c1,O=C(N1CCC(CN2CCN([*:2])CC2)CC1)[*:1],O=C1CCC(N2C(=O)c3ccc([*:2])cc3C2=O)C(=O)N1,HDAC,CRBN,990.13,3.45,229.73,14,3,15,0.347,0.128,-5.787,-4.313,CN115335373A,2022,FOGHORN THERAPEUTICS INC
Cc1ncsc1-c1ccc(CNC(=O)C2CC(O)CN2C(=O)C(NC(=O)CCCCCC(=O)N2CCN(c3cc(-c4cccc(-c5csc(NC(=O)CNC(=O)c6ccn(S(C)(=O)=O)c6)n5)c4)ccn3)CC2)C(C)(C)C)cc1,CS(=O)(=O)n1ccc(C(=O)NCC(=O)Nc2nc(-c3cccc(-c4ccnc([*:1])c4)c3)cs2)c1,O=C(CCCCCC(=O)[*:2])N1CCN([*:1])CC1,Cc1ncsc1-c1ccc(CNC(=O)C2CC(O)CN2C(=O)C(N[*:2])C(C)(C)C)cc1,HDAC,VHL,1120.39,5.69,258.23,15,5,20,0.4,0.058,-5.988,-4.347,CN115335373A,2022,FOGHORN THERAPEUTICS INC
Cc1ncsc1-c1ccc(CNC(=O)C2CC(O)CN2C(=O)C(NC(=O)CCC(=O)N2CCN(c3cc(-c4cccc(-c5csc(NC(=O)CNC(=O)c6ccn(S(C)(=O)=O)c6)n5)c4)ccn3)CC2)C(C)(C)C)cc1,CS(=O)(=O)n1ccc(C(=O)NCC(=O)Nc2nc(-c3cccc(-c4ccnc([*:1])c4)c3)cs2)c1,O=C(CCC(=O)[*:2])N1CCN([*:1])CC1,Cc1ncsc1-c1ccc(CNC(=O)C2CC(O)CN2C(=O)C(N[*:2])C(C)(C)C)cc1,HDAC,VHL,1078.31,4.52,258.23,15,5,17,0.365,0.084,-5.946,-4.185,CN115335373A,2022,FOGHORN THERAPEUTICS INC
CS(=O)(=O)n1ccc(C(=O)NCC(=O)Nc2nc(-c3cccc(-c4ccnc(N5CCN(C(=O)CCOCCOCCNc6ccc7c(c6)C(=O)N(C6CCC(=O)NC6=O)C7=O)CC5)c4)c3)cs2)c1,CS(=O)(=O)n1ccc(C(=O)NCC(=O)Nc2nc(-c3cccc(-c4ccnc([*:1])c4)c3)cs2)c1,O=C(CCOCCOCCN[*:2])N1CCN([*:1])CC1,O=C1CCC(N2C(=O)c3ccc([*:2])cc3C2=O)C(=O)N1,HDAC,CRBN,981.08,2.44,260.64,16,4,19,0.326,0.068,-5.636,-3.635,CN115335373A,2022,FOGHORN THERAPEUTICS INC
CS(=O)(=O)n1ccc(C(=O)NCC(=O)Nc2nc(-c3cccc(-c4ccnc(N5CCN(C(=O)CCOCCOCCNc6cccc7c6C(=O)N(C6CCC(=O)NC6=O)C7=O)CC5)c4)c3)cs2)c1,CS(=O)(=O)n1ccc(C(=O)NCC(=O)Nc2nc(-c3cccc(-c4ccnc([*:1])c4)c3)cs2)c1,O=C(CCOCCOCCN[*:2])N1CCN([*:1])CC1,O=C1CCC(N2C(=O)c3cccc([*:2])c3C2=O)C(=O)N1,HDAC,CRBN,981.08,2.44,260.64,16,4,19,0.326,0.068,-5.644,-3.713,CN115335373A,2022,FOGHORN THERAPEUTICS INC
O=C1CCC(N2C(=O)c3cccc(NCCCCCCCCNC(=O)c4ccc(Nc5ncc(F)c(Nc6ccc(C(=O)Nc7ccccc7Cl)cc6)n5)cc4)c3C2=O)C(=O)N1,O=C(Nc1ccccc1Cl)c1ccc(Nc2nc(Nc3ccc([*:1])cc3)ncc2F)cc1,O=C(NCCCCCCCCN[*:2])[*:1],O=C1CCC(N2C(=O)c3cccc([*:2])c3C2=O)C(=O)N1,AURK,CRBN,860.35,7.59,203.62,11,6,18,0.244,0.037,-5.114,-6.335,WO2022270987A1,2022,UPPTHERA
O=C1CCC(N2C(=O)c3cccc(NCCCCNC(=O)c4ccc(Nc5ncc(F)c(Nc6ccc(C(=O)Nc7ccccc7Cl)cc6)n5)cc4)c3C2=O)C(=O)N1,O=C(Nc1ccccc1Cl)c1ccc(Nc2nc(Nc3ccc([*:1])cc3)ncc2F)cc1,O=C(NCCCCN[*:2])[*:1],O=C1CCC(N2C(=O)c3cccc([*:2])c3C2=O)C(=O)N1,AURK,CRBN,804.24,6.03,203.62,11,6,14,0.171,0.057,-5.241,-6.059,WO2022270987A1,2022,UPPTHERA
CN(C)CC(NC(=O)N1Cc2c(NC(=O)c3ccc(C(=O)NCCOCCOCCNc4cccc5c4C(=O)N(C4CCC(=O)NC4=O)C5=O)cc3)n[nH]c2C1(C)C)c1ccccc1,CN(C)CC(NC(=O)N1Cc2c(NC(=O)c3ccc([*:1])cc3)n[nH]c2C1(C)C)c1ccccc1,O=C(NCCOCCOCCN[*:2])[*:1],O=C1CCC(N2C(=O)c3cccc([*:2])c3C2=O)C(=O)N1,CDK7,CRBN,876.97,3.0,236.5,12,6,18,0.378,0.063,-5.853,-3.083,US20220280649A1,2022,DANA-FARBER CANCER INSTITUTE (INC.)
CN(C)CC(NC(=O)N1Cc2c(NC(=O)c3ccc(C(=O)NCCCCCNc4ccc5c(c4)C(=O)N(C4CCC(=O)NC4=O)C5=O)cc3)n[nH]c2C1(C)C)c1ccccc1,CN(C)CC(NC(=O)N1Cc2c(NC(=O)c3ccc([*:1])cc3)n[nH]c2C1(C)C)c1ccccc1,O=C(NCCCCCN[*:2])[*:1],O=C1CCC(N2C(=O)c3ccc([*:2])cc3C2=O)C(=O)N1,CDK7,CRBN,830.95,4.14,218.04,10,6,15,0.364,0.074,-5.664,-3.611,US20220280649A1,2022,DANA-FARBER CANCER INSTITUTE (INC.)
CN(C)CC(NC(=O)N1Cc2c(NC(=O)c3ccc(C(=O)NCCOCCNc4cccc5c4C(=O)N(C4CCC(=O)NC4=O)C5=O)cc3)n[nH]c2C1(C)C)c1ccccc1,CN(C)CC(NC(=O)N1Cc2c(NC(=O)c3ccc([*:1])cc3)n[nH]c2C1(C)C)c1ccccc1,O=C(NCCOCCN[*:2])[*:1],O=C1CCC(N2C(=O)c3cccc([*:2])c3C2=O)C(=O)N1,CDK7,CRBN,832.92,2.98,227.27,11,6,15,0.349,0.075,-5.879,-3.272,US20220280649A1,2022,DANA-FARBER CANCER INSTITUTE (INC.)
CN(C)CC(NC(=O)N1Cc2c(NC(=O)c3ccc(C(=O)NCCCCNc4cccc5c4C(=O)N(C4CCC(=O)NC4=O)C5=O)cc3)n[nH]c2C1(C)C)c1ccccc1,CN(C)CC(NC(=O)N1Cc2c(NC(=O)c3ccc([*:1])cc3)n[nH]c2C1(C)C)c1ccccc1,O=C(NCCCCN[*:2])[*:1],O=C1CCC(N2C(=O)c3cccc([*:2])c3C2=O)C(=O)N1,CDK7,CRBN,816.92,3.75,218.04,10,6,14,0.349,0.08,-5.768,-3.469,US20220280649A1,2022,DANA-FARBER CANCER INSTITUTE (INC.)
CN(C)CC(NC(=O)N1Cc2c(NC(=O)c3ccc(C(=O)NCCOCCOCCOCCNc4cccc5c4C(=O)N(C4CCC(=O)NC4=O)C5=O)cc3)n[nH]c2C1(C)C)c1ccccc1,CN(C)CC(NC(=O)N1Cc2c(NC(=O)c3ccc([*:1])cc3)n[nH]c2C1(C)C)c1ccccc1,O=C(NCCOCCOCCOCCN[*:2])[*:1],O=C1CCC(N2C(=O)c3cccc([*:2])c3C2=O)C(=O)N1,CDK7,CRBN,921.02,3.02,245.73,13,6,21,0.404,0.052,-5.705,-2.863,US20220280649A1,2022,DANA-FARBER CANCER INSTITUTE (INC.)
O=C1CCC(N2C(=O)c3ccc(N4CCN(CC5CCN(C(=O)c6ccc(-c7cc(-c8ccc([N+](=O)[O-])cc8)nc(-c8ccco8)c7)cc6)CC5)CC4)cc3C2=O)C(=O)N1,O=[N+]([O-])c1ccc(-c2cc(-c3ccc([*:1])cc3)cc(-c3ccco3)n2)cc1,O=C(N1CCC(CN2CCN([*:2])CC2)CC1)[*:1],O=C1CCC(N2C(=O)c3ccc([*:2])cc3C2=O)C(=O)N1,CRBN,CRBN,807.86,5.66,179.51,11,1,9,0.289,0.11,-5.477,-4.75,CN116023368A,2023,SHOUYAO HOLDINGS BEIJING CO LTD
O=C1CCC(N2C(=O)c3ccc(NCCCCCCCCNC(=O)c4cc5nc(-c6cccs6)cc(C(F)(F)Cl)n5n4)cc3C2=O)C(=O)N1,FC(F)(Cl)c1cc(-c2cccs2)nc2cc([*:1])nn12,O=C(NCCCCCCCCN[*:2])[*:1],O=C1CCC(N2C(=O)c3ccc([*:2])cc3C2=O)C(=O)N1,CRBN,CRBN,712.18,5.33,154.87,9,3,14,0.364,0.09,-4.976,-5.394,CN116023368A,2023,SHOUYAO HOLDINGS BEIJING CO LTD
NC(=O)c1ccc(-c2cc(-c3ccc(OCCOCCOCCOc4ccc5c(c4)C(=O)N(C4CCC(=O)NC4=O)C5=O)cc3)nc(-c3ccco3)c2)cc1,NC(=O)c1ccc(-c2cc(-c3ccc([*:1])cc3)nc(-c3ccco3)c2)cc1,C(COCCO[*:2])OCCO[*:1],O=C1CCC(N2C(=O)c3ccc([*:2])cc3C2=O)C(=O)N1,CRBN,CRBN,744.76,4.67,189.59,11,2,16,0.22,0.106,-5.476,-3.822,CN116023368A,2023,SHOUYAO HOLDINGS BEIJING CO LTD
NC(=O)c1ccc(-c2cc(-c3ccc(OCCOCCOc4ccc5c(c4)C(=O)N(C4CCC(=O)NC4=O)C5=O)cc3)nc(-c3ccco3)c2)cc1,NC(=O)c1ccc(-c2cc(-c3ccc([*:1])cc3)nc(-c3ccco3)c2)cc1,C(CO[*:1])OCCO[*:2],O=C1CCC(N2C(=O)c3ccc([*:2])cc3C2=O)C(=O)N1,CRBN,CRBN,700.7,4.65,180.36,10,2,13,0.179,0.13,-5.62,-4.158,CN116023368A,2023,SHOUYAO HOLDINGS BEIJING CO LTD
NC(=O)c1ccc(-c2cc(-c3ccc(OCCOCCOCCNc4cccc5c4C(=O)N(C4CCC(=O)NC4=O)C5=O)cc3)nc(-c3ccco3)c2)cc1,NC(=O)c1ccc(-c2cc(-c3ccc([*:1])cc3)nc(-c3ccco3)c2)cc1,C(COCCOCCO[*:1])N[*:2],O=C1CCC(N2C(=O)c3cccc([*:2])c3C2=O)C(=O)N1,CRBN,CRBN,743.77,4.7,192.39,11,3,16,0.22,0.094,-5.473,-3.393,CN116023368A,2023,SHOUYAO HOLDINGS BEIJING CO LTD
O=C1CCC(N2C(=O)c3ccc(NCCCCCCCCNC(=O)c4ccc(NC(=O)c5ccc(-c6cc(-c7ccc([N+](=O)[O-])cc7)nc(-c7ccco7)c6)cc5)cc4)cc3C2=O)C(=O)N1,O=C(Nc1ccc([*:1])cc1)c1ccc(-c2cc(-c3ccc([N+](=O)[O-])cc3)nc(-c3ccco3)c2)cc1,O=C(NCCCCCCCCN[*:2])[*:1],O=C1CCC(N2C(=O)c3ccc([*:2])cc3C2=O)C(=O)N1,CRBN,CRBN,887.95,8.42,222.95,11,4,18,0.22,0.028,-5.213,-6.77,CN116023368A,2023,SHOUYAO HOLDINGS BEIJING CO LTD
O=C1CCC(N2C(=O)c3cccc(NCCCCCCCCNC(=O)c4ccc(NC(=O)c5ccc(-c6cc(-c7ccc([N+](=O)[O-])cc7)nc(-c7ccco7)c6)cc5)cc4)c3C2=O)C(=O)N1,O=C(Nc1ccc([*:1])cc1)c1ccc(-c2cc(-c3ccc([N+](=O)[O-])cc3)nc(-c3ccco3)c2)cc1,O=C(NCCCCCCCCN[*:2])[*:1],O=C1CCC(N2C(=O)c3cccc([*:2])c3C2=O)C(=O)N1,CRBN,CRBN,887.95,8.42,222.95,11,4,18,0.22,0.028,-5.249,-7.45,CN116023368A,2023,SHOUYAO HOLDINGS BEIJING CO LTD
O=C1CCC(N2C(=O)c3ccc(NCCCCNC(=O)c4ccc(NC(=O)c5ccc(-c6cc(-c7ccc([N+](=O)[O-])cc7)nc(-c7ccco7)c6)cc5)cc4)cc3C2=O)C(=O)N1,O=C(Nc1ccc([*:1])cc1)c1ccc(-c2cc(-c3ccc([N+](=O)[O-])cc3)nc(-c3ccco3)c2)cc1,O=C(NCCCCN[*:2])[*:1],O=C1CCC(N2C(=O)c3ccc([*:2])cc3C2=O)C(=O)N1,CRBN,CRBN,831.84,6.86,222.95,11,4,14,0.152,0.038,-5.276,-6.468,CN116023368A,2023,SHOUYAO HOLDINGS BEIJING CO LTD
O=C1CCC(N2C(=O)c3cccc(NCCCCNC(=O)c4ccc(NC(=O)c5ccc(-c6cc(-c7ccc([N+](=O)[O-])cc7)nc(-c7ccco7)c6)cc5)cc4)c3C2=O)C(=O)N1,O=C(Nc1ccc([*:1])cc1)c1ccc(-c2cc(-c3ccc([N+](=O)[O-])cc3)nc(-c3ccco3)c2)cc1,O=C(NCCCCN[*:2])[*:1],O=C1CCC(N2C(=O)c3cccc([*:2])c3C2=O)C(=O)N1,CRBN,CRBN,831.84,6.86,222.95,11,4,14,0.152,0.038,-5.284,-7.017,CN116023368A,2023,SHOUYAO HOLDINGS BEIJING CO LTD
O=C1CCC(N2C(=O)c3cccc(NCCCCCCCCNC(=O)c4ccc(-c5cc(-c6ccc([N+](=O)[O-])cc6)nc(-c6ccco6)c5)cc4)c3C2=O)C(=O)N1,O=[N+]([O-])c1ccc(-c2cc(-c3ccc([*:1])cc3)cc(-c3ccco3)n2)cc1,O=C(NCCCCCCCCN[*:2])[*:1],O=C1CCC(N2C(=O)c3cccc([*:2])c3C2=O)C(=O)N1,CRBN,CRBN,768.83,7.17,193.85,10,3,16,0.256,0.04,-5.106,-6.137,CN116023368A,2023,SHOUYAO HOLDINGS BEIJING CO LTD
O=C1CCC(N2C(=O)c3ccc(NCCCCCCCCNC(=O)c4ccc(-c5cc(-c6ccc([N+](=O)[O-])cc6)nc(-c6ccco6)c5)cc4)cc3C2=O)C(=O)N1,O=[N+]([O-])c1ccc(-c2cc(-c3ccc([*:1])cc3)cc(-c3ccco3)n2)cc1,O=C(NCCCCCCCCN[*:2])[*:1],O=C1CCC(N2C(=O)c3ccc([*:2])cc3C2=O)C(=O)N1,CRBN,CRBN,768.83,7.17,193.85,10,3,16,0.256,0.04,-5.092,-5.541,CN116023368A,2023,SHOUYAO HOLDINGS BEIJING CO LTD
O=C1CCC(N2C(=O)c3cccc(NCCCCNC(=O)c4ccc(-c5cc(-c6ccc([N+](=O)[O-])cc6)nc(-c6ccco6)c5)cc4)c3C2=O)C(=O)N1,O=[N+]([O-])c1ccc(-c2cc(-c3ccc([*:1])cc3)cc(-c3ccco3)n2)cc1,O=C(NCCCCN[*:2])[*:1],O=C1CCC(N2C(=O)c3cccc([*:2])c3C2=O)C(=O)N1,CRBN,CRBN,712.72,5.61,193.85,10,3,12,0.179,0.063,-5.243,-5.947,CN116023368A,2023,SHOUYAO HOLDINGS BEIJING CO LTD
O=C1CCC(N2C(=O)c3ccc(NCCCCNC(=O)c4ccc(-c5cc(-c6ccc([N+](=O)[O-])cc6)nc(-c6ccco6)c5)cc4)cc3C2=O)C(=O)N1,O=[N+]([O-])c1ccc(-c2cc(-c3ccc([*:1])cc3)cc(-c3ccco3)n2)cc1,O=C(NCCCCN[*:2])[*:1],O=C1CCC(N2C(=O)c3ccc([*:2])cc3C2=O)C(=O)N1,CRBN,CRBN,712.72,5.61,193.85,10,3,12,0.179,0.063,-5.14,-5.398,CN116023368A,2023,SHOUYAO HOLDINGS BEIJING CO LTD
NC(=O)c1ccc(-c2cc(-c3ccc(N4CCC(CN5CCN(c6cc7c(cc6F)C(=O)N(C6CCC(=O)NC6=O)C7=O)CC5)CC4)cc3)nc(-c3ccco3)c2)cc1,NC(=O)c1ccc(-c2cc(-c3ccc([*:1])cc3)nc(-c3ccco3)c2)cc1,C1CN([*:1])CCC1CN1CCN([*:2])CC1,O=C1CCC(N2C(=O)c3cc(F)c([*:2])cc3C2=O)C(=O)N1,CRBN,CRBN,795.87,5.35,162.39,10,2,9,0.289,0.186,-5.53,-4.486,CN116023368A,2023,SHOUYAO HOLDINGS BEIJING CO LTD
NC(=O)c1ccc(-c2cc(-c3ccc(N4CCC(CN5CCN(c6ccc7c(c6)C(=O)N(C6CCC(=O)NC6=O)C7=O)CC5)CC4)cc3)nc(-c3ccco3)c2)cc1,NC(=O)c1ccc(-c2cc(-c3ccc([*:1])cc3)nc(-c3ccco3)c2)cc1,C1CN([*:1])CCC1CN1CCN([*:2])CC1,O=C1CCC(N2C(=O)c3ccc([*:2])cc3C2=O)C(=O)N1,CRBN,CRBN,777.88,5.21,162.39,10,2,9,0.289,0.19,-5.512,-4.37,CN116023368A,2023,SHOUYAO HOLDINGS BEIJING CO LTD
O=C1CCC(N2C(=O)c3ccc(N4CCC(CN5CCN(C(=O)c6ccc(-c7cc(-c8ccc([N+](=O)[O-])cc8)nc(-c8ccco8)c7)cc6)CC5)CC4)cc3C2=O)C(=O)N1,O=[N+]([O-])c1ccc(-c2cc(-c3ccc([*:1])cc3)cc(-c3ccco3)n2)cc1,O=C(N1CCN(CC2CCN([*:2])CC2)CC1)[*:1],O=C1CCC(N2C(=O)c3ccc([*:2])cc3C2=O)C(=O)N1,CRBN,CRBN,807.86,5.66,179.51,11,1,9,0.289,0.11,-5.468,-5.029,CN116023368A,2023,SHOUYAO HOLDINGS BEIJING CO LTD
Cc1sc2c(c1C)C(c1ccc(Cl)cc1)=NC(CC(=O)Nc1ccc(OCCOCCOCCOCCNc3cccc4c3CN(C3CCC(=O)NC3=O)C4=O)cc1)c1nnc(C)n1-2,Cc1sc2c(c1C)C(c1ccc(Cl)cc1)=NC(CC(=O)Nc1ccc([*:1])cc1)c1nnc(C)n1-2,C(COCCOCCOCCO[*:1])N[*:2],O=C1CCC(N2Cc3c(cccc3[*:2])C2=O)C(=O)N1,SALL4,CRBN,909.47,6.13,187.6,13,3,19,0.37,0.064,-5.349,-4.344,WO2023074780A1,2023,SUMITOMO CHEMICAL CO. LTD. | TECHNO NETWORK SHIKOKU CO LTD | CELLFREE SCI CO LTD
O=C1CCC(N2C(=O)c3ccc(N4CCC(CN5CC6(C5)CN(c5ccc(-c7cnc8[nH]cc(C(=O)c9c(F)ccc(NS(=O)(=O)N%10CCC(F)C%10)c9F)c8c7)cc5)C6)CC4)cc3C2=O)C(=O)N1,O=C(c1c(F)ccc(NS(=O)(=O)N2CCC(F)C2)c1F)c1c[nH]c2ncc(-c3ccc(N4CC5(C4)CN([*:1])C5)cc3)cc12,C1CN([*:2])CCC1C[*:1],O=C1CCC(N2C(=O)c3ccc([*:2])cc3C2=O)C(=O)N1,RAF,CRBN,950.01,4.88,188.43,11,3,11,0.375,0.121,-5.632,-5.515,US20180179183A1,2018,ARVINAS INC | YALE UNIVERSITY
O=C1CCC(N2Cc3cc(N4CCC(CN5CC6CN(c7ccc(-c8cnc9[nH]cc(C(=O)c%10c(F)ccc(NS(=O)(=O)N%11CCC(F)C%11)c%10F)c9c8)cc7)CC6C5)CC4)ccc3C2=O)C(=O)N1,O=C(c1c(F)ccc(NS(=O)(=O)N2CCC(F)C2)c1F)c1c[nH]c2ncc(-c3ccc(N4CC5CN([*:1])CC5C4)cc3)cc12,C1CN([*:2])CCC1C[*:1],O=C1CCC(N2Cc3cc([*:2])ccc3C2=O)C(=O)N1,RAF,CRBN,950.06,5.49,171.36,10,3,11,0.408,0.114,-5.496,-5.122,US20180179183A1,2018,ARVINAS INC | YALE UNIVERSITY
O=C1CCC(N2C(=O)c3ccc(N4CC(N5CCN(c6ccc(-c7cnc8[nH]cc(C(=O)c9c(F)ccc(NS(=O)(=O)N%10CCC(F)C%10)c9F)c8c7)cc6)CC5)C4)cc3C2=O)C(=O)N1,O=C(c1c(F)ccc(NS(=O)(=O)N2CCC(F)C2)c1F)c1c[nH]c2ncc(-c3ccc([*:1])cc3)cc12,C1CN([*:1])CCN1C1CN([*:2])C1,O=C1CCC(N2C(=O)c3ccc([*:2])cc3C2=O)C(=O)N1,RAF,CRBN,895.92,3.85,188.43,11,3,10,0.318,0.137,-5.564,-4.467,US20180179183A1,2018,ARVINAS INC | YALE UNIVERSITY
O=C1CCC(N2C(=O)c3cc(F)c(N4CCN(CC5CCN(c6ccc(-c7cnc8[nH]cc(C(=O)c9c(F)ccc(NS(=O)(=O)N%10CCC(F)C%10)c9F)c8c7)cc6)CC5)CC4)cc3C2=O)C(=O)N1,O=C(c1c(F)ccc(NS(=O)(=O)N2CCC(F)C2)c1F)c1c[nH]c2ncc(-c3ccc([*:1])cc3)cc12,C1CN([*:1])CCC1CN1CCN([*:2])CC1,O=C1CCC(N2C(=O)c3cc(F)c([*:2])cc3C2=O)C(=O)N1,RAF,CRBN,955.99,5.02,188.43,11,3,11,0.362,0.092,-5.48,-6.234,US20180179183A1,2018,ARVINAS INC | YALE UNIVERSITY
O=C1CCC(N2Cc3cc(N4CCN(CC5CCN(c6ccc(Oc7c(-c8ccc(Br)cc8)sc8cc(OCc9ccccc9)ccc78)cc6)CC5)CC4)ccc3C2=O)C(=O)N1,Brc1ccc(-c2sc3cc(OCc4ccccc4)ccc3c2Oc2ccc([*:1])cc2)cc1,C1CN([*:1])CCC1CN1CCN([*:2])CC1,O=C1CCC(N2Cc3cc([*:2])ccc3C2=O)C(=O)N1,ER,CRBN,910.93,9.5,94.66,9,1,11,0.3,0.129,-5.342,-5.927,US20180237418A1,2018,ARVINAS INC | YALE UNIVERSITY
O=C1CCC(N2C(=O)c3ccc(N4CC(CN5CCC(c6ccc(Oc7c(-c8ccc(Br)cc8)sc8cc(OCc9ccccc9)ccc78)cc6)CC5)C4)cc3C2=O)C(=O)N1,Brc1ccc(-c2sc3cc(OCc4ccccc4)ccc3c2Oc2ccc([*:1])cc2)cc1,C1CN(CC2CN([*:2])C2)CCC1[*:1],O=C1CCC(N2C(=O)c3ccc([*:2])cc3C2=O)C(=O)N1,ER,CRBN,895.88,9.42,108.49,9,1,11,0.265,0.128,-5.582,-6.214,US20180237418A1,2018,ARVINAS INC | YALE UNIVERSITY
O=C1CCC(N2Cc3cc(N4CCN(CCCCCOc5ccc(Oc6c(-c7ccc(Br)cc7)sc7cc(OCc8ccccc8)ccc67)cc5)CC4)ccc3C2=O)C(=O)N1,Brc1ccc(-c2sc3cc(OCc4ccccc4)ccc3c2Oc2ccc([*:1])cc2)cc1,C(CCO[*:1])CCN1CCN([*:2])CC1,O=C1CCC(N2Cc3cc([*:2])ccc3C2=O)C(=O)N1,ER,CRBN,899.91,9.83,100.65,9,1,15,0.286,0.08,-5.138,-5.647,US20180237418A1,2018,ARVINAS INC | YALE UNIVERSITY
O=C1CCC(N2Cc3c(OCCOCCOCCOc4ccc(Oc5c(-c6ccc(Br)cc6)sc6cc(OCc7ccccc7)ccc56)cc4)cccc3C2=O)C(=O)N1,Brc1ccc(-c2sc3cc(OCc4ccccc4)ccc3c2Oc2ccc([*:1])cc2)cc1,C(COCCO[*:2])OCCO[*:1],O=C1CCC(N2Cc3c(cccc3[*:2])C2=O)C(=O)N1,ER,CRBN,877.81,8.95,121.86,10,1,18,0.239,0.067,-5.336,-5.56,US20180237418A1,2018,ARVINAS INC | YALE UNIVERSITY
O=C1CCC(N2Cc3c(OCCOCCOc4ccc(Oc5c(-c6ccc(Br)cc6)sc6cc(OCc7ccccc7)ccc56)cc4)cccc3C2=O)C(=O)N1,Brc1ccc(-c2sc3cc(OCc4ccccc4)ccc3c2Oc2ccc([*:1])cc2)cc1,C(CO[*:1])OCCO[*:2],O=C1CCC(N2Cc3c(cccc3[*:2])C2=O)C(=O)N1,ER,CRBN,833.76,8.94,112.63,9,1,15,0.205,0.081,-5.391,-5.706,US20180237418A1,2018,ARVINAS INC | YALE UNIVERSITY
O=C1CCC(N2C(=O)c3ccc(N4CCN(CC5CCN(c6ccc(Oc7c(-c8ccc(O)cc8)sc8cc(O)ccc78)cc6)CC5)CC4)cc3C2=O)C(=O)N1,Oc1ccc(-c2sc3cc(O)ccc3c2Oc2ccc([*:1])cc2)cc1,C1CN([*:1])CCC1CN1CCN([*:2])CC1,O=C1CCC(N2C(=O)c3ccc([*:2])cc3C2=O)C(=O)N1,ER,CRBN,771.9,6.21,142.96,11,3,8,0.302,0.156,-5.85,-5.801,US20180237418A1,2018,ARVINAS INC | YALE UNIVERSITY
O=C1CCC(N2Cc3cc(N4CCN(CC5CCN(c6ccc(Oc7c(-c8ccc(O)cc8)sc8cc(O)ccc78)cc6)CC5)CC4)ccc3C2=O)C(=O)N1,Oc1ccc(-c2sc3cc(O)ccc3c2Oc2ccc([*:1])cc2)cc1,C1CN([*:1])CCC1CN1CCN([*:2])CC1,O=C1CCC(N2Cc3cc([*:2])ccc3C2=O)C(=O)N1,ER,CRBN,757.91,6.57,125.89,10,3,8,0.326,0.151,-5.773,-5.241,US20180237418A1,2018,ARVINAS INC | YALE UNIVERSITY
O=C1CCC(N2Cc3cc(N4CC(CN5CCC(c6ccc(Oc7c(-c8ccc(Br)cc8)sc8cc(O)ccc78)cc6)CC5)C4)ccc3C2=O)C(=O)N1,Oc1ccc2c(Oc3ccc([*:1])cc3)c(-c3ccc(Br)cc3)sc2c1,C1CN(CC2CN([*:2])C2)CCC1[*:1],O=C1CCC(N2Cc3cc([*:2])ccc3C2=O)C(=O)N1,ER,CRBN,791.77,7.91,102.42,8,2,8,0.31,0.154,-5.606,-5.875,US20180237418A1,2018,ARVINAS INC | YALE UNIVERSITY
COc1ccc(-c2sc3cc(O)ccc3c2Oc2ccc(N3CCC(CN4CCN(c5ccc6c(c5)C(=O)N(C5CCC(=O)NC5=O)C6=O)CC4)CC3)cc2)cc1,COc1ccc(-c2sc3cc(O)ccc3c2Oc2ccc([*:1])cc2)cc1,C1CN([*:1])CCC1CN1CCN([*:2])CC1,O=C1CCC(N2C(=O)c3ccc([*:2])cc3C2=O)C(=O)N1,ER,CRBN,785.92,6.51,131.96,11,2,9,0.318,0.16,-5.815,-6.055,US20180237418A1,2018,ARVINAS INC | YALE UNIVERSITY
COc1ccc(-c2sc3cc(O)ccc3c2Oc2ccc(N3CCC(CN4CCN(c5ccc6c(c5)CN(C5CCC(=O)NC5=O)C6=O)CC4)CC3)cc2)cc1,COc1ccc(-c2sc3cc(O)ccc3c2Oc2ccc([*:1])cc2)cc1,C1CN([*:1])CCC1CN1CCN([*:2])CC1,O=C1CCC(N2Cc3cc([*:2])ccc3C2=O)C(=O)N1,ER,CRBN,771.94,6.87,114.89,10,2,9,0.341,0.155,-5.76,-5.6,US20180237418A1,2018,ARVINAS INC | YALE UNIVERSITY
O=C1CCC(N2Cc3cc(N4CCN(CC5CCN(c6ccc(Oc7c(-c8ccc(Br)cc8)sc8cc(O)ccc78)cc6)CC5)CC4)ccc3C2=O)C(=O)N1,Oc1ccc2c(Oc3ccc([*:1])cc3)c(-c3ccc(Br)cc3)sc2c1,C1CN([*:1])CCC1CN1CCN([*:2])CC1,O=C1CCC(N2Cc3cc([*:2])ccc3C2=O)C(=O)N1,ER,CRBN,820.81,7.63,105.66,9,2,8,0.326,0.154,-5.53,-5.652,US20180237418A1,2018,ARVINAS INC | YALE UNIVERSITY
O=C1CCC(N2Cc3cc(N4CCN(CCC5CCN(c6ccc(Oc7c(-c8ccc(F)cc8)sc8cc(O)ccc78)cc6)CC5)CC4)ccc3C2=O)C(=O)N1,Oc1ccc2c(Oc3ccc([*:1])cc3)c(-c3ccc(F)cc3)sc2c1,C(CN1CCN([*:2])CC1)C1CCN([*:1])CC1,O=C1CCC(N2Cc3cc([*:2])ccc3C2=O)C(=O)N1,ER,CRBN,773.93,7.4,105.66,9,2,9,0.341,0.15,-5.456,-5.094,US20180237418A1,2018,ARVINAS INC | YALE UNIVERSITY
O=C1CCC(N2C(=O)c3ccc(N4CCN(CC5CCN(c6ccc(Oc7c(-c8ccc(Br)cc8)sc8cc(O)ccc78)cc6)CC5)CC4)cc3C2=O)C(=O)N1,Oc1ccc2c(Oc3ccc([*:1])cc3)c(-c3ccc(Br)cc3)sc2c1,C1CN([*:1])CCC1CN1CCN([*:2])CC1,O=C1CCC(N2C(=O)c3ccc([*:2])cc3C2=O)C(=O)N1,ER,CRBN,834.79,7.27,122.73,10,2,8,0.302,0.156,-5.519,-5.964,US20180237418A1,2018,ARVINAS INC | YALE UNIVERSITY
O=C1CCC(N2C(=O)c3ccc(N4CCN(CC5CCN(c6ccc(Oc7c(-c8ccc(F)cc8)sc8cc(O)ccc78)cc6)CC5)CC4)cc3C2=O)C(=O)N1,Oc1ccc2c(Oc3ccc([*:1])cc3)c(-c3ccc(F)cc3)sc2c1,C1CN([*:1])CCC1CN1CCN([*:2])CC1,O=C1CCC(N2C(=O)c3ccc([*:2])cc3C2=O)C(=O)N1,ER,CRBN,773.89,6.65,122.73,10,2,8,0.302,0.167,-5.562,-5.473,US20180237418A1,2018,ARVINAS INC | YALE UNIVERSITY
O=C1CCC(N2Cc3cc(N4CCN(CC5CCN(c6ccc(Oc7c(-c8ccc(F)cc8)sc8cc(O)ccc78)cc6)CC5)CC4)ccc3C2=O)C(=O)N1,Oc1ccc2c(Oc3ccc([*:1])cc3)c(-c3ccc(F)cc3)sc2c1,C1CN([*:1])CCC1CN1CCN([*:2])CC1,O=C1CCC(N2Cc3cc([*:2])ccc3C2=O)C(=O)N1,ER,CRBN,759.9,7.0,105.66,9,2,8,0.326,0.163,-5.569,-5.303,US20180237418A1,2018,ARVINAS INC | YALE UNIVERSITY
O=C1CCC(N2C(=O)c3ccc(N4CC(CN5CCC(c6ccc(Oc7c(-c8ccc(Br)cc8)sc8cc(O)ccc78)cc6)CC5)C4)cc3C2=O)C(=O)N1,Oc1ccc2c(Oc3ccc([*:1])cc3)c(-c3ccc(Br)cc3)sc2c1,C1CN(CC2CN([*:2])C2)CCC1[*:1],O=C1CCC(N2C(=O)c3ccc([*:2])cc3C2=O)C(=O)N1,ER,CRBN,805.75,7.55,119.49,9,2,8,0.286,0.155,-5.621,-5.984,US20180237418A1,2018,ARVINAS INC | YALE UNIVERSITY
O=C1CCC(N2Cc3cc(N4CCN(CC5CCN(CCOc6ccc(Oc7c(-c8ccc(C(F)(F)F)cc8)sc8cc(O)ccc78)cc6)CC5)CC4)c(F)cc3C2=O)C(=O)N1,Oc1ccc2c(Oc3ccc([*:1])cc3)c(-c3ccc(C(F)(F)F)cc3)sc2c1,C(CN1CCC(CN2CCN([*:2])CC2)CC1)O[*:1],O=C1CCC(N2Cc3cc([*:2])c(F)cc3C2=O)C(=O)N1,ER,CRBN,871.95,7.9,114.89,10,2,11,0.37,0.101,-5.667,-5.935,US20180237418A1,2018,ARVINAS INC | YALE UNIVERSITY
O=C1CCC(N2C(=O)c3ccc(N4CCN(CC5CCN(CCOc6ccc(Oc7c(-c8ccc(C(F)(F)F)cc8)sc8cc(O)ccc78)cc6)CC5)CC4)cc3C2=O)C(=O)N1,Oc1ccc2c(Oc3ccc([*:1])cc3)c(-c3ccc(C(F)(F)F)cc3)sc2c1,C(CN1CCC(CN2CCN([*:2])CC2)CC1)O[*:1],O=C1CCC(N2C(=O)c3ccc([*:2])cc3C2=O)C(=O)N1,ER,CRBN,867.95,7.4,131.96,11,2,11,0.348,0.13,-5.702,-5.831,US20180237418A1,2018,ARVINAS INC | YALE UNIVERSITY
O=C1CCC(N2Cc3c(ccc(N4CCN(CC5CCN(CCOc6ccc(Oc7c(-c8ccc(C(F)(F)F)cc8)sc8cc(O)ccc78)cc6)CC5)CC4)c3F)C2=O)C(=O)N1,Oc1ccc2c(Oc3ccc([*:1])cc3)c(-c3ccc(C(F)(F)F)cc3)sc2c1,C(CN1CCC(CN2CCN([*:2])CC2)CC1)O[*:1],O=C1CCC(N2Cc3c(ccc([*:2])c3F)C2=O)C(=O)N1,ER,CRBN,871.95,7.9,114.89,10,2,11,0.37,0.101,-5.602,-5.916,US20180237418A1,2018,ARVINAS INC | YALE UNIVERSITY
O=C1CCC(N2Cc3cc(N4CCN(CC5CCN(CCOc6ccc(Oc7c(-c8ccc(C(F)(F)F)cc8)sc8cc(O)ccc78)cc6)CC5)CC4)ccc3C2=O)C(=O)N1,Oc1ccc2c(Oc3ccc([*:1])cc3)c(-c3ccc(C(F)(F)F)cc3)sc2c1,C(CN1CCC(CN2CCN([*:2])CC2)CC1)O[*:1],O=C1CCC(N2Cc3cc([*:2])ccc3C2=O)C(=O)N1,ER,CRBN,853.96,7.76,114.89,10,2,11,0.37,0.129,-5.681,-5.806,US20180237418A1,2018,ARVINAS INC | YALE UNIVERSITY
O=C1CCC(N2C(=O)c3ccc(N4CCN(CC5CCN(CCOc6ccc(Oc7c(-c8ccc(Br)cc8)sc8cc(O)ccc78)cc6)CC5)CC4)cc3C2=O)C(=O)N1,Oc1ccc2c(Oc3ccc([*:1])cc3)c(-c3ccc(Br)cc3)sc2c1,C(CN1CCC(CN2CCN([*:2])CC2)CC1)O[*:1],O=C1CCC(N2C(=O)c3ccc([*:2])cc3C2=O)C(=O)N1,ER,CRBN,878.85,7.14,131.96,11,2,11,0.333,0.132,-5.591,-5.321,US20180237418A1,2018,ARVINAS INC | YALE UNIVERSITY
Cc1ncsc1-c1ccc(C(C)NC(=O)C2CC(O)CN2C(=O)C(NC(=O)COCCOCCOCCOc2ccc(Oc3c(-c4ccc(Br)cc4)sc4cc(O)ccc34)cc2)C(C)(C)C)cc1,Oc1ccc2c(Oc3ccc([*:1])cc3)c(-c3ccc(Br)cc3)sc2c1,O=C(COCCOCCOCCO[*:1])[*:2],Cc1ncsc1-c1ccc(C(C)NC(=O)C2CC(O)CN2C(=O)C(N[*:2])C(C)(C)C)cc1,ER,VHL,1030.07,9.06,178.01,13,4,21,0.373,0.051,-5.864,-5.582,US20180237418A1,2018,ARVINAS INC | YALE UNIVERSITY
Cc1ncsc1-c1ccc(C(C)NC(=O)C2CC(O)CN2C(=O)C(NC(=O)COCCOCCOCCOc2ccc(Oc3c(-c4ccc(F)cc4)sc4cc(O)ccc34)cc2)C(C)(C)C)cc1,Oc1ccc2c(Oc3ccc([*:1])cc3)c(-c3ccc(F)cc3)sc2c1,O=C(COCCOCCOCCO[*:1])[*:2],Cc1ncsc1-c1ccc(C(C)NC(=O)C2CC(O)CN2C(=O)C(N[*:2])C(C)(C)C)cc1,ER,VHL,969.17,8.44,178.01,13,4,21,0.373,0.051,-5.963,-5.125,US20180237418A1,2018,ARVINAS INC | YALE UNIVERSITY
O=C1CCC(N2Cc3cc(NCCOCCOCCOc4ccc(Oc5c(-c6ccc(Br)cc6)sc6cc(O)ccc56)cc4)ccc3C2=O)C(=O)N1,Oc1ccc2c(Oc3ccc([*:1])cc3)c(-c3ccc(Br)cc3)sc2c1,C(COCCOCCO[*:1])N[*:2],O=C1CCC(N2Cc3cc([*:2])ccc3C2=O)C(=O)N1,ER,CRBN,786.7,7.11,135.66,10,3,15,0.256,0.075,-5.525,-4.451,US20180237418A1,2018,ARVINAS INC | YALE UNIVERSITY
O=C1CCC(N2C(=O)c3ccc(OCCOCCOCCOc4ccc(Oc5c(-c6ccc(Br)cc6)sc6cc(O)ccc56)cc4)cc3C2=O)C(=O)N1,Oc1ccc2c(Oc3ccc([*:1])cc3)c(-c3ccc(Br)cc3)sc2c1,C(COCCO[*:2])OCCO[*:1],O=C1CCC(N2C(=O)c3ccc([*:2])cc3C2=O)C(=O)N1,ER,CRBN,801.67,6.72,149.93,11,2,15,0.231,0.086,-5.578,-4.619,US20180237418A1,2018,ARVINAS INC | YALE UNIVERSITY
O=C1CCC(N2C(=O)c3ccc(NCCOCCOc4ccc(Oc5c(-c6ccc(Br)cc6)sc6cc(O)ccc56)cc4)cc3C2=O)C(=O)N1,Oc1ccc2c(Oc3ccc([*:1])cc3)c(-c3ccc(Br)cc3)sc2c1,C(COCCO[*:1])N[*:2],O=C1CCC(N2C(=O)c3ccc([*:2])cc3C2=O)C(=O)N1,ER,CRBN,756.63,6.74,143.5,10,3,12,0.189,0.093,-5.654,-5.186,US20180237418A1,2018,ARVINAS INC | YALE UNIVERSITY
O=C1CCC(N2Cc3cc(NCCOCCOc4ccc(Oc5c(-c6ccc(Br)cc6)sc6cc(O)ccc56)cc4)ccc3C2=O)C(=O)N1,Oc1ccc2c(Oc3ccc([*:1])cc3)c(-c3ccc(Br)cc3)sc2c1,C(COCCO[*:1])N[*:2],O=C1CCC(N2Cc3cc([*:2])ccc3C2=O)C(=O)N1,ER,CRBN,742.65,7.1,126.43,9,3,12,0.216,0.091,-5.589,-4.748,US20180237418A1,2018,ARVINAS INC | YALE UNIVERSITY
O=C1CCC(N2C(=O)c3ccc(NCCOCCOCCOc4ccc(Oc5c(-c6ccc(Br)cc6)sc6cc(O)ccc56)cc4)cc3C2=O)C(=O)N1,Oc1ccc2c(Oc3ccc([*:1])cc3)c(-c3ccc(Br)cc3)sc2c1,C(COCCOCCO[*:1])N[*:2],O=C1CCC(N2C(=O)c3ccc([*:2])cc3C2=O)C(=O)N1,ER,CRBN,800.68,6.75,152.73,11,3,15,0.231,0.077,-5.572,-4.823,US20180237418A1,2018,ARVINAS INC | YALE UNIVERSITY
O=C1CCC(N2C(=O)c3ccc(OCCOCCOc4ccc(Oc5c(-c6ccc(Br)cc6)sc6cc(O)ccc56)cc4)cc3C2=O)C(=O)N1,Oc1ccc2c(Oc3ccc([*:1])cc3)c(-c3ccc(Br)cc3)sc2c1,C(CO[*:1])OCCO[*:2],O=C1CCC(N2C(=O)c3ccc([*:2])cc3C2=O)C(=O)N1,ER,CRBN,757.62,6.7,140.7,10,2,12,0.189,0.105,-5.589,-5.25,US20180237418A1,2018,ARVINAS INC | YALE UNIVERSITY
O=C1CCC(N2C(=O)c3ccc(N4CCN(CCCCCOc5ccc(Oc6c(-c7ccc(Br)cc7)sc7cc(O)ccc67)cc5)CC4)cc3C2=O)C(=O)N1,Oc1ccc2c(Oc3ccc([*:1])cc3)c(-c3ccc(Br)cc3)sc2c1,C(CCO[*:1])CCN1CCN([*:2])CC1,O=C1CCC(N2C(=O)c3ccc([*:2])cc3C2=O)C(=O)N1,ER,CRBN,823.77,7.6,128.72,10,2,12,0.286,0.097,-5.465,-5.339,US20180237418A1,2018,ARVINAS INC | YALE UNIVERSITY
O=C1CCC(N2C(=O)c3ccc(N4CCN(CCOc5ccc(Oc6c(-c7ccc(Br)cc7)sc7cc(O)ccc67)cc5)CC4)cc3C2=O)C(=O)N1,Oc1ccc2c(Oc3ccc([*:1])cc3)c(-c3ccc(Br)cc3)sc2c1,C(CN1CCN([*:2])CC1)O[*:1],O=C1CCC(N2C(=O)c3ccc([*:2])cc3C2=O)C(=O)N1,ER,CRBN,781.68,6.43,128.72,10,2,9,0.231,0.163,-5.378,-5.294,US20180237418A1,2018,ARVINAS INC | YALE UNIVERSITY
O=C1CCC(N2Cc3cc(N4CCN(CCOc5ccc(Oc6c(-c7ccc(Br)cc7)sc7cc(O)ccc67)cc5)CC4)ccc3C2=O)C(=O)N1,Oc1ccc2c(Oc3ccc([*:1])cc3)c(-c3ccc(Br)cc3)sc2c1,C(CN1CCN([*:2])CC1)O[*:1],O=C1CCC(N2Cc3cc([*:2])ccc3C2=O)C(=O)N1,ER,CRBN,767.7,6.79,111.65,9,2,9,0.256,0.158,-5.415,-4.826,US20180237418A1,2018,ARVINAS INC | YALE UNIVERSITY
O=C1CCC(N2Cc3cc(N4CCN(CCCCCOc5ccc(Oc6c(-c7ccc(Br)cc7)sc7cc(O)ccc67)cc5)CC4)ccc3C2=O)C(=O)N1,Oc1ccc2c(Oc3ccc([*:1])cc3)c(-c3ccc(Br)cc3)sc2c1,C(CCO[*:1])CCN1CCN([*:2])CC1,O=C1CCC(N2Cc3cc([*:2])ccc3C2=O)C(=O)N1,ER,CRBN,809.78,7.96,111.65,9,2,12,0.31,0.097,-5.454,-5.152,US20180237418A1,2018,ARVINAS INC | YALE UNIVERSITY
O=C1CCC(N2Cc3cc(OCCOCCOCCOc4ccc(Oc5c(-c6ccc(Br)cc6)sc6cc(O)ccc56)cc4)ccc3C2=O)C(=O)N1,Oc1ccc2c(Oc3ccc([*:1])cc3)c(-c3ccc(Br)cc3)sc2c1,C(COCCO[*:2])OCCO[*:1],O=C1CCC(N2Cc3cc([*:2])ccc3C2=O)C(=O)N1,ER,CRBN,787.69,7.08,132.86,10,2,15,0.256,0.084,-5.541,-4.407,US20180237418A1,2018,ARVINAS INC | YALE UNIVERSITY
O=C1CCC(N2Cc3cc(OCCOCCOc4ccc(Oc5c(-c6ccc(Br)cc6)sc6cc(O)ccc56)cc4)ccc3C2=O)C(=O)N1,Oc1ccc2c(Oc3ccc([*:1])cc3)c(-c3ccc(Br)cc3)sc2c1,C(CO[*:1])OCCO[*:2],O=C1CCC(N2Cc3cc([*:2])ccc3C2=O)C(=O)N1,ER,CRBN,743.63,7.06,123.63,9,2,12,0.216,0.103,-5.538,-4.852,US20180237418A1,2018,ARVINAS INC | YALE UNIVERSITY
O=C1CCC(N2C(=O)c3cccc(NCCOCCOc4ccc(Oc5c(-c6ccc(Br)cc6)sc6cc(O)ccc56)cc4)c3C2=O)C(=O)N1,Oc1ccc2c(Oc3ccc([*:1])cc3)c(-c3ccc(Br)cc3)sc2c1,C(COCCO[*:1])N[*:2],O=C1CCC(N2C(=O)c3cccc([*:2])c3C2=O)C(=O)N1,ER,CRBN,756.63,6.74,143.5,10,3,12,0.189,0.093,-5.603,-5.35,US20180237418A1,2018,ARVINAS INC | YALE UNIVERSITY
O=C1CCC(N2Cc3c(NCCOCCOc4ccc(Oc5c(-c6ccc(Br)cc6)sc6cc(O)ccc56)cc4)cccc3C2=O)C(=O)N1,Oc1ccc2c(Oc3ccc([*:1])cc3)c(-c3ccc(Br)cc3)sc2c1,C(COCCO[*:1])N[*:2],O=C1CCC(N2Cc3c(cccc3[*:2])C2=O)C(=O)N1,ER,CRBN,742.65,7.1,126.43,9,3,12,0.216,0.091,-5.559,-5.006,US20180237418A1,2018,ARVINAS INC | YALE UNIVERSITY
O=C1CCC(N2C(=O)c3cccc(NCCOCCOCCOc4ccc(Oc5c(-c6ccc(Br)cc6)sc6cc(O)ccc56)cc4)c3C2=O)C(=O)N1,Oc1ccc2c(Oc3ccc([*:1])cc3)c(-c3ccc(Br)cc3)sc2c1,C(COCCOCCO[*:1])N[*:2],O=C1CCC(N2C(=O)c3cccc([*:2])c3C2=O)C(=O)N1,ER,CRBN,800.68,6.75,152.73,11,3,15,0.231,0.077,-5.607,-5.03,US20180237418A1,2018,ARVINAS INC | YALE UNIVERSITY
O=C1CCC(N2Cc3c(OCCOCCOCCOCCOCCOc4ccc(Oc5c(-c6ccc(Br)cc6)sc6cc(O)ccc56)cc4)cccc3C2=O)C(=O)N1,Oc1ccc2c(Oc3ccc([*:1])cc3)c(-c3ccc(Br)cc3)sc2c1,C(COCCOCCO[*:2])OCCOCCO[*:1],O=C1CCC(N2Cc3c(cccc3[*:2])C2=O)C(=O)N1,ER,CRBN,875.79,7.11,151.32,12,2,21,0.326,0.057,-5.555,-3.924,US20180237418A1,2018,ARVINAS INC | YALE UNIVERSITY
O=C1CCC(N2Cc3c(NCCOCCOCCOc4ccc(Oc5c(-c6ccc(Br)cc6)sc6cc(O)ccc56)cc4)cccc3C2=O)C(=O)N1,Oc1ccc2c(Oc3ccc([*:1])cc3)c(-c3ccc(Br)cc3)sc2c1,C(COCCOCCO[*:1])N[*:2],O=C1CCC(N2Cc3c(cccc3[*:2])C2=O)C(=O)N1,ER,CRBN,786.7,7.11,135.66,10,3,15,0.256,0.075,-5.56,-4.674,US20180237418A1,2018,ARVINAS INC | YALE UNIVERSITY
O=C1CCC(N2C(=O)c3cccc(NCCOCCOCCOCCOc4ccc(Oc5c(-c6ccc(Br)cc6)sc6cc(O)ccc56)cc4)c3C2=O)C(=O)N1,Oc1ccc2c(Oc3ccc([*:1])cc3)c(-c3ccc(Br)cc3)sc2c1,C(COCCOCCOCCO[*:1])N[*:2],O=C1CCC(N2C(=O)c3cccc([*:2])c3C2=O)C(=O)N1,ER,CRBN,844.74,6.77,161.96,12,3,18,0.268,0.063,-5.524,-4.629,US20180237418A1,2018,ARVINAS INC | YALE UNIVERSITY
O=C1CCC(N2Cc3c(NCCOCCOCCOCCOc4ccc(Oc5c(-c6ccc(Br)cc6)sc6cc(O)ccc56)cc4)cccc3C2=O)C(=O)N1,Oc1ccc2c(Oc3ccc([*:1])cc3)c(-c3ccc(Br)cc3)sc2c1,C(COCCOCCOCCO[*:1])N[*:2],O=C1CCC(N2Cc3c(cccc3[*:2])C2=O)C(=O)N1,ER,CRBN,830.75,7.13,144.89,11,3,18,0.293,0.062,-5.516,-4.264,US20180237418A1,2018,ARVINAS INC | YALE UNIVERSITY
O=C1CCC(N2Cc3c(OCCOCCOCCOc4ccc(Oc5c(-c6ccc(Br)cc6)sc6cc(O)ccc56)cc4)cccc3C2=O)C(=O)N1,Oc1ccc2c(Oc3ccc([*:1])cc3)c(-c3ccc(Br)cc3)sc2c1,C(COCCO[*:2])OCCO[*:1],O=C1CCC(N2Cc3c(cccc3[*:2])C2=O)C(=O)N1,ER,CRBN,787.69,7.08,132.86,10,2,15,0.256,0.084,-5.511,-4.44,US20180237418A1,2018,ARVINAS INC | YALE UNIVERSITY
O=C1CCC(N2Cc3c(OCCOCCOc4ccc(Oc5c(-c6ccc(Br)cc6)sc6cc(O)ccc56)cc4)cccc3C2=O)C(=O)N1,Oc1ccc2c(Oc3ccc([*:1])cc3)c(-c3ccc(Br)cc3)sc2c1,C(CO[*:1])OCCO[*:2],O=C1CCC(N2Cc3c(cccc3[*:2])C2=O)C(=O)N1,ER,CRBN,743.63,7.06,123.63,9,2,12,0.216,0.103,-5.555,-4.776,US20180237418A1,2018,ARVINAS INC | YALE UNIVERSITY
CCC(=C(c1ccc(Cl)cc1)c1ccc(OCCN2CCC(CN3CCN(c4ccc5c(c4)C(=O)N(C4CCC(=O)NC4=O)C5=O)CC3)CC2)cc1)c1ccccc1,CCC(=C(c1ccc(Cl)cc1)c1ccc([*:1])cc1)c1ccccc1,C(CN1CCC(CN2CCN([*:2])CC2)CC1)O[*:1],O=C1CCC(N2C(=O)c3ccc([*:2])cc3C2=O)C(=O)N1,ER,CRBN,800.4,7.02,102.5,8,1,12,0.362,0.121,-5.485,-5.604,WO2022217010A1,2022,ENDOTARGET INC | ENHANCEDBIO INC
CCC(=C(c1ccc(Br)cc1)c1ccc(N2CCC(CCN3CCN(c4ccc5c(c4)CN(C4CCC(=O)NC4=O)C5=O)CC3)CC2)cc1)c1ccccc1,CCC(=C(c1ccc(Br)cc1)c1ccc([*:1])cc1)c1ccccc1,C(CN1CCN([*:2])CC1)C1CCN([*:1])CC1,O=C1CCC(N2Cc3cc([*:2])ccc3C2=O)C(=O)N1,ER,CRBN,800.84,8.01,76.2,6,1,10,0.37,0.13,-5.031,-6.346,WO2022217010A1,2022,ENDOTARGET INC | ENHANCEDBIO INC
CCC(=C(c1ccc(Br)cc1)c1ccc(N2CCC(CN3CCN(c4ccc5c(c4)CN(C4CCC(=O)NC4=O)C5=O)CC3)CC2)cc1)c1ccccc1,CCC(=C(c1ccc(Br)cc1)c1ccc([*:1])cc1)c1ccccc1,C1CN([*:1])CCC1CN1CCN([*:2])CC1,O=C1CCC(N2Cc3cc([*:2])ccc3C2=O)C(=O)N1,ER,CRBN,786.81,7.62,76.2,6,1,9,0.356,0.139,-5.214,-6.218,WO2022217010A1,2022,ENDOTARGET INC | ENHANCEDBIO INC
CCC(=C(c1ccc(Cl)cc1)c1ccc(OCCN2CCN(c3ccc4c(c3)C(=O)N(C3CCC(=O)NC3=O)C4=O)CC2)cc1)c1ccccc1,CCC(=C(c1ccc(Cl)cc1)c1ccc([*:1])cc1)c1ccccc1,C(CN1CCN([*:2])CC1)O[*:1],O=C1CCC(N2C(=O)c3ccc([*:2])cc3C2=O)C(=O)N1,ER,CRBN,703.24,6.31,99.26,7,1,10,0.268,0.153,-5.137,-5.754,WO2022217010A1,2022,ENDOTARGET INC | ENHANCEDBIO INC
CCC(=C(c1ccc(OCCN2CCC(CN3CCN(c4ccc5c(c4)CN(C4CCC(=O)NC4=O)C5=O)CC3)CC2)cc1)c1ccc(B(O)O)cc1)c1ccccc1,CCC(=C(c1ccc(B(O)O)cc1)c1ccc([*:1])cc1)c1ccccc1,C(CN1CCC(CN2CCN([*:2])CC2)CC1)O[*:1],O=C1CCC(N2Cc3cc([*:2])ccc3C2=O)C(=O)N1,ER,CRBN,795.79,4.41,125.89,9,3,13,0.383,0.103,-5.631,-4.375,WO2022217010A1,2022,ENDOTARGET INC | ENHANCEDBIO INC
CCC(=C(c1ccc(B(O)O)cc1)c1ccc(N2CCN(CCC3CCN(c4ccc5c(c4)CN(C4CCC(=O)NC4=O)C5=O)CC3)CC2)cc1)c1ccccc1,CCC(=C(c1ccc(B(O)O)cc1)c1ccc([*:1])cc1)c1ccccc1,C(CN1CCN([*:1])CC1)C1CCN([*:2])CC1,O=C1CCC(N2Cc3cc([*:2])ccc3C2=O)C(=O)N1,ER,CRBN,765.76,4.93,116.66,8,3,11,0.37,0.112,-5.629,-4.566,WO2022217010A1,2022,ENDOTARGET INC | ENHANCEDBIO INC
CCC(=C(c1ccc(B(O)O)cc1)c1ccc(N2CCN(CCC3CCN(c4ccc5c(c4)C(=O)N(C4CCC(=O)NC4=O)C5=O)CC3)CC2)cc1)c1ccccc1,CCC(=C(c1ccc(B(O)O)cc1)c1ccc([*:1])cc1)c1ccccc1,C(CN1CCN([*:1])CC1)C1CCN([*:2])CC1,O=C1CCC(N2C(=O)c3ccc([*:2])cc3C2=O)C(=O)N1,ER,CRBN,779.75,4.57,133.73,9,3,11,0.348,0.114,-5.576,-4.782,WO2022217010A1,2022,ENDOTARGET INC | ENHANCEDBIO INC
CCC(=C(c1ccc(B(O)O)cc1)c1ccc(N2CCC(CCN3CCN(c4ccc5c(c4)C(=O)N(C4CCC(=O)NC4=O)C5=O)CC3)CC2)cc1)c1ccccc1,CCC(=C(c1ccc(B(O)O)cc1)c1ccc([*:1])cc1)c1ccccc1,C(CN1CCN([*:2])CC1)C1CCN([*:1])CC1,O=C1CCC(N2C(=O)c3ccc([*:2])cc3C2=O)C(=O)N1,ER,CRBN,779.75,4.57,133.73,9,3,11,0.348,0.114,-5.576,-4.779,WO2022217010A1,2022,ENDOTARGET INC | ENHANCEDBIO INC
CCC(=C(c1ccc(OCCN2CCN(c3ccc4c(c3)C(=O)N(C3CCC(=O)NC3=O)C4=O)CC2)cc1)c1ccc(B(O)O)cc1)c1ccccc1,CCC(=C(c1ccc(B(O)O)cc1)c1ccc([*:1])cc1)c1ccccc1,C(CN1CCN([*:2])CC1)O[*:1],O=C1CCC(N2C(=O)c3ccc([*:2])cc3C2=O)C(=O)N1,ER,CRBN,712.61,3.34,139.72,9,3,11,0.268,0.121,-5.432,-4.739,WO2022217010A1,2022,ENDOTARGET INC | ENHANCEDBIO INC
CCC(=C(c1ccc(OCCCCCN2CCN(c3ccc4c(c3)CN(C3CCC(=O)NC3=O)C4=O)CC2)cc1)c1ccc(B(O)O)cc1)c1ccccc1,CCC(=C(c1ccc(B(O)O)cc1)c1ccc([*:1])cc1)c1ccccc1,C(CCO[*:1])CCN1CCN([*:2])CC1,O=C1CCC(N2Cc3cc([*:2])ccc3C2=O)C(=O)N1,ER,CRBN,740.71,4.87,122.65,8,3,14,0.341,0.073,-5.452,-4.559,WO2022217010A1,2022,ENDOTARGET INC | ENHANCEDBIO INC
CCC(=C(c1ccc(OCCN2CCC(CN3CCN(c4ccc5c(c4)C(=O)N(C4CCC(=O)NC4=O)C5=O)CC3)CC2)cc1)c1ccc(B(O)O)cc1)c1ccccc1,CCC(=C(c1ccc(B(O)O)cc1)c1ccc([*:1])cc1)c1ccccc1,C(CN1CCC(CN2CCN([*:2])CC2)CC1)O[*:1],O=C1CCC(N2C(=O)c3ccc([*:2])cc3C2=O)C(=O)N1,ER,CRBN,809.77,4.05,142.96,10,3,13,0.362,0.103,-5.608,-4.482,WO2022217010A1,2022,ENDOTARGET INC | ENHANCEDBIO INC
CC1Cc2c([nH]c3ccccc23)C(c2cnc(OCCCCCN3CCN(c4ccc5c(c4)CN(C4CCC(=O)NC4=O)C5=O)CC3)nc2)N1CC(C)(C)F,CC1Cc2c([nH]c3ccccc23)C(c2cnc([*:1])nc2)N1CC(C)(C)F,C(CCO[*:1])CCN1CCN([*:2])CC1,O=C1CCC(N2Cc3cc([*:2])ccc3C2=O)C(=O)N1,ER,CRBN,750.92,5.17,127.0,9,2,12,0.5,0.149,-5.319,-4.895,US20220169643A1,2022,ASTRAZENECA PLC
CC1Cc2c([nH]c3ccccc23)C(c2cnc(N3CCC(CN4CCN(c5ccc6c(c5)CN(C5CCC(=O)NC5=O)C6=O)CC4)CC3)nc2)N1CC(F)(F)F,CC1Cc2c([nH]c3ccccc23)C(c2cnc([*:1])nc2)N1CC(F)(F)F,C1CN([*:1])CCC1CN1CCN([*:2])CC1,O=C1CCC(N2Cc3cc([*:2])ccc3C2=O)C(=O)N1,ER,CRBN,769.87,4.66,121.01,9,2,7,0.488,0.259,-5.401,-5.627,US20220169643A1,2022,ASTRAZENECA PLC
CC1Cc2c([nH]c3ccccc23)C(c2cnc(N3CCC(CCN4CCN(c5ccc6c(c5)CN(C5CCC(=O)NC5=O)C6=O)CC4)CC3)nc2)N1CC(F)(F)F,CC1Cc2c([nH]c3ccccc23)C(c2cnc([*:1])nc2)N1CC(F)(F)F,C(CN1CCN([*:2])CC1)C1CCN([*:1])CC1,O=C1CCC(N2Cc3cc([*:2])ccc3C2=O)C(=O)N1,ER,CRBN,783.9,5.05,121.01,9,2,8,0.5,0.237,-5.344,-5.729,US20220169643A1,2022,ASTRAZENECA PLC
CC1Cc2c([nH]c3ccccc23)C(c2cnc(N3CCC4(CCN(CC5CCN(c6ccc7c(c6)CN(C6CCC(=O)NC6=O)C7=O)CC5)CC4)CC3)nc2)N1CC(C)(C)F,CC1Cc2c([nH]c3ccccc23)C(c2cnc(N3CCC4(CC3)CCN([*:1])CC4)nc2)N1CC(C)(C)F,C1CN([*:2])CCC1C[*:1],O=C1CCC(N2Cc3cc([*:2])ccc3C2=O)C(=O)N1,ER,CRBN,830.07,6.4,121.01,9,2,8,0.562,0.195,-5.5,-5.629,US20220169643A1,2022,ASTRAZENECA PLC
CC1Cc2c([nH]c3ccccc23)C(c2cnc(N3CCC(CN4CCN(CC5CCN(c6ccc7c(c6)CN(C6CCC(=O)NC6=O)C7=O)CC5)CC4)CC3)nc2)N1CC(C)(C)F,CC1Cc2c([nH]c3ccccc23)C(c2cnc([*:1])nc2)N1CC(C)(C)F,C1CN([*:1])CCC1CN1CCN(CC2CCN([*:2])CC2)CC1,O=C1CCC(N2Cc3cc([*:2])ccc3C2=O)C(=O)N1,ER,CRBN,859.11,5.55,124.25,10,2,10,0.571,0.196,-5.546,-5.619,US20220169643A1,2022,ASTRAZENECA PLC
CC1Cc2c([nH]c3ccccc23)C(c2cnc(N3CCC(CN4CCN(c5ccc6c(c5)C(=O)N(C5CCC(=O)NC5=O)C6=O)CC4)CC3)nc2)N1CC(C)(C)F,CC1Cc2c([nH]c3ccccc23)C(c2cnc([*:1])nc2)N1CC(C)(C)F,C1CN([*:1])CCC1CN1CCN([*:2])CC1,O=C1CCC(N2C(=O)c3ccc([*:2])cc3C2=O)C(=O)N1,ER,CRBN,775.93,4.48,138.08,10,2,8,0.488,0.247,-5.539,-5.657,US20220169643A1,2022,ASTRAZENECA PLC
CC1Cc2c([nH]c3ccccc23)C(c2cnc(N3CCC(CCN4CCN(c5ccc6c(c5)CN(C5CCC(=O)NC5=O)C6=O)CC4)CC3)nc2)N1CC(C)(C)F,CC1Cc2c([nH]c3ccccc23)C(c2cnc([*:1])nc2)N1CC(C)(C)F,C(CN1CCN([*:2])CC1)C1CCN([*:1])CC1,O=C1CCC(N2Cc3cc([*:2])ccc3C2=O)C(=O)N1,ER,CRBN,775.97,5.23,121.01,9,2,9,0.523,0.22,-5.504,-5.556,US20220169643A1,2022,ASTRAZENECA PLC
CC1Cc2c([nH]c3ccccc23)C(c2cnc(N3CCC(CN4CCN(c5ccc6c(c5)CN(C5CCC(=O)NC5=O)C6=O)CC4)CC3)nc2)N1CC(C)(C)F,CC1Cc2c([nH]c3ccccc23)C(c2cnc([*:1])nc2)N1CC(C)(C)F,C1CN([*:1])CCC1CN1CCN([*:2])CC1,O=C1CCC(N2Cc3cc([*:2])ccc3C2=O)C(=O)N1,ER,CRBN,761.95,4.84,121.01,9,2,8,0.512,0.243,-5.581,-5.421,US20220169643A1,2022,ASTRAZENECA PLC
CC1CN(c2ccc3c(c2)C(=O)N(C2CCC(=O)NC2=O)C3=O)CC(C)N1CC1CCN(c2ccc(-c3cnc4[nH]cc(C(=O)c5c(F)ccc(NS(=O)(=O)N6CCC(F)C6)c5F)c4c3)cc2)CC1,O=C(c1c(F)ccc(NS(=O)(=O)N2CCC(F)C2)c1F)c1c[nH]c2ncc(-c3ccc([*:1])cc3)cc12,CC1CN([*:2])CC(C)N1CC1CCN([*:1])CC1,O=C1CCC(N2C(=O)c3ccc([*:2])cc3C2=O)C(=O)N1,RAF,CRBN,966.06,5.66,188.43,11,3,11,0.388,0.11,-5.341,-5.946,US20180179183A1,2018,ARVINAS INC | YALE UNIVERSITY
CC1CN(c2ccc3c(c2)CN(C2CCC(=O)NC2=O)C3=O)CC(C)N1CC1CCN(c2ccc(-c3cnc4[nH]cc(C(=O)c5c(F)ccc(NS(=O)(=O)N6CCC(F)C6)c5F)c4c3)cc2)CC1,O=C(c1c(F)ccc(NS(=O)(=O)N2CCC(F)C2)c1F)c1c[nH]c2ncc(-c3ccc([*:1])cc3)cc12,CC1CN([*:2])CC(C)N1CC1CCN([*:1])CC1,O=C1CCC(N2Cc3cc([*:2])ccc3C2=O)C(=O)N1,RAF,CRBN,952.07,6.02,171.36,10,3,11,0.408,0.105,-5.306,-5.405,US20180179183A1,2018,ARVINAS INC | YALE UNIVERSITY
O=C1CCC(N2Cc3cc(N4CC(N5CCN(c6ccc(-c7cnc8[nH]cc(C(=O)c9c(F)ccc(NS(=O)(=O)N%10CCC(F)C%10)c9F)c8c7)cc6)CC5)C4)ccc3C2=O)C(=O)N1,O=C(c1c(F)ccc(NS(=O)(=O)N2CCC(F)C2)c1F)c1c[nH]c2ncc(-c3ccc([*:1])cc3)cc12,C1CN([*:1])CCN1C1CN([*:2])C1,O=C1CCC(N2Cc3cc([*:2])ccc3C2=O)C(=O)N1,RAF,CRBN,881.94,4.21,171.36,10,3,10,0.341,0.136,-5.509,-4.363,US20180179183A1,2018,ARVINAS INC | YALE UNIVERSITY
COc1cccc(C2COc3cc(O)ccc3C2c2ccc(N3CCC(CN4CCN(c5ccc6c(c5)CN(C5CCC(=O)NC5=O)C6=O)CC4)CC3)c(F)c2)c1,COc1cccc(C2COc3cc(O)ccc3C2c2ccc([*:1])c(F)c2)c1,C1CN([*:1])CCC1CN1CCN([*:2])CC1,O=C1CCC(N2Cc3cc([*:2])ccc3C2=O)C(=O)N1,ER,CRBN,773.91,5.65,114.89,9,2,8,0.4,0.22,-5.534,-4.73,US10800770B1,2020,ACCUTAR BIOTECHNOLOGY INC
O=C1CCC(N2Cc3cc(N4CCN(CCC5CCN(c6ccc(C7c8ccc(O)cc8OCC7c7ccccc7)cc6)CC5)CC4)ccc3C2=O)C(=O)N1,Oc1ccc2c(c1)OCC(c1ccccc1)C2c1ccc([*:1])cc1,C(CN1CCN([*:2])CC1)C1CCN([*:1])CC1,O=C1CCC(N2Cc3cc([*:2])ccc3C2=O)C(=O)N1,ER,CRBN,739.92,5.89,105.66,8,2,8,0.4,0.216,-5.489,-4.542,US10800770B1,2020,ACCUTAR BIOTECHNOLOGY INC
O=C1CCC(N2Cc3cc(N4CCN(CC5CCN(c6ccc(C7c8ccc(O)cc8OCC7c7ccccc7)cc6F)CC5)CC4)c(F)cc3C2=O)C(=O)N1,Oc1ccc2c(c1)OCC(c1ccccc1)C2c1ccc([*:1])c(F)c1,C1CN([*:1])CCC1CN1CCN([*:2])CC1,O=C1CCC(N2Cc3cc([*:2])c(F)cc3C2=O)C(=O)N1,ER,CRBN,761.87,5.78,105.66,8,2,7,0.386,0.229,-5.559,-4.646,US10800770B1,2020,ACCUTAR BIOTECHNOLOGY INC
O=C1CCC(N2Cc3cc(N4CC(N5CCC(c6ccc(-c7cnc8[nH]cc(C(=O)c9c(F)ccc(NS(=O)(=O)N%10CCC(F)C%10)c9F)c8c7)cc6)CC5)C4)ccc3C2=O)C(=O)N1,O=C(c1c(F)ccc(NS(=O)(=O)N2CCC(F)C2)c1F)c1c[nH]c2ncc(-c3ccc([*:1])cc3)cc12,C1CN(C2CN([*:2])C2)CCC1[*:1],O=C1CCC(N2Cc3cc([*:2])ccc3C2=O)C(=O)N1,RAF,CRBN,880.95,5.27,168.12,9,3,10,0.356,0.125,-5.443,-5.334,US20180179183A1,2018,ARVINAS INC | YALE UNIVERSITY
CCC(=C(c1ccc(O)cc1)c1ccc(N2CCC(CN3CCN(c4ccc5c(c4)CN(C4CCC(=O)NC4=O)C5=O)CC3)CC2)cc1)c1ccccc1,CCC(=C(c1ccc(O)cc1)c1ccc([*:1])cc1)c1ccccc1,C1CN([*:1])CCC1CN1CCN([*:2])CC1,O=C1CCC(N2Cc3cc([*:2])ccc3C2=O)C(=O)N1,ER,CRBN,723.92,6.56,96.43,7,2,9,0.356,0.149,-5.533,-5.04,US20200157078A1,2020,ACCUTAR BIOTECHNOLOGY INC
CCC(=C(c1ccc(O)cc1)c1ccc(N2CCC(CCN3CCN(c4ccc5c(c4)C(=O)N(C4CCC(=O)NC4=O)C5=O)CC3)CC2)cc1)c1ccccc1,CCC(=C(c1ccc(O)cc1)c1ccc([*:1])cc1)c1ccccc1,C(CN1CCN([*:2])CC1)C1CCN([*:1])CC1,O=C1CCC(N2C(=O)c3ccc([*:2])cc3C2=O)C(=O)N1,ER,CRBN,751.93,6.59,113.5,8,2,10,0.348,0.138,-5.416,-5.364,US20200157078A1,2020,ACCUTAR BIOTECHNOLOGY INC
CCC(=C(c1ccc(O)cc1)c1ccc(N2CCC(CCN3CCN(c4ccc5c(c4)CN(C4CCC(=O)NC4=O)C5=O)CC3)CC2)cc1)c1ccccc1,CCC(=C(c1ccc(O)cc1)c1ccc([*:1])cc1)c1ccccc1,C(CN1CCN([*:2])CC1)C1CCN([*:1])CC1,O=C1CCC(N2Cc3cc([*:2])ccc3C2=O)C(=O)N1,ER,CRBN,737.95,6.95,96.43,7,2,10,0.37,0.134,-5.44,-5.119,US20200157078A1,2020,ACCUTAR BIOTECHNOLOGY INC
CCC(=C(c1ccc(O)cc1)c1ccc(OCCCCCN2CCN(c3ccc4c(c3)CN(C3CCC(=O)NC3=O)C4=O)CC2)cc1)c1ccccc1,CCC(=C(c1ccc(O)cc1)c1ccc([*:1])cc1)c1ccccc1,C(CCO[*:1])CCN1CCN([*:2])CC1,O=C1CCC(N2Cc3cc([*:2])ccc3C2=O)C(=O)N1,ER,CRBN,712.89,6.89,102.42,7,2,13,0.341,0.088,-5.443,-5.113,US20200157078A1,2020,ACCUTAR BIOTECHNOLOGY INC
CCC(=C(c1ccc(O)cc1)c1ccc(OCCCCCN2CCN(c3ccc4c(c3)C(=O)N(C3CCC(=O)NC3=O)C4=O)CC2)cc1)c1ccccc1,CCC(=C(c1ccc(O)cc1)c1ccc([*:1])cc1)c1ccccc1,C(CCO[*:1])CCN1CCN([*:2])CC1,O=C1CCC(N2C(=O)c3ccc([*:2])cc3C2=O)C(=O)N1,ER,CRBN,726.87,6.53,119.49,8,2,13,0.318,0.091,-5.436,-5.39,US20200157078A1,2020,ACCUTAR BIOTECHNOLOGY INC
Cc1c(-c2ccc(O)cc2)n(Cc2ccc(N3CCC(CN4CCN(c5ccc6c(c5)CN(C5CCC(=O)NC5=O)C6=O)CC4)CC3)cc2)c2ccc(O)cc12,Cc1c(-c2ccc(O)cc2)n(Cc2ccc([*:1])cc2)c2ccc(O)cc12,C1CN([*:1])CCC1CN1CCN([*:2])CC1,O=C1CCC(N2Cc3cc([*:2])ccc3C2=O)C(=O)N1,ER,CRBN,752.92,5.88,121.59,8,3,8,0.356,0.168,-5.613,-4.905,WO2023023531A1,2023,BIOTHERYX INC
O=C1CCC(N2Cc3cc(C4CCN(CC5CCN(c6ccc(C7c8ccc(O)cc8CCC7c7ccccc7)cc6)CC5)CC4)c(F)cc3C2=O)C(=O)N1,Oc1ccc2c(c1)CCC(c1ccccc1)C2c1ccc([*:1])cc1,C1CN([*:1])CCC1CN1CCC([*:2])CC1,O=C1CCC(N2Cc3cc([*:2])c(F)cc3C2=O)C(=O)N1,ER,CRBN,740.92,7.25,93.19,6,2,7,0.413,0.194,-5.286,-5.109,WO2023023531A1,2023,BIOTHERYX INC
O=C1CCC(N2C(=O)c3cc4c(cc3C2=O)CN(C2CCN(CC3CCN(c5ccc(C6c7ccc(O)cc7CCC6c6ccccc6)cc5)CC3)CC2)C4)C(=O)N1,Oc1ccc2c(c1)CCC(c1ccccc1)C2c1ccc([*:1])cc1,C1CN([*:1])CCC1CN1CCC([*:2])CC1,O=C1CCC(N2C(=O)c3cc4c(cc3C2=O)CN([*:2])C4)C(=O)N1,ER,CRBN,777.97,6.35,113.5,8,2,7,0.417,0.209,-5.477,-5.312,WO2022187588A1,2022,UNIVERSITY OF MICHIGAN
O=C1CCC(N2C(=O)c3cc4c(cc3C2=O)CN(C2CCN(CC3CCN(c5ccc(C6c7ccc(O)cc7CCC6c6ccc(F)cc6)cc5)CC3)CC2)C4)C(=O)N1,Oc1ccc2c(c1)CCC(c1ccc(F)cc1)C2c1ccc([*:1])cc1,C1CN([*:1])CCC1CN1CCC([*:2])CC1,O=C1CCC(N2C(=O)c3cc4c(cc3C2=O)CN([*:2])C4)C(=O)N1,ER,CRBN,795.96,6.49,113.5,8,2,7,0.417,0.204,-5.257,-5.484,WO2022187588A1,2022,UNIVERSITY OF MICHIGAN
CC1Cc2c([nH]c3ccccc23)C(c2ccc(N3CCC(CN4CCC(N5Cc6cc7c(cc6C5)C(=O)N(C5CCC(=O)NC5=O)C7=O)CC4)CC3)cc2)N1CC(F)F,CC1Cc2c([nH]c3ccccc23)C(c2ccc([*:1])cc2)N1CC(F)F,C1CN([*:1])CCC1CN1CCC([*:2])CC1,O=C1CCC(N2C(=O)c3cc4c(cc3C2=O)CN([*:2])C4)C(=O)N1,ER,CRBN,803.95,5.87,112.3,8,2,8,0.478,0.213,-5.483,-5.002,WO2022187588A1,2022,UNIVERSITY OF MICHIGAN
CC1Cc2c([nH]c3ccccc23)C(c2cnc(N3CCC(CN4CCC(N5Cc6cc7c(cc6C5)C(=O)N(C5CCC(=O)NC5=O)C7=O)CC4)CC3)nc2)N1CC(F)F,CC1Cc2c([nH]c3ccccc23)C(c2cnc([*:1])nc2)N1CC(F)F,C1CN([*:1])CCC1CN1CCC([*:2])CC1,O=C1CCC(N2C(=O)c3cc4c(cc3C2=O)CN([*:2])C4)C(=O)N1,ER,CRBN,805.93,4.66,138.08,10,2,8,0.5,0.242,-5.538,-5.37,WO2022187588A1,2022,UNIVERSITY OF MICHIGAN
CC1Cc2c([nH]c3ccccc23)C(c2cnc(N3CCC(CN4CCC(N5Cc6cc7c(cc6C5)C(=O)N(C5CCC(=O)NC5=O)C7=O)CC4)CC3)nc2)N1CC(F)(F)F,CC1Cc2c([nH]c3ccccc23)C(c2cnc([*:1])nc2)N1CC(F)(F)F,C1CN([*:1])CCC1CN1CCC([*:2])CC1,O=C1CCC(N2C(=O)c3cc4c(cc3C2=O)CN([*:2])C4)C(=O)N1,ER,CRBN,823.92,4.95,138.08,10,2,7,0.5,0.247,-5.468,-6.288,WO2022187588A1,2022,UNIVERSITY OF MICHIGAN
CC1Cc2c(ccc3[nH]ncc23)C(c2c(F)cc(N3CCC(CN4CCC(N5Cc6cc7c(cc6C5)C(=O)N(C5CCC(=O)NC5=O)C7=O)CC4)CC3)cc2F)N1CC(F)F,CC1Cc2c(ccc3[nH]ncc23)C(c2c(F)cc([*:1])cc2F)N1CC(F)F,C1CN([*:1])CCC1CN1CCC([*:2])CC1,O=C1CCC(N2C(=O)c3cc4c(cc3C2=O)CN([*:2])C4)C(=O)N1,ER,CRBN,840.92,5.54,125.19,9,2,8,0.489,0.174,-5.209,-5.018,WO2022187588A1,2022,UNIVERSITY OF MICHIGAN
CC1Cc2c([nH]c3ccccc23)C(c2c(F)cc(N3CCC(CN4CCC(N5Cc6cc7c(cc6C5)C(=O)N(C5CCC(=O)NC5=O)C7=O)CC4)CC3)cc2F)N1CC(F)F,CC1Cc2c([nH]c3ccccc23)C(c2c(F)cc([*:1])cc2F)N1CC(F)F,C1CN([*:1])CCC1CN1CCC([*:2])CC1,O=C1CCC(N2C(=O)c3cc4c(cc3C2=O)CN([*:2])C4)C(=O)N1,ER,CRBN,839.93,6.15,112.3,8,2,8,0.478,0.161,-5.344,-5.282,WO2022187588A1,2022,UNIVERSITY OF MICHIGAN
CC1Cc2cc(O)ccc2C(c2c(F)cc(N3CCC(CN4CCC(N5Cc6cc7c(cc6C5)C(=O)N(C5CCC(=O)NC5=O)C7=O)CC4)CC3)cc2F)N1CC(F)F,CC1Cc2cc(O)ccc2C(c2c(F)cc([*:1])cc2F)N1CC(F)F,C1CN([*:1])CCC1CN1CCC([*:2])CC1,O=C1CCC(N2C(=O)c3cc4c(cc3C2=O)CN([*:2])C4)C(=O)N1,ER,CRBN,816.9,5.37,116.74,9,2,8,0.5,0.229,-5.536,-4.687,WO2022187588A1,2022,UNIVERSITY OF MICHIGAN
O=C1CCC(N2Cc3cc(N4CCN(CC5CCN(c6ccc(C7=C(c8ccccc8)CCCc8cc(O)ccc87)cc6)CC5)CC4)ccc3C2=O)C(=O)N1,Oc1ccc2c(c1)CCCC(c1ccccc1)=C2c1ccc([*:1])cc1,C1CN([*:1])CCC1CN1CCN([*:2])CC1,O=C1CCC(N2Cc3cc([*:2])ccc3C2=O)C(=O)N1,ER,CRBN,735.93,6.49,96.43,7,2,7,0.37,0.21,-5.519,-4.72,WO2022166879A1,2022,SINO BIOPHARMACEUTICALS LTD | WUXI APPTEC CO. LTD.
O=C1CCC(N2Cc3cc(N4CCN(CCC5CCN(c6ccc(C7=C(c8ccccc8)CCCc8cc(O)ccc87)cc6)CC5)CC4)ccc3C2=O)C(=O)N1,Oc1ccc2c(c1)CCCC(c1ccccc1)=C2c1ccc([*:1])cc1,C(CN1CCN([*:2])CC1)C1CCN([*:1])CC1,O=C1CCC(N2Cc3cc([*:2])ccc3C2=O)C(=O)N1,ER,CRBN,749.96,6.88,96.43,7,2,8,0.383,0.19,-5.353,-4.514,WO2022166879A1,2022,SINO BIOPHARMACEUTICALS LTD | WUXI APPTEC CO. LTD.
O=C1CCC(N2Cc3cc(N4CCN(CCCCCOc5ccc(C6=C(c7ccccc7)CCCc7cc(O)ccc76)cc5)CC4)ccc3C2=O)C(=O)N1,Oc1ccc2c(c1)CCCC(c1ccccc1)=C2c1ccc([*:1])cc1,C(CCO[*:1])CCN1CCN([*:2])CC1,O=C1CCC(N2Cc3cc([*:2])ccc3C2=O)C(=O)N1,ER,CRBN,724.9,6.82,102.42,7,2,11,0.356,0.129,-5.293,-4.107,WO2022166879A1,2022,SINO BIOPHARMACEUTICALS LTD | WUXI APPTEC CO. LTD.
O=C1CCC(N2C(=O)c3cccc(OCCOCCOCCOc4ccc(C(=C5C6CC7CC(C6)CC5C7)c5ccc(O)cc5)cc4)c3C2=O)C(=O)N1,Oc1ccc(C(=C2C3CC4CC(C3)CC2C4)c2ccc([*:1])cc2)cc1,C(COCCO[*:2])OCCO[*:1],O=C1CCC(N2C(=O)c3cccc([*:2])c3C2=O)C(=O)N1,ER-α,CRBN,720.82,5.54,140.7,9,2,14,0.429,0.162,-5.816,-4.272,US11667621B2,2023,UNIVERSITY OF ILLINOIS | STEVENS INSTITUTE OF TECHNOLOGY | MEMORIAL SLOAN-KETTERING CANCER CENTER
O=C1CCC(N2C(=O)c3cccc(OCCOCCOc4ccc(C(=C5C6CC7CC(C6)CC5C7)c5ccc(O)cc5)cc4)c3C2=O)C(=O)N1,Oc1ccc(C(=C2C3CC4CC(C3)CC2C4)c2ccc([*:1])cc2)cc1,C(CO[*:1])OCCO[*:2],O=C1CCC(N2C(=O)c3cccc([*:2])c3C2=O)C(=O)N1,ER-α,CRBN,676.77,5.53,131.47,8,2,11,0.4,0.2,-5.786,-4.715,US11667621B2,2023,UNIVERSITY OF ILLINOIS | STEVENS INSTITUTE OF TECHNOLOGY | MEMORIAL SLOAN-KETTERING CANCER CENTER
CCC(=C(c1ccc(O)cc1)c1ccc(OCCN2CCN(c3ccc4c(c3)C(=O)N(C3CCC(=O)NC3=O)C4=O)CC2)cc1)c1ccccc1,CCC(=C(c1ccc(O)cc1)c1ccc([*:1])cc1)c1ccccc1,C(CN1CCN([*:2])CC1)O[*:1],O=C1CCC(N2C(=O)c3ccc([*:2])cc3C2=O)C(=O)N1,"ER, CDK1, CDK4, CDK6",CRBN,684.79,5.36,119.49,8,2,10,0.268,0.169,-5.326,-5.343,US11642342B2,2023,ACCUTAR BIOTECHNOLOGY INC
CCC(=C(c1ccc(O)cc1)c1ccc(OCCN2CCN(c3ccc4c(c3)CN(C3CCC(=O)NC3=O)C4=O)CC2)cc1)c1ccccc1,CCC(=C(c1ccc(O)cc1)c1ccc([*:1])cc1)c1ccccc1,C(CN1CCN([*:2])CC1)O[*:1],O=C1CCC(N2Cc3cc([*:2])ccc3C2=O)C(=O)N1,"ER, CDK1, CDK4, CDK6",CRBN,670.81,5.72,102.42,7,2,10,0.293,0.164,-5.337,-5.055,US11642342B2,2023,ACCUTAR BIOTECHNOLOGY INC
CCC(=C(c1ccc(O)cc1)c1ccc(N2CCN(CCCCOc3ccc4c(c3)CN(C3CCC(=O)NC3=O)C4=O)CC2)cc1)c1ccccc1,CCC(=C(c1ccc(O)cc1)c1ccc([*:1])cc1)c1ccccc1,C(CCN1CCN([*:1])CC1)CO[*:2],O=C1CCC(N2Cc3cc([*:2])ccc3C2=O)C(=O)N1,"ER, CDK1, CDK4, CDK6",CRBN,698.86,6.5,102.42,7,2,12,0.326,0.099,-5.405,-4.988,US11642342B2,2023,ACCUTAR BIOTECHNOLOGY INC
CCC(=C(c1ccc(O)cc1)c1ccc(OCCOCCOCCOc2ccc3c(c2)CN(C2CCC(=O)NC2=O)C3=O)cc1)c1ccccc1,CCC(=C(c1ccc(O)cc1)c1ccc([*:1])cc1)c1ccccc1,C(COCCO[*:2])OCCO[*:1],O=C1CCC(N2Cc3cc([*:2])ccc3C2=O)C(=O)N1,"ER, CDK1, CDK4, CDK6",CRBN,690.79,6.01,123.63,8,2,16,0.293,0.083,-5.477,-5.433,US11642342B2,2023,ACCUTAR BIOTECHNOLOGY INC
CCC(=C(c1ccc(O)cc1)c1ccc(OCCOCCOc2ccc3c(c2)CN(C2CCC(=O)NC2=O)C3=O)cc1)c1ccccc1,CCC(=C(c1ccc(O)cc1)c1ccc([*:1])cc1)c1ccccc1,C(CO[*:1])OCCO[*:2],O=C1CCC(N2Cc3cc([*:2])ccc3C2=O)C(=O)N1,"ER, CDK1, CDK4, CDK6",CRBN,646.74,6.0,114.4,7,2,13,0.256,0.104,-5.414,-5.701,US11642342B2,2023,ACCUTAR BIOTECHNOLOGY INC
CCC(=C(c1ccc(O)cc1)c1ccc(OCCOCCOc2ccc3c(c2)C(=O)N(C2CCC(=O)NC2=O)C3=O)cc1)c1ccccc1,CCC(=C(c1ccc(O)cc1)c1ccc([*:1])cc1)c1ccccc1,C(CO[*:1])OCCO[*:2],O=C1CCC(N2C(=O)c3ccc([*:2])cc3C2=O)C(=O)N1,"ER, CDK1, CDK4, CDK6",CRBN,660.72,5.64,131.47,8,2,13,0.231,0.107,-5.438,-6.014,US11642342B2,2023,ACCUTAR BIOTECHNOLOGY INC
CCC(=C(c1ccc(O)cc1)c1ccc(OCCOCCNc2ccc3c(c2)CN(C2CCC(=O)NC2=O)C3=O)cc1)c1ccccc1,CCC(=C(c1ccc(O)cc1)c1ccc([*:1])cc1)c1ccccc1,C(COCCO[*:1])N[*:2],O=C1CCC(N2Cc3cc([*:2])ccc3C2=O)C(=O)N1,"ER, CDK1, CDK4, CDK6",CRBN,645.76,6.03,117.2,7,3,13,0.256,0.092,-5.501,-5.29,US11642342B2,2023,ACCUTAR BIOTECHNOLOGY INC
CCC(=C(c1ccc(O)cc1)c1ccc(OCCOCCNc2ccc3c(c2)C(=O)N(C2CCC(=O)NC2=O)C3=O)cc1)c1ccccc1,CCC(=C(c1ccc(O)cc1)c1ccc([*:1])cc1)c1ccccc1,C(COCCO[*:1])N[*:2],O=C1CCC(N2C(=O)c3ccc([*:2])cc3C2=O)C(=O)N1,"ER, CDK1, CDK4, CDK6",CRBN,659.74,5.67,134.27,8,3,13,0.231,0.095,-5.508,-5.76,US11642342B2,2023,ACCUTAR BIOTECHNOLOGY INC
CCC(=C(c1ccc(O)cc1)c1ccc(N2CCN(CCCCCOc3ccc4c(c3)C(=O)N(C3CCC(=O)NC3=O)C4=O)CC2)cc1)c1ccccc1,CCC(=C(c1ccc(O)cc1)c1ccc([*:1])cc1)c1ccccc1,C(CCO[*:2])CCN1CCN([*:1])CC1,O=C1CCC(N2C(=O)c3ccc([*:2])cc3C2=O)C(=O)N1,ER,CRBN,726.87,6.53,119.49,8,2,13,0.318,0.091,-5.435,-5.394,US20200157078A1,2020,ACCUTAR BIOTECHNOLOGY INC
CCC(=C(c1ccc(O)cc1)c1ccc(N2CCN(CCCCCOc3ccc4c(c3)CN(C3CCC(=O)NC3=O)C4=O)CC2)cc1)c1ccccc1,CCC(=C(c1ccc(O)cc1)c1ccc([*:1])cc1)c1ccccc1,C(CCO[*:2])CCN1CCN([*:1])CC1,O=C1CCC(N2Cc3cc([*:2])ccc3C2=O)C(=O)N1,ER,CRBN,712.89,6.89,102.42,7,2,13,0.341,0.088,-5.443,-5.111,US20200157078A1,2020,ACCUTAR BIOTECHNOLOGY INC
CCC(=C(c1ccc(O)cc1)c1ccc(N2CCN(CCCCOc3ccc4c(c3)C(=O)N(C3CCC(=O)NC3=O)C4=O)CC2)cc1)c1ccccc1,CCC(=C(c1ccc(O)cc1)c1ccc([*:1])cc1)c1ccccc1,C(CCN1CCN([*:1])CC1)CO[*:2],O=C1CCC(N2C(=O)c3ccc([*:2])cc3C2=O)C(=O)N1,ER,CRBN,712.85,6.14,119.49,8,2,12,0.302,0.102,-5.414,-5.299,US20200157078A1,2020,ACCUTAR BIOTECHNOLOGY INC
CCC(=C(c1ccc(O)cc1)c1ccc(Oc2ccc(N3CCN(CCOc4ccc5c(c4)CN(C4CCC(=O)NC4=O)C5=O)CC3)cn2)cc1)c1ccccc1,CCC(=C(c1ccc(O)cc1)c1ccc(Oc2ccc([*:1])cn2)cc1)c1ccccc1,C(CN1CCN([*:1])CC1)O[*:2],O=C1CCC(N2Cc3cc([*:2])ccc3C2=O)C(=O)N1,ER,CRBN,763.9,6.91,124.54,9,2,12,0.261,0.103,-5.317,-5.529,US20200157078A1,2020,ACCUTAR BIOTECHNOLOGY INC
CCC(=C(c1ccc(O)cc1)c1ccc(Oc2ccc(N3CCN(CCOc4ccc5c(c4)C(=O)N(C4CCC(=O)NC4=O)C5=O)CC3)cn2)cc1)c1ccccc1,CCC(=C(c1ccc(O)cc1)c1ccc(Oc2ccc([*:1])cn2)cc1)c1ccccc1,C(CN1CCN([*:1])CC1)O[*:2],O=C1CCC(N2C(=O)c3ccc([*:2])cc3C2=O)C(=O)N1,ER,CRBN,777.88,6.55,141.61,10,2,12,0.239,0.106,-5.311,-5.884,US20200157078A1,2020,ACCUTAR BIOTECHNOLOGY INC
CCC(=C(c1ccc(O)cc1)c1ccc(Oc2ccc(N3CCN(CCCOc4ccc5c(c4)C(=O)N(C4CCC(=O)NC4=O)C5=O)CC3)cn2)cc1)c1ccccc1,CCC(=C(c1ccc(O)cc1)c1ccc(Oc2ccc([*:1])cn2)cc1)c1ccccc1,C(CO[*:2])CN1CCN([*:1])CC1,O=C1CCC(N2C(=O)c3ccc([*:2])cc3C2=O)C(=O)N1,ER,CRBN,791.91,6.94,141.61,10,2,13,0.255,0.073,-5.373,-5.901,US20200157078A1,2020,ACCUTAR BIOTECHNOLOGY INC
CCC(=C(c1ccc(O)cc1)c1ccc(Oc2ccc(N3CCN(CCCOc4ccc5c(c4)CN(C4CCC(=O)NC4=O)C5=O)CC3)cn2)cc1)c1ccccc1,CCC(=C(c1ccc(O)cc1)c1ccc(Oc2ccc([*:1])cn2)cc1)c1ccccc1,C(CO[*:2])CN1CCN([*:1])CC1,O=C1CCC(N2Cc3cc([*:2])ccc3C2=O)C(=O)N1,ER,CRBN,777.92,7.3,124.54,9,2,13,0.277,0.072,-5.371,-5.542,US20200157078A1,2020,ACCUTAR BIOTECHNOLOGY INC
CCC(=C(c1ccc(O)cc1)c1ccc(OCCOCCOc2cccc3c2CN(C2CCC(=O)NC2=O)C3=O)cc1)c1ccccc1,CCC(=C(c1ccc(O)cc1)c1ccc([*:1])cc1)c1ccccc1,C(CO[*:1])OCCO[*:2],O=C1CCC(N2Cc3c(cccc3[*:2])C2=O)C(=O)N1,"ER, CDK1, CDK4, CDK6",CRBN,646.74,6.0,114.4,7,2,13,0.256,0.104,-5.507,-5.735,US11642342B2,2023,ACCUTAR BIOTECHNOLOGY INC
CCC(=C(c1ccc(O)cc1)c1ccc(OCCOCCOCCOc2cccc3c2CN(C2CCC(=O)NC2=O)C3=O)cc1)c1ccccc1,CCC(=C(c1ccc(O)cc1)c1ccc([*:1])cc1)c1ccccc1,C(COCCO[*:2])OCCO[*:1],O=C1CCC(N2Cc3c(cccc3[*:2])C2=O)C(=O)N1,"ER, CDK1, CDK4, CDK6",CRBN,690.79,6.01,123.63,8,2,16,0.293,0.083,-5.438,-5.476,US11642342B2,2023,ACCUTAR BIOTECHNOLOGY INC
CCC(=C(c1ccc(O)cc1)c1ccc(OCCOCCOCCNc2cccc3c2CN(C2CCC(=O)NC2=O)C3=O)cc1)c1ccccc1,CCC(=C(c1ccc(O)cc1)c1ccc([*:1])cc1)c1ccccc1,C(COCCOCCO[*:1])N[*:2],O=C1CCC(N2Cc3c(cccc3[*:2])C2=O)C(=O)N1,"ER, CDK1, CDK4, CDK6",CRBN,689.81,6.05,126.43,8,3,16,0.293,0.074,-5.479,-5.504,US11642342B2,2023,ACCUTAR BIOTECHNOLOGY INC
CCC(=C(c1ccc(O)cc1)c1ccc(OCCOCCNc2cccc3c2CN(C2CCC(=O)NC2=O)C3=O)cc1)c1ccccc1,CCC(=C(c1ccc(O)cc1)c1ccc([*:1])cc1)c1ccccc1,C(COCCO[*:1])N[*:2],O=C1CCC(N2Cc3c(cccc3[*:2])C2=O)C(=O)N1,"ER, CDK1, CDK4, CDK6",CRBN,645.76,6.03,117.2,7,3,13,0.256,0.092,-5.507,-5.504,US11642342B2,2023,ACCUTAR BIOTECHNOLOGY INC
CCC(=C(c1ccc(O)cc1)c1ccc(OCCOCCNc2cccc3c2C(=O)N(C2CCC(=O)NC2=O)C3=O)cc1)c1ccccc1,CCC(=C(c1ccc(O)cc1)c1ccc([*:1])cc1)c1ccccc1,C(COCCO[*:1])N[*:2],O=C1CCC(N2C(=O)c3cccc([*:2])c3C2=O)C(=O)N1,"ER, CDK1, CDK4, CDK6",CRBN,659.74,5.67,134.27,8,3,13,0.231,0.095,-5.498,-5.976,US11642342B2,2023,ACCUTAR BIOTECHNOLOGY INC
CCC(=C(c1ccc(O)cc1)c1ccc(OCCOCCOCCNc2ccc3c(c2)CN(C2CCC(=O)NC2=O)C3=O)cc1)c1ccccc1,CCC(=C(c1ccc(O)cc1)c1ccc([*:1])cc1)c1ccccc1,C(COCCOCCO[*:1])N[*:2],O=C1CCC(N2Cc3cc([*:2])ccc3C2=O)C(=O)N1,"ER, CDK1, CDK4, CDK6",CRBN,689.81,6.05,126.43,8,3,16,0.293,0.074,-5.431,-5.268,US11642342B2,2023,ACCUTAR BIOTECHNOLOGY INC
CCC(=C(c1ccc(O)cc1)c1ccc(OCCCCCN2CCN(c3ccc4c(c3F)CN(C3CCC(=O)NC3=O)C4=O)CC2)cc1)c1ccccc1,CCC(=C(c1ccc(O)cc1)c1ccc([*:1])cc1)c1ccccc1,C(CCO[*:1])CCN1CCN([*:2])CC1,O=C1CCC(N2Cc3c(ccc([*:2])c3F)C2=O)C(=O)N1,ER,CRBN,730.88,7.03,102.42,7,2,13,0.341,0.087,-5.428,-5.722,US20200157078A1,2020,ACCUTAR BIOTECHNOLOGY INC
O=C1CCC(N2Cc3cc(OCCOCCOCCOc4ccc(C5c6ccc(O)cc6OCC5c5ccccc5)cc4)ccc3C2=O)C(=O)N1,Oc1ccc2c(c1)OCC(c1ccccc1)C2c1ccc([*:1])cc1,C(COCCO[*:2])OCCO[*:1],O=C1CCC(N2Cc3cc([*:2])ccc3C2=O)C(=O)N1,"ER, CDK1, CDK4, CDK6",CRBN,692.77,4.95,132.86,9,2,14,0.325,0.139,-5.532,-3.963,US11642342B2,2023,ACCUTAR BIOTECHNOLOGY INC
CCC(=C(c1ccc(O)cc1)c1ccc(OCCCCCN2CCN(c3ccc4c(c3)C(=O)N(C3CCC(=O)NC3=O)C4)CC2)cc1)c1ccccc1,CCC(=C(c1ccc(O)cc1)c1ccc([*:1])cc1)c1ccccc1,C(CCO[*:1])CCN1CCN([*:2])CC1,O=C1CCC(N2Cc3ccc([*:2])cc3C2=O)C(=O)N1,ER,CRBN,712.89,6.89,102.42,7,2,13,0.341,0.088,-5.443,-5.217,US20200157078A1,2020,ACCUTAR BIOTECHNOLOGY INC
O=C1CCC(N2Cc3cc(N4CCN(CC5CCN(c6ccc(C7c8ccc(O)cc8OCC7c7ccccc7)cc6F)CC5)CC4)ccc3C2=O)C(=O)N1,Oc1ccc2c(c1)OCC(c1ccccc1)C2c1ccc([*:1])c(F)c1,C1CN([*:1])CCC1CN1CCN([*:2])CC1,O=C1CCC(N2Cc3cc([*:2])ccc3C2=O)C(=O)N1,"ER, CDK1, CDK4, CDK6",CRBN,743.88,5.64,105.66,8,2,7,0.386,0.235,-5.565,-4.643,US11642342B2,2023,ACCUTAR BIOTECHNOLOGY INC
O=C1CCC(N2Cc3cc(N4CCN(CC5CCN(c6ccc(C7c8ccc(O)cc8OCC7c7ccccc7)cc6)CC5)CC4)c(F)cc3C2=O)C(=O)N1,Oc1ccc2c(c1)OCC(c1ccccc1)C2c1ccc([*:1])cc1,C1CN([*:1])CCC1CN1CCN([*:2])CC1,O=C1CCC(N2Cc3cc([*:2])c(F)cc3C2=O)C(=O)N1,"ER, CDK1, CDK4, CDK6",CRBN,743.88,5.64,105.66,8,2,7,0.386,0.235,-5.56,-4.579,US11642342B2,2023,ACCUTAR BIOTECHNOLOGY INC
CCC(=C(c1ccc(O)cc1)c1ccc(N2CCC(CN3CCN(c4ccc5c(c4F)CN(C4CCC(=O)NC4=O)C5=O)CC3)CC2)cc1)c1ccccc1,CCC(=C(c1ccc(O)cc1)c1ccc([*:1])cc1)c1ccccc1,C1CN([*:1])CCC1CN1CCN([*:2])CC1,O=C1CCC(N2Cc3c(ccc([*:2])c3F)C2=O)C(=O)N1,ER,CRBN,741.91,6.7,96.43,7,2,9,0.356,0.146,-5.613,-5.73,US20200157078A1,2020,ACCUTAR BIOTECHNOLOGY INC
CCC(=C(c1ccc(O)cc1)c1ccc(N2CCC(CN3CCN(c4ccc5c(c4)C(=O)N(C4CCC(=O)NC4=O)C5)CC3)CC2)cc1)c1ccccc1,CCC(=C(c1ccc(O)cc1)c1ccc([*:1])cc1)c1ccccc1,C1CN([*:1])CCC1CN1CCN([*:2])CC1,O=C1CCC(N2Cc3ccc([*:2])cc3C2=O)C(=O)N1,ER,CRBN,723.92,6.56,96.43,7,2,9,0.356,0.149,-5.533,-5.128,US20200157078A1,2020,ACCUTAR BIOTECHNOLOGY INC
O=C1CCC(N2C(=O)c3ccc(N4CCN(CCOc5ccc(C6c7ccc(O)cc7CCC6c6ccccc6)cc5)CC4)cc3C2=O)C(=O)N1,Oc1ccc2c(c1)CCC(c1ccccc1)C2c1ccc([*:1])cc1,C(CN1CCN([*:2])CC1)O[*:1],O=C1CCC(N2C(=O)c3ccc([*:2])cc3C2=O)C(=O)N1,ER,CRBN,684.79,4.86,119.49,8,2,8,0.317,0.253,-5.3,-4.595,US11104666B2,2021,YALE UNIVERSITY
O=C1CCC(N2Cc3cc(N4CCN(CCOc5ccc(C6c7ccc(O)cc7CCC6c6ccccc6)cc5)CC4)ccc3C2=O)C(=O)N1,Oc1ccc2c(c1)CCC(c1ccccc1)C2c1ccc([*:1])cc1,C(CN1CCN([*:2])CC1)O[*:1],O=C1CCC(N2Cc3cc([*:2])ccc3C2=O)C(=O)N1,ER,CRBN,670.81,5.22,102.42,7,2,8,0.341,0.248,-5.301,-4.306,US11104666B2,2021,YALE UNIVERSITY
O=C1CCC(N2C(=O)c3ccc(N4CCN(CCCCCOc5ccc(C6c7ccc(O)cc7CCC6c6ccccc6)cc5)CC4)cc3C2=O)C(=O)N1,Oc1ccc2c(c1)CCC(c1ccccc1)C2c1ccc([*:1])cc1,C(CCO[*:1])CCN1CCN([*:2])CC1,O=C1CCC(N2C(=O)c3ccc([*:2])cc3C2=O)C(=O)N1,ER,CRBN,726.87,6.03,119.49,8,2,11,0.364,0.142,-5.296,-4.218,US11104666B2,2021,YALE UNIVERSITY
O=C1CCC(N2Cc3cc(N4CCN(CCCCCOc5ccc(C6c7ccc(O)cc7CCC6c6ccccc6)cc5)CC4)ccc3C2=O)C(=O)N1,Oc1ccc2c(c1)CCC(c1ccccc1)C2c1ccc([*:1])cc1,C(CCO[*:1])CCN1CCN([*:2])CC1,O=C1CCC(N2Cc3cc([*:2])ccc3C2=O)C(=O)N1,ER,CRBN,712.89,6.39,102.42,7,2,11,0.386,0.137,-5.305,-4.019,US11104666B2,2021,YALE UNIVERSITY
O=C1CCC(N2C(=O)c3ccc(OCCCCCN4CCN(c5ccc(C6c7ccc(O)cc7CCC6c6ccccc6)cc5)CC4)cc3C2=O)C(=O)N1,Oc1ccc2c(c1)CCC(c1ccccc1)C2c1ccc([*:1])cc1,C(CCO[*:2])CCN1CCN([*:1])CC1,O=C1CCC(N2C(=O)c3ccc([*:2])cc3C2=O)C(=O)N1,ER,CRBN,726.87,6.03,119.49,8,2,11,0.364,0.142,-5.302,-4.236,US11104666B2,2021,YALE UNIVERSITY
O=C1CCC(N2Cc3cc(OCCCCCN4CCN(c5ccc(C6c7ccc(O)cc7CCC6c6ccccc6)cc5)CC4)ccc3C2=O)C(=O)N1,Oc1ccc2c(c1)CCC(c1ccccc1)C2c1ccc([*:1])cc1,C(CCO[*:2])CCN1CCN([*:1])CC1,O=C1CCC(N2Cc3cc([*:2])ccc3C2=O)C(=O)N1,ER,CRBN,712.89,6.39,102.42,7,2,11,0.386,0.137,-5.305,-4.022,US11104666B2,2021,YALE UNIVERSITY
O=C1CCC(N2C(=O)c3ccc(OCCCCN4CCN(c5ccc(C6c7ccc(O)cc7CCC6c6ccccc6)cc5)CC4)cc3C2=O)C(=O)N1,Oc1ccc2c(c1)CCC(c1ccccc1)C2c1ccc([*:1])cc1,C(CCN1CCN([*:1])CC1)CO[*:2],O=C1CCC(N2C(=O)c3ccc([*:2])cc3C2=O)C(=O)N1,ER,CRBN,712.85,5.64,119.49,8,2,10,0.349,0.16,-5.374,-4.257,US11104666B2,2021,YALE UNIVERSITY
O=C1CCC(N2Cc3cc(OCCCCN4CCN(c5ccc(C6c7ccc(O)cc7CCC6c6ccccc6)cc5)CC4)ccc3C2=O)C(=O)N1,Oc1ccc2c(c1)CCC(c1ccccc1)C2c1ccc([*:1])cc1,C(CCN1CCN([*:1])CC1)CO[*:2],O=C1CCC(N2Cc3cc([*:2])ccc3C2=O)C(=O)N1,ER,CRBN,698.86,6.0,102.42,7,2,10,0.372,0.155,-5.347,-4.008,US11104666B2,2021,YALE UNIVERSITY
O=C1CCC(N2Cc3cc(OCCOCCOCCOc4ccc(C5c6ccc(O)cc6CCC5c5ccccc5)cc4)ccc3C2=O)C(=O)N1,Oc1ccc2c(c1)CCC(c1ccccc1)C2c1ccc([*:1])cc1,C(COCCO[*:2])OCCO[*:1],O=C1CCC(N2Cc3cc([*:2])ccc3C2=O)C(=O)N1,ER,CRBN,690.79,5.51,123.63,8,2,14,0.341,0.131,-5.397,-4.0,US11104666B2,2021,YALE UNIVERSITY
O=C1CCC(N2Cc3cc(OCCOCCOc4ccc(C5c6ccc(O)cc6CCC5c5ccccc5)cc4)ccc3C2=O)C(=O)N1,Oc1ccc2c(c1)CCC(c1ccccc1)C2c1ccc([*:1])cc1,C(CO[*:1])OCCO[*:2],O=C1CCC(N2Cc3cc([*:2])ccc3C2=O)C(=O)N1,ER,CRBN,646.74,5.49,114.4,7,2,11,0.308,0.164,-5.385,-4.306,US11104666B2,2021,YALE UNIVERSITY
O=C1CCC(N2C(=O)c3ccc(OCCOCCOc4ccc(C5c6ccc(O)cc6CCC5c5ccccc5)cc4)cc3C2=O)C(=O)N1,Oc1ccc2c(c1)CCC(c1ccccc1)C2c1ccc([*:1])cc1,C(CO[*:1])OCCO[*:2],O=C1CCC(N2C(=O)c3ccc([*:2])cc3C2=O)C(=O)N1,ER,CRBN,660.72,5.13,131.47,8,2,11,0.282,0.167,-5.388,-4.58,US11104666B2,2021,YALE UNIVERSITY
O=C1CCC(N2Cc3cc(N4CCN(CCCCCOc5ccc(C6c7ccc(O)cc7CCC6c6ccc(C(F)(F)F)cc6)cc5)CC4)ccc3C2=O)C(=O)N1,Oc1ccc2c(c1)CCC(c1ccc(C(F)(F)F)cc1)C2c1ccc([*:1])cc1,C(CCO[*:1])CCN1CCN([*:2])CC1,O=C1CCC(N2Cc3cc([*:2])ccc3C2=O)C(=O)N1,ER,CRBN,780.89,7.41,102.42,7,2,11,0.4,0.121,-5.39,-5.525,US11104666B2,2021,YALE UNIVERSITY
O=C1CCC(N2Cc3cc(NCCOCCOc4ccc(C5c6ccc(O)cc6CCC5c5ccccc5)cc4)ccc3C2=O)C(=O)N1,Oc1ccc2c(c1)CCC(c1ccccc1)C2c1ccc([*:1])cc1,C(COCCO[*:1])N[*:2],O=C1CCC(N2Cc3cc([*:2])ccc3C2=O)C(=O)N1,ER,CRBN,645.76,5.52,117.2,7,3,11,0.308,0.145,-5.482,-4.219,US11104666B2,2021,YALE UNIVERSITY
O=C1CCC(N2C(=O)c3ccc(NCCOCCOc4ccc(C5c6ccc(O)cc6CCC5c5ccccc5)cc4)cc3C2=O)C(=O)N1,Oc1ccc2c(c1)CCC(c1ccccc1)C2c1ccc([*:1])cc1,C(COCCO[*:1])N[*:2],O=C1CCC(N2C(=O)c3ccc([*:2])cc3C2=O)C(=O)N1,ER,CRBN,659.74,5.16,134.27,8,3,11,0.282,0.149,-5.468,-4.56,US11104666B2,2021,YALE UNIVERSITY
O=C1CCC(N2Cc3cc(N4CCN(CCCCCOc5ccc(C6c7ccc(O)cc7CCC6c6ccc(F)cc6)cc5)CC4)ccc3C2=O)C(=O)N1,Oc1ccc2c(c1)CCC(c1ccc(F)cc1)C2c1ccc([*:1])cc1,C(CCO[*:1])CCN1CCN([*:2])CC1,O=C1CCC(N2Cc3cc([*:2])ccc3C2=O)C(=O)N1,ER,CRBN,730.88,6.53,102.42,7,2,11,0.386,0.134,-5.311,-4.44,US11104666B2,2021,YALE UNIVERSITY
O=C1CCC(N2C(=O)c3ccc(N4CCN(CCCCCOc5ccc(C6c7ccc(O)cc7CCC6c6ccc(F)cc6)cc5)CC4)cc3C2=O)C(=O)N1,Oc1ccc2c(c1)CCC(c1ccc(F)cc1)C2c1ccc([*:1])cc1,C(CCO[*:1])CCN1CCN([*:2])CC1,O=C1CCC(N2C(=O)c3ccc([*:2])cc3C2=O)C(=O)N1,ER,CRBN,744.86,6.17,119.49,8,2,11,0.364,0.138,-5.258,-4.68,US11104666B2,2021,YALE UNIVERSITY
O=C1CCC(N2C(=O)c3ccc(N4CCN(CC5CCN(CCOc6ccc(C7c8ccc(O)cc8CCC7c7ccccc7)cc6)CC5)CC4)cc3C2=O)C(=O)N1,Oc1ccc2c(c1)CCC(c1ccccc1)C2c1ccc([*:1])cc1,C(CN1CCC(CN2CCN([*:2])CC2)CC1)O[*:1],O=C1CCC(N2C(=O)c3ccc([*:2])cc3C2=O)C(=O)N1,ER,CRBN,781.95,5.57,122.73,9,2,10,0.404,0.199,-5.562,-4.435,US11104666B2,2021,YALE UNIVERSITY
O=C1CCC(N2Cc3cc(OCCN4CCN(c5ccc(Oc6ccc(C7c8ccc(O)cc8CCC7c7ccccc7)cc6)nc5)CC4)ccc3C2=O)C(=O)N1,Oc1ccc2c(c1)CCC(c1ccccc1)C2c1ccc(Oc2ccc([*:1])cn2)cc1,C(CN1CCN([*:1])CC1)O[*:2],O=C1CCC(N2Cc3cc([*:2])ccc3C2=O)C(=O)N1,ER,CRBN,763.9,6.4,124.54,9,2,10,0.304,0.156,-5.305,-4.634,US11104666B2,2021,YALE UNIVERSITY
O=C1CCC(N2C(=O)c3ccc(OCCN4CCN(c5ccc(Oc6ccc(C7c8ccc(O)cc8CCC7c7ccccc7)cc6)nc5)CC4)cc3C2=O)C(=O)N1,Oc1ccc2c(c1)CCC(c1ccccc1)C2c1ccc(Oc2ccc([*:1])cn2)cc1,C(CN1CCN([*:1])CC1)O[*:2],O=C1CCC(N2C(=O)c3ccc([*:2])cc3C2=O)C(=O)N1,ER,CRBN,777.88,6.04,141.61,10,2,10,0.283,0.161,-5.302,-4.985,US11104666B2,2021,YALE UNIVERSITY
O=C1CCC(N2C(=O)c3ccc(OCCCN4CCN(c5ccc(Oc6ccc(C7c8ccc(O)cc8CCC7c7ccccc7)cc6)nc5)CC4)cc3C2=O)C(=O)N1,Oc1ccc2c(c1)CCC(c1ccccc1)C2c1ccc(Oc2ccc([*:1])cn2)cc1,C(CO[*:2])CN1CCN([*:1])CC1,O=C1CCC(N2C(=O)c3ccc([*:2])cc3C2=O)C(=O)N1,ER,CRBN,791.9,6.43,141.61,10,2,11,0.298,0.114,-5.351,-4.766,US11104666B2,2021,YALE UNIVERSITY
O=C1CCC(N2Cc3cc(OCCCN4CCN(c5ccc(Oc6ccc(C7c8ccc(O)cc8CCC7c7ccccc7)cc6)nc5)CC4)ccc3C2=O)C(=O)N1,Oc1ccc2c(c1)CCC(c1ccccc1)C2c1ccc(Oc2ccc([*:1])cn2)cc1,C(CO[*:2])CN1CCN([*:1])CC1,O=C1CCC(N2Cc3cc([*:2])ccc3C2=O)C(=O)N1,ER,CRBN,777.92,6.79,124.54,9,2,11,0.319,0.11,-5.338,-4.529,US11104666B2,2021,YALE UNIVERSITY
O=C1CCC(N2Cc3cc(N4CCN(CCCCCOc5ccc(C6c7ccc(O)cc7CCC6c6ccccc6)cc5)CC4)c(F)cc3C2=O)C(=O)N1,Oc1ccc2c(c1)CCC(c1ccccc1)C2c1ccc([*:1])cc1,C(CCO[*:1])CCN1CCN([*:2])CC1,O=C1CCC(N2Cc3cc([*:2])c(F)cc3C2=O)C(=O)N1,ER,CRBN,730.88,6.53,102.42,7,2,11,0.386,0.134,-5.341,-4.097,US11104666B2,2021,YALE UNIVERSITY
O=C1CCC(N2Cc3c(ccc(N4CCN(CCCCCOc5ccc(C6c7ccc(O)cc7CCC6c6ccccc6)cc5)CC4)c3F)C2=O)C(=O)N1,Oc1ccc2c(c1)CCC(c1ccccc1)C2c1ccc([*:1])cc1,C(CCO[*:1])CCN1CCN([*:2])CC1,O=C1CCC(N2Cc3c(ccc([*:2])c3F)C2=O)C(=O)N1,ER,CRBN,730.88,6.53,102.42,7,2,11,0.386,0.134,-5.341,-4.02,US11104666B2,2021,YALE UNIVERSITY
O=C1CCC(N2Cc3cc(N4CCN(CCCCCOc5c(F)cc(C6c7ccc(O)cc7CCC6c6ccccc6)cc5F)CC4)ccc3C2=O)C(=O)N1,Oc1ccc2c(c1)CCC(c1ccccc1)C2c1cc(F)c([*:1])c(F)c1,C(CCO[*:1])CCN1CCN([*:2])CC1,O=C1CCC(N2Cc3cc([*:2])ccc3C2=O)C(=O)N1,ER,CRBN,748.87,6.66,102.42,7,2,11,0.386,0.131,-5.313,-4.554,US11104666B2,2021,YALE UNIVERSITY
O=C1CCC(N2Cc3cc(N4CCN(CC5CCN(c6ccc(C7c8ccc(O)cc8CCC7c7ccccc7)cn6)CC5)CC4)ccc3C2=O)C(=O)N1,Oc1ccc2c(c1)CCC(c1ccccc1)C2c1ccc([*:1])nc1,C1CN([*:1])CCC1CN1CCN([*:2])CC1,O=C1CCC(N2Cc3cc([*:2])ccc3C2=O)C(=O)N1,ER,CRBN,724.91,5.45,109.32,8,2,7,0.409,0.243,-5.441,-4.787,US11104666B2,2021,YALE UNIVERSITY
O=C1CCC(N2Cc3cc(N4CCN(CCC5CCN(c6ccc(C7c8ccc(O)cc8CCC7c7ccccc7)cn6)CC5)CC4)ccc3C2=O)C(=O)N1,Oc1ccc2c(c1)CCC(c1ccccc1)C2c1ccc([*:1])nc1,C(CN1CCN([*:2])CC1)C1CCN([*:1])CC1,O=C1CCC(N2Cc3cc([*:2])ccc3C2=O)C(=O)N1,ER,CRBN,738.93,5.84,109.32,8,2,8,0.422,0.217,-5.36,-4.671,US11104666B2,2021,YALE UNIVERSITY
O=C1CCC(N2C(=O)c3ccc(N4CCN(CCC5CCN(c6ccc(C7c8ccc(O)cc8CCC7c7ccccc7)cn6)CC5)CC4)cc3C2=O)C(=O)N1,Oc1ccc2c(c1)CCC(c1ccccc1)C2c1ccc([*:1])nc1,C(CN1CCN([*:2])CC1)C1CCN([*:1])CC1,O=C1CCC(N2C(=O)c3ccc([*:2])cc3C2=O)C(=O)N1,ER,CRBN,752.92,5.48,126.39,9,2,8,0.4,0.225,-5.344,-4.855,US11104666B2,2021,YALE UNIVERSITY
O=C1CCC(N2C(=O)c3ccc(N4CCN(CC5CCN(c6ccc(C7c8ccc(O)cc8CCC7c7ccccc7)cn6)CC5)CC4)cc3C2=O)C(=O)N1,Oc1ccc2c(c1)CCC(c1ccccc1)C2c1ccc([*:1])nc1,C1CN([*:1])CCC1CN1CCN([*:2])CC1,O=C1CCC(N2C(=O)c3ccc([*:2])cc3C2=O)C(=O)N1,ER,CRBN,738.89,5.09,126.39,9,2,7,0.386,0.25,-5.425,-4.951,US11104666B2,2021,YALE UNIVERSITY
O=C1CCC(N2Cc3cc(N4CCN(CC5CCN(c6ccc(C7c8ccc(O)cc8CCC7c7ccc(F)cc7)cc6)CC5)CC4)ccc3C2=O)C(=O)N1,Oc1ccc2c(c1)CCC(c1ccc(F)cc1)C2c1ccc([*:1])cc1,C1CN([*:1])CCC1CN1CCN([*:2])CC1,O=C1CCC(N2Cc3cc([*:2])ccc3C2=O)C(=O)N1,ER,CRBN,741.91,6.19,96.43,7,2,7,0.4,0.218,-5.387,-5.116,US11104666B2,2021,YALE UNIVERSITY
O=C1CCC(N2Cc3cc(N4CCN(CC5CCN(c6c(F)cc(C7c8ccc(O)cc8CCC7c7ccccc7)cc6F)CC5)CC4)ccc3C2=O)C(=O)N1,Oc1ccc2c(c1)CCC(c1ccccc1)C2c1cc(F)c([*:1])c(F)c1,C1CN([*:1])CCC1CN1CCN([*:2])CC1,O=C1CCC(N2Cc3cc([*:2])ccc3C2=O)C(=O)N1,ER,CRBN,759.9,6.33,96.43,7,2,7,0.4,0.213,-5.451,-5.037,US11104666B2,2021,YALE UNIVERSITY
O=C1CCC(N2C(=O)c3ccc(N4CCN(CC5CCN(c6c(F)cc(C7c8ccc(O)cc8CCC7c7ccccc7)cc6F)CC5)CC4)cc3C2=O)C(=O)N1,Oc1ccc2c(c1)CCC(c1ccccc1)C2c1cc(F)c([*:1])c(F)c1,C1CN([*:1])CCC1CN1CCN([*:2])CC1,O=C1CCC(N2C(=O)c3ccc([*:2])cc3C2=O)C(=O)N1,ER,CRBN,773.88,5.97,113.5,8,2,7,0.378,0.221,-5.39,-5.238,US11104666B2,2021,YALE UNIVERSITY
O=C1CCC(N2Cc3cc(N4CCN(CCC5CCN(c6c(F)cc(C7c8ccc(O)cc8CCC7c7ccccc7)cc6F)CC5)CC4)ccc3C2=O)C(=O)N1,Oc1ccc2c(c1)CCC(c1ccccc1)C2c1cc(F)c([*:1])c(F)c1,C(CN1CCN([*:2])CC1)C1CCN([*:1])CC1,O=C1CCC(N2Cc3cc([*:2])ccc3C2=O)C(=O)N1,ER,CRBN,773.92,6.72,96.43,7,2,8,0.413,0.192,-5.181,-4.895,US11104666B2,2021,YALE UNIVERSITY
O=C1CCC(N2Cc3cc(N4CCN(CCC5CCN(c6ccc(C7c8ccc(O)cc8CCC7c7ccccc7)cc6F)CC5)CC4)ccc3C2=O)C(=O)N1,Oc1ccc2c(c1)CCC(c1ccccc1)C2c1ccc([*:1])c(F)c1,C(CN1CCN([*:2])CC1)C1CCN([*:1])CC1,O=C1CCC(N2Cc3cc([*:2])ccc3C2=O)C(=O)N1,ER,CRBN,755.93,6.58,96.43,7,2,8,0.413,0.196,-5.199,-4.842,US11104666B2,2021,YALE UNIVERSITY
O=C1CCC(N2Cc3c(ccc(N4CCN(CC5CCN(c6ccc(C7c8ccc(O)cc8CCC7c7ccc(F)cc7)cc6)CC5)CC4)c3F)C2=O)C(=O)N1,Oc1ccc2c(c1)CCC(c1ccc(F)cc1)C2c1ccc([*:1])cc1,C1CN([*:1])CCC1CN1CCN([*:2])CC1,O=C1CCC(N2Cc3c(ccc([*:2])c3F)C2=O)C(=O)N1,ER,CRBN,759.9,6.33,96.43,7,2,7,0.4,0.213,-5.489,-5.262,US11104666B2,2021,YALE UNIVERSITY
O=C1CCC(N2Cc3ccc(N4CCN(CC5CCN(c6ccc(C7c8ccc(O)cc8CCC7c7ccccc7)cc6)CC5)CC4)cc3C2=O)C(=O)N1,Oc1ccc2c(c1)CCC(c1ccccc1)C2c1ccc([*:1])cc1,C1CN([*:1])CCC1CN1CCN([*:2])CC1,O=C1CCC(N2Cc3ccc([*:2])cc3C2=O)C(=O)N1,ER,CRBN,723.92,6.05,96.43,7,2,7,0.4,0.224,-5.502,-4.906,US11104666B2,2021,YALE UNIVERSITY
O=C1CCC(N2Cc3ccc(N4CCN(CCC5CCN(c6ccc(C7c8ccc(O)cc8CCC7c7ccccc7)cc6)CC5)CC4)cc3C2=O)C(=O)N1,Oc1ccc2c(c1)CCC(c1ccccc1)C2c1ccc([*:1])cc1,C(CN1CCN([*:2])CC1)C1CCN([*:1])CC1,O=C1CCC(N2Cc3ccc([*:2])cc3C2=O)C(=O)N1,ER,CRBN,737.95,6.44,96.43,7,2,8,0.413,0.201,-5.28,-4.765,US11104666B2,2021,YALE UNIVERSITY
CC(C)N(CC1CCN(c2ccc(C3c4ccc(O)cc4CCC3c3ccccc3)cc2)CC1)C1CC(Oc2ccc3c(c2)C(=O)N(C2CCC(=O)NC2=O)C3=O)C1,Oc1ccc2c(c1)CCC(c1ccccc1)C2c1ccc([*:1])cc1,CC(C)N(CC1CCN([*:1])CC1)C1CC(O[*:2])C1,O=C1CCC(N2C(=O)c3ccc([*:2])cc3C2=O)C(=O)N1,ER,CRBN,780.97,7.19,119.49,8,2,10,0.417,0.163,-5.424,-5.312,US11104666B2,2021,YALE UNIVERSITY
CC(C)N(CC1CCN(c2ccc(C3c4ccc(O)cc4CCC3c3ccccc3)cc2)CC1)C1CC(Oc2ccc3c(c2)CN(C2CCC(=O)NC2=O)C3=O)C1,Oc1ccc2c(c1)CCC(c1ccccc1)C2c1ccc([*:1])cc1,CC(C)N(CC1CCN([*:1])CC1)C1CC(O[*:2])C1,O=C1CCC(N2Cc3cc([*:2])ccc3C2=O)C(=O)N1,ER,CRBN,766.98,7.55,102.42,7,2,10,0.438,0.161,-5.397,-4.924,US11104666B2,2021,YALE UNIVERSITY
O=C1CCC(N2C(=O)c3ccc(OCCOCCOc4ccc(C5c6ccc(OCc7ccccc7)cc6CCC5c5ccccc5)cc4)cc3C2=O)C(=O)N1,c1ccc(COc2ccc3c(c2)CCC(c2ccccc2)C3c2ccc([*:1])cc2)cc1,C(CO[*:1])OCCO[*:2],O=C1CCC(N2C(=O)c3ccc([*:2])cc3C2=O)C(=O)N1,ER,CRBN,750.85,7.0,120.47,8,1,14,0.261,0.095,-5.027,-4.634,US11104666B2,2021,YALE UNIVERSITY
O=C1CCC(N2Cc3cc(N4CCN(CC5CC6CC(Oc7ccc(C8c9ccc(O)cc9CCC8c8ccc(F)cc8)cc7)CC6C5)CC4)ccc3C2=O)C(=O)N1,Oc1ccc2c(c1)CCC(c1ccc(F)cc1)C2c1ccc(OC2CC3CC([*:1])CC3C2)cc1,C1CN([*:2])CCN1C[*:1],O=C1CCC(N2Cc3cc([*:2])ccc3C2=O)C(=O)N1,ER,CRBN,782.96,7.16,102.42,7,2,8,0.438,0.183,-5.451,-5.15,US11104666B2,2021,YALE UNIVERSITY
Cc1ncsc1-c1ccc(CNC(=O)C2CC(O)CN2C(=O)C(NC(=O)COCCOCCOCCOc2ccc(Cn3c(-c4ccc(F)cc4)c(C)c4cc(O)ccc43)cc2)C(C)(C)C)cc1,Cc1c(-c2ccc(F)cc2)n(Cc2ccc([*:1])cc2)c2ccc(O)cc12,O=C(COCCOCCOCCO[*:1])[*:2],Cc1ncsc1-c1ccc(CNC(=O)C2CC(O)CN2C(=O)C(N[*:2])C(C)(C)C)cc1,ER,VHL,950.14,7.18,173.71,11,4,21,0.385,0.054,-5.917,-4.882,US11584743B2,2023,YALE UNIVERSITY
Cc1ncsc1-c1ccc(C(C)NC(=O)C2CC(O)CN2C(=O)C(NC(=O)COCCOCCOCCOc2ccc(Cn3c(-c4ccc(F)cc4)c(C)c4cc(O)ccc43)cc2)C(C)(C)C)cc1,Cc1c(-c2ccc(F)cc2)n(Cc2ccc([*:1])cc2)c2ccc(O)cc12,O=C(COCCOCCOCCO[*:1])[*:2],Cc1ncsc1-c1ccc(C(C)NC(=O)C2CC(O)CN2C(=O)C(N[*:2])C(C)(C)C)cc1,ER,VHL,964.17,7.74,173.71,11,4,21,0.396,0.052,-5.961,-5.081,US11584743B2,2023,YALE UNIVERSITY
Cc1ncsc1-c1ccc(CNC(=O)C2CC(O)CN2C(=O)C(NC(=O)COCCOCCOCCOc2ccc(Cn3c(-c4ccc(O)cc4)c(C)c4cc(O)ccc43)cc2)C(C)(C)C)cc1,Cc1c(-c2ccc(O)cc2)n(Cc2ccc([*:1])cc2)c2ccc(O)cc12,O=C(COCCOCCOCCO[*:1])[*:2],Cc1ncsc1-c1ccc(CNC(=O)C2CC(O)CN2C(=O)C(N[*:2])C(C)(C)C)cc1,ER,VHL,948.15,6.75,193.94,12,5,21,0.385,0.048,-6.089,-3.724,US11584743B2,2023,YALE UNIVERSITY
Cc1ncsc1-c1ccc(C(C)NC(=O)C2CC(O)CN2C(=O)C(NC(=O)COCCOCCOCCOc2ccc(Cn3c(-c4ccc(O)cc4)c(C)c4cc(O)ccc43)cc2)C(C)(C)C)cc1,Cc1c(-c2ccc(O)cc2)n(Cc2ccc([*:1])cc2)c2ccc(O)cc12,O=C(COCCOCCOCCO[*:1])[*:2],Cc1ncsc1-c1ccc(C(C)NC(=O)C2CC(O)CN2C(=O)C(N[*:2])C(C)(C)C)cc1,ER,VHL,962.18,7.31,193.94,12,5,21,0.396,0.045,-6.054,-3.997,US11584743B2,2023,YALE UNIVERSITY
CCC(=C(c1ccc(O)cc1)c1ccc(OCCOCCOCCOCCNc2cccc3c2CN(C2CCC(=O)NC2=O)C3=O)cc1)c1ccccc1,CCC(=C(c1ccc(O)cc1)c1ccc([*:1])cc1)c1ccccc1,C(COCCOCCOCCO[*:1])N[*:2],O=C1CCC(N2Cc3c(cccc3[*:2])C2=O)C(=O)N1,ER,CRBN,733.86,6.06,135.66,9,3,19,0.326,0.06,-5.343,-5.271,US20200157078A1,2020,ACCUTAR BIOTECHNOLOGY INC
CCC(=C(c1ccc(O)cc1)c1ccc(OCCOCCOCCOCCNc2cccc3c2C(=O)N(C2CCC(=O)NC2=O)C3=O)cc1)c1ccccc1,CCC(=C(c1ccc(O)cc1)c1ccc([*:1])cc1)c1ccccc1,C(COCCOCCOCCO[*:1])N[*:2],O=C1CCC(N2C(=O)c3cccc([*:2])c3C2=O)C(=O)N1,ER,CRBN,747.85,5.7,152.73,10,3,19,0.302,0.062,-5.316,-5.764,US20200157078A1,2020,ACCUTAR BIOTECHNOLOGY INC
CCC(=C(c1ccc(O)cc1)c1ccc(OCCOCCOCCOCCOCCOc2cccc3c2CN(C2CCC(=O)NC2=O)C3=O)cc1)c1ccccc1,CCC(=C(c1ccc(O)cc1)c1ccc([*:1])cc1)c1ccccc1,C(COCCOCCO[*:2])OCCOCCO[*:1],O=C1CCC(N2Cc3c(cccc3[*:2])C2=O)C(=O)N1,ER,CRBN,778.9,6.05,142.09,10,2,22,0.356,0.055,-5.362,-4.891,US20200157078A1,2020,ACCUTAR BIOTECHNOLOGY INC
CCC(=C(c1ccc(O)cc1)c1ccc(OCCOCCOCCNc2cccc3c2C(=O)N(C2CCC(=O)NC2=O)C3=O)cc1)c1ccccc1,CCC(=C(c1ccc(O)cc1)c1ccc([*:1])cc1)c1ccccc1,C(COCCOCCO[*:1])N[*:2],O=C1CCC(N2C(=O)c3cccc([*:2])c3C2=O)C(=O)N1,ER,CRBN,703.79,5.69,143.5,9,3,16,0.268,0.076,-5.511,-5.985,US20200157078A1,2020,ACCUTAR BIOTECHNOLOGY INC
CCC(=C(c1ccc(O)cc1)c1ccc(OCCOCCOCCNc2ccc3c(c2)C(=O)N(C2CCC(=O)NC2=O)C3=O)cc1)c1ccccc1,CCC(=C(c1ccc(O)cc1)c1ccc([*:1])cc1)c1ccccc1,C(COCCOCCO[*:1])N[*:2],O=C1CCC(N2C(=O)c3ccc([*:2])cc3C2=O)C(=O)N1,ER,CRBN,703.79,5.69,143.5,9,3,16,0.268,0.076,-5.496,-5.653,US20200157078A1,2020,ACCUTAR BIOTECHNOLOGY INC
CCC(=C(c1ccc(O)cc1)c1ccc(OCCOCCOCCOc2ccc3c(c2)C(=O)N(C2CCC(=O)NC2=O)C3=O)cc1)c1ccccc1,CCC(=C(c1ccc(O)cc1)c1ccc([*:1])cc1)c1ccccc1,C(COCCO[*:2])OCCO[*:1],O=C1CCC(N2C(=O)c3ccc([*:2])cc3C2=O)C(=O)N1,ER,CRBN,704.78,5.65,140.7,9,2,16,0.268,0.086,-5.495,-5.777,US20200157078A1,2020,ACCUTAR BIOTECHNOLOGY INC
O=C1CCC(N2Cc3cc(N4CCN(Cc5cccc(S(=O)(=O)N6CCC(Nc7ncc8ccc(=O)n(C9CCCC9)c8n7)CC6)c5)CC4)c(F)cc3C2=O)C(=O)N1,O=c1ccc2cnc(NC3CCN(S(=O)(=O)c4cccc([*:1])c4)CC3)nc2n1C1CCCC1,C1CN([*:2])CCN1C[*:1],O=C1CCC(N2Cc3cc([*:2])c(F)cc3C2=O)C(=O)N1,CDK2,CRBN,811.94,3.39,170.15,11,2,9,0.463,0.238,-5.151,-3.838,WO2022140472A1,2022,NIKANG THERAPEUTICS INC
O=C1CCC(N2Cc3cc(N4CCC(CN5CCN(c6cccc(S(=O)(=O)N7CCC(Nc8ncc9ccc(=O)n(C%10CCCC%10)c9n8)CC7)c6)CC5)CC4)ccc3C2=O)C(=O)N1,O=c1ccc2cnc(NC3CCN(S(=O)(=O)c4cccc([*:1])c4)CC3)nc2n1C1CCCC1,C1CN([*:2])CCC1CN1CCN([*:1])CC1,O=C1CCC(N2Cc3cc([*:2])ccc3C2=O)C(=O)N1,CDK2,CRBN,877.08,3.97,173.39,12,2,10,0.522,0.22,-5.286,-4.008,WO2022140472A1,2022,NIKANG THERAPEUTICS INC
O=C1CCC(N2Cc3cc(N4CC(N5CCN(c6cccc(S(=O)(=O)N7CCC(Nc8ncc9ccc(=O)n(C%10CCCC%10)c9n8)CC7)c6)CC5)C4)ccc3C2=O)C(=O)N1,O=c1ccc2cnc(NC3CCN(S(=O)(=O)c4cccc([*:1])c4)CC3)nc2n1C1CCCC1,C1CN([*:1])CCN1C1CN([*:2])C1,O=C1CCC(N2Cc3cc([*:2])ccc3C2=O)C(=O)N1,CDK2,CRBN,835.0,2.94,173.39,12,2,9,0.488,0.237,-5.222,-3.524,WO2022140472A1,2022,NIKANG THERAPEUTICS INC
O=C1CCC(N2Cc3cc(N4CCN(Cc5cccc(S(=O)(=O)N6CCC(Nc7ncc8ccc(=O)n(C9CCCC9)c8n7)CC6)c5)CC4)ccc3C2=O)C(=O)N1,O=c1ccc2cnc(NC3CCN(S(=O)(=O)c4cccc([*:1])c4)CC3)nc2n1C1CCCC1,C1CN([*:2])CCN1C[*:1],O=C1CCC(N2Cc3cc([*:2])ccc3C2=O)C(=O)N1,CDK2,CRBN,793.95,3.26,170.15,11,2,9,0.463,0.239,-5.216,-3.28,WO2022140472A1,2022,NIKANG THERAPEUTICS INC
O=C1CCC(N2C(=O)c3cc(F)c(N4CCN(Cc5cccc(S(=O)(=O)N6CCC(Nc7ncc8ccc(=O)n(C9CCCC9)c8n7)CC6)c5)CC4)cc3C2=O)C(=O)N1,O=c1ccc2cnc(NC3CCN(S(=O)(=O)c4cccc([*:1])c4)CC3)nc2n1C1CCCC1,C1CN([*:2])CCN1C[*:1],O=C1CCC(N2C(=O)c3cc(F)c([*:2])cc3C2=O)C(=O)N1,CDK2,CRBN,825.92,3.03,187.22,12,2,9,0.439,0.236,-5.168,-3.8,WO2022140472A1,2022,NIKANG THERAPEUTICS INC
O=C1CCC(N2Cc3cc(N4CCN(CC5CCN(c6cccc(S(=O)(=O)N7CCC(Nc8ncc9ccc(=O)n(C%10CCCC%10)c9n8)CC7)c6)CC5)CC4)ccc3C2=O)C(=O)N1,O=c1ccc2cnc(NC3CCN(S(=O)(=O)c4cccc([*:1])c4)CC3)nc2n1C1CCCC1,C1CN([*:1])CCC1CN1CCN([*:2])CC1,O=C1CCC(N2Cc3cc([*:2])ccc3C2=O)C(=O)N1,CDK2,CRBN,877.08,3.97,173.39,12,2,10,0.522,0.22,-5.286,-4.008,WO2022140472A1,2022,NIKANG THERAPEUTICS INC
O=C1CCC(N2Cc3cc(C4CCN(CC5CCN(c6cccc(S(=O)(=O)N7CCC(Nc8ncc9ccc(=O)n(C%10CCCC%10)c9n8)CC7)c6)CC5)CC4)ccc3C2=O)C(=O)N1,O=c1ccc2cnc(NC3CCN(S(=O)(=O)c4cccc([*:1])c4)CC3)nc2n1C1CCCC1,C1CN([*:1])CCC1CN1CCC([*:2])CC1,O=C1CCC(N2Cc3cc([*:2])ccc3C2=O)C(=O)N1,CDK2,CRBN,876.1,5.03,170.15,11,2,10,0.532,0.205,-5.25,-4.973,WO2022140472A1,2022,NIKANG THERAPEUTICS INC
O=C1CCC(N2Cc3cc(N4CCC(CN5CCC(c6cccc(S(=O)(=O)N7CCC(Nc8ncc9ccc(=O)n(C%10CCCC%10)c9n8)CC7)c6)CC5)CC4)ccc3C2=O)C(=O)N1,O=c1ccc2cnc(NC3CCN(S(=O)(=O)c4cccc([*:1])c4)CC3)nc2n1C1CCCC1,C1CN([*:2])CCC1CN1CCC([*:1])CC1,O=C1CCC(N2Cc3cc([*:2])ccc3C2=O)C(=O)N1,CDK2,CRBN,876.1,5.03,170.15,11,2,10,0.532,0.205,-5.265,-4.901,WO2022140472A1,2022,NIKANG THERAPEUTICS INC
Cc1ccsc1C(=O)n1nc(Nc2ccc(C(=O)NCCOCCOCCOCCNc3ccc4c(c3)C(=O)N(C3CCC(=O)NC3=O)C4=O)cc2)nc1N,Cc1ccsc1C(=O)n1nc(Nc2ccc([*:1])cc2)nc1N,O=C(NCCOCCOCCOCCN[*:2])[*:1],O=C1CCC(N2C(=O)c3ccc([*:2])cc3C2=O)C(=O)N1,CDK2,CRBN,773.83,1.96,238.2,15,5,18,0.333,0.072,-5.403,-2.984,CN114349738A,2022,TSINGHUA UNIVERSITY
Cc1ccsc1C(=O)n1nc(Nc2ccc(C(=O)NCCOCCOCCNc3ccc4c(c3)C(=O)N(C3CCC(=O)NC3=O)C4=O)cc2)nc1N,Cc1ccsc1C(=O)n1nc(Nc2ccc([*:1])cc2)nc1N,O=C(NCCOCCOCCN[*:2])[*:1],O=C1CCC(N2C(=O)c3ccc([*:2])cc3C2=O)C(=O)N1,CDK2,CRBN,729.78,1.94,228.97,14,5,15,0.294,0.087,-5.428,-3.173,CN114349738A,2022,TSINGHUA UNIVERSITY
Cc1ccsc1C(=O)n1nc(Nc2ccc(C(=O)NCCOCCOCCOCCNc3cccc4c3C(=O)N(C3CCC(=O)NC3=O)C4=O)cc2)nc1N,Cc1ccsc1C(=O)n1nc(Nc2ccc([*:1])cc2)nc1N,O=C(NCCOCCOCCOCCN[*:2])[*:1],O=C1CCC(N2C(=O)c3cccc([*:2])c3C2=O)C(=O)N1,CDK2,CRBN,773.83,1.96,238.2,15,5,18,0.333,0.072,-5.36,-3.245,CN114349738A,2022,TSINGHUA UNIVERSITY
Cc1ccsc1C(=O)n1nc(Nc2ccc(C(=O)NCCOCCOCCNc3cccc4c3C(=O)N(C3CCC(=O)NC3=O)C4=O)cc2)nc1N,Cc1ccsc1C(=O)n1nc(Nc2ccc([*:1])cc2)nc1N,O=C(NCCOCCOCCN[*:2])[*:1],O=C1CCC(N2C(=O)c3cccc([*:2])c3C2=O)C(=O)N1,CDK2,CRBN,729.78,1.94,228.97,14,5,15,0.294,0.087,-5.408,-3.386,CN114349738A,2022,TSINGHUA UNIVERSITY
CC1(C)CCc2c(-c3cc4ccc(C(=O)N5CCN(CC6CCN(c7ccc8c(c7)CN(C7CCC(=O)NC7=O)C8=O)CC6)CC5)cc4[nH]3)n[nH]c2C1,CC1(C)CCc2c(-c3cc4ccc([*:1])cc4[nH]3)n[nH]c2C1,O=C(N1CCN(CC2CCN([*:2])CC2)CC1)[*:1],O=C1CCC(N2Cc3cc([*:2])ccc3C2=O)C(=O)N1,ITK,CRBN,716.89,4.51,137.74,7,3,6,0.488,0.25,-5.354,-4.746,WO2022235715A1,2022,NURIX THERAPEUTICS INC
CNc1ccc(-c2nc3ccc(OCCOCCOCC(=O)NC(C(=O)N4CC(O)CC4C(=O)NC(C)c4ccc(-c5scnc5C)cc4)C(C)(C)C)cc3s2)cc1,CNc1ccc(-c2nc3ccc([*:1])cc3s2)cc1,O=C(COCCOCCO[*:1])[*:2],Cc1ncsc1-c1ccc(C(C)NC(=O)C2CC(O)CN2C(=O)C(N[*:2])C(C)(C)C)cc1,αSYNUCLEIN,VHL,829.06,6.22,164.24,12,4,17,0.419,0.079,-5.806,-4.505,US11707452B2,2023,YALE UNIVERSITY
CNc1ccc(-c2nc3ccc(OCCOCCOCCOCC(=O)NC(C(=O)N4CC(O)CC4C(=O)NC(C)c4ccc(-c5scnc5C)cc4)C(C)(C)C)cc3s2)cc1,CNc1ccc(-c2nc3ccc([*:1])cc3s2)cc1,O=C(COCCOCCOCCO[*:1])[*:2],Cc1ncsc1-c1ccc(C(C)NC(=O)C2CC(O)CN2C(=O)C(N[*:2])C(C)(C)C)cc1,αSYNUCLEIN,VHL,873.11,6.24,173.47,13,4,20,0.444,0.065,-5.826,-4.26,US11707452B2,2023,YALE UNIVERSITY
CNc1ccc(-c2nc3ccc(OCCOCCOCCOCCOCC(=O)NC(C(=O)N4CC(O)CC4C(=O)NC(C)c4ccc(-c5scnc5C)cc4)C(C)(C)C)cc3s2)cc1,CNc1ccc(-c2nc3ccc([*:1])cc3s2)cc1,O=C(COCCOCCOCCOCCO[*:1])[*:2],Cc1ncsc1-c1ccc(C(C)NC(=O)C2CC(O)CN2C(=O)C(N[*:2])C(C)(C)C)cc1,αSYNUCLEIN,VHL,917.16,6.25,182.7,14,4,23,0.468,0.054,-5.776,-3.913,US11707452B2,2023,YALE UNIVERSITY
COc1cc(C=Cc2ccc3cc(OCCOCCOCCOCC(=O)NC(C(=O)N4CC(O)CC4C(=O)NC(C)c4ccc(-c5scnc5C)cc4)C(C)(C)C)ccc3n2)ccn1,COc1cc(C=Cc2ccc3cc([*:1])ccc3n2)ccn1,O=C(COCCOCCOCCO[*:1])[*:2],Cc1ncsc1-c1ccc(C(C)NC(=O)C2CC(O)CN2C(=O)C(N[*:2])C(C)(C)C)cc1,αSYNUCLEIN,VHL,895.09,6.04,183.56,13,3,21,0.417,0.073,-5.869,-4.703,US11707452B2,2023,YALE UNIVERSITY
COc1cc(C=Cc2ccc3cc(OCCOCCOCCOc4ccc5c(c4)C(=O)N(C4CCC(=O)NC4=O)C5=O)ccc3n2)ccn1,COc1cc(C=Cc2ccc3cc([*:1])ccc3n2)ccn1,C(COCCO[*:2])OCCO[*:1],O=C1CCC(N2C(=O)c3ccc([*:2])cc3C2=O)C(=O)N1,αSYNUCLEIN,CRBN,666.69,3.7,155.48,11,1,15,0.278,0.146,-5.508,-4.379,US11707452B2,2023,YALE UNIVERSITY
COc1cc(C=Cc2ccc3cc(OCCOCCOCCOCCOCC(=O)NC(C(=O)N4CC(O)CC4C(=O)NC(C)c4ccc(-c5scnc5C)cc4)C(C)(C)C)ccc3n2)ccn1,COc1cc(C=Cc2ccc3cc([*:1])ccc3n2)ccn1,O=C(COCCOCCOCCOCCO[*:1])[*:2],Cc1ncsc1-c1ccc(C(C)NC(=O)C2CC(O)CN2C(=O)C(N[*:2])C(C)(C)C)cc1,αSYNUCLEIN,VHL,939.14,6.06,192.79,14,3,24,0.44,0.061,-5.824,-4.427,US11707452B2,2023,YALE UNIVERSITY
CCCCC(Cc1c[nH]c2ccccc12)NC(=O)c1cnc(N2CCN(c3ccc(OCCOCCOCC(=O)NC(C(=O)N4CC(O)CC4C(=O)NC(C)c4ccc(-c5scnc5C)cc4)C(C)(C)C)cc3)CC2)s1,CCCCC(Cc1c[nH]c2ccccc12)NC(=O)c1cnc(N2CCN(c3ccc([*:1])cc3)CC2)s1,O=C(COCCOCCO[*:1])[*:2],Cc1ncsc1-c1ccc(C(C)NC(=O)C2CC(O)CN2C(=O)C(N[*:2])C(C)(C)C)cc1,αSYNUCLEIN,VHL,1076.4,7.7,203.58,14,5,24,0.474,0.037,-5.887,-5.009,US11707452B2,2023,YALE UNIVERSITY
CCCCC(Cc1c[nH]c2ccccc12)NC(=O)c1cnc(N2CCN(c3ccc(OCCOCCOCCOCC(=O)NC(C(=O)N4CC(O)CC4C(=O)NC(C)c4ccc(-c5scnc5C)cc4)C(C)(C)C)cc3)CC2)s1,CCCCC(Cc1c[nH]c2ccccc12)NC(=O)c1cnc(N2CCN(c3ccc([*:1])cc3)CC2)s1,O=C(COCCOCCOCCO[*:1])[*:2],Cc1ncsc1-c1ccc(C(C)NC(=O)C2CC(O)CN2C(=O)C(N[*:2])C(C)(C)C)cc1,αSYNUCLEIN,VHL,1120.45,7.71,212.81,15,5,27,0.492,0.031,-5.88,-4.755,US11707452B2,2023,YALE UNIVERSITY
CCCCC(Cc1c[nH]c2ccccc12)NC(=O)c1cnc(N2CCN(c3ccc(OCCOCCOc4ccc5c(c4)C(=O)N(C4CCC(=O)NC4=O)C5=O)cc3)CC2)s1,CCCCC(Cc1c[nH]c2ccccc12)NC(=O)c1cnc(N2CCN(c3ccc([*:1])cc3)CC2)s1,C(CO[*:1])OCCO[*:2],O=C1CCC(N2C(=O)c3ccc([*:2])cc3C2=O)C(=O)N1,αSYNUCLEIN,CRBN,848.0,5.36,175.5,12,3,18,0.378,0.077,-5.402,-5.237,US11707452B2,2023,YALE UNIVERSITY
CCCCC(Cc1c[nH]c2ccccc12)NC(=O)c1cnc(N2CCN(c3ccc(OCCOCCOCCOc4ccc5c(c4)C(=O)N(C4CCC(=O)NC4=O)C5=O)cc3)CC2)s1,CCCCC(Cc1c[nH]c2ccccc12)NC(=O)c1cnc(N2CCN(c3ccc([*:1])cc3)CC2)s1,C(COCCO[*:2])OCCO[*:1],O=C1CCC(N2C(=O)c3ccc([*:2])cc3C2=O)C(=O)N1,αSYNUCLEIN,CRBN,892.05,5.37,184.73,13,3,21,0.404,0.063,-5.324,-5.015,US11707452B2,2023,YALE UNIVERSITY
O=C1CCC(N2C(=O)c3ccc(OCCOCCOc4ccc(CN5C(=O)C(=CC=Cc6ccc([N+](=O)[O-])cc6)c6ccccc65)cc4)cc3C2=O)C(=O)N1,O=C1C(=CC=Cc2ccc([N+](=O)[O-])cc2)c2ccccc2N1Cc1ccc([*:1])cc1,C(CO[*:1])OCCO[*:2],O=C1CCC(N2C(=O)c3ccc([*:2])cc3C2=O)C(=O)N1,αSYNUCLEIN,CRBN,742.74,5.11,174.69,10,1,14,0.195,0.06,-5.557,-4.231,US11707452B2,2023,YALE UNIVERSITY
O=C1CCC(N2C(=O)c3ccc(OCCOCCOCCOc4ccc(CN5C(=O)C(=CC=Cc6ccc([N+](=O)[O-])cc6)c6ccccc65)cc4)cc3C2=O)C(=O)N1,O=C1C(=CC=Cc2ccc([N+](=O)[O-])cc2)c2ccccc2N1Cc1ccc([*:1])cc1,C(COCCO[*:2])OCCO[*:1],O=C1CCC(N2C(=O)c3ccc([*:2])cc3C2=O)C(=O)N1,αSYNUCLEIN,CRBN,786.79,5.13,183.92,11,1,17,0.233,0.049,-5.573,-4.1,US11707452B2,2023,YALE UNIVERSITY
O=C1CCC(N2C(=O)c3ccc(N4CCN(CCC5CCN(c6ccc7c(c6)Sc6cc([N+](=O)[O-])ccc6N7)CC5)CC4)cc3C2=O)C(=O)N1,O=[N+]([O-])c1ccc2c(c1)Sc1cc([*:1])ccc1N2,C(CN1CCN([*:2])CC1)C1CCN([*:1])CC1,O=C1CCC(N2C(=O)c3ccc([*:2])cc3C2=O)C(=O)N1,αSYNUCLEIN,CRBN,695.8,4.63,148.44,11,2,7,0.389,0.158,-5.304,-5.645,US11707452B2,2023,YALE UNIVERSITY
O=C1CCC(N2C(=O)c3ccc(OCCOCCOCCOc4ccc(C(=O)Nc5ccc(N6CCN(c7ccccn7)CC6)cc5)c(F)c4)cc3C2=O)C(=O)N1,O=C(Nc1ccc(N2CCN(c3ccccn3)CC2)cc1)c1ccc([*:1])cc1F,C(COCCO[*:2])OCCO[*:1],O=C1CCC(N2C(=O)c3ccc([*:2])cc3C2=O)C(=O)N1,αSYNUCLEIN,CRBN,780.81,3.69,168.94,12,2,16,0.317,0.125,-5.471,-4.314,US11707452B2,2023,YALE UNIVERSITY
Cc1ncsc1-c1ccc(C(C)NC(=O)C2CC(O)CN2C(=O)C(NC(=O)COCCOCCOCCOc2ccc(C(=O)Nc3ccc(N4CCN(c5ccccn5)CC4)cc3)c(F)c2)C(C)(C)C)cc1,O=C(Nc1ccc(N2CCN(c3ccccn3)CC2)cc1)c1ccc([*:1])cc1F,O=C(COCCOCCOCCO[*:1])[*:2],Cc1ncsc1-c1ccc(C(C)NC(=O)C2CC(O)CN2C(=O)C(N[*:2])C(C)(C)C)cc1,αSYNUCLEIN,VHL,1009.21,6.03,197.02,14,4,22,0.434,0.059,-5.877,-4.162,US11707452B2,2023,YALE UNIVERSITY
O=C1CCC(N2C(=O)c3ccc(N4CCN(CCC5CCN(c6ccc(C(=O)Nc7ccc(N8CCN(c9ccccn9)CC8)cc7)c(F)c6)CC5)CC4)cc3C2=O)C(=O)N1,O=C(Nc1ccc(N2CCN(c3ccccn3)CC2)cc1)c1ccc([*:1])cc1F,C(CN1CCN([*:2])CC1)C1CCN([*:1])CC1,O=C1CCC(N2C(=O)c3ccc([*:2])cc3C2=O)C(=O)N1,αSYNUCLEIN,CRBN,827.96,4.63,141.74,11,2,10,0.391,0.216,-5.129,-4.086,US11707452B2,2023,YALE UNIVERSITY
O=C1CCC(N2C(=O)c3ccc(OCCOCCOCCOc4ccc(C=Cc5cc(-c6nccs6)on5)cc4)cc3C2=O)C(=O)N1,C(=Cc1cc(-c2nccs2)on1)c1ccc([*:1])cc1,C(COCCO[*:2])OCCO[*:1],O=C1CCC(N2C(=O)c3ccc([*:2])cc3C2=O)C(=O)N1,αSYNUCLEIN,CRBN,658.69,3.86,159.39,12,1,15,0.273,0.146,-5.483,-3.974,US11707452B2,2023,YALE UNIVERSITY
Cc1ncsc1-c1ccc(C(C)NC(=O)C2CC(O)CN2C(=O)C(NC(=O)COCCOCCOCCOc2ccc(C=Cc3cc(-c4nccs4)on3)cc2)C(C)(C)C)cc1,C(=Cc1cc(-c2nccs2)on1)c1ccc([*:1])cc1,O=C(COCCOCCOCCO[*:1])[*:2],Cc1ncsc1-c1ccc(C(C)NC(=O)C2CC(O)CN2C(=O)C(N[*:2])C(C)(C)C)cc1,αSYNUCLEIN,VHL,887.09,6.2,187.47,14,3,21,0.422,0.071,-5.843,-4.633,US11707452B2,2023,YALE UNIVERSITY
O=C1CCC(N2C(=O)c3ccc(N4CCN(CCC5CCN(c6ccc(C=Cc7cc(-c8nccs8)on7)cc6)CC5)CC4)cc3C2=O)C(=O)N1,C(=Cc1cc(-c2nccs2)on1)c1ccc([*:1])cc1,C(CN1CCN([*:2])CC1)C1CCN([*:1])CC1,O=C1CCC(N2C(=O)c3ccc([*:2])cc3C2=O)C(=O)N1,αSYNUCLEIN,CRBN,705.84,4.8,132.19,11,1,9,0.368,0.242,-5.226,-4.999,US11707452B2,2023,YALE UNIVERSITY
Cc1nc(Nc2ncc(C(=O)Nc3c(C)cccc3Cl)s2)cc(N2CCN(C(=O)CCOCCNc3cccc4c3C(=O)N(C3CCC(=O)NC3=O)C4=O)CC2)n1,Cc1nc(Nc2ncc(C(=O)Nc3c(C)cccc3Cl)s2)cc([*:1])n1,O=C(CCOCCN[*:2])N1CCN([*:1])CC1,O=C1CCC(N2C(=O)c3cccc([*:2])c3C2=O)C(=O)N1,BCR-ABL,CRBN,815.31,3.77,208.16,14,4,13,0.342,0.112,-5.631,-4.403,US11639343B2,2023,CHINESE ACADEMY OF SCIENCE
Cc1nc(Nc2ncc(C(=O)Nc3c(C)cccc3Cl)s2)cc(N2CCN(C(=O)CCOCCOCCNc3cccc4c3C(=O)N(C3CCC(=O)NC3=O)C4=O)CC2)n1,Cc1nc(Nc2ncc(C(=O)Nc3c(C)cccc3Cl)s2)cc([*:1])n1,O=C(CCOCCOCCN[*:2])N1CCN([*:1])CC1,O=C1CCC(N2C(=O)c3cccc([*:2])c3C2=O)C(=O)N1,BCR-ABL,CRBN,859.37,3.78,217.39,15,4,16,0.375,0.093,-5.703,-4.099,US11639343B2,2023,CHINESE ACADEMY OF SCIENCE
Cc1nc(Nc2ncc(C(=O)Nc3c(C)cccc3Cl)s2)cc(N2CCN(C(=O)CCOCCOCCOCCNc3cccc4c3C(=O)N(C3CCC(=O)NC3=O)C4=O)CC2)n1,Cc1nc(Nc2ncc(C(=O)Nc3c(C)cccc3Cl)s2)cc([*:1])n1,O=C(CCOCCOCCOCCN[*:2])N1CCN([*:1])CC1,O=C1CCC(N2C(=O)c3cccc([*:2])c3C2=O)C(=O)N1,BCR-ABL,CRBN,903.42,3.8,226.62,16,4,19,0.405,0.078,-5.619,-3.582,US11639343B2,2023,CHINESE ACADEMY OF SCIENCE
Cc1nc(Nc2ncc(C(=O)Nc3c(C)cccc3Cl)s2)cc(N2CCN(C(=O)CCOCCOCCOCCOCCNc3cccc4c3C(=O)N(C3CCC(=O)NC3=O)C4=O)CC2)n1,Cc1nc(Nc2ncc(C(=O)Nc3c(C)cccc3Cl)s2)cc([*:1])n1,O=C(CCOCCOCCOCCOCCN[*:2])N1CCN([*:1])CC1,O=C1CCC(N2C(=O)c3cccc([*:2])c3C2=O)C(=O)N1,BCR-ABL,CRBN,947.47,3.82,235.85,17,4,22,0.432,0.065,-5.517,-3.311,US11639343B2,2023,CHINESE ACADEMY OF SCIENCE
Cc1nc(Nc2ncc(C(=O)Nc3c(C)cccc3Cl)s2)cc(N2CCN(C(=O)CNc3cccc4c3C(=O)N(C3CCC(=O)NC3=O)C4=O)CC2)n1,Cc1nc(Nc2ncc(C(=O)Nc3c(C)cccc3Cl)s2)cc([*:1])n1,O=C(CN[*:2])N1CCN([*:1])CC1,O=C1CCC(N2C(=O)c3cccc([*:2])c3C2=O)C(=O)N1,BCR-ABL,CRBN,757.23,3.36,198.93,13,4,9,0.286,0.182,-5.454,-4.341,US11639343B2,2023,CHINESE ACADEMY OF SCIENCE
Cc1nc(Nc2ncc(C(=O)Nc3c(C)cccc3Cl)s2)cc(N2CCN(C(=O)CCNc3cccc4c3C(=O)N(C3CCC(=O)NC3=O)C4=O)CC2)n1,Cc1nc(Nc2ncc(C(=O)Nc3c(C)cccc3Cl)s2)cc([*:1])n1,O=C(CCN[*:2])N1CCN([*:1])CC1,O=C1CCC(N2C(=O)c3cccc([*:2])c3C2=O)C(=O)N1,BCR-ABL,CRBN,771.26,3.75,198.93,13,4,10,0.306,0.171,-5.427,-4.683,US11639343B2,2023,CHINESE ACADEMY OF SCIENCE
Cc1nc(Nc2ncc(C(=O)Nc3c(C)cccc3Cl)s2)cc(N2CCN(C(=O)CCCNc3cccc4c3C(=O)N(C3CCC(=O)NC3=O)C4=O)CC2)n1,Cc1nc(Nc2ncc(C(=O)Nc3c(C)cccc3Cl)s2)cc([*:1])n1,O=C(CCCN[*:2])N1CCN([*:1])CC1,O=C1CCC(N2C(=O)c3cccc([*:2])c3C2=O)C(=O)N1,BCR-ABL,CRBN,785.29,4.14,198.93,13,4,11,0.324,0.125,-5.449,-4.824,US11639343B2,2023,CHINESE ACADEMY OF SCIENCE
Cc1nc(Nc2ncc(C(=O)Nc3c(C)cccc3Cl)s2)cc(N2CCN(C(=O)CCCCNc3cccc4c3C(=O)N(C3CCC(=O)NC3=O)C4=O)CC2)n1,Cc1nc(Nc2ncc(C(=O)Nc3c(C)cccc3Cl)s2)cc([*:1])n1,O=C(CCCCN[*:2])N1CCN([*:1])CC1,O=C1CCC(N2C(=O)c3cccc([*:2])c3C2=O)C(=O)N1,BCR-ABL,CRBN,799.31,4.53,198.93,13,4,12,0.342,0.116,-5.306,-4.961,US11639343B2,2023,CHINESE ACADEMY OF SCIENCE
Cc1nc(Nc2ncc(C(=O)Nc3c(C)cccc3Cl)s2)cc(N2CCN(C(=O)CCCCCNc3cccc4c3C(=O)N(C3CCC(=O)NC3=O)C4=O)CC2)n1,Cc1nc(Nc2ncc(C(=O)Nc3c(C)cccc3Cl)s2)cc([*:1])n1,O=C(CCCCCN[*:2])N1CCN([*:1])CC1,O=C1CCC(N2C(=O)c3cccc([*:2])c3C2=O)C(=O)N1,BCR-ABL,CRBN,813.34,4.92,198.93,13,4,13,0.359,0.105,-5.333,-5.119,US11639343B2,2023,CHINESE ACADEMY OF SCIENCE
Cc1nc(Nc2ncc(C(=O)Nc3c(C)cccc3Cl)s2)cc(N2CCN(C(=O)CCCCCCNc3cccc4c3C(=O)N(C3CCC(=O)NC3=O)C4=O)CC2)n1,Cc1nc(Nc2ncc(C(=O)Nc3c(C)cccc3Cl)s2)cc([*:1])n1,O=C(CCCCCCN[*:2])N1CCN([*:1])CC1,O=C1CCC(N2C(=O)c3cccc([*:2])c3C2=O)C(=O)N1,BCR-ABL,CRBN,827.37,5.31,198.93,13,4,14,0.375,0.095,-5.381,-5.255,US11639343B2,2023,CHINESE ACADEMY OF SCIENCE
Cc1nc(Nc2ncc(C(=O)Nc3c(C)cccc3Cl)s2)cc(N2CCN(C(=O)CCC(=O)NC(C(=O)N3CC(O)CC3C(=O)NCc3ccc(-c4scnc4C)cc3)C(C)(C)C)CC2)n1,Cc1nc(Nc2ncc(C(=O)Nc3c(C)cccc3Cl)s2)cc([*:1])n1,O=C(CCC(=O)[*:2])N1CCN([*:1])CC1,Cc1ncsc1-c1ccc(CNC(=O)C2CC(O)CN2C(=O)C(N[*:2])C(C)(C)C)cc1,BCR-ABL,VHL,956.6,5.87,214.98,14,5,14,0.413,0.088,-5.804,-4.504,US11639343B2,2023,CHINESE ACADEMY OF SCIENCE
Cc1nc(Nc2ncc(C(=O)Nc3c(C)cccc3Cl)s2)cc(N2CCN(C(=O)CCCCCC(=O)NC(C(=O)N3CC(O)CC3C(=O)NCc3ccc(-c4scnc4C)cc3)C(C)(C)C)CC2)n1,Cc1nc(Nc2ncc(C(=O)Nc3c(C)cccc3Cl)s2)cc([*:1])n1,O=C(CCCCCC(=O)[*:2])N1CCN([*:1])CC1,Cc1ncsc1-c1ccc(CNC(=O)C2CC(O)CN2C(=O)C(N[*:2])C(C)(C)C)cc1,BCR-ABL,VHL,998.68,7.04,214.98,14,5,17,0.449,0.059,-5.854,-4.514,US11639343B2,2023,CHINESE ACADEMY OF SCIENCE
Cc1nc(Nc2ncc(C(=O)Nc3c(C)cccc3Cl)s2)cc(N2CCN(C(=O)CCCCCCC(=O)NC(C(=O)N3CC(O)CC3C(=O)NCc3ccc(-c4scnc4C)cc3)C(C)(C)C)CC2)n1,Cc1nc(Nc2ncc(C(=O)Nc3c(C)cccc3Cl)s2)cc([*:1])n1,O=C(CCCCCCC(=O)[*:2])N1CCN([*:1])CC1,Cc1ncsc1-c1ccc(CNC(=O)C2CC(O)CN2C(=O)C(N[*:2])C(C)(C)C)cc1,BCR-ABL,VHL,1012.7,7.43,214.98,14,5,18,0.46,0.054,-5.84,-4.714,US11639343B2,2023,CHINESE ACADEMY OF SCIENCE
Cc1nc(Nc2ncc(C(=O)Nc3c(C)cccc3Cl)s2)cc(N2CCN(C(=O)CCCCNc3cccc4c3CN(C3CCC(=O)NC3=O)C4=O)CC2)n1,Cc1nc(Nc2ncc(C(=O)Nc3c(C)cccc3Cl)s2)cc([*:1])n1,O=C(CCCCN[*:2])N1CCN([*:1])CC1,O=C1CCC(N2Cc3c(cccc3[*:2])C2=O)C(=O)N1,BCR-ABL,CRBN,785.33,4.89,181.86,12,4,12,0.368,0.113,-5.332,-4.55,US11639343B2,2023,CHINESE ACADEMY OF SCIENCE
Cc1nc(Nc2ncc(C(=O)Nc3c(C)cccc3Cl)s2)cc(N2CCN(C(=O)CCNc3cccc4c3CN(C3CCC(=O)NC3=O)C4=O)CC2)n1,Cc1nc(Nc2ncc(C(=O)Nc3c(C)cccc3Cl)s2)cc([*:1])n1,O=C(CCN[*:2])N1CCN([*:1])CC1,O=C1CCC(N2Cc3c(cccc3[*:2])C2=O)C(=O)N1,BCR-ABL,CRBN,757.28,4.11,181.86,12,4,10,0.333,0.171,-5.424,-4.124,US11639343B2,2023,CHINESE ACADEMY OF SCIENCE
Cc1nc(Nc2ncc(C(=O)Nc3c(C)cccc3Cl)s2)cc(N2CCN(C(=O)CCCNc3cccc4c3CN(C3CCC(=O)NC3=O)C4=O)CC2)n1,Cc1nc(Nc2ncc(C(=O)Nc3c(C)cccc3Cl)s2)cc([*:1])n1,O=C(CCCN[*:2])N1CCN([*:1])CC1,O=C1CCC(N2Cc3c(cccc3[*:2])C2=O)C(=O)N1,BCR-ABL,CRBN,771.3,4.5,181.86,12,4,11,0.351,0.125,-5.477,-4.298,US11639343B2,2023,CHINESE ACADEMY OF SCIENCE
Cc1nc(Nc2ncc(C(=O)Nc3c(C)cccc3Cl)s2)cc(N2CCN(C(=O)CCCCCNc3cccc4c3CN(C3CCC(=O)NC3=O)C4=O)CC2)n1,Cc1nc(Nc2ncc(C(=O)Nc3c(C)cccc3Cl)s2)cc([*:1])n1,O=C(CCCCCN[*:2])N1CCN([*:1])CC1,O=C1CCC(N2Cc3c(cccc3[*:2])C2=O)C(=O)N1,BCR-ABL,CRBN,799.36,5.28,181.86,12,4,13,0.385,0.102,-5.36,-4.671,US11639343B2,2023,CHINESE ACADEMY OF SCIENCE
Cc1nc(Nc2ncc(C(=O)Nc3c(C)cccc3Cl)s2)cc(N2CCN(C(=O)CCCCCCNc3cccc4c3CN(C3CCC(=O)NC3=O)C4=O)CC2)n1,Cc1nc(Nc2ncc(C(=O)Nc3c(C)cccc3Cl)s2)cc([*:1])n1,O=C(CCCCCCN[*:2])N1CCN([*:1])CC1,O=C1CCC(N2Cc3c(cccc3[*:2])C2=O)C(=O)N1,BCR-ABL,CRBN,813.38,5.67,181.86,12,4,14,0.4,0.091,-5.414,-4.8,US11639343B2,2023,CHINESE ACADEMY OF SCIENCE
Cc1ccc(C(=O)Nc2cc(-n3cc(C)c(C(=O)N4CCC(CN5CCN(c6cccc7c6CN(C6CCC(=O)NC6=O)C7=O)CC5)CC4)c3)cc(C(F)(F)F)c2)cc1Nc1nccc(-c2cccnc2)n1,Cc1ccc(C(=O)Nc2cc(-n3cc(C)c([*:1])c3)cc(C(F)(F)F)c2)cc1Nc1nccc(-c2cccnc2)n1,O=C(N1CCC(CN2CCN([*:2])CC2)CC1)[*:1],O=C1CCC(N2Cc3c(cccc3[*:2])C2=O)C(=O)N1,BCR-ABL,CRBN,980.06,7.4,178.0,11,3,11,0.321,0.11,-5.446,-5.641,CN113979999A,2022,BEIJING XINKAIYUAN MEDICAL TECHNOLOGY CO
Cc1ccc(C(=O)Nc2cc(-n3cc(C)c(C(=O)N4CCC(CN5CCN(c6ccc7c(c6)CN(C6CCC(=O)NC6=O)C7=O)CC5)CC4)c3)cc(C(F)(F)F)c2)cc1Nc1nccc(-c2cccnc2)n1,Cc1ccc(C(=O)Nc2cc(-n3cc(C)c([*:1])c3)cc(C(F)(F)F)c2)cc1Nc1nccc(-c2cccnc2)n1,O=C(N1CCC(CN2CCN([*:2])CC2)CC1)[*:1],O=C1CCC(N2Cc3cc([*:2])ccc3C2=O)C(=O)N1,BCR-ABL,CRBN,980.06,7.4,178.0,11,3,11,0.321,0.11,-5.385,-5.532,CN113979999A,2022,BEIJING XINKAIYUAN MEDICAL TECHNOLOGY CO
CCc1cc2c(cc1N1CCN(C(=O)CCCCNc3cccc4c3CN(C3CCC(=O)NC3=O)C4=O)CC1)C(C)(C)c1[nH]c3cc(C#N)ccc3c1C2=O,CCc1cc2c(cc1[*:1])C(C)(C)c1[nH]c3cc(C#N)ccc3c1C2=O,O=C(CCCCN[*:2])N1CCN([*:1])CC1,O=C1CCC(N2Cc3c(cccc3[*:2])C2=O)C(=O)N1,"ALK, ROS1, MET, EGFR, FLT3",CRBN,739.88,5.16,158.71,8,3,9,0.395,0.157,-5.518,-6.159,US20220257776A1,2022,CHINESE ACADEMY OF SCIENCE
CCc1cc2c(cc1N1CCN(CC3CN(c4ccc5c(c4)C(=O)N(C4CCC(=O)NC4=O)C5=O)C3)CC1)C(C)(C)c1[nH]c3cc(C#N)ccc3c1C2=O,CCc1cc2c(cc1[*:1])C(C)(C)c1[nH]c3cc(C#N)ccc3c1C2=O,C1CN([*:1])CCN1CC1CN([*:2])C1,O=C1CCC(N2C(=O)c3ccc([*:2])cc3C2=O)C(=O)N1,ALK,CRBN,723.83,4.13,149.92,9,2,6,0.381,0.28,-5.602,-6.202,WO2023278325A1,2023,DANA-FARBER CANCER INSTITUTE (INC.)
COc1cc(N2CCN(CC3CN(c4ccc5c(c4)C(=O)N(C4CCC(=O)NC4=O)C5=O)C3)CC2)ccc1Nc1ncc(Cl)c(Nc2ccccc2P(C)(C)=O)n1,COc1cc([*:1])ccc1Nc1ncc(Cl)c(Nc2ccccc2P(C)(C)=O)n1,C1CN([*:1])CCN1CC1CN([*:2])C1,O=C1CCC(N2C(=O)c3ccc([*:2])cc3C2=O)C(=O)N1,ALK,CRBN,812.27,4.53,169.41,13,3,11,0.35,0.143,-5.666,-4.526,WO2023278325A1,2023,DANA-FARBER CANCER INSTITUTE (INC.)
COc1cc(N2CCN(CC3CN(c4ccc5c(c4)C(=O)N(C4CCC(=O)NC4=O)C5=O)C3)CC2)c(C)cc1Nc1ncc(Cl)c(Nc2ccccc2P(C)(C)=O)n1,COc1cc([*:1])c(C)cc1Nc1ncc(Cl)c(Nc2ccccc2P(C)(C)=O)n1,C1CN([*:1])CCN1CC1CN([*:2])C1,O=C1CCC(N2C(=O)c3ccc([*:2])cc3C2=O)C(=O)N1,ALK,CRBN,826.3,4.84,169.41,13,3,11,0.366,0.139,-5.601,-5.081,WO2023278325A1,2023,DANA-FARBER CANCER INSTITUTE (INC.)
CNC(=O)c1ccccc1Nc1nc(Nc2cc(C)c(C3CCN(CC4CCN(c5ccc6c(c5)C(=O)N(C5CCC(=O)NC5=O)C6=O)CC4)CC3)cc2OC(C)C)ncc1C(F)(F)F,CNC(=O)c1ccccc1Nc1nc(Nc2cc(C)c([*:1])cc2OC(C)C)ncc1C(F)(F)F,C1CN([*:2])CCC1CN1CCC([*:1])CC1,O=C1CCC(N2C(=O)c3ccc([*:2])cc3C2=O)C(=O)N1,ALK,CRBN,895.98,6.94,178.2,12,4,12,0.426,0.108,-5.549,-6.489,WO2023278325A1,2023,DANA-FARBER CANCER INSTITUTE (INC.)
CNC(=O)c1ccccc1Nc1nc(Nc2cc(C)c(C3CCN(CC4CN(c5ccc6c(c5)C(=O)N(C5CCC(=O)NC5=O)C6=O)C4)CC3)cc2OC(C)C)ncc1C(F)(F)F,CNC(=O)c1ccccc1Nc1nc(Nc2cc(C)c([*:1])cc2OC(C)C)ncc1C(F)(F)F,C1CN(CC2CN([*:2])C2)CCC1[*:1],O=C1CCC(N2C(=O)c3ccc([*:2])cc3C2=O)C(=O)N1,ALK,CRBN,867.93,6.15,178.2,12,4,12,0.4,0.12,-5.609,-6.286,WO2023278325A1,2023,DANA-FARBER CANCER INSTITUTE (INC.)
COc1cc(C2CCN(C3CN(c4ccc5c(c4)C(=O)N(C4CCC(=O)NC4=O)C5=O)C3)CC2)c(C)cc1Nc1ncc(Cl)c(Nc2ccccc2S(=O)(=O)C(C)C)n1,COc1cc([*:1])c(C)cc1Nc1ncc(Cl)c(Nc2ccccc2S(=O)(=O)C(C)C)n1,C1CN(C2CN([*:2])C2)CCC1[*:1],O=C1CCC(N2C(=O)c3ccc([*:2])cc3C2=O)C(=O)N1,ALK,CRBN,841.39,5.59,183.24,13,3,11,0.381,0.159,-5.598,-5.731,WO2023278325A1,2023,DANA-FARBER CANCER INSTITUTE (INC.)
COc1cc(C2CCN(CC3CCN(c4ccc5c(c4)C(=O)N(C4CCC(=O)NC4=O)C5=O)CC3)CC2)c(C)cc1Nc1ncc(Cl)c(Nc2ccccc2S(=O)(=O)C(C)C)n1,COc1cc([*:1])c(C)cc1Nc1ncc(Cl)c(Nc2ccccc2S(=O)(=O)C(C)C)n1,C1CN([*:2])CCC1CN1CCC([*:1])CC1,O=C1CCC(N2C(=O)c3ccc([*:2])cc3C2=O)C(=O)N1,ALK,CRBN,883.47,6.61,183.24,13,3,12,0.422,0.129,-5.663,-6.509,WO2023278325A1,2023,DANA-FARBER CANCER INSTITUTE (INC.)
CCOc1cc(C2CCN(CC3CN(c4ccc5c(c4)C(=O)N(C4CCC(=O)NC4=O)C5=O)C3)CC2)c(C)cc1Nc1ncc(Cl)c(Nc2ccccc2S(=O)(=O)C(C)C)n1,CCOc1cc([*:1])c(C)cc1Nc1ncc(Cl)c(Nc2ccccc2S(=O)(=O)C(C)C)n1,C1CN(CC2CN([*:2])C2)CCC1[*:1],O=C1CCC(N2C(=O)c3ccc([*:2])cc3C2=O)C(=O)N1,ALK,CRBN,869.45,6.22,183.24,13,3,13,0.409,0.129,-5.763,-6.013,WO2023278325A1,2023,DANA-FARBER CANCER INSTITUTE (INC.)
Cc1cc(Nc2ncc(Cl)c(Nc3ccccc3S(=O)(=O)C(C)C)n2)c(OC(C)C)cc1C1CCN(CC2CN(c3ccc4c(c3)C(=O)N(C3CCC(=O)NC3=O)C4=O)C2)CC1,Cc1cc(Nc2ncc(Cl)c(Nc3ccccc3S(=O)(=O)C(C)C)n2)c(OC(C)C)cc1[*:1],C1CN(CC2CN([*:2])C2)CCC1[*:1],O=C1CCC(N2C(=O)c3ccc([*:2])cc3C2=O)C(=O)N1,ALK,CRBN,883.47,6.61,183.24,13,3,13,0.422,0.122,-5.816,-6.036,WO2023278325A1,2023,DANA-FARBER CANCER INSTITUTE (INC.)
COc1cc(C2CCN(CC3CN(c4ccc5c(c4)C(=O)N(C4CCC(=O)NC4=O)C5=O)C3)CC2)ccc1Nc1ncc(Cl)c(Nc2ccccc2S(=O)(=O)C(C)C)n1,COc1cc([*:1])ccc1Nc1ncc(Cl)c(Nc2ccccc2S(=O)(=O)C(C)C)n1,C1CN(CC2CN([*:2])C2)CCC1[*:1],O=C1CCC(N2C(=O)c3ccc([*:2])cc3C2=O)C(=O)N1,ALK,CRBN,841.39,5.52,183.24,13,3,12,0.381,0.152,-5.783,-5.79,WO2023278325A1,2023,DANA-FARBER CANCER INSTITUTE (INC.)
COc1cc(C2CCN(CC3CN(c4ccc5c(c4)CN(C4CCC(=O)NC4=O)C5=O)C3)CC2)c(C)cc1Nc1ncc(Cl)c(Nc2ccccc2S(=O)(=O)C(C)C)n1,COc1cc([*:1])c(C)cc1Nc1ncc(Cl)c(Nc2ccccc2S(=O)(=O)C(C)C)n1,C1CN(CC2CN([*:2])C2)CCC1[*:1],O=C1CCC(N2Cc3cc([*:2])ccc3C2=O)C(=O)N1,ALK,CRBN,841.44,6.19,166.17,12,3,12,0.419,0.139,-5.665,-5.76,WO2023278325A1,2023,DANA-FARBER CANCER INSTITUTE (INC.)
COc1cc(C2CCN(CC3CN(c4ccc5c(c4)C(=O)N(C4CCC(=O)NC4=O)C5=O)C3)CC2)c(C)cc1Nc1ncc(Cl)c(Nc2ccccc2S(=O)(=O)C(C)C)n1,COc1cc([*:1])c(C)cc1Nc1ncc(Cl)c(Nc2ccccc2S(=O)(=O)C(C)C)n1,C1CN(CC2CN([*:2])C2)CCC1[*:1],O=C1CCC(N2C(=O)c3ccc([*:2])cc3C2=O)C(=O)N1,ALK,CRBN,855.42,5.83,183.24,13,3,12,0.395,0.145,-5.676,-5.941,WO2023278325A1,2023,DANA-FARBER CANCER INSTITUTE (INC.)
CCc1cc2c(cc1N1CCC(N3CCN(c4cccc5c4C(=O)N(C4CCC(=O)NC4=O)C5=O)CC3)CC1)C(C)(C)c1[nH]c3cc(C#N)ccc3c1C2=O,CCc1cc2c(cc1[*:1])C(C)(C)c1[nH]c3cc(C#N)ccc3c1C2=O,C1CN([*:1])CCC1N1CCN([*:2])CC1,O=C1CCC(N2C(=O)c3cccc([*:2])c3C2=O)C(=O)N1,ALK,CRBN,737.86,4.66,149.92,9,2,5,0.395,0.279,-5.537,-6.633,CN112341436A,2021,UNIV CHINA PHARM
Cc1noc(C)c1-c1ccn2c(NCc3ccccc3)c(-c3ccc(N4CCN(C(=O)CCOCCOCCOCCOCCNc5cccc6c5C(=O)N(C5CCC(=O)NC5=O)C6=O)CC4)cc3)nc2c1,Cc1noc(C)c1-c1ccn2c(NCc3ccccc3)c(-c3ccc([*:1])cc3)nc2c1,O=C(CCOCCOCCOCCOCCN[*:2])N1CCN([*:1])CC1,O=C1CCC(N2C(=O)c3cccc([*:2])c3C2=O)C(=O)N1,EP300/CBP,CRBN,982.11,5.5,211.41,15,3,23,0.377,0.053,-5.281,-3.505,US20220241425A1,2022,DANA-FARBER CANCER INSTITUTE (INC.)
Cc1noc(C)c1-c1ccn2c(NCc3ccccc3)c(-c3ccc(N4CCN(C(=O)CCOCCOCCOCCNc5cccc6c5C(=O)N(C5CCC(=O)NC5=O)C6=O)CC4)cc3)nc2c1,Cc1noc(C)c1-c1ccn2c(NCc3ccccc3)c(-c3ccc([*:1])cc3)nc2c1,O=C(CCOCCOCCOCCN[*:2])N1CCN([*:1])CC1,O=C1CCC(N2C(=O)c3cccc([*:2])c3C2=O)C(=O)N1,EP300/CBP,CRBN,938.05,5.49,202.18,14,3,20,0.353,0.064,-5.226,-3.814,US20220241425A1,2022,DANA-FARBER CANCER INSTITUTE (INC.)
Cc1noc(C)c1-c1ccc2nc(-c3ccc(N4CCN(C(=O)CCOCCOCCOCCNc5cccc6c5C(=O)N(C5CCC(=O)NC5=O)C6=O)CC4)cc3)c(NC3CCCCC3)n2c1,Cc1noc(C)c1-c1ccc2nc(-c3ccc([*:1])cc3)c(NC3CCCCC3)n2c1,O=C(CCOCCOCCOCCN[*:2])N1CCN([*:1])CC1,O=C1CCC(N2C(=O)c3cccc([*:2])c3C2=O)C(=O)N1,EP300/CBP,CRBN,930.08,5.62,202.18,14,3,19,0.46,0.068,-5.274,-4.673,US20220241425A1,2022,DANA-FARBER CANCER INSTITUTE (INC.)
O=C1CCC(N2Cc3cc(N4CCN(CCc5ccc(-c6cnc7[nH]cc(C(=O)c8c(F)ccc(NS(=O)(=O)N9CCC(F)C9)c8F)c7c6)cc5)CC4)ccc3C2=O)C(=O)N1,O=C(c1c(F)ccc(NS(=O)(=O)N2CCC(F)C2)c1F)c1c[nH]c2ncc(-c3ccc([*:1])cc3)cc12,C1CN([*:2])CCN1CC[*:1],O=C1CCC(N2Cc3cc([*:2])ccc3C2=O)C(=O)N1,RAF,CRBN,854.91,4.57,168.12,9,3,11,0.326,0.128,-5.485,-5.032,US20180179183A1,2018,ARVINAS INC | YALE UNIVERSITY
Cc1cc(C(C)Nc2ccccc2C(=O)O)c2oc(N3CCN(C(=O)CCCCCNc4ccc5c(c4)C(=O)N(C4CCC(=O)NC4=O)C5=O)CC3)cc(=O)c2c1,Cc1cc(C(C)Nc2ccccc2C(=O)O)c2oc([*:1])cc(=O)c2c1,O=C(CCCCCN[*:2])N1CCN([*:1])CC1,O=C1CCC(N2C(=O)c3ccc([*:2])cc3C2=O)C(=O)N1,PI3K-ALPHA,CRBN,776.85,4.7,198.67,11,4,13,0.357,0.108,-5.377,-4.756,WO2023081759A1,2023,RELAY THERAPEUTICS INC
Cc1cc(C(C)Nc2ccccc2C(=O)O)c2oc(N3CCN(C(=O)CCOCCNc4cccc5c4C(=O)N(C4CCC(=O)NC4=O)C5=O)CC3)cc(=O)c2c1,Cc1cc(C(C)Nc2ccccc2C(=O)O)c2oc([*:1])cc(=O)c2c1,O=C(CCOCCN[*:2])N1CCN([*:1])CC1,O=C1CCC(N2C(=O)c3cccc([*:2])c3C2=O)C(=O)N1,PI3K-ALPHA,CRBN,778.82,3.54,207.9,12,4,13,0.341,0.113,-5.617,-4.571,WO2023081759A1,2023,RELAY THERAPEUTICS INC
Cc1cc(C(C)Nc2ccccc2C(=O)O)c2oc(N3CCN(C(=O)CCCNc4ccc5c(c4)C(=O)N(C4CCC(=O)NC4=O)C5=O)CC3)cc(=O)c2c1,Cc1cc(C(C)Nc2ccccc2C(=O)O)c2oc([*:1])cc(=O)c2c1,O=C(CCCN[*:2])N1CCN([*:1])CC1,O=C1CCC(N2C(=O)c3ccc([*:2])cc3C2=O)C(=O)N1,PI3K-ALPHA,CRBN,748.79,3.91,198.67,11,4,11,0.325,0.128,-5.591,-4.668,WO2023081759A1,2023,RELAY THERAPEUTICS INC
Cc1cc(C(C)Nc2ccccc2C(=O)O)c2oc(N3CCN(C(=O)CCOCCNc4ccc5c(c4)C(=O)N(C4CCC(=O)NC4=O)C5=O)CC3)cc(=O)c2c1,Cc1cc(C(C)Nc2ccccc2C(=O)O)c2oc([*:1])cc(=O)c2c1,O=C(CCOCCN[*:2])N1CCN([*:1])CC1,O=C1CCC(N2C(=O)c3ccc([*:2])cc3C2=O)C(=O)N1,PI3K-ALPHA,CRBN,778.82,3.54,207.9,12,4,13,0.341,0.113,-5.728,-4.311,WO2023081759A1,2023,RELAY THERAPEUTICS INC
Cc1cc(C(C)Nc2ccccc2C(=O)O)c2oc(N3CCN(C(=O)CCCCCNc4cccc5c4C(=O)N(C4CCC(=O)NC4=O)C5=O)CC3)cc(=O)c2c1,Cc1cc(C(C)Nc2ccccc2C(=O)O)c2oc([*:1])cc(=O)c2c1,O=C(CCCCCN[*:2])N1CCN([*:1])CC1,O=C1CCC(N2C(=O)c3cccc([*:2])c3C2=O)C(=O)N1,PI3K-ALPHA,CRBN,776.85,4.7,198.67,11,4,13,0.357,0.108,-5.32,-4.92,WO2023081759A1,2023,RELAY THERAPEUTICS INC
Cc1cc(C(C)Nc2ccccc2C(=O)O)c2oc(N3CCN(C(=O)CCCNc4cccc5c4C(=O)N(C4CCC(=O)NC4=O)C5=O)CC3)cc(=O)c2c1,Cc1cc(C(C)Nc2ccccc2C(=O)O)c2oc([*:1])cc(=O)c2c1,O=C(CCCN[*:2])N1CCN([*:1])CC1,O=C1CCC(N2C(=O)c3cccc([*:2])c3C2=O)C(=O)N1,PI3K-ALPHA,CRBN,748.79,3.91,198.67,11,4,11,0.325,0.128,-5.497,-4.942,WO2023081759A1,2023,RELAY THERAPEUTICS INC
Cc1cc(C(C)Nc2ccccc2C(=O)O)c2oc(N3CCN(C(=O)CCNc4ccc5c(c4)C(=O)N(C4CCC(=O)NC4=O)C5=O)CC3)cc(=O)c2c1,Cc1cc(C(C)Nc2ccccc2C(=O)O)c2oc([*:1])cc(=O)c2c1,O=C(CCN[*:2])N1CCN([*:1])CC1,O=C1CCC(N2C(=O)c3ccc([*:2])cc3C2=O)C(=O)N1,PI3K-ALPHA,CRBN,734.77,3.52,198.67,11,4,10,0.308,0.173,-5.601,-4.533,WO2023081759A1,2023,RELAY THERAPEUTICS INC
Cc1cc(C(C)Nc2ccccc2C(=O)O)c2oc(N3CCN(C(=O)CCNc4cccc5c4C(=O)N(C4CCC(=O)NC4=O)C5=O)CC3)cc(=O)c2c1,Cc1cc(C(C)Nc2ccccc2C(=O)O)c2oc([*:1])cc(=O)c2c1,O=C(CCN[*:2])N1CCN([*:1])CC1,O=C1CCC(N2C(=O)c3cccc([*:2])c3C2=O)C(=O)N1,PI3K-ALPHA,CRBN,734.77,3.52,198.67,11,4,10,0.308,0.173,-5.512,-4.918,WO2023081759A1,2023,RELAY THERAPEUTICS INC
Cc1cc(C(C)Nc2ccccc2C(=O)O)c2oc(N3CCN(C(=O)CCCCCCNc4ccc5c(c4)C(=O)N(C4CCC(=O)NC4=O)C5=O)CC3)cc(=O)c2c1,Cc1cc(C(C)Nc2ccccc2C(=O)O)c2oc([*:1])cc(=O)c2c1,O=C(CCCCCCN[*:2])N1CCN([*:1])CC1,O=C1CCC(N2C(=O)c3ccc([*:2])cc3C2=O)C(=O)N1,PI3K-ALPHA,CRBN,790.87,5.09,198.67,11,4,14,0.372,0.098,-5.37,-4.766,WO2023081759A1,2023,RELAY THERAPEUTICS INC
O=C1CCC(N2C(=O)c3ccc(NCCCCNC(=O)c4cc(NC(=O)c5nsc6ccccc56)c5n4CC(=O)NC5c4cc(F)ccc4Cl)cc3C2=O)C(=O)N1,O=C1Cn2c([*:1])cc(NC(=O)c3nsc4ccccc34)c2C(c2cc(F)ccc2Cl)N1,O=C(NCCCCN[*:2])[*:1],O=C1CCC(N2C(=O)c3ccc([*:2])cc3C2=O)C(=O)N1,PI3K-ALPHA,CRBN,811.25,4.39,200.7,10,5,11,0.231,0.095,-4.982,-4.348,WO2023081759A1,2023,RELAY THERAPEUTICS INC
O=C1CCC(N2C(=O)c3ccc(NCCCCCNC(=O)c4cc(NC(=O)c5nsc6ccccc56)c5n4CC(=O)NC5c4cc(F)ccc4Cl)cc3C2=O)C(=O)N1,O=C1Cn2c([*:1])cc(NC(=O)c3nsc4ccccc34)c2C(c2cc(F)ccc2Cl)N1,O=C(NCCCCCN[*:2])[*:1],O=C1CCC(N2C(=O)c3ccc([*:2])cc3C2=O)C(=O)N1,PI3K-ALPHA,CRBN,825.28,4.78,200.7,10,5,12,0.25,0.087,-4.996,-4.509,WO2023081759A1,2023,RELAY THERAPEUTICS INC
O=C1CCC(N2C(=O)c3ccc(NCCCCNC(=O)c4cc(NC(=O)c5cc(F)cc(C(F)(F)F)c5)c5c(c4)C(=O)NC5c4cc(F)ccc4Cl)cc3C2=O)C(=O)N1,O=C(Nc1cc([*:1])cc2c1C(c1cc(F)ccc1Cl)NC2=O)c1cc(F)cc(C(F)(F)F)c1,O=C(NCCCCN[*:2])[*:1],O=C1CCC(N2C(=O)c3ccc([*:2])cc3C2=O)C(=O)N1,PI3K-ALPHA,CRBN,837.16,5.75,182.88,8,5,11,0.225,0.072,-4.978,-6.154,WO2023081759A1,2023,RELAY THERAPEUTICS INC
O=C1CCC(N2C(=O)c3ccc(NCCCCNC(=O)c4cnc(Nc5cc(F)ccc5Cl)c(NC(=O)c5csc6ccccc56)c4)cc3C2=O)C(=O)N1,O=C(Nc1cc([*:1])cnc1Nc1cc(F)ccc1Cl)c1csc2ccccc12,O=C(NCCCCN[*:2])[*:1],O=C1CCC(N2C(=O)c3ccc([*:2])cc3C2=O)C(=O)N1,PI3K-ALPHA,CRBN,768.23,6.11,178.7,10,5,12,0.184,0.074,-5.212,-6.03,WO2023081759A1,2023,RELAY THERAPEUTICS INC
O=C1CCC(N2C(=O)c3ccc(NCCCCCNC(=O)c4cc(NC(=O)c5cc(F)cc(C(F)(F)F)c5)c5c(c4)C(=O)NC5c4cc(F)ccc4Cl)cc3C2=O)C(=O)N1,O=C(Nc1cc([*:1])cc2c1C(c1cc(F)ccc1Cl)NC2=O)c1cc(F)cc(C(F)(F)F)c1,O=C(NCCCCCN[*:2])[*:1],O=C1CCC(N2C(=O)c3ccc([*:2])cc3C2=O)C(=O)N1,PI3K-ALPHA,CRBN,851.18,6.14,182.88,8,5,12,0.244,0.064,-4.943,-6.154,WO2023081759A1,2023,RELAY THERAPEUTICS INC
O=C1CCC(N2C(=O)c3ccc(NCCCCCNC(=O)c4cnc(Nc5cc(F)ccc5Cl)c(NC(=O)c5csc6ccccc56)c4)cc3C2=O)C(=O)N1,O=C(Nc1cc([*:1])cnc1Nc1cc(F)ccc1Cl)c1csc2ccccc12,O=C(NCCCCCN[*:2])[*:1],O=C1CCC(N2C(=O)c3ccc([*:2])cc3C2=O)C(=O)N1,PI3K-ALPHA,CRBN,782.25,6.5,178.7,10,5,13,0.205,0.066,-5.118,-6.164,WO2023081759A1,2023,RELAY THERAPEUTICS INC
Cc1ccccc1Nc1ncc(C(=O)NCCCCNc2ccc3c(c2)C(=O)N(C2CCC(=O)NC2=O)C3=O)cc1NC(=O)c1csc2ccccc12,Cc1ccccc1Nc1ncc([*:1])cc1NC(=O)c1csc2ccccc12,O=C(NCCCCN[*:2])[*:1],O=C1CCC(N2C(=O)c3ccc([*:2])cc3C2=O)C(=O)N1,PI3K-ALPHA,CRBN,729.82,5.62,178.7,10,5,12,0.205,0.08,-5.306,-5.704,WO2023081759A1,2023,RELAY THERAPEUTICS INC
Cc1ccccc1Nc1ncc(C(=O)NCCCCNc2cccc3c2C(=O)N(C2CCC(=O)NC2=O)C3=O)cc1NC(=O)c1csc2ccccc12,Cc1ccccc1Nc1ncc([*:1])cc1NC(=O)c1csc2ccccc12,O=C(NCCCCN[*:2])[*:1],O=C1CCC(N2C(=O)c3cccc([*:2])c3C2=O)C(=O)N1,PI3K-ALPHA,CRBN,729.82,5.62,178.7,10,5,12,0.205,0.08,-5.323,-6.382,WO2023081759A1,2023,RELAY THERAPEUTICS INC
Cc1ccccc1Nc1ncc(C(=O)NCCCCCNc2cccc3c2C(=O)N(C2CCC(=O)NC2=O)C3=O)cc1NC(=O)c1csc2ccccc12,Cc1ccccc1Nc1ncc([*:1])cc1NC(=O)c1csc2ccccc12,O=C(NCCCCCN[*:2])[*:1],O=C1CCC(N2C(=O)c3cccc([*:2])c3C2=O)C(=O)N1,PI3K-ALPHA,CRBN,743.85,6.01,178.7,10,5,13,0.225,0.071,-5.327,-6.588,WO2023081759A1,2023,RELAY THERAPEUTICS INC
Cc1ccccc1Nc1ncc(C(=O)NCCCCCCCCNc2cccc3c2C(=O)N(C2CCC(=O)NC2=O)C3=O)cc1NC(=O)c1csc2ccccc12,Cc1ccccc1Nc1ncc([*:1])cc1NC(=O)c1csc2ccccc12,O=C(NCCCCCCCCN[*:2])[*:1],O=C1CCC(N2C(=O)c3cccc([*:2])c3C2=O)C(=O)N1,PI3K-ALPHA,CRBN,785.93,7.18,178.7,10,5,16,0.279,0.051,-5.245,-6.256,WO2023081759A1,2023,RELAY THERAPEUTICS INC
Cc1ccccc1Nc1ncc(C(=O)NCCCCCNc2ccc3c(c2)C(=O)N(C2CCC(=O)NC2=O)C3=O)cc1NC(=O)c1csc2ccccc12,Cc1ccccc1Nc1ncc([*:1])cc1NC(=O)c1csc2ccccc12,O=C(NCCCCCN[*:2])[*:1],O=C1CCC(N2C(=O)c3ccc([*:2])cc3C2=O)C(=O)N1,PI3K-ALPHA,CRBN,743.85,6.01,178.7,10,5,13,0.225,0.071,-5.309,-5.842,WO2023081759A1,2023,RELAY THERAPEUTICS INC
Cc1ccccc1Nc1ncc(C(=O)NCCCCCCCCNc2ccc3c(c2)C(=O)N(C2CCC(=O)NC2=O)C3=O)cc1NC(=O)c1csc2ccccc12,Cc1ccccc1Nc1ncc([*:1])cc1NC(=O)c1csc2ccccc12,O=C(NCCCCCCCCN[*:2])[*:1],O=C1CCC(N2C(=O)c3ccc([*:2])cc3C2=O)C(=O)N1,PI3K-ALPHA,CRBN,785.93,7.18,178.7,10,5,16,0.279,0.051,-5.217,-5.226,WO2023081759A1,2023,RELAY THERAPEUTICS INC
CN1C(=O)c2ccccc2N(C2CCCC2)c2nc(Nc3ccc(C(=O)NCCCCCCCCNc4ccc5c(c4)C(=O)N(C4CCC(=O)NC4=O)C5=O)cc3)ncc21,CN1C(=O)c2ccccc2N(C2CCCC2)c2nc(Nc3ccc([*:1])cc3)ncc21,O=C(NCCCCCCCCN[*:2])[*:1],O=C1CCC(N2C(=O)c3ccc([*:2])cc3C2=O)C(=O)N1,ERK5,CRBN,811.94,6.47,186.04,11,4,15,0.378,0.076,-5.087,-4.698,US20220378919A1,2022,DANA-FARBER CANCER INSTITUTE (INC.)
CN1C(=O)c2ccccc2N(C2CCCC2)c2nc(Nc3ccc(C(=O)NCCCCCCCCNc4cccc5c4C(=O)N(C4CCC(=O)NC4=O)C5=O)cc3)ncc21,CN1C(=O)c2ccccc2N(C2CCCC2)c2nc(Nc3ccc([*:1])cc3)ncc21,O=C(NCCCCCCCCN[*:2])[*:1],O=C1CCC(N2C(=O)c3cccc([*:2])c3C2=O)C(=O)N1,ERK5,CRBN,811.94,6.47,186.04,11,4,15,0.378,0.076,-5.09,-5.398,US20220378919A1,2022,DANA-FARBER CANCER INSTITUTE (INC.)
Cc1ncsc1-c1ccc(CNC(=O)C2CC(O)CN2C(=O)C(NC(=O)CCCCCCC(=O)N2CCN(c3ccc(Nc4ncc5cc(C(=O)N(C)C)n(C6CCCC6)c5n4)nc3)CC2)C(C)(C)C)cc1,CN(C)C(=O)c1cc2cnc(Nc3ccc([*:1])cn3)nc2n1C1CCCC1,O=C(CCCCCCC(=O)[*:2])N1CCN([*:1])CC1,Cc1ncsc1-c1ccc(CNC(=O)C2CC(O)CN2C(=O)C(N[*:2])C(C)(C)C)cc1,CDK4/6,VHL,1003.29,6.62,211.12,13,4,18,0.528,0.068,-5.823,-3.762,JP2020514252A,2020,MOUNT SINAI HEALTH SYSTEM
Cc1ncsc1-c1ccc(CNC(=O)C2CC(O)CN2C(=O)C(NC(=O)CCCCCC(=O)N2CCN(c3ccc(Nc4ncc5cc(C(=O)N(C)C)n(C6CCCC6)c5n4)nc3)CC2)C(C)(C)C)cc1,CN(C)C(=O)c1cc2cnc(Nc3ccc([*:1])cn3)nc2n1C1CCCC1,O=C(CCCCCC(=O)[*:2])N1CCN([*:1])CC1,Cc1ncsc1-c1ccc(CNC(=O)C2CC(O)CN2C(=O)C(N[*:2])C(C)(C)C)cc1,CDK4/6,VHL,989.26,6.23,211.12,13,4,17,0.519,0.077,-5.783,-3.725,JP2020514252A,2020,MOUNT SINAI HEALTH SYSTEM
CC(=O)c1c(C)c2cnc(Nc3ccc(N4CCN(C(=O)CCCCCCNc5cccc6c5C(=O)N(C5CCC(=O)NC5=O)C6=O)CC4)cn3)nc2n(C2CCCC2)c1=O,CC(=O)c1c(C)c2cnc(Nc3ccc([*:1])cn3)nc2n(C2CCCC2)c1=O,O=C(CCCCCCN[*:2])N1CCN([*:1])CC1,O=C1CCC(N2C(=O)c3cccc([*:2])c3C2=O)C(=O)N1,CDK4/6,CRBN,830.95,4.67,208.9,13,3,14,0.455,0.09,-5.312,-5.029,JP2020514252A,2020,MOUNT SINAI HEALTH SYSTEM
CC(=O)c1c(C)c2cnc(Nc3ccc(N4CCN(C(=O)CCCNc5cccc6c5C(=O)N(C5CCC(=O)NC5=O)C6=O)CC4)cn3)nc2n(C2CCCC2)c1=O,CC(=O)c1c(C)c2cnc(Nc3ccc([*:1])cn3)nc2n(C2CCCC2)c1=O,O=C(CCCN[*:2])N1CCN([*:1])CC1,O=C1CCC(N2C(=O)c3cccc([*:2])c3C2=O)C(=O)N1,CDK4/6,CRBN,788.87,3.5,208.9,13,3,11,0.415,0.113,-5.372,-4.201,JP2020514252A,2020,MOUNT SINAI HEALTH SYSTEM
CC(=O)c1c(C)c2cnc(Nc3ccc(N4CCN(C(=O)CCNc5cccc6c5C(=O)N(C5CCC(=O)NC5=O)C6=O)CC4)cn3)nc2n(C2CCCC2)c1=O,CC(=O)c1c(C)c2cnc(Nc3ccc([*:1])cn3)nc2n(C2CCCC2)c1=O,O=C(CCN[*:2])N1CCN([*:1])CC1,O=C1CCC(N2C(=O)c3cccc([*:2])c3C2=O)C(=O)N1,CDK4/6,CRBN,774.84,3.11,208.9,13,3,10,0.4,0.157,-5.445,-4.011,JP2020514252A,2020,MOUNT SINAI HEALTH SYSTEM
CC(=O)c1c(C)c2cnc(Nc3ccc(N4CCN(C(=O)CCOCCOCCOCCOCCNc5cccc6c5C(=O)N(C5CCC(=O)NC5=O)C6=O)CC4)cn3)nc2n(C2CCCC2)c1=O,CC(=O)c1c(C)c2cnc(Nc3ccc([*:1])cn3)nc2n(C2CCCC2)c1=O,O=C(CCOCCOCCOCCOCCN[*:2])N1CCN([*:1])CC1,O=C1CCC(N2C(=O)c3cccc([*:2])c3C2=O)C(=O)N1,CDK4/6,CRBN,951.05,3.17,245.82,17,3,22,0.5,0.058,-5.395,-2.893,JP2020514252A,2020,MOUNT SINAI HEALTH SYSTEM
CC(=O)c1c(C)c2cnc(Nc3ccc(N4CCN(C(=O)CCOCCOCCOCCNc5cccc6c5C(=O)N(C5CCC(=O)NC5=O)C6=O)CC4)cn3)nc2n(C2CCCC2)c1=O,CC(=O)c1c(C)c2cnc(Nc3ccc([*:1])cn3)nc2n(C2CCCC2)c1=O,O=C(CCOCCOCCOCCN[*:2])N1CCN([*:1])CC1,O=C1CCC(N2C(=O)c3cccc([*:2])c3C2=O)C(=O)N1,CDK4/6,CRBN,907.0,3.16,236.59,16,3,19,0.478,0.07,-5.489,-3.108,JP2020514252A,2020,MOUNT SINAI HEALTH SYSTEM
CC(=O)c1c(C)c2cnc(Nc3ccc(N4CCN(C(=O)CCOCCOCCNc5cccc6c5C(=O)N(C5CCC(=O)NC5=O)C6=O)CC4)cn3)nc2n(C2CCCC2)c1=O,CC(=O)c1c(C)c2cnc(Nc3ccc([*:1])cn3)nc2n(C2CCCC2)c1=O,O=C(CCOCCOCCN[*:2])N1CCN([*:1])CC1,O=C1CCC(N2C(=O)c3cccc([*:2])c3C2=O)C(=O)N1,CDK4/6,CRBN,862.94,3.14,227.36,15,3,16,0.455,0.084,-5.628,-3.41,JP2020514252A,2020,MOUNT SINAI HEALTH SYSTEM
CC(=O)c1c(C)c2cnc(Nc3ccc(N4CCN(C(=O)CCOCCNc5cccc6c5C(=O)N(C5CCC(=O)NC5=O)C6=O)CC4)cn3)nc2n(C2CCCC2)c1=O,CC(=O)c1c(C)c2cnc(Nc3ccc([*:1])cn3)nc2n(C2CCCC2)c1=O,O=C(CCOCCN[*:2])N1CCN([*:1])CC1,O=C1CCC(N2C(=O)c3cccc([*:2])c3C2=O)C(=O)N1,CDK4/6,CRBN,818.89,3.12,218.13,14,3,13,0.429,0.1,-5.552,-3.741,JP2020514252A,2020,MOUNT SINAI HEALTH SYSTEM
CC(=O)c1c(C)c2cnc(Nc3ccc(N4CCN(C(=O)CNc5cccc6c5CN(C5CCC(=O)NC5=O)C6=O)CC4)cn3)nc2n(C2CCCC2)c1=O,CC(=O)c1c(C)c2cnc(Nc3ccc([*:1])cn3)nc2n(C2CCCC2)c1=O,O=C(CN[*:2])N1CCN([*:1])CC1,O=C1CCC(N2Cc3c(cccc3[*:2])C2=O)C(=O)N1,CDK4/6,CRBN,746.83,3.08,191.83,12,3,9,0.41,0.168,-5.437,-3.474,JP2020514252A,2020,MOUNT SINAI HEALTH SYSTEM
CN(C)C(=O)c1cc2cnc(Nc3ccc(N4CCN(C(=O)CNc5cccc6c5C(=O)N(C5CCC(=O)NC5=O)C6=O)CC4)cn3)nc2n1C1CCCC1,CN(C)C(=O)c1cc2cnc(Nc3ccc([*:1])cn3)nc2n1C1CCCC1,O=C(CN[*:2])N1CCN([*:1])CC1,O=C1CCC(N2C(=O)c3cccc([*:2])c3C2=O)C(=O)N1,CDK4/6,CRBN,747.82,2.55,195.07,12,3,9,0.395,0.212,-5.599,-3.163,JP2020514252A,2020,MOUNT SINAI HEALTH SYSTEM
CC(=O)c1c(C)c2cnc(Nc3ccc(N4CCN(C(=O)CCCCCNc5cccc6c5C(=O)N(C5CCC(=O)NC5=O)C6=O)CC4)cn3)nc2n(C2CCCC2)c1=O,CC(=O)c1c(C)c2cnc(Nc3ccc([*:1])cn3)nc2n(C2CCCC2)c1=O,O=C(CCCCCN[*:2])N1CCN([*:1])CC1,O=C1CCC(N2C(=O)c3cccc([*:2])c3C2=O)C(=O)N1,CDK4/6,CRBN,816.92,4.28,208.9,13,3,13,0.442,0.098,-5.333,-4.708,JP2020514252A,2020,MOUNT SINAI HEALTH SYSTEM
CC(=O)c1c(C)c2cnc(Nc3ccc(N4CCN(C(=O)CNc5cccc6c5C(=O)N(C5CCC(=O)NC5=O)C6=O)CC4)cn3)nc2n(C2CCCC2)c1=O,CC(=O)c1c(C)c2cnc(Nc3ccc([*:1])cn3)nc2n(C2CCCC2)c1=O,O=C(CN[*:2])N1CCN([*:1])CC1,O=C1CCC(N2C(=O)c3cccc([*:2])c3C2=O)C(=O)N1,CDK4/6,CRBN,760.81,2.72,208.9,13,3,9,0.385,0.166,-5.411,-3.908,JP2020514252A,2020,MOUNT SINAI HEALTH SYSTEM
CC(=O)c1c(C)c2cnc(Nc3ccc(N4CCN(C(=O)CCCCCCC(=O)NC(C(=O)N5CC(O)CC5C(=O)NCc5ccc(-c6scnc6C)cc5)C(C)(C)C)CC4)cn3)nc2n(C2CCCC2)c1=O,CC(=O)c1c(C)c2cnc(Nc3ccc([*:1])cn3)nc2n(C2CCCC2)c1=O,O=C(CCCCCCC(=O)[*:2])N1CCN([*:1])CC1,Cc1ncsc1-c1ccc(CNC(=O)C2CC(O)CN2C(=O)C(N[*:2])C(C)(C)C)cc1,CDK4/6,VHL,1016.28,6.79,224.95,14,4,18,0.519,0.053,-5.708,-4.719,JP2020514252A,2020,MOUNT SINAI HEALTH SYSTEM
CC(=O)c1c(C)c2cnc(Nc3ccc(N4CCN(C(=O)CCCCCC(=O)NC(C(=O)N5CC(O)CC5C(=O)NCc5ccc(-c6scnc6C)cc5)C(C)(C)C)CC4)cn3)nc2n(C2CCCC2)c1=O,CC(=O)c1c(C)c2cnc(Nc3ccc([*:1])cn3)nc2n(C2CCCC2)c1=O,O=C(CCCCCC(=O)[*:2])N1CCN([*:1])CC1,Cc1ncsc1-c1ccc(CNC(=O)C2CC(O)CN2C(=O)C(N[*:2])C(C)(C)C)cc1,CDK4/6,VHL,1002.26,6.4,224.95,14,4,17,0.509,0.059,-5.695,-4.619,JP2020514252A,2020,MOUNT SINAI HEALTH SYSTEM
CC(=O)c1c(C)c2cnc(Nc3ccc(N4CCN(C(=O)CCC(=O)NC(C(=O)N5CC(O)CC5C(=O)NCc5ccc(-c6scnc6C)cc5)C(C)(C)C)CC4)cn3)nc2n(C2CCCC2)c1=O,CC(=O)c1c(C)c2cnc(Nc3ccc([*:1])cn3)nc2n(C2CCCC2)c1=O,O=C(CCC(=O)[*:2])N1CCN([*:1])CC1,Cc1ncsc1-c1ccc(CNC(=O)C2CC(O)CN2C(=O)C(N[*:2])C(C)(C)C)cc1,CDK4/6,VHL,960.17,5.23,224.95,14,4,14,0.48,0.105,-5.645,-4.355,JP2020514252A,2020,MOUNT SINAI HEALTH SYSTEM
Cc1ncsc1-c1ccc(C(C)NC(=O)C2CC(O)CN2C(=O)C(NC(=O)CCCCCCC(=O)N2CCN(c3ccc(Nc4ncc5cc6n(c5n4)C4(CCCCC4)CNC6=O)nc3)CC2)C(C)(C)C)cc1,O=C1NCC2(CCCCC2)n2c1cc1cnc(Nc3ccc([*:1])cn3)nc12,O=C(CCCCCCC(=O)[*:2])N1CCN([*:1])CC1,Cc1ncsc1-c1ccc(C(C)NC(=O)C2CC(O)CN2C(=O)C(N[*:2])C(C)(C)C)cc1,CDK4/6,VHL,1015.3,6.76,219.91,13,5,16,0.537,0.065,-5.758,-3.999,JP2020514252A,2020,MOUNT SINAI HEALTH SYSTEM
Cc1ncsc1-c1ccc(C(C)NC(=O)C2CC(O)CN2C(=O)C(NC(=O)CCCCCC(=O)N2CCN(c3ccc(Nc4ncc5cc6n(c5n4)C4(CCCCC4)CNC6=O)nc3)CC2)C(C)(C)C)cc1,O=C1NCC2(CCCCC2)n2c1cc1cnc(Nc3ccc([*:1])cn3)nc12,O=C(CCCCCC(=O)[*:2])N1CCN([*:1])CC1,Cc1ncsc1-c1ccc(C(C)NC(=O)C2CC(O)CN2C(=O)C(N[*:2])C(C)(C)C)cc1,CDK4/6,VHL,1001.27,6.37,219.91,13,5,15,0.528,0.072,-5.797,-3.92,JP2020514252A,2020,MOUNT SINAI HEALTH SYSTEM
Cc1ncsc1-c1ccc(CNC(=O)C2CC(O)CN2C(=O)C(NC(=O)CCCCCCC(=O)N2CCN(c3ccc(Nc4ncc5cc6n(c5n4)C4(CCCCC4)CNC6=O)nc3)CC2)C(C)(C)C)cc1,O=C1NCC2(CCCCC2)n2c1cc1cnc(Nc3ccc([*:1])cn3)nc12,O=C(CCCCCCC(=O)[*:2])N1CCN([*:1])CC1,Cc1ncsc1-c1ccc(CNC(=O)C2CC(O)CN2C(=O)C(N[*:2])C(C)(C)C)cc1,CDK4/6,VHL,1001.27,6.2,219.91,13,5,16,0.528,0.07,-5.759,-3.839,JP2020514252A,2020,MOUNT SINAI HEALTH SYSTEM
Cc1ncsc1-c1ccc(CNC(=O)C2CC(O)CN2C(=O)C(NC(=O)CCCCCC(=O)N2CCN(c3ccc(Nc4ncc5cc6n(c5n4)C4(CCCCC4)CNC6=O)nc3)CC2)C(C)(C)C)cc1,O=C1NCC2(CCCCC2)n2c1cc1cnc(Nc3ccc([*:1])cn3)nc12,O=C(CCCCCC(=O)[*:2])N1CCN([*:1])CC1,Cc1ncsc1-c1ccc(CNC(=O)C2CC(O)CN2C(=O)C(N[*:2])C(C)(C)C)cc1,CDK4/6,VHL,987.24,5.81,219.91,13,5,15,0.519,0.079,-5.8,-3.757,JP2020514252A,2020,MOUNT SINAI HEALTH SYSTEM
O=C1CCC(N2C(=O)c3cccc(NCCCC(=O)N4CCN(c5ccc(Nc6ncc7cc8n(c7n6)C6(CCCCC6)CNC8=O)nc5)CC4)c3C2=O)C(=O)N1,O=C1NCC2(CCCCC2)n2c1cc1cnc(Nc3ccc([*:1])cn3)nc12,O=C(CCCN[*:2])N1CCN([*:1])CC1,O=C1CCC(N2C(=O)c3cccc([*:2])c3C2=O)C(=O)N1,CDK4/6,CRBN,773.85,2.91,203.86,12,4,9,0.425,0.143,-5.498,-3.456,JP2020514252A,2020,MOUNT SINAI HEALTH SYSTEM
O=C1CCC(N2C(=O)c3cccc(NCCC(=O)N4CCN(c5ccc(Nc6ncc7cc8n(c7n6)C6(CCCCC6)CNC8=O)nc5)CC4)c3C2=O)C(=O)N1,O=C1NCC2(CCCCC2)n2c1cc1cnc(Nc3ccc([*:1])cn3)nc12,O=C(CCN[*:2])N1CCN([*:1])CC1,O=C1CCC(N2C(=O)c3cccc([*:2])c3C2=O)C(=O)N1,CDK4/6,CRBN,759.83,2.52,203.86,12,4,8,0.41,0.192,-5.55,-3.307,JP2020514252A,2020,MOUNT SINAI HEALTH SYSTEM
O=C1CCC(N2C(=O)c3cccc(NCC(=O)N4CCN(c5ccc(Nc6ncc7cc8n(c7n6)C6(CCCCC6)CNC8=O)nc5)CC4)c3C2=O)C(=O)N1,O=C1NCC2(CCCCC2)n2c1cc1cnc(Nc3ccc([*:1])cn3)nc12,O=C(CN[*:2])N1CCN([*:1])CC1,O=C1CCC(N2C(=O)c3cccc([*:2])c3C2=O)C(=O)N1,CDK4/6,CRBN,745.8,2.13,203.86,12,4,7,0.395,0.201,-5.588,-3.473,JP2020514252A,2020,MOUNT SINAI HEALTH SYSTEM
CC(=O)c1c(C)c2cnc(Nc3ccc(N4CCN(C(=O)CCCCCC(=O)NC(C(=O)N5CC(O)CC5C(=O)NC(C)c5ccc(-c6scnc6C)cc5)C(C)(C)C)CC4)cn3)nc2n(C2CCCC2)c1=O,CC(=O)c1c(C)c2cnc(Nc3ccc([*:1])cn3)nc2n(C2CCCC2)c1=O,O=C(CCCCCC(=O)[*:2])N1CCN([*:1])CC1,Cc1ncsc1-c1ccc(C(C)NC(=O)C2CC(O)CN2C(=O)C(N[*:2])C(C)(C)C)cc1,CDK4/6,VHL,1016.28,6.96,224.95,14,4,17,0.519,0.055,-5.681,-4.8,JP2020514252A,2020,MOUNT SINAI HEALTH SYSTEM
O=C1CCC(N2C(=O)c3cccc(NCCOCCOCCOCCOc4c(-c5csc(N6CCOCC6)n5)ccc(F)c4F)c3C2=O)C(=O)N1,Fc1ccc(-c2csc(N3CCOCC3)n2)c([*:1])c1F,C(COCCOCCOCCO[*:1])N[*:2],O=C1CCC(N2C(=O)c3cccc([*:2])c3C2=O)C(=O)N1,AR,CRBN,729.76,2.87,157.86,13,2,17,0.441,0.155,-5.2,-3.021,US20200239430A1,2020,MONTELINO THERAPEUTICS INC
O=C1CCC(N2C(=O)c3cccc(NCCCCCC(=O)N4CCN(c5ccc(-c6cnc(NCc7ccco7)n7cnnc67)cc5)CC4)c3C2=O)C(=O)N1,c1coc(CNc2ncc(-c3ccc([*:1])cc3)c3nncn23)c1,O=C(CCCCCN[*:2])N1CCN([*:1])CC1,O=C1CCC(N2C(=O)c3cccc([*:2])c3C2=O)C(=O)N1,EED,CRBN,744.81,3.72,187.38,12,3,13,0.333,0.117,-5.305,-3.702,US20220105188A1,2022,KOREA RESEARCH INSTITUTE OF CHEMICAL TECHNOLOGY - SOUTH KOREA | KOREA RESEARCH INSTITUTE OF BIOSCIENCE & BIOTECHNOLOGY
Cc1cnc(Nc2ccc(N3CCN(C(=O)CNc4cccc5c4C(=O)N(C4CCC(=O)NC4=O)C5=O)CC3)cc2)nc1Nc1cccc(S(=O)(=O)NC(C)(C)C)c1,Cc1cnc(Nc2ccc([*:1])cc2)nc1Nc1cccc(S(=O)(=O)NC(C)(C)C)c1,O=C(CN[*:2])N1CCN([*:1])CC1,O=C1CCC(N2C(=O)c3cccc([*:2])c3C2=O)C(=O)N1,JAK,CRBN,808.92,3.51,215.14,13,5,11,0.325,0.137,-5.55,-3.949,CN116323570A,2023,SHANGHAI CULLGEN INC
Cc1cnc(Nc2ccc(N3CCN(C(=O)CCCCCNc4cccc5c4C(=O)N(C4CCC(=O)NC4=O)C5=O)CC3)cc2)nc1Nc1cccc(S(=O)(=O)NC(C)(C)C)c1,Cc1cnc(Nc2ccc([*:1])cc2)nc1Nc1cccc(S(=O)(=O)NC(C)(C)C)c1,O=C(CCCCCN[*:2])N1CCN([*:1])CC1,O=C1CCC(N2C(=O)c3cccc([*:2])c3C2=O)C(=O)N1,JAK,CRBN,865.03,5.07,215.14,13,5,15,0.386,0.078,-5.657,-4.312,CN116323570A,2023,SHANGHAI CULLGEN INC
Cc1cnc(Nc2ccc(N3CCN(C(=O)CCCNc4cccc5c4C(=O)N(C4CCC(=O)NC4=O)C5=O)CC3)cc2)nc1Nc1cccc(S(=O)(=O)NC(C)(C)C)c1,Cc1cnc(Nc2ccc([*:1])cc2)nc1Nc1cccc(S(=O)(=O)NC(C)(C)C)c1,O=C(CCCN[*:2])N1CCN([*:1])CC1,O=C1CCC(N2C(=O)c3cccc([*:2])c3C2=O)C(=O)N1,JAK,CRBN,836.98,4.29,215.14,13,5,13,0.357,0.094,-5.654,-4.179,CN116323570A,2023,SHANGHAI CULLGEN INC
Cc1cnc(Nc2ccc(N3CCN(C(=O)CCNc4cccc5c4C(=O)N(C4CCC(=O)NC4=O)C5=O)CC3)cc2)nc1Nc1cccc(S(=O)(=O)NC(C)(C)C)c1,Cc1cnc(Nc2ccc([*:1])cc2)nc1Nc1cccc(S(=O)(=O)NC(C)(C)C)c1,O=C(CCN[*:2])N1CCN([*:1])CC1,O=C1CCC(N2C(=O)c3cccc([*:2])c3C2=O)C(=O)N1,JAK,CRBN,822.95,3.9,215.14,13,5,12,0.341,0.128,-5.656,-4.207,CN116323570A,2023,SHANGHAI CULLGEN INC
CS(=O)(=O)c1ccc(-c2cccc3nc(Nc4ccc(N5CCN(C(=O)CCCNc6cccc7c6C(=O)N(C6CCC(=O)NC6=O)C7=O)CC5)cc4)nn23)cc1,CS(=O)(=O)c1ccc(-c2cccc3nc(Nc4ccc([*:1])cc4)nn23)cc1,O=C(CCCN[*:2])N1CCN([*:1])CC1,O=C1CCC(N2C(=O)c3cccc([*:2])c3C2=O)C(=O)N1,JAK,CRBN,789.88,3.49,195.49,12,3,11,0.275,0.13,-5.74,-4.133,CN116323570A,2023,SHANGHAI CULLGEN INC
CS(=O)(=O)c1ccc(-c2cccc3nc(Nc4ccc(N5CCN(C(=O)CCCCNc6cccc7c6C(=O)N(C6CCC(=O)NC6=O)C7=O)CC5)cc4)nn23)cc1,CS(=O)(=O)c1ccc(-c2cccc3nc(Nc4ccc([*:1])cc4)nn23)cc1,O=C(CCCCN[*:2])N1CCN([*:1])CC1,O=C1CCC(N2C(=O)c3cccc([*:2])c3C2=O)C(=O)N1,JAK,CRBN,803.9,3.88,195.49,12,3,12,0.293,0.122,-5.567,-4.237,CN116323570A,2023,SHANGHAI CULLGEN INC
CS(=O)(=O)c1ccc(-c2cccc3nc(Nc4ccc(N5CCN(C(=O)CCNc6cccc7c6C(=O)N(C6CCC(=O)NC6=O)C7=O)CC5)cc4)nn23)cc1,CS(=O)(=O)c1ccc(-c2cccc3nc(Nc4ccc([*:1])cc4)nn23)cc1,O=C(CCN[*:2])N1CCN([*:1])CC1,O=C1CCC(N2C(=O)c3cccc([*:2])c3C2=O)C(=O)N1,JAK,CRBN,775.85,3.1,195.49,12,3,10,0.256,0.176,-5.678,-3.982,CN116323570A,2023,SHANGHAI CULLGEN INC
CS(=O)(=O)c1ccc(-c2cccc3nc(Nc4ccc(N5CCN(C(=O)CCCCCNc6cccc7c6C(=O)N(C6CCC(=O)NC6=O)C7=O)CC5)cc4)nn23)cc1,CS(=O)(=O)c1ccc(-c2cccc3nc(Nc4ccc([*:1])cc4)nn23)cc1,O=C(CCCCCN[*:2])N1CCN([*:1])CC1,O=C1CCC(N2C(=O)c3cccc([*:2])c3C2=O)C(=O)N1,JAK,CRBN,817.93,4.27,195.49,12,3,13,0.31,0.113,-5.549,-4.299,CN116323570A,2023,SHANGHAI CULLGEN INC
CS(=O)(=O)c1ccc(-c2cccc3nc(Nc4ccc(N5CCN(C(=O)CNc6cccc7c6C(=O)N(C6CCC(=O)NC6=O)C7=O)CC5)cc4)nn23)cc1,CS(=O)(=O)c1ccc(-c2cccc3nc(Nc4ccc([*:1])cc4)nn23)cc1,O=C(CN[*:2])N1CCN([*:1])CC1,O=C1CCC(N2C(=O)c3cccc([*:2])c3C2=O)C(=O)N1,JAK,CRBN,761.82,2.71,195.49,12,3,9,0.237,0.186,-5.766,-3.933,CN116323570A,2023,SHANGHAI CULLGEN INC
O=C1CCC(N2C(=O)c3ccc(N4CC(CN5CCC(c6ccc(C(=O)Nc7n[nH]c8ccc(Cc9cc(F)cc(F)c9)cc78)c(NC7CCOCC7)c6)CC5)C4)cc3C2=O)C(=O)N1,O=C(Nc1n[nH]c2ccc(Cc3cc(F)cc(F)c3)cc12)c1ccc([*:1])cc1NC1CCOCC1,C1CN(CC2CN([*:2])C2)CCC1[*:1],O=C1CCC(N2C(=O)c3ccc([*:2])cc3C2=O)C(=O)N1,TRK,CRBN,870.96,5.99,169.07,10,4,11,0.375,0.116,-5.572,-6.181,CN115697989A,2023,SHANGHAI CULLGEN INC
O=C1CCC(N2Cc3ccc(N4CCC(N5CCN(c6ccc(C(=O)Nc7n[nH]c8ccc(Cc9cc(F)cc(F)c9)cc78)c(NC7CCOCC7)c6)CC5)CC4)cc3C2=O)C(=O)N1,O=C(Nc1n[nH]c2ccc(Cc3cc(F)cc(F)c3)cc12)c1ccc([*:1])cc1NC1CCOCC1,C1CN([*:2])CCC1N1CCN([*:1])CC1,O=C1CCC(N2Cc3ccc([*:2])cc3C2=O)C(=O)N1,TRK,CRBN,871.99,5.83,155.24,10,4,10,0.396,0.126,-5.562,-5.94,CN115697989A,2023,SHANGHAI CULLGEN INC
O=C1CCC(N2Cc3cc(N4CCC(N5CCN(c6ccc(C(=O)Nc7n[nH]c8ccc(Cc9cc(F)cc(F)c9)cc78)c(NC7CCOCC7)c6)CC5)CC4)ccc3C2=O)C(=O)N1,O=C(Nc1n[nH]c2ccc(Cc3cc(F)cc(F)c3)cc12)c1ccc([*:1])cc1NC1CCOCC1,C1CN([*:2])CCC1N1CCN([*:1])CC1,O=C1CCC(N2Cc3cc([*:2])ccc3C2=O)C(=O)N1,TRK,CRBN,871.99,5.83,155.24,10,4,10,0.396,0.126,-5.562,-6.022,CN115697989A,2023,SHANGHAI CULLGEN INC
O=C1CCC(N2C(=O)c3ccc(N4CC(N5CCN(c6ccc(C(=O)Nc7n[nH]c8ccc(Cc9cc(F)cc(F)c9)cc78)c(NC7CCOCC7)c6)CC5)C4)cc3C2=O)C(=O)N1,O=C(Nc1n[nH]c2ccc(Cc3cc(F)cc(F)c3)cc12)c1ccc([*:1])cc1NC1CCOCC1,C1CN([*:1])CCN1C1CN([*:2])C1,O=C1CCC(N2C(=O)c3ccc([*:2])cc3C2=O)C(=O)N1,TRK,CRBN,857.92,4.69,172.31,11,4,10,0.348,0.144,-5.596,-5.178,CN115697989A,2023,SHANGHAI CULLGEN INC
O=C1CCC(N2Cc3ccc(N4CC(N5CCN(c6ccc(C(=O)Nc7n[nH]c8ccc(Cc9cc(F)cc(F)c9)cc78)c(NC7CCOCC7)c6)CC5)C4)cc3C2=O)C(=O)N1,O=C(Nc1n[nH]c2ccc(Cc3cc(F)cc(F)c3)cc12)c1ccc([*:1])cc1NC1CCOCC1,C1CN([*:1])CCN1C1CN([*:2])C1,O=C1CCC(N2Cc3ccc([*:2])cc3C2=O)C(=O)N1,TRK,CRBN,843.94,5.05,155.24,10,4,10,0.37,0.141,-5.604,-4.929,CN115697989A,2023,SHANGHAI CULLGEN INC
O=C1CCC(N2Cc3ccc(N4CC(N5CCN(c6cccc(-c7cnc8ccc(N9CCCC9c9cccc(F)c9)nn78)n6)CC5)C4)cc3C2=O)C(=O)N1,Fc1cccc(C2CCCN2c2ccc3ncc(-c4cccc([*:1])n4)n3n2)c1,C1CN([*:1])CCN1C1CN([*:2])C1,O=C1CCC(N2Cc3ccc([*:2])cc3C2=O)C(=O)N1,TRK,CRBN,740.84,4.04,122.52,10,1,7,0.366,0.245,-5.058,-4.809,CN115697989A,2023,SHANGHAI CULLGEN INC
O=C1CCC(N2Cc3cc(N4CC(N5CCN(c6ccc(C(=O)Nc7n[nH]c8ccc(Cc9cc(F)cc(F)c9)cc78)c(NC7CCOCC7)c6)CC5)C4)ccc3C2=O)C(=O)N1,O=C(Nc1n[nH]c2ccc(Cc3cc(F)cc(F)c3)cc12)c1ccc([*:1])cc1NC1CCOCC1,C1CN([*:1])CCN1C1CN([*:2])C1,O=C1CCC(N2Cc3cc([*:2])ccc3C2=O)C(=O)N1,TRK,CRBN,843.94,5.05,155.24,10,4,10,0.37,0.141,-5.604,-4.995,CN115697989A,2023,SHANGHAI CULLGEN INC
O=C1CCC(N2Cc3cc(N4CC(N5CCN(c6cccc(-c7cnc8ccc(N9CCCC9c9cccc(F)c9)nn78)n6)CC5)C4)ccc3C2=O)C(=O)N1,Fc1cccc(C2CCCN2c2ccc3ncc(-c4cccc([*:1])n4)n3n2)c1,C1CN([*:1])CCN1C1CN([*:2])C1,O=C1CCC(N2Cc3cc([*:2])ccc3C2=O)C(=O)N1,TRK,CRBN,740.84,4.04,122.52,10,1,7,0.366,0.245,-5.058,-4.925,CN115697989A,2023,SHANGHAI CULLGEN INC
O=C1CCC(N2Cc3ccc(N4CC(CN5CCN(c6ccc(C(=O)Nc7n[nH]c8ccc(Cc9cc(F)cc(F)c9)cc78)c(NC7CCOCC7)c6)CC5)C4)cc3C2=O)C(=O)N1,O=C(Nc1n[nH]c2ccc(Cc3cc(F)cc(F)c3)cc12)c1ccc([*:1])cc1NC1CCOCC1,C1CN([*:1])CCN1CC1CN([*:2])C1,O=C1CCC(N2Cc3ccc([*:2])cc3C2=O)C(=O)N1,TRK,CRBN,857.96,5.29,155.24,10,4,11,0.383,0.129,-5.611,-5.379,CN115697989A,2023,SHANGHAI CULLGEN INC
O=C1CCC(N2Cc3ccc(N4CC(CN5CCN(c6cccc(-c7cnc8ccc(N9CCCC9c9cccc(F)c9)nn78)n6)CC5)C4)cc3C2=O)C(=O)N1,Fc1cccc(C2CCCN2c2ccc3ncc(-c4cccc([*:1])n4)n3n2)c1,C1CN([*:1])CCN1CC1CN([*:2])C1,O=C1CCC(N2Cc3ccc([*:2])cc3C2=O)C(=O)N1,TRK,CRBN,754.87,4.29,122.52,10,1,8,0.381,0.23,-5.356,-5.563,CN115697989A,2023,SHANGHAI CULLGEN INC
O=C1CCC(N2Cc3cc(N4CC(CN5CCN(c6ccc(C(=O)Nc7n[nH]c8ccc(Cc9cc(F)cc(F)c9)cc78)c(NC7CCOCC7)c6)CC5)C4)ccc3C2=O)C(=O)N1,O=C(Nc1n[nH]c2ccc(Cc3cc(F)cc(F)c3)cc12)c1ccc([*:1])cc1NC1CCOCC1,C1CN([*:1])CCN1CC1CN([*:2])C1,O=C1CCC(N2Cc3cc([*:2])ccc3C2=O)C(=O)N1,TRK,CRBN,857.96,5.29,155.24,10,4,11,0.383,0.129,-5.611,-5.294,CN115697989A,2023,SHANGHAI CULLGEN INC
O=C1CCC(N2C(=O)c3ccc(N4CCC(N5CCN(c6ccc(C(=O)Nc7n[nH]c8ccc(Cc9cc(F)cc(F)c9)cc78)c(NC7CCOCC7)c6)CC5)CC4)cc3C2=O)C(=O)N1,O=C(Nc1n[nH]c2ccc(Cc3cc(F)cc(F)c3)cc12)c1ccc([*:1])cc1NC1CCOCC1,C1CN([*:2])CCC1N1CCN([*:1])CC1,O=C1CCC(N2C(=O)c3ccc([*:2])cc3C2=O)C(=O)N1,TRK,CRBN,885.97,5.47,172.31,11,4,10,0.375,0.131,-5.558,-6.148,CN115697989A,2023,SHANGHAI CULLGEN INC
O=C1CCC(N2C(=O)c3ccc(N4CCC(CN5CCN(c6ccc(C(=O)Nc7n[nH]c8ccc(Cc9cc(F)cc(F)c9)cc78)c(NC7CCOCC7)c6)CC5)CC4)cc3C2=O)C(=O)N1,O=C(Nc1n[nH]c2ccc(Cc3cc(F)cc(F)c3)cc12)c1ccc([*:1])cc1NC1CCOCC1,C1CN([*:2])CCC1CN1CCN([*:1])CC1,O=C1CCC(N2C(=O)c3ccc([*:2])cc3C2=O)C(=O)N1,TRK,CRBN,900.0,5.71,172.31,11,4,11,0.388,0.12,-5.586,-6.566,CN115697989A,2023,SHANGHAI CULLGEN INC
O=C1CCC(N2C(=O)c3ccc(N4CCC(CN5CCN(c6ccc(C(=O)Nc7n[nH]c8ccc(Cc9cc(F)cc(F)c9)cc78)c(NC7CCOCC7)c6)CC5)C4)cc3C2=O)C(=O)N1,O=C(Nc1n[nH]c2ccc(Cc3cc(F)cc(F)c3)cc12)c1ccc([*:1])cc1NC1CCOCC1,C1CN([*:2])CC1CN1CCN([*:1])CC1,O=C1CCC(N2C(=O)c3ccc([*:2])cc3C2=O)C(=O)N1,TRK,CRBN,885.97,5.32,172.31,11,4,11,0.375,0.127,-5.598,-6.057,CN115697989A,2023,SHANGHAI CULLGEN INC
O=C1CCC(N2C(=O)c3ccc(N4CC(CN5CCN(c6ccc(C(=O)Nc7n[nH]c8ccc(Cc9cc(F)cc(F)c9)cc78)c(NCCF)c6)CC5)C4)cc3C2=O)C(=O)N1,O=C(Nc1n[nH]c2ccc(Cc3cc(F)cc(F)c3)cc12)c1ccc([*:1])cc1NCCF,C1CN([*:1])CCN1CC1CN([*:2])C1,O=C1CCC(N2C(=O)c3ccc([*:2])cc3C2=O)C(=O)N1,TRK,CRBN,833.87,4.73,163.08,10,4,12,0.318,0.13,-5.535,-5.237,CN115697989A,2023,SHANGHAI CULLGEN INC
O=C1CCC(N2C(=O)c3ccc(NCC(=O)N4CCN(c5ccc(C(=O)Nc6n[nH]c7ccc(Cc8cc(F)cc(F)c8)cc67)c(NCCF)c5)CC4)cc3C2=O)C(=O)N1,O=C(Nc1n[nH]c2ccc(Cc3cc(F)cc(F)c3)cc12)c1ccc([*:1])cc1NCCF,O=C(CN[*:2])N1CCN([*:1])CC1,O=C1CCC(N2C(=O)c3ccc([*:2])cc3C2=O)C(=O)N1,TRK,CRBN,821.82,4.23,188.94,10,5,12,0.262,0.114,-5.559,-5.048,CN115697989A,2023,SHANGHAI CULLGEN INC
O=C1CCC(N2C(=O)c3ccc(N4CC(CN5CCN(c6ccc(C(=O)Nc7n[nH]c8ccc(Cc9cc(F)cc(F)c9)cc78)cc6)CC5)C4)cc3C2=O)C(=O)N1,O=C(Nc1n[nH]c2ccc(Cc3cc(F)cc(F)c3)cc12)c1ccc([*:1])cc1,C1CN([*:1])CCN1CC1CN([*:2])C1,O=C1CCC(N2C(=O)c3ccc([*:2])cc3C2=O)C(=O)N1,TRK,CRBN,772.81,4.34,151.05,9,3,9,0.286,0.186,-5.55,-4.606,CN115697989A,2023,SHANGHAI CULLGEN INC
O=C1CCC(N2C(=O)c3ccc(NCC(=O)N4CCN(c5ccc(C(=O)Nc6n[nH]c7ccc(Cc8cc(F)cc(F)c8)cc67)cc5)CC4)cc3C2=O)C(=O)N1,O=C(Nc1n[nH]c2ccc(Cc3cc(F)cc(F)c3)cc12)c1ccc([*:1])cc1,O=C(CN[*:2])N1CCN([*:1])CC1,O=C1CCC(N2C(=O)c3ccc([*:2])cc3C2=O)C(=O)N1,TRK,CRBN,760.76,3.85,176.91,9,4,9,0.225,0.163,-5.519,-4.532,CN115697989A,2023,SHANGHAI CULLGEN INC
Cc1cnc(Nc2ccc(N3CCN(C(=O)CCCCCCNc4cccc5c4C(=O)N(C4CCC(=O)NC4=O)C5=O)CC3)cc2)nc1Nc1cccc(S(=O)(=O)NC(C)(C)C)c1,Cc1cnc(Nc2ccc([*:1])cc2)nc1Nc1cccc(S(=O)(=O)NC(C)(C)C)c1,O=C(CCCCCCN[*:2])N1CCN([*:1])CC1,O=C1CCC(N2C(=O)c3cccc([*:2])c3C2=O)C(=O)N1,JAK,CRBN,879.06,5.46,215.14,13,5,16,0.4,0.07,-5.675,-4.499,CN116323570A,2023,SHANGHAI CULLGEN INC
Cc1cnc(Nc2ccc(N3CCN(C(=O)CCOCCNc4cccc5c4C(=O)N(C4CCC(=O)NC4=O)C5=O)CC3)cc2)nc1Nc1cccc(S(=O)(=O)NC(C)(C)C)c1,Cc1cnc(Nc2ccc([*:1])cc2)nc1Nc1cccc(S(=O)(=O)NC(C)(C)C)c1,O=C(CCOCCN[*:2])N1CCN([*:1])CC1,O=C1CCC(N2C(=O)c3cccc([*:2])c3C2=O)C(=O)N1,JAK,CRBN,867.0,3.92,224.37,14,5,15,0.372,0.084,-5.607,-3.831,CN116323570A,2023,SHANGHAI CULLGEN INC
Cc1cnc(Nc2ccc(N3CCN(C(=O)CCOCCOCCNc4cccc5c4C(=O)N(C4CCC(=O)NC4=O)C5=O)CC3)cc2)nc1Nc1cccc(S(=O)(=O)NC(C)(C)C)c1,Cc1cnc(Nc2ccc([*:1])cc2)nc1Nc1cccc(S(=O)(=O)NC(C)(C)C)c1,O=C(CCOCCOCCN[*:2])N1CCN([*:1])CC1,O=C1CCC(N2C(=O)c3cccc([*:2])c3C2=O)C(=O)N1,JAK,CRBN,911.05,3.93,233.6,15,5,18,0.4,0.07,-5.587,-3.407,CN116323570A,2023,SHANGHAI CULLGEN INC
Cc1cnc(Nc2ccc(N3CCN(C(=O)CCOCCOCCOCCNc4cccc5c4C(=O)N(C4CCC(=O)NC4=O)C5=O)CC3)cc2)nc1Nc1cccc(S(=O)(=O)NC(C)(C)C)c1,Cc1cnc(Nc2ccc([*:1])cc2)nc1Nc1cccc(S(=O)(=O)NC(C)(C)C)c1,O=C(CCOCCOCCOCCN[*:2])N1CCN([*:1])CC1,O=C1CCC(N2C(=O)c3cccc([*:2])c3C2=O)C(=O)N1,JAK,CRBN,955.11,3.95,242.83,16,5,21,0.426,0.059,-5.598,-3.143,CN116323570A,2023,SHANGHAI CULLGEN INC
Cc1cnc(Nc2ccc(N3CCN(C(=O)CCOCCOCCOCCOCCNc4cccc5c4C(=O)N(C4CCC(=O)NC4=O)C5=O)CC3)cc2)nc1Nc1cccc(S(=O)(=O)NC(C)(C)C)c1,Cc1cnc(Nc2ccc([*:1])cc2)nc1Nc1cccc(S(=O)(=O)NC(C)(C)C)c1,O=C(CCOCCOCCOCCOCCN[*:2])N1CCN([*:1])CC1,O=C1CCC(N2C(=O)c3cccc([*:2])c3C2=O)C(=O)N1,JAK,CRBN,999.16,3.97,252.06,17,5,24,0.449,0.049,-5.609,-2.934,CN116323570A,2023,SHANGHAI CULLGEN INC
Cc1cnc(Nc2ccc(N3CCN(C(=O)CCC(=O)NC(C(=O)N4CC(O)CC4C(=O)NCc4ccc(-c5scnc5C)cc4)C(C)(C)C)CC3)cc2)nc1Nc1cccc(S(=O)(=O)NC(C)(C)C)c1,Cc1cnc(Nc2ccc([*:1])cc2)nc1Nc1cccc(S(=O)(=O)NC(C)(C)C)c1,O=C(CCC(=O)[*:2])N1CCN([*:1])CC1,Cc1ncsc1-c1ccc(CNC(=O)C2CC(O)CN2C(=O)C(N[*:2])C(C)(C)C)cc1,JAK,VHL,1008.28,6.02,231.19,14,6,16,0.431,0.067,-5.677,-3.66,CN116323570A,2023,SHANGHAI CULLGEN INC
Cc1cnc(Nc2ccc(N3CCN(C(=O)CCCCCC(=O)NC(C(=O)N4CC(O)CC4C(=O)NCc4ccc(-c5scnc5C)cc4)C(C)(C)C)CC3)cc2)nc1Nc1cccc(S(=O)(=O)NC(C)(C)C)c1,Cc1cnc(Nc2ccc([*:1])cc2)nc1Nc1cccc(S(=O)(=O)NC(C)(C)C)c1,O=C(CCCCCC(=O)[*:2])N1CCN([*:1])CC1,Cc1ncsc1-c1ccc(CNC(=O)C2CC(O)CN2C(=O)C(N[*:2])C(C)(C)C)cc1,JAK,VHL,1050.37,7.19,231.19,14,6,19,0.463,0.045,-5.772,-4.231,CN116323570A,2023,SHANGHAI CULLGEN INC
Cc1cnc(Nc2ccc(N3CCN(C(=O)CCCCCCC(=O)NC(C(=O)N4CC(O)CC4C(=O)NCc4ccc(-c5scnc5C)cc4)C(C)(C)C)CC3)cc2)nc1Nc1cccc(S(=O)(=O)NC(C)(C)C)c1,Cc1cnc(Nc2ccc([*:1])cc2)nc1Nc1cccc(S(=O)(=O)NC(C)(C)C)c1,O=C(CCCCCCC(=O)[*:2])N1CCN([*:1])CC1,Cc1ncsc1-c1ccc(CNC(=O)C2CC(O)CN2C(=O)C(N[*:2])C(C)(C)C)cc1,JAK,VHL,1064.39,7.58,231.19,14,6,20,0.473,0.041,-5.779,-4.399,CN116323570A,2023,SHANGHAI CULLGEN INC
Cc1ncsc1-c1ccc(CNC(=O)C2CC(O)CN2C(=O)C(NC(=O)CCCCCCC(=O)N2CCN(c3ccc(Nc4nc5cccc(-c6ccc(S(C)(=O)=O)cc6)n5n4)cc3)CC2)C(C)(C)C)cc1,CS(=O)(=O)c1ccc(-c2cccc3nc(Nc4ccc([*:1])cc4)nn23)cc1,O=C(CCCCCCC(=O)[*:2])N1CCN([*:1])CC1,Cc1ncsc1-c1ccc(CNC(=O)C2CC(O)CN2C(=O)C(N[*:2])C(C)(C)C)cc1,JAK,VHL,1017.29,6.77,211.54,13,4,18,0.415,0.066,-5.839,-4.434,CN116323570A,2023,SHANGHAI CULLGEN INC
Cc1ncsc1-c1ccc(CNC(=O)C2CC(O)CN2C(=O)C(NC(=O)CCC(=O)N2CCN(c3ccc(Nc4nc5cccc(-c6ccc(S(C)(=O)=O)cc6)n5n4)cc3)CC2)C(C)(C)C)cc1,CS(=O)(=O)c1ccc(-c2cccc3nc(Nc4ccc([*:1])cc4)nn23)cc1,O=C(CCC(=O)[*:2])N1CCN([*:1])CC1,Cc1ncsc1-c1ccc(CNC(=O)C2CC(O)CN2C(=O)C(N[*:2])C(C)(C)C)cc1,JAK,VHL,961.18,5.21,211.54,13,4,14,0.367,0.111,-5.855,-3.529,CN116323570A,2023,SHANGHAI CULLGEN INC
CS(=O)(=O)c1ccc(-c2cccc3nc(Nc4ccc(N5CCN(C(=O)CCOCCOCCNc6cccc7c6C(=O)N(C6CCC(=O)NC6=O)C7=O)CC5)cc4)nn23)cc1,CS(=O)(=O)c1ccc(-c2cccc3nc(Nc4ccc([*:1])cc4)nn23)cc1,O=C(CCOCCOCCN[*:2])N1CCN([*:1])CC1,O=C1CCC(N2C(=O)c3cccc([*:2])c3C2=O)C(=O)N1,JAK,CRBN,863.95,3.13,213.95,14,3,16,0.326,0.096,-5.598,-3.316,CN116323570A,2023,SHANGHAI CULLGEN INC
Cc1ncsc1-c1ccc(CNC(=O)C2CC(O)CN2C(=O)C(NC(=O)CCCCCC(=O)N2CCN(c3ccc(Nc4nc5cccc(-c6ccc(S(C)(=O)=O)cc6)n5n4)cc3)CC2)C(C)(C)C)cc1,CS(=O)(=O)c1ccc(-c2cccc3nc(Nc4ccc([*:1])cc4)nn23)cc1,O=C(CCCCCC(=O)[*:2])N1CCN([*:1])CC1,Cc1ncsc1-c1ccc(CNC(=O)C2CC(O)CN2C(=O)C(N[*:2])C(C)(C)C)cc1,JAK,VHL,1003.26,6.38,211.54,13,4,17,0.404,0.073,-5.872,-4.147,CN116323570A,2023,SHANGHAI CULLGEN INC
CS(=O)(=O)c1ccc(-c2cccc3nc(Nc4ccc(N5CCN(C(=O)CCCCCCNc6cccc7c6C(=O)N(C6CCC(=O)NC6=O)C7=O)CC5)cc4)nn23)cc1,CS(=O)(=O)c1ccc(-c2cccc3nc(Nc4ccc([*:1])cc4)nn23)cc1,O=C(CCCCCCN[*:2])N1CCN([*:1])CC1,O=C1CCC(N2C(=O)c3cccc([*:2])c3C2=O)C(=O)N1,JAK,CRBN,831.96,4.66,195.49,12,3,14,0.326,0.104,-5.475,-4.342,CN116323570A,2023,SHANGHAI CULLGEN INC
CS(=O)(=O)c1ccc(-c2cccc3nc(Nc4ccc(N5CCN(C(=O)CCOCCNc6cccc7c6C(=O)N(C6CCC(=O)NC6=O)C7=O)CC5)cc4)nn23)cc1,CS(=O)(=O)c1ccc(-c2cccc3nc(Nc4ccc([*:1])cc4)nn23)cc1,O=C(CCOCCN[*:2])N1CCN([*:1])CC1,O=C1CCC(N2C(=O)c3cccc([*:2])c3C2=O)C(=O)N1,JAK,CRBN,819.9,3.11,204.72,13,3,13,0.293,0.116,-5.765,-3.622,CN116323570A,2023,SHANGHAI CULLGEN INC
CS(=O)(=O)c1ccc(-c2cccc3nc(Nc4ccc(N5CCN(C(=O)CCOCCOCCOCCOCCNc6cccc7c6C(=O)N(C6CCC(=O)NC6=O)C7=O)CC5)cc4)nn23)cc1,CS(=O)(=O)c1ccc(-c2cccc3nc(Nc4ccc([*:1])cc4)nn23)cc1,O=C(CCOCCOCCOCCOCCN[*:2])N1CCN([*:1])CC1,O=C1CCC(N2C(=O)c3cccc([*:2])c3C2=O)C(=O)N1,JAK,CRBN,952.06,3.16,232.41,16,3,22,0.383,0.067,-5.592,-3.061,CN116323570A,2023,SHANGHAI CULLGEN INC
CS(=O)(=O)c1ccc(-c2cccc3nc(Nc4ccc(N5CCN(C(=O)CCOCCOCCOCCNc6cccc7c6C(=O)N(C6CCC(=O)NC6=O)C7=O)CC5)cc4)nn23)cc1,CS(=O)(=O)c1ccc(-c2cccc3nc(Nc4ccc([*:1])cc4)nn23)cc1,O=C(CCOCCOCCOCCN[*:2])N1CCN([*:1])CC1,O=C1CCC(N2C(=O)c3cccc([*:2])c3C2=O)C(=O)N1,JAK,CRBN,908.01,3.15,223.18,15,3,19,0.356,0.08,-5.554,-3.15,CN116323570A,2023,SHANGHAI CULLGEN INC
Cc1cnc(Nc2ccc(N3CCN(C(=O)CCCCNc4cccc5c4C(=O)N(C4CCC(=O)NC4=O)C5=O)CC3)cc2)nc1Nc1cccc(S(=O)(=O)NC(C)(C)C)c1,Cc1cnc(Nc2ccc([*:1])cc2)nc1Nc1cccc(S(=O)(=O)NC(C)(C)C)c1,O=C(CCCCN[*:2])N1CCN([*:1])CC1,O=C1CCC(N2C(=O)c3cccc([*:2])c3C2=O)C(=O)N1,JAK,CRBN,851.0,4.68,215.14,13,5,14,0.372,0.086,-5.6,-4.195,CN116323570A,2023,SHANGHAI CULLGEN INC
COCCN1CC(NC(=O)Nc2c(C)c(-c3cnc(N4CCN(CCOc5ccc6c(c5)C(=O)N(C5CCC(=O)NC5=O)C6=O)CC4)nc3)nn2-c2ccccc2)C(c2cccc(F)c2)C1,COCCN1CC(NC(=O)Nc2c(C)c(-c3cnc([*:1])nc3)nn2-c2ccccc2)C(c2cccc(F)c2)C1,C(CN1CCN([*:1])CC1)O[*:2],O=C1CCC(N2C(=O)c3ccc([*:2])cc3C2=O)C(=O)N1,TRK,CRBN,899.99,3.61,196.46,13,3,14,0.362,0.137,-5.52,-4.106,WO2022218289A1,2022,CULLGEN SHANGHAI INC
COCCN1CC(NC(=O)Nc2c(C)c(-c3cnc(N4CCN(CCOc5cccc6c5C(=O)N(C5CCC(=O)NC5=O)C6=O)CC4)nc3)nn2-c2ccccc2)C(c2cccc(F)c2)C1,COCCN1CC(NC(=O)Nc2c(C)c(-c3cnc([*:1])nc3)nn2-c2ccccc2)C(c2cccc(F)c2)C1,C(CN1CCN([*:1])CC1)O[*:2],O=C1CCC(N2C(=O)c3cccc([*:2])c3C2=O)C(=O)N1,TRK,CRBN,899.99,3.61,196.46,13,3,14,0.362,0.137,-5.536,-3.898,WO2022218289A1,2022,CULLGEN SHANGHAI INC
COCCN1CC(NC(=O)Nc2c(C)c(-c3cnc(N4CCN(C(=O)CCCCCC(=O)NC(C(=O)N5CC(O)CC5C(=O)NCc5ccc(-c6scnc6C)cc5)C(C)(C)C)CC4)nc3)nn2-c2ccccc2)C(c2cccc(F)c2)C1,COCCN1CC(NC(=O)Nc2c(C)c(-c3cnc([*:1])nc3)nn2-c2ccccc2)C(c2cccc(F)c2)C1,O=C(CCCCCC(=O)[*:2])N1CCN([*:1])CC1,Cc1ncsc1-c1ccc(CNC(=O)C2CC(O)CN2C(=O)C(N[*:2])C(C)(C)C)cc1,TRK,VHL,1154.43,6.85,232.38,14,5,21,0.459,0.046,-5.891,-4.486,WO2022218289A1,2022,CULLGEN SHANGHAI INC
COCCN1CC(NC(=O)Nc2c(C)c(-c3cnc(N4CCN(C(=O)CCCCCC(=O)NC(C(=O)N5CC(O)CC5C(=O)NC(C)c5ccc(-c6scnc6C)cc5)C(C)(C)C)CC4)nc3)nn2-c2ccccc2)C(c2cccc(F)c2)C1,COCCN1CC(NC(=O)Nc2c(C)c(-c3cnc([*:1])nc3)nn2-c2ccccc2)C(c2cccc(F)c2)C1,O=C(CCCCCC(=O)[*:2])N1CCN([*:1])CC1,Cc1ncsc1-c1ccc(C(C)NC(=O)C2CC(O)CN2C(=O)C(N[*:2])C(C)(C)C)cc1,TRK,VHL,1168.45,7.41,232.38,14,5,21,0.468,0.044,-5.916,-4.73,WO2022218289A1,2022,CULLGEN SHANGHAI INC
COCCN1CC(NC(=O)Nc2c(C)c(-c3cnc(N4CCN(C(=O)CNc5ccc6c(c5)C(=O)N(C5CCC(=O)NC5=O)C6=O)CC4)nc3)nn2-c2ccccc2)C(c2cccc(F)c2)C1,COCCN1CC(NC(=O)Nc2c(C)c(-c3cnc([*:1])nc3)nn2-c2ccccc2)C(c2cccc(F)c2)C1,O=C(CN[*:2])N1CCN([*:1])CC1,O=C1CCC(N2C(=O)c3ccc([*:2])cc3C2=O)C(=O)N1,TRK,CRBN,912.98,3.17,216.33,13,4,13,0.34,0.125,-5.72,-3.738,WO2022218289A1,2022,CULLGEN SHANGHAI INC
COCCN1CC(NC(=O)Nc2c(C)c(-c3cnc(N4CCN(C(=O)CCOCCOCCOCCOCCNc5cccc6c5C(=O)N(C5CCC(=O)NC5=O)C6=O)CC4)nc3)nn2-c2ccccc2)C(c2cccc(F)c2)C1,COCCN1CC(NC(=O)Nc2c(C)c(-c3cnc([*:1])nc3)nn2-c2ccccc2)C(c2cccc(F)c2)C1,O=C(CCOCCOCCOCCOCCN[*:2])N1CCN([*:1])CC1,O=C1CCC(N2C(=O)c3cccc([*:2])c3C2=O)C(=O)N1,TRK,CRBN,1103.22,3.63,253.25,17,4,26,0.446,0.046,-5.466,-3.045,WO2022218289A1,2022,CULLGEN SHANGHAI INC
COCCN1CC(NC(=O)Nc2c(C)c(-c3cnc(N4CCN(C(=O)CCCCCNc5ccc6c(c5)C(=O)N(C5CCC(=O)NC5=O)C6=O)CC4)nc3)nn2-c2ccccc2)C(c2cccc(F)c2)C1,COCCN1CC(NC(=O)Nc2c(C)c(-c3cnc([*:1])nc3)nn2-c2ccccc2)C(c2cccc(F)c2)C1,O=C(CCCCCN[*:2])N1CCN([*:1])CC1,O=C1CCC(N2C(=O)c3ccc([*:2])cc3C2=O)C(=O)N1,TRK,CRBN,969.09,4.74,216.33,13,4,17,0.392,0.073,-5.557,-4.377,WO2022218289A1,2022,CULLGEN SHANGHAI INC
COCCN1CC(NC(=O)Nc2c(C)c(-c3cnc(N4CCN(C(=O)CCCCCNc5cccc6c5C(=O)N(C5CCC(=O)NC5=O)C6=O)CC4)nc3)nn2-c2ccccc2)C(c2cccc(F)c2)C1,COCCN1CC(NC(=O)Nc2c(C)c(-c3cnc([*:1])nc3)nn2-c2ccccc2)C(c2cccc(F)c2)C1,O=C(CCCCCN[*:2])N1CCN([*:1])CC1,O=C1CCC(N2C(=O)c3cccc([*:2])c3C2=O)C(=O)N1,TRK,CRBN,969.09,4.74,216.33,13,4,17,0.392,0.073,-5.568,-4.567,WO2022218289A1,2022,CULLGEN SHANGHAI INC
COCCN1CC(NC(=O)Nc2c(C)c(-c3cnc(N4CCN(C(=O)CCOCCOCCOCCNc5cccc6c5C(=O)N(C5CCC(=O)NC5=O)C6=O)CC4)nc3)nn2-c2ccccc2)C(c2cccc(F)c2)C1,COCCN1CC(NC(=O)Nc2c(C)c(-c3cnc([*:1])nc3)nn2-c2ccccc2)C(c2cccc(F)c2)C1,O=C(CCOCCOCCOCCN[*:2])N1CCN([*:1])CC1,O=C1CCC(N2C(=O)c3cccc([*:2])c3C2=O)C(=O)N1,TRK,CRBN,1059.17,3.61,244.02,16,4,23,0.426,0.054,-5.531,-3.175,WO2022218289A1,2022,CULLGEN SHANGHAI INC
COCCN1CC(NC(=O)Nc2c(C)c(-c3cnc(N4CCN(C(=O)CCCNc5cccc6c5C(=O)N(C5CCC(=O)NC5=O)C6=O)CC4)nc3)nn2-c2ccccc2)C(c2cccc(F)c2)C1,COCCN1CC(NC(=O)Nc2c(C)c(-c3cnc([*:1])nc3)nn2-c2ccccc2)C(c2cccc(F)c2)C1,O=C(CCCN[*:2])N1CCN([*:1])CC1,O=C1CCC(N2C(=O)c3cccc([*:2])c3C2=O)C(=O)N1,TRK,CRBN,941.04,3.95,216.33,13,4,15,0.367,0.087,-5.648,-4.193,WO2022218289A1,2022,CULLGEN SHANGHAI INC
COCCN1CC(NC(=O)Nc2c(C)c(-c3cnc(N4CCN(C(=O)CNc5cccc6c5C(=O)N(C5CCC(=O)NC5=O)C6=O)CC4)nc3)nn2-c2ccccc2)C(c2cccc(F)c2)C1,COCCN1CC(NC(=O)Nc2c(C)c(-c3cnc([*:1])nc3)nn2-c2ccccc2)C(c2cccc(F)c2)C1,O=C(CN[*:2])N1CCN([*:1])CC1,O=C1CCC(N2C(=O)c3cccc([*:2])c3C2=O)C(=O)N1,TRK,CRBN,912.98,3.17,216.33,13,4,13,0.34,0.125,-5.679,-3.795,WO2022218289A1,2022,CULLGEN SHANGHAI INC
COCCN1CC(NC(=O)Nc2c(C)c(-c3cnc(N4CCN(C(=O)CCCNc5ccc6c(c5)C(=O)N(C5CCC(=O)NC5=O)C6=O)CC4)nc3)nn2-c2ccccc2)C(c2cccc(F)c2)C1,COCCN1CC(NC(=O)Nc2c(C)c(-c3cnc([*:1])nc3)nn2-c2ccccc2)C(c2cccc(F)c2)C1,O=C(CCCN[*:2])N1CCN([*:1])CC1,O=C1CCC(N2C(=O)c3ccc([*:2])cc3C2=O)C(=O)N1,TRK,CRBN,941.04,3.95,216.33,13,4,15,0.367,0.087,-5.658,-4.019,WO2022218289A1,2022,CULLGEN SHANGHAI INC
O=C1CCC(N2C(=O)c3cccc(NCCCCNC(=O)c4c[nH]c(C=C5C(=O)Nc6ccc(Cc7cc(F)cc(F)c7)cc65)c4)c3C2=O)C(=O)N1,O=C1Nc2ccc(Cc3cc(F)cc(F)c3)cc2C1=Cc1cc([*:1])c[nH]1,O=C(NCCCCN[*:2])[*:1],O=C1CCC(N2C(=O)c3cccc([*:2])c3C2=O)C(=O)N1,TRK,CRBN,706.71,4.4,169.57,7,5,11,0.211,0.088,-5.193,-5.877,CN114853735A,2022,BEIJING XINKAIYUAN MEDICAL TECHNOLOGY CO
COc1cc(-c2cn(C)c(=O)c3cnccc23)cc(OC)c1CN1CC2(CC(C(=O)NCCCCCCCCNc3cccc4c3C(=O)N(C3CCC(=O)NC3=O)C4=O)C2)C1,COc1cc(-c2cn(C)c(=O)c3cnccc23)cc(OC)c1CN1CC2(CC([*:1])C2)C1,O=C(NCCCCCCCCN[*:2])[*:1],O=C1CCC(N2C(=O)c3cccc([*:2])c3C2=O)C(=O)N1,BRD9,CRBN,831.97,4.8,181.27,11,3,17,0.457,0.098,-5.61,-3.816,US11414416B1,2022,FOGHORN THERAPEUTICS INC
COc1cc(-c2cn(C)c(=O)c3cnccc23)cc(OC)c1CN(C)CC12CC(C(=O)NCCOCCOCCNc3cccc4c3C(=O)N(C3CCC(=O)NC3=O)C4=O)(C1)C2,COc1cc(-c2cn(C)c(=O)c3cnccc23)cc(OC)c1CN(C)CC12CC([*:1])(C1)C2,O=C(NCCOCCOCCN[*:2])[*:1],O=C1CCC(N2C(=O)c3cccc([*:2])c3C2=O)C(=O)N1,BRD9,CRBN,849.94,2.88,199.73,13,3,19,0.444,0.092,-5.4,-2.785,US11414416B1,2022,FOGHORN THERAPEUTICS INC
COc1cc(-c2cn(C)c(=O)c3cnccc23)cc(OC)c1CN(C)CC12CC(C(=O)NCCCCCNc3cccc4c3C(=O)N(C3CCC(=O)NC3=O)C4=O)(C1)C2,COc1cc(-c2cn(C)c(=O)c3cnccc23)cc(OC)c1CN(C)CC12CC([*:1])(C1)C2,O=C(NCCCCCN[*:2])[*:1],O=C1CCC(N2C(=O)c3cccc([*:2])c3C2=O)C(=O)N1,BRD9,CRBN,803.92,4.02,181.27,11,3,16,0.432,0.11,-5.364,-3.526,US11414416B1,2022,FOGHORN THERAPEUTICS INC
COc1cc(-c2cn(C)c(=O)c3cnccc23)cc(OC)c1CN(C)C12CC(C(=O)NCCCCCNc3cccc4c3C(=O)N(C3CCC(=O)NC3=O)C4=O)(C1)C2,COc1cc(-c2cn(C)c(=O)c3cnccc23)cc(OC)c1CN(C)C12CC([*:1])(C1)C2,O=C(NCCCCCN[*:2])[*:1],O=C1CCC(N2C(=O)c3cccc([*:2])c3C2=O)C(=O)N1,BRD9,CRBN,789.89,3.77,181.27,11,3,15,0.419,0.118,-5.69,-4.339,US11414416B1,2022,FOGHORN THERAPEUTICS INC
COc1cc(-c2cn(C)c(=O)c3cnccc23)cc(OC)c1CN(C)C12CC(C(=O)NCCOCCOCCNc3cccc4c3C(=O)N(C3CCC(=O)NC3=O)C4=O)(C1)C2,COc1cc(-c2cn(C)c(=O)c3cnccc23)cc(OC)c1CN(C)C12CC([*:1])(C1)C2,O=C(NCCOCCOCCN[*:2])[*:1],O=C1CCC(N2C(=O)c3cccc([*:2])c3C2=O)C(=O)N1,BRD9,CRBN,835.91,2.63,199.73,13,3,18,0.432,0.098,-5.573,-3.196,US11414416B1,2022,FOGHORN THERAPEUTICS INC
COc1cc(-c2cn(C)c(=O)c3cnccc23)cc(OC)c1CN1CC(N2CCN(c3ccc4c(c3)C(=O)N(C3CCC(=O)NC3=O)C4=O)CC2)C1,COc1cc(-c2cn(C)c(=O)c3cnccc23)cc(OC)c1[*:1],C1C(N2CCN([*:2])CC2)CN1C[*:1],O=C1CCC(N2C(=O)c3ccc([*:2])cc3C2=O)C(=O)N1,BRD9,CRBN,705.77,2.03,146.62,11,1,8,0.368,0.269,-5.637,-3.378,US11414416B1,2022,FOGHORN THERAPEUTICS INC
COc1cc(-c2cc(C)c(=O)n(C)c2)cc(OC)c1CN1CCN(c2ccc3c(c2)C(=O)N(C2CCC(=O)NC2=O)C3=O)CC1,COc1cc(-c2cc(C)c(=O)n(C)c2)cc(OC)c1[*:1],C1CN([*:2])CCN1C[*:1],O=C1CCC(N2C(=O)c3ccc([*:2])cc3C2=O)C(=O)N1,BRD9,CRBN,613.67,2.1,130.49,9,1,7,0.364,0.398,-5.366,-3.424,US11414416B1,2022,FOGHORN THERAPEUTICS INC
COc1cc(-c2cc(C)c(=O)n(C)c2C)cc(OC)c1CN1CCN(c2ccc3c(c2)C(=O)N(C2CCC(=O)NC2=O)C3=O)CC1,COc1cc(-c2cc(C)c(=O)n(C)c2C)cc(OC)c1[*:1],C1CN([*:2])CCN1C[*:1],O=C1CCC(N2C(=O)c3ccc([*:2])cc3C2=O)C(=O)N1,BRD9,CRBN,627.7,2.41,130.49,9,1,7,0.382,0.393,-5.344,-3.629,US11414416B1,2022,FOGHORN THERAPEUTICS INC
COc1cc(-c2cc(C)c(=O)n(C)c2C)cc(OC)c1CN1CCN(c2ccc3c(c2)CN(C2CCC(=O)NC2=O)C3=O)CC1,COc1cc(-c2cc(C)c(=O)n(C)c2C)cc(OC)c1[*:1],C1CN([*:2])CCN1C[*:1],O=C1CCC(N2Cc3cc([*:2])ccc3C2=O)C(=O)N1,BRD9,CRBN,613.72,2.77,113.42,8,1,7,0.412,0.405,-5.305,-3.44,US11414416B1,2022,FOGHORN THERAPEUTICS INC
COc1cc(-c2cc(C)c(=O)n(C)c2C)cc(OC)c1CN1CCN(c2ccc3c(c2)C(=O)N(C2CCC(=O)NC2=O)C3)CC1,COc1cc(-c2cc(C)c(=O)n(C)c2C)cc(OC)c1[*:1],C1CN([*:2])CCN1C[*:1],O=C1CCC(N2Cc3ccc([*:2])cc3C2=O)C(=O)N1,BRD9,CRBN,613.72,2.77,113.42,8,1,7,0.412,0.405,-5.305,-3.393,US11414416B1,2022,FOGHORN THERAPEUTICS INC
COc1cc(-c2cc(C)c(=O)n(C)c2)cc(OC)c1CN1CCN(c2ccc3c(c2)C(=O)N(C2CCC(=O)NC2=O)C3)CC1,COc1cc(-c2cc(C)c(=O)n(C)c2)cc(OC)c1[*:1],C1CN([*:2])CCN1C[*:1],O=C1CCC(N2Cc3ccc([*:2])cc3C2=O)C(=O)N1,BRD9,CRBN,599.69,2.46,113.42,8,1,7,0.394,0.413,-5.352,-3.233,US11414416B1,2022,FOGHORN THERAPEUTICS INC
COc1cc(-c2cn(C)c(=O)c3cc(C(=O)NC4CC5(CCN(CCN6CCN(c7ccc8c(c7)C(=O)N(C7CCC(=O)NC7=O)C8=O)CC6)C5)C4)sc23)cc(OC)c1CN(C)C,COc1cc(-c2cn(C)c(=O)c3cc(C(=O)NC4CC5(CCN([*:1])C5)C4)sc23)cc(OC)c1CN(C)C,C1CN([*:2])CCN1CC[*:1],O=C1CCC(N2C(=O)c3ccc([*:2])cc3C2=O)C(=O)N1,BRD9,CRBN,879.05,3.15,166.07,13,2,12,0.478,0.2,-5.451,-3.551,US20230065463A1,2023,FOGHORN THERAPEUTICS INC
COc1cc(-c2cn(C)c(=O)c3cc(C(=O)NC4CC5CC4CN5CCN4CCN(c5ccc6c(c5)C(=O)N(C5CCC(=O)NC5=O)C6=O)CC4)sc23)cc(OC)c1CN(C)C,COc1cc(-c2cn(C)c(=O)c3cc(C(=O)NC4CC5CC4CN5[*:1])sc23)cc(OC)c1CN(C)C,C1CN([*:2])CCN1CC[*:1],O=C1CCC(N2C(=O)c3ccc([*:2])cc3C2=O)C(=O)N1,BRD9,CRBN,865.03,2.76,166.07,13,2,12,0.467,0.201,-5.337,-3.483,US20230065463A1,2023,FOGHORN THERAPEUTICS INC
COc1cc(-c2cn(C)c(=O)c3cc(C(=O)NCC4CC45CCN(CCN4CCN(c6ccc7c(c6)C(=O)N(C6CCC(=O)NC6=O)C7=O)CC4)CC5)sc23)cc(OC)c1CN(C)C,COc1cc(-c2cn(C)c(=O)c3cc(C(=O)NCC4CC45CCN([*:1])CC5)sc23)cc(OC)c1CN(C)C,C1CN([*:2])CCN1CC[*:1],O=C1CCC(N2C(=O)c3ccc([*:2])cc3C2=O)C(=O)N1,BRD9,CRBN,893.08,3.4,166.07,13,2,13,0.489,0.188,-5.679,-3.88,US20230065463A1,2023,FOGHORN THERAPEUTICS INC
COc1cc(-c2cn(C)c(=O)c3cc(C(=O)NCC4CC5(C4)CN(CCN4CCN(c6ccc7c(c6)C(=O)N(C6CCC(=O)NC6=O)C7=O)CC4)C5)sc23)cc(OC)c1CN(C)C,COc1cc(-c2cn(C)c(=O)c3cc(C(=O)NCC4CC5(C4)CN([*:1])C5)sc23)cc(OC)c1CN(C)C,C1CN([*:2])CCN1CC[*:1],O=C1CCC(N2C(=O)c3ccc([*:2])cc3C2=O)C(=O)N1,BRD9,CRBN,879.05,3.01,166.07,13,2,13,0.478,0.189,-5.667,-3.605,US20230065463A1,2023,FOGHORN THERAPEUTICS INC
COc1cc(-c2cn(C)c(=O)c3cc(C(=O)NCC4CC5(CCN(CCN6CCN(c7ccc8c(c7)C(=O)N(C7CCC(=O)NC7=O)C8=O)CC6)CC5)CO4)sc23)cc(OC)c1CN(C)C,COc1cc(-c2cn(C)c(=O)c3cc(C(=O)NCC4CC5(CCN([*:1])CC5)CO4)sc23)cc(OC)c1CN(C)C,C1CN([*:2])CCN1CC[*:1],O=C1CCC(N2C(=O)c3ccc([*:2])cc3C2=O)C(=O)N1,BRD9,CRBN,923.11,3.17,175.3,14,2,13,0.5,0.188,-5.682,-3.382,US20230065463A1,2023,FOGHORN THERAPEUTICS INC
COc1cc(-c2cn(C)c(=O)c3cc(C(=O)NCC4CC5CN(CCN6CCN(c7ccc8c(c7)C(=O)N(C7CCC(=O)NC7=O)C8=O)CC6)CC5C4)sc23)cc(OC)c1CN(C)C,COc1cc(-c2cn(C)c(=O)c3cc(C(=O)NCC4CC5CN([*:1])CC5C4)sc23)cc(OC)c1CN(C)C,C1CN([*:2])CCN1CC[*:1],O=C1CCC(N2C(=O)c3ccc([*:2])cc3C2=O)C(=O)N1,BRD9,CRBN,893.08,3.26,166.07,13,2,13,0.489,0.189,-5.743,-3.886,US20230065463A1,2023,FOGHORN THERAPEUTICS INC
COc1cc(-c2cn(C)c(=O)c3cc(C(=O)NC4CCC5CN(CCN6CCN(c7ccc8c(c7)C(=O)N(C7CCC(=O)NC7=O)C8=O)CC6)CC54)sc23)cc(OC)c1CN(C)C,COc1cc(-c2cn(C)c(=O)c3cc(C(=O)NC4CCC5CN([*:1])CC54)sc23)cc(OC)c1CN(C)C,C1CN([*:2])CCN1CC[*:1],O=C1CCC(N2C(=O)c3ccc([*:2])cc3C2=O)C(=O)N1,BRD9,CRBN,879.05,3.01,166.07,13,2,12,0.478,0.2,-5.648,-3.646,US20230065463A1,2023,FOGHORN THERAPEUTICS INC
COc1cc(-c2cn(C)c(=O)c3cc(C(=O)NCC4CC5(CCN(CCN6CCN(c7ccc8c(c7)C(=O)N(C7CCC(=O)NC7=O)C8=O)CC6)CC5)C4)sc23)cc(OC)c1CN(C)C,COc1cc(-c2cn(C)c(=O)c3cc(C(=O)NCC4CC5(CCN([*:1])CC5)C4)sc23)cc(OC)c1CN(C)C,C1CN([*:2])CCN1CC[*:1],O=C1CCC(N2C(=O)c3ccc([*:2])cc3C2=O)C(=O)N1,BRD9,CRBN,907.11,3.79,166.07,13,2,13,0.5,0.187,-5.656,-3.913,US20230065463A1,2023,FOGHORN THERAPEUTICS INC
COc1cc(-c2cn(C)c(=O)c3cc(C(=O)NC4CCN(C)CC4(F)F)sc23)cc(OC)c1CN1CCN(c2ccc3c(c2)CN(C2CCC(=O)NC2=O)C3=O)CC1,COc1cc(-c2cn(C)c(=O)c3cc(C(=O)NC4CCN(C)CC4(F)F)sc23)cc(OC)c1[*:1],C1CN([*:2])CCN1C[*:1],O=C1CCC(N2Cc3cc([*:2])ccc3C2=O)C(=O)N1,BRD9,CRBN,817.92,3.44,145.76,11,2,9,0.439,0.241,-5.389,-3.696,US20230065463A1,2023,FOGHORN THERAPEUTICS INC
CNC(=O)N1CCc2c(-c3cc(OC)c(CN4CCC5(CC4)CN(CCN4CCN(c6ccc7c(c6)C(=O)N(C6CCC(=O)NC6=O)C7=O)CC4)CCO5)c(OC)c3)cn(C)c(=O)c2C1,CNC(=O)N1CCc2c(-c3cc(OC)c(CN4CCC5(CC4)CN([*:1])CCO5)c(OC)c3)cn(C)c(=O)c2C1,C1CN([*:2])CCN1CC[*:1],O=C1CCC(N2C(=O)c3ccc([*:2])cc3C2=O)C(=O)N1,BRD9,CRBN,894.04,1.66,178.54,13,2,10,0.532,0.281,-5.588,-3.147,EP3917529A1,2021,FOGHORN THERAPEUTICS INC
CNC(=O)N1CCc2c(-c3cc(OC)c(CN4CC(N5CCN(c6ccc7c(c6)C(=O)N(C6CCC(=O)NC6=O)C7=O)CC5)C4)c(OC)c3)cn(C)c(=O)c2C1,CNC(=O)N1CCc2c(-c3cc(OC)c([*:1])c(OC)c3)cn(C)c(=O)c2C1,C1C(N2CCN([*:2])CC2)CN1C[*:1],O=C1CCC(N2C(=O)c3ccc([*:2])cc3C2=O)C(=O)N1,BRD9,CRBN,766.86,1.17,166.07,11,2,8,0.45,0.317,-5.638,-3.241,EP3917529A1,2021,FOGHORN THERAPEUTICS INC
CNC(=O)N1CCc2c(-c3cc(OC)c(CN4CCN(c5ccc6c(c5)C(=O)N(C5CCC(=O)NC5=O)C6=O)CC4)c(OC)c3)cn(C)c(=O)c2C1,CNC(=O)N1CCc2c(-c3cc(OC)c([*:1])c(OC)c3)cn(C)c(=O)c2C1,C1CN([*:2])CCN1C[*:1],O=C1CCC(N2C(=O)c3ccc([*:2])cc3C2=O)C(=O)N1,BRD9,CRBN,711.78,1.49,162.83,10,2,7,0.405,0.344,-5.597,-3.456,EP3917529A1,2021,FOGHORN THERAPEUTICS INC
COc1cc(-c2cn(C)c(=O)c3c2CCN(C(=O)NCCOCCOCCOCC(=O)NC(C(=O)N2CC(O)CC2C(=O)NCc2ccc(-c4scnc4C)cc2)C(C)(C)C)C3)cc(OC)c1CN(C)C,COc1cc(-c2cn(C)c(=O)c3c2CCN([*:1])C3)cc(OC)c1CN(C)C,O=C(NCCOCCOCCOCC(=O)[*:2])[*:1],Cc1ncsc1-c1ccc(CNC(=O)C2CC(O)CN2C(=O)C(N[*:2])C(C)(C)C)cc1,BRD9,VHL,1003.23,3.49,215.36,14,4,22,0.529,0.083,-5.713,-2.538,EP3917529A1,2021,FOGHORN THERAPEUTICS INC
COc1cc(-c2cn(C)c(=O)c3c2CCN(C(=O)NCCCCCCCCNc2cccc4c2CN(C2CCC(=O)NC2=O)C4=O)C3)cc(OC)c1CN(C)C,COc1cc(-c2cn(C)c(=O)c3c2CCN([*:1])C3)cc(OC)c1CN(C)C,O=C(NCCCCCCCCN[*:2])[*:1],O=C1CCC(N2Cc3c(cccc3[*:2])C2=O)C(=O)N1,BRD9,CRBN,769.94,4.41,154.55,9,3,16,0.5,0.142,-5.385,-2.991,EP3917529A1,2021,FOGHORN THERAPEUTICS INC
COc1cc(-c2cn(C)c(=O)c3c2CCN(C(=O)NCCOCCNc2ccc4c(c2)C(=O)N(C2CCC(=O)NC2=O)C4=O)C3)cc(OC)c1CN(C)C,COc1cc(-c2cn(C)c(=O)c3c2CCN([*:1])C3)cc(OC)c1CN(C)C,O=C(NCCOCCN[*:2])[*:1],O=C1CCC(N2C(=O)c3ccc([*:2])cc3C2=O)C(=O)N1,BRD9,CRBN,743.82,1.73,180.85,11,3,13,0.421,0.171,-5.562,-2.75,EP3917529A1,2021,FOGHORN THERAPEUTICS INC
COc1cc(-c2cn(C)c(=O)c3c2CCN(C(=O)NCCOCCNc2cccc4c2C(=O)N(C2CCC(=O)NC2=O)C4=O)C3)cc(OC)c1CN(C)C,COc1cc(-c2cn(C)c(=O)c3c2CCN([*:1])C3)cc(OC)c1CN(C)C,O=C(NCCOCCN[*:2])[*:1],O=C1CCC(N2C(=O)c3cccc([*:2])c3C2=O)C(=O)N1,BRD9,CRBN,743.82,1.73,180.85,11,3,13,0.421,0.171,-5.528,-2.9,EP3917529A1,2021,FOGHORN THERAPEUTICS INC
COc1cc(-c2cn(C)c(=O)c3c2CCN(C(=O)NCCOCCOCCNc2cccc4c2C(=O)N(C2CCC(=O)NC2=O)C4=O)C3)cc(OC)c1CN(C)C,COc1cc(-c2cn(C)c(=O)c3c2CCN([*:1])C3)cc(OC)c1CN(C)C,O=C(NCCOCCOCCN[*:2])[*:1],O=C1CCC(N2C(=O)c3cccc([*:2])c3C2=O)C(=O)N1,BRD9,CRBN,787.87,1.75,190.08,12,3,16,0.45,0.141,-5.442,-2.82,EP3917529A1,2021,FOGHORN THERAPEUTICS INC
COc1cc(-c2cn(C)c(=O)c3c2CCN(C(=O)NCCCCCNc2cccc4c2C(=O)N(C2CCC(=O)NC2=O)C4=O)C3)cc(OC)c1CN(C)C,COc1cc(-c2cn(C)c(=O)c3c2CCN([*:1])C3)cc(OC)c1CN(C)C,O=C(NCCCCCN[*:2])[*:1],O=C1CCC(N2C(=O)c3cccc([*:2])c3C2=O)C(=O)N1,BRD9,CRBN,741.85,2.88,171.62,10,3,13,0.436,0.175,-5.469,-3.222,EP3917529A1,2021,FOGHORN THERAPEUTICS INC
COc1cc(-c2cn(C)c(=O)c3c2CCN(C(=O)NCCCCCCCCNc2ccc4c(c2)C(=O)N(C2CCC(=O)NC2=O)C4=O)C3)cc(OC)c1CN(C)C,COc1cc(-c2cn(C)c(=O)c3c2CCN([*:1])C3)cc(OC)c1CN(C)C,O=C(NCCCCCCCCN[*:2])[*:1],O=C1CCC(N2C(=O)c3ccc([*:2])cc3C2=O)C(=O)N1,BRD9,CRBN,783.93,4.05,171.62,10,3,16,0.476,0.142,-5.348,-3.313,EP3917529A1,2021,FOGHORN THERAPEUTICS INC
COc1cc(-c2cn(C)c(=O)c3c2CCN(C(=O)NCCOCCOCCNc2cccc4c2CN(C2CCC(=O)NC2=O)C4=O)C3)cc(OC)c1CN(C)C,COc1cc(-c2cn(C)c(=O)c3c2CCN([*:1])C3)cc(OC)c1CN(C)C,O=C(NCCOCCOCCN[*:2])[*:1],O=C1CCC(N2Cc3c(cccc3[*:2])C2=O)C(=O)N1,BRD9,CRBN,773.89,2.11,173.01,11,3,16,0.475,0.144,-5.424,-2.523,EP3917529A1,2021,FOGHORN THERAPEUTICS INC
NC(=O)c1nn(-c2ccc(C(=O)NCCOCCOCCOCCNc3cccc4c3C(=O)N(C3CCC(=O)NC3=O)C4=O)cc2)cc1NC(=O)c1coc(-c2ccnc(NCC(F)(F)F)c2)n1,NC(=O)c1nn(-c2ccc([*:1])cc2)cc1NC(=O)c1coc(-c2ccnc(NCC(F)(F)F)c2)n1,O=C(NCCOCCOCCOCCN[*:2])[*:1],O=C1CCC(N2C(=O)c3cccc([*:2])c3C2=O)C(=O)N1,IRAK,CRBN,945.87,2.54,293.33,16,6,22,0.302,0.043,-5.372,-3.273,US10874743B2,2020,KYMERA THERAPEUTICS INC
CCC1C(COc2nccc3cc(C(=O)NCCOCCOCCOCCNc4cccc5c4C(=O)N(C4CCC(=O)NC4=O)C5=O)c(OC)cc23)NC(=O)C1F,CCC1C(COc2nccc3cc([*:1])c(OC)cc23)NC(=O)C1F,O=C(NCCOCCOCCOCCN[*:2])[*:1],O=C1CCC(N2C(=O)c3cccc([*:2])c3C2=O)C(=O)N1,IRAK,CRBN,792.82,1.78,212.82,13,4,20,0.462,0.095,-5.139,-3.305,US10874743B2,2020,KYMERA THERAPEUTICS INC
CCC1C(COc2nccc3cc(C(=O)NCCOCCOCCNc4cccc5c4C(=O)N(C4CCC(=O)NC4=O)C5=O)c(OC)cc23)NC(=O)C1F,CCC1C(COc2nccc3cc([*:1])c(OC)cc23)NC(=O)C1F,O=C(NCCOCCOCCN[*:2])[*:1],O=C1CCC(N2C(=O)c3cccc([*:2])c3C2=O)C(=O)N1,IRAK,CRBN,748.77,1.76,203.59,12,4,17,0.432,0.115,-5.12,-3.543,US10874743B2,2020,KYMERA THERAPEUTICS INC
Cc1ncsc1-c1ccc(CNC(=O)C2CC(O)CN2C(=O)C(NC(=O)COCCOCCOCCNC(=O)c2ccc(-n3cc(NC(=O)c4coc(-c5ccnc(NCC(F)(F)F)c5)n4)c(C(N)=O)n3)cc2)C(C)(C)C)cc1,NC(=O)c1nn(-c2ccc([*:1])cc2)cc1NC(=O)c1coc(-c2ccnc(NCC(F)(F)F)c2)n1,O=C(NCCOCCOCCOCC(=O)[*:2])[*:1],Cc1ncsc1-c1ccc(CNC(=O)C2CC(O)CN2C(=O)C(N[*:2])C(C)(C)C)cc1,IRAK,VHL,1117.18,4.27,309.38,17,7,25,0.385,0.039,-5.933,-3.533,US10874743B2,2020,KYMERA THERAPEUTICS INC
NC(=O)c1nn(-c2ccc(C(=O)NCCOCCOCCNc3cccc4c3CN(C3CCC(=O)NC3=O)C4=O)cc2)cc1NC(=O)c1coc(-c2ccnc(NCC(F)(F)F)c2)n1,NC(=O)c1nn(-c2ccc([*:1])cc2)cc1NC(=O)c1coc(-c2ccnc(NCC(F)(F)F)c2)n1,O=C(NCCOCCOCCN[*:2])[*:1],O=C1CCC(N2Cc3c(cccc3[*:2])C2=O)C(=O)N1,IRAK,CRBN,887.83,2.88,267.03,14,6,19,0.293,0.051,-5.512,-3.138,US10874743B2,2020,KYMERA THERAPEUTICS INC
NC(=O)c1nn(-c2ccc(C(=O)NCCOCCOCCNc3cccc4c3C(=O)N(C3CCC(=O)NC3=O)C4=O)cc2)cc1NC(=O)c1coc(-c2ccnc(NCC(F)(F)F)c2)n1,NC(=O)c1nn(-c2ccc([*:1])cc2)cc1NC(=O)c1coc(-c2ccnc(NCC(F)(F)F)c2)n1,O=C(NCCOCCOCCN[*:2])[*:1],O=C1CCC(N2C(=O)c3cccc([*:2])c3C2=O)C(=O)N1,IRAK,CRBN,901.82,2.52,284.1,15,6,19,0.268,0.051,-5.478,-3.64,US10874743B2,2020,KYMERA THERAPEUTICS INC
NC(=O)c1nn(-c2ccc(C(=O)NCCOCCNc3cccc4c3C(=O)N(C3CCC(=O)NC3=O)C4=O)cc2)cc1NC(=O)c1coc(-c2ccnc(NCC(F)(F)F)c2)n1,NC(=O)c1nn(-c2ccc([*:1])cc2)cc1NC(=O)c1coc(-c2ccnc(NCC(F)(F)F)c2)n1,O=C(NCCOCCN[*:2])[*:1],O=C1CCC(N2C(=O)c3cccc([*:2])c3C2=O)C(=O)N1,IRAK,CRBN,857.76,2.51,274.87,14,6,16,0.231,0.062,-5.547,-3.964,US10874743B2,2020,KYMERA THERAPEUTICS INC
NC(=O)c1nn(-c2ccc(C(=O)NCCCCCCCCNc3cccc4c3C(=O)N(C3CCC(=O)NC3=O)C4=O)cc2)cc1NC(=O)c1coc(-c2ccnc(NCC(F)(F)F)c2)n1,NC(=O)c1nn(-c2ccc([*:1])cc2)cc1NC(=O)c1coc(-c2ccnc(NCC(F)(F)F)c2)n1,O=C(NCCCCCCCCN[*:2])[*:1],O=C1CCC(N2C(=O)c3cccc([*:2])c3C2=O)C(=O)N1,IRAK,CRBN,897.87,4.83,265.64,13,6,19,0.302,0.048,-5.353,-5.477,US10874743B2,2020,KYMERA THERAPEUTICS INC
NC(=O)c1nn(-c2ccc(C(=O)NCCOCCOCCNc3cccc4c3C(=O)N(C3CCC(=O)NC3=O)C4=O)cc2)cc1NC(=O)c1coc(-c2ccnc(NCC3CC3)c2)n1,NC(=O)c1nn(-c2ccc([*:1])cc2)cc1NC(=O)c1coc(-c2ccnc(NCC3CC3)c2)n1,O=C(NCCOCCOCCN[*:2])[*:1],O=C1CCC(N2C(=O)c3cccc([*:2])c3C2=O)C(=O)N1,IRAK,CRBN,873.88,2.37,284.1,15,6,20,0.302,0.048,-5.604,-3.489,US10874743B2,2020,KYMERA THERAPEUTICS INC
NC(=O)c1nn(-c2ccc(C(=O)NCCOCCOCCNc3cccc4c3C(=O)N(C3CCC(=O)NC3=O)C4=O)cc2)cc1NC(=O)c1coc(-c2ccncc2)n1,NC(=O)c1nn(-c2ccc([*:1])cc2)cc1NC(=O)c1coc(-c2ccncc2)n1,O=C(NCCOCCOCCN[*:2])[*:1],O=C1CCC(N2C(=O)c3cccc([*:2])c3C2=O)C(=O)N1,IRAK,CRBN,804.78,1.55,272.07,14,5,17,0.231,0.066,-5.54,-3.1,US10874743B2,2020,KYMERA THERAPEUTICS INC
COc1cc(Nc2nc(NC3CCCCC3N)n3ccnc3c2C(N)=O)cc(OCCOCCOCCOCC(=O)NC(C(=O)N2CC(O)CC2C(=O)NCc2ccc(-c3scnc3C)cc2)C(C)(C)C)c1,COc1cc(Nc2nc(NC3CCCCC3N)n3ccnc3c2C(N)=O)cc([*:1])c1,O=C(COCCOCCOCCO[*:1])[*:2],Cc1ncsc1-c1ccc(CNC(=O)C2CC(O)CN2C(=O)C(N[*:2])C(C)(C)C)cc1,IRAK,VHL,1014.22,3.93,281.14,17,7,24,0.5,0.043,-5.916,-2.762,US10874743B2,2020,KYMERA THERAPEUTICS INC
COc1cc(Nc2nc(NC3CCCCC3N)n3ccnc3c2C(N)=O)cc(OC)c1OCCOCCOCCOCCOCC(=O)NC(C(=O)N1CC(O)CC1C(=O)NCc1ccc(-c2scnc2C)cc1)C(C)(C)C,COc1cc(Nc2nc(NC3CCCCC3N)n3ccnc3c2C(N)=O)cc(OC)c1[*:1],O=C(COCCOCCOCCOCCO[*:1])[*:2],Cc1ncsc1-c1ccc(CNC(=O)C2CC(O)CN2C(=O)C(N[*:2])C(C)(C)C)cc1,IRAK,VHL,1088.3,3.96,299.6,19,7,28,0.528,0.035,-5.949,-2.596,US10874743B2,2020,KYMERA THERAPEUTICS INC
COc1cc(Nc2nc(NC3CCCCC3N)n3ccnc3c2C(N)=O)cc(OC)c1OCCOCCOCCOCC(=O)NC(C(=O)N1CC(O)CC1C(=O)NCc1ccc(-c2scnc2C)cc1)C(C)(C)C,COc1cc(Nc2nc(NC3CCCCC3N)n3ccnc3c2C(N)=O)cc(OC)c1[*:1],O=C(COCCOCCOCCO[*:1])[*:2],Cc1ncsc1-c1ccc(CNC(=O)C2CC(O)CN2C(=O)C(N[*:2])C(C)(C)C)cc1,IRAK,VHL,1044.25,3.94,290.37,18,7,25,0.51,0.041,-5.935,-2.647,US10874743B2,2020,KYMERA THERAPEUTICS INC
COc1cc(Nc2nc(NC3CCCCC3N)n3ccnc3c2C(N)=O)cc(OC)c1OCCOCCOCCOCCNc1cccc2c1C(=O)N(C1CCC(=O)NC1=O)C2=O,COc1cc(Nc2nc(NC3CCCCC3N)n3ccnc3c2C(N)=O)cc(OC)c1[*:1],C(COCCOCCOCCO[*:1])N[*:2],O=C1CCC(N2C(=O)c3cccc([*:2])c3C2=O)C(=O)N1,IRAK,CRBN,872.94,2.21,274.32,17,6,22,0.452,0.049,-5.659,-2.579,US10874743B2,2020,KYMERA THERAPEUTICS INC
O=C1CCC(N2C(=O)c3cccc(NCCOCCNC(=O)c4ccc(-n5cc(NC(=O)c6coc(-c7ccnc(NCC8CC8)c7)n6)c(C(F)F)n5)cc4)c3C2=O)C(=O)N1,O=C(Nc1cn(-c2ccc([*:1])cc2)nc1C(F)F)c1coc(-c2ccnc(NCC3CC3)c2)n1,O=C(NCCOCCN[*:2])[*:1],O=C1CCC(N2C(=O)c3cccc([*:2])c3C2=O)C(=O)N1,IRAK,CRBN,836.81,4.19,231.78,13,5,17,0.293,0.065,-5.156,-4.767,US10874743B2,2020,KYMERA THERAPEUTICS INC
O=C1CCC(N2C(=O)c3cccc(NCCOCCOCCNC(=O)c4ccc(-n5cc(NC(=O)c6coc(-c7ccnc(NCC8CC8)c7)n6)c(C(F)(F)F)n5)cc4)c3C2=O)C(=O)N1,O=C(Nc1cn(-c2ccc([*:1])cc2)nc1C(F)(F)F)c1coc(-c2ccnc(NCC3CC3)c2)n1,O=C(NCCOCCOCCN[*:2])[*:1],O=C1CCC(N2C(=O)c3cccc([*:2])c3C2=O)C(=O)N1,IRAK,CRBN,898.86,4.29,241.01,14,5,19,0.326,0.057,-5.428,-5.033,US10874743B2,2020,KYMERA THERAPEUTICS INC
O=C1CCC(N2C(=O)c3cccc(NCCOCCOCCNC(=O)c4ccc(-n5cc(NC(=O)c6coc(-c7ccnc(NCC8CC8)c7)n6)c(C(F)F)n5)cc4)c3C2=O)C(=O)N1,O=C(Nc1cn(-c2ccc([*:1])cc2)nc1C(F)F)c1coc(-c2ccnc(NCC3CC3)c2)n1,O=C(NCCOCCOCCN[*:2])[*:1],O=C1CCC(N2C(=O)c3cccc([*:2])c3C2=O)C(=O)N1,IRAK,CRBN,880.87,4.21,241.01,14,5,20,0.326,0.054,-5.098,-4.102,US10874743B2,2020,KYMERA THERAPEUTICS INC
O=C1CCC(N2C(=O)c3cccc(NCCOCCOCCNC(=O)c4ccc(-n5cc(NC(=O)c6coc(-c7ccnc(NCC(F)(F)F)c7)n6)c(C(F)F)n5)cc4)c3C2=O)C(=O)N1,O=C(Nc1cn(-c2ccc([*:1])cc2)nc1C(F)F)c1coc(-c2ccnc(NCC(F)(F)F)c2)n1,O=C(NCCOCCOCCN[*:2])[*:1],O=C1CCC(N2C(=O)c3cccc([*:2])c3C2=O)C(=O)N1,IRAK,CRBN,908.8,4.36,241.01,14,5,19,0.293,0.044,-5.068,-4.201,US10874743B2,2020,KYMERA THERAPEUTICS INC
CC(C)(O)c1cc2nn(C3CCN(CC4CCN(c5ccc6c(c5)C(=O)N(C5CCC(=O)NC5=O)C6=O)CC4)CC3)cc2cc1NC(=O)c1cccc(C(F)(F)F)n1,CC(C)(O)c1cc2nn([*:1])cc2cc1NC(=O)c1cccc(C(F)(F)F)n1,C1CN([*:2])CCC1CN1CCC([*:1])CC1,O=C1CCC(N2C(=O)c3ccc([*:2])cc3C2=O)C(=O)N1,IRAK4,CRBN,800.84,4.88,170.07,10,3,8,0.439,0.209,-5.615,-4.796,CN115244042A,2022,SHANGHAI LINGTAI BIOMEDICAL TECHNOLOGY
COc1cc2nn(C3CCN(CC4CCN(c5ccc6c(c5)C(=O)N(C5CCC(=O)NC5=O)C6=O)CC4)CC3)cc2cc1NC(=O)c1cccc(C(F)(F)F)n1,COc1cc2nn([*:1])cc2cc1NC(=O)c1cccc(C(F)(F)F)n1,C1CN([*:2])CCC1CN1CCC([*:1])CC1,O=C1CCC(N2C(=O)c3ccc([*:2])cc3C2=O)C(=O)N1,IRAK4,CRBN,772.79,4.67,159.07,10,2,8,0.41,0.241,-5.633,-5.103,CN115244042A,2022,SHANGHAI LINGTAI BIOMEDICAL TECHNOLOGY
CS(=O)(=O)c1ccc(-c2cccc3nc(Nc4ccc(N5CCN(C(=O)CNc6ccc7c(c6)C(=O)N(C6CCC(=O)NC6=O)C7=O)CC5)cc4)nn23)cc1,CS(=O)(=O)c1ccc(-c2cccc3nc(Nc4ccc([*:1])cc4)nn23)cc1,O=C(CN[*:2])N1CCN([*:1])CC1,O=C1CCC(N2C(=O)c3ccc([*:2])cc3C2=O)C(=O)N1,JAK,CRBN,761.82,2.71,195.49,12,3,9,0.237,0.186,-5.823,-3.811,CN116323570A,2023,SHANGHAI CULLGEN INC
CS(=O)(=O)c1ccc(-c2cccc3nc(Nc4ccc(N5CCN(C(=O)CCOCCNc6ccc7c(c6)C(=O)N(C6CCC(=O)NC6=O)C7=O)CC5)cc4)nn23)cc1,CS(=O)(=O)c1ccc(-c2cccc3nc(Nc4ccc([*:1])cc4)nn23)cc1,O=C(CCOCCN[*:2])N1CCN([*:1])CC1,O=C1CCC(N2C(=O)c3ccc([*:2])cc3C2=O)C(=O)N1,JAK,CRBN,819.9,3.11,204.72,13,3,13,0.293,0.116,-5.803,-3.522,CN116323570A,2023,SHANGHAI CULLGEN INC
CS(=O)(=O)c1ccc(-c2cccc3nc(Nc4ccc(N5CCN(C(=O)CCCCNc6ccc7c(c6)C(=O)N(C6CCC(=O)NC6=O)C7=O)CC5)cc4)nn23)cc1,CS(=O)(=O)c1ccc(-c2cccc3nc(Nc4ccc([*:1])cc4)nn23)cc1,O=C(CCCCN[*:2])N1CCN([*:1])CC1,O=C1CCC(N2C(=O)c3ccc([*:2])cc3C2=O)C(=O)N1,JAK,CRBN,803.9,3.88,195.49,12,3,12,0.293,0.122,-5.603,-3.818,CN116323570A,2023,SHANGHAI CULLGEN INC
CS(=O)(=O)c1ccc(-c2cccc3nc(Nc4ccc(N5CCN(C(=O)CCOCCOCCOCCOCCNc6ccc7c(c6)C(=O)N(C6CCC(=O)NC6=O)C7=O)CC5)cc4)nn23)cc1,CS(=O)(=O)c1ccc(-c2cccc3nc(Nc4ccc([*:1])cc4)nn23)cc1,O=C(CCOCCOCCOCCOCCN[*:2])N1CCN([*:1])CC1,O=C1CCC(N2C(=O)c3ccc([*:2])cc3C2=O)C(=O)N1,JAK,CRBN,952.06,3.16,232.41,16,3,22,0.383,0.067,-5.627,-3.095,CN116323570A,2023,SHANGHAI CULLGEN INC
O=C1CCC(N2Cc3c(ccc(N4CCC(CN5CCC(n6cc7cc(NC(=O)c8cnn9cccnc89)c(N8CCN(CC(F)F)CC8)cc7n6)CC5)CC4)c3F)C2=O)C(=O)N1,O=C(Nc1cc2cn([*:1])nc2cc1N1CCN(CC(F)F)CC1)c1cnn2cccnc12,C1CN([*:2])CCC1CN1CCC([*:1])CC1,O=C1CCC(N2Cc3c(ccc([*:2])c3F)C2=O)C(=O)N1,IRAK-4,CRBN,866.95,4.17,156.55,11,2,10,0.477,0.195,-5.42,-4.373,WO2022266258A1,2022,YALE UNIVERSITY
O=C1CCC(N2Cc3ccc(N4CCC(CN5CCC(n6cc7cc(NC(=O)c8cnn9cccnc89)c(OCC8CC8)cc7n6)CC5)CC4)cc3C2=O)C(=O)N1,O=C(Nc1cc2cn([*:1])nc2cc1OCC1CC1)c1cnn2cccnc12,C1CN([*:2])CCC1CN1CCC([*:1])CC1,O=C1CCC(N2Cc3ccc([*:2])cc3C2=O)C(=O)N1,IRAK-4,CRBN,770.89,4.43,159.3,10,2,10,0.452,0.195,-5.371,-4.667,WO2022266258A1,2022,YALE UNIVERSITY
O=C1CCC(N2Cc3cc(N4CCC(CN5CCC(n6cc7cc(NC(=O)c8cnn9cccnc89)c(OCC(F)F)cc7n6)CC5)CC4)ccc3C2=O)C(=O)N1,O=C(Nc1cc2cn([*:1])nc2cc1OCC(F)F)c1cnn2cccnc12,C1CN([*:2])CCC1CN1CCC([*:1])CC1,O=C1CCC(N2Cc3cc([*:2])ccc3C2=O)C(=O)N1,IRAK-4,CRBN,780.84,4.29,159.3,10,2,10,0.425,0.196,-5.377,-4.228,WO2022266258A1,2022,YALE UNIVERSITY
O=C1CCC(N2C(=O)c3ccc(N4CC(F)(CN5CCC(N6Cc7cc(NC(=O)c8cnn9cccnc89)c(N8CCC(N9CCC9)CC8)cc7C6=O)CC5)C4)cc3C2=O)C(=O)N1,O=C(Nc1cc2c(cc1N1CCC(N3CCC3)CC1)C(=O)N([*:1])C2)c1cnn2cccnc12,FC1(CN2CCC([*:1])CC2)CN([*:2])C1,O=C1CCC(N2C(=O)c3ccc([*:2])cc3C2=O)C(=O)N1,IRAK-4,CRBN,857.95,2.71,176.11,12,2,9,0.467,0.236,-5.633,-3.565,WO2022266258A1,2022,YALE UNIVERSITY
CC(C)Oc1cc2c(cc1NC(=O)c1cnn3cccnc13)CN(C1CCN(CC3(F)CN(c4ccc5c(c4F)CN(C4CCC(=O)NC4=O)C5=O)C3)CC1)C2=O,CC(C)Oc1cc2c(cc1NC(=O)c1cnn3cccnc13)CN([*:1])C2=O,FC1(CN2CCC([*:1])CC2)CN([*:2])C1,O=C1CCC(N2Cc3c(ccc([*:2])c3F)C2=O)C(=O)N1,IRAK-4,CRBN,781.82,3.32,161.79,10,2,9,0.425,0.241,-5.549,-4.045,WO2022266258A1,2022,YALE UNIVERSITY
O=C1CCC(N2Cc3cc(N4CCC(CN5CCC(N6Cc7cc(NC(=O)c8cnn9cccnc89)c(N8CCC(N9CCC9)CC8)cc7C6=O)CC5)CC4)ccc3C2=O)C(=O)N1,O=C(Nc1cc2c(cc1N1CCC(N3CCC3)CC1)C(=O)N([*:1])C2)c1cnn2cccnc12,C1CN([*:2])CCC1CN1CCC([*:1])CC1,O=C1CCC(N2Cc3cc([*:2])ccc3C2=O)C(=O)N1,IRAK-4,CRBN,854.03,3.75,159.04,11,2,9,0.511,0.236,-5.405,-3.783,WO2022266258A1,2022,YALE UNIVERSITY
O=C1CCC(N2C(=O)c3ccc(N4CCC(CN5CCC(N6Cc7cc(NC(=O)c8cnn9cccnc89)c(N8CCN(CC(F)F)CC8)cc7C6=O)CC5)CC4)cc3C2=O)C(=O)N1,O=C(Nc1cc2c(cc1N1CCN(CC(F)F)CC1)C(=O)N([*:1])C2)c1cnn2cccnc12,C1CN([*:2])CCC1CN1CCC([*:1])CC1,O=C1CCC(N2C(=O)c3ccc([*:2])cc3C2=O)C(=O)N1,IRAK-4,CRBN,877.95,3.11,176.11,12,2,10,0.467,0.223,-5.479,-3.785,WO2022266258A1,2022,YALE UNIVERSITY
O=C1CCC(N2Cc3ccc(N4CCC(CN5CCC(N6Cc7cc(NC(=O)c8cnn9cccnc89)c(N8CCC(N9CCC9)CC8)cc7C6=O)CC5)CC4)cc3C2=O)C(=O)N1,O=C(Nc1cc2c(cc1N1CCC(N3CCC3)CC1)C(=O)N([*:1])C2)c1cnn2cccnc12,C1CN([*:2])CCC1CN1CCC([*:1])CC1,O=C1CCC(N2Cc3ccc([*:2])cc3C2=O)C(=O)N1,IRAK-4,CRBN,854.03,3.75,159.04,11,2,9,0.511,0.236,-5.405,-3.712,WO2022266258A1,2022,YALE UNIVERSITY
CC(C)Oc1cc2c(cc1NC(=O)c1cnn3cccnc13)CN(C1CCN(CC3CCN(c4ccc5c(c4)C(=O)N(C4CCC(=O)NC4=O)C5=O)CC3)CC1)C2=O,CC(C)Oc1cc2c(cc1NC(=O)c1cnn3cccnc13)CN([*:1])C2=O,C1CN([*:2])CCC1CN1CCC([*:1])CC1,O=C1CCC(N2C(=O)c3ccc([*:2])cc3C2=O)C(=O)N1,IRAK-4,CRBN,787.88,3.51,178.86,11,2,9,0.429,0.237,-5.62,-4.079,WO2022266258A1,2022,YALE UNIVERSITY
O=C1CCC(N2Cc3cc(N4CC(F)(CN5CCC(n6cc7cc(NC(=O)c8cnn9cccnc89)c(OCC8CC8)cc7n6)CC5)C4)c(F)cc3C2=O)C(=O)N1,O=C(Nc1cc2cn([*:1])nc2cc1OCC1CC1)c1cnn2cccnc12,FC1(CN2CCC([*:1])CC2)CN([*:2])C1,O=C1CCC(N2Cc3cc([*:2])c(F)cc3C2=O)C(=O)N1,IRAK-4,CRBN,778.82,3.89,159.3,10,2,10,0.425,0.199,-5.545,-4.814,WO2022266258A1,2022,YALE UNIVERSITY
O=C1CCC(N2C(=O)c3ccc(N4CC(N5CCC(N6Cc7cc(NC(=O)c8cnn9cccnc89)c(N8CCOCC8)nc7C6=O)CC5)C4)cc3C2=O)C(=O)N1,O=C(Nc1cc2c(nc1N1CCOCC1)C(=O)N([*:1])C2)c1cnn2cccnc12,C1CN(C2CN([*:2])C2)CCC1[*:1],O=C1CCC(N2C(=O)c3ccc([*:2])cc3C2=O)C(=O)N1,IRAK-4,CRBN,773.81,0.92,194.99,13,2,7,0.41,0.252,-5.482,-3.06,WO2022266258A1,2022,YALE UNIVERSITY
O=C1CCC(N2C(=O)c3ccc(N4CC(CN5CCC(N6Cc7cc(NC(=O)c8cnn9cccnc89)c(N8CCOCC8)nc7C6=O)CC5)C4)cc3C2=O)C(=O)N1,O=C(Nc1cc2c(nc1N1CCOCC1)C(=O)N([*:1])C2)c1cnn2cccnc12,C1CN(CC2CN([*:2])C2)CCC1[*:1],O=C1CCC(N2C(=O)c3ccc([*:2])cc3C2=O)C(=O)N1,IRAK-4,CRBN,787.84,1.17,194.99,13,2,8,0.425,0.242,-5.742,-3.171,WO2022266258A1,2022,YALE UNIVERSITY
O=C1CCC(N2Cc3cc(N4CC(N5CCC(N6Cc7cc(NC(=O)c8cnn9cccnc89)c(N8CCOCC8)nc7C6=O)CC5)C4)ccc3C2=O)C(=O)N1,O=C(Nc1cc2c(nc1N1CCOCC1)C(=O)N([*:1])C2)c1cnn2cccnc12,C1CN(C2CN([*:2])C2)CCC1[*:1],O=C1CCC(N2Cc3cc([*:2])ccc3C2=O)C(=O)N1,IRAK-4,CRBN,759.83,1.28,177.92,12,2,7,0.436,0.259,-5.396,-3.175,WO2022266258A1,2022,YALE UNIVERSITY
CC(C)Oc1nc2c(cc1NC(=O)c1cnn3cccnc13)CN(C1CCN(CC3CN(c4ccc5c(c4)CN(C4CCC(=O)NC4=O)C5=O)C3)CC1)C2=O,CC(C)Oc1nc2c(cc1NC(=O)c1cnn3cccnc13)CN([*:1])C2=O,C1CN(CC2CN([*:2])C2)CCC1[*:1],O=C1CCC(N2Cc3cc([*:2])ccc3C2=O)C(=O)N1,IRAK-4,CRBN,746.83,2.48,174.68,11,2,9,0.436,0.241,-5.725,-3.269,WO2022266258A1,2022,YALE UNIVERSITY
CC(C)Oc1nc2c(cc1NC(=O)c1cnn3cccnc13)CN(C1CCN(CC3CN(c4ccc5c(c4)C(=O)N(C4CCC(=O)NC4=O)C5=O)C3)CC1)C2=O,CC(C)Oc1nc2c(cc1NC(=O)c1cnn3cccnc13)CN([*:1])C2=O,C1CN(CC2CN([*:2])C2)CCC1[*:1],O=C1CCC(N2C(=O)c3ccc([*:2])cc3C2=O)C(=O)N1,IRAK-4,CRBN,760.81,2.12,191.75,12,2,9,0.41,0.237,-5.756,-3.32,WO2022266258A1,2022,YALE UNIVERSITY
CC(C)(O)c1cc2nn(C3CCN(CC4CCN(c5ccc6c(c5)CN(C5CCC(=O)NC5=O)C6=O)CC4)CC3)cc2cc1NC(=O)c1cnn2cccnc12,CC(C)(O)c1cc2nn([*:1])cc2cc1NC(=O)c1cnn2cccnc12,C1CN([*:2])CCC1CN1CCC([*:1])CC1,O=C1CCC(N2Cc3cc([*:2])ccc3C2=O)C(=O)N1,IRAK-4,CRBN,758.88,3.87,170.3,10,3,8,0.439,0.198,-5.625,-3.603,WO2022266258A1,2022,YALE UNIVERSITY
CC(C)(O)c1cc2nn(C3CCN(CC4CN(c5ccc6c(c5)CN(C5CCC(=O)NC5=O)C6=O)C4)CC3)cc2cc1NC(=O)c1cnn2cccnc12,CC(C)(O)c1cc2nn([*:1])cc2cc1NC(=O)c1cnn2cccnc12,C1CN(CC2CN([*:2])C2)CCC1[*:1],O=C1CCC(N2Cc3cc([*:2])ccc3C2=O)C(=O)N1,IRAK-4,CRBN,730.83,3.09,170.3,10,3,8,0.41,0.202,-5.817,-3.294,WO2022266258A1,2022,YALE UNIVERSITY
CC(C)(O)c1cc2nn(C3CCN(CC4CCN(c5ccc6c(c5)C(=O)N(C5CCC(=O)NC5=O)C6=O)CC4)CC3)cc2cc1NC(=O)c1cnn2cccnc12,CC(C)(O)c1cc2nn([*:1])cc2cc1NC(=O)c1cnn2cccnc12,C1CN([*:2])CCC1CN1CCC([*:1])CC1,O=C1CCC(N2C(=O)c3ccc([*:2])cc3C2=O)C(=O)N1,IRAK-4,CRBN,772.87,3.51,187.37,11,3,8,0.415,0.196,-5.633,-3.849,WO2022266258A1,2022,YALE UNIVERSITY
CC(C)(O)c1cc2nn(C3CCN(CC4CN(c5ccc6c(c5)C(=O)N(C5CCC(=O)NC5=O)C6=O)C4)CC3)cc2cc1NC(=O)c1cnn2cccnc12,CC(C)(O)c1cc2nn([*:1])cc2cc1NC(=O)c1cnn2cccnc12,C1CN(CC2CN([*:2])C2)CCC1[*:1],O=C1CCC(N2C(=O)c3ccc([*:2])cc3C2=O)C(=O)N1,IRAK-4,CRBN,744.81,2.73,187.37,11,3,8,0.385,0.198,-5.84,-3.446,WO2022266258A1,2022,YALE UNIVERSITY
O=C1CCC(N2Cc3cc(N4CC(N5CCC(n6cc7cc(NC(=O)c8cnn9cccnc89)c(OCC8CC8)cc7n6)CC5)C4)ccc3C2=O)C(=O)N1,O=C(Nc1cc2cn([*:1])nc2cc1OCC1CC1)c1cnn2cccnc12,C1CN(C2CN([*:2])C2)CCC1[*:1],O=C1CCC(N2Cc3cc([*:2])ccc3C2=O)C(=O)N1,IRAK-4,CRBN,728.81,3.41,159.3,10,2,9,0.41,0.216,-5.437,-3.925,WO2022266258A1,2022,YALE UNIVERSITY
CC(C)Oc1cc2c(cc1NC(=O)c1cnn3cccnc13)CN(C1CCN(CC3(F)CN(c4ccc5c(c4)CN(C4CCC(=O)NC4=O)C5=O)C3)CC1)C2=O,CC(C)Oc1cc2c(cc1NC(=O)c1cnn3cccnc13)CN([*:1])C2=O,FC1(CN2CCC([*:1])CC2)CN([*:2])C1,O=C1CCC(N2Cc3cc([*:2])ccc3C2=O)C(=O)N1,IRAK-4,CRBN,763.83,3.18,161.79,10,2,9,0.425,0.243,-5.409,-3.806,WO2022266258A1,2022,YALE UNIVERSITY
O=C1CCC(N2Cc3cc(N4CC(F)(CN5CCC(n6cc7cc(NC(=O)c8cnn9cccnc89)c(OCC8CC8)cc7n6)CC5)C4)ccc3C2=O)C(=O)N1,O=C(Nc1cc2cn([*:1])nc2cc1OCC1CC1)c1cnn2cccnc12,FC1(CN2CCC([*:1])CC2)CN([*:2])C1,O=C1CCC(N2Cc3cc([*:2])ccc3C2=O)C(=O)N1,IRAK-4,CRBN,760.83,3.75,159.3,10,2,10,0.425,0.201,-5.513,-4.332,WO2022266258A1,2022,YALE UNIVERSITY
COc1cc2nn(C3CCN(CC4(F)CN(c5ccc6c(c5)CN(C5CCC(=O)NC5=O)C6=O)C4)CC3)cc2cc1NC(=O)c1cnn2cccnc12,COc1cc2nn([*:1])cc2cc1NC(=O)c1cnn2cccnc12,FC1(CN2CCC([*:1])CC2)CN([*:2])C1,O=C1CCC(N2Cc3cc([*:2])ccc3C2=O)C(=O)N1,IRAK-4,CRBN,720.77,2.97,159.3,10,2,8,0.378,0.228,-5.602,-3.663,WO2022266258A1,2022,YALE UNIVERSITY
CC(C)Oc1cc2nn(C3CCN(CC4(F)CN(c5cccc6c5C(=O)N(C5CCC(=O)NC5=O)C6=O)C4)CC3)cc2cc1NC(=O)c1cnn2cccnc12,CC(C)Oc1cc2nn([*:1])cc2cc1NC(=O)c1cnn2cccnc12,FC1(CN2CCC([*:1])CC2)CN([*:2])C1,O=C1CCC(N2C(=O)c3cccc([*:2])c3C2=O)C(=O)N1,IRAK-4,CRBN,762.8,3.39,176.37,11,2,9,0.385,0.211,-5.391,-4.614,WO2022266258A1,2022,YALE UNIVERSITY
O=C1CCC(N2C(=O)c3cccc(N4CC(F)(CN5CCC(n6cc7cc(NC(=O)c8cnn9cccnc89)c(OCC8CC8)cc7n6)CC5)C4)c3C2=O)C(=O)N1,O=C(Nc1cc2cn([*:1])nc2cc1OCC1CC1)c1cnn2cccnc12,FC1(CN2CCC([*:1])CC2)CN([*:2])C1,O=C1CCC(N2C(=O)c3cccc([*:2])c3C2=O)C(=O)N1,IRAK-4,CRBN,774.81,3.39,176.37,11,2,10,0.4,0.199,-5.543,-4.701,WO2022266258A1,2022,YALE UNIVERSITY
CC(C)Oc1cc2nn(C3CCN(CC4(F)CN(c5ccc6c(c5)C(=O)N(C5CCC(=O)NC5=O)C6=O)C4)CC3)cc2cc1NC(=O)c1cnn2cccnc12,CC(C)Oc1cc2nn([*:1])cc2cc1NC(=O)c1cnn2cccnc12,FC1(CN2CCC([*:1])CC2)CN([*:2])C1,O=C1CCC(N2C(=O)c3ccc([*:2])cc3C2=O)C(=O)N1,IRAK-4,CRBN,762.8,3.39,176.37,11,2,9,0.385,0.211,-5.446,-4.045,WO2022266258A1,2022,YALE UNIVERSITY
CN1CC(Oc2cc3nn(C4CCN(CC5(F)CN(c6ccc7c(c6)C(=O)N(C6CCC(=O)NC6=O)C7=O)C5)CC4)cc3cc2NC(=O)c2cnn3cccnc23)C1,CN1CC(Oc2cc3nn([*:1])cc3cc2NC(=O)c2cnn3cccnc23)C1,FC1(CN2CCC([*:1])CC2)CN([*:2])C1,O=C1CCC(N2C(=O)c3ccc([*:2])cc3C2=O)C(=O)N1,IRAK-4,CRBN,789.83,2.29,179.61,12,2,9,0.4,0.209,-5.685,-3.537,WO2022266258A1,2022,YALE UNIVERSITY
O=C1CCC(N2C(=O)c3ccc(N4CC(F)(CN5CCC(n6cc7cc(NC(=O)c8cnn9cc(Cl)cnc89)c(OCC8CC8)cc7n6)CC5)C4)cc3C2=O)C(=O)N1,O=C(Nc1cc2cn([*:1])nc2cc1OCC1CC1)c1cnn2cc(Cl)cnc12,FC1(CN2CCC([*:1])CC2)CN([*:2])C1,O=C1CCC(N2C(=O)c3ccc([*:2])cc3C2=O)C(=O)N1,IRAK-4,CRBN,809.26,4.04,176.37,11,2,10,0.4,0.195,-5.375,-5.88,WO2022266258A1,2022,YALE UNIVERSITY
O=C1CCC(N2C(=O)c3ccc(N4CC(F)(CN5CCC(n6cc7cc(NC(=O)c8cnn9cccnc89)c(OCC8CC8)cc7n6)CC5)C4)cc3C2=O)C(=O)N1,O=C(Nc1cc2cn([*:1])nc2cc1OCC1CC1)c1cnn2cccnc12,FC1(CN2CCC([*:1])CC2)CN([*:2])C1,O=C1CCC(N2C(=O)c3ccc([*:2])cc3C2=O)C(=O)N1,IRAK-4,CRBN,774.81,3.39,176.37,11,2,10,0.4,0.199,-5.577,-4.514,WO2022266258A1,2022,YALE UNIVERSITY
O=C1CCC(N2Cc3c(ccc(N4CC(F)(CN5CCC(n6cc7cc(NC(=O)c8cnn9cccnc89)c(OCC(F)F)cc7n6)CC5)C4)c3F)C2=O)C(=O)N1,O=C(Nc1cc2cn([*:1])nc2cc1OCC(F)F)c1cnn2cccnc12,FC1(CN2CCC([*:1])CC2)CN([*:2])C1,O=C1CCC(N2Cc3c(ccc([*:2])c3F)C2=O)C(=O)N1,IRAK-4,CRBN,788.76,3.74,159.3,10,2,10,0.395,0.158,-5.564,-3.881,WO2022266258A1,2022,YALE UNIVERSITY
O=C1CCC(N2Cc3c(ccc(N4CC(F)(CN5CCC(n6cc7cc(NC(=O)c8cnn9cccnc89)c(OCC8CC8)cc7n6)CC5)C4)c3F)C2=O)C(=O)N1,O=C(Nc1cc2cn([*:1])nc2cc1OCC1CC1)c1cnn2cccnc12,FC1(CN2CCC([*:1])CC2)CN([*:2])C1,O=C1CCC(N2Cc3c(ccc([*:2])c3F)C2=O)C(=O)N1,IRAK-4,CRBN,778.82,3.89,159.3,10,2,10,0.425,0.199,-5.573,-4.742,WO2022266258A1,2022,YALE UNIVERSITY
O=C1CCC(N2Cc3ccc(N4CC(F)(CN5CCC(n6cc7cc(NC(=O)c8cnn9cccnc89)c(OCC8CC8)cc7n6)CC5)C4)cc3C2=O)C(=O)N1,O=C(Nc1cc2cn([*:1])nc2cc1OCC1CC1)c1cnn2cccnc12,FC1(CN2CCC([*:1])CC2)CN([*:2])C1,O=C1CCC(N2Cc3ccc([*:2])cc3C2=O)C(=O)N1,IRAK-4,CRBN,760.83,3.75,159.3,10,2,10,0.425,0.201,-5.513,-4.391,WO2022266258A1,2022,YALE UNIVERSITY
O=C1CCC(N2C(=O)c3ccc(N4CC(CN5CCC(n6cc7cc(NC(=O)c8cnn9cccnc89)c(OCC(F)F)cc7n6)CC5)C4)cc3C2=O)C(=O)N1,O=C(Nc1cc2cn([*:1])nc2cc1OCC(F)F)c1cnn2cccnc12,C1CN(CC2CN([*:2])C2)CCC1[*:1],O=C1CCC(N2C(=O)c3ccc([*:2])cc3C2=O)C(=O)N1,IRAK-4,CRBN,766.77,3.15,176.37,11,2,10,0.368,0.2,-5.647,-3.67,WO2022266258A1,2022,YALE UNIVERSITY
O=C1CCC(N2C(=O)c3ccc(N4CC(F)(CN5CCC(n6cc7cc(NC(=O)c8cnn9cccnc89)c(OCC(F)F)cc7n6)CC5)C4)cc3C2=O)C(=O)N1,O=C(Nc1cc2cn([*:1])nc2cc1OCC(F)F)c1cnn2cccnc12,FC1(CN2CCC([*:1])CC2)CN([*:2])C1,O=C1CCC(N2C(=O)c3ccc([*:2])cc3C2=O)C(=O)N1,IRAK-4,CRBN,784.76,3.24,176.37,11,2,10,0.368,0.199,-5.47,-3.932,WO2022266258A1,2022,YALE UNIVERSITY
O=C1CCC(N2C(=O)c3cc(F)c(N4CC(F)(CN5CCC(n6cc7cc(NC(=O)c8cnn9cccnc89)c(OCC8CC8)cc7n6)CC5)C4)cc3C2=O)C(=O)N1,O=C(Nc1cc2cn([*:1])nc2cc1OCC1CC1)c1cnn2cccnc12,FC1(CN2CCC([*:1])CC2)CN([*:2])C1,O=C1CCC(N2C(=O)c3cc(F)c([*:2])cc3C2=O)C(=O)N1,IRAK-4,CRBN,792.8,3.53,176.37,11,2,10,0.4,0.198,-5.552,-4.786,WO2022266258A1,2022,YALE UNIVERSITY
O=C1CCC(N2C(=O)c3cc(F)c(N4CC(CN5CCC(n6cc7cc(NC(=O)c8cnn9cccnc89)c(OCC8CC8)cc7n6)CC5)C4)cc3C2=O)C(=O)N1,O=C(Nc1cc2cn([*:1])nc2cc1OCC1CC1)c1cnn2cccnc12,C1CN(CC2CN([*:2])C2)CCC1[*:1],O=C1CCC(N2C(=O)c3cc(F)c([*:2])cc3C2=O)C(=O)N1,IRAK-4,CRBN,774.81,3.43,176.37,11,2,10,0.4,0.199,-5.668,-4.595,WO2022266258A1,2022,YALE UNIVERSITY
O=C1CCC(N2Cc3cc(N4CC(F)(CN5CCC(n6cc7cc(NC(=O)c8cnn9cccnc89)c(OC8CCC8)cc7n6)CC5)C4)ccc3C2=O)C(=O)N1,O=C(Nc1cc2cn([*:1])nc2cc1OC1CCC1)c1cnn2cccnc12,FC1(CN2CCC([*:1])CC2)CN([*:2])C1,O=C1CCC(N2Cc3cc([*:2])ccc3C2=O)C(=O)N1,IRAK-4,CRBN,760.83,3.89,159.3,10,2,9,0.425,0.211,-5.433,-4.643,WO2022266258A1,2022,YALE UNIVERSITY
COc1cc2nn(C3CCN(CC4(F)CN(c5ccc6c(c5)C(=O)N(C5CCC(=O)NC5=O)C6=O)C4)CC3)cc2cc1NC(=O)c1cnn2cccnc12,COc1cc2nn([*:1])cc2cc1NC(=O)c1cnn2cccnc12,FC1(CN2CCC([*:1])CC2)CN([*:2])C1,O=C1CCC(N2C(=O)c3ccc([*:2])cc3C2=O)C(=O)N1,IRAK-4,CRBN,734.75,2.61,176.37,11,2,8,0.351,0.224,-5.617,-3.772,WO2022266258A1,2022,YALE UNIVERSITY
COc1cc2nn(C3CCN(C4CN(c5ccc6c(c5)C(=O)N(C5CCC(=O)NC5=O)C6=O)C4)CC3)cc2cc1NC(=O)c1cnn2cccnc12,COc1cc2nn([*:1])cc2cc1NC(=O)c1cnn2cccnc12,C1CN(C2CN([*:2])C2)CCC1[*:1],O=C1CCC(N2C(=O)c3ccc([*:2])cc3C2=O)C(=O)N1,IRAK-4,CRBN,702.73,2.27,176.37,11,2,7,0.333,0.238,-5.656,-3.473,WO2022266258A1,2022,YALE UNIVERSITY
COc1cc2nn(C3CCN(CC4CN(c5ccc6c(c5)C(=O)N(C5CCC(=O)NC5=O)C6=O)C4)CC3)cc2cc1NC(=O)c1cnn2cccnc12,COc1cc2nn([*:1])cc2cc1NC(=O)c1cnn2cccnc12,C1CN(CC2CN([*:2])C2)CCC1[*:1],O=C1CCC(N2C(=O)c3ccc([*:2])cc3C2=O)C(=O)N1,IRAK-4,CRBN,716.76,2.51,176.37,11,2,8,0.351,0.226,-5.847,-3.617,WO2022266258A1,2022,YALE UNIVERSITY
COc1cc2nn(C3CCN(CC4CCN(c5ccc6c(c5)C(=O)N(C5CCC(=O)NC5=O)C6=O)CC4)CC3)cc2cc1NC(=O)c1cnn2cccnc12,COc1cc2nn([*:1])cc2cc1NC(=O)c1cnn2cccnc12,C1CN([*:2])CCC1CN1CCC([*:1])CC1,O=C1CCC(N2C(=O)c3ccc([*:2])cc3C2=O)C(=O)N1,IRAK-4,CRBN,744.81,3.29,176.37,11,2,8,0.385,0.223,-5.671,-4.167,WO2022266258A1,2022,YALE UNIVERSITY
O=C1CCC(N2C(=O)c3ccc(N4CC(F)(CN5CCC(n6cc7cc(NC(=O)c8cnn9cccnc89)c(C8CC8)cc7n6)CC5)C4)cc3C2=O)C(=O)N1,O=C(Nc1cc2cn([*:1])nc2cc1C1CC1)c1cnn2cccnc12,FC1(CN2CCC([*:1])CC2)CN([*:2])C1,O=C1CCC(N2C(=O)c3ccc([*:2])cc3C2=O)C(=O)N1,IRAK-4,CRBN,744.79,3.48,167.14,10,2,8,0.385,0.225,-5.448,-3.986,WO2022266258A1,2022,YALE UNIVERSITY
O=C1CCC(N2C(=O)c3ccc(N4CC(CN5CCC(n6cc7cc(NC(=O)c8cnn9cccnc89)c(OC8CCC8)cc7n6)CC5)C4)cc3C2=O)C(=O)N1,O=C(Nc1cc2cn([*:1])nc2cc1OC1CCC1)c1cnn2cccnc12,C1CN(CC2CN([*:2])C2)CCC1[*:1],O=C1CCC(N2C(=O)c3ccc([*:2])cc3C2=O)C(=O)N1,IRAK-4,CRBN,756.82,3.44,176.37,11,2,9,0.4,0.211,-5.662,-4.42,WO2022266258A1,2022,YALE UNIVERSITY
O=C1CCC(N2C(=O)c3ccc(N4CC(F)(CN5CCC(n6cc7cc(NC(=O)c8cnn9cccnc89)c(OC8CCC8)cc7n6)CC5)C4)cc3C2=O)C(=O)N1,O=C(Nc1cc2cn([*:1])nc2cc1OC1CCC1)c1cnn2cccnc12,FC1(CN2CCC([*:1])CC2)CN([*:2])C1,O=C1CCC(N2C(=O)c3ccc([*:2])cc3C2=O)C(=O)N1,IRAK-4,CRBN,774.81,3.53,176.37,11,2,9,0.4,0.21,-5.453,-4.8,WO2022266258A1,2022,YALE UNIVERSITY
CC(C)Oc1cc2nn(C3CCN(CC4(F)CN(c5ccc6c(c5)CN(C5CCC(=O)NC5=O)C6=O)C4)CC3)cc2cc1NC(=O)c1cnn2cccnc12,CC(C)Oc1cc2nn([*:1])cc2cc1NC(=O)c1cnn2cccnc12,FC1(CN2CCC([*:1])CC2)CN([*:2])C1,O=C1CCC(N2Cc3cc([*:2])ccc3C2=O)C(=O)N1,IRAK-4,CRBN,748.82,3.74,159.3,10,2,9,0.41,0.213,-5.41,-4.174,WO2022266258A1,2022,YALE UNIVERSITY
CC(C)Oc1cc2nn(C3CCN(CC4(F)CN(c5cc6c(cc5F)C(=O)N(C5CCC(=O)NC5=O)C6=O)C4)CC3)cc2cc1NC(=O)c1cnn2cccnc12,CC(C)Oc1cc2nn([*:1])cc2cc1NC(=O)c1cnn2cccnc12,FC1(CN2CCC([*:1])CC2)CN([*:2])C1,O=C1CCC(N2C(=O)c3cc(F)c([*:2])cc3C2=O)C(=O)N1,IRAK-4,CRBN,780.79,3.52,176.37,11,2,9,0.385,0.209,-5.441,-4.394,WO2022266258A1,2022,YALE UNIVERSITY
CC(C)Oc1cc2nn(C3CCN(CC4CN(c5ccc6c(c5)C(=O)N(C5CCC(=O)NC5=O)C6=O)C4)CC3)cc2cc1NC(=O)c1cnn2cccnc12,CC(C)Oc1cc2nn([*:1])cc2cc1NC(=O)c1cnn2cccnc12,C1CN(CC2CN([*:2])C2)CCC1[*:1],O=C1CCC(N2C(=O)c3ccc([*:2])cc3C2=O)C(=O)N1,IRAK-4,CRBN,744.81,3.29,176.37,11,2,9,0.385,0.212,-5.751,-3.562,WO2022266258A1,2022,YALE UNIVERSITY
O=C1CCC(N2C(=O)c3ccc(N4CCC(CN5CCC(n6cc7cc(NC(=O)c8cnn9cccnc89)c(C8CC8)cc7n6)CC5)CC4)cc3C2=O)C(=O)N1,O=C(Nc1cc2cn([*:1])nc2cc1C1CC1)c1cnn2cccnc12,C1CN([*:2])CCC1CN1CCC([*:1])CC1,O=C1CCC(N2C(=O)c3ccc([*:2])cc3C2=O)C(=O)N1,IRAK-4,CRBN,754.85,4.16,167.14,10,2,8,0.415,0.22,-5.475,-4.747,WO2022266258A1,2022,YALE UNIVERSITY
O=C1CCC(N2C(=O)c3ccc(N4CC(CN5CCC(n6cc7cc(NC(=O)c8cnn9cccnc89)c(C8CC8)cc7n6)CC5)C4)cc3C2=O)C(=O)N1,O=C(Nc1cc2cn([*:1])nc2cc1C1CC1)c1cnn2cccnc12,C1CN(CC2CN([*:2])C2)CCC1[*:1],O=C1CCC(N2C(=O)c3ccc([*:2])cc3C2=O)C(=O)N1,IRAK-4,CRBN,726.8,3.38,167.14,10,2,8,0.385,0.226,-5.759,-3.514,WO2022266258A1,2022,YALE UNIVERSITY
O=C1CCC(N2C(=O)c3ccc(N4CCC(CN5CCC(n6cc7cc(NC(=O)c8cnn9cccnc89)c(OCC8CC8)cc7n6)CC5)CC4)cc3C2=O)C(=O)N1,O=C(Nc1cc2cn([*:1])nc2cc1OCC1CC1)c1cnn2cccnc12,C1CN([*:2])CCC1CN1CCC([*:1])CC1,O=C1CCC(N2C(=O)c3ccc([*:2])cc3C2=O)C(=O)N1,IRAK-4,CRBN,784.88,4.07,176.37,11,2,10,0.429,0.195,-5.416,-4.817,WO2022266258A1,2022,YALE UNIVERSITY
O=C1CCC(N2C(=O)c3ccc(N4CC(CN5CCC(n6cc7cc(NC(=O)c8cnn9cc(Cl)cnc89)c(OCC8CC8)cc7n6)CC5)C4)cc3C2=O)C(=O)N1,O=C(Nc1cc2cn([*:1])nc2cc1OCC1CC1)c1cnn2cc(Cl)cnc12,C1CN(CC2CN([*:2])C2)CCC1[*:1],O=C1CCC(N2C(=O)c3ccc([*:2])cc3C2=O)C(=O)N1,IRAK-4,CRBN,791.27,3.95,176.37,11,2,10,0.4,0.196,-5.563,-5.735,WO2022266258A1,2022,YALE UNIVERSITY
O=C1CCC(N2C(=O)c3ccc(N4CC(N5CCC(n6cc7cc(NC(=O)c8cnn9cccnc89)c(OCC8CC8)cc7n6)CC5)C4)cc3C2=O)C(=O)N1,O=C(Nc1cc2cn([*:1])nc2cc1OCC1CC1)c1cnn2cccnc12,C1CN(C2CN([*:2])C2)CCC1[*:1],O=C1CCC(N2C(=O)c3ccc([*:2])cc3C2=O)C(=O)N1,IRAK-4,CRBN,742.8,3.05,176.37,11,2,9,0.385,0.212,-5.552,-3.888,WO2022266258A1,2022,YALE UNIVERSITY
O=C1CCC(N2C(=O)c3ccc(N4CC(CN5CCC(n6cc7cc(NC(=O)c8cnn9cccnc89)c(OCC8CC8)cc7n6)CC5)C4)cc3C2=O)C(=O)N1,O=C(Nc1cc2cn([*:1])nc2cc1OCC1CC1)c1cnn2cccnc12,C1CN(CC2CN([*:2])C2)CCC1[*:1],O=C1CCC(N2C(=O)c3ccc([*:2])cc3C2=O)C(=O)N1,IRAK-4,CRBN,756.82,3.29,176.37,11,2,10,0.4,0.2,-5.751,-4.09,WO2022266258A1,2022,YALE UNIVERSITY
O=C1CCC(N2C(=O)c3ccc(N4CCC(CN5CCC(n6cc7cc(NC(=O)c8cnn9cccnc89)c(N8CCN(CC(F)F)CC8)cc7n6)CC5)CC4)cc3C2=O)C(=O)N1,O=C(Nc1cc2cn([*:1])nc2cc1N1CCN(CC(F)F)CC1)c1cnn2cccnc12,C1CN([*:2])CCC1CN1CCC([*:1])CC1,O=C1CCC(N2C(=O)c3ccc([*:2])cc3C2=O)C(=O)N1,IRAK-4,CRBN,862.94,3.67,173.62,12,2,10,0.455,0.196,-5.397,-4.298,WO2022266258A1,2022,YALE UNIVERSITY
O=C1CCC(N2Cc3cc(N4CCC(CN5CCC(n6cc7cc(NC(=O)c8cnn9cccnc89)c(N8CCN(CC(F)F)CC8)cc7n6)CC5)CC4)ccc3C2=O)C(=O)N1,O=C(Nc1cc2cn([*:1])nc2cc1N1CCN(CC(F)F)CC1)c1cnn2cccnc12,C1CN([*:2])CCC1CN1CCC([*:1])CC1,O=C1CCC(N2Cc3cc([*:2])ccc3C2=O)C(=O)N1,IRAK-4,CRBN,848.96,4.03,156.55,11,2,10,0.477,0.196,-5.382,-4.161,WO2022266258A1,2022,YALE UNIVERSITY
O=C1CCC(N2Cc3ccc(N4CCC(CN5CCC(n6cc7cc(NC(=O)c8cnn9cccnc89)c(OCC(F)F)cc7n6)CC5)CC4)cc3C2=O)C(=O)N1,O=C(Nc1cc2cn([*:1])nc2cc1OCC(F)F)c1cnn2cccnc12,C1CN([*:2])CCC1CN1CCC([*:1])CC1,O=C1CCC(N2Cc3ccc([*:2])cc3C2=O)C(=O)N1,IRAK-4,CRBN,780.84,4.29,159.3,10,2,10,0.425,0.196,-5.377,-4.24,WO2022266258A1,2022,YALE UNIVERSITY
O=C1CCC(N2Cc3c(ccc(N4CCC(CN5CCC(n6cc7cc(NC(=O)c8cnn9cccnc89)c(OCC(F)F)cc7n6)CC5)CC4)c3F)C2=O)C(=O)N1,O=C(Nc1cc2cn([*:1])nc2cc1OCC(F)F)c1cnn2cccnc12,C1CN([*:2])CCC1CN1CCC([*:1])CC1,O=C1CCC(N2Cc3c(ccc([*:2])c3F)C2=O)C(=O)N1,IRAK-4,CRBN,798.83,4.43,159.3,10,2,10,0.425,0.194,-5.406,-4.537,WO2022266258A1,2022,YALE UNIVERSITY
O=C1CCC(N2Cc3c(ccc(N4CCC(CN5CCC(n6cc7cc(NC(=O)c8cnn9cccnc89)c(OCC8CC8)cc7n6)CC5)CC4)c3F)C2=O)C(=O)N1,O=C(Nc1cc2cn([*:1])nc2cc1OCC1CC1)c1cnn2cccnc12,C1CN([*:2])CCC1CN1CCC([*:1])CC1,O=C1CCC(N2Cc3c(ccc([*:2])c3F)C2=O)C(=O)N1,IRAK-4,CRBN,788.88,4.57,159.3,10,2,10,0.452,0.192,-5.396,-5.153,WO2022266258A1,2022,YALE UNIVERSITY
CN1CC(Oc2cc3nn(C4CCN(CC5CCN(c6ccc7c(c6)C(=O)N(C6CCC(=O)NC6=O)C7=O)CC5)CC4)cc3cc2NC(=O)c2cnn3cccnc23)C1,CN1CC(Oc2cc3nn([*:1])cc3cc2NC(=O)c2cnn3cccnc23)C1,C1CN([*:2])CCC1CN1CCC([*:1])CC1,O=C1CCC(N2C(=O)c3ccc([*:2])cc3C2=O)C(=O)N1,IRAK-4,CRBN,799.89,2.98,179.61,12,2,9,0.429,0.209,-5.596,-3.597,WO2022266258A1,2022,YALE UNIVERSITY
CN1CC(Oc2cc3nn(C4CCN(CC5CN(c6ccc7c(c6)C(=O)N(C6CCC(=O)NC6=O)C7=O)C5)CC4)cc3cc2NC(=O)c2cnn3cccnc23)C1,CN1CC(Oc2cc3nn([*:1])cc3cc2NC(=O)c2cnn3cccnc23)C1,C1CN(CC2CN([*:2])C2)CCC1[*:1],O=C1CCC(N2C(=O)c3ccc([*:2])cc3C2=O)C(=O)N1,IRAK-4,CRBN,771.84,2.2,179.61,12,2,9,0.4,0.209,-5.725,-3.335,WO2022266258A1,2022,YALE UNIVERSITY
O=C1CCC(N2C(=O)c3ccc(N4CCC(CN5CCC(n6cc7cc(NC(=O)c8cnn9cccnc89)c(OCC(F)F)cc7n6)CC5)CC4)cc3C2=O)C(=O)N1,O=C(Nc1cc2cn([*:1])nc2cc1OCC(F)F)c1cnn2cccnc12,C1CN([*:2])CCC1CN1CCC([*:1])CC1,O=C1CCC(N2C(=O)c3ccc([*:2])cc3C2=O)C(=O)N1,IRAK-4,CRBN,794.82,3.93,176.37,11,2,10,0.4,0.196,-5.406,-4.34,WO2022266258A1,2022,YALE UNIVERSITY
COc1cc2nn(C3CCN(CC4CN(c5ccc6c(c5)CN(C5CCC(=O)NC5=O)C6=O)C4)CC3)cc2cc1NC(=O)c1cnn2cccnc12,COc1cc2nn([*:1])cc2cc1NC(=O)c1cnn2cccnc12,C1CN(CC2CN([*:2])C2)CCC1[*:1],O=C1CCC(N2Cc3cc([*:2])ccc3C2=O)C(=O)N1,IRAK-4,CRBN,702.78,2.87,159.3,10,2,8,0.378,0.23,-5.832,-3.47,WO2022266258A1,2022,YALE UNIVERSITY
COc1cc2nn(C3CCN(CC4CCN(c5ccc6c(c5)CN(C5CCC(=O)NC5=O)C6=O)CC4)CC3)cc2cc1NC(=O)c1cnn2cccnc12,COc1cc2nn([*:1])cc2cc1NC(=O)c1cnn2cccnc12,C1CN([*:2])CCC1CN1CCC([*:1])CC1,O=C1CCC(N2Cc3cc([*:2])ccc3C2=O)C(=O)N1,IRAK-4,CRBN,730.83,3.65,159.3,10,2,8,0.41,0.226,-5.609,-3.945,WO2022266258A1,2022,YALE UNIVERSITY
CC(C)Oc1cc2nn(C3CCN(CC4CCN(c5ccc6c(c5)C(=O)N(C5CCC(=O)NC5=O)C6=O)CC4)CC3)cc2cc1NC(=O)c1cnn2cccnc12,CC(C)Oc1cc2nn([*:1])cc2cc1NC(=O)c1cnn2cccnc12,C1CN([*:2])CCC1CN1CCC([*:1])CC1,O=C1CCC(N2C(=O)c3ccc([*:2])cc3C2=O)C(=O)N1,IRAK-4,CRBN,772.87,4.07,176.37,11,2,9,0.415,0.207,-5.589,-4.934,WO2022266258A1,2022,YALE UNIVERSITY
O=C1CCC(N2Cc3cc(N4CC(CN5CCC(n6cc7cc(NC(=O)c8cnn9cccnc89)c(C8CC8)cc7n6)CC5)C4)ccc3C2=O)C(=O)N1,O=C(Nc1cc2cn([*:1])nc2cc1C1CC1)c1cnn2cccnc12,C1CN(CC2CN([*:2])C2)CCC1[*:1],O=C1CCC(N2Cc3cc([*:2])ccc3C2=O)C(=O)N1,IRAK-4,CRBN,712.81,3.74,150.07,9,2,8,0.41,0.23,-5.768,-3.506,WO2022266258A1,2022,YALE UNIVERSITY
O=C1CCC(N2Cc3cc(N4CCC(CN5CCC(n6cc7cc(NC(=O)c8cnn9cccnc89)c(C8CC8)cc7n6)CC5)CC4)ccc3C2=O)C(=O)N1,O=C(Nc1cc2cn([*:1])nc2cc1C1CC1)c1cnn2cccnc12,C1CN([*:2])CCC1CN1CCC([*:1])CC1,O=C1CCC(N2Cc3cc([*:2])ccc3C2=O)C(=O)N1,IRAK-4,CRBN,740.87,4.52,150.07,9,2,8,0.439,0.219,-5.439,-4.623,WO2022266258A1,2022,YALE UNIVERSITY
O=C1CCC(N2Cc3cc(N4CC(CN5CCC(n6cc7cc(NC(=O)c8cnn9cccnc89)c(OCC8CC8)cc7n6)CC5)C4)ccc3C2=O)C(=O)N1,O=C(Nc1cc2cn([*:1])nc2cc1OCC1CC1)c1cnn2cccnc12,C1CN(CC2CN([*:2])C2)CCC1[*:1],O=C1CCC(N2Cc3cc([*:2])ccc3C2=O)C(=O)N1,IRAK-4,CRBN,742.84,3.65,159.3,10,2,10,0.425,0.202,-5.673,-3.998,WO2022266258A1,2022,YALE UNIVERSITY
O=C1CCC(N2Cc3cc(N4CCC(CN5CCC(n6cc7cc(NC(=O)c8cnn9cc(Cl)cnc89)c(OCC8CC8)cc7n6)CC5)CC4)ccc3C2=O)C(=O)N1,O=C(Nc1cc2cn([*:1])nc2cc1OCC1CC1)c1cnn2cc(Cl)cnc12,C1CN([*:2])CCC1CN1CCC([*:1])CC1,O=C1CCC(N2Cc3cc([*:2])ccc3C2=O)C(=O)N1,IRAK-4,CRBN,805.34,5.09,159.3,10,2,10,0.452,0.182,-5.268,-6.039,WO2022266258A1,2022,YALE UNIVERSITY
O=C1CCC(N2C(=O)c3ccc(N4CCC(CN5CCC(n6cc7cc(NC(=O)c8cnn9cc(Cl)cnc89)c(OCC8CC8)cc7n6)CC5)CC4)cc3C2=O)C(=O)N1,O=C(Nc1cc2cn([*:1])nc2cc1OCC1CC1)c1cnn2cc(Cl)cnc12,C1CN([*:2])CCC1CN1CCC([*:1])CC1,O=C1CCC(N2C(=O)c3ccc([*:2])cc3C2=O)C(=O)N1,IRAK-4,CRBN,819.32,4.73,176.37,11,2,10,0.429,0.187,-5.284,-6.359,WO2022266258A1,2022,YALE UNIVERSITY
O=C1CCC(N2Cc3cc(N4CCC(CN5CCC(n6cc7cc(NC(=O)c8cnn9cccnc89)c(OCC8CC8)cc7n6)CC5)CC4)ccc3C2=O)C(=O)N1,O=C(Nc1cc2cn([*:1])nc2cc1OCC1CC1)c1cnn2cccnc12,C1CN([*:2])CCC1CN1CCC([*:1])CC1,O=C1CCC(N2Cc3cc([*:2])ccc3C2=O)C(=O)N1,IRAK-4,CRBN,770.89,4.43,159.3,10,2,10,0.452,0.195,-5.371,-4.647,WO2022266258A1,2022,YALE UNIVERSITY
O=C1CCC(N2Cc3cc(N4CC(F)(CN5CCC(N6Cc7cc(NC(=O)c8cnn9cccnc89)c(N8CCC(N9CCC9)CC8)cc7C6=O)CC5)C4)ccc3C2=O)C(=O)N1,O=C(Nc1cc2c(cc1N1CCC(N3CCC3)CC1)C(=O)N([*:1])C2)c1cnn2cccnc12,FC1(CN2CCC([*:1])CC2)CN([*:2])C1,O=C1CCC(N2Cc3cc([*:2])ccc3C2=O)C(=O)N1,IRAK-4,CRBN,843.96,3.07,159.04,11,2,9,0.489,0.239,-5.528,-3.525,WO2022266258A1,2022,YALE UNIVERSITY
CC(C)Oc1cc2c(cc1NC(=O)c1cnn3cccnc13)CN(C1CCN(CC3(F)CN(c4ccc5c(c4)C(=O)N(C4CCC(=O)NC4=O)C5)C3)CC1)C2=O,CC(C)Oc1cc2c(cc1NC(=O)c1cnn3cccnc13)CN([*:1])C2=O,FC1(CN2CCC([*:1])CC2)CN([*:2])C1,O=C1CCC(N2Cc3ccc([*:2])cc3C2=O)C(=O)N1,IRAK-4,CRBN,763.83,3.18,161.79,10,2,9,0.425,0.243,-5.409,-3.761,WO2022266258A1,2022,YALE UNIVERSITY
CC(C)Oc1cc2c(cc1NC(=O)c1cnn3cccnc13)CN(C1CCN(CC3CCN(c4ccc5c(c4)C(=O)N(C4CCC(=O)NC4=O)C5)CC3)CC1)C2=O,CC(C)Oc1cc2c(cc1NC(=O)c1cnn3cccnc13)CN([*:1])C2=O,C1CN([*:2])CCC1CN1CCC([*:1])CC1,O=C1CCC(N2Cc3ccc([*:2])cc3C2=O)C(=O)N1,IRAK-4,CRBN,773.89,3.87,161.79,10,2,9,0.452,0.239,-5.568,-4.115,WO2022266258A1,2022,YALE UNIVERSITY
O=C1CCC(N2Cc3cc(N4CC(F)(CN5CCC(N6Cc7cc(NC(=O)c8cnn9cccnc89)c(OCC8CC8)cc7C6=O)CC5)C4)ccc3C2=O)C(=O)N1,O=C(Nc1cc2c(cc1OCC1CC1)C(=O)N([*:1])C2)c1cnn2cccnc12,FC1(CN2CCC([*:1])CC2)CN([*:2])C1,O=C1CCC(N2Cc3cc([*:2])ccc3C2=O)C(=O)N1,IRAK-4,CRBN,775.84,3.18,161.79,10,2,10,0.439,0.229,-5.575,-3.922,WO2022266258A1,2022,YALE UNIVERSITY
O=C1CCC(N2C(=O)c3ccc(N4CC(CN5CCC(N6Cc7cc(NC(=O)c8cnn9cccnc89)c(OCC(F)F)cc7C6=O)CC5)C4)cc3C2=O)C(=O)N1,O=C(Nc1cc2c(cc1OCC(F)F)C(=O)N([*:1])C2)c1cnn2cccnc12,C1CN(CC2CN([*:2])C2)CCC1[*:1],O=C1CCC(N2C(=O)c3ccc([*:2])cc3C2=O)C(=O)N1,IRAK-4,CRBN,781.78,2.58,178.86,11,2,10,0.385,0.226,-5.739,-3.707,WO2022266258A1,2022,YALE UNIVERSITY
O=C1CCC(N2C(=O)c3ccc(N4CC(F)(CN5CCC(N6Cc7cc(NC(=O)c8cnn9cccnc89)c(OCC(F)F)cc7C6=O)CC5)C4)cc3C2=O)C(=O)N1,O=C(Nc1cc2c(cc1OCC(F)F)C(=O)N([*:1])C2)c1cnn2cccnc12,FC1(CN2CCC([*:1])CC2)CN([*:2])C1,O=C1CCC(N2C(=O)c3ccc([*:2])cc3C2=O)C(=O)N1,IRAK-4,CRBN,799.77,2.68,178.86,11,2,10,0.385,0.226,-5.536,-3.988,WO2022266258A1,2022,YALE UNIVERSITY
O=C1CCC(N2C(=O)c3ccc(N4CC(F)(CN5CCC(N6Cc7cc(NC(=O)c8cnn9cccnc89)c(N8CCOCC8)cc7C6=O)CC5)C4)cc3C2=O)C(=O)N1,O=C(Nc1cc2c(cc1N1CCOCC1)C(=O)N([*:1])C2)c1cnn2cccnc12,FC1(CN2CCC([*:1])CC2)CN([*:2])C1,O=C1CCC(N2C(=O)c3ccc([*:2])cc3C2=O)C(=O)N1,IRAK-4,CRBN,804.84,1.87,182.1,12,2,8,0.415,0.247,-5.5,-3.078,WO2022266258A1,2022,YALE UNIVERSITY
O=C1CCC(N2C(=O)c3ccc(N4CC(N5CCC(N6Cc7cc(NC(=O)c8cnn9cccnc89)c(N8CCC(N9CCC9)CC8)cc7C6=O)CC5)C4)cc3C2=O)C(=O)N1,O=C(Nc1cc2c(cc1N1CCC(N3CCC3)CC1)C(=O)N([*:1])C2)c1cnn2cccnc12,C1CN(C2CN([*:2])C2)CCC1[*:1],O=C1CCC(N2C(=O)c3ccc([*:2])cc3C2=O)C(=O)N1,IRAK-4,CRBN,825.93,2.37,176.11,12,2,8,0.455,0.249,-5.398,-3.167,WO2022266258A1,2022,YALE UNIVERSITY
O=C1CCC(N2C(=O)c3ccc(N4CC(CN5CCC(N6Cc7cc(NC(=O)c8cnn9cccnc89)c(N8CCC(N9CCC9)CC8)cc7C6=O)CC5)C4)cc3C2=O)C(=O)N1,O=C(Nc1cc2c(cc1N1CCC(N3CCC3)CC1)C(=O)N([*:1])C2)c1cnn2cccnc12,C1CN(CC2CN([*:2])C2)CCC1[*:1],O=C1CCC(N2C(=O)c3ccc([*:2])cc3C2=O)C(=O)N1,IRAK-4,CRBN,839.96,2.61,176.11,12,2,9,0.467,0.236,-5.652,-3.288,WO2022266258A1,2022,YALE UNIVERSITY
O=C1CCC(N2C(=O)c3ccc(N4CC(CN5CCC(N6Cc7cc(NC(=O)c8cnn9cccnc89)c(N8CCOCC8)cc7C6=O)CC5)C4)cc3C2=O)C(=O)N1,O=C(Nc1cc2c(cc1N1CCOCC1)C(=O)N([*:1])C2)c1cnn2cccnc12,C1CN(CC2CN([*:2])C2)CCC1[*:1],O=C1CCC(N2C(=O)c3ccc([*:2])cc3C2=O)C(=O)N1,IRAK-4,CRBN,786.85,1.78,182.1,12,2,8,0.415,0.248,-5.746,-3.2,WO2022266258A1,2022,YALE UNIVERSITY
O=C1CCC(N2C(=O)c3ccc(N4CC(F)(CN5CCC(N6Cc7cc(NC(=O)c8cnn9cccnc89)c(OCC8CC8)cc7C6=O)CC5)C4)cc3C2=O)C(=O)N1,O=C(Nc1cc2c(cc1OCC1CC1)C(=O)N([*:1])C2)c1cnn2cccnc12,FC1(CN2CCC([*:1])CC2)CN([*:2])C1,O=C1CCC(N2C(=O)c3ccc([*:2])cc3C2=O)C(=O)N1,IRAK-4,CRBN,789.82,2.82,178.86,11,2,10,0.415,0.226,-5.629,-4.132,WO2022266258A1,2022,YALE UNIVERSITY
O=C1CCC(N2C(=O)c3ccc(N4CC(CN5CCC(N6Cc7cc(NC(=O)c8cnn9cccnc89)c(OCC8CC8)cc7C6=O)CC5)C4)cc3C2=O)C(=O)N1,O=C(Nc1cc2c(cc1OCC1CC1)C(=O)N([*:1])C2)c1cnn2cccnc12,C1CN(CC2CN([*:2])C2)CCC1[*:1],O=C1CCC(N2C(=O)c3ccc([*:2])cc3C2=O)C(=O)N1,IRAK-4,CRBN,771.83,2.73,178.86,11,2,10,0.415,0.227,-5.809,-3.683,WO2022266258A1,2022,YALE UNIVERSITY
O=C1CCC(N2C(=O)c3ccc(N4CC(F)(CN5CCC(N6Cc7cc(NC(=O)c8cnn9cccnc89)c(OC8CC8)cc7C6=O)CC5)C4)cc3C2=O)C(=O)N1,O=C(Nc1cc2c(cc1OC1CC1)C(=O)N([*:1])C2)c1cnn2cccnc12,FC1(CN2CCC([*:1])CC2)CN([*:2])C1,O=C1CCC(N2C(=O)c3ccc([*:2])cc3C2=O)C(=O)N1,IRAK-4,CRBN,775.8,2.57,178.86,11,2,9,0.4,0.239,-5.581,-4.05,WO2022266258A1,2022,YALE UNIVERSITY
O=C1CCC(N2C(=O)c3ccc(N4CC(CN5CCC(N6Cc7cc(NC(=O)c8cnn9cccnc89)c(OC8CC8)cc7C6=O)CC5)C4)cc3C2=O)C(=O)N1,O=C(Nc1cc2c(cc1OC1CC1)C(=O)N([*:1])C2)c1cnn2cccnc12,C1CN(CC2CN([*:2])C2)CCC1[*:1],O=C1CCC(N2C(=O)c3ccc([*:2])cc3C2=O)C(=O)N1,IRAK-4,CRBN,757.81,2.48,178.86,11,2,9,0.4,0.24,-5.846,-3.682,WO2022266258A1,2022,YALE UNIVERSITY
CC(C)Oc1cc2c(cc1NC(=O)c1cnn3ccc(N4CCOCC4)nc13)CN(C1CCN(CC3CCN(c4ccc5c(c4)C(=O)N(C4CCC(=O)NC4=O)C5=O)CC3)CC1)C2=O,CC(C)Oc1cc2c(cc1NC(=O)c1cnn3ccc(N4CCOCC4)nc13)CN([*:1])C2=O,C1CN([*:2])CCC1CN1CCC([*:1])CC1,O=C1CCC(N2C(=O)c3ccc([*:2])cc3C2=O)C(=O)N1,IRAK-4,CRBN,872.98,3.34,191.33,13,2,10,0.478,0.221,-5.665,-4.525,WO2022266258A1,2022,YALE UNIVERSITY
CC(C)Oc1cc2c(cc1NC(=O)c1cnn3ccc(N4CCOCC4)nc13)CN(C1CCN(CC3CN(c4ccc5c(c4)C(=O)N(C4CCC(=O)NC4=O)C5=O)C3)CC1)C2=O,CC(C)Oc1cc2c(cc1NC(=O)c1cnn3ccc(N4CCOCC4)nc13)CN([*:1])C2=O,C1CN(CC2CN([*:2])C2)CCC1[*:1],O=C1CCC(N2C(=O)c3ccc([*:2])cc3C2=O)C(=O)N1,IRAK-4,CRBN,844.93,2.56,191.33,13,2,10,0.455,0.222,-5.813,-3.572,WO2022266258A1,2022,YALE UNIVERSITY
CC(C)Oc1cc2c(cc1NC(=O)c1cnn3cccnc13)CN(C1CCN(C3CN(c4cc5c(cc4F)C(=O)N(C4CCC(=O)NC4=O)C5=O)C3)CC1)C2=O,CC(C)Oc1cc2c(cc1NC(=O)c1cnn3cccnc13)CN([*:1])C2=O,C1CN(C2CN([*:2])C2)CCC1[*:1],O=C1CCC(N2C(=O)c3cc(F)c([*:2])cc3C2=O)C(=O)N1,IRAK-4,CRBN,763.79,2.62,178.86,11,2,8,0.385,0.252,-5.614,-3.072,WO2022266258A1,2022,YALE UNIVERSITY
CC(C)Oc1cc2c(cc1NC(=O)c1cnn3cccnc13)CN(C1CCN(C3CN(c4ccc5c(c4)C(=O)N(C4CCC(=O)NC4=O)C5=O)C3)CC1)C2=O,CC(C)Oc1cc2c(cc1NC(=O)c1cnn3cccnc13)CN([*:1])C2=O,C1CN(C2CN([*:2])C2)CCC1[*:1],O=C1CCC(N2C(=O)c3ccc([*:2])cc3C2=O)C(=O)N1,IRAK-4,CRBN,745.8,2.48,178.86,11,2,8,0.385,0.253,-5.597,-3.043,WO2022266258A1,2022,YALE UNIVERSITY
CC(C)Oc1cc2c(cc1NC(=O)c1cnn3cccnc13)CN(C1CCN(CC3(F)CN(c4ccc5c(c4)C(=O)N(C4CCC(=O)NC4=O)C5=O)C3)CC1)C2=O,CC(C)Oc1cc2c(cc1NC(=O)c1cnn3cccnc13)CN([*:1])C2=O,FC1(CN2CCC([*:1])CC2)CN([*:2])C1,O=C1CCC(N2C(=O)c3ccc([*:2])cc3C2=O)C(=O)N1,IRAK-4,CRBN,777.81,2.82,178.86,11,2,9,0.4,0.239,-5.451,-3.734,WO2022266258A1,2022,YALE UNIVERSITY
Cc1cnc2c(C(=O)Nc3cc4c(cc3OC(C)C)C(=O)N(C3CCN(CC5CCN(c6ccc7c(c6)C(=O)N(C6CCC(=O)NC6=O)C7=O)CC5)CC3)C4)cnn2c1,Cc1cnc2c(C(=O)Nc3cc4c(cc3OC(C)C)C(=O)N([*:1])C4)cnn2c1,C1CN([*:2])CCC1CN1CCC([*:1])CC1,O=C1CCC(N2C(=O)c3ccc([*:2])cc3C2=O)C(=O)N1,IRAK-4,CRBN,801.9,3.82,178.86,11,2,9,0.442,0.235,-5.498,-4.677,WO2022266258A1,2022,YALE UNIVERSITY
O=C1CCC(N2Cc3c(ccc(N4CCC(CN5CCC(N6Cc7cc(NC(=O)c8cnn9cccnc89)c(N8CCN(C9CC(F)(F)C9)CC8)cc7C6=O)CC5)CC4)c3F)C2=O)C(=O)N1,O=C(Nc1cc2c(cc1N1CCN(C3CC(F)(F)C3)CC1)C(=O)N([*:1])C2)c1cnn2cccnc12,C1CN([*:2])CCC1CN1CCC([*:1])CC1,O=C1CCC(N2Cc3c(ccc([*:2])c3F)C2=O)C(=O)N1,IRAK-4,CRBN,908.0,4.14,159.04,11,2,9,0.511,0.233,-5.521,-4.11,WO2022266258A1,2022,YALE UNIVERSITY
O=C1CCC(N2Cc3cc(N4CCC(CN5CCC(N6Cc7cc(NC(=O)c8cnn9cccnc89)c(N8CCN(C9CC(F)(F)C9)CC8)cc7C6=O)CC5)CC4)ccc3C2=O)C(=O)N1,O=C(Nc1cc2c(cc1N1CCN(C3CC(F)(F)C3)CC1)C(=O)N([*:1])C2)c1cnn2cccnc12,C1CN([*:2])CCC1CN1CCC([*:1])CC1,O=C1CCC(N2Cc3cc([*:2])ccc3C2=O)C(=O)N1,IRAK-4,CRBN,890.01,4.0,159.04,11,2,9,0.511,0.234,-5.606,-3.99,WO2022266258A1,2022,YALE UNIVERSITY
O=C1CCC(N2C(=O)c3ccc(N4CCC(CN5CCC(N6Cc7cc(NC(=O)c8cnn9cccnc89)c(N8CCN(C9CC(F)(F)C9)CC8)cc7C6=O)CC5)CC4)cc3C2=O)C(=O)N1,O=C(Nc1cc2c(cc1N1CCN(C3CC(F)(F)C3)CC1)C(=O)N([*:1])C2)c1cnn2cccnc12,C1CN([*:2])CCC1CN1CCC([*:1])CC1,O=C1CCC(N2C(=O)c3ccc([*:2])cc3C2=O)C(=O)N1,IRAK-4,CRBN,903.99,3.64,176.11,12,2,9,0.489,0.234,-5.622,-4.097,WO2022266258A1,2022,YALE UNIVERSITY
O=C1CCC(N2Cc3c(ccc(N4CCC(CN5CCC(N6Cc7cc(NC(=O)c8cnn9cccnc89)c(N8CCN(CC(F)F)CC8)cc7C6=O)CC5)CC4)c3F)C2=O)C(=O)N1,O=C(Nc1cc2c(cc1N1CCN(CC(F)F)CC1)C(=O)N([*:1])C2)c1cnn2cccnc12,C1CN([*:2])CCC1CN1CCC([*:1])CC1,O=C1CCC(N2Cc3c(ccc([*:2])c3F)C2=O)C(=O)N1,IRAK-4,CRBN,881.96,3.61,159.04,11,2,10,0.489,0.224,-5.425,-3.873,WO2022266258A1,2022,YALE UNIVERSITY
O=C1CCC(N2Cc3cc(N4CCC(CN5CCC(N6Cc7cc(NC(=O)c8cnn9cccnc89)c(N8CCN(CC(F)F)CC8)cc7C6=O)CC5)CC4)ccc3C2=O)C(=O)N1,O=C(Nc1cc2c(cc1N1CCN(CC(F)F)CC1)C(=O)N([*:1])C2)c1cnn2cccnc12,C1CN([*:2])CCC1CN1CCC([*:1])CC1,O=C1CCC(N2Cc3cc([*:2])ccc3C2=O)C(=O)N1,IRAK-4,CRBN,863.97,3.47,159.04,11,2,10,0.489,0.225,-5.446,-3.799,WO2022266258A1,2022,YALE UNIVERSITY
CC(C)Oc1nc2c(cc1NC(=O)c1cnn3cccnc13)CN(C1CCN(CC3CCN(c4ccc5c(c4)C(=O)N(C4CCC(=O)NC4=O)C5=O)CC3)CC1)C2=O,CC(C)Oc1nc2c(cc1NC(=O)c1cnn3cccnc13)CN([*:1])C2=O,C1CN([*:2])CCC1CN1CCC([*:1])CC1,O=C1CCC(N2C(=O)c3ccc([*:2])cc3C2=O)C(=O)N1,IRAK-4,CRBN,788.87,2.9,191.75,12,2,9,0.439,0.236,-5.638,-4.554,WO2022266258A1,2022,YALE UNIVERSITY
O=C1CCC(N2Cc3ccc(N4CCC(CN5CCC(N6Cc7cc(NC(=O)c8cnn9cccnc89)c(OCC(F)F)cc7C6=O)CC5)CC4)cc3C2=O)C(=O)N1,O=C(Nc1cc2c(cc1OCC(F)F)C(=O)N([*:1])C2)c1cnn2cccnc12,C1CN([*:2])CCC1CN1CCC([*:1])CC1,O=C1CCC(N2Cc3ccc([*:2])cc3C2=O)C(=O)N1,IRAK-4,CRBN,795.85,3.72,161.79,10,2,10,0.439,0.227,-5.42,-3.967,WO2022266258A1,2022,YALE UNIVERSITY
O=C1CCC(N2C(=O)c3ccc(N4CCC(CN5CCC(N6Cc7cc(NC(=O)c8cnn9cccnc89)c(OCC(F)F)cc7C6=O)CC5)CC4)cc3C2=O)C(=O)N1,O=C(Nc1cc2c(cc1OCC(F)F)C(=O)N([*:1])C2)c1cnn2cccnc12,C1CN([*:2])CCC1CN1CCC([*:1])CC1,O=C1CCC(N2C(=O)c3ccc([*:2])cc3C2=O)C(=O)N1,IRAK-4,CRBN,809.83,3.36,178.86,11,2,10,0.415,0.225,-5.446,-4.077,WO2022266258A1,2022,YALE UNIVERSITY
CC(C)Oc1cc2c(cc1NC(=O)c1cnn3cccnc13)CN(C1CCN(CC3CCN(c4ccc5c(c4F)CN(C4CCC(=O)NC4=O)C5=O)CC3)CC1)C2=O,CC(C)Oc1cc2c(cc1NC(=O)c1cnn3cccnc13)CN([*:1])C2=O,C1CN([*:2])CCC1CN1CCC([*:1])CC1,O=C1CCC(N2Cc3c(ccc([*:2])c3F)C2=O)C(=O)N1,IRAK-4,CRBN,791.88,4.01,161.79,10,2,9,0.452,0.237,-5.514,-4.592,WO2022266258A1,2022,YALE UNIVERSITY
O=C1CCC(N2Cc3cc(N4CC(N5CCC(N6Cc7cc(NC(=O)c8cnn9cccnc89)c(N8CCC(N9CCC9)CC8)cc7C6=O)CC5)C4)ccc3C2=O)C(=O)N1,O=C(Nc1cc2c(cc1N1CCC(N3CCC3)CC1)C(=O)N([*:1])C2)c1cnn2cccnc12,C1CN(C2CN([*:2])C2)CCC1[*:1],O=C1CCC(N2Cc3cc([*:2])ccc3C2=O)C(=O)N1,IRAK-4,CRBN,811.95,2.73,159.04,11,2,8,0.477,0.252,-5.361,-3.183,WO2022266258A1,2022,YALE UNIVERSITY
O=C1CCC(N2C(=O)c3ccc(N4CCC(CN5CCC(N6Cc7cc(NC(=O)c8cnn9cccnc89)c(N8CCC(N9CCC9)CC8)cc7C6=O)CC5)CC4)cc3C2=O)C(=O)N1,O=C(Nc1cc2c(cc1N1CCC(N3CCC3)CC1)C(=O)N([*:1])C2)c1cnn2cccnc12,C1CN([*:2])CCC1CN1CCC([*:1])CC1,O=C1CCC(N2C(=O)c3ccc([*:2])cc3C2=O)C(=O)N1,IRAK-4,CRBN,868.01,3.39,176.11,12,2,9,0.489,0.235,-5.465,-3.896,WO2022266258A1,2022,YALE UNIVERSITY
O=C1CCC(N2Cc3cc(N4CC(CN5CCC(N6Cc7cc(NC(=O)c8cnn9cccnc89)c(N8CCC(N9CCC9)CC8)cc7C6=O)CC5)C4)ccc3C2=O)C(=O)N1,O=C(Nc1cc2c(cc1N1CCC(N3CCC3)CC1)C(=O)N([*:1])C2)c1cnn2cccnc12,C1CN(CC2CN([*:2])C2)CCC1[*:1],O=C1CCC(N2Cc3cc([*:2])ccc3C2=O)C(=O)N1,IRAK-4,CRBN,825.97,2.97,159.04,11,2,9,0.489,0.239,-5.571,-3.247,WO2022266258A1,2022,YALE UNIVERSITY
O=C1CCC(N2Cc3cc(N4CC(CN5CCC(N6Cc7cc(NC(=O)c8cnn9cccnc89)c(N8CCOCC8)cc7C6=O)CC5)C4)ccc3C2=O)C(=O)N1,O=C(Nc1cc2c(cc1N1CCOCC1)C(=O)N([*:1])C2)c1cnn2cccnc12,C1CN(CC2CN([*:2])C2)CCC1[*:1],O=C1CCC(N2Cc3cc([*:2])ccc3C2=O)C(=O)N1,IRAK-4,CRBN,772.87,2.14,165.03,11,2,8,0.439,0.252,-5.726,-3.335,WO2022266258A1,2022,YALE UNIVERSITY
O=C1CCC(N2Cc3cc(N4CCC(CN5CCC(N6Cc7cc(NC(=O)c8cnn9cccnc89)c(N8CCOCC8)cc7C6=O)CC5)CC4)ccc3C2=O)C(=O)N1,O=C(Nc1cc2c(cc1N1CCOCC1)C(=O)N([*:1])C2)c1cnn2cccnc12,C1CN([*:2])CCC1CN1CCC([*:1])CC1,O=C1CCC(N2Cc3cc([*:2])ccc3C2=O)C(=O)N1,IRAK-4,CRBN,800.92,2.92,165.03,11,2,8,0.465,0.252,-5.466,-3.234,WO2022266258A1,2022,YALE UNIVERSITY
O=C1CCC(N2C(=O)c3ccc(N4CCC(CN5CCC(N6Cc7cc(NC(=O)c8cnn9cccnc89)c(N8CCOCC8)cc7C6=O)CC5)CC4)cc3C2=O)C(=O)N1,O=C(Nc1cc2c(cc1N1CCOCC1)C(=O)N([*:1])C2)c1cnn2cccnc12,C1CN([*:2])CCC1CN1CCC([*:1])CC1,O=C1CCC(N2C(=O)c3ccc([*:2])cc3C2=O)C(=O)N1,IRAK-4,CRBN,814.9,2.56,182.1,12,2,8,0.442,0.249,-5.523,-3.067,WO2022266258A1,2022,YALE UNIVERSITY
O=C1CCC(N2C(=O)c3ccc(N4CCC(CN5CCC(N6Cc7cc(NC(=O)c8cnn9cccnc89)c(OCC8CC8)cc7C6=O)CC5)CC4)cc3C2=O)C(=O)N1,O=C(Nc1cc2c(cc1OCC1CC1)C(=O)N([*:1])C2)c1cnn2cccnc12,C1CN([*:2])CCC1CN1CCC([*:1])CC1,O=C1CCC(N2C(=O)c3ccc([*:2])cc3C2=O)C(=O)N1,IRAK-4,CRBN,799.89,3.51,178.86,11,2,10,0.442,0.225,-5.467,-4.544,WO2022266258A1,2022,YALE UNIVERSITY
O=C1CCC(N2Cc3cc(N4CC(CN5CCC(N6Cc7cc(NC(=O)c8cnn9cccnc89)c(OCC8CC8)cc7C6=O)CC5)C4)ccc3C2=O)C(=O)N1,O=C(Nc1cc2c(cc1OCC1CC1)C(=O)N([*:1])C2)c1cnn2cccnc12,C1CN(CC2CN([*:2])C2)CCC1[*:1],O=C1CCC(N2Cc3cc([*:2])ccc3C2=O)C(=O)N1,IRAK-4,CRBN,757.85,3.09,161.79,10,2,10,0.439,0.23,-5.716,-3.516,WO2022266258A1,2022,YALE UNIVERSITY
O=C1CCC(N2Cc3cc(N4CCC(CN5CCC(N6Cc7cc(NC(=O)c8cnn9cccnc89)c(OC8CC8)cc7C6=O)CC5)CC4)ccc3C2=O)C(=O)N1,O=C(Nc1cc2c(cc1OC1CC1)C(=O)N([*:1])C2)c1cnn2cccnc12,C1CN([*:2])CCC1CN1CCC([*:1])CC1,O=C1CCC(N2Cc3cc([*:2])ccc3C2=O)C(=O)N1,IRAK-4,CRBN,771.88,3.62,161.79,10,2,9,0.452,0.241,-5.543,-3.903,WO2022266258A1,2022,YALE UNIVERSITY
O=C1CCC(N2C(=O)c3ccc(N4CCC(CN5CCC(N6Cc7cc(NC(=O)c8cnn9cccnc89)c(OC8CC8)cc7C6=O)CC5)CC4)cc3C2=O)C(=O)N1,O=C(Nc1cc2c(cc1OC1CC1)C(=O)N([*:1])C2)c1cnn2cccnc12,C1CN([*:2])CCC1CN1CCC([*:1])CC1,O=C1CCC(N2C(=O)c3ccc([*:2])cc3C2=O)C(=O)N1,IRAK-4,CRBN,785.86,3.26,178.86,11,2,9,0.429,0.238,-5.635,-4.15,WO2022266258A1,2022,YALE UNIVERSITY
Cc1cnc2c(C(=O)Nc3cc4c(cc3OC(C)C)C(=O)N(C3CCN(CC5CN(c6ccc7c(c6)CN(C6CCC(=O)NC6=O)C7=O)C5)CC3)C4)cnn2c1,Cc1cnc2c(C(=O)Nc3cc4c(cc3OC(C)C)C(=O)N([*:1])C4)cnn2c1,C1CN(CC2CN([*:2])C2)CCC1[*:1],O=C1CCC(N2Cc3cc([*:2])ccc3C2=O)C(=O)N1,IRAK-4,CRBN,759.87,3.39,161.79,10,2,9,0.439,0.242,-5.674,-3.557,WO2022266258A1,2022,YALE UNIVERSITY
O=C1CCC(N2Cc3cc(N4CCC(CN5CCC(N6Cc7cc(NC(=O)c8cnn9cccnc89)c(OCC8CC8)cc7C6=O)CC5)CC4)ccc3C2=O)C(=O)N1,O=C(Nc1cc2c(cc1OCC1CC1)C(=O)N([*:1])C2)c1cnn2cccnc12,C1CN([*:2])CCC1CN1CCC([*:1])CC1,O=C1CCC(N2Cc3cc([*:2])ccc3C2=O)C(=O)N1,IRAK-4,CRBN,785.91,3.87,161.79,10,2,10,0.465,0.226,-5.423,-4.351,WO2022266258A1,2022,YALE UNIVERSITY
CC(C)Oc1cc2c(cc1NC(=O)c1cnn3cccnc13)CN(C1CCN(CC3CCN(c4cc5c(cc4F)C(=O)N(C4CCC(=O)NC4=O)C5=O)CC3)CC1)C2=O,CC(C)Oc1cc2c(cc1NC(=O)c1cnn3cccnc13)CN([*:1])C2=O,C1CN([*:2])CCC1CN1CCC([*:1])CC1,O=C1CCC(N2C(=O)c3cc(F)c([*:2])cc3C2=O)C(=O)N1,IRAK-4,CRBN,805.87,3.65,178.86,11,2,9,0.429,0.236,-5.533,-4.454,WO2022266258A1,2022,YALE UNIVERSITY
CC(C)Oc1cc2c(cc1NC(=O)c1cnn3cccnc13)CN(C1CCN(CC3CCN(c4ccc5c(c4)CN(C4CCC(=O)NC4=O)C5=O)CC3)CC1)C2=O,CC(C)Oc1cc2c(cc1NC(=O)c1cnn3cccnc13)CN([*:1])C2=O,C1CN([*:2])CCC1CN1CCC([*:1])CC1,O=C1CCC(N2Cc3cc([*:2])ccc3C2=O)C(=O)N1,IRAK-4,CRBN,773.89,3.87,161.79,10,2,9,0.452,0.239,-5.568,-4.065,WO2022266258A1,2022,YALE UNIVERSITY
CC(C)Oc1cc2c(cc1NC(=O)c1cnn3cccnc13)CN(C1CCN(CC3CN(c4ccc5c(c4)C(=O)N(C4CCC(=O)NC4=O)C5=O)C3)CC1)C2=O,CC(C)Oc1cc2c(cc1NC(=O)c1cnn3cccnc13)CN([*:1])C2=O,C1CN(CC2CN([*:2])C2)CCC1[*:1],O=C1CCC(N2C(=O)c3ccc([*:2])cc3C2=O)C(=O)N1,IRAK-4,CRBN,759.82,2.73,178.86,11,2,9,0.4,0.24,-5.773,-3.389,WO2022266258A1,2022,YALE UNIVERSITY
CC(C)Oc1cc2c(cc1NC(=O)c1cnn3cccnc13)CN(C1CCN(CC3CN(c4ccc5c(c4)CN(C4CCC(=O)NC4=O)C5=O)C3)CC1)C2=O,CC(C)Oc1cc2c(cc1NC(=O)c1cnn3cccnc13)CN([*:1])C2=O,C1CN(CC2CN([*:2])C2)CCC1[*:1],O=C1CCC(N2Cc3cc([*:2])ccc3C2=O)C(=O)N1,IRAK-4,CRBN,745.84,3.09,161.79,10,2,9,0.425,0.244,-5.74,-3.378,WO2022266258A1,2022,YALE UNIVERSITY
CS(=O)(=O)c1ccc(-c2cccc3nc(Nc4ccc(N5CCN(C(=O)CCCCCCNc6ccc7c(c6)C(=O)N(C6CCC(=O)NC6=O)C7=O)CC5)cc4)nn23)cc1,CS(=O)(=O)c1ccc(-c2cccc3nc(Nc4ccc([*:1])cc4)nn23)cc1,O=C(CCCCCCN[*:2])N1CCN([*:1])CC1,O=C1CCC(N2C(=O)c3ccc([*:2])cc3C2=O)C(=O)N1,JAK,CRBN,831.96,4.66,195.49,12,3,14,0.326,0.104,-5.39,-3.892,CN116323570A,2023,SHANGHAI CULLGEN INC
CS(=O)(=O)c1ccc(-c2cccc3nc(Nc4ccc(N5CCN(C(=O)CCNc6ccc7c(c6)C(=O)N(C6CCC(=O)NC6=O)C7=O)CC5)cc4)nn23)cc1,CS(=O)(=O)c1ccc(-c2cccc3nc(Nc4ccc([*:1])cc4)nn23)cc1,O=C(CCN[*:2])N1CCN([*:1])CC1,O=C1CCC(N2C(=O)c3ccc([*:2])cc3C2=O)C(=O)N1,JAK,CRBN,775.85,3.1,195.49,12,3,10,0.256,0.176,-5.709,-3.798,CN116323570A,2023,SHANGHAI CULLGEN INC
CS(=O)(=O)c1ccc(-c2cccc3nc(Nc4ccc(N5CCN(C(=O)CCCNc6ccc7c(c6)C(=O)N(C6CCC(=O)NC6=O)C7=O)CC5)cc4)nn23)cc1,CS(=O)(=O)c1ccc(-c2cccc3nc(Nc4ccc([*:1])cc4)nn23)cc1,O=C(CCCN[*:2])N1CCN([*:1])CC1,O=C1CCC(N2C(=O)c3ccc([*:2])cc3C2=O)C(=O)N1,JAK,CRBN,789.88,3.49,195.49,12,3,11,0.275,0.13,-5.751,-3.693,CN116323570A,2023,SHANGHAI CULLGEN INC
Cc1cnc(Nc2ccc(N3CCN(C(=O)CCNc4ccc5c(c4)C(=O)N(C4CCC(=O)NC4=O)C5=O)CC3)cc2)nc1Nc1cccc(S(=O)(=O)NC(C)(C)C)c1,Cc1cnc(Nc2ccc([*:1])cc2)nc1Nc1cccc(S(=O)(=O)NC(C)(C)C)c1,O=C(CCN[*:2])N1CCN([*:1])CC1,O=C1CCC(N2C(=O)c3ccc([*:2])cc3C2=O)C(=O)N1,JAK,CRBN,822.95,3.9,215.14,13,5,12,0.341,0.128,-5.652,-3.362,CN116323570A,2023,SHANGHAI CULLGEN INC
Cc1cnc(Nc2ccc(N3CCN(C(=O)CCCNc4ccc5c(c4)C(=O)N(C4CCC(=O)NC4=O)C5=O)CC3)cc2)nc1Nc1cccc(S(=O)(=O)NC(C)(C)C)c1,Cc1cnc(Nc2ccc([*:1])cc2)nc1Nc1cccc(S(=O)(=O)NC(C)(C)C)c1,O=C(CCCN[*:2])N1CCN([*:1])CC1,O=C1CCC(N2C(=O)c3ccc([*:2])cc3C2=O)C(=O)N1,JAK,CRBN,836.98,4.29,215.14,13,5,13,0.357,0.094,-5.624,-3.517,CN116323570A,2023,SHANGHAI CULLGEN INC
Cc1cnc(Nc2ccc(N3CCN(C(=O)CCCCNc4ccc5c(c4)C(=O)N(C4CCC(=O)NC4=O)C5=O)CC3)cc2)nc1Nc1cccc(S(=O)(=O)NC(C)(C)C)c1,Cc1cnc(Nc2ccc([*:1])cc2)nc1Nc1cccc(S(=O)(=O)NC(C)(C)C)c1,O=C(CCCCN[*:2])N1CCN([*:1])CC1,O=C1CCC(N2C(=O)c3ccc([*:2])cc3C2=O)C(=O)N1,JAK,CRBN,851.0,4.68,215.14,13,5,14,0.372,0.086,-5.585,-3.645,CN116323570A,2023,SHANGHAI CULLGEN INC
Cc1cnc(Nc2ccc(N3CCN(C(=O)CCCCCNc4ccc5c(c4)C(=O)N(C4CCC(=O)NC4=O)C5=O)CC3)cc2)nc1Nc1cccc(S(=O)(=O)NC(C)(C)C)c1,Cc1cnc(Nc2ccc([*:1])cc2)nc1Nc1cccc(S(=O)(=O)NC(C)(C)C)c1,O=C(CCCCCN[*:2])N1CCN([*:1])CC1,O=C1CCC(N2C(=O)c3ccc([*:2])cc3C2=O)C(=O)N1,JAK,CRBN,865.03,5.07,215.14,13,5,15,0.386,0.078,-5.622,-3.699,CN116323570A,2023,SHANGHAI CULLGEN INC
Cc1cnc(Nc2ccc(N3CCN(C(=O)CCOCCNc4ccc5c(c4)C(=O)N(C4CCC(=O)NC4=O)C5=O)CC3)cc2)nc1Nc1cccc(S(=O)(=O)NC(C)(C)C)c1,Cc1cnc(Nc2ccc([*:1])cc2)nc1Nc1cccc(S(=O)(=O)NC(C)(C)C)c1,O=C(CCOCCN[*:2])N1CCN([*:1])CC1,O=C1CCC(N2C(=O)c3ccc([*:2])cc3C2=O)C(=O)N1,JAK,CRBN,867.0,3.92,224.37,14,5,15,0.372,0.084,-5.623,-3.217,CN116323570A,2023,SHANGHAI CULLGEN INC
Cc1cnc(Nc2ccc(N3CCN(C(=O)CCOCCOCCNc4ccc5c(c4)C(=O)N(C4CCC(=O)NC4=O)C5=O)CC3)cc2)nc1Nc1cccc(S(=O)(=O)NC(C)(C)C)c1,Cc1cnc(Nc2ccc([*:1])cc2)nc1Nc1cccc(S(=O)(=O)NC(C)(C)C)c1,O=C(CCOCCOCCN[*:2])N1CCN([*:1])CC1,O=C1CCC(N2C(=O)c3ccc([*:2])cc3C2=O)C(=O)N1,JAK,CRBN,911.05,3.93,233.6,15,5,18,0.4,0.07,-5.596,-3.109,CN116323570A,2023,SHANGHAI CULLGEN INC
Cc1cnc(Nc2ccc(N3CCN(C(=O)CCOCCOCCOCCNc4ccc5c(c4)C(=O)N(C4CCC(=O)NC4=O)C5=O)CC3)cc2)nc1Nc1cccc(S(=O)(=O)NC(C)(C)C)c1,Cc1cnc(Nc2ccc([*:1])cc2)nc1Nc1cccc(S(=O)(=O)NC(C)(C)C)c1,O=C(CCOCCOCCOCCN[*:2])N1CCN([*:1])CC1,O=C1CCC(N2C(=O)c3ccc([*:2])cc3C2=O)C(=O)N1,JAK,CRBN,955.11,3.95,242.83,16,5,21,0.426,0.059,-5.607,-2.991,CN116323570A,2023,SHANGHAI CULLGEN INC
Cc1cnc(Nc2ccc(N3CCN(C(=O)CCOCCOCCOCCOCCNc4ccc5c(c4)C(=O)N(C4CCC(=O)NC4=O)C5=O)CC3)cc2)nc1Nc1cccc(S(=O)(=O)NC(C)(C)C)c1,Cc1cnc(Nc2ccc([*:1])cc2)nc1Nc1cccc(S(=O)(=O)NC(C)(C)C)c1,O=C(CCOCCOCCOCCOCCN[*:2])N1CCN([*:1])CC1,O=C1CCC(N2C(=O)c3ccc([*:2])cc3C2=O)C(=O)N1,JAK,CRBN,999.16,3.97,252.06,17,5,24,0.449,0.049,-5.634,-2.93,CN116323570A,2023,SHANGHAI CULLGEN INC
COc1cc2nn(CCN3CCN(c4cccc5c4C(=O)N(C4CCC(=O)NC4=O)C5=O)CC3)cc2cc1NC(=O)c1cccc(C(F)(F)F)n1,COc1cc2nn([*:1])cc2cc1NC(=O)c1cccc(C(F)(F)F)n1,C1CN([*:2])CCN1CC[*:1],O=C1CCC(N2C(=O)c3cccc([*:2])c3C2=O)C(=O)N1,IRAK4,CRBN,704.67,2.93,159.07,10,2,8,0.324,0.261,-5.329,-4.128,WO2023116920A1,2023,HANGZHOU POLYMED BIOPHARMACEUTICALS INC
CN(C)c1cc2c(cc1NC(=O)c1cccc(C(F)(F)F)n1)CN(C1CCN(CC3CCN(c4ccc5c(c4)C(=O)N(C4CCC(=O)NC4=O)C5=O)CC3)CC1)C2=O,CN(C)c1cc2c(cc1NC(=O)c1cccc(C(F)(F)F)n1)CN([*:1])C2=O,C1CN([*:2])CCC1CN1CCC([*:1])CC1,O=C1CCC(N2C(=O)c3ccc([*:2])cc3C2=O)C(=O)N1,IRAK4,CRBN,800.84,4.16,155.57,10,2,8,0.439,0.318,-5.662,-5.014,CN114437035A,2022,HAISCO PHARAMACEUTICAL GROUP INC
CN(C)c1cc2c(cc1NC(=O)c1cccc(C(F)(F)F)n1)CN(C1CCN(C3CN(c4ccc5c(c4)C(=O)N(C4CCC(=O)NC4=O)C5=O)C3)CC1)C2=O,CN(C)c1cc2c(cc1NC(=O)c1cccc(C(F)(F)F)n1)CN([*:1])C2=O,C1CN(C2CN([*:2])C2)CCC1[*:1],O=C1CCC(N2C(=O)c3ccc([*:2])cc3C2=O)C(=O)N1,IRAK4,CRBN,758.76,3.13,155.57,10,2,7,0.395,0.344,-5.563,-3.782,CN114437035A,2022,HAISCO PHARAMACEUTICAL GROUP INC
Nc1nnc(-c2ccccc2O)cc1OCCc1ccc(CN2CC(N3CCN(c4cccc5c4C(=O)N(C4CCC(=O)NC4=O)C5=O)CC3)C2)cc1,Nc1nnc(-c2ccccc2O)cc1OCCc1ccc([*:1])cc1,C1C(N2CCN([*:2])CC2)CN1C[*:1],O=C1CCC(N2C(=O)c3cccc([*:2])c3C2=O)C(=O)N1,BRAF,CRBN,716.8,2.46,174.53,12,3,10,0.333,0.205,-5.627,-3.604,US20230150974A1,2023,FOGHORN THERAPEUTICS INC
Nc1nnc(-c2ccccc2O)cc1OCCc1ccc(C(=O)NCCCCCCCCNc2ccc3c(c2)C(=O)N(C2CCC(=O)NC2=O)C3=O)cc1,Nc1nnc(-c2ccccc2O)cc1OCCc1ccc([*:1])cc1,O=C(NCCCCCCCCN[*:2])[*:1],O=C1CCC(N2C(=O)c3ccc([*:2])cc3C2=O)C(=O)N1,BRAF,CRBN,733.83,4.64,205.94,11,5,17,0.325,0.075,-5.215,-3.879,US20230150974A1,2023,FOGHORN THERAPEUTICS INC
Cc1ncsc1-c1ccc(CNC(=O)C2CC(O)CN2C(=O)C(NC(=O)COCCOCCOCCNC(=O)c2ccc(CCOc3cc(-c4ccccc4O)nnc3N)cc2)C(C)(C)C)cc1,Nc1nnc(-c2ccccc2O)cc1OCCc1ccc([*:1])cc1,O=C(NCCOCCOCCOCC(=O)[*:2])[*:1],Cc1ncsc1-c1ccc(CNC(=O)C2CC(O)CN2C(=O)C(N[*:2])C(C)(C)C)cc1,BRAF,VHL,953.13,4.07,249.68,15,6,23,0.408,0.051,-5.883,-3.483,US20230150974A1,2023,FOGHORN THERAPEUTICS INC
Nc1nnc(-c2ccccc2O)cc1OCCc1ccc(C(=O)NCCCCCCCCNc2cccc3c2CN(C2CCC(=O)NC2=O)C3=O)cc1,Nc1nnc(-c2ccccc2O)cc1OCCc1ccc([*:1])cc1,O=C(NCCCCCCCCN[*:2])[*:1],O=C1CCC(N2Cc3c(cccc3[*:2])C2=O)C(=O)N1,BRAF,CRBN,719.84,5.0,188.87,10,5,17,0.35,0.073,-5.29,-3.96,US20230150974A1,2023,FOGHORN THERAPEUTICS INC
Nc1nnc(-c2ccccc2O)cc1OCCc1ccc(C(=O)NCCOCCOCCNc2cccc3c2CN(C2CCC(=O)NC2=O)C3=O)cc1,Nc1nnc(-c2ccccc2O)cc1OCCc1ccc([*:1])cc1,O=C(NCCOCCOCCN[*:2])[*:1],O=C1CCC(N2Cc3c(cccc3[*:2])C2=O)C(=O)N1,BRAF,CRBN,723.79,2.69,207.33,12,5,17,0.316,0.079,-5.463,-3.19,US20230150974A1,2023,FOGHORN THERAPEUTICS INC
Nc1nnc(-c2ccccc2O)cc1OCCc1ccc(C(=O)NCCCCCCCCNc2cccc3c2C(=O)N(C2CCC(=O)NC2=O)C3=O)cc1,Nc1nnc(-c2ccccc2O)cc1OCCc1ccc([*:1])cc1,O=C(NCCCCCCCCN[*:2])[*:1],O=C1CCC(N2C(=O)c3cccc([*:2])c3C2=O)C(=O)N1,BRAF,CRBN,733.83,4.64,205.94,11,5,17,0.325,0.075,-5.23,-4.1,US20230150974A1,2023,FOGHORN THERAPEUTICS INC
Nc1nnc(-c2ccccc2O)cc1OCCc1ccc(C(=O)NCCOCCOCCNc2cccc3c2C(=O)N(C2CCC(=O)NC2=O)C3=O)cc1,Nc1nnc(-c2ccccc2O)cc1OCCc1ccc([*:1])cc1,O=C(NCCOCCOCCN[*:2])[*:1],O=C1CCC(N2C(=O)c3cccc([*:2])c3C2=O)C(=O)N1,BRAF,CRBN,737.77,2.33,224.4,13,5,17,0.289,0.078,-5.521,-3.381,US20230150974A1,2023,FOGHORN THERAPEUTICS INC
O=C1CCC(N2C(=O)c3ccc(C4CCN(CC5CCN(c6ccc(-c7cnc8[nH]cc(C(=O)c9c(F)ccc(NS(=O)(=O)N%10CCC(F)C%10)c9F)c8c7)cc6)CC5)CC4)cc3C2=O)C(=O)N1,O=C(c1c(F)ccc(NS(=O)(=O)N2CCC(F)C2)c1F)c1c[nH]c2ncc(-c3ccc([*:1])cc3)cc12,C1CN([*:1])CCC1CN1CCC([*:2])CC1,O=C1CCC(N2C(=O)c3ccc([*:2])cc3C2=O)C(=O)N1,RAF,CRBN,937.01,5.94,185.19,10,3,11,0.375,0.106,-5.539,-5.712,US20230081501A1,2023,YALE UNIVERSITY
CCCS(=O)(=O)Nc1ccc(F)c(C(=O)c2c[nH]c3ncc(-c4ccc(N5CCC(CN6CCN(c7ccc8c(c7)CN(C7CCC(=O)NC7=O)C8=O)CC6)CC5)cc4)cc23)c1F,CCCS(=O)(=O)Nc1ccc(F)c(C(=O)c2c[nH]c3ncc(-c4ccc([*:1])cc4)cc23)c1F,C1CN([*:1])CCC1CN1CCN([*:2])CC1,O=C1CCC(N2Cc3cc([*:2])ccc3C2=O)C(=O)N1,RAF,CRBN,879.0,5.69,168.12,10,3,12,0.37,0.105,-5.602,-5.271,US20230081501A1,2023,YALE UNIVERSITY
CCCS(=O)(=O)Nc1ccc(F)c(C(=O)c2c[nH]c3ncc(-c4ccc(N5CCN(CC6CCN(c7ccc8c(c7)CN(C7CCC(=O)NC7=O)C8=O)CC6)CC5)cc4)cc23)c1F,CCCS(=O)(=O)Nc1ccc(F)c(C(=O)c2c[nH]c3ncc(-c4ccc([*:1])cc4)cc23)c1F,C1CN([*:2])CCC1CN1CCN([*:1])CC1,O=C1CCC(N2Cc3cc([*:2])ccc3C2=O)C(=O)N1,RAF,CRBN,879.0,5.69,168.12,10,3,12,0.37,0.105,-5.602,-5.224,US20230081501A1,2023,YALE UNIVERSITY
CCCS(=O)(=O)Nc1ccc(F)c(C(=O)c2c[nH]c3ncc(-c4ccc(N5CCC(CN6CCC(c7ccc8c(c7)CN(C7CCC(=O)NC7=O)C8=O)CC6)CC5)cc4)cc23)c1F,CCCS(=O)(=O)Nc1ccc(F)c(C(=O)c2c[nH]c3ncc(-c4ccc([*:1])cc4)cc23)c1F,C1CN([*:1])CCC1CN1CCC([*:2])CC1,O=C1CCC(N2Cc3cc([*:2])ccc3C2=O)C(=O)N1,RAF,CRBN,878.01,6.75,164.88,9,3,12,0.383,0.091,-5.604,-5.274,US20230081501A1,2023,YALE UNIVERSITY
CCN(C)S(=O)(=O)Nc1ccc(F)c(C(=O)c2c[nH]c3ncc(-c4ccc(N5CCC(CN6CCC(c7ccc8c(c7)CN(C7CCC(=O)NC7=O)C8=O)CC6)CC5)cc4)cc23)c1F,CCN(C)S(=O)(=O)Nc1ccc(F)c(C(=O)c2c[nH]c3ncc(-c4ccc([*:1])cc4)cc23)c1F,C1CN([*:1])CCC1CN1CCC([*:2])CC1,O=C1CCC(N2Cc3cc([*:2])ccc3C2=O)C(=O)N1,RAF,CRBN,893.03,6.2,168.12,9,3,12,0.383,0.098,-5.493,-5.344,US20230081501A1,2023,YALE UNIVERSITY
O=C1CCC(N2Cc3ccc(C4CCN(CC5CCN(c6ccc(-c7cnc8[nH]cc(C(=O)c9c(F)ccc(NS(=O)(=O)N%10CCC(F)C%10)c9F)c8c7)cc6)CC5)CC4)cc3C2=O)C(=O)N1,O=C(c1c(F)ccc(NS(=O)(=O)N2CCC(F)C2)c1F)c1c[nH]c2ncc(-c3ccc([*:1])cc3)cc12,C1CN([*:1])CCC1CN1CCC([*:2])CC1,O=C1CCC(N2Cc3ccc([*:2])cc3C2=O)C(=O)N1,RAF,CRBN,923.03,6.3,168.12,9,3,11,0.396,0.102,-5.464,-5.453,US20230081501A1,2023,YALE UNIVERSITY
O=C1CCC(N2Cc3cc(C4CCN(CC5CCN(c6ccc(-c7cnc8[nH]cc(C(=O)c9c(F)ccc(NS(=O)(=O)N%10CCC(F)C%10)c9F)c8c7)cc6)CC5)CC4)c(F)cc3C2=O)C(=O)N1,O=C(c1c(F)ccc(NS(=O)(=O)N2CCC(F)C2)c1F)c1c[nH]c2ncc(-c3ccc([*:1])cc3)cc12,C1CN([*:1])CCC1CN1CCC([*:2])CC1,O=C1CCC(N2Cc3cc([*:2])c(F)cc3C2=O)C(=O)N1,RAF,CRBN,941.02,6.44,168.12,9,3,11,0.396,0.077,-5.349,-5.967,US20230081501A1,2023,YALE UNIVERSITY
O=C1CCC(N2Cc3cc(N4CCN(CCc5ccc(-c6cnc7[nH]cc(C(=O)c8c(F)ccc(NS(=O)(=O)N9CCC(F)C9)c8F)c7c6)cc5)CC4)c(F)cc3C2=O)C(=O)N1,O=C(c1c(F)ccc(NS(=O)(=O)N2CCC(F)C2)c1F)c1c[nH]c2ncc(-c3ccc([*:1])cc3)cc12,C1CN([*:2])CCN1CC[*:1],O=C1CCC(N2Cc3cc([*:2])c(F)cc3C2=O)C(=O)N1,RAF,CRBN,872.9,4.7,168.12,9,3,11,0.326,0.097,-5.396,-5.177,US20230081501A1,2023,YALE UNIVERSITY
O=C1CCC(N2Cc3cc(OCCCCN4CCN(c5ncc(-c6cnc7[nH]cc(C(=O)c8c(F)ccc(NS(=O)(=O)N9CCC(F)C9)c8F)c7c6)cn5)CC4)ccc3C2=O)C(=O)N1,O=C(c1c(F)ccc(NS(=O)(=O)N2CCC(F)C2)c1F)c1c[nH]c2ncc(-c3cnc([*:1])nc3)cc12,C(CCN1CCN([*:1])CC1)CO[*:2],O=C1CCC(N2Cc3cc([*:2])ccc3C2=O)C(=O)N1,RAF,CRBN,900.94,3.97,203.13,12,3,14,0.372,0.082,-5.602,-4.792,US20230081501A1,2023,YALE UNIVERSITY
O=C1CCC(N2Cc3cc(OCCCCN4CCN(c5ccc(-c6cnc7[nH]cc(C(=O)c8c(F)ccc(NS(=O)(=O)N9CCC(F)C9)c8F)c7c6)cn5)CC4)ccc3C2=O)C(=O)N1,O=C(c1c(F)ccc(NS(=O)(=O)N2CCC(F)C2)c1F)c1c[nH]c2ncc(-c3ccc([*:1])nc3)cc12,C(CCN1CCN([*:1])CC1)CO[*:2],O=C1CCC(N2Cc3cc([*:2])ccc3C2=O)C(=O)N1,RAF,CRBN,899.95,4.58,190.24,11,3,14,0.364,0.08,-5.592,-4.688,US20230081501A1,2023,YALE UNIVERSITY
O=C1CCC(N2Cc3cc(OCCCCN4CCN(c5ccc(-c6cnc7[nH]cc(C(=O)c8c(F)ccc(NS(=O)(=O)N9CCC(F)C9)c8F)c7c6)cc5F)CC4)ccc3C2=O)C(=O)N1,O=C(c1c(F)ccc(NS(=O)(=O)N2CCC(F)C2)c1F)c1c[nH]c2ncc(-c3ccc([*:1])c(F)c3)cc12,C(CCN1CCN([*:1])CC1)CO[*:2],O=C1CCC(N2Cc3cc([*:2])ccc3C2=O)C(=O)N1,RAF,CRBN,916.95,5.32,177.35,10,3,14,0.356,0.057,-5.501,-4.817,US20230081501A1,2023,YALE UNIVERSITY
O=C1CCC(N2Cc3cc(C4CCN(CC5CCN(c6ccc(-c7cnc8[nH]cc(C(=O)c9c(F)ccc(NS(=O)(=O)N%10CCC(F)C%10)c9F)c8c7)cc6F)CC5)CC4)ccc3C2=O)C(=O)N1,O=C(c1c(F)ccc(NS(=O)(=O)N2CCC(F)C2)c1F)c1c[nH]c2ncc(-c3ccc([*:1])c(F)c3)cc12,C1CN([*:1])CCC1CN1CCC([*:2])CC1,O=C1CCC(N2Cc3cc([*:2])ccc3C2=O)C(=O)N1,RAF,CRBN,941.02,6.44,168.12,9,3,11,0.396,0.077,-5.353,-5.807,US20230081501A1,2023,YALE UNIVERSITY
O=C1CCC(N2Cc3cc(N4CCC(CN5CC6(C5)CN(c5ccc(-c7cnc8[nH]cc(C(=O)c9c(F)ccc(NS(=O)(=O)N%10CCC(F)C%10)c9F)c8c7)cc5)C6)CC4)c(F)cc3C2=O)C(=O)N1,O=C(c1c(F)ccc(NS(=O)(=O)N2CCC(F)C2)c1F)c1c[nH]c2ncc(-c3ccc(N4CC5(C4)CN([*:1])C5)cc3)cc12,C1CN([*:2])CCC1C[*:1],O=C1CCC(N2Cc3cc([*:2])c(F)cc3C2=O)C(=O)N1,RAF,CRBN,954.02,5.38,171.36,10,3,11,0.396,0.089,-5.538,-5.408,US20230081501A1,2023,YALE UNIVERSITY
O=C1CCC(N2Cc3cc(C4CCN(CC5CCN(c6ncc(-c7cnc8[nH]cc(C(=O)c9c(F)ccc(NS(=O)(=O)N%10CCC(F)C%10)c9F)c8c7)cn6)CC5)CC4)ccc3C2=O)C(=O)N1,O=C(c1c(F)ccc(NS(=O)(=O)N2CCC(F)C2)c1F)c1c[nH]c2ncc(-c3cnc([*:1])nc3)cc12,C1CN([*:1])CCC1CN1CCC([*:2])CC1,O=C1CCC(N2Cc3cc([*:2])ccc3C2=O)C(=O)N1,RAF,CRBN,925.01,5.09,193.9,11,3,11,0.413,0.118,-5.463,-5.946,US20230081501A1,2023,YALE UNIVERSITY
O=C1CCC(N2Cc3cc(N4CCC(CN5CCN(c6ccc(-c7cnc8[nH]cc(C(=O)c9c(F)ccc(NS(=O)(=O)N%10CCC(F)C%10)c9F)c8c7)cc6)CC5)CC4)c(F)cc3C2=O)C(=O)N1,O=C(c1c(F)ccc(NS(=O)(=O)N2CCC(F)C2)c1F)c1c[nH]c2ncc(-c3ccc([*:1])cc3)cc12,C1CN([*:2])CCC1CN1CCN([*:1])CC1,O=C1CCC(N2Cc3cc([*:2])c(F)cc3C2=O)C(=O)N1,RAF,CRBN,942.01,5.38,171.36,10,3,11,0.383,0.089,-5.38,-5.831,US20230081501A1,2023,YALE UNIVERSITY
O=C1CCC(N2Cc3cc(N4CCC(CN5CCN(c6ccc(-c7cnc8[nH]cc(C(=O)c9c(F)ccc(NS(=O)(=O)N%10CCC(F)C%10)c9F)c8c7)cn6)CC5)CC4)ccc3C2=O)C(=O)N1,O=C(c1c(F)ccc(NS(=O)(=O)N2CCC(F)C2)c1F)c1c[nH]c2ncc(-c3ccc([*:1])nc3)cc12,C1CN([*:2])CCC1CN1CCN([*:1])CC1,O=C1CCC(N2Cc3cc([*:2])ccc3C2=O)C(=O)N1,RAF,CRBN,925.01,4.63,184.25,11,3,11,0.391,0.124,-5.507,-5.545,US20230081501A1,2023,YALE UNIVERSITY
O=C1CCC(N2Cc3cc(C4CCN(CC5CCN(c6ccc(-c7cnc8[nH]cc(C(=O)c9c(F)ccc(NS(=O)(=O)N%10CCC(F)C%10)c9F)c8c7)cn6)CC5)CC4)ccc3C2=O)C(=O)N1,O=C(c1c(F)ccc(NS(=O)(=O)N2CCC(F)C2)c1F)c1c[nH]c2ncc(-c3ccc([*:1])nc3)cc12,C1CN([*:1])CCC1CN1CCC([*:2])CC1,O=C1CCC(N2Cc3cc([*:2])ccc3C2=O)C(=O)N1,RAF,CRBN,924.02,5.69,181.01,10,3,11,0.404,0.11,-5.493,-5.686,US20230081501A1,2023,YALE UNIVERSITY
O=C1CCC(N2Cc3cc(N4CCC(CN5CCN(c6ncc(-c7cnc8[nH]cc(C(=O)c9c(F)ccc(NS(=O)(=O)N%10CCC(F)C%10)c9F)c8c7)cn6)CC5)CC4)ccc3C2=O)C(=O)N1,O=C(c1c(F)ccc(NS(=O)(=O)N2CCC(F)C2)c1F)c1c[nH]c2ncc(-c3cnc([*:1])nc3)cc12,C1CN([*:2])CCC1CN1CCN([*:1])CC1,O=C1CCC(N2Cc3cc([*:2])ccc3C2=O)C(=O)N1,RAF,CRBN,925.99,4.03,197.14,12,3,11,0.4,0.127,-5.532,-5.406,US20230081501A1,2023,YALE UNIVERSITY
O=C1CCC(N2Cc3cc(N4CCC(CN5CCN(c6ccc(-c7cnc8[nH]cc(C(=O)c9c(F)ccc(NS(=O)(=O)N%10CCC(F)C%10)c9F)c8c7)cc6F)CC5)CC4)ccc3C2=O)C(=O)N1,O=C(c1c(F)ccc(NS(=O)(=O)N2CCC(F)C2)c1F)c1c[nH]c2ncc(-c3ccc([*:1])c(F)c3)cc12,C1CN([*:2])CCC1CN1CCN([*:1])CC1,O=C1CCC(N2Cc3cc([*:2])ccc3C2=O)C(=O)N1,RAF,CRBN,942.01,5.38,171.36,10,3,11,0.383,0.089,-5.38,-5.919,US20230081501A1,2023,YALE UNIVERSITY
O=C1CCC(N2Cc3cc(N4CC(CN5CCC(c6ccc(-c7cnc8[nH]cc(C(=O)c9c(F)ccc(NS(=O)(=O)N%10CCC(F)C%10)c9F)c8c7)cc6)CC5)C4)ccc3C2=O)C(=O)N1,O=C(c1c(F)ccc(NS(=O)(=O)N2CCC(F)C2)c1F)c1c[nH]c2ncc(-c3ccc([*:1])cc3)cc12,C1CN(CC2CN([*:2])C2)CCC1[*:1],O=C1CCC(N2Cc3cc([*:2])ccc3C2=O)C(=O)N1,RAF,CRBN,894.98,5.52,168.12,9,3,11,0.37,0.114,-5.608,-5.294,US20230081501A1,2023,YALE UNIVERSITY
CS(=O)(=O)c1ccc(-c2cccc3nc(Nc4ccc(N5CCN(C(=O)CCCCCNc6ccc7c(c6)CN(C6CCC(=O)NC6=O)C7=O)CC5)cc4)nn23)cc1,CS(=O)(=O)c1ccc(-c2cccc3nc(Nc4ccc([*:1])cc4)nn23)cc1,O=C(CCCCCN[*:2])N1CCN([*:1])CC1,O=C1CCC(N2Cc3cc([*:2])ccc3C2=O)C(=O)N1,JAK,CRBN,803.95,4.63,178.42,11,3,13,0.333,0.112,-5.548,-3.657,CN116323570A,2023,SHANGHAI CULLGEN INC
CS(=O)(=O)c1ccc(-c2cccc3nc(Nc4ccc(N5CCN(C(=O)CCCCCNc6ccc7c(c6)C(=O)N(C6CCC(=O)NC6=O)C7)CC5)cc4)nn23)cc1,CS(=O)(=O)c1ccc(-c2cccc3nc(Nc4ccc([*:1])cc4)nn23)cc1,O=C(CCCCCN[*:2])N1CCN([*:1])CC1,O=C1CCC(N2Cc3ccc([*:2])cc3C2=O)C(=O)N1,JAK,CRBN,803.95,4.63,178.42,11,3,13,0.333,0.112,-5.55,-3.633,CN116323570A,2023,SHANGHAI CULLGEN INC
CS(=O)(=O)c1ccc(-c2cccc3nc(Nc4ccc(N5CCN(C(=O)CCCCCNc6ccc7c(c6)C(=O)N(C6CCC(=O)NC6=O)C7=O)CC5)cc4)nn23)cc1,CS(=O)(=O)c1ccc(-c2cccc3nc(Nc4ccc([*:1])cc4)nn23)cc1,O=C(CCCCCN[*:2])N1CCN([*:1])CC1,O=C1CCC(N2C(=O)c3ccc([*:2])cc3C2=O)C(=O)N1,JAK,CRBN,817.93,4.27,195.49,12,3,13,0.31,0.113,-5.58,-3.856,CN116323570A,2023,SHANGHAI CULLGEN INC
CS(=O)(=O)c1ccc(-c2cccc3nc(Nc4ccc(N5CCN(C(=O)CCOCCOCCOCCNc6ccc7c(c6)C(=O)N(C6CCC(=O)NC6=O)C7=O)CC5)cc4)nn23)cc1,CS(=O)(=O)c1ccc(-c2cccc3nc(Nc4ccc([*:1])cc4)nn23)cc1,O=C(CCOCCOCCOCCN[*:2])N1CCN([*:1])CC1,O=C1CCC(N2C(=O)c3ccc([*:2])cc3C2=O)C(=O)N1,JAK,CRBN,908.01,3.15,223.18,15,3,19,0.356,0.08,-5.583,-3.175,CN116323570A,2023,SHANGHAI CULLGEN INC
CS(=O)(=O)c1ccc(-c2cccc3nc(Nc4ccc(N5CCN(C(=O)CCOCCOCCNc6ccc7c(c6)C(=O)N(C6CCC(=O)NC6=O)C7=O)CC5)cc4)nn23)cc1,CS(=O)(=O)c1ccc(-c2cccc3nc(Nc4ccc([*:1])cc4)nn23)cc1,O=C(CCOCCOCCN[*:2])N1CCN([*:1])CC1,O=C1CCC(N2C(=O)c3ccc([*:2])cc3C2=O)C(=O)N1,JAK,CRBN,863.95,3.13,213.95,14,3,16,0.326,0.096,-5.63,-3.323,CN116323570A,2023,SHANGHAI CULLGEN INC
Cc1cnc(Nc2ccc(N3CCN(C(=O)CNc4ccc5c(c4)C(=O)N(C4CCC(=O)NC4=O)C5=O)CC3)cc2)nc1Nc1cccc(S(=O)(=O)NC(C)(C)C)c1,Cc1cnc(Nc2ccc([*:1])cc2)nc1Nc1cccc(S(=O)(=O)NC(C)(C)C)c1,O=C(CN[*:2])N1CCN([*:1])CC1,O=C1CCC(N2C(=O)c3ccc([*:2])cc3C2=O)C(=O)N1,JAK,CRBN,808.92,3.51,215.14,13,5,11,0.325,0.137,-5.632,-3.346,CN116323570A,2023,SHANGHAI CULLGEN INC
Cc1cnc(Nc2ccc(N3CCN(C(=O)CCCCCCNc4ccc5c(c4)C(=O)N(C4CCC(=O)NC4=O)C5=O)CC3)cc2)nc1Nc1cccc(S(=O)(=O)NC(C)(C)C)c1,Cc1cnc(Nc2ccc([*:1])cc2)nc1Nc1cccc(S(=O)(=O)NC(C)(C)C)c1,O=C(CCCCCCN[*:2])N1CCN([*:1])CC1,O=C1CCC(N2C(=O)c3ccc([*:2])cc3C2=O)C(=O)N1,JAK,CRBN,879.06,5.46,215.14,13,5,16,0.4,0.07,-5.638,-3.815,CN116323570A,2023,SHANGHAI CULLGEN INC
O=C1CCC(N2C(=O)c3ccc(N4CCN(CC5CCN(c6ccc(C7c8ccc(O)cc8OCC7c7ccccc7)cc6)CC5)CC4)cc3C2=O)C(=O)N1,Oc1ccc2c(c1)OCC(c1ccccc1)C2c1ccc([*:1])cc1,C1CN([*:1])CCC1CN1CCN([*:2])CC1,O=C1CCC(N2C(=O)c3ccc([*:2])cc3C2=O)C(=O)N1,ER,CRBN,739.87,5.14,122.73,9,2,7,0.364,0.248,-5.616,-5.033,US10800770B1,2020,ACCUTAR BIOTECHNOLOGY INC
O=C1CCC(N2C(=O)c3ccc(N4CCN(CC5CCN(c6ccc(C7c8ccc(O)cc8OCC7c7ccccc7)cc6F)CC5)CC4)cc3C2=O)C(=O)N1,Oc1ccc2c(c1)OCC(c1ccccc1)C2c1ccc([*:1])c(F)c1,C1CN([*:1])CCC1CN1CCN([*:2])CC1,O=C1CCC(N2C(=O)c3ccc([*:2])cc3C2=O)C(=O)N1,ER,CRBN,757.86,5.28,122.73,9,2,7,0.364,0.243,-5.554,-4.825,US10800770B1,2020,ACCUTAR BIOTECHNOLOGY INC
O=C1CCC(N2Cc3cc(N4CCN(CC5CCN(c6ccc(C7c8ccc(O)cc8OCC7c7ccccc7)cc6)CC5)CC4)ccc3C2=O)C(=O)N1,Oc1ccc2c(c1)OCC(c1ccccc1)C2c1ccc([*:1])cc1,C1CN([*:1])CCC1CN1CCN([*:2])CC1,O=C1CCC(N2Cc3cc([*:2])ccc3C2=O)C(=O)N1,ER,CRBN,725.89,5.5,105.66,8,2,7,0.386,0.241,-5.585,-4.751,US10800770B1,2020,ACCUTAR BIOTECHNOLOGY INC
Cc1cc(C2COc3cc(O)ccc3C2c2ccc(N3CCC(CN4CCN(c5ccc6c(c5)CN(C5CCC(=O)NC5=O)C6=O)CC4)CC3)c(F)c2)ccc1F,Cc1cc(C2COc3cc(O)ccc3C2c2ccc([*:1])c(F)c2)ccc1F,C1CN([*:1])CCC1CN1CCN([*:2])CC1,O=C1CCC(N2Cc3cc([*:2])ccc3C2=O)C(=O)N1,ER,CRBN,775.9,6.09,105.66,8,2,7,0.4,0.218,-5.583,-5.193,US10800770B1,2020,ACCUTAR BIOTECHNOLOGY INC
Cc1cccc(C2COc3cc(O)ccc3C2c2ccc(N3CCC(CN4CCN(c5ccc6c(c5)CN(C5CCC(=O)NC5=O)C6=O)CC4)CC3)c(F)c2)c1,Cc1cccc(C2COc3cc(O)ccc3C2c2ccc([*:1])c(F)c2)c1,C1CN([*:1])CCC1CN1CCN([*:2])CC1,O=C1CCC(N2Cc3cc([*:2])ccc3C2=O)C(=O)N1,ER,CRBN,757.91,5.95,105.66,8,2,7,0.4,0.223,-5.495,-4.733,US10800770B1,2020,ACCUTAR BIOTECHNOLOGY INC
COc1cccc(C2COc3cc(O)ccc3C2c2ccc(N3CCC(CN4CCN(c5cc6c(cc5F)C(=O)N(C5CCC(=O)NC5=O)C6)CC4)CC3)cc2)c1,COc1cccc(C2COc3cc(O)ccc3C2c2ccc([*:1])cc2)c1,C1CN([*:1])CCC1CN1CCN([*:2])CC1,O=C1CCC(N2Cc3cc([*:2])c(F)cc3C2=O)C(=O)N1,ER,CRBN,773.91,5.65,114.89,9,2,8,0.4,0.22,-5.531,-4.673,US10800770B1,2020,ACCUTAR BIOTECHNOLOGY INC
O=C1CCC(N2Cc3cc(OCCCCCN4CCN(c5ccc(C6c7ccc(O)cc7OCC6c6ccccc6)cc5)CC4)ccc3C2=O)C(=O)N1,Oc1ccc2c(c1)OCC(c1ccccc1)C2c1ccc([*:1])cc1,C(CCO[*:2])CCN1CCN([*:1])CC1,O=C1CCC(N2Cc3cc([*:2])ccc3C2=O)C(=O)N1,ER,CRBN,714.86,5.83,111.65,8,2,11,0.372,0.148,-5.469,-4.014,US10800770B1,2020,ACCUTAR BIOTECHNOLOGY INC
O=C1CCC(N2C(=O)c3ccc(N4CCN(CCCCCOc5ccc(C6c7ccc(O)cc7OCC6c6ccccc6)cc5)CC4)cc3C2=O)C(=O)N1,Oc1ccc2c(c1)OCC(c1ccccc1)C2c1ccc([*:1])cc1,C(CCO[*:1])CCN1CCN([*:2])CC1,O=C1CCC(N2C(=O)c3ccc([*:2])cc3C2=O)C(=O)N1,ER,CRBN,728.85,5.47,128.72,9,2,11,0.349,0.153,-5.453,-4.305,US10800770B1,2020,ACCUTAR BIOTECHNOLOGY INC
O=C1CCC(N2Cc3cc(N4CCN(CCCCCOc5ccc(C6c7ccc(O)cc7OCC6c6ccccc6)cc5)CC4)ccc3C2=O)C(=O)N1,Oc1ccc2c(c1)OCC(c1ccccc1)C2c1ccc([*:1])cc1,C(CCO[*:1])CCN1CCN([*:2])CC1,O=C1CCC(N2Cc3cc([*:2])ccc3C2=O)C(=O)N1,ER,CRBN,714.86,5.83,111.65,8,2,11,0.372,0.148,-5.469,-4.002,US10800770B1,2020,ACCUTAR BIOTECHNOLOGY INC
Cc1cc(C2COc3cc(O)ccc3C2c2ccc(OCCCCCN3CCN(c4ccc5c(c4)CN(C4CCC(=O)NC4=O)C5=O)CC3)c(F)c2)ccc1F,Cc1cc(C2COc3cc(O)ccc3C2c2ccc([*:1])c(F)c2)ccc1F,C(CCO[*:1])CCN1CCN([*:2])CC1,O=C1CCC(N2Cc3cc([*:2])ccc3C2=O)C(=O)N1,ER,CRBN,764.87,6.42,111.65,8,2,11,0.386,0.133,-5.415,-4.751,US10800770B1,2020,ACCUTAR BIOTECHNOLOGY INC
Cc1cccc(C2COc3cc(O)ccc3C2c2ccc(OCCCCCN3CCN(c4ccc5c(c4)CN(C4CCC(=O)NC4=O)C5=O)CC3)c(F)c2)c1,Cc1cccc(C2COc3cc(O)ccc3C2c2ccc([*:1])c(F)c2)c1,C(CCO[*:1])CCN1CCN([*:2])CC1,O=C1CCC(N2Cc3cc([*:2])ccc3C2=O)C(=O)N1,ER,CRBN,746.88,6.28,111.65,8,2,11,0.386,0.136,-5.346,-4.19,US10800770B1,2020,ACCUTAR BIOTECHNOLOGY INC
Cc1cc(C2COc3cc(O)ccc3C2c2ccc(OCCCCCN3CCN(c4ccc5c(c4)CN(C4CCC(=O)NC4=O)C5=O)CC3)cc2)ccc1F,Cc1cc(C2COc3cc(O)ccc3C2c2ccc([*:1])cc2)ccc1F,C(CCO[*:1])CCN1CCN([*:2])CC1,O=C1CCC(N2Cc3cc([*:2])ccc3C2=O)C(=O)N1,ER,CRBN,746.88,6.28,111.65,8,2,11,0.386,0.136,-5.416,-4.665,US10800770B1,2020,ACCUTAR BIOTECHNOLOGY INC
O=C1CCC(N2C(=O)c3ccc(N4CCN(CCC5CCN(c6ccc(C7c8ccc(O)cc8OCC7c7ccccc7)cc6)CC5)CC4)cc3C2=O)C(=O)N1,Oc1ccc2c(c1)OCC(c1ccccc1)C2c1ccc([*:1])cc1,C(CN1CCN([*:2])CC1)C1CCN([*:1])CC1,O=C1CCC(N2C(=O)c3ccc([*:2])cc3C2=O)C(=O)N1,ER,CRBN,753.9,5.53,122.73,9,2,8,0.378,0.224,-5.472,-4.896,US10800770B1,2020,ACCUTAR BIOTECHNOLOGY INC
O=C1CCC(N2C(=O)c3cc(F)c(N4CCN(CC5CCN(c6ccc(C7c8ccc(O)cc8OCC7c7ccccc7)cc6)CC5)CC4)cc3C2=O)C(=O)N1,Oc1ccc2c(c1)OCC(c1ccccc1)C2c1ccc([*:1])cc1,C1CN([*:1])CCC1CN1CCN([*:2])CC1,O=C1CCC(N2C(=O)c3cc(F)c([*:2])cc3C2=O)C(=O)N1,ER,CRBN,757.86,5.28,122.73,9,2,7,0.364,0.243,-5.574,-4.761,US10800770B1,2020,ACCUTAR BIOTECHNOLOGY INC
Cc1cccc(C2COc3cc(O)ccc3C2c2ccc(N3CCC(CN4CCN(c5ccc6c(c5)CN(C5CCC(=O)NC5=O)C6=O)CC4)CC3)cc2)c1,Cc1cccc(C2COc3cc(O)ccc3C2c2ccc([*:1])cc2)c1,C1CN([*:1])CCC1CN1CCN([*:2])CC1,O=C1CCC(N2Cc3cc([*:2])ccc3C2=O)C(=O)N1,ER,CRBN,739.92,5.81,105.66,8,2,7,0.4,0.229,-5.511,-4.735,US10800770B1,2020,ACCUTAR BIOTECHNOLOGY INC
COc1cccc(C2COc3cc(O)ccc3C2c2ccc(N3CCC(CN4CCN(c5ccc6c(c5)CN(C5CCC(=O)NC5=O)C6=O)CC4)CC3)cc2)c1,COc1cccc(C2COc3cc(O)ccc3C2c2ccc([*:1])cc2)c1,C1CN([*:1])CCC1CN1CCN([*:2])CC1,O=C1CCC(N2Cc3cc([*:2])ccc3C2=O)C(=O)N1,ER,CRBN,755.92,5.51,114.89,9,2,8,0.4,0.225,-5.613,-5.063,US10800770B1,2020,ACCUTAR BIOTECHNOLOGY INC
Cc1cc(C2COc3cc(O)ccc3C2c2ccc(N3CCC(CN4CCN(c5ccc6c(c5)CN(C5CCC(=O)NC5=O)C6=O)CC4)CC3)cc2)ccc1F,Cc1cc(C2COc3cc(O)ccc3C2c2ccc([*:1])cc2)ccc1F,C1CN([*:1])CCC1CN1CCN([*:2])CC1,O=C1CCC(N2Cc3cc([*:2])ccc3C2=O)C(=O)N1,ER,CRBN,757.91,5.95,105.66,8,2,7,0.4,0.223,-5.527,-4.992,US10800770B1,2020,ACCUTAR BIOTECHNOLOGY INC
COc1cccc(C2COc3cc(O)ccc3C2c2ccc(N3CCC(CN4CCN(c5cc6c(cc5F)C(=O)N(C5CCC(=O)NC5=O)C6)CC4)CC3)c(F)c2)c1,COc1cccc(C2COc3cc(O)ccc3C2c2ccc([*:1])c(F)c2)c1,C1CN([*:1])CCC1CN1CCN([*:2])CC1,O=C1CCC(N2Cc3cc([*:2])c(F)cc3C2=O)C(=O)N1,ER,CRBN,791.9,5.79,114.89,9,2,8,0.4,0.214,-5.555,-4.586,US10800770B1,2020,ACCUTAR BIOTECHNOLOGY INC
COc1cccc(C2COc3cc(O)ccc3C2c2ccc(N3CCC(CN4CCN(c5cc6c(cc5F)C(=O)N(C5CCC(=O)NC5=O)C6=O)CC4)CC3)c(F)c2)c1,COc1cccc(C2COc3cc(O)ccc3C2c2ccc([*:1])c(F)c2)c1,C1CN([*:1])CCC1CN1CCN([*:2])CC1,O=C1CCC(N2C(=O)c3cc(F)c([*:2])cc3C2=O)C(=O)N1,ER,CRBN,805.88,5.43,131.96,10,2,8,0.378,0.223,-5.591,-4.881,US10800770B1,2020,ACCUTAR BIOTECHNOLOGY INC
COc1cccc(C2COc3cc(O)ccc3C2c2ccc(N3CCC(CN4CCN(c5cc6c(cc5F)C(=O)N(C5CCC(=O)NC5=O)C6=O)CC4)CC3)cc2)c1,COc1cccc(C2COc3cc(O)ccc3C2c2ccc([*:1])cc2)c1,C1CN([*:1])CCC1CN1CCN([*:2])CC1,O=C1CCC(N2C(=O)c3cc(F)c([*:2])cc3C2=O)C(=O)N1,ER,CRBN,787.89,5.29,131.96,10,2,8,0.378,0.227,-5.592,-4.985,US10800770B1,2020,ACCUTAR BIOTECHNOLOGY INC
Cc1cc(C2COc3cc(O)ccc3C2c2ccc(N3CCC(CN4CCN(c5cc6c(cc5F)C(=O)N(C5CCC(=O)NC5=O)C6)CC4)CC3)c(F)c2)ccc1F,Cc1cc(C2COc3cc(O)ccc3C2c2ccc([*:1])c(F)c2)ccc1F,C1CN([*:1])CCC1CN1CCN([*:2])CC1,O=C1CCC(N2Cc3cc([*:2])c(F)cc3C2=O)C(=O)N1,ER,CRBN,793.89,6.23,105.66,8,2,7,0.4,0.213,-5.637,-5.428,US10800770B1,2020,ACCUTAR BIOTECHNOLOGY INC
Cc1cc(C2COc3cc(O)ccc3C2c2ccc(N3CCC(CN4CCN(c5cc6c(cc5F)C(=O)N(C5CCC(=O)NC5=O)C6)CC4)CC3)cc2)ccc1F,Cc1cc(C2COc3cc(O)ccc3C2c2ccc([*:1])cc2)ccc1F,C1CN([*:1])CCC1CN1CCN([*:2])CC1,O=C1CCC(N2Cc3cc([*:2])c(F)cc3C2=O)C(=O)N1,ER,CRBN,775.9,6.09,105.66,8,2,7,0.4,0.218,-5.576,-5.109,US10800770B1,2020,ACCUTAR BIOTECHNOLOGY INC
Cc1cccc(C2COc3cc(O)ccc3C2c2ccc(N3CCC(CN4CCN(c5cc6c(cc5F)C(=O)N(C5CCC(=O)NC5=O)C6)CC4)CC3)c(F)c2)c1,Cc1cccc(C2COc3cc(O)ccc3C2c2ccc([*:1])c(F)c2)c1,C1CN([*:1])CCC1CN1CCN([*:2])CC1,O=C1CCC(N2Cc3cc([*:2])c(F)cc3C2=O)C(=O)N1,ER,CRBN,775.9,6.09,105.66,8,2,7,0.4,0.218,-5.505,-4.994,US10800770B1,2020,ACCUTAR BIOTECHNOLOGY INC
Cc1cccc(C2COc3cc(O)ccc3C2c2ccc(N3CCC(CN4CCN(c5cc6c(cc5F)C(=O)N(C5CCC(=O)NC5=O)C6)CC4)CC3)cc2)c1,Cc1cccc(C2COc3cc(O)ccc3C2c2ccc([*:1])cc2)c1,C1CN([*:1])CCC1CN1CCN([*:2])CC1,O=C1CCC(N2Cc3cc([*:2])c(F)cc3C2=O)C(=O)N1,ER,CRBN,757.91,5.95,105.66,8,2,7,0.4,0.223,-5.489,-4.728,US10800770B1,2020,ACCUTAR BIOTECHNOLOGY INC
CC1(C)C(Oc2ccc(C#N)c(Cl)c2)C(C)(C)C1N1Cc2cc(C#CC3CCN(C4CCN(c5ccc6c(c5)C(=O)N(C5CCC(=O)NC5=O)C6=O)CC4)CC3)ccc2C1=O,CC1(C)C(Oc2ccc(C#N)c(Cl)c2)C(C)(C)C1N1Cc2cc([*:1])ccc2C1=O,C(#C[*:1])C1CCN(C2CCN([*:2])CC2)CC1,O=C1CCC(N2C(=O)c3ccc([*:2])cc3C2=O)C(=O)N1,AR,CRBN,841.41,6.18,143.36,9,1,6,0.458,0.227,-5.528,-6.743,WO2022011204A1,2022,UNIVERSITY OF MICHIGAN
Cc1ncc(NC(=O)N2CCC(CC(F)(F)F)C2)cc1-c1cnc(OCCN2CCN(c3ccc4c(c3F)CN(C3CCC(=O)NC3=O)C4=O)CC2)c(N2CCOCC2)c1,Cc1ncc(NC(=O)N2CCC(CC(F)(F)F)C2)cc1-c1cnc([*:1])c(N2CCOCC2)c1,C(CN1CCN([*:2])CC1)O[*:1],O=C1CCC(N2Cc3c(ccc([*:2])c3F)C2=O)C(=O)N1,RAF,CRBN,837.88,4.2,152.78,11,2,10,0.512,0.223,-5.469,-3.945,WO2022066580A1,2022,KINNATE BIOPHARMA INC
Cc1ncc(NC(=O)N2CCC(CC(F)(F)F)C2)cc1-c1cnc(OCCN2CCN(c3cc4c(cc3F)C(=O)N(C3CCC(=O)NC3=O)C4)CC2)c(N2CCOCC2)c1,Cc1ncc(NC(=O)N2CCC(CC(F)(F)F)C2)cc1-c1cnc([*:1])c(N2CCOCC2)c1,C(CN1CCN([*:2])CC1)O[*:1],O=C1CCC(N2Cc3cc([*:2])c(F)cc3C2=O)C(=O)N1,RAF,CRBN,837.88,4.2,152.78,11,2,10,0.512,0.223,-5.455,-3.96,WO2022066580A1,2022,KINNATE BIOPHARMA INC
Cc1ccc(NC(=O)N2CCC(CC(F)(F)F)C2)cc1-c1cnc(OCCN2CCN(c3ccc4c(c3F)CN(C3CCC(=O)NC3=O)C4=O)CC2)c(N2CCOCC2)c1,Cc1ccc(NC(=O)N2CCC(CC(F)(F)F)C2)cc1-c1cnc([*:1])c(N2CCOCC2)c1,C(CN1CCN([*:2])CC1)O[*:1],O=C1CCC(N2Cc3c(ccc([*:2])c3F)C2=O)C(=O)N1,RAF,CRBN,836.89,4.8,139.89,10,2,10,0.5,0.216,-5.493,-4.605,WO2022066580A1,2022,KINNATE BIOPHARMA INC
Cc1ccc(NC(=O)N2CCC(CC(F)(F)F)C2)cc1-c1cnc(OCCN2CCN(c3cc4c(cc3F)C(=O)N(C3CCC(=O)NC3=O)C4)CC2)c(N2CCOCC2)c1,Cc1ccc(NC(=O)N2CCC(CC(F)(F)F)C2)cc1-c1cnc([*:1])c(N2CCOCC2)c1,C(CN1CCN([*:2])CC1)O[*:1],O=C1CCC(N2Cc3cc([*:2])c(F)cc3C2=O)C(=O)N1,RAF,CRBN,836.89,4.8,139.89,10,2,10,0.5,0.216,-5.411,-4.628,WO2022066580A1,2022,KINNATE BIOPHARMA INC
Cc1ncc(NC(=O)N2CCC(CC(F)(F)F)C2)cc1-c1cnc(OCCN2CCN(c3ccc4c(c3)CN(C3CCC(=O)NC3=O)C4=O)CC2)c(N2CCOCC2)c1,Cc1ncc(NC(=O)N2CCC(CC(F)(F)F)C2)cc1-c1cnc([*:1])c(N2CCOCC2)c1,C(CN1CCN([*:2])CC1)O[*:1],O=C1CCC(N2Cc3cc([*:2])ccc3C2=O)C(=O)N1,RAF,CRBN,819.89,4.06,152.78,11,2,10,0.512,0.285,-5.477,-3.802,WO2022066580A1,2022,KINNATE BIOPHARMA INC
Cc1ccc(NC(=O)N2CCC(CC(F)(F)F)C2)cc1-c1cnc(OCCN2CCN(c3ccc4c(c3)CN(C3CCC(=O)NC3=O)C4=O)CC2)c(N2CCOCC2)c1,Cc1ccc(NC(=O)N2CCC(CC(F)(F)F)C2)cc1-c1cnc([*:1])c(N2CCOCC2)c1,C(CN1CCN([*:2])CC1)O[*:1],O=C1CCC(N2Cc3cc([*:2])ccc3C2=O)C(=O)N1,RAF,CRBN,818.9,4.66,139.89,10,2,10,0.5,0.278,-5.422,-4.513,WO2022066580A1,2022,KINNATE BIOPHARMA INC
Cc1ncc(NC(=O)N2CCC(CC(F)(F)F)C2)cc1-c1cnc(OCCN2CCN(c3ccc4c(c3)C(=O)N(C3CCC(=O)NC3=O)C4=O)CC2)c(N2CCOCC2)c1,Cc1ncc(NC(=O)N2CCC(CC(F)(F)F)C2)cc1-c1cnc([*:1])c(N2CCOCC2)c1,C(CN1CCN([*:2])CC1)O[*:1],O=C1CCC(N2C(=O)c3ccc([*:2])cc3C2=O)C(=O)N1,RAF,CRBN,833.87,3.7,169.85,12,2,10,0.488,0.285,-5.528,-3.908,WO2022066580A1,2022,KINNATE BIOPHARMA INC
Cc1ccc(NC(=O)N2CCC(CC(F)(F)F)C2)cc1-c1cnc(OCCN2CCN(c3ccc4c(c3)C(=O)N(C3CCC(=O)NC3=O)C4=O)CC2)c(N2CCOCC2)c1,Cc1ccc(NC(=O)N2CCC(CC(F)(F)F)C2)cc1-c1cnc([*:1])c(N2CCOCC2)c1,C(CN1CCN([*:2])CC1)O[*:1],O=C1CCC(N2C(=O)c3ccc([*:2])cc3C2=O)C(=O)N1,RAF,CRBN,832.88,4.3,156.96,11,2,10,0.476,0.281,-5.407,-4.533,WO2022066580A1,2022,KINNATE BIOPHARMA INC
CCN(C)S(=O)(=O)Nc1ccc(F)c(C(=O)c2c[nH]c3ncc(-c4ccc(N5CCN(C(=O)CCCNc6cccc7c6C(=O)N(C6CCC(=O)NC6=O)C7=O)CC5)nc4)cc23)c1F,CCN(C)S(=O)(=O)Nc1ccc(F)c(C(=O)c2c[nH]c3ncc(-c4ccc([*:1])nc4)cc23)c1F,O=C(CCCN[*:2])N1CCN([*:1])CC1,O=C1CCC(N2C(=O)c3cccc([*:2])c3C2=O)C(=O)N1,BRAF,CRBN,896.93,3.68,227.18,12,4,14,0.302,0.071,-5.63,-5.675,WO2021255213A1,2021,ROCHE HOLDING LTD. | C4 THERAPEUTICS INC
CCN(C)S(=O)(=O)Nc1ccc(F)c(C(=O)c2c[nH]c3ncc(-c4cnc(N5CCN(C(=O)CCCNc6cccc7c6C(=O)N(C6CCC(=O)NC6=O)C7=O)CC5)nc4)cc23)c1F,CCN(C)S(=O)(=O)Nc1ccc(F)c(C(=O)c2c[nH]c3ncc(-c4cnc([*:1])nc4)cc23)c1F,O=C(CCCN[*:2])N1CCN([*:1])CC1,O=C1CCC(N2C(=O)c3cccc([*:2])c3C2=O)C(=O)N1,BRAF,CRBN,897.92,3.08,240.07,13,4,14,0.31,0.071,-5.634,-5.688,WO2021255213A1,2021,ROCHE HOLDING LTD. | C4 THERAPEUTICS INC
Cc1ncc(NC(=O)c2cccc(C(F)(F)F)c2)cc1-c1cnc(OCCOCCOCCOCCOCC(=O)NC(C(=O)N2CC(O)CC2C(=O)NC(C)c2ccc(-c3scnc3C)cc2)C(C)(C)C)c(N2CCOCC2)c1,Cc1ncc(NC(=O)c2cccc(C(F)(F)F)c2)cc1-c1cnc([*:1])c(N2CCOCC2)c1,O=C(COCCOCCOCCOCCO[*:1])[*:2],Cc1ncsc1-c1ccc(C(C)NC(=O)C2CC(O)CN2C(=O)C(N[*:2])C(C)(C)C)cc1,RAF,VHL,1119.27,6.81,225.13,16,4,25,0.482,0.044,-5.789,-4.199,US20180346457A1,2018,ZAMBONI CHEM SOLUTIONS INC
Cc1ncc(NC(=O)c2cccc(C(F)(F)F)c2)cc1-c1cnc(OCCOCCOCCOCC(=O)NC(C(=O)N2CC(O)CC2C(=O)NC(C)c2ccc(-c3scnc3C)cc2)C(C)(C)C)c(N2CCOCC2)c1,Cc1ncc(NC(=O)c2cccc(C(F)(F)F)c2)cc1-c1cnc([*:1])c(N2CCOCC2)c1,O=C(COCCOCCOCCO[*:1])[*:2],Cc1ncsc1-c1ccc(C(C)NC(=O)C2CC(O)CN2C(=O)C(N[*:2])C(C)(C)C)cc1,RAF,VHL,1075.22,6.79,215.9,15,4,22,0.463,0.053,-5.843,-4.436,US20180346457A1,2018,ZAMBONI CHEM SOLUTIONS INC
CC1(C)C(NC(=O)c2ccc(N3CCN(C4CCN(c5ccc6c(c5)C(=O)N(C5CCC(=O)NC5=O)C6=O)CC4)CC3)cc2)C(C)(C)C1Oc1ccc(C#N)c(Cl)c1,CC1(C)C(NC(=O)c2ccc([*:1])cc2)C(C)(C)C1Oc1ccc(C#N)c(Cl)c1,C1CN([*:2])CCC1N1CCN([*:1])CC1,O=C1CCC(N2C(=O)c3ccc([*:2])cc3C2=O)C(=O)N1,AR,CRBN,806.36,5.02,155.39,10,2,8,0.455,0.297,-5.591,-5.482,WO2022011205A1,2022,UNIVERSITY OF MICHIGAN
CC1(C)C(NC(=O)c2ccc(C(=O)N3CCN(C4CN(c5ccc6c(c5)C(=O)N(C5CCC(=O)NC5=O)C6=O)C4)CC3)cc2)C(C)(C)C1Oc1ccc(C#N)c(Cl)c1,CC1(C)C(NC(=O)c2ccc([*:1])cc2)C(C)(C)C1Oc1ccc(C#N)c(Cl)c1,O=C(N1CCN(C2CN([*:2])C2)CC1)[*:1],O=C1CCC(N2C(=O)c3ccc([*:2])cc3C2=O)C(=O)N1,AR,CRBN,806.32,3.87,172.46,10,2,8,0.419,0.319,-5.565,-4.419,WO2022011205A1,2022,UNIVERSITY OF MICHIGAN
CC1(C)C(NC(=O)c2ccc(C(=O)N3CCN(C4CCN(c5ccc6c(c5)C(=O)N(C5CCC(=O)NC5=O)C6=O)CC4)CC3)cc2)C(C)(C)C1Oc1ccc(C#N)c(Cl)c1,CC1(C)C(NC(=O)c2ccc([*:1])cc2)C(C)(C)C1Oc1ccc(C#N)c(Cl)c1,O=C(N1CCN(C2CCN([*:2])CC2)CC1)[*:1],O=C1CCC(N2C(=O)c3ccc([*:2])cc3C2=O)C(=O)N1,AR,CRBN,834.37,4.65,172.46,10,2,8,0.444,0.305,-5.65,-4.993,WO2022011205A1,2022,UNIVERSITY OF MICHIGAN
CC1(C)C(NC(=O)c2ccc(C(=O)N3CCN(CC4CN(c5ccc6c(c5)C(=O)N(C5CCC(=O)NC5=O)C6=O)C4)CC3)cc2)C(C)(C)C1Oc1ccc(C#N)c(Cl)c1,CC1(C)C(NC(=O)c2ccc([*:1])cc2)C(C)(C)C1Oc1ccc(C#N)c(Cl)c1,O=C(N1CCN(CC2CN([*:2])C2)CC1)[*:1],O=C1CCC(N2C(=O)c3ccc([*:2])cc3C2=O)C(=O)N1,AR,CRBN,820.35,4.12,172.46,10,2,9,0.432,0.3,-5.801,-4.766,WO2022011205A1,2022,UNIVERSITY OF MICHIGAN
CC1(C)C(NC(=O)c2ccc(C(=O)N3CCN(CC4CCN(c5ccc6c(c5)C(=O)N(C5CCC(=O)NC5=O)C6=O)CC4)CC3)cc2)C(C)(C)C1Oc1ccc(C#N)c(Cl)c1,CC1(C)C(NC(=O)c2ccc([*:1])cc2)C(C)(C)C1Oc1ccc(C#N)c(Cl)c1,O=C(N1CCN(CC2CCN([*:2])CC2)CC1)[*:1],O=C1CCC(N2C(=O)c3ccc([*:2])cc3C2=O)C(=O)N1,AR,CRBN,848.4,4.9,172.46,10,2,9,0.457,0.282,-5.719,-5.363,WO2022011205A1,2022,UNIVERSITY OF MICHIGAN
CC1(C)C(NC(=O)c2ccc(N3CCN(CC4CCN(c5ccc6c(c5)C(=O)N(C5CCC(=O)NC5=O)C6=O)CC4)CC3)cc2)CC1Oc1ccc(C#N)c(Cl)c1,CC1(C)C(NC(=O)c2ccc([*:1])cc2)CC1Oc1ccc(C#N)c(Cl)c1,C1CN([*:2])CCC1CN1CCN([*:1])CC1,O=C1CCC(N2C(=O)c3ccc([*:2])cc3C2=O)C(=O)N1,AR,CRBN,792.34,4.63,155.39,10,2,9,0.442,0.293,-5.687,-5.407,WO2022011205A1,2022,UNIVERSITY OF MICHIGAN
CC1(C)C(NC(=O)c2ccc(N3CCN(CC4CCN(c5ccc6c(c5)C(=O)N(C5CCC(=O)NC5=O)C6=O)CC4)CC3)cc2)C(C)(C)C1Oc1ccc(C#N)c(F)c1,CC1(C)C(NC(=O)c2ccc([*:1])cc2)C(C)(C)C1Oc1ccc(C#N)c(F)c1,C1CN([*:2])CCC1CN1CCN([*:1])CC1,O=C1CCC(N2C(=O)c3ccc([*:2])cc3C2=O)C(=O)N1,AR,CRBN,803.94,4.75,155.39,10,2,9,0.467,0.29,-5.606,-5.594,WO2022011205A1,2022,UNIVERSITY OF MICHIGAN
CC1(C)C(NC(=O)c2ccc(N3CCN(CC4CCN(c5ccc6c(c5)C(=O)N(C5CCC(=O)NC5=O)C6=O)CC4)CC3)cc2)C(C)(C)C1Oc1ccc(C#N)c(C(F)(F)F)c1,CC1(C)C(NC(=O)c2ccc([*:1])cc2)C(C)(C)C1Oc1ccc(C#N)c(C(F)(F)F)c1,C1CN([*:2])CCC1CN1CCN([*:1])CC1,O=C1CCC(N2C(=O)c3ccc([*:2])cc3C2=O)C(=O)N1,AR,CRBN,853.94,5.63,155.39,10,2,9,0.478,0.259,-5.559,-5.829,WO2022011205A1,2022,UNIVERSITY OF MICHIGAN
CC1(C)C(NC(=O)c2ccc(N3CCN(CC4CCN(c5ccc6c(c5)C(=O)N(C5CCC(=O)NC5=O)C6=O)CC4)CC3)cc2)C(C)(C)C1Oc1cnc(C#N)c(C(F)(F)F)c1,CC1(C)C(NC(=O)c2ccc([*:1])cc2)C(C)(C)C1Oc1cnc(C#N)c(C(F)(F)F)c1,C1CN([*:2])CCC1CN1CCN([*:1])CC1,O=C1CCC(N2C(=O)c3ccc([*:2])cc3C2=O)C(=O)N1,AR,CRBN,854.93,5.02,168.28,11,2,9,0.489,0.278,-5.522,-5.558,WO2022011205A1,2022,UNIVERSITY OF MICHIGAN
CC1(C)C(=O)N(c2ccc(C#N)c(C(F)(F)F)c2)C(=S)N1c1ccc(C(=O)N2CCN(C3CCN(c4ccc5c(c4)C(=O)N(C4CCC(=O)NC4=O)C5=O)CC3)CC2)c(F)c1,CC1(C)C(=O)N(c2ccc(C#N)c(C(F)(F)F)c2)C(=S)N1c1ccc([*:1])c(F)c1,O=C(N1CCN(C2CCN([*:2])CC2)CC1)[*:1],O=C1CCC(N2C(=O)c3ccc([*:2])cc3C2=O)C(=O)N1,AR,CRBN,858.87,4.46,157.68,10,1,6,0.381,0.212,-5.447,-4.947,WO2022011205A1,2022,UNIVERSITY OF MICHIGAN
N#Cc1ccc(OC2CCC(NC(=O)c3ccc(N4CCN(C5CN(c6ccc7c(c6)C(=O)N(C6CCC(=O)NC6=O)C7=O)C5)CC4)cc3)CC2)cc1Cl,N#Cc1ccc(OC2CCC(NC(=O)c3ccc([*:1])cc3)CC2)cc1Cl,C1CN([*:1])CCN1C1CN([*:2])C1,O=C1CCC(N2C(=O)c3ccc([*:2])cc3C2=O)C(=O)N1,AR,CRBN,750.26,3.74,155.39,10,2,8,0.4,0.326,-5.441,-4.159,WO2022011205A1,2022,UNIVERSITY OF MICHIGAN
CN(c1ccc(C#N)c(Cl)c1)C1CCC(NC(=O)c2ccc(N3CCN(CC4CCN(c5ccc6c(c5)C(=O)N(C5CCC(=O)NC5=O)C6=O)CC4)CC3)cc2)CC1,CN(c1ccc(C#N)c(Cl)c1)C1CCC(NC(=O)c2ccc([*:1])cc2)CC1,C1CN([*:2])CCC1CN1CCN([*:1])CC1,O=C1CCC(N2C(=O)c3ccc([*:2])cc3C2=O)C(=O)N1,AR,CRBN,805.38,4.83,149.4,10,2,9,0.455,0.288,-5.625,-5.543,WO2022011205A1,2022,UNIVERSITY OF MICHIGAN
CN(c1ccc(C#N)c(Cl)c1)C1CCC(NC(=O)c2ccc(N3CCN(C4CCN(c5ccc6c(c5)C(=O)N(C5CCC(=O)NC5=O)C6=O)CC4)CC3)cc2)CC1,CN(c1ccc(C#N)c(Cl)c1)C1CCC(NC(=O)c2ccc([*:1])cc2)CC1,C1CN([*:2])CCC1N1CCN([*:1])CC1,O=C1CCC(N2C(=O)c3ccc([*:2])cc3C2=O)C(=O)N1,AR,CRBN,791.35,4.58,149.4,10,2,8,0.442,0.311,-5.442,-5.148,WO2022011205A1,2022,UNIVERSITY OF MICHIGAN
CN(c1ccc(C#N)c(Cl)c1)C1CCC(NC(=O)c2ccc(N3CCN(C4CN(c5ccc6c(c5)C(=O)N(C5CCC(=O)NC5=O)C6=O)C4)CC3)cc2)CC1,CN(c1ccc(C#N)c(Cl)c1)C1CCC(NC(=O)c2ccc([*:1])cc2)CC1,C1CN([*:1])CCN1C1CN([*:2])C1,O=C1CCC(N2C(=O)c3ccc([*:2])cc3C2=O)C(=O)N1,AR,CRBN,763.3,3.8,149.4,10,2,8,0.415,0.325,-5.366,-4.532,WO2022011205A1,2022,UNIVERSITY OF MICHIGAN
N#Cc1ccc(OC2CCC(NC(=O)c3ccc(N4CCN(CC5CCN(c6ccc7c(c6)C(=O)N(C6CCC(=O)NC6=O)C7=O)CC5)CC4)cc3)CC2)cc1Cl,N#Cc1ccc(OC2CCC(NC(=O)c3ccc([*:1])cc3)CC2)cc1Cl,C1CN([*:2])CCC1CN1CCN([*:1])CC1,O=C1CCC(N2C(=O)c3ccc([*:2])cc3C2=O)C(=O)N1,AR,CRBN,792.34,4.77,155.39,10,2,9,0.442,0.29,-5.615,-5.186,WO2022011205A1,2022,UNIVERSITY OF MICHIGAN
N#Cc1ccc(OC2CC(NC(=O)c3ccc(N4CCN(CC5CCN(c6ccc7c(c6)C(=O)N(C6CCC(=O)NC6=O)C7=O)CC5)CC4)cc3)C2)cc1Cl,N#Cc1ccc(OC2CC(NC(=O)c3ccc([*:1])cc3)C2)cc1Cl,C1CN([*:2])CCC1CN1CCN([*:1])CC1,O=C1CCC(N2C(=O)c3ccc([*:2])cc3C2=O)C(=O)N1,AR,CRBN,764.28,3.99,155.39,10,2,9,0.415,0.306,-5.775,-4.888,WO2022011205A1,2022,UNIVERSITY OF MICHIGAN
N#Cc1ccc(OC2CCC(NC(=O)c3ccc(N4CCN(CC5CN(c6ccc7c(c6)C(=O)N(C6CCC(=O)NC6=O)C7=O)C5)CC4)cc3)CC2)cc1Cl,N#Cc1ccc(OC2CCC(NC(=O)c3ccc([*:1])cc3)CC2)cc1Cl,C1CN([*:1])CCN1CC1CN([*:2])C1,O=C1CCC(N2C(=O)c3ccc([*:2])cc3C2=O)C(=O)N1,AR,CRBN,764.28,3.99,155.39,10,2,9,0.415,0.306,-5.75,-4.549,WO2022011205A1,2022,UNIVERSITY OF MICHIGAN
N#Cc1ccc(NC2CCC(NC(=O)c3ccc(N4CCC(N5CCN(c6ccc7c(c6)C(=O)N(C6CCC(=O)NC6=O)C7=O)CC5)CC4)cc3)CC2)cc1Cl,N#Cc1ccc(NC2CCC(NC(=O)c3ccc([*:1])cc3)CC2)cc1Cl,C1CN([*:1])CCC1N1CCN([*:2])CC1,O=C1CCC(N2C(=O)c3ccc([*:2])cc3C2=O)C(=O)N1,AR,CRBN,777.33,4.56,158.19,10,3,8,0.429,0.277,-5.306,-4.656,WO2022011205A1,2022,UNIVERSITY OF MICHIGAN
CN(c1ccc(C#N)c(Cl)c1)C1CCC(NC(=O)c2ccc(N3CCC(N4CCN(c5ccc6c(c5)C(=O)N(C5CCC(=O)NC5=O)C6=O)CC4)CC3)cc2)CC1,CN(c1ccc(C#N)c(Cl)c1)C1CCC(NC(=O)c2ccc([*:1])cc2)CC1,C1CN([*:1])CCC1N1CCN([*:2])CC1,O=C1CCC(N2C(=O)c3ccc([*:2])cc3C2=O)C(=O)N1,AR,CRBN,791.35,4.58,149.4,10,2,8,0.442,0.311,-5.442,-5.19,WO2022011205A1,2022,UNIVERSITY OF MICHIGAN
CCN(c1ccc(C#N)c(Cl)c1)C1CCC(NC(=O)c2ccc(N3CCC(N4CCN(c5ccc6c(c5)C(=O)N(C5CCC(=O)NC5=O)C6=O)CC4)CC3)cc2)CC1,CCN(c1ccc(C#N)c(Cl)c1)C1CCC(NC(=O)c2ccc([*:1])cc2)CC1,C1CN([*:1])CCC1N1CCN([*:2])CC1,O=C1CCC(N2C(=O)c3ccc([*:2])cc3C2=O)C(=O)N1,AR,CRBN,805.38,4.97,149.4,10,2,9,0.455,0.284,-5.527,-5.316,WO2022011205A1,2022,UNIVERSITY OF MICHIGAN
CN(c1ccc(C#N)c(Cl)c1)C1CCC(NC(=O)c2ccc(N3CCC(CN4CCN(c5ccc6c(c5)C(=O)N(C5CCC(=O)NC5=O)C6=O)CC4)CC3)cc2)CC1,CN(c1ccc(C#N)c(Cl)c1)C1CCC(NC(=O)c2ccc([*:1])cc2)CC1,C1CN([*:1])CCC1CN1CCN([*:2])CC1,O=C1CCC(N2C(=O)c3ccc([*:2])cc3C2=O)C(=O)N1,AR,CRBN,805.38,4.83,149.4,10,2,9,0.455,0.288,-5.625,-5.57,WO2022011205A1,2022,UNIVERSITY OF MICHIGAN
CN(c1ccc(C#N)c(Cl)c1)C1CCC(NC(=O)c2ccc(N3CCN(CC4CN(c5ccc6c(c5)C(=O)N(C5CCC(=O)NC5=O)C6=O)C4)CC3)cc2)CC1,CN(c1ccc(C#N)c(Cl)c1)C1CCC(NC(=O)c2ccc([*:1])cc2)CC1,C1CN([*:1])CCN1CC1CN([*:2])C1,O=C1CCC(N2C(=O)c3ccc([*:2])cc3C2=O)C(=O)N1,AR,CRBN,777.33,4.05,149.4,10,2,9,0.429,0.305,-5.721,-4.673,WO2022011205A1,2022,UNIVERSITY OF MICHIGAN
CC(O)(CS(=O)(=O)c1ccc(N2CCN(C3CCN(c4ccc5c(c4)C(=O)N(C4CCC(=O)NC4=O)C5=O)CC3)CC2)cc1)C(=O)Nc1ccc(C#N)c(C(F)(F)F)c1,CC(O)(CS(=O)(=O)c1ccc([*:1])cc1)C(=O)Nc1ccc(C#N)c(C(F)(F)F)c1,C1CN([*:2])CCC1N1CCN([*:1])CC1,O=C1CCC(N2C(=O)c3ccc([*:2])cc3C2=O)C(=O)N1,AR,CRBN,835.86,2.93,200.53,12,3,9,0.4,0.267,-5.901,-4.193,WO2022011205A1,2022,UNIVERSITY OF MICHIGAN
CC1(C)C(NC(=O)c2cnc(N3CCN(C4CN(c5ccc6c(c5)C(=O)N(C5CCC(=O)NC5=O)C6=O)C4)CC3)cn2)C(C)(C)C1Oc1ccc(C#N)c(Cl)c1,CC1(C)C(NC(=O)c2cnc([*:1])cn2)C(C)(C)C1Oc1ccc(C#N)c(Cl)c1,C1CN([*:1])CCN1C1CN([*:2])C1,O=C1CCC(N2C(=O)c3ccc([*:2])cc3C2=O)C(=O)N1,AR,CRBN,780.29,3.03,181.17,12,2,8,0.45,0.32,-5.441,-5.088,WO2022011205A1,2022,UNIVERSITY OF MICHIGAN
CC1(C)C(NC(=O)c2ncc(N3CCN(C4CN(c5ccc6c(c5)C(=O)N(C5CCC(=O)NC5=O)C6=O)C4)CC3)cn2)C(C)(C)C1Oc1ccc(C#N)c(Cl)c1,CC1(C)C(NC(=O)c2ncc([*:1])cn2)C(C)(C)C1Oc1ccc(C#N)c(Cl)c1,C1CN([*:1])CCN1C1CN([*:2])C1,O=C1CCC(N2C(=O)c3ccc([*:2])cc3C2=O)C(=O)N1,AR,CRBN,780.29,3.03,181.17,12,2,8,0.45,0.32,-5.461,-4.709,WO2022011205A1,2022,UNIVERSITY OF MICHIGAN
CC1(C)C(NC(=O)c2ccc(N3CCN(C4CN(c5ccc6c(c5)C(=O)N(C5CCC(=O)NC5=O)C6=O)C4)CC3)nn2)C(C)(C)C1Oc1ccc(C#N)c(Cl)c1,CC1(C)C(NC(=O)c2ccc([*:1])nn2)C(C)(C)C1Oc1ccc(C#N)c(Cl)c1,C1CN([*:1])CCN1C1CN([*:2])C1,O=C1CCC(N2C(=O)c3ccc([*:2])cc3C2=O)C(=O)N1,AR,CRBN,780.29,3.03,181.17,12,2,8,0.45,0.32,-5.48,-5.015,WO2022011205A1,2022,UNIVERSITY OF MICHIGAN
CC1(C)C(NC(=O)c2ccc(N3CCN(CC4CCN(c5ccc6c(c5)C(=O)N(C5CCC(=O)NC5=O)C6=O)CC4)CC3)cn2)C(C)(C)C1Oc1ccc(C#N)c(Cl)c1,CC1(C)C(NC(=O)c2ccc([*:1])cn2)C(C)(C)C1Oc1ccc(C#N)c(Cl)c1,C1CN([*:2])CCC1CN1CCN([*:1])CC1,O=C1CCC(N2C(=O)c3ccc([*:2])cc3C2=O)C(=O)N1,AR,CRBN,821.38,4.66,168.28,11,2,9,0.477,0.288,-5.524,-5.756,WO2022011205A1,2022,UNIVERSITY OF MICHIGAN
CC1(C)C(NC(=O)c2ccc(N3CCN(CC4CCN(c5ccc6c(c5)C(=O)N(C5CCC(=O)NC5=O)C6=O)CC4)CC3)nc2)C(C)(C)C1Oc1ccc(C#N)c(Cl)c1,CC1(C)C(NC(=O)c2ccc([*:1])nc2)C(C)(C)C1Oc1ccc(C#N)c(Cl)c1,C1CN([*:2])CCC1CN1CCN([*:1])CC1,O=C1CCC(N2C(=O)c3ccc([*:2])cc3C2=O)C(=O)N1,AR,CRBN,821.38,4.66,168.28,11,2,9,0.477,0.288,-5.587,-5.91,WO2022011205A1,2022,UNIVERSITY OF MICHIGAN
CC1(C)C(NC(=O)c2ncc(N3CCN(CC4CCN(c5ccc6c(c5)C(=O)N(C5CCC(=O)NC5=O)C6=O)CC4)CC3)cn2)C(C)(C)C1Oc1ccc(C#N)c(Cl)c1,CC1(C)C(NC(=O)c2ncc([*:1])cn2)C(C)(C)C1Oc1ccc(C#N)c(Cl)c1,C1CN([*:2])CCC1CN1CCN([*:1])CC1,O=C1CCC(N2C(=O)c3ccc([*:2])cc3C2=O)C(=O)N1,AR,CRBN,822.37,4.05,181.17,12,2,9,0.488,0.296,-5.514,-5.758,WO2022011205A1,2022,UNIVERSITY OF MICHIGAN
CC1(C)C(NC(=O)c2ccc(N3CCN(CC4CCN(c5ccc6c(c5)C(=O)N(C5CCC(=O)NC5=O)C6=O)CC4)CC3)nn2)C(C)(C)C1Oc1ccc(C#N)c(Cl)c1,CC1(C)C(NC(=O)c2ccc([*:1])nn2)C(C)(C)C1Oc1ccc(C#N)c(Cl)c1,C1CN([*:2])CCC1CN1CCN([*:1])CC1,O=C1CCC(N2C(=O)c3ccc([*:2])cc3C2=O)C(=O)N1,AR,CRBN,822.37,4.05,181.17,12,2,9,0.488,0.296,-5.582,-5.98,WO2022011205A1,2022,UNIVERSITY OF MICHIGAN
CC1(C)C(NC(=O)c2cnc(N3CCN(CC4CCN(c5ccc6c(c5)C(=O)N(C5CCC(=O)NC5=O)C6=O)CC4)CC3)nc2)C(C)(C)C1Oc1ccc(C#N)c(Cl)c1,CC1(C)C(NC(=O)c2cnc([*:1])nc2)C(C)(C)C1Oc1ccc(C#N)c(Cl)c1,C1CN([*:2])CCC1CN1CCN([*:1])CC1,O=C1CCC(N2C(=O)c3ccc([*:2])cc3C2=O)C(=O)N1,AR,CRBN,822.37,4.05,181.17,12,2,9,0.488,0.296,-5.613,-6.159,WO2022011205A1,2022,UNIVERSITY OF MICHIGAN
CC1(C)C(NC(=O)c2cnc(N3CCN(CC4CCN(c5ccc6c(c5)C(=O)N(C5CCC(=O)NC5=O)C6=O)CC4)CC3)cn2)C(C)(C)C1Oc1ccc(C#N)c(Cl)c1,CC1(C)C(NC(=O)c2cnc([*:1])cn2)C(C)(C)C1Oc1ccc(C#N)c(Cl)c1,C1CN([*:2])CCC1CN1CCN([*:1])CC1,O=C1CCC(N2C(=O)c3ccc([*:2])cc3C2=O)C(=O)N1,AR,CRBN,822.37,4.05,181.17,12,2,9,0.488,0.296,-5.516,-5.941,WO2022011205A1,2022,UNIVERSITY OF MICHIGAN
CC1(C)C(NC(=O)c2ccc(N3CCN(CC4CCN(c5ccc6c(c5)C(=O)N(C5CCC(=O)NC5=O)C6=O)CC4)CC3)cc2F)C(C)(C)C1Oc1ccc(C#N)c(Cl)c1,CC1(C)C(NC(=O)c2ccc([*:1])cc2F)C(C)(C)C1Oc1ccc(C#N)c(Cl)c1,C1CN([*:2])CCC1CN1CCN([*:1])CC1,O=C1CCC(N2C(=O)c3ccc([*:2])cc3C2=O)C(=O)N1,AR,CRBN,838.38,5.4,155.39,10,2,9,0.467,0.268,-5.513,-6.211,WO2022011205A1,2022,UNIVERSITY OF MICHIGAN
CC1(C)C(NC(=O)c2ccc(N3CCN(CC4CCN(c5ccc6c(c5)C(=O)N(C5CCC(=O)NC5=O)C6=O)CC4)CC3)c(F)c2)C(C)(C)C1Oc1ccc(C#N)c(Cl)c1,CC1(C)C(NC(=O)c2ccc([*:1])c(F)c2)C(C)(C)C1Oc1ccc(C#N)c(Cl)c1,C1CN([*:2])CCC1CN1CCN([*:1])CC1,O=C1CCC(N2C(=O)c3ccc([*:2])cc3C2=O)C(=O)N1,AR,CRBN,838.38,5.4,155.39,10,2,9,0.467,0.268,-5.545,-6.059,WO2022011205A1,2022,UNIVERSITY OF MICHIGAN
CC1(C)C(NC(=O)c2ccc(N3CCN(CC4CCN(c5cc6c(cc5F)C(=O)N(C5CCC(=O)NC5=O)C6=O)CC4)CC3)cn2)C(C)(C)C1Oc1ccc(C#N)c(Cl)c1,CC1(C)C(NC(=O)c2ccc([*:1])cn2)C(C)(C)C1Oc1ccc(C#N)c(Cl)c1,C1CN([*:2])CCC1CN1CCN([*:1])CC1,O=C1CCC(N2C(=O)c3cc(F)c([*:2])cc3C2=O)C(=O)N1,AR,CRBN,839.37,4.8,168.28,11,2,9,0.477,0.284,-5.519,-5.954,WO2022011205A1,2022,UNIVERSITY OF MICHIGAN
CC1(C)C(NC(=O)c2ccc(N3CCN(CC4CCN(c5cc6c(cc5F)C(=O)N(C5CCC(=O)NC5=O)C6=O)CC4)CC3)nc2)C(C)(C)C1Oc1ccc(C#N)c(Cl)c1,CC1(C)C(NC(=O)c2ccc([*:1])nc2)C(C)(C)C1Oc1ccc(C#N)c(Cl)c1,C1CN([*:2])CCC1CN1CCN([*:1])CC1,O=C1CCC(N2C(=O)c3cc(F)c([*:2])cc3C2=O)C(=O)N1,AR,CRBN,839.37,4.8,168.28,11,2,9,0.477,0.284,-5.575,-6.015,WO2022011205A1,2022,UNIVERSITY OF MICHIGAN
CC1(C)C(NC(=O)c2ncc(N3CCN(CC4CCN(c5cc6c(cc5F)C(=O)N(C5CCC(=O)NC5=O)C6=O)CC4)CC3)cn2)C(C)(C)C1Oc1ccc(C#N)c(Cl)c1,CC1(C)C(NC(=O)c2ncc([*:1])cn2)C(C)(C)C1Oc1ccc(C#N)c(Cl)c1,C1CN([*:2])CCC1CN1CCN([*:1])CC1,O=C1CCC(N2C(=O)c3cc(F)c([*:2])cc3C2=O)C(=O)N1,AR,CRBN,840.36,4.19,181.17,12,2,9,0.488,0.294,-5.5,-5.947,WO2022011205A1,2022,UNIVERSITY OF MICHIGAN
CC1(C)C(NC(=O)c2ccc(N3CCN(CC4CCN(c5cc6c(cc5F)C(=O)N(C5CCC(=O)NC5=O)C6=O)CC4)CC3)nn2)C(C)(C)C1Oc1ccc(C#N)c(Cl)c1,CC1(C)C(NC(=O)c2ccc([*:1])nn2)C(C)(C)C1Oc1ccc(C#N)c(Cl)c1,C1CN([*:2])CCC1CN1CCN([*:1])CC1,O=C1CCC(N2C(=O)c3cc(F)c([*:2])cc3C2=O)C(=O)N1,AR,CRBN,840.36,4.19,181.17,12,2,9,0.488,0.294,-5.505,-6.139,WO2022011205A1,2022,UNIVERSITY OF MICHIGAN
CC1(C)C(NC(=O)c2cnc(N3CCN(CC4CCN(c5cc6c(cc5F)C(=O)N(C5CCC(=O)NC5=O)C6=O)CC4)CC3)nc2)C(C)(C)C1Oc1ccc(C#N)c(Cl)c1,CC1(C)C(NC(=O)c2cnc([*:1])nc2)C(C)(C)C1Oc1ccc(C#N)c(Cl)c1,C1CN([*:2])CCC1CN1CCN([*:1])CC1,O=C1CCC(N2C(=O)c3cc(F)c([*:2])cc3C2=O)C(=O)N1,AR,CRBN,840.36,4.19,181.17,12,2,9,0.488,0.294,-5.538,-6.308,WO2022011205A1,2022,UNIVERSITY OF MICHIGAN
CC1(C)C(NC(=O)c2cnc(N3CCN(CC4CCN(c5cc6c(cc5F)C(=O)N(C5CCC(=O)NC5=O)C6=O)CC4)CC3)cn2)C(C)(C)C1Oc1ccc(C#N)c(Cl)c1,CC1(C)C(NC(=O)c2cnc([*:1])cn2)C(C)(C)C1Oc1ccc(C#N)c(Cl)c1,C1CN([*:2])CCC1CN1CCN([*:1])CC1,O=C1CCC(N2C(=O)c3cc(F)c([*:2])cc3C2=O)C(=O)N1,AR,CRBN,840.36,4.19,181.17,12,2,9,0.488,0.294,-5.566,-6.072,WO2022011205A1,2022,UNIVERSITY OF MICHIGAN
CC1(C)C(NC(=O)c2ccc(N3CCN(CC4CCN(c5cc6c(cc5F)C(=O)N(C5CCC(=O)NC5=O)C6=O)CC4)CC3)cc2F)C(C)(C)C1Oc1ccc(C#N)c(Cl)c1,CC1(C)C(NC(=O)c2ccc([*:1])cc2F)C(C)(C)C1Oc1ccc(C#N)c(Cl)c1,C1CN([*:2])CCC1CN1CCN([*:1])CC1,O=C1CCC(N2C(=O)c3cc(F)c([*:2])cc3C2=O)C(=O)N1,AR,CRBN,856.37,5.54,155.39,10,2,9,0.467,0.262,-5.532,-6.46,WO2022011205A1,2022,UNIVERSITY OF MICHIGAN
CC1(C)C(NC(=O)c2ccc(N3CCN(CC4CCN(c5cc6c(cc5F)C(=O)N(C5CCC(=O)NC5=O)C6=O)CC4)CC3)c(F)c2)C(C)(C)C1Oc1ccc(C#N)c(Cl)c1,CC1(C)C(NC(=O)c2ccc([*:1])c(F)c2)C(C)(C)C1Oc1ccc(C#N)c(Cl)c1,C1CN([*:2])CCC1CN1CCN([*:1])CC1,O=C1CCC(N2C(=O)c3cc(F)c([*:2])cc3C2=O)C(=O)N1,AR,CRBN,856.37,5.54,155.39,10,2,9,0.467,0.262,-5.58,-6.202,WO2022011205A1,2022,UNIVERSITY OF MICHIGAN
