smiles,CMPD_CHEMBLID,CYP3A4,hERG_pIC50
[2H]C(Nc1cc(cc2ncc(cc12)N3CCN(CC([2H])([2H])O)CC3)C(F)(F)F)c4cccc(c4)[N+](=O)[O-],CHEMBL3221134,,6.32
[Br-].CC(C)COc1ccc(cc1)C2(CC[N+](C)(C)CC2)C#N,CHEMBL1573507,4.40,
[Br-].Cc1ccc(cc1)c2csc(NNC(=O)Nc3ccccc3)[n+]2CC=C,CHEMBL1379480,5.45,
[Br-].CCOC(=O)C[n+]1c(C)sc2ccc(OC)cc12,CHEMBL1453970,5.45,
[Cl-].C[N+](C)(C)CCO,CHEMBL282468,4.50,
[Cl-].C[N+]12CCC(CC1)C(O)(C2=C)c3ccccc3,CHEMBL1500528,5.50,
[Cl-].C[n+]1c2cc(N)ccc2cc3ccc(N)cc13,CHEMBL354349,4.60,
[Cl-].CC(C)(C)CC(C)(C)c1ccc(OCCOCC[N+](C)(C)Cc2ccccc2)cc1,CHEMBL221753,4.60,6.97
[Cl-].CC1CCC2(C)C(CCC=C2C)C1(C)CC\C(=C\Cn3c[n+](C)c4c(N)ncnc34)\C,CHEMBL1608948,4.50,
[Cl-].COc1cc2CC[n+]3cc4c(OC)c(OC)ccc4cc3c2cc1OC,CHEMBL274189,4.40,
[Cl-].COc1ccc2cc3c4cc5OCOc5cc4CC[n+]3cc2c1OC,CHEMBL12089,4.80,
[I-].CC[n+]1c(oc2ccccc12)\C=C\Nc3ccccc3,CHEMBL1303557,4.60,
[I-].Cc1c(OC(=O)c2ccc(cc2)[N+](=O)[O-])c3COC(C)(C)OCc3c[n+]1C,CHEMBL1520653,5.15,
[I-].CCCCCCC[N+](CC)(CC)C\C=C\Cc1ccc(Cl)cc1,CHEMBL3093957,,8.82
[I-].CN(\C=C\C1=[N+](C)c2ccccc2C1(C)C)c3ccccc3,CHEMBL1485727,4.50,
[I+]1c2ccccc2c3ccccc13,CHEMBL365739,5.50,
[K+].[S-]C(=S)O[C@@H]1C[C@@H]2C[C@H]1[C@@H]3CCC[C@H]23,CHEMBL1491340,4.90,
[K+].CC1(C)SC2C(NC(=O)Cc3ccccc3)C(=O)N2C1C(=O)[O-],CHEMBL1434858,4.50,
[Na+].[Na+].[Na+].[Na+].[Na+].[Na+].[Na+].[Na+].[O-]S(=O)(=O)c1ccc(NC(=O)c2cc(NC(=O)Nc3cc(cc(c3)C(=O)Nc4ccc(cc4S(=O)(=O)[O-])S(=O)(=O)[O-])C(=O)Nc5ccc(cc5S(=O)(=O)[O-])S(=O)(=O)[O-])cc(c2)C(=O)Nc6ccc(cc6S(=O)(=O)[O-])S(=O)(=O)[O-])c(c1)S(=O)(=O)[O-],CHEMBL1253351,5.70,
[Na+].[Na+].[Na+].[Na+].Cc1nc(N=Nc2cc(c3cc(cc(c3c2)S(=O)(=O)[O-])[N+](=O)[O-])S(=O)(=O)[O-])c(COP(=O)([O-])[O-])c(C=O)c1O,CHEMBL1490919,4.80,
[Na+].[Na+].[Na+].Nc1c2C(=O)c3ccccc3C(=O)c2c(Nc4ccc(Nc5nc(Cl)nc(Nc6ccc(cc6)S(=O)(=O)[O-])n5)c(c4)S(=O)(=O)[O-])cc1S(=O)(=O)[O-],CHEMBL1365553,4.60,
[Na+].[Na+].[O-]S(=O)(=O)c1cc(ccc1\C=C\c2ccc(cc2S(=O)(=O)[O-])N=C=S)N=C=S,CHEMBL133930,4.90,
[Na+].[Na+].CC1CC2C3CCC4=CC(=O)C=C[C@@]4(C)[C@]3(F)C(O)C[C@]2(C)[C@]1(O)C(=O)COP(=O)([O-])[O-],CHEMBL1493740,4.40,
[Na+].[NH-]S(=O)(=O)Cc1noc2ccccc12,CHEMBL1514931,4.50,
[Na+].[O-]C(=O)c1cccc(Cc2cc(Cl)ccc2OCc3ccc(F)cc3Cl)n1,CHEMBL513491,4.46,
[Na+].c1nc[n-]n1,CHEMBL1377189,4.50,
[Na+].CC(=O)[C@@H]1CC[C@@H]2[C@@H]3CC=C4C[C@@H](CC[C@@]4(C)[C@H]3CC[C@@]12C)OS(=O)(=O)[O-],CHEMBL1513685,4.90,
[Na+].CC(=O)OCC1=C(N2[C@@H](SC1)[C@H](NC(=O)Cc3cccs3)C2=O)C(=O)[O-],CHEMBL1370610,4.90,
[Na+].CC(C)c1ccc2c(c1)c(SC(C)(C)C)c(CC(C)(C)C(=O)[O-])n2Cc3ccc(Cl)cc3,CHEMBL416657,4.70,
[Na+].CC1(C)S[C@@H]2[C@H](NC(=O)[C@H](N)c3ccccc3)C(=O)N2[C@H]1C(=O)[O-],CHEMBL1200758,4.40,
[Na+].Cc1c2C(=O)C(=O)c3c4CCCC(C)(C)c4ccc3c2oc1S(=O)(=O)[O-],CHEMBL1473252,5.00,
[Na+].Cc1cc(C)c(NC(=O)C[C@H](CC(=O)[O-])c2cccc3ccccc23)c(c1)C(=O)N4CCC5(CCCC5)CC4,CHEMBL1335406,4.80,
[Na+].Cc1nnc(SCC2=C(N3[C@@H](SC2)[C@H](NC(=O)Cn4cnnn4)C3=O)C(=O)[O-])s1,CHEMBL1475140,4.50,
[Na+].CCC(C1OC(CC)(CC1C)C2CC[C@@](O)(CC)C(C)O2)C(=O)C(C)C(O)C(C)CCc3ccc(C)c(O)c3C(=O)[O-],CHEMBL1365339,4.70,
[Na+].CCCC(CCC)C(=O)[O-],CHEMBL433,5.80,
[Na+].Cn1nnnc1SCC2=C(N3C(SC2)C(NC(=O)C(O)c4ccccc4)C3=O)C(=O)[O-],CHEMBL1485048,7.20,
[Na+].COc1cccc(C2=C(C)N(Cc3c(F)cccc3C(F)(F)F)C(=O)N(C[C@H](NCCCC(=O)[O-])c4ccccc4)C2=O)c1F,CHEMBL502182,4.25,
[Na+].COc1cnc(nc1)c2ccc(Cn3c(CC(C)(C)C(=O)[O-])c(SC(C)(C)C)c4cc(OCc5ccc(C)cn5)ccc34)cc2,CHEMBL1210423,5.06,
[Na+].Nc1ccc(cc1)S(=O)(=O)[N-]c2cnc3ccccc3n2,CHEMBL1527324,4.60,
[O-][N+](=O)C1=C(NC2CCCCC2)C3=NC4(CCCCC4)[N+](=C3C=C1)[O-],CHEMBL1441066,5.50,
[O-][N+](=O)C1=CC(=CN(Cc2c(Cl)cccc2Cl)C1=O)C(F)(F)F,CHEMBL1575145,4.85,
[O-][N+](=O)c1cc(\C=N/OC(=O)c2c(F)cccc2F)ccc1N3CCCCC3,CHEMBL3194362,4.90,
[O-][N+](=O)c1cc(cc(c1)[N+](=O)[O-])C(=O)NCc2cn(nc2c3ccccc3)c4ccccc4,CHEMBL1344080,5.60,
[O-][N+](=O)c1cc(cc(c1Oc2ccc3C4=C(CCCC4)C(=O)Oc3c2)[N+](=O)[O-])C(F)(F)F,CHEMBL1324640,4.85,
[O-][N+](=O)c1cc(ccc1N2CCCC2=O)S(=O)(=O)Oc3cccc(Cl)c3,CHEMBL1467355,4.90,
[O-][N+](=O)c1cc(ccc1N2CCOCC2)C(=O)Nc3ccc(cc3)c4oc5ccccc5n4,CHEMBL1555483,4.95,
[O-][N+](=O)c1cc(Cl)ccc1C(=O)NCc2ccc(Cl)cc2,CHEMBL1308884,4.90,
[O-][N+](=O)c1cc(Cl)ccc1N2CCN(CC2)C(=O)CSc3ccc(Cl)cc3,CHEMBL1416235,6.20,
[O-][N+](=O)c1cc(F)c(cc1N2CCCCC2)N3CCOCC3,CHEMBL1564977,4.75,
[O-][N+](=O)c1cc2C(=O)c3ccccc3c2cc1[N+](=O)[O-],CHEMBL512908,6.30,
[O-][N+](=O)c1cc2OCOc2cc1\C=N\c3ccccc3,CHEMBL3195211,4.70,
[O-][N+](=O)c1ccc(\C=C(/NC(=O)c2ccccc2)\C(=O)Nc3cccc4ccccc34)cc1,CHEMBL1423135,5.95,
[O-][N+](=O)c1ccc(\C=N\NC(=O)c2ccccc2Br)s1,CHEMBL3197506,4.65,
[O-][N+](=O)c1ccc(C(=O)Nc2nc[nH]n2)c(c1)[N+](=O)[O-],CHEMBL1431665,4.85,
[O-][N+](=O)c1ccc(C2CCCC/C/2=N/OCc3ccccc3F)c(c1)[N+](=O)[O-],CHEMBL3199291,5.45,
[O-][N+](=O)c1ccc(cc1)C(=O)[C@@H](Br)[C@@H](Br)c2ccnc3ccccc23,CHEMBL1334357,5.50,
[O-][N+](=O)c1ccc(cc1)C(=O)COC(=O)\C(=C/c2ccc(Cl)cc2)\NC(=O)c3ccccc3,CHEMBL1506008,4.65,
[O-][N+](=O)c1ccc(cc1)C2C3N2C4(CCCCC4)N=C3c5ccccc5,CHEMBL1413738,4.80,
[O-][N+](=O)c1ccc(cc1)N2CCC(=NOCc3ccc(Cl)cc3)CC2,CHEMBL1392213,4.45,
[O-][N+](=O)c1ccc(cc1)S(=O)(=O)N2CCC(CN3CCC(CC3)c4noc5cc(F)ccc45)CC2,CHEMBL3741292,,5.42
[O-][N+](=O)c1ccc(CCN2CCN(CCc3ccc(cc3)n4cnnn4)CC2)cc1,CHEMBL2441429,,7.96
[O-][N+](=O)c1ccc(CCN2CCN(CCc3ccc4nonc4c3)CC2)cc1,CHEMBL2146853,,7.60
[O-][N+](=O)c1ccc(CCN2CCNCC2)cc1,CHEMBL2146754,,6.72
[O-][N+](=O)c1ccc(Cl)c(c1)S(=O)(=O)N2CCC(CC2)C(=O)OCC(=O)Nc3ncc(Cl)cc3Cl,CHEMBL1386397,5.30,
[O-][N+](=O)c1ccc(N2CCCCC2)c(c1)C(=O)c3ccc(Br)cc3,CHEMBL1333449,5.45,
[O-][N+](=O)c1ccc(N2CCN(CCOc3nonc3c4ccccc4)CC2)c(Cl)c1,CHEMBL1485450,4.85,
[O-][N+](=O)c1ccc(Nc2nc(N\N=C/c3ccc4OCOc4c3)nc(n2)N5CCCCC5)cc1,CHEMBL3195443,5.90,
[O-][N+](=O)c1ccc(Nc2nc3ccccc3s2)cc1,CHEMBL1448896,5.30,
[O-][N+](=O)c1ccc(NCCNC(=O)c2ccccc2Br)cc1,CHEMBL1489549,4.55,
[O-][N+](=O)c1ccc(Oc2cccc(\C=N\NC(=O)c3cncc(Br)c3)c2)c(c1)[N+](=O)[O-],CHEMBL1732228,5.90,
[O-][N+](=O)c1ccc(OCC(=O)Nc2ccc(cc2)C(=O)NCc3cccnc3)cc1,CHEMBL1386058,4.90,
[O-][N+](=O)c1ccc2[nH]c3c(ncnc3c2c1)N4CCN(CCc5ccc(F)c(F)c5)CC4,CHEMBL25867,4.90,
[O-][N+](=O)c1ccc2cn[nH]c2c1,CHEMBL54277,4.90,
[O-][N+](=O)c1ccc2nc(SCC(=O)c3ccc4ccccc4c3)sc2c1,CHEMBL1405043,5.40,
[O-][N+](=O)c1cccc(\C=N/NC2=CS(=O)(=O)C=C2)c1,CHEMBL1418097,5.30,
[O-][N+](=O)c1cccc(c1)C(=O)N(CCCCN2C(=O)c3ccccc3C2=O)c4ccc(Cl)cc4,CHEMBL1531376,4.95,
[O-][N+](=O)c1cccc(c1)C(=O)Nc2nc(cs2)c3ccccc3,CHEMBL1361797,5.00,
[O-][N+](=O)c1cccc(c1)C(=O)NCc2ccccn2,CHEMBL1599492,4.75,
[O-][N+](=O)c1cccc(c1)C2=NOC3(CN(Cc4ccccc4)CC23)C(=O)NCc5ccccc5,CHEMBL1329094,5.15,
[O-][N+](=O)c1cccc(c1)c2nc(c3cccs3)c([nH]2)c4cccs4,CHEMBL1571807,4.90,
[O-][N+](=O)c1cccc(c1)c2nnn(n2)C34CC5CC(CC(C5)C3)C4,CHEMBL1465534,5.05,
[O-][N+](=O)c1cccc(c1)c2onc(n2)c3ccncc3,CHEMBL1362108,6.25,
[O-][N+](=O)c1cccc(CNc2cc(cc3ncc(cc23)N4CCN(CC4)C(=O)\C=C\[C@@H]5CCCN5)C(F)(F)F)c1,CHEMBL3220881,,4.06
[O-][N+](=O)c1cccc(NC(=O)Nc2ccc(cc2)c3ccnc4[nH]cnc34)c1,CHEMBL1951328,7.22,
[O-][N+](=O)c1cccc2c(Br)n[nH]c12,CHEMBL479014,4.90,
[O-][N+](=O)c1cccc2c1c3ncnc(N4CCN(CCc5ccc(F)c(F)c5)CC4)c3n2Cc6ccncc6,CHEMBL29743,5.24,
[O-][N+](=O)c1cccc2c1c3ncnc(N4CCN(CCc5ccc(F)c(F)c5)CC4)c3n2CCc6ccccc6,CHEMBL285343,4.93,
[O-][N+](=O)c1cccc2cn[nH]c12,CHEMBL247378,4.40,
[O-][N+](=O)c1ccccc1\C=N\n2c(S)nnc2COc3ccccc3,CHEMBL3192875,5.30,
[O-][N+](=O)c1ccccc1C(=O)N\N=C\c2ccc(Br)s2,CHEMBL3191906,4.75,
[O-][N+](=O)c1ccccc1c2oc(\C=N/NC(=O)C3COc4cc5ccccc5cc4O3)cc2,CHEMBL3195528,4.75,
[O-][N+](=O)c1ccccc1CC(=O)NCc2ccccc2Cl,CHEMBL1428990,4.80,
[O-][N+](=O)c1ccccc1N\N=C\c2c[nH]c3ccccc23,CHEMBL1892270,4.60,
[O-][N+](=O)c1ccccc1NC(=O)C2C(=C2c3ccccc3)c4ccccc4,CHEMBL1519709,4.70,
[O-][N+](=O)c1ccccc1OCc2oc(cc2)C(=O)Nc3nc4ccccc4n3Cc5ccccc5,CHEMBL1382389,5.35,
[O-][N+](=O)c1cccnc1NCCNc2ncc(cc2Cl)C(F)(F)F,CHEMBL1586735,4.90,
[O-][N+](=O)c1ccn(CC(=O)N2CCc3ccccc3C2)n1,CHEMBL1606673,4.65,
[O-][N+](=O)c1cnc(s1)N2CCNC2=O,CHEMBL152632,6.40,
[O-][N+](=O)c1oc(\C=N\NC(=O)c2cc(nc3ccccc23)c4ccncc4)cc1,CHEMBL1987514,6.05,
[O-][N+]1=C(C(=O)N(OCc2ccccn2)c3ccccc13)c4ccc(Cl)cc4,CHEMBL1495580,5.15,
[O-][n+]1c(CN2CCCCC2)nc3cccc4c5ccccc5c1c34,CHEMBL1358007,5.50,
[O-][n+]1ccc(cc1)C(=O)N2CCC3(CCN(Cc4cccc(Oc5ccccc5)c4)CC3)CC2,CHEMBL409849,,4.85
[O-][n+]1ccc(CP(=O)(c2ccccc2)c3ccccc3)cc1,CHEMBL1449000,4.85,
[O-][n+]1cccc(c1)C#Cc2cccc(c2)N3C=C(C(=O)NC4CC4)C(=O)c5cccnc35,CHEMBL485629,,4.18
[O-][n+]1cccc(c1)C(=O)N2CCC(CC2)c3ccc(NC(=O)c4nc(c[nH]4)C#N)c(c3)C5=CCCCC5,CHEMBL2158291,5.72,
[O-][n+]1cccc(c1)C(=O)Nc2ccc3OCOc3c2,CHEMBL1427238,4.65,
[O-][S+](c1ccc(\C=C\c2ccc(F)cc2)nc1)c3ccccc3F,CHEMBL395459,,5.54
[O-][S+](c1ccccc1)c2ccc(\C=C\c3ccc(F)cc3F)nc2,CHEMBL240887,,5.19
[O-][S+](CC(=O)Nc1ccccc1Cl)c2cccc(c2)C(F)(F)F,CHEMBL1506245,5.10,
[O-][S+](CC(=O)Nc1ccccc1Cl)c2cccc(Cl)c2,CHEMBL1741744,4.85,
[O-][S+](CCC1C(=O)N(N(C1=O)c2ccccc2)c3ccccc3)c4ccccc4,CHEMBL832,4.90,
[Zn+2].[S-]C(=S)NCCNC(=S)[S-],CHEMBL1411246,4.60,
Br.Br.C(c1ccncc1)c2cnc[nH]2,CHEMBL1316355,5.40,
Br.Br.NCCSC(=N)N,CHEMBL1256182,5.50,
Br.CC(C)CC1CC(=O)OC1(C)C(=O)CSc2nc3ccccc3s2,CHEMBL1433173,4.80,
Br.CCCCN1C(=N)N(CC(=O)c2occc2)c3ccccc13,CHEMBL1400995,4.50,
Br.CCCN1C(=N)N(CC(=O)c2occc2)c3ccccc13,CHEMBL1419738,4.45,
Br.COc1ccc2C[C@@H]3C4CCCC[C@]4(CCN3C)c2c1,CHEMBL1204111,4.90,
Br.Oc1ccc(cc1F)c2ccc3C(=CCCc3c2)c4ccncc4,CHEMBL496286,5.68,
Br.Oc1ccc(cc1F)c2ccc3C(CCCc3c2)c4ccncc4,CHEMBL496469,5.47,
Br.Oc1ccc(cc1O)c2ccc3C(CCCc3c2)c4ccncc4,CHEMBL522228,6.20,
Brc1c(Br)c(Br)c2[nH]nnc2c1Br,CHEMBL177820,5.50,
Brc1c(NC2=NCCN2)ccc3nccnc13,CHEMBL844,4.80,
Brc1c(OCC(=O)Nc2cccnc2)ccc3ccccc13,CHEMBL1418045,,8.32
Brc1cc2NC(=O)Oc2cc1C[C@@H](NC(=O)N3CCC(CC3)N4Cc5ccccc5NC4=O)C(=O)N6CCC(CC6)N7CCCCC7,CHEMBL2336412,4.75,
Brc1ccc(\C=C(\NC(=O)c2occc2)/c3nc4ccccc4[nH]3)cc1,CHEMBL1546811,5.80,
Brc1ccc(\C=C/CNCCNS(=O)(=O)c2cccc3cnccc23)cc1,CHEMBL403128,5.80,
Brc1ccc(cc1)[C@@H]2C[C@@H](CC[C@H]2C(=O)N3CC(C3)(c4ccccc4)c5ccccc5)N6CCOCC6,CHEMBL3086029,,6.54
Brc1ccc(cc1)[C@@H]2C[C@@H](CC[C@H]2C(=O)NC(c3ccccc3)c4ccccc4)N5CCOCC5,CHEMBL3086048,,6.28
Brc1ccc(cc1)[C@H]2CN3CCSC3=N2,CHEMBL1527442,4.60,
Brc1ccc(cc1)C(=O)CN2CCN(Cc3ccccc3)CC2,CHEMBL1543808,4.85,
Brc1ccc(cc1)C(=O)COC(=O)CNC(=O)CN2C(=O)c3ccccc3C2=O,CHEMBL1330158,5.45,
Brc1ccc(cc1)C(=O)N\C(=C\c2ccccc2)\C(=O)NCC(=O)OCc3ccccc3,CHEMBL1432119,6.70,
Brc1ccc(cc1)C2=NN(Cc3ccccc3)C(=O)c4ccccc24,CHEMBL1418074,4.60,
Brc1ccc(cc1)C2CC(=NN2S(=O)(=O)c3ccccc3)c4cccs4,CHEMBL1498694,5.70,
Brc1ccc(cc1)C2NC(=O)c3c4CCCc4sc3N2,CHEMBL1573735,4.55,
Brc1ccc(cc1)C2Nc3ccccc3NC4=C2C(=O)NC4,CHEMBL1380712,4.60,
Brc1ccc(cc1)c2oc(nn2)c3cccc(c3)S(=O)(=O)N4CCCCCC4,CHEMBL1470386,5.45,
Brc1ccc(cc1)N(C2CCN(CC2)C3CCCC3)C(=O)Nc4ccccc4,CHEMBL1094029,,6.73
Brc1ccc(cc1)N(C2CCN(Cc3ccncc3)CC2)C(=O)NCc4ccccc4,CHEMBL1092108,,5.64
Brc1ccc(cc1)N(C2CCN(Cc3ccnnc3)CC2)C(=O)NCc4ccccc4,CHEMBL1092109,,4.86
Brc1ccc(CNC(=O)C2N(CCc3ccccn3)C(=O)c4ccccc24)cc1,CHEMBL2164384,,5.03
Brc1ccc(CNC(=O)Nc2ccc(cc2)c3ccnc4[nH]cnc34)cc1,CHEMBL1951452,6.57,
Brc1ccc(CSc2nccn2c3ccccc3)cc1,CHEMBL1520238,5.10,
Brc1ccc(NC(=O)c2ccc(CSC3=NCCS3)cc2)cc1,CHEMBL1600243,5.45,
Brc1ccc(NC(=S)NNC(=O)CSc2nc3ccccc3s2)cc1,CHEMBL1454748,5.60,
Brc1ccc(OCC(=O)N2CCC(C2)c3ccccc3)cc1,CHEMBL1516503,4.55,
Brc1ccc2[nH]c3c(CC(=O)Nc4ccccc34)c2c1,CHEMBL296586,4.90,
Brc1ccc2NC(=S)N(Cc3cccnc3)C(=O)c2c1,CHEMBL1568012,6.40,
Brc1ccc2NC(=S)N(CCCC(=O)NCC3CCCO3)C(=O)c2c1,CHEMBL1504272,4.45,
Brc1ccc2OCC(=O)N(CCN3CCC(CC3)NCc4ccc5OCC(=O)Nc5n4)c2c1,CHEMBL1824031,,5.55
Brc1ccc2OCC3=NOC(=O)N3c2c1,CHEMBL507122,4.70,
Brc1cccc(\C=C\2/SC(=S)N(CCC(=O)NNC(=O)c3cccnc3)C2=O)c1,CHEMBL1582278,5.50,
Brc1cccc(c1)C(=O)N\N=C/c2oc(Sc3ccccn3)cc2,CHEMBL3194967,4.65,
Brc1cccc(CSCC(=O)N\N=C\c2ccc3OCOc3c2)c1,CHEMBL3199708,5.40,
Brc1cccc2nc(ccc12)C#Cc3ccccn3,CHEMBL2335295,,4.64
Brc1ccccc1\C=N\NC(=O)COc2ccc(cc2)c3ccccc3,CHEMBL3191893,4.85,
Brc1ccccc1OCCOCCOc2cccc3cccnc23,CHEMBL1495971,4.40,
Brc1cnc2nc(oc2c1)N3CCN4CCC3CC4,CHEMBL611369,,5.64
Brc1cncc(c1)C(=O)Nc2ccc(cc2)N3CCCCC3,CHEMBL1333282,5.85,
Brc1oc(\C=N\NC(=O)Cc2ccccc2)cc1Br,CHEMBL3193223,4.55,
Brc1oc(cc1)C(=O)Nc2nc(cs2)c3ccccc3,CHEMBL1362547,4.50,
Brc1oc(cc1)C(=O)NCCC(=O)NCc2ccccn2,CHEMBL1470632,4.85,
C([C@@H](Nc1cccnc1)c2ccccc2)c3ccccc3,CHEMBL1607623,5.50,
C([C@H](N1CCCCC1)c2ccccc2)c3ccccc3,CHEMBL467085,4.50,
C(\C=C/c1ccccc1)N2CCN(CC2)C(c3ccccc3)c4ccccc4,CHEMBL1257123,5.10,
C(c1c[nH]c2ccccc12)c3c[nH]c4ccccc34,CHEMBL446452,4.40,
C(C1CC1)N2CC3CN(CC4CC4)CC(C2)C35CCCC5,CHEMBL113461,,5.60
C(c1ccc(cc1)C(N2CCCN(CC2)C3CCC3)c4nnnn4Cc5ccccc5)n6cncn6,CHEMBL1223236,4.92,
C(c1ccccc1)C2(CCNC2)c3ccc4[nH]ccc4c3,CHEMBL487355,,5.05
C(c1ccccc1)C2(CCNC2)c3ccc4sccc4c3,CHEMBL486537,,4.96
C(c1ccccc1)c2nnc(Sc3ccccc3)c4ccccc24,CHEMBL1587518,4.90,
C(C1CCCCC1)N2C[C@@H]3C(c4ccccc4)C5(CC3(C5)[C@H]2c6ccccc6)c7ccccc7,CHEMBL1370135,5.30,
C(c1ccccc1)n2cnc(c2)c3cccnc3,CHEMBL178780,4.12,
C(c1ccccc1)n2nnc3c(ncnc23)N4CCc5ccccc5C4,CHEMBL1580880,4.85,
C(C1CCCCN1)N2CCN(C2)c3ccccc3,CHEMBL1084132,,4.80
C(CC(c1ccccc1)c2ccccc2)NCCc3ccccc3,CHEMBL2046888,,5.50
C(Cc1ccc2ccccc2n1)[C@@H]3CCCCN3,CHEMBL1371311,5.40,
C(Cc1ccccc1)N2CCC(CC2)c3c([nH]c4ccccc34)c5ccccc5,CHEMBL40584,,7.10
C(Cc1ccccc1)N2CCCC(C2)c3c([nH]c4ccccc34)c5ccccc5,CHEMBL44310,,6.28
C(Cc1ccncc1)N2CCCCC2,CHEMBL1447143,5.20,
C(Cc1ccncc1)SCc2ccccc2,CHEMBL1529804,6.30,
C(Cc1cnc[nH]1)Nc2ncncc2c3ccc4OCOc4c3,CHEMBL1356060,6.10,
C(CCc1nnc2CCCCc2n1)Cc3nnc4CCCCc4n3,CHEMBL1491455,5.40,
C(CCCN1CCN(CC1)c2ccccn2)CCN3CCN(CC3)c4ccccc4,CHEMBL1171646,,4.89
C(CCN1CCN(CC1)c2cccc3ccccc23)COc4ccc5CNCc5c4,CHEMBL1258425,,5.81
C(CN(c1ccccc1)c2ccccc2)NCCc3ccccc3,CHEMBL2046890,,7.20
C(CN1CCCC1)Oc2ccc3Nc4nccc(n4)c5ccnc(OCC\C=C\COCc2c3)c5,CHEMBL2035052,,5.62
C(CN1CCCCC1)Oc2ccc(Oc3oc4ccccc4n3)cc2,CHEMBL481863,,6.00
C(CN1CCCCC1)Oc2ccc3Nc4nccc(n4)c5cccc(COCC=CCOCc2c3)c5,CHEMBL2181331,6.43,
C(CN1CCOCC1)Nc2nc(nc3ccccc23)c4cocc4,CHEMBL1435086,4.80,
C(CNc1nc2ccccc2s1)COc3cccc(CN4CCCCC4)c3,CHEMBL419296,4.90,
C(CNCCC(c1ccccc1)c2ccccc2)Cc3ccccc3,CHEMBL2046889,,7.77
C(CNCCN(c1ccccc1)c2ccccc2)Cc3ccccc3,CHEMBL2046891,,6.20
C(COc1ccc(cc1)[C@@H]2CC[C@H](CC2)N3CCCC3)CN4CCCCC4,CHEMBL1824235,4.32,
C(COc1ccc(cc1)[C@@H]2CC[C@H](CC2)N3CCOCC3)CN4CCCCC4,CHEMBL1824241,4.18,
C(COc1ccc(cc1)[C@H]2Oc3ccccc3S[C@H]2c4ccccc4)CN5CCCC5,CHEMBL564514,,7.92
C(COc1ccc(cc1)C2CCCCO2)CN3CCCCC3,CHEMBL1822856,,5.95
C(COc1ccc(cc1)c2cccs2)CN3CCCCC3,CHEMBL1822688,,7.85
C(COc1ccc(cc1)C2CCOCC2)CN3CCCCC3,CHEMBL1822857,,5.65
C(COc1ccc(cc1)c2ocnc2)CN3CCCCC3,CHEMBL1822851,,5.92
C(COc1ccc(cc1)N2CCCCC2)CN3CCCCC3,CHEMBL1822855,,6.08
C(COc1ccc(cc1)n2ccnc2)Cc3ccccn3,CHEMBL115876,6.60,
C(COc1ccc(cc1)n2ccnc2)Cc3cccnc3,CHEMBL262968,6.38,
C(COc1ccc(cc1)n2ccnc2)Cc3ccncc3,CHEMBL113227,6.46,
C(N(Nc1ccccc1)c2ccccc2)c3cnccn3,CHEMBL1606094,6.00,
C(N1C(c2ccccn2)n3c(nc4ccccc34)c5ccccc15)c6ccccc6,CHEMBL1600490,5.50,
C(N1C[C@@H]2C(c3ccccc3)C4(CC2(C4)[C@H]1c5ccccc5)c6cccnc6)c7ccc(cc7)c8ccccc8,CHEMBL1490938,4.80,
C(N1CC[C@@]2(CCCNC2)C1)c3ccccc3,CHEMBL1355831,5.00,
C(N1CCC(CC1)Oc2ncnc3c2ccn3Cc4ccccc4)c5ccccc5,CHEMBL2012277,,5.92
C(N1CCC(CC1)Oc2ncnc3c2ccn3Cc4ccccc4)c5cscn5,CHEMBL2012244,,6.12
C(N1CCN(CC1)c2ncccn2)c3ccc4OCOc4c3,CHEMBL1371770,5.00,
C(N1CCN(Cc2nc3ccccc3s2)CC1)c4onc(n4)c5ccccc5,CHEMBL2069924,,4.89
C(N1CCN(Cc2onc(n2)c3ccccc3)CC1)c4ccccc4,CHEMBL2069921,,4.90
C(Nc1cc(ncn1)c2cccnc2)c3cccs3,CHEMBL1512919,5.60,
C(Nc1ccnc(n1)c2ccc3OCOc3c2)c4ccccc4,CHEMBL1436125,6.10,
C(Nc1ccnc(n1)c2ccc3OCOc3c2)c4cccnc4,CHEMBL1357018,6.00,
C(Nc1ccnc(n1)c2ccc3OCOc3c2)c4cccs4,CHEMBL1558843,6.00,
C(Nc1ccnc(n1)c2cocc2)c3ccccc3,CHEMBL1334477,5.00,
C(Nc1ccnc(n1)c2cocc2)c3cccs3,CHEMBL1437011,5.10,
C(Nc1nc(nc2ccccc12)c3ccc4OCOc4c3)c5cccnc5,CHEMBL1518415,6.50,
C(Nc1nc(nc2ccccc12)c3ccc4OCOc4c3)c5cccs5,CHEMBL1314388,6.00,
C(Nc1nc(nc2ccccc12)c3ccccc3)c4cccnc4,CHEMBL420539,6.00,
C(Nc1nc(nc2ccccc12)c3cccnc3)c4cccnc4,CHEMBL1194023,6.00,
C(Nc1nc(nc2ccccc12)c3cccnc3)c4cccs4,CHEMBL1190913,5.70,
C(Nc1nc(nc2ccccc12)c3cocc3)c4ccccc4,CHEMBL1573862,4.90,
C(Nc1nc(nc2ccccc12)c3cocc3)c4cccnc4,CHEMBL1414251,5.10,
C(Nc1nc(nc2ccccc12)c3cocc3)c4cccs4,CHEMBL1438371,5.10,
C(Nc1ncnc2ccc(cc12)c3ccc4OCOc4c3)c5ccccc5,CHEMBL1358796,5.70,
C(Nc1ncnc2ccc(cc12)c3cccnc3)c4cccnc4,CHEMBL1355644,6.00,
C(Nc1ncncc1c2ccc3OCOc3c2)c4cccnc4,CHEMBL1331525,6.40,
C(Nc1ncncc1c2cccnc2)c3ccccc3,CHEMBL1568111,5.90,
C(Nc1ncncc1c2cocc2)c3ccccc3,CHEMBL1409830,5.70,
C(Nc1ncncc1c2cocc2)c3cccs3,CHEMBL1527221,5.70,
C(O[C@@H]1CCNC1)c2ccc3ccccc3c2,CHEMBL469809,,4.79
C(O[C@H]1CCNC1)c2ccc3ccccc3c2,CHEMBL445794,,4.80
C(Oc1ccc(cc1)n2ccnc2)c3ccccn3,CHEMBL112592,6.20,
C(Oc1ccc2cccnc2c1)c3ccccc3,CHEMBL1081779,4.60,
C(Oc1cccc(OCC2CO2)c1)C3CO3,CHEMBL1338613,4.80,
C(Oc1ccccc1)C#Cc2cc(cs2)c3n[nH]c4c3Cc5cc(Cn6ccnc6)ccc45,CHEMBL224834,,5.85
C(Oc1ccccc1CC(N2CCNCC2)c3ccccc3)C4CC4,CHEMBL1083706,,5.53
C(Sc1ccccc1)c2nc3ccccc3[nH]2,CHEMBL234978,4.90,
C(Sc1n[nH]c(n1)c2cccs2)c3csc(n3)c4ccccc4,CHEMBL1392359,5.20,
C(Sc1nc2ccccc2s1)Sc3nc4ccccc4s3,CHEMBL1374335,5.50,
C(Sc1ncnc2[nH]cnc12)c3ccncc3,CHEMBL1567238,6.00,
C(Sc1nnc(c2ccccc2)n1Cc3occc3)c4nc5ccccc5[nH]4,CHEMBL1445233,5.70,
C(Sc1nnc2c3ccccc3c4ccccc4c2n1)c5ccccc5,CHEMBL1358395,5.40,
C(Sc1oc(nn1)c2sccc2n3cccc3)c4ccccc4,CHEMBL1465191,4.80,
C[C@@](Cc1ccccc1)(NC(=O)CN)c2ccccc2,CHEMBL1552984,5.50,
C[C@@](O)(CCC1C(=C)CCC2[C@@](C)(CO)CCC[C@@]12C)C=C,CHEMBL1521278,5.60,
C[C@@]1(C=C[C@@H](Cc2ccccc2)N1C(=O)c3ccccc3)C(=O)NCc4cc(F)cc(c4)C(F)(F)F,CHEMBL1334650,5.70,
C[C@@]1(C=C[C@@H](Cc2ccccc2)N1C(=O)c3ccccc3)C(=O)NCC4CC4,CHEMBL1553555,5.70,
C[C@@]1(C=C[C@@H](Cc2ccccc2)N1C(=O)c3ccccc3)C(=O)NCCc4c[nH]c5ccccc45,CHEMBL1411009,5.80,
C[C@@]1(C=C[C@@H](Cc2ccccc2)N1C(=O)c3ccccc3)C(=O)NCCCNc4ncc(cc4Cl)C(F)(F)F,CHEMBL1368832,5.50,
C[C@@]1(CO)C(O)CC[C@]2(C)C(C\C=C\3/C(O)COC3=O)C(=C)CCC12,CHEMBL1599649,4.60,
C[C@@]12CC(O)C3C(CCC4=CC(=O)C=C[C@]34C)C1CC[C@]2(O)C(=O)CO,CHEMBL1516130,4.60,
C[C@@]12CC[C@@H](CN(CCN3CCN(C3=O)c4cccc(Cl)c4)C1)C2(C)C,CHEMBL564930,,5.90
C[C@@]12CC[C@@H]3[C@H](CCC4=CC(=O)CC[C@@]34C)[C@@H]1CC[C@@H]2C(=O)Cn5cnc6c(S)ncnc56,CHEMBL1368577,5.50,
C[C@@]12CC[C@H](O)C[C@@H]1CC[C@H]3[C@H]4CC[C@H](C(=O)C[C@H](O)C(F)(F)F)[C@]4(C)CC[C@H]23,CHEMBL1478614,5.50,
C[C@@]12CC[C@H](O)C[C@@H]1CC[C@H]3[C@H]4CC[C@H](c5cc([nH]n5)C(F)(F)F)[C@]4(C)CC[C@@H]23,CHEMBL1529093,5.60,
C[C@@]12CC[C@H]3[C@@H]([C@@H](CCCCCCCCC[S+]([O-])CCCC(F)(F)C(F)(F)F)Cc4cc(O)ccc34)[C@@H]1CC[C@@H]2O,CHEMBL1597812,6.00,
C[C@@]12CC[C@H]3[C@@H](CC[C@@H]4C[C@H](O)CC[C@@]34C)[C@H]1CC[C@H]2O,CHEMBL1317148,5.00,
C[C@@]12CC=C3[C@@H](CCC4=CC(=O)C=C[C@@]34C)[C@H]1CC[C@H]2C(=O)CN5CCN(CC5)c6cc(nc(n6)N7CCCC7)N8CCCC8,CHEMBL1448859,5.50,
C[C@@H]([C@@H](O)c1ccc(O)cc1)N2CCC(O)(CC2)c3ccccc3,CHEMBL17350,,5.00
C[C@@H]([C@H](N1CCOCC1)c2ccccc2)C(=O)c3ccccc3,CHEMBL1335595,6.30,
C[C@@H]([C@H](O)c1ccc(O)cc1)N2CCC(Cc3ccccc3)CC2,CHEMBL49623,4.90,
C[C@@H]([C@H](O)c1ccc(O)cc1)N2CCC(Cc3ccccc3)CC2.C[C@@H]([C@H](O)c4ccc(O)cc4)N5CCC(Cc6ccccc6)CC5.OC(C(O)C(=O)O)C(=O)O,CHEMBL2062340,5.40,
C[C@@H]([C@H](O)c1ccc(O)cc1)N2CCC(Cc3ccccc3)CC2.OC(C(O)C(=O)O)C(=O)O,CHEMBL2062341,5.00,
C[C@@H]([C@H]1NC[C@H](C)C[C@@H]1O)c2ccc3[C@@H]4CC=C5C[C@@H](O)CC[C@]5(C)[C@@H]4Cc3c2C,CHEMBL1398335,5.50,
C[C@@H](\C=C/c1cccc(Oc2ccc(F)cc2)c1)N(O)C(=O)N,CHEMBL1328985,5.90,
C[C@@H](C[C@@](C)(CS(=O)(=O)N1CCC(CC1)OCc2ccc(Cl)cc2Cl)N(O)C=O)c3ncc(F)cn3,CHEMBL1615186,,5.10
C[C@@H](C[C@@](C)(CS(=O)(=O)N1CCN(CC1)c2ccc(F)cc2)N(O)C=O)c3ncc(F)cn3,CHEMBL1683445,,4.68
C[C@@H](C[C@@H](CS(=O)(=O)N1CCC(CC1)OCc2ccc(Cl)cc2Cl)N(O)C=O)c3ncc(F)cn3,CHEMBL1683444,,5.30
C[C@@H](C[C@@H](CS(=O)(=O)N1CCN(CC1)c2ccc(F)cc2)N(O)C=O)c3ncc(F)cn3,CHEMBL1683443,8.85,4.59
C[C@@H](c1ccccn1)c2c(CCN(C)C)oc3ccccc23,CHEMBL563920,,5.92
C[C@@H](c1ccccn1)c2c(CCN(C)C)sc3ccccc23,CHEMBL564144,,5.85
C[C@@H](c1ccccn1)c2c(CCN3CCC3)sc4ccccc24,CHEMBL1091775,,5.38
C[C@@H](c1cscn1)c2c(CCN(C)C)sc3ccccc23,CHEMBL1091782,,5.77
C[C@@H](c1nc(cs1)c2ccc(cc2)C#N)[C@](O)(Cn3cncn3)c4ccc(F)cc4F,CHEMBL294029,,4.98
C[C@@H](c1ncccc1C)c2c(CCN(C)C)sc3ccccc23,CHEMBL1092126,,6.04
C[C@@H](c1ncncc1F)[C@](O)(Cn2ccnc2)c3ccc(F)cc3F,CHEMBL3310994,6.10,
C[C@@H](c1ncncc1F)[C@](O)(Cn2cnnc2)c3ccc(F)cc3F,CHEMBL3358963,4.29,
C[C@@H](c1ncncc1F)[C@](O)(Cn2cnnn2)c3ccc(F)cc3F,CHEMBL3310993,4.50,
C[C@@H](c1ncncc1F)[C@](O)(Cn2ncnn2)c3ccc(F)cc3F,CHEMBL3309278,4.34,
C[C@@H](CC[C@H](C)NC(=O)[C@@H](NC(=O)N(C)Cc1csc(n1)C(C)C)C(C)C)NC(=O)OCc2cncs2,CHEMBL3114720,6.29,
C[C@@H](Cc1ccc(Cl)cc1Cl)NO.Cc2ccc(cc2)S(=O)(=O)O,CHEMBL1450573,6.40,
C[C@@H](Cc1ccc(O)cc1)NC[C@@H](O)c2cc(O)cc(O)c2,CHEMBL389390,4.60,
C[C@@H](Cc1cccc(c1)C(F)(F)F)NCCCc2ccccc2,CHEMBL1611225,5.30,
C[C@@H](Cc1cccc(c1)C(F)(F)F)NCCOC(=O)c2ccccc2,CHEMBL1592316,6.10,
C[C@@H](Cc1ccccc1)Nc2ncnc3c2ncn3[C@@H]4O[C@@H](CO)[C@H](O)[C@@H]4O,CHEMBL1472700,5.00,
C[C@@H](CCO)C(=O)O[C@H]1C[C@@H](C)C=C2C=C[C@H](C)[C@H](CC[C@@H]3C[C@@H](O)CC(=O)O3)[C@@H]12,CHEMBL1456346,4.90,
C[C@@H](CN(C)C)CN1c2ccccc2CCc3ccccc13,CHEMBL1435477,5.00,
C[C@@H](CN1CCCc2nc(C)c(C)cc12)O\N=C(/C)\CCN3CCc4nc(c5ccccc5)c(cc4C3)c6ccccc6,CHEMBL1475945,5.40,
C[C@@H](CN1CCCc2nc(C)c(C)cc12)O\N=C(/C)\CCN3CCCCc4nc(C)c(C)cc34,CHEMBL1515706,5.50,
C[C@@H](CN1CCCc2nc(C)c(C)cc12)O\N=C(\C)/CCC(=O)OC[C@@H]3O[C@@H](C=C[C@@H]3Oc4ccc(C)cc4)C#Cc5ccccc5,CHEMBL1552953,5.40,
C[C@@H](CN1CCCc2nc(C)c(C)cc12)O\N=C/C[C@H]3O[C@@H](COC(=O)C)[C@@H](OC(=O)C)C=C3,CHEMBL1558245,5.40,
C[C@@H](CN1CCCCc2nc(C)c(C)cc12)O\N=C(/C)\CCN3CCCc4nc(C)c(C)cc34,CHEMBL1552949,5.40,
C[C@@H](CN1CCCCc2nc(C)c(C)cc12)O\N=C(/C)\CCN3CCCCc4nc(C)c(C)cc34,CHEMBL1316401,5.40,
C[C@@H](CN1CCCCc2nc(C)c(C)cc12)O\N=C/[C@@H](C)[C@H](OCc3ccccc3)C(C)C,CHEMBL1591903,5.40,
C[C@@H](CNc1cccc2c1cnn2c3ccc(F)cc3)NS(=O)(=O)c4c(C)cc(C)cc4C,CHEMBL3261407,5.00,
C[C@@H](CNc1cccc2c1cnn2c3ccc(F)nc3)NS(=O)(=O)c4c(C)nn(C5CCCC5)c4C,CHEMBL3261425,4.66,
C[C@@H](CO)NC(=O)[C@H]1CN(C)[C@@H]2Cc3c[nH]c4cccc(C2=C1)c34,CHEMBL119443,4.70,
C[C@@H](CO)Oc1cc(Oc2ccc(cc2)C(=O)N3CCC3)cc(c1)C(=O)Nc4ccn(C)n4,CHEMBL3217925,,4.16
C[C@@H](CO)Oc1cc(Oc2ccc(cc2)C(=O)N3CCC3)cc(c1)C(=O)Nc4cnc(C)cn4,CHEMBL3219110,,4.42
C[C@@H](CO)Oc1cc(Oc2ccc(cc2)C(=O)N3CCC3)cc(c1)C(=O)Nc4nccs4,CHEMBL3219108,,5.05
C[C@@H](COc1ccc(F)cc1[C@@H](C)C(F)(F)F)N2CCN3C(=O)C(=CC=C3C2=O)n4cnc(C)c4,CHEMBL3580774,,5.04
C[C@@H](N(C)C(=O)N1CC[C@@H](C[C@@H]1c2ccc(F)cc2C)N3CCN(C(O)C3)C(=O)C)c4cc(cc(c4)C(F)(F)F)C(F)(F)F,CHEMBL3526984,5.09,
C[C@@H](N(C)C(=O)N1CC[C@@H](C[C@@H]1c2ccc(F)cc2C)N3CCN(CC3)C(=O)C)c4cc(cc(c4)C(F)(F)F)C(F)(F)F,CHEMBL1672054,5.31,
C[C@@H](N(Cc1cccnc1)C(=O)Cc2ccc(OC(F)(F)F)cc2)C3=Nc4ncccc4C(=O)N3c5ccc(O)cc5,CHEMBL1939697,5.72,
C[C@@H](N)[C@@H]1CC[C@H](CC1)C(=O)Nc2ccncc2,CHEMBL559147,,4.10
C[C@@H](N1[C@@H]2CC[C@H]1C[C@@H](C2)Oc3cccc(c3)C(=O)N)c4ccc(C)s4,CHEMBL1257347,,8.55
C[C@@H](N1[C@@H]2CC[C@H]1C[C@@H](C2)Oc3cccc(c3)C(=O)N)c4ccccc4,CHEMBL1257226,,7.89
C[C@@H](N1CC(C1)c2ncccn2)C3=Nc4c(cnn4C5CCCC5)C(=O)N3,CHEMBL2180070,,4.27
C[C@@H](NC(=O)\C(=C\c1ccc(O)c(O)c1)\C#N)c2ccccc2,CHEMBL258767,4.80,
C[C@@H](NC(=O)c1oc(cc1)c2ccc(Cl)cc2)C(=O)N3CCN(CCCOc4ccc(cc4)C(=O)C5CC5)CC3,CHEMBL251241,,6.10
C[C@@H](O)c1nc2cnc3[nH]ccc3c2n1[C@@H]4CC[C@@H](CC#N)CC4,CHEMBL2386635,5.06,
C[C@@H](O)COc1cn2ncnc(Oc3ccc4[nH]c(C)cc4c3F)c2c1C,CHEMBL377300,4.40,4.75
C[C@@H](O[C@H]1C[C@@H](C)C(=O)NC[C@@H]1c2ccc(F)cc2)c3cc(cc(c3)C(F)(F)F)C(F)(F)F,CHEMBL209456,,5.62
C[C@@H](O[C@H]1C[C@@H](C)NC(=O)C[C@@H]1c2ccc(F)cc2)c3cc(cc(c3)C(F)(F)F)C(F)(F)F,CHEMBL209407,,5.07
C[C@@H](O[C@H]1CCC(=O)N(C)[C@@H](C)[C@@H]1c2ccc(F)cc2)c3cc(cc(c3)C(F)(F)F)C(F)(F)F,CHEMBL209240,,5.17
C[C@@H](O[C@H]1CCc2nccn2C[C@@H]1c3ccc(F)cc3)c4cc(cc(c4)C(F)(F)F)C(F)(F)F,CHEMBL210630,,5.75
C[C@@H](O[C@H]1CN2[C@@H]([C@@H]3C[C@](C)(O)C[C@@H]3C2=O)[C@@H]1c4ccc(F)cc4)c5cc(cc(c5)C(F)(F)F)C(F)(F)F,CHEMBL1257706,4.64,
C[C@@H](Oc1cc(sc1C(=O)N)n2cnc3cc(ccc23)c4ccnc(c4)N5CCN(C)CC5)c6ccccc6Cl,CHEMBL1208958,4.57,
C[C@@H](Oc1cc(sc1C(=O)N)n2cnc3cc(ccc23)c4ccnc(NC5CCN(C)CC5)c4)c6ccccc6Cl,CHEMBL1208964,5.33,
C[C@@H](Oc1cc(sc1C(=O)N)n2cnc3cc(ccc23)c4ccnc(NC5CCN(C)CC5)n4)c6ccccc6Cl,CHEMBL1208966,4.82,
C[C@@H](Oc1cc(sc1C(=O)N)n2cnc3cc(ccc23)c4ccnc(NCCN(C)C)c4)c5ccccc5C(F)(F)F,CHEMBL1208961,4.57,
C[C@@H](Oc1cc(sc1C(=O)N)n2cnc3cc(ccc23)c4cnn(C)c4)c5ccccc5Cl,CHEMBL1209842,6.70,
C[C@@H](Oc1cc(sc1C(=O)N)n2cnc3cc(ccc23)c4cnn(CCN5CCN(C)CC5)c4)c6ccccc6Cl,CHEMBL1209016,5.72,
C[C@@H](OC1CCC2NC1(CC2c3nnn(C)n3)c4ccccc4)c5cc(cc(c5)C(F)(F)F)C(F)(F)F,CHEMBL381965,,5.75
C[C@@H](OC1CCC2NC1(CC2c3nnnn3C)c4ccccc4)c5cc(cc(c5)C(F)(F)F)C(F)(F)F,CHEMBL204573,,5.55
C[C@@H](Oc1cccc2ncnc(Nc3ccc(OCc4ccccn4)c(Cl)c3)c12)C(=O)N(C)C,CHEMBL428777,,4.85
C[C@@H](Oc1cccc2ncnc(Nc3ccc(OCc4ccccn4)c(Cl)c3)c12)C(=O)N5CCOCC5,CHEMBL403774,,5.00
C[C@@H](Oc1cccc2ncnc(Nc3ccc4c(cnn4Cc5ccccn5)c3)c12)C(=O)N(C)C,CHEMBL402011,,4.60
C[C@@H](Oc1nnc(c2ccncc2)n1C)c3noc(n3)c4cccc(Cl)c4,CHEMBL2069926,,4.94
C[C@@H]1[C@H](C\C=C(/C)\CC\C=C(/C)\CC\C=C(/C)\CCC=C(C)C)C(=O)c2ccccc2C1=O,CHEMBL1398321,4.90,
C[C@@H]1[C@H](Oc2ccccc2S1(=O)=O)c3ccc(OCCCN4CCCC4)cc3,CHEMBL558248,,5.89
C[C@@H]1[C@H]2CC[C@@]3(C)C=CC(=O)C(=C3[C@@H]2OC1=O)C,CHEMBL1357930,4.50,
C[C@@H]1\C=C/CC(=O)OC[C@@H](NS(=O)(=O)c2ccc(C)cc2)[C@H](C)\C=C/CC(=O)OC[C@@H]1NS(=O)(=O)c3ccc(C)cc3,CHEMBL1436444,5.50,
C[C@@H]1\C=C\CC(=O)OC[C@H]2O[C@H](C=C[C@@H]2O)[C@H](C)\C=C\CC(=O)OC[C@@H]1NS(=O)(=O)c3ccc(C)cc3,CHEMBL1365512,5.50,
C[C@@H]1C[C@@H]2[C@@H]3C[C@H](F)C4=CC(=O)C=C[C@]4(C)[C@]3(F)[C@@H](O)C[C@]2(C)[C@]1(CC(=O)CO)C(=O)SCF,CHEMBL1433930,5.80,
C[C@@H]1C[C@@H]2[C@@H]3CC[C@](O)(C(=O)C)[C@]3(C)C[C@H](O)[C@]2(F)[C@@]4(C)C=CC(=O)C=C14,CHEMBL1475698,5.30,
C[C@@H]1C[C@@H]2[C@H]3CC[C@@](O)(C(=O)C)[C@]3(C)C[C@H](O)[C@@H]2[C@]4(C)CCC(=O)C=C14,CHEMBL1407576,5.40,
C[C@@H]1C[C@@H]2[C@H]3CCC4=CC(=O)C=C[C@]4(C)[C@]3(Cl)[C@@H](O)C[C@@]2(C)[C@@]1(O)C(=O)CO,CHEMBL1592340,5.40,
C[C@@H]1C[C@@H]2[C@H]3CCC4=CC(=O)C=C[C@]4(C)[C@]3(F)[C@@H](O)C[C@@]2(C)[C@@]1(O)C(=O)CO,CHEMBL1354141,4.70,
C[C@@H]1C[C@@H]2[C@H]3CCC4=CC(=O)C=C[C@]4(C)[C@]3(F)[C@@H](O)C[C@]2(C)[C@@]1(O)C(=O)CO,CHEMBL1358636,4.90,
C[C@@H]1C[C@H](N)C[C@@H](C1)c2ccncc2NC(=O)c3ccc(F)c(n3)c4c(F)cccc4F,CHEMBL3651966,,4.92
C[C@@H]1C[C@H]2[C@@H]3C[C@H](F)C4=CC(=O)C=C[C@@]4(C)[C@]3(F)[C@H](O)C[C@]2(C)[C@@]1(OC(=O)C)C(=O)COC(=O)C,CHEMBL1433593,5.20,
C[C@@H]1C[C@H]2[C@@H]3CCC4=CC(=O)C=C[C@]4(C)[C@@]3(F)[C@@H](O)C[C@]2(C)[C@@]1(O)C(=O)CO,CHEMBL384467,4.50,
C[C@@H]1C[C@H]2[C@@H]3CCC4=CC(=O)C=C[C@]4(C)C3=CC[C@]2(C)[C@@]1(O)C(=O)CO,CHEMBL2348780,,4.70
C[C@@H]1C=C[C@@](Cc2ccccc2)(N1C(=O)C)C(=O)NCc3cc(F)cc(c3)C(F)(F)F,CHEMBL1322711,5.50,
C[C@@H]1C=C[C@@](Cc2ccccc2)(N1C(=O)C)C(=O)NCc3ccccn3,CHEMBL1358200,4.90,
C[C@@H]1C=C[C@@](Cc2ccccc2)(N1C(=O)C)C(=O)NCc3oc(C)cc3,CHEMBL1393926,5.30,
C[C@@H]1C=C[C@@](Cc2ccccc2)(N1C(=O)C)C(=O)NCCc3c[nH]c4ccccc34,CHEMBL1493308,5.80,
C[C@@H]1C=C[C@@](Cc2ccccc2)(N1C(=O)c3ccccc3)C(=O)NCCN4CCOCC4,CHEMBL1405649,5.30,
C[C@@H]1C2COC(=O)OCC2C3CC[C@H]4C(OCc5ccc(F)cc5C(F)(F)F)OC[C@]6(C)[C@H]4C3=C1CN6C(=O)OC(C)(C)C,CHEMBL1489140,4.70,
C[C@@H]1CC[C@@]23CCC(=O)[C@H]2[C@]1(C)[C@@H](C[C@@](C)(C=C)[C@@H](O)[C@@H]3C)OC(=O)CSc4cccc(CO)c4,CHEMBL3291120,5.71,
C[C@@H]1CC[C@@]23CCC(=O)[C@H]2[C@]1(C)[C@@H](C[C@@](C)(C=C)[C@@H](O)[C@@H]3C)OC(=O)CSc4ccccn4,CHEMBL3291118,5.87,
C[C@@H]1CC[C@@]23CCC(=O)[C@H]2[C@]1(C)[C@@H](C[C@@](C)(C=C)[C@@H](O)[C@@H]3C)OC(=O)CSc4cncc(N)c4,CHEMBL3291127,6.87,
C[C@@H]1CC[C@@]23CCC(=O)[C@H]2[C@]1(C)[C@@H](C[C@@](C)(C=C)[C@@H](O)[C@@H]3C)OC(=O)CSc4cncc(NC(=O)CN5CCCC(O)C5)c4,CHEMBL3291394,5.91,
C[C@@H]1CC[C@@H](C)N1CCCNc2oc(nn2)c3ccc(NC(=O)c4ccccc4F)cc3,CHEMBL2022500,,5.10
C[C@@H]1CC[C@@H]2N([C@@H]1c3ccc(Br)cc3)C(=O)[C@@H]4CC[C@@H](C)[C@@H](N4C2=O)c5ccc(Br)cc5,CHEMBL1519490,5.40,
C[C@@H]1CC[C@@H]2N(C[C@@H](COS(=O)(=O)c3ccc(C)cc3)OC2=O)[C@@H]1c4ccc(Br)cc4,CHEMBL1592500,5.40,
C[C@@H]1CC[C@@H]2N(C[C@H](O)CNC2=O)[C@@H]1c3ccc(Br)cc3,CHEMBL1603100,5.40,
C[C@@H]1CC[C@H](CN1C(=O)c2cc(C)ccc2n3nccn3)C#Cc4cccc(CO)c4,CHEMBL3235265,5.40,
C[C@@H]1CC[C@H](CN1C(=O)c2ccccc2n3nccn3)Oc4ccnc5c(F)cccc45,CHEMBL3394842,4.60,
C[C@@H]1CC2(OC3C[C@@]4(C)C5=CC[C@H]6C(C)(C)C(CC[C@@]67C[C@@]57CC[C@]4(C)C13)O[C@@H]8OC[C@@H](O)[C@H](O)[C@H]8O)OC(O)C9(C)OC29,CHEMBL1455972,5.30,
C[C@@H]1Cc2ccccc2N1C(=O)CC3=NC(=CC(=O)N3)N4CCOCC4,CHEMBL3112867,4.40,
C[C@@H]1Cc2ccccc2N1NC(=O)c3ccc(Cl)c(c3)[S+](N)[O-].C=O,CHEMBL1355982,5.30,
C[C@@H]1CCC[C@@H](N1S(=O)(=O)c2ccc(Cl)cc2)C3(CC3)OC(=O)N4CCN(CC4)C(C)(C)CO,CHEMBL249292,6.10,
C[C@@H]1CCC[C@H](C)N1CCNc2cn(Cc3ccc(F)cc3)nn2,CHEMBL3417071,,6.22
C[C@@H]1CCC2[C@](C)(CO)C(O)CC[C@@]2(C)[C@@]13CC[C@](CO)(CCO)O3,CHEMBL1329517,4.60,
C[C@@H]1CCCN1C(=O)c2ccc(cc2)c3ccc4C(=O)N(CCN5CCCC5)CCc4c3,CHEMBL2031876,,4.98
C[C@@H]1CCCN1CCc2ccc(cc2)c3ccc(cc3)S(=O)(=O)CC4CCOCC4,CHEMBL1934525,,5.51
C[C@@H]1CCCN1CCc2ccc(cc2)c3ccc(cc3)S(=O)(=O)CCO,CHEMBL1934521,,5.11
C[C@@H]1CCCN1CCc2ccc(cc2)c3ccc(cc3)S(=O)(=O)N4CCC(O)C4,CHEMBL1823053,,5.16
C[C@@H]1CCCN1CCc2ccc(cc2)c3ccc(cc3)S(=O)(=O)NC4CCC4,CHEMBL563118,,6.13
C[C@@H]1CCCN1CCc2ccc(cc2)c3ccc(cc3)S(=O)(=O)NC4CCOCC4,CHEMBL559118,,4.89
C[C@@H]1CCCN1CCc2ccc(cc2)c3ccc(cc3)S(=O)(=O)NCC4CC4,CHEMBL558260,,5.59
C[C@@H]1CCCN1CCc2ccc(cc2)c3ccc(cc3)S(=O)(=O)NCc4ccncc4,CHEMBL558655,,5.09
C[C@@H]1CCCN1CCc2ccc3nc(C)ccc3c2,CHEMBL1086033,,4.27
C[C@@H]1CCCN1CCc2ccc3nc(ccc3c2)c4c(C)n[nH]c4C,CHEMBL1084826,,4.40
C[C@@H]1CCCN1CCc2ccc3nc(ccc3c2)c4c(C)nc5ccccn45,CHEMBL1084385,,5.10
C[C@@H]1CCCN1CCc2ccc3nc(ccc3c2)c4c(Cl)n(C)nc4c5ccccc5,CHEMBL1085397,,5.22
C[C@@H]1CCCN1CCc2ccc3nc(ccc3c2)c4c(O)ccnc4C(F)(F)F,CHEMBL1085783,,4.40
C[C@@H]1CCCN1CCc2ccc3nc(ccc3c2)c4cc(C(=O)N)c(C)nc4C,CHEMBL1085782,,5.00
C[C@@H]1CCCN1CCc2ccc3nc(ccc3c2)C4CC4,CHEMBL1086034,,4.36
C[C@@H]1CCCN1CCc2ccc3nc(ccc3c2)c4ccc(C#N)s4,CHEMBL1086315,,5.70
C[C@@H]1CCCN1CCc2ccc3nc(ccc3c2)c4ccc(C)nc4,CHEMBL1082781,,4.58
C[C@@H]1CCCN1CCc2ccc3nc(ccc3c2)c4ccc(Cl)nc4,CHEMBL1083407,,5.44
C[C@@H]1CCCN1CCc2ccc3nc(ccc3c2)c4ccc(s4)c5ccc(C)s5,CHEMBL1085124,,5.70
C[C@@H]1CCCN1CCc2ccc3nc(ccc3c2)c4ccccn4,CHEMBL1082496,,4.75
C[C@@H]1CCCN1CCc2ccc3nc(ccc3c2)c4ccn[nH]4,CHEMBL1084581,,4.40
C[C@@H]1CCCN1CCc2ccc3nc(ccc3c2)c4cnc(s4)c5ccccc5,CHEMBL1086513,,5.87
C[C@@H]1CCCN1CCc2ccc3nc(ccc3c2)c4cnc5cc(C)nn5c4C,CHEMBL392573,,5.06
C[C@@H]1CCCN1CCc2ccc3nc(ccc3c2)c4cnc5OCOc5c4,CHEMBL1086074,,4.40
C[C@@H]1CCCN1CCc2ccc3nc(ccc3c2)c4cnccn4,CHEMBL1085964,,4.61
C[C@@H]1CCCN1CCc2ccc3nc(ccc3c2)c4cnn(c4C)c5cc(cc(C)n5)C(F)(F)F,CHEMBL1084877,,4.78
C[C@@H]1CCCN1CCc2ccc3nc(ccc3c2)c4cnn(c4C)c5ccc(Cl)c(Cl)c5,CHEMBL1083463,,6.22
C[C@@H]1CCCN1CCc2ccc3nc(ccc3c2)c4cnn(c4C)c5ccc(nn5)N(C)C,CHEMBL1083462,,4.75
C[C@@H]1CCCN1CCc2ccc3nc(ccc3c2)c4cocc4,CHEMBL1085326,,5.68
C[C@@H]1CCCN1CCc2ccc3nc(ccc3c2)c4csc(n4)c5cc(C)on5,CHEMBL1086073,,5.55
C[C@@H]1CCCN1CCc2ccc3nc(ccc3c2)c4csc(n4)c5cc(Cl)nc(Cl)c5,CHEMBL1084294,,4.69
C[C@@H]1CCCN1CCc2ccc3nc(ccc3c2)c4csc(n4)c5ccc(OCC(F)(F)F)nc5,CHEMBL1084879,,5.82
C[C@@H]1CCCN1CCc2ccc3nc(ccc3c2)c4csc(n4)c5ccccc5,CHEMBL1084878,,5.80
C[C@@H]1CCCN1CCc2ccc3nc(ccc3c2)c4nc5ccccc5s4,CHEMBL1083562,,5.70
C[C@@H]1CCCN1CCc2ccc3nc(ccc3c2)c4oc(C)nc4C,CHEMBL1083274,,4.40
C[C@@H]1CCCN1CCc2ccc3nc(ccc3c2)c4onc(c4C)c5ccc(Cl)cc5,CHEMBL1085641,,5.70
C[C@@H]1CCCN1CCc2ccc3nc(ccc3c2)c4sc(nc4C)c5ccncc5,CHEMBL1085841,,5.32
C[C@@H]1CCCN1CCc2ccc3nc(ccc3c2)c4sc(nc4C)N5CCOCC5,CHEMBL1086561,,4.69
C[C@@H]1CCCN1CCc2ccc3nc(ccc3c2)c4sc5nc6ccccc6n5c4C,CHEMBL1085142,,5.76
C[C@@H]1CCCN1CCc2ccc3ncccc3c2,CHEMBL1086032,,4.40
C[C@@H]1CCCN1CCc2oc3ccc(cc3c2)c4ccc(cc4)C#N,CHEMBL351231,,5.80
C[C@@H]1CCCN1CCCOc2ccc(cc2)C3=CC(=O)NN=C3,CHEMBL1813065,,5.00
C[C@@H]1CCCN1CCCOc2ccc(cc2)C3=NNC(=O)C(C)(C)C3,CHEMBL1935114,,4.70
C[C@@H]1CCCN1CCCOc2ccc(cc2)C3=NNC(=O)C=C3,CHEMBL1829335,,4.86
C[C@@H]1CCCN1CCCOc2ccc(cc2)N3CCN(CC3=O)C(=O)c4ccc(F)cc4.OC=O,CHEMBL394144,,4.70
C[C@@H]1CN(C[C@@H]2CCc3cccnc3[C@@H](O)C2)CC[C@H]1c4ccccc4C,CHEMBL511658,,5.04
C[C@@H]1CN(C[C@H](C)[C@@]1(O)c2c(F)cccc2F)C(=O)[C@@H]3CN(C[C@H]3c4ccc(F)cc4F)C(C)(C)C,CHEMBL1092550,,8.30
C[C@@H]1CN(C[C@H](C)[C@@]1(O)c2ccccc2)C(=O)[C@@H]3CNC[C@H]3c4ccc(F)cc4F,CHEMBL1092209,,8.18
C[C@@H]1CN(C[C@H](C)[C@@]1(O)c2ccccc2)C(=O)[C@H]3CN(C[C@@H]3c4ccc(F)cc4F)C5CCC5,CHEMBL1092571,,8.23
C[C@@H]1CN(C[C@H](C)[C@@]1(O)c2ccccc2)C(=O)[C@H]3CN(C[C@@H]3c4ccc(F)cc4F)c5ccccn5,CHEMBL1089103,,8.33
C[C@@H]1CN(C[C@H](C)[C@@]1(O)c2ccccc2)C(=O)[C@H]3CN(C[C@@H]3c4ccc(F)cc4F)c5cccnc5,CHEMBL1089104,,8.30
C[C@@H]1CN(C[C@H](C)N1CCO)C(=O)OC2(CC2)[C@H]3COC[C@@H](CC4CC4)N3S(=O)(=O)c5ccc(Cl)cc5,CHEMBL1272046,8.70,
C[C@@H]1CN(C[C@H](C)O1)c2nc(N3CCOC[C@@H]3C)c4ccc(nc4n2)c5ccccc5,CHEMBL2336331,,5.40
C[C@@H]1CN(C[C@H](C)O1)c2nc(N3CCOCC3)c4ccc(nc4n2)c5cccc(CNCCO)c5,CHEMBL2336328,,4.89
C[C@@H]1CN(Cc2ccc(c(CN3CCOCC3)c2)c4cccc(Oc5ncc(F)cc5C(=O)N[C@@H]6CC[C@@H](CC6)NC(=O)c7nc(C)cs7)c4)C[C@H](C)N1,CHEMBL3288029,,4.70
C[C@@H]1CN(Cc2ccc(CC(=O)N3CCC(CC3)Nc4cccc(F)c4)cc2)CCN1,CHEMBL523933,4.16,
C[C@@H]1CN(Cc2ccc(cc2)C(C)(C)C(=O)N3CCC(CC3)Nc4ccc(F)cc4)C[C@H](C)N1,CHEMBL489479,5.33,
C[C@@H]1CN(Cc2ccc(cc2)c3cccc(Oc4ncc(F)cc4C(=O)N[C@@H]5CC[C@@H](CC5)NC(=O)c6cc7ccccn7n6)c3)C[C@H](C)N1,CHEMBL3288010,6.40,
C[C@@H]1CN(Cc2ccc(cc2)c3ccccc3C(=O)N4CCC(CC4)C(=O)c5ccc(F)cc5)C[C@H](C)N1,CHEMBL480210,5.32,
C[C@@H]1CN(Cc2ccc(cc2)c3ccccc3C(=O)N4CCC(CC4)Nc5ccc(Cl)cc5)C[C@H](C)N1,CHEMBL481575,5.28,
C[C@@H]1CN(Cc2ccc(cc2)c3ccccc3CN(C)C(=O)Cc4cccc(Cl)c4)C[C@H](C)N1,CHEMBL465941,5.82,
C[C@@H]1CN(Cc2ccc(cc2)c3ccccc3CN(C)C(=O)Cc4onc(C)c4)C[C@H](C)N1,CHEMBL516551,4.40,
C[C@@H]1CN(Cc2ccc(cc2)c3ccccc3CN(C)C(=O)COc4ccc(F)cc4)C[C@H](C)N1,CHEMBL464909,5.14,
C[C@@H]1CN(Cc2ccc(cc2)c3cccnc3C(=O)N4CCC(CC4)Nc5ccc(F)cc5)C[C@H](C)N1,CHEMBL473921,4.70,
C[C@@H]1CN(CCN1)c2nc(Nc3ccncn3)c4c(n2)c(C)nn4CCOCC(F)(F)F,CHEMBL1098752,,6.05
C[C@@H]1CN(CCN1C(=O)C23CC4CC(CC(C4)C2)C3)c5cccnc5C#N,CHEMBL2397347,5.16,
C[C@@H]1CN(CCN1c2ncc(OCc3ccc(C[S+](C)[O-])cc3F)cn2)c4onc(n4)C(F)(F)F,CHEMBL3358007,,4.55
C[C@@H]1CN(CCN1c2ncc(OCc3ccc(cc3C#N)S(=O)(=O)C)cn2)c4oc(nn4)C(F)(F)F,CHEMBL3357995,,5.19
C[C@@H]1CN(CCN1c2ncc(OCc3ccc(cc3F)C#N)cn2)c4oc(nn4)C(F)(F)F,CHEMBL3357999,,4.96
C[C@@H]1CN(CCN1c2ncc(OCc3ccc(cc3F)n4cnnn4)cn2)c5oc(nn5)C(F)(F)F,CHEMBL3358000,,5.24
C[C@@H]1CN(CCN1c2ncc(OCc3ccncc3C#N)cn2)C(=O)OCC(F)(F)F,CHEMBL2086687,,4.92
C[C@@H]1CN(CCN1c2ncc(OCc3ccncc3C#N)cn2)c4noc(n4)C(F)(F)F,CHEMBL2086693,,5.12
C[C@@H]1CN(CCN1c2ncc(OCc3ccncc3C#N)cn2)c4onc(n4)C(F)(F)F,CHEMBL2087086,,5.23
C[C@@H]1CN(CCN1CCc2cccc3N(C)C(=O)COc23)c4cc(F)cc5nc(C)ccc45,CHEMBL513875,,5.50
C[C@@H]1CN(CCN1CCCc2cccc3N(C)C(=O)COc23)c4cc(F)cc5nc(C)ccc45,CHEMBL470217,,5.50
C[C@@H]1CN(CCN1CCCc2cccc3N(C)C(=O)COc23)c4cccc5nc(C)ccc45,CHEMBL469376,,5.20
C[C@@H]1CN(CCOc2cc(C)n(n2)c3ccc4ccccc4c3)C[C@H](C)O1,CHEMBL2170070,,5.13
C[C@@H]1CNC[C@@H]2Cc3ccc(Cl)c(C)c3N12,CHEMBL191054,,5.60
C[C@@H]1COC(=O)[C@H](C)NC(=O)C\C=C/[C@@H](C)[C@H](COC1=O)NS(=O)(=O)c2ccc(C)cc2,CHEMBL1521010,5.40,
C[C@@H]1COC(=O)N[C@@H](C)C(=O)C\C=C/[C@@H](C)[C@@H](COC(=O)C\C=C/1)NS(=O)(=O)c2ccc(C)cc2,CHEMBL1554070,5.50,
C[C@@H]1COCCN1c2cc(nc(n2)c3cccc4[nH]ccc34)C5(CC5)S(=O)(=O)C,CHEMBL2325697,,4.30
C[C@@H]1NC(=N[C@@]1(c2ccc(F)cc2)c3ccc(F)nc3)c4cccc(c4)C#N,CHEMBL521947,,5.36
C[C@@H]1Nc2cc(ccc2C(=O)N)n3c(CCCN4CCCC[C@H]14)c(C)c5C(=O)CC(C)(C)Cc35,CHEMBL1779545,,5.82
C[C@@H]1O[C@@H](C[C@H](O)[C@@H]1O)O[C@@H]2CC[C@@]3(C=O)[C@H]4CC[C@@]5(C)[C@H](CC[C@@]5(O)[C@@H]4CC[C@]3(O)C2)C6=CC(=O)OC6,CHEMBL1551151,4.80,
C[C@@H]1O[C@@H](O[C@@H]2[C@@H](O)[C@H](OCCc3ccc(O)c(O)c3)O[C@H](CO[C@@H]4O[C@H](CO)[C@@H](O)[C@H](O)[C@H]4O)[C@H]2OC(=O)\C=C\c5ccc(O)c(O)c5)[C@H](O)[C@H](O)[C@H]1O,CHEMBL510539,5.10,
C[C@@H]1O[C@@H](OC2=C(Oc3cc(O)cc(O)c3C2=O)c4ccc(O)cc4)[C@H](O)[C@H](OC(=O)C)[C@H]1OC(=O)C,CHEMBL240954,4.69,
C[C@@H]1O[C@@H](OC2=C(Oc3cc(O)cc(O)c3C2=O)c4ccc(O)cc4)[C@H](OC(=O)C)[C@H](O)[C@H]1O,CHEMBL469431,4.23,
C[C@@H]1O[C@@H](OC2=C(Oc3cc(O)cc(O)c3C2=O)c4ccc(O)cc4)[C@H](OC(=O)C)[C@H](O)[C@H]1OC(=O)C,CHEMBL471074,4.50,
C[C@@H]1O[C@@H](OC2=C(Oc3cc(O)cc(O)c3C2=O)c4ccc(O)cc4)[C@H](OC(=O)C)[C@H](OC(=O)C)[C@H]1OC(=O)C,CHEMBL519761,4.84,
C[C@@H]1O[C@@H]2C3=C(C1[C@@H]4[C@@H](C)OC=C5[C@H](OC(=O)C)[C@H]6O[C@@H]6C(=O)[C@@]245)C(=O)[C@H]7O[C@@H]7[C@H]3O,CHEMBL1487503,5.40,
C[C@@H]1O[C@@H]2C3=C(C1[C@H]4[C@H](C)OC=C5[C@H](O)[C@H]6O[C@H]6\C(=N/OCc7ccccc7)\[C@@]245)C(=O)[C@H]8O[C@@H]8[C@H]3O,CHEMBL1514182,5.40,
C[C@](O)(C(=O)Nc1ccc(cc1)S(=O)(=O)c2ccccc2)C(F)(F)F,CHEMBL171064,4.50,
C[C@]1(C[C@H]1C=C)[C@@H](NP(=O)(c2ccccc2)c3ccccc3)c4ccccc4,CHEMBL1400280,5.00,
C[C@]1(C[C@H]1C2CCCCC2)C(NC(=O)c3cccs3)c4ccc(cc4)c5ccccc5,CHEMBL1370043,4.70,
C[C@]1(C[C@H]1C2CCCCC2)C(NS(=O)(=O)c3cccc4cccnc34)c5ccc(cc5)c6ccccc6,CHEMBL1400902,4.90,
C[C@]1(CCCN1c2nc(Nc3cc([nH]n3)C4CC4)c5cccn5n2)C(=O)Nc6ccc(F)nc6,CHEMBL575448,5.16,
C[C@]1(NCCc2cc(O)c(O)cc12)C(=O)O,CHEMBL1453457,4.50,
C[C@]1(O)CC[C@H]2[C@@H]3CC[C@H]4CC(=O)\C(=C/O)\C[C@]4(C)[C@H]3CC[C@]12C,CHEMBL1200585,4.80,
C[C@]12[C@@H]3CC[C@@H](O3)[C@]1(C)C(=O)OC2=O,CHEMBL1512933,8.20,
C[C@]12[C@@H]3CC[C@H](O3)[C@]1(C)C(=O)OC2=O,CHEMBL1314862,5.10,
C[C@]12C[C@@H]([C@@H](O)C[C@@H]1CC[C@@H]3[C@@H]2CC[C@@]4(C)[C@H]3CC[C@@]4(O)C#C)N5CCN(CC5)C(=O)[C@@H]6CCCN6C(=O)c7ccc8ccccc8n7,CHEMBL3344121,5.42,
C[C@]12C[C@H](CC(C1)c3ccccc3)N(CCN4CCN(C4=O)c5cccc(Cl)c5)C2,CHEMBL551927,,7.20
C[C@]12CC[C@@H]3[C@H](CCc4cc(O)ccc34)[C@H]1CC[C@@H]2OC(=O)CCC5CCCC5,CHEMBL1453091,5.40,
C[C@]12CC[C@H](C1)C(C)(C)[C@@H]2OC(=O)c3ccccc3C(=O)O,CHEMBL1520907,5.40,
C[C@]12CC[C@H](O)C[C@@H]1CC[C@@H]3[C@@H]2CC[C@@]4(C)[C@H]3CCC4=O,CHEMBL272195,4.70,
C[C@]12CC[C@H](O)C[C@@H]1CC[C@H]3[C@H]2CC[C@@]4(C)[C@H]3CC[C@H]4C(=O)CO,CHEMBL1592939,6.00,
C[C@]12CC[C@H]3[C@@H](CCc4cc(O)ccc34)[C@@H]1CCC2=O,CHEMBL1405,5.70,
C[C@]12CC[C@H]3C(=CCc4cc(O)ccc34)[C@@H]1CC[C@@]2(O)C#C,CHEMBL1078384,4.80,
C[C@]12Cc3cn4c(nc3C=C1CC[C@H]5[C@@H]2CC[C@@]6(C)[C@H]5CC[C@@]6(O)C#N)nc7ccccc47,CHEMBL1320743,7.50,
C[C@]12Cc3cnoc3C=C1CC[C@H]4[C@H]2CC[C@]5(C)[C@H]4CC[C@@]5(O)C#C,CHEMBL1551576,5.30,
C[C@]12CCC(=O)C=C1CC[C@@H]3[C@@H]2CC[C@@]4(C)[C@H]3CC[C@]4(O)C(=O)CO,CHEMBL253144,7.60,
C[C@]12CCC(=O)C=C1CC[C@H]3[C@@H]4CC[C@](O)(C(=O)CO)[C@@]4(C)C[C@H](O)[C@H]23,CHEMBL389621,4.70,
C[C@]12CCC3C(CCC4=C3CCC(=O)C4)C1CC[C@@]2(O)C#C,CHEMBL1439866,4.50,
C[C@]12CCC3C(CCC4=CC(=O)CCC34)C1CC[C@@]2(O)C#C,CHEMBL266115,4.40,
C[C@]12CCC3C(CCc4cc(O)ccc34)C1CC[C@]2(O)C#C,CHEMBL1367486,4.60,
C[C@]12CCC3C(CCc4cc(O)ccc34)C1CCC2OC(=O)CCC5CCCC5,CHEMBL1370891,5.50,
C[C@]12CCCC(=C)[C@@H]1CC3C(C2)OC(=O)C3=C,CHEMBL1451900,5.00,
C[C@H]([C@@H](c1ccc(Nc2nc3ccccc3s2)cc1)n4ccnc4)N(C)C,CHEMBL517438,4.96,
C[C@H]([C@@H](c1ccc2cc(OCC(C)(C)C(=O)O)ccc2c1)n3ccnc3)N4CCOCC4,CHEMBL208158,5.67,
C[C@H]([C@@H](c1ccc2cc(OCC3(CCCC3)C(=O)O)ccc2c1)n4ccnc4)N(C)C,CHEMBL377177,5.09,
C[C@H]([C@@H](c1ccc2cc(OCC3(CCCCC3)C(=O)O)ccc2c1)n4ccnc4)N(C)C,CHEMBL207638,5.10,
C[C@H]([C@@H]1C[C@@]1(C)[C@@H](N)c2ccccc2)C(=O)Nc3ccc4ccccc4c3,CHEMBL1453749,5.10,
C[C@H]([C@@H]1C[C@@]1(C)[C@@H](NC(=O)C)c2ccccc2)C(=O)Nc3ccc4ccccc4c3,CHEMBL1317602,5.10,
C[C@H]([C@@H]1C[C@@]1(C)[C@@H](NC(=O)c2cc(C)on2)c3ccccc3)C(=O)Nc4ccc5ccccc5c4,CHEMBL1364377,5.50,
C[C@H]([C@@H]1C[C@@]1(C)[C@@H](NC(=O)c2ccccc2)c3ccccc3)C(=O)Nc4ccc5ccccc5c4,CHEMBL1417303,5.60,
C[C@H]([C@@H]1C[C@@]1(C)[C@@H](NC(=O)c2cccnc2)c3ccccc3)C(=O)Nc4ccc5ccccc5c4,CHEMBL1437138,5.60,
C[C@H]([C@@H]1C[C@@]1(C)[C@@H](NC(=O)c2cnccn2)c3ccccc3)C(=O)Nc4ccc5ccccc5c4,CHEMBL1488197,6.00,
C[C@H]([C@@H]1C[C@@]1(C)[C@@H](NC(=O)Oc2ccc(F)cc2)c3ccccc3)C(=O)Nc4ccc5ccccc5c4,CHEMBL1408334,4.80,
C[C@H]([C@@H]1C[C@@]1(C)[C@@H](NC(=O)OCc2ccccc2)c3ccccc3)C(=O)NCc4cc(C)n(C)n4,CHEMBL1565342,5.60,
C[C@H]([C@@H]1C[C@@]1(C)[C@@H](NC(=O)OCc2ccccc2)c3ccccc3)C(=O)NCC4CC4,CHEMBL1487748,5.60,
C[C@H]([C@@H]1C[C@@]1(C)[C@@H](NC(=O)OCc2ccccc2)c3ccccc3)C(=O)NCc4ccc(C)c(F)c4F,CHEMBL1562339,5.20,
C[C@H]([C@@H]1C[C@@]1(C)[C@@H](NC(=O)OCc2ccccc2)c3ccccc3)C(=O)NCc4ccc(cc4)S(=O)(=O)C,CHEMBL1330087,6.00,
C[C@H]([C@@H]1C[C@@]1(C)[C@@H](NC(=O)OCc2ccccc2)c3ccccc3)C(=O)NCc4ccccc4,CHEMBL1437414,5.10,
C[C@H]([C@@H]1C[C@@]1(C)[C@@H](NC(=O)OCc2ccccc2)c3ccccc3)C(=O)NCc4nc5ccccc5[nH]4,CHEMBL1610944,6.00,
C[C@H]([C@@H]1C[C@@]1(C)[C@@H](NC(=O)OCc2ccccc2)c3ccccc3)C(=O)NCCc4c[nH]c5ccccc45,CHEMBL1328910,5.50,
C[C@H]([C@@H]1C[C@@]1(C)[C@@H](NC(=O)OCc2ccccc2)c3ccccc3)C(=O)O,CHEMBL1363413,4.80,
C[C@H]([C@@H]1C[C@@]1(C)[C@@H](NS(=O)(=O)c2ccc3ccccc3c2)c4ccccc4)C(=O)Nc5ccc6ccccc6c5,CHEMBL1414232,4.80,
C[C@H]([C@H](N)C(=O)N1CC[C@H](F)C1)c2ccc(cc2)c3ccc(F)cc3,CHEMBL237336,,5.96
C[C@H]([C@H](N)C(=O)N1CC[C@H](F)C1)c2ccc(cc2)c3ccc(F)cc3.OC(=O)C(F)(F)F,CHEMBL189881,,5.96
C[C@H]([C@H](N)C(=O)N1CC[C@H](F)C1)c2ccc(cc2)c3cccc(c3)c4noc(O)n4.OC(=O)C(F)(F)F,CHEMBL370072,,4.55
C[C@H]([C@H]1C[C@]1(C)[C@H](NC(=O)c2cc(C)nn2C)c3ccccc3)C(=O)Nc4ccc5ccccc5c4,CHEMBL1363234,6.10,
C[C@H]([C@H]1C[C@]1(C)[C@H](NC(=O)c2cc(C)on2)c3ccccc3)C(=O)Nc4ccc5ccccc5c4,CHEMBL1408013,5.10,
C[C@H]([C@H]1C[C@]1(C)[C@H](NC(=O)c2ccccc2)c3ccccc3)C(=O)Nc4ccc5ccccc5c4,CHEMBL1394640,5.00,
C[C@H]([C@H]1C[C@]1(C)[C@H](NC(=O)Oc2ccc(F)cc2)c3ccccc3)C(=O)Nc4ccc5ccccc5c4,CHEMBL1319785,6.10,
C[C@H]([C@H]1C[C@]1(C)[C@H](NC(=O)OCc2ccccc2)c3ccccc3)C(=O)N[C@@H](CO)Cc4ccccc4,CHEMBL1318400,5.90,
C[C@H]([C@H]1C[C@]1(C)[C@H](NC(=O)OCc2ccccc2)c3ccccc3)C(=O)NCc4cc(C)n(C)n4,CHEMBL1318571,5.80,
C[C@H]([C@H]1C[C@]1(C)[C@H](NC(=O)OCc2ccccc2)c3ccccc3)C(=O)NCc4ccc(C)c(F)c4F,CHEMBL1369212,6.10,
C[C@H]([C@H]1C[C@]1(C)[C@H](NC(=O)OCc2ccccc2)c3ccccc3)C(=O)NCc4ccccc4,CHEMBL1442987,5.20,
C[C@H]([C@H]1C[C@]1(C)[C@H](NC(=O)OCc2ccccc2)c3ccccc3)C(=O)NCc4ccccn4,CHEMBL1453137,5.30,
C[C@H]([C@H]1C[C@]1(C)[C@H](NS(=O)(=O)c2ccc(cc2)c3ccccc3)c4ccccc4)C(=O)Nc5ccc6ccccc6c5,CHEMBL1319789,5.00,
C[C@H]([C@H]1C[C@]1(C)[C@H](NS(=O)(=O)c2ccccc2)c3ccccc3)C(=O)Nc4ccc5ccccc5c4,CHEMBL1555334,5.60,
C[C@H](C(=O)c1ccncc1)c2ccccn2,CHEMBL1447894,5.40,
C[C@H](C1=C(CCN(C)C)Cc2cc(C)ccc12)c3cnccn3,CHEMBL1092663,,5.29
C[C@H](C1=C(CCN(C)C)Cc2cc(C)ccc12)c3nccs3,CHEMBL1090528,,6.21
C[C@H](C1=C(CCN(C)C)Cc2ccccc12)c3cnccn3,CHEMBL556506,,5.85
C[C@H](C1=C(CCN(C)Cc2ccccn2)Cc3ccccc13)c4cnccn4,CHEMBL1669424,5.32,
C[C@H](C1=C(CCN(C)Cc2cccs2)Cc3ccccc13)c4cnccn4,CHEMBL1669419,5.74,
C[C@H](C1=C(CCN(C)Cc2nccn2C)Cc3ccccc13)c4cnccn4,CHEMBL1669423,5.81,
C[C@H](C1=C(CCN(C)Cc2nccs2)Cc3ccccc13)c4cnccn4,CHEMBL1669420,5.55,
C[C@H](C1=C(CCN(C)Cc2occn2)Cc3ccccc13)c4cnccn4,CHEMBL1669421,5.32,
C[C@H](c1cccnc1)c2c(CCN(C)C)sc3ccccc23,CHEMBL1091777,5.40,6.31
C[C@H](Cc1cc2CCN(CCCO)c2c(c1)C(=O)N)NCCOc3ccccc3OCC(F)(F)F,CHEMBL24778,,4.60
C[C@H](CCNC(=O)c1c(C)cc(Cl)nc1C)N2CCC(CC2)N(Cc3ccsc3)C(=O)CC#N,CHEMBL2164220,,4.80
C[C@H](CN(C)C)Oc1nc(Nc2cc3cccc(Cl)c3cn2)cnc1C#N,CHEMBL1928705,,5.30
C[C@H](CNCCc1c[nH]c2ncnc2c1)c3c([nH]c4ccc(cc34)C(C)(C)C(=O)N5CC6CCC5CC6)c7cc(C)cc(C)c7,CHEMBL352806,5.40,
C[C@H](CNCCc1ccc2[nH]cnc2c1)c3c([nH]c4ccc(cc34)C(C)(C)C(=O)N5CC6CCC5CC6)c7cc(C)cc(C)c7,CHEMBL168538,7.00,
C[C@H](CNCCc1ccc2nsnc2c1)c3c([nH]c4ccc(cc34)C(C)(C)C(=O)N5CC6CCC5CC6)c7cc(C)cc(C)c7,CHEMBL169620,6.00,
C[C@H](CNCCc1cccc2cnccc12)c3c([nH]c4ccc(cc34)C(C)(C)C(=O)N5C6CCC5CC6)c7cc(C)cc(C)c7,CHEMBL170159,6.00,
C[C@H](CO)CCC1=C(C)[C@H]2[C@@H](C[C@@H]3[C@H]4CC[C@H]5C[C@@H](O)CC[C@]5(C)[C@@H]4CC(=O)[C@@]23C)O1,CHEMBL1377877,5.40,
C[C@H](CO)NC(=O)[C@H](C)[C@H]1C[C@]1(C)[C@H](NC(=O)OCc2ccccc2)c3ccccc3,CHEMBL1567477,5.40,
C[C@H](CO)NC(=O)[C@H]1C[C@@H]1[C@H](NP(=O)(c2ccccc2)c3ccccc3)c4ccccc4,CHEMBL1367652,5.10,
C[C@H](COc1cn2ncnc(Oc3ccc4[nH]c(C)cc4c3F)c2c1C)OC(=O)CN,CHEMBL270996,6.51,
C[C@H](N)C(=O)N1CCN(CC1)c2cnc3cc(cc(NCc4cccc(c4)[N+](=O)[O-])c3c2)C(F)(F)F,CHEMBL3220878,,5.89
C[C@H](N)C1CCC(CC1)C(=O)Nc2ccncc2,CHEMBL1190095,4.80,
C[C@H](N)c1cccc(Cl)c1Cl,CHEMBL1513484,4.60,
C[C@H](N)Cc1c[nH]c2ccc(OCc3cccs3)cc12,CHEMBL1315945,4.80,
C[C@H](N)COc1c(C)cccc1C,CHEMBL146855,6.00,
C[C@H](N\C(=N\c1ccncc1)\NC#N)C(C)(C)C,CHEMBL251647,5.80,
C[C@H](N1C(=O)[C@H]2CC[C@@H]3[C@H]([C@H](O)[C@H](O)C/C/3=N/OC[C@@H](O)COCc4occc4)[C@@H]2C1=O)c5ccccc5,CHEMBL1476892,5.50,
C[C@H](N1C(=O)[C@H]2CC[C@@H]3[C@H]([C@H](O)[C@H](O)C/C/3=N/OCCCC#C)[C@@H]2C1=O)c4ccccc4,CHEMBL1362852,5.40,
C[C@H](N1C(=O)[C@H]2CC[C@H]3[C@H]([C@H](O)[C@H](O)C/C/3=N/OCc4ccccc4)[C@@H]2C1=O)c5ccccc5,CHEMBL1322126,5.50,
C[C@H](N1C(=O)[C@H]2CC[C@H]3[C@H]([C@H](O)[C@H](O)C/C/3=N/OCCCC#C)[C@@H]2C1=O)c4ccccc4,CHEMBL1512379,5.40,
C[C@H](N1CC[C@@](CC(C)(C)C#N)(OC1=O)c2ccccc2)c3ccc(cc3)C4=CC(=O)N(C)C=C4,CHEMBL3639635,4.85,
C[C@H](N1CC[C@@](CC(C)(C)C#N)(OC1=O)c2ccccc2)c3ccc(cc3)C4=CC(=O)NC=C4,CHEMBL3664643,4.60,
C[C@H](N1CC[C@@](CC(C)(C)C#N)(OC1=O)c2ccccc2)c3ccc(cc3)C4=CN(C)C(=O)C=C4,CHEMBL3664657,4.50,
C[C@H](N1CC[C@@](CC(C)(C)O)(OC1=O)c2ccc(F)cc2)c3ccc(Br)cc3,CHEMBL3645526,5.36,
C[C@H](N1CC[C@@](CC(C)(C)O)(OC1=O)c2ccccc2)c3ccc(cc3)C4=CC(=O)N(C=C4)C5CC5,CHEMBL3664679,4.64,
C[C@H](N1CC[C@@](CC(C)(C)O)(OC1=O)c2ccccc2)c3ccc(cc3)C4=CC(=O)N(CC(F)(F)F)C=C4,CHEMBL3664672,4.75,
C[C@H](N1CC[C@@](CC(C)(C)O)(OC1=O)c2ccccc2)c3ccc(cc3)C4=CC(=O)N(CCF)C=C4,CHEMBL3664707,4.48,
C[C@H](N1CC[C@@](CC(C)(C)O)(OC1=O)c2ccccc2)c3ccc(cc3)C4=CN(C(F)F)C(=O)C=C4,CHEMBL3664695,4.68,
C[C@H](N1CC[C@@](CC(C)(C)O)(OC1=O)c2ccccc2)c3ccc(cc3)C4=CN(C)C(=O)C=C4,CHEMBL3664715,4.32,
C[C@H](N1CC[C@@](CC(C)(C)O)(OC1=O)c2ccccc2)c3ccc(cc3)C4=CN(CC(F)(F)F)C(=O)C=C4,CHEMBL3664673,4.55,
C[C@H](N1CC[C@@](CCC(=O)N)(OC1=O)c2ccccc2)c3ccc(cc3)c4ccc(F)cc4,CHEMBL3645524,4.85,
C[C@H](N1CC[C@@](CCCN)(OC1=O)c2ccc(F)cc2)c3ccc(cc3)c4ccc(F)cc4F,CHEMBL1829779,5.70,
C[C@H](N1CC[C@@](CCCNC(=O)N)(OC1=O)c2ccc(F)cc2)c3ccc(cc3)c4ccc(F)cc4F,CHEMBL1829780,5.40,
C[C@H](N1CC[C@@](CCCO)(OC1=O)c2cccc(F)c2)c3ccc(cc3)c4ccc(F)cc4,CHEMBL1829766,5.16,
C[C@H](N1CC[C@@](CCN)(OC1=O)c2ccc(F)cc2)c3ccc(cc3)c4ccc(F)cc4F,CHEMBL1829770,5.52,
C[C@H](N1CC[C@@](CCNS(=O)(=O)N)(OC1=O)c2ccc(F)cc2)c3ccc(cc3)c4ccc(F)cc4F,CHEMBL1829776,4.92,
C[C@H](N1CC[C@@](CCO)(OC1=O)c2ccc(F)cc2)c3ccc(cc3)c4ccc(F)cc4,CHEMBL1829768,4.68,
C[C@H](N1CC[C@@](CCO)(OC1=O)c2ccc(F)cc2)c3ccc(OC(F)F)cc3,CHEMBL3645527,4.71,
C[C@H](N1Cc2cncn2C(C[C@@H](O)c3ccccc3)S1(=O)=O)c4ccc(Cl)cc4,CHEMBL1209695,6.05,
C[C@H](NC(=O)\C(=C\c1ccc(O)c(O)c1)\C#N)c2ccccc2,CHEMBL261557,5.50,
C[C@H](NC(=O)\C=C\c1ccccc1)c2cccc(c2)N3CCOCC3,CHEMBL317935,4.02,
C[C@H](NC[C@H](O)CP(=O)(O)CC1CCCCC1)c2ccc(Cl)c(Cl)c2,CHEMBL1213187,4.50,
C[C@H](NCCC#N)[C@@H]1CCN(C1)c2c(C)c3N(C=C(C(=O)O)C(=O)c3cc2F)C4CC4,CHEMBL230813,,4.14
C[C@H](O)C(=O)N1CC[C@@H](C1)N(Cc2cc(Cl)ccc2Cl)c3ccc(C#N)c(Cl)c3,CHEMBL590593,,5.66
C[C@H](O)CONC(=O)c1ncc2cncn2c1Nc3ccc(I)cc3F,CHEMBL3330654,,5.48
C[C@H](O\N=C(/C)\CCN1CCc2nc(c3ccccc3)c(cc2C1)c4ccccc4)c5onc(c5)c6c(C)cc(C)cc6C,CHEMBL1476084,5.40,
C[C@H](O\N=C(/C)\CCN1CCCc2nc(C)c(C)cc12)c3cn(nn3)[C@H](CO)Cc4ccccc4,CHEMBL1435908,5.30,
C[C@H](O\N=C(/C)\CCN1CCCCc2nc(C)c(C)cc12)c3cn(nn3)[C@H](CO)Cc4ccccc4,CHEMBL1535403,5.30,
C[C@H](O\N=C(/C)\CCN1CCCCc2nc(C)c(C)cc12)c3onc(c3)c4c(C)cc(C)cc4C,CHEMBL1554459,5.40,
C[C@H](O\N=C\1/[C@@H]2CCN3N([C@H]2[C@H](O)[C@H]4O[C@H]14)C(=O)N(C3=O)c5ccccc5)c6cn(nn6)[C@H](CO)Cc7ccccc7,CHEMBL1370136,5.40,
C[C@H](Oc1cccc2ncnc(Nc3ccc(OCc4ccccn4)c(Cl)c3)c12)C(=O)N(C)CCO,CHEMBL256060,,4.96
C[C@H](ON=C(C)C)c1onc(c1)c2c(C)cc(C)cc2C,CHEMBL1409756,5.50,
C[C@H]1[C@@H]2CC[C@]3(C)C=CC(=O)C(=C3[C@@H]2OC1=O)C,CHEMBL1600999,5.00,
C[C@H]1[C@H](Oc2ccccc2S1(=O)=O)c3ccc(OCCCN4CCCC4)cc3,CHEMBL549908,,6.36
C[C@H]1\C=C/CC(=O)OC[C@H](NS(=O)(=O)c2ccc(C)cc2)[C@@H](C)\C=C/CC(=O)OC[C@@H]1NS(=O)(=O)c3ccc(C)cc3,CHEMBL1594011,5.40,
C[C@H]1C[C@@H](Nc2ccc(Cl)cc2)c3cc(ccc3N1C(=O)C)c4ccc(cc4)C(=O)O,CHEMBL2177300,4.50,
C[C@H]1C[C@@H](Nc2ccccc2)c3cc(ccc3N1C(=O)C)c4ccc(CN5CCCCC5)cc4,CHEMBL3353992,5.00,
C[C@H]1C[C@@H]2[C@H](CC[C@@]3(C)[C@H]2CC[C@]3(OC(=O)C)C(=O)C)[C@@]4(C)CCC(=O)C=C14,CHEMBL717,4.80,
C[C@H]1C[C@]2(O[C@@H]2C)C(=O)O[C@@H]3CCN(C)C\C=C(\COC(=O)[C@]1(C)O)/C3=O,CHEMBL1512570,4.60,
C[C@H]1C[C@H](C)C(=O)[C@@H](C1)[C@H](O)CC2CC(=O)NC(=O)C2,CHEMBL123292,4.80,
C[C@H]1C[C@H]2[C@H]3CC[C@@H](C(=O)C)[C@]3(C)C[C@@H](O)[C@@H]2[C@]4(C)CCC(=O)C=C14,CHEMBL1520025,5.10,
C[C@H]1CC[C@@]2(NC1)O[C@@H]3C[C@@H]4[C@@H]5CC=C6C[C@@H](O)CC[C@]6(C)[C@@H]5CC[C@]4(C)[C@H]3[C@@H]2C,CHEMBL1485302,5.50,
C[C@H]1Cc2c(CN1)ncnc2Oc3ccc4c(ccn4C(=O)Nc5cc([nH]n5)C6(C)CC6)c3,CHEMBL3746776,,4.56
C[C@H]1Cc2c(CN1)ncnc2Oc3ccc4c(ccn4C(=O)Nc5cc(on5)C(C)(C)C)c3,CHEMBL3747669,,4.96
C[C@H]1Cc2ccccc2N1C(=O)CC3=NC(=CC(=O)N3)N4CCOCC4,CHEMBL3112866,4.40,
C[C@H]1CCC[C@H](O)CCCCCc2cc(O)cc(O)c2C(=O)O1,CHEMBL450613,5.40,
C[C@H]1CCC\C=C\[C@H]2C[C@H](O)C[C@@H]2[C@H](O)\C=C/C(=O)O1,CHEMBL2373625,4.50,
C[C@H]1CCCN(CCCOc2ccc(cc2)N3C(=Nc4ccccc4C3=O)C)C1,CHEMBL478395,,5.28
C[C@H]1CCCN1[C@@H]2CCN(C2)c3ccc(NC(=O)c4cc(F)ccc4C)c(C)c3,CHEMBL2403549,,5.75
C[C@H]1CCCN1[C@H]2CCN(C2)c3ccc(NC(=O)C4CCOCC4)c(C)c3,CHEMBL2441636,,4.72
C[C@H]1CCCN1C(=O)c2ccc(cc2)c3ccc4C(=O)N(CCN5CCCC5)CCc4c3,CHEMBL2031877,,4.92
C[C@H]1CCCN1CCCOc2ccc(cc2)N3CCN(CC3=O)C(=O)c4cc(F)cc(F)c4.OC=O,CHEMBL392713,,4.90
C[C@H]1CCCN1CCCOc2ccc(cc2)N3CCN(CC3=O)C(=O)c4ccc(F)cc4.OC=O,CHEMBL239300,,4.60
C[C@H]1CCCN1CCCOc2ccc(cc2)N3CCN(CC3=O)C(=O)c4ccc(F)cc4F.OC=O,CHEMBL239724,,4.50
C[C@H]1CN(Cc2ccc(CC(=O)N3CCC(CC3)Nc4cccc(c4)C#N)cc2)CCN1,CHEMBL489480,4.24,
C[C@H]1CN(Cc2ccc(CCC(=O)N3CCC(CC3)Nc4cccc(F)c4)cc2)CCN1,CHEMBL474130,4.75,
C[C@H]1CN(CCN1)C(=O)[C@H](Cc2ccc(Cl)cc2Cl)NC(=O)C3(CC3)c4ccc(Cl)cc4Cl,CHEMBL2163837,6.40,
C[C@H]1CN(CCN1c2ncc(cc2F)C(F)(F)F)S(=O)(=O)C[C@]34CC[C@H](CC3=O)C4(C)C,CHEMBL480016,6.50,
C[C@H]1CN(CCN1c2nncc3cc(ccc23)c4c(C)ccc5c(NC6CC6)noc45)C(=O)C,CHEMBL495290,5.38,
C[C@H]1CNC[C@H](C)N1c2oc3cccc(C(=O)N[C@@H]4C[C@H]5CCC[C@@H](C4)N5C)c3n2,CHEMBL3084776,,5.19
C[C@H]1COC(=O)[C@H](Cc2ccccc2)NC(=O)[C@@H](C)COC(=O)C\C=C/1,CHEMBL1436532,5.50,
C[C@H]1COC(=O)C\C=C/[C@@H](C)[C@H](COC1=O)NS(=O)(=O)c2ccc(C)cc2,CHEMBL1314833,5.40,
C[C@H]1COC(=O)C\C=C/[C@@H](C)[C@H]2O[C@H](COC(=O)C\C=C/1)[C@@H](O)C=C2,CHEMBL1551021,5.30,
C[C@H]1COCCN1c2nncc3cc(ccc23)c4c(C)ccc5c(N)noc45,CHEMBL494916,4.92,
C[C@H]1COCCN1c2nncc3cc(ccc23)c4c(C)ccc5c(N)nsc45,CHEMBL524054,5.40,
C[C@H]1N(C)C(=O)[C@@H](NCCOc2cc(F)ccc2CCCNC(=O)[C@@H](Cc3ccc(F)cc3)NC1=O)C4CC4,CHEMBL1923642,5.92,
C[C@H]1N(CC2=NCCN2)Cc3ccccc13,CHEMBL1358659,4.50,
C[C@H]1N(CCn2c1nnc2c3cncc(C)n3)C(=O)c4ccc(cc4)c5cccs5,CHEMBL3422008,5.70,5.33
C[C@H]1N(CCn2c1nnc2c3csc(C)n3)C(=O)c4ccc(cc4)c5cccs5,CHEMBL3422010,4.30,4.62
C[C@H]1N(CCn2c1nnc2c3nc(C)cs3)C(=O)c4ccc(cc4)c5cccs5,CHEMBL3422016,4.96,4.77
C[C@H]1N(CCn2c1nnc2c3nc(C)ns3)C(=O)c4ccc(Cl)cc4,CHEMBL3608687,,4.18
C[C@H]1N(CCn2c1nnc2c3nc(C)ns3)C(=O)c4ccccc4,CHEMBL3608740,4.51,4.30
C[C@H]1N(CCn2c1nnc2c3onc(C)n3)C(=O)c4ccc(cc4)c5cccs5,CHEMBL3422017,4.26,5.29
C[C@H]1SC(=N[C@]2(CO[C@H](C[C@@H]12)c3onc(C)c3)c4ccc(F)cc4F)N,CHEMBL3422242,,5.68
C[C@H]1Sc2ccccc2O[C@@H]1c3ccc(OCCCN4CCCC4)cc3,CHEMBL550393,,7.60
C[N+](C)(C)CCC(=O)c1cccc2ccccc12,CHEMBL1358898,6.70,
C[N+]1(C)[C@@H]2CC[C@H]1CC(C2)OC(=O)c3c[nH]c4ccccc34,CHEMBL1433396,5.10,
C[N+]1(C)CCO[C@](O)(C1)c2ccc(cc2)c3ccc(cc3)[C@]4(O)C[N+](C)(C)CCO4,CHEMBL1550935,6.90,
C[N+]1(CCc2ccccc2)CCC(CC1)C(=O)c3ccc(Cl)cc3,CHEMBL3590458,,7.32
C[N+]1=C([Se]c2ccccc12)\C=C\c3ccc(O)c4ncccc34,CHEMBL1610945,5.40,
C[n+]1c(CCc2ccccc2)cccc1CCc3ccccc3,CHEMBL2324251,,6.33
C[n+]1c(cccc1C#Cc2ccc(cc2)c3ccc(Cl)cc3)C#Cc4ccc(cc4)c5ccc(Cl)cc5.[O-]S(=O)(=O)C(F)(F)F,CHEMBL3590501,,7.15
C[n+]1c(cccc1C#Cc2ccc(cc2)c3ccc(O)cc3)C#Cc4ccc(cc4)c5ccc(O)cc5.[O-]S(=O)(=O)C(F)(F)F,CHEMBL3590500,,6.82
C[n+]1c(cccc1C#Cc2ccccc2)C#Cc3ccccc3,CHEMBL2325210,,6.26
C[n+]1c(CCCOc2cccc(Cl)c2)cccc1CCCOc3cccc(Cl)c3,CHEMBL2324245,,7.22
C[n+]1c(CCCOc2ccccc2)cccc1CCCOc3ccccc3,CHEMBL2324242,,6.68
C[S+]([O-])c1ccc(cc1)c2cnc3ccc(nn23)c4cccc(c4)[S+](C)[O-],CHEMBL3355633,,4.92
C[S+]([O-])c1ccc(cc1)c2nc(c3ccc(F)cc3)c([nH]2)c4ccncc4,CHEMBL10,5.90,
C[Se]C[C@@H](N)C(=O)O,CHEMBL1472699,5.90,
C\C(=C(\C#N)/C(=O)CSc1oc(COc2cc(C)ccc2C)nn1)\N,CHEMBL3198027,5.45,
C\C(=C(\C#N)/C(=O)Nc1cc(Br)ccc1Br)\O,CHEMBL1357247,4.80,
C\C(=C/C(=O)c1ccc(Br)cc1)\NCc2ccc3OCOc3c2,CHEMBL3196775,5.60,
C\C(=C/C=C/C(=C/C(=O)Nc1ccc(O)cc1)/C)\C=C\C2=C(C)CCCC2(C)C,CHEMBL7301,4.80,
C\C(=C/C=C\C(=C\C(=O)O)\C)\C=C/C1=C(C)CCCC1(C)C,CHEMBL1333056,4.60,
C\C(=C/C=O)\C=C\C=C(/C)\C=C\C1=C(C)CCCC1(C)C,CHEMBL81379,4.90,
C\C(=C/C1CCCCC1)\C(NC(=O)c2ccc(cc2)C(F)(F)F)c3ccc(cc3)c4ccccc4,CHEMBL1486930,4.90,
C\C(=C/CO)\C=C\C=C(/C)\C=C\C1=C(C)CCCC1(C)C,CHEMBL986,4.80,
C\C(=C/COc1c2C=CC(=O)Oc2cc3occc13)\CC[C@@H](O)C(C)(C)O,CHEMBL1079119,5.80,
C\C(=C/COc1c2C=CC(=O)Oc2cc3occc13)\CCC(OC(C)(C)C(O)CC\C(=C\COc4c5C=CC(=O)Oc5cc6occc46)\C)C(=C)C,CHEMBL1743356,6.51,
C\C(=C\C=O)\C=C\C=C(/C)\C=C\C1=C(C)CCCC1(C)C,CHEMBL1579130,4.50,
C\C(=N/N1CCN(CC1)C2c3ccccc3c4ccccc24)\c5ccncc5,CHEMBL3212521,6.00,
C\C(=N/NC(=O)C1CC1c2ccccc2)\c3cccs3,CHEMBL3209398,5.05,
C\C(=N/NC(=O)c1ccc(Br)cc1)\c2ccccc2,CHEMBL3189672,4.80,
C\C(=N/NC(=O)c1ccc(Cl)cc1)\c2ccc(Br)s2,CHEMBL3213682,4.85,
C\C(=N/NC(=O)c1cccc(Br)c1)\c2ccc(Br)cc2,CHEMBL3190163,4.55,
C\C(=N/NC(=O)c1cccc(c1)S(=O)(=O)N2CCOCC2)\c3cc(Cl)ccc3O,CHEMBL3104250,5.58,
C\C(=N/NC(=O)c1ccccc1N)\CC(=O)Nc2cccc3CCCCc23,CHEMBL3198645,5.45,
C\C(=N/NC(=O)Cc1ccc(Cl)cc1)\CC(=O)NCc2occc2,CHEMBL3211853,4.80,
C\C(=N/NC(=O)Cc1ccccc1)\CC(=O)NCc2occc2,CHEMBL3210202,4.75,
C\C(=N/NC(=O)CC1N=C(Cc2ccccc2)NNC1=O)\c3ccc(Cl)cc3Cl,CHEMBL3199657,5.90,
C\C(=N/NC(=O)COc1ccc(cc1)[N+](=O)[O-])\C(C)(C)C,CHEMBL3214150,4.55,
C\C(=N/NC(=O)CSCc1ccc(Cl)cc1)\c2ccc3OCCOc3c2,CHEMBL3192627,4.85,
C\C(=N/NC(=S)N)\CC(=O)Nc1cc(Cl)ccc1Cl,CHEMBL3196157,4.85,
C\C(=N/NC(=S)Nc1ccc(F)cc1)\C2CC2,CHEMBL1981379,4.85,
C\C(=N/NC(=S)Nc1cccc(C)c1)\c2ccccc2,CHEMBL1968402,5.05,
C\C(=N/Nc1ccc(cc1)[N+](=O)[O-])\c2cccc(N)c2,CHEMBL1980031,5.45,
C\C(=N/Nc1nnc(c2ccccc2)c(n1)c3ccccc3)\c4cccc(c4)[N+](=O)[O-],CHEMBL3208441,4.45,
C\C(=N/O)\c1ccc2[nH]ccc2c1,CHEMBL1891843,4.65,
C\C(=N/O[C@H]1C=C[C@@H](CC=C)O[C@H]1CO)\CCN2CCCc3nc(C)c(C)cc23,CHEMBL1571138,5.60,
C\C(=N/OC[C@@H](O)[C@@H]1O[C@@H]2OC(C)(C)O[C@@H]2[C@H]1O)\CCN3CCc4nc(c5ccccc5)c(cc4C3)c6ccccc6,CHEMBL1517073,5.40,
C\C(=N/OC[C@@H](O)COCc1occc1)\CCN2CCCCc3nc(C)c(C)cc23,CHEMBL1455203,5.40,
C\C(=N/OCc1cccc(Cl)c1Cl)\c2ccc(CC#N)s2,CHEMBL3190590,4.80,
C\C(=N\NC(=O)c1ccc(C)s1)\c2cccc(NC(=O)COc3ccc(Cl)cc3C)c2,CHEMBL3210395,5.95,
C\C(=N\NC(=O)c1ccccc1Cl)\C=C\c2occc2,CHEMBL3199785,4.50,
C\C(=N\NS(=O)(=O)c1ccc(C)cc1)\c2cccc(NC(=O)c3cccc(Cl)c3)c2,CHEMBL3198835,5.85,
C\C(=N\OC[C@@H](O)COCc1occc1)\CCC(=O)OC[C@@H]2O[C@@H](C=C[C@@H]2Oc3ccc(C)cc3)C#Cc4ccccc4,CHEMBL1493851,5.50,
C\C\1=C/CC(C)(C)\C=C\C(=O)\C(=C\[C@H](O)C1)\C,CHEMBL469850,4.45,
C\C\1=C/CC(C)(C)\C=C\C(=O)\C(=C\CC1)\C,CHEMBL245412,4.66,
C\C\1=C/CC[C@@]2(C)O[C@@H]2CC(C)(C)\C=C\C1=O,CHEMBL512339,4.32,
C\C\1=C/CCC2(C)OC2C3OC(=O)C(=C)C3CC1,CHEMBL1601875,4.60,
C\C=C(/C)\C(=O)OC1C(OC(=O)C)C(C)(C)Oc2ccc3C=CC(=O)Oc3c12,CHEMBL1376728,4.60,
C\C=C(\C)/C(=O)OC1Cc2c(OC1(C)C)ccc3C=CC(=O)Oc23,CHEMBL1321343,4.80,
C\C=C/1\N(C)C(C)CC1(c2ccccc2)c3ccccc3,CHEMBL196431,,4.30
C\C=C\1/C[N@@+]2(C)CC[C@]34[C@H]2C[C@@H]1C(=C3Nc5ccccc45)C=O,CHEMBL1318754,8.89,
C\C=C\1/CC(=C)[C@](C)(O)C(=O)OCC2=CCN3CC[C@@H](OC1=O)[C@@H]23,CHEMBL1396368,4.90,
C\C=C\c1cc(cc(COCC2(CCN(C)CC2)c3ccc(F)cc3)n1)C(F)(F)F,CHEMBL2333635,,4.89
C\C=C\c1ccc2OCOc2c1,CHEMBL487603,4.60,
C\N=C(\NCCSCc1csc(N=C(N)N)n1)/NC#N,CHEMBL269646,4.80,
C=CC(=O)OCCCCCCOC(=O)C=C,CHEMBL1530684,4.60,
C=CC(C1=CC(=O)C=CC1=O)c2ccccc2,CHEMBL1514569,4.50,
C=CCc1ccc2OCOc2c1,CHEMBL242273,5.50,
C=CCN1C(=Nc2scc(c3ccccc3)c2C1=O)SCC(=O)N4CC(=O)Nc5ccccc45,CHEMBL1334122,5.55,
C=CCN1C(=O)c2c(csc2N=C1SCc3ccc4OCOc4c3)c5occc5,CHEMBL1580932,5.55,
C=CCN1C(=O)c2ccccc2Sc3ccc(cc13)C(=O)N4CCC5(CC4)OCCO5,CHEMBL1371423,5.40,
C=CCN1C(=O)N(CC=C)C(=O)N(CC=C)C1=O,CHEMBL1327450,5.00,
C=CCn1c(CSCc2ccccc2)nnc1SCC(=O)NCc3ccccc3,CHEMBL1425311,5.55,
C=CCN1C=Nc2scc(c3ccccc3)c2C1=O,CHEMBL1405151,5.35,
C=CCNC(=O)c1ccc2nc(c3ccccc3)c(nc2c1)c4ccccc4,CHEMBL1519980,5.15,
C=CCNC(=O)c1csc(n1)c2ccccc2,CHEMBL1349528,4.55,
C=CCOC(=O)\C(=C/c1cccc2ccccc12)\NC(=O)c3ccccc3,CHEMBL1584188,6.70,
C=CCSC1=NN2C(=Nc3ccccc3C2=O)S1,CHEMBL1587070,4.70,
C=CCSc1nc(Oc2ccccc2)c3sccc3n1,CHEMBL1505390,5.00,
C=CCSSCC=C,CHEMBL366603,4.60,
C=CCSSSCC=C,CHEMBL123040,4.40,
C1C[C@@H]2CNC[C@@]2(C1)c3ccc4ccccc4c3,CHEMBL1813477,4.97,
C1C[C@H]2CNC[C@]2(C1)c3ccc4ccccc4c3,CHEMBL1813476,5.58,
C1c2ccccc2c3ccc(cc13)\N=C/c4ccccn4,CHEMBL1378758,5.50,
C1CC(CCN1)c2c([nH]c3ccccc23)c4ccccc4,CHEMBL295559,,5.24
C1CC(CCN1)C2N[C@H](Cc3c2[nH]c4ccccc34)c5nc(c[nH]5)c6ccccc6,CHEMBL2069509,,5.29
c1cc(ccn1)c2sc(c3ccncc3)c(c4ccncc4)c2c5ccncc5,CHEMBL472994,6.50,
C1CC(CCN1)Nc2ncnc3ccc(cc23)c4ccc5OCOc5c4,CHEMBL1438748,4.60,
C1CC(CCN1)Nc2ncnc3ccc(cc23)c4cccnc4,CHEMBL1494452,4.90,
C1CC(CCO1)[C@@H]2N[C@H](Cc3c2[nH]c4ccccc34)c5nc(c[nH]5)c6ccccc6,CHEMBL2069503,,6.14
C1CC(CCO1)[C@H]2N[C@H](Cc3c2[nH]c4ccccc34)c5nc(c[nH]5)c6ccc(cc6)c7ccccc7,CHEMBL3775414,,7.77
C1CC(CCO1)[C@H]2N[C@H](Cc3c2[nH]c4ccccc34)c5nc(c[nH]5)c6ccccc6,CHEMBL2069502,,6.42
C1CC(CCO1)[C@H]2N[C@H](Cc3c2[nH]c4ccccc34)c5nc(c[nH]5)c6ccccn6,CHEMBL3775418,,5.40
C1CC(CCO1)[C@H]2N[C@H](Cc3c2[nH]c4ccccc34)c5nc(c[nH]5)c6cccnc6,CHEMBL3774851,,5.57
C1CC(CCO1)[C@H]2N[C@H](Cc3c2[nH]c4ccccc34)c5nc(c[nH]5)c6cscn6,CHEMBL3774986,,5.36
C1CC(CO1)C2N[C@H](Cc3c2[nH]c4ccccc34)c5nc(c[nH]5)c6ccccc6,CHEMBL2069504,,7.19
C1CC1Nc2ncncc2c3cocc3,CHEMBL1602710,5.10,
C1CC2(CCN1)CCN(CC2)c3ccccn3,CHEMBL1370553,4.60,
C1CC2(CCN1)CCN(CC2)c3ncccn3,CHEMBL1609440,4.70,
C1CC2(CCN1)CN(C2)c3ccc(cc3)c4ccccc4,CHEMBL1397914,4.60,
C1Cc2c([nH]c3ccccc23)[C@H](N1)c4ccccc4,CHEMBL1355855,5.50,
C1CC2CC(CC1N2c3ccccc3)c4c([nH]c5ccccc45)c6ccccc6,CHEMBL1671894,,7.75
C1Cc2n[nH]cc2c3nc(Nc4ncccn4)sc3C1,CHEMBL1830711,,4.52
C1CCC(C1)n2c3cnccc3c4cnc(Nc5ccc(cn5)N6CCNCC6)nc24,CHEMBL3237442,6.26,
C1CCC(CC1)c2c[nH]c(n2)C3Cc4c([nH]c5ccccc45)C(N3)C6CCOCC6,CHEMBL3775580,,6.87
c1ccc(cc1)c2c3ccccc3[nH]c4nc5ccccc5c24,CHEMBL1489353,5.00,
C1CCC(CC1)c2ccc3c(c2)c4CCC[C@@H]5NCCn3c45,CHEMBL1493037,4.50,
C1CCC(CC1)C2N[C@H](Cc3c2[nH]c4ccccc34)c5nc(c[nH]5)c6ccccc6,CHEMBL2069500,,7.10
C1CCC(CC1)C2N[C@H](Cc3c2[nH]c4ccccc34)c5nc(c[nH]5)c6cccnc6,CHEMBL3582313,,6.72
C1CCC(CC1)C2N[C@H](Cc3c2[nH]c4ccccc34)c5nc(c[nH]5)c6ccncc6,CHEMBL3582314,,7.05
c1ccc(cc1)c2nc([nH]c2c3ccccc3)c4cccs4,CHEMBL1530194,4.95,
C1CCC(CC1)C2O[C@H](Cc3c2[nH]c4ccccc34)c5nc(c[nH]5)c6ccccc6,CHEMBL3582309,,6.36
C1CCC(CC1)c2onc(n2)c3ccncc3,CHEMBL2069803,4.99,
C1CCC2(CC1)Cc3ccccc3c4nnc(c5cccnc5)n24,CHEMBL1598771,6.00,
c1ccc2[nH]c(nc2c1)c3cscn3,CHEMBL625,4.40,
C1CCc2c(C1)c3cccc4CNCCn2c34,CHEMBL258465,5.50,
c1ccc2c(c1)ccc3ncccc23,CHEMBL1565107,4.50,
C1CCc2c(C1)sc3ncnc(c23)n4cnc5ccccc45,CHEMBL1598281,4.85,
C1CCCC(CC1)N2CNC(=NC2)Nc3nc4ccccc4s3,CHEMBL1417581,5.10,
C1CCN(C1)[C@H]([C@@H](N2CCCC2)c3ccccc3)c4ccccc4,CHEMBL2152524,4.90,4.50
C1CCN(CC1)[C@@H]([C@H](N2CCCCC2)c3ccccc3)c4ccccc4,CHEMBL2152523,4.70,4.60
C1CCN(CC1)C2(CCCCC2)c3cc4ccccc4s3,CHEMBL279556,4.60,
C1CCN(CC1)C2CCN(CC2)c3nc4cnc(cc4s3)c5cncnc5,CHEMBL575234,,5.19
C1CN(CC2(C1)CCNCC2)C(c3ccccc3)c4ccccc4,CHEMBL1355665,5.90,
C1CN(CC2(C1)CCNCC2)c3cccc(c3)c4ccccc4,CHEMBL1376736,4.80,
C1CN(CC2(C1)CCNCC2)c3ccncc3,CHEMBL1437088,4.90,
C1CN(CCN1)c2nc(nc3ccccc23)c4ccc5OCOc5c4,CHEMBL1560798,5.10,
C1CN(CCN1)c2nc(nc3ccccc23)c4cccnc4,CHEMBL1590818,4.50,
C1CN(CCN1)c2nc(nc3ccccc23)c4cocc4,CHEMBL1449224,4.50,
C1CN(CCN1)c2ncnc3ccc(cc23)c4cccnc4,CHEMBL1590132,4.90,
C1CN(CCN1\N=C\c2cccnc2)C3c4ccccc4c5ccccc35,CHEMBL3194920,4.90,
C1CN(CCO1)[C@H]2c3ccccc3c4nc5ccccc5cc24,CHEMBL1450395,5.60,
C1CN(CCO1)c2nc(nc3ccccc23)c4cocc4,CHEMBL1475428,5.20,
C1CN=C(NC(C2CC2)C3CC3)O1,CHEMBL289480,4.80,
C1CN2CCC1[C@@]3(C2)Cc4cc(cnc4O3)c5cocc5,CHEMBL2151438,,5.80
C1CN2CCC1C(C2)c3oc(nn3)c4oc(cc4)c5cccnc5,CHEMBL2069929,,4.70
C1CN2CCC1C(C2)c3onc(n3)c4oc(cc4)c5cccnc5,CHEMBL2069928,,5.19
C1CNC[C@@]2(C1)CCN(C2)C(c3ccccc3)c4ccccc4,CHEMBL1490998,5.10,
C1CNC[C@@]2(C1)CCN(C2)c3ccccn3,CHEMBL1517885,4.80,
C1CNC[C@@]2(C1)CCN(C2)c3ncccn3,CHEMBL1492558,4.50,
c1cnc2c(c1)ccc3cccnc23,CHEMBL415879,5.30,
C1CNCC(C1)c2c([nH]c3ccccc23)c4ccccc4,CHEMBL42557,,5.31
c1cncc(c1)c2cc(ncn2)n3ccnc3,CHEMBL1356808,5.80,
c1cncc(c1)c2cccnc2,CHEMBL179763,4.19,
c1cncc(c1)c2ccsc2,CHEMBL361153,4.55,
c1cncc(c1)n2ccnc2,CHEMBL179477,4.11,
C1COc2c(O1)cccc2N3CCN(CC3)C4Cc5ccccc5C4,CHEMBL49247,4.60,
C1CSC(S1)c2oc(cc2)c3cccnc3,CHEMBL215174,5.96,
C1N2[C@H](NN=C1c3ccccc3)c4ccccc4c5ccccc25,CHEMBL1572770,5.50,
C1NCC(CC=C1)c2oc3ccccc3c2,CHEMBL2326690,,4.72
C1Oc2ccc(cc2O1)[C@@H]3OC[C@@H]4[C@H]3CO[C@@H]4c5ccc6OCOc6c5,CHEMBL1572261,6.10,
C1Oc2ccc(cc2O1)C(Sc3ccccc3)Sc4ccccc4,CHEMBL1602926,5.60,
C1Oc2ccc(cc2O1)c3cc(ncn3)n4ccnc4,CHEMBL1554579,6.30,
C1Oc2ccc(cc2O1)c3ccc4ncnc(Nc5ccccc5)c4c3,CHEMBL1552270,5.60,
C1Oc2ccc(cc2O1)c3nc(Nc4ccccc4)c5ccccc5n3,CHEMBL1396384,5.30,
C1Oc2ccc(cc2O1)c3nccc(n3)n4ccnc4,CHEMBL1355408,6.20,
C1Oc2ccc(cc2O1)C3OCC4[C@@H]3COC4c5ccc6OCOc6c5,CHEMBL1591714,7.10,
CC#C[C@@]1(O)CC[C@H]2[C@@H]3CCC4=CC(=O)CCC4=C3[C@@H](C[C@@]12C)c5ccc(cc5)N(C)C,CHEMBL1556464,6.10,
CC#C[C@]1(O)CC[C@H]2[C@@H]3CCC4=CC(=O)CCC4=C3[C@H](C[C@]12C)c5ccc(cc5)N(C)C,CHEMBL1276308,5.33,
CC#CC(CC(=O)O)c1ccc(Oc2ccc(cc2OC(F)F)C(F)(F)F)cc1F,CHEMBL1777855,,4.60
CC#Cc1cc(cs1)c2n[nH]c3c2Cc4cc(CN5CCN(C)CC5)ccc34,CHEMBL223943,,5.85
CC#Cc1cncc(c1)c2cc(ccc2O)C3(N=C(C)C(=N3)N)C4CC4,CHEMBL2180014,,4.61
CC#Cc1cncc(c1)c2cc3c(OCC4(CC4)C35COC(=N5)N)cc2F,CHEMBL3703304,,5.37
CC#Cc1cncc(c1)c2ccc3OCC4(CC4)C5(COC(=N5)N)c3c2,CHEMBL3703254,,5.32
CC#Cc1cncc(c1)c2ccc3OCC4(COC4)C5(CSC(=N5)N)c3c2,CHEMBL3703268,,5.22
CC#CCN1C(=O)N(Cc2cc(Cl)c3ccccc3n2)C(=O)C=C1N4CCC[C@@H](N)C4,CHEMBL2425895,4.85,
CC#CCN1C(=O)N(Cc2ccc3ccc(Cl)cc3n2)C(=O)C=C1N4CCC[C@@H](N)C4,CHEMBL2425893,4.34,4.00
CC#CCN1C(=O)N(Cc2ccc3ccc(F)cc3n2)C(=O)C=C1N4CCC[C@@H](N)C4,CHEMBL2425894,4.26,
CC#CCn1c(N2CCCNCC2)c(C#N)c3N(C)C(=O)N(Cc4c(cnc5ccccc45)C#N)C(=O)c13,CHEMBL1951614,,5.36
CC#CCn1c(N2CCCNCC2)c(C#N)c3N(C)C(=O)N(Cc4nc(C)c5ccccc5n4)C(=O)c13,CHEMBL1951613,,4.92
CC#CCn1c(N2CCCNCC2)c(C#N)c3N(C)C(=O)N(Cc4ncc5ccccc5c4C#N)C(=O)c13,CHEMBL1951416,,4.92
CC#CCOC(=O)c1c(C)nc2sc3C[C@H](O)CCc3c2c1N,CHEMBL1318470,5.50,
CC([C@H](N)C(=C1CCCC1)F)c2onc(n2)c3ccc(cc3Cl)S(=O)(=O)C.OC(=O)C(F)(F)F,CHEMBL257023,,4.72
CC(=C(c1ccncc1)c2ccc(cc2)c3ccc(N)c(N)c3)C,CHEMBL1171991,5.75,
CC(=C(c1ccncc1)c2ccc(cc2)c3ccc(O)c(O)c3)C,CHEMBL1172847,6.33,
CC(=C(c1ccncc1)c2ccc(cc2)c3cccc(N)c3)C,CHEMBL1173326,5.88,
CC(=C(c1ccncc1)c2ccc(cc2)c3cccc(O)c3)C,CHEMBL1173259,6.14,
CC(=C)[C@@H]1[C@H]2OC(=O)C1[C@]3(O)C[C@H]4O[C@]45C(=O)O[C@H]2[C@]35C,CHEMBL2373285,4.90,
CC(=C)C(O)\C=C\c1ccc(Br)cc1,CHEMBL1320943,5.40,
CC(=C)C(O)\C=C\c1ccc(C)cc1,CHEMBL1594258,5.40,
CC(=C)c1oc2cc(O)c(cc2c1)C(=O)C,CHEMBL503938,4.50,
CC(=C)CN1CC[C@@]23[C@H]4Oc5c(O)ccc(C[C@H]1[C@@]2(O)Cc6c4[nH]c7ccccc67)c35,CHEMBL1524541,4.50,
CC(=C[C@@H](NP(=O)(c1ccccc1)c2ccccc2)c3ccccc3)CO[Si](c4ccccc4)(c5ccccc5)C(C)(C)C,CHEMBL1397279,5.70,
CC(=C[C@H]1[C@@H](C(=O)OCc2cc3OCOc3cc2Cl)C1(C)C)C,CHEMBL1414185,6.50,
CC(=C1[C@H]2C(=C(C1=O)c3ccccc3)CN4C(=O)N(CCc5ccccc5)C(=O)[C@]24Cc6ccc(cc6)C(F)(F)F)C,CHEMBL1433726,5.00,
CC(=C1[C@H]2C(=C(C1=O)c3ccccc3)CN4C(=O)N(CCc5ccccc5)C(=O)[C@]24Cc6ccccc6)C,CHEMBL1331112,5.30,
CC(=CCC[C@@](C)(OC(=O)C)C1CCC(=CC1)C)C,CHEMBL1591425,4.50,
CC(=CCC[C@](C)(O)C1CCC(=CC1)C)C,CHEMBL1561544,4.40,
CC(=CCC\C(=C\CC\C(=C\CSc1ccccc1C(=O)O)\C)\C)C,CHEMBL23293,4.50,
CC(=CCC\C(=C\CO)\C)C,CHEMBL25719,4.80,
CC(=CCC\C(=C\CO\N=C/1\C[C@@H](O)[C@@H](O)[C@H]2[C@@H]1CC[C@H]3[C@H]2C(=O)N(C[C@@H]4CCCO4)C3=O)\C)C,CHEMBL1513870,5.30,
CC(=CCC\C(=C\CO\N=C/1\C[C@@H](O)[C@@H](O)[C@H]2[C@@H]1CC[C@H]3[C@H]2C(=O)N(Cc4ccc5OCOc5c4)C3=O)\C)C,CHEMBL1318085,5.80,
CC(=CCC\C(=C\CO\N=C/1\C[C@@H](O)[C@@H](O)[C@H]2[C@@H]1CC[C@H]3[C@H]2C(=O)N(Cc4ccccc4)C3=O)\C)C,CHEMBL1435210,5.50,
CC(=CCC\C(=C\CO\N=C/1\C[C@@H](O)[C@@H](O)[C@H]2[C@H]1CC[C@H]3[C@H]2C(=O)N(Cc4ccc5OCOc5c4)C3=O)\C)C,CHEMBL1336443,5.80,
CC(=CCC\C(=C\CO\N=C\1/[C@@H]2CCN3N([C@H]2[C@H](O)[C@H]4O[C@H]14)C(=O)N(Cc5cc6OCOc6cc5Cl)C3=O)\C)C,CHEMBL1395753,5.40,
CC(=CCc1c(O)c2C(=O)C(=COc2c3C=CC(C)(C)Oc13)c4ccc(O)c(O)c4)C,CHEMBL393136,4.50,
CC(=CCc1c(O)c2C(=O)C(=COc2c3C=CC(C)(C)Oc13)c4ccc(O)cc4)C,CHEMBL238188,4.60,
CC(=CCc1cc(C(=O)C)c(O)cc1O)C,CHEMBL1487159,5.85,
CC(=CCc1cccc2c(c[nH]c12)C3=C(O)C(=C(C(=O)C3=O)c4c([nH]c5ccccc45)C(C)(C)C=C)O)C,CHEMBL18879,4.60,
CC(=CCCC1(C)Oc2c(C=C1)c(OC(=O)C)c(CC=C(C)C)c3O[C@]45C6CC(C=C4C(=O)c23)C(=O)C5(C\C=C(/C)\C(=O)O)OC6(C)C)C,CHEMBL1360916,4.40,
CC(=CCCC1(C)Oc2c(CC=C(C)C)c3O[C@]45C6CC(C=C4C(=O)c3c(OC(=O)C)c2C=C1)C(=O)C5(C\C=C(/C)\C(=O)O)OC6(C)C)C,CHEMBL1323290,4.90,
CC(=CCn1c(N2CCC[C@H](N)C2)c(C#N)c3N=CN(Cc4nccc5ccccc45)C(=O)c13)C,CHEMBL1951432,5.77,
CC(=CCOc1c2OC(=O)C=Cc2cc3ccoc13)C,CHEMBL453805,5.30,
CC(=N)\C(=C(\O)/COc1ncnc2ccc(Br)cc12)\C#N,CHEMBL3213457,4.75,
CC(=N)N1CCC(CC1)Oc2ccc(cc2)N(Cc3ccc4ccc(cc4c3)C(=N)N)S(=O)(=O)C,CHEMBL152069,,5.41
CC(=N)NCCCC[C@H](N)C(=O)O,CHEMBL7889,5.70,
CC(=O)[C@@H]1[C@@H]2[C@@H]3CO[C@@H](O3)C(=O)[C@@H]2[C@H]4C=Cc5ccccc5N14,CHEMBL1551915,4.60,
CC(=O)[C@@H]1[C@H]2[C@@H](C3N1C=Cc4ccccc34)C(=O)N(C5CCCCC5)C2=O,CHEMBL1469165,4.80,
CC(=O)[C@@H]1CC[C@@H]2[C@@H]3CCC4=CC(=O)CC[C@@]4(C)[C@H]3CC[C@@]12C,CHEMBL1335634,5.40,
CC(=O)[C@@H]1CC[C@H]2[C@H]3CC[C@H]4C[C@@H](O)CC[C@]4(C)[C@@H]3C(=O)C[C@@]12C,CHEMBL1318020,5.20,
CC(=O)[C@]12CCC(C)(C)C[C@H]1[C@H]3C(=O)C=C4[C@@]5(C)C=C(C#N)C(=O)C(C)(C)[C@@H]5CC[C@@]4(C)[C@]3(C)CC2,CHEMBL3582243,5.32,
CC(=O)[C@H]1CC[C@H]2[C@@H]3C=CC4=CC(=O)CC[C@@]4(C)[C@H]3CC[C@]12C,CHEMBL3348998,5.10,
CC(=O)[C@H]1CC[C@H]2[C@@H]3CCC4=CC(=O)CC[C@]4(C)[C@H]3CC[C@]12C,CHEMBL103,5.40,
CC(=O)\C(=C/c1ccccc1F)\C(=O)c2ccccc2,CHEMBL1565333,5.50,
CC(=O)\N=C\1/SC=CN1CC(=O)c2ccc(cc2)[N+](=O)[O-],CHEMBL1985310,5.35,
CC(=O)C1=C(C)N(CC=C)C(=S)N=C1N2CCN(CC2)c3ccccc3,CHEMBL1414317,4.60,
CC(=O)C1=C(O)[C@@H]2[C@H]3[C@H](Cc4cccc5[nH]cc3c45)C(C)(C)N2C1=O,CHEMBL1358297,5.00,
CC(=O)C1=NN(\C(=N\c2nc(cc(c3ccccc3)c2C#N)c4ccccc4)\S1)c5ccc(C)cc5,CHEMBL3408384,,4.54
CC(=O)C1=NN(\C(=N\c2nc(cc(c3ccccc3)c2C#N)c4ccccc4)\S1)c5ccccc5,CHEMBL3408383,,4.49
CC(=O)C1=NN2[C@@H](COc3ccc(C)cc23)[C@@]1(CCCN4CCOCC4)c5ccccc5,CHEMBL399378,,5.20
CC(=O)C1=NN2[C@@H](COc3ccc(F)cc23)[C@@]1(CCCN)c4ccccc4,CHEMBL250127,,6.03
CC(=O)C1=NN2[C@@H](COc3ccc(F)cc23)[C@@]1(CCCN4CCNC(=O)CC4)c5ccccc5,CHEMBL438876,,4.77
CC(=O)C1=NN2[C@@H](COc3ccc(F)cc23)[C@@]1(CCCN4CCOCC4)c5ccccc5,CHEMBL398478,,5.22
CC(=O)C1=NN2[C@@H](COc3ccc(F)cc23)[C@@]1(CCCO)c4ccccc4,CHEMBL250743,,4.75
CC(=O)C1=NOC(CNC(=O)c2c(C)onc2c3ccccc3Cl)C1,CHEMBL1588323,4.80,
CC(=O)C1C(=O)C=C2Oc3c(C(=O)C)c(O)c(C)c(O)c3[C@@]2(C)C1=O,CHEMBL1450004,4.90,
CC(=O)c1c(C)[nH]c(C(=O)COc2ccc(cc2)C#N)c1C,CHEMBL1454402,5.50,
CC(=O)c1cc(C)ccc1OC(=O)CCN2C(=O)C3C(C4c5ccccc5C3c6ccccc46)C2=O,CHEMBL1405758,4.50,
CC(=O)C1CC[C@H]2C3CC[C@@H]4CC(O)CC[C@@]4(C)C3CC[C@]12C,CHEMBL1475298,5.60,
CC(=O)c1cc2C=CC(C)(C)Oc2cc1O,CHEMBL443462,4.50,
CC(=O)c1cc2OCOc2cc1NC(=O)c3c(C)onc3c4ccccc4,CHEMBL1589130,5.80,
CC(=O)c1ccc(OC2C(O)COC2\C=C\c3ccc(Cl)cc3)cc1,CHEMBL1331583,5.40,
CC(=O)c1ccc(s1)c2cccnc2,CHEMBL362702,4.57,
CC(=O)C1CCC2C3CCC4=CC(=O)CC[C@@]4(C)C3CC[C@]12C,CHEMBL1489845,6.10,
CC(=O)c1cccc(c1)c2cccc(c2)N3C=C(C(=O)Nc4nccc(Cl)c4Cl)C(=O)c5cccnc35,CHEMBL514564,,6.13
CC(=O)c1cccc(NC(=O)c2csc(n2)n3nc(C)cc3C(F)(F)F)c1,CHEMBL1519173,5.00,
CC(=O)c1cccc(NC(=O)CCC2CCCC2)c1,CHEMBL1428398,4.55,
CC(=O)c1cccc(NC(=O)CSCc2ccccc2)c1,CHEMBL1523323,4.55,
CC(=O)c1cccc(NC(=O)N[C@@H]2CCCC[C@H]2CN3CCC[C@@H](Cc4ccc(F)cc4)C3)c1,CHEMBL250689,,6.40
CC(=O)c1cn(c2ccc(F)cc2)c3ccc(Cl)cc13,CHEMBL301992,,5.00
CC(=O)c1cn(CC(=O)Nc2c(C)cccc2C)c3ccccc13,CHEMBL1451899,4.95,
CC(=O)c1cncc(Oc2c(Cl)cc(NS(=O)(=O)c3ccc(Cl)cc3Cl)cc2Cl)c1,CHEMBL2338482,6.44,
CC(=O)c1ncn2c1COc3c(CCN4CCN(CC4)c5cccc6nc(C)ccc56)cccc23,CHEMBL1241736,,5.20
CC(=O)CC(=O)[C@@]1(O)CC[C@@H]2[C@@H]3C=C(C)C4=CC(=O)CC[C@@H]4[C@H]3CC[C@@]12C,CHEMBL1396546,5.60,
CC(=O)CCNCCCC(=O)Nc1ccc(cc1)c2cn(C)c3c(CN4C[C@@H]5N(N(CC=C)CC(=O)N5[C@@H](Cc6ccc(O)cc6)C4=O)C(=O)NCc7ccccc7)cccc23,CHEMBL3640015,5.56,
CC(=O)N(c1ccc2OC(=O)Sc2c1)S(=O)(=O)c3cccs3,CHEMBL1418522,4.85,
CC(=O)N(Cc1ccc2ccccc2c1)[C@@H]3CCNC3,CHEMBL577497,,5.10
CC(=O)N(CCOc1ccc(cc1)[N+](=O)[O-])CCc2ccc(cc2)[N+](=O)[O-],CHEMBL3590450,,6.60
CC(=O)N[C@@H](Cc1c[nH]c2ccccc12)C(=O)OCc3cc(cc(c3)C(F)(F)F)C(F)(F)F,CHEMBL22870,5.10,
CC(=O)N[C@@H](CCN1[C@@H]2CC[C@H]1C[C@H](C2)n3c(C)nc4ccccc34)c5ccccc5,CHEMBL1649913,,5.82
CC(=O)N[C@@H](CCN1[C@@H]2CC[C@H]1C[C@H](C2)n3c(C)nc4CN(CCc34)c5cnccn5)c6cccc(F)c6,CHEMBL1649929,,6.00
CC(=O)N[C@@H]1CC(C)(C)Oc2nc(c(cc12)c3ccc(Cl)cc3)c4ccc(Cl)cc4Cl,CHEMBL1095990,,6.27
CC(=O)N[C@@H]1CC2(CCN(Cc3ccc4c(c3)c5ccccc5n4C(=O)N)CC2)c6ccccc16,CHEMBL1934130,,5.70
CC(=O)N[C@H]1CC(C)(C)Oc2nc(c(cc12)c3ccc(Cl)cc3)c4ccc(Cl)cc4Cl,CHEMBL1098847,,5.58
CC(=O)N1[C@H](Cc2ccccc2)C=C[C@]1(C)C(=O)NCCN3CCOCC3,CHEMBL1567150,4.80,
CC(=O)N1C2(CCCCC2)C=CC1(C)C(=O)NCCN3CCOCC3,CHEMBL1521527,5.00,
CC(=O)N1CC=CC1(C)C(=O)O,CHEMBL1369882,4.70,
CC(=O)N1CC2(CCN(CC2)c3ccc(cn3)C(=O)Nc4cc(ccc4N)c5cccs5)C1,CHEMBL472443,,5.20
CC(=O)N1CCC(CC1)C(=O)N2C[C@H]([C@@H](C2)c3ccc(F)cc3C)c4onc(n4)C(C)(C)c5cc(cc(c5)C(F)(F)F)C(F)(F)F,CHEMBL392464,4.55,
CC(=O)N1CCC(CC1)c2[nH]nc(c3ccc(F)cc3)c2c4ccncc4,CHEMBL1092901,,6.10
CC(=O)N1CCC(CC1)C2N[C@H](Cc3c2[nH]c4ccccc34)c5nc(c[nH]5)c6ccccc6,CHEMBL2069510,,5.01
CC(=O)N1CCC(CC1)n2cc(Nc3ncc(Cl)c(n3)c4cnc5ccccn45)c(C)n2,CHEMBL3823278,,5.28
CC(=O)N1CCC(CC1)n2cc(Nc3ncc(Cl)c(n3)c4cnn5ccccc45)c(C)n2,CHEMBL3822989,,5.14
CC(=O)N1CCC(CC1)n2nc(C)c(Nc3ncc(Cl)c(n3)c4cnc5ccccn45)c2C,CHEMBL3823929,,4.57
CC(=O)N1CCC(CC1)n2nc(C)c(Nc3ncc(Cl)c(n3)c4cnn5ccccc45)c2C,CHEMBL3823914,,4.64
CC(=O)N1CCC(CC1)n2ncc(Nc3ncc(Cl)c(n3)c4cnc5ccccn45)c2C,CHEMBL3822583,,4.68
CC(=O)N1CCC(CC1)NC(=O)c2cn(C)c3c(CN4C[C@@H]5N(N(CC=C)CC(=O)N5[C@@H](Cc6ccc(O)cc6)C4=O)C(=O)NCc7ccccc7)cccc23,CHEMBL3702765,5.29,
CC(=O)N1CCC[C@@]2(CCN(Cc3cc(cc(c3)C(F)(F)F)C(F)(F)F)C2)C1,CHEMBL1445522,4.80,
CC(=O)N1CCC[C@@]2(CCN(Cc3ccc(cc3)C#N)C2)C1,CHEMBL1366737,4.80,
CC(=O)N1CCC[C@@]2(CCN(Cc3ccccc3)C2)C1,CHEMBL1367995,4.40,
CC(=O)N1CCC[C@@]2(CCN(Cc3nccs3)C2)C1,CHEMBL1493476,4.50,
CC(=O)N1CCC2(CCCN(C2)c3ccc(cc3)c4ccccc4)CC1,CHEMBL1474185,4.90,
CC(=O)N1CCC2(CCCN(C2)c3ccc(cn3)C(=O)Nc4cc(ccc4N)c5cccs5)C1,CHEMBL471399,,5.42
CC(=O)N1CCC2(CCCN(Cc3cc(cc(c3)C(F)(F)F)C(F)(F)F)C2)CC1,CHEMBL1453980,4.80,
CC(=O)N1CCC2(CCCN(Cc3nccs3)C2)CC1,CHEMBL1525767,4.40,
CC(=O)N1CCC2(CCN(C2)c3ccc(cn3)C(=O)Nc4cc(ccc4N)c5cccs5)C1,CHEMBL472442,,5.55
CC(=O)N1CCC2(CCN(CC2)C(c3ccccc3)c4ccccc4)CC1,CHEMBL1534734,4.60,
CC(=O)N1CCc2cc(Br)cc(c12)S(=O)(=O)N3CCN(CC3)C(=O)c4occc4,CHEMBL1368866,4.80,
CC(=O)N1CCN(CC1)c2ccc(OC[C@H]3CO[C@@](Cn4ccnc4)(O3)c5ccc(Cl)cc5Cl)cc2,CHEMBL75,7.31,
CC(=O)N1CCN(CC1)c2ccc(OCC3COC(Cn4ccnc4)(O3)c5ccc(Cl)cc5Cl)cc2,CHEMBL157101,6.82,
CC(=O)N1CCN(CC1)c2ccccc2NC(=O)COc3ccc(Br)cc3,CHEMBL1601015,5.35,
CC(=O)N1CCN(CC1)c2cnc3cc(cc(NCc4cccc(c4)[N+](=O)[O-])c3c2)C(F)(F)F,CHEMBL1766529,,6.34
CC(=O)N1CCN(Cc2ccc3C[C@H](CCc3c2)N4CCN(CCc5ccc(F)cc5)CC4=O)CC1,CHEMBL386717,,4.60
CC(=O)N1CCN(CCC[C@]2([C@@H]3COc4ccc(F)cc4N3N=C2C(=O)C)c5ccccc5)CC1,CHEMBL250125,,5.00
CC(=O)N1CCN(CCOc2ccc(cc2)C3CCN(CC3)c4ccc5nnc(n5n4)C(F)(F)F)CC1,CHEMBL2346974,,4.95
CC(=O)N1CCN2CCCc3c(C)c4C(=O)CC(C)(C)Cc4n3c5ccc(C(=O)N)c(NC[C@H]2C1)c5,CHEMBL1779535,,4.61
CC(=O)N1CCN2CCN(CC2C1)C(=O)c3cn(C)c4c(CN5C[C@@H]6N(N(CC=C)CC(=O)N6[C@@H](Cc7ccc(O)cc7)C5=O)C(=O)NCc8ccccc8)cccc34,CHEMBL3702709,4.82,
CC(=O)N1CCOc2cc3CCN(CCCSc4nnc(c5cccc6nc(C)ccc56)n4C)CCc3cc12,CHEMBL272702,,5.00
CC(=O)N1N=C(OC1c2ccccc2Cl)c3cccc(c3)[N+](=O)[O-],CHEMBL1360327,4.40,
CC(=O)NC(=O)C1CCC(CC1)C2N=CC(=N2)c3cccc(Br)c3,CHEMBL1673443,,6.30
CC(=O)NC[C@@H]1OC(=O)N2[C@H]1COc3cc(ccc23)c4ccc(nc4)C#N,CHEMBL1915619,,5.56
CC(=O)NC1(C(=O)N(Cc2ccccc2)C3=C1C(=O)CC(C)(C)C3)C(F)(F)F,CHEMBL1741500,4.85,
CC(=O)NC1C(OCCOc2ccc(Cl)cc2Cl)OC(COC(=O)C)C(OC(=O)C)C1OC(=O)C,CHEMBL1439936,4.85,
CC(=O)Nc1cc(nc(n1)n2nc(C)cc2C)c3ccccc3,CHEMBL487765,4.37,
CC(=O)Nc1cc(nc(n1)n2nc(C)cc2C)c3cncc(O)c3,CHEMBL486130,4.75,
CC(=O)Nc1cc(Nc2cc(NC3CC3)n4ncc(C#N)c4n2)c(F)cc1C,CHEMBL2409178,,4.80
CC(=O)Nc1cc(Nc2cc(NC3CCC3)n4ncc(C#N)c4n2)c(F)cc1C,CHEMBL2409182,,4.80
CC(=O)NC1CC2CCC(C1)N2CCc3ccc(Oc4nc5ncccc5s4)cc3,CHEMBL2207747,,5.08
CC(=O)Nc1ccc(cc1)c2nnc(SCC(=O)c3ccc4c(Cc5ccccc45)c3)n2C,CHEMBL1572789,4.90,
CC(=O)Nc1ccc(cc1)N2CCCCC2,CHEMBL1332357,6.60,
CC(=O)Nc1ccc(CCN2CCC(COc3nc4ccccc4c5cn(C)cc35)CC2)cc1,CHEMBL2179670,,7.70
CC(=O)Nc1ccc(cn1)c2cc3sc(nc3cn2)N4CCC(CC4)N5CCCCC5,CHEMBL575693,,5.07
CC(=O)Nc1ccc(cn1)c2cnc3nc(sc3c2)N4CCC(CC4)N5CCCCC5,CHEMBL574387,,4.40
CC(=O)Nc1ccc(CN2CCC(CC2)NC(=O)C3=CC(=O)c4ccc(F)cc4O3)cc1,CHEMBL216680,,4.32
CC(=O)Nc1ccc(NC(=O)CSc2nnc(c3ccccc3)n2Cc4ccc5OCOc5c4)cc1,CHEMBL1719582,5.45,
CC(=O)Nc1ccc(O)cc1,CHEMBL112,4.80,
CC(=O)Nc1ccc(OCC(O)Cn2c3ccccc3c4ccccc24)c(C)c1,CHEMBL1404209,5.40,
CC(=O)Nc1ccc(OCC(O)Cn2cnc3ccccc23)cc1,CHEMBL1742034,4.85,
CC(=O)Nc1ccc(Sc2ncccc2C(=O)Nc3ccc(F)cc3)cn1,CHEMBL1415013,4.80,
CC(=O)Nc1ccc2c(c1)\C(=N\c3ccc(cc3)C(=O)O)\c4ccccc24,CHEMBL1410175,5.40,
CC(=O)NC1CCc2cc(CCN3CCN(CC3)c4nsc5ccccc45)ccc12,CHEMBL252030,,5.66
CC(=O)NC1CCc2ccc(CCN3CCN(CC3)c4nsc5ccccc45)cc12,CHEMBL252818,,6.05
CC(=O)Nc1ccc2CCC(N3CCC(CC3)NC(=O)C4=CC(=O)c5ccc(F)cc5O4)c2c1,CHEMBL215661,,4.46
CC(=O)Nc1ccc2ccn(c3cc(NC4CC4)n5ncc(C#N)c5n3)c2c1,CHEMBL2062563,,5.07
CC(=O)Nc1cccc(c1)c2ccc(cc2)C(O)(C3CC3)c4c[nH]cn4,CHEMBL1766185,5.26,
CC(=O)Nc1cccc(c1)C2CCN(Cc3ccc(cc3)C(=O)c4nc(C)c(C)n4c5ccc(F)cc5)CC2,CHEMBL3219276,,5.77
CC(=O)Nc1cccc(c1)C2CCN(Cc3ccc(cc3)C(=O)c4nc5ccccc5n4c6ccc(Cl)cc6)CC2,CHEMBL3219001,,5.77
CC(=O)Nc1cccc(c1)C2CCN(Cc3ccc(cc3F)C(=O)c4nc5ccccc5n4c6ccc(F)cc6)CC2,CHEMBL3219269,,5.72
CC(=O)Nc1cccc(c1)N2CCN(CCCCNS(=O)(=O)c3ccc(C)cc3)CC2,CHEMBL210537,,6.52
CC(=O)Nc1cccc(c1)N2CCN(CCCCNS(=O)(=O)CC3CCCCC3)CC2,CHEMBL209821,,5.42
CC(=O)Nc1cccc(CN2CCC(CC2)NC(=O)C3=CC(=O)c4ccc(F)cc4O3)c1,CHEMBL269352,,4.22
CC(=O)Nc1nc2ccc(Br)cc2s1,CHEMBL1538954,4.50,
CC(=O)Nc1nc2ccc(cc2s1)c3cnc(N)c(c3)C(F)(F)F,CHEMBL2418948,6.10,
CC(=O)NCCc1c(Cc2ccccc2)[nH]c3ccccc13,CHEMBL286615,5.10,
CC(=O)NCCc1cc(F)ccc1c2onc([C@H]3CNCC[C@]3(O)c4ccc(F)c(F)c4)c2Br,CHEMBL2017104,4.35,4.64
CC(=O)NCCc1ccccc1c2ccc([C@H]3CNCC[C@@]34OC(=O)c5cc(F)c(F)cc45)c(C)c2,CHEMBL1957796,,4.89
CC(=O)NCCc1ccccc1c2ccc([C@H]3CNCC[C@@]34OCc5cc(F)c(F)cc45)c(C)c2,CHEMBL1957788,,5.29
CC(=O)NCCc1ccccc1c2ccc([C@H]3CNCC[C@@H]3c4ccc(F)c(F)c4)c(Cl)c2,CHEMBL1957676,4.70,5.96
CC(=O)NCCc1ccccc1c2noc([C@H]3CNCC[C@]3(O)c4ccc(F)c(F)c4)c2Br,CHEMBL2017101,4.35,4.98
CC(=O)NCCc1ccccc1c2onc([C@H]3CNCC[C@@H]3c4ccc(F)c(F)c4)c2Br,CHEMBL2017109,4.89,4.71
CC(=O)NCCc1ccccc1c2onc([C@H]3CNCC[C@]3(C(=O)N)c4ccc(F)c(F)c4)c2Br,CHEMBL2017111,4.44,4.52
CC(=O)NCCc1ccccc1c2onc([C@H]3CNCC[C@]3(O)c4ccc(F)c(F)c4)c2Br,CHEMBL2017102,4.48,4.97
CC(=O)NCCc1ccccc1c2onc([C@H]3CNCC[C@]3(O)c4ccc(F)c(F)c4)c2C(=O)C,CHEMBL2017107,5.10,4.86
CC(=O)NCCc1ccccc1c2onc([C@H]3CNCC[C@]3(O)c4ccc(F)c(F)c4)c2Cl,CHEMBL2017106,,4.82
CC(=O)NCCNc1ccnc(n1)c2ccccc2C,CHEMBL1532517,4.70,
CC(=O)NCCNc1nc(nc2ccccc12)c3c(C)onc3C,CHEMBL1611261,4.80,
CC(=O)NCCNc1nc(nc2ccccc12)c3ccc4OCOc4c3,CHEMBL1438674,5.40,
CC(=O)NCCNc1nc(nc2ccccc12)c3cccc(c3)C#N,CHEMBL1512833,4.80,
CC(=O)NCCNc1nc(nc2ccccc12)c3ccccc3C(F)(F)F,CHEMBL1398800,4.90,
CC(=O)NCCNc1nc(nc2ccccc12)c3ccccc3Cl,CHEMBL1473405,5.30,
CC(=O)NCCNc1nc(nc2ccccc12)c3cccnc3,CHEMBL1475737,5.20,
CC(=O)NCCNc1ncnc2ccc(cc12)c3ccc4OCOc4c3,CHEMBL1474402,5.30,
CC(=O)NCCNc1ncnc2ccc(cc12)c3cccc(NS(=O)(=O)C)c3,CHEMBL1601477,5.10,
CC(=O)NCCNc1ncnc2ccc(cc12)c3ccccc3C,CHEMBL1475079,4.90,
CC(=O)NCCNc1ncnc2ccc(cc12)c3ccccc3C(F)(F)F,CHEMBL1317913,5.20,
CC(=O)NNc1ccccc1,CHEMBL30131,4.50,
CC(=O)O.OCc1cc(ccc1O)[C@@H](O)CNCCCCCCOCCCCc2cccc(c2)S(=O)(=O)C3CCCC3,CHEMBL3126382,5.42,
CC(=O)O[C@@]1(CC[C@@H]2[C@@H]3C=C(C)C4=CC(=O)CC[C@@]4(C)[C@H]3CC[C@@]12C)C(=O)C,CHEMBL1438440,5.50,
CC(=O)O[C@@]1(CC[C@H]2[C@@H]3C=C(Cl)C4=CC(=O)[C@@H]5C[C@@H]5[C@]4(C)[C@H]3CC[C@]12C)C(=O)C,CHEMBL139835,5.60,
CC(=O)O[C@@H]1[C@@H](O[Si](C)(C)C(C)(C)C)C=C2CCN3Cc4cc5OCOc5cc4[C@H]1[C@@H]23,CHEMBL564408,6.68,
CC(=O)O[C@]1(CCC2C3C=C(Cl)C4=CC(=O)CC[C@]4(C)C3CC[C@@]12C)C(=O)C,CHEMBL1610811,5.50,
CC(=O)O[C@]1(CCC2C3CCC4=CC(=O)CCC4C3CC[C@@]12C)C#C,CHEMBL1314826,4.40,
CC(=O)O[C@H]1[C@@H](O)[C@H]2C(C)(C)CC[C@@H](O)[C@]2(C)[C@]3(O)C(=O)C[C@@](C)(O[C@@]13C)C=C,CHEMBL1398667,4.90,
CC(=O)O[C@H]1C=C2CCN3Cc4cc5OCOc5cc4[C@H]([C@@H]1OC(=O)C)[C@@H]23,CHEMBL465295,4.96,
CC(=O)O[C@H]1CC[C@@]2(C)[C@@H](CC[C@@H]3[C@H]4C[C@H]([C@@H](C(=O)C)[C@]4(C)C(=O)C[C@@H]23)N5CC5)C1,CHEMBL1528540,5.40,
CC(=O)O[C@H]1CC[C@H]2[C@H]3CC[C@]4(C)[C@H](CC[C@]4(OC(=O)C)C#C)[C@@H]3CCC2=C1,CHEMBL1435200,5.30,
CC(=O)OC(C(=O)c1ccccc1)c2ccccc2,CHEMBL1597449,4.60,
CC(=O)OC[C@@]1(O)C[C@]23CCC4c5ccoc5CC[C@@]4(C)C2CCC1C3,CHEMBL1323411,4.50,
CC(=O)OC[C@@H]1O[C@@H](O\N=C/2\C[C@@H](O)[C@@H](O)[C@H]3[C@@H]2CC[C@H]4[C@H]3C(=O)N(C4=O)c5cccc(Oc6ccccc6)c5)[C@H](OC(=O)C)[C@H](OC(=O)C)[C@@H]1OC(=O)C,CHEMBL1516289,5.50,
CC(=O)OC[C@@H]1O[C@H](C\C=N/O[C@@H]2C=C[C@@H](CC=C)O[C@@H]2CO)C=C[C@@H]1OC(=O)C,CHEMBL1455670,5.40,
CC(=O)OC[C@@H]1O[C@H](C\C=N/OCC[C@@H]2O[C@H](COC(=O)C)[C@@H](OC(=O)C)C=C2)C=C[C@@H]1OC(=O)C,CHEMBL1316294,5.50,
CC(=O)OC[C@@H]1O[C@H](CCO\N=C(/C)\CCN2CCc3nc(c4ccccc4)c(cc3C2)c5ccccc5)C=C[C@@H]1OC(=O)C,CHEMBL1512307,5.40,
CC(=O)OC[C@@H]1O[C@H](CCO\N=C(/C)\CCN2CCCCc3nc(C)c(C)cc23)C=C[C@@H]1OC(=O)C,CHEMBL1315250,5.50,
CC(=O)OC[C@H]1O[C@@H](O\N=C(/C)\CCN2CCCc3nc(C)c(C)cc23)[C@H](OC(=O)C)[C@@H](OC(=O)C)[C@H]1OC(=O)C,CHEMBL1402495,5.40,
CC(=O)OC1C(O)C2C(C)(C)CCC(O)[C@]2(C)[C@]3(O)C(=O)C[C@](C)(O[C@]13C)C=C,CHEMBL1414148,4.60,
CC(=O)OC1C[C@@]2(C)C(C[C@H]3O[C@]23[C@]4(C)C1[C@@]5(C)C=CC(=O)C(C)(C)C5=C(O)C4=O)c6cocc6,CHEMBL1358743,6.40,
CC(=O)OC1CC(=C)C(CC[C@@](C)(O)C=C)C2(C)CCCC(C)(C)C12,CHEMBL1317016,5.60,
CC(=O)OC1CC(O)C(C)(C)C2CC(OC(=O)C)[C@]3(C)C(CC[C@@]4(C)C(OC(=O)C5OC345)c6cocc6)[C@]12C,CHEMBL1447318,5.60,
CC(=O)Oc1cc(OC(=O)C)c2C(=O)C=C(Oc2c1)c3ccc(OC(=O)C)c(OC(=O)C)c3,CHEMBL88961,6.10,
CC(=O)OC1CC[C@@]2(C)C3CC[C@@]4(C)C(OC(=O)C=C4[C@]3(C)C(CC2C1(C)C)OC(=O)C)c5cocc5,CHEMBL1316178,5.00,
CC(=O)OC1CC[C@@]2(C)C3CC[C@@]4(C)C(OC(=O)C5O[C@]45[C@]3(C)C(CC2C1(C)C)OC(=O)C)c6cocc6,CHEMBL1357834,5.40,
CC(=O)OC1CC[C@]2(C)[C@@H](CCC3C4CC=C(C(=O)C)[C@@]4(C)C(=O)CC23)C1,CHEMBL1362965,5.30,
CC(=O)OC1CC2C(C)(C)C(=O)C=C[C@]2(C)C3CC[C@@]4(C)C(OC(=O)C=C4[C@]13C)c5cocc5,CHEMBL1440056,4.80,
CC(=O)OC1CC2C(C)(C)C(=O)C=C[C@]2(C)C3CC[C@@]4(C)C(OC(=O)C5O[C@]45[C@]13C)c6cocc6,CHEMBL1335340,4.90,
CC(=O)OC1CC2C(C)(C)C(=O)CC[C@]2(C)C3CC[C@@]4(C)C(OC(=O)C5OC45[C@]13C)c6cocc6,CHEMBL1355349,5.40,
CC(=O)OC1CC2C(C)(C)C(O)C=C[C@@]2(C)C3CC[C@@]4(C)C(OC(=O)C=C4[C@]13C)c5cocc5,CHEMBL1516545,4.80,
CC(=O)OC1CC2C(C)(C)C(O)CC[C@@]2(C)C3CC[C@@]4(C)C(OC(=O)C5O[C@]45[C@]13C)c6cocc6,CHEMBL1598624,5.60,
CC(=O)OC1CC2C(C)(C)C=CC(=O)[C@@]2(C)C3CC[C@@]4(C)C(OC(=O)C5OC45[C@]13C)c6cocc6,CHEMBL1598111,4.80,
CC(=O)Oc1cc2c(CC=C3[C@@]2(C)CC[C@@]4(C)C5C[C@@](C)(CC[C@@]5(C)CC[C@@]34C)C(=O)O)c(C)c1OC(=O)C,CHEMBL1318220,4.50,
CC(=O)Oc1ccc(\C=C\c2cc(OC(=O)C)cc(OC(=O)C)c2)cc1,CHEMBL597744,5.00,
CC(=O)OC1CCC2(C)C3CCC4(C)C(C[C@@H]5O[C@@]45C(=O)C)C3CC=C2C1,CHEMBL1403464,5.40,
CC(=O)OC1CCC2(C)C3CCC4(C)C(CC5CCCCC45C(=O)C)C3CC(=O)[C@@]2(O)C1,CHEMBL1339169,5.00,
CC(=O)OC1CCC23CC1(C)CCC2C(C)(C)CC3OC(=O)C,CHEMBL1526987,4.80,
CC(=O)Oc1ccccc1C(=O)Nc2ncc(s2)[N+](=O)[O-],CHEMBL1401,5.10,
CC(=O)OC1COC(C(OC(=O)C)C1OC(=O)C)N2CCc3cc(ccc23)[N+](=O)[O-],CHEMBL1333658,4.60,
CC(=O)OCC(=O)[C@@]1(O)CC[C@@H]2[C@H]3CCC4=CC(=O)C=C[C@]4(C)[C@]3(F)[C@@H](O)C[C@]12C,CHEMBL1434739,4.90,
CC(=O)OCC(=O)[C@@]1(O)CCC2C3CC[C@H]4CC(O)CC[C@@]4(C)C3C(=O)C[C@@]12C,CHEMBL1355125,4.90,
CC(=O)OCC(O)\C=C\CCCCCCCCCCCC=C,CHEMBL1397050,4.40,
CC(=O)OCC(O)CC(O)CCCCCCCCCCCC=C,CHEMBL1443413,4.40,
CC(=O)OCC1OC(C=CC1OC(=O)C)C#Cc2ccc(Br)cc2,CHEMBL1316754,5.50,
CC(=O)OCC1OC(C=CC1OC(=O)C)C#Cc2ccc(C)cc2C,CHEMBL1318421,5.50,
CC(=O)OCC1OC(C=CC1OC(=O)C)C#Cc2ccc(F)cc2F,CHEMBL1454512,5.50,
CC(=O)OCC1OC(C=CC1OC(=O)C)C#Cc2ccccc2,CHEMBL1361285,5.40,
CC(=O)OCC1OC(C=CC1OC(=O)C)C#CCC2CCCCC2,CHEMBL1554550,5.50,
CC(=O)OCC1OC(C=CC1OC(=O)C)C#CCCc2ccccc2,CHEMBL1605950,5.50,
CC(=O)OCC1OC(C=CC1OC(=O)C)C#CCCCc2ccccc2,CHEMBL1563840,5.40,
CC(=O)OCC1OC(Oc2cc(OC(=O)C)c3C(=O)C=C(Oc3c2)c4ccc(OC(=O)C)c(OC(=O)C)c4)C(OC(=O)C)C(OC(=O)C)C1OC(=O)C,CHEMBL1517581,5.40,
CC(=O)OCC1OC(Oc2cc(OC(=O)C)c3C(=O)C=C(Oc3c2)c4ccc(OC(=O)C)cc4)[C@@H](OC(=O)C)C(OC(=O)C)C1OC(=O)C,CHEMBL1356069,5.00,
CC(=O)OCCCN1c2ccccc2Nc3nnc(cc13)c4ccccc4,CHEMBL1524866,4.90,
CC(=O)OCCNC(=O)c1cccnc1,CHEMBL1358019,4.70,
CC(=O)SC[C@@H](Cc1ccccc1)C(=O)NCC(=O)OCc2ccccc2,CHEMBL1516410,5.10,
CC(=O)SCc1oc(cc1)c2cccnc2,CHEMBL386124,5.82,
CC(C(=O)N[C@@]1(CC[C@@H](CC1)N(C)C)c2ccccc2)c3cc(cc(c3)C(F)(F)F)C(F)(F)F,CHEMBL3085125,,5.72
CC(C(=O)N[C@@]1(CC[C@@H](CC1)N2CCC(C)CC2)c3ccccc3)c4cc(cc(c4)C(F)(F)F)C(F)(F)F,CHEMBL3085128,,6.34
CC(C(=O)N[C@@]1(CC[C@@H](CC1)N2CCC(CC2)C3CCOC3(C)C)c4ccccc4)c5cc(cc(c5)C(F)(F)F)C(F)(F)F,CHEMBL3085131,,5.66
CC(C(=O)N[C@@]1(CC[C@H](CC1)N2CCC(CC2)c3ccc(F)cc3)c4ccccc4)c5cc(cc(c5)C(F)(F)F)C(F)(F)F,CHEMBL296397,,7.37
CC(C(=O)N[C@@]1(CC[C@H](CC1)N2CCC(O)CC2)c3ccccc3)c4cc(cc(c4)C(F)(F)F)C(F)(F)F,CHEMBL298858,,5.85
CC(C(=O)N[C@@]1(CC[C@H](CC1)N2CCN(C(=O)C2)c3ccccc3)c4ccccc4)c5cc(cc(c5)C(F)(F)F)C(F)(F)F,CHEMBL380408,,5.43
CC(C(=O)N1CCc2ccccc12)n3nc(C)c(c3C)[N+](=O)[O-],CHEMBL1345940,4.75,
CC(C(=O)N1CCN(CCc2ccc3C(=O)OCc3c2C)CC1)c4ccc(nc4C)n5cnnn5,CHEMBL3794533,,5.47
CC(C(=O)NC1(CCC(CC1)N2CCC(CC2)C3CCC(=O)O3)c4ccccc4)c5cc(cc(c5)C(F)(F)F)C(F)(F)F,CHEMBL3085126,,6.40
CC(C(=O)NC1(CCC(CC1)N2CCC(CC2)C3CCOC3=O)c4ccccc4)c5cc(cc(c5)C(F)(F)F)C(F)(F)F,CHEMBL3085133,,6.31
CC(C(=O)NC1(CCC(CC1)N2CCC(O)(Cc3ccccc3)CC2)c4ccccc4)c5cc(cc(c5)C(F)(F)F)C(F)(F)F,CHEMBL3085130,,6.59
CC(C(=O)NC1(CCC(CC1)N2CCC3(CC2)CCC(C)(C)O3)c4ccccc4)c5cc(cc(c5)C(F)(F)F)C(F)(F)F,CHEMBL3085132,,6.02
CC(C(=O)NC1(CCC(CC1)N2CCC3(CCOC3)CC2)c4ccccc4)c5cc(cc(c5)C(F)(F)F)C(F)(F)F,CHEMBL3085127,,6.15
CC(C(=O)Nc1ccc(Cl)cn1)n2nc(C)c(c2C)[N+](=O)[O-],CHEMBL1472322,4.80,
CC(C(=O)Nc1ccccc1C)c2cccc(c2)C(=O)c3ccccc3,CHEMBL1458143,5.10,
CC(C(=O)O)c1cccc(c1)C(=O)c2ccccc2,CHEMBL571,4.40,
CC(C(c1ccc2cc(OCC(C)(C)C(=O)N(C)C)ccc2c1)n3ccnc3)N(C)C,CHEMBL367357,5.69,
CC(C(c1ccc2cc(OCC(C)(C)C)ccc2c1)n3ccnc3)N(C)C,CHEMBL180805,6.16,
CC(C(c1ccc2cc(OCc3ccc(cc3)[N+](=O)[O-])ccc2c1)n4ccnc4)N(C)C,CHEMBL180592,6.46,
CC(C(c1ccc2cc(OCc3ccc(OC(C)(C)C)cc3)ccc2c1)n4ccnc4)N(C)C,CHEMBL181385,6.24,
CC(C(c1ccc2cc(OCc3ccc(OCC(=O)O)cc3)ccc2c1)n4ccnc4)N(C)C,CHEMBL179550,6.13,
CC(C(c1ccc2cc(OCc3cccc(c3)C(=O)O)ccc2c1)n4ccnc4)N(C)C,CHEMBL426789,5.42,
CC(C(O)c1ccc2NC(=O)CCc2c1)N3CCC(O)(CC3)c4ccc5CCOCc5c4,CHEMBL246817,,4.80
CC(C(O)c1ccc2NC(=O)CCc2c1)N3CCC(O)(CC3)c4cccc(F)c4,CHEMBL404852,,5.00
CC(C(O)c1ccc2NC(=O)COc2c1)N3CCC(O)(CC3)c4ccc(F)cc4,CHEMBL246635,,5.80
CC(C(O)c1ccc2NC(=O)N(C)Cc2c1)N3CCC(O)(CC3)c4ccc(F)cc4,CHEMBL246816,,5.51
CC(C(O)c1ccc2NC(=O)NCc2c1)N3CCC(O)(CC3)c4ccc(F)cc4,CHEMBL246815,,5.13
CC(C(O)c1ccc2NC(=O)Oc2c1)N3CCC(O)(CC3)c4ccc(F)cc4,CHEMBL246634,,5.59
CC(C(O)c1ccc2NC(=O)OCc2c1)N3CCC(O)(CC3)c4ccc(F)cc4,CHEMBL401407,,5.62
CC(C)(C#N)c1cnc(s1)N2CCN(CC2)C(=O)[C@@H]3CCCC[C@H]3C(=O)NC4(CC4)C#N,CHEMBL2070948,5.40,
CC(C)(C(=O)c1cccnc1)c2cccnc2,CHEMBL934,5.90,
CC(C)(C(=O)O)c1ccc(c(F)c1)c2ccc(cc2)C3CCCCC3,CHEMBL364738,4.23,
CC(C)(C(=O)O)c1ccc(cc1)C(O)CCCN2CCC(CC2)C(O)(c3ccccc3)c4ccccc4,CHEMBL914,,4.19
CC(C)(C(=O)O)c1ccc(CN2CCC(COC(=O)c3c4OCCCn4c5ccccc35)CC2)cc1,CHEMBL2391994,,4.16
CC(C)(C)[C@@]1(O)CCN2C[C@@H]3c4ccccc4CCc5cccc([C@@H]2C1)c35,CHEMBL1496514,4.70,
CC(C)(C)[C@@H](O)C(=O)N1C[C@@H]2C[C@@H]2[C@H]1C(=O)NCc3cc(Cl)ccc3n4cnnn4,CHEMBL3785476,4.33,
CC(C)(C)[C@@H]1COC[C@H](COC(=O)N2CCC(CO)CC2)N1S(=O)(=O)c3ccc(Cl)cc3,CHEMBL1271762,8.15,
CC(C)(C)[Si](C)(C)c1c2CN3C(=O)C=CC=C3c2nc4ccc(OCc5ccccc5)cc14,CHEMBL1453240,4.80,
CC(C)(C)[Si](C)(C)O[C@H]1C=C2CCN3Cc4cc5OCOc5cc4[C@H]([C@@H]1O)[C@@H]23,CHEMBL558873,6.59,
CC(C)(C)[Si](C)(C)OC[C@@H]1OC(C)(C)O[C@H]1[C@H](O)[C@@H](CNC(=O)c2ccccc2)c3ccc4OCOc4c3,CHEMBL574914,6.77,
CC(C)(C)[Si](OCC[C@@H]1C[C@@]1(C)[C@@H](NP(=O)(c2ccccc2)c3ccccc3)c4ccccc4)(c5ccccc5)c6ccccc6,CHEMBL1337995,4.90,
CC(C)(C)C#Cc1cnc2Oc3ccc(cc3[C@@]4(COC(=N4)N)c2c1)c5cccnc5F,CHEMBL3359760,,5.94
CC(C)(C)C(=O)C(Oc1ccc(Cl)cc1)n2cncn2,CHEMBL520897,6.10,
CC(C)(C)C(=O)CN1CCC(CNC(=O)c2cc(Cl)cc(Cl)c2)CC1,CHEMBL493061,,5.69
CC(C)(C)C(=O)N(CCN(C(=O)C(C)(C)C)c1ccccc1)c2ccccc2,CHEMBL1393271,5.15,
CC(C)(C)C(=O)N1CCC(O)(CS(=O)(=O)Cc2ccc(Cl)cc2)CC1,CHEMBL1742257,4.70,
CC(C)(C)C(=O)N1CCc2cc(ccc12)c3csc(N)n3,CHEMBL1501014,5.05,
CC(C)(C)C(=O)NC(=S)NCCc1ccccc1,CHEMBL1376134,4.60,
CC(C)(C)C(=O)NC1(C(=O)N(Cc2ccccc2)C3=C1C(=O)CC(C)(C)C3)C(F)(F)F,CHEMBL1498880,4.50,
CC(C)(C)C(=O)Nc1ccnc(n1)c2cccnc2,CHEMBL1525226,5.60,
CC(C)(C)C(=O)Nc1nnc(SCC(=O)NCc2cccs2)s1,CHEMBL1414683,4.60,
CC(C)(C)C(=O)OCOC(=O)[C@@H]1N2[C@H](SC1(C)C)[C@H](NC(=O)[C@@H](N)c3ccccc3)C2=O,CHEMBL323354,5.30,
CC(C)(C)C(F)CN1CCC(CNC(=O)c2cc(Cl)cc(Cl)c2)CC1,CHEMBL495303,,5.33
CC(C)(C)c1[nH]c2ccccc2c1C3CCCN(Cc4ccc(\C=C\C(=O)NO)cc4)C3,CHEMBL1094042,,4.87
CC(C)(C)c1[nH]c2ccccc2c1C3CCCN(Cc4ccc(\C=C\C(=O)NO)cc4Cl)C3,CHEMBL1093351,,5.00
CC(C)(C)c1cc(\C=C(\C#N)/[N+]#[C-])cc(c1O)C(C)(C)C,CHEMBL1559578,5.40,
CC(C)(C)c1cc(\C=N\n2cnnc2)cc(c1O)C(C)(C)C,CHEMBL3195855,5.60,
CC(C)(C)c1cc(C(=O)Nc2nc(CN)cs2)n(Cc3ccccc3)n1,CHEMBL1917511,,5.43
CC(C)(C)c1cc(cc(c1)C(C)(C)C)C(=O)\C=C\c2ccc(cc2)C(=O)O,CHEMBL285480,4.70,
CC(C)(C)c1cc(cc(c1)C(C)(C)C)C(=O)NC[C@@H]2CCN(C2)C(=O)CCCCC(c3ccc(F)cc3)c4ccc(F)cc4,CHEMBL2031987,,5.70
CC(C)(C)c1cc(cc(c1)C(C)(C)C)C(=O)NC[C@H]2CCN(C2)C(=O)CCCCC(c3ccc(F)cc3)c4ccc(F)cc4,CHEMBL2031986,,5.30
CC(C)(C)c1cc(cc(c1O)C(C)(C)C)C(=O)N2CCN(CCCCCC(c3ccc(F)cc3)c4ccc(F)cc4)CC2,CHEMBL2031962,,6.60
CC(C)(C)c1cc(CN2CCC(CNCCCCCC(c3ccc(F)cc3)c4ccc(F)cc4)C2)cc(c1O)C(C)(C)C,CHEMBL2031999,,8.00
CC(C)(C)c1cc(CN2CCN(CCCCCC(c3ccc(F)cc3)c4ccc(F)cc4)CC2)cc(c1)C(C)(C)C,CHEMBL2031969,,7.00
CC(C)(C)c1cc(CNCC2CCN(CCCCCC(c3ccc(F)cc3)c4ccc(F)cc4)C2)cc(c1)C(C)(C)C,CHEMBL2031985,,6.34
CC(C)(C)c1cc(CNCC2CCN(CCCCCC(c3ccc(F)cc3)c4ccc(F)cc4)C2)cc(c1O)C(C)(C)C,CHEMBL2031984,,6.06
CC(C)(C)c1cc2cccnc2n1Cc3ccccc3,CHEMBL1406406,4.80,
CC(C)(C)c1ccc(cc1)C(=O)CCCN2CCC(CC2)OC(c3ccccc3)c4ccccc4,CHEMBL305660,,5.52
CC(C)(C)c1ccc(cc1)C(=O)NCCC(=O)NCc2occc2,CHEMBL1567229,4.85,
CC(C)(C)c1ccc(cc1)c2nnc(SCc3ccc(Cl)cc3)n2c4cccc(c4)C(F)(F)F,CHEMBL1330057,5.50,
CC(C)(C)c1ccc(cc1)S(=O)(=O)N2CC3CC(C2)C4=CC=CC(=O)N4C3,CHEMBL1400113,4.85,
CC(C)(C)c1ccc(CNC(=O)c2cccc(c2)c3nn([C@@H]4CCCN(C4)C(=O)C=C)c5ncnc(N)c35)cc1,CHEMBL2179806,,5.75
CC(C)(C)c1ccc(NC(=O)N2CCN(CC2)c3ncccc3Cl)cc1,CHEMBL441472,,6.00
CC(C)(C)c1ccc(OC2C=CC(OC2CO)C#Cc3ccccc3)cc1,CHEMBL1481921,5.50,
CC(C)(C)c1ccc(SCCc2c[nH]cn2)cc1,CHEMBL1098230,6.33,
CC(C)(C)c1cccc(CN[C@H]2C[S+]([O-])C[C@@H](Cc3cc(F)c(N)c(OCC(F)(F)F)c3)[C@@H]2O)c1,CHEMBL2425611,6.52,
CC(C)(C)c1cccc(Nc2cc(N[C@@H]3CCCC[C@@H]3N)nnc2C(=O)N)n1,CHEMBL3237571,,5.90
CC(C)(C)c1cccc(Oc2nn[nH]n2)c1,CHEMBL1301792,4.65,
CC(C)(C)c1nc(SCC(=O)Nc2ccc(cc2)N3CCOCC3)c4ccccc4n1,CHEMBL1583978,6.00,
CC(C)(C)c1nc2ccccc2c3nnc(SCC(=O)Nc4nc5ccccc5s4)n13,CHEMBL1302696,5.20,
CC(C)(C)c1nnc(s1)c2nn(c3ccccc3Cl)c(c2Cn4cncn4)c5ccc(Br)cc5,CHEMBL1223259,,4.98
CC(C)(C)c1onc(NC(=O)n2ccc3cc(Oc4ncnc5CNCCc45)ccc23)c1,CHEMBL3746226,,5.16
CC(C)(C)c1onc(NC(=O)n2ccc3ccc(Oc4ncnc5CNCc45)cc23)c1,CHEMBL3808957,,4.68
CC(C)(C)c1onc(NC(=O)n2ccc3nc(Oc4ncnc5CNCc45)ccc23)c1,CHEMBL3808653,,4.59
CC(C)(C)c1onc(NC(=O)n2ncc3cc(Oc4ncnc5CNCc45)ccc23)c1,CHEMBL3810135,,5.11
CC(C)(C)CC(=O)NC(=S)N1CCCCCC1,CHEMBL1382099,4.90,
CC(C)(C)CC(C)(C)c1ccc(OCOCCOCCO)c(Cc2cc(cc(Cc3cc(ccc3OCOCCOCCO)C(C)(C)CC(C)(C)C)c2OCOCCOCCO)C(C)(C)CC(C)(C)C)c1,CHEMBL1593743,4.90,
CC(C)(C)Cc1c[nH]c(n1)C(C)(O)Cc2ccc(cc2)c3ccc(F)cn3,CHEMBL1672351,,5.23
CC(C)(C)CCc1ccc2Oc3ccc(cc3[C@@]4(COC(=N4)N)c2c1)c5cncnc5,CHEMBL3354690,,6.39
CC(C)(C)CCN1CC[C@@H](CNC(=O)c2cc(Cl)cc(Cl)c2)[C@H](F)C1,CHEMBL521833,,5.52
CC(C)(C)CCN1CCC(CNC(=O)C2(CCCCC2)c3ccc(F)cc3)CC1,CHEMBL493060,,5.44
CC(C)(C)CCN1CCC(CNC(=O)c2ccc(Cl)c(Cl)c2)CC1,CHEMBL493679,,5.98
CC(C)(C)CCN1CCC(CNC(=O)c2cccc(Cl)c2)CC1,CHEMBL493680,,5.32
CC(C)(C)CCN1CCC(CNC(=O)Cc2ccc(cc2)C(C)(C)C)CC1,CHEMBL523508,,5.99
CC(C)(C)CCN1CCC(CNC(=O)Nc2cccc(Cl)c2)(CC1)c3ccccc3,CHEMBL488294,,7.06
CC(C)(C)CCN1CCC(F)(CNC(=O)c2cc(Cl)cc(Cl)c2)CC1,CHEMBL486247,,5.65
CC(C)(C)CN([C@H]1CCNC1)C(=O)c2cccc(Cl)c2Cl,CHEMBL1080790,,4.78
CC(C)(C)CN(CC(Cc1ccccc1)NC(=O)OCc2cncs2)CC(Cc3ccccc3)NC(=O)OCc4nccs4,CHEMBL1079229,6.96,
CC(C)(C)Cn1cc(CN[C@H]2CS(=O)(=O)C[C@@H](Cc3cc(F)c(N)c(OC(C(F)(F)F)C(F)(F)F)c3)[C@@H]2O)cn1,CHEMBL2048062,5.17,
CC(C)(C)COc1ccc2Oc3ccc(cc3[C@@]4(COC(=N4)N)c2c1)c5cccnc5,CHEMBL3354704,,6.10
CC(C)(C)COc1ccc2Oc3ccc(cc3[C@@]4(COC(=N4)N)c2c1)c5ccncc5,CHEMBL3354703,,6.21
CC(C)(C)COc1ccc2Oc3ccc(cc3[C@@]4(COC(=N4)N)c2c1)c5cncc(c5)C#N,CHEMBL3354706,,6.84
CC(C)(C)COc1cnc2Oc3ccc(cc3[C@@]4(COC(=N4)N)c2c1)c5cccnc5F,CHEMBL3359749,,5.53
CC(C)(C)N(NC(=O)c1ccccc1)C(=O)c2cccc(c2)C(=O)N(NC(=O)c3ccccc3)C(C)(C)C,CHEMBL1548325,5.40,
CC(C)(C)N(NC(=O)Nc1ccc(Cl)c(Cl)c1)C(=O)c2ccccc2,CHEMBL1302492,4.85,
CC(C)(C)N=C(S)Nc1ccc(Nc2ccccc2)cc1,CHEMBL1408323,4.95,
CC(C)(C)N1C(=O)[C@H]2CC[C@H]3[C@H]([C@H](O)[C@H](O)C/C/3=N/OC[C@@H](O)COCc4occc4)[C@@H]2C1=O,CHEMBL1592852,5.40,
CC(C)(C)n1cc2OC3(CCN(CC3)C(=O)c4ccc5[nH]ncc5c4)CC(=O)c2n1,CHEMBL2419601,,4.47
CC(C)(C)N1CCC(CC1)(c2ccccc2)c3ccccc3,CHEMBL334491,,6.07
CC(C)(C)n1nc(cc1NC(=O)Nc2ccc(Cl)cc2)C3CC3,CHEMBL1479036,5.40,
CC(C)(C)n1nc2C[S+]([O-])Cc2c1NC(=O)c3ccc(cc3)S(=O)(=O)N4CCCCC4,CHEMBL1333414,4.85,
CC(C)(C)n1ncc2CC3(CCN(CC3)C(=O)c4ccc5[nH]ncc5c4)CC(=O)c12,CHEMBL3359261,,4.68
CC(C)(C)n1nnc2CC(CCc12)n3cnc(n3)c4ccc(F)cc4,CHEMBL3736345,,5.20
CC(C)(C)NC(=O)[C@@H]1C[C@@H]2CCCC[C@@H]2CN1C[C@@H](O)[C@H](Cc3ccccc3)NC(=O)[C@H](CC(=O)N)NC(=O)c4ccc5ccccc5n4,CHEMBL114,6.19,
CC(C)(C)NC(=O)[C@@H]1C[C@@H]2CCCC[C@@H]2CN1C[C@@H](O)[C@H](Cc3ccccc3)NC(=O)[C@H](CC(=O)N)NC(=O)c4ccc5ccccc5n4.CS(=O)(=O)O,CHEMBL282042,5.40,
CC(C)(C)NC(=O)[C@@H]1CC[C@@H]2[C@@H]3CC[C@@H]4NC(=O)C=C[C@@]4(C)[C@H]3CC[C@@]12C,CHEMBL1358708,4.90,
CC(C)(C)NC(=O)[C@@H]1CN(Cc2cccnc2)CCN1C[C@@H](O)C[C@@H](Cc3ccccc3)C(=O)N[C@@H]4[C@H](O)Cc5ccccc45,CHEMBL115,6.32,
CC(C)(C)NC(=O)[C@@H]1CN(Cc2cnc3occc3c2)CCN1C[C@@H](O)C[C@@H](Cc4ccccc4)C(=O)N[C@@H]5[C@H](O)Cc6ccccc56,CHEMBL2062137,5.13,
CC(C)(C)NC(=O)C(Cc1ccccc1)NS(=O)(=O)c2ccc3NC(=O)CCc3c2,CHEMBL1340386,5.50,
CC(C)(C)NC(=O)C(N(C(=O)C1CSC(=O)C1)c2ccc(F)cc2)c3ccccn3,CHEMBL1424325,6.10,
CC(C)(C)NC(=O)c1c[nH]c2ncc(nc12)c3ncn4CCCCc34,CHEMBL2347996,,5.39
CC(C)(C)NC(=O)c1c[nH]c2ncc(nc12)c3nn(CCCS(=O)(=O)C)c4ccc(OC(F)F)cc34,CHEMBL2347420,,6.37
CC(C)(C)NC(=O)C1N(Cc2ccccc2c3ccccc3)C(=O)c4cc(NS(=O)(=O)C)ccc14,CHEMBL3787036,,4.82
CC(C)(C)NC(=O)C1N(Cc2ccccc2c3ccccc3)C(=O)c4cccc(O)c14,CHEMBL3787356,,4.55
CC(C)(C)NC(=O)CN(Cc1cccs1)C(=O)CCC(=O)Nc2nccs2,CHEMBL1741345,5.35,
CC(C)(C)NC(=O)Cn1nnc(n1)c2ccccc2NC(=O)c3cnccn3,CHEMBL1741436,5.40,
CC(C)(C)NC(=O)CSc1nnc(Cc2ccc3OCOc3c2)n1C4CCCCC4,CHEMBL1363587,6.35,
CC(C)(C)NC(=O)n1nc(NCC(=O)NC2CN(C2)[C@@H]3CC[C@@H](CC3)c4ccc5OCOc5c4)c6cc(ccc16)C(F)(F)F,CHEMBL1834717,,5.33
CC(C)(C)NC(=O)NCCN1CC(C1)NC(=O)c2cc(Cl)cc(Cl)c2,CHEMBL2337977,,4.89
CC(C)(C)NC(=O)NCCN1CCC(C1)NC(=O)c2cc(Cl)cc(Cl)c2,CHEMBL2337978,,5.18
CC(C)(C)NC(=O)NCCN1CCC(CNC(=O)c2cc(Cl)cc(Cl)c2)CC1,CHEMBL2338406,,4.89
CC(C)(C)NC(=O)NCCN1CCCC(CNC(=O)c2cc(Cl)cc(Cl)c2)C1,CHEMBL2338407,,5.28
CC(C)(C)NCCCc1cc(nc(n1)C#N)c2cccc(c2)C(F)(F)F,CHEMBL1084402,,5.96
CC(C)(C)NS(=O)(=O)c1ccc(NC(=O)C(Sc2ccccc2)c3ccccc3)cc1,CHEMBL1410009,4.85,
CC(C)(C)OC(=O)C1=C(N)Oc2ccc(Br)cc2C13C(=O)NC4=C3C(=O)CC(C)(C)C4,CHEMBL1400546,5.50,
CC(C)(C)OC(=O)N[C@H](Cc1c(F)ccc(F)c1F)C(=O)NCc2nc3cccnc3n2C4(CC4)c5ccccc5,CHEMBL252836,5.41,
CC(C)(C)OC(=O)N[C@H](Cc1c(F)cccc1C(F)(F)F)C(=O)NCc2nc3cccnc3n2C4(CC4)c5ccccc5,CHEMBL400846,5.47,
CC(C)(C)OC(=O)N[C@H](Cc1c(F)cccc1Cl)C(=O)NCc2nc3cccnc3n2C4(CC4)c5ccccc5,CHEMBL400845,5.28,
CC(C)(C)OC(=O)N[C@H](Cc1c(F)cccc1F)C(=O)NCc2nc3cccnc3n2C4(CC4)c5ccccc5,CHEMBL400642,5.22,
CC(C)(C)OC(=O)N[C@H](Cc1cccc(F)c1F)C(=O)NCc2nc3cccnc3n2C4(CC4)c5ccccc5,CHEMBL252636,5.34,
CC(C)(C)OC(=O)N[C@H](Cc1ccccc1)C(=O)NCc2nc3cccnc3n2C4(CC4)c5ccccc5,CHEMBL252239,5.22,
CC(C)(C)OC(=O)N[C@H](Cc1ccccc1C(F)(F)F)C(=O)NCc2nc3cccnc3n2C4(CC4)c5ccccc5,CHEMBL254918,6.09,
CC(C)(C)OC(=O)N[C@H](Cc1ccccc1C(F)(F)F)C(=O)NCc2nc3cccnc3n2CC(F)(F)C(F)(F)F,CHEMBL252632,6.01,
CC(C)(C)OC(=O)N[C@H](Cc1ccccc1OC(F)(F)F)C(=O)NCc2nc3cccnc3n2C4(CC4)c5ccccc5,CHEMBL253660,5.89,
CC(C)(C)OC(=O)N[C@H](CSCCC(=O)NCc1cccnc1)Cc2c[nH]c3ccccc23,CHEMBL3814877,6.30,
CC(C)(C)OC(=O)N1CC(C1)N2C(C(=O)NCc3ccc(OC(F)(F)F)cc3)c4ccccc4C2=O,CHEMBL2164375,,4.96
CC(C)(C)OC(=O)N1CCCC1C(=O)NCCc2ccccc2,CHEMBL1742347,4.60,
CC(C)(C)OC(=O)NC[C@@H]1CC[C@@H](CNC(=O)c2cc(nc3ccccc23)c4cccc(CN)c4)CC1,CHEMBL1818291,5.62,
CC(C)(C)OC(=O)NCCCN(Cc1cncn1Cc2ccc(cc2)C#N)[C@H]3CCN(Cc4ccccc4)C3=O,CHEMBL98553,,6.96
CC(C)(C)OC[C@H]1N(CCNC1=O)C(=O)C[C@H](N)Cc2cc(F)c(F)cc2F,CHEMBL1779710,,4.10
CC(C)(C)S(=O)(=O)C[C@H](C1CC1)N2[C@@H]([C@H](C[C@](C)(CC(=O)N)C2=O)c3cccc(Cl)c3)c4ccc(Cl)cc4,CHEMBL3236364,5.92,
CC(C)(C)S(=O)(=O)C[C@H](C1CC1)N2[C@@H]([C@H](C[C@](C)(CC(=O)O)C2=O)c3cccc(Cl)c3)c4ccc(Cl)c(F)c4,CHEMBL3407554,9.99,
CC(C)(C)S(=O)(=O)C[C@H](C1CC1)N2[C@@H]([C@H](C[C@](C)(CC(=O)O)C2=O)c3cccc(Cl)c3)c4ccc(Cl)cc4,CHEMBL3125537,10.02,
CC(C)(C)S(=O)(=O)C[C@H](C1CC1)N2[C@@H]([C@H](C[C@](C)(Cc3ccccn3)C2=O)c4cccc(Cl)c4)c5ccc(Cl)cc5,CHEMBL3236637,6.16,
CC(C)(C)S(=O)(=O)C[C@H](C1CC1)N2[C@@H]([C@H](C[C@](C)(Cc3ncc(s3)C(=O)CO)C2=O)c4cccc(Cl)c4)c5ccc(Cl)cc5,CHEMBL3236654,6.10,
CC(C)(C)Sc1c(CC(C)(C)C(=O)O)n(Cc2ccc(cc2)c3cccnc3)c4ccc(OCc5ccccn5)cc14,CHEMBL538632,8.33,
CC(C)(C)Sc1c(CC(C)(C)C(=O)O)n(Cc2ccc(cc2)c3nccs3)c4ccc(OCc5ccccn5)cc14,CHEMBL539650,8.85,
CC(C)(c1ccc(O)cc1)c2ccc(O)cc2,CHEMBL418971,4.60,
CC(C)(c1ccccc1)c2ccc(O)cc2,CHEMBL194805,4.70,
CC(C)(C1CCN(CC1)C(=O)c2ccc(cc2OC(F)(F)F)S(=O)(=O)C)S(=O)(=O)c3cccc(c3)C(F)(F)F,CHEMBL3092197,5.00,
CC(C)(CC(=O)N1CCN(CC1)c2ccc(Cl)cc2)CC3=NS(=O)(=O)c4ccccc4N3,CHEMBL1448655,5.60,
CC(C)(CC(O)(Cc1cc2cc(ncc2[nH]1)N3CCOCC3)C(F)(F)F)c4cccc(c4)C(=O)N,CHEMBL3358939,5.70,
CC(C)(CC(O)(Cc1cc2cc(ncc2[nH]1)N3CCOCC3)C(F)(F)F)c4cccc(c4)S(=O)(=O)C,CHEMBL3358940,6.16,
CC(C)(CC(O)(Cc1cc2cc(ncc2[nH]1)N3CCOCC3)C(F)(F)F)c4cccc(F)c4,CHEMBL3358933,7.00,
CC(C)(CC(O)(Cc1cc2cc(ncc2[nH]1)N3CCOCC3)C(F)(F)F)c4ccccc4C(=O)N,CHEMBL3352882,5.52,
CC(C)(CC(O)(Cc1cc2cc(ncc2[nH]1)S(=O)(=O)C)C(F)(F)F)c3cccc4CCS(=O)(=O)c34,CHEMBL3358952,5.70,
CC(C)(CC(O)(Cc1cc2cc(ncc2[nH]1)S(=O)(=O)C)C(F)(F)F)c3ccccc3S(=O)(=O)N,CHEMBL3358945,4.82,
CC(C)(Cc1ccc2ccccc2c1)NC[C@@H](O)COc3ccc(CCC(=O)O)cc3C#N,CHEMBL570593,,7.49
CC(C)(Cc1ccc2ccccc2c1)NC[C@@H](O)COc3ccccc3C#N,CHEMBL382741,,8.50
CC(C)(Cc1ccccc1)NC(=O)C=C,CHEMBL1509341,4.80,
CC(C)(CN)C(=O)N1CC(=C[C@H]1c2ccccc2)c3cc(F)ccc3F,CHEMBL203045,,5.66
CC(C)(CN)SCc1ccccc1,CHEMBL227298,5.30,
CC(C)(CNC(=O)c1ccc(c(Cl)c1)[N+](=O)[O-])CNC(=O)c2ccc(c(Cl)c2)[N+](=O)[O-],CHEMBL1541518,5.05,
CC(C)(CO)c1cccc(CN[C@H]2CS(=O)(=O)C[C@@H](Cc3cc(F)c(N)c(OC(C(F)(F)F)C(F)(F)F)c3)[C@@H]2O)c1,CHEMBL2048059,6.10,
CC(C)(CO)N1CCN(CC1)C(=O)OC[C@H]2COC[C@H](N2S(=O)(=O)c3ccc(Cl)cc3)C4(C)CC4,CHEMBL1271822,9.30,
CC(C)(CO)N1CCN(CC1)C(=O)OC2(CC2)[C@H]3C[C@@H](O)C[C@@H](C4CC4)N3S(=O)(=O)c5ccc(Cl)cc5,CHEMBL399507,4.71,
CC(C)(F)CN1CCC(CC1)N(c2ccc(cc2)C(F)(F)F)c3cccnc3,CHEMBL3137482,4.80,
CC(C)(F)COc1ccc2Oc3ccc(cc3[C@@]4(COC(=N4)N)c2c1)c5cncnc5,CHEMBL3354699,,5.30
CC(C)(N)C(=O)N1CCn2c(C1)nc(c2Nc3ccc(F)c(F)c3)c4ccc(F)cc4,CHEMBL1800774,,5.32
CC(C)(N)C(=O)N1CCn2c(Nc3ccc(F)cc3)c(nc2C1(C)C)c4ccc(F)cc4,CHEMBL2058837,,4.66
CC(C)(N1[C@@H]2CC[C@H]1C[C@@H](C2)Oc3cccc(c3)C(=O)N)c4ccccc4,CHEMBL1258846,,8.33
CC(C)(N1CCN(C[C@@H](O)C[C@@H](Cc2ccccc2)C(=O)N[C@@H]3[C@H](O)COc4ccccc34)[C@@H](C1)C(=O)NCC(F)(F)F)c5oc(cn5)c6cccnc6,CHEMBL3706613,6.96,
CC(C)(N1CCN(C[C@@H](O)C[C@@H](Cc2ccccc2)C(=O)N[C@@H]3[C@H](O)COc4ccccc34)[C@@H](C1)C(=O)NCC(F)(F)F)c5oc(cn5)c6cnccc6Cl,CHEMBL3706622,7.40,
CC(C)(N1CCN(Cc2cc3nc(nc(N4CCOCC4)c3s2)c5c(F)cc(F)c6[nH]ccc56)CC1)C(=O)N,CHEMBL2165508,6.22,
CC(C)(N1CCN(Cc2cc3nc(nc(N4CCOCC4)c3s2)c5cncc6[nH]ccc56)CC1)C(=O)N,CHEMBL2165512,5.50,
CC(C)(NCCCc1cc(nc(n1)C#N)c2cccc(c2)C(F)(F)F)C(=O)N,CHEMBL1270269,4.46,5.50
CC(C)(O)[C@@]1(CC[C@H](C1)N2CCC(CC2)c3cc(Cl)ncn3)C(=O)NCc4cc(cc(c4)C(F)(F)F)C(F)(F)F,CHEMBL401608,,6.73
CC(C)(O)[C@@]1(CC[C@H](C1)N2CCC(CC2)c3ccc(F)cc3)C(=O)NCc4cc(cc(c4)C(F)(F)F)C(F)(F)F,CHEMBL428602,,7.27
CC(C)(O)[C@@]1(CC[C@H](C1)N2CCC(CC2)c3cncnc3)C(=O)NCc4cc(cc(c4)C(F)(F)F)C(F)(F)F,CHEMBL429849,,6.07
CC(C)(O)[C@@H]1C2OC(=O)[C@@H]1[C@]3(O)C[C@H]4O[C@]45C(=O)O[C@H]2[C@]35C,CHEMBL2373280,4.50,
CC(C)(O)[C@H]1O[C@@H]2CC[C@@]3(C)[C@](O)(CC[C@H]4Cc5c([nH]c6ccccc56)[C@]34C)C2=CC1=O,CHEMBL1372110,4.80,
CC(C)(O)C#Cc1ccc(s1)C(=O)NCc2cccs2,CHEMBL1583320,4.55,
CC(C)(O)C#Cc1ccc2Oc3ccc(cc3[C@@]4(COC(=N4)N)c2c1)c5cncnc5,CHEMBL3354691,,4.85
CC(C)(O)C(=O)c1oc2nc(c3ccccc3Cl)c(cc2c1NC(=O)CO)c4ccc(Cl)cc4,CHEMBL1092169,,5.18
CC(C)(O)c1ccc(c[n+]1[O-])C#Cc2cccc(c2)N3C=C(C(=O)NC4CC4)C(=O)c5cccnc35,CHEMBL520463,,4.05
CC(C)(O)c1ccc(c[n+]1[O-])c2cccc(c2)N3C=C(C(=O)NC4CC4)C(=O)c5cccnc35,CHEMBL485620,,4.30
CC(C)(O)c1ccc(cn1)C(CC2=CCC(=O)N=C2)c3ccc(OC(F)F)c(OC4CC4)c3,CHEMBL81491,,4.25
CC(C)(O)c1ccc(cn1)C(Cc2cc[n+]([O-])cc2)c3ccc(OC(F)F)c(OC(F)F)c3,CHEMBL417776,,4.60
CC(C)(O)c1ccc(cn1)C(Cc2cc[n+]([O-])cc2)c3ccc(OC(F)F)c(OC4CCC4)c3,CHEMBL78806,,4.60
CC(C)(O)c1ccc(cn1)C(Cc2ccc[n+]([O-])c2)c3ccc(OC(F)F)c(OC4CC4)c3,CHEMBL78439,,4.35
CC(C)(O)c1ccc(cn1)c2cccc(c2)N3C=C(C(=O)NC4CC4)C(=O)c5cccnc35,CHEMBL520502,,4.44
CC(C)(O)c1ccc(cn1)c2nc(oc2Sc3ccc(Cl)cn3)c4ccc(F)cc4,CHEMBL1812717,,5.90
CC(C)(O)c1cccc(CN[C@H]2CS(=O)(=O)C[C@@H](Cc3cc(F)c(N)c(OC(C(F)(F)F)C(F)(F)F)c3)[C@@H]2O)c1,CHEMBL2048058,5.68,
CC(C)(O)c1cnc(cn1)c2nn(cc2Sc3ccc(Cl)cc3)c4ccc(F)cc4,CHEMBL3287930,,6.13
CC(C)(O)c1nc2cc(Cl)ccc2n1[C@@H]3CC[C@@H](CC3)NC[C@H]4Cc5ccc(cc5C4)C#N,CHEMBL2403861,,7.22
CC(C)(O)c1ncc(s1)C(Cc2cc[n+]([O-])cc2)c3ccc(OC(F)F)c(OC4CCC4)c3,CHEMBL310303,,4.23
CC(C)(O)CCOc1ccc2ncc(F)c(CCC34CCC(CC3)(CO4)NCc5ccc6OCC(=O)Nc6n5)c2n1,CHEMBL3605125,,5.16
CC(C)(Oc1ccc(Cl)cc1)C(=O)Nc2cccnc2,CHEMBL1702111,4.75,
CC(C)(Sc1ccc(CCN(CCCCC2CCCCC2)C(=O)NC3CCCCC3)cc1)C(=O)O,CHEMBL21241,5.40,
CC(C)[C@@]1(CC[C@H](C1)N2CCC(CC2)c3cccc(F)c3)C(=O)NCc4cc(cc(c4)C(F)(F)F)C(F)(F)F,CHEMBL258246,,7.35
CC(C)[C@@]1(CC[C@H](C1)N2CCC(CC2)c3cccnc3)C(=O)NCc4cc(cc(c4)C(F)(F)F)C(F)(F)F,CHEMBL255513,,6.65
CC(C)[C@@]1(CC[C@H](C1)N2CCC(CC2)c3cncnc3)C(=O)NCc4cc(cc(c4)C(F)(F)F)C(F)(F)F,CHEMBL256154,,5.75
CC(C)[C@@]1(CC[C@H](C1)NC2C3CCCC2COC3)C(=O)N4CCN(CC4)c5cc(ccn5)C(F)(F)F,CHEMBL1782376,,5.89
CC(C)[C@@]1(NC(=O)[C@@H]2C[C@@H]3[C@H](Cc4c[nH]c5cccc3c45)N(C)C2)O[C@@]6(O)[C@H]7CCCN7C(=O)[C@H](Cc8ccccc8)N6C1=O,CHEMBL1513556,6.40,
CC(C)[C@@]1(NC(=O)[C@@H]2C[C@@H]3[C@H](Cc4c[nH]c5cccc3c45)N(C)C2)O[C@]6(O)[C@H]7CCCN7C(=O)[C@H](Cc8ccccc8)N6C1=O.CS(=O)(=O)O,CHEMBL1359351,5.80,
CC(C)[C@@H](CN1CC[C@](C)([C@@H](C)C1)c2cccc(F)c2)NC(=O)[C@H]3Cc4ccc(O)cc4CN3,CHEMBL3613446,,5.20
CC(C)[C@@H](CN1CC[C@](C)([C@@H](C)C1)c2cccc(O)c2)NC(=O)[C@H]3Cc4ccc(O)cc4CN3,CHEMBL415247,,5.06
CC(C)[C@@H](CN1CCC(C)(CC1)c2cccc(F)c2)NC(=O)[C@H]3Cc4ccc(O)cc4CN3,CHEMBL3613448,,5.37
CC(C)[C@@H](CN1CCC(CC1)c2ccccc2)NC(=O)[C@H]3Cc4ccc(O)cc4CN3,CHEMBL3613444,,6.11
CC(C)[C@@H](NC(=O)c1ccccc1)C(=O)N2CCC(CC2)c3ccc(Cl)cc3,CHEMBL2180528,,5.16
CC(C)[C@@H](Oc1ccc(CNC(=O)[C@@H]2CCCN2C(=O)CC(N)Cc3cc(F)ccc3F)cc1)C(=O)O.OC(=O)C(F)(F)F,CHEMBL364102,,4.12
CC(C)[C@@H](OCc1ccccc1)[C@H](C)\C=N/O[C@H]2C=C[C@@H](CC=C)O[C@H]2CO,CHEMBL1513966,5.40,
CC(C)[C@@H](OCc1ccccc1)[C@H](C)CO\N=C(/C)\CCN2CCc3nc(c4ccccc4)c(cc3C2)c5ccccc5,CHEMBL1532023,5.40,
CC(C)[C@@H](OCc1ccccc1)[C@H](C)CO\N=C(/C)\CCN2CCCc3nc(C)c(C)cc23,CHEMBL1554609,5.50,
CC(C)[C@@H]1CCC[C@H](COC(=O)N2CCN(CCO)CC2)N1S(=O)(=O)c3ccc(Cl)cc3,CHEMBL248880,6.52,
CC(C)[C@@H]1CCN(CCCOc2ccc(cc2)n3c(nc4cc(F)ccc34)c5ccccn5)C1,CHEMBL521566,,7.59
CC(C)[C@@H]1COC[C@@H](N1S(=O)(=O)c2ccc(Cl)cc2)C3(CC3)OC(=O)N4CC[C@@H](O)C4,CHEMBL1271600,7.87,
CC(C)[C@@H]1COC[C@@H](N1S(=O)(=O)c2ccc(Cl)cc2)C3(CC3)OC(=O)N4CC5CCC(C4)N5,CHEMBL1271544,9.30,
CC(C)[C@@H]1COC[C@@H](N1S(=O)(=O)c2ccc(Cl)cc2)C3(CC3)OC(=O)N4CC5CNCC5C4,CHEMBL1271652,8.19,
CC(C)[C@@H]1N2C(=O)[C@](NC(=O)[C@H]3CN(C)[C@@H]4Cc5c[nH]c6cccc(C4=C3)c56)(O[C@@]2(O)[C@@H]7CCCN7C1=O)C(C)C,CHEMBL1385840,6.30,
CC(C)[C@](C)(NCc1ccc2ncccc2c1)c3cn(nn3)C(CCS(=O)(=O)C)C(=O)COc4c(F)c(F)cc(F)c4F,CHEMBL3628591,5.92,
CC(C)[C@]1(NC(=O)[C@H]2CN(C)[C@@H]3Cc4c[nH]c5cccc(C3=C2)c45)O[C@@]6(O)[C@H]7CCCN7C(=O)[C@H](Cc8ccccc8)N6C1=O,CHEMBL1433680,6.00,
CC(C)[C@H](CO)Nc1nc(Nc2cccc(Cl)c2)c3ncn(C(C)C)c3n1,CHEMBL23327,4.90,
CC(C)[C@H](N)C(=O)N1CC(=C[C@H]1c2cccc(O)c2)c3cc(F)ccc3F,CHEMBL381526,,5.07
CC(C)[C@H](N)C(=O)N1CC(=C[C@H]1c2ccccc2)c3cc(F)ccc3F,CHEMBL379690,,5.62
CC(C)[C@H](N)c1cc(C)ccc1N2CCN(CC2)C(=O)[C@H](C)Cc3ccc(Cl)cc3,CHEMBL401250,5.08,
CC(C)[C@H](N)COc1c(C)cccc1C,CHEMBL474672,4.70,
CC(C)[C@H](N1CCCNC1=O)C(=O)N[C@H](C[C@H](O)[C@H](Cc2ccccc2)NC(=O)COc3c(C)cccc3C)Cc4ccccc4,CHEMBL729,6.00,5.07
CC(C)[C@H](NC(=O)c1ccc2[nH]nc(c3ccc(cc3)N4C5CCC4COC5)c2c1)c6ccccc6Cl,CHEMBL3422083,7.22,
CC(C)[C@H](NC(=O)CCN(C)C)c1cc(C)ccc1N2CCN(CC2)C(=O)[C@H](C)Cc3ccc(Cl)cc3C,CHEMBL240572,5.17,
CC(C)[C@H](NC(=O)CCN)c1cc(C)ccc1N2CCN(CC2)C(=O)[C@H](C)Cc3ccc(Cl)cc3,CHEMBL240364,5.00,
CC(C)[C@H](NC(=O)N(C)Cc1csc(n1)C(C)C)C(=O)N(C)[C@H](CC[C@H](Cc2ccccc2)NC(=O)OCc3cncs3)Cc4ccccc4,CHEMBL3114740,6.39,
CC(C)[C@H](NC(=O)N(C)Cc1csc(n1)C(C)C)C(=O)N[C@@H](CC[C@@H](Cc2ccccc2)NC(=O)OCc3cncs3)Cc4ccccc4,CHEMBL3114722,6.85,
CC(C)[C@H](NC(=O)N(C)Cc1csc(n1)C(C)C)C(=O)N[C@@H](Cc2ccccc2)[C@H]3OC(C)(C)O[C@@H]3[C@H](Cc4ccccc4)NC(=O)OCc5cncs5,CHEMBL3114721,6.51,
CC(C)[C@H](NC(=O)N(C)Cc1csc(n1)C(C)C)C(=O)N[C@H](CC[C@H](Cc2ccccc2)NC(=O)OCc3cccnc3)Cc4ccccc4,CHEMBL2347183,6.89,
CC(C)[C@H](NC(=O)N(C)Cc1csc(n1)C(C)C)C(=O)N[C@H](CC[C@H](Cc2ccccc2)NC(=O)OCc3cncs3)Cc4ccccc4,CHEMBL3114713,6.89,
CC(C)[C@H](NC(=O)N(C)Cc1csc(n1)C(C)C)C(=O)N[C@H](CC[C@H](Cc2ccccc2)NC(=O)OCc3ocnc3)Cc4ccccc4,CHEMBL2347184,5.47,
CC(C)[C@H](NC(=O)N(C)Cc1csc(n1)C(C)C)C(=O)N[C@H](CCN(Cc2ccccc2)NC(=O)OCc3cncs3)Cc4ccccc4,CHEMBL3114726,6.52,
CC(C)[C@H](NC(=O)N(C)Cc1csc(n1)C(C)C)C(=O)NCCCCNC(=O)OCc2cncs2,CHEMBL3114723,6.06,
CC(C)[C@H](NC(=O)N(C)Cc1csc(n1)C(C)C)C(=O)NCCCNC(=O)OCc2cncs2,CHEMBL3114727,5.90,
CC(C)[C@H](NC(=O)N(Cc1csc(n1)C(C)C)C2CC2)C(=O)N[C@H](CC[C@H](Cc3ccccc3)NC(=O)OCc4cncs4)Cc5ccccc5,CHEMBL3115161,6.68,
CC(C)[C@H](NC(=O)OCc1ccccc1)C(=O)N[C@@H](Cc2ccccc2)C=O,CHEMBL286722,5.20,
CC(C)[C@H](NC(=O)OCc1csc(n1)C(C)C)C(=O)N[C@@H](Cc2ccccc2)[C@H](O)CN3CCN(Cc4ccc5OCOc5c4)C[C@H]3C(=O)NC(C)(C)C,CHEMBL116772,5.02,
CC(C)[C@H](NC(=O)OCc1csc(n1)C(C)C)C(=O)N[C@@H](Cc2ccccc2)[C@H](O)CN3CCN(Cc4cccc5COCc45)C[C@H]3C(=O)NC(C)(C)C,CHEMBL3706711,4.92,
CC(C)[C@H](Oc1ccc(CNC(=O)[C@@H]2CCCN2C(=O)C[C@H](N)Cc3cc(F)ccc3F)cc1)C(=O)O.OC(=O)C(F)(F)F,CHEMBL445949,,4.12
CC(C)[C@H]1c2ccc(F)cc2CC[C@]1(O)CCN(C)CCCc3nc4ccccc4[nH]3,CHEMBL3526662,6.09,
CC(C)[C@H]1N(CCn2c(Nc3ccc(F)c(Cl)c3)c(nc12)c4ccc(F)cc4)C(=O)CN,CHEMBL2058831,,4.87
CC(C)[C@H]1NC(=O)[C@@H](NC(=O)C2=C(N)C(=O)C(=C3Oc4c(C)ccc(C(=O)N[C@H]5[C@@H](C)OC(=O)[C@H](C(C)C)N(C)C(=O)CN(C)C(=O)[C@@H]6CCCN6C(=O)[C@H](NC5=O)C(C)C)c4N=C23)C)[C@@H](C)OC(=O)[C@H](C(C)C)N(C)C(=O)CN(C)C(=O)[C@@H]7CCCN7C1=O,CHEMBL1554,4.70,
CC(C)[N+](C)(CCOC(=O)C1c2ccccc2Oc3ccccc13)C(C)C,CHEMBL1180725,4.80,
CC(C)\C(=C\1/C2[C@](C)(C(O)C(O)[C@@]34OC5(C)O[C@]23C(O)[C@]6(O)C(O)C7(C)CC6(O5)[C@]4(C)C7CC(=O)O)C(OC1=O)c8cocc8)\O,CHEMBL1591729,4.90,
CC(C)\C=C\C\C(=C\COc1ccc2C=CC(=O)Oc2c1)\C,CHEMBL241896,4.37,
CC(C)\N=C\1/SC=C(N1\N=C\c2ccc(O)c(O)c2)c3occc3,CHEMBL1991234,4.90,
CC(C)C(=O)N(Cc1ccc(Cl)cc1Cl)[C@H]2CCNC2,CHEMBL513139,,4.40
CC(C)C(=O)N(Cc1cccc(Cl)c1Cl)[C@H]2CCNC2,CHEMBL476954,4.75,4.61
CC(C)C(=O)N(Cc1ccccc1c2ccccc2)[C@H]3CCNC3,CHEMBL476116,,5.52
CC(C)C(=O)N1CCc2c(C1)nc(C)n2[C@H]3C[C@H]4CC[C@@H](C3)N4CC[C@H](NC(=O)C)c5cccc(F)c5,CHEMBL1649931,,4.92
CC(C)C(=O)N1CCN(CC1)c2ccccc2NC(=O)c3cccc(Cl)c3,CHEMBL1460996,4.90,
CC(C)C(=O)NC1CCc2cc(CCN3CCN(CC3)c4nsc5ccccc45)ccc12,CHEMBL398525,,6.66
CC(C)C(=O)Nc1cccc(c1)\C(=N\NC(=O)c2ccc(Cl)cc2)\C,CHEMBL3196801,4.80,
CC(C)C(=O)Nc1sc2CCCCc2c1c3nc4ccccc4[nH]3,CHEMBL1424121,4.95,
CC(C)C(=O)NCCc1nc2ccccc2n1CCCOc3ccc(Cl)cc3,CHEMBL1517696,4.95,
CC(C)C(=O)NCCn1ccc2ccccc12,CHEMBL1331137,4.90,
CC(C)C(C)\C=C\C(C)C1CCC2\C(=C\C=C\3/CC(O)CCC3=C)\CCCC12C,CHEMBL1365846,4.50,
CC(C)C(C)\C=C\C(C)C1CCC2C3=CCC4CC(=O)CC[C@@]4(C)C3CC[C@@]12C,CHEMBL1514671,4.60,
CC(C)C(C)NC(=O)CSc1nnc(c2cc(nc3ccccc23)c4ccc(C)cc4)n1N,CHEMBL1331952,4.85,
CC(C)C(CC(=O)NCCC1=CCCCC1)NS(=O)(=O)c2ccc(NC(=O)C)cc2,CHEMBL1741451,4.80,
CC(C)C(CC(=O)NCCCN1CCOCC1)NS(=O)(=O)c2ccc(NC(=O)C)cc2,CHEMBL1423804,4.50,
CC(C)C(CCCN(C)CCCc1nc2ccccc2[nH]1)(C(=O)O)c3ccc(Br)cc3,CHEMBL3115192,,5.63
CC(C)C(CCNC(=O)CC(Cc1ccccc1)c2occc2)c3occc3,CHEMBL1299856,4.40,
CC(C)C(N1CCOCC1)C(O)(c2cccnc2)c3cccnc3,CHEMBL1091879,,4.13
CC(C)C(NC(=O)C1CCC(C)CC1)C(=O)N2CCC(CC2)N3CCCCC3,CHEMBL1741541,4.85,
CC(C)C(NC(=O)C1CCCCC1)C(=O)NCc2ccccn2,CHEMBL1741811,4.80,
CC(C)C(NC(=O)OC(C)(C)C)C(=O)N1CCCC1C(=O)NC(Cc2ccccc2)C(=O)N,CHEMBL1452932,4.80,
CC(C)C(NS(=O)(=O)c1cccs1)C(=O)Nc2nc(cs2)C(C)(C)C,CHEMBL1305576,5.00,
CC(C)C(O)(c1ccc(cc1)c2cccc(NC(=O)C)c2)c3c[nH]cn3,CHEMBL1766176,5.15,
CC(C)C(O)(c1ccc2cc(ccc2c1)C(=O)C)c3c[nH]cn3,CHEMBL1682888,5.85,
CC(C)C(O)(c1ccc2cc(ccc2c1)c3cccs3)c4c[nH]nn4,CHEMBL3259868,4.09,
CC(C)C(O)(c1ccc2cc(OCC(F)(F)F)c(OCC(F)(F)F)cc2c1)c3c[nH]nn3,CHEMBL3264606,4.60,
CC(C)C(O)(c1cccc(c1)c2ccccc2)c3c[nH]cn3,CHEMBL1766169,5.92,
CC(C)C[C@@H](N)C(=O)O[C@H](C)COc1cn2ncnc(Oc3ccc4[nH]c(C)cc4c3F)c2c1C,CHEMBL408443,6.43,
CC(C)C[C@@H](NC(=O)[C@@H](NS(=O)(=O)c1ccc(F)cc1)C(C)C)C=O,CHEMBL168471,4.09,
CC(C)C[C@@H](NC(=O)c1ccc2[nH]nc(c3ccc(cc3)N4[C@H]5CC[C@H]4CC(O)C5)c2c1)c6ccccn6,CHEMBL3422098,6.54,
CC(C)C[C@@H]1C[C@@H](C1)c2nnc([C@H]3C[C@H](O)C[C@@H]3C(=O)Nc4ccc(C)cc4C)n2C5CC5,CHEMBL3775807,5.52,
CC(C)C[C@@H]1N2C(=O)[C@](NC(=O)[C@H]3CN(C)[C@@H]4Cc5c(Br)[nH]c6cccc(C4=C3)c56)(O[C@@]2(O)[C@@H]7CCCN7C1=O)C(C)C,CHEMBL493,5.52,
CC(C)C[C@H](N)c1cc(C)ccc1N2CCN(CC2)C(=O)[C@@H](Cc3ccc(Cl)cc3Cl)N4CCCC4=O,CHEMBL236939,5.72,
CC(C)C[C@H](N)c1cccc(F)c1N2CCN(CC2)C(=O)[C@@H](Cc3ccc(Cl)cc3Cl)N4CCCC4=O,CHEMBL236731,6.77,
CC(C)C[C@H](NC(=O)[C@@H](C)N)c1cc(C)ccc1N2CCN(CC2)C(=O)[C@@H](Cc3ccc(Cl)cc3Cl)N4CCCC4=O,CHEMBL262321,5.54,
CC(C)C[C@H](NC(=O)[C@H](C)N)c1cc(F)ccc1N2CCN(CC2)C(=O)[C@@H](Cc3ccc(Cl)cc3Cl)N4CCCC4=O,CHEMBL397367,5.07,
CC(C)C[C@H](NC(=O)C(C)(C)N)c1cc(F)ccc1N2CCN(CC2)C(=O)[C@@H](Cc3ccc(Cl)cc3Cl)N4CCCC4=O,CHEMBL397368,4.55,
CC(C)C[C@H](NC(=O)c1ccc2[nH]nc(c3ccc(cc3)N4[C@H]5CC[C@H]4CC(O)C5)c2c1)c6ccccn6,CHEMBL3422097,6.50,
CC(C)C[C@H](NC(=O)CCCN)c1cc(F)ccc1N2CCN(CC2)C(=O)[C@@H](Cc3ccc(Cl)cc3Cl)N4CCCC4=O,CHEMBL396186,4.82,
CC(C)C[C@H](NC(=O)CCN(C)C)c1cc(C)ccc1N2CCN(CC2)C(=O)[C@@H](Cc3ccc(Cl)cc3Cl)N4CCCC4=O,CHEMBL236521,5.22,
CC(C)C[C@H](NC(=O)CCN(C)C)c1ccccc1N2CCN(CC2)C(=O)[C@@H](Cc3ccc(Cl)cc3Cl)N4CCCC4=O,CHEMBL397584,5.16,
CC(C)C[C@H](NC(=O)CCN)c1cc(ccc1N2CCN(CC2)C(=O)[C@@H](Cc3ccc(Cl)cc3Cl)N4CCCC4=O)C(F)(F)F,CHEMBL397581,5.27,
CC(C)C[C@H](NC(=O)CCN)c1cc(F)ccc1N2CCN(CC2)C(=O)[C@@H](Cc3ccc(Cl)cc3Cl)N4CCCC4=O,CHEMBL236520,5.19,
CC(C)C[C@H](NC(=O)CCN)c1ccccc1N2CCN(CC2)C(=O)[C@@H](Cc3ccc(Cl)cc3Cl)N4CCCC4=O,CHEMBL391028,5.54,
CC(C)C[C@H](NC(=O)CN(C)C)c1cc(F)ccc1N2CCN(CC2)C(=O)[C@@H](Cc3ccc(Cl)cc3Cl)N4CCCC4=O,CHEMBL412024,4.82,
CC(C)C[C@H](NCCCC(=O)O)c1cc(ccc1N2CCN(CC2)C(=O)[C@@H](Cc3ccc(Cl)cc3Cl)N4CCCC4=O)C(F)(F)F,CHEMBL262320,4.60,
CC(C)C[C@H](NCCCC(=O)O)c1cc(F)ccc1N2CCN(CC2)C(=O)[C@@H](Cc3ccc(Cl)cc3Cl)N4CCCC4=O,CHEMBL235955,4.68,
CC(C)C[C@H](NCCN)c1cc(ccc1N2CCN(CC2)C(=O)[C@@H](Cc3ccc(Cl)cc3Cl)N4CCCC4=O)C(F)(F)F,CHEMBL236519,5.20,
CC(C)C[C@H](NCCN)c1cc(F)ccc1N2CCN(CC2)C(=O)[C@@H](Cc3ccc(Cl)cc3Cl)N4CCCC4=O,CHEMBL237364,5.05,
CC(C)C[C@H](NCCN)c1cccc(F)c1N2CCN(CC2)C(=O)[C@@H](Cc3ccc(Cl)cc3Cl)N4CCCC4=O,CHEMBL393576,5.31,
CC(C)C[C@H](NCCO)c1cc(ccc1N2CCN(CC2)C(=O)[C@@H](Cc3ccc(Cl)cc3Cl)N4CCCC4=O)C(F)(F)F,CHEMBL396884,4.46,
CC(C)C[C@H]1N([C@@H](C(=O)N(C)C)c2ccc(F)cc2F)C(=O)[C@H](NC1=O)C3Cc4ccccc4C3,CHEMBL377414,4.05,
CC(C)C[C@H]1N([C@@H](C(=O)NC(C)C)c2ccc(Br)s2)C(=O)[C@H](NC1=O)C3Cc4ccccc4C3,CHEMBL410420,6.00,
CC(C)C[C@H]1N([C@@H](C(=O)NC(C)C)c2ccc(F)cc2F)C(=O)[C@H](NC1=O)C3Cc4ccccc4C3,CHEMBL196478,5.40,
CC(C)C[C@H]1N([C@@H](C(=O)NC(C)C)c2ccc3occc3c2)C(=O)[C@H](NC1=O)C4Cc5ccccc5C4,CHEMBL208787,5.37,
CC(C)C[C@H]1N([C@@H](C(=O)NC(C)C)c2oc(C)cc2)C(=O)[C@H](NC1=O)C3Cc4ccccc4C3,CHEMBL209864,5.16,
CC(C)C[C@H]1N([C@@H](C(=O)NC(C)C)c2oc(cc2)C(F)(F)F)C(=O)[C@H](NC1=O)C3Cc4ccccc4C3,CHEMBL401960,5.52,
CC(C)C1=C(CN(C)C(C)Cc2ccccc2)N(C)N(C1=O)c3ccccc3,CHEMBL1475693,5.40,
CC(C)c1c(CN[C@H]2CC[C@@H](F)C2)nc(c3ncccc3Cl)n1c4ccc(C)nc4,CHEMBL561397,,4.82
CC(C)c1c(cn2ncnc(Nc3cc(C(=O)NC4CC4)c(F)cc3F)c12)c5oc(NCC(C)(C)CN)nn5,CHEMBL270869,5.85,
CC(C)c1c(cn2ncnc(Nc3cc(C(=O)NC4CC4)c(F)cc3F)c12)c5oc(NCCCCN)nn5,CHEMBL270193,4.57,
CC(C)c1c(cn2ncnc(Nc3cc(C(=O)NC4CC4)c(F)cc3F)c12)c5oc(NCCCN(C)C)nn5,CHEMBL271310,4.43,
CC(C)c1c(cn2ncnc(Nc3cc(C(=O)NC4CC4)c(F)cc3F)c12)c5oc(nn5)N6CCN(C)CC6,CHEMBL429845,6.70,
CC(C)c1c(cn2ncnc(Nc3cc(C(=O)NC4CC4)c(F)cc3F)c12)c5oc(O[C@H]6CCNC6)nn5,CHEMBL402279,5.32,
CC(C)c1c(cn2ncnc(Nc3cc(C(=O)NC4CC4)c(F)cc3F)c12)c5oc(OCC6CCNCC6)nn5,CHEMBL270368,5.12,
CC(C)c1c(cn2ncnc(Nc3cnc4[nH]c(C)cc4c3)c12)c5oc(C)nn5,CHEMBL261592,4.94,5.18
CC(C)c1c(O)c(O)c(C=O)c2c(O)c(c(C)cc12)c3c(C)cc4c(C(C)C)c(O)c(O)c(C=O)c4c3O,CHEMBL51483,4.50,
CC(C)c1c(O)ccc2c1CCC3[C@@](C)(CO)CCC[C@@]23C,CHEMBL1604523,4.40,
CC(C)c1c(O)ccc2c1CCC3C(C)(C)CCC[C@@]23C,CHEMBL1474684,4.60,
CC(C)c1cc(\N=C/c2ccccc2O)c(C)cc1O,CHEMBL1554411,5.50,
CC(C)c1cc(cc2nc(oc12)c3ccc(cc3)C(=O)NC[C@@H]4CC[C@@H](CC4)c5cccc(c5)C(F)(F)F)C#N,CHEMBL1771127,,5.63
CC(C)c1cc(cc2nc(oc12)c3ccc(cc3)C(=O)NC[C@H]4CN(C(=O)O4)c5ccc(cn5)c6ccccc6OC(F)(F)F)C#N,CHEMBL1771145,,5.45
CC(C)c1cc(F)cc2CC[C@](CCN(C)CCCc3nc4ccccc4[nH]3)(Cc12)OC(=O)C5CC5,CHEMBL1356120,5.70,
CC(C)c1cc(Nc2cccc(O)c2)cc(C(C)C)c1O,CHEMBL1531620,4.60,
CC(C)c1cc2CCC3C(C)(C)CCC[C@@]3(C(=O)O)c2c(O)c1O,CHEMBL2374044,6.50,
CC(C)c1ccc(\C=N\NC(=O)CN(c2cccc(Cl)c2Cl)S(=O)(=O)C)cc1,CHEMBL3198125,4.55,
CC(C)c1ccc(cc1)C(=O)CC2(O)C(=O)N(CN3CCOCC3)c4ccccc24,CHEMBL1486160,5.05,
CC(C)c1ccc(cc1)N(C(C(=O)NC2CCCCC2)c3cn(C)nc3C)C(=O)Cc4cccs4,CHEMBL1535118,5.60,
CC(C)c1ccc(cc1)N2C(=O)CC(Sc3oc4ccccc4n3)C2=O,CHEMBL1432327,4.40,
CC(C)c1ccc(cc1)S(=O)(=O)Nc2ccc(cc2)[C@@]34C[C@@H]3CN(C)C4,CHEMBL1224639,,5.80
CC(C)c1ccc(cc1)S(=O)(=O)Nc2ccc(cc2)[C@@]34C[C@@H]3CN(CC=C)C4,CHEMBL1224698,,7.00
CC(C)c1ccc(Cn2ccc3c2ccc4nc(NC5CC5)nc(N)c34)cc1,CHEMBL63426,5.20,
CC(C)c1ccc(CS(=O)(=O)c2ccc(cc2)[C@]34CNC[C@H]3C4)cc1,CHEMBL1223600,,5.50
CC(C)c1ccc(NC(=O)C(N2CCN(CC2)C=O)c3ccccc3)cc1,CHEMBL1376097,4.95,
CC(C)c1ccc(NC(=O)c2cccc(c2)c3nn([C@@H]4CCCN(C4)C(=O)C=C)c5ncnc(N)c35)cc1C,CHEMBL2179805,,6.52
CC(C)c1ccc(O)c(NC(=O)c2nc[nH]n2)c1,CHEMBL1331690,5.00,
CC(C)c1ccc2c(c1)c(SC(C)(C)C)c(CC(C)(C)C(=O)O)n2Cc3ccc(Cl)cc3,CHEMBL29097,4.80,
CC(C)c1ccc2c(CC[C@@H]3[C@@](C)(CN)CCC[C@]23C)c1,CHEMBL1314872,5.20,
CC(C)c1ccc2c(CC[C@H]3[C@@](C)(CN)CCC[C@@]23C)c1.OC(=O)c4ccccc4,CHEMBL1377795,5.40,
CC(C)c1ccc2c(CCC3C(C)(CCCC23C)C(=O)N)c1,CHEMBL1366539,4.70,
CC(C)c1ccc2c(CCC3C4=C(CC[C@]23C)C(=O)OC4)c1O,CHEMBL1516675,4.80,
CC(C)c1cccc(C(C)C)c1O,CHEMBL526,4.40,
CC(C)c1cccc2cc3CN4C(=O)C=CC=C4c3nc12,CHEMBL1565842,4.80,
CC(C)c1cccc2nc3C4=CC=CC(=O)N4Cc3c(c12)[Si](C)(C)C,CHEMBL1402656,5.00,
CC(C)c1ccccc1[S+]([O-])c2ccccc2C(C)(C)O,CHEMBL1401793,5.40,
CC(C)c1ccccc1C(=O)N(CC2CCCC2)[C@H]3CCNC3,CHEMBL550402,,5.63
CC(C)c1ccccc1S(=O)(=O)c2cc(N)c3ncccc3c2[N+](=O)[O-],CHEMBL422942,6.00,
CC(C)c1cn(c2ccc(F)cc2)c3ccc(Cl)cc13,CHEMBL53089,,5.00
CC(C)C1N2C(=O)[C@@](NC(=O)[C@H]3CN(C)[C@@H]4Cc5c[nH]c6cccc(C4=C3)c56)(O[C@@]2(O)[C@@H]7CCCN7C1=O)C(C)C,CHEMBL1533896,5.90,
CC(C)C1NC(=S)N(Cc2ccccc2)C1=O,CHEMBL1549240,4.85,
CC(C)c1nc(C(=O)NC[C@@H]2[C@H]3CN(CC(C)(C)O)C[C@@H]23)c4ccccn14,CHEMBL3741377,4.72,
CC(C)c1nc(C(=O)NC2CCN(CCF)CC2)c3ccccn13,CHEMBL3740908,4.56,
CC(C)c1nc(C(=O)NCC2CCN(CC3CCOCC3)CC2)c4ccccn14,CHEMBL3741608,4.59,
CC(C)c1nc(C)nn1[C@H]2C[C@H]3CC[C@@H](C2)N3CC[C@H](NC(=O)C4CCC(F)(F)CC4)c5ccccc5,CHEMBL1649912,,5.37
CC(C)c1nc(CN(C)C(=O)N[C@@H](CC(=O)N)C(=O)N[C@H](CC[C@H](Cc2ccccc2)NC(=O)OCc3cncs3)Cc4ccccc4)cs1,CHEMBL3115174,6.89,
CC(C)c1nc(CN(C)C(=O)N[C@@H](CC(=O)O)C(=O)N[C@H](CC[C@H](Cc2ccccc2)NC(=O)OCc3cncs3)Cc4ccccc4)cs1,CHEMBL3115173,6.30,
CC(C)c1nc(CN(C)C(=O)N[C@@H](Cc2c[nH]cn2)C(=O)N[C@@H](CC[C@@H](Cc3ccccc3)NC(=O)OCc4cncs4)Cc5ccccc5)cs1,CHEMBL3115191,7.05,
CC(C)c1nc(CN(C)C(=O)N[C@@H](Cc2c[nH]cn2)C(=O)N[C@H](CC[C@H](Cc3ccccc3)NC(=O)OCc4cncs4)Cc5ccccc5)cs1,CHEMBL3115184,6.92,
CC(C)c1nc(CN(C)C(=O)N[C@@H](CCN(C)C)C(=O)N[C@H](CC[C@H](Cc2ccccc2)NC(=O)OCc3cncs3)Cc4ccccc4)cs1,CHEMBL3115179,6.85,
CC(C)c1nc(CN(C)C(=O)N[C@@H](CCN2CCOCC2)C(=O)N[C@H](CCN(Cc3ccccc3Cl)C(=O)OCc4cncs4)Cc5ccccc5)cs1,CHEMBL3114733,6.47,
CC(C)c1nc(CN(C)C(=O)N[C@@H](CCN2CCOCC2)C(=O)NC(CN(Cc3ccccc3)C(=O)OCc4cncs4)Cc5ccccc5)cs1,CHEMBL3114739,6.30,
CC(C)c1nc(CN(C)C(=O)N[C@@H](CCNC(=O)C)C(=O)N[C@@H](CC[C@@H](Cc2ccccc2)NC(=O)OCc3cncs3)Cc4ccccc4)cs1,CHEMBL3115188,6.92,
CC(C)c1nc(CN(C)C(=O)N[C@@H](CCNS(=O)(=O)C)C(=O)N[C@H](CC[C@H](Cc2ccccc2)NC(=O)OCc3cncs3)Cc4ccccc4)cs1,CHEMBL3115183,6.92,
CC(C)c1nc(CN(C)C(=O)N[C@@H](CO)C(=O)N[C@H](CC[C@H](Cc2ccccc2)NC(=O)OCc3cncs3)Cc4ccccc4)cs1,CHEMBL3115167,6.82,
CC(C)c1nc(CN(C)C(=O)N[C@H](CCN2CCOCC2)C(=O)N[C@H](CC[C@H](Cc3ccccc3)NC(=O)OCc4cncs4)Cc5ccccc5)cs1,CHEMBL3115180,6.82,
CC(C)c1nc(CN(C)C(=O)N2C[C@@H](N)C[C@H]2C(=O)N[C@H](CC[C@H](Cc3ccccc3)NC(=O)OCc4cncs4)Cc5ccccc5)cs1,CHEMBL3672578,6.51,
CC(C)c1nc(CN(C)C(=O)N2C[C@H](O)C[C@H]2C(=O)N[C@@H](CC[C@@H](Cc3ccccc3)NC(=O)OCc4cncs4)Cc5ccccc5)cs1,CHEMBL3672574,6.52,
CC(C)c1nc(CN(C)C(=O)N2C[C@H](O)C[C@H]2C(=O)N[C@H](CC[C@H](Cc3ccccc3)NC(=O)OCc4cncs4)Cc5ccccc5)cs1,CHEMBL3672572,6.64,
CC(C)c1nc(CN(C)C(=O)N2Cc3nc[nH]c3C[C@H]2C(=O)N[C@H](CC[C@H](Cc4ccccc4)NC(=O)OCc5cncs5)Cc6ccccc6)cs1,CHEMBL3672584,6.43,
CC(C)c1nc(CN(C)C(=O)N2CS(=O)(=O)C[C@H]2C(=O)N[C@H](CC[C@H](Cc3ccccc3)NC(=O)OCc4cncs4)Cc5ccccc5)cs1,CHEMBL3672576,6.59,
CC(C)c1nc(CN(C)C(=O)NC2(CCNCC2)C(=O)N[C@H](CC[C@H](Cc3ccccc3)NC(=O)OCc4cncs4)Cc5ccccc5)cs1,CHEMBL3672585,6.47,
CC(C)c1nc(nc(c2ccc(F)cc2)c1\C=C\C(O)CC(O)CC(=O)O)N(C)S(=O)(=O)C,CHEMBL1357356,4.40,
CC(C)c1nc(Nc2cc(N[C@@H]3CCCC[C@@H]3N)nnc2C(=O)N)ccc1C,CHEMBL3237573,,6.00
CC(C)c1nc(Nc2cc(N[C@@H]3CCOC[C@@H]3N)nnc2C(=O)N)ccc1F,CHEMBL3237580,,5.10
CC(C)c1nc(Nc2cc(NCCN)nnc2C(=O)N)ccc1C,CHEMBL3237577,,5.20
CC(C)c1nc(Nc2cc(NCCN)nnc2C(=O)N)ccc1F,CHEMBL3237581,,5.10
CC(C)c1nc2ccccn2c1NC3CCCCC3,CHEMBL1550866,4.85,
CC(C)c1nc2cccnc2n1c3ccc(C[C@H](NC4=C(Br)C(=O)C45CCCCC5)C(=O)O)cc3,CHEMBL486444,4.10,
CC(C)c1ncc(s1)[C@@H]2CC[C@@H](CC2)N3CC(C3)NC(=O)CNc4nn(C)c5ccc(cc45)C(F)(F)F,CHEMBL1834799,,4.77
CC(C)c1nnc(C)n1[C@@H]2C[C@H]3CC[C@@H](C2)N3CC[C@H](NC(=O)C4CCC(F)(F)CC4)c5ccccc5,CHEMBL1201187,,4.10
CC(C)c1nnc(SCCCN2CCc3ccc(cc3CC2)c4cc(C)on4)n1C,CHEMBL243901,,5.90
CC(C)c1noc(n1)N2CCN([C@H](C)C2)c3ncc(OCc4ccc(cc4F)S(=O)(=O)C)cn3,CHEMBL3358014,,5.13
CC(C)c1noc(n1)N2CCN([C@H](C)C2)c3ncc(OCc4ccncc4C#N)cn3,CHEMBL2087084,,4.94
CC(C)c1oc2cc3CCN(CCCSc4nnc(c5cccc6nc(C)ccc56)n4C)CCc3cc2n1,CHEMBL256015,,5.70
CC(C)c1occ(n1)c2nnc3[C@@H](C)N(CCn23)C(=O)c4ccc(cc4)c5cccs5,CHEMBL3422015,4.37,5.14
CC(C)CC(=O)N1CCC(O)(CS(=O)(=O)Cc2ccc(Cl)cc2)CC1,CHEMBL1742260,5.05,
CC(C)CC(=O)NC(=S)Nc1ccc(Br)c(C)c1,CHEMBL1605586,4.70,
CC(C)CC(=O)NC(Sc1ccc(Cl)cc1)C(Cl)(Cl)Cl,CHEMBL1706994,4.60,
CC(C)CC(C)Nc1ccc(Nc2ccccc2)cc1,CHEMBL1558796,4.60,
CC(C)CC(N(C(=O)Cn1nnc(n1)c2ccc(F)cc2)c3ccc(C)cc3)C(=O)NCC4CCCO4,CHEMBL1378878,4.85,
CC(C)CC(N1C(=O)c2ccccc2C1=O)C(=O)OCC(=O)Nc3ncc(Cl)cc3Cl,CHEMBL1522232,4.50,
CC(C)CC(NC(=O)c1ccc2[nH]nc(c3ccc(O[C@H]4C[C@H]5CC[C@@H](C4)N5C=O)cc3)c2c1)c6ccccn6,CHEMBL3422078,6.39,
CC(C)CC(NS(=O)(=O)c1ccc(C)cc1)C(=O)Oc2ccc3C4=C(CCC4)C(=O)Oc3c2,CHEMBL1463576,4.85,
CC(C)CC[C@@H]1C[C@@H](CC[C@@H]1NC(=O)CNC(=O)c2cccc(c2)C(F)(F)F)N(C)C(C)C,CHEMBL3577939,,5.57
CC(C)CC1(C=CCN1C(=O)C)C(=O)NCC2CC2,CHEMBL1488112,4.50,
CC(C)CC1(C=CCN1C(=O)C)C(=O)NCc2oc(C)cc2,CHEMBL1516252,4.80,
CC(C)CC1(C=CCN1C(=O)C)C(=O)NCCc2c[nH]c3ccccc23,CHEMBL1370705,5.40,
CC(C)CC1(C=CCN1C(=O)c2ccccc2)C(=O)NCC3CC3,CHEMBL1535074,4.80,
CC(C)CC1(C=CCN1C(=O)c2ccccc2)C(=O)NCc3oc(C)cc3,CHEMBL1558729,4.80,
CC(C)Cc1cc(nn1c2ccccc2)C(=O)NCC3(CCN(CC4=Cc5ccccc5OC4(C)C)CC3)C#N,CHEMBL1836261,,5.33
CC(C)CC1N2C(=O)[C@@](NC(=O)C3CN(C)C4Cc5c(Br)[nH]c6cccc(C4=C3)c56)(OC2(O)C7CCCN7C1=O)C(C)C.CS(=O)(=O)O,CHEMBL1476170,6.30,
CC(C)CC1n2cncc2CN(Cc3ccc(cc3)C(F)(F)F)S1(=O)=O,CHEMBL1209556,6.55,
CC(C)CC1n2cncc2CN(Cc3ccccc3)S1(=O)=O,CHEMBL1209554,5.85,
CC(C)CC1NC(=S)N(C2CCCCC2)C1=O,CHEMBL1581163,4.70,
CC(C)CCC[C@@H](C)[C@H]1CC[C@H]2\C(=C\C=C/3\C[C@@H](O)CCC3=C)\CCC[C@]12C,CHEMBL1042,4.50,
CC(C)CCc1c(C)c(C#N)c2nc3ccccc3n2c1n4ccnc4C,CHEMBL1331782,4.85,
CC(C)CCCC(C)C1CCC2\C(=C\C=C\3/CC(O)CCC3=C)\CCCC12C,CHEMBL1354424,4.50,
CC(C)CCCC(C)CCCC(C)CCCC(C)(O)C=C,CHEMBL453797,4.40,
CC(C)CCN(C[C@@H](Cc1ccccc1)NC(=O)OCc2cncs2)C[C@@H](Cc3ccccc3)NC(=O)OCc4nccs4,CHEMBL1077933,7.30,
CC(C)CCN=C(S)NC1CCCC1,CHEMBL1484898,4.65,
CC(C)CCN1CCc2nc(c3CC(C)OCc3c2C1)c4ccccc4,CHEMBL1315777,5.50,
CC(C)CCN1CCc2nc(COc3ccccc3)c4CC(C)OCc4c2C1,CHEMBL1356318,5.50,
CC(C)CCn1nnnc1C(N2CCN(CC2)C(=O)c3occc3)c4ccc(F)cc4,CHEMBL1441039,5.10,
CC(C)CCNC(=O)C12CN(Cc3ccccc3)CC1C(=NO2)c4cccc(c4)[N+](=O)[O-],CHEMBL1507563,4.90,
CC(C)CCNC(=O)c1cnn2c(O)c(Cc3ccccc3F)c(C)nc12,CHEMBL241657,4.20,
CC(C)CCNC(=O)CN(C(=O)Cn1nnc(n1)c2ccccc2F)c3cccc4CCCCc34,CHEMBL1350410,4.85,
CC(C)CCNC(=O)COC(=O)c1cc(C)nc2ccccc12,CHEMBL1403023,4.80,
CC(C)CN([C@H]1CCNC1)C(=O)c2cccc(c2Cl)C(F)(F)F,CHEMBL1077638,,5.39
CC(C)CN([C@H]1CCNC1)C(=O)c2ccccc2C(C)C,CHEMBL1078169,,4.89
CC(C)CN([C@H]1CCNC1)C(=O)c2ccccc2c3ccccc3,CHEMBL564071,,5.84
CC(C)CN(C[C@@H](Cc1ccccc1)NC(=O)OCc2cncs2)C[C@@H](Cc3ccccc3)NC(=O)OCc4nccs4,CHEMBL1077931,7.17,
CC(C)CN(C[C@@H](O)[C@H](Cc1ccccc1)NC(=O)O[C@H]2CCOC2)S(=O)(=O)c3ccc(N)cc3,CHEMBL116,6.43,
CC(C)CN(C[C@@H](O)[C@H](Cc1ccccc1)NC(=O)O[C@H]2CO[C@H]3OCC[C@@H]23)S(=O)(=O)c4ccc(N)cc4,CHEMBL1323,,4.00
CC(C)CN(C[C@@H](O)[C@H](Cc1ccccc1)NC(=O)OCc2cncs2)C(=O)c3ccc4nc(C)oc4c3,CHEMBL2058904,7.28,
CC(C)CN(C[C@@H](O)[C@H](Cc1ccccc1)NC(=O)OCc2cncs2)C(=O)c3ccc4nc(N)oc4c3,CHEMBL2058901,7.38,
CC(C)CN(C[C@@H](O)[C@H](Cc1ccccc1)NC(=O)OCc2cncs2)C(=O)c3ccc4nc(N)sc4c3,CHEMBL2059114,7.72,
CC(C)CN(C[C@@H](O)[C@H](Cc1ccccc1)NC(=O)OCc2cncs2)C(=O)c3ccc4nc(NC5CCN(C)CC5)oc4c3,CHEMBL2058902,5.57,
CC(C)CN(C[C@@H](O)[C@H](Cc1ccccc1)NC(=O)OCc2cncs2)C(=O)c3ccc4nc(oc4c3)C(C)C,CHEMBL2058663,7.43,
CC(C)CN(C[C@@H](O)[C@H](Cc1ccccc1)NC(=O)OCc2cncs2)C(=O)c3ccc4nc(oc4c3)c5ccccc5,CHEMBL2058905,7.62,
CC(C)CN(C[C@@H](O)[C@H](Cc1ccccc1)NC(=O)OCc2cncs2)C(=O)c3ccc4nc(oc4c3)N(C)C,CHEMBL2059119,7.28,
CC(C)CN(C[C@@H](O)[C@H](Cc1ccccc1)NC(=O)OCc2cncs2)C(=O)c3ccc4nc(oc4c3)N5CCCC5,CHEMBL2059117,7.48,
CC(C)CN(C[C@@H](O)[C@H](Cc1ccccc1)NC(=O)OCc2cncs2)C(=O)c3ccc4nc(oc4c3)N5CCN(C)CC5,CHEMBL2059123,7.04,
CC(C)CN(C[C@@H](O)[C@H](Cc1ccccc1)NC(=O)OCc2cncs2)C(=O)c3ccc4nc(oc4c3)N5CCOCC5,CHEMBL2059120,7.42,
CC(C)CN(C[C@@H](O)[C@H](Cc1ccccc1)NC(=O)OCc2cncs2)C(=O)c3ccc4ncsc4c3,CHEMBL2059115,7.64,
CC(C)CN(C[C@H](Cc1ccccc1)NC(=O)OCc2cncs2)C[C@H](Cc3ccccc3)NC(=O)OCc4nccs4,CHEMBL1077929,6.96,
CC(C)CN(CC(C)C)c1cc(cc(COCC2(CCN(C)CC2)c3ccc(F)cc3)n1)C(F)(F)F,CHEMBL2333622,,5.02
CC(C)CN(CC(C)C)Cc1c(O)ccc2C3=C(CCC3)C(=O)Oc12,CHEMBL1560276,4.75,
CC(C)CN(CC[C@H](Cc1ccccc1)NC(=O)[C@H](CCN2CCOCC2)NC(=O)N(C)Cc3csc(n3)C(C)C)C(=O)OCc4cncs4,CHEMBL3114734,6.46,
CC(C)CN(CC[C@H](Cc1ccccc1)NC(=O)OCc2cncs2)C(=O)[C@H](CCN3CCOCC3)NC(=O)N(C)Cc4csc(n4)C(C)C,CHEMBL3114735,6.57,
CC(C)CN=C(S)N(CCc1nc2cc(C)c(C)cc2[nH]1)C3CCCC3,CHEMBL1323732,4.75,
CC(C)CN1C(=C(C(=O)COC(=O)c2cc(nc3ccccc23)c4occc4)C(=O)N(C)C1=O)N,CHEMBL1374536,4.80,
CC(C)CN1C(=Nc2ccccc2C1=O)SCc3nc(O)c4ccccc4n3,CHEMBL1509337,5.70,
CC(C)CN1C(=O)CN(Cc2ccc(cc2)c3cccc(CN4CCCCC4)n3)C1=O,CHEMBL1835119,,5.50
CC(C)CN1C(=O)N(C)C(=O)c2c1sc(Cc3c[nH]c4ccccc34)c2C(=O)N5CC[C@@H](O)C5,CHEMBL205807,6.00,
CC(C)CN1C(=O)N(C)C(=O)c2c1sc(Cc3c[nH]c4ncccc34)c2C(=O)N5CC[C@@H](O)C5,CHEMBL205092,5.17,
CC(C)CN1C(=O)N(C)C(=O)c2c1sc(Cc3ccnc4ccccc34)c2C(=O)N5C[C@H](O)CO5,CHEMBL219861,4.34,
CC(C)CN1C(=O)N(C)C(=O)c2c1sc(Cc3ccnc4ccccc34)c2C(=O)N5CC[C@@H](O)C5,CHEMBL205742,4.80,
CC(C)CN1C(=O)N(C)C(=O)c2c1sc(Oc3cccc4ccccc34)c2C(=O)N5CC[C@@H](O)C5,CHEMBL219098,5.14,
CC(C)Cn1c(SCC(=O)C2=C(N)N(C)C(=O)N(C)C2=O)nc3ccccc13,CHEMBL1483498,5.60,
CC(C)Cn1c2ccc(Nc3ncccn3)cc2c4c5CNC(=O)c5c6c(CCc7nn(C)cc67)c14,CHEMBL2010872,,4.70
CC(C)CN1CC[C@@]2(CCCN(C2)C(=O)c3c(C)onc3C)C1,CHEMBL1480008,5.70,
CC(C)CN1CC[C@@]2(CCCN(C2)C(=O)c3cccc(F)c3)C1,CHEMBL1596235,5.20,
CC(C)CN1CC[C@@]2(CCCN(C2)C(=O)c3cnccn3)C1,CHEMBL1526032,4.80,
CC(C)CN1CC[C@@]2(CCCN(C2)S(=O)(=O)c3ccccc3)C1,CHEMBL1473480,5.30,
CC(C)CN1CCC(CC1)c2nc(c3ccc4nc(N)n(c4c3)S(=O)(=O)C(C)C)c([nH]2)c5ccccc5,CHEMBL371145,5.28,
CC(C)CN1CCC(CNC(=O)c2cc(Cl)c(N)n3cc(C)nc23)CC1,CHEMBL1671898,,5.59
CC(C)CN1CCC(COc2ccc(NC(=O)Nc3cccnc3Oc4ccccc4C(C)(C)C)c(F)c2)CC1,CHEMBL2381908,,5.43
CC(C)CN1CCc2nc(c3CC(C)OCc3c2C1)c4ccccc4,CHEMBL1372873,5.50,
CC(C)CN1CCCC2(CCN(CC2)C(=O)c3cccc(F)c3)C1,CHEMBL1333531,4.60,
CC(C)CN1CCCC2(CCN(CC2)C(=O)c3cnccn3)C1,CHEMBL1396403,4.60,
CC(C)CN1CCCC2(CCN(CC2)S(=O)(=O)c3ccccc3)C1,CHEMBL1593071,4.80,
CC(C)Cn1cnc2c(SCc3ccc(Cl)cc3Cl)nc(N)nc12,CHEMBL1608337,5.40,
CC(C)CNC(=O)C1=CN(c2cccc(Br)c2)c3ncccc3C1=O,CHEMBL464600,,4.50
CC(C)CNC(=O)c1ccc(cc1)C2=CC3(CCNCC3)Oc4ccccc24,CHEMBL563137,,5.50
CC(C)CNc1nc(nc(N2CCNCC2)c1N)C#N,CHEMBL474484,,4.28
CC(C)CNS(=O)(=O)c1cc(C(=O)N2CC(C)OC(C)C2)c(Cl)cc1Cl,CHEMBL1741375,5.50,
CC(C)CO[C@@H]([C@H](C)Br)c1ccc2OCOc2c1,CHEMBL1314273,5.50,
CC(C)CO\N=C/1\C[C@@H](O)[C@@H](O)[C@H]2[C@@H]1CC[C@H]3[C@H]2C(=O)N([C@@H](C)c4ccccc4)C3=O,CHEMBL1600408,5.50,
CC(C)CO\N=C/1\C[C@@H](O)[C@@H](O)[C@H]2[C@@H]1CC[C@H]3[C@H]2C(=O)N(Cc4ccc5OCOc5c4)C3=O,CHEMBL1594022,6.00,
CC(C)CO\N=C/1\C[C@@H](O)[C@@H](O)[C@H]2[C@@H]1CC[C@H]3[C@H]2C(=O)N(Cc4ccccc4)C3=O,CHEMBL1574231,5.30,
CC(C)CO\N=C\1/[C@@H]2CCN3N([C@H]2[C@H](O)[C@H]4O[C@H]14)C(=O)N(Cc5cc6OCOc6cc5Cl)C3=O,CHEMBL1355547,5.30,
CC(C)COC(=O)OCN1C(=O)CN(CCN2CC(=O)N(COC(=O)OCC(C)C)C(=O)C2)CC1=O,CHEMBL1256871,4.60,
CC(C)COC[C@H](CN(Cc1ccccc1)c2ccccc2)N3CCCC3,CHEMBL251075,4.90,
CC(C)COc1ccc(cc1C(=O)N2CCN(CC2)c3ccc(cc3F)C#N)S(=O)(=O)C,CHEMBL1173634,,6.16
CC(C)COc1ccc2Oc3ccc(cc3[C@@]4(COC(=N4)N)c2c1)c5cncnc5,CHEMBL2177343,,5.74
CC(C)COc1cccc(\C=C\2/SC(=O)NC2=O)c1N3CCC[C@@H](N)C3,CHEMBL2048870,,4.64
CC(C)COc1ccccc1CN2CCC3(CC2)CCN(CC3)C(=O)c4ccncc4,CHEMBL567419,,4.82
CC(C)COc1ccccc1CN2CCC3(CC2)CCN(CC3)C(=O)c4ccncn4,CHEMBL567620,,4.72
CC(C)COCC1CC2(CC(C)(OC2=O)c3csc(N)n3)C(=O)O1,CHEMBL1492604,4.85,
CC(C)COP(=O)(C(O)c1ccccc1F)c2ccc(cc2)N(C)C,CHEMBL1306881,5.40,
CC(C)CS(=O)(=O)N(C)CCCCN1CCN(CC1)c2cccc(NC(=O)C)c2,CHEMBL207478,,5.66
CC(C)CS(=O)(=O)n1ccc2c(cc(nc12)N3CCNCC3)c4ccc(cc4)C(F)(F)F,CHEMBL3799529,,5.85
CC(C)N(C(C)C)C(=O)c1cccc(NC(=O)Nc2ccc(cc2)c3ccnc4[nH]cnc34)c1,CHEMBL1951339,7.22,
CC(C)N(C(C)C)C(=O)CSc1nc2ccccc2n1c3ccccc3,CHEMBL1379160,5.10,
CC(C)N(C)[C@@H]1CC[C@@H]([C@H](CS(=O)(=O)c2ccc(C)cc2)C1)N3CC[C@H](NC(=O)c4cccc(c4)C(F)(F)F)C3=O,CHEMBL1092678,,5.52
CC(C)N(C)[C@@H]1CC[C@@H]([C@H](CS(=O)(=O)c2ccccc2)C1)N3CC[C@H](NC(=O)c4cc(cc(c4)C(F)(F)F)C(F)(F)F)C3=O,CHEMBL1092748,,5.40
CC(C)N(C)[C@H](C)[C@@H](c1ccc2cc(OCC(C)(C)C(=O)O)ccc2c1)n3ccnc3,CHEMBL207486,6.40,
CC(C)N(CC[C@@](C(=O)N)(c1ccccc1)c2ccccn2)C(C)C,CHEMBL269362,4.50,
CC(C)N(CCC(=O)c1ccc2ccccc2c1)Cc3ccccc3,CHEMBL596674,4.40,
CC(C)N(CCc1c[nH]c2ccccc12)Cc3ccc(\C=C\C(=O)NO)cc3,CHEMBL142992,,5.23
CC(C)N(CCO)Cc1csc(n1)c2cn(CC3CCOCC3)c4c(Cl)cccc24,CHEMBL1762808,,6.00
CC(C)N(CCOc1ccc(cc1)N2C=CC(=CC2=O)OCc3ccccc3)C(C)C,CHEMBL1642486,,8.37
CC(C)N1\C(=N\c2ccccc2)\S\C(=C\c3c[nH]c4ccccc34)\C1=O,CHEMBL3211592,4.65,
CC(C)N1C(=O)c2ccccc2N=C1c3ccc(OCCCN4CCCCC4)cc3,CHEMBL488251,,5.52
CC(C)N1C(=O)COc2c(CCN3CCN(CC3)c4cccc5nc(C)ccc45)cccc12,CHEMBL469567,,5.30
CC(C)n1c(C)ncc1c2ccnc(Nc3ccc(C(=O)N)c(F)c3)n2,CHEMBL455427,,5.00
CC(C)n1c(C)ncc1c2ccnc(Nc3ccc(cc3)C(=O)N(C)C)n2,CHEMBL488085,,4.75
CC(C)n1c(C)ncc1c2ccnc(Nc3ccc(cc3)C(=O)N)n2,CHEMBL488084,,4.77
CC(C)n1c(C)ncc1c2ccnc(Nc3ccc(cc3)C(=O)NC4CC4)n2,CHEMBL487066,,5.16
CC(C)n1c(C)ncc1c2ccnc(Nc3ccc(cc3)N4CCN(CC4)S(=O)(=O)C)n2,CHEMBL477567,,5.26
CC(C)n1c(C)ncc1c2ccnc(Nc3ccc(cc3)N4CCN(CC4)S(=O)(=O)CCN(C)C)n2,CHEMBL477785,,4.75
CC(C)n1c(C)ncc1c2ccnc(Nc3ccc(cc3)S(=O)(=O)C)n2,CHEMBL488436,,5.50
CC(C)n1c(C)ncc1c2nc(Nc3ccc(C(=O)N)c(F)c3)ncc2F,CHEMBL455429,,4.70
CC(C)n1c(CNC2CCCC2)nc(C)c1c3ccc(Cl)cc3,CHEMBL562663,,5.50
CC(C)N1C[C@H](NS(=O)(=O)C(C)C)[C@H](C1)c2ccc(cc2)c3cccc(NS(=O)(=O)C)c3,CHEMBL1290059,,5.20
CC(C)N1C=CC(=CC1=O)c2ccc(cc2)[C@H](C)N3CC[C@@](CC(C)(C)O)(OC3=O)c4ccccc4,CHEMBL3664674,4.37,
CC(C)n1cc(\C=C/2\SC(=O)N(CC(=O)Nc3ccc4OCOc4c3)C2=O)c5ccccc15,CHEMBL1335037,6.50,
CC(C)N1Cc2cc(ccc2C1=O)c3onc(c3C)c4ccc(F)cc4F,CHEMBL3398269,,5.98
CC(C)N1Cc2cc3CCN(CCc3cc2C1=O)C(C)CCSc4nnc(c5cccc6nc(C)ccc56)n4C,CHEMBL272086,,5.60
CC(C)N1Cc2cc3CCN(CCCCSc4nnc(c5cccc6nc(C)ccc56)n4C)CCc3cc2C1=O,CHEMBL270852,,5.40
CC(C)N1CCC(CC1)Oc2ccc(\C=C\c3n[nH]c4cc(ccc34)[C@@H]5C[C@@]56C(=O)Nc7ccccc67)cc2,CHEMBL3408957,5.80,
CC(C)N1CCC(CC1)Oc2ccc3c(c2)cc4C(=O)N(Cc5ccncc5)CCn34,CHEMBL1257487,5.22,
CC(C)N1CCC(CC1)Oc2ccc3c(c2)cc4C(=O)NC[C@H](C)n34,CHEMBL1257964,4.59,
CC(C)N1CCC[C@@H](CN2CCN(CC2)C(=O)Nc3ccc(Cl)c(Cl)c3)C1,CHEMBL2036758,,5.89
CC(C)N1CCC[C@H](CN2C(=Nc3ccc(Oc4ccc(F)cc4)cc3C2=O)C)C1,CHEMBL243001,,5.79
CC(C)N1CCC[C@H](CN2C(=Nc3ccc(Oc4ccc(F)cc4)nc3C2=O)C)C1,CHEMBL1956988,,5.49
CC(C)N1CCC[C@H](CN2C(=Nc3ccc(Oc4ccc5OCOc5c4)nc3C2=O)C)C1,CHEMBL1956992,,4.87
CC(C)N1CCC[C@H](CN2C(=Nc3cnc(Oc4ccc(F)c5cccnc45)cc3C2=O)C)C1,CHEMBL1957002,,5.02
CC(C)N1CCC[C@H](CN2C(=Nc3cnc(Oc4ccc(F)cc4)cc3C2=O)C)C1,CHEMBL1956998,,5.89
CC(C)N1CCC[C@H](CN2C(=Nc3cnc(Oc4ccc5ncsc5c4)cc3C2=O)C)C1,CHEMBL1957001,,5.62
CC(C)N1CCC[C@H](CN2C(=Nc3ncc(Oc4ccc(Cl)cc4F)nc3C2=O)C)C1,CHEMBL1957005,,4.48
CC(C)N1CCC[C@H](CN2C(=Nc3ncc(Oc4ccc(F)c5cccnc45)nc3C2=O)C)C1,CHEMBL1957008,,4.48
CC(C)N1CCCC(C1)c2nc3ccccc3n2Cc4ccc(F)cc4,CHEMBL1098766,,5.86
CC(C)N1CCCC(CN2C(=O)c3nn(cc3N=C2c4ccccc4C)c5cccc(c5)C#N)C1,CHEMBL3218887,,4.66
CC(C)N1CCCC(CN2C(=O)c3nn(cc3N=C2c4ccccc4C)c5cccc(Cl)c5)C1,CHEMBL3218885,,5.00
CC(C)N1CCCC(CN2C(=O)c3sc(cc3N=C2c4ccccc4C)c5ccc(Cl)cc5)C1,CHEMBL3218646,,5.68
CC(C)N1CCN(CC1)[C@@H]2CC[C@](CC2)(NC(=O)C(C)c3cc(cc(c3)C(F)(F)F)C(F)(F)F)c4ccccc4,CHEMBL296979,,5.92
CC(C)N1CCN(CC1)C(=O)N2Cc3ccccc3C2,CHEMBL219592,,4.71
CC(C)N1CCN(CC1)C(=O)N2CCC(=CC2)c3ccccc3,CHEMBL375571,,4.65
CC(C)N1CCN(CC1)C(=O)N2CCC(CC2)C(C)(C)C,CHEMBL219128,,4.17
CC(C)N1CCN(CC1)c2ccc(NC(=O)c3cn(C)c4c(CN5CC6N([C@@H](Cc7ccc(O)cc7)C5=O)C(=O)CN(CC=C)N6C(=O)NCc8ccccc8)cccc34)cn2,CHEMBL3702797,5.21,
CC(C)N1CCN(CC1)c2ncc(NC(=O)c3cn(C)c4c(CN5C[C@H]6N([C@@H](Cc7ccc(O)cc7)C5=O)C(=O)CN(CC=C)N6C(=O)NCc8ccccc8)cccc34)cn2,CHEMBL3702798,5.44,
CC(C)N1CCN(Cc2cnc(c3ccc(cc3)C(=O)Nc4ccccc4N)c(c2)C#N)CC1,CHEMBL258177,,4.72
CC(C)N1CCN(CCN2CCN(C2=O)c3cccc(Cl)c3F)CC1,CHEMBL570998,,4.70
CC(C)N1CCN[C@H](C1)C(=O)N2CCN(CC2)C(=O)Nc3ccc(Cl)c(Cl)c3,CHEMBL2036782,,4.22
CC(C)n1ncc2CC3(CCN(CC3)C(=O)c4cnc5cc[nH]c5c4)CC(=O)c12,CHEMBL3359264,,4.54
CC(C)n1nnnc1SCC(=O)NCc2ccc3OCOc3c2,CHEMBL1440867,6.05,
CC(C)n1nnnc1SCC(=O)NCCc2ccccc2,CHEMBL1377767,4.85,
CC(C)NC(=Nc1ccc(Cl)cc1)c2cccnc2,CHEMBL1741958,4.65,
CC(C)NC(=O)[C@@H]1C[C@@]1(C)[C@@H](NC(=O)OCc2ccccc2)c3ccccc3,CHEMBL1453358,5.00,
CC(C)NC(=O)[C@@H]1C[C@H]1[C@@H](NC(=O)OCc2ccccc2)c3ccccc3,CHEMBL1530430,5.40,
CC(C)NC(=O)[C@H]1C[C@@H]1[C@H](NC(=O)OCc2ccccc2)c3ccccc3,CHEMBL1496378,5.10,
CC(C)NC(=O)C1=CN(c2cccc(Br)c2)c3ncccc3C1=O,CHEMBL456172,,4.50
CC(C)NC(=O)C1=CN(c2cccc(c2)c3ccc(cc3)S(=O)(=O)C)c4ncccc4C1=O,CHEMBL484753,,4.64
CC(C)NC(=O)c1ccc(cc1)c2ccc3C(=O)N(CCN4CCCC4)CCc3c2,CHEMBL2031870,,5.21
CC(C)NC(=O)c1cccc(NC(=O)Nc2ccc(cc2)c3ccncc3)c1,CHEMBL1951443,6.89,
CC(C)NC(=O)c1cccc(NC(=O)Nc2ccc(cc2)c3ncnc4[nH]cc(Cl)c34)c1,CHEMBL1951348,4.85,
CC(C)NC(=O)c1cccc(NC(=O)Nc2ccc(cc2)c3ncnc4c3ccn4C)c1,CHEMBL1951345,5.54,
CC(C)NC(=O)c1ccccc1NC(=O)\C=C\c2ccc(cc2)[N+](=O)[O-],CHEMBL1582293,4.45,
CC(C)NC(=O)N1CCC2(CC1)CCN(CC2)C(=O)c3cc(cc(c3)C(F)(F)F)C(F)(F)F,CHEMBL1555011,5.00,
CC(C)NC(=O)N1CCC2(CC1)CCN(CC2)C(=O)c3cccc(F)c3,CHEMBL1475258,4.70,
CC(C)NC(=O)N1CCC2(CC1)CCN(CC2)C(=O)Oc3ccccc3,CHEMBL1602508,4.60,
CC(C)NC(=O)N1CCCC2(CCN(CC2)C(=O)c3cccc(F)c3)C1,CHEMBL1315079,4.60,
CC(C)NC(=O)N1CCCC2(CCN(CC2)C(=O)c3cccn3C)C1,CHEMBL1434266,4.60,
CC(C)NC(=O)N1CCCC2(CCN(CC2)C(=O)c3occc3)C1,CHEMBL1476227,4.60,
CC(C)NC(=O)N1CCCC2(CCN(CC2)C(=O)Oc3ccccc3)C1,CHEMBL1514640,4.60,
CC(C)NC(=O)NS(=O)(=O)c1ccc(OCCN2CCCCC2)cc1,CHEMBL2024389,,4.58
CC(C)NC(=O)O\N=C(/C)\c1sc(nc1C)c2ccccc2,CHEMBL3191244,4.60,
CC(C)NC[C@@H](O)COc1cccc2[nH]ccc12,CHEMBL1530633,5.10,
CC(C)NC[C@H](O)c1ccc(O)c(O)c1.OC(C(O)C(=O)O)C(=O)O,CHEMBL2062275,5.00,
CC(C)NC[C@H](O)COc1ccc(CC(=O)N)cc1,CHEMBL343633,4.40,
CC(C)Nc1cc2CCN(C)CCc2cc1NS(=O)(=O)c3ccc(cc3)c4ccc(Cl)cc4,CHEMBL231350,5.13,
CC(C)Nc1ccc(Nc2ccccc2)cc1,CHEMBL1449018,4.60,
CC(C)Nc1noc2c(c(Cl)ccc12)c3ccc4c(nncc4c3)N5CCOC[C@@H]5C,CHEMBL523516,5.35,
CC(C)Nc1oc(nn1)c2cn3ncnc(Nc4cc(C(=O)NC5CC5)c(F)cc4F)c3c2C(C)C,CHEMBL407708,6.40,
CC(C)NCC(O)COc1cccc2[nH]ccc12,CHEMBL500,6.50,
CC(C)NCC(O)COc1cccc2ccccc12,CHEMBL27,,5.55
CC(C)NCc1c(onc1C(=O)N[C@@H]2CCC[C@H](O)C2)c3ccc(cc3)C(F)(F)F,CHEMBL1761688,,5.20
CC(C)NCc1nn(c(c1C)c2ccc(Cl)cc2)c3ccc(Cl)cc3Cl,CHEMBL494230,,7.64
CC(C)OC(=O)C(Cn1ccnc1)NC(=O)c2c(C)nn(c2Cl)c3ccccc3,CHEMBL3617986,5.31,
CC(C)OC(=O)c1c(NC(=O)C2C3CCC(O3)C2C(=O)O)sc(C)c1c4ccc(C)cc4,CHEMBL1566014,4.85,
CC(C)OC(=O)c1c(NC(=O)C2C3CCC(O3)C2C(=O)O)sc(C)c1c4ccc(Cl)cc4,CHEMBL1482233,4.80,
CC(C)OC(=O)c1cc2c(ccn2C)n1Cc3cc(C)ccc3C,CHEMBL1459860,5.10,
CC(C)OC(=O)c1nnn(c1CSc2ccccn2)c3nonc3N,CHEMBL1456743,6.40,
CC(C)OC(=O)CN1CCN(CC1)C2c3ccccc3c4ccccc24,CHEMBL1393461,4.60,
CC(C)OC(=O)N1CCC(C)(CN2CCC3(CC2)CN(c4ncccc34)S(=O)(=O)C)CC1,CHEMBL3289444,,5.56
CC(C)OC[C@H](Oc1ncnc2c1cnn2c3ccccc3Cl)C(=O)Nc4ccc(C)cn4,CHEMBL3221488,,4.50
CC(C)OC[C@H](Oc1ncnc2c1cnn2c3ccccc3Cl)C(=O)Nc4ccc(Cl)cn4,CHEMBL3221494,,4.80
CC(C)OC[C@H](Oc1ncnc2c1cnn2c3ccccc3Cl)C(=O)Nc4ccc(cn4)C#N,CHEMBL3221503,,4.90
CC(C)OC[C@H](Oc1ncnc2c1cnn2c3ccccc3Cl)C(=O)Nc4ccc(F)cn4,CHEMBL3221497,,4.60
CC(C)OC[C@H](Oc1ncnc2c1cnn2c3ncccc3Cl)C(=O)Nc4ccc(Cl)cn4,CHEMBL3221493,,4.20
CC(C)Oc1cc(C2CCN(C)CC2)c(C)cc1Nc3ncc(Cl)c(Nc4ccccc4S(=O)(=O)C(C)C)n3,CHEMBL2403849,,5.48
CC(C)Oc1cc(C2CCNCC2)c(C)cc1Nc3ncc(Cl)c(Nc4ccccc4S(=O)(=O)C(C)C)n3,CHEMBL2403108,,4.34
CC(C)Oc1cc(ccc1F)[C@@](Cc2ccccc2)(NC[C@@H](O)C(F)(F)F)c3cc(F)cc(OC(F)(F)C(F)F)c3,CHEMBL3813836,,4.68
CC(C)Oc1cc(ccc1F)[C@@](Cc2ccccc2)(NC[C@@H](O)CC(F)(F)F)c3cc(F)cc(OC(F)(F)C(F)F)c3,CHEMBL3814963,,4.64
CC(C)Oc1cc(ccc1Nc2ncc(Cl)c(Nc3ccccc3S(=O)(=O)C(C)C)n2)C4CCNCC4,CHEMBL2403845,,5.28
CC(C)Oc1cc(Nc2nc(N[C@@H](C)c3ccc(F)cn3)ncc2Cl)n[nH]1,CHEMBL457614,,5.28
CC(C)Oc1cc(O)c2C(=CCOc2c1)CCC(=O)O,CHEMBL1529665,5.50,
CC(C)Oc1cc(Oc2ccc(cc2)C(=O)N3CCC3)cc(c1)C(=O)Nc4ccn(C)n4,CHEMBL3219116,,4.57
CC(C)Oc1cc2cc(CC(O)(CC(C)(C)c3cc(F)ccc3C)C(F)(F)F)[nH]c2cn1,CHEMBL3358928,6.52,
CC(C)Oc1ccc(cc1)C(CC(=O)O)NC(=O)c2c(C)onc2c3ccccc3,CHEMBL1741555,4.55,
CC(C)Oc1ccc(cc1)C2N(CCCn3ccnc3)C(=O)C(=C2C(=O)c4oc(C)cc4)O,CHEMBL1374204,5.10,
CC(C)Oc1ccc(cc1C#N)c2onc(n2)c3ccc4CN(CCc4c3)C(CO)CO,CHEMBL1836214,,4.70
CC(C)Oc1ccc(cc1C#N)c2onc(n2)c3cnc4CN(CCc4c3C)C(CO)CO,CHEMBL1836213,,4.90
CC(C)Oc1ccc(F)cc1c2ccc(nc2)N3CCC(CNC(=O)c4ccc(cc4)c5oc6c(cc(cc6n5)C#N)C(C)C)CC3,CHEMBL1682748,,7.25
CC(C)Oc1ccc2C(=O)C=C(Oc2c1)c3ccccc3,CHEMBL1372514,4.90,
CC(C)Oc1cccc(c1)C(=O)NC(=S)N2CCN(CC2)c3ccc(cc3[N+](=O)[O-])C(F)(F)F,CHEMBL1470016,4.85,
CC(C)Oc1cccc(c1)n2cc3N=C(N(C[C@H]4CCCN(C[C@H]5CCCO5)C4)C(=O)c3n2)c6cccnc6C,CHEMBL3218914,,5.17
CC(C)Oc1cccc(NC(=O)c2ccc(cc2)c3cn(C)c4c(CN5C[C@H]6N([C@@H](Cc7ccc(O)cc7)C5=O)C(=O)CN(CC=C)N6C(=O)NCc8ccccc8)cccc34)c1,CHEMBL3699332,4.86,
CC(C)Oc1ccccc1CC(N2CCNCC2)c3ccccc3,CHEMBL1083405,,5.20
CC(C)Oc1ncc(cc1C#N)c2onc(n2)c3ccc4CCNCCc4c3,CHEMBL1836170,,5.50
CC(C)OCC1n2cncc2CN([C@@H](C)c3ccc(Cl)cc3)S1(=O)=O,CHEMBL1209694,6.92,
CC(C)OCCCNC(=O)C[S+]([O-])Cc1nc(oc1C)c2cccs2,CHEMBL1501507,4.90,
CC(C)OCCCNC(=O)CCS(=O)(=O)Cc1ccc(C)cc1,CHEMBL1322570,4.45,
CC(C)OCCN1C(=O)N(C2CCN(CC2)C(=O)C3CCN(Cc4ccncc4)CC3)c5ccccc15,CHEMBL1222719,5.22,
CC(C)S(=O)(=O)c1cc2cc(CC(O)(CC(C)(C)c3ccc(F)cc3C(=O)N)C(F)(F)F)[nH]c2cn1,CHEMBL3358951,5.40,
CC(C)S(=O)(=O)c1ccccc1Nc2nc(Nc3cc(C)c(cc3OC4CCC4)C5CCNCC5)ncc2Cl,CHEMBL2403848,,5.52
CC(C)S(=O)(=O)N[C@@H]1COC[C@@H]1c2ccc(cc2)c3ccc(cc3)C#N,CHEMBL1289181,,4.90
CC(C)S(=O)(=O)N[C@@H]1COC[C@@H]1c2ccc(cc2)c3ccc(F)nc3,CHEMBL1289294,,4.90
CC(C)S(=O)(=O)N[C@H]1CN(C)C[C@@H]1c2ccc(cc2)c3cccc(c3)C(=O)C,CHEMBL1290504,,5.10
CC(C)S(=O)(=O)N[C@H]1CN(C)C[C@@H]1c2ccc(cc2)c3cccc(c3)C(F)(F)F,CHEMBL1290612,,5.40
CC(C)S(=O)(=O)N[C@H]1CN(C)C[C@@H]1c2ccc(cc2)c3cccnc3,CHEMBL1290731,,4.50
CC(C)S(=O)(=O)N[C@H]1CN(C)C[C@@H]1c2ccc(cc2)c3cccnc3F,CHEMBL1290732,,5.20
CC(C)S(=O)(=O)N[C@H]1CN(C[C@@H]1c2ccc(cc2)c3cccc(NS(=O)(=O)C)c3)c4ccccc4,CHEMBL1290165,,5.89
CC(C)S(=O)(=O)n1c(N)nc2ccc(cc12)c3[nH]c(nc3c4ccc(F)cc4)C(C)(C)C.CS(=O)(=O)O.CS(=O)(=O)O,CHEMBL193055,4.50,
CC(C)S(=O)(=O)NC[C@@H]1CC[C@H](CC1)NC(=O)CN2CCc3cc(Cl)ccc23,CHEMBL2013012,6.16,
CC(C)S(=O)(=O)Nc1cc(C(=O)N2CCC(CCN3C4CCC3CC(C4)n5c(C)nc6ccccc56)(CC2)c7cccc(F)c7)c(F)cc1F,CHEMBL1784526,,5.05
CC(C)Sc1cc(nc(n1)c2ccc(Cl)cc2)N3CCOCC3,CHEMBL1710092,4.75,
CC(C[C@H](NC(=O)C1CCC1)c2ccccc2)N3CCC(CC3)c4oc(CN(C)C)nn4,CHEMBL459598,,5.51
CC(C[C@H](NC(=O)C1CCC1)c2ccccc2)N3CCC(CC3)N4C=C(NC4=O)c5ccccc5,CHEMBL460009,,8.33
CC(C\C=N\NC(=O)COc1cc(Cl)ccc1Cl)c2ccccc2,CHEMBL3192647,4.85,
CC(C1CC1)n2c(CNC(=O)[C@@H](Cc3ccccc3C(F)(F)F)NC(=O)OC(C)(C)C)nc4cccnc24,CHEMBL253883,6.07,
CC(c1ccc(Cl)cc1)n2c(S)nnc2c3ccc4ccccc4n3,CHEMBL1391974,5.10,
CC(c1ccc(OCCCN2CCC(CC2)c3noc4cc(F)ccc34)cc1)c5oc6ccccc6n5,CHEMBL3634825,,6.00
CC(CC#N)N1C(C(=O)NCc2ccc(OC(F)(F)F)cc2)c3ccccc3C1=O,CHEMBL2164380,,4.51
CC(CC(=O)Nc1ccc(Cl)c(c1)[N+](=O)[O-])c2ccccc2,CHEMBL1498258,5.00,
CC(Cc1ccccc1)C(=O)NCc2cc(C)n(C)n2,CHEMBL1603860,5.00,
CC(Cc1ccccc1)C(=O)NCc2ccncc2,CHEMBL1402369,5.60,
CC(Cc1ccccc1)C(=O)NCc2nn(nc2C)c3ccccc3,CHEMBL1338378,5.60,
CC(Cc1ccccc1)C(=O)NCCc2c[nH]c3ccccc23,CHEMBL1444266,5.60,
CC(Cc1ccccc1)C(=O)NCCO,CHEMBL1476789,4.80,
CC(Cc1ccccc1)N\C=C\2/CC(=O)NC2=O,CHEMBL1301031,5.40,
CC(Cc1ccccc1)NCCC(c2ccccc2)c3ccccc3,CHEMBL24072,,7.19
CC(Cc1ccccn1)N2C(C(=O)NCc3ccc(OC(F)(F)F)cc3)c4ccccc4C2=O,CHEMBL2164360,,5.07
CC(Cc1ccncc1)c2nc3cc(C)c(C)cc3n2Cc4ccc(Cl)cc4,CHEMBL3699564,,5.06
CC(CCC(=O)O)C1CCC2C3C(O)C[C@@H]4CC(O)CC[C@@]4(C)C3CC[C@@]12C,CHEMBL1520183,4.40,
CC(CCC=C(C)C)C1CC[C@@]2(C)C3=C(CC[C@@]12C)C4(C)CCC(OC(=O)C)C(C)(C)C4CC3,CHEMBL1354685,4.50,
CC(CCc1ccccc1)NC(=O)\C=C\c2ccccc2,CHEMBL1583279,4.60,
CC(CCc1ccccc1)NC(=O)c2cccc(c2C)[N+](=O)[O-],CHEMBL1305631,4.60,
CC(CCc1nc2ccccc2s1)(c3ccc(O)cc3)c4ccc(O)cc4,CHEMBL1449517,5.40,
CC(CCSc1nnc(c2cccc3nc(C)ccc23)n1C)N4CCc5cc6nc(oc6c(Br)c5CC4)C(F)(F)F,CHEMBL255618,,5.70
CC(CN(C)C)n1c(nc2c(nc(C)nc12)N3CCOCC3)c4ccccc4,CHEMBL1568722,4.70,
CC(CN(C)C)n1c(nc2c(NC3CCCCC3)nc(C)nc12)c4ccccc4,CHEMBL1435744,4.90,
CC(CN1C(=S)N\C(=C/c2ccc(cc2)C#N)\C1=O)Cn3ccnc3,CHEMBL1596831,5.95,
CC(CN1CCN(CC1)C(=O)Cc2ccc(nc2)n3cnnn3)c4ccc5C(=O)OCc5c4C,CHEMBL3794292,,4.31
CC(CO)Nc1nc(SCc2ccccc2)nc3sc4CCCc4c13,CHEMBL1310810,4.85,
CC(CS(=O)(=O)N1CCN(CC1)c2ccc(F)cc2)N(O)C=O,CHEMBL1784368,6.00,
CC(F)(F)CNC(=O)N1Cc2nc(N)nc(c2C1)c3c(Cl)cc(Cl)cc3OCCn4cc(F)cn4,CHEMBL1774932,6.22,
CC(F)CN1C[C@H]2C[C@H](C[C@H]2C1)N(Cc3cccc(OC(F)(F)F)c3)C(=O)c4cn(C)cn4,CHEMBL605540,5.10,
CC(N(C(=O)c1ccc([nH]1)c2ccccc2)c3ccccc3F)C(=O)NC4CCCC4,CHEMBL1303348,5.40,
CC(N(C(=O)c1snc(C(=O)N)c1N)c2ccc3OCCOc3c2)C(=O)NC4CCCC4,CHEMBL1525558,5.45,
CC(N(C)C)C1(CCCCC1)c2ccc(Cl)c(Cl)c2,CHEMBL1684047,,4.40
CC(N(c1ccc(C)cc1)S(=O)(=O)C)C(=O)Nc2cc(Cl)ccc2Oc3ccccc3,CHEMBL1538975,5.35,
CC(N(c1ccccc1)S(=O)(=O)C)C(=O)Nc2ccccc2Sc3ccccc3,CHEMBL1392464,5.30,
CC(N(Cc1occc1)C(=O)Nc2ccc(C)c(C)c2)c3occc3,CHEMBL1491709,5.50,
CC(N)C(=O)OC(C)(C)Cc1ccc(Cl)cc1,CHEMBL36591,4.80,
CC(N)COc1c(C)cccc1C,CHEMBL558,,5.00
CC(N1C(=O)C2C3CC(C(Br)C3Br)C2C1=O)C(=O)Nc4ccc(C)cc4,CHEMBL1541179,5.25,
CC(N1C[C@H](N)[C@@H](C1)C(=O)N2CCC[C@H]2C#N)c3ccc(cc3)C#N,CHEMBL249601,,5.00
CC(N1c2cccc3cccc(c23)S1(=O)=O)C(=O)NCc4ccc5OCOc5c4,CHEMBL1507611,6.50,
CC(N1CCN(CCN2Cc3ccccc3C2)C1=O)c4cccc(c4)C(F)(F)F,CHEMBL564741,,5.90
CC(NC(=O)C1(C)CC1(Br)Br)C(C)(C)C,CHEMBL1741636,4.85,
CC(NC(=O)C1(N)CCN(CC1)c2ncnc3[nH]ccc23)c4ccc(F)cc4,CHEMBL2325987,,4.57
CC(NC(=O)c1ccccc1Br)c2ccc3CCCCc3c2,CHEMBL1522134,4.60,
CC(NC(=O)C1N(CCc2ccccn2)C(=O)c3ccccc13)c4ccc(OCC(F)(F)F)cc4,CHEMBL2164393,,5.14
CC(NC(=O)c1oc(Cn2cc(cn2)[N+](=O)[O-])cc1)c3ccccc3,CHEMBL1542230,4.60,
CC(NC(=O)Cc1ccc(F)cc1)c2ccccc2,CHEMBL1742363,4.60,
CC(NC(=O)CCc1c(C)nc2ncnn2c1C)c3ccc4OCCOc4c3,CHEMBL1607888,4.80,
CC(NC(=O)CCSc1nc(cc(n1)C(F)(F)F)c2ccc3OCOc3c2)c4ccccc4,CHEMBL1353351,7.40,
CC(NC(=O)CCSc1nc(cc(n1)C(F)(F)F)c2occc2)c3ccccc3,CHEMBL1578210,4.70,
CC(NC(=O)CSC1=NC(=O)C=C(N)N1CCc2ccccc2)c3ccccc3,CHEMBL1405696,6.75,
CC(O)(C(=O)NC1CC(C)(C)Oc2nc(c3ccc(Cl)cc3Cl)c(cc12)c4ccc(Cl)cc4)C(F)(F)F,CHEMBL1097455,,6.22
CC(O)(c1ccc(CN2CCC3(CC2)OCc4cc(F)ncc34)cc1)c5ccc(F)c(F)c5,CHEMBL568361,,6.28
CC(O)(c1ccccc1)c2ccc(cn2)C(Cc3cc[n+]([O-])cc3)c4ccc(OC(F)F)c(OC(F)F)c4,CHEMBL61191,,5.93
CC(O)(CS(=O)(=O)Cc1ccc(Cl)cc1)C(=O)Nc2cccc(c2)C(F)(F)F,CHEMBL1572029,5.70,
CC(O)(CS(=O)(=O)Cc1ccccc1Cl)C(=O)Nc2cccc(c2)C(F)(F)F,CHEMBL1446260,5.60,
CC(O)c1ccccc1S(=O)(=O)c2ccc(\C=C\c3ccc(F)cc3)cc2,CHEMBL1084721,,5.40
CC(Oc1ccc(c(F)c1)c2ccccc2)c3ccn(n3)S(=O)(=O)c4ccc(Cl)cc4,CHEMBL1480116,4.80,
CC(Oc1ccc(cc1C(=O)N2CCN(CC2)c3ccc(cc3)C#N)S(=O)(=O)C)C(F)(F)F,CHEMBL1171498,,5.92
CC(Oc1ccc(cc1C(=O)N2CCN(CC2)c3ccc(cc3)C(F)(F)F)S(=O)(=O)C)C(F)(F)F,CHEMBL1171499,,5.00
CC(Oc1ccc(cc1C(=O)N2CCN(CC2)c3ccc(cc3F)C(F)(F)F)S(=O)(=O)C)C(F)(F)F,CHEMBL1172199,,5.16
CC(Oc1ccc(cc1C(=O)N2CCN(CC2)c3ccc(cn3)C(F)(F)F)S(=O)(=O)C)C(F)(F)F,CHEMBL1170071,,4.70
CC(Oc1ccc(cc1C(=O)N2CCN(CC2)c3ncc(cc3F)C(F)(F)F)S(=O)(=O)C)C(F)(F)F,CHEMBL1171649,,4.70
CC(Oc1ccc(Cl)cc1Cl)C(=O)\C=C\N(C)C,CHEMBL1324352,4.60,
CC(Oc1ccccc1CC=C)C2=NCCN2,CHEMBL495095,,4.77
CC(Oc1ccccc1CC2CC2)C3=NCCN3,CHEMBL1956195,,5.05
CC(Sc1cc(C)c2ccccc2n1)C(=O)NC3=C(C)N(C)N(C3=O)c4ccccc4,CHEMBL1534714,4.90,
CC(Sc1ccc(C)cc1)C(=O)NCc2cccnc2,CHEMBL1453217,6.00,
CC(Sc1nnc(C(C)N(C)C)n1c2ccc(Cl)cc2)C(=O)Nc3ccc4OCOc4c3,CHEMBL1540475,6.05,
CC(Sc1nnc(c2occc2)n1c3ccccc3)C(=O)Nc4c(C)cc(C)cc4C,CHEMBL1602002,5.45,
CC[C@@]1([C@@H]2CN(CC3Cc4ccccc4C3)C[C@H]12)c5cccc(NS(=O)(=O)C)c5,CHEMBL1957718,,6.49
CC[C@@]1(N)CCCN(C1)c2cc3N(C)C(=O)N(C)C(=O)c3n2Cc4cc(F)ccc4C#N,CHEMBL1819091,10.66,
CC[C@@]1(O)C(=O)OCC2=C1C=C3N(Cc4cc5ccccc5nc34)C2=O,CHEMBL65,5.20,
CC[C@@]12CCCN3CCc4c([C@@H]13)n(C(=O)C2)c5ccccc45,CHEMBL1553441,4.80,
CC[C@@H](C)[C@@H](N1C[C@H](CN2CCC(CC2)c3cc(Cc4ccc(OC(C)(C)C)cc4)nn3CC)[C@H](C1)c5cccc(F)c5)C(=O)O,CHEMBL366328,,5.25
CC[C@@H](C)[C@@H](N1C[C@H](CN2CCC(CC2)c3cc(Cc4ccc(OC)c(OC)c4)nn3CC)[C@H](C1)c5cccc(F)c5)C(=O)O,CHEMBL366871,,4.43
CC[C@@H](C)[C@@H](N1C[C@H](CN2CCC(CC2)c3cc(Cc4ccc(OC5CCC5)cc4)nn3CC)[C@H](C1)c6cccc(F)c6)C(=O)O,CHEMBL176459,,5.47
CC[C@@H](C)N1N=CN(C1=O)c2ccc(cc2)N3CCN(CC3)c4ccc(OC[C@@H]5CO[C@@](Cn6cncn6)(O5)c7ccc(Cl)cc7Cl)cc4,CHEMBL1835955,7.59,
CC[C@@H](C)N1N=CN(C1=O)c2ccc(cc2)N3CCN(CC3)c4ccc(OC[C@@H]5CO[C@](Cn6cncn6)(O5)c7ccc(Cl)cc7Cl)cc4,CHEMBL454471,8.40,
CC[C@@H](C)N1N=CN(C1=O)c2ccc(cc2)N3CCN(CC3)c4ccc(OC[C@H]5CO[C@](Cn6cncn6)(O5)c7ccc(Cl)cc7Cl)cc4,CHEMBL1835953,7.80,
CC[C@@H](Cn1cc(C)c2ccccc12)NS(=O)(=O)c3c(N)cc(Cl)cc3Cl,CHEMBL3093462,6.03,
CC[C@@H](CO)Nc1nc(NCc2ccccc2)c3ncn(C(C)C)c3n1,CHEMBL133342,4.90,
CC[C@@H](CS(=O)(=O)C(C)(C)C)N1[C@@H]([C@H](C[C@](C)(CC2=NOC(=O)N2)C1=O)c3cccc(Cl)c3)c4ccc(Cl)cc4,CHEMBL3236359,5.92,
CC[C@@H](N1C(=O)Nc2cnc3cc(c(OC)cc3c12)c4c(C)onc4C)c5ccccc5,CHEMBL2017290,5.62,
CC[C@@H](NC(=O)c1ccc2c(c1)ncn2Cc3ncc(F)cc3F)c4ccccc4,CHEMBL1821837,4.35,
CC[C@@H]1[C@H](Cc2cncn2C)COC1=O,CHEMBL611494,4.80,
CC[C@@H]1C(COC(=O)C)C(COC(=O)C)C2CC[C@H]3C(OCc4ccc(F)cc4C(F)(F)F)OC[C@]5(C)[C@H]3C2=C1CN5C(=O)OC(C)(C)C,CHEMBL1534872,5.60,
CC[C@@H]1C[C@@H](C[C@H](COC(=O)N2CCC(CC2)N3CCCCC3)N1S(=O)(=O)c4ccc(Cl)cc4)OC,CHEMBL248866,5.30,
CC[C@@H]1C[C@@H](O)C[C@H](COC(=O)N2CCN(CCO)CC2)N1S(=O)(=O)c3ccc(Cl)cc3,CHEMBL401323,4.52,
CC[C@@H]1C[C@H](O)C[C@H](COC(=O)N2CCN(CCO)CC2)N1S(=O)(=O)c3ccc(Cl)cc3,CHEMBL249086,4.81,
CC[C@@H]1C2COC(=O)OCC2C3CC[C@H]4C(OCc5ccc(F)cc5C(F)(F)F)OC[C@]6(C)[C@H]4C3=C1CN6C(=O)OC(C)(C)C,CHEMBL1442770,4.70,
CC[C@@H]1CCC[C@@H](N1S(=O)(=O)c2ccc(Cl)cc2)C3(CC(=O)N4CC5CCC(C4)N5CCO)CC3,CHEMBL403998,5.66,
CC[C@@H]1CCC[C@@H](N1S(=O)(=O)c2ccc(Cl)cc2)C3(CC(=O)N4CCC5(CCN5)CC4)CC3,CHEMBL252210,5.25,
CC[C@@H]1CCC[C@@H](N1S(=O)(=O)c2ccc(Cl)cc2)C3(CC(=O)N4CCNCC4)CC3,CHEMBL252211,6.52,
CC[C@@H]1CCC[C@@H](N1S(=O)(=O)c2ccc(Cl)cc2)C3(CC3)OC(=O)N4CCN(CCO)CC4,CHEMBL240070,6.40,
CC[C@@H]1CCC[C@@H](N1S(=O)(=O)c2ccc(Cl)cc2)C3(Cc4noc(C)n4)CC3,CHEMBL252817,4.77,
CC[C@@H]1CCC[C@@H](N1S(=O)(=O)c2ccc(Cl)cc2)C3(Cc4noc(CN(C)C(C)(C)CO)n4)CC3,CHEMBL253023,5.40,
CC[C@@H]1CCC[C@@H](N1S(=O)(=O)c2ccc(Cl)cc2)C3(Cc4noc(CN5CCOCC5)n4)CC3,CHEMBL253655,5.59,
CC[C@@H]1CN2CC[C@@H]1C[C@H]2[C@H](O)c3ccnc4ccc(OC)cc34,CHEMBL1436416,6.40,
CC[C@@H]1NC(=O)[C@H]([C@H](O)[C@H](C)C\C=C\C)N(C)C(=O)[C@H](C(C)C)N(C)C(=O)[C@H](CC(C)C)N(C)C(=O)[C@H](CC(C)C)N(C)C(=O)[C@@H](C)NC(=O)[C@H](C)NC(=O)[C@H](CC(C)C)N(C)C(=O)[C@@H](NC(=O)[C@H](CC(C)(C)O)N(C)C(=O)[C@@H](SCCN(C)C)N(C)C1=O)C(C)C,CHEMBL1269597,4.23,
CC[C@@H]1NC(=O)[C@H]([C@H](O)[C@H](C)C\C=C\C)N(C)C(=O)[C@H](C(C)C)N(C)C(=O)[C@H](CC(C)C)N(C)C(=O)[C@H](CC(C)C)N(C)C(=O)[C@@H](C)NC(=O)[C@H](C)NC(=O)[C@H](CC(C)C)N(C)C(=O)[C@@H](NC(=O)[C@H](CC(C)C)N(C)C(=O)CN(C)C1=O)C(C)C,CHEMBL160,5.12,
CC[C@@H]1OC(=O)[C@H](C)[C@H](O[C@@H]2C[C@](C)(OC)[C@H](O)[C@H](C)O2)[C@H](C)[C@H](O[C@@H]3O[C@@H](C)C[C@H]([C@@H]3O)N(C)C)[C@](C)(O)C[C@H](C)\C(=N/OCOCCOC)\[C@H](C)[C@H](O)[C@]1(C)O,CHEMBL1557202,4.90,
CC[C@@H]1Sc2ccccc2O[C@@H]1c3ccc(OCCCN4CCCC4)cc3,CHEMBL549433,,7.96
CC[C@](O)(c1cn(Cc2ccc3c(c4cccc(F)c4)c(sc3c2)C(=O)N)nn1)C(F)(F)F,CHEMBL1289557,,4.85
CC[C@](O)(c1cn(Cc2ccc3c(c4ccccc4)c(sc3c2)C(=O)N)nn1)C(F)(F)F,CHEMBL1289447,,4.80
CC[C@]1(CCC(=O)NC1=O)c2ccc(N)cc2,CHEMBL1394757,4.90,
CC[C@]1(O)C[C@@H]2CN(CCc3c([nH]c4ccccc34)[C@@](C2)(C(=O)OC)c5cc6c(cc5OC)N(C)[C@H]7[C@](O)([C@H](OC(=O)C)[C@]8(CC)C=CCN9CC[C@]67[C@H]89)C(=O)OC)C1,CHEMBL159,4.59,
CC[C@]12CCCN3CCc4c([C@@H]13)n(C(=O)C2)c5ccccc45,CHEMBL1318553,5.20,
CC[C@]12CCCN3CCc4c(C13)n(c5ccccc45)[C@@](O)(C2)C(=O)OC,CHEMBL1592905,4.50,
CC[C@H]([C@@H](c1ccc2cc(OCC(C)(C)C(=O)O)ccc2c1)n3ccnc3)N(C)C,CHEMBL208443,5.48,
CC[C@H](C(=O)Nc1ccccc1N2CCCC2)c3ccccc3,CHEMBL2164048,5.41,
CC[C@H](C)[C@@H](CO[C@@H](Cc1ccccc1)C(=O)N[C@@H](CCS(=O)(=O)C)C(=O)OC(C)C)NC[C@@H](N)CS,CHEMBL1221512,5.52,
CC[C@H](C)[C@@H](N1C[C@H](CN2CCC(CC2)c3cc(Cc4ccc(cc4)C(C)C)nn3CC)[C@H](C1)c5cccc(F)c5)C(=O)O,CHEMBL366868,,5.09
CC[C@H](C)[C@@H](N1C[C@H](CN2CCC(CC2)c3cc(Cc4ccc(OCC(F)(F)F)cc4)nn3CC)[C@H](C1)c5cccc(F)c5)C(=O)O,CHEMBL176933,,5.42
CC[C@H](C)[C@@H](N1C[C@H](CN2CCC(CC2)c3cc(Cc4ccccc4)nn3CC)[C@H](C1)c5cccc(F)c5)C(=O)O,CHEMBL174457,,4.52
CC[C@H](C)[C@H](NC(=O)OCC1c2ccccc2c3ccccc13)C(=O)O,CHEMBL560020,4.50,
CC[C@H](C)C(=O)O[C@@H]1C[C@H](C)C=C2C=C[C@H](C)[C@@H](CC[C@H]3C[C@@H](O)CC(=O)O3)[C@@H]12,CHEMBL1394089,4.90,
CC[C@H](C)N1N=CN(C1=O)c2ccc(cc2)N3CCN(CC3)c4ccc(OC[C@@H]5CO[C@@](Cn6cncn6)(O5)c7ccc(Cl)cc7Cl)cc4,CHEMBL1835954,7.70,
CC[C@H](CO)NC(=O)[C@H]1CN(C)[C@H]2Cc3c[nH]c4cccc(C2=C1)c34,CHEMBL1473622,5.70,
CC[C@H](N1C(=O)N2CC[C@@H]3[C@H]([C@H](O)[C@H]4O[C@@H]4/C/3=N/OC[C@@H](O)COCc5occc5)N2C1=O)c6ccccc6,CHEMBL1405913,5.40,
CC[C@H](N1C(=O)N2CC[C@@H]3[C@H]([C@H](O)[C@H]4O[C@@H]4/C/3=N/OC\C=C(/C)\CCC=C(C)C)N2C1=O)c5ccccc5,CHEMBL1475509,5.40,
CC[C@H](N1C(=O)N2CC[C@@H]3[C@H]([C@H](O)[C@H]4O[C@@H]4/C/3=N/OCc5ccccc5)N2C1=O)c6ccccc6,CHEMBL1512624,5.30,
CC[C@H](N1CC[C@@](CC(C)(C)O)(OC1=O)c2ccccc2)c3ccc(cc3)C4=CN(CC)C(=O)C=C4,CHEMBL3664659,4.32,
CC[C@H](N1CC[C@@](CC)(OC1=O)c2ccccc2)c3ccc(cc3)C4=CC(=O)N(C)C=C4,CHEMBL3664665,5.10,
CC[C@H](N1CC[C@@](CCCO)(OC1=O)c2ccccc2)c3ccc(cc3)c4ccc(F)cc4,CHEMBL1829762,5.82,
CC[C@H](NC(=O)c1c(C)c(nc2ccccc12)c3ccccc3)c4ccccc4,CHEMBL10284,5.10,
CC[C@H](NC(=O)c1c(O)c(nc2ccccc12)c3ccccc3)c4ccccc4,CHEMBL10188,5.40,
CC[C@H]1[C@@H](Cc2cncn2C)COC1=O.O[N+](=O)[O-],CHEMBL1213136,4.90,
CC[C@H]1CC[C@H]2[C@@H]3CC=C4C[C@H](OC(=O)C)[C@@H](N)C[C@@]4(C)[C@H]3CC[C@@]12C.CC(=O)O,CHEMBL1418542,5.60,
CC[C@H]1OC(=O)[C@H](C)[C@@H](O[C@H]2C[C@@](C)(OC)[C@@H](O)[C@H](C)O2)[C@H](C)[C@@H](O[C@@H]3O[C@H](C)C[C@@H]([C@H]3O)N(C)C(C)C)[C@](C)(O)C[C@@H](C)[C@H](O)[C@H](C)[C@@H](O)[C@]1(C)O,CHEMBL584549,,8.00
CC[C@H]1OC(=O)[C@H](C)[C@@H](O[C@H]2C[C@@](C)(OC)[C@@H](O)[C@H](C)O2)[C@H](C)[C@@H](O[C@@H]3O[C@H](C)C[C@@H]([C@H]3O)N(C)C)[C@](C)(O)C[C@@H](C)CN(C)[C@H](C)[C@@H](O)[C@]1(C)O,CHEMBL529,4.80,
CC[C@H]1OC(=O)[C@H](C)[C@@H](O[C@H]2C[C@@](C)(OC)[C@@H](O)[C@H](C)O2)[C@H](C)[C@@H](O[C@@H]3O[C@H](C)C[C@H]4[C@H]3O\C(=N/C(C)(C)C)\N4C)[C@@](C)(C[C@@H](C)C(=O)N[C@H](C)[C@@H](O)[C@]1(C)O)OC,CHEMBL2159135,5.85,
CC[C@H]1OC(=O)[C@H](C)[C@@H](O[C@H]2C[C@@](C)(OC)[C@@H](O)[C@H](C)O2)[C@H](C)[C@@H](O[C@@H]3O[C@H](C)C[C@H]4[C@H]3O\C(=N/C(C)C)\N4C)[C@@](C)(C[C@@H](C)NC(=O)[C@H](C)[C@@H](O)[C@]1(C)O)OC,CHEMBL2159133,6.00,
CC[C@H]1OC(=O)[C@H](C)[C@@H](O[C@H]2C[C@@](C)(OC)[C@@H](O)[C@H](C)O2)[C@H](C)[C@@H](O[C@@H]3O[C@H](C)C[C@H]4[C@H]3O\C(=N/C(C)C)\N4C)[C@](C)(O)C[C@@H](C)CN(C)[C@H](C)[C@@H](O)[C@]1(C)O,CHEMBL2159132,5.11,
CC[C@H]1OC(=O)[C@H](C)[C@@H](O[C@H]2C[C@@](C)(OC)[C@@H](O)[C@H](C)O2)[C@H](C)[C@@H](O[C@@H]3O[C@H](C)C[C@H]4[C@H]3O\C(=N\c5ccc(OC)cc5)\N4C)[C@@](C)(C[C@@H](C)C(=O)N[C@H](C)[C@@H](O)[C@]1(C)O)OC,CHEMBL2159136,5.33,
CC[C@H]1OC(=O)[C@H](C)[C@@H](O[C@H]2C[C@](C)(C[C@H](C)O2)OC)[C@H](C)[C@@H](O[C@@H]3O[C@H](C)C[C@@H]([C@H]3O)N(C)C(C)C)[C@](C)(O)C[C@@H](C)[C@H](OCC(=O)NC)[C@H](C)[C@@H](O)[C@]1(C)O,CHEMBL1778052,,4.52
CC[C@H]1OC(=O)[C@H](C)C(=O)[C@H](C)[C@@H](O[C@@H]2O[C@H](C)C[C@@H]([C@H]2O)N(C)C)[C@](C)(O)C[C@@H](C)C(=O)[C@H](C)[C@H]3N(C4CN(Cc5ccnc6ncccc56)C4)C(=O)O[C@]13C,CHEMBL583091,,4.10
CC[N+](C)(C)Cc1ccccc1Br.Cc2ccc(cc2)S(=O)(=O)[O-],CHEMBL1095292,5.80,
CC\C(=C(/c1ccccc1)\c2ccc(OCCN(C)C)cc2)\c3ccccc3,CHEMBL83,4.50,5.80
CC\C(=C(/CC)\c1ccc(O)cc1)\c2ccc(O)cc2,CHEMBL73310,4.90,
CC\N=C\1/O[C@H]2[C@H](O[C@@H]3[C@@H](C)[C@H](O[C@H]4C[C@@](C)(OC)[C@@H](O)[C@H](C)O4)[C@@H](C)C(=O)O[C@H](CC)[C@@](C)(O)[C@H](O)[C@@H](C)C(=O)[C@H](C)C[C@@]3(C)O)O[C@H](C)C[C@@H]2N1C,CHEMBL2159140,5.24,
CC\N=C\1/O[C@H]2[C@H](O[C@@H]3[C@@H](C)[C@H](O[C@H]4C[C@@](C)(OC)[C@@H](O)[C@H](C)O4)[C@@H](C)C(=O)O[C@H](CC)[C@@](C)(O)[C@H](O)[C@@H](C)N(C)C[C@H](C)C[C@@]3(C)O)O[C@H](C)C[C@@H]2N1C,CHEMBL2159139,5.10,
CC1(C)[C@@H](O)CC[C@@]2(C)[C@H]1CC[C@]3(C)[C@@H]2C(=O)C=C4[C@@H]5C[C@](C)(CC[C@]5(C)CC[C@@]34C)C(=O)O,CHEMBL230006,4.80,
CC1(C)[C@@H]2CC[C@@]1(C)C3=C2C(=O)N(N3Cc4ccccc4)c5ccc(F)cc5F,CHEMBL3291346,5.22,
CC1(C)C(=O)C(=C2CN3C(=O)N(CCc4ccccc4)C(=O)C3(Cc5ccccc5)C=C12)c6ccccc6,CHEMBL1487944,5.70,
CC1(C)C(C(Cl)Cl)C2(Cl)C(Cl)C(Cl)C1(Cl)C2(Cl)Cl,CHEMBL1339089,5.10,
CC1(C)C(CC(=O)O)[C@]2(C)C3CC[C@@]4(C)C(OC(=O)C=C4[C@@]3(O)CC(C1=O)C2=O)c5cocc5,CHEMBL1436333,4.60,
CC1(C)C(O)CC(=O)[C@]2(C)C1CC(=O)[C@]3(C)C2CC[C@@]4(C)C(OC(=O)C5O[C@]345)c6cocc6,CHEMBL1317069,5.00,
CC1(C)C(O)CC(O)[C@]2(C)C1CC(O)[C@]3(C)C2CC[C@@]4(C)C(OC(=O)C5O[C@]345)c6cocc6,CHEMBL1445173,4.90,
CC1(C)C(O)CC[C@]2(C)C1CC[C@@]3(C)C2C(=O)C=C4[C@@H]5C[C@](C)(CC[C@@]5(C)CCC34C)C(=O)O,CHEMBL1483862,4.40,
CC1(C)C[C@@H](CN2CCC(F)(CNC(=O)c3cc(Cl)cc(Cl)c3)CC2)CCO1,CHEMBL488817,,5.42
CC1(C)C[C@@H](NC(=O)c2ccc3[nH]ncc3c2)c4cc(c5ccc(Cl)cc5)c(nc4O1)c6ccc(Cl)cc6Cl,CHEMBL1095554,,6.20
CC1(C)C[C@@H](NC(=O)c2cn[nH]c2)c3cc(c4ccc(Cl)cc4)c(nc3O1)c5ccc(Cl)cc5Cl,CHEMBL1097841,,6.42
CC1(C)C[C@@H](NC(=O)c2n[nH]c3ccccc23)c4cc(c5ccc(Cl)cc5)c(nc4O1)c6ccc(Cl)cc6Cl,CHEMBL1095553,,5.34
CC1(C)C[C@@H](NC(=O)Nc2cccc3cnccc23)c4cc(F)ccc4O1,CHEMBL3326569,6.00,
CC1(C)C[C@@H](NC(=O)Nc2cccc3cnccc23)c4ccc(OC(F)(F)F)cc4O1,CHEMBL3326576,5.66,
CC1(C)C[C@H](CN2CCC(F)(CNC(=O)c3cc(Cl)cc(Cl)c3)CC2)CCO1,CHEMBL488653,,5.30
CC1(C)C[C@H]2C1CCC3(C)OC3CC2=C,CHEMBL1476705,4.60,
CC1(C)C=CC(=O)[C@]2(C)C1CC(=O)[C@]3(C)C2CC[C@@]4(C)C(OC(=O)C5OC345)c6cocc6,CHEMBL1494064,5.70,
CC1(C)C2(C)CCC1(C2Br)C(=O)Nc3cccc4ccccc34,CHEMBL1406944,4.95,
CC1(C)C2=C3C=C4C(CC[N+]5=C4C(C)(C)c6cc(ccc56)S(=O)(=O)[O-])OC3CCN2c7ccc(CC(=O)NCCCCN(CCOc8ccc(NS(=O)(=O)C)cc8)CCc9ccc(NS(=O)(=O)C)cc9)cc17,CHEMBL390302,,7.75
CC1(C)C2=C3C=C4C(CC[N+]5=C4C(C)(C)c6cc(ccc56)S(=O)(=O)[O-])OC3CCN2c7ccc(CC(=O)NCCCN(CCOc8ccc(NS(=O)(=O)C)cc8)CCc9ccc(NS(=O)(=O)C)cc9)cc17,CHEMBL227169,,6.80
CC1(C)C2=C3CC4C(CC[N+]5=C4C(C)(C)c6cc(ccc56)S(=O)(=O)[O-])OC3CCN2c7ccc(CC(=O)NCCCCCCN(CCOc8ccc(NS(=O)(=O)C)cc8)CCc9ccc(NS(=O)(=O)C)cc9)cc17,CHEMBL227000,,6.51
CC1(C)C2C=C[C@@]3(C)C(CC[C@@]4(C)C(OC(=O)C5OC345)c6cocc6)[C@@]2(C)C=CC1=O,CHEMBL1555267,5.10,
CC1(C)C2CC(=O)[C@]3(C)C(CC[C@@]4(C)C(OC(=O)C5O[C@]345)c6cocc6)[C@]2(C)C=CC1=O,CHEMBL1512460,5.60,
CC1(C)C2CC(O)[C@]3(C)C(CC[C@@]4(C)C(OC(=O)C=C34)c5cocc5)[C@@]2(C)CCC1=O,CHEMBL1513463,4.80,
CC1(C)C2CC(O)[C@]3(C)C(CC[C@@]4(C)C(OC(=O)C5O[C@]345)c6cocc6)[C@@]2(C)C=CC1=O,CHEMBL1359049,5.40,
CC1(C)CC(=C(\C=N\CCN2CCN(CC2)C(=S)Nc3ccc(F)cc3)C(=O)C1)O,CHEMBL3197274,4.60,
CC1(C)CC(=C(C(=O)c2ccccc2)\C(=N\CC=C)\C1)O,CHEMBL3207362,4.60,
CC1(C)CC(=C(C(C#Cc2ccccc2)C3=C(O)CC(C)(C)CC3=O)C(=O)C1)O,CHEMBL1587080,4.50,
CC1(C)CC(=C2C(c3ccc(F)cc3)c4cc5OCOc5cc4N=C2C1)O,CHEMBL1486506,6.00,
CC1(C)CC(=O)C2=C(C1)N(C(=C(C#N)C2c3cccs3)N)c4ccc(F)cc4,CHEMBL1420930,6.00,
CC1(C)CC(=O)C2=C(C1)N(Cc3cccnc3)C(=O)C2(NC(=O)c4cccnc4)C(F)(F)F,CHEMBL1507467,4.90,
CC1(C)CC(=O)c2c(C1)oc3cc4OCOc4cc23,CHEMBL1554099,5.40,
CC1(C)CC(NC(=O)C(F)(F)CO)c2cc(c3ccc(Cl)cc3)c(nc2O1)c4ccc(Cl)cc4Cl,CHEMBL1095159,,7.10
CC1(C)CC(NC(=O)CC(O)C(F)(F)F)c2cc(c3ccc(Cl)cc3)c(nc2O1)c4ccc(Cl)cc4Cl,CHEMBL1097456,,5.61
CC1(C)CC[C@@]2(C(O)C[C@@]3(C)C(=CCC4[C@@]5(C)CCC(O)C(C)(C)C5CC[C@]34C)C2C1)C(=O)O,CHEMBL1395408,4.80,
CC1(C)CC[C@@]2(CC[C@@]3(C)C(=CCC4[C@@]5(C)CCC(O)[C@@](C)(CO)C5CC[C@]34C)C2C1)C(=O)O,CHEMBL1436053,4.90,
CC1(C)CC[C@@]2(CC[C@]3(C)C(=CCC4[C@@]5(C)CC[C@H](O)C(C)(C)C5[C@H](O)C[C@@]34C)C2C1)C(=O)O,CHEMBL1494479,4.60,
CC1(C)CC2(CC(C)(OC2=O)C(=O)CSc3nc4ccccc4s3)C(=O)O1,CHEMBL1461795,5.00,
CC1(C)CC2(CCN(CC2)C(=O)c3ccc(C[C@@H]4CC[C@@H](N4)[C@H](O)c5ccccc5)cc3)C(=O)O1,CHEMBL3746280,,4.51
CC1(C)CC2(CCO1)OC(=O)CC2C(=O)NCCc3ccccc3,CHEMBL1707095,4.55,
CC1(C)Cc2c(CN3CCC4(CC3)CCN(CC4)C(=O)c5ccnc(N)c5)cccc2O1,CHEMBL567627,,4.54
CC1(C)Cc2c(CN3CCC4(CC3)CCN(CC4)C(=O)c5ccncc5)cccc2O1,CHEMBL583621,,4.52
CC1(C)Cc2c(CO1)c(nc(SCc3ccccc3)c2C#N)N4CCOCC4,CHEMBL1399273,4.60,
CC1(C)Cc2c(CO1)sc3ncnc(NN=C(S)NCC=C)c23,CHEMBL1487692,4.75,
CC1(C)Cc2c(CS1)sc3N=C(SCC(=O)NCc4ccccc4)N(C(=O)c23)c5ccccc5,CHEMBL1726083,5.45,
CC1(C)CC2C1CCC(=C)\C(=N/O)\CCC2=C,CHEMBL1418023,4.50,
CC1(C)Cc2cccc(CN3CCC4(CC3)CCN(CC4)C(=O)c5ccc(N)cn5)c2O1,CHEMBL568523,,4.36
CC1(C)Cc2cccc(CN3CCC4(CC3)CCN(CC4)C(=O)c5ncccc5N)c2O1,CHEMBL566324,,4.49
CC1(C)CCC(C)(C)c2cc(ccc12)C3(SCCS3)c4ccc(CCC(=O)O)cc4,CHEMBL3787323,5.13,
CC1(C)CCC(CC1)c2ccc(cc2)c3ccc(cc3F)C4(CC4)C(=O)O,CHEMBL372751,4.08,
CC1(C)CCC(CC1)n2c3cnccc3c4cnc(Nc5ccc(cn5)N6CCNCC6)nc24,CHEMBL3237704,5.02,
CC1(C)CCC[C@@]2(C)[C@@H]1CC[C@]3(C)OC(=O)C[C@@H]23,CHEMBL1437047,4.70,
CC1(C)CCC2=C(O1)c3ccccc3C(=O)C2=O,CHEMBL15192,4.80,
CC1(C)CCc2cc(ccc2O1)S(=O)(=O)N(CC(=O)O)C3(CCC3)c4cccc(c4)c5cc(Cl)cc(Cl)c5,CHEMBL3764017,5.05,4.40
CC1(C)CCc2cc(ccc2O1)S(=O)(=O)N(CC(=O)O)Cc3cccc(c3)c4ccccc4,CHEMBL3764044,4.40,4.70
CC1(C)CCCC2(C)C3C(O)CC2(C)C(O)C13,CHEMBL1398262,4.50,
CC1(C)CN(C(=O)CC2=NC(=CC(=O)N2)N3CCOCC3)c4ccccc14,CHEMBL3112865,4.40,
CC1(C)CN2C(=CSC2=N1)CS\C(=N/C3CCCCC3)\NC4CCCCC4,CHEMBL460491,,4.88
CC1(C)N(C(=O)CSC2=NCCS2)c3ccccc3C4=C1SSC4=S,CHEMBL1349535,5.75,
CC1(C)N(CCn2c(Nc3ccc(Cl)cc3)c(nc12)c4ccc(F)cc4)C(=O)CN,CHEMBL2431809,,5.14
CC1(C)N(CCn2c(Nc3ccc(F)cc3)c(nc12)c4ccc(F)cc4)C(=O)CN,CHEMBL2058833,,4.87
CC1(C)NC(=O)N(C1=O)c2ccc(c(c2)C(F)(F)F)[N+](=O)[O-],CHEMBL1274,4.90,
CC1(C)NCCc2c1oc3cc(ccc23)S(=O)(=O)c4cccc(F)c4,CHEMBL1935594,,6.00
CC1(C)OC(=O)N([C@@H]2CC[C@H](CC2)c3cnc(N)c(c3)c4ncccn4)[C@H]1c5ccccc5,CHEMBL3099716,,4.96
CC1(C)OC(=S)Nc2ccc(cc12)S(=O)(=O)N3c4ccccc4COc5cc(F)ccc35,CHEMBL3775473,6.44,
CC1(C)OC(C(O1)C(O)(c2ccccc2)c3ccccc3)C(O)(c4ccccc4)c5ccccc5,CHEMBL1397851,5.60,
CC1(C)Oc2c(CN3CCC4(CC3)CCN(CC4)C(=O)c5ccc(N)cn5)cccc2C1(F)F,CHEMBL579072,,4.32
CC1(C)Oc2c(CN3CCC4(CC3)CCN(CC4)C(=O)c5ccnc(N)c5)cccc2C=C1,CHEMBL568522,,4.42
CC1(C)OC2CC3C4CC(F)C5=CC(=O)C=C[C@@]5(C)[C@@]4(F)C(O)C[C@@]3(C)[C@@]2(O1)C(=O)CO,CHEMBL1484995,4.40,
CC1(C)OC2CC3C4CC(F)C5=CC(=O)C=CC5(C)C4C(O)CC3(C)[C@@]2(O1)C(=O)CO,CHEMBL1394734,4.40,
CC1(C)OC2CC3C4CCC5=CC(=O)C=C[C@@]5(C)[C@]4(F)C(O)C[C@@]3(C)[C@@]2(O1)C(=O)CO,CHEMBL1318186,4.80,
CC1(C)OC2CC3C4CCC5=CC(=O)CCC5(C)C4(F)C(O)CC3(C)[C@@]2(O1)C(=O)CCl,CHEMBL1356068,4.60,
CC1(C)Oc2cc3OC=C(C(=O)c3c(O)c2C=C1)c4ccc5OCOc5c4,CHEMBL252722,4.60,
CC1(C)Oc2ccc3C[C@@H](COc3c2C=C1)c4ccc(O)cc4O,CHEMBL480477,5.16,
CC1(C)Oc2cccc(CN3CCC4(CC3)CCN(CC4)C(=O)c5ccnc(N)c5)c2O1,CHEMBL584087,,4.78
CC1(C)OCC(CSC2=C(SCC3COC(C)(C)O3)C(=O)c4ncccc4C2=O)O1,CHEMBL1596675,4.80,
CC1(C)S[C@@H]2[C@H](NC(=O)C3(N)CCCCC3)C(=O)N2[C@H]1C(=O)O,CHEMBL1200356,4.80,
CC1(C)SC(=S)N(Cc2ccc3OCOc3c2)C1N(O)C(=O)NC4CCCCC4,CHEMBL1517652,5.95,
CC1(C)SC(=S)N(NC(=O)Nc2ccccc2)C1N(O)C(=O)Nc3ccccc3,CHEMBL1384157,5.60,
CC1(C=CC2(CCCCC2)N1C(=O)c3ccccc3)C(=O)NCC4CC4,CHEMBL1335213,5.10,
CC1(C=CCN1C(=O)c2ccccc2)C(=O)NCCN3CCOCC3,CHEMBL1370159,4.60,
CC1(CC(=O)NCc2ccc3CCOc3c2)CC4(CCCCC4)OO1,CHEMBL584886,5.59,
CC1(CC(=O)NCc2cccc(c2)C(F)(F)F)CC3(CCCCC3)OO1,CHEMBL567169,5.50,
CC1(CC(=O)NCc2ccccc2N3CCCCC3)CC4(CCCCC4)OO1,CHEMBL578578,5.80,
CC1(CC(=O)NCCNc2ccnc3cc(Cl)ccc23)CC4(CCCCC4)OO1,CHEMBL462360,6.00,
CC1(CC1)[C@@H]2COC[C@H](COC(=O)N3CCC(CO)CC3)N2S(=O)(=O)c4ccc(Cl)cc4,CHEMBL1271763,8.26,
CC1(Cc2c([nH]c3ccccc23)C(N1)C4CCOCC4)c5nc(c[nH]5)c6ccccc6,CHEMBL3775729,,5.53
CC1(CCN(C[C@@H]2CCc3cccnc3[C@@H](O)C2)CC1)c4ccccc4,CHEMBL518922,,4.96
CC1(CCN(C1=O)[C@@]2(CC[C@H](CC2)N3CCN(C(=O)C3)c4ccccc4)c5ccccc5)c6cc(cc(c6)C(F)(F)F)C(F)(F)F,CHEMBL383048,,5.71
CC1(CCN(C1=O)[C@@]2(CC[C@H](CC2)N3CCN(C(=O)C3)c4ccccc4Cl)c5ccccc5)c6cc(cc(c6)C(F)(F)F)C(F)(F)F,CHEMBL381984,,5.53
CC1(CCN(CC1)C(=O)c2c(Cl)cncc2Cl)N3CCC(CC3)N(c4ccccc4)c5cccnc5,CHEMBL255644,,5.70
CC1(CN(C1)c2cc(COc3ccc(F)c(F)c3F)nc(n2)c4ccccn4)C#N,CHEMBL3740291,,5.00
CC1(COc2ccc(C[C@H]3SC(=O)NC3=O)cc2)CCCCC1,CHEMBL1398683,4.80,
CC1(NC(=O)N(CC(=O)NCCC2=CCCCC2)C1=O)c3ccccc3,CHEMBL1717521,4.70,
CC1(Oc2cccc(F)c2C(=N1)N)c3cccc(c3)c4cncnc4,CHEMBL2380440,,5.05
CC1(Oc2ccccc2C(=N1)N)c3cccc(c3)c4cncnc4,CHEMBL2380461,,5.24
CC1(OCCC(=N1)N)c2cccc(c2)c3cccc(Cl)c3,CHEMBL2380444,,5.21
Cc1[nH]c(cc1C(=O)NCCCN2CCN(CC2)c3cccc(Cl)c3Cl)c4ccccc4,CHEMBL1086626,,7.00
Cc1[nH]c2ccc(O)cc2c1CCN,CHEMBL266591,4.80,
Cc1[nH]c2ccccc2c1C3CCN(Cc4ccc(\C=C\C(=O)NO)cc4)C3,CHEMBL1089344,,4.87
Cc1[nH]c2ccccc2c1CC3CCCCN3Cc4ccc(\C=C\C(=O)NO)cc4,CHEMBL1089359,,5.04
Cc1[nH]c2ccccc2c1CCN(CCF)Cc3ccc(\C=C\C(=O)NO)cc3,CHEMBL1819138,,5.24
Cc1[nH]c2ccccc2c1CCN3CCc4ccc(\C=C\C(=O)NO)cc4C3,CHEMBL1093362,,5.57
Cc1[nH]c2ccccc2c1CCN3CCCC3c4ccc(\C=C\C(=O)NO)cc4,CHEMBL1089700,,4.71
Cc1[nH]c2ccccc2c1CCNC(=O)c3ccc4C(=O)c5ccccc5C(=O)c4c3[N+](=O)[O-],CHEMBL1313043,5.05,
Cc1[nH]nc2c3cc(C4CCCCC4)c(cc3N(CCCN)C(=O)c12)C5CCCCC5,CHEMBL250481,,5.28
Cc1[nH]nc2ccc(cc12)c3cc(OC[C@@H](N)Cc4c[nH]c5ccccc45)cnc3c6cocc6,CHEMBL593490,7.30,
CC1=C(\C=N\c2ccc3[nH]c(O)nc3c2)C(=O)N(N1)c4ccc(C)c(C)c4,CHEMBL3145283,4.85,
CC1=C(C(=O)c2ccc(O)cc2O1)c3cnn(c3)c4ccccc4,CHEMBL1588453,4.50,
CC1=C(C(=O)N(C[C@H](N)c2ccccc2)C(=O)N1Cc3c(F)cccc3C(F)(F)F)c4cccc(OCCCC(=O)O)c4,CHEMBL448253,5.00,
CC1=C(C(=O)N(C[C@H](N)c2ccccc2)C(=O)N1Cc3c(F)cccc3C(F)(F)F)c4cccc(OCCCCC(=O)O)c4,CHEMBL449468,4.66,
CC1=C(C(=O)N(C[C@H](N)c2ccccc2)C(=O)N1Cc3c(F)cccc3C(F)(F)F)c4cccc(OCCCCCC(=O)O)c4F,CHEMBL505033,5.09,
CC1=C(C(c2ccccc2)n3nc(nc3N1)c4ccncc4)C(=O)N,CHEMBL1720268,4.95,
CC1=C(C(c2cccs2)n3nc(nc3N1)c4cccc(Cl)c4)C(=O)N,CHEMBL1502591,4.90,
CC1=C(C(N=C(N1)c2ccnc(Cl)c2)c3ccc(Cl)cc3F)C(=O)Nc4ccc5[nH]ncc5c4,CHEMBL483401,5.26,
CC1=C(C(NC(=O)N1CCCCCC(=O)O)c2ccc(cc2)C3CCCCC3)C(=O)OCc4ccccc4,CHEMBL411492,5.10,
CC1=C(C(NC(=O)N1CCCCCC(=O)O)c2ccc(Cl)cc2)C(=O)OCc3ccccc3,CHEMBL409902,5.00,
CC1=C(C(NC(=O)N1CCCCCC(=O)O)c2ccc3ccccc3c2)C(=O)OCc4ccccc4,CHEMBL259073,5.00,
CC1=C(C(NC(=O)N1CCCCCC(=O)O)c2ccccc2c3ccccc3)C(=O)OCc4ccccc4,CHEMBL265943,5.00,
CC1=C(C)c2ccc(OCCCCN3CCC(CC3)c4noc5cc(F)ccc45)cc2OC1=O,CHEMBL2385102,,6.71
CC1=C(CC(=O)O)c2cc(F)ccc2/C/1=C\c3ccc(cc3)S(=O)(=O)C,CHEMBL488025,4.70,
CC1=C(CCC(=O)O)C2=N/C/1=C\C3=[N+]4[ZnH2-2][N+]5=C(\C=C\6/N=C(\C=C/4\C(=C3C)C=C)C(=C6C=C)C)C(=C(CCC(=O)O)/C/5=C/2)C,CHEMBL1476362,4.50,
CC1=C(CCN2CCC(=C(c3ccc(F)cc3)c4ccc(F)cc4)CC2)C(=O)N5C=CSC5=N1,CHEMBL267777,4.70,
CC1=C(CCOC(=O)c2ccc(cc2)C(F)(F)F)C(=O)N(N1)c3ccccc3,CHEMBL3145061,4.85,
CC1=C(CCOC(=O)c2cccc(c2)C(F)(F)F)C(=O)N(N1)c3ccccc3,CHEMBL3145025,5.50,
CC1=C(N2[C@@H](SC1)[C@H](NC(=O)[C@@H](N)c3ccccc3)C2=O)C(=O)O,CHEMBL1496979,7.40,
CC1=C(O)C(=O)C=C2C1=CC=C3[C@]2(C)CC[C@@]4(C)[C@@H]5C[C@@](C)(CC[C@@]5(C)CC[C@@]34C)C(=O)O,CHEMBL1321090,4.60,
CC1=C(Sc2ccc(Cl)cc2)C(=O)N(N1)C(C)(C)C,CHEMBL3145019,4.80,
CC1=C2NC3=CC(=O)C=CC3=C2C=CN1,CHEMBL486817,4.40,
CC1=CC(=O)C2C(C)(C)CCC[C@@]2(C)[C@@]1(O)CCc3cocc3,CHEMBL1475550,4.80,
CC1=CC(=O)c2c(O)cc(O)c(C)c2O1,CHEMBL1371435,4.60,
CC1=CC(=O)c2ccccc2C1=O,CHEMBL590,4.40,
CC1=CC(=O)N(C1c2ccc(Cl)cc2)c3cccc(c3)C(F)(F)F,CHEMBL1544155,5.00,
CC1=CC(=O)N2C(N=C(Nc3ccc(C)cc3C)NC2=N1)c4ccccc4,CHEMBL1437985,4.85,
CC1=CC(=O)Oc2c(C)c(OCCCCN3CCC(CC3)c4noc5cc(F)ccc45)ccc12,CHEMBL2387230,,6.65
CC1=CC(=O)Oc2c(C)c3oc(C)cc3cc12,CHEMBL1475,5.10,
CC1=CC(=O)Oc2cc(O)cc(O)c12,CHEMBL12252,5.20,
CC1=CC(C)(C)N(C(=O)c2ccccc2)c3ccc(C)cc13,CHEMBL1328307,5.35,
CC1=CC(C)(C)Nc2ccccc12,CHEMBL294154,5.00,
CC1=CCc2c(O)c3C(=O)C=C(C)Oc3cc2OC1,CHEMBL1527943,4.60,
CC1=CCCC2(C)OC2[C@H]3OC(=O)C(=C)[C@@H]3CC1,CHEMBL1527933,4.50,
CC1=N\C(=C/c2ccc(cc2)[N+](=O)[O-])\C(=O)N1c3ccc(Br)c(C)c3,CHEMBL1544520,5.55,
CC1=NC(N=C1N)(C2CC2)c3cccc(c3)c4cncc(Cl)c4,CHEMBL2180033,,4.91
CC1=Nc2c(C)cccc2C(=O)N1c3ccc(OCCCN4CCCC4)cc3,CHEMBL478616,,5.80
CC1=Nc2c(Cl)cccc2C(=O)N1c3ccc(OC4CCN(CC4)C5CCC5)cc3,CHEMBL458954,,5.48
CC1=Nc2cc(F)ccc2C(=O)N1c3ccc(OCCCN4CCCC4)cc3,CHEMBL476106,,5.22
CC1=Nc2ccc(Cl)cc2C(=O)N1c3ccc(OC4CCN(CC4)C5CCC5)cc3,CHEMBL458359,,5.27
CC1=Nc2ccc(F)cc2C(=O)N1c3ccc(OCCCN4CCCC4)cc3,CHEMBL479252,,5.60
CC1=Nc2cccc(C)c2C(=O)N1c3ccc(OCCCN4CCCC4)cc3,CHEMBL479242,,5.18
CC1=Nc2cccc(c2C(=O)N1c3ccc(OCCCN4CCCC4)cc3)C(F)(F)F,CHEMBL476323,,5.00
CC1=Nc2cccc(Cl)c2C(=O)N1c3ccc(OCCCN4CCCC4)cc3,CHEMBL477363,,5.09
CC1=Nc2ccccc2C(=O)N1c3ccc(O[C@@H]4CC[C@@H](CC4)N5CCCC5)cc3,CHEMBL521022,,5.10
CC1=Nc2ccccc2C(=O)N1c3ccc(OC4CCC(C4)N5CCCC5)cc3,CHEMBL484740,,5.00
CC1=Nc2ccccc2C(=O)N1c3ccc(OC4CCCN(CC4)C5CCCC5)cc3,CHEMBL519018,,5.17
CC1=Nc2ccccc2C(=O)N1c3ccc(OCCCN4CCCC4)cc3,CHEMBL476373,,5.00
CC1=Nc2ccccc2C(=O)N1c3ccc(OCCCN4CCCCC4)cc3,CHEMBL487063,,5.07
CC1=Nc2ccccc2C(=O)N1c3ccc(OCCCN4CCCCCC4)cc3,CHEMBL476579,,5.18
CC1=Nc2ccccc2C(=O)N1NC(=O)c3ccccc3Cl,CHEMBL1710426,4.65,
CC1=Nc2cnc(nc2N(C1=O)c3ccccc3)N4CCNCC4,CHEMBL1602123,4.50,
CC1=Nc2cnc(nc2N(C3CC3)C1=O)N4CCOCC4,CHEMBL1395303,4.80,
CC1=Nc2cnc(nc2N(CCc3ccccc3)C1=O)N4CCNCC4,CHEMBL1433950,4.80,
CC1=Nc2cnc(nc2N(CCc3ccccc3)C1=O)N4CCOCC4,CHEMBL1315820,4.80,
CC1=Nc2cnc(Nc3ccccc3)nc2N(CCc4ccccc4)C1=O,CHEMBL1552588,5.00,
CC1=Nc2cnc(Oc3cccc(Cl)c3)nc2N(CCC#N)C1=O,CHEMBL1494592,4.80,
CC1=Nc2cnc(Oc3ccccc3)nc2N(C1=O)c4ccccc4,CHEMBL1394638,4.60,
CC1=Nc2cnc(Oc3ccccc3)nc2N(CCc4ccccc4)C1=O,CHEMBL1473260,4.70,
CC1=Nc2cnc(OCc3ccccc3)nc2N(CCc4ccccc4)C1=O,CHEMBL1435809,4.60,
CC1=Nc2cncnc2N(C3CC3)C1=O,CHEMBL1494529,4.80,
CC1=Nc2cncnc2N(Cc3ccc(F)cc3)C1=O,CHEMBL1368566,4.80,
CC1=NN(C(=O)C1)c2ccccc2,CHEMBL290916,4.60,
CC1=NN(C(=O)C1C(C2C(=NN(C2=O)c3ccc(C)cc3C)C)c4ccccc4)c5ccc(C)cc5C,CHEMBL1537099,4.95,
CC1=NN(C(=O)c2ccncc2)C(=O)[C@@H]1N=Nc3ccc4ccccc4c3,CHEMBL1476939,5.40,
CC1=NN=C(c2ccc(N)cc2)c3cc4OCOc4cc3C1,CHEMBL275006,4.90,
CC1=NN=C(SCC(=O)NCC2CCCCC2)N(N)C1=O,CHEMBL1340566,4.60,
CC1=NNC(=O)C=C1c2ccc(OC3CCN(CC3)C4CCC4)cc2,CHEMBL1945845,,5.16
CC1=NNC(=O)C1CCC(=O)N\N=C/c2ccccc2[N+](=O)[O-],CHEMBL3194814,4.75,
CC1=NOC(=O)/C/1=C\c2oc(cc2)c3ccc(Cl)cc3Cl,CHEMBL1500226,4.75,
CC12C3C(C(c4ccccc14)c5ccccc25)C(=O)N(Cc6cccnc6)C3=O,CHEMBL1335811,5.80,
CC12CC(C)(C(CC1=O)c3ccc(Br)cc3)C(=C2)\C=C\c4ccc(Br)cc4,CHEMBL1593805,5.40,
CC12CC(C)(C(CC1=O)c3ccc(cc3)C(F)(F)F)C(=C2)\C=C\c4ccc(cc4)C(F)(F)F,CHEMBL1473211,5.40,
CC12CC(C)(C(CC1=O)c3ccccc3)C(=C2)\C=C\c4ccccc4,CHEMBL1473029,5.50,
CC12CCC3C(=CCc4cc(O)ccc34)C1CCC2=O,CHEMBL1474552,4.40,
CC12COC3(CC1CCC23C)C(=O)Nc4nccs4,CHEMBL1525292,4.85,
CC12CS(=O)(=O)CC1SC(=S)N2c3ccccn3,CHEMBL1302560,4.75,
Cc1c(\C=C\2/SC(=O)N(CC(=O)Nc3ccc4OCOc4c3)C2=O)c5ccccc5n1C,CHEMBL1418916,6.70,
Cc1c(\C=N\NC(=O)c2ccc3OCOc3c2)cnn1C,CHEMBL3211511,4.65,
Cc1c(\N=C\c2occc2)n(Cc3ccccc3)c4ccccc14,CHEMBL3213131,5.15,
Cc1c(C(=O)c2ccc3ccccc3c2)c4cccc5OC[C@@H](CN6CCOCC6)n1c45,CHEMBL1327619,5.10,
Cc1c(C(=O)c2cccc3ccccc23)c4cccc5OC[C@@H](CN6CCOCC6)n1c45.CS(=O)(=O)O,CHEMBL1222317,5.90,
Cc1c(C(=O)O)c(O)cc2C(=O)c3c(O)c(O)c(O[C@H]4OC(CO)C(O)C(O)C4O)c(O)c3C(=O)c12,CHEMBL1474286,4.80,
Cc1c(C)c2O[C@@](C)(CCc2c(C)c1O)C(=O)O,CHEMBL1319514,4.90,
Cc1c(C=O)c2ccccn2c1C(=O)c3ccncc3,CHEMBL1572371,5.00,
Cc1c(cc(c2ccccc2)n1C)C(=O)NCCCN3CCN(CC3)c4cccc(Cl)c4Cl,CHEMBL1086754,,6.85
Cc1c(cc(c2cccnc2)n1C)C(=O)NCCCN3CCN(CC3)c4cccc(Cl)c4Cl,CHEMBL1212957,,5.17
Cc1c(CCC2CCN(CC2)C(=O)Cc3ccc(cc3)n4cnnn4)ccc5C(=O)OCc15,CHEMBL3792542,,5.23
Cc1c(cccc1[N+](=O)[O-])C(=O)NCCC2=CCCCC2,CHEMBL1362159,4.85,
Cc1c(cccc1N=C=O)N=C=O,CHEMBL1443390,4.80,
Cc1c(CCN2CCN(CC2)C(=O)Cc3ccc(nc3)n4cnnn4)ccc5C(=O)OCc15,CHEMBL3692706,,4.54
Cc1c(CCN2CCNCC2)ccc3cc(F)ccc13,CHEMBL443090,,5.00
Cc1c(Cl)c(nn1Cc2oc(cc2)C(=O)N\N=C/c3cccc(Br)c3)[N+](=O)[O-],CHEMBL3198312,5.40,
Cc1c(Cl)ccc(OC2CCN(CC2)C3CCN(CC3)S(=O)(=O)NC(=O)c4ccccc4)c1Cl,CHEMBL2171016,,5.40
Cc1c(Cl)cccc1Nc2ccccc2C(=O)O,CHEMBL121626,4.80,
Cc1c(Cl)cnc(NC(=O)COC(=O)CCS(=O)(=O)c2ccccc2)c1Cl,CHEMBL1546326,4.80,
Cc1c(CN(C2CC2)C(=O)[C@H]3CNCC[C@@]34OCc5cc(F)c(F)cc45)cccc1C(F)(F)F,CHEMBL1923117,5.64,5.19
Cc1c(CNC2CCCC2)nn(c1c3ccc(Cl)nc3)c4ncccc4Cl,CHEMBL492585,,5.57
Cc1c(CNC2CCCC2)nn(c1c3cccnc3)c4ncccc4Cl,CHEMBL492396,,4.64
Cc1c(cnn1C)c2c3CCCCCCc3nc(N)c2C#N,CHEMBL1561515,5.10,
Cc1c(F)cncc1c2nc3cc(F)c(F)cc3n2C4CC4,CHEMBL3582481,5.08,
Cc1c(NC(=O)c2ccc(cc2)C(C)(C)C)cccc1c3nc(Nc4ccc(cc4)C(=O)N5CCOCC5)c6nc[nH]c6n3,CHEMBL3263640,5.01,
Cc1c(NC(=O)CCCOc2ccccc2)cccc1[N+](=O)[O-],CHEMBL1301521,4.85,
CC1C(NC(C(C)C1=NO)c2ccc(cc2)N(C)C)c3ccc(cc3)N(C)C,CHEMBL1527955,5.00,
Cc1c(nn(c2ccc(Cl)cc2Cl)c1c3ccc(Cl)cc3)C(=O)NN4CCCCC4,CHEMBL111,,5.32
Cc1c(nn(c2ccc(Cl)cc2Cl)c1c3ccc(I)cc3)C(=O)NN4CCCCC4,CHEMBL285932,5.00,
Cc1c(nn(c2ccc(O)cc2)c1c3ccc(OCCN4CCCCC4)cc3)c5ccc(O)cc5,CHEMBL520107,5.50,
Cc1c(O)c(O)cc2c3C(=O)Oc4ccccc4c3oc12,CHEMBL1357090,4.70,
Cc1c(O)ccc2C(N(Cc3ccccc3c4ccc(F)c(F)c4)C(=O)c12)C(=O)NC(C)(C)C,CHEMBL3785370,,4.57
Cc1c(O)cccc1C(=O)N[C@@H](CSc2ccccc2)[C@H](O)CN3C[C@H]4CCCC[C@H]4C[C@H]3C(=O)NC(C)(C)C,CHEMBL584,6.00,4.90
Cc1c(O)cccc1C(=O)N[C@@H](CSc2ccccc2)[C@H](O)CN3C[C@H]4CCCC[C@H]4C[C@H]3C(=O)NC(C)(C)C.CS(=O)(=O)O,CHEMBL1205,5.80,
Cc1c(O[C@H]2C[C@H]3CC[C@@H](C2)N3Cc4ccccc4)cccc1C(=O)N,CHEMBL1224142,,5.96
CC1C(Oc2ccccc2S1(=O)=O)c3ccc(OCCCN4CCCC4)cc3,CHEMBL562326,,5.89
Cc1c(OCC(F)(F)F)ccnc1C[S+]([O-])c2nc3ccccc3[nH]2,CHEMBL480,4.60,
Cc1c(OCC(F)(F)F)ccnc1CSc2nc3ccccc3[nH]2,CHEMBL899,4.95,
Cc1c(OCF)ccc2C(N(Cc3ccccc3c4ccccc4)C(=O)c12)C(=O)NC(C)(C)C,CHEMBL3786683,,4.57
Cc1c(onc1c2ccc(Cl)cc2)C3CCN(CCc4ccccc4)CC3,CHEMBL293341,4.90,
Cc1c[nH]c2c(Nc3nc(N[C@@H]4CCCC[C@@H]4N)cc5C=CNC(=O)c35)cccc12,CHEMBL3262625,,5.09
Cc1c[nH]nc1C(=O)N[C@@H]2CC(C)(C)Oc3nc(c4ccc(Cl)cc4Cl)c(cc23)c5ccc(Cl)cc5,CHEMBL1095158,,5.28
CC1c2ccc(C#N)c(Oc3cccc(CN4CCC(NCc5cncn15)C4=O)c3)c2,CHEMBL78742,5.22,
Cc1c2CCCN3C[C@@H](F)C[C@@H]3CNc4cc(ccc4C(=O)N)n2c5CC(C)(C)CC(=O)c15,CHEMBL1779539,,4.79
Cc1c2CCCN3CC[C@H](CNc4cc(ccc4C(=O)N)n2c5CC(C)(C)CC(=O)c15)C3,CHEMBL1779536,,6.36
Cc1c2CCCN3CCC[C@@H](C3)Nc4cc(ccc4C(=O)N)n2c5CC(C)(C)CC(=O)c15,CHEMBL1779547,,5.47
Cc1c2COC(=O)c2ccc1[C@@H](O)CN3CCN(C[C@H](O)c4ccc(cn4)C#N)CC3,CHEMBL3612807,,4.55
Cc1c2COC(=O)c2ccc1C(F)CN3CCN(CC3)C(=O)Cc4ccc(nc4)n5cnnn5,CHEMBL3792978,,4.66
Cc1c2COC(=O)c2ccc1C(O)CN3CCN(CC3)C(=O)Cc4ccc(nc4)n5cnnn5,CHEMBL3794233,,4.48
Cc1cc(\C=C\2/SC(=S)N(Cc3occc3)C2=O)c(C)n1c4cccnc4,CHEMBL1308386,5.00,
Cc1cc(Br)cc2[nH]c(nc12)C3=C(N[C@H](CO)Cc4ccccc4)C=CNC3=O,CHEMBL397667,5.51,
Cc1cc(Br)ccc1NC(=O)CCSc2ccccc2,CHEMBL1394031,5.20,
Cc1cc(Br)ccc1NCc2ccccn2.OC(=O)C(=O)O,CHEMBL1407160,4.80,
Cc1cc(C(=O)CSc2nnc(c3ccc(Cl)cc3)n2C)c(C)n1CC4CCCO4,CHEMBL1386497,5.70,
Cc1cc(C(=O)CSc2nnc(N)s2)c(C)n1CCc3ccc(F)cc3,CHEMBL1381730,6.50,
Cc1cc(C(=O)CSc2oc(nn2)c3ccccc3)c(C)n1CC4COc5ccccc5O4,CHEMBL1604519,5.65,
Cc1cc(C(=O)Nc2ccc(cc2)C(=N)N3CCCC3)n(n1)c4cc5ccccc5cc4C#N,CHEMBL220704,,6.06
Cc1cc(C(=O)Nc2ccc(cc2)N3CCOCC3)c4ccccc4n1,CHEMBL1339627,4.80,
Cc1cc(c(O)c(C)c1CC2=NCCN2)C(C)(C)C,CHEMBL762,4.80,
Cc1cc(c(OCCCN2CCOCC2)c(c1)C(C)(C)C)C(C)(C)C,CHEMBL1370726,5.50,
Cc1cc(C)c(\C=C/2\C(=O)Nc3ccccc23)[nH]1,CHEMBL105739,5.10,
Cc1cc(C)c(C#N)c(Oc2ccc(F)cc2)n1,CHEMBL1715733,5.05,
Cc1cc(C)c(C(=O)N)c(SCC(=O)c2ccc(Cl)cc2)n1,CHEMBL1580037,4.50,
Cc1cc(C)c(c(C)c1)S(=O)(=O)N2CCN(CC2)c3ccc(c(NCc4occc4)c3)[N+](=O)[O-],CHEMBL1405129,5.15,
Cc1cc(C)c(c(C)c1)S(=O)(=O)NCC2CCC(CC2)C(=O)NCc3ccc4OCOc4c3,CHEMBL1322311,6.05,
Cc1cc(C)c(c(Oc2ccc(cc2)C(C)(C)C)n1)S(=O)(=O)C,CHEMBL1311526,4.85,
Cc1cc(C)c(C)c(c1C)S(=O)(=O)ON2C(=O)c3ccccc3C2=O,CHEMBL1463847,4.40,
Cc1cc(C)c(NC(=O)C[S+]([O-])CC(=O)NCCCc2ccccc2)c(C)c1,CHEMBL1601527,5.45,
Cc1cc(C)c(NC(=O)COc2ccc(cc2)C(=S)N3CCCCC3)c(C)c1,CHEMBL1609103,6.60,
Cc1cc(C)c2c(c(sc2n1)C(=O)NNS(=O)(=O)c3ccc(Br)cc3)n4cccc4,CHEMBL1340013,4.95,
Cc1cc(C)c2c(c(sc2n1)C(=O)NNS(=O)(=O)c3ccc(Cl)cc3)n4cccc4,CHEMBL1504465,5.00,
Cc1cc(C)c2c(nn(CC#N)c2n1)n3cccc3,CHEMBL1724554,4.80,
Cc1cc(C)c2cc(C#N)c(NCCOC(=O)c3ccccc3C)nc2c1,CHEMBL1324402,5.15,
Cc1cc(C)c2nc(O)c(CN(Cc3occc3)C(=O)c4cccs4)cc2c1,CHEMBL1611508,5.55,
Cc1cc(C)cc(c1)C#CC2OC(CO)C(Oc3ccc(cc3)C4CCCC4)C=C2,CHEMBL1436295,5.40,
Cc1cc(C)cc(c1)C(=N)c2ccccc2Cc3cccc4ccccc34,CHEMBL1441593,5.60,
Cc1cc(C)cc(c1)C(=O)N(NC(=O)Nc2ccc(Cl)cc2)C(C)(C)C,CHEMBL1423586,4.80,
Cc1cc(C)cc(c1)N(C(C(=O)NC2CCCCC2)c3ccccn3)C(=O)Cc4cccs4,CHEMBL1366995,6.05,
Cc1cc(C)cc(c1)N(C(C(=O)NC2CCCCC2)c3cccs3)C(=O)c4ccccn4,CHEMBL1741681,5.30,
Cc1cc(C)cc(c1)N2C(=O)\C(=C\NC3CCS(=O)(=O)C3)\c4ccccc4C2=O,CHEMBL1499610,5.00,
Cc1cc(C)cc(c1)n2nnnc2c3cn(C)nc3C(F)(F)F,CHEMBL1741759,4.80,
Cc1cc(C)cc(c1)n2nnnc2SCC(=O)Nc3nc(cs3)c4ccc(F)cc4,CHEMBL1523982,5.80,
Cc1cc(C)cc(NC(=O)CC(=N)NO)c1,CHEMBL1338861,4.55,
Cc1cc(C)cc(Nc2nccc(n2)n3cc(C)c(CN4CC[C@@H](O)C4)c3)c1,CHEMBL3622924,5.29,
Cc1cc(C)cc(O[C@H](C(=O)O)[C@]2(NCC(=O)N(Cc3c(F)cc(F)cc3F)c4ccccc24)c5ccccc5)c1,CHEMBL96347,4.85,
Cc1cc(C)cc(OCC(=O)NNC(=O)c2cc(C)[nH]n2)c1,CHEMBL1527436,4.55,
Cc1cc(C)cc(SCc2noc(C(=O)NCC=C)c2C(=O)O)c1,CHEMBL1391592,4.90,
Cc1cc(C)n(Cc2ccc(NC(=O)c3ccc(COc4ccccc4Br)cc3)cc2)n1,CHEMBL1309874,4.85,
Cc1cc(C)n(CCCNCC(O)c2ccccc2)n1.OC(=O)C(=O)O,CHEMBL1500945,4.45,
Cc1cc(C)n(n1)C(=O)CCCCCCCCC(=O)n2nc(C)cc2C,CHEMBL1587412,5.35,
Cc1cc(C)n(n1)c2cc(ccc2[N+](=O)[O-])N3CCN(CC3)S(=O)(=O)c4ccc(C)c(C)c4,CHEMBL1724748,5.50,
Cc1cc(C)n(n1)c2nc(cs2)c3ccc(Cl)c(Cl)c3,CHEMBL1539506,4.65,
Cc1cc(C)n(n1)c2nc(Nc3ccccc3C)nc(n2)n4nc(C)cc4C,CHEMBL1461496,5.10,
Cc1cc(C)n2nc(cc2n1)c3sccc3n4cccc4,CHEMBL1382909,5.45,
Cc1cc(C)n2nc(SCN3C(=O)c4ccccc4C3=O)nc2n1,CHEMBL1405595,5.20,
Cc1cc(C)nc(n1)N2C[C@H]3CN(C[C@H]3C2)C(=O)c4c(C)cccc4n5nccn5,CHEMBL3586440,,5.16
Cc1cc(C)nc(n1)N2C[C@H]3CN(C[C@H]3C2)C(=O)c4cccc(F)c4n5nccn5,CHEMBL3586433,,5.22
Cc1cc(C)nc(NC(=O)COc2ccc(Cl)cc2)c1,CHEMBL1596796,5.50,
Cc1cc(C)nc(Nc2cc(N[C@@H]3CCCC[C@@H]3N)cnc2C(=O)N)c1,CHEMBL3415583,,5.80
Cc1cc(C)nc(Nc2cc(NC[C@@H](N)C(F)(F)F)cnc2C(=O)N)c1,CHEMBL3415586,,4.38
Cc1cc(C)nc(Nc2cc(NC[C@@H](N)CC(F)F)cnc2C(=O)N)c1,CHEMBL3415585,,5.28
Cc1cc(C)nc(Nc2n[nH]c(COc3ccc4ccccc4c3)n2)n1,CHEMBL1303074,5.30,
Cc1cc(C)nc(Nc2n[nH]c(n2)c3cccc4ccccc34)n1,CHEMBL1607997,4.85,
Cc1cc(C)nc(NS(=O)(=O)c2ccc(N)cc2)n1,CHEMBL446,4.40,
Cc1cc(C)nc(SCc2nnc(SCC(=O)N)n2Cc3occc3)n1,CHEMBL1725515,4.80,
Cc1cc(C[C@@H](NC(=O)N2CCC(CC2)N3Cc4ccccc4NC3=O)C(=O)N5CCC(CC5)N6CCCCC6)c(Cl)c7cn[nH]c17,CHEMBL2336418,5.46,
Cc1cc(C[C@@H](NC(=O)N2CCC(CC2)N3Cc4ccccc4NC3=O)C(=O)N5CCC(CC5)N6CCCCC6)cc7nn[nH]c17,CHEMBL2336411,5.14,
Cc1cc(C[C@H](CCCCNCc2ccc(F)cc2)C(=O)NO)cc(C)c1F,CHEMBL1760324,,5.33
Cc1cc(c2[nH]ncc2C)c3cccc(OCc4c(C)ccnc4CN5C=CC=C(C5=O)C(F)(F)F)c3n1,CHEMBL563956,5.42,
Cc1cc(C2C(=C(N)Oc3[nH]nc(C)c23)C#N)c(C)s1,CHEMBL1453311,5.15,
Cc1cc(c2ccc3CCN(CCCSc4nnc(c5ccc(cc5)C(F)(F)F)n4C)CCc3c2)n(C)n1,CHEMBL390649,,7.50
Cc1cc(c2ccc3CCN(CCSc4nnc(c5ccc(F)c(F)c5)n4C)CCc3c2)n(C)n1,CHEMBL242602,,6.30
Cc1cc(c2ccnn2C)c3cccc(OCc4c(C)ccnc4CNC(=O)C5CCCCC5)c3n1,CHEMBL559565,5.60,
Cc1cc(c2ncsc2Cl)c3cccc(OCc4c(C)ccnc4CN5C=CC=C(C5=O)C(F)(F)F)c3n1,CHEMBL549534,6.52,
Cc1cc(c2oc3cc4CCN(CCCSc5nnc(c6ocnc6C)n5C)CCc4cc3n2)n(C)n1,CHEMBL401728,,6.00
CC1CC(CC(C)(C)C1)OC(=O)c2ccccc2O,CHEMBL1377575,4.40,
Cc1cc(cc(C)c1N)c2cc(C)c(N)c(C)c2,CHEMBL1331128,4.60,
Cc1cc(cc(C)c1Oc2nc(Nc3ccc(cc3)C#N)nc(N)c2Br)C#N,CHEMBL308954,,4.60
Cc1cc(cc(C)n1)C(C)(C)NC(=O)C(Br)C(C)(C)C,CHEMBL271581,4.89,
Cc1cc(cc(C)n1)C2(N=C(N)c3c(F)cccc23)c4cccc(c4)c5cncnc5,CHEMBL2177910,,5.19
Cc1cc(cc(C)n1)c2cccc(c2)C3=Nc4cc(C)c(cc4NC(=O)C3)C(F)(F)F,CHEMBL1629855,5.32,
Cc1cc(cc2[nH]c(nc12)C3=C(N[C@H](CO)Cc4ccccc4)C=CNC3=O)c5ccc(F)cc5,CHEMBL230308,5.20,
Cc1cc(cc2[nH]c(nc12)C3=C(N[C@H](CO)Cc4ccccc4)C=CNC3=O)n5ccnc5,CHEMBL230204,7.22,
Cc1cc(cc2[nH]c(nc12)C3=C(NC[C@@H](O)c4cccc(Cl)c4)C=CNC3=O)N5CC[C@@H](N)C5,CHEMBL1078892,4.75,
Cc1cc(cc2[nH]c(nc12)C3=C(NC[C@@H](O)c4cccc(Cl)c4)C=CNC3=O)N5CCC(CC5)N6C[C@@H]7C[C@@H]6CO7,CHEMBL474469,9.30,
Cc1cc(cc2[nH]c(nc12)C3=C(NC[C@@H](O)c4cccc(Cl)c4)C=CNC3=O)N5CCC(CC5)N6CCN(CC6)C(=O)C7CC7,CHEMBL510298,8.77,
Cc1cc(cc2[nH]c(nc12)C3=C(NC[C@@H](O)c4cccc(Cl)c4)C=CNC3=O)N5CCC(CC5)N6CCN(CC6)C(=O)N7CCOCC7,CHEMBL459118,7.72,
Cc1cc(cc2[nH]c(nc12)C3=C(NC[C@@H](O)c4cccc(Cl)c4)C=CNC3=O)N5CCC(CC5)NC(=O)C6CC6,CHEMBL480966,9.16,
Cc1cc(cc2[nH]c(nc12)C3=C(NC[C@@H](O)c4cccc(Cl)c4)C=CNC3=O)N5CCC(CC5)NC(=O)OC(C)(C)C,CHEMBL1077324,4.80,
Cc1cc(cc2[nH]c(nc12)C3=C(NC[C@@H](O)c4cccc(Cl)c4)C=CNC3=O)N5CCC(CC5)OCCO,CHEMBL482089,8.89,
Cc1cc(cc2[nH]c(nc12)C3=C(NC[C@@H](O)c4cccc(Cl)c4)C=CNC3=O)N5CCN(CC(=O)NCCF)CC5,CHEMBL1097982,5.62,
Cc1cc(cc2[nH]c(nc12)C3=C(NC[C@@H](O)c4cccc(Cl)c4)C=CNC3=O)N5CCN(CC5)C(=O)OC(C)(C)C,CHEMBL1099314,5.72,
Cc1cc(cc2[nH]c(nc12)C3=C(NC[C@@H](O)c4cccc(Cl)c4)C=CNC3=O)N5CCN(CC5)S(=O)(=O)C,CHEMBL1097425,6.22,
Cc1cc(cc2[nH]c(nc12)C3=C(NC[C@@H](O)c4cccc(Cl)c4)C=CNC3=O)N5CCNCC5,CHEMBL1097357,5.52,
Cc1cc(cc2[nH]c(nc12)C3=C(NC[C@@H](O)c4cccc(Cl)c4)C=CNC3=O)N5CCOCC5,CHEMBL401930,5.28,
Cc1cc(cc2[nH]c(nc12)C3=C(NCC(O)c4cccc(Cl)c4)C=CNC3=O)C(=O)NC5CCCCC5,CHEMBL231610,4.96,
Cc1cc(cc2[nH]c(nc12)C3=C(NCC(O)c4cccc(Cl)c4)C=CNC3=O)C5=NC(C)(C)CN5,CHEMBL230042,4.89,
Cc1cc(cc2[nH]c(nc12)C3=C(NCC(O)c4cccc(Cl)c4)C=CNC3=O)C5=NCCCN5,CHEMBL230043,4.80,
Cc1cc(cc2[nH]c(nc12)C3=C(NCCn4cc(Cl)cn4)C=CNC3=O)C5CCN(CCCF)CC5,CHEMBL459729,4.59,
Cc1cc(cc2nc([nH]c12)C3=C(NCc4ccccn4)C=CNC3=O)n5ccnc5,CHEMBL397666,7.10,
Cc1cc(ccc1C(=O)NC2CC2)c3cnn4c(NCC5CCOCC5)nc(NC6CCCC6)nc34,CHEMBL3819637,4.72,
Cc1cc(ccc1c2ccnc(NCc3cc([nH]n3)c4ccccn4)c2)C#N,CHEMBL2147024,,5.96
Cc1cc(ccc1c2ccnc(NCc3n[nH]c(c3Cl)c4ccccc4)c2)C#N,CHEMBL2147023,,4.52
Cc1cc(ccc1c2ccnc(NCc3n[nH]c4nc(F)ccc34)c2)C#N,CHEMBL2147021,,5.57
Cc1cc(ccc1c2ccnc(NCc3n[nH]c4nc(N)ccc34)c2)C#N,CHEMBL2147022,,5.37
Cc1cc(ccc1c2ccnc(NCc3n[nH]c4ncccc34)c2)C#N,CHEMBL2147020,,5.72
Cc1cc(ccc1c2oc(cc2)C3Nc4ccccc4C(=O)N3O)[N+](=O)[O-],CHEMBL1484231,5.15,
Cc1cc(ccc1Cl)C(=O)CSC(=S)SC(C)(C)C,CHEMBL1329026,5.50,
Cc1cc(ccc1Cl)C2CNCC=CC2,CHEMBL2326685,,4.59
Cc1cc(ccc1NC(=O)[C@H](C2CCCCC2)n3c(nc4cc(F)c(F)cc34)c5ccc(Cl)cc5)C(=O)O,CHEMBL1615150,,6.16
Cc1cc(ccc1O)c2ccc(s2)c3cccc(O)c3,CHEMBL570596,6.30,
Cc1cc(ccc1OCc2cccc(Cl)c2)C(=O)N3CCN(CC3)C(=O)C4CCCO4,CHEMBL480226,,7.62
Cc1cc(CCCOc2c(C)cc(cc2C)c3noc(n3)C(F)(F)F)on1,CHEMBL29609,5.20,
Cc1cc(ccn1)C(NC(=O)[C@@H]2CC[C@H](C[C@H]2c3ccc(Br)cc3)N4CCOCC4)c5ccc(Cl)cc5,CHEMBL3086038,,5.82
Cc1cc(ccn1)C2=CC(=O)NC(=N2)NCc3cccc4ccccc34,CHEMBL2165175,6.16,
Cc1cc(ccn1)c2ccc(NS(=O)(=O)c3cc(Cl)cc(Cl)c3)cc2,CHEMBL3087037,5.33,
Cc1cc(ccn1)c2cccc(c2)C3=Nc4cc(C)c(cc4NC(=O)C3)C(F)(F)F,CHEMBL1631859,5.72,
Cc1cc(Cl)c(OCCCCNCC=C)c(Br)c1.OC(=O)C(=O)O,CHEMBL1468692,4.85,
Cc1cc(Cl)c(OCCOc2ccc(cc2)[C@H]3CCNC[C@@H]3C(=O)N(Cc4cc(CNC(=O)CC(F)(F)F)ccc4Cl)C5CC5)c(Cl)c1,CHEMBL1269692,5.10,
Cc1cc(Cl)c(OCCOc2ccc(cc2)[C@H]3CCNC[C@@H]3C(=O)N(Cc4cc(CNCC(F)F)ccc4Cl)C5CC5)c(Cl)c1,CHEMBL1269681,5.32,
Cc1cc(Cl)c(OCCOc2ccc(cc2)[C@H]3CCNC[C@@H]3C(=O)N(Cc4cc(CNCCF)ccc4Cl)C5CC5)c(Cl)c1,CHEMBL1269680,5.00,
Cc1cc(Cl)c(OCCOc2ccc(cc2)[C@H]3CCNC[C@@H]3C(=O)N(Cc4cccc(C)c4C)C5CC5)c(Cl)c1,CHEMBL1270661,4.96,
Cc1cc(Cl)cc2c(C(O)c3cccnc3)c4c(C)n[nH]c4nc12,CHEMBL1950086,5.68,
Cc1cc(Cl)cc2c(C(O)c3ccncc3)c4c(C)n[nH]c4nc12,CHEMBL1950085,6.30,
Cc1cc(Cl)cc2c(C(O)c3cncn3C)c4c(C)n[nH]c4nc12,CHEMBL1950090,6.10,
Cc1cc(Cl)ccc1c2nc3OC(C)(C)CC(N=C(O)C(O)C(F)(F)F)c3cc2c4ccc(Cl)cc4,CHEMBL1169572,,6.39
Cc1cc(Cl)ccc1OC2CCN(C[C@H](O)CNC(=O)C3=CNC(=O)C=C3C(F)(F)F)CC2,CHEMBL2207663,,5.00
Cc1cc(Cl)ccc1OC2CCN(C[C@H](O)CNC(=O)c3c[nH]nc3C(F)(F)F)CC2,CHEMBL2207659,,5.50
Cc1cc(Cl)ccc1OC2CCN(CC3CCN(CC3)[C@@](C)(Cc4ccc(F)cc4)C(=O)O)CC2,CHEMBL2158791,,4.50
Cc1cc(Cl)ccc1OCC(=O)N\N=C\2/CCCc3ccccc23,CHEMBL3214412,4.90,
Cc1cc(Cl)cnc1C(=O)Nc2ccc3OCC4(CC4)C5(COC(=N5)N)c3c2,CHEMBL3650825,,5.31
Cc1cc(CN2C[C@H](N)[C@@H](C2)C(=O)C3CCC[C@H]3C#N)cc(C)c1C#N,CHEMBL399791,,4.54
Cc1cc(CN2C[C@H](N)[C@@H](C2)C(=O)C3CCC[C@H]3C#N)ccc1C#N,CHEMBL429115,,4.71
Cc1cc(CNc2ccc(Cc3c[nH]c4ncc(Cl)cc34)c(F)n2)ccn1,CHEMBL3673972,5.30,
Cc1cc(CSc2ccccc2)ccc1NC(=O)COc3ccccc3,CHEMBL1407289,4.90,
Cc1cc(N)c2ccccc2[n+]1CCCCCCCCCC[n+]3c(C)cc(N)c4ccccc34,CHEMBL333826,5.20,
Cc1cc(N)c2ccccc2[n+]1CCCCCCCCCCCCCC[n+]3c(C)cc(N)c4ccccc34,CHEMBL1257056,5.00,
Cc1cc(N)n(n1)c2ccc3ccccc3c2,CHEMBL1448379,4.55,
Cc1cc(N2CCN(CC2)c3nc4ccccc4s3)n5ncnc5n1,CHEMBL1361461,4.40,
Cc1cc(NC(=O)c2ccccc2F)ccc1c3oc(NCCCN4CCCCC4)nn3,CHEMBL2023925,,5.40
Cc1cc(NC(=O)c2occc2)ccc1n3cnnn3,CHEMBL1421737,5.05,
Cc1cc(NC(=O)CC2=NC(=CC(=O)N2)N3CCOCC3)ccc1F,CHEMBL2151925,4.40,
Cc1cc(NC(=O)CCN2C(=O)C3C4CCC(C4)C3C2=O)c(C)cc1Br,CHEMBL1509383,5.10,
Cc1cc(NC(=O)CSC2=Nc3ccsc3C(=O)N2Cc4ccccn4)[nH]n1,CHEMBL1432275,4.80,
Cc1cc(NC(=O)N2C[C@H]3C[C@H](C[C@H]3C2)c4ccccc4C(F)(F)F)c(cn1)C(=O)O,CHEMBL3359023,5.96,
Cc1cc(nc(N)n1)c2c(Cl)cc(Cl)cc2OCCCC(F)(F)F,CHEMBL1774835,,4.94
Cc1cc(nc(n1)n2cccc2)c3sccc3C,CHEMBL1559333,4.60,
Cc1cc(nc(SCC(=O)c2cccc(c2)[N+](=O)[O-])n1)C(F)(F)F,CHEMBL1428510,4.95,
Cc1cc(nc(SCc2ccc(Cl)cc2Cl)n1)N3CCOCC3,CHEMBL1529571,5.65,
Cc1cc(nc2c(CCC34CCC(CC3)(CO4)NCc5ccc6OCC(=O)Nc6n5)c(F)cnc12)S(=O)(=O)C,CHEMBL3422958,,7.91
Cc1cc(nc2c(CCC34CCC(CC3)(CO4)NCc5ccc6OCC(=O)Nc6n5)ccnc12)S(=O)(=O)C,CHEMBL3422974,,8.17
Cc1cc(nc2ccc(Cc3ccc4nc(cc(C)c4c3)N5CCOCC5)cc12)N6CCOCC6,CHEMBL1332453,5.50,
Cc1cc(ncc1CC(=O)N2CCN(CCc3ccc4C(=O)OCc4c3C)CC2)n5cnnn5,CHEMBL3792700,,5.04
Cc1cc(NCc2c(C)cccc2C)c3cccc(C(=O)N)c3n1,CHEMBL3604701,5.00,6.30
Cc1cc(NCc2c(Cl)cccc2Cl)c3cccc(C(=O)N)c3n1,CHEMBL3604722,5.10,
Cc1cc(NCc2c(F)ccc(Cl)c2Cl)c3cccc(C(=O)N)c3n1,CHEMBL3604739,5.40,
Cc1cc(NCc2cccc(Cl)c2Cl)c3cccc(C(=O)N)c3n1,CHEMBL3604717,5.40,
Cc1cc(NCc2ccccc2C(F)(F)F)c3cccc(C(=O)N)c3n1,CHEMBL3604713,4.90,
Cc1cc(NCc2ccccn2)ccc1Br,CHEMBL1387287,4.90,
Cc1cc(ncn1)N2C(=O)N(C(=O)C23CCN(Cc4ncccc4C)CC3)c5ccc(cc5)c6ccc(cc6C)C(=O)O,CHEMBL2041182,,4.42
Cc1cc(nn1CC(=O)NN=C(S)Nc2ccc(cc2)[N+](=O)[O-])[N+](=O)[O-],CHEMBL1466200,5.45,
Cc1cc(O)c(C=O)c(O)c1C(=O)O,CHEMBL1315277,4.60,
Cc1cc(O)c2C(=O)c3c(O)cc(O)c4c5c(O)cc(O)c6C(=O)c7c(O)cc(C)c8c1c2c(c34)c(c78)c56,CHEMBL286494,5.06,
Cc1cc(O)c2C(=O)c3c(O)cc(O)cc3C(=O)c2c1,CHEMBL289277,5.00,
Cc1cc(O)cc(C)c1Cl,CHEMBL398440,4.40,
Cc1cc(O)cc(O)c1C(=O)O,CHEMBL457583,4.60,
Cc1cc(O)nc(SCC(=O)Nc2nc3CCCCc3s2)n1,CHEMBL1517817,4.80,
Cc1cc(OC[P@@]2(=O)OCC[C@H](O2)c3cccnc3)c4c(Cc5scnc45)c1C,CHEMBL1097192,5.54,
Cc1cc(OC[P@]2(=O)OCC[C@@H](O2)c3cccnc3C)c4c(Cc5scnc45)c1C,CHEMBL1096103,5.24,
Cc1cc(OC[P@]2(=O)OCC[C@H](O2)c3ccc(Cl)cc3)c4c(Cc5scnc45)c1C,CHEMBL1097180,6.14,
Cc1cc(OCCn2cc(C(=N)NO)c3ccccc23)ccc1Cl,CHEMBL1343857,4.95,
Cc1cc(OCCN2CCOCC2)nn1c3ccc(Cl)c(Cl)c3,CHEMBL2170225,,5.46
Cc1cc(on1)[C@H]2C[C@H]3[C@@H](CF)SC(=N[C@]3(CO2)c4ccc(F)cc4F)N,CHEMBL3422245,,5.00
Cc1cc(SCC(=O)c2ccccc2)nc(SCC(=O)c3ccccc3)n1,CHEMBL1462914,5.55,
Cc1cc(SCc2sc(nc2C)c3ccc(c(F)c3)C(F)(F)F)ccc1OCC(=O)O,CHEMBL38508,5.10,
CC1CC[C@@]2(OC1)OC3CC4C5CC=C6CC(O)CC[C@@]6(C)C5CC[C@]4(C)C3C2C,CHEMBL1551855,5.30,
CC1CC[C@]2(CCC3(C)C(=CC(=O)C4[C@]5(C)CCC(OC(=O)C)C(C)(C)C5CC[C@]34C)C2C1C)C(=O)O,CHEMBL1435261,4.60,
Cc1cc[n+]([O-])c(C)c1C(=O)N2CCC(C)(CC2)N3CCC(CC3)N(c4ccccc4)c5cccnc5,CHEMBL255858,5.28,
Cc1cc[n+]([O-])c(C)c1C(=O)N2CCC(C)(CC2)N3CCC(CC3)N(Cc4cccc(c4)C#N)c5ccccc5,CHEMBL59511,,5.89
Cc1cc2[nH]c(nc2cc1Cl)C3CCN(CCN4C(=O)C=Cc5ncc(F)cc45)CC3,CHEMBL3318993,,5.92
Cc1cc2C(=O)OCc2cc1CCN3CCN(CC3)C(=O)Cc4ccc(cc4)n5cnnn5,CHEMBL2441423,,4.85
CC1Cc2c(Br)cccc2N1C(=O)Cc3nc(sc3C(=O)N)N4CCOCC4,CHEMBL3125395,4.40,
CC1Cc2c(Cl)cccc2N1C(=O)Cc3nc(sc3C(=O)N)N4CCOCC4,CHEMBL3125394,4.40,
CC1Cc2c(COc3ccccc3)nc4CCN(CCOc5ccccc5)Cc4c2CO1,CHEMBL1472786,5.40,
Cc1cc2c(F)c(Oc3ncnn4cc(OCCCN5CCCC5)c(C)c34)ccc2[nH]1,CHEMBL206146,5.47,
Cc1cc2c(F)c(Oc3ncnn4cc(OCCCN5CCCCC5)c(C)c34)ccc2[nH]1,CHEMBL205142,6.00,
Cc1cc2c(F)c(Oc3ncnn4cc(OCCCS(=O)(=O)C)c(C)c34)ccc2[nH]1,CHEMBL383077,4.77,4.70
Cc1cc2c(NC(=O)N[C@@H]3CC(C)(C)Oc4c(F)c(ccc34)C(F)(F)F)cccc2cn1,CHEMBL3326584,4.75,
Cc1cc2c(NC(=O)N[C@@H]3CC(CF)(CF)Oc4ccc(F)cc34)cccc2cn1,CHEMBL3326586,4.82,
Cc1cc2c(NCc3c(C)cccc3C)nccn2c1C,CHEMBL1080717,5.33,
CC1CC2C3CC[C@](O)(C(=O)CO)[C@]3(C)CC(O)C2[C@]4(C)C=CC(=O)C=C14,CHEMBL1563152,4.60,
CC1CC2C3CC[C@](O)(C(=O)COC(=O)C)C3(C)CC(O)C2C4(C)C=CC(=O)C=C14,CHEMBL1474440,4.90,
CC1CC2C3CCC(C(=O)C)[C@]3(C)CC(O)C2[C@]4(C)CCC(=O)C=C14,CHEMBL1361852,4.50,
CC1CC2C3CCC4=CC(=O)C=C[C@@]4(C)[C@]3(F)C(O)C[C@]2(C)[C@]1(O)C(=O)CO,CHEMBL1398119,4.40,
CC1CC2C3CCC4=CC(=O)C=C[C@@]4(C)[C@]3(F)C(O)C[C@]2(C)[C@]1(O)C(=O)COC(=O)C,CHEMBL1570383,4.40,
CC1Cc2cc(Br)cc(c2N1C(=O)C)S(=O)(=O)NCC3COc4ccccc4O3,CHEMBL1304794,5.10,
Cc1cc2cc(CC(O)(CC(C)(C)c3cc(F)ccc3C)C(F)(F)F)[nH]c2cn1,CHEMBL3358923,6.22,
CC1Cc2cc(F)ccc2N1C(=O)Cc3nc(sc3C(=O)N)N4CCOCC4,CHEMBL3125375,7.40,
CC1Cc2cc(F)ccc2N1C(=O)Cc3nc(sc3C(=O)O)N4CCOCC4,CHEMBL3125381,4.40,
Cc1cc2cc3c(N)[nH]nc3nc2cc1C,CHEMBL1613444,4.85,
CC1Cc2cccc(CN3CCC4(CC3)CCN(CC4)C(=O)c5ccncc5)c2O1,CHEMBL568296,,4.68
CC1Cc2ccccc2N1C(=O)CCN3C(=O)C4C5CC(C=C5)C4C3=O,CHEMBL1448870,5.85,
CC1Cc2ccccc2N1C(=O)CN3CCC(CC3)n4nnc5cc(C)ccc45,CHEMBL1430657,5.00,
CC1Cc2ccccc2N1Cc3nc(O)c4ccc(cc4n3)C(F)(F)F,CHEMBL1576031,4.60,
Cc1cc2ccccc2n1CCNC(=O)C3CCCC3,CHEMBL1572599,5.35,
Cc1cc2N(C3CCN(CC3)C4CCOCC4)C(=O)Nc2cc1F,CHEMBL1223753,,4.90
Cc1cc2N=C3C(=O)NC(=O)N=C3N(C[C@H](O)[C@H](O)[C@H](O)CO)c2cc1C,CHEMBL1534,4.70,
Cc1cc2N=CC(=O)N(CC(=O)N3CCCC(C3CN4CCOCC4)c5ccccc5)c2cc1C,CHEMBL256721,5.57,
Cc1cc2nc([nH]c2cc1C)C3CCN(Cc4nnnn4Cc5ccccc5)CC3,CHEMBL1505285,4.60,
Cc1cc2nc(CC3CC4CCC(C3)N4)n(Cc5ccc(Cl)cc5)c2cc1C,CHEMBL3696121,,5.37
Cc1cc2nc(CC3CCCC3)n(Cc4ccc(Cl)cc4)c2cc1C,CHEMBL3699576,,5.89
Cc1cc2nc(CC3CCCNC3)n(Cc4ccc(Cl)cc4)c2cc1C,CHEMBL3699565,,6.31
Cc1cc2nc(CC3CCNCC3)n(Cc4ccc(Cl)cc4)c2cc1C,CHEMBL3696120,,5.96
Cc1cc2ncc3CN(Cc3n2n1)[C@H]4CC[C@@H]([C@@H](N)C4)c5cc(F)c(F)cc5F,CHEMBL3805966,,6.22
Cc1cc2ncn(Cc3ccc(Cl)cc3)c2cc1C,CHEMBL1945694,,5.16
Cc1cc2nnc(SCC(=O)N3CCN(CC3)c4ccccc4)n2c(N)n1,CHEMBL1339377,4.85,
Cc1ccc(\C=C/2\NC(=O)N(Cc3ccccc3)C2=O)s1,CHEMBL1548101,5.90,
Cc1ccc(\C=C\2/Sc3ccccc3C2=O)s1,CHEMBL1330781,4.70,
Cc1ccc(\C=C\C(=O)NC(=S)Nc2ccccc2C(=O)NC3CCCCC3)cc1,CHEMBL1305256,5.05,
Cc1ccc(\C=C\c2oc(nn2)c3ccc(C)cc3)cc1,CHEMBL1362872,5.00,
Cc1ccc(\C=N\n2c(S)nnc2c3cccs3)cc1,CHEMBL3196654,4.95,
Cc1ccc(\C=N\n2cnnc2)s1,CHEMBL3211898,4.80,
Cc1ccc(\C=N\NC(=O)CSc2nc3nc(C)cc(C)n3n2)cc1,CHEMBL3208454,4.80,
Cc1ccc(C(=N)c2ccccc2Cc3cccc4ccccc34)c5ccccc15,CHEMBL1288014,5.40,
Cc1ccc(C(=O)c2cc(ccc2N3CCOCC3)[N+](=O)[O-])c(C)c1,CHEMBL1372199,5.40,
Cc1ccc(c(C)c1)n2nnnc2SCC(=O)NNC(=O)c3occc3,CHEMBL1343951,4.65,
Cc1ccc(c(c1)[N+](=O)[O-])[N+](=O)[O-],CHEMBL1489568,4.80,
Cc1ccc(c(c1)C(=O)N)C(C)(C)CC(O)(Cc2cc3cc(ncc3[nH]2)S(=O)(=O)C)C(F)(F)F,CHEMBL3358948,5.22,
Cc1ccc(c(F)c1)C23CC2CN(CCCSc4nnc(c5ocnc5C)n4C)C3,CHEMBL1081869,,4.40
Cc1ccc(C)c(c1)C(=O)C2=C(O)C(=O)N(CCN3CCOCC3)C2c4occc4,CHEMBL1528124,4.40,
Cc1ccc(C)c(c1)C(=O)CN2C(=O)c3ccccc3S2(=O)=O,CHEMBL1582432,5.10,
Cc1ccc(C)c(c1)N(CC(=O)Nc2cc(Cl)ccc2Oc3ccccc3)S(=O)(=O)C,CHEMBL1422219,5.70,
Cc1ccc(C)c(c1)N(CC(=O)NC2CCCC2)C(=O)c3cc4cc5cccc(C)c5nc4s3,CHEMBL1313827,5.60,
Cc1ccc(C)c(c1)n2c(CNC(=O)c3occc3)nnc2SCC(=O)N4CCc5ccccc45,CHEMBL1612968,5.15,
Cc1ccc(C)c(c1)N2CCN(CC2)C(=O)c3ccc4nc(c5occc5)c(nc4c3)c6occc6,CHEMBL1430383,4.70,
Cc1ccc(C)c(c1)S(=O)(=O)N2CCC(CC2)c3nc(O)c4nnn(Cc5ccc(F)cc5)c4n3,CHEMBL1440108,5.20,
Cc1ccc(C)c(CN2C(=O)C3CCCN3c4ccc(cc24)C#N)c1,CHEMBL1595521,5.30,
Cc1ccc(C)c(CN2C=Nc3c(cnn3C(C)(C)C)C2=O)c1,CHEMBL1429565,6.10,
Cc1ccc(C)c(NC(=NNC(=O)c2oc(Br)cc2)S)c1,CHEMBL1470219,4.85,
Cc1ccc(C)c(NC(=O)C2(C)CC3c4ccccc4C2c5ccccc35)c1,CHEMBL1722019,5.65,
Cc1ccc(C)c(NC(=O)C2CC(O)CN2C(=O)OC(C)(C)C)c1,CHEMBL1545573,4.60,
Cc1ccc(C)c(NC(=O)Cn2nnc(C(=O)Nc3c(C)cccc3C)c2N)c1,CHEMBL1610924,4.90,
Cc1ccc(C)c(NC(=O)NCc2ccc(Cl)cc2)c1,CHEMBL1408954,5.60,
Cc1ccc(C)c(NC(=S)N(CCc2nc3cc(C)c(C)cc3[nH]2)Cc4cccnc4)c1,CHEMBL1519453,5.60,
Cc1ccc(C)c(Nc2c(cc(cc2[N+](=O)[O-])C(=O)N3CC(=O)Nc4ccccc34)[N+](=O)[O-])c1,CHEMBL1352445,5.35,
Cc1ccc(C)c2c(CC(=O)O)c(C)[nH]c12,CHEMBL1322207,5.50,
Cc1ccc(C)c2sc(NC(=O)c3ccc(N4CCCCC4)c(c3)[N+](=O)[O-])nc12,CHEMBL1537501,5.40,
Cc1ccc(C)n1CCN2CCN(CC(=O)Nc3cc(ccc3Cl)C(F)(F)F)CC2,CHEMBL1381896,4.60,
Cc1ccc(c2oc(\C=N\N3C(=O)C4C5C=CC(C6CC56)C4C3=O)cc2)c(c1)[N+](=O)[O-],CHEMBL3192271,5.65,
Cc1ccc(cc1)[S+]([O-])CCC[S+]([O-])c2ccc(C)cc2,CHEMBL1511012,4.80,
Cc1ccc(cc1)\C(=C\c2cccc(c2)[N+](=O)[O-])\C#N,CHEMBL1318927,5.40,
Cc1ccc(cc1)\N=C\c2cc(C)n(C3CCCC3)c2C,CHEMBL3209784,4.70,
Cc1ccc(cc1)C#Cc2cccc(C#Cc3ccc(C)cc3)[n+]2C,CHEMBL2325201,,6.55
Cc1ccc(cc1)C#CCOCc2cccc(COCC#Cc3ccc(C)cc3)[n+]2C,CHEMBL2325200,,6.67
Cc1ccc(cc1)C(=N)NOC(=O)Cc2cccs2,CHEMBL1447809,4.55,
Cc1ccc(cc1)C(=O)C(OC(=O)CN2C(=O)c3ccccc3C2=O)c4ccccc4,CHEMBL1388541,5.10,
Cc1ccc(cc1)C(=O)c2c[nH]nc2c3cc(Cl)ccc3O,CHEMBL1337991,5.40,
Cc1ccc(cc1)C(=O)C2CCN(CCCc3ccccc3)CC2,CHEMBL3590457,,7.22
Cc1ccc(cc1)C(=O)c2sc(NCC=C)c(C#N)c2N,CHEMBL1422579,4.50,
Cc1ccc(cc1)C(=O)CN(N2C(=O)c3ccccc3C2=O)C(=O)c4ccc(Cl)cc4,CHEMBL1523557,5.00,
Cc1ccc(cc1)C(=O)COc2ccccc2C(=O)Nc3ccccc3,CHEMBL1480087,4.95,
Cc1ccc(cc1)C(=O)N\N=C\c2nc3ccccc3n2C,CHEMBL3210166,5.50,
Cc1ccc(cc1)C(=O)N2C3CC(C=C3)C2(C(F)(F)F)C(F)(F)F,CHEMBL1518570,5.95,
Cc1ccc(cc1)C(=O)NC(=S)Nc2cc(ccc2C)c3nc4ccccc4s3,CHEMBL1389204,5.00,
Cc1ccc(cc1)C(=O)Nc2ccc(cc2)C(=O)\C=C\c3cccs3,CHEMBL1339380,5.30,
Cc1ccc(cc1)C(=O)NC2CCc3ccc(CCN4CCN(CC4)c5nsc6ccccc56)cc23,CHEMBL398618,,6.71
Cc1ccc(cc1)C(=O)NCCNC(=O)CN2CCOCC2,CHEMBL599705,4.55,
Cc1ccc(cc1)C(=O)NNC(=S)NC(=O)c2ccc(Cl)cc2,CHEMBL1427178,4.85,
Cc1ccc(cc1)C(N2CCN(CC2)C(=O)c3occc3)c4nnnn4CC5CCCO5,CHEMBL1319109,5.45,
Cc1ccc(cc1)C(N2CCN3CCCC3C2)c4nnnn4C5CCCC5,CHEMBL1497087,4.85,
Cc1ccc(cc1)C23CNCC2C3,CHEMBL511099,,4.35
Cc1ccc(cc1)c2c(cnn2C)c3nn(C)c4ncnc(N5CC[C@@H](C5)N6CCCCC6)c34,CHEMBL3527048,6.77,
Cc1ccc(cc1)c2cc(C(=O)NN=C3CCCC3)c4ccccc4n2,CHEMBL1344685,5.10,
Cc1ccc(cc1)c2cc(N)n(n2)c3ccc(C)cc3,CHEMBL1371014,4.65,
Cc1ccc(cc1)c2ccc(cc2)C#Cc3cccc(C#Cc4ccc(cc4)c5ccc(C)cc5)[n+]3C.[O-]S(=O)(=O)C(F)(F)F,CHEMBL3590498,,6.52
Cc1ccc(cc1)c2cnc3Oc4ccc(cc4[C@@]5(COC(=N5)N)c3c2)c6cccnc6F,CHEMBL3359757,,5.91
Cc1ccc(cc1)c2cnn(c2N)c3cccc(c3)C(F)(F)F,CHEMBL1350079,5.25,
Cc1ccc(cc1)c2csc(Cc3nc(cs3)C4=Cc5ccccc5OC4=O)n2,CHEMBL1409809,5.40,
Cc1ccc(cc1)c2csc3ncnc(SCC(=O)c4ccc5OCCOc5c4)c23,CHEMBL1347205,4.95,
Cc1ccc(cc1)C2N(CC3COc4ccccc4O3)C(=O)CN(C5CCCC5)C2=O,CHEMBL1559560,5.40,
Cc1ccc(cc1)c2nc(oc2c3ccccc3)c4nccc5ccccc45,CHEMBL1477383,5.30,
Cc1ccc(cc1)c2nn3c(O)c4CCCCc4nc3c2C,CHEMBL587259,5.05,
Cc1ccc(cc1)c2nnc(SCc3ccc(cc3)C#N)n2CC=C,CHEMBL1470578,5.25,
Cc1ccc(cc1)c2noc(CN3CCN(CC3)C(c4ccccc4)c5ccccc5)n2,CHEMBL1725604,4.45,
Cc1ccc(cc1)c2noc(n2)C3=Cc4ccccc4OC3=O,CHEMBL1403554,5.45,
Cc1ccc(cc1)c2oc(nn2)c3ccc(NC(=O)c4cccs4)cc3,CHEMBL1535457,4.70,
Cc1ccc(cc1)c2oc(nn2)c3ccc4ccccc4c3,CHEMBL1405325,5.20,
Cc1ccc(cc1)c2oc(nn2)c3ccccc3S(=O)(=O)Cc4ccc(Cl)cc4,CHEMBL1383143,5.40,
Cc1ccc(cc1)N(CC2=NCCN2)c3cccc(O)c3,CHEMBL597,,4.70
Cc1ccc(cc1)N(CCC#N)C(=O)CSc2ccc3OCCOc3c2,CHEMBL1531607,4.80,
Cc1ccc(cc1)N=Nc2c(N)nn3c(O)c4CCCCc4nc23,CHEMBL1578807,5.10,
Cc1ccc(cc1)N2C(=Nc3ccccc3C2=O)SCc4ccc(cc4)[N+](=O)[O-],CHEMBL1376830,4.95,
Cc1ccc(cc1)N2C(=O)CC(C3=C2CC(C)(C)CC3=O)c4ccsc4,CHEMBL1497138,5.65,
Cc1ccc(cc1)N2C(=S)SC(=C2N)C(=O)NCc3occc3,CHEMBL1388488,4.60,
Cc1ccc(cc1)n2c(C)cc(C(=O)CSc3n[nH]c(N)n3)c2C,CHEMBL1424441,5.00,
Cc1ccc(cc1)N2C(c3ccccn3)c4c(C)n[nH]c4C2=O,CHEMBL1741845,4.85,
Cc1ccc(cc1)n2c(Cc3cccn3C)nnc2SCC(=O)N4CCc5ccccc45,CHEMBL1303309,5.35,
Cc1ccc(cc1)n2c(O)cnc2Nc3nc(C)cc(C)n3,CHEMBL1557279,4.50,
Cc1ccc(cc1)n2c(S)nnc2c3cc(C)n(C)n3,CHEMBL1307784,4.85,
Cc1ccc(cc1)n2c(SCC(=O)N3CCOCC3)nnc2c4cccnc4,CHEMBL1547530,5.00,
Cc1ccc(cc1)N2C=CC(=O)C(=N2)c3ccnc(SCc4cccc(Cl)c4)n3,CHEMBL1508431,5.05,
Cc1ccc(cc1)N2CCC3CN(CCCSc4nnc(c5cnccn5)n4C)CC23,CHEMBL3775071,,6.40
Cc1ccc(cc1)N2CCN(CC(O)COc3ccccc3C(=O)CCc4ccccc4)CC2,CHEMBL1963594,,5.37
Cc1ccc(cc1)N2N=CC(=C(Cl)C2=O)NCC=C,CHEMBL1493566,5.35,
Cc1ccc(cc1)n2nc(C)c3C(C(=C(N)Oc23)C#N)c4occc4,CHEMBL1391390,4.75,
Cc1ccc(cc1)n2nc3ccc(NC(=O)c4ccc5OCOc5c4)cc3n2,CHEMBL1535180,5.05,
Cc1ccc(cc1)n2nc3CSCc3c2NC(=O)c4cccs4,CHEMBL1321686,4.90,
CC1CCC(CC1)NC(=O)c2oc(CS(=O)(=O)Cc3ccccc3F)cc2,CHEMBL1311780,4.85,
CC1CCC(CC1)NC(=O)CN2C(=O)COc3ccc(C)cc23,CHEMBL1525261,5.15,
Cc1ccc(cc1)S(=O)(=O)c2c(C)nn(c2OC(=O)c3cccs3)C(C)(C)C,CHEMBL1600209,5.65,
Cc1ccc(cc1)S(=O)(=O)c2nc(c(NCc3occc3)s2)S(=O)(=O)c4ccc(C)cc4,CHEMBL1443362,5.45,
Cc1ccc(cc1)S(=O)(=O)CC#CCOC(=O)c2ccc(cc2)[N+](=O)[O-],CHEMBL1572006,4.80,
Cc1ccc(cc1)S(=O)(=O)CCc2nnc(NC(=O)COc3cccc(C)c3)s2,CHEMBL1348872,5.55,
Cc1ccc(cc1)S(=O)(=O)N(CC(=O)N\N=C\c2ccc(F)cc2)c3cccc4cccnc34,CHEMBL3190889,5.90,
Cc1ccc(cc1)S(=O)(=O)N(CC(=O)N2CCN(CC2)c3ccc(F)cc3)C4CCCCC4,CHEMBL1453354,6.00,
Cc1ccc(cc1)S(=O)(=O)N[C@@H](Cc2ccccc2)C(=O)CCl,CHEMBL60718,5.50,
Cc1ccc(cc1)S(=O)(=O)N[C@@H](CCCCN)C(=O)CCl,CHEMBL466465,4.90,
Cc1ccc(cc1)S(=O)(=O)N[C@H](C(=O)Oc2ccc3C(=CC(=O)Oc3c2)C(F)(F)F)c4ccccc4,CHEMBL1578982,4.60,
Cc1ccc(cc1)S(=O)(=O)N\N=C\c2cn(CC(=O)Nc3ccc(F)cc3F)c4ccccc24,CHEMBL2440384,,4.37
Cc1ccc(cc1)S(=O)(=O)n2c3ccccc3c4nnc(nc24)C(=O)c5ccccc5,CHEMBL1514221,5.40,
Cc1ccc(cc1)S(=O)(=O)N2CCC(CC2)C(=O)NCc3cccnc3,CHEMBL1534897,5.50,
Cc1ccc(cc1)S(=O)(=O)Nc2cc(O)nc3CCCc23,CHEMBL1358738,5.50,
Cc1ccc(cc1)S(=O)(=O)NC2CCCCC2,CHEMBL1371652,4.70,
Cc1ccc(cc1)S(=O)(=O)NCC2CCC(CC2)C(=O)N3CCC4(CC3)OCCO4,CHEMBL1306620,4.80,
Cc1ccc(cc1)S(=O)(=O)NCCC(=O)NCc2ccccc2,CHEMBL1703300,4.60,
Cc1ccc(cc1)S(=O)(=O)NCCn2c(C)cc3ccccc23,CHEMBL1384353,5.30,
Cc1ccc(cc1[N+](=O)[O-])C(=O)Nc2ccc(Cc3ccncc3)cc2,CHEMBL1364298,6.45,
Cc1ccc(cc1[N+](=O)[O-])c2oc(\C=N\NC(=S)Nc3ccccc3)cc2,CHEMBL1972348,5.15,
Cc1ccc(cc1C)C(=O)COC(=O)c2ccc3C(=O)N(C(=O)c3c2)c4cccc5ncccc45,CHEMBL1570763,5.90,
Cc1ccc(cc1C)C(=O)N(CN2CCCC2=O)c3ccccc3,CHEMBL1427932,4.90,
Cc1ccc(cc1C)N(C(C(=O)NC2CCCCC2)c3cccs3)C(=O)C(F)(F)F,CHEMBL1741490,5.20,
Cc1ccc(cc1C)N2C(=S)NC(=O)\C(=C/c3oc(CN(CCC#N)S(=O)(=O)C)cc3)\C2=O,CHEMBL1507021,4.65,
Cc1ccc(cc1C)n2c(C)nnc2SCC(=O)N3CCc4ccccc4C3,CHEMBL1548344,5.05,
Cc1ccc(cc1C)n2c(CCC(=O)O)ccc2c3cccs3,CHEMBL1332143,4.85,
Cc1ccc(cc1F)N2C(SCC2=O)c3cccnc3,CHEMBL1389463,4.80,
Cc1ccc(cc1N=C=O)N=C=O,CHEMBL1086446,4.80,
Cc1ccc(cc1N2CCCC2=O)C(=O)NC3CCCCCC3,CHEMBL1705149,4.60,
Cc1ccc(cc1NC(=O)c2cc(ccc2Cl)n3cnnc3)c4nc5ccccc5s4,CHEMBL1325709,6.05,
Cc1ccc(cc1NC(=O)c2ccc3OCOc3c2)c4nc5ccccc5[nH]4,CHEMBL1450602,5.70,
Cc1ccc(cc1NC(=O)COC(=O)CCC(=O)c2cccs2)S(=O)(=O)N3CCOCC3,CHEMBL1586504,4.95,
Cc1ccc(cc1NC(=S)NC(=O)c2ccccc2)c3nc4ccccc4s3,CHEMBL1496528,4.85,
Cc1ccc(cc1O)C(=O)c2nc3ccc(O)cc3s2,CHEMBL2170754,4.27,
Cc1ccc(Cc2cc[n+](C)c(COc3ccc(C)cc3)c2)cc1.[O-]S(=O)(=O)C(F)(F)F,CHEMBL2324261,,6.46
Cc1ccc(CCCCN2CCC(CC2)C(O)(c3ccccc3)c4ccccc4)cc1,CHEMBL571389,,6.40
Cc1ccc(CCCOCc2cccc(COCCCc3ccc(C)cc3)[n+]2C)cc1,CHEMBL2325199,,6.71
Cc1ccc(CCN2CC(CC2=O)C(=O)NC3CCCC3)cc1,CHEMBL1414122,4.80,
Cc1ccc(CCN2CC(CC2=O)C(=O)NCCN3CCCCCC3)cc1,CHEMBL1565852,4.45,
Cc1ccc(CCNC(=O)C2CC(=NO2)c3ccccc3[N+](=O)[O-])cc1,CHEMBL1424808,5.95,
Cc1ccc(CCNC[C@H](O)COc2ccc(NS(=O)(=O)C)cc2)cc1C,CHEMBL494061,,5.62
Cc1ccc(CCOCC#Cc2cccc(C#CCOCCc3ccc(C)cc3)[n+]2C)cc1,CHEMBL2325203,,4.84
Cc1ccc(CCOCc2cccc(COCCc3ccc(C)cc3)[n+]2C)cc1,CHEMBL2324264,,6.87
Cc1ccc(Cl)cc1N,CHEMBL553181,4.50,
Cc1ccc(CN(C2CCS(=O)(=O)C2)C(=O)C3=Cc4ccccc4OC3=O)cc1,CHEMBL1349786,5.35,
Cc1ccc(cn1)[C@@]2(O)CC[C@H](CC2)N3CC(C3)NC(=O)CNC(=O)c4cccc(c4)C(F)(F)F,CHEMBL2204243,,4.46
Cc1ccc(cn1)[C@@H]2CC[C@@H](CC2)N3CC(C3)NC(=O)CNc4n[nH]c5ccc(cc45)C(F)(F)F,CHEMBL1834788,,4.57
Cc1ccc(cn1)[C@@H]2CC[C@@H](CC2)N3CC(C3)NC(=O)CNc4nn(C)c5ccc(cc45)C(F)(F)F,CHEMBL1834791,,4.75
Cc1ccc(cn1)[C@@H]2CCO[P@](=O)(COc3cc(C)c(C)c4Cc5scnc5c34)O2,CHEMBL1096104,5.28,
Cc1ccc(cn1)C(=O)N\N=C/c2cccn2C,CHEMBL3193388,6.50,
Cc1ccc(cn1)c2c(C)c(CNC3CCC(F)(F)C3)nn2c4ncccc4Cl,CHEMBL468518,,4.68
Cc1ccc(cn1)c2c(C)c(CNC3CCCC3)nn2c4ncc(Cl)cc4Cl,CHEMBL468307,,5.92
Cc1ccc(cn1)c2nnc(SCCCN3C[C@@H]4C[C@@]4(C3)c5ccc(cc5)C(F)(F)F)n2C,CHEMBL1079640,,6.10
Cc1ccc(cn1)n2c(C)c(CN[C@H]3CC[C@@H](F)C3)nc2c4ncccc4Cl,CHEMBL551208,,4.51
Cc1ccc(cn1)n2c(C)c(CNC3CCCC3)nc2c4ncccc4Cl,CHEMBL554299,,4.72
Cc1ccc(cn1)N2CCN(CCN3Cc4ccccc4C3)C2=O,CHEMBL564477,,4.50
Cc1ccc(CN2[C@@H]3CC[C@H]2C[C@H](C3)Oc4cccc(c4)C(=O)N)s1,CHEMBL1223815,,6.59
Cc1ccc(Cn2c(nc3ccccc23)C4CNCCS4)cc1,CHEMBL1935444,5.02,6.03
Cc1ccc(CN2C=NC(=O)c3cc(Oc4ncccc4C(F)(F)F)ccc23)cc1,CHEMBL2403327,,4.77
Cc1ccc(Cn2cc(CN(C3CC3)C(=O)[C@H]4CNCC[C@]4(O)c5ccc(F)c(F)c5)c6c(F)cccc26)cn1,CHEMBL1910545,,6.44
Cc1ccc(Cn2ccc(NC(=O)c3cc4nc(cc(n4n3)C(F)(F)F)c5occc5)n2)cc1,CHEMBL1478198,5.55,
Cc1ccc(Cn2nc(nc2c3ccccc3)c4ccccc4)cc1,CHEMBL1400744,4.95,
Cc1ccc(CNC(=O)C2(CCCCC2)NC(=O)Nc3ccc(C)cc3)cc1,CHEMBL1385596,5.60,
Cc1ccc(CNC(=O)C2CCC(=O)N2C3CCCCC3)cc1,CHEMBL1741905,5.10,
Cc1ccc(CNC(=O)C2CCCN2C(=O)NCc3ccccc3)cc1,CHEMBL1450809,5.45,
Cc1ccc(CNC(=O)Cc2csc(Nc3nc(S)nc4ccccc34)n2)cc1,CHEMBL1384675,6.00,
Cc1ccc(CNC(=O)CCNC(=O)c2occc2)cc1,CHEMBL1450864,4.65,
Cc1ccc(CNC(=O)CN2C(=O)COc3ccc(C)cc23)cc1,CHEMBL1741458,5.75,
Cc1ccc(CNC(=O)Cn2cncn2)cc1,CHEMBL1437905,4.85,
Cc1ccc(CNc2nc(N)c(c(Nc3ccc(F)cc3)n2)[N+](=O)[O-])cc1,CHEMBL1557851,5.70,
Cc1ccc(COCc2cccc(COCc3ccc(C)cc3)[n+]2C)cc1,CHEMBL2324263,,6.97
Cc1ccc(CS(=O)(=O)CCC(=O)NCc2cccs2)cc1,CHEMBL1596762,4.95,
Cc1ccc(CS(=O)(=O)CCC(=O)NCCCN2CCCC2)cc1,CHEMBL1321738,4.55,
Cc1ccc(CSc2nnc(c3ccncc3)n2CC4CCCO4)cc1,CHEMBL1741492,5.85,
Cc1ccc(CSc2nnc(n2Cc3ccc(F)cc3)C(F)(F)F)cc1,CHEMBL1412450,5.50,
Cc1ccc(F)cc1C(C)(C)CC(O)(Cc2cc3cc(N)ncc3[nH]2)C(F)(F)F,CHEMBL3358926,6.30,
Cc1ccc(F)cc1C(C)(C)CC(O)(Cc2cc3cc(ncc3[nH]2)N4CCOCC4)C(F)(F)F,CHEMBL3358929,8.00,
Cc1ccc(N)c(N)c1,CHEMBL1319452,4.60,
Cc1ccc(N)cc1Cl,CHEMBL1374337,4.90,
Cc1ccc(N\C(=C(\C(=O)c2ccc(C)c(c2)[N+](=O)[O-])/[n+]3ccccc3)\[S-])cc1C,CHEMBL1444545,4.95,
Cc1ccc(N\N=C\2/C(=O)NN(C2=N)c3ccccc3)cc1,CHEMBL2369261,4.95,
Cc1ccc(N=C(S)N2CCN(CC2)C(=O)C3CCCO3)c(C)c1,CHEMBL1741411,4.65,
Cc1ccc(N=Nc2ccc(N)cc2C)c(c1)S(=O)(=O)N,CHEMBL1475360,5.40,
Cc1ccc(NC(=NC2CCCC2)S)cc1,CHEMBL1442243,5.00,
Cc1ccc(NC(=NCCN2CCOCC2)S)cc1C,CHEMBL1346217,4.80,
Cc1ccc(NC(=O)[C@H](COC2CCC2)Oc3ncnc4c3cnn4c5ncccc5Cl)nc1,CHEMBL3221490,,4.40
Cc1ccc(NC(=O)\C(=C/c2ccc(cc2)[N+](=O)[O-])\NC(=O)c3ccccc3)cc1,CHEMBL1508832,5.95,
Cc1ccc(NC(=O)\C(=C/c2ccc3OCOc3c2)\NC(=O)c4occc4)cc1,CHEMBL1417980,5.60,
Cc1ccc(NC(=O)c2c(Cl)n(C)nc2C(F)(F)F)cc1C,CHEMBL1307848,5.55,
Cc1ccc(NC(=O)C2CC(=O)n3c(N2)nc4ccccc34)cc1,CHEMBL1429809,4.75,
Cc1ccc(NC(=O)c2cc(nc3ccccc23)c4ccccc4)cc1,CHEMBL2152013,5.40,
Cc1ccc(NC(=O)c2cc(nc3ccccc23)c4ccncc4)cc1,CHEMBL2152016,6.27,
Cc1ccc(NC(=O)c2cc(nc3ccccc23)c4ccncn4)cc1,CHEMBL2151049,5.52,
Cc1ccc(NC(=O)c2cc(nc3ccccc23)c4cnccn4)cc1,CHEMBL2152023,5.57,
Cc1ccc(NC(=O)c2sc3ncnc(O)c3c2C)c(C)c1,CHEMBL1466684,4.80,
Cc1ccc(NC(=O)c2sccc2SCc3cccc(c3)C(F)(F)F)cc1,CHEMBL1459455,6.00,
Cc1ccc(NC(=O)CCc2c(C)nc3ncnn3c2C)nc1,CHEMBL1535937,4.80,
Cc1ccc(NC(=O)CCc2ccc(cc2)S(=O)(=O)NC3CCCCC3)cc1,CHEMBL1384971,6.05,
Cc1ccc(NC(=O)CCSc2nnc3ccccn23)cc1,CHEMBL1505265,6.05,
Cc1ccc(NC(=O)CN2C(=O)S\C(=C/c3cccn3C)\C2=O)cc1,CHEMBL1389640,5.15,
Cc1ccc(NC(=O)CN2C=Nc3c(cnn3C(C)(C)C)C2=O)cc1,CHEMBL1353611,4.90,
Cc1ccc(NC(=O)CN2CCC(CC2)NC(=O)Cc3ccccc3)cc1C,CHEMBL1600038,4.85,
Cc1ccc(NC(=O)CSc2oc(Cn3cnc4ccccc34)nn2)c(C)c1,CHEMBL1548199,4.60,
Cc1ccc(NC(=O)N\C=C\c2ccc(Cl)cc2)cc1,CHEMBL1313747,7.30,
Cc1ccc(NC(=O)N2CCN(C[C@@H]3CCCN(C3)C4CC4)CC2)cc1Cl,CHEMBL2036762,,5.15
Cc1ccc(NC(=O)NCCCc2ccccc2)cc1,CHEMBL1490884,5.10,
Cc1ccc(NC(=S)N2CCN(CC2)C3CCCCC3)cc1,CHEMBL1741628,5.00,
Cc1ccc(nc1)c2c(C3CCCC3)c4ccc(cc4n2C)C(=O)NC5(CCC5)C(=O)Nc6ccc(\C=C\C(=O)O)cc6,CHEMBL2181777,5.24,
Cc1ccc(NC2=C(C=CC3=NC4(CCCCC4)N=C23)[N+](=O)[O-])cc1,CHEMBL1433052,5.15,
Cc1ccc(NC2=CC(=O)N(C3CCCCC3)C(=O)N2)cc1C,CHEMBL1351344,5.05,
Cc1ccc(Nc2c(nc3CN(CCn23)C(=O)CN)c4ccc(F)cc4)cc1,CHEMBL1800769,,4.96
Cc1ccc(Nc2cc(N[C@@H]3CCCC[C@@H]3N)nnc2C(=O)N)nc1C,CHEMBL3237561,,4.70
Cc1ccc(Nc2ccc(nn2)n3ccnc3)cc1C,CHEMBL1484866,7.10,
Cc1ccc(Nc2nc(cs2)c3c(C)nc4ncccn34)cc1,CHEMBL1374527,4.60,
Cc1ccc(Nc2nc(cs2)c3sc(NC(=O)c4ccc(cc4)[N+](=O)[O-])nc3C)cc1,CHEMBL1458544,5.00,
Cc1ccc(Nc2nc(cs2)c3sc(NC(=O)c4cccc(Cl)c4)nc3C)cc1,CHEMBL1572734,4.95,
Cc1ccc(Nc2nc(N[C@@H]3CCCC[C@@H]3N)ncc2C(=O)N)cc1,CHEMBL1835070,,4.60
Cc1ccc(Nc2ncccc2C(=O)NCc3cccs3)c(C)c1,CHEMBL1369886,4.90,
Cc1ccc(Nc2nnns2)cc1,CHEMBL1456034,4.65,
Cc1ccc(NCC(=O)N\N=C\c2ccc(OC(=O)c3occc3)cc2)cc1,CHEMBL3211795,4.75,
Cc1ccc(NCCC(=O)c2ccc(Cl)cc2)cc1,CHEMBL1526635,4.90,
Cc1ccc(NCCC(=O)c2ccc(Cl)cc2)cc1C,CHEMBL1388651,5.45,
Cc1ccc(NNS(=O)(=O)c2ccc(C)cc2)cc1,CHEMBL1556561,4.55,
Cc1ccc(NS(=O)(=O)c2cc(ccc2Cl)C(=O)N3CCc4ccccc4C3)cc1,CHEMBL1496101,5.90,
Cc1ccc(NS(=O)(=O)c2cc(ccc2Cl)C(=O)NCc3ccccn3)cc1C,CHEMBL1555896,5.95,
Cc1ccc(NS(=O)(=O)c2ccccc2Cl)c3OC(C)(C)Cc13,CHEMBL1305916,6.15,
Cc1ccc(O)c(c1)c2cc(nc(n2)c3ccccc3)C(F)(F)C(F)F,CHEMBL1362249,5.05,
Cc1ccc(O)c(N=Nc2ccccc2)n1,CHEMBL405358,5.30,
Cc1ccc(OC(=O)c2oc3ccc(F)cc3c2C)c(C)c1,CHEMBL1599905,4.40,
Cc1ccc(OC(=O)N(CC(=O)O)Cc2cccc(OCc3nc(oc3C)c4ccc(C)cc4)c2)cc1,CHEMBL1090877,,4.59
Cc1ccc(OC(=O)N(CC(=O)O)Cc2cccc(OCc3nc(oc3C)c4ccc(F)cc4)c2)cc1,CHEMBL1089164,,4.42
Cc1ccc(OC(=O)N(CC(=O)O)Cc2cccc(OCc3nc(sc3C)c4ccc(Cl)cc4)c2)cc1,CHEMBL1091664,,5.00
Cc1ccc(OC(=O)N(CC(=O)O)Cc2cccc(OCc3oc(nc3C)c4ccc(Cl)cc4)c2)cc1,CHEMBL1090211,,4.70
Cc1ccc(OC2=COc3cc(OC(=O)c4cccs4)ccc3C2=O)cc1,CHEMBL1386793,4.90,
Cc1ccc(Oc2cc(nc(n2)c3ccccc3)N4CCOCC4)cc1,CHEMBL1524591,4.85,
Cc1ccc(Oc2ccc(cc2)C(=O)NCc3ccncc3)cc1,CHEMBL1427458,6.00,
Cc1ccc(Oc2nc(ncc2S(=O)(=O)C)c3ccccc3)cc1,CHEMBL1741622,4.85,
Cc1ccc(Oc2ncc(CN3CCOCC3)s2)cc1,CHEMBL1566120,4.70,
Cc1ccc(OCC(=O)N\N=C/c2c(C)n(C)c3ccccc23)c(c1)[N+](=O)[O-],CHEMBL3212699,5.15,
Cc1ccc(OCC(=O)Nc2ccc(cc2)S(=O)(=O)Nc3onc(C)c3C)cc1,CHEMBL1319393,4.45,
Cc1ccc(OCC(=O)NNC(=O)c2cccnc2)cc1,CHEMBL1412639,4.60,
Cc1ccc(OCC(O)CNC(=O)c2ccccc2C(=O)O)cc1,CHEMBL1723585,4.55,
Cc1ccc(OCc2cccc(COc3ccc(C)cc3)[n+]2C)cc1,CHEMBL2324262,,7.28
Cc1ccc(OCc2oc(cc2)C(=O)Nc3nccs3)cc1C,CHEMBL1413306,4.95,
Cc1ccc(OCCCC(=O)N2CCOCC2)cc1,CHEMBL1458424,4.60,
Cc1ccc(OCCCC(=O)Nc2ccccc2C(F)(F)F)cc1,CHEMBL1318937,4.80,
Cc1ccc(OCCCc2cc(N)cc(CCCOc3ccc(C)cc3)n2)cc1,CHEMBL2324256,,6.77
Cc1ccc(OCCCc2cccc(CCCOc3ccc(C)cc3)[n+]2C)cc1,CHEMBL2325205,,6.02
Cc1ccc(OCCCN2C(=O)C(=O)c3cccc(C)c23)cc1,CHEMBL1505211,4.80,
Cc1ccc(OCCCN2C(=O)Sc3ccccc23)cc1,CHEMBL1339404,4.75,
Cc1ccc(OCCNC(=O)c2cncc(Br)c2)cc1C,CHEMBL1311806,5.15,
Cc1ccc(Sc2nc(C)cc(C)c2S(=O)(=O)C)cc1,CHEMBL1589809,4.85,
Cc1ccc(Sc2nc(ccc2C#N)c3ccccc3)cc1,CHEMBL1388668,4.70,
Cc1ccc(Sc2ncccc2COC(=O)Nc3ccccc3C)cc1,CHEMBL1602050,5.60,
Cc1ccc(SCC(=O)N2c3ccccc3Sc4ccccc24)cc1,CHEMBL1371202,5.85,
Cc1ccc(SCC(=O)Nc2ccc(N3CCN(CC3)c4ccccc4)c(F)c2)cc1,CHEMBL1453102,5.70,
Cc1ccc(SCC(=O)Nc2cccc(NC(=O)c3occc3)c2)cc1,CHEMBL1365785,4.65,
Cc1ccc(SCC(=O)NNC(=O)C2CCCCC2)cc1,CHEMBL1741630,5.10,
Cc1ccc(SCc2ccc(cc2)C(=O)NCc3ccncc3)cc1,CHEMBL1418864,5.15,
Cc1ccc(SCc2noc(C(=O)NCC3CCCO3)c2C(=O)O)cc1C,CHEMBL1741698,4.85,
Cc1ccc(SCCCN2C=Nc3ccccc3C2=O)cc1,CHEMBL1477299,4.95,
Cc1ccc(SCCNC(=O)c2ccc(C)c(c2)S(=O)(=O)Nc3ccccc3C)cc1,CHEMBL1376755,6.20,
Cc1ccc2[nH]c(nc2c1)\C(=C/c3ccc(OC(=O)c4cccs4)cc3)\C#N,CHEMBL1346226,4.85,
Cc1ccc2C(=O)c3ccccc3C(=O)c2c1[N+](=O)[O-],CHEMBL1331312,4.90,
Cc1ccc2C(=O)c3ccccc3C(=O)c2c1N,CHEMBL1413787,5.30,
Cc1ccc2c(C(=O)O)c(O)c(nc2c1C)c3ccc(Cl)cc3,CHEMBL267210,5.16,
Cc1ccc2c(C)nc(Nc3nc(O)cc(CSc4nc5ccccc5[nH]4)n3)nc2c1,CHEMBL1449103,5.55,
CC1CCc2c(C1)sc(NC(=O)c3nc4nc(C)cc(C(F)F)n4n3)c2C#N,CHEMBL1480632,4.80,
Cc1ccc2c(CC[C@H]3CC(=O)CC[C@@]23C)c1,CHEMBL1318163,4.80,
Cc1ccc2c(cccc2n1)c3nnc(SCCCCN4CCc5cc6nc(oc6c(C)c5CC4)C(F)(F)F)n3C,CHEMBL271097,,6.60
Cc1ccc2c(cccc2n1)c3nnc(SCCCN4CC5CC5(C4)c6ccc(Br)cc6)n3C,CHEMBL1079497,,6.90
Cc1ccc2c(cccc2n1)c3nnc(SCCCN4CC5CC5(C4)c6ccc(cc6)C#N)n3C,CHEMBL1079577,,6.20
Cc1ccc2c(cccc2n1)c3nnc(SCCCN4CC5CC5(C4)c6ccc(cc6)C(F)(F)F)n3C,CHEMBL1080293,,6.80
Cc1ccc2c(cccc2n1)c3nnc(SCCCN4CC5CC5(C4)c6ccc(Cl)cc6)n3C,CHEMBL1080117,,5.70
Cc1ccc2c(cccc2n1)c3nnc(SCCCN4CC5CC5(C4)c6ccccc6)n3C,CHEMBL1081203,,5.30
Cc1ccc2c(cccc2n1)c3nnc(SCCCN4CCc5cc6nc(oc6c(C)c5CC4)C(C)(C)C)n3C,CHEMBL402087,,6.60
Cc1ccc2c(cccc2n1)c3nnc(SCCCN4CCc5cc6NCCOc6cc5CC4)n3C,CHEMBL408169,,6.40
Cc1ccc2c(cccc2n1)c3nnc(SCCCN4CCc5cc6oc(nc6cc5CC4)C(C)(C)C)n3C,CHEMBL429132,,6.10
Cc1ccc2c(cccc2n1)c3nnc(SCCCN4CCc5cc6oc(nc6cc5CC4)C(C)(F)F)n3C,CHEMBL256473,,5.90
Cc1ccc2c(cccc2n1)c3nnc(SCCCN4CCc5cc6oc(nc6cc5CC4)C(F)(F)C(F)(F)F)n3C,CHEMBL270227,,7.00
Cc1ccc2c(cccc2n1)c3nnc(SCCCN4CCc5cc6oc(nc6cc5CC4)c7cc(C)nn7C)n3C,CHEMBL270567,,6.30
Cc1ccc2c(cccc2n1)c3nnc(SCCCN4CCc5cc6oc(nc6cc5CC4)C7CC7)n3C,CHEMBL272695,,6.00
Cc1ccc2c(cccc2n1)c3nnc(SCCCN4CCc5cc6OCCN(c6cc5CC4)S(=O)(=O)C)n3C,CHEMBL272379,,5.10
Cc1ccc2c(cccc2n1)c3nnc(SCCCN4CCc5ccc(cc5CC4)c6cc(C)nn6C)n3C,CHEMBL244946,,5.70
Cc1ccc2c(cccc2n1)c3nnc(SCCCN4CCc5ccc6nc(oc6c5CC4)C(C)(F)F)n3C,CHEMBL256488,,5.60
Cc1ccc2c(cccc2n1)c3nnc(SCCCN4CCc5ccc6nc(oc6c5CC4)C(F)(F)F)n3C,CHEMBL404363,,6.00
Cc1ccc2c(cccc2n1)c3nnc(SCCCN4CCc5ccc6oc(nc6c5CC4)C(F)(F)F)n3C,CHEMBL272150,,5.70
Cc1ccc2c(cccc2n1)c3nnc(SCCCN4CCc5nc6cc(ccn6c5CC4)C(F)(F)F)n3C,CHEMBL411293,,6.60
Cc1ccc2c(cccc2n1)c3nnc(SCCCN4CCc5nc6ccc(Cl)cn6c5CC4)n3C,CHEMBL257716,,5.80
Cc1ccc2c(cccc2n1)c3nnc(SCCN4CCc5cc6nc(oc6c(C)c5CC4)C(F)(F)F)n3C,CHEMBL257900,,6.40
Cc1ccc2c(cccc2n1)c3nnc(SCCN4CCc5ccc(cc5CC4)c6cc(C)nn6C)n3C,CHEMBL245120,,5.70
Cc1ccc2c(cccc2n1)N3CCN(CCc4ccc5NC(=O)COc5c4)CC3,CHEMBL512724,,7.00
Cc1ccc2c(cccc2n1)N3CCN(CCc4cccc(c4)N5CCOC5=O)CC3,CHEMBL1631542,,5.70
Cc1ccc2c(cccc2n1)N3CCN(CCc4cccc5c4OCc6c(ncn56)C(=O)N7CCCCC7)CC3,CHEMBL1242623,,6.00
Cc1ccc2c(cccc2n1)N3CCN(CCc4cccc5c4OCc6c(ncn56)C(=O)N7CCOCC7)CC3,CHEMBL1242717,,4.50
Cc1ccc2c(cccc2n1)N3CCN(CCc4cccc5c4OCc6c(ncn56)C(=O)NC7CCCC7)CC3,CHEMBL1242257,,6.70
Cc1ccc2c(cccc2n1)N3CCN(CCc4cccc5c4OCc6cncn56)CC3,CHEMBL1241642,7.00,6.00
Cc1ccc2c(cccc2n1)N3CCN(CCc4cccc5c4OCc6nc(C)cn56)CC3,CHEMBL1241547,,6.40
Cc1ccc2c(cccc2n1)N3CCN(CCc4cccc5c4OCc6nc(cn56)C(F)(F)F)CC3,CHEMBL1241641,,7.60
Cc1ccc2c(cccc2n1)N3CCN(CCc4cccc5c4OCc6nccn56)CC3,CHEMBL1242904,,5.80
Cc1ccc2c(cccc2n1)N3CCN(CCc4cccc5N(CC(F)F)C(=O)COc45)CC3,CHEMBL511279,,6.40
Cc1ccc2c(OCCN3CCN(Cc4ccc5OCC(=O)N(CCc6ccccc6)c5c4)CC3)cccc2n1,CHEMBL248407,5.05,
Cc1ccc2c[nH]nc2c1NC(=S)NC(=O)c3ccccc3,CHEMBL1347942,4.80,
Cc1ccc2cc(C#N)c(SCC(=O)N3CCCc4ccccc34)nc2c1C,CHEMBL1424761,5.50,
Cc1ccc2cc(CCNC(=O)c3oc(Br)cc3)c(O)nc2c1,CHEMBL1546073,4.85,
CC1CCc2cc(F)ccc2N1CC(=O)N3CCc4[nH]c5ccc(C)cc5c4C3,CHEMBL1498141,5.05,
Cc1ccc2cccc(NC(=O)[C@@]3(O)CC[C@@H](CC3)NCc4cc5OCCOc5cn4)c2n1,CHEMBL1926867,,5.70
CC1CCC2N([C@@H]1c3cccc(c3)N4CCCC4=O)C(=O)C5CCC(C)C(N5C2=O)c6cccc(c6)N7CCCC7=O,CHEMBL1434452,5.60,
CC1CCC2N([C@H]1c3ccc(NC(=O)C)cc3)C(=O)C4CCC(C)C(N4C2=O)c5ccc(NC(=O)C)cc5,CHEMBL1354964,5.50,
CC1CCC2N(C1c3cccc(CC=C)c3)C(=O)C4CCC(C)C(N4C2=O)c5cccc(CC=C)c5,CHEMBL1564178,6.70,
CC1CCC2N(CC(CO)OC2=O)C1c3ccc(Br)cc3,CHEMBL1394048,5.50,
CC1CCC2N(CC(COC(=O)C(=C)C)OC2=O)C1c3ccc(Br)cc3,CHEMBL1451823,5.50,
CC1CCC2N(CC(COc3ccc(cc3)C(C)(C)C)OC2=O)C1c4ccc(Br)cc4,CHEMBL1370938,5.40,
Cc1ccc2NC(=O)N(C3CCN(CC3)C4CCOCC4)c2c1,CHEMBL2146599,,4.60
Cc1ccc2nc(CN3CCCC3)n(Cc4ccc(Cl)cc4)c2c1,CHEMBL3699580,,6.19
Cc1ccc2nc(CN3CCN(CC3)C(=O)CC(c4ccccc4)c5ccc(F)cc5)oc2c1,CHEMBL1645172,,5.64
Cc1ccc2nc(N\N=C/c3cccc(C)n3)cc(C)c2c1,CHEMBL1318285,5.50,
Cc1ccc2nc(N\N=C\c3ccccc3C#N)nc(c4ccccc4)c2c1,CHEMBL3189154,5.10,
Cc1ccc2nc(N3CCN(CC3)S(=O)(=O)c4ccc5OCCOc5c4)c(cc2c1)C#N,CHEMBL1388530,5.20,
Cc1ccc2nc(NC(=O)CSCC(=O)OCC(=O)c3ccc(Br)cc3)sc2c1,CHEMBL1352270,5.00,
Cc1ccc2nc(Nc3ccccc3O)nc(c4ccccc4)c2c1,CHEMBL1500518,4.45,
Cc1ccc2nc(Nc3nc(O)cc(n3)c4ccccc4)nc(C)c2c1,CHEMBL1523175,5.60,
Cc1ccc2OC(=CC(=O)c2c1)c3ccccc3,CHEMBL134291,5.00,
Cc1ccc2OC(=O)c3c(oc4c(C)c(O)c(O)cc34)c2c1,CHEMBL1476449,4.90,
Cc1ccc2OC(CNc2c1)C(=O)NC3CCCCC3,CHEMBL1332286,4.50,
Cc1ccc2oc(nc2n1)N3CCN4CCC3CC4,CHEMBL604798,,4.40
Cc1ccc2OCC(=O)N(CC(=O)NC3CCCc4ccccc34)c2c1,CHEMBL1349227,5.15,
Cc1ccc2OCC(=O)N(CCC(=O)NCc3ccc4OCOc4c3)c2c1,CHEMBL1331572,6.95,
Cc1ccc2OCC(=O)N(CCC(=O)NCCN3CCOCC3)c2c1,CHEMBL1724475,4.60,
Cc1cccc(\C=C/c2ccccc2)n1,CHEMBL407232,4.80,
Cc1cccc(C)c1C(=O)N2CCC(C)(CC2)N3CCC(CC3)N(Cc4ccccc4)c5ccccc5,CHEMBL301454,,6.17
Cc1cccc(C)c1CNc2cc(cn3c(C)c(C)nc23)C(=O)NCCO,CHEMBL497011,4.85,
Cc1cccc(C)c1CNc2cc(cn3c(C)c(C)nc23)C4=CNC(=O)NC4=O,CHEMBL496806,5.59,
Cc1cccc(C)c1CNc2cc(cn3c(C)c(C)nc23)c4occc4,CHEMBL496426,5.75,
Cc1cccc(C)c1CNc2cc(cn3c(C)c(C)nc23)N4C=C(C=CC4=O)C(=O)N,CHEMBL496386,4.85,
Cc1cccc(C)c1CNc2cc(cn3c(C)c(C)nc23)N4C=CC(=O)C=C4,CHEMBL495786,4.55,
Cc1cccc(C)c1CNc2cc(cn3c(C)c(C)nc23)N4CCCCC4=O,CHEMBL496400,4.66,
Cc1cccc(C)c1CNc2cc(cn3c(C)c(C)nc23)N4CCNC4=O,CHEMBL521889,5.19,
Cc1cccc(C)c1CNc2cc(cn3c(C)c(C)nc23)n4cncn4,CHEMBL496606,4.77,
Cc1cccc(C)c1CNc2cc(cn3c(C)c(C)nc23)n4ncnc4CO,CHEMBL496035,4.68,
Cc1cccc(C)c1CNc2cccc3c2nc(C)n3C,CHEMBL1081505,4.89,
Cc1cccc(C)c1CNc2nc(cc3c(C)c(C)[nH]c23)C4=CC=CC(=O)N4,CHEMBL1079437,5.66,
Cc1cccc(C)c1CNc2nc(cc3c(C)c(C)[nH]c23)N4CCCC4=O,CHEMBL1076245,5.75,
Cc1cccc(C)c1CNc2nc(cc3c(C)c(C)[nH]c23)N4CCNC4=O,CHEMBL1079957,5.80,
Cc1cccc(C)c1CNc2nc(cc3c(C)c(C)[nH]c23)N4CCOCC4=O,CHEMBL1079436,4.66,
Cc1cccc(C)c1CNc2nccc3c2cc(C)n3C,CHEMBL1076192,5.37,
Cc1cccc(C)c1CNc2nccc3c2nc(C)n3C,CHEMBL1081870,4.68,
Cc1cccc(C)c1n2nnnc2C(C)(C)\N=C\c3ccc(Cl)cc3,CHEMBL3199688,4.65,
Cc1cccc(C)c1NC(=O)\C(=C\c2cccs2)\C#N,CHEMBL1406712,4.70,
Cc1cccc(C)c1NC(=O)C(N2CCCCC2)c3ccc(Cl)cc3Cl,CHEMBL1500582,5.40,
Cc1cccc(C)c1NC(=O)C(NC=O)c2ccccc2Cl,CHEMBL1510548,5.00,
Cc1cccc(C)c1NC(=O)C[S+]([O-])CC(=O)NCCCc2ccccc2,CHEMBL1304215,4.85,
Cc1cccc(C)c1NC(=O)CSc2nc3cc4CCCc4cc3cc2C,CHEMBL1302141,5.45,
Cc1cccc(C)c1NC(=O)CSc2nnc(c3ccccc3)n2Cc4ccc5OCOc5c4,CHEMBL1562730,6.35,
Cc1cccc(C)c1NC(=S)NC(=O)CCc2ccccc2,CHEMBL1441650,4.90,
Cc1cccc(C)c1NC2=NCCCS2,CHEMBL297362,8.00,
Cc1cccc(C)c1OC2(OC(=O)c3ccccc23)c4ccccc4,CHEMBL1546249,5.05,
CC1CCCC(C)N1C(=O)c2cc(on2)c3ccc(Cl)c(Cl)c3,CHEMBL1534202,4.90,
CC1CCCC(C)N1C(=O)c2ccc(cc2)S(=O)(=O)N3CCC(CC3)n4nnc5cc(C)ccc45,CHEMBL1353317,5.85,
Cc1cccc(c1)C(=O)N\N=C\c2ccc(OCC(=O)N3CCCCC3)cc2,CHEMBL3189450,4.70,
Cc1cccc(c1)C(=O)Nc2cccc(NC(=O)c3cccc(C)c3)c2,CHEMBL3185736,,4.91
Cc1cccc(c1)C(=O)Nc2cccc(OC(=O)c3cccc(C)c3)c2,CHEMBL1411123,4.75,
Cc1cccc(c1)C(=O)NC2CCN(CC2)C(=NCc3occc3)S,CHEMBL1464044,5.25,
Cc1cccc(c1)C(=O)ON=C(N)c2cccc(c2)[N+](=O)[O-],CHEMBL1350809,4.75,
Cc1cccc(c1)C(CCCN)(c2ccccc2)c3ccccc3,CHEMBL2022997,5.26,5.19
Cc1cccc(c1)C2=CC(=O)c3cc(Br)ccc3O2,CHEMBL497781,4.90,
Cc1cccc(c1)C2=CC(=O)c3cc(C)ccc3O2,CHEMBL137498,5.40,
Cc1cccc(c1)c2ccc(cc2)C#Cc3cccc(C#Cc4ccc(cc4)c5cccc(C)c5)[n+]3C.[O-]S(=O)(=O)C(F)(F)F,CHEMBL3590495,,6.91
Cc1cccc(c1)c2noc(n2)C3=Cc4ccccc4OC3=O,CHEMBL1335052,5.05,
Cc1cccc(c1)c2oc(C)c(CN3CCCC(C3)C(=O)NC4CCCCC4)n2,CHEMBL1582666,5.50,
Cc1cccc(c1)N(C(C(=O)NC2CCCC2)c3ccsc3)C(=O)Cc4cccs4,CHEMBL1361511,5.45,
Cc1cccc(c1)N(CC(=O)NCCSCc2occc2)S(=O)(=O)c3ccccc3,CHEMBL1485397,5.45,
Cc1cccc(c1)n2c(C)cc(\C=N\n3cnnc3)c2C,CHEMBL3214238,6.35,
Cc1cccc(c1)N2CCC3CN(CCCSc4nnc(c5cnccn5)n4C)CC23,CHEMBL3775836,,6.50
Cc1cccc(c1)N2CCN(CCCCNC(=O)c3oc4ccccc4c3)CC2,CHEMBL496739,,6.03
Cc1cccc(c1)n2nc(c(NCc3cccnc3)[n+]2[O-])[N+](=O)[O-],CHEMBL1416252,4.80,
Cc1cccc(CC(=O)N2CCc3c(F)c(ccc23)c4cn(C)c5ncnc(N)c45)n1,CHEMBL2441340,4.71,
Cc1cccc(Cc2c(C)nc3nc(SCC(=O)NCc4occc4)nn3c2C)c1,CHEMBL1401085,4.95,
Cc1cccc(CCN2C(C(=O)NCc3ccc(OC(F)(F)F)cc3)c4ccccc4C2=O)n1,CHEMBL2164356,,5.18
Cc1cccc(CCN2CCC(CC2)C(=O)c3ccc(NS(=O)(=O)C)cc3)n1,CHEMBL327980,5.20,7.16
Cc1cccc(CN(C2CC2)C(=O)[C@H]3CNCC[C@@]34OCc5cc(F)c(F)cc45)c1C,CHEMBL1923116,5.30,4.57
Cc1cccc(CN2[C@@H]3CC[C@H]2C[C@@H](C3)Oc4cccc(c4)C(=O)N)c1,CHEMBL1257937,,9.28
Cc1cccc(CN2C=Nc3c(nnn3Cc4ccc(Cl)cc4)C2=O)c1,CHEMBL1432306,5.10,
Cc1cccc(Cn2ccc3c(OC4CCN(Cc5cscn5)CC4)ncnc23)c1,CHEMBL2012266,,6.03
Cc1cccc(CN2CCN(CC(=O)O)C2=O)c1,CHEMBL1469723,4.80,
Cc1cccc(Cn2cnc3c(NS(=O)(=O)C)c(C)c(C)cc23)c1,CHEMBL1313226,5.70,
Cc1cccc(CNc2cc(ncn2)c3c(C)onc3C)c1,CHEMBL1590821,5.30,
Cc1cccc(CNc2ccnc(n2)c3cccc(c3)C#N)c1,CHEMBL1473430,5.90,
Cc1cccc(CNc2ccnc(n2)c3cocc3)c1,CHEMBL1474625,6.00,
Cc1cccc(CNc2nc(nc3ccccc23)c4c(C)onc4C)c1,CHEMBL1358092,5.70,
Cc1cccc(CNc2nc(nc3ccccc23)c4cocc4)c1,CHEMBL1433464,5.20,
Cc1cccc(CNc2ncnc3ccc(cc23)c4cccc(NS(=O)(=O)C)c4)c1,CHEMBL491771,5.80,
Cc1cccc(CNc2ncnc3ccc(cc23)c4cccnc4)c1,CHEMBL1332463,6.00,
Cc1cccc(CNc2ncncc2c3ccc4OCOc4c3)c1,CHEMBL1561366,6.60,
Cc1cccc(CNc2ncncc2c3cccc(c3)C#N)c1,CHEMBL509150,6.70,
Cc1cccc(CNc2ncncc2c3cccc(NS(=O)(=O)C)c3)c1,CHEMBL490913,6.80,
Cc1cccc(CNc2ncncc2c3ccccc3C(F)(F)F)c1,CHEMBL491909,7.10,
Cc1cccc(CNc2ncncc2c3ccccc3C)c1,CHEMBL523283,6.40,
Cc1cccc(CNc2ncncc2c3ccccc3Cl)c1,CHEMBL490749,6.70,
Cc1cccc(CNc2ncncc2c3cccnc3)c1,CHEMBL1332929,6.20,
Cc1cccc(CS(=O)(=O)Cc2oc(cc2)C(=O)NCc3occc3)c1,CHEMBL1598705,4.40,
Cc1cccc(CSc2ncc(CO)n2C)c1,CHEMBL1533144,4.75,
Cc1cccc(CSc2nnc(NC(=O)c3occc3)s2)c1,CHEMBL1607605,4.85,
Cc1cccc(n1)N2C[C@@]3(CC[C@@H](CC3)c4nc5cc(OC(F)(F)F)ccc5[nH]4)OC2=O,CHEMBL1289609,,5.70
Cc1cccc(N2CCN(CC2)C(=O)CCCN3C(=S)Nc4cc5OCOc5cc4C3=O)c1C,CHEMBL1470840,6.10,
Cc1cccc(N2CCN(CCNC(=O)c3cc(n(C)c3C)C(C)(C)C)CC2)c1C,CHEMBL1214595,,4.93
Cc1cccc(NC(=Nc2ccc(Br)cc2)S)c1,CHEMBL1491271,4.60,
Cc1cccc(NC(=NCc2ccccn2)S)c1,CHEMBL1353775,4.65,
Cc1cccc(NC(=O)C2=CC(=O)c3ccccc3O2)n1,CHEMBL1465552,4.60,
Cc1cccc(NC(=O)C23CCC(C)(C2Br)C3(C)C)c1,CHEMBL1598543,4.90,
Cc1cccc(NC(=O)c2cc(Cl)cc(Oc3cncnc3)c2)n1,CHEMBL2440626,5.37,
CC1CCCC(NC(=O)C2CCN(CC2)S(=O)(=O)N3CCOCC3)C1C,CHEMBL1340328,4.95,
Cc1cccc(NC(=O)c2oc(cc2)c3ccc(Cl)cc3)c1,CHEMBL429663,,4.57
CC1CCCC(NC(=O)CCN2C(=O)Oc3ccccc23)C1C,CHEMBL1391169,4.85,
Cc1cccc(NC(=O)CN2C(=O)n3nc(CCn4nc(C)cc4C)nc3c5ccccc25)c1,CHEMBL1421758,5.30,
Cc1cccc(NC(=O)CN2C(=O)Oc3ccccc23)c1,CHEMBL1722408,4.60,
Cc1cccc(NC(=O)CSc2nc(COc3ccccc3)nc4ccccc24)c1C,CHEMBL1301326,5.40,
Cc1cccc(NC(=O)CSc2nc(O)c3c(C)cc(C)nc3n2)c1,CHEMBL1579705,5.45,
Cc1cccc(NC(=O)CSc2nc3ccccc3c4nc(CCc5c(C)n[nH]c5C)nn24)c1,CHEMBL1557947,5.45,
Cc1cccc(NC(=O)CSc2nnc(c3occc3)c(n2)c4occc4)c1C,CHEMBL1546136,4.80,
Cc1cccc(NC(=O)Nc2ccc(cc2)c3csc4c(cnc(N)c34)c5cn[nH]c5)c1,CHEMBL1969102,6.12,
Cc1cccc(NC(=O)NNC(=O)c2cc(nc3ccccc23)c4ccccc4Cl)c1,CHEMBL1502107,5.40,
Cc1cccc(NC(=S)N\N=C\c2ccc(s2)[N+](=O)[O-])c1,CHEMBL1993788,4.65,
Cc1cccc(NC(=S)NC(=O)c2cccs2)n1,CHEMBL1584758,4.55,
Cc1cccc(NC(=S)NC(=O)CCc2ccccc2)c1,CHEMBL1378322,4.60,
Cc1cccc(NC(NC(=O)c2cccnc2)C(Cl)(Cl)Cl)c1,CHEMBL1703799,5.00,
Cc1cccc(NC2(N=C(NC2=O)c3ccccc3)C(F)(F)F)n1,CHEMBL1486864,4.80,
Cc1cccc(Nc2c(cc(c3cccnc23)[N+](=O)[O-])[N+](=O)[O-])c1C,CHEMBL1424815,5.30,
Cc1cccc(Nc2cc(Cl)nc(SCC(=O)O)n2)c1C,CHEMBL295416,5.20,
Cc1cccc(Nc2ccccc2C(=O)O)c1C,CHEMBL686,4.90,
Cc1cccc(Nc2ccccc2C(=O)OCC(=O)N3CCOCC3)c1C,CHEMBL1431290,4.80,
Cc1cccc(Nc2ccccc2C(=O)OCC(=O)NCc3occc3)c1C,CHEMBL1399008,4.80,
Cc1cccc(Nc2nc(N[C@@H]3CCCNC3)ncc2C(=O)N)c1,CHEMBL1834757,,5.60
Cc1cccc(Nc2nc(N[C@@H]3COC[C@@H]3N)ncc2C(=O)N)c1,CHEMBL1835067,,5.40
Cc1cccc(Nc2nc(N[C@@H]3COCC[C@@H]3N)ncc2C(=O)N)c1,CHEMBL1835066,,5.10
Cc1cccc(Nc2nc(N[C@H]3CCCNC3)ncc2C(=O)N)c1,CHEMBL1834758,,5.80
Cc1cccc(Nc2nc(NC[C@@H]3CCCN3)ncc2C(=O)N)c1,CHEMBL1835061,,6.00
Cc1cccc(Nc2nc(NCC3CCCCN3)ncc2C(=O)N)c1,CHEMBL1835060,,5.60
Cc1cccc(NS(=O)(=O)c2cc(ccc2C)C(=O)Nc3ccccc3c4ccccc4)c1C,CHEMBL1421764,6.15,
Cc1cccc(OC(=O)CN2C(=O)C3C4CCC(C4)C3C2=O)c1C,CHEMBL1557567,4.85,
Cc1cccc(OC2=COc3cc(OC(=O)C4=Cc5ccccc5OC4=O)ccc3C2=O)c1,CHEMBL1510935,4.40,
Cc1cccc(OC2=COc3cc(OC(=O)c4cccs4)ccc3C2=O)c1,CHEMBL1605334,4.95,
Cc1cccc(Oc2ncc(cn2)c3ccc(Cl)cc3)c1C,CHEMBL1425511,4.60,
Cc1cccc(OCC(=O)NNC(=O)CSc2ncc(C#N)c(N)n2)c1,CHEMBL1723995,4.85,
Cc1cccc(OCCCC(=O)Nc2ccc(cc2)N3CCCCC3)c1,CHEMBL1429612,5.15,
Cc1cccc2[nH]c(nc12)C3=C(NCC(O)c4cccc(Cl)c4)C=CNC3=O,CHEMBL230309,6.15,
Cc1cccc2[nH]c3c(ncnc3c12)N4CCN(CCc5ccc(F)c(F)c5)CC4,CHEMBL26369,5.03,
Cc1cccc2C(=O)N(CCc3ccccn3)C(C(=O)NCc4ccc(OC(F)(F)F)cc4)c12,CHEMBL2164369,,5.25
Cc1cccc2c(CCNC(=O)c3ccc4C(=O)c5ccccc5C(=O)c4c3[N+](=O)[O-])c(C)[nH]c12,CHEMBL1329046,5.50,
Cc1ccccc1[C@@H]2CCN(C[C@@H]3CCc4cccnc4[C@@H](O)C3)C[C@H]2O,CHEMBL512896,,4.40
Cc1ccccc1[C@H](CC(=O)O)NC(=O)C2=CC(=O)N(N2)c3ccccc3F,CHEMBL3145341,7.42,
Cc1ccccc1[C@H]2C[C@H](CC[C@@H]2C(=O)N3CC(C3)(c4ccccc4)c5ccccc5)NCc6ccc(Cl)cc6,CHEMBL3086045,4.60,8.52
Cc1ccccc1C(=O)N2CCc3ccccc3C2,CHEMBL1337096,5.20,
Cc1ccccc1C(=O)NC(=S)NCC(=O)c2ccccc2,CHEMBL1580127,4.55,
Cc1ccccc1C(=O)NC(NCc2occc2)C(Cl)(Cl)Cl,CHEMBL1701169,4.60,
Cc1ccccc1C(=O)Nc2ccc(cc2)C(=O)Nc3nccs3,CHEMBL1671916,5.85,
Cc1ccccc1C(=O)Nc2ccccc2c3nnn(CC(=O)Nc4ccc5OCCOc5c4)n3,CHEMBL1306989,5.50,
Cc1ccccc1C(N(C(=O)Cc2cccs2)c3ccc4OCCOc4c3)C(=O)NC5CCCC5,CHEMBL1544517,6.00,
Cc1ccccc1C(N(Cc2occc2)C(=O)c3ccccn3)C(=O)NCc4ccccc4,CHEMBL1343368,5.50,
Cc1ccccc1c2cc(ncn2)n3ccnc3,CHEMBL1553070,6.40,
Cc1ccccc1c2ccc3ncnc(NCc4cccs4)c3c2,CHEMBL1595576,5.40,
Cc1ccccc1c2ccc3ncnc(NCCN4CCOCC4)c3c2,CHEMBL1492229,5.40,
Cc1ccccc1C2CCN(C[C@H]3CCc4cccnc4[C@@H](O)C3)CC2,CHEMBL471994,,6.51
Cc1ccccc1c2cncnc2Nc3ccc(F)cc3,CHEMBL1516170,6.70,
Cc1ccccc1c2cncnc2Nc3ccccc3,CHEMBL1475789,6.20,
Cc1ccccc1c2cncnc2NCCN3CCOCC3,CHEMBL1442173,5.80,
Cc1ccccc1c2nc(c3ccccc3n2)n4ccnc4,CHEMBL1356505,6.40,
Cc1ccccc1c2nc(NCCN3CCOCC3)c4ccccc4n2,CHEMBL1436222,4.90,
Cc1ccccc1c2nccc(NCc3cccnc3)n2,CHEMBL1318042,5.40,
Cc1ccccc1c2nccc(NCCN3CCOCC3)n2,CHEMBL1594030,4.60,
Cc1ccccc1CN(C2CCOCC2)[C@H]3CCNC3,CHEMBL397392,,5.62
Cc1ccccc1CN2[C@@H]3CC[C@H]2C[C@@H](C3)Oc4cccc(c4)C(=O)N,CHEMBL1257938,,9.21
Cc1ccccc1Cn2cc(NC(=O)CSc3nc4c(CCc5ccccc45)c(n3)C(F)(F)F)cn2,CHEMBL1328340,5.30,
Cc1ccccc1CN2CCC(CC2)N(c3ccc(cc3)C(F)(F)F)c4cccnc4,CHEMBL3104534,4.75,
Cc1ccccc1CN2CCN(CC(=O)NCCCN3CCN(CC3)c4ccc(F)cc4)C2=O,CHEMBL1458036,4.60,
Cc1ccccc1CNc2cc(cn3c(C)c(C)nc23)N4C=CC=CC4=O,CHEMBL495787,4.77,
Cc1ccccc1CNc2cc(cn3c(C)c(C)nc23)n4cncn4,CHEMBL498026,4.77,
Cc1ccccc1CS(=O)(=O)CCC(=O)NCCCN2CCN(CC2)c3ccccc3F,CHEMBL1528351,4.95,
Cc1ccccc1CSCCNC(=O)CSCc2ccc(cc2)[N+](=O)[O-],CHEMBL1598492,4.90,
Cc1ccccc1N(C(C(=O)NCC2CCCO2)c3cccnc3)C(=O)Cc4cccs4,CHEMBL1587716,6.00,
Cc1ccccc1N=Nc2ccc(N)c(C)c2,CHEMBL83552,5.30,
Cc1ccccc1N2CCN(CC2)S(=O)(=O)C[C@@]34CC[C@H](C[C@H]3NC(=O)[C@@H](N)CCS(=O)(=O)C)C4(C)C,CHEMBL1515040,5.50,
Cc1ccccc1n2cnc3cc(NCc4cccs4)ccc23,CHEMBL1418178,5.30,
Cc1ccccc1NC(=O)CSc2nnc(c3ccccc3)n2c4ccccc4,CHEMBL1439338,5.45,
Cc1ccccc1Nc2c(cc(c3cccnc23)[N+](=O)[O-])[N+](=O)[O-],CHEMBL1548924,4.95,
Cc1ccccc1NS(=O)(=O)c2ccc3ncc(C(=O)NCCCN4CCOCC4)c(O)c3c2,CHEMBL1409815,5.70,
Cc1ccccc1OC2C(N(Cc3ccc4OCOc4c3)C2=O)c5sccc5C,CHEMBL1361675,6.10,
Cc1ccccc1OCC(O)Cn2c3ccccc3c4ccccc24,CHEMBL1603906,4.90,
Cc1ccccc1OCCNc2ccc(cc2[N+](=O)[O-])C(F)(F)F,CHEMBL1526262,4.50,
Cc1ccccc1S(=O)(=O)c2c(C)cc(nc2O)c3ccccc3,CHEMBL1351656,4.55,
CC1CCCCN1c2nc(nc3ccccc23)c4ccncc4,CHEMBL1447719,6.20,
CC1CCCCN1CCCn2c(nc3c(nc(C)nc23)N4CCOCC4)c5ccccc5,CHEMBL1337381,4.80,
CC1CCCCN1CCN2CCN(C2=O)c3cccc(Cl)c3,CHEMBL561054,,5.70
CC1CCCN(C1)C(C(=O)Nc2ccc3OCCOc3c2)c4ccccc4,CHEMBL1413443,4.85,
CC1CCCN(CCN2CCN(C2=O)c3cccc(Cl)c3)C1,CHEMBL552371,,5.50
CC1CCCN1C2CCN(C2)c3ccc(NC(=O)c4cc(F)ccc4C)c(C)c3,CHEMBL2391167,,6.32
CC1CCCN1C2CCN(C2)c3ccc(NC(=O)c4ccccc4F)c(C)c3,CHEMBL2391166,,6.00
CC1CCCN1CCc2ccc3nc(ccc3c2)c4cocc4,CHEMBL1822867,,5.08
Cc1cccn2c(\C=N\OCc3cccc(F)c3)c(nc12)c4ccc(Cl)cc4,CHEMBL1964667,4.85,
Cc1cccnc1CN2CCC(CC2)Oc3ncnc4c3ccn4Cc5ccccc5,CHEMBL2012293,,6.14
Cc1cccnc1CN2CCC3(CC2)N(C(=O)N(C3=O)c4ccc(cc4)c5ccc(cc5)C(=O)O)c6ccncn6,CHEMBL2041192,,4.51
Cc1cccnc1CN2CCC3(CC2)N(C(=O)N(C3=O)c4ccc(cc4)c5ccc(cc5)C(=O)O)c6cnccn6,CHEMBL2041189,,4.80
Cc1cccnc1CN2CCC3(CC2)N(C(=O)N(C3=O)c4ccc(cc4)c5ccc(cc5)c6ccn[nH]6)c7cc(O)ncn7,CHEMBL2041169,,5.09
Cc1cccnc1CN2CCC3(CC2)N(C(=O)N(C3=O)c4ccc(cc4)c5ccc(cc5C)C(=O)O)c6cc(ncn6)C(F)(F)F,CHEMBL2041183,,4.68
Cc1cccnc1CN2CCC3(CC2)N(C(=O)N(C3=O)c4ccc(cc4)c5ccc(cc5C)C(=O)O)c6ncccn6,CHEMBL2041188,,4.64
Cc1cccnc1CN2CCC3(CC2)N(C(=O)N(C3=O)c4ccc(cc4)c5ccc(cc5C)C(=O)O)c6nccnc6C,CHEMBL2041186,,5.11
Cc1cccnc1CN2CCC3(CC2)N(C(=O)N(C3=O)c4ccc(cc4)c5ccc6scnc6c5)c7cc(O)ncn7,CHEMBL2041175,,5.82
Cc1cccnc1CN2CCC3(CC2)N(C(=O)N(C3=O)c4ccc(cc4)c5ccccc5)c6cc(O)ncn6,CHEMBL2043004,4.16,6.66
Cc1cccnc1CN2CCC3(CC2)N(C(=O)N(C3=O)c4ccc(cc4)c5sc(C)nc5C)c6cc(O)ncn6,CHEMBL2040897,,6.02
Cc1cccnc1CN2CCC3(CC2)N(C(=O)N(C3=O)c4ccc(cc4)n5cccn5)c6cc(O)ncn6,CHEMBL2040895,,5.05
Cc1cccnc1CN2CCC3(CC2)N(C(=O)N(C3=O)c4ccc(nc4)c5ccc(cc5C)C(=O)O)c6cnccn6,CHEMBL2041191,,5.60
Cc1cccnc1n2cc(CN3CCC4(CC3)OCc5ccccc45)c(C)n2,CHEMBL470951,,4.89
CC1CCN(CC1)C(=O)Oc2c(Cl)cc(Cl)c3cccnc23,CHEMBL1401539,4.80,
CC1CCN(CC1)S(=O)(=O)c2cc(N(C)S(=O)(=O)c3ccc(C)cc3)c(C)cc2C,CHEMBL1504000,5.60,
CC1CCN(CCCOC2=NN(C(=O)C=C2)c3ccc(Cl)cc3)CC1,CHEMBL3805101,,5.79
CC1CCN(CCCOC2=NN(C(=O)C=C2)c3ccc(F)c(Cl)c3)CC1,CHEMBL3805844,,5.67
CC1CCN(CCCOc2ccc(cc2)N3C(=Nc4ccccc4C3=O)C)C1,CHEMBL515477,,5.19
CC1CCN(CCN2CCN(C2=O)c3cccc(Cl)c3)CC1,CHEMBL551914,,5.80
Cc1ccn(n1)c2ccc(C(=O)N3CCC(F)(F)\C(=C/C(=O)NCCO)\c4ccccc34)c(Cl)c2,CHEMBL478283,4.33,
Cc1ccn2c(NC(=O)c3ccccc3)c(nc2c1)c4cccs4,CHEMBL1741329,5.10,
Cc1ccn2nc3CN(Cc3c2n1)[C@H]4CO[C@@H]([C@@H](N)C4)c5cc(F)ccc5F,CHEMBL3805400,,4.75
Cc1ccnc(C)c1C(=O)N2CCC(C)(CC2)N3CCC(CC3)N(c4ccccc4)c5ccccc5,CHEMBL58387,,6.24
Cc1ccnc(c1)N2C(=O)C3C4CC(C(Br)C4Br)C3C2=O,CHEMBL1508636,4.60,
Cc1ccnc2c3CN(Cc3nn12)[C@H]4CO[C@@H]([C@@H](N)C4)c5cc(F)ccc5F,CHEMBL3804950,,4.01
Cc1ccnc2nc(Oc3ccc(CN4CCCCC4)cc3)sc12,CHEMBL2207733,,5.09
Cc1ccsc1c2ccc(F)nc2,CHEMBL179621,4.71,
CC1CN(CC(=O)N[C@@H]2C3CC4CC2C[C@@](C4)(C3)C(=O)N)S(=O)(=O)N(C1)c5c(Cl)cc(Cl)cc5Cl,CHEMBL2036234,,4.43
CC1CN(CC(C)O1)C2=C(\C=C(/C#N)\S(=O)(=O)c3ccc(C)cc3)C(=O)N4C=CC=CC4=N2,CHEMBL1549843,5.85,
Cc1cn(Cc2ccccc2)c3ncnc(OC4CCN(Cc5cscn5)CC4)c13,CHEMBL2012179,,5.85
CC1CN(CCc2ccc(cc2)[N+](=O)[O-])CCN1CCc3ccc(cc3)[N+](=O)[O-],CHEMBL2146867,,9.12
CC1CN(CCN1)c2cc3N(C=C(C(=O)O)C(=O)c3c(C)c2F)C4CC4,CHEMBL583,,4.11
Cc1cn(cn1)c2cc(NC(=O)c3ccc(C)c(Nc4nccc(n4)c5cccnc5)c3)cc(c2)C(F)(F)F,CHEMBL255863,,4.20
Cc1cn(cn1)c2ccc(c(F)c2)c3cn(nn3)[C@H]4CCc5c(F)cccc5N(CC(F)(F)F)C4=O,CHEMBL3609754,,5.08
Cc1cn(cn1)c2ccc(cc2)c3cn(nn3)[C@H]4CCc5c(F)cccc5N(CC(F)(F)F)C4=O,CHEMBL3608384,,5.44
Cc1cnc(cn1)C(=O)NCCc2ccc(cc2)S(=O)(=O)NC(=O)NC3CCCCC3,CHEMBL1073,4.90,
Cc1cnc(cn1)c2nnc(SCCCN3C[C@@H]4C[C@@]4(C3)c5ccc(cc5)C(F)(F)F)n2C,CHEMBL1079480,,6.10
Cc1cnc(cn1)N2CCC(CC2)C3CCN(CC3)c4cc(C)nc(n4)C#N,CHEMBL1771096,,4.98
Cc1cnc(cn1)N2CCC(CC2)C3CCN(CC3)c4cc(nc(C)n4)C#N,CHEMBL1771095,,5.27
Cc1cnc(CNc2cc(ncn2)c3cccc(c3)C#N)cn1,CHEMBL1398810,4.80,
Cc1cnc(CNc2cc(ncn2)c3cccc(NS(=O)(=O)C)c3)cn1,CHEMBL1449458,4.60,
Cc1cnc(CNc2ccnc(n2)c3cccc(NS(=O)(=O)C)c3)cn1,CHEMBL1368113,4.80,
Cc1cnc(CNc2ccnc(n2)c3ccccc3C)cn1,CHEMBL1609209,4.70,
Cc1cnc(CNc2ccnc(n2)c3ccccc3Cl)cn1,CHEMBL1552643,5.00,
Cc1cnc(CNc2ccnc(n2)c3cccnc3)cn1,CHEMBL1477982,5.30,
Cc1cnc(CNc2nc(nc3ccccc23)c4c(C)onc4C)cn1,CHEMBL1516701,4.70,
Cc1cnc(CNc2nc(nc3ccccc23)c4cccc(NS(=O)(=O)C)c4)cn1,CHEMBL1554588,4.90,
Cc1cnc(CNc2nc(nc3ccccc23)c4ccccc4C(F)(F)F)cn1,CHEMBL1356657,5.30,
Cc1cnc(CNc2nc(nc3ccccc23)c4ccccc4C)cn1,CHEMBL1394765,5.00,
Cc1cnc(CNc2nc(nc3ccccc23)c4ccccc4Cl)cn1,CHEMBL1433798,5.10,
Cc1cnc(CNc2nc(nc3ccccc23)c4cccnc4)cn1,CHEMBL1592963,5.40,
Cc1cnc(CNc2nc(nc3ccccc23)c4cocc4)cn1,CHEMBL1374710,4.90,
Cc1cnc(CNc2ncnc3ccc(cc23)c4cccc(NS(=O)(=O)C)c4)cn1,CHEMBL1435447,4.90,
Cc1cnc(CNc2ncnc3ccc(cc23)c4ccccc4C#N)cn1,CHEMBL1320903,5.40,
Cc1cnc(CNc2ncnc3ccc(cc23)c4ccccc4Cl)cn1,CHEMBL1527332,5.60,
Cc1cnc(CNc2ncnc3ccc(cc23)c4cocc4)cn1,CHEMBL1480219,4.80,
Cc1cnc(CNc2ncncc2c3cccc(c3)C#N)cn1,CHEMBL1474633,5.70,
Cc1cnc(CNc2ncncc2c3cccc(NS(=O)(=O)C)c3)cn1,CHEMBL1483285,5.50,
Cc1cnc(CNc2ncncc2c3ccccc3C#N)cn1,CHEMBL1476722,4.90,
Cc1cnc(CNc2ncncc2c3cccnc3)cn1,CHEMBL1513928,5.00,
Cc1cnc(CNc2ncncc2c3cocc3)cn1,CHEMBL1354547,5.70,
Cc1cnc(NC(=O)[C@H](CN2CC(O)C2)Oc3ncnc4c3cnn4c5c(Cl)cccc5Cl)cn1,CHEMBL3221531,,4.21
Cc1cnc(NC(=O)CCCc2nc3ccccc3s2)s1,CHEMBL1508610,5.70,
Cc1cnc(NC(=O)CSc2ccc(Cl)cc2)s1,CHEMBL1578122,4.80,
Cc1cnc(nc1)N2CCC(CC2)[C@H]3C[C@H]3CCOc4nc(C)cc(n4)C#N,CHEMBL1771103,,5.40
Cc1cnc(nc1)N2CCC(CC2)C3CCN(CC3)c4cc(nc(C)n4)C#N,CHEMBL1771094,,5.75
Cc1cnc2[nH]cc(Cc3ccc(NCc4ccc(Cl)nc4)nc3F)c2c1,CHEMBL3673936,5.30,
Cc1cnc2[nH]cc(Cc3ccc(NCc4cnccc4C(F)(F)F)nc3F)c2c1,CHEMBL3673966,5.30,
Cc1cnc2Nc3ccc(OCCN4CCCC4)c(COC\C=C\CCOc5cc(ccn5)c1n2)c3,CHEMBL2035053,6.01,
Cc1cnc2Nc3ccc(OCCN4CCCC4)c(COCC=CCOCc5cccc(c5)c1n2)c3,CHEMBL2181088,5.60,
Cc1cncc(c1)N2CCC(CC2)N(c3ccc(cc3)C(F)(F)F)c4cccnc4,CHEMBL3137458,6.22,
Cc1cncc(Cc2ccc(nc2)c3ccccc3)c1,CHEMBL2417553,5.96,
Cc1cnn(CCC(=O)NN=C(S)Nc2cccc(Cl)c2)c1,CHEMBL1407380,4.90,
Cc1cnnn1c2ccc(cc2)C(=O)CCl,CHEMBL1419252,4.60,
Cc1coc(n1)[C@H]2C[C@H]3[C@@H](CF)SC(=N[C@]3(CO2)c4ccc(F)cc4F)N,CHEMBL3422244,,4.71
CC1COC2=C1C(=O)C(=O)c3c2ccc4c(C)cccc34,CHEMBL1358724,4.90,
CC1COC2=C1C(=O)C(=O)c3c4CCCC(C)(C)c4ccc23,CHEMBL1518673,4.80,
Cc1csc(Cn2c(nc3ccccc23)C4CCCN(C4)C5CCCCC5)n1,CHEMBL1095511,,5.93
Cc1csc(n1)C(C)(O)c2nnc(Nc3ncn(Cc4c(F)cccc4F)n3)s2,CHEMBL3088175,4.32,
Cc1csc(n1)c2nc3ccccc3n2C,CHEMBL1592110,4.50,
Cc1csc(NC(=O)c2cc(Cl)cc(Oc3cncnc3)c2)n1,CHEMBL2440660,5.66,
Cc1csc(NC(=O)c2cc(F)cc(Oc3cncnc3)c2)n1,CHEMBL2440659,4.65,
Cc1csc(NC(=O)Cc2c[nH]c3ccccc23)n1,CHEMBL1362464,4.45,
Cc1cscc1c2cccnc2,CHEMBL179704,4.09,
Cc1n[nH]c(C)c1C(=O)N[C@@H]2CC(C)(C)Oc3nc(c4ccc(Cl)cc4Cl)c(cc23)c5ccc(Cl)cc5,CHEMBL1095151,,5.80
Cc1n[nH]c(C)c1N=Nc2cc(Cl)ccc2Cl,CHEMBL1300005,4.75,
Cc1n[nH]c(c1Oc2ccc(F)cc2)c3ccc(OCc4cnn(c4)c5ccccc5)cc3O,CHEMBL1458309,4.85,
Cc1n[nH]c(c1Oc2ccccc2F)c3ccc(OCc4cnn(c4)c5ccccc5)cc3O,CHEMBL1576355,5.05,
Cc1n[nH]c(c2ccc(O)cc2O)c1c3ccc(Cl)cc3,CHEMBL1546161,5.45,
Cc1n[nH]c(Nc2ccccc2)c1[N+](=O)[O-],CHEMBL1603926,4.60,
Cc1n[nH]c(SC(C(=O)c2ccccc2)c3ccccc3)n1,CHEMBL1502536,5.15,
Cc1n[nH]c(SCc2cccc(Oc3ccccc3)c2)n1,CHEMBL1493877,4.85,
Cc1n[nH]c2ccc(nc12)c3cc(OC[C@@H](N)Cc4c[nH]c5ccccc45)cnc3c6cocc6,CHEMBL596073,7.00,
Cc1n[nH]c2cnc(cc12)c3cc(OC[C@@H](N)Cc4c[nH]c5ccccc45)cnc3c6cocc6,CHEMBL594933,7.80,
Cc1n[nH]c2cnc(nc12)c3cc(OC[C@@H](N)Cc4c[nH]c5ccccc45)cnc3c6cocc6,CHEMBL603197,5.89,
Cc1n[nH]c2ncc(nc12)c3cc(OC[C@@H](N)Cc4c[nH]c5ccccc45)cnc3c6cocc6,CHEMBL596290,6.40,
Cc1n[nH]cc1C(=O)N[C@@H]2CC(C)(C)Oc3nc(c4ccc(Cl)cc4Cl)c(cc23)c5ccc(Cl)cc5,CHEMBL1095150,,5.96
CC1N=CN=C1CN2CCc3c(C2=O)c4ccccc4n3C,CHEMBL1673440,,5.50
Cc1nc(C#Cc2ccnc(Cl)c2)c(C)n1c3ccc(F)cc3,CHEMBL3301626,,5.15
Cc1nc(C#Cc2ccnc(Cl)c2)c(C)n1c3ccc(OC(F)(F)F)cc3,CHEMBL3410223,,6.00
Cc1nc(c(C#N)c(C)c1Cl)S(=O)(=O)NC2CCCCC2,CHEMBL1382823,5.10,
Cc1nc(C)c(CNc2nc(OCCCc3ccc4ccccc4n3)nc(Cl)c2C)s1,CHEMBL3622898,6.05,
Cc1nc(C)c(s1)c2nnc(SCCCN3CCC4(CCc5ccc(Cl)cc45)C3)n2C,CHEMBL1258834,,5.60
Cc1nc(C)c(s1)c2nnc(SCCCN3CCC4(CCc5ccc(F)cc45)C3)n2C,CHEMBL1257214,,5.20
Cc1nc(C)c(s1)c2nnc(SCCCN3CCC4CC4(CC3)c5ccc(cc5)C(F)(F)F)n2C,CHEMBL1257926,,6.20
Cc1nc(c2c3CCCCc3sc2n1)n4nnc5cc(C)c(C)cc45,CHEMBL1334292,5.05,
Cc1nc(ccc1C#N)C(O)CN2CCN(C[C@H](O)c3ccc4C(=O)OCc4c3C)CC2,CHEMBL3612814,,4.77
Cc1nc(ccc1CC(=O)N2CCN(CCc3ccc4C(=O)OCc4c3C)CC2)n5cnnn5,CHEMBL3793685,,5.07
Cc1nc(CN(C2CCN(CC2)C3(C)CCN(CC3)C(=O)c4c(C)cc[n+]([O-])c4C)c5ccccc5)cs1,CHEMBL255857,,4.91
Cc1nc(CNC2CCN(CCN3C(=O)C=Cc4ccc(cc34)C#N)CC2)ccc1C#N,CHEMBL3290338,,5.28
Cc1nc(cs1)c2cccc(NC(=O)C3=Cc4cc(Br)ccc4OC3=O)c2,CHEMBL1378353,5.00,
Cc1nc(N)nc(S)c1CCCNc2ccccc2,CHEMBL1606337,5.20,
Cc1nc(n[nH]1)C(=O)N[C@@H]2CC(C)(C)Oc3nc(c4ccc(Cl)cc4Cl)c(cc23)c5ccc(Cl)cc5,CHEMBL1098876,,5.70
Cc1nc(N2CCOCC2)c3nc(c4ccccc4)n(CCN5CCCC5)c3n1,CHEMBL1554325,4.70,
Cc1nc(NC(=O)C(C)(C)CC(F)(F)F)sc1c2ccc(N)nc2,CHEMBL2397316,4.77,
Cc1nc(NC(=O)C2(C)CCCCC2)sc1c3ccc(N)nc3,CHEMBL2397311,4.77,
Cc1nc(NC(=O)c2ccccc2)sc1c3csc(Nc4cccc(F)c4)n3,CHEMBL1578011,5.00,
Cc1nc(NC(=O)c2occc2)sc1c3csc(Nc4ccc(Cl)cc4Cl)n3,CHEMBL1549333,5.30,
Cc1nc(nc(N2CCN(CC2)c3ccccc3)c1[N+](=O)[O-])N4CCOCC4,CHEMBL1532380,5.45,
Cc1nc(nc(OCCCN2CCCC2)c1Cl)c3ccccc3,CHEMBL3359230,,5.43
Cc1nc(nc(OCCCN2CCCCC2)c1Cl)c3ccc(cc3)C(F)(F)F,CHEMBL3359236,,5.58
Cc1nc(nc(OCCCN2CCCCC2)c1Cl)c3ccc(F)c(F)c3,CHEMBL3359238,,5.85
Cc1nc(nc(OCCCN2CCCCC2)c1Cl)c3ccc(F)cc3,CHEMBL3359237,,5.81
Cc1nc(nc(OCCCN2CCCCC2)c1Cl)c3ccccc3,CHEMBL3359220,,6.55
Cc1nc(Nc2cc(N[C@@H]3CCCC[C@@H]3N)cnc2C(=O)N)cc(OCC(C)(C)O)n1,CHEMBL3415597,,4.75
Cc1nc(Nc2cc(N[C@@H]3CCCC[C@@H]3N)nnc2C(=O)N)ccc1F,CHEMBL3237560,,4.80
Cc1nc(nc2ccc(NC(=O)\C=C\c3ccc(Cl)cc3)cc12)N4CCC(O)(CC4)C5CC5,CHEMBL2017593,,5.25
Cc1nc(nc2ccc(NC(=O)\C=C\c3ccc(OC(F)(F)F)cc3)cc12)N4CCC(O)CC4,CHEMBL2017588,,5.48
Cc1nc(nc2ccc(NC(=O)COc3ccc(Cl)cc3)cc12)N4CCC(CC4)N5CCCC5,CHEMBL2016731,,6.35
Cc1nc(nc2ccc(NC(=O)COc3ccc(Cl)cc3)cc12)N4CCCC4,CHEMBL216228,,5.00
Cc1nc(NC2CCCCC2)c3nc(c4ccccc4)n(CCCN5CCOCC5)c3n1,CHEMBL1593288,5.30,
Cc1nc(NC2CCCCC2)c3nc(c4ccccc4)n(CCN5CCCC5)c3n1,CHEMBL1436110,4.60,
Cc1nc(NC2CCCCC2)c3nc(c4ccccc4)n(CCN5CCCCC5)c3n1,CHEMBL1512208,5.10,
Cc1nc(Nc2ccccc2)c3nc(c4ccccc4)n(CCN5CCOCC5)c3n1,CHEMBL1595973,5.80,
Cc1nc(Nc2ncc(s2)C(=O)Nc3c(C)cccc3Cl)cc(n1)N4CCN(CCO)CC4,CHEMBL1421,5.20,4.30
Cc1nc(NCC(=O)NC2CN(C2)[C@@H]3CC[C@@](O)(CC3)c4cncs4)c5cc(ccc5n1)C(F)(F)F,CHEMBL2315937,,4.59
Cc1nc(NCc2ccccc2)c3nc(c4ccccc4)n(CCN5CCCC5)c3n1,CHEMBL1598686,5.00,
Cc1nc(NCc2ccccc2)c3nc(c4ccccc4)n(CCN5CCOCC5)c3n1,CHEMBL1316357,6.20,
Cc1nc(sc1C(=O)Nc2ccc(Cl)cc2)c3cccnc3,CHEMBL1490820,4.85,
Cc1nc(sc1c2nnc(SCC#C)n2C)c3ccccc3,CHEMBL1393076,6.00,
Cc1nc(SCC(=O)Nc2ccc(cc2)N3CCOCC3)nc(C)c1C,CHEMBL1502534,4.85,
Cc1nc(SCC(=O)NCCc2ccc(Cl)cc2)nc(C)c1C,CHEMBL1496571,5.70,
Cc1nc2[C@@H](CCc2s1)C(=O)Nc3ccc(C[C@@H]4CC[C@@H](N4)[C@H](O)c5cccnc5)cc3,CHEMBL3128180,4.38,4.92
Cc1nc2C(=O)c3ccccc3C(=O)c2n1C4CCCCC4,CHEMBL1560912,4.85,
Cc1nc2C(=O)N(Cc2c(c1CN)c3ccc(Cl)cc3Cl)c4ccc(cc4)C#N,CHEMBL1910108,6.17,
Cc1nc2C(=O)N(Cc2c(c1CN)c3ccc(Cl)cc3Cl)c4ccc(Cl)cc4,CHEMBL1909994,6.41,
Cc1nc2c(CCC34CCC(CC3)(CO4)NCc5ccc6OCC(=O)Nc6n5)ccnc2cc1C#N,CHEMBL3422970,,9.06
Cc1nc2c(ccc3nc(NC(=O)c4ccc5OCCOc5c4)sc23)s1,CHEMBL1445850,5.20,
Cc1nc2c(cccc2n1c3ccc(s3)C(=O)NC4CC4)C#N,CHEMBL2012958,,4.28
Cc1nc2c(cnn2c(C)c1Cc3ccc(Cl)cc3)C(=O)N4CCOCC4,CHEMBL1383867,4.80,
Cc1nc2c(NCc3ccc(F)cc3Cl)cc(cn2c1C)N4C=CC=CC4=O,CHEMBL498220,4.89,
Cc1nc2c(OCc3ccccc3)cccn2c1CC#N,CHEMBL47529,4.80,
Cc1nc2c3N[C@@H](CCc3c(cn2c1C)N4C=CC=CC4=O)c5ccccc5,CHEMBL525001,5.11,
Cc1nc2c3N[C@@H](CCc3c(cn2c1C)n4cncn4)c5ccccc5,CHEMBL498252,5.59,
Cc1nc2cc(ccc2s1)N3CCN(CCN4Cc5ccccc5C4)C3=O,CHEMBL559780,,5.40
CC1Nc2cc(Cl)c(cc2C(=O)N1c3ccccc3C)S(=O)(=O)N,CHEMBL878,4.40,
Cc1nc2cc(F)ccc2n1[C@@H]3CC[C@@H](CC3)NC[C@H]4Cc5ccc(cc5C4)C#N,CHEMBL2403866,,7.52
Cc1nc2cc(nn2c(c1CN)c3ccc(Cl)cc3Cl)c4ccccc4,CHEMBL1209538,6.00,
Cc1nc2ccc(NC(=NCC=C)S)cc2nc1C,CHEMBL1415547,4.80,
Cc1nc2ccccc2n1[C@H]3C[C@H]4CC[C@@H](C3)N4CCC5(CCN(CC5)C(=O)C(C)(C)C)c6ccccc6,CHEMBL1784385,,6.00
Cc1nc2ccccc2n1[C@H]3C[C@H]4CC[C@@H](C3)N4CCC5(CCN(CC5)C(=O)c6ccccc6)c7ccccc7,CHEMBL1784384,,5.70
Cc1nc2ccccc2n1C3C[C@H]4CC[C@@H](C3)N4CC[C@H](NC(=O)C5CCSCC5)c6cccc(F)c6,CHEMBL1271606,,6.13
Cc1nc2ccccc2n1C3CC4CCC(C3)N4CCC5(CCN(CC5)C(=O)C(C)(C)C(=O)O)c6cccc(F)c6,CHEMBL1784406,,4.25
Cc1nc2ccccc2n1C3CC4CCC(C3)N4CCC5(CCN(CC5)C(=O)C(C)(C)C)c6cccc(F)c6,CHEMBL1784405,,5.80
Cc1nc2ccccc2n1C3CC4CCC(C3)N4CCC5(CCN(CC5)C(=O)C(C)(C)c6nnn[nH]6)c7ccccc7,CHEMBL1784465,,4.74
Cc1nc2ccccc2n1C3CC4CCC(C3)N4CCC5(CCN(CC5)C(=O)C(C)(C)CO)c6ccccc6,CHEMBL1784471,,5.22
Cc1nc2ccccc2n1C3CC4CCC(C3)N4CCC5(CCN(CC5)C(=O)c6c(Cl)ccc(c6Cl)S(=O)(=O)N)c7cccc(F)c7,CHEMBL1784513,,4.28
Cc1nc2ccccc2n1C3CC4CCC(C3)N4CCC5(CCN(CC5)C(=O)c6cc(c(F)cc6Cl)S(=O)(=O)NC7CCCC7)c8cccc(F)c8,CHEMBL1784515,,4.51
Cc1nc2ccccc2n1C3CC4CCC(C3)N4CCC5(CCN(CC5)C(=O)c6cc(NS(=O)(=O)C)c(F)cc6F)c7cccc(F)c7,CHEMBL1784523,,4.00
Cc1nc2ccccc2n1C3CC4CCC(C3)N4CCC5(CCN(CC5)C(=O)c6ccc(cc6)S(=O)(=O)N)c7ccccc7,CHEMBL1784475,,4.60
Cc1nc2ccccc2n1C3CC4CCC(C3)N4CCC5(CCN(CC5)C(=O)c6ccc(NS(=O)(=O)C)cc6Cl)c7cccc(F)c7,CHEMBL1784522,,5.00
Cc1nc2ccccc2n1C3CC4CCC(C3)N4CCC5(CCN(CC5)C(=O)c6cccc(c6)C(=O)NO)c7ccccc7,CHEMBL1784468,,4.10
Cc1nc2ccccc2n1C3CC4CCC(C3)N4CCC5(CCN(CC5)C(=O)c6cccc(c6)C(=O)O)c7ccccc7,CHEMBL1784409,,4.30
Cc1nc2ccccc2n1C3CC4CCC(C3)N4CCC5(CCN(CC5)C(=O)c6cccc(c6)S(=O)(=O)N)c7ccccc7,CHEMBL1784473,,4.20
Cc1nc2ccccn2c1C(=O)CSc3ccccc3Cl,CHEMBL1311432,4.90,
Cc1nc2CN(C(=O)c2c(c1CN)c3ccc(Cl)cc3Cl)c4ccn(C)n4,CHEMBL2441831,4.96,
Cc1nc2CN(C[C@@H]3CCCN3S(=O)(=O)C4CC4)C(=O)c2c(c1CN)c5ccc(Cl)cc5Cl,CHEMBL2441841,5.52,
Cc1nc2CN(C[C@@H]3CCCO3)C(=O)c2c(c1CN)c4ccc(Cl)cc4Cl,CHEMBL2441839,4.82,
Cc1nc2CN(C[C@H]3CCCO3)C(=O)c2c(c1CN)c4ccc(Cl)cc4Cl,CHEMBL2441838,4.85,
Cc1nc2cn(Cc3ccccc3)cc2c(c1CN)c4ccc(Cl)cc4Cl,CHEMBL1909986,5.96,4.85
Cc1nc2CN(Cc3ccccc3)Cc2c(c1CN)c4ccc(Cl)cc4Cl,CHEMBL1909987,6.11,
Cc1nc2CN(Cc3ccn(C)n3)C(=O)c2c(c1CN)c4ccc(Cl)cc4Cl,CHEMBL2441833,5.10,
Cc1nc2nc(cn2c(c1CN)c3ccc(Cl)cc3Cl)c4ccccc4,CHEMBL1209853,6.00,
Cc1nc2nc(SCC(=O)NCc3occc3)nn2c(C)c1Cc4c(F)cccc4Cl,CHEMBL1466951,5.00,
Cc1nc2sc(C#N)c(N)c2c3CCCCc13,CHEMBL1383532,4.85,
Cc1ncc([N+](=O)[O-])n1CCOC(=O)NC(NCc2ccccc2)C(Cl)(Cl)Cl,CHEMBL1543676,4.80,
Cc1ncc(cn1)C(O)c2c3cc(Cl)cc(C)c3nc4[nH]nc(C)c24,CHEMBL1950091,5.10,
Cc1ncc(cn1)c2ccccc2CCNC(=O)c3ccc(OCCOCC(F)(F)F)nc3,CHEMBL2147217,,4.50
Cc1ncc(CNC2CCN(CCN3C(=O)C=Cc4ccc(cc34)C#N)CC2)cc1C#N,CHEMBL3290339,,4.59
Cc1ncc(CNC2CCN(CCN3C(=O)C=Cc4ncc(F)cc34)CC2)cc1C#N,CHEMBL3290340,,4.16
Cc1ncc(OC[C@]2(C[C@H]2C(=O)Nc3ccc(F)cn3)c4cc(F)cc(F)c4)c(C)n1,CHEMBL3585955,,5.32
Cc1ncc(OC[C@]2(C[C@H]2C(=O)Nc3ccc(F)cn3)c4cccc(F)c4)c(C)n1,CHEMBL3545367,,5.22
Cc1ncc(OC[C@]2(C[C@H]2C(=O)Nc3ccc(F)cn3)c4ccccc4F)c(C)n1,CHEMBL3585953,,5.23
Cc1ncc(s1)[C@@H]2CC[C@@H](CC2)N3CC(C3)NC(=O)CNc4nn(C)c5ccc(cc45)C(F)(F)F,CHEMBL1834797,,4.60
Cc1nccc2c3ccccc3[nH]c12,CHEMBL12014,5.40,
Cc1ncccc1C(=O)N2CC[C@H](NCc3cncn3Cc4ccc(cc4)C#N)C2=O,CHEMBL483805,,5.00
Cc1ncccc1C2=Nc3cn(nc3C(=O)N2C[C@H]4CCCN(C[C@H]5CCCO5)C4)c6cccc(OC(F)F)c6,CHEMBL3218915,,5.08
Cc1ncccc1C2=Nc3cn(nc3C(=O)N2C[C@H]4CCCN(C[C@H]5CCCO5)C4)c6ccccc6,CHEMBL3218910,,4.92
Cc1ncccc1N2C[C@@]3(CC[C@@H](CC3)c4nc5cc(OC(F)(F)F)ccc5[nH]4)OC2=O,CHEMBL1289610,,4.30
Cc1ncccc1Oc2ncc(Cl)cc2NS(=O)(=O)c3ccc(Cl)c(Cl)c3,CHEMBL1170725,4.71,
Cc1nccn1C[C@@H]2CCc3c(C2=O)c4ccccc4n3C,CHEMBL399705,4.90,
Cc1nccn1C[C@H]2CCc3c(C2=O)c4ccccc4n3C,CHEMBL428411,,6.09
Cc1nccn1c2cccnc2,CHEMBL368883,4.12,
Cc1nccn1CCCN2C(=S)N\C(=C/c3ccc(cc3)C#N)\C2=O,CHEMBL1586390,4.80,
Cc1nccnc1C(=O)N2CCC(CC2)[C@H](N)Cc3cc(F)c(F)cc3F,CHEMBL485124,,4.26
Cc1ncn(n1)c2cc(Cl)c(C(=O)NC[C@@H](c3cccc(F)c3)c4nc5ccc(Cl)cc5[nH]4)c(Cl)c2,CHEMBL3627895,,5.27
Cc1ncnc(C)c1C(=O)N2C[C@H]3CN(CCC(C4CCN(CC4)S(=O)(=O)C)c5cccc(F)c5)C[C@H]3C2,CHEMBL1269885,,4.81
Cc1ncoc1c2nnc(SCCCCN3CCOC(C3)c4ccc(cc4)C(F)(F)F)n2C,CHEMBL3763418,,5.60
Cc1ncoc1c2nnc(SCCCN[C@@H]3CC[C@@]4(CC34)c5ccc(cc5)C(F)(F)F)n2C,CHEMBL1258035,,6.20
Cc1ncoc1c2nnc(SCCCN[C@@H]3CC[C@@]4(CC34)c5ccc(cc5F)C(F)(F)F)n2C,CHEMBL1258268,,6.20
Cc1ncoc1c2nnc(SCCCN[C@H]3CC[C@@]4(CC34)c5ccc(cc5)C(F)(F)F)n2C,CHEMBL1258153,,5.60
Cc1ncoc1c2nnc(SCCCN3[C@@H]4CC[C@H]3C[C@H](C4)c5ccc(cc5)C(C)(C)C)n2C,CHEMBL1257215,,6.00
Cc1ncoc1c2nnc(SCCCN3[C@@H]4CC[C@H]3C[C@H](C4)c5ccc(cc5F)C(F)(F)F)n2C,CHEMBL1257448,,6.30
Cc1ncoc1c2nnc(SCCCN3[C@@H]4CC[C@H]3C[C@H](C4)c5cccc(c5)C(F)(F)F)n2C,CHEMBL1257337,,6.30
Cc1ncoc1c2nnc(SCCCN3C[C@@H]4C[C@@]4(C3)c5ccc(cc5)C(C)(C)C)n2C,CHEMBL1079824,,6.00
Cc1ncoc1c2nnc(SCCCN3CC4CC4(C3)c5cc(ccc5F)C(F)(F)F)n2C,CHEMBL1082111,,5.00
Cc1ncoc1c2nnc(SCCCN3CC4CC4(C3)c5ccc(cc5)C(F)(F)F)n2C,CHEMBL1079481,,6.00
Cc1ncoc1c2nnc(SCCCN3CC4CC4(C3)c5ccc(cc5)S(F)(F)(F)(F)F)n2C,CHEMBL1210552,,6.10
Cc1ncoc1c2nnc(SCCCN3CC4CC4(C3)c5ccc(Cl)cc5)n2C,CHEMBL1080490,,6.10
Cc1ncoc1c2nnc(SCCCN3CC4CC4(C3)c5ccc(F)cc5)n2C,CHEMBL1079462,,5.70
Cc1ncoc1c2nnc(SCCCN3CC4CC4(C3)c5cccc(c5)C(F)(F)F)n2C,CHEMBL1081957,,5.10
Cc1ncoc1c2nnc(SCCCN3CC4CC4(C3)c5cccc(c5F)C(F)(F)F)n2C,CHEMBL1079938,,5.40
Cc1ncoc1c2nnc(SCCCN3CC4CC4(C3)c5cccc(F)c5)n2C,CHEMBL1079980,,5.70
Cc1ncoc1c2nnc(SCCCN3CC4CC4(C3)c5cccc(OC(F)(F)F)c5)n2C,CHEMBL1081934,,6.00
Cc1ncoc1c2nnc(SCCCN3CC4CC4(C3)c5ccccc5)n2C,CHEMBL1079667,,5.80
Cc1ncoc1c2nnc(SCCCN3CC4CCN(C4C3)c5ccc(F)cc5)n2C,CHEMBL3774588,,6.10
Cc1ncoc1c2nnc(SCCCN3CC4CN(C4C3)c5ccc(cc5)C(F)(F)F)n2C,CHEMBL3774515,,6.20
Cc1ncoc1c2nnc(SCCCN3CCC4(CC4C3)c5ccc(cc5)C(F)(F)F)n2C,CHEMBL1257686,,6.10
Cc1ncoc1c2nnc(SCCCN3CCC4(CC4C3)c5cccc(c5)C(F)(F)F)n2C,CHEMBL1257808,,6.70
Cc1ncoc1c2nnc(SCCCN3CCC4(CC4C3)c5ccccc5)n2C,CHEMBL1257565,,5.30
Cc1ncoc1c2nnc(SCCCN3CCC4(CCc5cc(Br)ccc45)C3)n2C,CHEMBL1258712,,6.50
Cc1ncoc1c2nnc(SCCCN3CCC4(CCCc5ccc(Br)cc45)C3)n2C,CHEMBL1258381,,5.90
Cc1ncoc1c2nnc(SCCCN3CCC4CC4(C3)c5cccc(c5)C(F)(F)F)n2C,CHEMBL1257687,,5.70
Cc1ncoc1c2nnc(SCCCN3CCc4cc5oc(CC6CC6)nc5cc4CC3)n2C,CHEMBL255619,,6.00
Cc1ncoc1c2nnc(SCCCN3CCc4ccc5oc(nc5c4CC3)C(C)(F)F)n2C,CHEMBL437792,,5.60
Cc1ncoc1c2nnc(SCCCN3CCOC(C3)c4ccc(cc4)C(F)(F)F)n2C,CHEMBL3764557,,5.50
Cc1ncoc1c2nnc(SCCCN3CCOC(C3)c4ccc(F)cc4)n2C,CHEMBL3765754,,5.50
Cc1ncsc1C(=O)N2N=C3C(CCC/C/3=C\c4ccccc4)C2c5ccccc5,CHEMBL1366446,5.30,
Cc1nn(c(C)c1\C=N\N2CCN(Cc3ccccc3)CC2)c4ccccc4,CHEMBL515916,5.00,
Cc1nn(c(C)c1Sc2ccc(cc2)[N+](=O)[O-])S(=O)(=O)c3cccs3,CHEMBL1589282,5.55,
Cc1nn(C)c(C)c1CNC(=O)c2cnn3C(CC(Nc23)c4ccccc4)C(F)(F)F,CHEMBL1330448,4.90,
Cc1nn(C)c(C)c1NS(=O)(=O)c2c(Cl)cc(cc2Cl)c3ccnc(c3)N4CCNCC4,CHEMBL1230468,,4.55
Cc1nn(C)c(Cl)c1NC(=O)OCc2ccc(Cl)cc2Cl,CHEMBL1478769,4.85,
Cc1nn(C)cc1c2nc3c(N4CCN(Cc5nocn5)CC4)c(Cl)cnc3[nH]2,CHEMBL2207500,,4.96
Cc1nn(C2CCN(CC2)C(=O)CO)c(C)c1Nc3ncc(Cl)c(n3)c4cnn5ccccc45,CHEMBL3822587,,4.66
Cc1nn(C2CCN(CCO)CC2)c(C)c1Nc3ncc(Cl)c(n3)c4cnn5ccccc45,CHEMBL3824323,,5.03
Cc1nn(C2CCNCC2)c(C)c1Nc3ncc(Cl)c(n3)c4cnn5ccccc45,CHEMBL3824296,5.32,4.62
Cc1nn(CC(=O)NCc2ccccc2)c(C)c1[N+](=O)[O-],CHEMBL1742047,4.65,
Cc1nn(cc1CN2CC(O)C2)c3ccnc(Nc4ccc5c(c4)c(Cl)c(C)n5C)n3,CHEMBL3622956,,4.62
Cc1nn(cc1CN2CCC3(CC2)OCc4ccccc34)c5c(Cl)cccc5NS(=O)(=O)C,CHEMBL471299,,4.77
Cc1nn(cc1CN2CCC3(CC2)OCc4ccccc34)c5ccccc5,CHEMBL460893,,6.13
Cc1nn(cc1Nc2ncc(Cl)c(n2)c3cnc4ccccn34)C5CCNCC5,CHEMBL3823007,,4.54
Cc1nn(Cc2c(F)c(F)c(F)c(F)c2F)c(C)c1NC(=O)c3c(C)n(nc3c4ccccc4)c5ccccc5,CHEMBL1471931,5.65,
Cc1nn(Cc2ccc(Cl)cc2)c(C)c1NC(=O)Cn3nc(c(Cl)c3C)[N+](=O)[O-],CHEMBL1463049,5.95,
Cc1nn(Cc2ccc(Cl)cc2)c(C)c1NC(=O)CSc3nc4c(CCc5ccccc45)c(n3)C(F)(F)F,CHEMBL1556705,5.50,
Cc1nn(Cc2ccccc2Cl)c(C)c1NC(=O)CCCn3nc(C)c(c3C)[N+](=O)[O-],CHEMBL1301542,5.60,
Cc1nn(CCc2nnc(S)n2c3ccc(F)c(Cl)c3)c(C)c1[N+](=O)[O-],CHEMBL1471635,5.50,
Cc1nn2C(C3=C(O)CCCC3=Nc2c1c4ccccc4)c5ccccc5,CHEMBL1432402,5.20,
Cc1nnc(C)n1\N=C\c2ccc(cc2)c3ccccc3,CHEMBL3198972,4.65,
Cc1nnc(c2cnn(c2N)c3ccccc3)n1Cc4ccc(F)cc4,CHEMBL1372132,4.60,
Cc1nnc(c2cnn(c2N)c3ccccc3)n1Cc4ccccc4,CHEMBL1730467,4.60,
Cc1nnc(O)nc1NCc2ccccc2Cl,CHEMBL1359611,4.40,
Cc1nnc(S)n1\N=C\c2oc(Br)cc2,CHEMBL3194183,4.60,
Cc1nnc(SCc2nc(N)nc(Nc3ccccc3)n2)s1,CHEMBL1329119,4.85,
Cc1noc(Cn2cc(CN(C3CC3)C(=O)[C@H]4CNCC[C@]4(O)c5ccc(F)c(F)c5)c6c(F)cccc26)n1,CHEMBL1910311,,5.72
Cc1noc(n1)[C@H]2C[C@@H]2C(=O)NCc3ccc(c4CCN(Cc34)C(=O)NC(C)(C)C)c5cccc(OC(F)(F)F)c5,CHEMBL3734797,4.89,5.63
Cc1noc(n1)\C(=C\c2cccc(c2)c3cc(cc4cccnc34)C(C)(C)S(=O)(=O)C)\c5ccc(cc5)S(=O)(=O)C,CHEMBL372575,,4.30
Cc1noc(n1)\C(=C\c2cccc(c2)N3C=C(C(=O)Nc4c(Cl)cncc4Cl)C(=O)c5cccnc35)\c6ccc(cc6)S(=O)(=O)C,CHEMBL499477,,6.17
Cc1noc(NS(=O)(=O)c2ccc(N\C=C\C(=O)c3ccc4OCOc4c3)cc2)c1C,CHEMBL1452864,4.95,
Cc1noc(NS(=O)(=O)c2ccc(NC(=O)c3oc(Br)cc3)cc2)c1C,CHEMBL1574385,4.40,
Cc1noc(NS(=O)(=O)c2ccc(NC(=O)CC34CC5CC(CC(Br)(C5)C3)C4)cc2)c1C,CHEMBL1499289,5.20,
Cc1noc2cc3CCN(CCCSc4nnc(c5ccc(cc5)C(F)(F)F)n4C)CCc3cc12,CHEMBL401576,,6.90
Cc1nsc(n1)c2nnc3CN(CCn23)C(=O)c4ccc(F)cc4,CHEMBL3608684,,4.30
Cc1oc(\C=N/NC(=O)C2COc3cc4ccccc4cc3O2)cc1,CHEMBL3196906,4.40,
Cc1oc(\C=N/Nc2nc3cc(Cl)ccc3[nH]2)cc1,CHEMBL3195732,5.05,
Cc1oc(\C=N\NC(=O)C2CCN(Cc3ccc(F)cc3Cl)CC2)cc1,CHEMBL3212941,5.30,
Cc1oc(\C=N\NC(=O)CN(c2ccccc2Br)S(=O)(=O)C)cc1Br,CHEMBL3192219,5.25,
Cc1oc(CC(=O)Nc2nc(C)c(s2)c3ccc(N)nc3)nc1c4ccccc4,CHEMBL2397313,5.11,
Cc1oc(cc1)C(=O)NCCNc2ccc(Cl)cc2[N+](=O)[O-],CHEMBL1348828,5.20,
Cc1oc(cc1)c2nc(NC(=O)COc3cc(C)nc(C)c3)cc(n2)n4nc(C)cc4C,CHEMBL253528,5.96,
Cc1oc(nc1)c2ccc3CCN(CCCSc4nnc(c5cc6ccccc6[nH]5)n4C)CCc3c2,CHEMBL397429,,7.30
Cc1oc(nc1)c2ccc3CCN(CCCSc4nnc(c5cccc6nc(C)ccc56)n4C)CCc3c2,CHEMBL244084,,6.10
Cc1oc(nc1)c2ccc3CCN(CCCSc4nnc(c5cccn5C)n4C)CCc3c2,CHEMBL244277,,6.30
Cc1oc(nc1)c2ccc3CCN(CCCSc4nnc(c5cccs5)n4C)CCc3c2,CHEMBL244275,,6.50
Cc1oc(nc1CCOc2ccc(C[C@H]3[C@H](N(C3=O)c4ccc(cc4)C(C)(C)C)C(=O)O)cc2)c5ccccc5,CHEMBL256468,4.55,4.74
Cc1oc(nc1CCOc2cccc(C[C@@H]3[C@@H](N(C3=O)c4ccc(cc4)C(C)(C)C)C(=O)O)c2)c5ccccc5,CHEMBL272963,4.70,
Cc1oc(nc1CCOc2cccc(C[C@H]3[C@H](N(C3=O)c4ccc(cc4)C(C)(C)C)C(=O)O)c2)c5ccc(Cl)cc5,CHEMBL272336,5.33,5.89
Cc1oc(nc1CCOc2cccc(C[C@H]3[C@H](N(C3=O)c4ccc(cc4)C(C)(C)C)C(=O)O)c2)c5cccc(Cl)c5,CHEMBL429734,4.70,5.75
Cc1oc(nc1CCOc2cccc(C[C@H]3[C@H](N(C3=O)c4ccc(cc4)C(C)(C)C)C(=O)O)c2)c5ccccc5,CHEMBL255389,4.72,5.21
Cc1oc(nc1CSCC(=O)NCc2ccc3OCOc3c2)c4ccccc4F,CHEMBL1409258,6.00,
Cc1oc2c(Br)c3CCN(CCCSc4nnc(c5cccc6nc(C)ccc56)n4C)CCc3cc2n1,CHEMBL255806,,5.60
Cc1oc2c(Br)c3CCN(CCSc4nnc(c5cccc6nc(C)ccc56)n4C)CCc3cc2n1,CHEMBL402015,,5.20
Cc1oc2c(C)c3CCN(CCCCSc4nnc(c5cccc6nc(C)ccc56)n4C)CCc3cc2n1,CHEMBL256481,,5.80
Cc1oc2cc(cc(Oc3ccc(cc3)C#N)c2c1)C(=O)Nc4cnc(C)cn4,CHEMBL3218481,,5.40
Cc1oc2cc(Cl)c3CCN(CCCSc4nnc(c5cccc6nc(C)ccc56)n4C)CCc3c2n1,CHEMBL403815,,5.80
Cc1oc2cc(NC(=O)Nc3ccnc4cccnc34)ccc2n1,CHEMBL291536,5.00,
Cc1oc2cc3CCN(CCCCSc4nnc(c5ocnc5C)n4C)CCc3cc2n1,CHEMBL271073,,4.30
Cc1oc2cc3CCN(CCCSc4nnc(c5ccc(F)c(F)c5)n4C)CCc3cc2n1,CHEMBL269995,,5.00
Cc1oc2cc3CCN(CCCSc4nnc(c5ocnc5C)n4C)CCc3cc2n1,CHEMBL255827,,4.50
Cc1oc2cc3CCN(CCSc4nnc(c5cccc6nc(C)ccc56)n4C)CCc3cc2n1,CHEMBL256650,,4.30
CC1Oc2ccc(C)cc2N(CCC(=O)N3CCC4(CC3)OCCO4)C1=O,CHEMBL1562229,5.70,
Cc1oc2ccc(N\C(=N/C(=O)c3ccc(nc3)C(=O)N)\N[C@H]4CCCCN(CC(=O)N5CCCC5)C4=O)cc2c1,CHEMBL576093,4.75,
Cc1oc2ccc3CCN(CCCSc4nnc(c5ocnc5C)n4C)CCc3c2n1,CHEMBL402422,,4.90
Cc1occc1c2nc(N)c(OC[C@@H](N)Cc3c(Cl)[nH]c4ccccc34)cc2c5cnc6[nH]nc(C)c6n5,CHEMBL593813,6.30,
Cc1occc1c2nc(N)c(OC[C@@H](N)Cc3c[nH]c4ccccc34)cc2c5cnc6[nH]nc(C)c6n5,CHEMBL595944,5.30,4.98
Cc1occc1c2nc(N)c(OC[C@@H](N)Cc3ccccc3)cc2c4cnc5[nH]nc(C)c5n4,CHEMBL594755,5.50,
Cc1occc1c2ncc(OC[C@@H](N)Cc3c[nH]c4ccccc34)cc2c5cnc6[nH]nc(C)c6n5,CHEMBL596583,6.20,
Cc1onc(C)c1C(=O)N2CCC[C@@]3(CCN(C3)C(=O)Nc4cccc(c4)C#N)C2,CHEMBL1356234,4.80,
Cc1onc(C)c1C(=O)N2CCC[C@@]3(CCN(Cc4cc(cc(c4)C(F)(F)F)C(F)(F)F)C3)C2,CHEMBL1512594,5.10,
Cc1onc(C)c1C(=O)N2CCC[C@@]3(CCN(Cc4ccccc4)C3)C2,CHEMBL1359320,4.90,
Cc1onc(C)c1C(=O)N2CCC3(CCCN(C3)C(=O)Nc4cccc(F)c4)CC2,CHEMBL1435713,4.80,
Cc1onc(C)c1C(=O)N2CCC3(CCCN(C3)c4ccncc4)CC2,CHEMBL1436935,4.50,
Cc1onc(C)c1C(=O)N2CCC3(CCN(CC3)C(c4ccccc4)c5ccccc5)CC2,CHEMBL1314505,5.00,
Cc1onc(C)c1c2[nH]c3ccccc3c2CCNCc4ccc(\C=C\C(=O)NO)cc4,CHEMBL1819259,,4.51
Cc1onc(C)c1c2cc(NC3CC3)ncn2,CHEMBL1402827,4.60,
Cc1onc(C)c1c2cc(Nc3ccc(F)cc3)ncn2,CHEMBL1367020,4.70,
Cc1onc(C)c1c2cc(NCc3cccs3)ncn2,CHEMBL1484253,4.50,
Cc1onc(C)c1c2ccc3c(Nc4ccccc4)c(cnc3c2)C(=O)N,CHEMBL2017089,4.77,
Cc1onc(C)c1c2ccc3c(Nc4ccccc4C(C)(C)C)c(cnc3c2)C(=O)N,CHEMBL2017268,5.70,
Cc1onc(C)c1c2ccc3c(Nc4ccccc4C(C)(C)C)c(cnc3c2)C(=O)O,CHEMBL2017269,4.89,
Cc1onc(C)c1c2ccc3ncnc(Nc4ccccc4)c3c2,CHEMBL1473809,4.90,
Cc1onc(C)c1c2ccc3ncnc(NCc4ccccc4)c3c2,CHEMBL1450716,5.00,
Cc1onc(C)c1c2ccc3ncnc(NCc4cccs4)c3c2,CHEMBL568379,5.00,
Cc1onc(C)c1c2ccc3ncnc(NCCN4CCOCC4)c3c2,CHEMBL1446539,4.90,
Cc1onc(C)c1c2cncnc2n3ccnc3,CHEMBL1316616,5.60,
Cc1onc(C)c1c2cncnc2NCc3ccccc3,CHEMBL1356299,5.70,
Cc1onc(C)c1c2nc(N3CCNCC3)c4ccccc4n2,CHEMBL1475257,4.40,
Cc1onc(C)c1c2nc(NC3CC3)c4ccccc4n2,CHEMBL1435907,5.60,
Cc1onc(C)c1c2nc(Nc3ccccc3)c4ccccc4n2,CHEMBL1590598,5.20,
Cc1onc(C)c1c2nc(NCc3cccnc3)c4ccccc4n2,CHEMBL1314247,5.70,
Cc1onc(C)c1c2nc(NCCN3CCOCC3)c4ccccc4n2,CHEMBL1356733,4.90,
Cc1onc(C)c1c2nccc(n2)n3ccnc3,CHEMBL1568178,5.90,
Cc1onc(C)c1c2nccc(NC3CC3)n2,CHEMBL1434747,5.60,
Cc1onc(C)c1c2nccc(NCc3cccs3)n2,CHEMBL1517241,4.80,
Cc1onc(C)c1Cn2cc(CN(C3CC3)C(=O)[C@H]4CNCC[C@]4(O)c5ccc(F)c(F)c5)c6c(F)cccc26,CHEMBL1910313,,6.15
Cc1onc(C)c1CSCC(=O)N2CCN(CC2)c3cccc(C)c3C,CHEMBL1352525,5.40,
Cc1onc(c1)c2ccc3CCN(CCCSc4nnc(c5cccc(Cl)c5)n4C)CCc3c2,CHEMBL244278,,7.10
Cc1onc(c1)c2ccc3CCN(CCCSc4nnc(c5cccc(F)c5)n4C)CCc3c2,CHEMBL244280,,6.60
Cc1onc(c1)c2ccc3CCN(CCCSc4nnc(c5ccccc5)n4C)CCc3c2,CHEMBL243709,,5.70
Cc1onc(c1)c2ccc3CCN(CCCSc4nnc(c5ccccc5Cl)n4C)CCc3c2,CHEMBL244087,,7.20
Cc1onc(c1)c2ccc3CCN(CCCSc4nnc(c5cccn5C)n4C)CCc3c2,CHEMBL395743,,6.60
Cc1onc(c1)c2ccc3CCN(CCCSc4nnc(n4C)C(C)(C)C)CCc3c2,CHEMBL243474,,6.40
Cc1onc(c1)c2ccc3CCN(CCCSc4nnc(n4C)C(F)(F)F)CCc3c2,CHEMBL243900,,6.50
Cc1onc(c2ccccc2)c1C(=O)NCCc3c[nH]c4ccccc34,CHEMBL1741578,5.05,
Cc1onc(c2ccccc2)c1c3ccc(cc3)S(=O)(=O)N,CHEMBL865,4.80,
Cc1onc(c2ccccc2Cl)c1C(=O)Nc3c4CSCc4nn3c5ccccc5C,CHEMBL1324982,5.95,
Cc1onc(c2ccccc2Cl)c1C(=O)Nc3nnc(Cc4ccc(Cl)cc4)s3,CHEMBL1595998,5.50,
Cc1onc(Cn2cc(CN(C3CC3)C(=O)[C@H]4CNCC[C@]4(O)c5ccc(F)c(F)c5)c6c(F)cccc26)c1,CHEMBL1910310,,6.06
Cc1onc(CN2Cc3nc(C)c(CN)c(c4ccc(Cl)cc4Cl)c3C2=O)c1,CHEMBL2441835,5.33,
Cc1onc(n1)[C@@]2(N[C@@H](Cc3c2[nH]c4ccccc34)c5nc(c[nH]5)c6ccc(F)cc6)c7cnn(C)c7,CHEMBL2204938,,6.27
Cc1onc(n1)[C@@]2(N[C@H](Cc3c2[nH]c4ccccc34)c5nc(c[nH]5)c6ccc(F)cn6)c7cn[nH]c7,CHEMBL3582318,,5.38
Cc1onc(n1)[C@@]2(N[C@H](Cc3c2[nH]c4ccccc34)c5nc(c[nH]5)c6ccccc6)c7cnn(C)c7,CHEMBL3775042,,5.74
Cc1onc(n1)[C@]2(N[C@H](Cc3c2[nH]c4ccccc34)c5nc(c[nH]5)c6ccc(F)cc6)c7cnn(C)c7,CHEMBL2204936,,5.79
Cc1onc(n1)[C@]2(N[C@H](Cc3c2[nH]c4ccccc34)c5nc(c[nH]5)c6ccc(F)cn6)c7cnn(C)c7,CHEMBL3775061,,5.19
Cc1onc(n1)[C@]2(N[C@H](Cc3c2[nH]c4ccccc34)c5nc(c[nH]5)c6ccccc6)c7cnn(C)c7,CHEMBL3775630,,5.76
Cc1onc(n1)C2(N[C@H](Cc3c2[nH]c4ccccc34)c5nc(c[nH]5)c6ccc(F)cc6)c7noc(C)n7,CHEMBL2204940,,5.85
Cc1onc(n1)c2cccc(c2)C(=O)N[C@@H]3CC[C@@H](CCN4CCc5ccc(cc5CC4)S(=O)(=O)C)CC3,CHEMBL244083,,5.60
Cc1onc(NC(=O)C2C3C(=O)N(Cc4ccc(Cl)cc4)C(C(=O)NC(C)(C)C)C35OC2(C)C=C5)c1,CHEMBL1306083,4.60,
Cc1onc(NC(=O)C2CN(C(=O)C2)c3ccc(C)cc3)c1,CHEMBL1596258,4.65,
Cc1onc(NC(=O)CCC(=O)N(CC2CCCO2)C(C(=O)NC3CCCC3)c4cccnc4)c1,CHEMBL1736563,5.85,
Cc1onc(NC(=O)CN2C(=O)NC(C)(C2=O)c3ccc(C)cc3)c1,CHEMBL1455754,4.60,
Cc1onc(NC(=O)COC(=O)c2ccc(cc2)S(=O)(=O)N3CCCc4ccccc34)c1,CHEMBL1432368,6.05,
Cc1onc(NC(=O)COC(=O)c2ccc(NS(=O)(=O)c3ccc(C)c(C)c3)cc2)c1,CHEMBL1463002,5.30,
Cc1onc(NC(=O)CSc2ccc3nnc(c4ccc(F)cc4)n3n2)c1,CHEMBL1313862,4.85,
Cc1onc(NS(=O)(=O)c2ccc(NC(=O)c3cc(nc4c(C)cc(C)cc34)c5ccccn5)cc2)c1,CHEMBL1507172,4.75,
Cc1oncc1C(=O)Nc2ccc(cc2)C(F)(F)F,CHEMBL960,5.30,
Cc1sc(N)c(C(=O)c2cccc(c2)C(F)(F)F)c1C,CHEMBL59532,4.90,
Cc1sc(NC(=O)CN2CCOCC2)c(C(=O)c3ccccc3)c1C,CHEMBL1412756,5.35,
Cc1sc(NC(=S)NC(=O)C(C)(C)C)c(C(=O)N)c1C,CHEMBL1580610,4.80,
Cc1sc(nc1C(F)(F)F)N2CCN(CC2)C(=O)[C@@H]3CCCC[C@H]3C(=O)NC4(CC4)C#N,CHEMBL2070944,,4.80
Cc1sc2ccccc2c1[C@H]3NC=NC=C3,CHEMBL3823832,4.96,
Cc1sc2N=C(SCC(=O)C(C)(C)C)N(Cc3occc3)C(=O)c2c1C,CHEMBL1402493,4.95,
Cc1sc2N=CN(CC(=O)NCCCC(=O)N3CCN(CC3)c4ncccn4)C(=O)c2c1C,CHEMBL1351420,4.85,
CCC(=O)[C@@]12O[C@@]3(C4C1CCOC4=O)N(Cc5ccccc5)C(=C(C(N3C2=O)c6ccccc6)C(=O)OC)C,CHEMBL2373669,5.90,
CCC(=O)\C=C\C1C(=CCCC1(C)C)C,CHEMBL1371285,4.50,
CCC(=O)C(CC(C)N(C)C)(c1ccccc1)c2ccccc2,CHEMBL651,,5.01
CCC(=O)c1ccc(OCc2ccc(cc2)C(=O)OC)c(OC)c1,CHEMBL1471561,5.35,
CCC(=O)CC(NC(=O)OC)c1ccccc1,CHEMBL1433731,5.20,
CCC(=O)N(C1CCN(CCc2ccc(cc2)N=C=S)CC1)c3ccccc3,CHEMBL274844,4.60,
CCC(=O)N(C1CCN(CCc2ccccc2)CC1)c3ccccc3,CHEMBL596,,5.74
CCC(=O)N(Cc1ccc2ccccc2c1)C3CCNCC3,CHEMBL567288,,4.92
CCC(=O)N(Cc1occc1)c2nc(cs2)c3ccccc3,CHEMBL1575911,4.40,
CCC(=O)N[C@H]1C[C@H](c2ccccc2)c3ccccc3C1,CHEMBL1402435,4.80,
CCC(=O)N1CCC(CC1)c2ccc(cc2C(F)(F)F)C(=O)NC(=N)N,CHEMBL2170609,4.59,
CCC(=O)NC(=S)N1CCN(CC1)c2ccc(cc2Cl)[N+](=O)[O-],CHEMBL1339949,4.55,
CCC(=O)NC(=S)Nc1ccc(NC(=O)COc2ccc(Cl)cc2Cl)cc1,CHEMBL1375216,4.90,
CCC(=O)Nc1ccc(cc1)S(=O)(=O)N2CCN(CC2)c3ccc(F)cc3,CHEMBL1301918,4.80,
CCC(=O)Nc1ccc(NC(=O)CSc2nnnn2c3cccnc3)cc1C,CHEMBL1741498,5.45,
CCC(=O)NC1CCc2cc(CCN3CCN(CC3)c4nsc5ccccc45)ccc12,CHEMBL252031,,6.74
CCC(=O)Nc1cccc(c1)C2=Nc3ccccc3C(=O)O2,CHEMBL1390531,4.55,
CCC(=O)Nc1cccc(c1)c2oc(nn2)c3cccc(NC(=O)CC)c3,CHEMBL1547410,4.85,
CCC(=O)Nc1cccc(NC(=O)c2cccc(c2)[N+](=O)[O-])c1,CHEMBL1490646,4.65,
CCC(=O)Nc1nonc1c2nc3ccccc3n2N(C(=O)CC)C(=O)CC,CHEMBL1485581,4.65,
CCC(=O)NCc1c(Cl)cccc1n2cccc2,CHEMBL1423999,4.60,
CCC(=O)NCCc1ccccc1c2ccc([C@H]3CNCC[C@@H]3C4=CC(=O)N(C)C=C4)c(Cl)c2,CHEMBL1957791,,5.55
CCC(=O)O[C@@H](C(=O)N1N=CC[C@H]1C(=O)NCc2cc(Cl)ccc2n3cnnn3)c4ccc(F)cc4,CHEMBL3786896,5.10,
CCC(=O)OC1CCC2C3CCc4cc(O)ccc4C3CC[C@]12C,CHEMBL1394738,4.40,
CCC(=O)OCC(=O)C1(OC(=O)CC)C(C)CC2C3CCC4=CC(=O)C=CC4(C)C3(Cl)C(O)CC12C,CHEMBL1319520,4.90,
CCC(=S)N1CCC(CN2CC[C@H](NC(=O)c3cc(Cl)c(N)cc3OC)[C@@H](C2)OC)CC1,CHEMBL3758397,,5.54
CCC(C(=O)Nc1cccc(c1)C(F)(F)F)c2ccccc2,CHEMBL1409626,4.85,
CCC(C)(\N=C\c1ccccc1)c2nnnn2c3c(C)cccc3C,CHEMBL3196138,4.95,
CCC(C)(C)\N=C(/NC#N)\Nc1cccnc1,CHEMBL11458,5.30,
CCC(C)(C)C(=O)O[C@@H]1C[C@@H](C)C=C2C=C[C@H](C)[C@H](CC[C@@H]3C[C@@H](O)CC(=O)O3)[C@@H]12,CHEMBL1314217,5.10,
CCC(C)(C)C(=O)OC1CC(C)C=C2C=CC(C)C(CCC3CC(O)CC(=O)O3)C12,CHEMBL1414674,4.50,
CCC(C)(C)c1ccc(cc1)S(=O)(=O)Nc2ccc(cc2)[C@]34CNC[C@H]3C4,CHEMBL1223602,,5.90
CCC(C)(C)Cc1c[nH]c(CCc2ccc(cc2)c3ccccn3)n1,CHEMBL1091720,,5.92
CCC(C)(C)n1nnnc1C(N2CCCCC2)c3cc4cc5OCOc5cc4nc3O,CHEMBL1447970,5.80,
CCC(C)(N(C(=O)c1ccccn1)c2ccccc2)C(=O)NC3CCCC3,CHEMBL1531466,5.30,
CCC(C)(N(CC1CCCO1)C(=O)c2ccc3OCOc3c2)C(=O)NC4CCCC4,CHEMBL1352096,5.40,
CCC(C)(N(Cc1occc1)C(=O)c2ccccn2)C(=O)NC3CCCC3,CHEMBL1391435,5.05,
CCC(C)(N(Cc1occc1)C(=O)Cc2cccs2)C(=O)NC3CCCCC3,CHEMBL1533962,5.95,
CCC(C)[C@H](NC(=O)OC(C)(C)C)c1oc(SCc2c(C)nc(O)nc2O)nn1,CHEMBL1391234,5.45,
CCC(C)C(=O)Nc1nc(cs1)c2ccc3OCC(=O)Nc3c2,CHEMBL1607752,4.80,
CCC(C)C(=O)O[C@@H]1C[C@@]2(C)C(OC(=O)CC23OC4(C)O[C@@]15[C@@]6(C)C(CC(=O)OC)C7(C)CC6(O)[C@](O)(C7OC(=O)C8(C)OC8C)C(OC(=O)C)[C@@]35O4)c9cocc9,CHEMBL2374057,6.00,
CCC(C)C(=O)OC1C[C@@]2(C)C(OC(=O)CC23OC4(C)OC15[C@@]6(C)C(CC(=O)OC)[C@@]7(C)CC6(O)[C@@](O)(C7OC(=O)C8(C)OC8C)C(OC(=O)C(C)C)C35O4)c9cocc9,CHEMBL1605941,5.60,
CCC(C)C(=O)OC1C2CC3=C4CC(=O)OC(c5cocc5)[C@]4(C)CCC3[C@](C)(C(CC(=O)OC)C1(C)C)C2=O,CHEMBL2373647,5.20,
CCC(C)C(C)CN1CCC(CNC(=O)c2cc(Cl)cc(Cl)c2)CC1,CHEMBL522697,,6.05
CCC(C)C(NC(=O)OCc1ccccc1)C(=O)OCN2C(=O)c3ccccc3C2=O,CHEMBL1338714,5.15,
CCC(C)C(O)C(=O)OC1C(OC=O)C(C(=C)C2(O)C(=O)CC(c3cocc3)[C@@]12C)[C@@]4(C)C(CC(=O)O[C@@](C)(COC(=O)C)C4CC(=O)OC)OC(=O)C,CHEMBL1592352,5.00,
CCC(C)C1NC(=S)N(C2CCCCC2)C1=O,CHEMBL1311981,4.75,
CCC(C)N1C(=O)S\C(=C\c2oc(Sc3nc4ccccc4[nH]3)cc2)\C1=O,CHEMBL1611902,5.95,
CCC(C)NC(=O)C1C(N(C)C(=O)c2cc(OC)c(OC)cc12)c3cccs3,CHEMBL1441162,5.25,
CCC(C)NC(=O)CCS(=O)(=O)c1ccc(Br)s1,CHEMBL1410725,6.05,
CCC(C)OC(=O)C1=C(C)NC(=O)CC1c2ccccc2OC,CHEMBL1548181,4.40,
CCC(c1ccc(cc1)c2ccc(O)c(Cl)c2)n3ccnc3,CHEMBL541941,7.04,
CCC(CC)(COc1ccc2cc(ccc2c1)[C@H]([C@@H](C)N(C)C)n3ccnc3)C(=O)O,CHEMBL377286,5.28,
CCC(CC)C(=O)c1c[nH]c(c1)C(=O)NCCc2ccccn2,CHEMBL1706520,4.70,
CCC(CC)C(=O)Nc1ccc(C)c(O)c1,CHEMBL1402965,5.35,
CCC(CC)C(=O)NCc1ccc2c(cc(C)n2C)c1,CHEMBL1609519,4.85,
CCC(CC)c1cn(c2ccc(F)cc2)c3ccc(Cl)cc13,CHEMBL299390,,5.83
CCC(CC)N([C@H]1CCNC1)C(=O)c2cccc(Cl)c2Cl,CHEMBL1080969,,5.11
CCC(CC)NC(=O)CCc1cc(nc(n1)C#N)c2cccc(c2)C(F)(F)F,CHEMBL1271275,,5.50
CCC(CC)NCCCc1cc(nc(n1)C#N)c2cccc(c2)C(F)(F)F,CHEMBL1084401,,6.50
CCC(CO)NS(=O)(=O)c1ccc(cc1)c2ccc(CCN3CCC[C@H]3C)cc2,CHEMBL1823052,,5.29
CCC(N(C(=O)Cn1nnc(n1)c2ccccc2F)c3cccc4CCCCc34)C(=O)NC(C)(C)C,CHEMBL1387144,6.35,
CCC(N(N1C(=O)C2C3CC(C=C3)C2C1=O)C(=O)c4ccccc4Cl)C(=O)c5ccccc5,CHEMBL1360952,6.05,
CCC(NC(=O)C1(C)CC1(Br)Br)c2ccc(C)cc2,CHEMBL1305215,5.40,
CCC(NC(=O)Nc1cc(OC)c(OC)c(OC)c1)(C(F)(F)F)C(F)(F)F,CHEMBL1449589,4.80,
CCC(O)(c1cn(Cc2ccc3c(c(CO)sc3c2)c4ccccc4)nn1)C(F)(F)F,CHEMBL1289093,,4.89
CCC(O)(c1cn(Cc2ccc3c(c4ccccc4)c(sc3c2)C(C)(C)O)nn1)C(F)(F)F,CHEMBL1289094,,5.59
CCC(O)(CC)c1cn(c2ccc(F)cc2)c3ccc(Cl)cc13,CHEMBL53871,,4.80
CCC(O)c1cn(c2ccc(F)cc2)c3ccc(Cl)cc13,CHEMBL53866,,5.66
CCC(O)CNc1nc(nc2sc3COC(C)(C)Cc3c12)n4nc(C)cc4C,CHEMBL1467631,5.15,
CCC(SC1=NC(=O)C=C(N)N1CCc2ccccc2)C(=O)Nc3ccccc3C#N,CHEMBL1402562,7.00,
CCC(SC1=Nc2cc3OCOc3cc2C(=O)N1Cc4occc4)C(=O)Nc5ccccc5OC,CHEMBL1562832,5.80,
CCC(Sc1nc2nnc(C)c2c(N)n1c3cccc(Cl)c3)C(=O)NCCOC,CHEMBL1385673,5.55,
CCC[C@@H](CC[C@H](Cc1ccccc1)NC(=O)OCc2cncs2)NC(=O)[C@@H](NC(=O)N(C)Cc3csc(n3)C(C)C)C(C)C,CHEMBL3114718,6.89,
CCC[C@@H]1C[C@@]1(CCC)[C@@H](NC(=O)c2ccccc2)c3ccc(cc3)C(=O)OC,CHEMBL1499330,5.20,
CCC[C@@H]1C[C@@]1(CCC)[C@@H](NP(=O)(c2ccccc2)c3ccccc3)c4ccc(cc4)C(=O)OC,CHEMBL1359157,5.50,
CCC[C@@H]1C[C@@]1(CCC)C(NC(=O)OCc2ccccc2)c3ccc(cc3)c4ccccc4,CHEMBL1552066,5.40,
CCC[C@@H]1C[C@@]1(CCC)C(NS(=O)(=O)c2cccc3cccnc23)c4ccc(Cl)cc4,CHEMBL1413701,6.10,
CCC[C@@H]1C[C@@H](CC[C@@H]1N2CC[C@H](NC(=O)c3cc(ccc3NC(=O)NCC)C(F)(F)F)C2=O)N(C)C(C)C,CHEMBL3577942,,4.85
CCC[C@@H]1NC(=NC1(c2ccc(F)cc2)c3ccc(F)cc3)c4cc(ccn4)C#N,CHEMBL490949,,6.31
CCC[C@@H]1O[C@@H]2C[C@@H]3[C@H]4CCC5=CC(=O)C=C[C@@]5(C)[C@H]4[C@H](O)C[C@@]3(C)[C@]2(O1)C(=O)CO,CHEMBL1355978,5.30,
CCC[S+]([O-])CCCN(CC)CC(O)COc1ccc(cc1)C#N,CHEMBL362103,,6.60
CCC\C=C(/CCC)\C(NC(=O)c1ccc(cc1)C(=O)OC)c2ccc(cc2)C(=O)OC,CHEMBL1481747,4.80,
CCC\C=C(/CCC)\C(NC(=O)c1ccc(cc1)C(F)(F)F)c2ccc(cc2)C(F)(F)F,CHEMBL1475120,5.00,
CCC\C=C(/CCC)\C(NC(=O)OCC(C)C)c1ccc(cc1)C(=O)OC,CHEMBL1408520,4.90,
CCC\C=C(/CCC)\C(NS(=O)(=O)C)c1ccccc1,CHEMBL1532230,4.50,
CCC\C=C(/CCC)\C(NS(=O)(=O)c1ccc(cc1)C(F)(F)F)c2ccc(cc2)C(=O)OC,CHEMBL1442087,6.00,
CCC\C=C(/CCC)\C(NS(=O)(=O)c1ccc(cc1)C(F)(F)F)c2ccccc2,CHEMBL1531070,5.00,
CCC\C=C(/CCC)\C(NS(=O)(=O)c1ccc(Cl)cc1)c2ccccc2,CHEMBL1330718,5.10,
CCC\C=C(/CCC)\C(NS(=O)(=O)c1ccccc1)c2ccc(cc2)C(F)(F)F,CHEMBL1454793,5.20,
CCC\C=C(/CCC)\C(NS(=O)(=O)CC12CCC(CC1=O)C2(C)C)c3ccc(cc3)C(=O)OC,CHEMBL1437408,5.40,
CCC\C=C\C1C(CO)C2(OCC(CC)(CC)CO2)C3OC3C1=O,CHEMBL1525438,5.40,
CCC1(C)Cc2c(CO1)sc3N=NN(CC(=O)Nc4ccc(C)cc4)C(=O)c23,CHEMBL1348021,4.85,
CCC1(C)Cc2c(CO1)sc3N=NN(CC(=O)Nc4cccc5ccccc45)C(=O)c23,CHEMBL1425971,5.00,
CCC1(CC)C[C@@H](NC(=O)Nc2cccc3cnccc23)c4cc(F)ccc4O1,CHEMBL3326577,5.55,
CCC1(Oc2ccccc2C(=N1)N)c3cccc(c3)c4cncnc4,CHEMBL2380439,,5.80
CCC1=C(C)CC(C(=O)NCCc2ccc(cc2)S(=O)(=O)NC(=O)NC3CCC(C)CC3)C1=O,CHEMBL1671908,,4.13
CCC1=C(C[C@H]2NCCc3cc(OC)c(OC)cc23)C[C@@H]4N(CCc5ccccc45)C1,CHEMBL1554654,5.50,
CCC1=C(O)C=C(N(C1=O)c2ccc(Cl)cc2)c3cccnc3,CHEMBL1582671,4.80,
CCC1=C2CC[C@@H]3[C@H]([C@H]2[C@]4(C)N(C(=O)N(CC5CC5)C4=O)C1=O)C(=O)NC3=O,CHEMBL1398197,4.50,
CCC1=C2CC[C@@H]3[C@H]([C@H]2[C@]4(C)N(C(=O)N(Cc5ccccc5)C4=O)C1=O)C(=O)N(CC(=O)OC)C3=O,CHEMBL1480740,4.80,
CCC1=C2CC[C@@H]3[C@H]([C@H]2[C@]4(C)N(C(=O)O/C/4=N\Cc5ccccc5)C1=O)C(=O)N(C)C3=O,CHEMBL1513821,4.90,
CCC1=C2CC[C@@H]3[C@H]([C@H]2[C@]4(Cc5ccccc5)N(C(=O)N(CC(=O)OC)C4=O)C1=O)C(=O)N(C3=O)c6ccccc6,CHEMBL1564957,5.40,
CCC1=C2CC[C@@H]3[C@H]([C@H]2[C@]4(Cc5ccccc5)N(C(=O)O/C/4=N/CC6CC6)C1=O)C(=O)N(C3=O)c7ccccc7,CHEMBL1399103,5.30,
CCC1=C2CC[C@@H]3[C@H]([C@H]2[C@]4(Cc5ccccc5)N(C(=O)O/C/4=N/Cc6ccccc6)C1=O)C(=O)N(C3=O)c7ccccc7,CHEMBL1594439,5.30,
CCC1=C2CC[C@@H]3[C@H]([C@H]2[C@]4(Cc5ccccc5)N(C(=O)O/C/4=N/CCc6c[nH]c7ccccc67)C1=O)C(=O)N(C3=O)c8ccccc8,CHEMBL1452946,5.90,
CCC1=C2CC[C@@H]3[C@H]([C@H]2[C@]4(Cc5ccccc5)N(C(=O)O/C/4=N\CCc6c[nH]c7ccccc67)C1=O)C(=O)N(C)C3=O,CHEMBL1604672,5.90,
CCC1=Nc2c(Cc3ccc(cc3)C(=O)NO)cccc2C(=O)N1CCc4ccccc4,CHEMBL2425952,7.00,5.33
CCC1=Nc2ccccc2C(=O)N1c3ccc(OCCCN4CCCC4)cc3,CHEMBL476723,,5.30
CCC1=NN(C(=O)CCc2ccccc2)C(O)(C1)C(F)(F)F,CHEMBL1492687,4.80,
CCC12C=CCN3CCC4(C13)C(N(C)c5cc(OC)c(Br)cc45)C(O)(C2OC(=O)C)C(=O)OC,CHEMBL1334512,4.40,
CCC12C=CCN3CCC4(C13)C(N(C)c5cc(OC)ccc45)[C@](O)(C2OC(=O)C)C(=O)OC,CHEMBL1317962,5.40,
CCc1c(C)c(C#N)c2nc3ccccc3n2c1NC4=C(C)N(C)N(C4=O)c5ccccc5,CHEMBL1339670,5.10,
CCc1c(C)nc(N)n2c(SCC(=O)Nc3ccccc3)nnc12,CHEMBL1483307,4.75,
CCc1c(nn(c2ccc(Cl)cc2Cl)c1c3ccc(Br)cc3)C(=O)NC(C)(C)c4nnnn4C,CHEMBL1814154,,4.64
CCC1C2CC3C4N(C)c5ccccc5C46CC(C2[C@H]6O)N3C1O,CHEMBL2105617,,5.98
CCc1c2CN3C(=O)C=CC=C3c2nc4cccc(C(C)C)c14,CHEMBL1605233,4.80,
CCc1c2CN3C(=O)C4=C(C=C3c2nc5ccc(O)cc15)[C@@](O)(CC)C(=O)OC4,CHEMBL837,4.59,
CCc1c2COCc2nc3ccc(OC)cc13,CHEMBL1331351,4.80,
CCc1c2COCc2nc3cccc(SC)c13,CHEMBL1606892,4.90,
CCc1cc(\C=C\2/CC\C(=C/c3cc(CC)c(O)c(CC)c3)\C2=O)cc(CC)c1O,CHEMBL497137,4.13,
CCc1cc(C(=O)C)c(O)cc1OCCCCCC(C)(C)c2nn[nH]n2,CHEMBL15766,5.00,
CCc1cc(C(N2CCOCC2)c3ccccc3OC)c(NC(=O)c4ccccc4)s1,CHEMBL1582074,5.35,
CCc1cc(CC(NC(=O)N2CCC(CC2)N3Cc4ccccc4NC3=O)C(=O)N5CCC(CC5)N6CCCCC6)cc7c(C)n[nH]c17,CHEMBL2336419,5.16,
CCc1cc(ccn1)c2ccc(NS(=O)(=O)c3cc(cc(c3)C(F)(F)F)C(F)(F)F)cc2,CHEMBL3087042,4.91,
CCc1cc(n[nH]1)C(=O)N[C@@H]2CC(C)(C)Oc3nc(c4ccc(Cl)cc4Cl)c(cc23)c5ccc(Cl)cc5,CHEMBL1095789,,5.92
CCc1cc(NC(=O)c2ccccc2F)ccc1c3oc(NCCCN4CCCCC4)nn3,CHEMBL2023930,,5.40
CCc1cc(Oc2cc(Cl)ccc2CNC)ccc1Cl,CHEMBL449542,,5.94
CCc1cc(Oc2ccc(F)cc2CNC)ccc1Cl,CHEMBL507721,,5.34
CCc1cc[n+](cc1)C2=Nc3ccccc3[N-]C2=C(C#N)C#N,CHEMBL1532175,4.80,
CCc1cc2[C@@H]3CNCCN3C(=O)c2c(c1)C(F)(F)F,CHEMBL221113,5.06,
CCc1cc2C(=O)C(=COc2cc1OC(=O)N3CCOCC3)c4nc5ccccc5[nH]4,CHEMBL1366680,5.30,
CCC1Cc2c(CC)c3cc(OC)ccc3nc2O1,CHEMBL1402799,4.80,
CCc1cc2cc(C)c(C)cc2nc1SCC(=O)NNC(=O)c3occc3,CHEMBL1304696,5.05,
CCc1cc2CN(CC\C(=N\O[C@@H](C)c3cn(nn3)[C@H](CO)Cc4ccccc4)\C)CCc2nc1CC,CHEMBL1486821,5.40,
CCc1cc2CN(CC\C(=N\O[C@@H](C)c3onc(c3)c4c(C)cc(C)cc4C)\C)CCc2nc1CC,CHEMBL1362729,5.40,
CCc1cc2CN(CC\C(=N\O[C@@H](C)CN3CCCCc4nc(C)c(C)cc34)\C)CCc2nc1CC,CHEMBL1318120,5.50,
CCc1cc2CN(CC\C(=N\OC[C@@H](O)[C@@H]3O[C@@H]4OC(C)(C)O[C@@H]4[C@H]3O)\C)CCc2nc1CC,CHEMBL1572239,5.20,
CCc1ccc(cc1)C(=O)c2oc3nc(C)cc(C)c3c2N,CHEMBL1389823,5.40,
CCc1ccc(cc1)C(=O)CN(C#N)c2nc(C)cc(C)n2,CHEMBL1530189,4.60,
CCc1ccc(cc1)C(=O)COC(=O)c2cccc(c2)N3C(=O)c4c(C)nc5ccccc5c4C3=O,CHEMBL1407646,4.65,
CCc1ccc(cc1)C(=O)N2CCC(CC2)c3nc4ccccc4s3,CHEMBL1382075,4.40,
CCc1ccc(cc1)C(=O)NN(C(=O)c2cc(C)cc(C)c2)C(C)(C)C,CHEMBL226968,5.40,
CCc1ccc(cc1)C(N(CCOC)C(=O)Cc2cccs2)C(=O)NCc3ccc(OC)cc3,CHEMBL1387271,6.00,
CCc1ccc(cc1)N(C(C(=O)NC(C)(C)C)c2cc(OC)c(OC)c(OC)c2)C(=O)CNC(=O)c3cccs3,CHEMBL1444936,5.65,
CCc1ccc(cc1)N(C(C(=O)NC(C)(C)C)c2ccncc2)C(=O)c3csnn3,CHEMBL1457730,5.40,
CCc1ccc(cc1)N2C(=S)N(CC(=O)OC)\C(=C/c3cccs3)\C2=O,CHEMBL1523995,4.90,
CCc1ccc(Cc2cc([C@@H]3C[C@H](CO)[C@@H](O)[C@H](O)[C@H]3O)c(OC)cc2OC)cc1,CHEMBL2048496,4.40,
CCc1ccc(Cc2cc(c(OC)cc2OC)[C@]3(O)C[C@H](CO)[C@@H](O)[C@H](O)[C@H]3O)cc1,CHEMBL2048497,4.54,
CCc1ccc(CN(C2CCS(=O)(=O)C2)C(=O)C3=Cc4ccccc4OC3=O)cc1,CHEMBL1443086,4.85,
CCc1ccc(N\C(=C(\C#N)/C(=O)NCc2occc2)\SCc3ccccc3C)cc1,CHEMBL1420680,5.20,
CCc1ccc(NC(=O)C[S+]([O-])CC(=O)NCCCc2ccccc2)cc1,CHEMBL1307908,5.55,
CCc1ccc(NC(=O)Cn2nc(c3CCCc23)C(F)(F)F)cc1,CHEMBL1718206,4.90,
CCc1ccc(OCC(=O)NC(=S)Nc2ccc(C)cc2C)c(Br)c1,CHEMBL1438061,4.50,
CCc1ccc(OCCNC(=O)c2cc(SC)ccc2Cl)cc1,CHEMBL1442392,5.45,
CCc1ccc(s1)c2cc(C(=O)NCc3occc3)c4ccccc4n2,CHEMBL1366112,4.80,
CCc1ccc(s1)c2cc(n3nc(cc3n2)C(=O)Nc4cnn(Cc5ccccc5C)c4)C(F)(F)F,CHEMBL1460907,5.50,
CCc1ccc2c(nc(N)nc2c1)N3CC[C@H](C3)NC,CHEMBL2376797,,5.56
CCc1ccc2nc(Nc3nc(O)cc(COC)n3)nc(C)c2c1,CHEMBL1407064,4.75,
CCC1CCC2O[C@]3(CCC(C)C(CC(C)O)O3)C(C)[C@@H](OC(=O)\C=C/C(C)C(O)C(C)C(=O)C(C)C(O)C(C)C(=O)[C@](C)(O)C(O)C(C)C\C=C/C=C/1)C2C,CHEMBL1317548,5.10,
CCc1ccc2oc(nc2n1)N3CCN4CCC3CC4,CHEMBL598555,,4.56
CCc1cccc(C)c1CNc2cc(cn3c(C)c(C)nc23)c4ncnn4C,CHEMBL496624,4.89,
CCc1cccc(C)c1CNc2cccn3c(C)c(C)nc23,CHEMBL523752,5.20,
CCc1cccc(C)c1NC(=O)CSc2nc3ccc(cc3s2)N4C(=O)c5ccccc5C4=O,CHEMBL1501701,5.35,
CCc1cccc(c1)n2cc(C3CCN(CC3)C(=O)OC(C)(C)C)c(n2)C(=O)Nc4ccc(F)cc4,CHEMBL1307909,5.30,
CCc1cccc(CC)c1NC(=O)\C(=C\c2ccccc2)\c3ccccc3,CHEMBL1594473,4.85,
CCc1cccc(NC(=O)CN(C)S(=O)(=O)c2c[nH]cn2)c1,CHEMBL1378443,5.60,
CCc1cccc(Nc2cc(N[C@@H]3CCCC[C@@H]3N)nnc2C(=O)N)n1,CHEMBL3237556,,5.20
CCc1cccc2c3CCOC(CC)(CC(=O)O)c3[nH]c12,CHEMBL622,5.50,
CCc1cccc2nc3C4=CC=CC(=O)N4Cc3c(c12)[Si](C)(C)C,CHEMBL1490268,4.90,
CCc1cccc2nc3C4=CC=CC(=O)N4Cc3c(c12)[Si](CC)(CC)CC,CHEMBL1397782,5.70,
CCc1ccccc1N(CC(=O)NCc2ccc(Cl)cc2)S(=O)(=O)c3ccc(C)cc3,CHEMBL240436,6.60,
CCc1ccccc1N=C(S)NCc2ccc3OCOc3c2,CHEMBL1494296,5.35,
CCc1ccccc1NC(=O)c2ccc(cc2)n3c(C)ccc3C,CHEMBL1518901,4.75,
CCc1ccccc1NC(=O)c2nnn(CC(=O)Nc3ccccc3C)c2N,CHEMBL1523055,4.60,
CCc1ccccc1OC[C@@H](O)CN[C@H]2CCCc3ccccc23,CHEMBL1326499,4.80,
CCc1ccccc1OC[C@H](O)CN[C@@H]2CCc3ccccc3C2,CHEMBL1322875,4.80,
CCC1CCCCN1CCCNC(=O)CN2N=C(C=CC2=O)c3ccc(C)cc3,CHEMBL1492580,4.70,
CCC1CCCCN1CCN2C(=S)Nc3cc(OC)c(OC)cc3C2=O,CHEMBL1564828,4.85,
CCc1cnc2c(nc(N)nc2c1)N3CCN(C)CC3,CHEMBL2376799,,4.57
CCC1COC(Cn2cncn2)(O1)c3ccc(Cl)cc3Cl,CHEMBL270271,6.68,
CCc1n[nH]c(CC)c1Oc2cc(C)cc(c2)C#N,CHEMBL576256,,4.00
CCc1n[nH]c(CC)c1Oc2cc(Cl)cc(c2)C#N,CHEMBL567916,,4.41
CCc1nc(N)nc(N)c1c2ccc(Cl)cc2,CHEMBL36,5.00,
CCc1nc(N)nc(N)c1c2ccc3CCCN(CCCCC(=O)OC)c3c2,CHEMBL230262,4.92,
CCc1nc(N)nc(N)c1c2ccc3CCCN(CCCOC)c3c2,CHEMBL230260,5.55,
CCc1nc(N)nc(N)c1c2ccc3CCCN(CCNC(=O)C)c3c2,CHEMBL230367,5.10,
CCc1nc(N)nc(N)c1c2ccc3O[C@](C)(C(=O)N(CCCC(F)(F)F)c3c2)c4cc(F)cc(F)c4,CHEMBL241663,5.77,
CCc1nc(N)nc(N)c1c2ccc3OC(C)(C(=O)N(CCC(=O)NC)c3c2)c4cc(F)cc(F)c4,CHEMBL240598,6.80,
CCc1nc(N)nc(N)c1c2ccc3OC(C)(C(=O)N(CCCO)c3c2)c4cc(F)cc(F)c4,CHEMBL393218,4.52,
CCc1nc(N)nc(N)c1c2ccc3OC(C)(C(=O)N(CCNC(=O)C)c3c2)c4cc(F)cc(F)c4,CHEMBL398584,6.07,
CCc1nc(N)nc(N)c1c2ccc3OC(CC)(C(=O)N(CCCOC)c3c2)c4cc(F)cc(F)c4,CHEMBL239497,6.34,
CCc1nc(N)nc(N)c1c2ccc3OC(CC)(CC)C(=O)N(CCCOC)c3c2,CHEMBL239495,5.52,
CCc1nc(SCC(=O)N2CCCc3ccccc23)c4oc5ccccc5c4n1,CHEMBL1374205,4.80,
CCc1nc(SCC(=O)NCCc2ccccc2)c3oc4ccccc4c3n1,CHEMBL1370855,5.45,
CCc1nc2cc(Cl)ccn2c1C(=O)NCc3ccc(cc3)N4CCC(CC4)c5ccc(F)cc5,CHEMBL3298835,5.68,
CCc1nc2cc3CCN(CCCSc4nnc(c5cccc6nc(C)ccc56)n4C)CCc3cc2s1,CHEMBL271631,,6.60
CCc1nc2ccc(Cl)cn2c1C(=O)NCc3ccc(cc3)N4CCN(CC4)c5ccc(F)cc5,CHEMBL3298836,6.31,
CCc1nc2ccc3CCN(CCCSc4nnc(c5ocnc5C)n4C)CCc3c2s1,CHEMBL403804,,5.50
CCc1nn(cc1Nc2ncc(Cl)c(n2)c3cnn4ccccc34)C5CCN(CC5)C(=O)C,CHEMBL3822619,,5.28
CCc1nn(CCOCC(F)(F)F)c2c(Nc3ccncn3)nc(nc12)N4CCNCC4,CHEMBL1099069,,5.29
CCc1nnc(NC(=O)C2Cc3ccccc3CN2S(=O)(=O)c4ccc(C)cc4)s1,CHEMBL1343639,5.20,
CCc1nnc(NS(=O)(=O)c2ccc(cc2)\N=C\c3c(C)nn(c3O)c4ccc(C)cc4)s1,CHEMBL3194740,4.65,
CCc1nnc(SCc2ccc(OC(C)C)cc2)n1N,CHEMBL1710203,4.85,
CCc1noc(C)c1C(=O)Nc2nc(c(C)s2)c3cc(C)ccc3C,CHEMBL1709586,5.45,
CCC1OC(=O)C(C)C(=O)C(C)[C@@H](OC2OC(C)CC(C2O)N(C)C)C(C)(OC)C3(CCCn4cnc(c4)c5cccnc5)CC(C)C(=O)C(C)C6N(C3)C(=O)O[C@]16C,CHEMBL1355410,4.50,
CCC1OC(=O)C(C)C(OC2CC(C)(OC)C(O)C(C)O2)C(C)C(OC3OC(C)CC(C3O)N(C)C)C(C)(CC(C)C(=O)C(C)C(O)C1(C)O)OC,CHEMBL1671904,4.60,4.48
CCc1oc(CCc2cc(cc(NC(C)C)n2)N3CCOCC3)nc1C,CHEMBL557648,,6.27
CCc1oc(CCc2cc(cc(NC)n2)N3CCOCC3)nc1C,CHEMBL571013,,6.08
CCc1oc(CCc2cc(cc(NCC#N)n2)N3CCOCC3)nc1C,CHEMBL556183,,5.37
CCc1oc(nn1)[C@@]2(N[C@H](Cc3c2[nH]c4ccccc34)c5nc(c[nH]5)c6ccc(F)cn6)c7cnn(C)c7,CHEMBL3582325,,5.37
CCC1OC23CCCCC2C(C#N)(C(=N)O3)C1(C#N)C#N,CHEMBL1532107,4.60,
CCc1oc2c(Br)c3CCN(CCCCSc4nnc(c5cccc6nc(C)ccc56)n4C)CCc3cc2n1,CHEMBL256482,,5.80
CCc1oc2c(Br)c3CCN(CCSc4nnc(c5cccc6nc(C)ccc56)n4C)CCc3cc2n1,CHEMBL272378,,5.60
CCc1oc2c(C)c3CCN(CCSc4nnc(c5cccc6nc(C)ccc56)n4C)CCc3cc2n1,CHEMBL401777,,5.60
CCc1oc2cc(ccc2n1)C(=O)N(CC(C)C)C[C@@H](O)[C@H](Cc3ccccc3)NC(=O)OCc4cncs4,CHEMBL2057786,7.41,
CCc1oc2cc(CN3CCC(CC3)NC(=O)C4=CC(=O)c5ccc(F)cc5O4)ccc2n1,CHEMBL215457,,4.57
CCc1oc2cc3CCN(CCCSc4nnc(c5ccc(cc5)C(F)(F)F)n4C)CCc3cc2n1,CHEMBL271096,,6.60
CCc1oc2cc3CCN(CCCSc4nnc(c5cccc6nc(C)ccc56)n4C)CCc3cc2n1,CHEMBL272545,,5.30
CCc1oc2ccc3CCN(CCCSc4nnc(c5cccc6nc(C)ccc56)n4C)CCc3c2n1,CHEMBL442456,,5.20
CCc1oc2ccc3CCN(CCCSc4nnc(c5ocnc5C)n4C)CCc3c2n1,CHEMBL427836,,5.30
CCC1Oc2ccccc2N(CC(=O)NCCCN3CCCCC3C)C1=O,CHEMBL1340722,4.70,
CCc1onc(n1)[C@@]2(N[C@H](Cc3c2[nH]c4ccccc34)c5nc(c[nH]5)c6ccc(F)cn6)c7cnn(C)c7,CHEMBL3582320,,5.02
CCCC(=O)\N=C\1/SC2CS(=O)(=O)CC2N1c3ccc(CC)cc3,CHEMBL3212051,4.90,
CCCC(=O)N1C(C)CC(N(C(=O)C)c2ccccc2)c3ccccc13,CHEMBL1336521,6.05,
CCCC(=O)N1CCc2c(C1)nc(C)n2[C@H]3C[C@H]4CC[C@@H](C3)N4CC[C@H](NC(=O)C)c5cccc(F)c5,CHEMBL1649932,,5.22
CCCC(=O)N1CCN(CC1)S(=O)(=O)c2cc(Cl)ccc2OC,CHEMBL1742096,4.70,
CCCC(=O)NC(Nc1ccccc1F)C(Cl)(Cl)Cl,CHEMBL1577148,4.85,
CCCC(=O)Nc1ccc(cc1)C(=O)Nc2cc(ccc2Cl)C(F)(F)F,CHEMBL1413524,4.80,
CCCC(=O)Nc1ccc2nc(SCC(=O)Nc3ccc(N4CCOCC4)c(Cl)c3)sc2c1,CHEMBL1361455,5.85,
CCCC(=O)Nc1cccc(Oc2nc(C)cc(C)c2C#N)c1,CHEMBL1341328,4.85,
CCCC(=O)Nc1nc(cs1)c2ccc3N(CCc3c2)S(=O)(=O)C,CHEMBL1485223,5.10,
CCCC(=O)NNC(=O)CCC(=O)NCc1ccccc1,CHEMBL1549242,7.25,
CCCC(=O)O[C@@H](C(=O)N1N=CC[C@H]1C(=O)NCc2cc(Cl)ccc2n3cnnn3)c4ccc(F)cc4,CHEMBL3787339,5.75,4.82
CCCC(C(=O)OCCN(CC)CC)(c1ccccc1)c2ccccc2,CHEMBL282567,5.70,
CCCC(C)C1(CC)C(=O)NC(=O)NC1=O,CHEMBL448,4.50,
CCCC[C@@H]1C[C@@H](CC[C@@H]1NC(=O)CNC(=O)c2cccc(c2)C(F)(F)F)N(C)C(C)C,CHEMBL3577937,,6.44
CCCC[C@@H]1C[C@H]1C(NC(=O)c2ccc(cc2)C(F)(F)F)c3ccc(cc3)C(=O)OC,CHEMBL1594075,5.30,
CCCC[C@@H]1C[C@H]1C(NC(=O)c2ccccc2)c3ccc(cc3)c4ccccc4,CHEMBL1394731,5.10,
CCCC[C@@H]1C[C@H]1C(NC(=O)c2ccccc2)c3ccc(Cl)cc3,CHEMBL1368892,5.40,
CCCC[C@@H]1C[C@H]1C(NC(=O)c2ccccc2)c3ccccc3,CHEMBL1398066,4.90,
CCCC[C@@H]1C[C@H]1C(NC(=O)c2ccccc2)c3ccccc3C(F)(F)F,CHEMBL1489493,5.50,
CCCC[C@@H]1C[C@H]1C(NC(=O)c2cccnc2)c3ccc(Cl)cc3,CHEMBL1557564,7.10,
CCCC[C@@H]1C[C@H]1C(NC(=O)c2cccs2)c3ccc(cc3)C(F)(F)F,CHEMBL1515698,5.50,
CCCC[C@@H]1C[C@H]1C(NC(=O)c2cccs2)c3ccc(Cl)cc3,CHEMBL1603781,5.30,
CCCC[C@@H]1C[C@H]1C(NC(=O)c2occc2)c3ccc(cc3)c4ccccc4,CHEMBL1566936,4.80,
CCCC[C@@H]1C[C@H]1C(NC(=O)c2occc2)c3ccc(Cl)cc3,CHEMBL1524944,5.10,
CCCC[C@@H]1C[C@H]1C(NC(=O)c2occc2)c3ccccc3C(F)(F)F,CHEMBL1531299,4.90,
CCCC[C@@H]1C[C@H]1C(NC(=O)Cc2ccccc2)c3ccc(Cl)cc3,CHEMBL1330587,5.60,
CCCC[C@H]1C(=O)N(N(C1=O)c2ccc(O)cc2)c3ccccc3,CHEMBL1235001,5.00,
CCCC[C@H]1C[C@@H]1[C@@H]2N([C@@H](CC23CC3)c4cccc(OC)c4)C(=O)C,CHEMBL1612675,4.90,
CCCC[C@H]1C[C@@H]1[C@H](NP(=O)(c2ccccc2)c3ccccc3)C4(CC(=C)c5cccc(OC)c5)CC4,CHEMBL1331288,5.60,
CCCC\C=C\C(NC(=O)C(C)(C)C)c1ccccc1,CHEMBL1369062,4.60,
CCCC\C=C\C(NC(=O)c1ccc(cc1)C(F)(F)F)c2ccccc2,CHEMBL1373151,5.00,
CCCC\C=C\C(NC(=O)c1ccccc1)c2ccccc2,CHEMBL1566556,4.80,
CCCC\C=C\C(NC(=O)c1occc1)c2ccccc2,CHEMBL1396358,5.30,
CCCC\C=C\C(NC(=O)CCc1ccccc1)c2ccccc2,CHEMBL1451119,5.20,
CCCC1(CC)Cc2c(CN3CCC4(CC3)CCN(CC4)C(=O)c5ccc(N)cn5)cccc2O1,CHEMBL567417,,5.40
CCCC1(NCC2=C(C(=O)C(C)C2=C1)c3ccccc3)C(=O)OC,CHEMBL1488845,5.00,
CCCC1(NCC2=C(C(C)C)C(=O)C(C)C2=C1)C(=O)OC,CHEMBL1451097,4.90,
CCCC1(NCC2=C(C)C(=O)C(C)C2=C1)C(=O)OC,CHEMBL1368340,4.40,
CCCc1[nH]cnc1CNc2cc(Cl)c3ncc(C#N)c(Nc4ccc(F)c(Cl)c4)c3c2,CHEMBL230654,4.80,
CCCC1=CC(=O)Oc2cc(OCC(=O)N3CCc4ccccc34)ccc12,CHEMBL1390792,5.05,
CCCC1=CN(CC(=O)N(CCN(CC)CC)Cc2ccc(cc2)c3ccc(cc3)C(F)(F)F)C(=NC1=O)SCc4ccc(F)cc4,CHEMBL274551,5.30,
CCCC1=Nc2ccccc2C(=O)N1c3ccc(OC)cc3,CHEMBL1573949,4.80,
CCCC1=Nc2ccccc2C(=O)N1c3ccc(OCCCN4CCCC4)cc3,CHEMBL515004,,5.55
CCCc1c(nn(c2ccc(O)cc2)c1c3ccc(O)cc3)c4ccc(O)cc4,CHEMBL441282,5.60,
CCCc1c(O)c(ccc1OCCCCc2nnn[nH]2)C(=O)C,CHEMBL162358,5.60,
CCCc1cc(C(=O)Cc2nc3ccccc3s2)c(O)cc1O,CHEMBL1568413,4.90,
CCCc1cc(ccn1)C(=S)N,CHEMBL1378024,4.40,
CCCc1cc(nc(n1)C#N)c2cc(cc(c2)C(F)(F)F)C(=O)N(C)Cc3ccccc3,CHEMBL1271174,,6.43
CCCc1cc(nc(n1)C#N)c2cc(cc(c2)C(F)(F)F)C(=O)N(C)CCN(C)C,CHEMBL1271070,,6.15
CCCc1cc(O)nc(SCc2cc(Cl)ccc2OC(F)F)n1,CHEMBL1433039,5.95,
CCCc1cc(OC)c2OCOc2c1,CHEMBL1563075,5.10,
CCCc1cc2C3C(CN(C(=O)c4ccccc4)C3(C)C(=O)OC)C(C)c2n1Cc5ccc(OC)cc5,CHEMBL1520442,5.50,
CCCc1cc2C3C(CN(C(=O)c4ccccc4)C3(C)C(=O)OC)C(C)c2n1Cc5occc5,CHEMBL1358266,4.80,
CCCc1cc2C3C(CN(C(=O)c4ccccc4)C3(C)C(=O)OC)C(C)c2n1CCc5ccc(Cl)cc5,CHEMBL1453216,5.30,
CCCc1cc2C3C(CN(C(=O)c4ccccc4)C3(C)C(=O)OC)C(C)c2n1CCO,CHEMBL1323905,5.00,
CCCc1ccc(cc1)C2C3=C(CC(C)(C)CC3=O)N=C4C2=C(O)c5ccccc45,CHEMBL1443898,5.55,
CCCc1cn(c2ccc(F)cc2)c3ccc(Cl)cc13,CHEMBL52348,,4.59
CCCc1n[nH]c2OC(=C(C#N)C(c3ccncc3)c12)N,CHEMBL1352082,4.40,
CCCc1nc(c(C(=O)OCC2=C(C)OC(=O)O2)n1Cc3ccc(cc3)c4ccccc4c5nnn[nH]5)C(C)(C)O,CHEMBL1200692,4.60,
CCCc1nc(Nc2cc(N[C@@H]3CCCC[C@@H]3N)nnc2C(=O)N)ccc1OC,CHEMBL3237574,,5.40
CCCc1nc(Nc2cc(NCCN)nnc2C(=O)N)ccc1OC,CHEMBL3237579,,5.00
CCCc1nc(SCC(=O)NNC(=O)C2CCCCC2)c3ccccc3n1,CHEMBL1385309,5.45,
CCCc1nc2c(C)cc(cc2n1Cc3ccc(cc3)c4ccccc4C(=O)O)c5nc6ccccc6n5C,CHEMBL1017,4.80,
CCCc1nn(C)c2C(=O)NC(=Nc12)c3cc(ccc3OCC)S(=O)(=O)N4CCN(C)CC4,CHEMBL192,5.30,4.00
CCCc1nnc(NC(=O)CN2C(=O)C3C4CC(C=C4)C3C2=O)s1,CHEMBL1715711,4.90,
CCCc1nnc(SCC(=O)N2CCCC(C)C2)n1CC3CCCO3,CHEMBL1742369,5.05,
CCCc1nnc(SCC(=O)N2CCCCC2)n1CC3CCCO3,CHEMBL1537799,4.80,
CCCc1nnc(SCC(=O)N2CCCCC2C)n1CCCOC,CHEMBL1741657,4.80,
CCCC1Oc2ccc(cc2C3(COC(=N3)N)C14COC4)c5cncc(c5)C#CC,CHEMBL3703289,,5.27
CCCCC#Cc1ccccc1CC(=O)Nc2ccccc2,CHEMBL1410367,6.00,
CCCCC#CC1OC(COC(=O)C)C(OC(=O)C)C=C1,CHEMBL1356748,5.60,
CCCCC#CC1OC(COC(=O)OCC)C(Oc2cc(OC)c(OC)c(OC)c2)C=C1,CHEMBL1325197,5.60,
CCCCC#CC1OC(COC(=O)OCC)C(Oc2ccc(cc2)C(=O)OC)C=C1,CHEMBL1600908,5.40,
CCCCC(=C[C@@H](NP(=O)(c1ccccc1)c2ccccc2)c3ccccc3)C,CHEMBL1555208,5.60,
CCCCC(=O)N\N=C(/C)\CC(=O)Nc1cc(Cl)ccc1OC,CHEMBL3208805,5.35,
CCCCC(=O)Nc1cc(OCC)c(NC(=O)c2ccccc2[N+](=O)[O-])cc1OCC,CHEMBL1708647,5.15,
CCCCC(=O)Nc1sc2C(=C(CCc2c1C(=O)OCC)C=O)Cl,CHEMBL1412429,4.80,
CCCCC(=O)NCCc1c(Cc2ccccc2)[nH]c3ccccc13,CHEMBL1327247,6.10,
CCCCC(=O)OC1CCC2C3CCc4cc(O)ccc4C3CC[C@]12C,CHEMBL1397552,4.90,
CCCCC(=O)OCc1cn(nn1)c2ccc(Cl)cc2,CHEMBL1454368,4.40,
CCCCC(C(=O)COc1c(F)c(F)cc(F)c1F)n2cc(nn2)[C@@](C)(NCc3ccc4ncccc4c3)C(C)C,CHEMBL600002,5.42,
CCCCC(C(=O)COc1c(F)c(F)cc(F)c1F)n2cc(nn2)[C@@](C)(NCc3ccc4ncccc4c3)C5CCCC5,CHEMBL592646,6.59,
CCCCC(CC)CNCC(CC)CCCC,CHEMBL1330355,6.80,
CCCCC(CC)COC(=O)c1ccc(cc1)N(C)C,CHEMBL1323699,4.60,
CCCCC(CC)COC(=O)c1ccccc1C(=O)OCC(CC)CCCC,CHEMBL1242017,4.80,
CCCCC[C@@H](Cc1ccc(cc1)C(=O)NCCC(=O)O)C(=O)c2cc3cc(Cl)ccc3n2c4cccc(c4)C(F)(F)F,CHEMBL1922933,,5.43
CCCCC[C@H](O)c1cccc(OCc2ccc3ccccc3n2)c1,CHEMBL18428,4.90,
CCCCC[C@H](O)CC(=O)CCc1ccc(OC)c(O)c1,CHEMBL471072,4.44,
CCCCC\C=C/C[C@H](O)\C=C/c1cccc(C[C@H](O)CCCCO)n1,CHEMBL1603665,5.20,
CCCCC\C=C/C\C=C/CCCCCCCC(=O)O,CHEMBL267476,4.50,
CCCCC\N=C\1/C=CN(Cc2ccccc2)c3ccccc13,CHEMBL281622,4.80,
CCCCC1(C)NC(=O)c2c(C)sc(C(=O)OCC)c2N1,CHEMBL1390245,4.75,
CCCCC1(C)Nc2ccccc2c3nc4ccccc4n13,CHEMBL1583076,5.15,
CCCCC1(C)OC(=O)C(=Cc2ccc(cc2)N(C)C)C(=O)O1,CHEMBL1417125,6.00,
CCCCC1(C)OC(=O)C(=Cc2ccc(cc2)N(CC)CC)C(=O)O1,CHEMBL1413137,6.90,
CCCCC1(CCCC)C(=O)NC(=NC1=O)Nc2cccc(C)c2,CHEMBL1544694,4.90,
CCCCC1=C(O)C=C(N(C1=O)c2ccc(Cl)cc2)c3cccnc3,CHEMBL1398580,5.20,
CCCCC1=Nc2ccccc2C(=O)N1c3ccccc3[N+](=O)[O-],CHEMBL1724190,4.80,
CCCCC1C(=O)N(N(C1=O)c2ccccc2)c3ccccc3,CHEMBL101,4.90,
CCCCc1ccc(\N=C\NO)c(C)c1,CHEMBL267865,4.15,
CCCCc1ccc(cc1)c2csc(n2)\C(=C\c3oc(C)cc3)\C#N,CHEMBL1354231,4.90,
CCCCc1ccc(cc1)c2nc(NC(=O)C3C4CCC(O4)C3C(=O)O)sc2C,CHEMBL1309858,4.85,
CCCCc1ccc(cc1)S(=O)(=O)Nc2ccc3CCN(C)CCc3c2,CHEMBL231334,4.92,
CCCCc1ccc(cc1)S(=O)(=O)Nc2ccc3CCN(Cc4cc[nH]n4)CCc3c2,CHEMBL1080046,5.72,5.60
CCCCc1cccc(c1)[C@@]2(NCC(=O)N(Cc3c(F)cc(F)cc3F)c4ccccc24)[C@H](Oc5nc(C)cc(C)n5)C(=O)O,CHEMBL330354,5.30,
CCCCc1ccccc1\N=C\NO,CHEMBL100917,4.29,
CCCCC1CN2C(CCC(C)C2c3ccc(Br)cc3)C(=O)O1,CHEMBL1331284,5.40,
CCCCc1nc2CCN(CCC(C)C)Cc2c3COC(C)Cc13,CHEMBL1512025,5.40,
CCCCc1nc2CCN(CCOc3ccccc3)Cc2c4COC(C)Cc14,CHEMBL1554278,5.50,
CCCCc1oc2ccccc2c1C(=O)c3cc(I)c(OCCN(CC)CC)c(I)c3,CHEMBL633,5.20,5.00
CCCCC1S\C(=N\N=C\c2ccc(OC)cc2)\N(Cc3ccc(OC)cc3)C1=O,CHEMBL3208933,5.50,
CCCCCC(=O)Cc1cc(O)cc(O)c1C(=O)Oc2cc(CC(=O)CCCCC)c(C(=O)O)c(OC)c2,CHEMBL1332204,4.80,
CCCCCC(=O)N1CC2(C[C@@H]1C(=O)N)CC(=NO2)c3cccc(NC(=O)c4ccccc4)c3,CHEMBL1347738,4.80,
CCCCCC(=O)N1CCCC(C1)c2onc(n2)c3ccc(OC)cc3,CHEMBL1479131,5.15,
CCCCCC(=O)O[C@]1(CCC2C3CCC4=CC(=O)CC[C@@]4(C)C3CC[C@@]12C)C(=O)C,CHEMBL1524760,5.00,
CCCCCC[C@@H]1[C@@H](OC(=O)CC(C)C)[C@H](C)OC(=O)[C@@H](NC(=O)c2cccc(NC=O)c2O)[C@@H](C)OC1=O,CHEMBL211501,5.20,
CCCCCC[C@@H]1[C@H](OC(=O)CC(C)C)[C@H](C)OC(=O)[C@@H](NC(=O)c2cccc(NC=O)c2O)[C@@H](C)OC1=O,CHEMBL1433958,5.30,
CCCCCC1=C2CNC(C)(C=C2C(C)C1=O)C(=O)OC,CHEMBL1324697,4.90,
CCCCCC1=C2CNC(Cc3ccccc3)(C=C2C(C)C1=O)C(=O)OC,CHEMBL1358462,4.80,
CCCCCc1c2Oc3cc(OC)cc(C(=O)CCCC)c3C(=O)Oc2cc(O)c1C(=O)O,CHEMBL551842,4.60,
CCCCCC1CC1C(=O)N\N=C\c2ccc(cc2)N(C)C,CHEMBL3214365,5.45,
CCCCCCC#Cc1cc(OC)c(OC)cc1C(N2CC(C)c3ccccc23)N4CC(C)c5ccccc45,CHEMBL1608410,5.50,
CCCCCCC#Cc1cccc(C#CCCCCCC)[n+]1C,CHEMBL2325207,,5.70
CCCCCCC#CC1OC(COC(=O)C)C(OC(=O)C)C=C1,CHEMBL1476267,5.40,
CCCCCCC(=O)Cc1cc(OC)c(OC)cc1\C=C(\C(=O)C)/C(=O)OC,CHEMBL1529205,5.40,
CCCCCCC(=O)Cc1cc(OC)c(OC)cc1C=C(C(=O)OCC)C(=O)OCC,CHEMBL1406971,5.50,
CCCCCCC(C)(C)c1ccc([C@@H]2C[C@H](O)CC[C@@H]2CCCO)c(O)c1,CHEMBL1493908,5.30,
CCCCCCC[N+](CC)(CC)CC#Cc1ccc(Cl)cc1,CHEMBL3140084,,8.75
CCCCCCC\C=C\C(O)C(=C)C,CHEMBL1590590,5.40,
CCCCCCC1=Cc2cc(OC)c(OC)cc2C(CC(=O)\C=C\OC)O1,CHEMBL1597873,5.30,
CCCCCCC1=Cc2cc(OC)c(OC)cc2C(O1)C3(CCCC3=O)C(=O)OCC,CHEMBL1522015,5.50,
CCCCCCC1CC(C)(OC1=O)\C(=N\NC(=O)N)\C,CHEMBL3208837,4.75,
CCCCCCC1Cc2cc(OC)c(OC)cc2C(O1)C(C(=O)OCC)C(=O)OCC,CHEMBL1554844,5.50,
CCCCCCc1ccc(O)cc1O,CHEMBL443605,5.90,
CCCCCCc1ccc(O)cc1O.Nc2c3ccccc3nc4ccccc24,CHEMBL1201038,5.30,
CCCCCCc1nc2cc(\C=C\C(=O)NO)ccc2n1CCN(C)C,CHEMBL1830424,6.48,
CCCCCCCC#Cc1ccccc1\C=N\[S+]([O-])C(C)(C)C,CHEMBL1571634,5.50,
CCCCCCCC#Cc1ccccc1C(NC(=O)OC)C(C(=O)OC)C(=O)OC,CHEMBL1554590,5.50,
CCCCCCCC(=O)Nc1ccc(cc1)c2cn(C)c3c(CN4C[C@H]5N([C@@H](Cc6ccc(O)cc6)C4=O)C(=O)CN(CC=C)N5C(=O)NCc7ccccc7)cccc23,CHEMBL3699341,4.66,
CCCCCCCC(=O)O[C@@H]1[C@H](OC(=O)\C(=C\C)\C)C(=C2[C@@H]3OC(=O)[C@](C)(O)[C@@]3(O)[C@@H](C[C@](C)(OC(=O)C)[C@@H]12)OC(=O)CCC)C,CHEMBL1355952,5.40,
CCCCCCCC\C=C/CCCCCCCC(=O)N(CCO)CCO,CHEMBL15712,4.90,
CCCCCCCC\C=C/CCCCCCCC(=O)N[C@@H](CO)Cc1ccc(O)cc1,CHEMBL1316265,5.00,
CCCCCCCC1=CC2=CC(=O)C(C)(OC(=O)C)C(=O)C2=CN1CCc3ccccc3,CHEMBL1322976,5.40,
CCCCCCCC1O[C@H](CC\C(=C\COc2c3C=CC(=O)Oc3cc4occc24)\C)C(C)(C)O1,CHEMBL1078189,6.89,
CCCCCCCCC(=O)NCc1ccc(CC(O)CO)c(OC)c1,CHEMBL1671885,,7.00
CCCCCCCCC(=O)NCc1ccc(O)c(OC)c1,CHEMBL75124,4.60,
CCCCCCCCc1cccc(CCCCCCCC)[n+]1C,CHEMBL2325208,,7.82
CCCCCCCCCc1cccc(CCCCCCCCC)[n+]1C.[O-]S(=O)(=O)C(F)(F)F,CHEMBL3590465,,8.47
CCCCCCCCCCC\C=C/C(C)(C)\C=C/CCCC(=O)O,CHEMBL1323529,4.40,
CCCCCCCCCCc1cccc(CCCCCCCCCC)[n+]1C.[O-]S(=O)(=O)C(F)(F)F,CHEMBL3590466,,7.77
CCCCCCCCCCCCc1cccc(CCCCCCCCCCCC)[n+]1C.[O-]S(=O)(=O)C(F)(F)F,CHEMBL3590467,,6.97
CCCCCCCCCCCCCC(=O)O[C@H]1[C@@H](C)[C@@]2(O)[C@@H](C=C(CO)C[C@@]3(O)[C@H]2C=C(C)C3=O)[C@H]4C(C)(C)[C@@]14OC(=O)C,CHEMBL2373633,4.60,
CCCCCCCCCCCCCCCC(=O)O[C@H](CC(=O)[O-])C[N+](C)(C)C,CHEMBL3392050,4.40,
CCCCCCCCCCCCCCCCCC(=O)NC[C@@H](COP(=O)([O-])OCC[N+](C)(C)C)OCC,CHEMBL1517187,4.50,
CCCCCCCCCOc1ccc2[nH]cc(CCN)c2c1,CHEMBL97450,4.40,
CCCCCCCCN[C@@H](C)[C@H](O)c1ccc(SC(C)C)cc1,CHEMBL1520837,5.00,
CCCCCCCCN1C(=O)N(C)C(N(O)C(=O)NC)C1(C)C,CHEMBL1544773,5.20,
CCCCCCCCSc1oc(CSc2nc3nc(C)cc(C)n3n2)nn1,CHEMBL478501,4.45,
CCCCCCCN(CC)C\C=C\Cc1ccccc1,CHEMBL3093953,,6.75
CCCCCCCN(CC)C\C=C\CCc1ccc(Cl)cc1,CHEMBL3093955,,6.62
CCCCCCCN(CC)CC#CC(c1ccccc1)c2ccccc2,CHEMBL3093972,,6.62
CCCCCCCN(CC)CC#Cc1ccc(C)cc1,CHEMBL3590459,,5.48
CCCCCCCN(CC)CC#CCc1ccc(C)cc1,CHEMBL3093971,,5.29
CCCCCCCN(CC)CC#CCc1ccc(Cl)cc1,CHEMBL3093969,,6.06
CCCCCCCN(CC)CC#CCc1ccccc1,CHEMBL3093967,,5.45
CCCCCCCN(CC)CC#CCCc1ccc(C)cc1,CHEMBL3093978,,5.72
CCCCCCCN(CC)CC#CCCc1ccc(Cl)cc1,CHEMBL3093976,,6.12
CCCCCCCN(CC)CC#CCOc1ccc(Cl)cc1,CHEMBL3093982,,5.61
CCCCCCCN(CC)CC#CCOCc1ccc(Cl)cc1,CHEMBL3093950,,6.08
CCCCCCCN(CC)CCCC(O)c1ccc(NS(=O)(=O)C)cc1,CHEMBL533,,7.70
CCCCCCCN(CC)CCCCc1ccc(Cl)cc1,CHEMBL3093959,,7.37
CCCCCCCN(CC)CCCCc1ccccc1,CHEMBL3093958,,6.30
CCCCCCCN(CC)CCCCCc1ccc(Cl)cc1,CHEMBL3093961,,6.91
CCCCCCCNS(=O)(=O)c1cccc2c(Cl)cccc12,CHEMBL1397913,5.10,
CCCCCCCSc1nc2cc(OC)ccc2[nH]1,CHEMBL2018908,4.80,
CCCCCCN(C(C(=O)NCCCC)c1ccc(OCC(=O)O)c(c1)C(=O)O)C(=O)CCCCCN2C(=O)NC(C(=C2C)C(=O)OCc3ccccc3)c4ccc(cc4)c5ccccc5,CHEMBL260316,4.80,
CCCCCCN(C(C(=O)NCCCC)c1ccc(OCC(=O)OC)c(c1)C(=O)OC)C(=O)CCCCCN2C(=C(C(NC2=O)c3ccc(cc3)C(C)(C)C)C(=O)OCc4ccccc4)C,CHEMBL407864,5.90,
CCCCCCN(C(C(=O)NCCCC)c1ccc(OCC(=O)OC)c(c1)C(=O)OC)C(=O)CCCCCN2C(=C(C(NC2=O)C3CCCCC3)C(=O)OCc4ccccc4)C,CHEMBL437450,5.50,
CCCCCCN(C(C(=O)NCCCC)c1ccc(OCC(=O)OC)c(c1)C(=O)OC)C(=O)CCCCCN2C(=O)NC(C(=C2C)C(=O)OCc3ccccc3)c4ccc(cc4)C5CCCCC5,CHEMBL406376,5.70,
CCCCCCN(C(C(=O)NCCCC)c1ccc(OCC(=O)OC)c(c1)C(=O)OC)C(=O)CCCCCN2C(=O)NC(C(=C2C)C(=O)OCc3ccccc3)c4ccc5ccccc5c4,CHEMBL258942,5.60,
CCCCCCN(C(C(=O)NCCCC)c1ccc(OCC(=O)OC)c(c1)C(=O)OC)C(=O)CCCCCN2C(=O)NC(C(=C2C)C(=O)OCc3ccccc3)c4cccc(c4)[N+](=O)[O-],CHEMBL406255,5.50,
CCCCCCN(C(C(=O)NCCCC)c1ccc(OCC(=O)OC)cc1)C(=O)CCCCCN2C(=O)NC(C(=C2C)C(=O)OCc3ccccc3)c4ccc(cc4)c5ccccc5,CHEMBL406120,5.00,
CCCCCCN(C(C(=O)NCCCC)c1cccc(c1)C(=O)OC)C(=O)CCCCCN2C(=O)NC(C(=C2C)C(=O)OCc3ccccc3)c4ccc(cc4)c5ccccc5,CHEMBL259807,5.60,
CCCCCCN(C(C)C(=O)NCCCC)C(=O)CCCCCN1C(=O)NC(C(=C1C)C(=O)OCc2ccccc2)c3ccc(cc3)c4ccccc4,CHEMBL258485,5.50,
CCCCCCN(CCCCCC)C(=O)Cc1c([nH]c2ccccc12)c3ccc(F)cc3,CHEMBL63154,5.60,
CCCCCCN1C=CC(=C\C=C(/C#N)\C(=O)OCC)C=C1,CHEMBL1360980,4.80,
CCCCCCOC(=O)C(C#N)c1nc2ccccc2nc1N3CCN(CC)CC3,CHEMBL1459485,4.55,
CCCCCCOc1ccccc1C(=O)N,CHEMBL1405973,4.60,
CCCCCN1C(=O)c2ccc(cc2N=C1SCc3ccncc3)C(=O)NCc4occc4,CHEMBL1407848,6.10,
CCCCCS(=O)(=O)CCCCCCCCCCn1c(c(C)c2cc(O)ccc12)c3ccc(O)cc3,CHEMBL184074,6.20,
CCCCCSc1nc2cc(OC)ccc2[nH]1,CHEMBL2018904,4.58,
CCCCN([C@H]1CCNC1)S(=O)(=O)c2ccc3ccccc3c2,CHEMBL513367,,6.39
CCCCN(CC)C(=O)Cc1ccccc1OC,CHEMBL1585650,4.80,
CCCCN(CC)C\C=C\Cc1ccc(Cl)cc1,CHEMBL3093985,,5.95
CCCCN(CC)C\C=C\CCc1ccc(Cl)cc1,CHEMBL3093954,,5.73
CCCCN(CC)c1c(cc(cc1[N+](=O)[O-])C(F)(F)F)[N+](=O)[O-],CHEMBL1256668,4.80,
CCCCN(CC)CC#CC#Cc1ccc(Cl)cc1,CHEMBL3093979,,5.00
CCCCN(CC)CC#CCc1ccc(Cl)cc1,CHEMBL3093968,,5.58
CCCCN(CC)CC#CCCc1ccc(C)cc1,CHEMBL3093977,,5.25
CCCCN(CC)CC#CCCc1ccc(Cl)cc1,CHEMBL3093975,,5.22
CCCCN(CC)CC#CCOCc1ccc(Cl)cc1,CHEMBL3093951,,5.13
CCCCN(CC)CCCCCc1ccc(Cl)cc1,CHEMBL3093960,,5.60
CCCCN(CC)S(=O)(=O)N1CCC(CC1)C(=O)NCCCN2CCOCC2,CHEMBL1440290,4.95,
CCCCN(Cc1cncn1Cc2ccc(cc2)C#N)[C@H]3CCN(Cc4ccccc4)C3=O,CHEMBL100415,,6.72
CCCCN(CCCC)CC(O)c1cc(Cl)cc2\C(=C\c3ccc(Cl)cc3)\c4cc(Cl)ccc4c12,CHEMBL422330,,5.09
CCCCN(CCCC)CCC(O)c1cc2c(Cl)cc(Cl)cc2c3cc(ccc13)C(F)(F)F,CHEMBL1107,,5.13
CCCCN(CCCC)CCCOC(=O)c1ccc(N)cc1,CHEMBL129529,4.40,
CCCCN1C(=O)c2cc(ccc2N=C1SCC(=O)N)N3CCOCC3,CHEMBL1398762,5.00,
CCCCN1C(=O)NC(=O)\C(=C(\CC)/Nc2ccc(OC)cc2OC)\C1=O,CHEMBL1423348,5.10,
CCCCN1C(=O)NC(=O)\C(=C/NCCN2CCCCC2)\C1=O,CHEMBL1598318,4.70,
CCCCN1C(=S)NC(=O)C(C2N(Cc3ccccc3)C(=O)c4ccccc24)C1=O,CHEMBL1351886,5.60,
CCCCn1c(NCc2ccccc2NS(=O)(=O)c3ccc(C)cc3)nc4ccccc14,CHEMBL1333742,5.45,
CCCCn1c(SCC(=O)N2CCCC2)nc3N(C)C(=O)N(C)C(=O)c13,CHEMBL1733458,4.75,
CCCCN1C2=C(C(=O)CC(C)(C)C2)C(NC(=O)c3cccnc3)(C1=O)C(F)(F)F,CHEMBL1741467,5.10,
CCCCN1CCC(COC(=O)c2cc(Cl)c(N)c3OCCOc23)CC1,CHEMBL68131,5.50,
CCCCN1CCC[C@@H]1CN2N=C(Cc3ccc(Cl)cc3)c4cccnc4C2=O,CHEMBL2146807,,7.10
CCCCN1CCC[C@@H]1CNC(=O)c2cc(C#N)c3ccccc3c2OC,CHEMBL1443376,5.10,
CCCCN1CCCC[C@H]1C(=O)Nc2c(C)cccc2C,CHEMBL1201193,5.00,4.68
CCCCn1nc2cc(ccc2c1OCC)C(=O)NCc3ccc(cc3C(F)(F)F)C(F)(F)F,CHEMBL1459301,4.90,
CCCCn1nc2cc(ccc2c1OCC)C(=O)NCCCCc3ccccc3,CHEMBL1542526,5.20,
CCCCn1nnnc1SCC(=O)c2cc(Cl)ccc2OC,CHEMBL1360026,4.85,
CCCCNC(=O)C(CC)SC1=Nc2sc(C(=O)OC)c(C)c2C(=O)N1N,CHEMBL1352774,5.35,
CCCCNC(=O)C(N(CCC1=CCCCC1)C(=O)CCCCCN2C(=O)NC(C(=C2C)C(=O)OCc3ccccc3)c4ccc(cc4)c5ccccc5)c6ccc(OCC(=O)OC)c(c6)C(=O)OC,CHEMBL428130,5.60,
CCCCNC(=O)C(N(CCc1ccccc1)C(=O)CCCCCN2C(=O)NC(C(=C2C)C(=O)OCc3ccccc3)c4ccc(cc4)c5ccccc5)c6ccc(OCC(=O)OC)c(c6)C(=O)OC,CHEMBL258512,5.30,
CCCCNC(=O)C1C2OC3(CN(Cc4ccccc4Cl)C(=O)C13)C=C2,CHEMBL1741986,5.40,
CCCCNC(=O)c1ccc(OC)c(CSc2nc3cc(F)ccc3n2CC(=O)O)c1,CHEMBL2048199,5.16,
CCCCNC(=O)C1N(CC(C)c2ccc(Cl)cc2)C(=O)c3ccccc13,CHEMBL3785486,,4.50
CCCCNC(=O)CCN1C(=S)Nc2cc3OCOc3cc2C1=O,CHEMBL1461327,5.40,
CCCCNc1c(CN)cnc2cc(Cl)ccc12,CHEMBL187216,5.50,
CCCCNc1nc(C)nc2c1nc(c3ccccc3)n2C(C)CCCN(CC)CC,CHEMBL1593335,5.00,
CCCCNc1nc(C)nc2c1nc(c3ccccc3)n2CC(C)(C)CN(C)C,CHEMBL1552970,5.00,
CCCCNc1nc(C)nc2c1nc(c3ccccc3)n2CC4CCCN4CC,CHEMBL1473073,5.40,
CCCCNc1nc(C)nc2c1nc(c3ccccc3)n2CC4CCN(C)CC4,CHEMBL1417648,4.80,
CCCCNc1nc(C)nc2c1nc(c3ccccc3)n2CCN4CCCC4,CHEMBL1455965,4.90,
CCCCNc1nc(C)nc2c1nc(c3ccccc3)n2CCN4CCCCC4,CHEMBL1475142,5.50,
CCCCNc1nc(c2ccccc2)c(cc1C#N)C(=O)OCC,CHEMBL1587109,4.55,
CCCCNc1nc(SC)nc2[nH]cnc12,CHEMBL1493039,5.50,
CCCCNc1nccc2[nH]c3ccccc3c12,CHEMBL497171,7.00,5.80
CCCCNCCOCCOc1ccc(C)cc1[N+](=O)[O-].OC(=O)C(=O)O,CHEMBL1367733,4.85,
CCCCNCCOCCSc1ccc(Cl)cc1.OC(=O)C(=O)O,CHEMBL1371898,4.85,
CCCCNS(=O)(=O)c1ccc(OC)c(Cl)c1Cl,CHEMBL1529076,4.95,
CCCCOC(=O)c1cc2c(c[nH]1)nc3ccccc23,CHEMBL148296,4.60,
CCCCOC(=O)c1ccc(N)cc1,CHEMBL127516,4.80,
CCCCOC(=O)c1ccccc1C(=O)OCc2ccccc2,CHEMBL1450327,5.00,
CCCCOC(=O)NS(=O)(=O)c1sc(CC(C)C)cc1c2ccc(Cn3c(CC)nc4c(C)cc(C)nc34)cc2,CHEMBL288174,5.50,
CCCCOc1cc(C[C@@H]2CNC(=O)N2)ccc1OC,CHEMBL1229585,4.80,
CCCCOc1ccc(\C=C\C(=O)NCCc2nc3ccccc3[nH]2)cc1,CHEMBL1544437,4.90,
CCCCOc1ccc(cc1)C(=O)N\C(=C/c2ccc(OC)cc2)\C(=O)OCc3occc3,CHEMBL1565437,5.40,
CCCCOc1ccc(cc1)c2c[nH]cn2,CHEMBL151170,6.05,
CCCCOc1ccc(cc1)c2cc[nH]n2,CHEMBL149750,4.15,
CCCCOc1ccc(cc1)c2cccnc2,CHEMBL151646,4.53,
CCCCOc1ccc(cc1)c2ncc[nH]2,CHEMBL150999,4.35,
CCCCOc1ccc(cc1)n2cnc(C)c2,CHEMBL151207,5.04,
CCCCOc1ccc(cc1)n2cncc2C,CHEMBL358880,6.94,
CCCCOc1ccc(cc1)S(=O)(=O)NCCc2c[nH]c3ccccc23,CHEMBL2440392,,5.50
CCCCOc1ccc(CNN2C(=Nc3ccccc3C2=O)C)cc1,CHEMBL1556027,5.80,
CCCCOc1ccccc1C2CC(=O)NC3=C2C(=O)CCC3,CHEMBL1602083,4.80,
CCCCOCCOCCOCc1cc2OCOc2cc1CCC,CHEMBL1201131,6.30,
CCCCOCCOP(=O)(OCCOCCCC)OCCOCCCC,CHEMBL1534811,4.60,
CCCCSc1nc(C)cc(C)c1S(=O)(=O)c2ccccc2C,CHEMBL1580710,4.55,
CCCN(C)CCC1=C(Cc2cnccn2)c3ccccc3C1,CHEMBL1669406,5.39,
CCCN(C1CCNCC1)C(=O)c2ccc3ccccc3c2,CHEMBL565638,,4.90
CCCN(c1nc(C)cc(OC)n1)S(=O)(=O)c2ccccc2,CHEMBL1306876,4.80,
CCCN(CC)CC#Cc1ccc(C)cc1,CHEMBL3590460,,5.92
CCCN(CCC)C(=O)Cc1c(nc2c(Cl)cc(Cl)cn12)c3ccc(Cl)cc3,CHEMBL432608,6.10,
CCCN(CCC)C(=O)CSC1=Nc2ccccc2C(=O)N1CC3COc4ccccc4O3,CHEMBL1310543,5.15,
CCCN(CCC)C(=S)NC(=O)c1ccc(Cl)cc1Cl,CHEMBL1577056,4.85,
CCCN(CCC)C[C@@H]1CCCCN1CCNC(=O)N2c3ccccc3C(=O)Nc4cccnc24,CHEMBL1318307,4.80,
CCCN(CCC)CCc1ccc(O)c(O)c1,CHEMBL15564,4.40,
CCCN(CCC)CCc1cccc2NC(=O)Cc12,CHEMBL589,6.50,
CCCN(CCC)CCCNC(=O)c1oc2nc3cc(OC)ccc3cc2c1,CHEMBL1460606,4.80,
CCCN(CCc1ccccc1)[C@H]2CCc3c(O)cccc3C2,CHEMBL612083,4.90,
CCCN1[C@@H]2C[C@@H](O)CC[C@@H]2C[C@H]1C(=O)OC,CHEMBL1483392,4.60,
CCCN1[C@H]2C[C@H](O)CC[C@H]2C[C@H]1C(=O)OC,CHEMBL1487381,4.80,
CCCN1C(=C(C(=O)CSc2nc(C)cs2)C(=O)N(C)C1=O)N,CHEMBL1424743,5.20,
CCCN1C(=Nc2c(C1=O)c3nc4ccccc4nc3n2CCC5=CCCCC5)C,CHEMBL1385123,5.50,
CCCN1C(=O)C(NC(=O)C)c2cc(OC)ccc12,CHEMBL1301946,4.65,
CCCN1C(=O)N(CCC)c2[nH]c(nc2C1=O)c3ccccc3,CHEMBL158507,5.60,
CCCN1C(=O)N(CCC)c2ncn(C)c2C1=O,CHEMBL278332,4.70,
CCCN1C(=O)N(CCCOC(=O)c2ccc(cc2)S(=O)(=O)F)c3[nH]c(nc3C1=O)C4CCCC4,CHEMBL327708,5.50,
CCCn1c(C)c(C(=O)c2ccc3ccccc3c2)c4ccccc14,CHEMBL1338358,5.50,
CCCn1c(C)c(cc1c2ccccc2)C(=O)NCCCN3CCN(CC3)c4cccc(Cl)c4Cl,CHEMBL1086756,,6.27
CCCn1c(C)nc2c(NC(C)CCCN(CC)CC)nc(C)nc12,CHEMBL1317946,4.60,
CCCn1c(C)nc2c(nc(C)nc12)N(CCN(C)C)Cc3ccccc3,CHEMBL1438226,4.90,
CCCn1c(C)nc2c(nc(C)nc12)N(CCOC)CCOC,CHEMBL1396917,4.80,
CCCn1c(C)nc2c(nc(C)nc12)N3CCCN(Cc4ccccc4)CC3,CHEMBL1474509,5.10,
CCCn1c(C)nc2c(NC3CCCCC3)nc(C)nc12,CHEMBL1317294,4.90,
CCCn1c(C)nc2c(NC3CCN(Cc4ccccc4)C3)nc(C)nc12,CHEMBL1513562,4.80,
CCCn1c(CC)nc(c1S(=O)(=O)c2ccccc2)[N+](=O)[O-],CHEMBL1574219,4.60,
CCCn1c(nc2c(nc(C)nc12)N3CCC(C3)N(C)C)c4ccc(F)cc4,CHEMBL1333711,4.80,
CCCn1c(nc2c(nc(C)nc12)N3CCCN(Cc4ccccc4)CC3)c5ccc(F)cc5,CHEMBL1321561,5.50,
CCCn1c(nc2c(nc(C)nc12)N3CCN(C)CC3)c4ccc(F)cc4,CHEMBL1434198,4.90,
CCCn1c(nc2c(nc(C)nc12)N3CCN(CCC(=O)OCC)CC3)c4ccc(F)cc4,CHEMBL1487121,4.90,
CCCn1c(nc2c(nc(C)nc12)N3CCN(CCn4ccnc4)CC3)c5ccc(F)cc5,CHEMBL1513614,6.20,
CCCn1c(nc2c(NC3CCN(Cc4ccccc4)CC3)nc(C)nc12)c5ccc(F)cc5,CHEMBL1551068,4.80,
CCCn1c(nc2c(NCC3CCCN3CC)nc(C)nc12)c4ccc(F)cc4,CHEMBL1435252,4.80,
CCCn1c(nc2c(NCCCCN(C)C)nc(C)nc12)c3ccc(F)cc3,CHEMBL1518075,4.60,
CCCn1c(nc2c(NCCCCN(CC)CC)nc(C)nc12)c3ccc(F)cc3,CHEMBL1357148,5.00,
CCCn1c(nc2c(NCCCN3CCOCC3)nc(C)nc12)c4ccc(F)cc4,CHEMBL1472995,5.30,
CCCn1c(nc2c(NCCN(C(C)C)C(C)C)nc(C)nc12)c3ccc(F)cc3,CHEMBL1515555,5.00,
CCCn1c(nc2c(NCCN(CC)CC)nc(C)nc12)c3ccc(F)cc3,CHEMBL1612347,4.80,
CCCn1c(nc2c(NCCN3CCCCC3)nc(C)nc12)c4ccc(F)cc4,CHEMBL1445084,4.80,
CCCn1c(nc2c(NCCN3CCSCC3)nc(C)nc12)c4ccc(F)cc4,CHEMBL1554683,4.70,
CCCN1C[C@@H](CSC)C[C@@H]2[C@@H]1Cc3c[nH]c4cccc2c34.CS(=O)(=O)O,CHEMBL1553768,4.90,
CCCN1C[C@H](C)N(C[C@H]1C)[C@H](c2ccc(cc2)C(=O)N(CC)CC)c3cccc(OC)c3,CHEMBL1435033,5.50,
CCCN1CC(CSC)C[C@@H]2[C@H]1Cc3c[nH]c4cccc2c34.CS(=O)(=O)O,CHEMBL1318657,4.90,
CCCN1CCO[C@H]2[C@H]1COc3ccc(O)cc23,CHEMBL70565,4.90,
CCCN1CCOC2C1COc3ccc(O)cc23,CHEMBL1626274,5.00,
CCCN1CNc2cc(Nc3ccnc4cc(Cl)ccc34)ccc2C1,CHEMBL2181207,,7.66
CCCN1N=C(Oc2nc(NCC)nc(NC(C)C)n2)C=CC1=O,CHEMBL1736877,8.25,
CCCn1nc2cc(ccc2c1OC)C(=O)NCc3ccc(C)cc3,CHEMBL1338884,4.85,
CCCn1nc2cc(ccc2c1OCC)C(=O)NC3CCCc4ccccc34,CHEMBL1468406,4.80,
CCCn1nc2cc(ccc2c1OCC)C(=O)NCCc3ccc(C)cc3,CHEMBL1448803,5.20,
CCCn1nnc(NC(=O)c2oc(cc2)c3cccc(Cl)c3)n1,CHEMBL1426363,4.55,
CCCn1nnnc1NC(=O)COc2ccc(Cl)cc2C,CHEMBL1363867,4.85,
CCCNC(=O)CC(NS(=O)(=O)c1ccc(Cl)cc1)c2occc2,CHEMBL1742228,4.65,
CCCNC(=O)N1N=C(c2ccc(N)cc2)c3cc4OCOc4cc3[C@H]1C,CHEMBL1399249,5.90,
CCCNC(=O)OC[C@@H]1O[C@H](CCO\N=C(/C)\CCC(=O)OC[C@@H]2O[C@@H](C=C[C@@H]2Oc3ccc(OC)cc3)c4ccccc4)C=C[C@@H]1Oc5ccc(OC)cc5,CHEMBL1316213,5.30,
CCCNC(=O)OC[C@@H]1O[C@H](CCO\N=C/[C@@H](C)[C@H](OCc2ccccc2)C(C)C)C=C[C@@H]1Oc3ccc(OC)cc3,CHEMBL1483801,5.40,
CCCNC(=O)OC[C@@H]1O[C@H](CCO\N=C/[C@@H](OC)[C@H](C)\C=C/CC(=O)OC)C=C[C@@H]1Oc2ccc(OC)cc2,CHEMBL1397799,5.50,
CCCNC(=O)OC[C@H]1O[C@@H](CCO\N=C/2\C[C@@H](O)[C@@H](O)[C@H]3[C@H]2CC[C@H]4[C@H]3C(=O)N(CC)C4=O)C=C[C@@H]1Oc5ccc(OC)cc5,CHEMBL1317214,5.50,
CCCNC(=O)OC[C@H]1O[C@@H](CCO\N=C\2/[C@@H]3CCN4N([C@H]3[C@H](O)[C@H]5O[C@H]25)C(=O)N(C4=O)c6ccccc6)C=C[C@@H]1Oc7ccc(OC)cc7,CHEMBL2373584,5.50,
CCCNCc1ccc(CCN2C=CC(=CC2=O)OCc3ccc(F)cc3)nc1,CHEMBL565833,,5.29
CCCNS(=O)(=O)c1cc(C(=O)N2CCC(CCN3C4CCC3CC(C4)n5c(C)nc6ccccc56)(CC2)c7cccc(F)c7)c(Cl)cc1F,CHEMBL1784520,,5.05
CCCNS(=O)(=O)c1ccc(cc1)c2ccc(CCN3CCC[C@H]3C)cc2,CHEMBL1823051,,5.85
CCCOC(=O)c1c(C)c(sc1NC(=O)\C=C\c2cnn(C)c2C)C(=O)OCC,CHEMBL1566217,4.80,
CCCOc1ccc(\C=C\C(=O)Nc2ccc(cc2C)[N+](=O)[O-])cc1OC,CHEMBL1441353,5.55,
CCCOc1ccc(Br)cc1c2cc([nH]c2c3ccncc3)c4ccc(Cl)cc4,CHEMBL351772,5.90,
CCCOc1ccc(cc1N)C(=O)OCCN(CC)CC,CHEMBL1196,5.90,
CCCOc1ccc(cc1OC)C2N(C3CC3)C(=O)CN(C4CCCCC4)C2=O,CHEMBL1300546,4.75,
CCCOc1ccc2[nH]cc(C3=CCNCC3)c2n1,CHEMBL1570196,5.60,
CCCOc1ccc2OC(=O)C3=C(CCCN3C(=O)CN4CCCC(C4)C(=O)OCC)c2c1,CHEMBL1546137,5.05,
CCCOc1cccc(c1)n2cc3N=C(N(C[C@H]4CCCN(C[C@H]5CCCO5)C4)C(=O)c3n2)c6cccnc6C,CHEMBL3218913,,5.14
CCCOc1ccccc1C2CC(=O)NC(=C2C(=O)OCC(C)C)C,CHEMBL1451950,4.55,
CCCOc1sc(C(=O)N2[C@H]3CC[C@H]2CC(C3)c4cc(CN)ccc4F)c(C)c1Br,CHEMBL1951454,5.28,
CCCOCCN1C(=O)C(=Nc2cnc(cc12)c3ccc(OC)nc3)N4CCN(CCO)CC4,CHEMBL591501,,5.75
CCCOCCN1C(=O)C(=Nc2cnc(cc12)c3ccc(OC)nc3)NCCNCCO,CHEMBL567252,,5.35
CCCS(=O)(=O)c1ccc2[nH]c(nc2c1)c3ccc(cc3)c4ccccc4,CHEMBL2070141,5.54,
CCCS(=O)(=O)c1ccc2[nH]c(nc2c1)c3cccc(c3)C(F)(F)F,CHEMBL2070142,4.70,
CCCS(=O)(=O)c1ccc2[nH]c(nc2c1)c3cccc(c3)c4ccccc4,CHEMBL2070140,5.22,
CCCS(=O)(=O)n1c2CCN(Cc2c3cc(ccc13)C(=O)N4CCC(C)CC4)C5CCOC5,CHEMBL1950487,,4.89
CCCS(=O)(=O)n1c2CCN(Cc2c3cc(ccc13)C(=O)N4CCC(C)CC4)C5CCOCC5,CHEMBL1950346,,5.70
CCCS(=O)(=O)N1CCCC(C1)C(=O)N2CCN(CC2)c3ccccc3,CHEMBL1524497,4.85,
CCCSC1=C(C#N)C(C(=C(N1)c2ccccc2)C(=O)OCC)c3cccnc3,CHEMBL1361427,4.95,
CCCSc1nc(NCc2occc2)c3c4CC(C)(C)OCc4sc3n1,CHEMBL1501148,4.80,
CCCSc1nc(SCC(=O)NCc2ccccc2)c3c4CC(C)(CC)OCc4sc3n1,CHEMBL1506736,5.15,
CCCSc1nc2cc(OC)ccc2[nH]1,CHEMBL2018905,4.57,
CCCSc1nnc2N(N)C(=O)c3ccccc3n12,CHEMBL1741610,4.55,
CCN([C@H]1CCNC1)C(=O)c2ccccc2Oc3ccccc3,CHEMBL563117,,5.30
CCN(C(=O)\C=C/C)c1ccccc1C,CHEMBL1445323,5.10,
CCN(C(=O)\C=C\C)c1ccccc1C,CHEMBL1200709,4.90,
CCN(C(=O)c1cnc(N2CCN(CC2)c3ncccn3)c4ccccc14)c5cccc(Cl)c5,CHEMBL1400275,5.20,
CCN(C(=O)CN1C(=O)Oc2ccccc12)c3cccc(c3)C(F)(F)F,CHEMBL1741421,5.15,
CCN(C)C(=O)c1ccc(cc1)[C@@H](N2CCN(Cc3ccccn3)CC2)c4cccnc4,CHEMBL1939753,,4.89
CCN(C)c1cc(cc(COCC2(CCN(C)CC2)c3ccc(F)cc3)n1)C(F)(F)F,CHEMBL2333621,,5.22
CCN(C)c1oc2cc(ccc2n1)C(=O)N(C[C@@H](O)[C@H](Cc3ccccc3)NC(=O)OCc4cncs4)CC5CCCCC5,CHEMBL2057523,7.59,
CCN(C)c1oc2cc(ccc2n1)C(=O)N(CC(C)C)C[C@@H](O)[C@H](Cc3ccccc3)NC(=O)OCc4ccc5OCOc5c4,CHEMBL2058903,7.36,
CCN(C)c1oc2cc(ccc2n1)C(=O)N(CC(C)C)C[C@H](O)[C@H](Cc3cccnc3)NC(=O)OCc4cncs4,CHEMBL2057794,7.16,
CCN(C)c1oc2cc(ccc2n1)C(=O)N(CCN(C)C)C[C@@H](O)[C@H](Cc3ccccc3)NC(=O)OCc4cncs4,CHEMBL2058908,6.39,
CCN(C)c1oc2cc(ccc2n1)C(=O)N(CCN3CCCC3)C[C@@H](O)[C@H](Cc4ccccc4)NC(=O)OCc5cncs5,CHEMBL2059121,6.85,
CCN(C[C@@H](C)NC(=O)OCc1cncs1)C[C@@H](C)NC(=O)OCc2nccs2,CHEMBL1080418,5.88,
CCN(C[C@@H](O)[C@H](Cc1ccccc1)NC(=O)OCc2cncs2)C(=O)c3ccc4nc(oc4c3)N5CCCC5,CHEMBL2057521,7.22,
CCN(C[C@H](Cc1ccccc1)NC(=O)OCc2cccnc2)C[C@H](Cc3ccccc3)NC(=O)OCc4cccnc4,CHEMBL1078218,5.52,
CCN(C[C@H](Cc1ccccc1)NC(=O)OCc2cccs2)C[C@H](Cc3ccccc3)NC(=O)OCc4cccs4,CHEMBL1080603,6.13,
CCN(C[C@H](Cc1ccccc1)NC(=O)OCc2ocnc2)C[C@H](Cc3ccccc3)NC(=O)OCc4occn4,CHEMBL1081693,6.56,
CCN(C1CCCCC1)S(=O)(=O)c2ccc(cc2)S(=O)(=O)NCc3ccncc3,CHEMBL1608942,5.15,
CCN(c1ccccc1)S(=O)(=O)c2ccc(Cl)c(NC(=O)c3ccc4CNCCc4c3)c2,CHEMBL2448696,5.23,
CCN(c1ccccc1)S(=O)(=O)c2ccc(Cl)c(NC(=O)CNC3CCCN(C)C3)c2.OC=O,CHEMBL2448700,4.79,
CCN(C1CCN(CC[C@H](c2ccc(cc2)S(=O)(=O)C)c3cc(F)cc(F)c3)CC1)C(=O)Cc4ccc(cc4)S(=O)(=O)C,CHEMBL212689,,5.14
CCN(C1CCN(CC[C@H](C2CCN(CC2)S(=O)(=O)C)c3cc(Cl)cc(Cl)c3)CC1)C(=O)Cc4ccc(cc4)S(=O)(=O)C,CHEMBL1952100,,5.19
CCN(C1CCN(CC[C@H](C2CCN(CC2)S(=O)(=O)C)c3cc(F)cc(Cl)c3)CC1)C(=O)Cc4ccc(cc4)S(=O)(=O)C,CHEMBL1951915,,4.85
CCN(C1CCN(CC[C@H](C2CCN(CC2)S(=O)(=O)C)c3cccc(Cl)c3)CC1)C(=O)Cc4ccc(cc4)S(=O)(=O)C,CHEMBL1951917,,5.10
CCN(C1CCN(CC[C@H](C2CCN(CC2)S(=O)(=O)C)c3cccc(F)c3)CC1)C(=O)Cc4ccc(cc4)S(=O)(=O)C,CHEMBL1951912,,4.46
CCN(C1CCN(CC[C@H](C2CCN(CC2)S(=O)(=O)C)c3cccc(OC)c3)CC1)C(=O)Cc4ccc(cc4)S(=O)(=O)C,CHEMBL1951911,,4.50
CCN(C1CCN(CC[C@H](C2CCN(CC2)S(=O)(=O)C)c3ccccc3)CC1)C(=O)Cc4ccc(cc4)S(=O)(=O)C,CHEMBL1951906,,4.60
CCN(C1CCN(CC[C@H](N2CCN(CC2)S(=O)(=O)C(F)(F)F)c3ccccc3)CC1)C(=O)Cc4ccc(cc4)S(=O)(=O)C,CHEMBL1951898,,5.50
CCN(C1CCN(CC[C@H](N2CCN(CC2)S(=O)(=O)CC(F)(F)F)c3ccccc3)CC1)C(=O)Cc4ccc(cc4)S(=O)(=O)C,CHEMBL1951899,,5.24
CCN(C1CCN(CCC(N2CCN(CC2)S(=O)(=O)C)c3ccccc3)CC1)C(=O)Cc4ccc(cc4)S(=O)(=O)C,CHEMBL1951896,,4.60
CCN(C1CCS(=O)(=O)C1)C(=O)CSc2nnc(Cc3cccc4ccccc34)n2N,CHEMBL1502500,5.20,
CCN(CC(CC(=O)OC)NC(=O)OCc1cncs1)CC(CC(=O)OC)NC(=O)OCc2nccs2,CHEMBL1081514,7.06,
CCN(CC(Cc1ccc(O)cc1)NC(=O)OCc2cncs2)CC(Cc3ccc(O)cc3)NC(=O)OCc4nccs4,CHEMBL1078122,7.04,
CCN(CC(CC1CCCCC1)NC(=O)OCc2cncs2)CC(CC3CCCCC3)NC(=O)OCc4nccs4,CHEMBL1081515,7.18,
CCN(CC(COCc1ccccc1)NC(=O)OCc2cncs2)CC(COCc3ccccc3)NC(=O)OCc4nccs4,CHEMBL1078121,6.87,
CCN(CC(O)(CNC(=O)c1cnn(c1N)c2ccc(F)cc2)C(F)(F)F)C(=O)c3ccccc3Cl,CHEMBL517440,5.40,
CCN(CC(O)(CNC(=O)c1cnn(c1N)c2ccc(F)cc2)C(F)(F)F)C(=O)c3ncccc3Cl,CHEMBL520276,5.40,
CCN(CC)[C@H](C)[C@@H](c1ccc2cc(OCC(C)(C)C(=O)O)ccc2c1)n3ccnc3,CHEMBL208155,6.24,
CCN(CC)[C@H](C)[C@@H](c1ccc2cc(OCC3(CCCC3)C(=O)O)ccc2c1)n4ccnc4,CHEMBL205862,6.00,
CCN(CC)C(=O)[C@@H](C)N1Cc2nc(C)c(CN)c(c3ccc(Cl)cc3Cl)c2C1=O,CHEMBL2441848,5.02,
CCN(CC)C(=O)C1=C(C)N=C(S)NC1c2cn(nc2c3ccc(Cl)cc3)c4ccccc4,CHEMBL1348414,5.15,
CCN(CC)C(=O)C1=Cc2cccc(CC=C)c2OC1=O,CHEMBL1533148,4.95,
CCN(CC)C(=O)c1ccc(C2=CC3(CCNCC3)Oc4ccccc24)c(C)c1,CHEMBL562478,,5.37
CCN(CC)C(=O)c1ccc(C2=CC3(CCNCC3)Oc4ccccc24)c(F)c1,CHEMBL559414,,6.38
CCN(CC)C(=O)c1ccc(C2=CC3(CCNCC3)Oc4ccccc24)c(O)c1,CHEMBL561339,,4.25
CCN(CC)C(=O)c1ccc(cc1)[C@@H](N2C[C@@H](C)N(CC=C)C[C@@H]2C)c3cccc(O)c3,CHEMBL25230,4.90,
CCN(CC)C(=O)c1ccc(cc1)[C@@H](N2C[C@@H](C)N(CC=C)C[C@@H]2C)c3ccccc3,CHEMBL153648,5.60,
CCN(CC)C(=O)c1ccc(cc1)[C@@H](N2C[C@@H](C)N(CC=C)C[C@H]2C)c3cccc(OC)c3,CHEMBL1360454,5.70,
CCN(CC)C(=O)c1ccc(cc1)[C@@H](N2CCN(Cc3ccccn3)CC2)c4cccc(NC(=O)C5CC5)c4,CHEMBL1939740,,4.70
CCN(CC)C(=O)c1ccc(cc1)[C@H]2CC3(CCNCC3)Oc4ccccc24,CHEMBL556648,,5.60
CCN(CC)C(=O)c1ccc(cc1)C(=C2CCN(Cc3ccc(F)cc3)CC2)c4ccc(NC(=O)C)cc4,CHEMBL1946021,,5.89
CCN(CC)C(=O)c1ccc(cc1)C(=C2CCN(Cc3ccc(F)cc3)CC2)c4cccnc4,CHEMBL1946017,,5.89
CCN(CC)C(=O)c1ccc(cc1)C(=C2CCN(Cc3cscn3)CC2)c4ccccn4,CHEMBL1946620,,4.80
CCN(CC)C(=O)c1ccc(cc1)C(=C2CCNCC2)c3ccccn3,CHEMBL1946619,,4.48
CCN(CC)C(=O)c1ccc(cc1)C2=CC3(CCCNCC3)Oc4ccccc24,CHEMBL563893,,4.93
CCN(CC)C(=O)c1ccc(cc1)C2=CC3(CCN(C)CC3)Oc4ccccc24,CHEMBL494275,,6.12
CCN(CC)C(=O)c1ccc(cc1)C2=CC3(CCN(CC3)C(=O)C)Oc4ccccc24,CHEMBL494274,,4.32
CCN(CC)C(=O)c1ccc(cc1)C2=CC3(CCNCC3)Oc4c(O)cccc24,CHEMBL523507,,4.74
CCN(CC)C(=O)c1ccc(cc1)C2=CC3(CCNCC3)Oc4ccc(O)cc24,CHEMBL494479,,4.70
CCN(CC)C(=O)c1ccc(cc1)C2=CC3(CCNCC3)Oc4cccc(O)c24,CHEMBL494480,,4.11
CCN(CC)C(=O)c1ccc(cc1C)C2=CC3(CCNCC3)Oc4ccccc24,CHEMBL557257,,5.35
CCN(CC)C(=O)c1ccc(cc1F)C2=CC3(CCNCC3)Oc4ccccc24,CHEMBL562873,,5.42
CCN(CC)C(=O)c1ccc(cc1O)C2=CC3(CCNCC3)Oc4ccccc24,CHEMBL557458,,4.68
CCN(CC)C(=O)c1ccc(s1)C2=CC3(CCNCC3)Oc4ccccc24,CHEMBL550472,,5.90
CCN(CC)C(=O)c1cccc(NC(=O)Nc2ccc(cc2)c3ccnc4[nH]cnc34)c1,CHEMBL1951338,7.33,
CCN(CC)C(=O)CCN1Cc2nc(C)c(CN)c(c3ccc(Cl)cc3Cl)c2C1=O,CHEMBL2441847,5.08,
CCN(CC)C(=O)CN1Cc2nc(C)c(CN)c(c3ccc(Cl)cc3Cl)c2C1=O,CHEMBL2441846,5.18,
CCN(CC)C(=O)CSc1oc(CNc2ccc(F)cc2)nn1,CHEMBL1497592,4.60,
CCN(CC)C(=O)N[C@@H]1C[C@@H]2[C@H](Cc3c[nH]c4cccc2c34)N(C)C1,CHEMBL1433815,5.20,
CCN(CC)C(=O)N[C@H]1C[C@@H]2[C@H](Cc3c[nH]c4cccc2c34)N(C)C1,CHEMBL1315160,5.00,
CCN(CC)C(=O)OC1=C(CC)C2=CC[C@@H]3[C@H]([C@H]2[C@]4(C)N1C(=O)O/C/4=N\CC(=O)OC)C(=O)N(C)C3=O,CHEMBL1317339,4.90,
CCN(CC)C(=O)OC1=C(CC)C2=CC[C@@H]3[C@H]([C@H]2[C@]4(C)N1C(=O)O/C/4=N\CC(=O)OC)C(=O)N(CC)C3=O,CHEMBL1490322,5.20,
CCN(CC)C(=O)OC1=C(CC)C2=CC[C@@H]3[C@H]([C@H]2[C@]4(C)N1C(=O)O/C/4=N\CC5CC5)C(=O)N(C3=O)c6ccccc6,CHEMBL1332235,5.50,
CCN(CC)C(=O)OC1=C(CC)C2=CC[C@@H]3[C@H]([C@H]2[C@]4(C)N1C(=O)O/C/4=N\CC5CC5)C(=O)N(CC(=O)OC)C3=O,CHEMBL1513308,5.10,
CCN(CC)C(=O)OC1=C(CC)C2=CC[C@@H]3[C@H]([C@H]2[C@]4(C)N1C(=O)O/C/4=N\CC5CC5)C(=O)NC3=O,CHEMBL1513944,5.00,
CCN(CC)C(=O)OC1=C(CC)C2=CC[C@@H]3[C@H]([C@H]2[C@]4(C)N1C(=O)O/C/4=N\CCc5c[nH]c6ccccc56)C(=O)N(CC(=O)OC)C3=O,CHEMBL1593523,5.70,
CCN(CC)C(=O)OC1=C(CC)C2=CC[C@@H]3[C@H]([C@H]2[C@]4(C)N1C(=O)O/C/4=N\CCOC)C(=O)N(C)C3=O,CHEMBL1375363,5.00,
CCN(CC)C(=O)OC1=C(CC)C2=CC[C@@H]3[C@H]([C@H]2[C@]4(C)N1C(=O)O/C/4=N\CCOC)C(=O)N(CC)C3=O,CHEMBL1553626,5.10,
CCN(CC)C(=O)OC1=C(CC)C2=CC[C@@H]3[C@H]([C@H]2[C@]4(C)N1C(=O)O/C/4=N\CCOC)C(=O)NC3=O,CHEMBL1398886,5.00,
CCN(CC)C(=O)OC1=C(CC)C2=CC[C@@H]3[C@H]([C@H]2[C@]4(Cc5ccccc5)N1C(=O)O/C/4=N/CC(=O)OC)C(=O)N(C)C3=O,CHEMBL1319237,5.00,
CCN(CC)C(=O)OC1=C(CC)C2=CC[C@@H]3[C@H]([C@H]2[C@]4(Cc5ccccc5)N1C(=O)O/C/4=N/CC(=O)OC)C(=O)N(C3=O)c6ccccc6,CHEMBL1448591,5.50,
CCN(CC)C(=O)OC1=C(CC)C2=CC[C@@H]3[C@H]([C@H]2[C@]4(Cc5ccccc5)N1C(=O)O/C/4=N/CCc6c[nH]c7ccccc67)C(=O)N(C)C3=O,CHEMBL1592589,5.90,
CCN(CC)C(=O)OC1=C(CC)C2=CC[C@@H]3[C@H]([C@H]2[C@]4(Cc5ccccc5)N1C(=O)O/C/4=N/CCc6c[nH]c7ccccc67)C(=O)NC3=O,CHEMBL1397937,5.70,
CCN(CC)C(=O)OC1=C(CC)C2=CC[C@@H]3[C@H]([C@H]2[C@]4(Cc5ccccc5)N1C(=O)O/C/4=N\CC6CC6)C(=O)N(CC(=O)OC)C3=O,CHEMBL1447659,5.70,
CCN(CC)C(=O)OC1=C(CC)C2=CC[C@@H]3[C@H]([C@H]2[C@]4(Cc5ccccc5)N1C(=O)O/C/4=N\CC6CC6)C(=O)NC3=O,CHEMBL1515290,5.70,
CCN(CC)C(=O)OC1=C(CC)C2=CC[C@@H]3[C@H]([C@H]2[C@]4(Cc5ccccc5)N1C(=O)O/C/4=N\CCc6c[nH]c7ccccc67)C(=O)N(C3=O)c8ccccc8,CHEMBL1317353,5.20,
CCN(CC)C(=O)OC1=C(CC)C2=CC[C@@H]3[C@H]([C@H]2[C@]4(Cc5ccccc5)N1C(=O)O/C/4=N\CCc6c[nH]c7ccccc67)C(=O)N(CC(=O)OC)C3=O,CHEMBL1375573,5.60,
CCN(CC)C(c1cccc(Nc2ccnc3cc(Cl)ccc23)c1)c4nnnn4C(C)(C)C,CHEMBL2413881,8.22,
CCN(CC)C[C@@H]1CCCCN1CC(=O)N2c3ccccc3C(=O)Nc4cccnc24,CHEMBL1473429,4.90,
CCN(CC)c1cc(cc(COCC2(CCN(C)CC2)c3ccc(F)cc3)n1)C(F)(F)F,CHEMBL2333618,,4.85
CCN(CC)c1ccc(\C=C\c2nc3ccccc3s2)cc1,CHEMBL1561718,4.95,
CCN(CC)c1ccc(\C=N\N2CCN(Cc3ccc(C)cc3)CC2)c(O)c1,CHEMBL3209977,5.90,
CCN(CC)c1ccc(\C=N\NC(=S)NCc2ccccc2)cc1,CHEMBL3195611,4.95,
CCN(CC)c1ccc(N)cc1,CHEMBL1452158,4.60,
CCN(CC)c1ccc(NC(=O)C2(CCc3cccc(OC)c3C2)N(C)C(=O)OCC(C)C)cc1,CHEMBL181350,,5.22
CCN(CC)c1ccc(NC(=O)CN2CCN(CC2)c3ccccc3F)cc1,CHEMBL1527363,4.80,
CCN(CC)c1ccc2C(=CC(=O)Oc2c1)C,CHEMBL315348,4.70,
CCN(CC)c1ccc2C(C(=C(N)Oc2c1)C#N)c3cccnc3,CHEMBL1582760,6.05,
CCN(CC)c1ccc2C=C(C(=O)NCCCCN3CCC(CC3)Nc4nc5ccccc5n4Cc6ccc(F)cc6)C(=O)Oc2c1,CHEMBL3804918,,6.36
CCN(CC)c1ncnc2c1sc3nc(C)cc(C)c23,CHEMBL1568026,4.90,
CCN(CC)CC#CCOC(=O)[C@@](O)(C1CCCCC1)c2ccccc2,CHEMBL185434,,4.92
CCN(CC)CC(=O)N[C@@H]1CC[C@H]([C@@H](C1)c2ccc(Br)cc2)C(=O)NC(c3ccc(F)cc3)c4ccc(F)cc4,CHEMBL3086028,,6.11
CCN(CC)Cc1c(O)ccc2C(=O)C(=COc12)Oc3ccccc3OC,CHEMBL1363933,4.60,
CCN(CC)CCCC(C)n1c(nc2c(nc(C)nc12)N(CCOC)CCOC)c3ccccc3,CHEMBL1560999,5.00,
CCN(CC)CCCC(C)n1c(nc2c(NCc3ccccc3)nc(C)nc12)c4ccccc4,CHEMBL1482809,5.30,
CCN(CC)CCCC(C)n1c(nc2c(NCCOC)nc(C)nc12)c3ccccc3,CHEMBL1520411,4.70,
CCN(CC)CCCc1cc(CCCOC)cc(CN(C2CC2)C(=O)[C@H]3CNCC[C@@]34OCc5cc(F)c(F)cc45)c1Cl,CHEMBL1923128,5.24,4.92
CCN(CC)CCCCn1c(nc2c(NCc3ccccc3)nc(C)nc12)c4ccccc4,CHEMBL1415804,5.10,
CCN(CC)CCCN(Cc1cc2ccc(C)c(C)c2nc1O)C(=O)NC3CCCCC3,CHEMBL1504596,5.55,
CCN(CC)CCCN(Cc1ccc(cc1)c2ccc(Cl)cc2)C(=O)CN3C=C(Cc4cnn(C)c4)C(=O)N=C3SCc5ccc(F)cc5,CHEMBL315766,5.70,
CCN(CC)CCCn1c(nc2c(nc(C)nc12)N(CCOC)CCOC)c3ccccc3,CHEMBL1593866,4.70,
CCN(CC)CCCn1c(nc2c(NCc3ccccc3)nc(C)nc12)c4ccccc4,CHEMBL1396778,5.00,
CCN(CC)CCCNC(=O)C1CCC(=O)N(C1c2ccc(F)cc2)c3ccc(OC)cc3,CHEMBL1492429,4.80,
CCN(CC)CCCNc1oc(nn1)c2ccc(NC(=O)c3ccccc3F)cc2,CHEMBL2022935,,4.90
CCN(CC)CCN(C)c1ccc(cc1)N2C=CC(=CC2=O)OCc3ccccc3,CHEMBL1642493,,8.77
CCN(CC)CCN(Cc1ccc(cc1)c2ccc(cc2)C(F)(F)F)C(=O)CN3C(=C(C)C(=O)N=C3SCc4ccc(F)cc4)C,CHEMBL10759,4.66,
CCN(CC)CCN(Cc1ccc(cc1)c2ccc(cc2)C(F)(F)F)C(=O)CN3C=C(Br)C(=O)N=C3SCc4ccc(F)cc4,CHEMBL10271,4.41,
CCN(CC)CCN(Cc1ccc(cc1)c2ccc(cc2)C(F)(F)F)C(=O)CN3C4=C(CCC4)C(=O)N=C3SCc5ccc(F)cc5,CHEMBL204021,4.57,
CCN(CC)CCN(Cc1ccc(cc1)c2ccc(cc2)C(F)(F)F)C(=O)CN3C4=C(CCCC4)C(=O)N=C3SCc5ccc(F)cc5,CHEMBL10441,5.00,
CCN(CC)CCN(Cc1ccc(cc1)c2ccc(Cl)cc2)C(=O)CN3C=C(C)C(=O)N=C3SCc4ccc(F)cc4,CHEMBL10440,4.89,
CCN(CC)CCN(Cc1ccc(cc1)c2ccc(Cl)cc2)C(=O)CN3C=C(Cc4cnn(C)c4)C(=O)N=C3SCc5ccc(F)cc5,CHEMBL86932,5.30,
CCN(CC)CCN(Cc1ccc(cc1)c2ccc(Cl)cc2)C(=O)CN3C4=C(CCC4)C(=O)N=C3SCc5ccc(F)cc5,CHEMBL10663,4.75,
CCN(CC)CCN(Cc1ccc(cc1)c2ccc(Cl)cc2)C(=O)CN3C4=C(CCCC4)C(=O)N=C3SCc5ccc(F)cc5,CHEMBL10501,5.30,
CCN(CC)CCN[C@@H](CC(C)C)c1cc(F)ccc1N2CCN(CC2)C(=O)[C@@H](Cc3ccc(Cl)cc3Cl)N4CCCC4=O,CHEMBL396432,4.43,
CCN(CC)CCn1c(nc2c(NCc3ccccc3)nc(C)nc12)c4ccccc4,CHEMBL1592041,4.90,
CCN(CC)CCN1c2ccccc2Sc3ccc4ccccc4c13,CHEMBL1485000,5.40,
CCN(CC)CCNC(=O)c1c(C)[nH]c(\C=C\2/C(=O)Nc3ccc(F)cc23)c1C,CHEMBL535,,5.00
CCN(CC)CCNC(=O)c1ccc(NC(=O)C)cc1,CHEMBL1097,,4.00
CCN(CC)CCNc1ccc(CO)c2Sc3ccccc3C(=O)c12,CHEMBL22077,4.90,
CCN(CC)CCOC(=O)C1(CCCC1)c2ccc(cc2)[N+](=O)[O-],CHEMBL1192187,4.70,
CCN(CC)CCOC(=O)C1(CCCCC1)C2CCCCC2,CHEMBL1123,5.30,4.69
CCN(CC)CCOC(=O)c1cc(Cl)c(N)cc1OC,CHEMBL287045,4.50,
CCN(CC)CCOc1cc(c(Cl)cc1Cl)c2nc(SC)nc3[nH]cc(C#N)c23,CHEMBL2158626,,5.77
CCN(CC)CCOc1ccc(cc1)\C(=C(/Cl)\c2ccccc2)\c3ccccc3,CHEMBL167779,,6.74
CCN(CC)CCOc1ccc(cc1)N2C=CC(=CC2=O)OCc3ccccc3,CHEMBL1642485,,8.01
CCN(CC)CCOCCOC(=O)C1(CCCC1)c2ccccc2,CHEMBL73234,5.40,
CCN(CC)S(=O)(=O)c1cc(ccc1C)C2=NN(C)C(=O)c3ccccc23,CHEMBL1422591,4.70,
CCN(CC)S(=O)(=O)c1cc(ccc1Cl)C(=O)Nc2ccncc2,CHEMBL1613268,6.00,
CCN(CC)S(=O)(=O)c1cc(ccc1OC)C(=O)Nc2ccccc2C(=O)O,CHEMBL180162,4.90,
CCN(CC)S(=O)(=O)c1ccc(OC)c(NC(=O)c2cc(ccc2Cl)[N+](=O)[O-])c1,CHEMBL1547069,4.90,
CCN(CC)S(=O)(=O)c1ccc2c(c1)nc(CCC(=O)Nc3cccc(c3)C(F)(F)F)n2CC,CHEMBL1374931,4.90,
CCN(CC)S(=O)(=O)c1ccc2SC(=O)c3cccc1c23,CHEMBL1460531,4.75,
CCN(CC)S(=O)(=O)c1cccc(c1)C(=O)N[C@@H](C(C)C)C(=O)OCC(=O)NC(=O)NC,CHEMBL1741512,4.85,
CCN(CC)S(=O)(=O)N1CCC(CC1)C(=O)NC2CCCC2,CHEMBL1566900,4.80,
CCN(Cc1cc(ccc1c2cc(CC(=O)O)ccc2OC)C(F)(F)F)C(=O)OCc3ccccc3,CHEMBL1916700,4.75,
CCN(Cc1cccc(OCc2noc(n2)c3ccccc3F)c1)C4CCN(C4)C5CC(C)C(C)C5,CHEMBL392350,,6.65
CCN(Cc1cccnc1)c2cc(F)cc(c2)c3nc4ccccc4s3,CHEMBL2448727,6.11,
CCN(Cc1cccnc1)c2cccc(c2)c3nc4ccccc4s3,CHEMBL2448708,6.00,
CCN(Cc1cccnc1)c2cncc(c2)c3nc4ccccc4s3,CHEMBL2448715,6.10,
CCN(Cc1cnc[nH]1)c2cc(F)cc(c2)c3nc4ccccc4s3,CHEMBL2448743,6.24,
CCN(CCc1ccccc1)C(=O)c2ccccc2c3ccc(CN4C[C@@H](C)N[C@@H](C)C4)cc3,CHEMBL465289,5.82,
CCN(CCCCOC(=O)c1ccc(OC)c(OC)c1)[C@@H](C)Cc2ccc(OC)cc2,CHEMBL1444844,6.10,
CCN(CCCNC(=O)C1CCN(CC1)S(=O)(=O)CC)c2cccc(C)c2,CHEMBL1323270,4.95,
CCN(CCO)C(=O)c1cc2cccnn2c1c3cccc(c3)C(F)(F)F,CHEMBL2164565,,4.63
CCN(CCOc1ccc(cc1)[N+](=O)[O-])CCc2ccc(cc2)[N+](=O)[O-],CHEMBL3590446,,8.38
CCN\C(=N/S(=O)(=O)c1cccc(Cl)c1)\N2CC3(CCNCC3)C=N2,CHEMBL1834350,,5.10
CCN=C(S)NNC(=O)c1csc2ccccc12,CHEMBL1319554,4.60,
CCN=C(S)NNC(=O)CCn1c2ccccc2c3ccccc13,CHEMBL1572589,5.35,
CCN=C1C=CC(=CC(=C1O)C(=O)\C=C\c2ccc3OCOc3c2)Br,CHEMBL1340514,4.75,
CCN1\C(=C\C(=O)C)\Sc2ccc(OC)cc12,CHEMBL408982,4.60,
CCN1C(=C(C(N2C(=O)[C@@](O)(CC(=C12)C#N)C(=O)OC)c3ccccc3)C(=O)OC)C,CHEMBL1317603,5.40,
CCN1C(=C(C(N2C(=O)[C@@]3(O[C@@]12C4C3CCCC4=O)C(=O)OC)c5ccccc5)C(=O)OC)C,CHEMBL2373653,5.40,
CCN1C(=C(C(N2C(=O)[C@@]3(O[C@@]12C4C3CCOC4=O)C(=O)CC)c5ccccc5)C(=O)OC)C,CHEMBL2373610,5.30,
CCN1C(=CC(=CC1=O)c2ccc(cc2)[C@H](C)N3CC[C@@](CC(C)(C)O)(OC3=O)c4ccccc4)C,CHEMBL3664677,4.39,
CCN1C(=O)[C@@H]2C[C@H]3[C@@H]4[C@H]([C@@H](C)C5=C3[C@@H]([C@@H]2C1=O)[C@]6(C)N(C(=O)O/C/6=N\CC7CC7)C5=O)C(=O)N(CC)C4=O,CHEMBL1316945,4.80,
CCN1C(=O)[C@@H]2CCC3=C(CC)C(=O)N4C(=O)N(CC(=O)OC)C(=O)[C@]4(C)[C@@H]3[C@@H]2C1=O,CHEMBL1434228,5.10,
CCN1C(=O)[C@@H]2CCC3=C(CC)C(=O)N4C(=O)N(CC5CC5)C(=O)[C@]4(Cc6ccccc6)[C@@H]3[C@@H]2C1=O,CHEMBL1418449,5.60,
CCN1C(=O)[C@@H]2CCC3=C(CC)C(=O)N4C(=O)O\C(=N/CC(=O)OC)\[C@]4(C)[C@@H]3[C@@H]2C1=O,CHEMBL1372870,4.80,
CCN1C(=O)[C@@H]2CCC3=C(CC)C(=O)N4C(=O)O\C(=N/CC5CC5)\[C@]4(Cc6ccccc6)[C@@H]3[C@@H]2C1=O,CHEMBL1355359,5.60,
CCN1C(=O)[C@@H]2CCC3=C(CC)C(=O)N4C(=O)O\C(=N/Cc5ccccc5)\[C@]4(Cc6ccccc6)[C@@H]3[C@@H]2C1=O,CHEMBL1607751,5.50,
CCN1C(=O)[C@@H]2CCC3=C(CC)C(=O)N4C(=O)O\C(=N/CCc5c[nH]c6ccccc56)\[C@]4(C)[C@@H]3[C@@H]2C1=O,CHEMBL1331923,5.40,
CCN1C(=O)[C@@H]2CCC3=C(CC)C(=O)N4C(=O)O\C(=N/CCOC)\[C@]4(Cc5ccccc5)[C@@H]3[C@@H]2C1=O,CHEMBL1535573,5.00,
CCN1C(=O)[C@H]2CC[C@@H]3[C@H]([C@H](O)[C@H](O)C/C/3=N/O[C@@H](C)c4cn(nn4)[C@H](CO)Cc5ccccc5)[C@@H]2C1=O,CHEMBL1434898,5.30,
CCN1C(=O)[C@H]2CC[C@@H]3[C@H]([C@H](O)[C@H](O)C/C/3=N/O[C@@H](C)CN4CCCCc5nc(C)c(C)cc45)[C@@H]2C1=O,CHEMBL1398586,5.40,
CCN1C(=O)[C@H]2CC[C@@H]3[C@H]([C@H](O)[C@H](O)C/C/3=N/OC[C@@H](C)[C@H](OCc4ccccc4)C(C)C)[C@@H]2C1=O,CHEMBL1526607,5.40,
CCN1C(=O)\C(=C\2/SC(=S)N(CCCOC)C2=O)\c3ccccc13,CHEMBL1322376,5.45,
CCN1C(=O)C(=Cc2nnc(c3c(F)cccc3Cl)n12)c4cc(cc(F)c4C)C(=O)NC5CC5,CHEMBL1945726,4.93,
CCN1C(=O)C(CC(=O)Nc2ccc(OC)cc2)N(Cc3cccnc3)C1=S,CHEMBL1548480,4.95,
CCN1C(=O)C(CC(=O)Nc2ccc(OC)cc2)N(Cc3cccs3)C1=S,CHEMBL1329846,5.40,
CCN1C(=O)C(O)(CC(=O)\C=C\C=C\c2ccccc2)c3ccccc13,CHEMBL1507654,4.75,
CCN1C(=O)C=C(OCC(=O)Nc2cccnc2)c3ccccc13,CHEMBL1588603,5.15,
CCN1C(=O)C=C(SCC(=O)Nc2cc(OC)c(OC)c(OC)c2)c3ccccc13,CHEMBL1568732,5.30,
CCN1C(=O)C=C(SCC(=O)NCc2ccc3OCOc3c2)c4ccccc14,CHEMBL1340538,6.40,
CCN1C(=O)C2=C(CC(C)S2)N=C1SCC(=O)NC3CCCCC3,CHEMBL1544930,4.80,
CCN1C(=O)c2cc3CCCCc3nc2N=C1SCc4ccc(Cl)cc4Cl,CHEMBL1546034,5.05,
CCN1C(=O)c2cccc3c(NC(=O)c4cccc(c4)N5C(=O)CCC5=O)ccc1c23,CHEMBL1529440,4.65,
CCN1C(=O)c2ccccc2N=C1c3ccc(OCCCN4CCCCC4)cc3,CHEMBL519067,,5.77
CCN1C(=O)N=C(c2cccc(Cl)c2)c3ccc(CC)nc13,CHEMBL1358525,4.50,
CCN1C(=O)Nc2ncnc(c3ccc(NC(=O)Nc4cccc(c4)C(=O)NC(C)C)cc3)c12,CHEMBL1951350,4.59,
CCN1C(=S)N(CC(=O)Nc2cc(Cl)ccc2Cl)N=C1c3ccccc3Cl,CHEMBL1386594,5.30,
CCN1C(=S)N(CC(=O)Nc2ccccc2OC)N=C1c3ccccc3Cl,CHEMBL1720466,4.90,
CCn1c(C)c(\C=N\Nc2nc3ccccc3s2)c4ccccc14,CHEMBL3210057,5.05,
CCn1c(C)cc(\C=C\2/SC(=O)N(CC(=O)Nc3ccc(C)c(C)c3)C2=O)c1C,CHEMBL1372491,6.00,
CCn1c(C)nc2C(=O)c3ccccc3C(=O)c12,CHEMBL36121,4.70,
CCn1c(cc2c1nc(Nc3cc(C)n(C)n3)c4ncn(C)c24)C(=O)N(C5CC5)C6CC6,CHEMBL3545215,5.52,
CCn1c(Cc2ccccc2)nnc1SCC(=O)NC(C)(C)C,CHEMBL1359094,4.95,
CCn1c(CCC2CCCCC2)nnc1CCC(=O)Nc3ccc(C)cc3C,CHEMBL3775930,4.92,
CCn1c(COc2ccc(OC)cc2)nc3ccccc13,CHEMBL1411457,5.90,
CCn1c(COc2ccccc2)nnc1SCC(=O)c3cccc(c3)[N+](=O)[O-],CHEMBL1433002,4.90,
CCn1c(CSCc2ccc(C)cc2)nnc1SCC(=O)NCc3ccccc3,CHEMBL1483874,5.10,
CCn1c(nc2ccc(cc12)C(F)(F)F)[C@@H](C)NS(=O)(=O)c3cccnc3,CHEMBL3605542,6.08,
CCn1c(nc2ccccc12)c3ccc(cc3)N(C)C,CHEMBL1520374,5.00,
CCn1c(nc2ccccc12)c3nonc3NC(=O)c4ccccc4,CHEMBL1530280,5.50,
CCn1c(NCc2cc(Br)ccc2NS(=O)(=O)c3ccc(C)cc3)nc4ccccc14,CHEMBL1312586,5.85,
CCn1c(SCC(=O)c2ccc(OC)cc2)nnc1C3CC3,CHEMBL1301140,4.65,
CCn1c(SCC(=O)c2ccccc2)nnc1c3cccs3,CHEMBL1391286,5.05,
CCn1c(SCC(=O)N2CCN(CC2)S(=O)(=O)c3ccccc3)nnc1c4cccs4,CHEMBL1488127,5.95,
CCn1c(SCC(=O)Nc2cccc3ccccc23)nnc1C4Cc5ccccc5C4,CHEMBL3775765,5.40,
CCn1c(SCC(=O)NC2CCCc3ccccc23)nnc1c4cccs4,CHEMBL1537750,5.55,
CCn1c(SCC(=O)Nc2ccccc2C(=O)OC)nnc1c3ccc(N)cc3,CHEMBL1365848,6.20,
CCn1c(SCC(=O)Nc2sc3CC(C)CCc3c2C(=O)N)nnc1c4occc4,CHEMBL1414213,5.15,
CCn1c(SCc2ccc(C)cc2)nnc1C3=NN(C=CC3=O)c4ccccc4,CHEMBL1572457,5.05,
CCn1c(SCc2ccc(C)cc2)nnc1c3cnn(c4ccccc4)c3C(F)(F)F,CHEMBL1304478,4.80,
CCn1c(SCc2cccc(C)c2)nnc1c3ccc(C)cc3,CHEMBL1353749,5.05,
CCn1c(SCc2cccc(Cl)c2)nnc1c3cnn(c4ccccc4)c3C(F)(F)F,CHEMBL1502348,4.65,
CCn1c(SCc2nc3ccccc3[nH]2)nnc1c4ccc(OC)cc4,CHEMBL1422980,5.50,
CCN1C[C@@H]2[C@@H](CN(Cc3cccc(OC(F)(F)F)c3)C(=O)c4cn(C)cn4)[C@@H]2C1,CHEMBL564919,,5.66
CCN1C[C@]2(COC)[C@H](O)C[C@H](OC)[C@@]34C5C[C@@]6(O)[C@@H](OC)[C@H](O)[C@](OC(=O)C)(C([C@H](OC)C23)[C@@H]14)C5[C@H]6OC(=O)c7ccccc7,CHEMBL2373283,4.50,
CCN1C[C@H](NS(=O)(=O)C(C)C)[C@H](C1)c2ccc(cc2)c3ccc(cc3)C#N,CHEMBL1290275,,6.40
CCN1C[C@H]2CCCC[C@]2(C1)c3ccc(Cl)c(Cl)c3,CHEMBL1813316,,5.33
CCN1C=C(C=C(C)C1=O)[C@@]2(N=C(N)c3c(F)cccc23)c4cccc(NC(=O)c5ccc(Cl)cn5)c4,CHEMBL2177305,,5.89
CCN1C=C(C=C(C)C1=O)C2(N=C(N)c3c(F)cccc23)c4cccc(c4)c5cncnc5,CHEMBL2177920,,4.82
CCN1C=C(C=C(C)C1=O)c2ccc(cc2)[C@H](C)N3CC[C@@](CC(C)(C)O)(OC3=O)c4ccccc4,CHEMBL3664676,4.55,
CCN1C=C(C=CC1=O)c2ccc(cc2)[C@H](C)N3CC[C@@](CC(C)(C)O)(OC3=O)c4ccc(F)cc4,CHEMBL3664668,4.32,
CCn1c2ccccc2c3cc(\C=N\n4cnnc4S)ccc13,CHEMBL3192578,5.15,
CCn1c2ccccc2c3cc(ccc13)\N=C/4\SC(CC(=O)Nc5ccccc5OC)C(=O)N4C,CHEMBL3211009,5.55,
CCn1c2ccccc2c3cc(NC(=O)CN4CCN(C[C@@H](O)COc5ccc6sc(C)nc6c5)CC4)ccc13,CHEMBL150614,4.41,
CCn1c2ccccc2c3cc(NC(=O)CSc4nnc(c5ccc(OC)c(OC)c5)n4N)ccc13,CHEMBL1460429,6.00,
CCn1c2ccccc2c3cc(NS(=O)(=O)c4ccccc4C)ccc13,CHEMBL1506638,6.00,
CCN1c2nc(F)ccc2N(C)C(=O)c3cc(CCOc4ccc(cc4C)C(=O)O)cnc13,CHEMBL189942,5.00,
CCN1c2ncccc2N(C)C(=O)c3cc(CCOc4ccc(cc4C)C(=O)O)cnc13,CHEMBL192530,4.62,
CCn1cc(c2ccnc3[nH]c(cc23)c4cccc(CN(C)C)c4)c(n1)c5ccc(NC(=O)N(C)C)cc5,CHEMBL1090479,4.82,
CCn1cc(cn1)[C@]2(N[C@H](Cc3c2[nH]c4ccccc34)c5nc(c[nH]5)c6ccc(F)cn6)C7=NN(C(C)C)C(=O)O7,CHEMBL3582340,,5.11
CCn1cc(cn1)[C@]2(N[C@H](Cc3c2[nH]c4ccccc34)c5nc(c[nH]5)c6ccc(F)cn6)C7=NN(CC(=O)N)C(=O)O7,CHEMBL3582344,,4.46
CCn1cc(cn1)[C@]2(N[C@H](Cc3c2[nH]c4ccccc34)c5nc(c[nH]5)c6ccc(F)cn6)C7=NN(CC(=O)O)C(=O)O7,CHEMBL3582343,,4.52
CCn1cc(cn1)[C@]2(N[C@H](Cc3c2[nH]c4ccccc34)c5nc(c[nH]5)c6ccc(F)cn6)C7=NN(CC8CC8)C(=O)O7,CHEMBL3582341,,5.26
CCn1cc(cn1)[C@]2(N[C@H](Cc3c2[nH]c4ccccc34)c5nc(c[nH]5)c6ccc(F)cn6)C7=NN(CCN(C)C)C(=O)O7,CHEMBL3582342,,5.47
CCn1cc(cn1)[C@]2(N[C@H](Cc3c2[nH]c4ccccc34)c5nc(c[nH]5)c6ccc(F)cn6)c7oc(O)nn7,CHEMBL3582327,,4.65
CCn1cc(cn1)[C@]2(N[C@H](Cc3c2[nH]c4ccccc34)c5nc(c[nH]5)c6ccc(F)cn6)c7oc(S)nn7,CHEMBL3582328,,4.98
CCn1cc(cn1)C2(N[C@H](Cc3c2[nH]c4ccccc34)c5nc(c[nH]5)c6ccc(F)cn6)C7=NN(C)C(=O)O7,CHEMBL3582337,,4.40
CCn1cc(cn1)N2CCN(Cc3nc4c5cccc(OC)c5nc(N)n4n3)[C@H](C)C2,CHEMBL3596589,,4.41
CCN1CC[C@H](CNC(=O)c2c(O)c(CC)cc(Cl)c2OC)C1,CHEMBL1610296,4.60,
CCN1CCC(CC1)c2ccc(Nc3cc(ncn3)N(C)C(=O)Nc4c(Cl)c(OC)cc(OC)c4Cl)cc2,CHEMBL1834661,5.22,
CCN1CCC(CC1)N(C(=O)NCc2ccc(F)cc2)c3ccc(Cl)cn3,CHEMBL1092106,,5.04
CCN1CCC(CC1)Nc2ccc3NC(=O)C(=C(c4cc(F)cc(F)c4)c5nc6ccccc6[nH]5)c3c2,CHEMBL2086757,5.22,
CCN1CCC(CC1)Nc2ccc3NC(=O)C(=C(c4ccc(C)cc4)c5nc6ccccc6[nH]5)c3c2,CHEMBL2086754,4.92,
CCN1CCC(CC1)Nc2ccc3NC(=O)C(=C(c4ccc(OC)cc4)c5nc6ccccc6[nH]5)c3c2,CHEMBL2086755,5.05,
CCN1CCC(CC1)Nc2ccc3NC(=O)C(=C(c4cccc(F)c4)c5nc(C)c[nH]5)c3c2,CHEMBL2087167,4.60,
CCN1CCC(CC1)Nc2ccc3NC(=O)C(=C(c4cccc(F)c4)c5ncc[nH]5)c3c2,CHEMBL2086759,4.64,
CCN1CCC(CC1)Nc2ccc3NC(=O)C(=C(c4ccccc4)c5ncc[nH]5)c3c2,CHEMBL2086758,4.60,
CCn1ccc(NC(=O)c2cc(O[C@@H](C)CO)cc(Oc3ccc(cc3)C(=O)N4CCC4)c2)n1,CHEMBL3219105,,4.27
CCN1CCC[C@@H](CN2CCN(CC2)C(=O)Nc3ccc(Cl)c(Cl)c3)C1,CHEMBL2036751,,5.68
CCN1CCC[C@@H]1CNC(=O)c2c(O)c(Cl)cc(Cl)c2OC.OC(C(O)C(=O)O)C(=O)O,CHEMBL2062333,4.60,
CCN1CCC[C@H](C1)C(=O)N2CCN(CC2)C(=O)Nc3ccc(Cl)c(Cl)c3,CHEMBL2036778,,5.30
CCN1CCC[C@H](C1)OC(=O)C(c2ccccc2)c3ccccc3,CHEMBL1474977,5.00,
CCN1CCc2cc3nc(N)sc3cc2CC1,CHEMBL2326489,,4.54
CCN1CCc2oc(N)nc2CC1,CHEMBL149616,6.00,
CCN1CCCC(CN2CCN(CC2)C(=O)Nc3ccc(Cl)c(Cl)c3)C1,CHEMBL2036750,,5.37
CCN1CCCC1Cn2c(nc3c(NC4CCCCC4)nc(C)nc23)c5ccccc5,CHEMBL1605942,4.90,
CCN1CCCC1Cn2c(nc3c(NCc4ccccc4)nc(C)nc23)c5ccccc5,CHEMBL1315913,5.30,
CCN1CCCC1Cn2cnc3c4cc(C)ccc4nc3c2O,CHEMBL1550537,4.65,
CCN1CCCC1CNC(=O)CSCc2nc(oc2C)c3ccccc3C,CHEMBL1536766,5.20,
CCN1CCCc2cc3NC4C=C5CCC[N+](=C5C=C4Oc3cc12)CCCC(=O)N(CCOc6ccc(NS(=O)(=O)C)cc6)CCc7ccc(NS(=O)(=O)C)cc7,CHEMBL390301,,8.44
CCN1CCN([C@H](C)C1)c2cc3[nH]c(SC(C)(C)C)nc3cc2Cl,CHEMBL468504,,6.00
CCN1CCN(CC1)C(=O)C2C3N(CCc4ccccc34)C(=O)c5cc(OC)c(OC)cc25,CHEMBL1741545,4.55,
CCN1CCN(CC1)C(c2ccccn2)c3c(C)c(C)sc3NC(=O)c4ccccc4,CHEMBL1470690,5.05,
CCN1CCN(CC1)c2cc(C)c3nc([nH]c3c2)C4=C(NC[C@@H](O)c5cccc(Cl)c5)C=CNC4=O,CHEMBL1098395,5.66,
CCN1CCN(CC1)c2cc(nc(n2)C(F)(F)F)N3CC[C@H]3C(=O)NCCc4ccc(nc4)C#N,CHEMBL3234579,5.11,
CCN1CCN(CC1)c2cc(nc(n2)C(F)(F)F)N3CCC[C@H](C3)C(=O)NCCc4cnc(nc4)C#N,CHEMBL3234573,5.28,
CCN1CCN(CC1)c2cc3[nH]c(nc3cc2Cl)C(=O)[C@@]4(C)CC[C@@](C)(O)CC4,CHEMBL511742,,5.51
CCN1CCN(CC1)c2cc3[nH]c(nc3cc2Cl)C(=O)[C@@]4(C)CC[C@@H](CC4)NC(=O)OC,CHEMBL466702,,5.31
CCN1CCN(CC1)c2cc3[nH]c(nc3cc2Cl)C(=O)[C@@]4(C)CC[C@](C)(O)CC4,CHEMBL466308,,4.70
CCN1CCN(CC1)c2cc3[nH]c(nc3cc2Cl)C(=O)[C@@]4(CC)CC[C@](C)(O)CC4,CHEMBL467533,,4.96
CCN1CCN(CC1)c2cc3[nH]c(S[C@@]4(C)CC[C@@H](CC4)c5nnn(C)n5)nc3cc2Cl,CHEMBL466448,,5.36
CCN1CCN(CC1)c2cc3[nH]c(S[C@@]4(C)CC[C@H](CC4)NC(=O)OC)nc3cc2Cl,CHEMBL468301,,5.82
CCN1CCN(CC1)c2nc3ccccc3nc2C(C#N)C(=O)OC4CCCCC4,CHEMBL1476741,5.00,
CCN1CCN(Cc2ccc(NC(=O)CNc3ccc(cc3)c4ccc(NC(=O)C)nc4)cc2C(F)(F)F)CC1,CHEMBL3805891,5.50,
CCN1CCN[C@H](C1)C(=O)N2CCN(CC2)C(=O)Nc3ccc(Cl)c(Cl)c3,CHEMBL2036780,,5.00
CCN1CCN2CCN(CC2C1)C(=O)c3cn(C)c4c(CN5C[C@H]6N([C@@H](Cc7ccc(O)cc7)C5=O)C(=O)CN(CC=C)N6C(=O)NCc8ccccc8)cccc34,CHEMBL3702713,5.30,
CCN1CCO[C@@H](CN2CCN(CC2)C(=O)Nc3ccc(Cl)c(Cl)c3)C1,CHEMBL2036773,,5.10
CCN1CCOC(C1)C(=O)N2CCN(CC2)C(=O)Nc3ccc(Cl)c(Cl)c3,CHEMBL2036779,,5.30
CCn1cnc(c1)c2cccnc2,CHEMBL361364,4.10,
CCn1cnc2c(Nc3cccc(Cl)c3)nc(N[C@@H]4CCCC[C@H]4N)nc12,CHEMBL1532768,4.90,
CCN1N=C(C=CC1=O)c2ccc(cc2)[C@H](C)N3CC[C@@](CC(C)(C)O)(OC3=O)c4ccccc4,CHEMBL3645513,4.49,
CCN1N=C2N(N(Cc3ccc(cc3)C#N)C(=O)C(=C2c4ccc(Cl)cc4)c5cnn(C)c5)C1=O,CHEMBL3260755,5.47,
CCN1N=C2N(N(Cc3ccc(nc3)C(F)(F)F)C(=O)C(=C2c4ccc(Cl)cc4)c5ccncc5)C1=O,CHEMBL3260742,4.75,
CCn1nc(Cc2ccc(cc2)c3ccccc3)cc1C4CCN(C[C@H]5CN(C[C@@H]5c6cccc(F)c6)[C@@H](C(=O)O)C(C)(C)C)CC4,CHEMBL172296,,5.64
CCn1nc(Cc2ccccc2)cc1C3CCN(C[C@H]4CN(C[C@@H]4c5cccc(F)c5)[C@@H](C(=O)O)C(C)(C)C)CC3,CHEMBL172854,,4.85
CCNC(=Nc1ccc(Cl)cc1)c2cccnc2,CHEMBL1741487,4.65,
CCNC(=O)[C@H](C)\C=C\C(NC(=O)OCc1ccccc1)c2ccc(cc2)C(=O)OC,CHEMBL1371597,5.20,
CCNC(=O)c1cc(NS(=O)(=O)c2cc(C)c(Cl)cc2Cl)ccc1Oc3cncc(Cl)c3,CHEMBL2331785,6.44,
CCNC(=O)c1ccc(cc1)C2=CC3(CCNCC3)Oc4ccccc24,CHEMBL551412,,4.92
CCNC(=O)c1ccc2cc(ccc2c1)C(O)(C(C)C)c3c[nH]cn3,CHEMBL1682894,5.24,
CCNC(=O)c1cccc(NC(=O)Nc2ccc(cc2)c3ccnc4[nH]cnc34)c1,CHEMBL1951335,7.26,
CCNC(=O)COC(=O)c1cc(nc2ccccc12)c3ccc(OC)cc3,CHEMBL1443967,4.85,
CCNC(=O)N1CC2(CCN(CC3CCN(CC3)C(=O)OCC)CC2)c4cccnc14,CHEMBL3310798,,6.64
CCNC(=O)N1CCC2(CCN(CC2)c3ccc(cn3)C(=O)Nc4cc(ccc4N)c5cccs5)C1,CHEMBL470581,,6.34
CCNC(=O)N1CCN(CCCC(c2ccc(F)cc2)c3ccc(F)cc3)CC1,CHEMBL1079935,5.10,
CCNC(=O)Nc1ccc(cc1)c2nc3C[C@@H]4CC[C@@H](N4C(=O)C)c3c(n2)N5CCOC[C@@H]5C,CHEMBL2334759,5.14,
CCNC(=O)Nc1ccc(cc1)c2nc3CN(CCc3c(n2)N4CCOC[C@@H]4C)C(C)C,CHEMBL2331678,,5.07
CCNC(=O)Nc1ccc(cc1)c2nc3CN(CCc3c(n2)N4CCOC[C@@H]4C)c5cc(C)ncn5,CHEMBL2331676,5.08,
CCNC(=O)Nc1ccc(cc1)c2nc3CN(CCc3c(n2)N4CCOC[C@@H]4C)c5ccnc(C)n5,CHEMBL2331689,5.48,
CCNC(=O)Nc1ccc(cc1)c2nc3CN(CCc3c(n2)N4CCOC[C@@H]4C)c5ncc(F)cn5,CHEMBL2331688,5.85,
CCNC(=O)Nc1cccc(CCN2CCN(CC2)c3cccc4nc(C)ccc34)c1,CHEMBL1632220,,6.20
CCNC(=O)Nc1cccc(CNc2cc(cc3ncc(cc23)N4CCN(C)CC4)C(F)(F)F)c1,CHEMBL3221123,,4.09
CCNC(=O)NCCCOc1cc(CCCOC)cc(CN(C2CC2)C(=O)[C@H]3CNCC[C@@H]3c4ccc(OCCOc5c(Cl)cc(C)cc5Cl)cc4)c1,CHEMBL1761522,5.20,6.82
CCNC(=S)NCC,CHEMBL1611590,5.20,
CCNc1cc(cc(CCc2oc(CC)c(C)n2)n1)N3CCOCC3,CHEMBL564513,,6.40
CCNc1cc(cc(COCC2(CCN(C)CC2)c3ccc(F)cc3)n1)C(F)(F)F,CHEMBL2333619,,4.10
CCNc1cc(N2CCCC2=O)c(F)c(c1)C(=O)N[C@@H](Cc3ccccc3)[C@H](O)CNCc4cccc(c4)C(F)(F)F,CHEMBL445734,4.13,
CCNc1cc(O)ccc1C,CHEMBL1520783,4.60,
CCNc1nc(c2cocc2)c(cc1OC[C@@H](N)Cc3ccccc3)c4cnc5[nH]nc(C)c5n4,CHEMBL593573,5.30,
CCNc1nc(NC(C)C)nc(SCCOc2ccc(C)cc2)n1,CHEMBL1361757,4.80,
CCNc1nc(Sc2ccc(C)cc2)cc(n1)C(F)(F)F,CHEMBL1389433,4.65,
CCNc1nc2CCN(Cc2c(n1)C(=O)N)C(=O)CCc3ccc(OC(F)(F)F)cc3,CHEMBL2331648,,5.34
CCNc1ncc2N=C(C(=O)N(C)c2n1)c3cn(C)c4ccccc34,CHEMBL1336793,5.00,
CCNc1ncc2N=C(C(=O)N(C[C@H]3CCCO3)c2n1)c4ccc(OC)cc4,CHEMBL1324529,4.60,
CCNc1ncc2N=C(C(=O)N(C[C@H]3CCCO3)c2n1)c4ccccc4,CHEMBL1523314,4.90,
CCNc1ncc2N=C(C(=O)N(c3ccc(OC)cc3)c2n1)c4cc(F)cc(F)c4,CHEMBL1605510,5.00,
CCNc1ncc2N=C(C(=O)N(c3ccc(OC)cc3)c2n1)c4ccccc4,CHEMBL1394118,4.90,
CCNc1ncc2N=C(C(=O)N(c3ccccc3)c2n1)c4cn(C)c5ccccc45,CHEMBL1533214,5.20,
CCNc1ncc2N=C(C(=O)N(Cc3ccc(F)cc3)c2n1)c4ccc(Cl)cc4,CHEMBL1434308,5.80,
CCNc1ncc2N=C(C(=O)N(Cc3ccc(F)cc3)c2n1)c4cccs4,CHEMBL1558135,4.80,
CCNc1ncc2N=C(C(=O)N(Cc3cccc(OC)c3)c2n1)c4cccs4,CHEMBL1375046,4.90,
CCNc1ncc2N=C(C(=O)N(Cc3cccc(OC)c3)c2n1)c4cn(C)c5ccccc45,CHEMBL1369824,5.40,
CCNc1ncc2N=C(C(=O)N(Cc3cccs3)c2n1)c4cc(F)cc(F)c4,CHEMBL1319312,5.30,
CCNc1ncc2N=C(C(=O)N(Cc3cccs3)c2n1)c4ccc(OC)cc4,CHEMBL1516163,5.10,
CCNc1ncc2N=C(C(=O)N(Cc3cccs3)c2n1)c4cn(C)c5ccccc45,CHEMBL1435028,4.90,
CCNc1ncc2N=C(C(=O)N(CCC#N)c2n1)c3ccc(OC)cc3,CHEMBL1316491,4.80,
CCNc1ncc2N=C(C(=O)N(CCc3ccccc3)c2n1)c4cc(F)cc(F)c4,CHEMBL1316463,4.90,
CCNc1ncc2N=C(C(=O)N(CCc3ccccc3)c2n1)c4cccs4,CHEMBL1395431,4.80,
CCNc1ncc2N=C(C(=O)N(CCOC)c2n1)c3cc(F)cc(F)c3,CHEMBL1450805,5.10,
CCNc1ncc2N=C(C(=O)N(CCOC)c2n1)c3ccccc3,CHEMBL1395974,4.50,
CCNc1ncc2N=C(C)C(=O)N(Cc3ccc(F)cc3)c2n1,CHEMBL1474410,5.10,
CCNc1ncc2N=C(C)C(=O)N(Cc3cccs3)c2n1,CHEMBL1436179,4.80,
CCNc1ncc2N=C(C)C(=O)N(CCc3ccccc3)c2n1,CHEMBL1316353,4.80,
CCNc1ncc2N=C(CCc3ccccc3)C(=O)N(C)c2n1,CHEMBL1370480,4.50,
CCNc1ncc2N=C(CCc3ccccc3)C(=O)N(C[C@H]4CCCO4)c2n1,CHEMBL1405546,5.50,
CCNc1ncc2N=C(CCc3ccccc3)C(=O)N(C4CC4)c2n1,CHEMBL1591635,4.80,
CCNc1ncc2N=C(CCc3ccccc3)C(=O)N(Cc4ccc(F)cc4)c2n1,CHEMBL1373259,5.60,
CCNc1ncc2N=C(CCc3ccccc3)C(=O)N(Cc4cccc(OC)c4)c2n1,CHEMBL1592964,5.20,
CCNc1ncc2N=C(CCc3ccccc3)C(=O)N(CCC#N)c2n1,CHEMBL1590270,4.80,
CCNc1ncc2N=C(CCc3ccccc3)C(=O)N(CCOC)c2n1,CHEMBL1594020,4.80,
CCNc1noc2c(c(C)ccc12)c3ccc4c(nncc4c3)N5CCOC[C@@H]5C,CHEMBL495493,5.00,
CCNc1oc2cc(ccc2n1)C(=O)N(C[C@@H](O)[C@H](Cc3ccccc3)NC(=O)OCc4cncs4)CC(C)(C)O,CHEMBL2057789,7.01,
CCNCC.CCN(CC)N(O)N=O,CHEMBL1435319,4.40,
CCNCc1cc(Nc2ccnc3cc(Cl)ccc23)ccc1O,CHEMBL1235,4.00,5.02
CCNCCc1ccc(Cl)c(CN(C2CC2)C(=O)[C@H]3CNCC[C@@H]3c4ccc(OCCOc5c(Cl)cc(C)cc5Cl)cc4)c1,CHEMBL1269676,4.75,
CCNS(=O)(=O)c1ccc(cc1)c2ccc(CCN3CCC[C@H]3C)cc2,CHEMBL569832,,5.47
CCNS(=O)(=O)c1ccc(NC(=O)c2cc(nn2C)C(F)(F)F)cc1,CHEMBL1483851,5.20,
CCO.CCCc1n[nH]c2OC(=C(C#N)C(c3ccc(OC)c(CSc4ccccn4)c3)c12)N,CHEMBL1467857,5.80,
CCO.CN1C(=O)N(C)C2=C(C1=O)C3(C(=O)Nc4ccccc34)C(=C(N)O2)C#N,CHEMBL1505667,4.65,
CCO[C@@H]([C@H](C)\C=C/CC(=O)OC)c1cc(OC)cc(c1OC)[N+](=O)[O-],CHEMBL1400788,5.40,
CCO[C@@H]([C@H]1C[C@@H](C)[C@H]2[C@H](O1)[C@H](O)[C@@]3(C)[C@@H]4CC[C@H]5C(C)(C)[C@H](CC[C@@]56C[C@@]46CC[C@]23C)O[C@H]7CN(CC8CN(C8)C9COC9)CCO7)C(C)(C)O,CHEMBL3403824,5.18,
CCO[C@@H]([C@H]1C[C@@H](C)[C@H]2[C@H](O1)[C@H](O)[C@@]3(C)[C@@H]4CC[C@H]5C(C)(C)[C@H](CC[C@@]56C[C@@]46CC[C@]23C)O[C@H]7CN(CC8CN(CC(C)(C)O)C8)CCO7)C(C)(C)O,CHEMBL3403826,4.85,
CCO[C@@H]([C@H]1C[C@@H](C)[C@H]2[C@H](O1)[C@H](O)[C@@]3(C)[C@@H]4CC[C@H]5C(C)(C)[C@H](CC[C@@]56C[C@@]46CC[C@]23C)O[C@H]7CN(CCO7)C8CN(C)C8)C(C)(C)O,CHEMBL2206994,4.92,
CCO[C@@H]([C@H]1C[C@@H](C)[C@H]2[C@H](O1)[C@H](O)[C@@]3(C)[C@@H]4CC[C@H]5C(C)(C)[C@H](CC[C@@]56C[C@@]46CC[C@]23C)O[C@H]7CN(CCO7)C8CN(C8)C(C)C)C(C)(C)O,CHEMBL3403816,4.43,
CCO[C@@H]([C@H]1C[C@@H](C)[C@H]2[C@H](O1)[C@H](O)[C@@]3(C)[C@@H]4CC[C@H]5C(C)(C)[C@H](CC[C@@]56C[C@@]46CC[C@]23C)O[C@H]7CN(CCO7)C8CN(C8)C9COC9)C(C)(C)O,CHEMBL3403818,4.92,
CCO[C@@H]([C@H]1C[C@@H](C)[C@H]2[C@H](O1)[C@H](O)[C@@]3(C)[C@@H]4CC[C@H]5C(C)(C)[C@H](CC[C@@]56C[C@@]46CC[C@]23C)O[C@H]7CN(CCO7)C8CN(CCOC)C8)C(C)(C)O,CHEMBL3403819,5.28,
CCO[C@H]1CN(C[C@@H]1NC(=O)CNC(=O)c2cccc(c2)C(F)(F)F)[C@@H]3CC[C@@](O)(CC3)c4ccccc4,CHEMBL1289083,,4.77
CCO[C@H]1O[C@@H]([C@H](COCc2ccccc2)OCc3ccccc3)[C@@H](OCc4ccccc4)[C@H]1O,CHEMBL1446743,5.10,
CCO\C(=C(\C=N\c1ncccc1C)/C(=O)OCC)\O,CHEMBL3197350,4.90,
CCO\C(=C\1/C(c2cccnc2)n3ncnc3N=C1C)\O,CHEMBL1580242,4.95,
CCO\C(=C\C1=NC(C)(C)Cc2cc(OC)c(O)cc12)\O,CHEMBL3193293,5.00,
CCO\N=C(\c1ccc(CN2CCC3(CC2)OCc4cc(F)ncc34)cc1)/c5ccc(F)c(F)c5,CHEMBL568571,,6.85
CCO\N=C(\c1ccc(F)c(F)c1)/c2ccc(CN3CCC4(CC3)OCc5cc(F)ncc45)cn2,CHEMBL582792,,5.75
CCOC(=N)c1ccc(s1)c2ccc3cc(CCN4CCC[C@H]4C)ccc3n2,CHEMBL1086534,,5.32
CCOC(=O)[C@@]1(CCCC1=O)C(NC(=O)O\C=C\C)c2ccccc2,CHEMBL1601824,7.80,
CCOC(=O)[C@@H]1CC[C@@H](CC1)N2CC(C2)NC(=O)CNc3nn(C)c4ccc(cc34)C(F)(F)F,CHEMBL1834640,,5.10
CCOC(=O)[C@@H]1CC[C@@H](CC1)N2CC(C2)NC(=O)CNc3nn(c4ccc(cc34)C(F)(F)F)S(=O)(=O)C,CHEMBL1834782,,4.60
CCOC(=O)[C@H](C#N)[C@@H]1C(=C(N)Oc2ccc(Br)cc12)C(=O)OCC,CHEMBL1396463,4.50,
CCOC(=O)[C@H](Cc1ccc(NC(=O)c2c(Cl)cncc2Cl)cc1)NC(=O)[C@@H]3C[C@H](CN3S(=O)(=O)c4cccc(c4)C#N)NC5CCC5,CHEMBL443928,5.77,
CCOC(=O)[C@H]1CN(CC(=O)N1Cc2ccc(cc2)C(=N)N(C)C)S(=O)(=O)c3cc4cc(Cl)ccc4[nH]3,CHEMBL386839,,7.15
CCOC(=O)\C(=C/1\SC(CC)C(=O)N1c2ccc(Br)cc2)\C#N,CHEMBL1425063,4.55,
CCOC(=O)\C=C\1/SCC(=O)N1CC(=O)Nc2ccc3CCCc3c2,CHEMBL1384608,4.85,
CCOC(=O)\C=C\c1c(OC)ccc2cc(ccc12)c3cccc(OC)c3,CHEMBL3645215,5.80,
CCOC(=O)C(=O)NCc1oc(\C=C/2\N(C(=C(C(=O)OC)C2=O)C)c3ccc(F)cc3)cc1,CHEMBL1536243,4.65,
CCOC(=O)C(=O)NCc1oc(\C=C/2\N(C(=C(C(=O)OC)C2=O)C)c3ccccc3)cc1,CHEMBL1481963,4.75,
CCOC(=O)C(C)Sc1ncc(OC)c(Sc2ccc(Cl)cc2)n1,CHEMBL1350756,4.70,
CCOC(=O)C(C)Sc1nnc(CNC(=O)c2ccc(OC)cc2)n1C3CCCCC3,CHEMBL1306798,6.05,
CCOC(=O)C(CC12CCC(CC1)(CO2)NCc3ccc4OCC(=O)Nc4n3)c5c(F)cnc6ccc(OC)nc56,CHEMBL3753081,,5.08
CCOC(=O)C(N)c1ccc(cc1)C(=O)Nc2cc(ccc2N)c3cccs3,CHEMBL402911,,5.24
CCOC(=O)C1(CCN(C)CC1)c2ccccc2,CHEMBL607,,4.12
CCOC(=O)C1(CCN(Cc2ccccc2)CC1)S(=O)(=O)c3ccccc3,CHEMBL1461462,5.30,
CCOC(=O)C1(O)Oc2cc(OC)cc(OC)c2C(=O)C1c3ccccc3,CHEMBL1357465,4.70,
CCOC(=O)C1(Sc2cc(C)ccc2NC1=O)N(CC)CC,CHEMBL1403311,5.10,
CCOC(=O)c1[nH]c(C)c(C(=O)C2=C(O)C(=O)N(CCN3CCOCC3)C2c4cccs4)c1C,CHEMBL1483207,4.85,
CCOC(=O)c1[nH]c(C)c(CN(CCc2ccccc2)C(=O)CCC(=O)O)c1C,CHEMBL1548902,4.60,
CCOC(=O)c1[nH]c(COC(=O)CCOc2ccccc2OC)c(C(=O)OCC)c1C,CHEMBL1457798,5.05,
CCOC(=O)c1[nH]c2cc(OC)c(OC)cc2c1NC(=O)c3nonc3C,CHEMBL1727071,5.55,
CCOC(=O)c1[nH]c2cc3OCOc3cc2c1NC(=O)CN4CCc5ccccc5C4,CHEMBL1608811,6.15,
CCOC(=O)c1[nH]cc2C(C3=C(CCCC3=O)Nc12)c4oc(Sc5nc6c(F)cc(F)cc6[nH]5)cc4,CHEMBL3393475,6.00,
CCOC(=O)c1[nH]cc2C(C3=C(CCCC3=O)Nc12)c4oc(Sc5nc6c(O)cccc6[nH]5)cc4,CHEMBL3393482,6.31,
CCOC(=O)c1[nH]cc2C(C3=C(CCCC3=O)Nc12)c4oc(Sc5nc6cc(F)c(F)cc6[nH]5)cc4,CHEMBL3393476,5.08,
CCOC(=O)C1=C(C)N(C(=N)S1)c2ccc(OC)cc2,CHEMBL1501924,5.15,
CCOC(=O)C1=C(C)N(CC#C)C(=C([C@H]1c2cccc(c2)[N+](=O)[O-])C(=O)OC)C,CHEMBL1562657,5.50,
CCOC(=O)C1=C(C)NC(=C([C@@H]1c2cccc(c2)[N+](=O)[O-])C(=O)OC)C,CHEMBL251230,5.00,
CCOC(=O)C1=C(C)NC(=C([C@H]1c2cccc(c2)[N+](=O)[O-])C(=O)OC)C,CHEMBL268609,5.20,
CCOC(=O)C1=C(C)NC(=C(C1c2cccc(c2)[N+](=O)[O-])C(=O)OC)C,CHEMBL475534,,5.00
CCOC(=O)C1=C(C)NC(=O)N[C@@H]1C2=COc3cc(C)cc(C)c3C2=O,CHEMBL1489435,5.40,
CCOC(=O)C1=C(CN2C(C)Cc3ccccc23)NC(=O)NC1c4ccccc4,CHEMBL1406530,4.80,
CCOC(=O)C1=C(COc2ccc(F)cc2Cl)NC(=O)NC1c3cc(C)ccc3C,CHEMBL1741496,5.20,
CCOC(=O)C1=C(CSc2nc3ccccc3s2)NC(=O)NC1c4cc(C)ccc4C,CHEMBL1430749,5.35,
CCOC(=O)C1=C(N)N2C(=O)\C(=C\c3occc3)\SC2=C(C1c4occc4)C(=O)OCC,CHEMBL1981770,4.55,
CCOC(=O)C1=C(N=C2S\C(=C/c3cc(OC)c(OC)c(OC)c3)\C(=O)N2C1c4cccs4)c5ccccc5,CHEMBL3196667,5.15,
CCOC(=O)C1=C(NC(=S)NC(=O)c2ccccc2)c3ccccc3CC1(C)C,CHEMBL1489778,4.80,
CCOC(=O)C1=C(O)C(Nc2nccs2)(N=C1C)C(F)(F)F,CHEMBL1528428,4.85,
CCOC(=O)C1=C[C@@]2(CC)CCCN3CCc4c(C23)n1c5ccccc45,CHEMBL1441090,4.90,
CCOC(=O)C1=CC(OC(CC)CC)C(NC(=O)C)C(N)C1.OC(C(O)C(=O)O)C(=O)O,CHEMBL1399927,4.60,
CCOC(=O)C1=CC2=C(N=C3C=CC=CN3C2=O)N(CCOC)/C/1=N\C(=O)C(C)(C)C,CHEMBL3195990,4.50,
CCOC(=O)C1=NN(\C(=C/2\S\C(=N/c3nc(cc(c4ccccc4)c3C#N)c5ccccc5)\N(C2=O)c6ccccc6)\S1)c7ccccc7,CHEMBL3408395,,5.34
CCOC(=O)C1=NN(\C(=N\c2nc(cc(c3ccccc3)c2C#N)c4ccccc4)\S1)c5ccc(C)cc5,CHEMBL3408388,,5.03
CCOC(=O)C1=NN(\C(=N\c2nc(cc(c3ccccc3)c2C#N)c4ccccc4)\S1)c5ccc(Cl)cc5,CHEMBL3408389,,5.08
CCOC(=O)C1=NOC(CNC(=O)C2=NOC(CNC(=O)c3c(C)onc3c4ccccc4Cl)C2)C1,CHEMBL1507015,4.90,
CCOC(=O)c1c(C)[nH]c(C(=O)C(C)Sc2ccc(Cl)cc2)c1C,CHEMBL1324528,5.60,
CCOC(=O)c1c(C)[nH]c(C)c1C(=O)COC(=O)c2ccc(cc2)S(=O)(=O)N(CC)CC,CHEMBL1376927,6.55,
CCOC(=O)c1c(C)[nH]c(C)c1C(=O)COC(=O)c2cccc(c2)S(=O)(=O)N(CC)CC,CHEMBL1443952,6.50,
CCOC(=O)c1c(C)[nH]c2c3ccccc3c(O)cc12,CHEMBL601110,5.40,
CCOC(=O)c1c(C)[nH]c2ccc3O[C@@H]4N(CCc5cc(OC)ccc45)Cc3c12,CHEMBL1358208,5.60,
CCOC(=O)c1c(C)c(C(=O)NCCN2CCOCC2)c(C)n1CC,CHEMBL1741987,4.60,
CCOC(=O)c1c(C)c(C)sc1NC(=O)CCc2oc(CC)cc2,CHEMBL1300958,4.90,
CCOC(=O)c1c(C)c(C)sc1NC(=O)CSc2nnnn2C,CHEMBL1413296,4.85,
CCOC(=O)c1c(C)cc(O)c(C=O)c1O,CHEMBL493032,4.40,
CCOC(=O)c1c(C)cc(OC)cc1O,CHEMBL1318588,4.50,
CCOC(=O)c1c(C)n(C)c2ccc(OC(=O)c3occc3)cc12,CHEMBL1416531,4.80,
CCOC(=O)c1c(C)n(C)c2ccc(OC)c(NC(=O)CN3CCCCC3)c12,CHEMBL1725130,4.85,
CCOC(=O)c1c(C)n(C)c2ccc(OC)c(NC(=O)CN3CCN(Cc4ccccc4)CC3)c12,CHEMBL1300755,4.85,
CCOC(=O)c1c(C)n(C)c2ccc(OC)c(NS(=O)(=O)c3ccc(Cl)s3)c12,CHEMBL1470796,5.80,
CCOC(=O)c1c(C)noc1c2ccc3cc(CCN4CCC[C@H]4C)ccc3n2,CHEMBL1084584,,5.82
CCOC(=O)c1c(C)oc2c3ccccc3c(O)cc12,CHEMBL1447964,4.85,
CCOC(=O)C1C(CC(=CC1=O)c2ccc(NS(=O)(=O)C)cc2)c3occc3,CHEMBL1345906,4.60,
CCOC(=O)c1c(CC(C)C)csc1NC=O,CHEMBL1546010,4.65,
CCOC(=O)c1c(CC)c(C)sc1NC(=O)\C=C\c2ccc3OCOc3c2,CHEMBL1447487,5.30,
CCOC(=O)c1c(NC(=O)C2C3CCC(O3)C2C(=O)O)sc(C)c1c4ccc(C)cc4,CHEMBL1546060,4.90,
CCOC(=O)c1c(NC(=O)CCN2C(=O)c3ccccc3C2=O)scc1c4ccc(OC)cc4,CHEMBL1501500,5.35,
CCOC(=O)c1c(NC(=S)NC(=O)N(C)C)scc1c2oc(C)cc2,CHEMBL1565536,4.80,
CCOC(=O)c1c(OC)cnc2c(CCC34CCC(CC3)(CO4)NCc5ccc6OCC(=O)Nc6n5)ccnc12,CHEMBL3422982,,8.10
CCOC(=O)c1c2CC(C)(C)OCc2sc1NC(=O)CCC(=O)N3CCOCC3,CHEMBL1440921,4.90,
CCOC(=O)c1cc(C#N)c(nc1C)N2CC(C2)C(=O)NS(=O)(=O)Cc3ccc(C)cc3,CHEMBL2419487,4.70,
CCOC(=O)c1cc(C#N)c(nc1C)N2CCC(CC2)C(=O)NS(=O)(=O)Cc3ccc(F)cc3,CHEMBL2419491,5.35,
CCOC(=O)c1cc(C#N)c(nc1C)N2CCC(CC2)C(=O)NS(=O)(=O)Cc3ccc(F)cc3F,CHEMBL2419495,5.85,
CCOC(=O)c1cc(C#N)c(nc1C)N2CCC(CC2)C(=O)NS(=O)(=O)Cc3ccccc3,CHEMBL2419490,4.70,
CCOC(=O)c1cc(CC)sc1NC(=O)C(c2ccccc2)c3ccccc3,CHEMBL1494332,4.95,
CCOC(=O)c1cc(CC)sc1NC(=O)c2cc(OCC)c(OCC)c(OCC)c2,CHEMBL1463991,4.65,
CCOC(=O)c1cc(nc2c1c(C)nn2CCC#N)c3ccc(Cl)cc3,CHEMBL1408904,4.60,
CCOC(=O)c1cc2c(ccn2C)n1CC(=O)N3CCCC(C)C3,CHEMBL1479420,4.85,
CCOC(=O)c1cc2sc(C)cc2n1CC(=O)N3CCN(CC3)C(=O)c4occc4,CHEMBL1467429,4.85,
CCOC(=O)c1ccc(CCN2CCN(CCc3ccc(cc3)[N+](=O)[O-])CC2)cc1,CHEMBL2146857,,7.72
CCOC(=O)c1ccc(N)cc1,CHEMBL278172,4.40,
CCOC(=O)c1ccc(N\C=C\C(=O)c2ccc(OC)cc2)cc1,CHEMBL1412937,5.20,
CCOC(=O)c1ccc(NC(=NS(=O)(=O)c2ccccc2C)c3ccccc3)cc1,CHEMBL1455802,5.70,
CCOC(=O)c1ccc(NC(=O)COc2ccccc2OC)cc1,CHEMBL1372099,4.50,
CCOC(=O)c1ccc(nc1)[C@]2(N[C@H](Cc3c2[nH]c4ccccc34)c5nc(c[nH]5)c6ccc(F)cc6)c7cnn(C)c7,CHEMBL3323079,,5.55
CCOC(=O)c1ccc(Nc2nc(nc3ccccc23)c4cccnc4)cc1,CHEMBL1420370,4.95,
CCOC(=O)c1cccc(n1)[C@]2(N[C@H](Cc3c2[nH]c4ccccc34)c5nc(c[nH]5)c6ccc(F)cc6)c7cnn(C)c7,CHEMBL3323073,,6.20
CCOC(=O)c1cccc2\C(=N/O)\c3ccccc3c12,CHEMBL1996902,4.55,
CCOC(=O)C1CCCN(C1)C(=O)C2CCN(CC2)S(=O)(=O)N3CCC4(CC3)OCCO4,CHEMBL1558864,4.70,
CCOC(=O)C1CCCN(C1)C(=O)CCN2N=C(C=CC2=O)c3ccccc3,CHEMBL1483182,4.75,
CCOC(=O)C1CCCN(C1)c2ncnc3c2cnn3c4ccc(Cl)cc4,CHEMBL1452079,4.60,
CCOC(=O)C1CCN(CC1)C(=O)c2ccc(C[C@@H]3CC[C@@H](N3)[C@H](O)c4ccccc4)cc2,CHEMBL3747487,,5.08
CCOC(=O)C1CCN(CC1)C(=O)c2cn(C)c3c(CN4C[C@H]5N([C@@H](Cc6ccc(O)cc6)C4=O)C(=O)CN(CC=C)N5C(=O)NCc7ccccc7)cccc23,CHEMBL3702716,5.41,
CCOC(=O)C1CCN(CCCOc2ccc(cc2)S(=O)(=O)N)CC1,CHEMBL2024379,,4.12
CCOC(=O)C1CCN(CCOc2ccc(cc2)S(=O)(=O)N)CC1,CHEMBL2024310,,4.64
CCOC(=O)c1ccnc(c1)[C@@]2(N[C@H](Cc3c2[nH]c4ccccc34)c5nc(c[nH]5)c6ccc(F)cc6)c7cnn(C)c7,CHEMBL3323074,,5.85
CCOC(=O)c1cnc2c(C)cc(C)cc2c1O,CHEMBL1741579,4.60,
CCOC(=O)c1cnc2c(N=Nc3cccc(Cl)c3)c(N)nn2c1N,CHEMBL1478734,4.90,
CCOC(=O)c1cnc2cc(nn2c1c3ccccc3)c4ccc(C)cc4,CHEMBL1602892,4.70,
CCOC(=O)c1cnc2ccc(C)cc2c1Sc3ccccc3C(=O)OC,CHEMBL1380844,4.40,
CCOC(=O)c1cncc(c1)[C@@]2(N[C@H](Cc3c2[nH]c4ccccc34)c5nc(c[nH]5)c6ccc(F)cc6)c7cnn(C)c7,CHEMBL3323076,,5.65
CCOC(=O)c1cncc(c1)[C@]2(N[C@H](Cc3c2[nH]c4ccccc34)c5nc(c[nH]5)c6ccc(F)cc6)c7cnn(C)c7,CHEMBL3323077,,5.60
CCOC(=O)c1cncn1[C@@H](C)c2ccccc2,CHEMBL279678,6.10,
CCOC(=O)c1cnn(c1NC(=O)C2CCC2)c3ccc(cc3)C(C)C,CHEMBL1391282,4.40,
CCOC(=O)C1CSC(Cc2ccc(OCc3ccc(cc3)[N+](=O)[O-])cc2)N1,CHEMBL1318259,4.80,
CCOC(=O)c1nn(c2ccccc2)c(c3ccccc3)c1C(=O)c4ccccc4,CHEMBL1459170,4.80,
CCOC(=O)c1nnc(nc1NCc2ccccc2)c3ccccc3,CHEMBL1430904,4.60,
CCOC(=O)c1oc2ccccc2c1NC(=O)c3cc(OC)cc(OC)c3,CHEMBL1588802,5.10,
CCOC(=O)c1oc2ccccc2c1NC(=O)c3ccc(cc3)S(=O)(=O)N(C)C,CHEMBL1425498,4.85,
CCOC(=O)c1oc2cnccc2c1Nc3ccc4\C(=N/O)\CCc4c3,CHEMBL1667925,5.08,
CCOC(=O)c1sc(NC(=O)CCCCCN2C(=O)c3cccc4cccc(C2=O)c34)nc1C,CHEMBL1579887,5.30,
CCOC(=O)c1sc(NC(=O)CSc2n[nH]c(n2)c3ccc(Cl)cc3Cl)c(C#N)c1C,CHEMBL1369693,5.00,
CCOC(=O)c1sc(NC(=O)CSc2nc(C)cc(C)n2)c(C#N)c1C,CHEMBL1717653,5.00,
CCOC(=O)c1sc(nc1C)N(Cc2ccccc2)C(=O)CN3C(=O)CN(C)C3=O,CHEMBL1371661,4.90,
CCOC(=O)c1sc2nc(\C=C\c3ccc(c(OC)c3)n4cnc(C)c4)nc(N)c2c1C,CHEMBL1642188,,6.01
CCOC(=O)CC(=O)CSc1nc(cc(C)c1C#N)c2cccnc2,CHEMBL1361837,4.95,
CCOC(=O)CC(=O)CSc1nc(cc(c2ccc(Cl)cc2)c1C#N)c3ccccc3,CHEMBL1578181,4.75,
CCOC(=O)CC(Nc1nc(nc(n1)N2CCOCC2)N3CCOCC3)c4ccccc4Cl,CHEMBL1492293,4.60,
CCOC(=O)CC(SP(=O)(OC)OC)C(=O)OCC,CHEMBL1331476,4.60,
CCOC(=O)CC(SP(=S)(OC)OC)C(=O)OCC,CHEMBL1200468,6.00,
CCOC(=O)Cc1c(C)nc2c(c3ccccc3)c(nn2c1O)c4ccccc4,CHEMBL1469402,5.65,
CCOC(=O)Cc1csc(NC(=O)c2ccc(Cl)nc2)n1,CHEMBL1536254,4.85,
CCOC(=O)Cc1csc(NC(=O)c2sc3nc4ccc(CC)cc4cc3c2N)n1,CHEMBL1399879,4.45,
CCOC(=O)Cc1csc(NC(=O)CCCCCN2C(=O)c3ccccc3C2=O)n1,CHEMBL1310477,5.40,
CCOC(=O)Cc1csc(NC(=S)NC(=O)c2ccc(Cl)cc2)n1,CHEMBL1302442,4.90,
CCOC(=O)CC1N(CCNC1=O)S(=O)(=O)c2ccc(Cl)c(Cl)c2,CHEMBL1493475,4.90,
CCOC(=O)CC1N(CCNC1=O)S(=O)(=O)c2ccccc2Cl,CHEMBL1717461,4.85,
CCOC(=O)Cc1nnc(NC(=O)CSc2ccc(C)cc2)s1,CHEMBL1525931,5.15,
CCOC(=O)CCCc1c[nH]c2ccccc12,CHEMBL1447745,4.50,
CCOC(=O)CCCNC(=O)c1cncc(Br)c1,CHEMBL1734883,4.85,
CCOC(=O)CCCNC(=O)CCCNC(=O)C(c1ccccc1)c2ccccc2,CHEMBL1300309,5.05,
CCOC(=O)CCN1C(=O)[C@H]2CC[C@@H]3[C@H]([C@H](O)[C@H](O)C/C/3=N/OCCCC#C)[C@@H]2C1=O,CHEMBL1533018,5.50,
CCOC(=O)CCN1C(=O)[C@H]2CC[C@H]3[C@H]([C@H](O)[C@H](O)C/C/3=N/NC(=O)OCc4ccc(OC)cc4)[C@@H]2C1=O,CHEMBL1450619,5.50,
CCOC(=O)CN1C(=O)S\C(=C\c2oc(cc2)N3CCCCC3)\C1=O,CHEMBL1471761,4.65,
CCOC(=O)Cn1cc(C(=O)c2ccccc2F)c3ccccc13,CHEMBL1367708,4.45,
CCOC(=O)CN1N=C(Cc2ccccc2)c3ccccc3C1=O,CHEMBL1350898,5.45,
CCOC(=O)CN1NC2(CCC(CC2)C(C)(C)C)N=C1S,CHEMBL1485231,4.85,
CCOC(=O)CNC(=O)CSc1nnc(c2ccncc2)n1c3ccc(Cl)cc3,CHEMBL1705301,5.10,
CCOC(=O)CNCc1ccc(cc1)C2=CN(Cc3c(F)cccc3C(F)(F)F)C(=O)N(C[C@H](N)c4ccccc4)C2=O,CHEMBL503624,6.46,
CCOC(=O)CNS(=O)(=O)c1cc(ccc1C)C2=NN(C)C(=O)c3ccccc23,CHEMBL1465935,4.40,
CCOC(=O)COc1cc(OCC(=O)OCC)c2C(=O)C=C(Oc2c1)c3ccccc3,CHEMBL1526824,4.70,
CCOC(=O)COc1ccc(NC(=O)c2ccc(cc2)C(=N)N(C)C)c(c1)C(=O)Nc3ccc(Cl)cn3,CHEMBL221178,,6.01
CCOC(=O)COc1ccc2ncc(F)c(CCC34CCC(CC3)(CO4)NCc5ccc6OCC(=O)Nc6n5)c2n1,CHEMBL3605026,,5.07
CCOC(=O)CSC1=C(C#N)C(C(=C(C)N1)C(=O)C)c2ccccc2F,CHEMBL1595253,4.85,
CCOC(=O)CSC1=CC(=O)N(C)c2cc(Cl)ccc12,CHEMBL1345018,4.65,
CCOC(=O)CSC1=NC(=O)\C(=C/c2ccc(OC(=O)C)cc2)\S1,CHEMBL1542591,4.85,
CCOC(=O)CSc1n[nH]c(n1)c2cccnc2,CHEMBL1742155,4.80,
CCOC(=O)CSc1n[nH]c(NC(=O)c2cccc(C)c2)n1,CHEMBL1587519,5.25,
CCOC(=O)CSc1n[nH]c(NC(=O)c2ccccc2)n1,CHEMBL1438661,4.40,
CCOC(=O)CSc1ncc(OC)c(Sc2ccc(Cl)cc2)n1,CHEMBL1468283,4.60,
CCOC(=O)CSc1nnc(Cc2cc(O)nc(O)n2)n1c3cccc(OC)c3,CHEMBL1321454,4.65,
CCOC(=O)CSc1nnc(Cc2ccccc2)n1c3cccc(Cl)c3,CHEMBL1729853,5.70,
CCOC(=O)CSc1nnc(CSc2nc(O)c3c4CCCCc4sc3n2)n1c5ccccc5,CHEMBL1333080,6.00,
CCOC(=O)N(CC[C@H]1C[C@@H]1[C@H](NP(=O)(c2ccccc2)c3ccccc3)C4(CC(=C)c5ccccc5)CC4)S(=O)(=O)c6ccc(C)cc6,CHEMBL1449528,5.80,
CCOC(=O)N(Cc1ccccc1c2ccccc2)[C@H]3CCNC3,CHEMBL478834,,5.30
CCOC(=O)N\N=C/1\C[C@@H](O)[C@@H](O)[C@H]2[C@@H]1CC[C@H]3[C@H]2C(=O)N(Cc4ccc5OCOc5c4)C3=O,CHEMBL1400619,5.50,
CCOC(=O)N\N=C/1\C[C@@H](O)[C@@H](O)[C@H]2[C@H]1CC[C@H]3[C@H]2C(=O)N(Cc4ccc5OCOc5c4)C3=O,CHEMBL1439334,5.40,
CCOC(=O)N1[C@@H]2CC[C@H]1C[C@H](CN3CC[C@@H](C3)N4C(=O)Cc5ccccc45)C2,CHEMBL2336059,,5.62
CCOC(=O)N1C(=O)N(Cc2c(Cl)cccc2Cl)c3ccccc13,CHEMBL1353037,4.80,
CCOC(=O)N1C(=O)N(Cc2ccccc2Cl)c3ccccc13,CHEMBL1708288,4.80,
CCOC(=O)N1CCC(=C2c3ccc(Cl)cc3CCc4cccnc24)CC1,CHEMBL998,5.20,4.41
CCOC(=O)N1CCC(C)(CN2CCC3(CC2)CN(c4ncccc34)S(=O)(=O)C)CC1,CHEMBL3289442,,5.44
CCOC(=O)N1CCC(CC1)NC(=O)CS(=O)(=O)Cc2nc(oc2C)c3cccc(OC)c3,CHEMBL1325353,5.15,
CCOC(=O)N1CCC(CC1)NS(=O)(=O)c2ccc3N(C)C(=O)C(C)(C)c3c2,CHEMBL1699304,4.80,
CCOC(=O)N1CCC(CN2CC[C@H](NC(=O)c3cc(Cl)c(N)cc3OC)[C@@H](C2)OC)CC1,CHEMBL3758398,,5.34
CCOC(=O)N1CCC(CN2CCC3(CC2)CC(=O)N(C)c4ncccc34)CC1,CHEMBL2407173,,5.60
CCOC(=O)N1CCC(CN2CCC3(CC2)CC(=O)N(CC)c4ncccc34)CC1,CHEMBL2407174,,5.54
CCOC(=O)N1CCC(CN2CCC3(CC2)OC(=O)N(C)c4ncccc34)CC1,CHEMBL2407170,,5.83
CCOC(=O)N1CCN(CC1)C(=O)C2(CCN(CC2)c3cc(N)ccn3)c4ccccc4,CHEMBL493743,,6.77
CCOC(=O)N1CCN(CC1)C(=O)c2ccc3nc(SCc4ccc(F)cc4)n(C)c3c2,CHEMBL1458493,4.40,
CCOC(=O)N1CCN(CC1)c2cc(C)c3nc([nH]c3c2)C4=C(NC[C@@H](O)c5cccc(Cl)c5)C=CNC4=O,CHEMBL1095404,6.00,
CCOC(=O)N1CCN(CC1)S(=O)(=O)c2ccc(cc2)C(=O)Nc3ccc(F)cc3F,CHEMBL1422586,4.85,
CCOC(=O)N1CCN(Cc2nc3N(C)C(=O)NC(=O)c3n2Cc4ccccc4C)CC1,CHEMBL1536604,5.40,
CCOC(=O)N1CCN(CCOc2cc(C)n(n2)c3ccc(Cl)c(Cl)c3)CC1,CHEMBL2170232,,5.39
CCOC(=O)NC[C@H](Cc1ccc(OCCc2nc(oc2C)c3ccccc3)cc1)N\C(=C\C(=O)c4ccc(cc4)C(F)(F)F)\C,CHEMBL1327492,6.10,
CCOC(=O)Nc1cc(nc(n1)n2nc(C)cc2C)c3cncc(OC)c3,CHEMBL485752,4.70,
CCOC(=O)Nc1ccc(cc1)[C@H](N2CCN(Cc3cscn3)CC2)c4ccc(cc4)C(=O)N(CC)CC,CHEMBL1939747,,5.14
CCOC(=O)Nc1ccccc1[C@H](N2CCN(Cc3ccccn3)CC2)c4ccc(cc4)C(=O)N(CC)CC,CHEMBL1939748,,5.00
CCOC(=O)NCc1ccc2c(cc(C)n2C)c1,CHEMBL1432807,4.85,
CCOC(=O)O[C@@]1(CC[C@@H]2[C@@H]3CCC4=CC(=O)C=C[C@@]4(C)[C@H]3[C@H](O)C[C@@]12C)C(=O)COC(=O)CC,CHEMBL1397466,4.90,
CCOC(=O)O[C@@H](C)OC(=O)[C@@H]1N2[C@H](SC1(C)C)[C@H](NC(=O)[C@@H](N)c3ccccc3)C2=O,CHEMBL1595709,5.90,
CCOC(=O)OC(C1CC2CCN1CC2C=C)c3ccnc4ccc(OC)cc34,CHEMBL1398476,5.10,
CCOC(=O)OCC1OC([C@H](C=C1)c2cc(ccc2O)c3ccccc3)c4ccc(cc4)C(=O)C,CHEMBL1356304,5.50,
CCOC(=O)OCC1OC(CCc2ccccc2)CCC1Oc3ccc(OC)cc3,CHEMBL1561691,5.40,
CCOC(CN1CCN(CCc2ccc(C#N)c(OC)c2)CC1)c3ccc4C(=O)OCc4c3C,CHEMBL3612801,,5.46
CCOC[C@@H]1CC[C@@H](CC1)N2CC(C2)NC(=O)CNc3nn(C)c4ccc(cc34)C(F)(F)F,CHEMBL1834644,,5.25
CCOC[C@H](Oc1ncnc2c1cnn2c3ncccc3Cl)C(=O)Nc4ccc(Cl)cn4,CHEMBL3221495,,5.00
CCOC[C@H](Oc1ncnc2c1cnn2c3ncccc3Cl)C(=O)Nc4ccc(cn4)C#N,CHEMBL3221504,,4.70
CCOc1c(Cl)cc(cc1Cl)C(=O)Nc2ccccc2c3ccccc3,CHEMBL1536139,4.85,
CCOc1c(OC(=O)C)ccc(\C=C\2/N=C(SCC)SC2=O)c1[N+](=O)[O-],CHEMBL1349047,4.40,
CCOc1c(OC(=O)C)ccc(\C=C\c2ccc3cccc(OC(=O)C)c3n2)c1[N+](=O)[O-],CHEMBL1502201,5.00,
CCOc1c2ccc(cc2nn1CC)C(=O)NCc3ccccc3OC,CHEMBL1363499,4.80,
CCOc1c2ccc(cc2nn1CC)C(=O)NCc3occc3,CHEMBL1387342,4.50,
CCOc1cc(\C=N\NC(=O)c2cc(C)[nH]n2)ccc1OC(=O)c3ccc(cc3)[N+](=O)[O-],CHEMBL3214128,4.65,
CCOc1cc(\C=N\NC(=O)Cc2ccc(cc2[N+](=O)[O-])C(F)(F)F)c(Br)cc1OC,CHEMBL3213017,5.05,
CCOc1cc(\C=N\NC(=O)COc2cccc(C)c2)ccc1OC(=O)c3cccs3,CHEMBL3210104,4.85,
CCOc1cc(\C=N\O)cc(Cl)c1OC,CHEMBL3189794,4.50,
CCOc1cc(\C=N\O)ccc1OS(=O)(=O)c2ccc(C)cc2,CHEMBL3195193,4.95,
CCOc1cc(c(OCC)cc1n2cnnn2)S(=O)(=O)N(Cc3ccccc3)Cc4ccccc4,CHEMBL1392763,4.90,
CCOc1cc(C)c(cc1C)S(=O)(=O)Nc2ccc3c[nH]nc3c2,CHEMBL1569058,6.50,
CCOc1cc(C)c2ncc(F)c(CCC34CCC(CC3)(CO4)NCc5ccc6OCC(=O)Nc6n5)c2n1,CHEMBL3422954,,8.92
CCOc1cc(C[C@H]2COC(O)[C@@H]2Cc3cc(OC)c(OC)c(OC)c3)cc4OCOc14,CHEMBL480295,6.36,
CCOc1cc(ccc1OCC(=O)N)C2NC(=O)NC(=C2C(=O)C)c3ccccc3,CHEMBL1367958,4.70,
CCOc1cc(CCN2CCN(CCc3ccc4C(=O)OCc4c3)CC2)ccc1C#N,CHEMBL2146877,,6.17
CCOc1cc(CN2CCC(CC2)NC(=O)c3cccc(c3)S(=O)(=O)C)ccc1Cl,CHEMBL241330,,5.89
CCOc1cc(CN2CCC(CC2)Nc3oc4ccc(cc4n3)C(=O)N)cc(OCC)c1F,CHEMBL1080584,,6.37
CCOc1cc(CN2CCC(CC2)Nc3oc4ccc(cc4n3)S(=O)(=O)N)ccc1OC,CHEMBL393718,,5.46
CCOc1cc(CNc2ccc(OC)cc2)cc(Br)c1OCC(=O)NC(C)(C)C,CHEMBL1468225,4.80,
CCOc1cc(N)c(Cl)cc1C(=O)NCC2CN(Cc3ccc(F)cc3)CCO2,CHEMBL60889,6.16,5.32
CCOc1cc(N=C(S)Nc2cccc(C)c2)c(OCC)cc1NC(=O)CC(C)C,CHEMBL1309540,4.95,
CCOc1cc(N=C(S)Nc2cccc(OC)c2)c(OCC)cc1NC(=O)c3ccc(C)cc3,CHEMBL1609585,4.90,
CCOc1cc(N=C(S)Nc2ccccc2)c(OCC)cc1NC(=O)c3ccc(OC)cc3,CHEMBL1560435,4.85,
CCOc1cc(NC(=O)c2ccccc2F)ccc1c3oc(NCCCN4CCCCC4)nn3,CHEMBL2023927,,4.90
CCOc1cc(NC(=O)c2cccs2)c(OCC)cc1NC(=O)c3occc3,CHEMBL1404955,6.75,
CCOc1cc(NC(=O)c2occc2)c(OCC)cc1NC(=O)C3CCCCC3,CHEMBL1419723,5.95,
CCOc1cc(Nc2nc3c(cc2F)ncn3[C@@H](CO)c4ccc(F)cn4)n[nH]1,CHEMBL2151325,,4.50
CCOc1cc(ncc1C#N)C(O)CN2CCN(C[C@H](O)c3ccc4C(=O)OCc4c3C)CC2,CHEMBL3612926,,4.92
CCOc1cc(OCC)c(cc1OCC)C(=O)C,CHEMBL1491397,4.80,
CCOc1cc2NC(=O)N(CCC(=O)NCc3ccc(OC)cc3)C(=O)c2cc1OCC,CHEMBL1543533,5.45,
CCOc1cc2NC(=O)N(CCCC(=O)NCc3ccc(OC)cc3)C(=O)c2cc1OCC,CHEMBL1526175,5.60,
CCOc1cc2NC(=S)N(CCC(=O)N3CCc4ccccc4C3)C(=O)c2cc1OCC,CHEMBL1350570,5.45,
CCOc1cc2ncc(C(=O)N)c(Nc3ccc(C)cc3F)c2cc1N4CCN(C)CC4,CHEMBL521096,,4.82
CCOc1cc2ncc(C(=O)N)c(Nc3ccc(F)cc3F)c2cc1N4CCC(O)CC4,CHEMBL481717,,4.77
CCOc1cc2ncc(C(=O)N)c(Nc3ccc(F)cc3F)c2cc1N4CCN(C)CC4,CHEMBL481806,,4.64
CCOc1cc2nccc(Oc3cnc(CC(=O)Nc4n[nH]c(CC)c4C)c(OC)c3)c2cc1OC,CHEMBL2023802,,4.12
CCOc1ccc(c(F)c1)n2nc3c(nnc(C)c3c2C)N4CC(C4)OC,CHEMBL1801192,,5.22
CCOc1ccc(CC(=O)Nc2cc(nc(n2)c3ccccn3)n4nc(C)cc4C)cc1OC,CHEMBL270655,5.16,
CCOc1ccc(CC(=O)Nc2sc(Cc3ccccc3)c(C)c2C(=O)N)cc1OCC,CHEMBL1577007,4.70,
CCOc1ccc(cc1)C(=O)CCNC(Cc2c[nH]cn2)C(=O)O,CHEMBL1570733,4.80,
CCOc1ccc(cc1)C(=O)CN2CCN(CC2)S(=O)(=O)c3ccc(F)cc3,CHEMBL1444983,5.20,
CCOc1ccc(cc1)C(=O)NC(=S)N(Cc2ccccc2)Cc3ccccc3,CHEMBL1466628,5.00,
CCOc1ccc(cc1)C2=[N+]([O-])c3ccccc3N(OCc4ccccn4)C2=O,CHEMBL1504999,4.90,
CCOc1ccc(cc1)C2=Nn3c(SC2)nnc3c4occc4,CHEMBL1399862,4.80,
CCOc1ccc(cc1)c2nnc3SCC(=Nn23)c4ccc(OC)cc4,CHEMBL1458916,4.80,
CCOc1ccc(cc1)N(C(C(=O)NC2CCCC2)c3ccccc3C)C(=O)\C=C\C(=O)Nc4cc(C)on4,CHEMBL1582268,6.05,
CCOc1ccc(cc1)N(CC(=O)NCc2ccc(OC)cc2)S(=O)(=O)c3c(C)onc3C,CHEMBL1429698,6.20,
CCOc1ccc(cc1)N2C(=NC3=C(SCC3)C2=O)SCC(=O)Nc4ccc(OC)cc4,CHEMBL1604087,5.10,
CCOc1ccc(cc1)N2C(=O)C3=C(CCS3)N=C2SCC(=O)Nc4ccc(OC)cc4OC,CHEMBL1568061,4.80,
CCOc1ccc(cc1)N2C(=O)CN=C2Nc3ccccc3Cl,CHEMBL1741780,4.80,
CCOc1ccc(cc1)N2C(=S)SC(=C2N)C(=O)NCc3cccnc3,CHEMBL1439483,5.70,
CCOc1ccc(cc1)n2c(Cc3ccccc3)nnc2SCc4c(C)onc4C,CHEMBL1409446,6.10,
CCOc1ccc(cc1)n2c(O)nnc2SCC(=O)Nc3ccccc3C,CHEMBL1541553,4.90,
CCOc1ccc(cc1)N2CC(CC2=O)C(=O)NCc3cccc(C)c3,CHEMBL1605148,5.10,
CCOc1ccc(cc1)n2ccnc2SCC(=O)Nc3nnc(C)s3,CHEMBL1304072,4.85,
CCOc1ccc(cc1[N+](=O)[O-])C(=O)Nc2cccc(c2)C3=Cc4ccccc4OC3=O,CHEMBL1352616,5.00,
CCOc1ccc(cc1Br)C(=O)Nc2ccc(NC(=O)c3occc3)c(Cl)c2,CHEMBL1461732,4.65,
CCOc1ccc(cc1Cl)C(=O)C2=C(O)C(=O)N(CCCn3ccnc3)C2c4cccs4,CHEMBL1400921,6.55,
CCOc1ccc(cc1Cl)C(=O)Nc2cccc(c2)c3oc4ncccc4n3,CHEMBL1531038,5.20,
CCOc1ccc(cc1N2C(=O)C3C4C=CC(C3C2=O)C4=C(C)C)C(=O)C,CHEMBL1524598,4.95,
CCOc1ccc(Cc2ccc(CC)cc2)cc1[C@@H]3C[C@H](CO)[C@@H](O)[C@H](O)[C@H]3O,CHEMBL2048492,4.44,
CCOc1ccc(Cc2nc3cc(ccc3n2CCN(CC)CC)N=C=S)cc1,CHEMBL38832,5.90,
CCOc1ccc(Cc2nccc3cc(OCC)c(OCC)cc23)cc1OCC,CHEMBL1555736,5.30,
CCOc1ccc(CCN2[C@H](CN(NS(=O)(=O)C)C2=O)c3ccc(OC)cc3)cc1,CHEMBL570805,,4.91
CCOc1ccc(CCNC(=O)C2CCN(CC2)S(=O)(=O)CC)cc1OCC,CHEMBL1742036,5.15,
CCOc1ccc(CCNC(=O)C2CN(C3CCCC3)C(=O)C2)cc1OCC,CHEMBL1742330,4.85,
CCOc1ccc(CN(C2CCS(=O)(=O)C2)C(=O)c3oc4ccccc4c3C)cc1,CHEMBL1376224,4.90,
CCOc1ccc(cn1)[C@@]2(O)CC[C@H](CC2)N3CC(C3)NC(=O)CNC(=O)c4cccc(c4)C(F)(F)F,CHEMBL2204249,,4.84
CCOc1ccc(CNC(=O)C2CN(C3CCCC3)C(=O)C2)cc1OC,CHEMBL1567305,4.60,
CCOc1ccc(N2C(=O)C3C4CCC(C=C4)C3C2=O)c(c1)[N+](=O)[O-],CHEMBL1563722,4.70,
CCOc1ccc(NC(=O)c2ccc(cc2)n3cnnn3)cc1,CHEMBL271326,4.47,
CCOc1ccc(NC(=O)N(C(C)c2ccncc2)C3CCCCC3)cc1,CHEMBL1412209,4.80,
CCOc1ccc(NC(=O)N(CCN2CCOCC2)Cc3ccc4N(CC)CCCc4c3)cc1,CHEMBL1524128,4.95,
CCOc1ccc(NC(=S)N(Cc2occc2)Cc3ccc(cc3)N(C)C)cc1,CHEMBL1420257,5.15,
CCOc1ccc(NC(=S)N(Cc2occc2)Cc3ccc(Cl)cc3)cc1,CHEMBL1452398,5.45,
CCOc1ccc(OCC)c(c1)C2=[N+]([O-])c3ccccc3N(OCc4ccc(cc4)C(C)(C)C)C2=O,CHEMBL1462862,4.90,
CCOc1ccc(OCC)c(c1)C2=[N+]([O-])c3ccccc3N(OCc4ccccc4C(=O)OC)C2=O,CHEMBL1304718,4.85,
CCOc1ccc(OCC)c(NC(=O)CN(C)S(=O)(=O)c2c[nH]cn2)c1,CHEMBL1461239,5.55,
CCOc1ccc(OCc2oc(cc2)C(=O)N3CCc4ccccc4C3)cc1,CHEMBL1522556,4.40,
CCOc1ccc(OCc2oc(cc2)C(=O)NCc3cccnc3)cc1,CHEMBL1451815,5.55,
CCOc1ccc2NC(C)(C)C=C(C)c2c1,CHEMBL172064,4.80,
CCOc1ccc2nc(O)c(CN(CCCO)Cc3nnnn3CCc4ccccc4)cc2c1,CHEMBL1472036,5.05,
CCOc1ccc2nc(SCc3ccccc3C#N)sc2c1,CHEMBL1377552,4.90,
CCOc1ccc2ncc(F)c(CCC34CCC(CC3)(CO4)NCc5ccc6OCC(=O)Nc6n5)c2n1,CHEMBL3605140,,6.40
CCOc1cccc(c1)C(=O)C2=C(O)C(=O)N(Cc3cccnc3)C2c4occc4,CHEMBL1306550,4.90,
CCOc1cccc(c1)c2cccc(c2)N3C=C(C(=O)NC(C)C)C(=O)c4cccnc34,CHEMBL456808,,5.57
CCOc1cccc(c1)C2N(Cc3ccncc3)C(=O)C(=C2C(=O)c4oc(C)cc4)O,CHEMBL1337387,5.30,
CCOc1ccccc1\C=N\NC(=O)Cc2csc(Nc3cccc(c3)C(F)(F)F)n2,CHEMBL3212789,4.85,
CCOc1ccccc1C[C@@H](N2CCNCC2)c3ccccc3,CHEMBL403441,4.52,5.16
CCOc1ccccc1C2C(=C(C)Nc3nc(nn23)c4ccc(OC)cc4)C(=O)N,CHEMBL1741907,4.90,
CCOc1ccccc1C2C(=C(N)Oc3[nH]nc(CC)c23)C#N,CHEMBL1560706,5.15,
CCOc1ccccc1NC(=O)CSc2nnc(c3cnccn3)n2C,CHEMBL1721191,5.05,
CCOc1ccccc1Nc2nc(cs2)c3sc(NC(=O)c4cccc(Cl)c4)nc3C,CHEMBL1498627,5.00,
CCOc1ccccc1Nc2nc(cs2)c3sc(NC(=O)c4ccccc4)nc3C,CHEMBL1451149,5.10,
CCOc1ccccc1O[C@H]([C@@H]2CNCCO2)c3ccccc3,CHEMBL180101,5.00,
CCOc1ccccc1OC2=C(C)Oc3cc(OC(=O)c4occc4)ccc3C2=O,CHEMBL1336347,4.70,
CCOc1nc(NC(=O)C2(CCC2)NC(=O)c3ccc4c(C5CCCC5)c(c6ccc(F)cn6)n(C)c4c3)ccc1\C=C\C(=O)O,CHEMBL3408617,,5.68
CCOc1nc(NCCc2ccc(OC)c(OC)c2)nc(NC(C)(C)CO)n1,CHEMBL1310796,4.95,
CCOc1nn(c(O)c1\C=N\c2ccc(Cl)cc2)c3ccccc3,CHEMBL3207405,4.70,
CCOc1nn(cc1Nc2ncc(Cl)c(n2)c3cnn4ccccc34)C5CCN(CC5)C(=O)C,CHEMBL3822943,,5.19
CCOCC1(COCC)N[C@H](Cc2c1[nH]c3ccccc23)c4nc(c[nH]4)c5ccccc5,CHEMBL2069501,,6.75
CCOCc1c(cnn1c2ncc(C)c(n2)N3CCCCC3)C(=O)NCc4cncn4C,CHEMBL2409007,6.00,
CCOCCCN1C(=N)C(=CC2=C1N=C3N(C=CC=C3C)C2=O)C(=O)NCc4ccc5OCOc5c4,CHEMBL1570435,5.85,
CCOCCCN1C(C(=O)N(CC1=O)C2CCCCC2)c3ccc(OCC)c(OC)c3,CHEMBL1508020,4.90,
CCOCCCN1C=Nc2c(C1=O)c3nc4ccccc4nc3n2c5ccccc5,CHEMBL1483088,4.70,
CCOCCCN1CC(CC1=O)C(=O)NCCc2ccc(C)cc2,CHEMBL1483257,4.80,
CCOCCCNC(=O)\C(=C\c1ccc[nH]1)\NC(=O)c2ccccc2,CHEMBL1587133,4.60,
CCOCCn1c(nc2ccccc12)C3CCCN(C)C3,CHEMBL1095031,,5.90
CCOCCn1c(nc2ccccc12)N3CC[C@@H](C3)N(C)C,CHEMBL1087493,,6.63
CCOCCn1nc(CC)c2nc(nc(Nc3cc(C)ccn3)c12)N4CCC(CC4)C(=O)O,CHEMBL1094365,,5.96
CCOCN(C(=O)CCl)c1c(C)cccc1CC,CHEMBL1517425,4.80,
CCOP(=O)(OCC)C(NC(=O)C(Cl)Cl)C(Cl)(Cl)Cl,CHEMBL1734683,4.50,
CCOP(=S)(OCC)Oc1ccc(cc1)[N+](=O)[O-],CHEMBL261919,5.00,
CCOP(=S)(OCC)Oc1ccc2C(=C(Cl)C(=O)Oc2c1)C,CHEMBL251680,5.70,
CCOP(=S)(OCC)Oc1nc(Cl)c(Cl)cc1Cl,CHEMBL463210,5.30,
CCOP(=S)(OCC)SCCSCC,CHEMBL1332314,4.70,
CCOP(=S)(OCC)SCN1C(=O)Oc2cc(Cl)ccc12,CHEMBL1528531,6.10,
CCS(=O)(=O)C[C@@H]1C[C@@H](CC[C@@H]1N2CC[C@H](NC(=O)c3cccc(c3)c4ccccc4)C2=O)N(C)C(C)C,CHEMBL3233185,,4.22
CCS(=O)(=O)c1cc2cc(CC(O)(CC(C)(C)c3ccccc3C(=O)N)C(F)(F)F)[nH]c2cn1,CHEMBL3358949,4.85,
CCS(=O)(=O)c1ccc(cc1)c2cnc(N)c(n2)c3ccc(nc3)C(F)(F)F,CHEMBL3124985,,5.43
CCS(=O)(=O)c1ccc2[nH]c(nc2c1)c3cc(ccc3C)c4ccccc4,CHEMBL2070153,5.23,
CCS(=O)(=O)c1ccc2[nH]c(nc2c1)c3cc(ccc3F)c4ccccc4,CHEMBL2070147,4.85,
CCS(=O)(=O)c1ccc2[nH]c(nc2c1)c3ccc(C)c(c3)c4ccccc4,CHEMBL2069316,5.24,
CCS(=O)(=O)c1ccc2[nH]c(nc2c1)c3ccc(F)c(c3)c4ccccc4,CHEMBL2070148,5.25,
CCS(=O)(=O)c1ccc2[nH]c(nc2c1)c3cccc(c3)c4ccccc4,CHEMBL2070137,5.05,
CCS(=O)(=O)c1ccc2[nH]c(nc2c1)c3cccc(c3F)c4ccccc4,CHEMBL2070146,5.18,
CCS(=O)(=O)c1ccc2[nH]c(nc2c1)c3cccc(n3)c4ccccc4,CHEMBL2070154,5.11,
CCS(=O)(=O)c1ccc2OC(CN(c2c1)S(=O)(=O)c3ccc(OC)cc3)C(=O)O,CHEMBL1612407,4.65,
CCS(=O)(=O)c1ccc2oc(Nc3cc(C)cc(C)c3)nc2c1,CHEMBL1379079,4.55,
CCS(=O)(=O)N(C)[C@H]1[C@H](O)C(C)(C)Oc2ccc(cc12)C#N,CHEMBL44297,4.80,
CCS(=O)(=O)n1c2CCN(Cc2c3cc(ccc13)C(=O)N4CCC(C)CC4)C5CCOC5,CHEMBL1950488,,4.60
CCS(=O)(=O)n1c2CCN(Cc2c3cc(ccc13)C(=O)N4CCC(C)CC4)C5CCOCC5,CHEMBL1950351,,5.51
CCS(=O)(=O)N1CCC(CC1)C(=O)NCCCOC,CHEMBL1742000,7.25,
CCS(=O)(=O)N1CCC[C@H]2CN3CCc4cc(OC)ccc4[C@@H]3C[C@H]12,CHEMBL1447317,5.30,
CCS(=O)(=O)N1CCN(CC1)C(=O)c2cn(C)c3c(CN4C[C@H]5N([C@@H](Cc6ccc(O)cc6)C4=O)C(=O)CN(CC=C)N5C(=O)NCc7ccccc7)cccc23,CHEMBL3702700,5.55,
CCS(=O)(=O)Nc1cccc(c1)C(=C2CCCCC2)c3c[nH]cn3,CHEMBL362863,6.50,
CCS(=O)(=O)NCC(N1CCN(CC1)c2ccccc2F)c3cccnc3,CHEMBL1742117,4.85,
CCSc1cc(nc(n1)c2ccc(F)cc2)N3CCCC3,CHEMBL1562921,4.50,
CCSc1ccc2Sc3ccccc3N(CCCN4CCN(C)CC4)c2c1.O[C@H](CC(=O)O)C(=O)O.O[C@H](CC(=O)O)C(=O)O,CHEMBL1326247,5.00,
CCSc1ccccc1C(=O)N(CC2CCC2)[C@H]3CCNC3,CHEMBL556539,,5.12
CCSc1nc2cc(OC)ccc2[nH]1,CHEMBL2018906,4.30,
CCSc1ncccc1C(=O)N2CC[C@H](NCc3cncn3Cc4ccc(cc4)C#N)C2=O,CHEMBL500945,,4.85
Cl.[Cl-].CCCC[P+](CCCC)(CCCC)Cc1ccc(NC(=O)[C@@H](Cc2ccc3ccccc3c2)N\C(=N/C4CCCCC4)\NC5CCCCC5)cc1,CHEMBL1315207,4.60,
Cl.C(CNc1nc(nc2c1oc3ccccc23)c4ccccc4)Cn5ccnc5,CHEMBL1594359,6.00,
Cl.C(CNc1ncnc2c1oc3ccccc23)Cn4ccnc4,CHEMBL1402633,6.20,
Cl.C(CNCCc1ccnc(n1)n2ccnc2)Cc3cccnc3,CHEMBL3407814,4.16,
Cl.C(N(C1CNC1)c2ccccc2)c3ccc4ccccc4c3,CHEMBL3331469,5.88,
Cl.C(N1CCN(CC1)C(c2cccs2)c3nnnn3C4CCCC4)c5occc5,CHEMBL1399750,4.85,
Cl.C(Nc1nc(nc2c1oc3ccccc23)c4ccccc4)c5occc5,CHEMBL1400192,4.70,
Cl.C[C@@H]1NC(=N[C@@]1(c2ccc(F)cc2)c3ccc(F)nc3)c4cc(Cl)ccn4,CHEMBL490903,,5.11
Cl.C[C@H]([C@H](N)C(=O)N1CC[C@H](F)C1)C2CCC(CC2)N(C)C(=O)C3CC3,CHEMBL392825,,4.41
Cl.C1CCN(C1)C23CNCC(C(C2)c4ccccc4)C(C3)c5ccccc5,CHEMBL3401424,,5.58
Cl.C1CN2Cc3ccccc3N=C2C1,CHEMBL1376378,4.50,
Cl.C1NC[C@H]2C[C@@H]1C[C@@H]2Oc3ccccc3c4cccnc4,CHEMBL1209070,,5.67
Cl.CC(=O)N1CCC(CC1)C(=O)N(CCCN2CCN(Cc3ccc(F)cc3)CC2)c4ccc(C)c(Cl)c4,CHEMBL2017374,,5.74
Cl.CC(C)(C)NCC(O)c1cc(Cl)c(N)c(Cl)c1,CHEMBL1330729,4.80,
Cl.CC(C)(Cc1ccc2ccccc2c1)NC[C@@H](O)COc3cccc(Cl)c3C#N,CHEMBL2112075,,5.52
Cl.CC(C)[C@H](N)c1oc(SC\C=C\c2ccccc2)nn1,CHEMBL1352225,5.90,
Cl.CC(C)[C@H](N)c1oc(SCc2ccc(Cl)cc2)nn1,CHEMBL1610132,5.80,
Cl.CC(C)C(O)(C#CCN1CCCC1)c2ccccc2,CHEMBL1462483,4.85,
Cl.CC(C)c1cc(nc(C)n1)C(=O)NCCCN2CCN(CC2)c3cccc(Cl)c3Cl,CHEMBL1271756,,5.27
Cl.CC(C)c1nnc(C)n1C2CCN(CC2)C(C)C[C@H](NC(=O)C3CC(F)(F)C3)c4ccccc4,CHEMBL491679,,5.64
Cl.CC(C)CC(N(C)C)C1(CCC1)c2ccc(Cl)cc2,CHEMBL1200765,5.00,
Cl.CC(C)n1nc(C(=O)NCC2CCN(CCNS(=O)(=O)C)CC2)c3ccccc13,CHEMBL2179702,,5.58
Cl.CC(CC=C)(NCc1ccccc1)c2occc2,CHEMBL1726069,4.80,
Cl.CC(COc1ccccc1)N(CCCl)Cc2ccccc2,CHEMBL1200787,4.50,
Cl.CC(N(C)C)C1(CCCCC1)c2ccc3ccccc3c2,CHEMBL1684059,,5.37
Cl.CC(NC(=O)CN1CCCC1)C23CC4CC(CC(C4)C2)C3,CHEMBL1527837,4.85,
Cl.CC(NCc1ccc(Cl)cc1Cl)C(O)c2ccccc2,CHEMBL1386361,4.95,
Cl.CC(NCCC(c1ccccc1)c2ccccc2)c3ccccc3,CHEMBL1405922,4.60,
Cl.CC[C@]1(O)CC(O[C@@H]2CC(C(O)C(C)O2)N(C)C)c3c(O)c4C(=O)c5c(O)cccc5C(=O)c4cc3C1C(=O)OC,CHEMBL1366812,4.40,
Cl.CC1=C(C=C(C#N)C(=O)N1)c2ccc3nccn3c2,CHEMBL1436121,6.90,
Cl.Cc1c(cc(n1C)C(C)(C)C)C(=O)NCCN2CCN(CC2)c3cccc(Cl)c3Cl,CHEMBL1214597,,5.16
Cl.Cc1cc(c(O)c(C)c1CC2=NCCN2)C(C)(C)C,CHEMBL1200791,4.60,
Cl.Cc1cc(C2NC=NC=C2)c(C)s1,CHEMBL3823354,4.70,
Cl.Cc1cc(cc(C)c1CC2=NCCN2)C(C)(C)C,CHEMBL1256400,4.40,
Cl.Cc1cc(nc2ccc3ccccc3c12)c4cccc(c4)[N+](=O)[O-],CHEMBL1609078,5.50,
Cl.Cc1ccc(CSc2oc(nn2)[C@@H]3CCCN3)cc1,CHEMBL1742187,5.45,
Cl.Cc1cccc(NC(=N)c2oc(cc2)c3ccc(Cl)cc3)c1,CHEMBL539863,,5.68
Cl.Cc1cccc(Sc2ccccc2N3CCNCC3)c1C,CHEMBL2204357,5.06,
Cl.Cc1nc(c2ccc(F)cc2F)n(C)c1CC(=O)NCc3ccc(F)cc3Cl,CHEMBL1801364,5.26,
Cl.Cc1nccc2c3ccc(O)cc3[nH]c12,CHEMBL1449575,4.60,
Cl.CCc1c(C)[nH]c2CCC(CN3CCOCC3)C(=O)c12,CHEMBL1200419,4.90,
Cl.CCc1sc(nc1CN(C)CCO)c2cn(CC3CCOCC3)c4c(Cl)cccc24,CHEMBL1762813,,6.20
Cl.CCc1sc(nc1CN(CCO)C(C)C)c2cn(CC3CCOCC3)c4c(Cl)cccc24,CHEMBL1762815,,6.60
Cl.CCCCN(CCCC)CCC(O)c1cc2c(Cl)cc(Cl)cc2c3cc(ccc13)C(F)(F)F,CHEMBL1200901,5.00,
Cl.CCCCN1C(=O)[C@H](CC2CCCCC2)NC(=O)C13CCN(Cc4ccc(Oc5ccc(cc5)C(=O)O)cc4)CC3,CHEMBL1170878,4.60,
Cl.CCCCN1C(=O)C(NC(=O)C12CCN(Cc3ccc(Oc4ccccc4)cc3)CC2)C(C)C,CHEMBL1813459,5.03,
Cl.CCCCN1CCCC[C@@H]1C(=O)Nc2c(C)cccc2C,CHEMBL2447962,,4.08
Cl.CCCCN1CCCC[C@H]1C(=O)Nc2c(C)cccc2C,CHEMBL1200749,,4.89
Cl.CCCCN1CCCCC1C(=O)Nc2c(C)cccc2C,CHEMBL1200396,4.50,4.50
Cl.CCCCOc1ccc(cc1)C(=O)CCN2CCCCC2,CHEMBL1200478,4.50,
Cl.CCCN1C2=NCCCN2c3ccccc13,CHEMBL1724116,4.45,
Cl.CCCNCC(O)COc1ccccc1C(=O)CCc2ccccc2,CHEMBL1201063,5.30,
Cl.CCCOC(C1CNC1)c2ccc3ccccc3c2,CHEMBL2171416,,6.01
Cl.CCN(CC)CCNC(=O)c1ccc(NC(=O)C)cc1,CHEMBL1256805,6.90,
Cl.CCN(CC)CCOC(=O)C(c1ccccc1)c2ccccc2,CHEMBL555654,5.20,
Cl.CCN(CCCCOC(=O)c1ccc(OC)c(OC)c1)C(C)Cc2ccc(OC)cc2,CHEMBL1446650,4.90,
Cl.CCN(CCO)Cc1nc(sc1CC)c2cn(CC3CCOCC3)c4c(Cl)cccc24,CHEMBL1762814,,6.50
Cl.CCN1C(=O)N(C)C(=O)c2c1cc(N3CCC[C@@](C)(N)C3)n2Cc4cc(F)ccc4C#N,CHEMBL1288288,5.03,
Cl.CCN1CCCC(C1)OC(=O)C(c2ccccc2)c3ccccc3,CHEMBL1511957,4.80,
Cl.CCNCc1cc(OCC)c(OCC(=O)NCCc2ccccc2)cc1Cl,CHEMBL1547886,6.35,
Cl.CCOC(=O)c1[nH]cc2[C@@H](C3=C(CN(CC3=O)C(=O)CN)Nc12)c4oc(Sc5nc6ccccc6[nH]5)cc4,CHEMBL3393485,6.30,
Cl.CCOC(C(=O)OCCCN(CC)CC)(c1ccccc1)c2ccccc2,CHEMBL1742283,6.15,
Cl.CCOc1cc(CNCCO)cc(Br)c1OCc2ccccc2Cl,CHEMBL1313121,5.70,
Cl.CCOc1cccc(CNCCNC(=O)c2nonc2N)c1,CHEMBL1380806,5.30,
Cl.CCSc1oc(nn1)[C@@H](N)Cc2c[nH]c3ccccc23,CHEMBL1501813,4.85,
Cl.CCSc1oc(nn1)C(N)Cc2ccccc2,CHEMBL1376958,4.95,
Cl.Cl.C[C@@H](N)[C@@H]1CC[C@H](CC1)C(=O)Nc2ccncc2,CHEMBL1605605,4.80,
Cl.Cl.CC(C)(N=NC(C)(C)C(=N)N)C(=N)N,CHEMBL1528605,4.40,
Cl.Cl.CC(C)n1nc(C(=O)NCC2CCN(CCN3CCOCC3)CC2)c4ccccc14,CHEMBL3215681,,4.49
Cl.Cl.Cc1cc(nnc1NCCN2CCOCC2)c3ccccc3,CHEMBL1364551,4.50,
Cl.Cl.Cc1ncc(CN2CCC(=CC2)c3ccccc3)c(N)n1,CHEMBL1334895,4.60,
Cl.Cl.CCCCC(CC)CNC(=N)NC(=N)NCCCCCCNC(=N)NC(=N)NCC(CC)CCCC,CHEMBL554041,4.60,
Cl.Cl.CCNCc1cc(cc(c1)C(F)(F)F)C(=O)N[C@@H]2CCc3ccc(Oc4ccnc5NC(=O)CCc45)cc3C2,CHEMBL3765509,,5.25
Cl.Cl.Cl.Cc1c(Cl)cccc1N2CCN(CCCNC(=O)c3nc(c4ccccc4)n(c3Cn5cncn5)c6ccccc6)CC2,CHEMBL3215850,,5.01
Cl.Cl.Cl.Cl.CCCn1c(C)c(cc1c2ccccn2)C(=O)NCCCN3CCN(CC3)c4cccc(Cl)c4Cl,CHEMBL3216702,,6.00
Cl.Cl.Cl.Cn1cnc(c1)C(=O)N(Cc2cccc(Cl)c2)[C@@H]3CC[C@H](N)CC3,CHEMBL3217125,,4.18
Cl.Cl.CN(C)c1ccc(\C=C\2/CCCN=C2c3cccnc3)cc1,CHEMBL1357796,5.00,
Cl.Cl.CN(C)Cc1cc(cc(c1)C(F)(F)F)C(=O)N[C@@H]2CCc3ccc(Oc4ccnc5NC(=O)CCc45)cc3C2,CHEMBL3764357,,5.20
Cl.Cl.CN(c1ccc2c(C)n(C)nc2c1)c3ccnc(Nc4cccc(c4)S(=O)(=O)N)n3,CHEMBL1794074,4.51,
Cl.Cl.CN1CCC(=CC1)c2c[nH]c3cc(NC(=N)c4cccs4)ccc23,CHEMBL3142316,4.13,
Cl.Cl.COc1ccc(CC(N)C(=O)NC2C(CO)OC(C2O)n3cnc4c(ncnc34)N(C)C)cc1,CHEMBL1356909,4.50,
Cl.Cl.CS(=O)(=O)CCNCc1nc(cs1)c2ccc3ncnc(Nc4ccc(OCc5cccc(F)c5)c(Cl)c4)c3c2,CHEMBL1356199,5.60,
Cl.Cl.Fc1ccc(cc1)c2nc3SCCn3c2c4ccncc4,CHEMBL1594610,4.80,
Cl.Cl.N=C(Nc1ccc2c(c[nH]c2c1)C3CN4CCC3CC4)c5cccs5,CHEMBL3142317,4.00,
Cl.Cl.Nc1nc(c2ccc(Cl)c(Cl)c2)c(s1)c3ccncc3,CHEMBL1551336,6.10,
Cl.Cl.OC(CN1CCNCC1)Cn2c3ccc(Br)cc3c4cc(Br)ccc24,CHEMBL1402326,4.50,
Cl.Cl.OC1(CNC1)c2cc(cc(c2)C(F)(F)F)C(=O)N[C@@H]3CCc4ccc(Oc5ccnc6NC(=O)CCc56)cc4C3,CHEMBL3764870,,5.31
Cl.Clc1cc2NC(=O)Cc2cc1CCN3CCN(CC3)c4nsc5ccccc45,CHEMBL1712,,6.92
Cl.Clc1ccc(OC(C2CNC2)c3ccc4ccccc4c3)cc1Cl,CHEMBL2171418,,6.75
Cl.Clc1cccc2c(cn(CC3CCOCC3)c12)c4nc(CN5CCCC5)cs4,CHEMBL1762803,,6.10
Cl.CN(C)C(=O)CN1C(=O)N(C)C(=O)c2c1cc(N3CCC[C@@](C)(N)C3)n2Cc4cc(F)ccc4Cl,CHEMBL1288289,4.87,
Cl.CN(C)c1ccc(cc1)C(=N)c2ccc(cc2)N(C)C,CHEMBL1612246,4.80,
Cl.CN(C)CCCN1c2ccccc2CCc3ccc(Cl)cc13,CHEMBL1200710,4.70,
Cl.CN(c1ccc2c(C)nn(C)c2c1)c3ccnc(Nc4cccc(c4)S(=O)(=O)N)n3,CHEMBL1794073,4.89,
Cl.CN(Cc1cc(Br)cc(Br)c1N)C2CCCCC2,CHEMBL1319139,4.90,
Cl.CN(CCC(N)CC(=O)NC1C=CC(OC1C(=O)O)N2C=CC(=NC2=O)N)C(=N)N,CHEMBL1480558,6.70,
Cl.CN[C@@H](C)C(=O)N[C@H]1[C@H](C)N(C(=O)C)c2cc(ccc2N(Cc3c(OC)ccc4ccccc34)C1=O)C#N,CHEMBL2436225,4.30,
Cl.CN[C@@H](C)C(=O)N[C@H]1[C@H](C)N(C(=O)CS(=O)(=O)C)c2cc(ccc2N(Cc3c(OC)ccc4ccccc34)C1=O)C#N,CHEMBL2436223,4.30,
Cl.CN[C@@H](C)C(=O)N[C@H]1[C@H](C)N(C(=O)CS(=O)(=O)C)c2ccccc2N(Cc3c(C)ccc4ccccc34)C1=O,CHEMBL2436219,5.07,
Cl.CN[C@@H](C)C(=O)N[C@H]1[C@H](C)N(C(=O)CS(=O)(=O)C)c2ccccc2N(Cc3c(OC)ccc4c(Br)cccc34)C1=O,CHEMBL2436217,5.77,
Cl.CN[C@@H](C)C(=O)N[C@H]1[C@H](C)N(C(=O)CS(=O)(=O)C)c2ccccc2N(Cc3noc4ccccc34)C1=O,CHEMBL2436220,5.68,
Cl.CN[C@@H](C)C(=O)N[C@H]1CN(C(=O)C)c2ccccc2N(Cc3c(OC)ccc4cc(Br)ccc34)C1=O,CHEMBL2436214,5.50,
Cl.CN[C@@H](C)C(=O)N[C@H]1CN(C(=O)c2ccc(C)cc2)c3ccccc3N(Cc4c(OC)ccc5cc(Br)ccc45)C1=O,CHEMBL2436334,5.85,
Cl.CN[C@@H](C)C(=O)N[C@H]1CN(C(=O)c2ccc(F)cc2)c3ccccc3N(Cc4c(OC)ccc5cc(Br)ccc45)C1=O,CHEMBL2436331,5.82,
Cl.CN[C@@H](C)C(=O)N[C@H]1CN(C(=O)c2ccc(N)cc2)c3ccccc3N(Cc4c(OC)ccc5ccccc45)C1=O,CHEMBL2436208,4.99,
Cl.CN[C@@H](C)C(=O)N[C@H]1CN(C(=O)c2cccc(F)c2)c3ccccc3N(Cc4c(OC)ccc5cc(Br)ccc45)C1=O,CHEMBL2436332,5.92,
Cl.CN[C@@H](C)C(=O)N[C@H]1CN(C(=O)C2CCOCC2)c3ccccc3N(Cc4c(OC)ccc5cc(Br)ccc45)C1=O,CHEMBL2436213,5.64,
Cl.CN[C@@H](C)C(=O)N[C@H]1CN(C(=O)CC(C)C)c2ccccc2N(Cc3c(C)ccc4ccccc34)C1=O,CHEMBL2436327,5.89,
Cl.CN[C@@H](C)C(=O)N[C@H]1CN(C(=O)CC(C)C)c2ccccc2N(CCc3ccccc3)C1=O,CHEMBL2436325,5.48,
Cl.CN[C@@H](C)C(=O)N[C@H]1CN(C(=O)Cc2cccnc2)c3ccccc3N(Cc4c(OC)ccc5cc(Br)ccc45)C1=O,CHEMBL2436210,5.55,
Cl.CN[C@@H](C)C(=O)N[C@H]1CN(C(=O)CS(=O)(=O)C)c2ccccc2N(Cc3c(OC)ccc4cc(Br)ccc34)C1=O,CHEMBL2436215,5.00,
Cl.CN1C(=O)N(CCCO)c2cc(N3CCC[C@@](C)(N)C3)n(Cc4cc(F)ccc4Cl)c2C1=O,CHEMBL1287844,5.11,
Cl.CN1C2CCC1C=C(C2)N(CCc3c[nH]c4ccccc34)C(=O)c5ccc(Cl)cc5,CHEMBL1728158,4.75,
Cl.CN1CC(C)(NC(=O)Nc2cccc(c2)c3nnnn3C)C(CN4CCC[C@@H](Cc5ccc(F)cc5)C4)OC1=O,CHEMBL505914,,4.80
Cl.Cn1cc2c(OCC3CCN(CCc4ccc(N)cc4)CC3)nc5ccccc5c2c1,CHEMBL2179675,,7.30
Cl.CN1Cc2ccccc2[C@@H](N=C1CCc3ccc(NS(=O)(=O)C)cc3)c4ccc(F)cc4F,CHEMBL1788304,,4.07
Cl.CN1CCCN=C1COC(=O)C(O)(C2CCCCC2)c3ccccc3,CHEMBL1200891,5.10,
Cl.CN1CCN2C(C1)c3ccccc3Cc4ccccc24,CHEMBL544428,4.40,
Cl.CNC(C)C1(CCCCC1)c2ccc(Cl)c(Cl)c2,CHEMBL1684057,,4.64
Cl.CNC1CCCC(C1)c2c[nH]c3ccc(NC(=N)c4cccs4)cc23,CHEMBL2036273,4.00,4.48
Cl.CNCCC(Oc1ccc(cc1)C(F)(F)F)c2ccccc2,CHEMBL1201082,4.70,
Cl.CNCCC=C1c2ccccc2CCc3ccccc13,CHEMBL1201156,4.60,
Cl.CNCCCC12CCC(c3ccccc13)c4ccccc24,CHEMBL1237135,4.90,
Cl.CNCCCN1c2ccccc2CCc3ccccc13,CHEMBL1696,4.40,
Cl.COC(=O)C(N)CS,CHEMBL1490495,4.40,
Cl.COC(=O)C1=C(C)NC(=C(C1c2cccc(c2)[N+](=O)[O-])C(=O)OCCN(C)Cc3ccccc3)C,CHEMBL1200326,6.00,
Cl.COc1cc(CNC2CCCC2)cc(Cl)c1OCc3ccccc3Cl,CHEMBL1328118,5.25,
Cl.COc1cc(CNCc2cccs2)ccc1OCC(=O)NC(C)(C)C,CHEMBL1742258,5.35,
Cl.COc1cc(CNCCN2CCOCC2)ccc1OCc3ccc(Cl)cc3Cl,CHEMBL1308821,5.00,
Cl.COc1cc(CNCCN2CCOCC2)ccc1OCc3ccccc3Cl,CHEMBL1410452,4.80,
Cl.COc1cc(CNCCO)cc(Br)c1OCc2ccccc2Cl,CHEMBL1508951,5.40,
Cl.COc1cc(OC)c(\C=N/CC2(CCCC2)c3ccccc3)cc1OC,CHEMBL3208639,4.60,
Cl.COc1cc2CCN3C(=O)N(C)\C(=N\c4c(C)cc(C)cc4C)\C=C3c2cc1OC,CHEMBL1256910,4.80,
Cl.COc1ccc(cc1)c2ccc3C(=CCc3c2)c4ccncc4,CHEMBL497309,5.62,
Cl.COc1ccc(CCNc2ccncn2)cc1,CHEMBL1485494,6.25,
Cl.COc1ccc(N)c(OC)c1,CHEMBL1486447,4.60,
Cl.COc1ccc(N)cc1,CHEMBL1524474,4.60,
Cl.COc1ccc(NC(=O)N2CCNC[C@@H]2COc3cccnc3)cc1,CHEMBL3262163,,4.51
Cl.COc1ccc2[C@@H](OC(=O)c2c1OC)C3N(C)CCc4cc5OCOc5c(OC)c34,CHEMBL1591787,5.40,
Cl.COc1ccc2ncc(F)c(C[C@H](O)C34CCC(CC3)(CO4)NCc5ccc6OCC(=O)Nc6n5)c2n1,CHEMBL3288811,,4.75
Cl.COc1ccccc1\C=C\C=N\N2CCN(Cc3ccc(Cl)cc3)CC2,CHEMBL3199340,4.85,
Cl.COc1ccccc1CNC(=O)CN2CCC(CC2)NC(=O)c3ccccc3F,CHEMBL1464877,7.55,
Cl.COc1ccccc1CNCc2cccs2,CHEMBL1741952,4.75,
Cl.COCc1ccc2c(c1)N(C)C(=O)c3c2nc(N4CCC[C@@H](N)C4)n3Cc5ccccc5Cl,CHEMBL2147194,,5.74
Cl.COCCN(C)Cc1csc(n1)c2cn(CC3CCCCC3)c4c(Cl)cccc24,CHEMBL1762804,,6.60
Cl.COCCN(C)Cc1csc(n1)c2cn(CC3CCOCC3)c4c(Cl)cccc24,CHEMBL1762805,,6.00
Cl.COCCOc1ccccc1N2CCN(CC2)C(=O)[C@@]3(CCCN([C@@H]3CC=C)C(=O)c4cnccc4C(F)(F)F)Oc5ccc(cc5)C(F)(F)F,CHEMBL3288448,5.68,
Cl.COCCOc1ccccc1N2CCN(CC2)C(=O)[C@@]3(CCCN(C3)C(=O)c4cnccc4C(F)(F)F)Oc5ccc(cc5)C(F)(F)F,CHEMBL3288447,5.31,
Cl.CSc1ccc(cc1)[C@@H]2N=C(OCc3ccc(NS(=O)(=O)C)cc3)N(C)Cc4ccccc24,CHEMBL3350235,,4.25
Cl.CSc1ccc2Sc3ccccc3N(CCC4CCCCN4C)c2c1,CHEMBL1200916,4.50,
Cl.FC(F)(F)c1ccc(CCN2CCC3(CC2)OC(=O)Nc4ccccc34)cc1,CHEMBL1317124,5.10,
Cl.Fc1cc(ccc1Cl)C(Oc2ccccc2)C3CNC3,CHEMBL2171419,,5.81
Cl.Fc1ccc(cc1)c2ccc3C(=CCc3c2)c4ccncc4,CHEMBL498662,6.80,
Cl.Fc1ccc(cc1)c2ccc3C(=CCCc3c2)c4ccncc4,CHEMBL497480,5.38,
Cl.Fc1ccc(cc1)c2ccc3C(CCc3c2)c4cccnc4,CHEMBL496287,5.77,
Cl.Fc1ccc(cc1)c2ccc3C(CCCc3c2)c4ccncc4,CHEMBL496289,5.66,
Cl.Fc1ccc(cc1F)c2ccc3C(CCCc3c2)c4ccncc4,CHEMBL496456,5.64,
Cl.Fc1ccc(COc2ccc(Br)cc2CNCc3ccncc3)cc1,CHEMBL1540313,6.25,
Cl.Fc1ccncc1c2ccccc2O[C@H]3C[C@@H]4CNC[C@H]3C4,CHEMBL1209126,,5.75
Cl.NC[C@H]1C[C@@H]1c2cc(Cl)ccc2OCC(=C)F,CHEMBL3416051,,5.40
Cl.Nc1c(Br)cc(Br)cc1CN[C@@H]2CC[C@@H](O)CC2,CHEMBL1514634,4.60,
Cl.Nc1ccc(cc1)C(=C2C=CC(=N)C=C2)c3ccc(N)cc3,CHEMBL1609459,4.90,
Cl.Nc1ccc(cc1)c2ccc3ccccc3n2,CHEMBL1255755,5.40,
Cl.Nc1ncc(cc1c2oc3ccccc3n2)c4cnn(c4)C5CCNCC5,CHEMBL1170608,,6.13
Cl.NCCCCCCNS(=O)(=O)c1cccc2c(Cl)cccc12,CHEMBL513116,5.60,
Cl.NNCc1ccccc1,CHEMBL1434568,5.10,
Cl.NOCc1ccc(I)cc1,CHEMBL3763688,5.14,
Cl.O=C(CN1CCN(CC1)c2ncccn2)NCCC3=CCCCC3,CHEMBL1533852,4.75,
Cl.O=C(NCCOC(=O)c1ccc(s1)C(=O)OCCNC(=O)c2cccnc2)c3cccnc3,CHEMBL1600753,5.60,
Cl.OC(COc1ccc(F)cc1C(=O)CCc2ccccc2)CN3CCN(CC3)C(c4ccccc4)c5ccccc5,CHEMBL1915364,,5.32
Cl.OC(COc1ccc2cc(Br)ccc2c1)Cn3ccnc3,CHEMBL2448692,6.16,
Cl.OC(COc1ccc2ccccc2c1)CN3CCC(CN4C(=O)c5cccc6cccc(C4=O)c56)CC3,CHEMBL1380969,5.10,
Cl.OC(COc1ccccc1C(=O)CCc2ccccc2)CN3CCN(CC3)C(c4ccccc4)c5ccccc5,CHEMBL1915083,,5.59
Cl.OC[C@H](O)CN1C(=O)N(C2CCN(C[C@H]3[C@H]4CC[C@H](C4)C35CC5)CC2)c6ccccc16,CHEMBL564840,,4.60
Cl.Oc1cncc(c1)c2ccccc2O[C@H]3C[C@@H]4CNC[C@H]3C4,CHEMBL1209124,,5.80
Cl.OCCN(CCO)Cc1csc(n1)c2cn(CC3CCOCC3)c4c(Cl)cccc24,CHEMBL1762812,,5.60
Cl.OCCNCC(=O)N1CCc2ccccc12,CHEMBL1428455,5.85,
ClC(=C(Cl)COC(=O)C1CC=CCC1C(=O)NC2CCCCC2)Cl,CHEMBL1353478,5.10,
ClC(Cl)(Cl)C(NC(=O)Cc1ccccc1)Nc2cccc3ccccc23,CHEMBL1519373,4.95,
ClC(Cl)(Cl)C(NCc1ccccc1)NC(=O)c2cccnc2,CHEMBL1425077,4.90,
ClC(Cl)(Cl)C(NCCc1ccccc1)NC(=O)Cc2ccccc2,CHEMBL1502413,4.85,
ClC(Cl)C(c1ccc(Cl)cc1)c2ccccc2Cl,CHEMBL1670,4.60,
ClC1(Cc2ccccc2)C(=O)Nc3ccccc3C1=O,CHEMBL1565164,4.60,
ClC1(Cl)C(\C=N\NC(=O)c2cccc(Br)c2)C1c3ccccc3,CHEMBL3191520,4.90,
ClC1=C(Cl)C2(Cl)C3C4CC(C=C4)C3C1(Cl)C2(Cl)Cl,CHEMBL195953,5.50,
ClC1=C(Cl)C2(Cl)C3C4CC(C5OC45)C3C1(Cl)C2(Cl)Cl,CHEMBL44072,4.90,
ClC1=C(Cl)C2(Cl)C3COS(=O)OCC3C1(Cl)C2(Cl)Cl,CHEMBL194399,5.60,
ClC1=C(NC2CCc3ccccc23)C(=O)c4ncccc4C1=O,CHEMBL131199,5.80,
ClC1=C(NCCN2CCOCC2)C(=O)c3ncccc3C1=O,CHEMBL337173,5.60,
ClC1=C(Sc2nnc3c4ccccc4c5ccccc5c3n2)C(=O)c6ccccc6C1=O,CHEMBL1317986,5.30,
ClC1=CC(=CN(Cc2ccc(Cl)cc2)C1=O)C(=O)N3CCOCC3,CHEMBL1502553,4.55,
ClC1=CN(CC=C)C(=O)N(CC=C)C1=O,CHEMBL1741700,4.60,
Clc1c(CCN2CCN(CC2)C(=O)Cc3ccc(cc3)n4cnnn4)ccc5C(=O)OCc15,CHEMBL2441421,,4.77
Clc1c(Cl)c(C#N)c(Cl)c(C#N)c1Cl,CHEMBL468167,5.50,
Clc1c(sc2ccccc12)C(=O)Nc3cccc(c3)c4oc5cccnc5n4,CHEMBL1453834,5.40,
ClC1C=CC2C1C3(Cl)C(=C(Cl)C2(Cl)C3(Cl)Cl)Cl,CHEMBL194400,4.80,
Clc1cc(C[C@@H](NC(=O)N2CCC(CC2)N3Cc4ccccc4NC3=O)C(=O)N5CCC(CC5)N6CCCCC6)cc7OC(=O)Nc17,CHEMBL2336417,4.77,
Clc1cc(ccc1C(=O)N2CCCC2)c3ccc4C(=O)N(CCN5CCCC5)CCc4c3,CHEMBL2031880,,5.03
Clc1cc(Cl)c(Cl)c(Cl)c1Cl,CHEMBL44628,7.30,
Clc1cc(Cl)cc(c1)C(=O)NCC2CCN(Cc3ccc(Br)nc3)CC2,CHEMBL523535,,6.18
Clc1cc(Cl)cc(c1)N2CCN(CCN3Cc4ccccc4C3)C2=O,CHEMBL561512,,5.80
Clc1cc(Cl)cc(c1)S(=O)(=O)Nc2ccc(cc2)c3occc3,CHEMBL3087348,4.89,
Clc1cc(Cl)cc(c1)S(=O)(=O)Nc2ccc(cc2)c3ocnc3,CHEMBL3087347,5.80,
Clc1cc(Cl)cc(c1)S(=O)(=O)Nc2ccc(cc2)c3ocnn3,CHEMBL3087349,4.57,
Clc1cc(Cl)cc(c1)S(=O)(=O)NNC(=O)c2sccc2n3cccc3,CHEMBL1493054,5.10,
Clc1cc(Cl)cc(CNC(=O)N(C2CCN(CC2)C3CCCC3)c4ccc(Br)cc4)c1,CHEMBL1089681,,7.22
Clc1cc(Oc2cncnc2)cc(c1)C(=O)Nc3cccc(Cl)n3,CHEMBL2440625,5.72,
Clc1cc2CN3CC[C@@H](NCc4cncn4Cc5ccc(C#N)c(Oc(c1)c2)c5)C3=O,CHEMBL524352,,6.66
Clc1cc2N=CC(=O)N(CC(=O)N3CCCC(C3CN4CCCC4)c5ccccc5)c2cc1Cl,CHEMBL256989,5.92,
Clc1cc2NC(=O)Cc2cc1CCN3CCN(CC3)c4nsc5ccccc45,CHEMBL708,,6.82
Clc1cc2OCC(=O)N(CC(=O)N3CCCC(C3CN4CCOCC4)c5ccccc5)c2cc1Cl,CHEMBL402520,6.14,
Clc1ccc([C@H](Cn2ccnc2)OCc3c(Cl)cccc3Cl)c(Cl)c1,CHEMBL1327203,6.40,
Clc1ccc(\C=C(/NC(=O)c2ccccc2Cl)\C(=O)OCc3ccccc3)cc1,CHEMBL1510192,6.75,
Clc1ccc(\C=C\C(=O)c2cccs2)cc1,CHEMBL1991126,4.60,
Clc1ccc(\C=N\NC(=O)Nc2ccccc2)cc1,CHEMBL3191729,4.90,
Clc1ccc(Br)cc1C(=O)Nc2ccccc2N3CCN(CC3)C(=O)c4ccccc4,CHEMBL1604670,5.45,
Clc1ccc(C(=O)Nc2ccccc2C(=O)NCC3CCCO3)c(Cl)c1,CHEMBL1422181,5.35,
Clc1ccc(c(Cl)c1)C(Cl)(Cl)Cl,CHEMBL1560541,4.50,
Clc1ccc(c(Cl)c1)S(=O)(=O)Nc2ccc(Oc3cncc(Cl)c3)c(c2)C#N,CHEMBL2338484,6.22,
Clc1ccc(C2=Nc3ccccc3C(=O)N2CCCn4ccnc4)c(Cl)c1,CHEMBL1416438,6.15,
Clc1ccc(CC(=O)Nc2cccc(c2)c3oc(nn3)c4occc4)cc1,CHEMBL1332225,5.10,
Clc1ccc(CC(=O)ONC(=N)c2cccnc2)cc1,CHEMBL1463609,6.10,
Clc1ccc(cc1)[C@@H](OCCN2CCCCC2)c3ccccc3,CHEMBL1516068,4.90,
Clc1ccc(cc1)[C@H](OC2CN(C2)C(=O)N3CCCCC3)c4cccnc4Cl,CHEMBL555563,,4.51
Clc1ccc(cc1)C(=O)CSC2=Nc3ccccc3C(=O)N2NC(=O)c4ccccc4,CHEMBL1572935,4.85,
Clc1ccc(cc1)C(=O)CSc2nccn2c3ccccc3,CHEMBL1493838,5.00,
Clc1ccc(cc1)C(=O)N2CCN(CC2)c3ccccc3NC(=O)c4cc(Br)ccc4Cl,CHEMBL1605341,5.40,
Clc1ccc(cc1)C(=O)NC(Cc2c[nH]c3ccccc23)c4nnc5CCCCCn45,CHEMBL1399207,5.10,
Clc1ccc(cc1)C(=O)NC2CCc3ccc(CCN4CCN(CC4)c5nsc6ccccc56)cc23,CHEMBL253439,,6.78
Clc1ccc(cc1)C(=O)Nc2cccc(c2)c3cnc4ccccc4n3,CHEMBL1559472,5.45,
Clc1ccc(cc1)C(=O)NCCN2CCOCC2,CHEMBL86304,,4.10
Clc1ccc(cc1)C(c2ccc(Cl)cc2)[n+]3ccn(C[C@@H](OCc4ccc(Cl)cc4Cl)c5ccc(Cl)cc5Cl)c3,CHEMBL1594216,4.80,
Clc1ccc(cc1)C(NC(=O)[C@@H]2CC[C@H](C[C@H]2c3ccc(Br)cc3)N4CCOCC4)c5ccc(Cl)cc5,CHEMBL3086035,,7.41
Clc1ccc(cc1)C(NC(=O)[C@@H]2CC[C@H](C[C@H]2c3ccc(Br)cc3)N4CCOCC4)c5cnccn5,CHEMBL3086042,,6.00
Clc1ccc(cc1)C2=CC=C(C#N)C(=O)N2CC=C,CHEMBL1573944,5.35,
Clc1ccc(cc1)C2=Nc3cnc(nc3N(CCc4ccccc4)C2=O)N5CCNCC5,CHEMBL1363622,4.50,
Clc1ccc(cc1)C2=Nc3cnc(nc3N(CCc4ccccc4)C2=O)N5CCOCC5,CHEMBL1496664,4.80,
Clc1ccc(cc1)C2=Nc3cncnc3N(Cc4ccccc4Cl)C2=O,CHEMBL1449417,4.90,
Clc1ccc(cc1)C2=NN(CCC(=O)NCCN3CCOCC3)C(=O)c4ccccc24,CHEMBL1742381,5.15,
Clc1ccc(cc1)C2C3C(=O)c4ccccc4C3=NC5=C2C(=O)CCC5,CHEMBL1371238,4.85,
Clc1ccc(cc1)c2cc(CNS(=O)(=O)c3ccc(Cl)cc3)on2,CHEMBL1299810,4.60,
Clc1ccc(cc1)C2CCN(CCN3CCN(C3=O)c4cccc(Cl)c4)CC2,CHEMBL561128,,8.10
Clc1ccc(cc1)C2CN=NC23CCc4ccccc4C3=O,CHEMBL1421523,4.40,
Clc1ccc(cc1)c2nc(COc3ccccc3CN4CCCCCCC4)cs2,CHEMBL195180,,7.52
Clc1ccc(cc1)n2cc(COC(=O)Nc3cccc(Cl)c3)nn2,CHEMBL1585731,4.85,
Clc1ccc(cc1)n2cc(NCCN3CCCCC3)nn2,CHEMBL3417044,,5.51
Clc1ccc(cc1)S(=O)(=O)\N=C/2\N(C(=O)Nc3ccccc23)c4ccccc4,CHEMBL3198037,5.55,
Clc1ccc(cc1)S(=O)(=O)C2(CC2)C(=O)NCCN3CCCC3,CHEMBL1534755,4.40,
Clc1ccc(cc1)S(=O)(=O)c2cnc(nc2c3ccccc3)c4cccnc4,CHEMBL1714329,5.05,
Clc1ccc(cc1)S(=O)(=O)N2[C@@H](CCC[C@@H]2C3(CC(=O)N4CCC5(CCN5)CC4)CC3)C6CC6,CHEMBL252414,5.16,
Clc1ccc(cc1)S(=O)(=O)N2[C@@H](CCC[C@@H]2C3(Cc4noc(CN5CCCC5)n4)CC3)C6CC6,CHEMBL251800,5.92,
Clc1ccc(cc1)S(=O)(=O)N2[C@@H](COC(=O)N3CCC(CC3)N4CCCCC4)CCC[C@H]2C5CC5,CHEMBL398430,5.92,
Clc1ccc(cc1)S(=O)(=O)N2[C@H](CC3CC3)COC[C@@H]2C4(CC4)OC(=O)N5CC6CCC(C5)N6,CHEMBL1271879,9.10,
Clc1ccc(cc1)S(=O)(=O)N2CCN(CC(=O)Nc3ccc4OCOc4c3)CC2,CHEMBL1430379,6.00,
Clc1ccc(cc1)S(=O)(=O)N2CCN(CC2)C(=O)CN3C(=O)NC4(CCCCCC4)C3=O,CHEMBL1511199,5.20,
Clc1ccc(cc1)S(=O)(=O)NC(=O)N2CCC(CC2)N3CCC(CC3)Oc4ccc(Cl)c(Cl)c4,CHEMBL2171035,,4.90
Clc1ccc(cc1)S(=O)(=O)NC(CC(=O)NCc2occc2)c3occc3,CHEMBL1380424,4.85,
Clc1ccc(cc1)S(=O)(=O)NC2=CN(Cc3ccc(Cl)c(Cl)c3)C(=O)C=C2,CHEMBL1403482,5.25,
Clc1ccc(cc1)S(=O)(=O)NCC(=O)N(CC2CCCO2)CC(=O)NCCc3ccccc3,CHEMBL1320471,4.95,
Clc1ccc(cc1)S(=O)(=O)NCc2onc(c2)c3ccccc3Cl,CHEMBL1526526,4.70,
Clc1ccc(cc1)S(=O)(=O)NNC(=O)c2cnn(c3ccccc3)c2n4cccc4,CHEMBL1451363,4.60,
Clc1ccc(cc1C(=O)Nc2nnc(s2)C3CC3)S(=O)(=O)N4CCN(CC4)c5ccccc5,CHEMBL1382729,5.70,
Clc1ccc(cc1Cl)[C@]23CCCC[C@H]2CNC3,CHEMBL1813471,5.08,5.19
Clc1ccc(cc1Cl)\N=C(\N2CCOCC2)/c3ccccc3,CHEMBL3212631,4.65,
Clc1ccc(cc1Cl)C(=O)COC(=O)c2cccnc2,CHEMBL1424582,6.25,
Clc1ccc(cc1Cl)C(=O)NNC(=O)c2ccccc2n3cccc3,CHEMBL1422113,4.80,
Clc1ccc(cc1Cl)C2=NOC(C2)C(=O)NCc3ccccn3,CHEMBL1308838,4.60,
Clc1ccc(cc1Cl)C23CNCC2C3,CHEMBL528995,5.89,5.00
Clc1ccc(cc1NC(=O)c2ccc3OCOc3c2)c4nc5ccccc5s4,CHEMBL1429594,5.65,
Clc1ccc(CC2=NN(C[C@H]3CCCN3CCCCc4ccc(OCCCN5CCCCCC5)cc4)C(=O)c6ccccc26)cc1,CHEMBL1767164,6.52,7.30
Clc1ccc(Cc2onc(n2)c3cccnc3)cc1,CHEMBL1502952,5.60,
Clc1ccc(CCNC(=O)C2CCN(CC2)S(=O)(=O)N3CCC4(CC3)OCCO4)cc1,CHEMBL1344743,5.45,
Clc1ccc(CCNC(=O)Nc2cccc(Cl)c2)cc1,CHEMBL1422001,4.85,
Clc1ccc(CCNc2nc3ccccc3s2)cc1,CHEMBL1314011,4.80,
Clc1ccc(Cl)c(c1)C(=O)NCC=C,CHEMBL1562792,4.75,
Clc1ccc(CN(C2CC2)C3CNC3)cc1Cl,CHEMBL3331484,6.30,5.33
Clc1ccc(cn1)C2[C@H]3CN([C@H](c4ccccc4)C35CC2(C5)c6ccc(cc6)C#N)P(=O)(c7ccccc7)c8ccccc8,CHEMBL1304407,5.70,
Clc1ccc(cn1)C2[C@H]3CN(CC4CCCCC4)[C@H](c5ccccc5)C36CC2(C6)c7ccc(cc7)C#N,CHEMBL1490313,4.80,
Clc1ccc(cn1)C2[C@H]3CN(CC4CCCCC4)[C@H](c5ccccc5)C36CC2(C6)c7ccccc7,CHEMBL1567676,4.80,
Clc1ccc(Cn2c(\C=C\C3CCN(CC4CCCCC4)C3)nc5cc(Br)ccc25)cc1,CHEMBL3696117,,5.96
Clc1ccc(CN2C(=O)C(=O)c3ccccc23)cc1Cl,CHEMBL375126,5.10,
Clc1ccc(Cn2c(nc3cc(Cl)c(Cl)cc23)C4=CNC(=O)C=C4)cc1Cl,CHEMBL3699572,,5.30
Clc1ccc(Cn2cc(NC(=O)c3cc(on3)c4cccs4)cn2)c(Cl)c1,CHEMBL1460984,5.00,
Clc1ccc(Cn2cc(NCCN3CCCCC3)nn2)cc1Cl,CHEMBL3417058,,5.66
Clc1ccc(Cn2ccc(n2)C(=O)N\N=C\c3c[nH]c4ccc(Br)cc34)cc1,CHEMBL3193586,5.40,
Clc1ccc(Cn2ccc(n2)C(=O)N\N=C\c3c[nH]c4ccccc34)c(Cl)c1,CHEMBL3210053,5.45,
Clc1ccc(CN2CCN(CCN3Cc4ccccc4C3)C2=O)cc1,CHEMBL553238,,5.70
Clc1ccc(CN2CCO[C@H](CCc3ccccc3)C2)cc1,CHEMBL3335556,4.81,
Clc1ccc(CN2CN(c3nc4ccccc4nc23)S(=O)(=O)c5cccs5)cc1,CHEMBL1584983,5.65,
Clc1ccc(CNC(=N)SCCCc2c[nH]cn2)cc1,CHEMBL14690,5.80,
Clc1ccc(CO[C@@H](Cn2ccnc2)c3ccc(Cl)cc3Cl)cc1,CHEMBL1232474,6.50,
Clc1ccc(COC(=O)CNC(=O)CNC(=O)c2cccs2)c(Cl)c1,CHEMBL1488997,5.15,
Clc1ccc(COC(=O)CNC(=O)CNC(=O)c2cccs2)cc1,CHEMBL1732963,4.60,
Clc1ccc(COC2=CC(=O)N(C=C2)c3ccc(OCCN4CCCC4)cc3)cc1,CHEMBL1642475,,8.77
Clc1ccc(CS[C@@H](Cn2ccnc2)c3ccc(Cl)cc3Cl)cc1,CHEMBL1446716,6.20,
Clc1ccc(CSc2nc3ccc(NC(=O)c4ccccc4C(=O)N5CCOCC5)cc3s2)cc1,CHEMBL1368962,5.10,
Clc1ccc(CSc2nnc(NC(=O)c3occc3)s2)cc1,CHEMBL1543570,4.50,
Clc1ccc(CSc2oc(nn2)C3=CC=CN(Cc4ccccc4)C3=O)cc1Cl,CHEMBL1327850,4.70,
Clc1ccc(CSc2oc(nn2)c3cccnc3)cc1,CHEMBL1350707,5.50,
Clc1ccc(CSc2oc(nn2)c3sccc3n4cccc4)cc1,CHEMBL1453591,5.20,
Clc1ccc(CSCC(=O)Nc2nccs2)cc1,CHEMBL1496722,5.45,
Clc1ccc(CSCc2ccc(Cl)cc2Cl)c(Cl)c1,CHEMBL1566987,6.80,
Clc1ccc(CSCCc2ccncc2)cc1Cl,CHEMBL1565311,6.00,
Clc1ccc(CSCCNC(=S)Nc2ccccc2)c(Cl)c1,CHEMBL1441088,5.10,
Clc1ccc(CSCCNS(=O)(=O)c2ccc3OCCOc3c2)c(Cl)c1,CHEMBL1466677,4.80,
Clc1ccc(NC(=O)c2cccc(c2)N3C(=O)C=CC3=O)c(Cl)c1,CHEMBL1488095,5.90,
Clc1ccc(NC(=O)c2cn[nH]n2)c(Cl)c1,CHEMBL3604174,4.24,
Clc1ccc(NC(=O)c2occc2)c(c1)C(=O)c3ccccc3,CHEMBL1330449,4.65,
Clc1ccc(NC(=O)N2CCc3[nH]c4ccccc4c3C2)cc1,CHEMBL1384399,4.85,
Clc1ccc(NC(=O)N2CCN(C[C@@H]3CCCN(C3)C4CC4)CC2)cc1Cl,CHEMBL2036757,5.80,5.70
Clc1ccc(NC(=O)N2CCN(C[C@@H]3CCCN(CC4CC4)C3)CC2)cc1Cl,CHEMBL2036754,,6.03
Clc1ccc(NC(=O)N2CCN(C[C@@H]3CCCN(CCCc4ccccc4)C3)CC2)cc1Cl,CHEMBL2036756,,6.40
Clc1ccc(NC(=O)N2CCN(C[C@H]3CN(CCO3)C4CC4)CC2)cc1Cl,CHEMBL2036774,,4.80
Clc1ccc(NC(=O)N2CCN(CC2)C(=O)[C@H]3CN(CCN3)C4CC4)cc1Cl,CHEMBL2036781,,4.72
Clc1ccc(NC(=O)N2CCN(CC3CCCNC3)CC2)cc1Cl,CHEMBL2036749,,5.80
Clc1ccc(NC(=O)NCCCn2ccnc2)cc1,CHEMBL1331489,6.40,
Clc1ccc(NC(=O)NNC(=O)c2sc3ccccc3c2Cl)cc1,CHEMBL1416272,4.90,
Clc1ccc(nc1)c2c[nH]c(n2)[C@H]3Cc4c([nH]c5ccccc45)[C@H](N3)C6CCOCC6,CHEMBL3774909,,6.33
Clc1ccc(O[C@@H]2CN[C@H](C2)C(=O)N3CCCN(CC3)C4CCC4)cc1,CHEMBL1095847,,5.70
Clc1ccc(OC(Cn2ccnc2)c3ccc(Cl)cc3Cl)c(Cl)c1,CHEMBL270902,7.22,
Clc1ccc(Oc2ccc(cn2)C(=O)N3CCCN(CC3)C4CCC4)cc1,CHEMBL1171886,,5.85
Clc1ccc(OCC(=O)N(Cc2ccccc2)c3ccccn3)cc1,CHEMBL1490857,4.65,
Clc1ccc(OCCCc2cccc(CCCOc3ccc(Cl)cc3)n2)cc1,CHEMBL2324257,,5.44
Clc1ccc(s1)C(=O)NNC(=S)NCc2occc2,CHEMBL1547276,4.65,
Clc1ccc(s1)c2ccc(\C=C\S(=O)(=O)NC[C@@H]3CCN(C3)C(=O)C4CCN(CC4)c5ccncc5)s2,CHEMBL248849,5.63,
Clc1ccc(s1)S(=O)(=O)Nc2cc(Cl)c(Cl)cc2Cn3ccnn3,CHEMBL2207100,5.30,
Clc1ccc(s1)S(=O)(=O)NCc2cccnc2,CHEMBL1502235,4.90,
Clc1ccc(Sc2c[nH]nc2c3ccc4OCCOc4c3)cc1,CHEMBL3287926,,5.81
Clc1ccc(Sc2cn(nc2c3ccc(cc3)c4nocn4)c5cccnc5)cc1,CHEMBL3287929,,5.28
Clc1ccc(SCC(=O)Nc2cccc(c2)c3oc4cccnc4n3)cc1,CHEMBL1563190,4.90,
Clc1ccc2[nH]c(nc2c1)c3ccccc3,CHEMBL1534413,4.90,
Clc1ccc2[nH]cc(c3nnnn3c4ccccc4)c2c1,CHEMBL1399844,5.10,
Clc1ccc2N(C3CCN(CCCN4C(=O)Nc5ccccc45)CC3)C(=O)Nc2c1,CHEMBL219916,4.80,6.79
Clc1ccc2N(Cc3ccccc3)C(=O)C=C(NC4CCN(Cc5ccc6OCOc6c5)CC4)c2c1,CHEMBL436953,,6.55
Clc1ccc2N(Cc3ccccn3)C(=O)C=C(NC4CCN(Cc5ccc6ccccc6c5)CC4)c2c1,CHEMBL377084,,7.06
Clc1ccc2nc(N\N=C\c3ccccc3C#N)nc(c4ccccc4)c2c1,CHEMBL1973729,5.20,
Clc1ccc2OC(=O)N(CC(=O)N3CCCC(C3CN4CCOCC4)c5ccccc5)c2c1,CHEMBL404289,5.89,
Clc1ccc2OC(C3=C(Nc4ncnn4C3c5ccc(Br)cc5)c2c1)c6ccncc6,CHEMBL1308948,5.60,
Clc1ccc2Oc3ccccc3N=C(N4CCNCC4)c2c1,CHEMBL1113,4.80,
Clc1ccc2OCC(=O)N(CCN3CCC(CC3)NCc4ccc5OCC(=O)Nc5n4)c2c1,CHEMBL1824042,,5.52
Clc1ccc2Sc3ccccc3N(C(=O)CSc4oc5ccccc5n4)c2c1,CHEMBL1456686,5.05,
Clc1cccc(C(=O)N([C@H]2CCNC2)c3ccccc3)c1Cl,CHEMBL1079264,,5.10
Clc1cccc(C(=O)N(C2CCCC2)[C@H]3CCNC3)c1Cl,CHEMBL1080968,,4.99
Clc1cccc(C(=O)N(CCC2CC2)[C@H]3CCNC3)c1Cl,CHEMBL1080789,,5.15
Clc1cccc(c1)C(=O)NC(NC(=S)Nc2ccccc2)C(Cl)(Cl)Cl,CHEMBL1363275,5.30,
Clc1cccc(c1)C(=O)Nc2ncc3CCc4ccccc4c3n2,CHEMBL1492095,5.10,
Clc1cccc(c1)C(c2ccc3[nH]cnc3c2)n4ccnc4,CHEMBL389433,6.16,
Clc1cccc(c1)C2=Nc3cncnc3N(C4CC4)C2=O,CHEMBL1592835,4.80,
Clc1cccc(c1)C2=Nc3cncnc3N(Cc4ccccc4Cl)C2=O,CHEMBL1358122,4.90,
Clc1cccc(c1)c2cnccc2NC(=O)c3cnn4cccnc34,CHEMBL2178249,6.70,
Clc1cccc(c1)c2n[nH]cc2NC(=O)c3cnn4cccnc34,CHEMBL2178253,5.14,
Clc1cccc(c1)C2N3CC[C@@H](NCc4cncn4Cc5ccc(C#N)c(Oc6cccc2c6)c5)C3=O,CHEMBL525413,,6.28
Clc1cccc(c1)c2oc(\C=C(\C(=O)NCc3cccnc3)/S(=O)(=O)c4ccccc4)cc2,CHEMBL1480453,6.30,
Clc1cccc(c1)N(Cc2ccc3ccccc3c2)C4CNC4,CHEMBL3331507,6.30,
Clc1cccc(c1)N2CCN(CC2)C3=CC(=O)N(C4CCCCC4)C(=O)N3,CHEMBL1325149,5.45,
Clc1cccc(c1)N2CCN(CC3CCCCN3)C2=O,CHEMBL1085672,,5.10
Clc1cccc(c1)N2CCN(CCCCCCN3CCN(CC3)c4cccc(Cl)c4)CC2,CHEMBL1171823,,6.52
Clc1cccc(c1)N2CCN(CCN3[C@@H]4CCC[C@H]3CC4)C2=O,CHEMBL563580,,5.80
Clc1cccc(c1)N2CCN(CCN3C[C@@H]4CC[C@H]3Cc5ccccc5C4)C2=O,CHEMBL562464,,7.20
Clc1cccc(c1)N2CCN(CCN3CCC(CC3)c4oc(nn4)c5ccccc5)C2=O,CHEMBL561326,,6.60
Clc1cccc(c1)N2CCN(CCN3CCCc4sccc4C3)C2=O,CHEMBL559873,,6.10
Clc1cccc(c1)N2CCNCC2,CHEMBL478,7.40,
Clc1cccc(c1)S(=O)(=O)n2ccc3cc4CCNCCc4cc23,CHEMBL446054,5.16,
Clc1cccc(c1C#N)n2ccnc2,CHEMBL1741361,6.00,
Clc1cccc(Cl)c1\C=C\2/N3CCSC3=NC2=O,CHEMBL1507419,5.00,
Clc1cccc(Cl)c1C(=O)Nc2ccncc2,CHEMBL1327969,5.33,
Clc1cccc(Cl)c1CN2C=CC=C(NC(=O)c3ccccc3)C2=O,CHEMBL1463032,4.50,
Clc1cccc(Cl)c1CSCC(=O)NCc2cccnc2,CHEMBL1741745,5.50,
Clc1cccc(Cl)c1CSCCNC(=S)Nc2ccccc2,CHEMBL1406457,5.15,
Clc1cccc(CN2C(=O)N(C3CCN(CC3)C(=O)C4CCN(Cc5ccncc5)CC4)c6ccccc26)c1,CHEMBL1222940,6.52,
Clc1cccc(CN2CCN(CCN3Cc4ccccc4C3)C2=O)c1,CHEMBL571229,,5.60
Clc1cccc(COC2=CC(=O)N(C=C2)c3ccc(OCCN4CCCC4)cc3)c1,CHEMBL1642474,,8.72
Clc1cccc(CSc2nc3cc(ccc3[nH]2)S(=O)(=O)N4CCOCC4)c1,CHEMBL1585484,5.72,
Clc1cccc(CSc2oc(nn2)c3sccc3n4cccc4)c1,CHEMBL1458869,5.05,
Clc1cccc(CSCC(=O)N\N=C\c2ccc(OCC(=O)N3CCCCC3)cc2)c1,CHEMBL3197893,4.85,
Clc1cccc(CSCC(=O)NCc2ccc3OCOc3c2)c1,CHEMBL1600239,5.95,
Clc1cccc(N2C(=O)CC(NCCC3=CCCCC3)C2=O)c1Cl,CHEMBL1584775,4.80,
Clc1cccc(N2CCN(CCCCCOc3cc4ccccc4cn3)CC2)c1Cl,CHEMBL495572,,6.68
Clc1cccc(N2CCN(CCCCN3CCn4c(cc5ccccc45)C3=O)CC2)c1Cl,CHEMBL496531,,6.70
Clc1cccc(N2CCN(CCCCNC(=O)c3cc4ccccc4cn3)CC2)c1Cl,CHEMBL462508,,6.70
Clc1cccc(N2CCN(CCCCOc3cc4ccccc4cn3)CC2)c1Cl,CHEMBL522044,,6.80
Clc1cccc(N2CCN(CCCCOc3ccc4CCC(=O)Nc4c3)CC2)c1Cl,CHEMBL1112,,5.41
Clc1cccc(NC(=O)c2cccc(c2)C3=Cc4ccccc4OC3=O)c1N5CCCC5,CHEMBL1494802,5.20,
Clc1cccc(Nc2ncnc3ccc(Br)cc23)c1,CHEMBL1079374,4.85,
Clc1cccc(Nc2nnc(c3ccccc3)c4ccccc24)c1,CHEMBL332898,5.10,
Clc1cccc(NN=C(C#N)C#N)c1,CHEMBL224214,5.90,
Clc1cccc(NNC(=O)Nc2ccccc2Cl)n1,CHEMBL1741430,4.90,
Clc1cccc(O[C@@H]2CN[C@H](C2)C(=O)N3CCCN(CC3)C4CCC4)c1,CHEMBL1095877,,5.14
Clc1cccc(OC(C2CCNCC2)c3cccnc3)c1Cl,CHEMBL559456,,5.29
Clc1cccc(Oc2ccc(cn2)C(=O)N3CCCN(CC3)C4CCC4)c1,CHEMBL1171002,,5.80
Clc1cccc(OC2CN(C2)S(=O)(=O)c3ccc4CCNCCc4c3)c1,CHEMBL493757,,5.43
Clc1cccc(OC2CNC(C2)C(=O)N3CCCN(CC3)C4CCC4)c1,CHEMBL1823043,,5.14
Clc1cccc(Oc2ncc3N=C(C(=O)N(C[C@H]4CCCO4)c3n2)c5cccs5)c1,CHEMBL1356497,5.00,
Clc1cccc(Oc2ncc3N=C(CCc4ccccc4)C(=O)N(C[C@H]5CCCO5)c3n2)c1,CHEMBL1574106,6.30,
Clc1cccc(Oc2ncc3N=CC(=O)N(CCc4ccccc4)c3n2)c1,CHEMBL1417025,4.70,
Clc1cccc2c(cccc12)S(=O)(=O)N3CCCNCC3,CHEMBL429298,5.30,
Clc1ccccc1\C=C\C(=O)NC(=S)Nc2ccccc2C(=O)NC3CCCCC3,CHEMBL1525465,5.85,
Clc1ccccc1\C=C\C(=O)Nc2ccncc2,CHEMBL1570658,6.85,
Clc1ccccc1\C=C\C(=O)NCCN2CCOCC2,CHEMBL1705750,4.80,
Clc1ccccc1C(=O)NC(Cc2c[nH]c3ccccc23)c4nnc5CCCCCn45,CHEMBL1520743,5.15,
Clc1ccccc1C(=O)Nc2ccc(cc2)c3oc(NCCCN4CCCCC4)nn3,CHEMBL2022940,,4.90
Clc1ccccc1C(c2ccccc2)(c3ccccc3)n4ccnc4,CHEMBL104,6.90,5.52
Clc1ccccc1C2=NOC(C2)C(=O)Nc3sc4CCCc4c3C#N,CHEMBL1328880,5.30,
Clc1ccccc1c2ccc3ncnc(N4CCNCC4)c3c2,CHEMBL1335654,4.60,
Clc1ccccc1c2ccc3ncnc(NCc4cccnc4)c3c2,CHEMBL1480806,5.70,
Clc1ccccc1c2ccc3ncnc(NCCN4CCOCC4)c3c2,CHEMBL1361750,5.30,
Clc1ccccc1c2cncnc2NCCc3cnc[nH]3,CHEMBL1314367,6.30,
Clc1ccccc1c2cncnc2NCCN3CCOCC3,CHEMBL1315716,6.00,
Clc1ccccc1c2nc(N3CCNCC3)c4ccccc4n2,CHEMBL1435227,4.60,
Clc1ccccc1c2nc(NCc3cccs3)c4ccccc4n2,CHEMBL1591107,5.20,
Clc1ccccc1c2nc3C(=O)Nc4cc(Br)ccc4c3[nH]2,CHEMBL1934810,4.62,
Clc1ccccc1c2nccc(n2)n3ccnc3,CHEMBL1417636,5.90,
Clc1ccccc1c2nccc(NCc3cccs3)n2,CHEMBL1366020,5.70,
Clc1ccccc1c2nccc(NCCN3CCOCC3)n2,CHEMBL1362892,4.80,
Clc1ccccc1c2oc(nn2)C(=O)N3CCC(CC3)Oc4ccc(CN5CCCC5)cc4,CHEMBL3786923,,5.28
Clc1ccccc1c2onc(c2)C(=O)NCc3ccccn3,CHEMBL1312422,4.80,
Clc1ccccc1c2onc(n2)c3ccncc3,CHEMBL1402420,5.70,
Clc1ccccc1CN(CC(=O)NCC2CCCO2)C(=O)c3oc(CN4CCOCC4)cc3,CHEMBL1741439,4.90,
Clc1ccccc1CNC(=O)c2cnccn2,CHEMBL1742070,6.00,
Clc1ccccc1CNCC2CCC(CNCc3ccccc3Cl)CC2,CHEMBL1513392,5.30,
Clc1ccccc1NC(=O)Nc2ccc(cc2)c3ccnc4[nH]cnc34,CHEMBL1951322,6.22,
Clc1ccccc1OC2CCN(CC2)S(=O)(=O)c3ccc4CCNCCc4c3,CHEMBL492301,,5.54
Clc1ccccc1OC2CN(C2)S(=O)(=O)c3ccc4CCNCCc4c3,CHEMBL524171,,5.47
Clc1ccccc1OCc2oc(NCc3occc3)c(n2)C#N,CHEMBL1411496,5.30,
Clc1cn(c2cc3CCNCCc3cc12)S(=O)(=O)c4ccccc4,CHEMBL515624,4.72,
Clc1cn(Cc2ccccc2)c3ncnc(OC4CCN(Cc5cscn5)CC4)c13,CHEMBL2012181,,5.82
Clc1cnc(nc1)N2CCC(CC2)[C@H]3C[C@H]3CCOc4ccc(cn4)n5ccnn5,CHEMBL1771102,,4.36
Clc1cnc2c(CCC34CCC(CC3)(CO4)NCc5ccc6OCC(=O)Nc6n5)ccnc2c1,CHEMBL3422980,,8.31
Clc1cnc2oc(nc2c1)N3CCN4CCC3CC4,CHEMBL597276,,5.66
Clc1cncc(c2ccc(cc2)N3CCOCC3)c1N4CCC5(CCNC5=O)CC4,CHEMBL3408192,5.68,
Clc1cncc(n1)N2CCNCC2,CHEMBL269521,4.80,
Clc1nccc2c3cnc(Nc4ccc(cn4)N5CCNCC5)nc3n(C6CCCC6)c12,CHEMBL3237444,,5.70
Clc1ncccc1NC(=O)C2c3ccccc3Oc4ccccc24,CHEMBL1742292,4.85,
Clc1ncn(n1)C23CC4CC(CC(C4)(C2)C(=O)NC56CC7CC(CC(C7)C5)C6)C3,CHEMBL1595145,4.85,
ClCC(=O)[C@H](Cc1ccccc1)NC(=O)OCc2ccccc2,CHEMBL303579,5.90,
ClCCN1CCC(CC1)OC(=O)C(c2ccccc2)c3ccccc3,CHEMBL1362548,5.00,
CN([C@@H](CN1CCCC1)c2cccc(OCC(=O)O)c2)C(=O)Cc3ccc(Cl)c(Cl)c3,CHEMBL71754,4.60,
CN([C@@H]1CC[C@@]2(CCCO2)C[C@H]1N3CCCC3)C(=O)Cc4ccccc4,CHEMBL1553428,5.00,
CN([C@@H]1CCc2c(CC(=O)O)c3ccccc3n2C1)S(=O)(=O)c4ccc(F)cc4,CHEMBL561132,4.47,
CN([C@@H]1CCCC[C@H]1N2CCCC2)C(=O)Cc3ccc(Cl)c(Cl)c3,CHEMBL441765,5.30,
CN([C@@H]1CCN(C1)C2CCCC2)C(=O)c3ccc(cc3)n4c(C)nc5ccccc45,CHEMBL1836039,,5.64
CN([C@@H]1CCN(Cc2ccc(cc2)C(F)(F)F)C[C@@H]1F)C(=O)Cc3ccc(cc3)n4cnnn4,CHEMBL2010845,,5.70
CN([C@@H]1CCN(Cc2ccc(cc2)C(F)(F)F)C[C@@H]1F)C(=O)Cc3ccc(cc3)S(=O)(=O)C,CHEMBL2010851,,5.38
CN([C@@H]1CCN(Cc2ccc(nc2)C(F)(F)F)C[C@@H]1F)C(=O)Cc3ccc(cc3)n4cnnn4,CHEMBL2010849,,4.82
CN([C@H](CN1CCCC1)c2cccc(c2)N=C=S)C(=O)Cc3ccc(Cl)c(Cl)c3,CHEMBL38521,5.90,
CN([C@H](CN1CCCC1)c2ccccc2)C(=O)Cc3ccc(Cl)c(Cl)c3,CHEMBL38576,5.20,
CN(\C=N\c1ccc(C)cc1C)\C=N\c2ccc(C)cc2C,CHEMBL1365675,4.40,
CN(C#N)c1nc(Cl)nc(Nc2ccc(C)cc2)n1,CHEMBL1600653,4.95,
CN(C(=O)[C@H]1CN(C[C@@H]1c2ccc(F)cc2C)C(=O)C3CCN(CC3)C(=O)C)C(C)(C)c4cc(cc(c4)C(F)(F)F)C(F)(F)F,CHEMBL391615,4.31,
CN(C(=O)C(Cl)Cl)c1ccc(OC(=O)c2occc2)cc1,CHEMBL1334860,4.80,
CN(C(=O)C)C1(CCN(CCC[C@@]2(CCCN(C2)C(=O)c3ccccc3)c4ccc(Cl)c(Cl)c4)CC1)c5ccccc5,CHEMBL346178,6.00,
CN(C(=O)c1c(C)onc1c2ccccc2Cl)c3ccc(C)c(Cl)c3,CHEMBL576138,5.90,
CN(C(=O)c1cccnc1)c2nnc(s2)c3ccc(C)cc3,CHEMBL1466675,4.75,
CN(C(=O)CC(NC(=O)c1ccccc1)(c2ccccc2)c3ccccc3)c4ccccc4,CHEMBL1496349,6.15,
CN(C(=O)N1CCC(CC1)N2CCC(CC2)Oc3ccc(Cl)c(Cl)c3)S(=O)(=O)c4ccc(C)cc4,CHEMBL2171013,,6.50
CN(C(=S)Oc1ccc2ccccc2c1)c3cccc(C)c3,CHEMBL83668,4.40,
CN(C(CN1CCOCC1)c2ccc(cc2)c3ccccc3)C(=O)CN4C(=O)COc5cc(Cl)c(Cl)cc45,CHEMBL453074,5.34,
CN(C)[C@@H]1C[C@@H](C1)c2nc(c3ccc4ccc(nc4c3)c5ccccc5)c6c(N)nccn26,CHEMBL430051,4.72,
CN(C)[C@@H]1CC[C@](CC1)(N2CCC(C2=O)c3cc(cc(c3)C(F)(F)F)C(F)(F)F)c4ccccc4,CHEMBL203700,,6.01
CN(C)[C@@H]1CCC[C@H]1Nc2nc(Nc3ccc(cc3)S(=O)(=O)C)ncc2C(F)(F)F,CHEMBL519418,,5.33
CN(C)[C@@H]1CCN(c2ccc(Cl)c(Cl)c2)c3ccccc13,CHEMBL1643514,,5.07
CN(C)[C@H]1CCN(CC(=O)Nc2cc(nc(n2)c3oc(C)cc3)n4nc(C)cc4C)C1,CHEMBL271606,,6.22
CN(C)[C@H]1CCN(CCC(=O)Nc2cc(nc(n2)c3oc(C)cc3)n4nc(C)cc4C)C1,CHEMBL270314,,5.64
CN(C)\C=C\C1=C(C=C(NC(=O)c2cccc(c2)C(F)(F)F)C(=O)O1)C(=O)C,CHEMBL1425931,5.20,
CN(C)\C=C\C1=C(C=C(NC(=O)c2ccccc2)C(=O)O1)C(=O)C,CHEMBL1408874,4.60,
CN(C)\C=N\c1ncc(s1)C(=O)c2cc(C)c(O)c(C)c2,CHEMBL3198283,4.60,
CN(C)C(=C(C#N)C#N)N1CCN(CC1)c2ccc(Cl)c(Cl)c2,CHEMBL1705804,5.05,
CN(C)C(=C)[C@]1(C)C[C@H]1[C@H](NC(=O)CNC(=O)OCc2ccccc2)c3ccccc3,CHEMBL1366586,5.10,
CN(C)C(=N)c1ccc(C(=O)Nc2ccc(Cl)cc2C(=O)Nc3ccc(Cl)cn3)c(c1)N4CCCCC4,CHEMBL218609,,6.85
CN(C)C(=N)c1ccc(C(=O)Nc2ccc(Cl)cc2C(=O)Nc3ccc(Cl)cn3)c(F)c1,CHEMBL472967,,6.38
CN(C)C(=N)c1ccc(cc1)C(=O)Nc2ccc(Sc3ccc(cc3)C(=O)N(C)C)cc2C(=O)Nc4ccc(Cl)cn4,CHEMBL221756,,6.43
CN(C)C(=N)c1ccc(cc1)C(=O)Nc2ccc(Sc3ccc(cc3)C(=O)O)cc2C(=O)Nc4ccc(Cl)cn4,CHEMBL218528,,5.34
CN(C)C(=O)[C@@H]1CCCN1Cc2ccc3C[C@H](CCc3c2)N(C)C(=O)c4ccc(cc4)c5ccc(F)cc5,CHEMBL424895,,5.30
CN(C)C(=O)[C@H]([C@H](N)C(=O)N1CC[C@H](F)C1)c2ccc(cc2)C3=CN4N=CNC4C=C3,CHEMBL459357,,4.07
CN(C)C(=O)[C@H]([C@H](N)C(=O)N1CC[C@H](F)C1)c2ccc(cc2)c3ccc4ncnn4c3,CHEMBL237337,,4.07
CN(C)C(=O)[C@H]1C[C@@H]1[C@H](NC(=O)OCc2ccccc2)c3ccccc3,CHEMBL1410791,5.10,
CN(C)C(=O)[C@H]1CC2(CCN(CC2)c3cc(N)ccn3)c4ccccc14,CHEMBL492908,,5.33
CN(C)C(=O)C(CCN1CCC(O)(CC1)c2ccc(Cl)cc2)(c3ccccc3)c4ccccc4,CHEMBL841,5.30,
CN(C)C(=O)C(CO)N(C)Cc1ccc2C[C@H](CCc2c1)N3CCN(CCc4ccc(F)cc4)CC3=O,CHEMBL385710,,4.60
CN(C)C(=O)C1=CN(N(C)c2ncc(cc2Cl)C(F)(F)F)C(=O)c3ccccc13,CHEMBL1741327,5.00,
CN(C)C(=O)c1cc(C)c2nc([nH]c2c1)C3=C(NCC(O)c4cccc(Cl)c4)C=CNC3=O,CHEMBL231509,5.66,
CN(C)C(=O)c1ccc(c(F)c1)c2ccc3C(=O)N(CCN4CCCC4)CCc3c2,CHEMBL2031882,,4.49
CN(C)C(=O)c1ccc(cc1)C2=CC3(CCNCC3)Oc4ccccc24,CHEMBL561805,,4.64
CN(C)C(=O)c1ccc(cc1)c2cc(NCc3cccc(C)c3)ncn2,CHEMBL1314453,5.50,
CN(C)C(=O)c1ccc(cc1)c2cc(NCc3cccnc3)ncn2,CHEMBL1433596,4.80,
CN(C)C(=O)c1ccc(cc1)c2ccc3ncnc(N(C)C)c3c2,CHEMBL1551515,4.70,
CN(C)C(=O)c1ccc(cc1)c2ccc3ncnc(N(C)Cc4occc4)c3c2,CHEMBL1442458,4.60,
CN(C)C(=O)c1ccc(cc1)c2ccc3ncnc(N4CCOCC4)c3c2,CHEMBL1554937,4.80,
CN(C)C(=O)c1ccc(cc1)c2ccc3ncnc(NCc4cccc(C)c4)c3c2,CHEMBL491548,5.70,
CN(C)C(=O)c1ccc(cc1)c2cncnc2N(C)Cc3occc3,CHEMBL1489211,5.70,
CN(C)C(=O)c1ccc(cc1)c2cncnc2n3ccnc3,CHEMBL1475541,5.00,
CN(C)C(=O)c1ccc(cc1)c2cncnc2Nc3ccccc3,CHEMBL1435916,5.30,
CN(C)C(=O)c1ccc(cc1)c2cncnc2NCc3ccccc3,CHEMBL490745,5.60,
CN(C)C(=O)c1ccc(cc1)c2cncnc2NCc3cccs3,CHEMBL1480742,5.50,
CN(C)C(=O)c1ccc(cc1)c2cncnc2NCc3cnc(C)cn3,CHEMBL1436475,4.90,
CN(C)C(=O)c1ccc(cc1)c2cncnc2NCCN3CCOCC3,CHEMBL1557255,4.80,
CN(C)C(=O)c1ccc(cc1)c2nc(N(C)C)c3ccccc3n2,CHEMBL1363920,5.80,
CN(C)C(=O)c1ccc(cc1)c2nc(Nc3ccc(F)cc3)c4ccccc4n2,CHEMBL1483427,4.70,
CN(C)C(=O)c1ccc(cc1)c2nc(Nc3ccccc3)c4ccccc4n2,CHEMBL1523579,4.80,
CN(C)C(=O)c1ccc(cc1)c2nc(NCc3ccccc3)c4ccccc4n2,CHEMBL1514272,4.80,
CN(C)C(=O)c1ccc(cc1)c2nc(NCc3cnc(C)cn3)c4ccccc4n2,CHEMBL1410012,4.80,
CN(C)C(=O)c1ccc(cc1)c2nccc(n2)n3ccnc3,CHEMBL1552172,5.50,
CN(C)C(=O)c1ccc(cc1)c2nccc(Nc3ccc(F)cc3)n2,CHEMBL1357289,5.00,
CN(C)C(=O)c1ccc(cc1)c2nccc(NCc3cccnc3)n2,CHEMBL1408475,4.80,
CN(C)C(=O)c1ccc(cc1)c2nccc(NCc3cnc(C)cn3)n2,CHEMBL1434655,4.50,
CN(C)C(=O)c1ccc(CN2CCc3cc4nc(N)sc4cc3CC2)cc1,CHEMBL2326481,,4.92
CN(C)C(=O)c1ccc(Oc2cc(cc3oc(C)cc23)C(=O)Nc4cnc(C)cn4)cc1,CHEMBL3218482,,4.23
CN(C)C(=O)c1cccc(NC(=O)Nc2ccc(cc2)c3ccnc4[nH]cnc34)c1,CHEMBL1951337,6.96,
CN(C)C(=O)c1ncn2c1COc3c(CCN4CCN(CC4)c5cccc6nc(C)ccc56)cccc23,CHEMBL1241824,,5.40
CN(C)C(=O)c1oc(cc1)c2cn(C)c3c(CN4C[C@H]5N([C@@H](Cc6ccc(O)cc6)C4=O)C(=O)CN(CC=C)N5C(=O)NCc7ccccc7)cccc23,CHEMBL3702688,5.47,
CN(C)C(=O)Cc1c(nc2ccc(C)cn12)c3ccc(C)cc3,CHEMBL911,4.60,
CN(C)C(=O)CN(c1ccc2OCOc2c1)S(=O)(=O)C,CHEMBL1451471,4.60,
CN(C)C(=O)CN1Cc2nc(C)c(CN)c(c3ccc(Cl)cc3Cl)c2C1=O,CHEMBL2441952,4.44,
CN(C)C(=O)CN1CCC(CC1)n2nc(C)c(Nc3ncc(Cl)c(n3)c4cnn5ccccc45)c2C,CHEMBL3823095,,5.11
CN(C)C(=O)CN1CCCC(C1)c2nc3ccccc3n2Cc4ccc(F)cc4,CHEMBL1935431,,5.59
CN(C)C(=O)Oc1cc2OC(=O)C(=C(C)c2cc1F)Cc3cccc(NS(=O)(=O)N)c3F,CHEMBL3086078,4.75,
CN(C)C(CNC(=O)NC1CCCCC1)c2cccnc2,CHEMBL1398707,4.80,
CN(C)C[C@@H]1CCN(CC(=O)Nc2cc(nc(n2)c3oc(C)cc3)n4nc(C)cc4C)C1,CHEMBL272637,,6.00
CN(C)C[C@H]1CCN(CC(=O)Nc2cc(nc(n2)c3oc(C)cc3)n4nc(C)cc4C)C1,CHEMBL429761,,5.73
CN(C)C\C=C(/c1ccc(Br)cc1)\c2cccnc2,CHEMBL354646,4.80,
CN(C)C1(CNC(=O)N2CCC(CC2)c3onc(n3)c4ccc5ccccc5n4)CCCC1,CHEMBL1822444,,4.42
CN(C)C1[C@@H]2C[C@H]3C(=C(O)[C@]2(O)C(=O)C(=C1O)C(=O)N)C(=O)c4c(O)cccc4[C@@]3(C)O,CHEMBL1485984,4.70,
CN(C)c1cc(ncn1)c2cccc(NS(=O)(=O)C)c2,CHEMBL1395162,4.60,
CN(C)c1cc(ncn1)c2ccccc2C,CHEMBL1439183,4.80,
CN(C)c1ccc(\C=C(/C)\[N+](=O)[O-])cc1,CHEMBL1299997,4.85,
CN(C)c1ccc(\C=C/2\C(=O)Nc3ccccc23)cc1,CHEMBL296455,5.00,
CN(C)c1ccc(\C=C\c2c(F)cccc2Cl)cn1,CHEMBL3314429,,4.23
CN(C)c1ccc(\C=C\c2c(F)cccc2Cl)nc1,CHEMBL3314424,,4.68
CN(C)c1ccc(\C=N\N2C(N(O)C(=O)Nc3ccc(cc3)[N+](=O)[O-])C(C)(C)SC2=S)cc1,CHEMBL3191740,5.80,
CN(C)c1ccc(C=C(c2nnnn2c3ccc(C)cc3)c4nnnn4c5ccc(C)cc5)cc1,CHEMBL1525473,5.50,
CN(C)c1ccc(cc1)C(=C2C=CC(=[N+](C)C)C=C2)c3c(O)c(cc4cc(ccc34)S(=O)(=O)O)S(=O)(=O)[O-],CHEMBL3351063,5.50,
CN(C)c1ccc(cc1)C2(OC(=O)c3cc(ccc23)N(C)C)c4ccc(cc4)N(C)C,CHEMBL1369406,5.10,
CN(C)c1ccc(cc1)c2cc(Nc3ccc(F)cc3)ncn2,CHEMBL1555014,5.00,
CN(C)c1ccc(cc1)c2cc(NCc3cccc(C)c3)ncn2,CHEMBL1590855,5.20,
CN(C)c1ccc(cc1)c2cc(NCc3cnc(C)cn3)ncn2,CHEMBL1403562,5.00,
CN(C)c1ccc(cc1)c2cc(ncn2)N(C)Cc3occc3,CHEMBL1366926,4.90,
CN(C)c1ccc(cc1)c2cc(ncn2)n3ccnc3,CHEMBL1331363,7.20,
CN(C)c1ccc(cc1)c2ccc3ncnc(N(C)C)c3c2,CHEMBL1561023,5.20,
CN(C)c1ccc(cc1)c2ccc3ncnc(N(C)Cc4occc4)c3c2,CHEMBL1478761,5.30,
CN(C)c1ccc(cc1)c2ccc3ncnc(N4CCNCC4)c3c2,CHEMBL1324418,4.70,
CN(C)c1ccc(cc1)c2ccc3ncnc(NCc4cnc(C)cn4)c3c2,CHEMBL1360310,5.00,
CN(C)c1ccc(cc1)c2cncnc2NCc3ccccc3,CHEMBL1516232,7.50,
CN(C)c1ccc(cc1)c2cncnc2NCc3cccs3,CHEMBL1314486,6.10,
CN(C)c1ccc(cc1)c2cncnc2NCc3cnc(C)cn3,CHEMBL1592388,5.70,
CN(C)c1ccc(cc1)c2cncnc2NCCNC(=O)C,CHEMBL1455200,5.70,
CN(C)c1ccc(cc1)C2N(C(=O)CN(C2=O)C(C)(C)C)c3ccccc3C,CHEMBL1419692,5.55,
CN(C)c1ccc(cc1)c2nc(N(C)Cc3occc3)c4ccccc4n2,CHEMBL1514071,5.00,
CN(C)c1ccc(cc1)c2nc(N3CCN(C)CC3)c4ccccc4n2,CHEMBL1320607,4.80,
CN(C)c1ccc(cc1)c2nc(N3CCNCC3)c4ccccc4n2,CHEMBL1601416,4.50,
CN(C)c1ccc(cc1)c2nc(Nc3ccncc3)c4ccccc4n2,CHEMBL1441415,5.10,
CN(C)c1ccc(cc1)c2nc(NCCN3CCOCC3)c4ccccc4n2,CHEMBL1415790,4.90,
CN(C)c1ccc(cc1)c2nc(NCCNC(=O)C)c3ccccc3n2,CHEMBL1361552,5.00,
CN(C)c1ccc(cc1)c2nccc(n2)N3CCN(C)CC3,CHEMBL1514505,4.80,
CN(C)c1ccc(cc1)c2nccc(NCc3cccc(C)c3)n2,CHEMBL1516211,5.00,
CN(C)c1ccc(cc1)c2nccc(NCc3cnc(C)cn3)n2,CHEMBL1476293,5.00,
CN(C)c1ccc(N\C=C/2\C(=O)NC(=O)N(C2=O)c3ccccc3C)cc1,CHEMBL1347208,6.40,
CN(C)c1ccc(NC(=O)c2cc(nc3ccccc23)c4ccccc4)cc1,CHEMBL2152011,4.84,
CN(C)c1ccc(NC(=O)c2cc(nc3ccccc23)c4ccncc4)cc1,CHEMBL2152015,6.10,
CN(C)c1ccc(NC(=O)c2cc(nc3ccccc23)c4cnccn4)cc1,CHEMBL2152021,4.80,
CN(C)c1ccc(NC(=O)c2cc(oc2C)c3ccccc3)cc1,CHEMBL1524323,4.75,
CN(C)c1ccc(NC(=O)c2cn(C)c3c(CN4C[C@@H]5N(N(CC=C)CC(=O)N5[C@@H](Cc6ccc(O)cc6)C4=O)C(=O)NCc7ccccc7)cccc23)cn1,CHEMBL3702776,5.17,
CN(C)c1ccc(NC(=O)CSc2nc(N)c(s2)C(=O)Nc3ccc(cc3)N(C)C)cc1,CHEMBL1470330,5.35,
CN(C)c1ccc2c(Cc3cc(ccc3C24OC(=O)c5cc(ccc45)C(=O)NCCCCCCN(CCOc6ccc(NS(=O)(=O)C)cc6)CCc7ccc(NS(=O)(=O)C)cc7)N(C)C)c1,CHEMBL375021,,7.05
CN(C)c1cccc(c1)[C@@]2(O)CC[C@@H](CC2)N3CC(C3)NC(=O)CNC(=O)c4cccc(c4)C(F)(F)F,CHEMBL1829631,,4.60
CN(C)c1cccc(c1)[C@@H]2CC[C@@H](CC2)N3CC(C3)NC(=O)CNc4nn(C)c5ccc(cc45)C(F)(F)F,CHEMBL1834786,,4.92
CN(C)c1cccc(n1)c2cc(NC(=O)C)nc(n2)n3nc(C)cc3C,CHEMBL487572,4.60,
CN(C)c1ccccc1CN2CCCN(Cc3ccccc3N(C)C)C2c4ccncc4,CHEMBL471728,5.50,
CN(C)C1CCN(CC1)C(=O)c2cn(C)c3c(CN4C[C@H]5N([C@@H](Cc6ccc(O)cc6)C4=O)C(=O)CN(CC=C)N5C(=O)NCc7ccccc7)cccc23,CHEMBL3702721,5.65,
CN(C)C1CCN(Cc2cc3nc(nc(N4CCOCC4)c3s2)c5c(F)ccc6[nH]ccc56)CC1,CHEMBL2165666,5.04,
CN(C)c1ccnc(n1)c2c(C)onc2C,CHEMBL1317177,4.50,
CN(C)c1ccnc(n1)c2cccc(NS(=O)(=O)C)c2,CHEMBL1323927,4.50,
CN(C)c1ccnc(Oc2ccc(Cl)cc2)c1C#N,CHEMBL1429733,5.50,
CN(C)C1CN(C1)C(=O)[C@@H](COCc2ccccc2)NC(=O)c3cccnc3Oc4ccc(cc4Cl)C(F)(F)F,CHEMBL1911825,5.27,
CN(C)c1cnc2c(CCC34CCC(CC3)(CO4)NCc5ccc6OCC(=O)Nc6n5)c(F)cnc2c1,CHEMBL3422960,,7.74
CN(C)c1nc(nc2ccccc12)c3cccc(NS(=O)(=O)C)c3,CHEMBL1590857,5.20,
CN(C)c1nc(NCc2ccccc2)nc(N\N=C\c3ccc(Cl)cc3Cl)n1,CHEMBL3194874,5.65,
CN(C)c1nc2c(CCC34CCC(CC3)(CO4)NCc5ccc6OCC(=O)Nc6n5)ccnc2cc1C(F)(F)F,CHEMBL3422975,,8.64
CN(C)c1ncc(\C=C\c2c(F)cccc2F)cn1,CHEMBL3314433,,4.39
CN(C)c1ncc(c(n1)c2ccc(Cl)cc2Cl)S(=O)(=O)c3ccccc3,CHEMBL1523363,5.60,
CN(C)c1ncc2N=C(C(=O)N(C[C@H]3CCCO3)c2n1)c4ccccc4,CHEMBL1476139,4.90,
CN(C)c1ncc2N=C(C(=O)N(C[C@H]3CCCO3)c2n1)c4cccs4,CHEMBL1489589,4.60,
CN(C)c1ncc2N=C(C(=O)N(Cc3ccc(F)cc3)c2n1)c4ccc(Cl)cc4,CHEMBL1611550,5.60,
CN(C)c1ncc2N=C(C)C(=O)N(C)c2n1,CHEMBL1600561,4.80,
CN(C)c1ncc2N=C(C)C(=O)N(Cc3ccc(F)cc3)c2n1,CHEMBL1411543,7.60,
CN(C)c1ncc2N=C(C)C(=O)N(Cc3cccs3)c2n1,CHEMBL1399313,5.50,
CN(C)c1ncc2N=C(C)C(=O)N(CCc3ccccc3)c2n1,CHEMBL1395882,4.50,
CN(C)c1ncc2N=C(CCc3ccccc3)C(=O)N(C[C@H]4CCCO4)c2n1,CHEMBL1595282,4.80,
CN(C)c1ncc2N=C(CCc3ccccc3)C(=O)N(c4ccccc4)c2n1,CHEMBL1596743,5.20,
CN(C)c1ncc2N=C(CCc3ccccc3)C(=O)N(Cc4ccc(F)cc4)c2n1,CHEMBL1555567,5.40,
CN(C)c1ncc2N=C(CCc3ccccc3)C(=O)N(CCc4ccccc4)c2n1,CHEMBL1456076,5.20,
CN(C)c1ncc2N=CC(=O)N(Cc3cccs3)c2n1,CHEMBL1591190,4.80,
CN(C)c1nccc2c1c3ncnc(N4CCN(CCc5ccc(F)c(F)c5)CC4)c3n2C,CHEMBL26150,4.58,
CN(C)c1ncnc2ccc(cc12)c3ccc4OCOc4c3,CHEMBL1446523,6.00,
CN(C)c1ncnc2ccc(cc12)c3cccc(NS(=O)(=O)C)c3,CHEMBL1452413,5.10,
CN(C)c1ncnc2ccc(cc12)c3ccccc3C,CHEMBL1592327,5.50,
CN(C)c1ncnc2ccc(cc12)c3ccccc3C#N,CHEMBL1355463,5.80,
CN(C)c1ncnc2ccc(cc12)c3ccccc3C(F)(F)F,CHEMBL1512540,5.00,
CN(C)c1ncnc2ccc(cc12)c3cccnc3,CHEMBL1475487,6.00,
CN(C)c1ncnc2ccc(cc12)c3cocc3,CHEMBL1374355,4.90,
CN(C)c1oc2cc3CCN(CCCSc4nnc(c5cccc6nc(C)ccc56)n4C)CCc3cc2n1,CHEMBL255620,,4.70
CN(C)CC(=O)N1CCC(CC1)c2ccc(NC(=O)c3nc(c[nH]3)C#N)c(c2)C4=CCCCC4,CHEMBL1908842,5.32,
CN(C)CC(=O)N1CCC(CC1)Oc2ccc(cc2)c3n[nH]c4ccc(cc34)C(=O)NC(C5CC5)c6ccccc6,CHEMBL3422074,6.00,
CN(C)CC(C)(C)Cn1c(CC(C)(C)C)nc2cc(\C=C\C(=O)NO)ccc12,CHEMBL1830397,5.64,
CN(C)CC(C)(C)Cn1c(nc2c(nc(C)nc12)N3CCOCC3)c4ccccc4,CHEMBL1476662,5.00,
CN(C)CC(C)(C)CN1c2ccccc2Sc3ccccc13,CHEMBL1370526,5.30,
CN(C)CC(O)Cn1ncc2cc(ccc12)N3C=CC(=CC3=O)OCc4ccccc4,CHEMBL1289400,,4.92
CN(C)Cc1c(C)[nH]c2ccccc12,CHEMBL1354316,4.90,
CN(C)Cc1c[nH]c2ccccc12,CHEMBL254348,4.80,
CN(C)Cc1cc(C)ccc1Oc2ccc(Cl)c(Cl)c2,CHEMBL455511,,5.47
CN(C)Cc1ccc(\C=C\c2n[nH]c3cc(ccc23)[C@@H]4C[C@@]45C(=O)N(C)c6ccccc56)cc1,CHEMBL3408942,5.64,
CN(C)Cc1ccc(\C=C\c2n[nH]c3cc(ccc23)[C@@H]4C[C@@]45C(=O)Nc6ccccc56)cc1,CHEMBL3353347,5.00,
CN(C)Cc1ccc(cc1Oc2ccc(Cl)c(Cl)c2)C(F)(F)F,CHEMBL488069,,5.95
CN(C)CC1CCC(CNc2nc(NCc3ccccc3Cl)ncc2[N+](=O)[O-])CC1,CHEMBL246160,4.89,
CN(C)CC1CCC2=C(C(C3=C(CCC(CN(C)C)C3=O)O2)c4ccc(Cl)c(Cl)c4)C1=O,CHEMBL3391702,6.40,
CN(C)Cc1ccc2C[C@H](CCc2c1)N(C)C(=O)c3ccc(cc3)c4ccc(Cl)cn4,CHEMBL216741,,4.85
CN(C)Cc1ccc2C[C@H](CCc2c1)N(C)C(=O)c3ccc(cc3)c4ccccn4,CHEMBL267320,,4.52
CN(C)Cc1ccc2C[C@H](CCc2c1)N(C)C(=O)c3ccc(cn3)c4ccc(F)cc4,CHEMBL215660,,5.28
CN(C)Cc1ccc2CN(CCc2c1)C(=O)c3cc4cc(Br)ncc4n3C,CHEMBL3314352,,4.51
CN(C)Cc1ccccc1c2cc(NC3CC3)ncn2,CHEMBL1611893,4.60,
CN(C)Cc1ccccc1c2cc(NCc3cccc(C)c3)ncn2,CHEMBL1365609,4.80,
CN(C)Cc1ccccc1c2cc(NCc3cccs3)ncn2,CHEMBL1320190,5.00,
CN(C)Cc1ccccc1c2cc(ncn2)N(C)Cc3occc3,CHEMBL1527029,4.60,
CN(C)Cc1ccccc1c2ccc(NC(=O)Nc3cccnc3Oc4ccccc4C(C)(C)C)c(F)c2,CHEMBL2381898,,5.27
CN(C)Cc1ccccc1c2ccc3ncnc(N4CCOCC4)c3c2,CHEMBL1435947,4.70,
CN(C)Cc1ccccc1c2ccc3ncnc(NC4CC4)c3c2,CHEMBL1573964,4.80,
CN(C)Cc1ccccc1c2ccc3ncnc(NCc4cccc(C)c4)c3c2,CHEMBL495069,5.50,
CN(C)Cc1ccccc1c2cncnc2Nc3ccc(F)cc3,CHEMBL1474317,5.70,
CN(C)Cc1ccccc1c2cncnc2NCc3cccc(C)c3,CHEMBL491977,6.40,
CN(C)Cc1ccccc1c2nc(N3CCOCC3)c4ccccc4n2,CHEMBL1612893,4.70,
CN(C)Cc1ccccc1c2nc(NCc3cccc(C)c3)c4ccccc4n2,CHEMBL1454920,5.00,
CN(C)Cc1ccccc1c2nc(NCc3cccs3)c4ccccc4n2,CHEMBL1473123,5.20,
CN(C)Cc1ccccc1c2nccc(n2)N(C)C,CHEMBL1433486,5.00,
CN(C)Cc1ccccc1c2nccc(n2)N(C)Cc3occc3,CHEMBL1592212,4.50,
CN(C)Cc1ccccc1c2nccc(Nc3ccc(F)cc3)n2,CHEMBL1355111,4.80,
CN(C)Cc1ccccc1c2nccc(NCc3cccc(C)c3)n2,CHEMBL1563066,5.40,
CN(C)CC1CCN(CC(=O)Nc2cc(nc(n2)c3oc(C)cc3)n4nc(C)cc4C)CC1,CHEMBL409459,,5.78
CN(C)CCC(=O)O[C@@H]1[C@H](OC(=O)C)[C@@]2(C)O[C@](C)(CC(=O)[C@@]2(O)[C@@]3(C)[C@@H](O)CCC(C)(C)[C@H]13)C=C,CHEMBL1591731,5.60,
CN(C)CCC(c1ccc(Br)cc1)c2ccccn2,CHEMBL811,,6.05
CN(C)CCC[C@]1([C@@H]2COc3ccc(Cl)cc3N2N=C1C(=O)C)c4ccccc4,CHEMBL429553,,5.70
CN(C)CCC[C@]1([C@@H]2COc3ccc(F)cc3N2N=C1C(=O)C)c4ccccc4,CHEMBL250328,,5.23
CN(C)CCC[C@]1(CN(N=C1C(=O)C)c2cc(C)ccc2F)c3ccccc3,CHEMBL247044,,5.52
CN(C)CCC[C@]1(OCc2cc(ccc12)C#N)c3ccc(F)cc3,CHEMBL1508,6.00,
CN(C)CCC=C1c2ccccc2CCc3ccccc13,CHEMBL629,,4.76
CN(C)CCC1=C(Cc2cccnn2)c3ccc(Cl)cc3C1,CHEMBL1092652,,6.42
CN(C)CCC1=C(Cc2cnccn2)c3ccc(C)cc3C1,CHEMBL1092600,,6.05
CN(C)CCC1=C(Cc2cnccn2)c3ccccc3C1,CHEMBL559251,,5.26
CN(C)CCC1CCN(CC1)c2cc(C(=O)NC[C@@H]3CC[C@@H](CNC(=O)OCC(C)(C)C)CC3)c4ccccc4n2,CHEMBL1818303,,4.85
CN(C)CCCC1(OCc2cc(ccc12)C#N)c3ccc(F)cc3,CHEMBL549,,4.78
CN(C)CCCc1cc(ccc1O)C(=O)Nc2ccc(cc2)c3ccncc3,CHEMBL119264,5.90,
CN(C)CCCCCCOc1ccc(cc1)n2ccnc2,CHEMBL113275,5.35,
CN(C)CCCN(Cc1ccc(cc1)c2ccc(Cl)cc2)C(=O)CN3C=C(Cc4cnn(C)c4)C(=O)N=C3SCc5ccc(F)cc5,CHEMBL87355,4.77,
CN(C)CCCn1c(nc2c(NC3CCCCC3)nc(C)nc12)c4ccccc4,CHEMBL1562090,4.70,
CN(C)CCCn1c(nc2c(NCc3ccccc3)nc(C)nc12)c4ccccc4,CHEMBL1573712,4.90,
CN(C)CCCN1c2ccccc2CCc3ccc(Cl)cc13,CHEMBL415,4.50,
CN(C)CCCN1c2ccccc2Sc3cnccc13,CHEMBL1571975,5.80,
CN(C)CCCn1cc(C2=C(C(=O)NC2=O)c3c[nH]c4ccccc34)c5ccccc15,CHEMBL7463,4.90,6.00
CN(C)CCCn1nc(C2=C(C(=O)NC2=O)c3cn(c4cccnc4)c5ccccc35)c6ccccc16,CHEMBL368416,,6.22
CN(C)CCCn1nc(c2cnc3[nH]cc(C(=O)NC(C)(C)CO)c3n2)c4cc(OC(F)F)ccc14,CHEMBL2347419,,5.20
CN(C)CCCNC(=O)c1cn(C)c2c(CN3C[C@H]4N([C@@H](Cc5ccc(O)cc5)C3=O)C(=O)CN(CC=C)N4C(=O)NCc6ccccc6)cccc12,CHEMBL3702740,4.75,
CN(C)CCCOc1ccc(cc1)n2ccnc2,CHEMBL114297,4.41,
CN(C)CCCOc1ccc(CN2CCC(CC2)NC(=O)C3=CC(=O)c4ccc(F)cc4O3)cc1F,CHEMBL248296,,4.19
CN(C)CCCSc1ccccc1NC(=O)\C=C/c2ccccc2,CHEMBL1571545,4.80,
CN(C)CCN(C)C(=O)[C@H](Cc1ccc(Br)cc1)NC(=O)C2(CC2)c3ccc(Cl)cc3Cl,CHEMBL2163839,5.11,
CN(C)CCN(C)C(=O)c1ccc(cc1)C2=NN(C(C2)c3ccc(F)cc3)c4ccc(cc4)C#N,CHEMBL1215755,,6.77
CN(C)CCN(Cc1ccc(cc1)c2ccc(Cl)cc2)C(=O)CN3C=C(Cc4cnn(C)c4)C(=O)N=C3SCc5ccc(F)cc5,CHEMBL415274,5.10,
CN(C)CCN1C(=O)C(NC(=O)CCc2ccc(Cl)cc2Cl)N=C(c3ccccc3)c4ccccc14,CHEMBL128007,,7.00
CN(C)CCN1C(=O)N(Cc2occc2)C(=O)c3c4CCCCCc4sc13,CHEMBL1308218,4.90,
CN(C)CCn1c(nc2c(NC3CCCCC3)nc(C)nc12)c4ccccc4,CHEMBL1590095,4.60,
CN(C)CCn1c(nc2c(NCc3ccccc3)nc(C)nc12)c4ccccc4,CHEMBL1316292,4.90,
CN(C)CCN1CCN(CC1)c2ccc3nc(c4ccccc4)c(nc3n2)c5ccc(CN6CCC(CC6)c7nnc([nH]7)c8ccccn8)cc5,CHEMBL499554,,5.22
CN(C)CCN1CCN(CC1)c2ncc3cc(c4ccccc4)c(nc3n2)c5ccc(CN6CCC(CC6)c7nnc([nH]7)C8=CNC(=O)C=C8)cc5,CHEMBL503652,,6.10
CN(C)CCN1CCN(CC1)c2ncc3cc(c4ccccc4)c(nc3n2)c5ccc(CN6CCC(CC6)c7nnc([nH]7)c8ccc(N)nc8)cc5,CHEMBL503270,,5.46
CN(C)CCN1CCN(CC1)c2ncc3cc(c4ccccc4)c(nc3n2)c5ccc(CN6CCC(CC6)c7nnc([nH]7)c8ccccn8)cc5,CHEMBL443661,,5.68
CN(C)CCN1CCN(CC1)c2ncc3cc(c4ccccc4)c(nc3n2)c5ccc(CN6CCC(CC6)c7nnc([nH]7)c8ncccn8)cc5,CHEMBL505848,,5.32
CN(C)CCNC(=O)c1cn(C)c2c(CN3C[C@H]4N([C@@H](Cc5ccc(O)cc5)C3=O)C(=O)CN(CC=C)N4C(=O)NCc6ccccc6)cccc12,CHEMBL3702738,5.10,
CN(C)CCNc1ccc(NC(=O)c2cn(C)c3c(CN4C[C@H]5N([C@@H](Cc6ccc(O)cc6)C4=O)C(=O)CN(CC=C)N5C(=O)NCc7ccccc7)cccc23)cn1,CHEMBL3702780,5.17,
CN(C)CCOC(c1ccccc1)c2ccccc2C,CHEMBL900,,6.07
CN(C)CCOc1ccc(NC(=O)c2cn(C)c3c(CN4C[C@H]5N([C@@H](Cc6ccc(O)cc6)C4=O)C(=O)CN(CC=C)N5C(=O)NCc7ccccc7)cccc23)cn1,CHEMBL3702774,5.00,
CN(C)S(=O)(=O)c1cc(ccc1C)[N+](=O)[O-],CHEMBL484928,4.80,
CN(C)S(=O)(=O)c1cc(ccc1N2CCCCCC2)[N+](=O)[O-],CHEMBL1550463,4.90,
CN(C)S(=O)(=O)c1ccc(cc1)C(=O)Nc2nc3ccc4sc(C)nc4c3s2,CHEMBL1516905,5.45,
CN(C)S(=O)(=O)c1ccc(NC(=O)c2c(F)cccc2Cl)cc1,CHEMBL1722610,4.65,
CN(C)S(=O)(=O)c1ccc2C(=CNC(=O)c2c1)C(=O)NC[C@@H](O)CN3CCC(CC3)Oc4ccc(Cl)c(Cl)c4,CHEMBL2207286,,6.00
CN(C)S(=O)(=O)c1ccc2NC(=O)\C(=C/c3cc4CCCCc4[nH]3)\c2c1,CHEMBL605003,5.30,
CN(C)S(=O)(=O)c1ccc2Sc3ccccc3N(CCCN4CCN(C)CC4)c2c1.CS(=O)(=O)O.CS(=O)(=O)O,CHEMBL1481539,5.60,
CN(C)S(=O)(=O)c1cccc(c1)C(=O)N2CCC(CCN3C4CCC3CC(C4)n5c(C)nc6ccccc56)(CC2)c7ccccc7,CHEMBL1784477,,5.70
CN(C)S(=O)(=O)c1cccc(c1)N2CCC(CC2)N(c3ccc(cc3)C#N)c4cccnc4,CHEMBL3137463,5.22,
CN(C)S(=O)(=O)c1cccc(NC(=O)COC(=O)c2oc(Br)cc2)c1,CHEMBL1742147,4.70,
CN(C)S(=O)(=O)N(C)[C@@H]1CCCN2C(=O)C(=C(N=C12)C(=O)NCc3ccc(F)cc3)O,CHEMBL408479,,4.70
CN(C)S(=O)(=O)Oc1cccc(c1)C(=O)Nc2ccc(Cl)c(Cl)c2,CHEMBL1392564,4.60,
CN(C)S(=O)(=O)Oc1ccccc1C(=O)Nc2cccc(c2)C(F)(F)F,CHEMBL1555637,4.95,
CN(C)S(=O)(=O)Oc1ccsc1C(=O)Nc2ccc(Cl)c(Cl)c2,CHEMBL1445840,5.35,
CN(C[C@@H](O)CN1CCC(CC1)Oc2ccc(Cl)c(Cl)c2)C(=O)C3=CNC(=O)c4ccccc34,CHEMBL2208433,,5.70
CN(c1c(C)cc(C)c(c1C)S(=O)(=O)N2CCCCC2)S(=O)(=O)c3ccccc3,CHEMBL1529578,5.95,
CN(c1ccc(cc1)C(=O)NC2CC3CCC2C3)S(=O)(=O)C,CHEMBL1724577,4.80,
CN(c1ccc(cc1)C(=O)NCCSCc2cccc(C)c2)S(=O)(=O)c3ccccc3,CHEMBL1575920,5.40,
CN(c1ccc(CN2CCC3(CC2)OCc4cc(F)ncc34)cc1)c5ccc(F)c(F)c5,CHEMBL585856,,7.60
CN(c1ccc2c(C)n(Cc3ccccc3)nc2c1)c4ccnc(Nc5cccc(c5)S(=O)(=O)N)n4,CHEMBL476572,4.10,
CN(c1ccc2cn(C)nc2c1)c3ccnc(Nc4cccc(c4)S(=O)(=O)N)n3,CHEMBL478402,5.33,
CN(c1cccc(NC(=O)c2ccc(C)c(c2)S(=O)(=O)Nc3ccccc3C)c1)S(=O)(=O)C,CHEMBL1482482,6.00,
CN(C1CCCCC1)C(=O)CC[C@@H](C2CCCCC2)N3Cc4cc(Oc5ccccc5)ccc4N=C3N,CHEMBL244347,,6.85
CN(c1ccccc1)c2ccc(\C=C\3/S\C(=C(\C#N)/C(=O)C(C)(C)C)\N(Cc4occc4)C3=O)cc2,CHEMBL3207650,5.20,
CN(c1ccccc1)c2nc(N\N=C\c3ccccc3)nc(C)c2[N+](=O)[O-],CHEMBL3209986,5.15,
CN(C1CCN(C)CC1)C(=O)CCc2nc(O)c3ccccc3n2,CHEMBL1504144,4.55,
CN(C1CCN(CC1)c2nc3ccccc3n2Cc4ccc(F)cc4)C5=NC=CC(=O)N5,CHEMBL94454,,5.14
CN(C1CCN(Cc2ccc(cc2)C(F)(F)F)CC1)C(=O)Cc3ccc(c(F)c3)S(=O)(=O)C,CHEMBL2010833,,5.54
CN(C1CCN(Cc2ccc(cc2)C(F)(F)F)CC1)C(=O)Cc3ccc(NC(=O)C)cc3,CHEMBL2010835,,5.35
CN(C1CCN(Cc2ccc(cc2)C(F)(F)F)CC1)C(=O)Cc3ccccc3,CHEMBL2010837,,5.80
CN(C1CCN(Cc2ccc(cc2)c3noc(C)n3)CC1)C(=O)Cc4ccc(cc4)n5cnnn5,CHEMBL2010841,,5.19
CN(C1CCN(Cc2ccc(cn2)C(F)(F)F)CC1)C(=O)Cc3ccc(cc3)n4cnnn4,CHEMBL2010838,,5.38
CN(C1CCN(Cc2ccc(nc2)C(F)(F)F)CC1)C(=O)Cc3ccc(cc3)n4cnnn4,CHEMBL2010839,,4.89
CN(C1CCN(CCF)CC1)C(=O)N2CC(=C[C@@]2(CO)c3ccccc3)c4cc(F)ccc4F,CHEMBL481920,,4.86
CN(C1CCNCC1)C(=O)N2CC(=C[C@@]2(CO)c3ccccc3)c4cc(F)ccc4F,CHEMBL518148,,4.72
CN(C1CCNCC1)C(=O)N2CC(=C[C@H]2c3ccccc3)c4cc(F)ccc4F,CHEMBL205437,,5.89
CN(C1CCNCC1)C(=O)N2CC(=CC2c3cccc(O)c3)c4cc(F)ccc4F,CHEMBL206249,,5.18
CN(C1CCS(=O)(=O)C1)C(=O)COC(=O)c2ccccc2Nc3cccc(C)c3C,CHEMBL1438058,4.55,
CN(c1ncccc1CNc2nc(Nc3ccc4NC(=O)Cc4c3)ncc2C(F)(F)F)S(=O)(=O)C,CHEMBL1084546,4.92,
CN(CC(=O)N(C)C(CN1CCCC1)c2ccccc2)c3ccc(Cl)c(Cl)c3,CHEMBL527199,5.48,
CN(CC(=O)N(C)C(CN1CCOCC1)c2ccc(cc2)c3ccccc3)c4ccc(Cl)c(Cl)c4,CHEMBL452298,5.68,
CN(CC(=O)N(C)C)Cc1ccc2C[C@H](CCc2c1)N(C)C(=O)c3ccc(cc3)c4ccc(F)cc4,CHEMBL214432,,5.75
CN(CC(=O)N)Cc1onc(n1)c2cn(CC3CCOCC3)c4c(Cl)cccc24,CHEMBL1682272,,4.50
CN(CC(=O)N1CCC[C@@H]([C@@H]1CN2CCCC2)c3ccccc3)c4ccc(Cl)c(Cl)c4,CHEMBL402303,5.85,
CN(CC(=O)N1CCCC(C1CN2CCCC2)c3ccccc3)c4ccc(Cl)c(Cl)c4,CHEMBL254356,5.85,
CN(CC(=O)N1CCN(C)CC1)C(=O)c2cn(C)c3c(CN4C[C@H]5N([C@@H](Cc6ccc(O)cc6)C4=O)C(=O)CN(CC=C)N5C(=O)NCc7ccccc7)cccc23,CHEMBL3702752,5.30,
CN(CC(=O)Nc1ccc(F)c(F)c1)S(=O)(=O)c2cccc3nsnc23,CHEMBL1486231,5.30,
CN(CC(=O)Nc1cccc2CCCCc12)S(=O)(=O)c3ccc(Br)cc3,CHEMBL1503178,5.05,
CN(CC(=O)NCc1ccc(F)cc1)S(=O)(=O)c2cccc3nsnc23,CHEMBL1494695,5.50,
CN(Cc1cc(Br)cc(Br)c1O)Cc2c(O)ccc3ccccc23,CHEMBL1318316,5.40,
CN(Cc1cc(cc(c1)C(F)(F)F)C(F)(F)F)C(=O)[C@H]2CN(C[C@@H]2c3ccc(F)cc3C)C(=O)c4cnc(C)cn4,CHEMBL235882,4.96,
CN(Cc1ccc(cc1)c2ccccc2)C(=O)N3CCC[C@H]3CN4CCCC4,CHEMBL216666,,5.29
CN(Cc1ccccc1)Cn2ccnc2,CHEMBL1446731,5.40,
CN(Cc1cccn1C)C(=O)C23CC4CC(CC(C4)C2)C3,CHEMBL2159084,4.72,
CN(Cc1cccs1)C(=O)C23CC4CC(CC(C4)C2)C3,CHEMBL2159075,5.00,
CN(Cc1cccs1)C(=O)CC23CC4CC(CC(C4)C2)C3,CHEMBL2158890,6.82,
CN(CC1CCOCC1)C2CCN(CC2)c3nc4ccccc4n3Cc5ccc(F)cc5,CHEMBL550818,,7.54
CN(Cc1cnccn1)S(=O)(=O)Nc2ccc3C=Cc4ncc(cc4C(=O)c3c2)c5cnn(C)c5,CHEMBL1802909,,5.15
CN(Cc1cncs1)C(=O)N[C@@H](CO)C(=O)N[C@H](CC[C@H](Cc2ccccc2)NC(=O)OCc3cncs3)Cc4ccccc4,CHEMBL3115169,6.77,
CN(Cc1cncs1)C(=O)NCCC(=O)N[C@H](CC[C@H](Cc2ccccc2)NC(=O)OCc3cncs3)Cc4ccccc4,CHEMBL3115166,6.89,
CN(CC1COc2ccccc12)S(=O)(=O)c3ccc4CCNCCc4c3,CHEMBL492556,,5.52
CN(Cc1noc(CC2(CC2)[C@H]3CCC[C@@H](C4CC4)N3S(=O)(=O)c5ccc(Cl)cc5)n1)C(C)(C)CO,CHEMBL252404,6.52,
CN(Cc1occc1)c2cc(ncn2)c3cccc(NS(=O)(=O)C)c3,CHEMBL1314674,4.80,
CN(Cc1occc1)c2cc(ncn2)c3cccnc3,CHEMBL1554935,5.50,
CN(Cc1occc1)c2ccnc(n2)c3cccc(c3)C#N,CHEMBL1373326,4.90,
CN(Cc1occc1)c2nc(nc3ccccc23)c4c(C)onc4C,CHEMBL1404408,4.90,
CN(Cc1occc1)c2nc(nc3ccccc23)c4ccc5OCOc5c4,CHEMBL1436925,5.80,
CN(Cc1occc1)c2nc(nc3ccccc23)c4cccc(c4)C#N,CHEMBL1609324,4.90,
CN(Cc1occc1)c2nc(nc3ccccc23)c4ccccc4C,CHEMBL1434817,4.60,
CN(Cc1occc1)c2nc(nc3ccccc23)c4ccccc4C(F)(F)F,CHEMBL1318041,4.90,
CN(Cc1occc1)c2nc(nc3ccccc23)c4ccccc4Cl,CHEMBL1395098,4.50,
CN(Cc1occc1)c2nc(nc3ccccc23)c4cocc4,CHEMBL1476049,4.60,
CN(Cc1occc1)c2ncnc3ccc(cc23)c4c(C)onc4C,CHEMBL1369796,4.60,
CN(Cc1occc1)c2ncnc3ccc(cc23)c4ccc5OCOc5c4,CHEMBL1374544,5.60,
CN(Cc1occc1)c2ncnc3ccc(cc23)c4cccc(c4)C#N,CHEMBL1514027,4.50,
CN(Cc1occc1)c2ncnc3ccc(cc23)c4ccccc4C(F)(F)F,CHEMBL1482582,4.80,
CN(Cc1occc1)c2ncnc3ccc(cc23)c4ccccc4Cl,CHEMBL1330317,4.80,
CN(Cc1occc1)c2ncncc2c3ccc4OCOc4c3,CHEMBL1452250,5.90,
CN(Cc1occc1)c2ncncc2c3cccc(c3)C#N,CHEMBL1553751,5.10,
CN(Cc1occc1)c2ncncc2c3cccc(NS(=O)(=O)C)c3,CHEMBL1333783,6.10,
CN(Cc1occc1)c2ncncc2c3ccccc3C,CHEMBL1559126,5.80,
CN(Cc1occc1)c2ncncc2c3ccccc3Cl,CHEMBL1319093,6.30,
CN(Cc1occc1)c2ncncc2c3cccnc3,CHEMBL1491966,5.60,
CN(Cc1onc(CC2(CC2)[C@H]3CCC[C@@H](C4CC4)N3S(=O)(=O)c5ccc(Cl)cc5)n1)C(C)(C)CO,CHEMBL443065,5.51,
CN(CCC(=O)N1CCCC1)C(=O)CC2CCN(Cc3ccn(c3)c4ccc(cc4)C(F)(F)F)CC2,CHEMBL550513,,4.55
CN(CCc1ccc(Cl)c(Cl)c1)C[C@H](O)COc2ccc(NS(=O)(=O)C)cc2,CHEMBL523167,,6.43
CN(CCCCOc1ccc(cc1)[N+](=O)[O-])Cc2ccc(cc2)[N+](=O)[O-],CHEMBL3590453,,7.18
CN(CCCCOc1ccc(cc1)[N+](=O)[O-])CCc2ccc(cc2)[N+](=O)[O-],CHEMBL3590452,,8.80
CN(CCCNC(=O)C1CCC(=O)N1Cc2ccccc2Cl)c3ccccc3,CHEMBL1490634,5.15,
CN(CCCNC(=O)C1CCN(CC1)S(=O)(=O)c2cccc3nsnc23)Cc4ccccc4,CHEMBL1330483,5.50,
CN(CCCNC(=O)C1CN(CCc2ccc(C)cc2)C(=O)C1)Cc3ccccc3,CHEMBL1389078,4.50,
CN(CCCNC(=O)CS(=O)(=O)Cc1nc(oc1C)c2ccccc2F)C3CCCCC3,CHEMBL1741658,5.00,
CN(CCN1CCCCCC1)CCc2ccc(Cl)c(Cl)c2,CHEMBL356688,5.00,
CN(CCN1CCN(C1=O)c2ccc(C)cc2)C[C@@]34CC[C@@H](CC3)C4(C)C,CHEMBL564948,,5.60
CN(CCN1CCN(C1=O)c2ccc3OCOc3c2)C[C@@]45CC[C@@H](CC4)C5(C)C,CHEMBL564347,,5.20
CN(CCN1CCN(C1=O)c2cccc(Cl)c2)C[C@@]34CC[C@@H](CC3)C4(C)C,CHEMBL563274,,5.50
CN(CCN1CCN(C1=O)c2cccc(Cl)c2)Cc3onc(C)c3,CHEMBL549438,,4.30
CN(CCN1CCN(C2COOC2)C1=O)C[C@@]34CC[C@@H](CC3)C4(C)C,CHEMBL567919,,5.20
CN(CCn1ccnc1C)C(=O)c2cn(C)c3c(CN4C[C@@H]5N(N(CC=C)CC(=O)N5[C@@H](Cc6ccc(O)cc6)C4=O)C(=O)NCc7ccccc7)cccc23,CHEMBL3702753,5.61,
CN(CCO)C(=O)c1ccc(cc1)[C@@H](N2CCN(Cc3ccc(F)cc3)CC2)c4cccc(NC(=O)C5CC5)c4,CHEMBL1939738,,4.82
CN(CCO)C(=O)c1cn(C)c2c(CN3C[C@H]4N([C@@H](Cc5ccc(O)cc5)C3=O)C(=O)CN(CC=C)N4C(=O)NCc6ccccc6)cccc12,CHEMBL3702731,5.60,
CN(CCO)c1cc(Sc2nc3ccccc3s2)c4nonc4c1[N+](=O)[O-],CHEMBL1567159,4.65,
CN(CCO)c1ccc(NC(=O)c2cn(C)c3c(CN4C[C@H]5N([C@@H](Cc6ccc(O)cc6)C4=O)C(=O)CN(CC=C)N5C(=O)NCc7ccccc7)cccc23)cn1,CHEMBL3702777,5.46,
CN(CCO)C1CCN(CC1)c2nc3ccccc3n2Cc4ccc(F)cc4,CHEMBL557210,,6.94
CN(CCO)c1nc(N)c2c(N)nc3N(C4CCCC4)C(=O)Cc3c2c1C#N,CHEMBL1610056,5.00,
CN(CCO)Cc1csc(n1)c2cn(CC3CCOCC3)c4c(Cl)cccc24,CHEMBL1762806,,5.70
CN(CCOc1ccc(C)cc1)CCc2ccc(C)cc2,CHEMBL2324254,,8.29
CN(CCOc1ccc(C[C@H](Nc2ccccc2C(=O)c3ccccc3)C(=O)O)cc1)c4ccccn4,CHEMBL434063,5.50,
CN(CCOc1ccc(cc1)[N+](=O)[O-])CCc2ccc(cc2)[N+](=O)[O-],CHEMBL3590445,,7.62
CN(CCOc1ccc(cc1)c2ccn(n2)S(=O)(=O)c3c(C)cc(C)cc3C)c4ccccn4,CHEMBL1504724,5.65,
CN(CCOc1ccc(cc1)N2C=CC(=CC2=O)OCc3ccccc3)Cc4ccccc4,CHEMBL1642487,,9.09
CN(CCOc1ccc(CC2SC(=O)NC2=O)cc1)c3ccccn3,CHEMBL121,5.10,
CN(CCOc1ccc(NS(=O)(=O)C)cc1)CCc2ccc(NS(=O)(=O)C)cc2,CHEMBL473,,4.36
CN(NC(=O)c1ccccc1C)c2nc3ccccc3nc2C(F)(F)F,CHEMBL1482653,5.15,
CN(NC(=O)NN)c1ncc(cc1Cl)C(F)(F)F,CHEMBL1332569,4.85,
CN[C@@H](C)[C@@H](O)c1ccccc1,CHEMBL1590,4.70,
CN[C@@H](CN1C(=O)N(Cc2c(F)cccc2C(F)(F)F)C(=C(C1=O)c3cccc(OCCCNCC(=O)O)c3F)C)c4ccccc4,CHEMBL499442,4.48,
CN[C@@H](CN1C(=O)N(Cc2c(F)cccc2C(F)(F)F)C(=C(C1=O)c3cccc(OCCCOCC(=O)O)c3F)C)c4ccccc4,CHEMBL509347,4.66,
CN[C@@H](CN1C(=O)N(Cc2c(F)cccc2C(F)(F)F)C(=C(C1=O)c3cccc(OCCOCC(=O)O)c3F)C)c4ccccc4,CHEMBL506338,5.00,
CN[C@@H]1C[C@H](c2ccc(Cl)c(Cl)c2)c3ccccc13,CHEMBL1394934,4.80,
CN[C@@H]1CC[C@@H](CC1)N2CCc3ccc(NC(=N)c4cccs4)cc23,CHEMBL1956107,,4.89
CN[C@@H]1CCN(C1)c2cc(NCC3CC3)nc(N)n2,CHEMBL1915540,,5.46
CN[C@@H]1CCN(C1)c2ccc(cn2)N3N=Cc4cc(sc4C3=O)c5ccc(cc5)C(F)(F)F,CHEMBL377241,,5.75
CN[C@H]([C@@H](NC)c1ccncc1)c2ccncc2,CHEMBL1320922,5.30,
CN[C@H]1C[C@H](c2ccc(Cl)c(Cl)c2)c3ccccc3C1,CHEMBL1642895,,5.64
CN[C@H]1C[C@H](N(C1)C(=O)N(C)Cc2csc(n2)C(C)C)C(=O)N[C@H](CC[C@H](Cc3ccccc3)NC(=O)OCc4cncs4)Cc5ccccc5,CHEMBL3672586,6.44,
CN[C@H]1CC[C@@H](c2ccc(Cl)c(Cl)c2)c3ccccc13,CHEMBL809,4.87,5.08
CN[C@H]1CCN(C1)C(=O)[C@@H](COCc2ccccc2)NC(=O)c3cccnc3Oc4ccc(cc4Cl)C(F)(F)F,CHEMBL1911828,5.05,
CN\C(=N/c1ccc(cc1)C2=NNC(=O)C[C@@H]2C)\NC#N,CHEMBL1334817,4.50,
CN=[S+](C)([O-])c1ccc(Nc2ncc(c(N[C@@H]3CCC[C@H]3N(C)C)n2)C(F)(F)F)cc1,CHEMBL2029180,,4.69
CN=C(S)NNC(=O)c1sccc1OCc2ccc(C)cc2,CHEMBL1353174,4.80,
CN1[C@@H]2CC[C@@H]3[C@H](CC[C@@]4(C)[C@H]3C\C(=C/c5cccnc5)\[C@@H]4O)[C@@]2(C)C=CC1=O,CHEMBL562780,,5.44
CN1[C@@H]2CC[C@@H]3[C@H](CC[C@@]4(C)[C@H]3C\C(=C/c5ccncc5)\[C@@H]4O)[C@@]2(C)C=CC1=O,CHEMBL556848,,6.50
CN1[C@@H]2CC[C@H]1CC(C2)O[C@@H](c3ccccc3)c4ccc(Cl)cc4,CHEMBL1415133,4.80,
CN1[C@@H]2CCC[C@H]1C[C@@H](C2)NC(=O)c3cccc4oc(nc34)C5CC5,CHEMBL3084778,,6.70
CN1[C@H](CCC1=O)c2cccnc2,CHEMBL365343,4.70,
CN1[C@H]2Cc3cc4OCOc4cc3[C@@H]1Cc5cc6OCOc6cc25,CHEMBL481839,4.87,
CN1\C(=C/C(=O)COC(=O)Cn2nnc(n2)c3ccccc3)\C(C)(C)c4ccccc14,CHEMBL1306897,4.85,
CN1\C(=C\C=C(\C#N)/C(=O)N)\C(C)(C)c2ccccc12,CHEMBL1382292,4.65,
CN1\C(=N/C(=O)CCl)\Sc2ccccc12,CHEMBL3189237,4.80,
Cn1c(\C=N\NC(=O)c2ccccc2Br)nc3ccccc13,CHEMBL3207422,5.00,
CN1C(=C(C(=O)COC(=O)c2cc(nc3ccccc23)C(F)(F)F)C(=O)N(Cc4ccccc4)C1=O)N,CHEMBL1535444,4.80,
CN1C(=C(C(=O)COC(=O)c2cc(nc3ccccc23)C4CC4)C(=O)N(C)C1=O)N,CHEMBL1515666,4.40,
CN1C(=C(C(=O)COC(=O)c2cc(nc3ccccc23)c4ccccc4)C(=O)N(Cc5ccccc5)C1=O)N,CHEMBL1411750,4.90,
CN1C(=C(C(C2=C(O)N(C)C(=S)N(C)C2=O)c3ccccn3)C(=O)N(C)C1=S)O,CHEMBL1539333,6.10,
CN1C(=C(Nc2ccccc2C)c3ccccc3S1(=O)=O)C(=O)c4ccccc4,CHEMBL1582625,5.50,
CN1C(=CC(=O)c2ccccc12)c3ccc4OCOc4c3,CHEMBL1371756,5.00,
CN1C(=CC(=O)N=C1SCC(=O)Nc2ccccc2)O,CHEMBL1404254,5.45,
CN1C(=N)N[C@]2(CN(C[C@H]2C1=O)c3ccc(F)cn3)c4cc(cs4)c5cccc(c5)C#N,CHEMBL2178714,5.22,
CN1C(=N)N[C@]2(CN(C[C@H]2C1=O)c3ncc(F)cn3)c4cc(cs4)c5cccc(c5)C#N,CHEMBL2178718,5.72,
CN1C(=N[C@](C1=O)(c2ccc(OC(F)F)c(C)c2)c3cccc(c3)C#CC4CC4)N,CHEMBL1270630,7.00,
CN1C(=N[C@](C1=O)(c2ccc(OC(F)F)cc2)c3ccc(F)c(c3)C#CCCCF)N,CHEMBL1270835,6.05,
CN1C(=O)[C@H](NC(=O)\C=C\c2ccc(Cl)cc2Cl)N=C(c3ccccc3)c4ccccc14,CHEMBL332826,,5.82
CN1C(=O)[C@H](NC(=O)CCC2CCCCC2)N=C(c3ccccc3)c4ccccc14,CHEMBL340353,,6.00
CN1C(=O)[C@H](NC(=O)Nc2cccc(C)c2)N=C(c3ccccc3)c4ccccc14,CHEMBL9387,,5.30
CN1C(=O)\C(=N/OC(=O)c2cccc3ccccc23)\c4ccccc14,CHEMBL3194842,4.55,
CN1C(=O)C(=Nc2cnc(nc12)N3CCNCC3)c4cc(F)cc(F)c4,CHEMBL1562477,4.50,
CN1C(=O)C(=Nc2cnc(nc12)N3CCNCC3)c4cccs4,CHEMBL1603692,4.60,
CN1C(=O)C(=Nc2cnc(nc12)N3CCNCC3)CCc4ccccc4,CHEMBL1366296,7.60,
CN1C(=O)C(=Nc2cnc(nc12)N3CCOCC3)c4ccc(Cl)cc4,CHEMBL1598565,5.50,
CN1C(=O)C(=Nc2cnc(nc12)N3CCOCC3)c4ccccc4,CHEMBL1482968,5.50,
CN1C(=O)C(=Nc2cnc(Nc3ccccc3)nc12)C,CHEMBL1516262,4.80,
CN1C(=O)C(=Nc2cnc(Nc3ccccc3)nc12)CCc4ccccc4,CHEMBL1574196,4.90,
CN1C(=O)C(=Nc2cnc(Oc3cccc(Cl)c3)nc12)c4ccc(Cl)cc4,CHEMBL1362420,5.40,
CN1C(=O)C(=Nc2cnc(Oc3ccccc3)nc12)c4ccccc4,CHEMBL1596246,5.60,
CN1C(=O)C(=Nc2cnc(OCc3ccccc3)nc12)c4ccccc4,CHEMBL1314185,4.40,
CN1C(=O)C(=Nc2cncnc12)c3ccc(F)c(F)c3,CHEMBL1552727,4.70,
CN1C(=O)C(=Nc2cncnc12)c3ccc(F)cc3,CHEMBL1314446,5.10,
CN1C(=O)C(=Nc2cncnc12)c3cccc(F)c3,CHEMBL1337092,4.70,
CN1C(=O)C(=Nc2cncnc12)c3cccs3,CHEMBL1513030,5.10,
CN1C(=O)C(=Nc2cncnc12)CCc3ccccc3,CHEMBL1552294,4.80,
CN1C(=O)C(CC(=O)Nc2ccc(F)cc2)N(CCCc3ccccc3)C1=S,CHEMBL1577515,4.65,
CN1C(=O)C=C(c2cc(ccc12)[C@](N)(c3ccc(Cl)cc3)c4cncn4C)c5cccc6ccccc56,CHEMBL470996,6.26,
CN1C(=O)C=C(c2ccccc2C)c3cc(ccc13)[C@](N)(c4ccc(Cl)cc4)c5cncn5C,CHEMBL456002,5.87,
CN1C(=O)C=C(N[C@H]2C[C@H]3CC[C@@H](C2)N3C(=O)c4noc(C)c4C)c5cc(F)c(F)cc15,CHEMBL3291062,,4.80
CN1C(=O)C=C(N=C1CC(=O)N2CCc3ccccc23)N4CCOCC4,CHEMBL3112861,4.40,
CN1C(=O)C=C(NC2CCN(C\C=C\c3ccccc3)CC2)c4cc(Cl)ccc14,CHEMBL377884,,7.52
CN1C(=O)C=C(OCC(=O)NCc2cccnc2)c3ccccc13,CHEMBL1580108,4.90,
CN1C(=O)C=C(OCCCC(=O)N2CCN(CC2)c3ccccc3)c4ccccc14,CHEMBL1459899,5.95,
CN1C(=O)C=C(SCC(=O)NCCCN2CCOCC2)c3ccc(Cl)cc13,CHEMBL1490285,5.10,
CN1C(=O)C=C(SCC(=O)NCCN2CCN(CC2)c3ccccc3F)c4cc(Cl)ccc14,CHEMBL1501406,4.85,
CN1C(=O)C=Nc2cnc(Nc3ccccc3)nc12,CHEMBL1443713,4.60,
CN1C(=O)c2cccc(C)c2N=C1c3ccc(OC4CCN(CC4)C5CCC5)cc3,CHEMBL508712,,5.70
CN1C(=O)c2cccc(F)c2N=C1c3ccc(OC4CCN(CC4)C5CCC5)cc3,CHEMBL454642,,5.10
CN1C(=O)c2ccccc2N=C1c3ccc(OC4CCN(CC4)C5CCC5)cc3,CHEMBL488249,,5.25
CN1C(=O)c2ccccc2N=C1c3ccc(OCCCN4CCCCC4)cc3,CHEMBL487064,,5.55
CN1C(=O)c2nc(oc2c3ccccc13)c4ccc(C)cc4,CHEMBL1545534,5.15,
CN1C(=O)c2nc(oc2c3ccccc13)c4ccccc4,CHEMBL1500867,4.90,
CN1C(=O)CC(NNC(=O)c2ccc(Cl)cc2)C1=O,CHEMBL1723467,4.70,
CN1C(=O)COc2c(CCCN3CCN(CC3)c4cccc5nc(C)ccc45)cccc12,CHEMBL469375,,5.30
CN1C(=O)COc2c(CCN3CCN(CC3)c4cc(F)cc5nc(C)ccc45)cccc12,CHEMBL469374,,5.40
CN1C(=O)COc2c(CCN3CCN(CC3)c4cccc5nc(C)ccc45)cccc12,CHEMBL469345,,5.40
CN1C(=O)COc2cc3CCN(CCCSc4nnc(c5cccc6nc(C)ccc56)n4C)CCc3cc12,CHEMBL256652,,5.30
CN1C(=O)N(C)C(=O)C(=CNCCOc2ccccc2C)C1=O,CHEMBL1411881,4.70,
CN1C(=O)N(C)c2[nH]c(CCS)nc2C1=O,CHEMBL1325119,5.00,
CN1C(=O)N(C)c2[nH]c(nc2C1=O)C3CCCC3,CHEMBL106265,4.40,
CN1C(=O)N(C)C2=C(C(\C(=C(\O)/OCc3ccccc3)\C(=N2)C)c4cccnc4)C1=O,CHEMBL1362305,4.95,
CN1C(=O)N(C)c2cc(\C=C(\C#N)/c3ccc(Cl)cc3)ccc12,CHEMBL1389497,4.50,
CN1C(=O)N(C)c2cc(\C=N\NC(=O)c3ccc(Cl)cc3Cl)ccc12,CHEMBL3195510,7.40,
CN1C(=O)N(C)c2cc(c(cc12)N3CCN(CC3)S(=O)(=O)c4ccc(NC(=O)C)cc4)[N+](=O)[O-],CHEMBL1343075,4.85,
CN1C(=O)N(C)c2ccc(cc2C1=O)S(=O)(=O)NCCC(=O)N3CCC(=CC3)c4ccccc4,CHEMBL1480371,5.00,
CN1C(=O)N(C)c2ccc(cc2C1=O)S(=O)(=O)NCCC(=O)Nc3nc(C)cs3,CHEMBL1419628,5.10,
CN1C(=O)N(C)c2ccc(cc2C1=O)S(=O)(=O)NCCC(=O)NCc3ccccc3Cl,CHEMBL1700937,4.85,
CN1C(=O)N(C)c2nc(N3CCN(CC3)c4ccccn4)n(Cc5ccc(Cl)cc5Cl)c2C1=O,CHEMBL1714603,5.65,
CN1C(=O)N(C)c2nc(N3CCN(CC3)c4ccccn4)n(Cc5ccccc5Cl)c2C1=O,CHEMBL1495867,5.90,
CN1C(=O)N(C)c2nc(NCC3CCCO3)n(Cc4cccc(Br)c4)c2C1=O,CHEMBL1723390,4.85,
CN1C(=O)N(CC=C)C(=O)c2c1nc(Br)n2Cc3ccccc3Cl,CHEMBL1406437,6.10,
CN1C(=O)N(Cc2c(cnc3ccccc23)C#N)C(=O)c4c1c(C#N)c(N5CCCNCC5)n4CC=C(C)C,CHEMBL1949693,,6.05
CN1C(=O)N(CC2CC2)C(=C(C(=O)COC(=O)c3cc(nc4c(cccc34)C(F)(F)F)C(F)(F)F)C1=O)N,CHEMBL1456785,5.40,
CN1C(=O)N(CC2CC2)C(=C(C(=O)COC(=O)c3cc(nc4ccccc34)c5occc5)C1=O)N,CHEMBL1413956,5.10,
CN1C(=O)N(Cc2ccccc2)C(=C(C(=O)COC(=O)c3cc(nc4ccccc34)c5occc5)C1=O)N,CHEMBL1565830,4.90,
CN1C(=O)N(Cc2ccccc2)C3=C(C(CC(=O)NCc4cccc(Cl)c4)C(=O)N3)C1=O,CHEMBL1353136,5.20,
CN1C(=O)N(Cc2cnc3ccccc3n2)C(=O)c4c1c(C#N)c(N5CCC[C@H](N)C5)n4CC=C(C)C,CHEMBL1951601,,5.30
CN1C(=O)N(Cc2nc(C)c3ccccc3n2)C(=O)c4c1c(C#N)c(N5CCC[C@H](N)C5)n4CC=C(C)C,CHEMBL1951600,,5.17
CN1C(=O)N(Cc2nc(C)c3ccccc3n2)C(=O)c4c1c(C#N)c(N5CCCNCC5)n4CC=C(C)C,CHEMBL1951609,,5.70
CN1C(=O)N(Cc2ncc3ccccc3c2C#N)C(=O)c4c1c(C#N)c(N5CCCNCC5)n4CC=C(C)C,CHEMBL1951611,,5.75
CN1C(=O)N(Cc2nccc3ccccc23)C(=O)c4c1c(C#N)c(N5CCC[C@H](N)C5)n4CC=C(C)C,CHEMBL1951599,,5.05
CN1C(=O)N(Cc2nccc3ccccc23)C(=O)c4c1c(C#N)c(N5CCC[C@H](N)C5)n4Cc6ccccc6,CHEMBL1951596,,5.55
CN1C(=O)N(Cc2nccc3ccccc23)C(=O)c4c1c(C#N)c(N5CCCNCC5)n4CC=C(C)C,CHEMBL1951608,,5.72
CN1C(=O)N(Cc2occc2)c3nc(C)[nH]c3C1=O,CHEMBL405845,4.40,
CN1C(=O)N=C(NC2CC3CCC(C2)N3Cc4ccc5OCOc5c4)c6cc(Cl)ccc16,CHEMBL448110,,6.27
CN1C(=O)N=C(NC2CCN(Cc3ccc4OCOc4c3)CC2)c5cc(Cl)ccc15,CHEMBL207668,,6.82
CN1C(=O)NC(=O)c2c1nc(CN(Cc3ccccc3)Cc4ccccc4)n2CCN5CCOCC5,CHEMBL1370255,5.35,
CN1C(=O)NC(=O)c2c1nc(N3CCN(CC3)c4ccccc4)n2CCCSc5nnc(C)s5,CHEMBL1456047,5.55,
CN1C(=O)NC(=O)c2c1nc(NCC(=O)c3ccc(C)cc3)n2Cc4ccccc4,CHEMBL1588818,5.30,
CN1C(=S)N(C)C(=O)C(=Cc2oc(cc2)N3CCCCCC3)C1=O,CHEMBL1454931,5.40,
CN1C(=S)N(C)c2[nH]c(CCCCc3nc4C(=O)N(C)C(=S)N(C)c4[nH]3)nc2C1=O,CHEMBL1409097,5.90,
CN1C(=S)N(C)c2[nH]c(SCCN3CCOCC3)nc2C1=O,CHEMBL1447746,5.50,
CN1C(=S)NC(Cc2c[nH]c3ccccc23)C1=O,CHEMBL195008,5.20,
Cn1c(c2ccc(Cl)cc2)c(C3CCCC3)c4ccc(cc14)C(=O)NC5(CCC5)C(=O)Nc6ccc(\C=C\C(=O)O)cc6,CHEMBL2181775,5.08,
Cn1c(c2ccc(Cl)cn2)c(C3CCCC3)c4ccc(cc14)C(=O)NC(C)(C)C(=O)Nc5ccc(\C=C\C(=O)O)cc5,CHEMBL2181789,5.03,
Cn1c(c2ccc(Cl)cn2)c(C3CCCC3)c4ccc(cc14)C(=O)NC5(CCC5)C(=O)Nc6ccc(\C=C\C(=O)O)cc6,CHEMBL2181634,4.96,
Cn1c(c2ccc(F)cn2)c(C3CCCC3)c4ccc(cc14)C(=O)NC5(CCC5)C(=O)Nc6ccc(\C=C\C(=O)O)cc6,CHEMBL2181635,5.17,
Cn1c(c2cccc(N)n2)c(C3CCCC3)c4ccc(cc14)C(=O)NC5(CCC5)C(=O)Nc6ccc(\C=C\C(=O)O)cc6,CHEMBL2181638,5.16,
Cn1c(c2ccccn2)c(C3CCCC3)c4ccc(cc14)C(=O)NC(C)(C)C(=O)Nc5ccc(\C=C\C(=O)O)cc5,CHEMBL2181786,5.10,
Cn1c(c2ccccn2)c(C3CCCC3)c4ccc(cc14)C(=O)NC5(CCC5)C(=O)Nc6ccc(\C=C\C(=O)O)cc6,CHEMBL2181776,5.02,
Cn1c(c2ccccn2)c(C3CCCC3)c4ccc(cc14)C(=O)NC5(CCCC5)C(=O)Nc6ccc(\C=C\C(=O)O)cc6,CHEMBL2181618,5.20,
Cn1c(c2cnccn2)c(C3CCCC3)c4ccc(cc14)C(=O)NC5(CCC5)C(=O)Nc6ccc(\C=C\C(=O)O)cc6,CHEMBL2181643,4.98,
Cn1c(c2cocc2)c(C3CCCCC3)c4ccc(cc14)C(=O)NC(C)(C)C(=O)Nc5ccc(\C=C\C(=O)O)cc5,CHEMBL1778587,5.06,
Cn1c(CC(=O)Nc2ccc(Cl)c(Cl)c2)nnc1SCC(=O)N3CCN(CC3)c4ccccc4,CHEMBL1351689,5.80,
CN1C(CN2CCC3(CC2)CCc4ccccc34)Cc5ccccc5C1=O,CHEMBL3786486,,5.16
Cn1c(CN2CCCCC2)nc3cc(NC(=O)c4ccc(Cl)cc4)ccc13,CHEMBL1408140,4.80,
Cn1c(COc2nnc(c3ccc(Cl)cc3)c4ccccc24)nc5ccccc15,CHEMBL1349620,5.40,
Cn1c(N)ncc1c2ccccc2,CHEMBL1410311,4.55,
Cn1c(Nc2cc(ccc2F)C(C)(C)C)nc3cc(Oc4ccnc(c4)c5ncc([nH]5)C(F)(F)F)ccc13,CHEMBL3632721,5.48,
Cn1c(Nc2ccc(cc2)C(C)(C)C)nc3cc(Oc4ccnc(c4)c5ncc([nH]5)C(F)(F)F)ccc13,CHEMBL3632720,4.47,
Cn1c(Nc2cccc(c2)C(C)(C)C)nc3cc(Oc4ccnc(c4)c5ncc([nH]5)C(F)(F)F)ccc13,CHEMBL3632719,5.00,
Cn1c(Nc2cccc(c2)C(C)(C)C)nc3cc(Oc4ccnc(c4)c5ncc[nH]5)ccc13,CHEMBL3632717,5.75,
Cn1c(nc2ccccc12)\C(=C(/O)\c3ccc(cc3)S(=O)(=O)N4CCCCC4)\C#N,CHEMBL3192255,4.85,
Cn1c(nc2ccccc12)C3=C(N)N(C(=S)S3)c4ccccc4,CHEMBL1522087,5.35,
Cn1c(nc2ccccc12)c3oc(CN4CCCCC4)cc3,CHEMBL1583174,4.55,
Cn1c(NCc2ccccc2)ncc1c3ccc4OCOc4c3.OC(=O)C(=O)O,CHEMBL1544498,5.10,
Cn1c(NCc2cccnc2)ncc1c3ccc(Br)cc3,CHEMBL1359378,5.40,
Cn1c(nnc1C2(CCC2)c3ccc(Cl)cc3)c4ccc(cc4)c5cnccn5,CHEMBL1760794,5.00,
Cn1c(S)nnc1CNS(=O)(=O)c2ccc(Cl)cc2,CHEMBL1723921,4.80,
Cn1c(SC2=CS(=O)(=O)c3ccccc23)nc4ccccc14,CHEMBL1343568,4.40,
Cn1c(Sc2ccc(c3cccnc3)n2C)ccc1c4cccnc4,CHEMBL1408138,6.20,
Cn1c(SC2CCCCC2=O)nnc1c3ccncc3,CHEMBL1351153,4.60,
Cn1c(SCc2oc(nn2)c3ccc(F)cc3)nnc1C4COc5ccccc5O4,CHEMBL1547186,4.85,
Cn1c(SCCCN2C[C@@H]3C[C@@]3(C2)c4ccc(cc4)C(F)(F)F)nnc1c5ccnnc5,CHEMBL1081867,,5.40
Cn1c(SCCCN2C[C@@H]3C[C@@]3(C2)c4ccc(cc4)C(F)(F)F)nnc1c5cncnc5,CHEMBL1079475,,5.50
Cn1c(SCCCN2CC3CCN(C3C2)c4c(F)cccc4C(F)(F)F)nnc1c5cnccn5,CHEMBL3775946,,5.80
Cn1c(SCCCN2CC3CCN(C3C2)c4c(F)cccc4F)nnc1c5cnccn5,CHEMBL3775771,,5.60
Cn1c(SCCCN2CC3CCN(C3C2)c4ccc(cc4)C#N)nnc1c5cnccn5,CHEMBL3775097,,6.60
Cn1c(SCCCN2CC3CCN(C3C2)c4ccc(cc4)C(F)(F)F)nnc1C5CCCC5,CHEMBL3774462,,6.70
Cn1c(SCCCN2CC3CCN(C3C2)c4ccc(cc4)C(F)(F)F)nnc1C5CCCCC5,CHEMBL3774463,,6.50
Cn1c(SCCCN2CC3CCN(C3C2)c4ccc(cc4)C(F)(F)F)nnc1c5cncnc5,CHEMBL3775572,,6.80
Cn1c(SCCCN2CC3CCN(C3C2)c4ccc(F)cc4)nnc1C5=CC(=O)NC=C5,CHEMBL3775033,,5.30
Cn1c(SCCCN2CC3CCN(C3C2)c4ccc(F)cc4)nnc1C5CCCCC5,CHEMBL3774431,,6.50
Cn1c(SCCCN2CC3CCN(C3C2)c4ccc(F)cc4)nnc1c5cnccn5,CHEMBL3774996,,6.50
Cn1c(SCCCN2CC3CCN(C3C2)c4cccc(c4)C#N)nnc1c5cnccn5,CHEMBL3775667,,7.00
Cn1c(SCCCN2CC3CCN(C3C2)c4cccc(F)c4)nnc1c5cnccn5,CHEMBL3774869,,6.70
Cn1c(SCCCN2CC3CCN(C3C2)c4ccccc4C(F)(F)F)nnc1c5ccccn5,CHEMBL3775408,,6.20
Cn1c(SCCCN2CC3CCN(C3C2)c4ccccc4C(F)(F)F)nnc1c5ccncc5,CHEMBL3775214,,5.80
Cn1c(SCCCN2CC3CCN(C3C2)c4ccccc4OC(F)(F)F)nnc1c5cnccn5,CHEMBL3774621,,6.20
Cn1c(SCCCN2CCOC(C2)c3ccc(cc3)C(F)(F)F)nnc1c4ccc(nc4)C(=O)N,CHEMBL3764306,,5.70
CN1C[C@@H]([C@H](C1)c2ccc(\C=C\C(=O)Nc3ccccc3N)cc2)C(=O)Nc4ccc(Cl)cc4,CHEMBL2177587,4.85,5.00
CN1C[C@@H](C=C2[C@@H]1Cc3c[nH]c4cccc2c34)C(=O)N[C@@]5(C)O[C@@]6(O)[C@H]7CCCN7C(=O)[C@@H](Cc8ccccc8)N6C5=O,CHEMBL1315610,5.40,
CN1C[C@@H](CO)C=C2C1Cc3c[nH]c4cccc2c34,CHEMBL1520752,4.50,
CN1C[C@@H]2[C@@H](CN(Cc3ccc(F)c(Cl)c3)C(=O)c4cn(C)cn4)[C@@H]2C1,CHEMBL563251,,5.07
CN1C[C@@H]2[C@@H](CN(Cc3cccc(OC(F)(F)F)c3)C(=O)c4cn(C)cn4)[C@@H]2C1,CHEMBL556247,,5.42
CN1C[C@@H]2C(c3ccc(Cl)nc3)C4(CC2(C4)[C@H]1c5ccccc5)c6ccccc6,CHEMBL1407497,4.90,
CN1C[C@@H]2C(c3ccc(Cl)nc3)C4(CC2(C4)[C@H]1c5ccccc5)c6cccnc6,CHEMBL1334278,5.10,
CN1C[C@@H]2C[C@H]1CN2c3ccc(cn3)c4ccc5[nH]c(cc5c4)C(F)(F)F,CHEMBL1086481,,8.70
CN1C[C@@H]2C[C@H]1CN2c3ccc(cn3)c4ccc5[nH]ccc5c4,CHEMBL1086480,,7.96
CN1C[C@@H]2C[C@H]1CN2c3ccc(cn3)c4cccc5[nH]ccc45,CHEMBL1085778,,7.50
CN1C[C@@H]2C[C@H]1CN2c3ccc(cn3)c4ccccc4,CHEMBL1085824,,8.00
CN1C[C@@H]2C[C@H]1CN2c3ccc(nn3)c4ccc5[nH]ccc5c4,CHEMBL1083304,,7.68
CN1C[C@@H]2C[C@H]1CN2c3ccc(nn3)c4ccc5cc[nH]c5c4,CHEMBL1083615,,7.92
CN1C[C@@H]2C[C@H]1CN2c3cnc(cn3)c4ccc5[nH]ccc5c4,CHEMBL1082466,,7.85
CN1C[C@@H]2C[C@H]1CN2c3cnc(cn3)c4ccc5cc[nH]c5c4,CHEMBL1086506,,8.05
CN1C[C@@H]2C[C@H]1CN2c3cnc(cn3)c4ccc5occc5c4,CHEMBL1084021,,8.28
CN1C[C@@H]2C[C@H]1CN2c3cnc(cn3)c4ccc5sccc5c4,CHEMBL1084022,,8.92
CN1C[C@@H]2C[C@H]1CN2c3ncc(cn3)c4ccc5[nH]ccc5c4,CHEMBL1086524,,8.37
CN1C[C@@H]2C[C@H]1CN2c3ncc(cn3)c4ccc5occc5c4,CHEMBL1085805,,8.89
CN1C[C@@H]2C[C@H]1CN2c3ncc(cn3)c4ccc5sccc5c4,CHEMBL1085806,,9.25
CN1C[C@@H]2C[C@H]1CN2c3ncc(cn3)c4ccccc4,CHEMBL1085581,,7.66
CN1C[C@@H]2CCCC[C@@]2(C1)c3ccc(Cl)c(Cl)c3,CHEMBL1813315,5.28,5.64
CN1C[C@@H]2CN(C[C@H]12)c3ccc(nc3)c4ccc5[nH]ccc5c4,CHEMBL2036415,,5.72
CN1C[C@H]([C@@H](C1)c2ccc(\C=C\C(=O)Nc3ccccc3N)cc2)C(=O)Nc4ccc(Cl)cc4,CHEMBL2177588,4.68,5.30
CN1C[C@H](C[C@@H]2[C@@H]1Cc3c[nH]c4cccc2c34)C(=O)N[C@]5(C)O[C@]6(O)[C@H]7CCCN7C(=O)[C@H](Cc8ccccc8)N6C5=O.CS(=O)(=O)O,CHEMBL1514911,5.10,
CN1C[C@H](c2ccc3sccc3c2)c4ccc(cc4C1)N5CCOCC5,CHEMBL3323181,,6.00
CN1C[C@H](CNC(=O)OCc2ccccc2)C[C@H]3[C@H]1Cc4cn(C)c5cccc3c45,CHEMBL19215,4.90,
CN1C[C@H]2C[C@H](C[C@H]2C1)N(Cc3ccc(F)c(OC4CCCC4)c3)C(=O)c5cn(C)cn5,CHEMBL599482,,5.31
CN1C[C@H]2CCC[C@]2(C1)c3ccc(Cl)c(Cl)c3,CHEMBL1813484,,5.27
CN1C[C@H]2CCCC[C@]2(C1)c3ccc(Cl)c(Cl)c3,CHEMBL1813314,5.19,5.38
CN1C=CC(=CC1=O)[C@H]2CCNC[C@@H]2C(=O)N(Cc3cc(CCCC#N)cc(Cl)c3Cl)C4CC4,CHEMBL1795913,,5.08
CN1C=CC(=CC1=O)[C@H]2CCNC[C@@H]2C(=O)N(Cc3cn(Cc4cccc(F)c4)c5cccc(F)c35)C6CC6,CHEMBL1796074,,5.92
CN1C=CC(=CC1=O)[C@H]2CCNC[C@@H]2C(=O)N(Cc3cn(Cc4ccccc4)c5cccc(F)c35)C6CC6,CHEMBL1796073,,6.02
CN1C=CC(=CC1=O)c2nnc(SCCCN3CC4CCN(C4C3)c5c(F)cc(F)cc5F)n2C,CHEMBL3775350,,5.20
CN1C=CC(=CC1=O)c2nnc(SCCCN3CC4CCN(C4C3)c5ccc(F)cc5)n2C,CHEMBL3774569,,5.60
CN1C2CCC1[C@@H]3[C@@H](c4c(F)cccc4F)C(C#N)(C#N)C(=C(C#N)C3=C2)N,CHEMBL1495886,5.35,
Cn1c2cccc(C(=O)N)c2c3nc(CN4CCOCC4)nc(N5CCN(CCc6ccc(F)c(F)c6)CC5)c13,CHEMBL439727,4.50,
Cn1c2cccc(C(=O)N)c2c3ncnc(N4CCN(CCc5ccc(F)c(F)c5)CC4)c13,CHEMBL26678,6.59,
Cn1c2ccccc2c3cc(sc13)C(=O)N4CCOCC4,CHEMBL1379319,4.55,
Cn1c2cccnc2c3ncnc(N4CCN(CCc5ccc(F)c(F)c5)CC4)c13,CHEMBL282365,4.71,
Cn1c2CCN(Cc2c3cc(ccc13)C(=O)N4CCCCC4)C5CCOCC5,CHEMBL1950490,,4.75
Cn1c2ccncc2c3ncnc(N4CCN(CCc5ccc(F)c(F)c5)CC4)c13,CHEMBL430724,4.75,
CN1c2nc(c(cc2C(CC1(C)C)C(=O)NCO)c3ccc(Cl)cc3)c4ccc(Cl)cc4Cl,CHEMBL1082330,,7.40
Cn1c2nccc(C(=O)N)c2c3nc(CN4CCOCC4)nc(N5CCN(CCc6ccc(F)c(F)c6)CC5)c13,CHEMBL281496,4.47,
Cn1c2nccc(C(=O)N)c2c3ncnc(N4CCN(CCc5ccc(F)c(F)c5)CC4)c13,CHEMBL25903,5.91,
Cn1cc(\C=N\N2C=Nc3sc4CCCCc4c3C2=O)c5ccccc15,CHEMBL3212090,4.65,
CN1CC(=C[C@@H]2[C@H]1Cc3c[nH]c4cccc2c34)CO,CHEMBL1356713,4.40,
CN1CC(=O)N2C(Cc3c([nH]c4ccccc34)C2c5ccc6OCOc6c5)C1=O,CHEMBL1671905,,4.00
CN1CC(=O)OB(OC(=O)C1)c2ccc(Cn3c(C)nc4c(c(Cl)c(Cl)cc34)[N+](=O)[O-])cc2,CHEMBL3771105,4.55,
Cn1cc(C(=O)N2CC(O)C2)c3cccc(CN4C[C@H]5N([C@@H](Cc6ccc(O)cc6)C4=O)C(=O)CN(CC=C)N5C(=O)NCc7ccccc7)c13,CHEMBL3702726,4.74,
Cn1cc(C(=O)N2CCC(CC2)N3CCOCC3)c4cccc(CN5C[C@H]6N([C@@H](Cc7ccc(O)cc7)C5=O)C(=O)CN(CC=C)N6C(=O)NCc8ccccc8)c14,CHEMBL3702723,5.68,
Cn1cc(C(=O)N2CCC(O)CC2)c3cccc(CN4C[C@H]5N([C@@H](Cc6ccc(O)cc6)C4=O)C(=O)CN(CC=C)N5C(=O)NCc7ccccc7)c13,CHEMBL3702714,4.97,
Cn1cc(C(=O)N2CCN(CC2)S(=O)(=O)C)c3cccc(CN4C[C@@H]5N(N(CC=C)CC(=O)N5[C@@H](Cc6ccc(O)cc6)C4=O)C(=O)NCc7ccccc7)c13,CHEMBL3702699,4.95,
Cn1cc(C(=O)N2CCN(CC3CCNCC3)CC2)c4cccc(CN5C[C@H]6N([C@@H](Cc7ccc(O)cc7)C5=O)C(=O)CN(CC=C)N6C(=O)NCc8ccccc8)c14,CHEMBL3702703,5.09,
Cn1cc(C(=O)N2CCN(CCN3CCCCC3)CC2)c4cccc(CN5C[C@@H]6N(N(CC=C)CC(=O)N6[C@@H](Cc7ccc(O)cc7)C5=O)C(=O)NCc8ccccc8)c14,CHEMBL3702704,5.26,
Cn1cc(C(=O)N2CCN3CCN(CC3C2)C(=O)OC(C)(C)C)c4cccc(CN5C[C@@H]6N(N(CC=C)CC(=O)N6[C@@H](Cc7ccc(O)cc7)C5=O)C(=O)NCc8ccccc8)c14,CHEMBL3702711,5.66,
Cn1cc(C(=O)N2CCN3CCN(CC3C2)C=O)c4cccc(CN5C[C@H]6N([C@@H](Cc7ccc(O)cc7)C5=O)C(=O)CN(CC=C)N6C(=O)NCc8ccccc8)c14,CHEMBL3702712,4.92,
Cn1cc(C(=O)Nc2ccc(nc2)N3CC(O)C3)c4cccc(CN5C[C@H]6N([C@@H](Cc7ccc(O)cc7)C5=O)C(=O)CN(CC=C)N6C(=O)NCc8ccccc8)c14,CHEMBL3702811,5.31,
Cn1cc(C(=O)Nc2ccc(nc2)N3CCC(CC3)N4CCCCC4)c5cccc(CN6CC7N(C(Cc8ccc(O)cc8)C6=O)C(=O)CN(CC=C)N7C(=O)NCc9ccccc9)c15,CHEMBL3702806,5.63,
Cn1cc(C(=O)Nc2ccc(nc2)N3CCN(CC3)C(C)(C)C)c4cccc(CN5CC6N(C(Cc7ccc(O)cc7)C5=O)C(=O)CN(CC=C)N6C(=O)NCc8ccccc8)c14,CHEMBL3702799,5.38,
Cn1cc(C(=O)Nc2ccc(nc2)N3CCN(CC3)c4ccc(cc4)C(F)(F)F)c5cccc(CN6CC7N(C(Cc8ccc(O)cc8)C6=O)C(=O)CN(CC=C)N7C(=O)NCc9ccccc9)c15,CHEMBL3702808,4.63,
Cn1cc(C(=O)Nc2ccc(nc2)N3CCN(CC3)C4CCCC4)c5cccc(CN6C[C@H]7N([C@@H](Cc8ccc(O)cc8)C6=O)C(=O)CN(CC=C)N7C(=O)NCc9ccccc9)c15,CHEMBL3702801,4.76,
Cn1cc(C(=O)Nc2ccc(nc2)N3CCOCC3)c4cccc(CN5CC6N(N(CC=C)CC(=O)N6[C@@H](Cc7ccc(O)cc7)C5=O)C(=O)NCc8ccccc8)c14,CHEMBL3702789,4.68,
Cn1cc(C(=O)Nc2ccc(NCC(C)(C)C)nc2)c3cccc(CN4CC5N(N(CC=C)CC(=O)N5C(Cc6ccc(O)cc6)C4=O)C(=O)NCc7ccccc7)c13,CHEMBL3702779,5.62,
Cn1cc(C(=O)Nc2ccc(NCC(O)CO)nc2)c3cccc(CN4CC5N([C@@H](Cc6ccc(O)cc6)C4=O)C(=O)CN(CC=C)N5C(=O)NCc7ccccc7)c13,CHEMBL3702778,5.59,
Cn1cc(C(=O)Nc2ccc(NCCCN3CCCC3)nc2)c4cccc(CN5CC6N(N(CC=C)CC(=O)N6C(Cc7ccc(O)cc7)C5=O)C(=O)NCc8ccccc8)c14,CHEMBL3702788,5.59,
Cn1cc(C(=O)Nc2ccc(NCCN3CCC(O)CC3)nc2)c4cccc(CN5CC6N(N(CC=C)CC(=O)N6[C@@H](Cc7ccc(O)cc7)C5=O)C(=O)NCc8ccccc8)c14,CHEMBL3702786,5.24,
Cn1cc(C(=O)Nc2ccc(NCCN3CCCCC3)nc2)c4cccc(CN5CC6N(N(CC=C)CC(=O)N6C(Cc7ccc(O)cc7)C5=O)C(=O)NCc8ccccc8)c14,CHEMBL3702784,5.60,
Cn1cc(C(=O)Nc2ccc(OCCCN3CCCCC3)nc2)c4cccc(CN5C[C@@H]6N(N(CC=C)CC(=O)N6[C@@H](Cc7ccc(O)cc7)C5=O)C(=O)NCc8ccccc8)c14,CHEMBL3702787,5.12,
Cn1cc(C(=O)Nc2ccc3OCCOc3c2)c4cccc(CN5CC6N([C@@H](Cc7ccc(O)cc7)C5=O)C(=O)CN(CC=C)N6C(=O)NCc8ccccc8)c14,CHEMBL3702819,5.58,
Cn1cc(C(=O)NC2CCN(CC2)C(=O)OC(C)(C)C)c3cccc(CN4C[C@H]5N([C@@H](Cc6ccc(O)cc6)C4=O)C(=O)CN(CC=C)N5C(=O)NCc7ccccc7)c13,CHEMBL3702763,5.25,
Cn1cc(C(=O)NC2CCN(CCCO)CC2)c3cccc(CN4C[C@H]5N([C@@H](Cc6ccc(O)cc6)C4=O)C(=O)CN(CC=C)N5C(=O)NCc7ccccc7)c13,CHEMBL3702764,5.01,
Cn1cc(C(=O)NCCCN2CCOCC2)c3cccc(CN4C[C@H]5N([C@@H](Cc6ccc(O)cc6)C4=O)C(=O)CN(CC=C)N5C(=O)NCc7ccccc7)c13,CHEMBL3702750,5.96,
Cn1cc(C(=O)NN2CCCC2)c3cccc(CN4C[C@H]5N([C@@H](Cc6ccc(O)cc6)C4=O)C(=O)CN(CC=C)N5C(=O)NCc7ccccc7)c13,CHEMBL3702758,4.76,
Cn1cc(C(=O)NN2CCN(CC2)C3CCCC3)c4cccc(CN5C[C@H]6N([C@@H](Cc7ccc(O)cc7)C5=O)C(=O)CN(CC=C)N6C(=O)NCc8ccccc8)c14,CHEMBL3702761,5.62,
Cn1cc(C(=O)NN2CCOCC2)c3cccc(CN4C[C@H]5N([C@@H](Cc6ccc(O)cc6)C4=O)C(=O)CN(CC=C)N5C(=O)NCc7ccccc7)c13,CHEMBL3702760,4.65,
Cn1cc(C(=O)NNc2ccccc2)c3cccc(CN4C[C@@H]5N(N(CC=C)CC(=O)N5[C@@H](Cc6ccc(O)cc6)C4=O)C(=O)NCc7ccccc7)c13,CHEMBL3702762,5.17,
Cn1cc(c(n1)C(=O)Nc2cc(Oc3cccnc3)cc(c2)[N+](=O)[O-])[N+](=O)[O-],CHEMBL1480192,6.30,
Cn1cc(C[C@@H](NC(=O)N2CCC(CC2)N3C(=O)Nc4ccccc34)C(=O)N5CCC(CC5)N6CCCCC6)c7ccccc17,CHEMBL2059802,7.00,
CN1CC(C1)c2c[nH]c3cc(ccc23)N4C=CC(=CC4=O)OCc5ccccc5,CHEMBL1830042,,4.92
Cn1cc(C2=C(C(=O)NC2=O)c3cn(CCCSC(=N)N)c4ccccc34)c5ccccc15.CS(=O)(=O)O,CHEMBL1591531,5.20,
Cn1cc(C2=Nc3cnc(nc3N(C2=O)c4ccccc4)N5CCNCC5)c6ccccc16,CHEMBL1441843,4.70,
Cn1cc(C2=Nc3cnc(nc3N(C4CC4)C2=O)N5CCNCC5)c6ccccc16,CHEMBL1593707,5.10,
Cn1cc(C2=Nc3cnc(nc3N(C4CC4)C2=O)N5CCOCC5)c6ccccc16,CHEMBL1371458,5.10,
Cn1cc(C2=Nc3cnc(nc3N(Cc4ccc(F)cc4)C2=O)N5CCNCC5)c6ccccc16,CHEMBL1314906,4.90,
Cn1cc(C2=Nc3cnc(nc3N(CCC#N)C2=O)N4CCNCC4)c5ccccc15,CHEMBL1434022,4.80,
Cn1cc(C2=Nc3cnc(Oc4ccccc4)nc3N(CCC#N)C2=O)c5ccccc15,CHEMBL1533197,5.10,
Cn1cc(C2=Nc3cncnc3N(C2=O)c4ccccc4)c5ccccc15,CHEMBL1524650,5.00,
Cn1cc(C2=Nc3cncnc3N(Cc4ccccc4Cl)C2=O)c5ccccc15,CHEMBL1315109,5.10,
Cn1cc(c2cc3CCNCCc3cc12)S(=O)(=O)c4ccccc4,CHEMBL478871,4.89,
Cn1cc(c2ccc(cc2)C(=O)N3CCSCC3)c4cccc(CN5C[C@H]6N([C@@H](Cc7ccc(O)cc7)C5=O)C(=O)CN(CC=C)N6C(=O)NCc8ccccc8)c14,CHEMBL3699318,5.75,
Cn1cc(c2ccc(cc2)C(=O)Nc3cccc(c3)C(=O)N)c4cccc(CN5C[C@H]6N([C@@H](Cc7ccc(O)cc7)C5=O)C(=O)CN(CC=C)N6C(=O)NCc8ccccc8)c14,CHEMBL3699323,4.80,
Cn1cc(c2ccc(cc2)C(=O)Nc3cccc(O)c3)c4cccc(CN5C[C@H]6N([C@@H](Cc7ccc(O)cc7)C5=O)C(=O)CN(CC=C)N6C(=O)NCc8ccccc8)c14,CHEMBL3699324,5.09,
Cn1cc(c2ccc(cc2)C(=O)Nc3cccc(OCc4ccccc4)c3)c5cccc(CN6C[C@@H]7N(N(CC=C)CC(=O)N7[C@@H](Cc8ccc(O)cc8)C6=O)C(=O)NCc9ccccc9)c15,CHEMBL3699327,4.76,
Cn1cc(c2ccc(cc2)C(=O)Nc3ccccc3)c4cccc(CN5C[C@@H]6N(N(CC=C)CC(=O)N6[C@@H](Cc7ccc(O)cc7)C5=O)C(=O)NCc8ccccc8)c14,CHEMBL3699325,5.12,
Cn1cc(c2ccc(cc2)C(=O)NNC(C)(C)C)c3cccc(CN4C[C@H]5N([C@@H](Cc6ccc(O)cc6)C4=O)C(=O)CN(CC=C)N5C(=O)NCc7ccccc7)c13,CHEMBL3699334,5.47,
Cn1cc(c2ccc(NC(=O)N3CCN(CC3)S(=O)(=O)C)nc2)c4cccc(CN5C[C@H]6N([C@@H](Cc7ccc(O)cc7)C5=O)C(=O)CN(CC=C)N6C(=O)NCc8ccccc8)c14,CHEMBL3702686,5.19,
Cn1cc(c2ccc(NC(=O)N3CCN(CC3)S(=O)(=O)C)nc2)c4cccc(CN5CC6N(C(Cc7ccc(O)cc7)C5=O)C(=O)CN(CC=C)N6C(=O)NCc8ccccc8)c14,CHEMBL3702818,5.19,
Cn1cc(c2ccc(NC(=O)N3CCOCC3)nc2)c4cccc(CN5C[C@@H]6N(N(CC=C)CC(=O)N6[C@@H](Cc7ccc(O)cc7)C5=O)C(=O)NCc8ccccc8)c14,CHEMBL3702681,4.99,
Cn1cc(c2ccc(NC(=O)NC3CCCC3)cc2)c4cccc(CN5C[C@H]6N([C@@H](Cc7ccc(O)cc7)C5=O)C(=O)CN(CC=C)N6C(=O)NCc8ccccc8)c14,CHEMBL3702678,5.11,
Cn1cc(c2ccc(NC(=O)Nc3cnccn3)cc2)c4cccc(CN5C[C@H]6N([C@@H](Cc7ccc(O)cc7)C5=O)C(=O)CN(CC=C)N6C(=O)NCc8ccccc8)c14,CHEMBL3702680,5.34,
Cn1cc(c2ccc(NC(=O)NCC(C)(C)C)nc2)c3cccc(CN4C[C@@H]5N(N(CC=C)CC(=O)N5[C@@H](Cc6ccc(O)cc6)C4=O)C(=O)NCc7ccccc7)c13,CHEMBL3702685,5.66,
Cn1cc(c2ccc(NC(=O)NCc3ccccc3)nc2)c4cccc(CN5C[C@H]6N([C@@H](Cc7ccc(O)cc7)C5=O)C(=O)CN(CC=C)N6C(=O)NCc8ccccc8)c14,CHEMBL3702684,4.69,
Cn1cc(c2ccc(nc2)C(=O)N3CCN(CC3)S(=O)(=O)C)c4cccc(CN5C[C@H]6N([C@@H](Cc7ccc(O)cc7)C5=O)C(=O)CN(CC=C)N6C(=O)NCc8ccccc8)c14,CHEMBL3702682,5.16,
Cn1cc(c2ccc3N(CCc3c2)C(=O)Cc4cccc(c4)C(F)(F)F)c5c(N)ncnc15,CHEMBL2171124,4.89,
Cn1cc(c2ccc3N(CCc3c2F)C(=O)Cc4cccc(n4)C(F)(F)F)c5c(N)ncnc15,CHEMBL2441342,5.04,
Cn1cc(c2cccc(c2)C(=O)Nc3ccccc3)c4cccc(CN5C[C@@H]6N(N(CC=C)CC(=O)N6[C@@H](Cc7ccc(O)cc7)C5=O)C(=O)NCc8ccccc8)c14,CHEMBL3699322,5.67,
CN1CC(c2ccccc2)C3(COc4ccccc4C3=O)C15C(=O)Nc6ccccc56,CHEMBL1539897,5.40,
Cn1cc(c2ccnc(c2)C3COCCN3)c(n1)c4ccc(F)cc4,CHEMBL2420704,,4.59
Cn1cc(c2cnc3ccccc3c2)c4cccc(CN5C[C@H]6N([C@@H](Cc7ccc(O)cc7)C5=O)C(=O)CN(CC=C)N6C(=O)NCc8ccccc8)c14,CHEMBL3702825,5.68,
Cn1cc(CC2=CN(CC(=O)N(CC(=O)O)Cc3ccc(cc3)c4ccc(cc4)C(F)(F)F)C(=NC2=O)SCc5ccc(F)cc5)cn1,CHEMBL89750,4.51,
Cn1cc(CC2=CN(CC(=O)N(CCN)Cc3ccc(cc3)c4ccc(Cl)cc4)C(=NC2=O)SCc5ccc(F)cc5)cn1,CHEMBL87071,4.82,
Cn1cc(CC2=CN(CC(=O)N(CCN3CCCC3)Cc4ccc(cc4)c5ccc(Cl)cc5)C(=NC2=O)SCc6ccc(F)cc6)cn1,CHEMBL405981,5.22,
Cn1cc(CC2=CN(CC(=O)N(CCN3CCCCC3)Cc4ccc(cc4)c5ccc(cc5)C(F)(F)F)C(=NC2=O)SCc6ccc(F)cc6)cn1,CHEMBL314768,5.00,
Cn1cc(cn1)[C@@H]2N[C@H](Cc3c2[nH]c4ccccc34)c5nc(c[nH]5)c6ccc(F)cc6,CHEMBL2204931,,5.66
Cn1cc(cn1)[C@]2(N[C@H](Cc3c2[nH]c4ccccc34)c5nc(c[nH]5)c6ccc(F)cc6)c7ccc(cn7)C(=O)O,CHEMBL3323086,,4.02
Cn1cc(cn1)[C@]2(N[C@H](Cc3c2[nH]c4ccccc34)c5nc(c[nH]5)c6ccc(F)cn6)c7oc(N)nn7,CHEMBL3582330,,4.45
Cn1cc(cn1)[C@H]2N[C@H](Cc3c2[nH]c4ccccc34)c5nc(c[nH]5)c6ccc(F)cc6,CHEMBL2204942,,6.52
Cn1cc(cn1)c2ccc3c(c2)[nH]c4c(cnc(NC(C5CC5)C6CC6)c34)C(=O)N,CHEMBL1835141,,5.77
Cn1cc(cn1)c2cnc(N)c3c(csc23)c4ccc(NC(=O)Nc5cccc(F)c5)cc4,CHEMBL1970317,5.10,
Cn1cc(cn1)c2cnc3C=Cc4ccc(NS(=O)(=O)C)cc4C(=O)c3c2,CHEMBL1802602,,5.00
CN1CC(Cn2nc(c3cnc4[nH]cc(C(=O)NC(C)(C)C)c4n3)c5cc(OC(F)F)ccc25)C1,CHEMBL2347416,,6.53
CN1CC(CNC(=O)OCc2ccccc2)C[C@@H]3C1Cc4cn(C)c5cccc3c45,CHEMBL1526242,4.90,
CN1CC[C@@]2(CCCN(C2)C(=O)c3ccncc3)C1,CHEMBL1553262,4.50,
CN1CC[C@@]2(CCCN(C2)C(=O)Oc3ccccc3)C1,CHEMBL1358456,4.90,
CN1CC[C@@]2(CCCN(C2)S(=O)(=O)c3ccccc3)C1,CHEMBL1591548,5.10,
CN1CC[C@@H](C1)N(Cc2ccccc2C(F)(F)F)c3ccc(C#N)c(Cl)c3,CHEMBL558664,,6.11
CN1CC[C@@H]2CN3CCc4cccc([C@H]2C1)c34,CHEMBL1367485,4.40,
CN1CC[C@H](C1)N(Cc2ccccc2C(F)(F)F)c3ccc(C#N)c(Cl)c3,CHEMBL563341,,6.11
CN1CC=CC[C@@H](C1)c2ccc(Cl)c(Cl)c2,CHEMBL2321996,,5.00
Cn1cc2c(OCC3CCN(CCc4ccc(cc4)C(=O)O)CC3)nc5ccccc5c2c1,CHEMBL2179674,,5.00
Cn1cc2c(OCC3CCN(CCc4ccc(CO)cc4)CC3)nc5ccccc5c2c1,CHEMBL2179672,,8.00
CN1Cc2c3OCOc3ccc2C4C(O)Cc5cc6OCOc6cc5C14,CHEMBL436279,4.90,
CN1Cc2cc3CCN(CCCCSc4nnc(c5cccc6nc(C)ccc56)n4C)CCc3cc2C1=O,CHEMBL270853,,4.50
CN1Cc2ccccc2[C@H](N=C1OCc3ccc(NS(=O)(=O)C)cc3)c4ccccc4.OC(=O)\C=C\C(=O)O,CHEMBL1788206,,4.42
CN1Cc2ccccc2[C@H]3[C@H]1Cc4c[nH]c5cccc3c45,CHEMBL313737,5.30,
CN1CC2CCN(C2C1)C(=O)c3cn(C)c4c(CN5C[C@H]6N([C@@H](Cc7ccc(O)cc7)C5=O)C(=O)CN(CC=C)N6C(=O)NCc8ccccc8)cccc34,CHEMBL3702725,5.35,
CN1CCC(=C2c3ccccc3CC(=O)c4sccc24)CC1,CHEMBL534,5.80,
CN1CCC(=NNC(=O)CSCc2ccccc2)CC1,CHEMBL1337524,4.75,
CN1CCC(CC1)c2cc(C)c3nc([nH]c3c2)C4=C(NCCn5cc(Cl)cn5)C=CNC4=O,CHEMBL461422,4.40,
CN1CCC(CC1)N2CCN(CC2)C(=O)[C@@H](Cc3cc(C)c4[nH]ncc4c3)NC(=O)N5CCC(CC5)C6=Cc7ccccc7NC6=O,CHEMBL2397415,4.62,
CN1CCC(CC1)N2NC(=C(Cc3ccccc3)C2=O)c4ccccc4,CHEMBL1416586,5.40,
CN1CCC(CC1)Nc2nccc(n2)c3c[nH]nc3c4ccc(Cl)cc4,CHEMBL450660,,5.99
CN1CCC(CC1)Oc2cccc3ncnc(Nc4ccc(OCc5ccccn5)c(Cl)c4)c23,CHEMBL193544,,5.30
CN1CCC(Cc2ccc3c(Cc4c(n[nH]c34)c5csc(c5)C#CCOc6ccccc6)c2)CC1,CHEMBL223999,,5.68
CN1CCC(CCCc2cc(Cl)c(c(Cl)c2)S(=O)(=O)N(C(F)F)c3c(C)nn(C)c3C)CC1,CHEMBL3358114,,6.22
CN1CCC(CCOc2cn3ncnc(Oc4ccc5[nH]c(C)cc5c4F)c3c2C)CC1,CHEMBL206145,6.16,
CN1CCC(CNc2ccc3ncc(c4cccc(OC(F)(F)F)c4)n3n2)CC1,CHEMBL1952329,,6.01
CN1CCC(CNc2ccc3ncc(c4cccc(OC(F)(F)F)c4)n3n2)CC1.OS(=O)(=O)O,CHEMBL1952141,,5.50
CN1CCC(COCc2cc(cc(Cl)n2)C(F)(F)F)(CC1)c3ccc(Cl)cc3,CHEMBL2333641,,4.64
CN1CCC(COCc2cc(cc(n2)C#N)C(F)(F)F)(CC1)c3ccccc3,CHEMBL2333631,,4.48
CN1CCC(COCc2cc(cc(n2)C3CC3(C)C)C(F)(F)F)(CC1)c4ccc(F)cc4,CHEMBL2333607,,5.05
CN1CCC(COCc2cc(cc(n2)C3CC3)C#N)(CC1)c4ccc(F)cc4,CHEMBL2333612,,4.77
CN1CCC(COCc2cc(cc(n2)C3CC3)C(F)(F)F)(CC1)c4ccc(Cl)cc4,CHEMBL2333613,,5.51
CN1CCC(COCc2cc(cc(n2)C3CC3)C(F)(F)F)(CC1)c4ccc(F)cc4,CHEMBL2333637,,4.89
CN1CCC(COCc2cc(cc(n2)C3CC3)C(F)(F)F)(CC1)c4cccc(Cl)c4,CHEMBL2333614,,5.04
CN1CCC(COCc2cc(cc(n2)C3CC3)C(F)(F)F)(CC1)c4ccccc4,CHEMBL2333604,,5.05
CN1CCC(COCc2cc(cc(n2)C3CCCC3)C(F)(F)F)(CC1)c4ccc(F)cc4,CHEMBL2333610,,4.92
CN1CCC(COCc2cc(cc(n2)N3CC=CC3)C(F)(F)F)(CC1)c4ccc(F)cc4,CHEMBL2333626,,5.06
CN1CCC(COCc2cc(cc(n2)N3CCC(C3)C#N)C(F)(F)F)(CC1)c4ccc(F)cc4,CHEMBL2333627,,5.08
CN1CCC(COCc2cc(cc(n2)N3CCC(CC3)C#N)C(F)(F)F)(CC1)c4ccc(F)cc4,CHEMBL2333629,,5.11
CN1CCC(COCc2cc(cc(n2)N3CCCC3)C(F)(F)F)(CC1)c4ccccc4,CHEMBL2333624,,5.13
CN1CCC(COCc2cncc(Br)c2)(CC1)c3ccccc3,CHEMBL2333646,,4.89
Cn1ccc(NC(=O)c2cc(O[C@H]3CCOC3)cc(Oc4ccc(cc4)C(=O)N5CCC5)c2)n1,CHEMBL3219117,,4.46
CN1CCC[C@@H](C1)OC(=O)[C@@](O)(C2CCCC2)c3ccccc3,CHEMBL1358380,5.50,
CN1CCC[C@@H]1CN2N=C(Cc3ccc(Cl)cc3)c4nccnc4C2=O,CHEMBL2146812,,5.90
CN1CCC[C@H](C1)c2nc3ccccc3n2Cc4ccc(F)cc4,CHEMBL1095819,,5.41
CN1CCC[C@H](C1)c2nc3ccccc3n2Cc4ccccn4,CHEMBL1095200,,4.99
CN1CCC2(CC1)C(=O)Nc3cc(\C=C\4/c5ccccc5COc6cc(F)ccc46)ccc23,CHEMBL3774871,5.15,
CN1CCc2c(C1)n(C)c3cc(ccc23)N4C=CC(=CC4=O)OCc5ccccc5,CHEMBL1289396,4.62,
Cn1ccc2c(Nc3cccc(Cl)c3)ncc(C(=O)N4CCOCC4)c12,CHEMBL567292,4.62,
Cn1ccc2cc(ccc12)C3(Cc4ccccc4)CCNC3,CHEMBL459176,,5.16
CN1CCc2cc(Cl)c(O)cc2[C@@H](C1)c3ccccc3,CHEMBL63321,5.00,
CN1CCc2cc(NC(=O)Nc3cccnc3)ccc12,CHEMBL1456087,4.90,
Cn1ccc2cc(NC(=O)Nc3cccnc3)ccc12,CHEMBL85194,5.00,
CN1CCc2cc3OCOc3cc2[C@@H]1[C@@H]4OC(=O)c5c6OCOc6ccc45,CHEMBL1437488,6.10,
CN1CCc2cc3OCOc3cc2C(=O)Cc4ccc5OCOc5c4C1,CHEMBL453019,4.60,
CN1CCc2ccc(NS(=O)(=O)c3ccc(cc3)c4ccc(Cl)cc4)cc2CC1,CHEMBL231430,4.24,
CN1CCc2cccc3c2[C@H]1Cc4ccc(O)c(O)c34,CHEMBL53,5.30,
CN1CCC2CN(CC12)C(=O)c3cn(C)c4c(CN5C[C@H]6N([C@@H](Cc7ccc(O)cc7)C5=O)C(=O)CN(CC=C)N6C(=O)NCc8ccccc8)cccc34,CHEMBL3702724,5.61,
CN1CCC2CN(CC12)c3ccc(NC(=O)c4cn(C)c5c(CN6C[C@H]7N([C@@H](Cc8ccc(O)cc8)C6=O)C(=O)CN(CC=C)N7C(=O)NCc9ccccc9)cccc45)cn3,CHEMBL3702814,5.12,
CN1CCc2cncn2Cc3ccc(C#N)c(Oc4ccc5cccc(N6CC[C@H]1C6=O)c5c4)c3,CHEMBL525368,,5.31
CN1CCCC(C1)c2c([nH]c3ccccc23)c4ccccc4,CHEMBL43819,,5.02
CN1CCCC(C1)c2nc3ccccc3n2CC4CCCO4,CHEMBL1098125,,6.20
Cn1cccc1\C=N\NC(=O)c2sc3ccccc3c2Cl,CHEMBL1997220,5.05,
Cn1cccc1C(=O)N2CCC[C@@]3(CCN(C3)c4ccncc4)C2,CHEMBL1496350,6.00,
Cn1cccc1C(=O)N2CCC[C@@]3(CCN(Cc4cc(cc(c4)C(F)(F)F)C(F)(F)F)C3)C2,CHEMBL1321338,4.80,
Cn1cccc1C(=O)N2CCC[C@@]3(CCN(Cc4ccccc4)C3)C2,CHEMBL1590992,5.30,
Cn1cccc1C(=O)N2CCC[C@@]3(CCN(Cc4nccs4)C3)C2,CHEMBL1603595,4.80,
Cn1cccc1C(=O)N2CCC3(CC2)CCN(CC3)c4ccccc4,CHEMBL1440617,4.80,
Cn1cccc1C(=O)N2CCC3(CC2)CN(C3)c4cccc(c4)c5ccccc5,CHEMBL1589897,5.60,
Cn1cccc1C(=O)N2CCC3(CC2)CN(C3)c4ccccn4,CHEMBL1373160,4.90,
Cn1cccc1C(=O)N2CCC3(CCCN(C3)C(=O)Nc4cccc(c4)C#N)CC2,CHEMBL1318278,4.60,
Cn1cccc1C(=O)N2CCC3(CCCN(C3)C(=O)Nc4cccc(F)c4)CC2,CHEMBL1474816,5.00,
Cn1cccc1C(=O)N2CCC3(CCCN(C3)C(=O)Nc4ccccc4)CC2,CHEMBL1316745,4.50,
Cn1cccc1C(=O)N2CCC3(CCCN(C3)c4ccc(cc4)c5ccccc5)CC2,CHEMBL1532555,4.90,
Cn1cccc1C(=O)N2CCC3(CCCN(C3)c4ccncc4)CC2,CHEMBL1434643,5.10,
Cn1cccc1C(=O)N2CCC3(CCCN(Cc4ccccc4)C3)CC2,CHEMBL1613233,4.50,
Cn1cccc1C(=O)N2CCC3(CCCN(Cc4ccncc4)C3)CC2,CHEMBL1554465,5.40,
Cn1cccc1C(=O)N2CCC3(CCCN(Cc4nccs4)C3)CC2,CHEMBL1337479,4.90,
Cn1cccc1C(=O)N2CCC3(CCN(CC3)C(c4ccccc4)c5ccccc5)CC2,CHEMBL1437133,4.80,
Cn1cccc1C(=O)N2CCC3(CCN(Cc4ccncc4)CC3)CC2,CHEMBL1437906,4.90,
Cn1cccc1C(=O)N2CCC3(CCN(Cc4nccs4)CC3)CC2,CHEMBL1316389,4.70,
CN1CCCC1C(=O)Nc2c(C)cc(C)cc2C,CHEMBL1734782,4.60,
CN1CCCC1CCO[C@@](C)(c2ccccc2)c3ccc(Cl)cc3.OC(=O)\C=C\C(=O)O,CHEMBL1434330,5.00,
Cn1cccc1CNC(=O)CC2CCN(Cc3ccn(c3)c4ccc(cc4)C(F)(F)F)CC2,CHEMBL550455,,5.62
CN1CCCC1COc2ccc(cc2)N3C=CC(=CC3=O)OCc4ccccc4,CHEMBL1642491,,8.03
CN1CCCC2(CCN(CC2)C(=O)c3cc(cc(c3)C(F)(F)F)C(F)(F)F)C1,CHEMBL1356690,4.60,
CN1CCCc2cc(NC(=O)c3oc(cc3)c4ccc(Cl)cc4)ccc12,CHEMBL250877,,5.28
CN1CCCCC(C1)c2ccc(Cl)c(Cl)c2,CHEMBL2326691,,5.00
CN1CCCCC1c2c([nH]c3ccccc23)c4ccccc4,CHEMBL43697,,5.16
CN1CCCCC1COc2ccc(cc2)N3C=CC(=CC3=O)OCc4ccccc4,CHEMBL1642490,,8.24
CN1CCCN(CC1)C(=O)c2cn(C)c3c(CN4C[C@@H]5N(N(CC=C)CC(=O)N5[C@@H](Cc6ccc(O)cc6)C4=O)C(=O)NCc7ccccc7)cccc23,CHEMBL3702707,5.44,
CN1CCCN(CC1)c2ccc(NC(=O)c3cn(C)c4c(CN5C[C@H]6N([C@@H](Cc7ccc(O)cc7)C5=O)C(=O)CN(CC=C)N6C(=O)NCc8ccccc8)cccc34)cn2,CHEMBL3702817,4.95,
CN1CCN(C(=O)C2(CC2)C(=O)Nc3cc(Cl)ccc3Cl)c4ccccc14,CHEMBL3321850,6.57,
CN1CCN(C(C1)c2ccccc2)C(=O)NC3CCN(Cc4ccn(c4)c5ccc(cc5)C(F)(F)F)CC3,CHEMBL558532,,5.33
CN1CCN(C)C(C1)C(=O)N2CCN(CC2)C(=O)Nc3ccc(Cl)c(Cl)c3,CHEMBL2036784,,4.89
CN1CCN(CC(=O)Nc2cc(nc(n2)c3nccs3)n4nc(C)cc4C)CC1,CHEMBL271202,4.89,
CN1CCN(CC(=O)Nc2cc(nc(n2)c3oc(C)cc3)n4nc(C)cc4C)CC1,CHEMBL270467,,6.02
CN1CCN(CC1)[C@@H]2Cc3ccccc3Sc4ccc(Cl)cc24,CHEMBL64875,4.70,
CN1CCN(CC1)C(=O)[C@@H](COCC(C)(C)C)NC(=O)c2cccnc2Oc3ccc(cc3Cl)C(F)(F)F,CHEMBL1911823,4.92,
CN1CCN(CC1)C(=O)[C@@H](COCc2ccc(F)cc2)NC(=O)c3cccnc3Oc4ccc(cc4Cl)C(F)(F)F,CHEMBL1911819,5.20,
CN1CCN(CC1)C(=O)[C@@H](COCc2ccccc2)NC(=O)c3cccnc3Oc4ccc(cc4Cl)C(F)(F)F,CHEMBL1911817,4.87,
CN1CCN(CC1)C(=O)[C@@H](COCc2ccnc(Cl)c2)NC(=O)c3cccnc3Oc4ccc(cc4Cl)C(F)(F)F,CHEMBL1911822,4.96,
CN1CCN(CC1)C(=O)[C@H](Cc2c[nH]c3ccccc23)NC(=O)C4(CC4)c5ccc(Cl)cc5Cl,CHEMBL2163829,5.00,
CN1CCN(CC1)C(=O)[C@H](Cc2ccc(Br)cc2)NC(=O)C3(CC3)c4ccc(Cl)cc4Cl,CHEMBL2163834,6.32,
CN1CCN(CC1)C(=O)c2ccc(cc2)c3cnc(N)c(c3)c4ccc(cc4)C(F)(F)F,CHEMBL2181296,,4.79
CN1CCN(CC1)C(=O)c2ccc(cn2)c3cn(C)c4c(CN5C[C@@H]6N(N(CC=C)CC(=O)N6[C@@H](Cc7ccc(O)cc7)C5=O)C(=O)NCc8ccccc8)cccc34,CHEMBL3702683,5.19,
CN1CCN(CC1)C(=O)c2ccc3c(Cc4c(n[nH]c34)c5csc(c5)C#CCOc6ccccc6)c2,CHEMBL390735,,5.76
CN1CCN(CC1)C(=O)c2cn(C)c3c(CN4C[C@H]5N([C@@H](Cc6ccc(O)cc6)C4=O)C(=O)CN(CC=C)N5C(=O)NCc7ccccc7)cccc23,CHEMBL3702690,4.91,
CN1CCN(CC1)C(=O)c2cn(Cc3cncn3Cc4ccc5OCOc5c4)cc2c6cccc7ccccc67,CHEMBL105592,7.10,
CN1CCN(CC1)C2=Nc3cc(Cl)ccc3Nc4ccccc24,CHEMBL42,4.50,4.77
CN1CCN(CC1)C2=Nc3ccccc3Nc4sc(C)cc24,CHEMBL715,,4.00
CN1CCN(CC1)c2cc(C)c3cc(NC(=O)CCC(=O)NCc4occc4)ccc3n2,CHEMBL1609726,4.80,
CN1CCN(CC1)c2cc(Cl)c3nc(Nc4ccc(Br)cn4)[nH]c3c2,CHEMBL3321968,,5.14
CN1CCN(CC1)c2cc(nc(n2)C(F)(F)F)N3CC[C@H]3C(=O)NCCc4ccc(cc4)C#N,CHEMBL3234577,5.52,
CN1CCN(CC1)c2cc(nc(n2)C(F)(F)F)N3CCC[C@@H]3C(=O)NCCc4ccc(cc4)C#N,CHEMBL3234576,6.16,
CN1CCN(CC1)c2cc(nc(n2)C(F)(F)F)N3CCC[C@H](C3)C(=O)NCCc4ccc(nc4)C#N,CHEMBL3234571,5.00,
CN1CCN(CC1)c2cc(nc(n2)C(F)(F)F)N3CCC[C@H]3C(=O)NCCc4ccc(cc4)C#N,CHEMBL3234575,5.66,
CN1CCN(CC1)c2cc(nc(n2)C(F)(F)F)N3CCCC[C@H]3C(=O)NCCc4ccc(cc4)C#N,CHEMBL3234574,6.40,
CN1CCN(CC1)c2cc(nc(n2)N3CCC[C@H](C3)C(=O)NCCc4ccc(cc4)C#N)C(F)(F)F,CHEMBL3234565,5.70,
CN1CCN(CC1)c2cc3[nH]c(Nc4cc(C5CC5)c(F)c(C)n4)nc3cn2,CHEMBL3321980,,5.06
CN1CCN(CC1)c2ccc(\C=C\c3n[nH]c4cc(ccc34)[C@@H]5C[C@@]56C(=O)N(C)c7ccccc67)cn2,CHEMBL3408940,5.54,
CN1CCN(CC1)c2ccc3nc(c4ccc(CN5CCC(CC5)c6nnc([nH]6)c7ccccn7)cc4)c(nc3n2)c8ccccc8,CHEMBL452823,,5.67
CN1CCN(CC1)c2ccc3nc(Nc4ccc(Br)cn4)[nH]c3c2,CHEMBL3321871,,5.46
CN1CCN(CC1)c2ccc3nc(Nc4ccc(C)cn4)[nH]c3c2,CHEMBL3321873,,4.90
CN1CCN(CC1)c2cccc(c2)c3nc4c(N5CCN(Cc6cc(C)on6)CC5)c(Cl)cnc4[nH]3,CHEMBL2203775,,5.02
CN1CCN(CC1)c2cccc(Nc3nc4c(cccn4n3)c5ccc(cc5)S(=O)(=O)C)c2,CHEMBL2062804,4.96,
CN1CCN(CC1)c2cccc3OC[C@H](Cc23)NC(=O)c4ccc(OCC(F)(F)F)nc4,CHEMBL2069401,,5.10
CN1CCN(CC1)c2cccc3OC[C@H](Cc23)NC(=O)c4ccc(OCCC(F)(F)F)nc4,CHEMBL2069402,,4.90
CN1CCN(CC1)c2cccc3OC[C@H](Cc23)NC(=O)c4nn(nc4C)c5ccccc5,CHEMBL2069403,,5.10
CN1CCN(CC1)C2CCN(CC2)c3cc(C)c4nc([nH]c4c3)C5=C(NC[C@@H](O)c6cccc(Cl)c6)C=CNC5=O,CHEMBL451331,8.62,
CN1CCN(CC1)c2ccnc(n2)c3cccc(NS(=O)(=O)C)c3,CHEMBL1495773,4.60,
CN1CCN(CC1)c2ccncc2S(=O)(=O)N3CCN(C)CC3,CHEMBL1594008,5.50,
CN1CCN(CC1)c2cn(c3ccccc23)S(=O)(=O)c4ccc(F)cc4,CHEMBL1642413,5.32,
CN1CCN(CC1)c2cnc3cc(cc(NCc4cccc(c4)[N+](=O)[O-])c3c2)C(F)(F)F,CHEMBL1766528,,7.31
CN1CCN(CC1)c2cnc3cc(cc(NCc4cccc(c4)C#N)c3c2)C(F)(F)F,CHEMBL3221111,,6.76
CN1CCN(CC1)c2cnc3cc(cc(NCc4cccc(c4)C(=O)C)c3c2)C(F)(F)F,CHEMBL3221113,,4.03
CN1CCN(CC1)c2nc(nc(C)c2F)N3CCC[C@H](C3)C(=O)NCCc4ccc(cc4)C#N,CHEMBL3234566,5.12,
CN1CCN(CC1)c2nc(nc3ccccc23)c4ccc5OCOc5c4,CHEMBL1567472,5.30,
CN1CCN(CC1)c2nc(nc3ccccc23)c4cccc(NS(=O)(=O)C)c4,CHEMBL1515985,4.60,
CN1CCN(CC1)c2nc(nc3ccccc23)c4ccccc4C,CHEMBL1473752,4.70,
CN1CCN(CC1)c2nc(nc3ccccc23)c4ccccc4C(F)(F)F,CHEMBL1444856,4.70,
CN1CCN(CC1)c2nc(nc3ccccc23)c4cccnc4,CHEMBL1558834,4.60,
CN1CCN(CC1)c2nc3c(N4CCN(Cc5cc(C)on5)CC4)c(Br)cnc3[nH]2,CHEMBL1086579,,5.52
CN1CCN(CC1)c2nc3c(N4CCN(Cc5cc(C)on5)CC4)c(Cl)cnc3[nH]2,CHEMBL1086582,,5.64
CN1CCN(CC1)c2ncc3N=C(C(=O)N(C)c3n2)c4cn(C)c5ccccc45,CHEMBL1443425,4.60,
CN1CCN(CC1)c2ncc3N=C(C(=O)N(C[C@H]4CCCO4)c3n2)c5cn(C)c6ccccc56,CHEMBL1433725,4.60,
CN1CCN(CC1)c2ncc3N=C(C(=O)N(C4CC4)c3n2)c5ccc(Cl)cc5,CHEMBL1356134,5.20,
CN1CCN(CC1)c2ncc3N=C(C(=O)N(C4CC4)c3n2)c5ccc(F)cc5,CHEMBL1513665,4.70,
CN1CCN(CC1)c2ncc3N=C(C(=O)N(c4ccccc4)c3n2)c5cc(F)cc(F)c5,CHEMBL1355970,4.60,
CN1CCN(CC1)c2ncc3N=C(C(=O)N(Cc4ccc(F)cc4)c3n2)c5ccc(Cl)cc5,CHEMBL1397877,4.80,
CN1CCN(CC1)c2ncc3N=C(C(=O)N(Cc4ccc(F)cc4)c3n2)c5cccc(c5)C#N,CHEMBL1512222,4.70,
CN1CCN(CC1)c2ncc3N=C(C(=O)N(Cc4ccc(F)cc4)c3n2)c5cccs5,CHEMBL1553179,5.30,
CN1CCN(CC1)c2ncc3N=C(C(=O)N(Cc4cccs4)c3n2)c5ccc(F)cc5,CHEMBL1335967,5.00,
CN1CCN(CC1)c2ncc3N=C(C(=O)N(CCC#N)c3n2)c4cccs4,CHEMBL1591487,4.50,
CN1CCN(CC1)c2ncc3N=C(C(=O)N(CCc4ccccc4)c3n2)c5cccc(c5)C#N,CHEMBL1354678,4.60,
CN1CCN(CC1)c2ncc3N=C(C(=O)N(CCc4ccccc4)c3n2)c5cccs5,CHEMBL1590242,4.70,
CN1CCN(CC1)c2ncc3N=C(C)C(=O)N(C[C@H]4CCCO4)c3n2,CHEMBL1511972,4.40,
CN1CCN(CC1)c2ncc3N=C(C)C(=O)N(Cc4ccc(F)cc4)c3n2,CHEMBL1513134,4.70,
CN1CCN(CC1)c2ncc3N=C(CCc4ccccc4)C(=O)N(Cc5ccc(F)cc5)c3n2,CHEMBL1520681,5.30,
CN1CCN(CC1)c2ncc3N=C(CCc4ccccc4)C(=O)N(CCc5ccccc5)c3n2,CHEMBL1356771,5.00,
CN1CCN(CC1)c2ncc3N=CC(=O)N(CCc4ccccc4)c3n2,CHEMBL1477964,4.80,
CN1CCN(CC1)c2ncnc3c2nc(c4ccccc4Cl)n3c5ccc(Cl)cc5,CHEMBL496555,,6.20
CN1CCN(CC1)c2ncnc3ccc(cc23)c4ccc5OCOc5c4,CHEMBL1403793,5.10,
CN1CCN(CC1)c2ncnc3ccc(cc23)c4cccc(c4)C#N,CHEMBL1354600,4.60,
CN1CCN(CC1)c2ncnc3ccc(cc23)c4ccccc4C,CHEMBL1355307,5.40,
CN1CCN(CC1)c2ncnc3ccc(cc23)c4ccccc4C#N,CHEMBL1318293,4.80,
CN1CCN(CC1)c2ncnc3ccc(cc23)c4ccccc4Cl,CHEMBL1396109,5.30,
CN1CCN(CC1)c2ncncc2c3c(C)onc3C,CHEMBL1324530,4.90,
CN1CCN(CC1)c2ncncc2c3ccccc3C,CHEMBL1396693,5.80,
CN1CCN(CC1)c2ncncc2c3ccccc3C(F)(F)F,CHEMBL1486915,5.40,
CN1CCN(CC1)S(=O)(=O)c2cc(ccc2N3CCCCCC3)[N+](=O)[O-],CHEMBL1527926,6.10,
CN1CCN(Cc2ccc(cc2)c3cnc4[nH]cc(c5ccc6[nH]ccc6c5)c4c3)CC1,CHEMBL2436978,4.79,4.68
CN1CCN(Cc2ccc3c(Cc4c(n[nH]c34)c5csc(c5)C#CCNC(=O)Nc6ccccc6)c2)CC1,CHEMBL225336,,5.10
CN1CCN(Cc2ccc3c(Cc4c(n[nH]c34)c5csc(c5)C#CCOc6ccc(C)c(C)c6)c2)CC1,CHEMBL224497,,5.60
CN1CCN(Cc2ccc3c(Cc4c(n[nH]c34)c5csc(c5)C#CCOc6ccc(Cl)cc6)c2)CC1,CHEMBL387929,,5.45
CN1CCN(Cc2ccc3c(Cc4c(n[nH]c34)c5csc(c5)C#CCOc6cccc(Cl)c6)c2)CC1,CHEMBL225319,,5.59
CN1CCN(Cc2ccc3c(Cc4c(n[nH]c34)c5csc(c5)C#CCOc6cccnc6)c2)CC1,CHEMBL223219,,5.47
CN1CCN(Cc2cccc3c2ccn3S(=O)(=O)c4ccccc4)CC1,CHEMBL2207388,4.52,
CN1CCN(Cc2cccc3c2ccn3S(=O)(=O)c4ccccc4Br)CC1,CHEMBL2207386,4.44,
CN1CCN(Cc2nc3cccc4c5ccccc5c(c34)[n+]2[O-])CC1,CHEMBL1569213,5.40,
CN1CCN(CCC(=O)Nc2ccc3ncnc(Nc4ccc(NC(=O)Nc5cc(nn5c6cccc(N)c6)C(C)(C)C)cc4)c3c2)CC1,CHEMBL2403820,5.71,
CN1CCN(CCC[C@]2([C@@H]3COc4ccc(F)cc4N3N=C2C(=O)C)c5ccccc5)CCC1=O,CHEMBL251142,,5.02
CN1CCN(CCc2ccc3c(Cc4c(n[nH]c34)c5csc(c5)C#CCOc6ccccc6)c2)CC1,CHEMBL390353,,5.23
CN1CCN(CCCN([C@@H]2CC[C@@]3(C[C@H]23)c4ccc(cc4)C#N)C(=O)Nc5ccc(F)c(c5)C(F)(F)F)CC1,CHEMBL205285,,7.28
CN1CCN(CCCN(Cc2ccc(cc2)c3ccc(Cl)cc3)C(=O)CN4C=C(Cc5cnn(C)c5)C(=O)N=C4SCc6ccc(F)cc6)CC1,CHEMBL327705,5.00,
CN1CCN(CCCN2c3ccccc3Sc4ccc(Cl)cc24)CC1,CHEMBL728,4.80,5.73
CN1CCN(CCCNC(=O)\C(=C/c2oc(cc2)c3cccnc3Cl)\NC(=O)c4ccccc4C)CC1,CHEMBL1522877,5.05,
CN1CCN(CCCNC(=O)c2cn(C)c3c(CN4C[C@H]5N([C@@H](Cc6ccc(O)cc6)C4=O)C(=O)CN(CC=C)N5C(=O)NCc7ccccc7)cccc23)CC1,CHEMBL3702751,5.60,
CN1CCN(CCCNC(=O)c2oc(CSCc3cccc(Cl)c3)cc2)CC1,CHEMBL1507850,4.65,
CN1CCN(CCCNc2oc(nn2)c3ccc(NC(=O)c4ccccc4F)cc3)CC1,CHEMBL2022501,,4.20
CN1CCN=C1c2cc(C)c3nc([nH]c3c2)C4=C(NCC(O)c5cccc(Cl)c5)C=CNC4=O,CHEMBL387611,4.46,
CN1CCN=C1Cn2ncc3cc(ccc23)N4C=CC(=CC4=O)OCc5ccccc5,CHEMBL1289726,,5.48
CN1CCN2[C@@H](C1)c3ccccc3Cc4ccccc24,CHEMBL1329927,4.90,
Cn1ccnc1[C@@]2(O)CC[C@H](CC2)N3CC(C3)NC(=O)CNC(=O)c4cccc(c4)C(F)(F)F,CHEMBL2204255,,4.82
Cn1ccnc1Sc2ccc(\C=N\NC(=O)c3ccccc3[N+](=O)[O-])cc2[N+](=O)[O-],CHEMBL2003072,4.85,
Cn1cnc(c1)C(=O)N(C[C@@H]2[C@H]3CNC[C@@H]23)Cc4ccc(F)c(Cl)c4,CHEMBL560289,,4.84
Cn1cnc(c1)C(=O)N(Cc2ccc(F)c(c2)C(F)(F)F)[C@H]3C[C@H]4CNC[C@H]4C3,CHEMBL596699,,5.36
Cn1cnc(c1)C(=O)N(Cc2cccc(Cl)c2)[C@@H]3CC[C@H](N)CC3,CHEMBL563761,,4.18
Cn1cnc(c1)C(=O)N(Cc2cccc(OC(F)(F)F)c2)[C@@H]3C[C@@H]4CN(CC(O)c5ccccc5)C[C@@H]4C3,CHEMBL597033,,6.75
Cn1cnc(c1)C(=O)N(Cc2cccc(OC(F)(F)F)c2)[C@@H]3C[C@@H]4CN(CCC(F)(F)F)C[C@@H]4C3,CHEMBL597032,5.06,5.34
Cn1cnc(c1)c2ccc(N)c(NC(=O)c3ccc(nc3)N4CCC5(CCNC5)CC4)c2,CHEMBL472252,,5.01
Cn1cnc(c1Sc2ncnc3nc[nH]c23)[N+](=O)[O-],CHEMBL1542,5.40,
Cn1cnc(CC(=O)N2CCC(CC2)c3ccc(NC(=O)c4nc(c[nH]4)C#N)c(c3)C5=CCCCC5)c1,CHEMBL2158294,5.64,
Cn1cnc(CNc2cc(Br)c3ncc(C#N)c(Nc4ccc(F)c(Cl)c4)c3c2)c1,CHEMBL230761,4.82,
Cn1cnc2c(NCc3ccccc3)nc(NCCO)nc12,CHEMBL280074,4.80,
Cn1cncc1[C@@](C)(O)C2=Cc3cccnc3[C@@H](N4CCN(CC4)C(=O)OC(C)(C)C)c5ccc(Cl)cc25,CHEMBL3115253,6.52,
Cn1cnnc1SCC(=O)n2c3ccccc3c4ccccc24,CHEMBL1607206,4.60,
CN1N(C(=O)C(=C1C)N2C(=S)S\C(=C\3/C(=O)N(C)c4ccccc34)\C2=O)c5ccccc5,CHEMBL1581408,4.80,
CN1N(C(=O)C(=C1C)N2C=C(C=C(C#N)C2=O)C(=O)c3cc(C)ccc3O)c4ccccc4,CHEMBL1576264,5.25,
CN1N(C(=O)C(=C1C)NC(=O)C2CCN(CC2)S(=O)(=O)c3ccc(Cl)cc3)c4ccccc4,CHEMBL1525963,5.10,
CN1N(C(=O)C(=C1C)NC(=O)CSC2=Nc3sc(C)c(c4ccccc4)c3C(=O)N2CC=C)c5ccccc5,CHEMBL1509960,5.60,
CN1N(C(=O)C(=C1C)NC(=O)CSc2nnc3c4ccccc4n(CCc5ccccc5)c3n2)c6ccccc6,CHEMBL1330929,5.00,
CN1N(C(=O)C(=C1C)NCc2cc(Cl)ccc2O)c3ccccc3,CHEMBL1391308,4.85,
CN1N=C(C(=O)NC2CCCCC2)c3ccccc3C1=O,CHEMBL1500523,5.30,
CN1N=C2N(N(Cc3ccc(nc3)C(F)(F)F)C(=O)C(=C2c4ccc(Cl)cc4)c5ccncc5)C1=O,CHEMBL3260740,5.18,
Cn1nc(c(\C=N\OC(=O)c2ccccc2Cl)c1SCc3ccc(Cl)cc3)C(F)(F)F,CHEMBL1970734,5.15,
Cn1nc(c(C(=O)Nc2ccc(F)cc2F)c1Sc3ccc(cc3)C(F)(F)F)C(F)(F)F,CHEMBL1391756,4.90,
Cn1nc(c(C(=O)Nc2ccc(F)cc2F)c1Sc3cccc(c3)C(F)(F)F)C(F)(F)F,CHEMBL1567447,5.20,
Cn1nc(c(C(=O)Nc2cccc(Cl)c2)c1Cl)C(F)(F)F,CHEMBL1706244,4.60,
Cn1nc(NCC(=O)NC2CN(C2)[C@@H]3CC[C@@H](CC3)C(=O)N)c4cc(ccc14)C(F)(F)F,CHEMBL1834642,,4.50
Cn1nc(NCC(=O)NC2CN(C2)[C@@H]3CC[C@@H](CC3)c4ccc5OCOc5c4)c6cc(ccc16)C(F)(F)F,CHEMBL1834635,,6.08
Cn1nc(NCC(=O)NC2CN(C2)[C@@H]3CC[C@@H](CC3)C4CCCCC4)c5cc(ccc15)C(F)(F)F,CHEMBL1834639,,5.51
Cn1nc(NCC(=O)NC2CN(C2)[C@@H]3CC[C@@H](CC3)c4ccccc4)c5cc(ccc15)C(F)(F)F,CHEMBL1834785,,5.00
Cn1nc(NCC(=O)NC2CN(C2)[C@@H]3CC[C@@H](CC3)c4cccnc4)c5cc(ccc15)C(F)(F)F,CHEMBL1834789,,4.62
Cn1nc(NCC(=O)NC2CN(C2)[C@@H]3CC[C@@H](CC3)c4cncs4)c5cc(ccc15)C(F)(F)F,CHEMBL1834793,5.17,4.36
Cn1nc(NCC(=O)NC2CN(C2)[C@@H]3CC[C@H](CO)CC3)c4cc(ccc14)C(F)(F)F,CHEMBL1834643,,4.50
Cn1ncc2c(Nc3cccc(Cl)c3)nc(Nc4cccc(Cl)c4)nc12,CHEMBL1335220,5.20,
Cn1ncc2c(NCCc3ccccc3)nc(Cl)nc12,CHEMBL1452389,5.70,
Cn1nccc1c2cc(NC(=O)c3cccc(c3)C(F)(F)F)ccc2OCCN4CCOCC4,CHEMBL1086317,,6.05
Cn1nccc1c2ccc(OCCCN3CCCCC3)cc2,CHEMBL1822850,,6.72
Cn1nccc1CCOc2ccc(cc2)C3CCN(CC3)c4ccc5nnc(n5n4)C(F)(F)F,CHEMBL2346973,,4.75
Cn1ncnc1Cn2cc(CN(C3CC3)C(=O)[C@H]4CNCC[C@]4(O)c5ccc(F)c(F)c5)c6c(F)cccc26,CHEMBL1910314,,5.36
Cn1nnc(n1)C2CC3(NC2CCC3OCc4cc(cc(c4)C(F)(F)F)C(F)(F)F)c5ccccc5,CHEMBL380684,,7.00
CNC(=O)[C@@]1(C)C=C[C@@H](Cc2ccccc2)N1C(=O)OC,CHEMBL1370510,5.50,
CNC(=O)[C@@]12C[C@@H]1[C@H]([C@H](O)[C@@H]2O)n3cnc4c(NC)nc(nc34)C#Cc5ccc(Cl)s5,CHEMBL3407784,,4.89
CNC(=O)[C@@]12C[C@@H]1[C@H]([C@H](O)[C@@H]2O)n3cnc4c(NC)nc(nc34)C#Cc5cccs5,CHEMBL3407783,,4.94
CNC(=O)[C@@]12C[C@@H]1[C@H]([C@H](O)[C@@H]2O)n3cnc4c(NCc5cccc(Cl)c5)nc(nc34)C#Cc6ccc(F)c(F)c6,CHEMBL2064657,,4.91
CNC(=O)[C@@H](Cc1ccccc1)N(C)C(=O)[C@@H](Cc2ccc3ccccc3c2)N(C)C(=O)\C=C\CC(C)(C)N,CHEMBL281764,5.10,
CNC(=O)[C@@H]1C[C@H]1[C@@H](NC(=O)CNC(=O)OCc2ccccc2)c3ccccc3,CHEMBL1412047,4.80,
CNC(=O)[C@@H]1C[C@H]1[C@@H](NP(=O)(c2ccccc2)c3ccccc3)c4ccccc4,CHEMBL1477833,5.30,
CNC(=O)[C@@H]1O[C@H]([C@@H](O)[C@H]1O)n2cnc3c(NCc4ccc(N)cc4)ncnc23,CHEMBL1356396,4.60,
CNC(=O)[C@@H]1O[C@H]([C@H](O)[C@@H]1O)n2cnc3c(NCc4cccc(I)c4)ncnc23,CHEMBL1434729,4.40,
CNC(=O)[C@]1(C)C[C@H]1[C@H](NC(=O)[C@]2(C)C[C@H]2[C@H](NC(=O)[C@]3(C)C[C@H]3[C@H](NC(=O)[C@]4(C)C[C@H]4[C@H](NC(=O)OCc5ccccc5)c6ccccc6)c7ccccc7)c8ccccc8)c9ccccc9,CHEMBL1565373,4.90,
CNC(=O)[C@]1(C)C[C@H]1[C@H](NC(=O)[C@]2(C)C[C@H]2[C@H](NC(=O)OCc3ccccc3)c4ccccc4)c5ccccc5,CHEMBL1450413,4.80,
CNC(=O)[C@H](C)[C@@H]1C[C@@]1(C)[C@@H](NC(=O)OCc2ccccc2)c3ccccc3,CHEMBL1527466,5.60,
CNC(=O)[C@H](C)[C@H]1C[C@]1(C)[C@H](NC(=O)OCc2ccccc2)c3ccccc3,CHEMBL1483712,5.70,
CNC(=O)[C@H](C)\C=C(\C(NC(=O)OCc1ccccc1)c2ccc(cc2)C(=O)OC)/c3cccnc3,CHEMBL1512845,4.70,
CNC(=O)[C@H](C)\C=C\C(NC(=O)OCc1ccccc1)c2ccc(cc2)C(=O)OC,CHEMBL1486596,5.10,
CNC(=O)[C@H]1C[C@@H]1[C@H](NP(=O)(c2ccccc2)c3ccccc3)c4ccccc4,CHEMBL1433708,5.70,
CNC(=O)\C=C\1/NC(C)(C)Cc2c1ccc3ccccc23,CHEMBL1507862,4.80,
CNC(=O)\C=C\c1cc(OC)cc(c1)c2ccc3cc(OC)ccc3c2,CHEMBL3645225,5.65,
CNC(=O)c1c(NCC2CCC3(CCC3)CC2)nc(nc1OCC4CCN(C)CC4)C#N,CHEMBL515025,,6.15
CNC(=O)c1c(NCC2CCC3(CCC3)CC2)nc(nc1OCC4CCN(CCO)CC4)C#N,CHEMBL514042,,6.05
CNC(=O)c1c(NCC2CCC3(CCC3)CC2)nc(nc1OCCC4CCN(C)CC4)C#N,CHEMBL478011,,6.38
CNC(=O)c1cc(C)c2nc([nH]c2c1)C3=C(NCC(O)c4cccc(Cl)c4)C=CNC3=O,CHEMBL231409,5.43,
CNC(=O)c1cc(ccc1OC(F)F)c2ccc3c(nc(nc3n2)N4CCOC[C@@H]4C)N5CCOC[C@@H]5C,CHEMBL2336323,,4.62
CNC(=O)c1cc(Oc2ccc3nc(NC(=O)c4cc(cc(c4)C(F)(F)F)C(F)(F)F)sc3c2)ccn1,CHEMBL3799621,,4.32
CNC(=O)c1cc(OCCCCN2CCC(CC2)c3noc4cc(F)ccc34)ccc1F,CHEMBL3805518,,6.00
CNC(=O)c1cc2c(c[nH]1)nc3ccccc23,CHEMBL429711,4.40,
CNC(=O)c1ccc(c(N)n1)c2cc(Cl)cc(Cl)c2Cl,CHEMBL3589894,,4.52
CNC(=O)c1ccc(CC(=O)N(C)C2CCN(Cc3ccc(cc3)C(F)(F)F)CC2)cc1,CHEMBL2010834,,5.68
CNC(=O)c1ccc2cc(ccc2c1)C(O)(C(C)C)c3c[nH]cn3,CHEMBL1682893,5.44,
CNC(=O)c1ccc2cc(ccc2c1)C3(O)c4cncn4CC3(C)C,CHEMBL1921978,5.50,
CNC(=O)c1cccc(c1)c2ccc(cc2)C(CN3CCOCC3)N(C)C(=O)CN4C(=O)C=Nc5cc(Cl)c(Cl)cc45,CHEMBL507691,5.30,
CNC(=O)c1cccc(c1)c2ccc(cc2)C(O)(C(C)C)c3c[nH]cn3,CHEMBL1766178,5.09,
CNC(=O)c1cccc(COc2ccc3cc(ccc3c2)C(C(C)N(C)C)n4ccnc4)c1,CHEMBL182438,6.40,
CNC(=O)c1cccc(NC(=O)Nc2ccc(cc2)c3ccnc4[nH]cnc34)c1,CHEMBL1951334,7.01,
CNC(=O)c1nc(cnc1N)c2ccc(Cl)c(c2)S(=O)(=O)Nc3cccc(F)c3F,CHEMBL2152252,,4.76
CNC(=O)c1sc(nc1C)c2cccnc2,CHEMBL1723812,4.50,
CNC(=O)CCc1ccc(Cl)c(CN(C2CC2)C(=O)[C@H]3CNCC[C@@H]3c4ccc(OCCOc5c(Cl)cc(C)cc5Cl)cc4)c1,CHEMBL1269683,5.05,
CNC(=O)CN1C(=O)N(C2CCN(CC2)[C@@H]3CC[C@@H](CC3)C(C)C)c4ccccc14,CHEMBL1080485,,5.38
CNC(=O)CN1CCN(CC1)c2cc(C)c3nc([nH]c3c2)C4=C(NC[C@@H](O)c5cccc(Cl)c5)C=CNC4=O,CHEMBL1094457,5.59,
CNC(=O)N1CCC(CC1)C2N[C@H](Cc3c2[nH]c4ccccc34)c5nc(c[nH]5)c6ccccc6,CHEMBL2069513,,6.62
CNC(=O)NC(=S)NC(=O)c1ccc(OC)cc1,CHEMBL1549020,4.50,
CNC(=O)Nc1cccc(c1)c2ccc(cc2)C(O)(C(C)C)c3c[nH]cn3,CHEMBL1766180,5.26,
CNC(=O)NCC[C@@]1(CCN([C@@H](C)c2ccc(cc2)c3ccc(F)cc3F)C(=O)O1)c4ccc(F)cc4,CHEMBL1829773,6.00,
CNC(=S)N1CCN(CC1)c2cccc(OC)c2,CHEMBL1302204,4.80,
CNC(=S)N1N=C(CC1c2ccc(cc2)N(C)C)c3ccc(OC)cc3,CHEMBL1612230,5.40,
CNC(C)C1(CCCCC1)c2ccc(Cl)c(Cl)c2,CHEMBL1684045,,4.64
CNC(C)c1cc(C)ccc1Oc2ccc(Cl)c(Cl)c2,CHEMBL453631,,5.57
CNC(C)c1ccc(Cl)cc1Oc2ccc(C)c(C)c2,CHEMBL513629,,5.61
CNC(C)c1ccc(Cl)cc1Oc2ccc(C)cc2,CHEMBL461631,,5.43
CNC(C)c1ccc(OC)cc1Oc2ccc(Cl)c(Cl)c2,CHEMBL527094,,6.11
CNC[C@@H](O)CCN1c2ccccc2N(c3cc(F)ccc3F)S1(=O)=O,CHEMBL1083118,,4.89
CNC[C@@H](O)CCN1c2ccccc2N(c3ccccc3)S1(=O)=O,CHEMBL1083409,,5.10
CNC[C@H](CC1CCCCC1)NC(=O)N2CCC[C@H](C2)[C@@H](OCCNC(=O)OC)c3cccc(Cl)c3,CHEMBL591578,5.34,
CNC1[C@@H](O)C(OC2C(N)C[C@H](N)[C@@H](O[C@@H]3OC(C(C)O)C(O)C(O)C3N)C2O)OC[C@]1(C)O.OS(=O)(=O)O.OS(=O)(=O)O,CHEMBL1450080,4.70,
CNc1cc(ccn1)c2csc(NC(=O)Cc3cccc(OC)c3)n2,CHEMBL3581141,4.94,
CNc1cc(Nc2cnc(C#N)c(O[C@H](C)CN(C)C)n2)ncc1C#C,CHEMBL2204589,,5.10
CNc1cc(Nc2cnc(C#N)c(O[C@H](C)CN(C)C)n2)ncc1C(F)(F)F,CHEMBL2204587,,6.00
CNc1cc(Nc2cnc(C#N)c(O[C@H](C)CN(C)C)n2)ncc1Cl,CHEMBL2204586,,6.00
CNc1cc(NS(=O)(=O)c2ccc(N)cc2)nc(NC)n1,CHEMBL433461,6.10,
CNc1cc(OC)c(cc1Cl)C(=O)N[C@@H]2CCN(Cc3ccccc3)[C@H]2C,CHEMBL1553422,5.50,
CNc1ccc(\C=C\c2c(F)cccc2Cl)cc1,CHEMBL3314420,,4.30
CNc1ccc(\C=C\c2c(F)cccc2Cl)cn1,CHEMBL3314430,,4.70
CNc1ccc(s1)c2cccnc2,CHEMBL179529,5.20,
CNc1ccccc1C(=O)N2CCc3c([nH]c4ccccc34)C2=O,CHEMBL508030,6.00,
CNC1CCN(C1)c2ccc(cn2)N3C=Nn4cc(cc4C3=O)c5ccc(Cl)cc5,CHEMBL3618330,,5.52
CNC1CCN(C1)c2ccc(NC(=O)c3ccc(cc3)c4ccccc4)cn2,CHEMBL425518,,6.70
CNC1CCN(CC1)c2cc(C)c3nc([nH]c3c2)C4=C(NC[C@@H](O)c5cccc(Cl)c5)C=CNC4=O,CHEMBL482102,8.59,
CNc1ccnc(n1)c2c(C)onc2C,CHEMBL1395107,4.40,
CNc1ccnc(n1)c2cccc(NS(=O)(=O)C)c2,CHEMBL1407217,4.60,
CNC1CN(C1)c2nc(N)nc3cc(ccc23)C4CCCC4,CHEMBL2376790,,6.08
CNc1nc(C)cc(C)c1S(=O)(=O)c2ccc(C)cc2,CHEMBL1532067,5.35,
CNc1nc(C)cc(C)c1S(=O)(=O)c2ccc(Cl)cc2,CHEMBL1606729,5.35,
CNc1nc(nc2ccccc12)c3c(C)onc3C,CHEMBL1443323,4.90,
CNc1nc(nc2ccccc12)c3ccc4OCOc4c3,CHEMBL1436715,5.90,
CNc1nc(nc2ccccc12)c3ccccc3Cl,CHEMBL1599163,4.60,
CNc1nc(nc2ccccc12)c3ccccc3OC,CHEMBL1515918,4.50,
CNc1nc(nc2ccccc12)c3cocc3,CHEMBL1559246,4.80,
CNc1nc(NCCCN(C)C)c2sc(cc2n1)c3ccc(cc3)C(F)(F)F,CHEMBL3120274,,5.57
CNc1nc(NCCCN(C)C)c2sc(cc2n1)c3ccc(cc3)N4CCOCC4,CHEMBL3120287,,5.75
CNc1nc(SCC=C)nc2ccsc12,CHEMBL1577959,4.60,
CNc1nc2ccccc2n1Cc3sc4N(CC(C)C)C(=O)N(C)C(=O)c4c3C(=O)N5C[C@H](O)CO5,CHEMBL218628,4.66,
CNc1ncc(s1)C(=O)c2ccccc2,CHEMBL1498995,4.55,
CNc1ncnc2ccc(cc12)c3cccc(NS(=O)(=O)C)c3,CHEMBL1326322,4.90,
CNc1ncnc2ccc(cc12)c3cccc(OC)c3,CHEMBL1318340,4.90,
CNc1ncnc2ccc(cc12)c3ccccc3OC,CHEMBL1357199,4.70,
CNc1ncncc1c2ccc(cc2)C(=O)N(C)C,CHEMBL1551064,5.30,
CNc1ncncc1c2ccccc2C,CHEMBL1476051,6.20,
CNc1ncncc1c2ccccc2C(F)(F)F,CHEMBL1572834,6.10,
CNc1nn2c3CCN(C)Cc3cnc2c1S(=O)(=O)c4ccccc4,CHEMBL2172186,,4.27
CNc1noc2c(c(C)ccc12)c3ccc4c(nncc4c3)N5CCOC[C@@H]5C,CHEMBL523374,,4.89
CNCC(=O)N[C@@H](CC(C)C)c1cc(C)ccc1N2CCN(CC2)C(=O)[C@@H](Cc3ccc(Cl)cc3Cl)N4CCCC4=O,CHEMBL412023,5.44,
CNCC(=O)N[C@@H](CC(C)C)c1ccccc1N2CCN(CC2)C(=O)[C@@H](Cc3ccc(Cl)cc3Cl)N4CCCC4=O,CHEMBL235640,5.64,
CNCC[C@H](Oc1ccc(cc1)C(F)(F)F)c2ccccc2,CHEMBL1169388,4.70,
CNCc1cc(Br)ccc1Oc2ccc(Cl)c(Cl)c2,CHEMBL488435,,5.79
CNCc1cc(ccc1Oc2ccc(C)cc2)C(F)(F)F,CHEMBL472388,,4.98
CNCc1cc(ccc1Oc2ccc(Cl)c(Cl)c2)C#N,CHEMBL451076,,5.34
CNCc1cc(ccc1Oc2ccc(Cl)c(Cl)c2)C(F)(F)F,CHEMBL507884,,5.88
CNCc1cc(ccc1Oc2ccc(Cl)cc2C)C(=O)N,CHEMBL401819,,5.41
CNCc1cc(ccc1Oc2ccc(Cl)cc2C)N3CCCS3(=O)=O,CHEMBL403090,,5.80
CNCc1cc(ccc1Oc2ccc(Cl)cc2Cl)C#N,CHEMBL258063,,5.66
CNCc1cc(ccc1Oc2ccc(Cl)cc2Cl)C(=O)NC,CHEMBL404754,,5.76
CNCc1cc(ccc1Oc2ccc(Cl)cc2Cl)N3CCCS3(=O)=O,CHEMBL438889,,5.81
CNCc1cc(Cl)ccc1Oc2ccc(Cl)c(Cl)c2,CHEMBL505091,,5.51
CNCc1cc(F)c(Cl)cc1Oc2ccc(Cl)c(Cl)c2,CHEMBL455675,,5.49
CNCc1cc(F)c(OC)cc1Oc2ccc(Cl)c(Cl)c2,CHEMBL454657,,5.67
CNCc1cc(F)ccc1Oc2ccc(C)c(C)c2,CHEMBL488021,,4.70
CNCc1cc(F)ccc1Oc2ccc(Cl)cc2,CHEMBL488434,,5.13
CNCc1cc(F)ccc1Oc2ccc(F)c(Cl)c2,CHEMBL442923,,5.08
CNCc1cc(NS(=O)(=O)C)ccc1Oc2ccc(Cl)cc2C,CHEMBL258060,,5.14
CNCc1cc(OC)c(OC)cc1Oc2ccc(Cl)c(Cl)c2,CHEMBL487188,,5.00
CNCc1ccc(Br)cc1Oc2ccc(Cl)c(Cl)c2,CHEMBL451137,,6.01
CNCc1ccc(cc1Oc2ccc(Cl)cc2)C(F)(F)F,CHEMBL507075,,5.29
CNCc1ccc(Cl)c(CN(C2CC2)C(=O)[C@H]3CNCC[C@@H]3c4ccc(OCCOc5c(Cl)cc(C)cc5Cl)cc4)c1,CHEMBL1269674,4.77,
CNCc1ccc(Cl)cc1Oc2ccc(C)c(C)c2,CHEMBL475121,,5.76
CNCc1ccc(Cl)cc1Oc2ccc(C)c(Cl)c2,CHEMBL451330,,5.98
CNCc1ccc(Cl)cc1Oc2ccc(Cl)c(C)c2,CHEMBL452091,,5.75
CNCc1ccc(Cl)cc1Oc2ccc(Cl)c(Cl)c2,CHEMBL488261,,5.91
CNCc1ccc(Cl)cc1Oc2ccc(F)c(Cl)c2,CHEMBL453879,,5.68
CNCc1ccc(F)cc1Oc2ccc(Cl)c(Cl)c2,CHEMBL487223,,5.52
CNCc1ccccc1Oc2ccc(Cl)c(Cl)c2,CHEMBL488912,,5.41
CNCc1ccccc1Oc2ccc(Cl)cc2F,CHEMBL407815,,5.23
CNCc1ccccc1Oc2ccc(Cl)cc2OC,CHEMBL256818,,5.36
CNCc1cnc(C)cc1Oc2ccccc2Oc3ccccc3,CHEMBL273208,,4.95
CNCCC(=O)N[C@@H](C(C)C)c1cc(C)ccc1N2CCN(CC2)C(=O)[C@H](C)Cc3ccc(Cl)cc3,CHEMBL240780,5.22,
CNCCC(=O)N[C@@H](CC(C)C)c1cc(C)ccc1N2CCN(CC2)C(=O)[C@@H](Cc3ccc(Cl)cc3Cl)N4CCCC4=O,CHEMBL397583,5.47,
CNCCC(=O)N[C@@H](CC(C)C)c1ccccc1N2CCN(CC2)C(=O)[C@@H](Cc3ccc(Cl)cc3Cl)N4CCCC4=O,CHEMBL397582,5.89,
CNCCC(Oc1ccc(cc1)C(F)(F)F)c2ccccc2,CHEMBL41,,4.91
CNCCC=C1c2ccccc2C=Cc3ccccc13,CHEMBL1557167,4.90,
CNCCc1ccc(Cl)c(CN(C2CC2)C(=O)[C@H]3CNCC[C@@H]3c4ccc(OCCOc5c(Cl)cc(C)cc5Cl)cc4)c1,CHEMBL1269673,4.80,
CNCCc1sc2ccccc2c1[C@@H](C)c3ccccn3,CHEMBL1093044,,5.19
CNCCCC(C#N)(C(C)C)c1ccc(OC)c(OC)c1,CHEMBL1743342,5.10,
CNCCCC12CCC(c3ccccc13)c4ccccc24,CHEMBL21731,5.50,
CNCCCC1c2ccccc2C=Cc3ccccc13,CHEMBL668,4.90,
CNCCCN1c2ccccc2CCc3ccccc13,CHEMBL72,4.70,4.56
CNCCN[C@@H](C(C)C)c1cc(C)ccc1N2CCN(CC2)C(=O)[C@H](C)Cc3ccc(Cl)cc3F,CHEMBL240568,5.05,
CNCCN[C@@H](CC(C)C)c1cc(F)ccc1N2CCN(CC2)C(=O)[C@@H](Cc3ccc(Cl)cc3Cl)N4CCCC4=O,CHEMBL237577,4.96,
CNS(=O)(=O)c1cc(C(=O)N2CCC(CCN3C4CCC3CC(C4)n5c(C)nc6ccccc56)(CC2)c7cccc(F)c7)c(Cl)cc1F,CHEMBL1784521,,4.72
CO[C@@]12C[C@@H](COC(=O)c3cncc(Br)c3)CN(C)[C@H]1Cc4cn(C)c5cccc2c45,CHEMBL1377111,5.20,
CO[C@@]12C3NC3CN1C4=C(C2COC(=O)N)C(=O)C(=C(C)C4=O)N,CHEMBL1354559,4.40,
CO[C@@]12CC[C@@]3(C[C@@H]1[C@](C)(O)C(C)(C)C)[C@H]4Cc5ccc(O)c6O[C@@H]2[C@]3(CCN4CC7CC7)c56,CHEMBL511142,,5.10
CO[C@@H](Cc1c(F)cnc2ccc(OC)nc12)C34CCC(CC3)(CO4)NCc5ccc6OCC(=O)Nc6n5,CHEMBL3752587,,5.22
CO[C@@H]1[C@@H](CC(=O)O[C@H](C)C\C=C/C=C\[C@H](O)[C@H](C)C[C@H](CC=O)[C@H]1O[C@H]2O[C@@H](C)[C@@H](O[C@@H]3C[C@](C)(O)[C@H](OC(=O)CC(C)C)[C@H](C)O3)[C@H]([C@@H]2O)N(C)C)OC(=O)C,CHEMBL1326015,4.90,
CO[C@@H]1\C=C/O[C@]2(C)Oc3c(C)c(O)c4c(O)c(NC(=O)\C(=C/C=C[C@@H](C)[C@@H](O)[C@H](C)[C@@H](O)[C@H](C)[C@H](OC(=O)C)[C@@H]1C)\C)c(CN5CCN(C)CC5)c(O)c4c3C2=O,CHEMBL1378800,5.40,
CO[C@@H]1C[C@@H](CC[C@H]1O)\C=C(/C)\[C@H]2OC(=O)[C@@H]3CCCCN3C(=O)C(=O)[C@]4(O)O[C@H]([C@H](C[C@@H](C)C\C(=C\[C@@H](CC=C)C(=O)C[C@H](O)[C@H]2C)\C)OC)[C@H](C[C@H]4C)OC,CHEMBL269732,5.58,
CO[C@@H]1C[C@H](O[C@H]2[C@@H](C)[C@H](O[C@@H]3O[C@@H](C)C[C@H]([C@@H]3OC(=O)C)N(C)C)[C@H](C)C[C@]4(CO4)C(=O)[C@H](C)[C@H](OC(=O)C)[C@H](C)[C@H](C)OC(=O)[C@@H]2C)O[C@H](C)[C@@H]1OC(=O)C,CHEMBL1404947,5.50,
CO[C@@H]1CC[C@@H](CC1)C(=O)c2ccc3nc4OCCCc4cc3c2,CHEMBL174588,5.30,
CO[C@@H]1CC[C@H](CC1)N2C(=O)CNc3ncc(nc23)c4ccc(nc4)C(C)(C)O,CHEMBL3586404,,4.48
CO[C@@H]1CC=C2CCN3CCC4=C(CC(=O)OC4)[C@]23C1,CHEMBL1361497,4.40,
CO[C@@H]1CN(CC2CCN(CC2)C(=O)NC(C)C)CC[C@@H]1NC(=O)c3cc(Cl)c(N)cc3OC,CHEMBL3758976,,5.12
CO[C@@H]1CN(CC2CCN(CC2)C(=O)OC)CC[C@@H]1NC(=O)c3cc(Cl)c(N)cc3OC,CHEMBL3759969,,5.00
CO[C@@H]1CN(CC2CCN(CC2)C(=S)C(C)C)CC[C@@H]1NC(=O)c3cc(Cl)c(N)cc3OC,CHEMBL3758674,,5.95
CO[C@@H]1CN(CCC(=O)N2CCC(Cc3ccccc3)CC2)CC[C@@H]1NC(=O)c4cc(Cl)c(N)cc4OC,CHEMBL3759928,,5.43
CO[C@@H]1CN(CCCn2ccnc2)CC[C@@H]1NC(=O)c3cc(Cl)c(N)cc3OC,CHEMBL3758199,,5.14
CO[C@@H]1CN(CCCn2cncn2)CC[C@@H]1NC(=O)c3cc(Cl)c(N)cc3OC,CHEMBL3759601,,5.11
CO[C@@H]1COC(=O)[C@@H](C)NC(=O)C\C=C/[C@@H](C)[C@@H](COC(=O)[C@H](COCc2ccccc2)NC(=O)C\C=C/[C@H]1C)OC,CHEMBL1318565,5.50,
CO[C@@H]1COC(=O)[C@@H](CCSC)NC(=O)C\C=C/[C@@H](C)COC(=O)CCC[C@H]1C,CHEMBL1434146,5.40,
CO[C@@H]1COC(=O)[C@H](C)NC(=O)C\C=C/[C@@H](OC)[C@H](C)COC(=O)C\C=C/[C@H]1C,CHEMBL1323656,5.40,
CO[C@@H]1COC(=O)C\C=C/[C@@H](C)[C@H]2O[C@H](COC(=O)CCC[C@H]1C)[C@@H](O)C=C2,CHEMBL1604807,5.40,
CO[C@@H]1COC(=O)C\C=C/[C@@H](C)COC(=O)[C@H](Cc2ccccc2)NC(=O)C\C=C/[C@H]1C,CHEMBL1337128,5.80,
CO[C@@H]1COC(=O)C\C=C/[C@@H](C)COC(=O)[C@H](COCc2ccccc2)NC(=O)C\C=C/[C@H]1C,CHEMBL1414673,5.40,
CO[C@@H]1COC(=O)C\C=C/[C@H](C)COC(=O)[C@H](Cc2ccccc2)NC(=O)C\C=C/[C@H]1C,CHEMBL1334658,5.20,
CO[C@@H]1COCC[C@@H]1N(C)[C@@H]2CC[C@](C2)(C(C)C)C(=O)N3CCN(CC3)c4cc(cnn4)C(F)(F)F,CHEMBL1782378,,4.28
CO[C@@H]1COCC[C@@H]1N[C@@H]2C[C@H]3CCC[C@]3(C2)C(=O)N4CCc5ncc(cc5C4)C(F)(F)F,CHEMBL2313764,5.13,
CO[C@@H]1COCC[C@@H]1N[C@@H]2CC[C@](C2)(C(C)C)C(=O)N3CCN(CC3)c4cc(cnn4)C(F)(F)F,CHEMBL1782572,,4.50
CO[C@@H]1COCC[C@@H]1N[C@@H]2CC[C@](C2)(C(C)C)C(=O)N3CCN(CC3)c4cc(ncn4)C(F)(F)F,CHEMBL1782570,,4.37
CO[C@@H]1COCC[C@@H]1N[C@@H]2CC[C@](C2)(C(C)C)C(=O)N3CCN(CC3)c4ccnc(n4)C(F)(F)F,CHEMBL1782569,,4.45
CO[C@@H]1COCC[C@@H]1N[C@@H]2CC[C@](C2)(C(C)C)C(=O)N3CCN(CC3)c4cncc(n4)C(F)(F)F,CHEMBL1782568,,5.12
CO[C@@H]1COCC[C@@H]1N[C@@H]2CC[C@](C2)(C(C)C)C(=O)N3CCN(CC3)c4nncc(n4)C(F)(F)F,CHEMBL1782571,,5.05
CO[C@@H]1OC[C@H](Cc2ccc3OCOc3c2)[C@H]1Cc4ccc5OCOc5c4,CHEMBL520915,5.11,
CO[C@](c1ccc(Cl)cc1)(c2ccc3N(C)C(=O)C=C(c4cccc(Cl)c4C)c3c2)c5cncn5C,CHEMBL471195,6.06,
CO[C@]1(CC23CCC(CC2)(CO3)NCc4ccc5OCC(=O)Nc5n4)CN6C(=O)C=Cc7ncc(F)c1c67,CHEMBL3400822,,4.61
CO[C@]12CC(COC(=O)c3cncc(Br)c3)CN(C)[C@@H]1Cc4cn(C)c5cccc2c45,CHEMBL1490959,4.70,
CO[C@H](\C=N/O[C@@H](C)CN1CCCc2nc(C)c(C)cc12)[C@H](C)\C=C/CC(=O)OC,CHEMBL1395278,5.50,
CO[C@H](\C=N/O[C@@H](C)CN1CCCCc2nc(C)c(C)cc12)[C@H](C)\C=C/CC(=O)OC,CHEMBL1394899,5.40,
CO[C@H](\C=N/OC[C@@H]1O[C@@H](C=C[C@@H]1Oc2ccc(OC)cc2)c3ccccc3)[C@H](C)\C=C/CC(=O)OC,CHEMBL1512432,5.50,
CO[C@H](C[C@H](CCCCNCc1ccc(F)cc1)C(=O)NO)c2ccc(F)cc2,CHEMBL1760318,,5.70
CO[C@H]1[C@@H](C[C@@H]2CN3CCc4c([nH]c5cc(OC)ccc45)[C@H]3C[C@@H]2[C@@H]1C(=O)OC)OC(=O)c6cc(OC)c(OC)c(OC)c6,CHEMBL772,5.40,
CO[C@H]1CCN(CCn2ncc3cc(ccc23)N4C=CC(=CC4=O)OCc5ccccc5)C1,CHEMBL1289516,,5.75
CO[C@H]1CN(CCCOc2ccc(F)cc2)CC[C@@H]1NC(=O)c3cc(Cl)c(N)cc3OC,CHEMBL1358628,5.80,
CO[C@H]1CN(CCN2C(=O)C=Nc3ccc(OC)cc23)CC[C@H]1NCc4ccc5OCC(=O)Nc5n4,CHEMBL2165057,,4.06
CO[C@H]1COC(=O)[C@@H](C)COC(=O)[C@@H](Cc2ccccc2)NC(=O)C\C=C/[C@H]1C,CHEMBL1492373,5.20,
CO[C@H]1COC(=O)[C@@H](C)COC(=O)[C@@H](COCc2ccccc2)NC(=O)C\C=C/[C@H]1C,CHEMBL1553161,5.40,
CO[C@H]1COC(=O)[C@@H](Cc2ccccc2)NC(=O)[C@@H](C)COC(=O)C\C=C/[C@@H]1C,CHEMBL1378235,5.20,
CO[C@H]1COC(=O)C\C=C/[C@@H](C)[C@@H](COC(=O)CCC[C@@H]1C)OC,CHEMBL1530445,5.50,
CO[C@H]1COC(=O)C\C=C/[C@H](C)[C@H](COC(=O)[C@@H](C)COC(=O)C\C=C/[C@@H]1C)OC,CHEMBL1524593,5.40,
CO[C@H]1COC(=O)C\C=C/[C@H](C)[C@H](COC(=O)[C@H](C)COC(=O)C\C=C/[C@@H]1C)OC,CHEMBL1513824,5.30,
CO[C@H]1COC(=O)C\C=C/[C@H](C)[C@H](COC(=O)C\C=C/[C@@H]1C)NS(=O)(=O)c2ccc(C)cc2,CHEMBL1316258,5.50,
CO\C(=C/1\[C@@H](C(=C(C)N=C1C)[N+](=O)[O-])c2ccccc2C(F)(F)F)\O,CHEMBL283013,4.90,
CO\C(=C/1\[C@H](C(=C(C)N=C1C)[N+](=O)[O-])c2ccccc2C(F)(F)F)\O,CHEMBL105672,4.90,
CO\C(=C/1\C(C2=C(CCCC2=O)N=C1C)c3cn(Cc4ccc(Cl)cc4Cl)nc3c5ccccc5)\O,CHEMBL3214406,5.60,
CO\N=C(/C)\c1ccc(c(NC(=O)c2ccc(nc2)c3cccs3)c1)n4ccnc4,CHEMBL2448717,5.85,
CO\N=C(/C)\c1ccc(c(NC(=O)c2ccc(s2)c3ccccn3)c1)n4ccnc4,CHEMBL2448719,5.70,
CO\N=C(/C)\c1ccc(c(NC(=O)c2cnc(cn2)c3ccccc3)c1)n4ccnc4,CHEMBL2448738,5.10,
CO\N=C(/C)\c1ccc(c(NC(=O)c2cnc(s2)c3ccccn3)c1)n4ccnc4,CHEMBL2448736,5.52,
CO\N=C(\C)/CCC(=O)OC[C@@H]1O[C@@H](C=C[C@@H]1Oc2ccc(C)cc2)C#Cc3ccccc3,CHEMBL1408343,5.40,
CO\N=C(\Cc1c(F)cnc2ccc(OC)nc12)/C34CCC(CC3)(CO4)NCc5ccc6OCC(=O)Nc6n5,CHEMBL3752010,,5.60
CO\N=C\1/[C@H](O)[C@@H](Oc2ccc(OC)cc12)c3cccc(OC)c3,CHEMBL1594350,5.20,
COC(=O)[C@@]1(C)C=C[C@@H](Cc2ccccc2)N1C,CHEMBL1335973,4.90,
COC(=O)[C@@]1(Cc2ccc(F)cc2)[C@@H]3[C@H](CN1C(=O)c4ccccc4)CC(=O)[C@H]3CC(=O)C(=O)N(C)C,CHEMBL1411389,5.20,
COC(=O)[C@@]1(Cc2ccc(F)cc2)[C@@H]3[C@H](CN1C(=O)c4ccccc4)CC(=O)[C@H]3CC(=O)C(=O)N5CCCC5,CHEMBL1565302,5.80,
COC(=O)[C@@]1(Cc2ccc(F)cc2)[C@@H]3[C@H](CN1C(=O)c4ccccc4)Cc5[nH]c(cc35)C(=O)N(C)C,CHEMBL1554693,6.20,
COC(=O)[C@@]1(Cc2ccc(F)cc2)[C@@H]3[C@H](CN1C(=O)c4ccccc4)Cc5c3cc(C(=O)N(C)C)n5Cc6cc(C)n(C)n6,CHEMBL1448726,5.70,
COC(=O)[C@@]1(Cc2ccc(F)cc2)[C@@H]3[C@H](CN1C(=O)c4ccccc4)Cc5c3cc(C(=O)N(C)C)n5Cc6ccc(cc6)S(=O)(=O)C,CHEMBL1415180,6.10,
COC(=O)[C@@]1(Cc2ccc(F)cc2)[C@@H]3[C@H](CN1C(=O)c4ccccc4)Cc5c3cc(C(=O)N(C)C)n5Cc6ccc(Cl)c(c6)C(F)(F)F,CHEMBL1357982,5.70,
COC(=O)[C@@]1(Cc2ccc(F)cc2)[C@@H]3[C@H](CN1C(=O)c4ccccc4)Cc5c3cc(C(=O)N(C)C)n5Cc6ccc(nc6)C(F)(F)F,CHEMBL1530982,5.90,
COC(=O)[C@@]1(Cc2ccc(F)cc2)[C@@H]3[C@H](CN1C(=O)c4ccccc4)Cc5c3cc(C(=O)N(C)C)n5Cc6ccc(O)c(OC)c6,CHEMBL1597410,6.00,
COC(=O)[C@@]1(Cc2ccc(F)cc2)[C@@H]3[C@H](CN1C(=O)c4ccccc4)Cc5c3cc(C(=O)N(C)C)n5Cc6ccc(OC)c(OC)c6,CHEMBL1332759,6.20,
COC(=O)[C@@]1(Cc2ccc(F)cc2)[C@@H]3[C@H](CN1C(=O)c4ccccc4)Cc5c3cc(C(=O)N(C)C)n5CCc6ccc(O)c(O)c6,CHEMBL1410635,5.50,
COC(=O)[C@@]1(Cc2ccc(F)cc2)[C@@H]3[C@H](CN1C(=O)c4ccccc4)Cc5c3cc(C(=O)N(C)C)n5CCc6ccc(OC)c(Br)c6,CHEMBL1560502,5.90,
COC(=O)[C@@]1(Cc2ccc(F)cc2)[C@@H]3[C@H](CN1C(=O)c4ccccc4)Cc5c3cc(C(=O)N(C)C)n5CCc6ccccn6,CHEMBL1413962,6.10,
COC(=O)[C@@]1(Cc2ccc(F)cc2)[C@@H]3[C@H](CN1C(=O)c4ccccc4)Cc5c3cc(C(=O)N(C)C)n5CCCNc6ccc(cc6Cl)C(F)(F)F,CHEMBL1484337,5.80,
COC(=O)[C@@]1(Cc2ccc(F)cc2)[C@@H]3[C@H](CN1C(=O)c4ccccc4)Cc5c3cc(C(=O)N(C)C)n5CCF,CHEMBL1554170,5.60,
COC(=O)[C@@]1(Cc2ccc(F)cc2)[C@@H]3[C@H](CN1C(=O)c4ccccc4)Cc5c3cc(C(=O)N(C)C)n5CCN6CCOCC6,CHEMBL1369008,6.00,
COC(=O)[C@@]1(Cc2ccc(F)cc2)[C@@H]3[C@H](CN1C(=O)c4ccccc4)Cc5c3cc(C(=O)N6CCCC6)n5Cc7c(O)c(C)cnc7CO,CHEMBL1331410,5.70,
COC(=O)[C@@]1(Cc2ccc(F)cc2)[C@@H]3[C@H](CN1C(=O)c4ccccc4)Cc5c3cc(C(=O)N6CCCC6)n5Cc7ccc(C)c(F)c7F,CHEMBL1411743,5.60,
COC(=O)[C@@]1(Cc2ccc(F)cc2)[C@@H]3[C@H](CN1C(=O)c4ccccc4)Cc5c3cc(C(=O)N6CCCC6)n5Cc7ccc(nc7)C(F)(F)F,CHEMBL1359108,6.60,
COC(=O)[C@@]1(Cc2ccc(F)cc2)[C@@H]3[C@H](CN1C(=O)c4ccccc4)Cc5c3cc(C(=O)N6CCCC6)n5Cc7ccc(OC(F)(F)F)cc7,CHEMBL1479088,5.60,
COC(=O)[C@@]1(Cc2ccc(F)cc2)[C@@H]3[C@H](CN1C(=O)c4ccccc4)Cc5c3cc(C(=O)N6CCCC6)n5Cc7cccc8ccccc78,CHEMBL1317039,5.70,
COC(=O)[C@@]1(Cc2ccc(F)cc2)[C@@H]3[C@H](CN1C(=O)c4ccccc4)Cc5c3cc(C(=O)N6CCCC6)n5Cc7ccccc7,CHEMBL1605632,6.00,
COC(=O)[C@@]1(Cc2ccc(F)cc2)[C@@H]3[C@H](CN1C(=O)c4ccccc4)Cc5c3cc(C(=O)N6CCCC6)n5Cc7ccccn7,CHEMBL1521391,6.00,
COC(=O)[C@@]1(Cc2ccc(F)cc2)[C@@H]3[C@H](CN1C(=O)c4ccccc4)Cc5c3cc(C(=O)N6CCCC6)n5Cc7oc(C)cc7,CHEMBL1492205,5.50,
COC(=O)[C@@]1(Cc2ccc(F)cc2)[C@@H]3[C@H](CN1C(=O)c4ccccc4)Cc5c3cc(C(=O)N6CCCC6)n5CCc7c[nH]c8cc(F)ccc78,CHEMBL1520727,6.00,
COC(=O)[C@@]1(Cc2ccc(F)cc2)[C@@H]3[C@H](CN1C(=O)c4ccccc4)Cc5c3cc(C(=O)N6CCCC6)n5CCc7c[nH]c8ccc(OC)cc78,CHEMBL1569592,6.60,
COC(=O)[C@@]1(Cc2ccc(F)cc2)[C@@H]3[C@H](CN1C(=O)c4ccccc4)Cc5c3cc(C(=O)N6CCCC6)n5CCc7c[nH]c8ccccc78,CHEMBL1408422,6.00,
COC(=O)[C@@]1(Cc2ccc(F)cc2)[C@@H]3[C@H](CN1C(=O)c4ccccc4)Cc5c3cc(C(=O)N6CCCC6)n5CCc7ccc(OC)c(Br)c7,CHEMBL1518689,5.60,
COC(=O)[C@@]1(Cc2ccc(F)cc2)[C@@H]3[C@H](CN1C(=O)c4ccccc4)Cc5c3cc(C(=O)N6CCCC6)n5CCCNc7ncc(cc7Cl)C(F)(F)F,CHEMBL1569485,5.60,
COC(=O)[C@@]1(Cc2ccc(F)cc2)[C@@H]3[C@H](CN1C(=O)c4ccccc4)Cc5c3cc(C(=O)N6CCCC6)n5CCN7CNCC7=O,CHEMBL1551122,5.70,
COC(=O)[C@@]1(Cc2ccc(F)cc2)[C@@H]3[C@H](CN1C(=O)c4ccccc4)Cc5c3cc(C(=O)N6CCCC6)n5CCSCCO,CHEMBL1496246,5.40,
COC(=O)[C@@]1(Cc2ccc(F)cc2)[C@H]3[C@H](CC(=O)C(=O)N(C)C)C(=O)C=C3CN1C(=O)c4ccccc4,CHEMBL1320525,5.00,
COC(=O)[C@@]1(Cc2ccc(F)cc2)[C@H]3[C@H](CC(=O)C(=O)N4CCCC4)C(=O)C=C3CN1C(=O)c5ccccc5,CHEMBL1445772,5.30,
COC(=O)[C@@]1(Cc2ccc(OC)cc2)[C@@H]3[C@H](CN1C(=O)c4ccccc4)Cc5[nH]c(cc35)C(=O)N(C)C,CHEMBL1444270,5.80,
COC(=O)[C@@]1(Cc2ccc(OC)cc2)[C@@H]3[C@H](CN1C(=O)c4ccccc4)Cc5c3cc(C(=O)N(C)C)n5C,CHEMBL1595166,6.50,
COC(=O)[C@@]1(Cc2ccc(OC)cc2)[C@@H]3[C@H](CN1C(=O)c4ccccc4)Cc5c3cc(C(=O)N(C)C)n5C[C@H](O)CO,CHEMBL1328319,5.10,
COC(=O)[C@@]1(Cc2ccc(OC)cc2)[C@@H]3[C@H](CN1C(=O)c4ccccc4)Cc5c3cc(C(=O)N(C)C)n5Cc6c(O)c(C)cnc6CO,CHEMBL1411049,5.60,
COC(=O)[C@@]1(Cc2ccc(OC)cc2)[C@@H]3[C@H](CN1C(=O)c4ccccc4)Cc5c3cc(C(=O)N(C)C)n5Cc6cc(C)n(C)n6,CHEMBL1368965,5.80,
COC(=O)[C@@]1(Cc2ccc(OC)cc2)[C@@H]3[C@H](CN1C(=O)c4ccccc4)Cc5c3cc(C(=O)N(C)C)n5Cc6ccc(C)c(F)c6F,CHEMBL1378764,6.00,
COC(=O)[C@@]1(Cc2ccc(OC)cc2)[C@@H]3[C@H](CN1C(=O)c4ccccc4)Cc5c3cc(C(=O)N(C)C)n5Cc6ccc(cc6)S(=O)(=O)C,CHEMBL1332964,5.60,
COC(=O)[C@@]1(Cc2ccc(OC)cc2)[C@@H]3[C@H](CN1C(=O)c4ccccc4)Cc5c3cc(C(=O)N(C)C)n5Cc6ccc(nc6)C(F)(F)F,CHEMBL1572988,5.70,
COC(=O)[C@@]1(Cc2ccc(OC)cc2)[C@@H]3[C@H](CN1C(=O)c4ccccc4)Cc5c3cc(C(=O)N(C)C)n5Cc6ccc(O)c(OC)c6,CHEMBL1397860,6.30,
COC(=O)[C@@]1(Cc2ccc(OC)cc2)[C@@H]3[C@H](CN1C(=O)c4ccccc4)Cc5c3cc(C(=O)N(C)C)n5Cc6cccc7ccccc67,CHEMBL1598717,5.60,
COC(=O)[C@@]1(Cc2ccc(OC)cc2)[C@@H]3[C@H](CN1C(=O)c4ccccc4)Cc5c3cc(C(=O)N(C)C)n5Cc6oc(C)cc6,CHEMBL1554982,5.50,
COC(=O)[C@@]1(Cc2ccc(OC)cc2)[C@@H]3[C@H](CN1C(=O)c4ccccc4)Cc5c3cc(C(=O)N(C)C)n5CCc6c[nH]c7ccc(O)cc67,CHEMBL1602812,5.90,
COC(=O)[C@@]1(Cc2ccc(OC)cc2)[C@@H]3[C@H](CN1C(=O)c4ccccc4)Cc5c3cc(C(=O)N(C)C)n5CCc6ccc(O)c(OC)c6,CHEMBL1328979,5.30,
COC(=O)[C@@]1(Cc2ccc(OC)cc2)[C@@H]3[C@H](CN1C(=O)c4ccccc4)Cc5c3cc(C(=O)N(C)C)n5CCc6ccccn6,CHEMBL1593997,5.70,
COC(=O)[C@@]1(Cc2ccc(OC)cc2)[C@@H]3[C@H](CN1C(=O)c4ccccc4)Cc5c3cc(C(=O)N(C)C)n5CCN6CNCC6=O,CHEMBL1358276,5.90,
COC(=O)[C@@]1(Cc2ccc(OC)cc2)[C@@H]3[C@H](CN1C(=O)c4ccccc4)Cc5c3cc(C(=O)N6CCCC6)n5Cc7cc(F)cc8COCOc78,CHEMBL1563507,5.60,
COC(=O)[C@@]1(Cc2ccc(OC)cc2)[C@@H]3[C@H](CN1C(=O)c4ccccc4)Cc5c3cc(C(=O)N6CCCC6)n5Cc7ccc(OC)c(OC)c7,CHEMBL1378237,5.90,
COC(=O)[C@@]1(Cc2ccc(OC)cc2)[C@@H]3[C@H](CN1C(=O)c4ccccc4)Cc5c3cc(C(=O)N6CCCC6)n5Cc7ccsc7Br,CHEMBL1411438,5.50,
COC(=O)[C@@]1(Cc2ccc(OC)cc2)[C@@H]3[C@H](CN1C(=O)c4ccccc4)Cc5c3cc(C(=O)N6CCCC6)n5Cc7oc(C)cc7,CHEMBL1367222,5.50,
COC(=O)[C@@]1(Cc2ccc(OC)cc2)[C@@H]3[C@H](CN1C(=O)c4ccccc4)Cc5c3cc(C(=O)N6CCCC6)n5CCc7c[nH]c8cc(F)ccc78,CHEMBL1533232,5.90,
COC(=O)[C@@]1(Cc2ccc(OC)cc2)[C@@H]3[C@H](CN1C(=O)c4ccccc4)Cc5c3cc(C(=O)N6CCCC6)n5CCc7c[nH]c8ccc(OC)cc78,CHEMBL1399481,5.90,
COC(=O)[C@@]1(Cc2ccc(OC)cc2)[C@@H]3[C@H](CN1C(=O)c4ccccc4)Cc5c3cc(C(=O)N6CCCC6)n5CCc7c[nH]c8ccccc78,CHEMBL1607133,5.90,
COC(=O)[C@@]1(Cc2ccc(OC)cc2)[C@@H]3[C@H](CN1C(=O)c4ccccc4)Cc5c3cc(C(=O)N6CCCC6)n5CCc7ccc(O)c(O)c7,CHEMBL1452894,5.50,
COC(=O)[C@@]1(Cc2ccc(OC)cc2)[C@@H]3[C@H](CN1C(=O)c4ccccc4)Cc5c3cc(C(=O)N6CCCC6)n5CCc7ccc(O)c(OC)c7,CHEMBL1373610,5.70,
COC(=O)[C@@]1(Cc2ccc(OC)cc2)[C@@H]3[C@H](CN1C(=O)c4ccccc4)Cc5c3cc(C(=O)N6CCCC6)n5CCc7ccc(OC)c(Br)c7,CHEMBL1487111,5.80,
COC(=O)[C@@]1(Cc2ccc(OC)cc2)[C@@H]3[C@H](CN1C(=O)c4ccccc4)Cc5c3cc(C(=O)N6CCCC6)n5CCF,CHEMBL1490386,5.80,
COC(=O)[C@@]1(Cc2ccc(OC)cc2)[C@@H]3[C@H](CN1C(=O)c4ccccc4)Cc5c3cc(C(=O)N6CCCC6)n5CCN7CCOCC7,CHEMBL1451562,5.40,
COC(=O)[C@@]1(Cc2ccc(OC)cc2)[C@@H]3[C@H](CN1C(=O)c4ccccc4)Cc5c3cc(C(=O)N6CCCC6)n5CCO,CHEMBL1490869,5.40,
COC(=O)[C@@]1(Cc2ccc(OC)cc2)[C@@H]3C(=CC(=O)C3=C)CN1C(=O)c4ccccc4,CHEMBL1524331,5.80,
COC(=O)[C@@]1(Cc2ccc(OC)cc2)[C@H]3[C@H](CC(=O)C(=O)N(C)C)C(=O)C=C3CN1C(=O)c4ccccc4,CHEMBL1410491,5.60,
COC(=O)[C@@]1(Cc2ccc(OC)cc2)[C@H]3[C@H](CC(=O)C(=O)N4CCCC4)C(=O)C=C3CN1C(=O)c5ccccc5,CHEMBL1330251,5.70,
COC(=O)[C@@]1(Cc2ccccc2)[C@@H]3[C@H](CN1C(=O)c4ccccc4)Cc5[nH]c(cc35)C(=O)N(C)C,CHEMBL1488574,5.70,
COC(=O)[C@@]1(Cc2ccccc2)[C@@H]3[C@H](CN1C(=O)c4ccccc4)Cc5c3cc(C(=O)N(C)C)n5C[C@H](O)CO,CHEMBL1568080,5.50,
COC(=O)[C@@]1(Cc2ccccc2)[C@@H]3[C@H](CN1C(=O)c4ccccc4)Cc5c3cc(C(=O)N(C)C)n5Cc6cc(C)n(C)n6,CHEMBL1369822,6.00,
COC(=O)[C@@]1(Cc2ccccc2)[C@@H]3[C@H](CN1C(=O)c4ccccc4)Cc5c3cc(C(=O)N(C)C)n5Cc6cc(F)c(F)c(F)c6,CHEMBL1328533,6.10,
COC(=O)[C@@]1(Cc2ccccc2)[C@@H]3[C@H](CN1C(=O)c4ccccc4)Cc5c3cc(C(=O)N(C)C)n5Cc6ccc(OC)c(OC)c6,CHEMBL1590081,6.10,
COC(=O)[C@@]1(Cc2ccccc2)[C@@H]3[C@H](CN1C(=O)c4ccccc4)Cc5c3cc(C(=O)N(C)C)n5Cc6ccccn6,CHEMBL1532016,6.00,
COC(=O)[C@@]1(Cc2ccccc2)[C@@H]3[C@H](CN1C(=O)c4ccccc4)Cc5c3cc(C(=O)N(C)C)n5Cc6ccsc6Br,CHEMBL1493496,5.80,
COC(=O)[C@@]1(Cc2ccccc2)[C@@H]3[C@H](CN1C(=O)c4ccccc4)Cc5c3cc(C(=O)N(C)C)n5CCF,CHEMBL1333445,5.60,
COC(=O)[C@@]1(Cc2ccccc2)[C@@H]3[C@H](CN1C(=O)c4ccccc4)Cc5c3cc(C(=O)N(C)C)n5CCN6CNCC6=O,CHEMBL1436361,5.80,
COC(=O)[C@@]1(Cc2ccccc2)[C@@H]3[C@H](CN1C(=O)c4ccccc4)Cc5c3cc(C(=O)N(C)C)n5CCSCCO,CHEMBL1602633,5.70,
COC(=O)[C@@]1(Cc2ccccc2)[C@@H]3[C@H](CN1C(=O)c4ccccc4)Cc5c3cc(C(=O)N6CCCC6)n5C,CHEMBL1321459,5.40,
COC(=O)[C@@]1(Cc2ccccc2)[C@@H]3[C@H](CN1C(=O)c4ccccc4)Cc5c3cc(C(=O)N6CCCC6)n5Cc7c(O)c(C)cnc7CO,CHEMBL1330385,5.60,
COC(=O)[C@@]1(Cc2ccccc2)[C@@H]3[C@H](CN1C(=O)c4ccccc4)Cc5c3cc(C(=O)N6CCCC6)n5Cc7cc(F)cc8COCOc78,CHEMBL1491744,5.40,
COC(=O)[C@@]1(Cc2ccccc2)[C@@H]3[C@H](CN1C(=O)c4ccccc4)Cc5c3cc(C(=O)N6CCCC6)n5Cc7ccc(cc7)S(=O)(=O)C,CHEMBL1555368,5.50,
COC(=O)[C@@]1(Cc2ccccc2)[C@@H]3[C@H](CN1C(=O)c4ccccc4)Cc5c3cc(C(=O)N6CCCC6)n5Cc7ccc(OC)c(OC)c7,CHEMBL1317373,5.90,
COC(=O)[C@@]1(Cc2ccccc2)[C@@H]3[C@H](CN1C(=O)c4ccccc4)Cc5c3cc(C(=O)N6CCCC6)n5Cc7cccc8ccccc78,CHEMBL1332591,5.80,
COC(=O)[C@@]1(Cc2ccccc2)[C@@H]3[C@H](CN1C(=O)c4ccccc4)Cc5c3cc(C(=O)N6CCCC6)n5Cc7ccccc7,CHEMBL1363142,5.60,
COC(=O)[C@@]1(Cc2ccccc2)[C@@H]3[C@H](CN1C(=O)c4ccccc4)Cc5c3cc(C(=O)N6CCCC6)n5Cc7ccccn7,CHEMBL1594329,5.70,
COC(=O)[C@@]1(Cc2ccccc2)[C@@H]3[C@H](CN1C(=O)c4ccccc4)Cc5c3cc(C(=O)N6CCCC6)n5Cc7ccsc7Br,CHEMBL1365367,5.40,
COC(=O)[C@@]1(Cc2ccccc2)[C@@H]3[C@H](CN1C(=O)c4ccccc4)Cc5c3cc(C(=O)N6CCCC6)n5CCc7ccccn7,CHEMBL1332937,5.70,
COC(=O)[C@@]1(Cc2ccccc2)[C@@H]3[C@H](CN1C(=O)c4ccccc4)Cc5c3cc(C(=O)N6CCCC6)n5CCN7CNCC7=O,CHEMBL1435254,5.80,
COC(=O)[C@@]1(Cc2ccccc2)[C@@H]3[C@H](CN1C(=O)c4ccccc4)Cc5c3cc(C(=O)N6CCCC6)n5CCO,CHEMBL1565724,5.00,
COC(=O)[C@@]1(Cc2ccccc2)[C@@H]3[C@H](CN1C(=O)c4ccccc4)Cc5c3cc(C(=O)N6CCCC6)n5CCSCCO,CHEMBL1331031,5.50,
COC(=O)[C@@]1(O)OC[C@]23C(CC(OC(=O)C)[C@]4(COC(C(O)[C@](C)(C12)C56O[C@]5(C)C7CC6OC8OC=C[C@@]78O)C34)C(=O)OC)OC(=O)\C(=C\C)\C,CHEMBL2373668,4.90,
COC(=O)[C@@H](N)Cc1ccc(O)c(O)c1,CHEMBL1328898,4.70,
COC(=O)[C@@H]1[C@@H](c2ccccc2)[C@](Oc3ccccc3C1=O)(C(=O)OC)c4ccccc4,CHEMBL1531163,5.40,
COC(=O)[C@@H]1[C@@H](O)CC[C@H]2CN3CCc4c([nH]c5ccccc45)[C@@H]3C[C@H]12,CHEMBL31410,4.60,
COC(=O)[C@@H]1C[C@@]1(C)[C@@H](NP(=O)(c2ccccc2)c3ccccc3)c4ccccc4,CHEMBL1413572,5.10,
COC(=O)[C@@H]1C[C@@]2(O)[C@@H](O)[C@@H](O)[C@@H](O)C[C@H]2N1Cc3cc(OC)cc(OC)c3,CHEMBL1522552,5.50,
COC(=O)[C@@H]1C[C@@]2(O)[C@@H](O)[C@@H](O)[C@@H](O)C[C@H]2N1Cc3ccc(cc3)C(C)(C)C,CHEMBL1567881,4.90,
COC(=O)[C@@H]1C[C@@]2(O)[C@@H](O)[C@@H](O)[C@@H](O)C[C@H]2N1CC3CCCCC3,CHEMBL1465244,4.90,
COC(=O)[C@@H]1C[C@@]2(O)[C@H](O)[C@H](O)[C@H](O)C[C@H]2N1CC(c3ccccc3)c4ccccc4,CHEMBL1399433,4.70,
COC(=O)[C@@H]1C[C@@]2(O)[C@H](O)[C@H](O)[C@H](O)C[C@H]2N1Cc3c(F)cccc3Cl,CHEMBL1406230,4.60,
COC(=O)[C@@H]1C[C@@]2(O)[C@H](O)[C@H](O)[C@H](O)C[C@H]2N1Cc3ccc(cc3)C(=O)OC,CHEMBL1408525,4.90,
COC(=O)[C@@H]1C[C@@]2(O)[C@H](O)[C@H](O)[C@H](O)C[C@H]2N1Cc3ccc(cc3)C(F)(F)F,CHEMBL1408265,4.70,
COC(=O)[C@@H]1C[C@@]2(O)[C@H](O)[C@H](O)[C@H](O)C[C@H]2N1Cc3ccc(cc3)N4CCN(C)CC4,CHEMBL1402313,4.50,
COC(=O)[C@@H]1C[C@@]2(O)[C@H](O)[C@H](O)[C@H](O)C[C@H]2N1Cc3cccnc3,CHEMBL1607289,4.50,
COC(=O)[C@@H]1C[C@@H]1COc2ccc3ncc(F)c(CCC45CCC(CC4)(CO5)NCc6ccc7OCC(=O)Nc7n6)c3n2,CHEMBL3605002,,6.22
COC(=O)[C@@H]1C[C@@H]2CC[C@@H](O)C[C@@H]2N1Cc3ccc(C)s3,CHEMBL1605381,4.60,
COC(=O)[C@@H]1C[C@@H]2CC[C@@H](O)C[C@@H]2N1Cc3ccc(cc3)C(F)(F)F,CHEMBL1375049,5.00,
COC(=O)[C@@H]1C[C@@H]2CC[C@@H](O)C[C@@H]2N1Cc3ccc(cc3)N4CCOCC4,CHEMBL1522030,5.40,
COC(=O)[C@@H]1C[C@@H]2CC[C@@H](O)C[C@@H]2N1Cc3ccccc3OS(=O)(=O)c4ccc(C)cc4,CHEMBL1311217,5.60,
COC(=O)[C@@H]1C[C@H]1[C@@H](NC(=O)c2cc(C)on2)c3ccccc3,CHEMBL1598868,4.50,
COC(=O)[C@@H]1C[C@H]1[C@@H](NC(=O)c2cccnc2)c3ccccc3,CHEMBL1606866,5.00,
COC(=O)[C@@H]1C[C@H]1[C@@H](NC(=O)c2cnccn2)c3ccccc3,CHEMBL1358097,4.90,
COC(=O)[C@@H]1C[C@H]1[C@@H](NC(=O)Oc2ccc(F)cc2)c3ccccc3,CHEMBL1398587,4.90,
COC(=O)[C@@H]1C[C@H]1[C@@H](NP(=O)(c2ccccc2)c3ccccc3)c4ccccc4,CHEMBL1438566,6.00,
COC(=O)[C@@H]1C[C@H]1[C@@H](NS(=O)(=O)c2ccc(cc2)c3ccccc3)c4ccccc4,CHEMBL1561137,4.80,
COC(=O)[C@@H]1C[C@H]1[C@@H](NS(=O)(=O)c2ccccc2)c3ccccc3,CHEMBL1408259,5.00,
COC(=O)[C@@H]1C[C@H]2CC[C@H](O)C[C@H]2N1Cc3c(F)cccc3Cl,CHEMBL1590013,4.80,
COC(=O)[C@@H]1C[C@H]2CC[C@H](O)C[C@H]2N1Cc3ccc(cc3)C(=O)OC,CHEMBL1323666,4.80,
COC(=O)[C@@H]1C[C@H]2CC[C@H](O)C[C@H]2N1Cc3ccc(cc3)C(F)(F)F,CHEMBL1370080,4.90,
COC(=O)[C@@H]1C[C@H]2CC[C@H](O)C[C@H]2N1Cc3ccc(cc3)c4ccccc4,CHEMBL1332998,4.90,
COC(=O)[C@@H]1C[C@H]2CC[C@H](O)C[C@H]2N1Cc3ccccc3OC(=O)c4cccs4,CHEMBL1486924,5.60,
COC(=O)[C@@H]1CC[C@H](C)[C@H](N1C(=O)c2ccc(\C=N/O[C@@H](C)c3cn(nn3)[C@H](CO)Cc4ccccc4)cc2)c5ccc(C)cc5,CHEMBL1488873,5.50,
COC(=O)[C@@H]1CC[C@H](C)[C@H](N1C(=O)c2ccc(\C=N/O[C@@H](C)c3cn(nn3)[C@H]4COC[C@H]4O)cc2)c5ccc(C)cc5,CHEMBL1328490,5.50,
COC(=O)[C@@H]1CC[C@H](C)[C@H](N1C(=O)c2ccc(\C=N/O[C@@H](C)CN3CCCc4nc(C)c(C)cc34)cc2)c5ccc(C)cc5,CHEMBL1394855,5.40,
COC(=O)[C@@H]1CC[C@H](C)[C@H](N1C(=O)c2ccc(\C=N/O[C@@H](C)CN3CCCCc4nc(C)c(C)cc34)cc2)c5ccc(C)cc5,CHEMBL1394766,5.50,
COC(=O)[C@@H]1CC[C@H](C)[C@H](N1C(=O)c2ccc(\C=N/O[C@@H]3C=C[C@@H](CC=C)O[C@@H]3CO)cc2)c4ccc(C)cc4,CHEMBL1594077,5.40,
COC(=O)[C@@H]1CC[C@H](C)[C@H](N1C(=O)c2ccc(\C=N/OC[C@@H](O)[C@H]3O[C@H]4OC(C)(C)O[C@H]4[C@@H]3O)cc2)c5ccc(C)cc5,CHEMBL1438163,5.20,
COC(=O)[C@@H]1CC[C@H](C)[C@H](N1C(=O)c2ccc(\C=N/OC[C@@H](O)COCc3occc3)cc2)c4ccc(C)cc4,CHEMBL1435288,5.90,
COC(=O)[C@@H]1CC[C@H](C)[C@H](N1C(=O)c2ccc(\C=N/OC[C@@H]3O[C@@H](C=C[C@@H]3Oc4ccc(OC)cc4)c5ccccc5)cc2)c6ccc(C)cc6,CHEMBL1612050,5.50,
COC(=O)[C@](C)(N)Cc1ccc(O)cc1,CHEMBL1315171,5.60,
COC(=O)[C@]1(C)CC[C@@]2(C)CC[C@@]3(C)C4=CC=C5C(=C(O)C(=O)C=C5[C@@]4(C)CC[C@@]3(C)C2C1)C,CHEMBL1486063,4.50,
COC(=O)[C@H](C)[C@H]1C[C@]1(C)[C@H](NC(=O)OCc2ccccc2)c3ccccc3,CHEMBL1408622,5.10,
COC(=O)[C@H](Cc1ccccc1)NC(=O)[C@@]2(C)C[C@@H]2[C@@H](NC(=O)OCc3ccccc3)c4ccccc4,CHEMBL1306920,5.70,
COC(=O)[C@H](Cc1ccccc1)NC(=O)[C@]2(C)C[C@H]2[C@H](NC(=O)OCc3ccccc3)c4ccccc4,CHEMBL1558722,5.70,
COC(=O)[C@H](Cc1ccccc1)NC(=O)[C@H]2C[C@@H]2[C@H](NC(=O)OCc3ccccc3)c4ccccc4,CHEMBL1417358,5.10,
COC(=O)[C@H](Cc1ccccc1)NC(=O)N2CCN(Cc3ccccc3)CC2,CHEMBL1383786,4.85,
COC(=O)[C@H]1[C@@H](c2ccccc2)[C@]3(Oc4ccccc4[C@@]1(O)[C@@H]3O)c5ccccc5,CHEMBL1397443,5.50,
COC(=O)[C@H]1[C@@H](O)CC[C@H]2CN3CCc4c([nH]c5ccccc45)[C@@H]3C[C@@H]12,CHEMBL1327758,4.60,
COC(=O)[C@H]1[C@H](C[C@@H]2CC[C@H]1N2C)OC(=O)c3ccccc3,CHEMBL370805,,5.14
COC(=O)[C@H]1C[C@@H]1[C@H](N)c2ccccc2,CHEMBL1396576,4.80,
COC(=O)[C@H]1C[C@@H]1[C@H](NC(=O)c2cnccn2)c3ccccc3,CHEMBL1368860,5.10,
COC(=O)[C@H]1C[C@@H]1[C@H](NC(=O)Oc2ccc(F)cc2)c3ccccc3,CHEMBL1607228,4.80,
COC(=O)[C@H]1C[C@@H]1[C@H](NC(=O)OCc2ccccc2)c3ccccc3,CHEMBL1321973,4.60,
COC(=O)[C@H]1C[C@@H]1[C@H](NP(=O)(c2ccccc2)c3ccccc3)c4ccccc4,CHEMBL1329227,5.60,
COC(=O)[C@H]1C[C@@H]1[C@H](NS(=O)(=O)c2ccc(cc2)c3ccccc3)c4ccccc4,CHEMBL1368887,4.90,
COC(=O)[C@H]1C[C@@H]1[C@H](NS(=O)(=O)c2ccc3ccccc3c2)c4ccccc4,CHEMBL1400050,4.80,
COC(=O)[C@H]1C[C@H]2CC[C@H](O)C[C@H]2N1CC3CC3,CHEMBL1478034,4.60,
COC(=O)\C(=C\1/OC(=O)C(C1=O)c2ccccc2)\c3ccccc3,CHEMBL1516459,4.40,
COC(=O)\C=C\CSC1=N\C(=C\c2ccc(cc2)n3cncn3)\C(=O)N1,CHEMBL1536844,5.70,
COC(=O)C(=C1C=C(C)OC(=C1)C)NC(=O)c2ccccc2,CHEMBL1742278,4.65,
COC(=O)C(C)(C)C(c1ccc(Nc2ccc3ccccc3c2)cc1)n4ccnc4,CHEMBL1766005,5.10,
COC(=O)C(C)(C)C(c1ccc(Nc2ccc3ccccc3c2)cc1)n4cncn4,CHEMBL1831092,6.48,
COC(=O)C(C1O[C@@]23COCCC2(C)C3c4ccccc14)C(=O)OC,CHEMBL1573756,5.50,
COC(=O)C(CC#C)(C(C[N+](=O)[O-])c1ccccc1)C(=O)OC,CHEMBL1404977,5.50,
COC(=O)C(Cc1c[nH]c2ccccc12)NS(=O)(=O)c3ccc(Br)cc3,CHEMBL2440410,,5.33
COC(=O)C(CCC(=O)N1CCN(CC1)c2ccccc2OC)(C(C)C)c3ccc(Br)cc3,CHEMBL3115195,,4.78
COC(=O)C(CCSC)NC(=O)c1cccc(c1)[N+](=O)[O-],CHEMBL1492374,4.85,
COC(=O)C(NC(=O)c1ccc(Cl)cc1)(Nc2nc(C)cs2)C(F)(F)F,CHEMBL1741697,4.85,
COC(=O)C(NC(=O)c1ccc(F)cc1)(Nc2ncc(s2)S(=O)(=O)c3ccc(cc3)[N+](=O)[O-])C(F)(F)F,CHEMBL1465250,5.30,
COC(=O)C(O)(c1c(C)[nH]c2ccccc12)C(F)(F)F,CHEMBL1467227,4.65,
COC(=O)C(O)C1C(C)(C)C(=O)CC2O[C@@]34CC(=O)OC(c5cocc5)[C@]3(C)CCC(C4=C)[C@]12C,CHEMBL1561374,5.60,
COC(=O)C(OC(=O)C)C1C(C)(C)C(=O)CC2O[C@@]34CC(=O)OC(c5cocc5)[C@]3(C)CCC(C4=C)[C@@]12C,CHEMBL1439635,6.00,
COC(=O)C\C=C/[C@@H](C)[C@@H](CO)NS(=O)(=O)c1ccc(C)cc1,CHEMBL1593466,5.40,
COC(=O)C\C=C/[C@@H](C)[C@H](NS(=O)(=O)c1ccc(C)cc1)\C=N/O[C@@H](C)c2onc(c2)c3c(C)cc(C)cc3C,CHEMBL1356391,5.50,
COC(=O)C\C=C/[C@@H](C)[C@H](NS(=O)(=O)c1ccc(C)cc1)\C=N/OC[C@@H](C)[C@H](OCc2ccccc2)C(C)C,CHEMBL1397106,5.40,
COC(=O)C\C=C/[C@@H](C)[C@H](NS(=O)(=O)c1ccc(C)cc1)\C=N/OC[C@@H](O)COCc2occc2,CHEMBL1357184,5.50,
COC(=O)C\C=C/[C@@H](C)[C@H](NS(=O)(=O)c1ccc(C)cc1)\C=N/OC[C@@H]2O[C@@H](C=C[C@@H]2Oc3ccc(OC)cc3)c4ccccc4,CHEMBL1553160,5.30,
COC(=O)C\C=C\C(C)C(OCc1cccc(c1)c2ccccc2)C3CCCCC3,CHEMBL1317237,5.40,
COC(=O)C1(C)NCC2=C(C(=O)C(C)C2=C1)c3ccccc3,CHEMBL1526486,5.00,
COC(=O)C1(C\C(=C/Cc2ccccc2C1C[N+](=O)[O-])\C=C)C(=O)OC,CHEMBL1512909,5.50,
COC(=O)C1(CC(C)C)NCC2=C(C(C)C)C(=O)C(C)C2=C1,CHEMBL1605426,4.70,
COC(=O)C1(Cc2ccccc2)NCC3=C(C(=O)C(C)C3=C1)c4ccccc4,CHEMBL1437448,4.90,
COC(=O)C1(Cc2ccccc2)NCC3=C(C(C)C)C(=O)C(C)C3=C1,CHEMBL1335471,5.10,
COC(=O)C1(CNC(=O)c2cc(Cl)cc(Cl)c2)CCN(Cc3ccc(OC)cc3)CC1,CHEMBL1836249,,6.89
COC(=O)C1(CNC(=O)c2cc(Cl)cc(Cl)c2)CCN(Cc3cccc(c3)C(F)(F)F)CC1,CHEMBL1836251,,6.05
COC(=O)C1(CNC(=O)c2cc(OC)cc(OC)c2)CCN(CC3=Cc4ccccc4OC3(C)C)CC1,CHEMBL1836168,,5.89
COC(=O)C1(CNC(=O)c2cc(OC)cc(OC)c2)CCN(Cc3ccc(OC)cc3)CC1,CHEMBL1836164,,6.32
COC(=O)C1(CNC(=O)c2cc(OC)cc(OC)c2)CCN(Cc3cccc(c3)C(F)(F)F)CC1,CHEMBL1836166,,5.55
COC(=O)C1(COc2ccc3ncc(F)c(CCC45CCC(CC4)(CO5)NCc6ccc7OCC(=O)Nc7n6)c3n2)CC1,CHEMBL3605006,,5.80
COC(=O)c1[nH]c2cc(C)ccc2c1NC(=O)CN3CCCc4ccccc34,CHEMBL1458255,5.00,
COC(=O)c1[nH]c2cc(OC)ccc2c1NC(=O)c3nonc3C,CHEMBL1502684,5.15,
COC(=O)c1[nH]c2ccc(Br)cc2c1NC(=O)CN3CCN(CC3)C4CCCCC4,CHEMBL1497812,4.85,
COC(=O)C1=C(C(c2cc(Cl)ccc2O)c3sc(O)nc3S1)C(=O)OC,CHEMBL1471546,4.80,
COC(=O)C1=C(C)N(CC#C)C(=C([C@H]1c2cccc(c2)n3oo3)C(=O)CCO)C,CHEMBL1416812,5.50,
COC(=O)C1=C(C)N(Cc2ccccc2)[C@@]34O[C@@](C5C3C(=O)N(C)C5=O)(C(=O)OC)C(=O)N4C1c6ccccc6,CHEMBL2373557,5.50,
COC(=O)C1=C(C)N(Cc2ccccc2)[C@@]34O[C@@](C5C3C(=O)N(C5=O)c6ccccc6)(C(=O)OC)C(=O)N4C1c7ccccc7,CHEMBL2373608,5.30,
COC(=O)C1=C(C)N(Cc2ccccc2)[C@@]34O[C@@](C5CCCC(=O)C35)(C(=O)OC)C(=O)N4C1c6ccccc6,CHEMBL2373593,5.40,
COC(=O)C1=C(C)N(Cc2ccccc2)[C@]34O[C@@](C(=O)OC)(C(=O)N3C1c5ccccc5)C(=C4C(=O)OC)C(=O)OC,CHEMBL2374045,5.50,
COC(=O)C1=C(C)N(Cc2ccccc2)C3=C(C(c4ccccc4)[C@@](O)(C(=O)OC)C(=O)N3C1c5ccccc5)C(=O)c6ccccc6,CHEMBL1512478,5.40,
COC(=O)C1=C(C)N(Cc2ccccc2)C3=C(C[C@@](O)(C(=O)OC)C(=O)N3C1c4ccccc4)C(=O)C,CHEMBL1328879,5.50,
COC(=O)C1=C(C)N(Cc2ccccc2)C3=C4C(CCOC4=O)[C@@](O)(C(=O)OC)C(=O)N3C1c5ccccc5,CHEMBL1362553,5.40,
COC(=O)C1=C(C)N=C2SC(=C(N)N2C1c3ccc(OC)cc3)C#N,CHEMBL1305298,4.60,
COC(=O)C1=C(C)N=C2SC(C)C(=O)N2C1\C=C\c3ccccc3,CHEMBL1493411,4.90,
COC(=O)C1=C(C)NC(=C([C@@H]1C)C(=O)OCCSc2ccccc2)C,CHEMBL1590048,5.00,
COC(=O)C1=C(C)NC(=C([C@@H]1c2cccc(c2)[N+](=O)[O-])C(=O)OCCN(C)Cc3ccccc3)C,CHEMBL1598680,6.10,
COC(=O)C1=C(C)NC(=C([C@H]1c2cccc3nonc23)C(=O)OC(C)C)C,CHEMBL400875,5.30,
COC(=O)C1=C(C)NC(=C(C1c2cccc(c2)[N+](=O)[O-])C(=O)OCCN(C)Cc3ccccc3)C,CHEMBL1484,6.38,
COC(=O)C1=C(C)NC(=C(C1c2cccc3nonc23)C(=O)OC(C)C)C,CHEMBL1648,5.00,
COC(=O)C1=C(C)NC(=C(C1c2ccccc2[N+](=O)[O-])C(=O)OCC(C)C)C,CHEMBL1726,,4.64
COC(=O)C1=C(C)OC(=C(C#N)C1C2CCCCC2)N,CHEMBL1303450,5.15,
COC(=O)C1=C(Cn2cccn2)NC(=C(C#N)C1c3ccc(F)cc3Cl)C,CHEMBL1215620,5.96,
COC(=O)C1=C(Cn2cncn2)NC(=C(C#N)C1c3ccc(F)cc3Cl)C,CHEMBL1215621,6.10,
COC(=O)C1=C(N)OC2=C(C1c3ccccc3OC)C(=O)N(CC4CCCO4)C(=C2)C,CHEMBL1729999,5.20,
COC(=O)C1=C2N(Cc3ccccc3)C(=C(C(N2C(=O)[C@@](O)(C1)C(=O)OC)c4ccccc4)C(=O)OC)C,CHEMBL1551415,5.40,
COC(=O)C1=CCC2CCC1N2C,CHEMBL412663,,5.05
COC(=O)c1c(C)c2Oc3c(Cl)c(O)c(Cl)c(C)c3C(=O)Oc2c(C)c1O,CHEMBL1328088,5.60,
COC(=O)c1c(C)c2Oc3c(Cl)c(OC(=O)C)c(Cl)c(C)c3C(=O)Oc2cc1OC,CHEMBL1590432,4.80,
COC(=O)c1c(C)cc(OC)cc1O,CHEMBL1595401,4.40,
COC(=O)c1c(C)noc1c2ccc3cc(CCN4CCC[C@H]4C)ccc3n2,CHEMBL1822865,,5.22
COC(=O)C1C(CC2CCC1N2C)OC(=O)c3ccccc3,CHEMBL32363,,5.14
COC(=O)c1c(NC(=O)Cc2ccc(OC)c(OC)c2)scc1c3ccc4ccccc4c3,CHEMBL1603192,5.75,
COC(=O)c1c(NC(=O)CSc2ncnc3sc(C)c(C)c23)scc1c4ccccc4,CHEMBL1477725,5.05,
COC(=O)c1c2CCCc2sc1NC(=O)c3occc3,CHEMBL1392952,4.40,
COC(=O)c1cc(NC(=O)\C=C\c2ccc3OCOc3c2)cc(c1)C(=O)OC,CHEMBL1529232,6.10,
COC(=O)c1cc(NC(=O)N2c3ccccc3Sc4ccccc24)cc(c1)C(=O)OC,CHEMBL1599585,5.10,
COC(=O)c1cc(NS(=O)(=O)c2ccc(N3CCCCC3)c(c2)[N+](=O)[O-])cc(c1)C(=O)OC,CHEMBL1389059,5.70,
COC(=O)c1cc(NS(=O)(=O)c2ccc(N3CCCCCC3)c(c2)[N+](=O)[O-])cc(c1)C(=O)OC,CHEMBL1605000,5.20,
COC(=O)c1cc(OC)c(OC)cc1NC(=O)CSc2ccc(C)cc2,CHEMBL1511621,5.80,
COC(=O)c1cc(OC)c(OC)cc1NC(=O)CSc2ccccc2,CHEMBL1311520,4.80,
COC(=O)c1cc2c(ccn2c3ccc(F)cc3)n1C(C)C,CHEMBL1538879,4.60,
COC(=O)c1cc2c(cn1)[nH]c3ccccc23,CHEMBL453066,4.80,
COC(=O)c1ccc(\C=N/NC(=O)c2ccc(C)cc2Cl)cc1,CHEMBL3210612,5.45,
COC(=O)c1ccc(C(=O)OC)c(NC(=S)N2CCN(CC2)c3ccccc3)c1,CHEMBL1444331,5.10,
COC(=O)c1ccc(cc1)[C@@H]2CC[C@H](CC2)N3CC(C3)NC(=O)CNC(=O)c4cccc(c4)C(F)(F)F,CHEMBL1829614,,5.89
COC(=O)c1ccc(cc1)C(NC(=O)c2ccccc2)[C@]3(C)C[C@H]3C4CCCCC4,CHEMBL1593440,5.20,
COC(=O)c1ccc(cc1)C(NC(=O)OCc2ccccc2)\C(=C\[C@@H](C)C(=O)N(C)C)\c3cccnc3,CHEMBL1527413,5.30,
COC(=O)c1ccc(cc1)C(NC(=O)OCc2ccccc2)\C(=C\[C@@H](C)C(=O)N(C)Cc3cccnc3)\c4cccnc4,CHEMBL1338708,6.20,
COC(=O)c1ccc(cc1)C(NC(=O)OCc2ccccc2)\C(=C\[C@@H](C)C(=O)N[C@@H](CO)Cc3ccccc3)\C,CHEMBL1444396,5.50,
COC(=O)c1ccc(cc1)C(NC(=O)OCc2ccccc2)\C(=C\[C@@H](C)C(=O)N[C@@H](CO)Cc3ccccc3)\c4cccnc4,CHEMBL1396986,6.00,
COC(=O)c1ccc(cc1)C(NC(=O)OCc2ccccc2)\C(=C\[C@@H](C)C(=O)N[C@@H](CO)Cc3ccccc3)\F,CHEMBL1417629,5.10,
COC(=O)c1ccc(cc1)C(NC(=O)OCc2ccccc2)\C(=C\[C@@H](C)C(=O)NC3CCCCC3)\C,CHEMBL1568539,5.70,
COC(=O)c1ccc(cc1)C(NC(=O)OCc2ccccc2)\C(=C\[C@@H](C)C(=O)Nc3ccccc3)\c4cccnc4,CHEMBL1535212,5.80,
COC(=O)c1ccc(cc1)C(NC(=O)OCc2ccccc2)\C(=C\[C@@H](C)C(=O)NC3CCCCC3)\c4cccnc4,CHEMBL1561561,5.90,
COC(=O)c1ccc(cc1)C(NC(=O)OCc2ccccc2)\C(=C\[C@@H](C)C(=O)NCc3cc(C)on3)\F,CHEMBL1565867,5.60,
COC(=O)c1ccc(cc1)C(NC(=O)OCc2ccccc2)\C(=C\[C@@H](C)C(=O)NCc3cc(F)cc(F)c3)\F,CHEMBL1601895,5.40,
COC(=O)c1ccc(cc1)C(NC(=O)OCc2ccccc2)\C(=C\[C@@H](C)C(=O)NCc3ccc(cc3)c4ccccc4)\c5cccnc5,CHEMBL1363149,6.10,
COC(=O)c1ccc(cc1)C(NC(=O)OCc2ccccc2)\C(=C\[C@@H](C)C(=O)NCc3ccc(cc3)S(=O)(=O)C)\c4cccnc4,CHEMBL1435198,5.70,
COC(=O)c1ccc(cc1)C(NC(=O)OCc2ccccc2)\C(=C\[C@@H](C)C(=O)NCc3ccc(OC)c(O)c3)\I,CHEMBL1399338,5.50,
COC(=O)c1ccc(cc1)C(NC(=O)OCc2ccccc2)\C(=C\[C@@H](C)C(=O)NCc3ccc(OC)c(OC)c3)\F,CHEMBL1338803,5.30,
COC(=O)c1ccc(cc1)C(NC(=O)OCc2ccccc2)\C(=C\[C@@H](C)C(=O)NCc3ccccc3)\c4cccnc4,CHEMBL1358120,5.40,
COC(=O)c1ccc(cc1)C(NC(=O)OCc2ccccc2)\C(=C\[C@@H](C)C(=O)NCc3cccnc3)\C,CHEMBL1447239,6.10,
COC(=O)c1ccc(cc1)C(NC(=O)OCc2ccccc2)\C(=C\[C@@H](C)C(=O)NCc3cccnc3)\c4cccnc4,CHEMBL1375525,6.00,
COC(=O)c1ccc(cc1)C(NC(=O)OCc2ccccc2)\C(=C\[C@@H](C)C(=O)NCc3ccncc3)\I,CHEMBL1517234,5.80,
COC(=O)c1ccc(cc1)C(NC(=O)OCc2ccccc2)\C(=C\[C@@H](C)C(=O)NCc3nc4ccccc4s3)\c5cccnc5,CHEMBL1417139,5.70,
COC(=O)c1ccc(cc1)C(NC(=O)OCc2ccccc2)\C(=C\[C@@H](C)C(=O)NCc3oc(C)cc3)\c4cccnc4,CHEMBL1551286,4.80,
COC(=O)c1ccc(cc1)C(NC(=O)OCc2ccccc2)\C(=C\[C@@H](C)C(=O)NCc3oc(C)cc3)\I,CHEMBL1333915,5.00,
COC(=O)c1ccc(cc1)C(NC(=O)OCc2ccccc2)\C(=C\[C@@H](C)C(=O)NCCc3c[nH]c4ccc(OC)cc34)\F,CHEMBL1473632,5.90,
COC(=O)c1ccc(cc1)C(NC(=O)OCc2ccccc2)\C(=C\[C@@H](C)C(=O)NCCF)\c3cccnc3,CHEMBL1437294,5.20,
COC(=O)c1ccc(cc1)C(NC(=O)OCc2ccccc2)\C=C\[C@@H](C)C(=O)N(C)C,CHEMBL1357164,5.00,
COC(=O)c1ccc(cc1)C(NC(=O)OCc2ccccc2)\C=C\[C@@H](C)C(=O)N[C@H](C)CO,CHEMBL1552442,4.80,
COC(=O)c1ccc(cc1)C(NC(=O)OCc2ccccc2)\C=C\[C@@H](C)C(=O)NCc3ccccc3,CHEMBL1476134,5.30,
COC(=O)c1ccc(cc1)C(NC(=O)OCc2ccccc2)\C=C\[C@@H](C)C(=O)NCCc3c[nH]c4ccccc34,CHEMBL1314911,5.50,
COC(=O)c1ccc(cc1)C2=CC3(CCNCC3)Oc4ccccc24,CHEMBL494265,,6.18
COC(=O)c1ccc(cc1)C23CC4(C2)[C@H](CN(C)[C@@H]4c5ccccc5)C3c6ccccc6,CHEMBL1452080,4.90,
COC(=O)c1ccc(cc1)C23CC4(C2)[C@H](CN(Cc5cccnc5)[C@@H]4c6ccccc6)C3c7ccc(cc7)C(F)(F)F,CHEMBL1398536,5.30,
COC(=O)c1ccc(cc1)C23CC4(C2)[C@H](CN(Cc5cccnc5)[C@@H]4c6ccccc6)C3c7ccccc7,CHEMBL1374280,5.40,
COC(=O)c1ccc(cc1)n2cc(C3CCN(CCN4CCNC4=O)CC3)c5cc(Cl)ccc25,CHEMBL52999,,7.44
COC(=O)c1ccc(COc2ccc3cc(ccc3c2)C(C(C)N(C)C)n4ccnc4)cc1,CHEMBL178474,7.40,
COC(=O)c1ccc(CSc2nnc(NC(C)C)s2)cc1,CHEMBL1350835,4.65,
COC(=O)c1ccc(N2CCN(CC2)c3ccccc3)c(NC(=O)C4CC4)c1,CHEMBL1312104,4.60,
COC(=O)c1ccc(NC(=O)c2ccccc2NS(=O)(=O)c3ccccc3)cc1,CHEMBL1400385,5.10,
COC(=O)c1ccc(NC(=S)N2CCN(Cc3cccc(C)c3)CC2)cc1,CHEMBL1478520,4.90,
COC(=O)c1ccc(Oc2ccc(\C=C\3/SC(=O)NC3=O)cc2OC)c(c1)C(F)(F)F,CHEMBL1671969,5.01,
COC(=O)c1ccc(Oc2ccc(\C=C\3/SC(=O)NC3=O)cc2OC)c(Cl)c1,CHEMBL1671964,5.60,
COC(=O)c1ccc(Oc2ccc(\C=C\3/SC(=O)NC3=O)cc2OC)c4ccccc14,CHEMBL1671982,6.10,
COC(=O)c1ccc(OCC2N(CCc3cc(OC)c(OC)cc23)C(=O)C4CC4)cc1,CHEMBL1538146,4.75,
COC(=O)c1ccc(OCC2N(CCc3cc(OC)c(OC)cc23)C(=O)c4occc4)cc1,CHEMBL1412697,4.95,
COC(=O)c1ccc(Sc2ccc(NC(=O)c3ccc(cc3)C(=N)N(C)C)c(c2)C(=O)Nc4ccc(Cl)cn4)cc1,CHEMBL221921,,7.15
COC(=O)c1cccc(c1)C(=O)N2CCC(CCN3C4CCC3CC(C4)n5c(C)nc6ccccc56)(CC2)c7ccccc7,CHEMBL1784472,,6.10
COC(=O)c1cccc(c1)C23CC4(C2)[C@H](CN(C)[C@@H]4c5ccccc5)C3c6ccc(cc6)C(F)(F)F,CHEMBL1360610,4.90,
COC(=O)c1cccc(c1)C23CC4(C2)[C@H](CN(Cc5ccc(cc5)C(F)(F)F)[C@@H]4c6ccccc6)C3c7ccc(Cl)nc7,CHEMBL1487836,5.40,
COC(=O)c1cccc(c1)C23CC4(C2)[C@H](CN(Cc5ccc(cc5)c6ccccc6)[C@@H]4c7ccccc7)C3c8ccc(cc8)C(F)(F)F,CHEMBL1367960,4.70,
COC(=O)c1cccc(c1)C23CC4(C2)[C@H](CN(Cc5ccc(cc5)c6ccccc6)[C@@H]4c7ccccc7)C3c8ccccc8,CHEMBL1529256,4.80,
COC(=O)c1cccc(c1)C23CC4(C2)[C@H](CN(Cc5cccnc5)[C@@H]4c6ccccc6)C3c7ccc(Cl)nc7,CHEMBL1320569,5.70,
COC(=O)c1cccc(c1)C23CC4(C2)[C@H](CN(Cc5cccnc5)[C@@H]4c6ccccc6)C3c7ccccc7,CHEMBL1491435,5.80,
COC(=O)c1cccc(n1)C(=O)Nc2ccc(C)cc2,CHEMBL1443124,4.90,
COC(=O)c1cccc(NC(=O)CCCOc2ccccc2)c1,CHEMBL1361984,4.90,
COC(=O)c1cccc(NC(=O)COc2ccc(cc2)C34CC5CC(CC(C5)(C3)C(=O)N6CCN(Cc7ccc(cc7)C(F)(F)F)CC6)C4)c1,CHEMBL568012,5.69,
COC(=O)c1cccc(NC(=O)COc2ccc(cc2)C34CC5CC(CC(C5)(C3)C(=O)N6CCN(Cc7cccc(OC)c7)CC6)C4)c1,CHEMBL567798,6.09,
COC(=O)c1ccccc1c2oc(\C=C\3/C(=O)N(N=C3c4ccccc4)c5ccccc5)cc2,CHEMBL1313465,5.55,
COC(=O)c1ccccc1NC(=O)c2oc(COc3ccc(C)c(C)c3)cc2,CHEMBL1313549,5.85,
COC(=O)c1ccccc1NC(=O)COc2ccc(cc2)C34CC5CC(CC(C5)(C3)C(=O)N6CCc7cc(OC)c(OC)cc7C6)C4,CHEMBL577103,5.42,
COC(=O)c1cnn(C(=O)c2cc(OC)ccc2Br)c1N,CHEMBL1407743,4.55,
COC(=O)c1coc(CN2CCN(CC2)C(=O)CC(c3ccc(F)cc3)c4ccc(Br)cc4)n1,CHEMBL1645164,,5.65
COC(=O)c1nn(c2ccccc2)c(c3ccccc3)c1C(=O)c4ccccc4,CHEMBL1349613,4.85,
COC(=O)c1nnn(c1CSc2oc3ccccc3n2)c4nonc4N,CHEMBL1516851,5.65,
COC(=O)C1OC(=O)C2O[C@]23[C@@]1(C)CCC4[C@@]5(C)CCC(=O)C(C)(C)C5CC(OC(=O)C)[C@@]34C,CHEMBL1402625,4.40,
COC(=O)c1oc(CSc2nc3cc(Cl)ccc3s2)cc1,CHEMBL1558934,4.60,
COC(=O)c1scc(C)c1NC(=O)Cc2ccccc2,CHEMBL1524295,4.65,
COC(=O)c1sccc1n2cccc2C(=O)NCC=C,CHEMBL1331048,4.85,
COC(=O)c1sccc1NC(=O)c2cc(nc3ccccc23)c4cc(C)ccc4C,CHEMBL1389176,5.35,
COC(=O)c1sccc1NC(=O)CSc2ccccc2NS(=O)(=O)c3ccc(Cl)cc3,CHEMBL1493402,5.45,
COC(=O)CC(=C)C[C@]1(CC(=O)OC)CC2(CC=C(C)C)C(=O)C(=C(OC(=O)c3ccc(Br)cc3)C(CC=C(C)C)(C1)C2=O)C(=O)c4ccccc4,CHEMBL1317096,5.50,
COC(=O)CC1[C@@]2(C)C[C@@]34OC5(C)OC6(CC[C@@]7(C)C(OC(=O)C(C7[C@]6(O5)C(O)[C@@]3(O)C2O)C(=O)C)c8cocc8)[C@]14C,CHEMBL2374076,4.40,
COC(=O)CC1[C@@]2(C)C[C@@]34OC5(C)OC6(CC[C@]7(C)C(CC(=O)OC7c8cocc8)C6(O5)C(OC(=O)C)[C@]3(OC(=O)C)C2OC(=O)C)[C@]14C,CHEMBL2373655,4.70,
COC(=O)CC1C(C)(C)C(=O)C=C[C@@]1(C)C2CC[C@@]3(C)C(OC(=O)C=C3C2=C)c4cocc4,CHEMBL1405187,5.40,
COC(=O)CC1C(C)(C)C(=O)C=CC1(C)C2CC[C@@]3(C)C(OC(=O)C4OC34C2=C)c5cocc5,CHEMBL1316858,5.60,
COC(=O)CC1C(C)(C)C(=O)C2CC3=C(CC[C@@]4(C)C(OC(=O)C=C34)c5cocc5)[C@@]1(C)C2=O,CHEMBL2373632,5.60,
COC(=O)CC1C(C)(C)C(=O)C2CC3=C4CC(=O)OC(c5cocc5)[C@]4(C)CCC3[C@@]1(C)C2=O,CHEMBL2373604,5.80,
COC(=O)CC1C(C)(C)C(O)C2CC3=C4C=C(OC)OC(c5cocc5)[C@]4(C)CCC3[C@@]1(C)C2=O,CHEMBL2112207,5.00,
COC(=O)CC1C(C)(C)C(OC(=O)C)[C@@]2(O)C=C3C(CC[C@]4(C)C3CC(=O)OC4c5cocc5)[C@@]1(C)C2=O,CHEMBL2374096,5.10,
COC(=O)CC1C(C)(C)C(OC(=O)C)C2[C@H](OC(=O)C)[C@]34O[C@]2(O)[C@]1(C)C3CC[C@@]5(C)C(OC(=O)C=C45)c6cocc6,CHEMBL1555153,5.70,
COC(=O)CC1C(C)(C)C(OC(=O)C)C2CC3=C4CC(=O)OC(c5cocc5)[C@]4(C)CCC3[C@@]1(C)C2=O,CHEMBL2373656,5.80,
COC(=O)CC1C(C)(C)C(OC(=O)C)C2CC3C(CC[C@]4(C)C3CC(=O)OC4c5cocc5)[C@@]1(C)C2=O,CHEMBL2373679,6.20,
COC(=O)CC1C(C)(C)C2(O)OC34CC2C(=O)[C@@]1(C)C3CC[C@@]5(C)C(OC(=O)C=C45)c6cocc6,CHEMBL1409536,5.50,
COC(=O)Cc1ccc(cc1)n2cc(C3CCN(CCN4CCNC4=O)CC3)c5cc(Cl)ccc25,CHEMBL415944,,6.88
COC(=O)Cc1ccc(CNC(=O)[C@@H]2CSCN2C(=O)CC(N)Cc3ccccc3F)cc1.OC(=O)C(F)(F)F,CHEMBL186482,,5.01
COC(=O)CCC(=O)NNC(=O)CCCOc1ccc(Cl)cc1Cl,CHEMBL1453438,4.80,
COC(=O)CCC(NC(=O)OCc1ccccc1)C(=O)NC(CC(C)C)C(=O)OC,CHEMBL1572635,4.85,
COC(=O)CCCCCN1C(=O)NC(C(=C1C)C(=O)OCc2ccccc2)c3ccccc3,CHEMBL260283,5.00,
COC(=O)CCCCCN1C(=O)NC(CC2CC2)C(=C1C)C(=O)OCc3ccccc3,CHEMBL1535521,4.70,
COC(=O)CCCCOc1ccc2ncc(F)c(CCC34CCC(CC3)(CO4)NCc5ccc6OCC(=O)Nc6n5)c2n1,CHEMBL3605119,,6.40
COC(=O)CCCN[C@@H](CN1C(=O)N(Cc2c(F)cccc2C(F)(F)F)C(=C(C1=O)c3cccc(OC)c3F)C)c4ccccc4,CHEMBL510285,6.36,
COC(=O)CCCN[C@@H](CN1C(=O)N(Cc2c(F)cccc2C(F)(F)F)C=C(C1=O)c3cccc(OC)c3F)c4ccccc4,CHEMBL455769,6.29,
COC(=O)CCCNC(=O)c1cn(C)c2c(CN3C[C@@H]4N(N(CC=C)CC(=O)N4[C@@H](Cc5ccc(O)cc5)C3=O)C(=O)NCc6ccccc6)cccc12,CHEMBL3702744,5.46,
COC(=O)CN1C(=O)S\C(=C\c2oc(cc2)N3CCCCC3)\C1=O,CHEMBL1557752,4.80,
COC(=O)Cn1c2C[C@H]3CN(C(=O)c4ccccc4)[C@](Cc5ccc(F)cc5)([C@H]3c2cc1C(=O)N6CCCC6)C(=O)OC,CHEMBL1401214,5.50,
COC(=O)Cn1c2C[C@H]3CN(C(=O)c4ccccc4)[C@](Cc5ccc(OC)cc5)([C@H]3c2cc1C(=O)N(C)C)C(=O)OC,CHEMBL1451788,5.50,
COC(=O)CN1Cc2c(nc(C)c(CN)c2c3ccc(Cl)cc3Cl)C1=O,CHEMBL1910111,4.77,
COC(=O)CNC(=O)C1(C)C=CC2(CCCCC2)N1C(=O)C,CHEMBL1515835,4.60,
COC(=O)CNC(=O)C1(C)C=CC2(CCCCC2)N1C(=O)OC,CHEMBL1519482,4.50,
COC(=O)CNC(=O)C1(C)C=CCN1C(=O)c2ccccc2,CHEMBL1372768,4.40,
COC(=O)CNC(c1ccccc1Cl)c2cc(Br)ccc2NC(=O)CCN3CCOCC3,CHEMBL1562639,5.45,
COC(=O)COc1ccc(Cl)cc1C2Nc3ccccc3C(=O)N2c4ccc(OC)cc4,CHEMBL1578021,5.55,
COC(=O)COc1ccc(COc2ccc3cc(ccc3c2)C(C(C)N(C)C)n4ccnc4)cc1,CHEMBL362412,6.66,
COC(=O)CSC(C(=O)Nc1ccc(C)c(C)c1)c2ccccc2,CHEMBL1359919,5.40,
COC(=O)CSC1=C(C#N)C(CC(=O)N1)c2cccc(F)c2,CHEMBL1430842,4.40,
COC(=O)CSc1ccc(C#N)c(SCC(=O)OC)c1,CHEMBL1319243,4.95,
COC(=O)CSc1nnc(CNc2ccc(Cl)cc2)n1c3ccccc3,CHEMBL1505574,4.90,
COC(=O)N(Cc1ccc2OCC(=O)Nc2n1)C34CCC(CCc5c(F)cnc6ccc(OC)nc56)(CC3)OC4,CHEMBL3604804,,5.22
COC(=O)N(CCc1ccc(OC)c(OC)c1)\C=C\c2ccc(OC)cc2,CHEMBL1515341,5.40,
COC(=O)N(NC(=O)c1c(CC2CCN(CC2)C3CCOCC3)c(nc4ccccc14)c5ccccc5)c6ccccc6,CHEMBL221444,,5.10
COC(=O)N(NC(=O)c1c(CN2CCCCC2)c(nc3ccccc13)c4ccccc4)c5ccccc5,CHEMBL221077,,5.31
COC(=O)N(NC(=O)c1c(CN2CCN(C)CC2)c(nc3ccccc13)c4ccccc4)c5ccccc5,CHEMBL374438,,6.50
COC(=O)N(NC(=O)c1c(CN2CCN(CC2)C3CCOCC3)c(nc4ccccc14)c5ccccc5)c6ccccc6,CHEMBL220963,,5.19
COC(=O)N(NC(=O)c1c(CN2CCN(CC2)C3CCSCC3)c(nc4ccccc14)c5ccccc5)c6ccccc6,CHEMBL221238,,6.29
COC(=O)N(NC(=O)c1c(CN2CCNCC2)c(nc3ccccc13)c4ccccc4)c5ccccc5,CHEMBL221299,,6.08
COC(=O)N(NC(=O)c1c(OC)c(nc2ccccc12)c3ccccc3)c4ccccc4,CHEMBL219162,4.92,
COC(=O)N(NC(=O)c1c(OCCN(C)C)c(nc2ccccc12)c3ccccc3)c4ccccc4,CHEMBL385738,,7.05
COC(=O)N[C@@H](C(C)C)C(=O)N1C[C@@H](C)C[C@H]1c2ncc([nH]2)c3ccc(cc3)c4ccc(s4)c5cc6[nH]c(nc6s5)[C@@H]7C[C@H](C)CN7C(=O)[C@@H](NC(=O)OC)C(C)C,CHEMBL3393730,,4.60
COC(=O)N[C@@H](C(C)C)C(=O)N1CCC[C@H]1c2nc(Cl)c([nH]2)c3ccc(cc3)c4ccc(cc4)c5[nH]c(nc5Cl)[C@@H]6CCCN6C(=O)[C@@H](NC(=O)OC)C(C)C,CHEMBL2047188,4.86,
COC(=O)N[C@H](C(=O)N[C@@H](C[C@H](O)[C@H](Cc1ccccc1)NC(=O)[C@@H](N2CCN(Cc3cccc(n3)C(C)(C)O)C2=O)C(C)(C)C)Cc4ccc(cc4)c5ccccn5)C(C)(C)C,CHEMBL470508,7.18,
COC(=O)N[C@H](C(=O)N[C@H](C[C@H](O)[C@H](Cc1ccc(cc1)c2cncc(F)c2)NC(=O)[C@@H](NC(=O)OC)C(C)(C)C)Cc3ccccc3)C(C)(C)C,CHEMBL1835487,6.85,
COC(=O)N1[C@H](C)C=C[C@]1(Cc2ccccc2)C(=O)NCc3ccc(cc3)N(C)C,CHEMBL1575015,6.00,
COC(=O)N1[C@H](Cc2ccccc2)C=C[C@]1(C)C(=O)NCc3ccccn3,CHEMBL1529361,5.10,
COC(=O)N1C2(CCCCC2)C=CC1(C)C(=O)NCc3ccc(cc3)N(C)C,CHEMBL1599299,6.30,
COC(=O)N1CC(CC1C(=O)N2CCCN(CC2)C3CCC3)Oc4cccc(F)c4,CHEMBL1823049,,5.00
COC(=O)N1CC=CC1(C)C(=O)NCc2oc(C)cc2,CHEMBL1526121,4.80,
COC(=O)N1CCC(CN2C[C@@H]3[C@@H](CNC(=O)c4nc(C(C)C)n5ccccc45)[C@@H]3C2)CC1,CHEMBL3740669,4.27,
COC(=O)N1CCC[C@@]2(CCN(C2)c3ccccc3)C1,CHEMBL1551308,4.80,
COC(=O)N1CCC[C@@]2(CCN(C2)c3ccncc3)C1,CHEMBL1316464,5.40,
COC(=O)N1CCC2(CC1)CCN(CC2)c3ccccc3,CHEMBL1397221,4.50,
COC(=O)N1CCC2(CC1)CCN(CC2)c3ncccn3,CHEMBL1523613,4.80,
COC(=O)N1CCC2(CC1)CN(C2)c3ccc(cc3)c4ccccc4,CHEMBL1569421,5.50,
COC(=O)N1CCC2(CC1)CN(C2)c3ccccc3,CHEMBL1406936,4.70,
COC(=O)N1CCC2(CCCN(C2)C(=O)Nc3cccc(F)c3)CC1,CHEMBL1334021,4.60,
COC(=O)N1CCC2(CCCN(C2)c3ccncc3)CC1,CHEMBL1592812,5.10,
COC(=O)N1CCC2(CCCN(Cc3ccccc3OC)C2)CC1,CHEMBL1593923,5.20,
COC(=O)N1CCC2(CCCN(Cc3nccs3)C2)CC1,CHEMBL1435544,4.80,
COC(=O)N1CCC2(CCN(Cc3nccs3)CC2)CC1,CHEMBL1363411,4.50,
COC(=O)N1CCc2cc(OC)c(OC)cc2C1Cc3ccc(OC)cc3,CHEMBL1566458,5.40,
COC(=O)N1CCN(CC1)C2CCN(CC2)c3cc(C)c4nc([nH]c4c3)C5=C(NCCc6ncn(C)c6Cl)C=CNC5=O,CHEMBL1077343,6.16,
COC(=O)NC(\C(=C(/C)\NCc1ccccc1)\C(=O)OC)c2cccs2,CHEMBL1438138,5.40,
COC(=O)NC(C(C(=O)C)C(=O)OC)c1cccc(C)c1,CHEMBL1358388,5.10,
COC(=O)NC(C(C(=O)C)C(=O)OC)c1cccs1,CHEMBL1590877,5.40,
COC(=O)NC(C(C(=O)C)C(=O)OCC=C)c1ccc(Cl)cc1,CHEMBL1374799,5.90,
COC(=O)NC(C(C(=O)C)C(=O)OCC=C)c1ccc2ccccc2c1,CHEMBL1318765,6.00,
COC(=O)NC(C(C(=O)C)C(=O)OCC=C)c1cccc(C)c1,CHEMBL1436997,5.60,
COC(=O)NC(C(C(=O)C)C(=O)OCC=C)c1ccccc1,CHEMBL1374903,5.40,
COC(=O)NC(C(C(=O)C)C(=O)OCC=C)c1occc1,CHEMBL1568358,5.30,
COC(=O)NC(c1cccc(C)c1)[C@@]2(CCOC2=O)C(=O)C,CHEMBL1483716,7.50,
COC(=O)NC(CC(=O)C)c1ccc2OCOc2c1,CHEMBL1592631,5.40,
COC(=O)NC1=CN(Cc2c(Cl)cccc2Cl)C(=O)C=C1,CHEMBL1467606,4.90,
COC(=O)Nc1cc(nc(n1)n2nc(C)cc2C)c3cncc(OC)c3,CHEMBL519549,4.80,
COC(=O)NC1CCN(CC1)c2cc(C)c3nc([nH]c3c2)C4=C(NC[C@@H](O)c5cccc(Cl)c5)C=CNC4=O,CHEMBL521271,9.30,
COC(=O)NCc1ccc(Cl)c(CN(C2CC2)C(=O)[C@H]3CNCC[C@@H]3c4ccc(OCCOc5c(Cl)cc(C)cc5Cl)cc4)c1,CHEMBL1269696,5.19,
COC(=O)NCCc1ccccc1c2ccc([C@H]3CNCC[C@@H]3C4=CC(=O)N(C)C=C4)c(Cl)c2,CHEMBL1957792,,4.99
COC(C(C)C(OC)C(C)C(=O)C)C(C)C(OC)c1ccccc1,CHEMBL1330456,5.40,
COC(C)C(O)(C(C)C)C(=O)OC1=CCN2CC[C@H](O)[C@H]12,CHEMBL1590391,4.30,
COC(c1ccc(Cl)cc1)(c2ccc3N(C)C(=O)C=C(c4ccc(Cl)cc4)c3c2)c5cncn5C,CHEMBL1097078,6.04,
COC(c1ccc(Cl)cc1)(c2ccc3N(C)C(=O)C=C(c4ccccc4)c3c2)c5cncn5C,CHEMBL1097772,5.63,
COC(CC=C)[C@]12CNCC[C@@]1(C2)c3ccc(Cl)c(Cl)c3,CHEMBL1173087,5.52,
COC(CN1CCN(CCc2ccc(C#N)c(OC)c2)CC1)c3ccc4C(=O)OCc4c3C,CHEMBL3612800,,5.05
COC[C@@]12CNCC[C@@]1(C2)c3ccc(Cl)c(Cl)c3,CHEMBL1173532,5.00,
COC[C@@]12CNCC[C@@]1(C2)c3ccc4ccccc4c3,CHEMBL1172744,5.10,
COC[C@@H](Oc1cc(C[C@@H]2C[S+]([O-])C[C@H](NCc3cc(ccc3F)C(C)(C)C)[C@H]2O)cc(F)c1N)C(F)(F)F,CHEMBL2425600,7.00,
COC[C@@H](Oc1cc(C[C@@H]2C[S+]([O-])C[C@H](NCc3cccc(c3)C(C)(C)C)[C@H]2O)cc(F)c1N)C(F)(F)F,CHEMBL2425612,6.70,
COC[C@@H](Oc1cc(C[C@@H]2C[S+]([O-])C[C@H](NCc3cccc(c3)C(C)C)[C@H]2O)cc(F)c1N)C(F)(F)F,CHEMBL2425618,6.16,
COC[C@@H](Oc1cc(C[C@@H]2C[S+]([O-])C[C@H](NCc3cccc(OC(C)C)c3)[C@H]2O)cc(F)c1N)C(F)(F)F,CHEMBL2425603,6.05,
COC[C@@H](Oc1cc(C[C@@H]2C[S+]([O-])C[C@H](NCc3cnn(CC(C)(C)C)c3)[C@H]2O)cc(F)c1N)C(F)(F)F,CHEMBL2425605,5.44,
COC[C@@H]1C[C@H]2[C@@H]3CC[C@H]4N(C)C(=O)C=C[C@]4(C)[C@H]3CC[C@]2(C)[C@H]1O,CHEMBL538877,,4.41
COC[C@@H]1CCCN1N2CCN(C2=O)c3cccc(Cl)c3,CHEMBL555744,,5.30
COC[C@H](C)N1Cc2nc(C)c(CN)c(c3ccc(Cl)cc3Cl)c2C1=O,CHEMBL2441837,4.89,
COC[C@H](C)Oc1cc(Oc2ccc(cc2)C(=O)N3CCC3)cc(c1)C(=O)Nc4cnc(C)cn4,CHEMBL3219120,,4.75
COC[C@H](C)Oc1cc(Oc2ccc(cc2)S(=O)(=O)C)cc(c1)C(=O)Nc3nc(C)ns3,CHEMBL3217923,,5.13
COC[C@H](C)Oc1cc(Oc2ccc(nc2)C(=O)N3CCC3)cc(c1)C(=O)Nc4cnc(C)cn4,CHEMBL3219121,,4.40
COC[C@H](NC(=O)N(C)Cc1csc(n1)C(C)C)C(=O)N[C@H](CC[C@H](Cc2ccccc2)NC(=O)OCc3cncs3)Cc4ccccc4,CHEMBL3115171,6.82,
COC[C@H](Oc1ncnc2c1cnn2c3ccccc3Cl)C(=O)Nc4ccc(C)cn4,CHEMBL3221482,,4.30
COC[C@H]1OC(=O)c2coc3C(=O)C4=C([C@@H](C[C@@]5(C)[C@@H]4CCC5=O)OC(=O)C)[C@]1(C)c23,CHEMBL1418590,5.10,
COC1(C[S+]([O-])c2ccccc2)CCN(CCc3c[nH]c4ccc(F)cc34)CC1,CHEMBL166161,4.50,
COC1(CCCCC1)C#CC2OC(COC(=O)C)C(OC(=O)C)C=C2,CHEMBL1557007,5.40,
COC1(CCN(C1=O)[C@@]2(CC[C@H](CC2)N3CCC4(CCOC4)CC3)c5ccccc5)c6cc(cc(c6)C(F)(F)F)C(F)(F)F,CHEMBL382331,,6.02
COC1[C@H](CC2CN3CCc4c([nH]c5cc(OC)ccc45)C3CC2[C@H]1C(=O)OC)OC(=O)c6cc(OC)c(OC)c(OC)c6,CHEMBL1433658,5.10,
COC1\C=C/O[C@@]2(C)Oc3c(C)c(O)c4c(O)c(NC(=O)\C(=C/C=C\C(C)C(O)[C@@H](C)C(O)C(C)[C@@H](OC(=O)C)C1C)\C)c5c(nc6cc(C)ccn56)c4c3C2=O,CHEMBL1327624,5.10,
COC1\C=C/OC2(C)Oc3c(C)c(O)c4c(O)c(NC(=O)C(=C\C=C/C(C)C(O)C(C)C(O)C(C)C(OC(=O)C)C1C)C)c(\C=N\N5CCN(C)CC5)c(O)c4c3C2=O,CHEMBL1436940,4.70,
COC1=C(C(=O)Oc2cc(OC)cc(OC)c12)c3ccc4OCOc4c3,CHEMBL1526572,5.60,
COC1=C(OC)C(=O)C(=CC1=O)C(C=C)c2ccccc2,CHEMBL1356393,4.80,
COC1=C(Oc2cc(O[C@@H]3OC(CO)C(O)C(O)C3O)c(OC)c(O)c2C1=O)c4ccc(OC)c(O)c4,CHEMBL1367976,4.60,
COC1=C(Oc2cc(OC)cc(OC)c2C1=O)c3ccc(OC)c(OC)c3,CHEMBL19032,5.90,
COC1=C[C@H]2[C@H]3Cc4ccc(OC)c(O)c4[C@@]2(CCN3C)CC1=O,CHEMBL1551847,4.50,
COC1=CC(=O)C(=CC1=O)C(=O)c2ccccc2,CHEMBL1434057,5.00,
COC1=CC(=O)C(=CC1=O)C(C=C)c2ccc(O)cc2,CHEMBL1374504,4.60,
COC1=CC(=O)C(=CC1=O)C(C=C)c2ccccc2,CHEMBL1554531,4.70,
COC1=CC(=O)C[C@@H](C)[C@]12Oc3c(Cl)c(OC)cc(OC)c3C2=O,CHEMBL562,4.80,
COC1=CC(=O)CC(C)C12Oc3c(Cl)c(OC)cc(OC)c3C2=O,CHEMBL1369825,4.80,
COC1=CC(=O)OC(CCc2ccc3OCOc3c2)C1,CHEMBL1510786,5.70,
COC1=CC(=O)OC(CCc2ccccc2)C1,CHEMBL1338909,4.90,
COC1=CC=C2C(=CC1=O)[C@H](CCc3cc(OC)c(OC)c(OC)c23)NC(=O)C,CHEMBL107,5.60,
COC1=CC=CC(=O)c2c(C)n(c(C)c12)c3cc(C)cc(C)c3,CHEMBL1313409,5.35,
COc1c(\C=N\Nc2nc(nc(n2)N3CCCCC3)N4CCCCC4)cccc1[N+](=O)[O-],CHEMBL3208514,5.40,
COc1c(C)c2COC(=O)c2c(O)c1C\C=C(/C)\CCC(=O)O,CHEMBL866,4.70,
COc1c(C)cc(nc1C)C2(N=C(N)c3c(F)cccc23)c4cccc(c4)c5cncnc5,CHEMBL2177917,,5.42
COc1c(cc(cc1C(C)(C)C)C(=O)N2CCC(CNC(=O)CCCCC(c3ccc(F)cc3)c4ccc(F)cc4)C2)C(C)(C)C,CHEMBL2031997,,6.19
COc1c(cc(cc1C(C)(C)C)C(=O)N2CCN([C@@H](C)C2)C(=O)CCCCC(c3ccc(F)cc3)c4ccc(F)cc4)C(C)(C)C,CHEMBL2031973,,6.05
COc1c(cc(cc1C(C)(C)C)C(=O)NC[C@@H]2CCN(C2)C(=O)CCCCC(c3ccc(F)cc3)c4ccc(F)cc4)C(C)(C)C,CHEMBL2031989,,5.70
COc1c(cc(cc1C(C)(C)C)C(=O)NC[C@H]2CCN(C2)C(=O)CCCCC(c3ccc(F)cc3)c4ccc(F)cc4)C(C)(C)C,CHEMBL2031988,,5.30
COc1c(cc(cc1C(C)(C)C)C(=O)NCC2CCN(C2)C(=O)CCCCC(c3ccc(F)cc3)c4ccc(F)cc4)C(C)(C)C,CHEMBL2031977,,5.72
COc1c(CC=C(C)C)c2OC(C)(C)C=Cc2c3OC(=O)C(=C(O)c13)c4ccc(O)cc4,CHEMBL1603825,4.70,
COc1c(ccc2C(=O)C(=CN(C3CC3)c12)C(=O)O)N4CC[C@H](C4)[C@H](C)N,CHEMBL230704,,4.21
COc1c(CCc2ccc(NS(=O)(=O)C)cc2)cc(cc1C(C)(C)C)C3=CC=CNC3=O,CHEMBL2431456,6.47,
COc1c(CCN2CCN(CC2)C(=O)Cc3ccc(cc3)n4cnnn4)ccc5C(=O)OCc15,CHEMBL2441422,,4.40
COc1c(F)c(ccc1n2cnc(C)c2)c3cn(nn3)[C@H]4CCc5c(F)cccc5N(CC(F)(F)F)C4=O,CHEMBL3608387,,5.48
COc1c(F)cccc1CC(N2CCNCC2)c3ccccc3,CHEMBL1086273,,4.68
COc1c(N2C[C@@H]3CCCN[C@@H]3C2)c(F)cc4C(=O)C(=CN(C5CC5)c14)C(=O)O,CHEMBL32,,4.10
COc1c(N2CC[C@@H](CN)C2)c(F)cc3C(=O)C(=CN(C4CC4)c13)C(=O)O,CHEMBL231315,,4.62
COc1c(O)c(O)cc2c3C(=O)Oc4ccc(C)cc4c3oc12,CHEMBL1532186,4.60,
COC1C(OC(=O)C(C)C)[C@]2(C)C(OC(=O)\C(=C(/OC)\C(C)C)\C2[C@@]34OC5(C)OC67CC(C)(C(CC(=O)OC)[C@]6(C)[C@@]13O5)C(OC(=O)C)[C@@]7(OC)C4OC)c8cocc8,CHEMBL1356780,5.60,
COC1C[C@@H](O[C@H]2C(C)C(OC3OC(C)CC(C3O)N(C)C)C(C)C[C@]4(CO4)C(=O)C(C)C(O)C(C)C(C)OC(=O)C2C)OC(C)[C@@H]1O.OP(=O)(O)O,CHEMBL1514661,5.20,
COc1c2C(=O)C=C(C)Oc2cc3occc13,CHEMBL45176,5.50,
COc1c2C[C@@H](Oc2nc3ccccc13)[C@@](C)(O)CO,CHEMBL1552847,5.90,
COc1c2C=CC(=O)Oc2cc3occc13,CHEMBL24171,5.00,
COc1c2C=CC(C)(C)Oc2cc3OC=C(C(=O)c13)c4ccc5OCOc5c4,CHEMBL1403041,5.60,
COc1c2OC(=O)C=Cc2c(OC)c3ccoc13,CHEMBL140796,5.70,
COc1cc(\C=C(/C#N)\C(=O)c2ccc(O)c(O)c2)cc(I)c1O,CHEMBL1257003,4.90,
COc1cc(\C=C(/C#N)\C(=O)N)cc(CSc2nc3ccccc3s2)c1O,CHEMBL118109,5.40,
COc1cc(\C=C(/C#N)\c2nc3CCC(C)Cc3s2)ccc1O,CHEMBL1461573,4.60,
COc1cc(\C=C(\C#N)/c2nc3ccccc3[nH]2)ccc1OCC(=O)Nc4ccccc4C,CHEMBL1597580,5.90,
COc1cc(\C=C/2\C(=N)N3C=CSC3=NC2=O)ccc1OCCCOc4ccccc4C,CHEMBL1543038,4.80,
COc1cc(\C=C\2/CC\C(=C/c3cc(OC)c(O)c(OC)c3)\C2=O)cc(OC)c1O,CHEMBL498373,4.42,
COc1cc(\C=C\2/CCCN([C@@H](C)c3ccc(F)cc3)C2=O)ccc1n4cnc(C)c4,CHEMBL1224151,,5.92
COc1cc(\C=C\2/CCCN3C2=NOC3(C)c4ccc(F)cc4)ccc1n5cnc(C)c5,CHEMBL1950433,,6.13
COc1cc(\C=C\2/SC(=O)NC2=O)ccc1Oc3ccc(cc3Br)C(F)(F)F,CHEMBL1671967,5.42,
COc1cc(\C=C\2/SC(=O)NC2=O)ccc1Oc3ccccc3C(F)(F)F,CHEMBL1671972,5.72,
COc1cc(\C=C\2/SC(=S)N(Nc3ccccc3)C2=O)cc(OC)c1OC,CHEMBL1444164,4.80,
COc1cc(\C=C\C(=C\C(=O)\C=C\c2ccc(O)c(OC)c2)\O)ccc1O,CHEMBL116438,4.60,
COc1cc(\C=C\C(=O)\C=C\c2cc(OC)c(O)c(OC)c2)cc(OC)c1O,CHEMBL493001,4.88,
COc1cc(\C=C\C(=O)c2cccs2)cc(OC)c1OC,CHEMBL1590450,5.50,
COc1cc(\C=C\C(=O)CC(=O)\C=C\c2ccc(O)c(OC)c2)ccc1O,CHEMBL140,4.80,
COc1cc(\C=C\C(=O)n2c(SCC=C)nc3ccccc23)cc(OC)c1OC,CHEMBL1546843,5.10,
COc1cc(\C=C\C(=O)N2CCC=CC2=O)cc(OC)c1OC,CHEMBL465843,7.30,
COc1cc(\C=C\C2=Nc3cc(ccc3C(=O)N2)C(F)(F)F)ccc1n4cnc(C)c4,CHEMBL1642180,,6.06
COc1cc(\C=C\C2=Nc3sc4CCCc4c3C(=O)N2)ccc1n5cnc(C)c5,CHEMBL1642183,,5.33
COc1cc(\C=C\c2nc(N)c3c(oc4ccccc34)n2)ccc1n5cnc(C)c5,CHEMBL1642189,,6.29
COc1cc(\C=C\c2nc(N)c3c4CCCCCc4sc3n2)ccc1n5cnc(C)c5,CHEMBL1642191,,6.41
COc1cc(\C=C\c2nc(N)nc(Nc3ccccc3)n2)ccc1n4cnc(C)c4,CHEMBL1642187,,6.52
COc1cc(\C=C\c2nc(NCc3ccccc3)c4c5CCCc5sc4n2)ccc1n6cnc(C)c6,CHEMBL1642190,,5.95
COc1cc(\C=C\c2nc3ccccc3[nH]2)ccc1n4cnc(C)c4,CHEMBL1642173,,6.17
COc1cc(\C=N/Nc2ccc(cc2)[N+](=O)[O-])ccc1OCC(=O)Nc3ccc(C)c(C)c3,CHEMBL1995904,5.40,
COc1cc(\C=N\NC(=O)c2cccnc2)ccc1OC(=O)c3ccc4OCOc4c3,CHEMBL3214600,5.90,
COc1cc(\C=N\Nc2snc(SC)c2C#N)cc(OC)c1OC,CHEMBL3190830,5.10,
COc1cc(C#N)c2C=CC(=O)N(CCN3CCC(CC3)NCc4cnc(C)c(c4)C#N)c2c1,CHEMBL3286436,,5.60
COc1cc(C(=O)NCCC(C)C)c(cc1OC)[N+](=O)[O-],CHEMBL1518589,4.80,
COc1cc(c(O)cc1C(C)(C)C)C(C)(C)C,CHEMBL1600347,4.90,
COc1cc(C)c2C(=O)C=C(Oc2c1)c3ccccc3,CHEMBL1591080,4.90,
COc1cc(C)c2C(=O)Oc3c(C)c(O)c4C(=O)OC(O)c4c3Oc2c1C=O,CHEMBL173530,4.90,
COc1cc(C)c2nc3[nH]nc(C)c3c(C(C#N)c4ccccc4)c2c1,CHEMBL1950080,4.70,
COc1cc(C)c2nc3[nH]nc(C)c3c(C(O)c4ccnc(F)c4)c2c1,CHEMBL1949939,5.38,
COc1cc(C)c2nc3[nH]nc(C)c3c(C(O)c4occn4)c2c1,CHEMBL1949940,5.11,
COc1cc(C)c2ncc(F)c(CCC34CCC(CC3)(CO4)NCc5ccc6OCC(=O)Nc6n5)c2n1,CHEMBL3422953,,8.54
COc1cc(C)nc(n1)N2CCCC(C2)C(=O)Nc3cc(Cl)ccc3OC,CHEMBL1320750,5.15,
COc1cc(C)nc(Nc2cc(N[C@@H]3CCCC[C@@H]3N)cnc2C(=O)N)c1,CHEMBL3415593,,5.77
COc1cc(C[C@@H](CO)[C@H](CO)Cc2ccc(O)c(OC)c2)ccc1O,CHEMBL368347,4.33,
COc1cc(C[C@@H]2[C@@H](Cc3cc(OC)c4OCOc4c3)CO[C@@H]2O)cc(OC)c1OC,CHEMBL482233,6.08,
COc1cc(C[C@@H]2[C@@H](Cc3ccc4OCOc4c3)COC2=O)cc(OC)c1OC,CHEMBL471067,6.75,
COc1cc(C[C@@H]2C[S+]([O-])C[C@H](NCc3cccc(c3)C(C)(C)C)[C@H]2O)cc(F)c1N,CHEMBL2425610,6.52,
COc1cc(C[C@@H]2COC(=O)[C@H]2Cc3cc(OC)c(O)c(OC)c3)ccc1O,CHEMBL469917,5.96,
COc1cc(C[C@H]2CO[C@@H]([C@H]2CO)c3ccc(O)c(O)c3)ccc1O,CHEMBL1668114,4.07,
COc1cc(C=C(C#N)C#N)cc(O)c1O,CHEMBL80155,5.00,
COc1cc(CC(=O)N2CCOCC2)ccc1Nc3ncc(Cl)c(n3)c4cnc5ccccn45,CHEMBL1809056,,5.06
COc1cc(CC(=O)Nc2cc(nc(n2)c3ccccn3)n4nc(C)cc4C)cc(OC)c1,CHEMBL403525,5.89,
COc1cc(CC(C)N2CCN(CCc3ccc4C(=O)OCc4c3C)CC2)ccc1C#N,CHEMBL3612802,,5.89
COc1cc(cc(COCC2(CCN(C)CC2)c3ccc(F)cc3)n1)C(F)(F)F,CHEMBL2333632,,5.00
COc1cc(cc(O)c1OC)C2=COc3cc(OCc4ccccc4)c(OC)c(O)c3C2=O,CHEMBL1486474,4.80,
COc1cc(cc(OC)c1O)[C@H]2[C@H]3[C@@H](COC3=O)[C@H](O[C@@H]4O[C@H]5CO[C@@H](C)O[C@@H]5[C@@H](O)[C@H]4O)c6cc7OCOc7cc26,CHEMBL1324854,4.60,
COc1cc(cc(OC)c1O)C2C3C(COC3=O)C(O)c4cc5OCOc5cc24,CHEMBL1514122,5.20,
COc1cc(cc(OC)c1O)C2C3C(COC3=O)C(O[C@@H]4OC5COC(OC5C(O)C4O)c6cccs6)c7cc8OCOc8cc27,CHEMBL1397089,5.20,
COc1cc(cc(OC)c1O)C2C3C(COC3=O)C(OC4OC5COC(C)O[C@@H]5C(O)C4O)c6cc7OCOc7cc26,CHEMBL1337881,4.40,
COc1cc(cc(OC)c1OC)[C@H]2[C@@H]3[C@H](COC3=O)[C@@H](O)c4cc5OCOc5cc24,CHEMBL61,5.70,
COc1cc(cc(OC)c1OC)C(=O)N2CCC(CNC(=O)CCCCC(c3ccc(F)cc3)c4ccc(F)cc4)C2,CHEMBL2031996,,6.13
COc1cc(cc(OC)c1OC)C(=O)Nc2cc(ccc2Cl)C(F)(F)F,CHEMBL1418130,4.80,
COc1cc(cc(OC)c1OC)C(=O)Nc2ccc(cc2)c3oc(nn3)c4occc4,CHEMBL1491193,5.15,
COc1cc(cc(OC)c1OC)C(=O)OCC(=O)Nc2cc(C)on2,CHEMBL1511209,4.80,
COc1cc(cc(OC)c1OC)C2C(=C(N)Oc3cc(O)ccc23)C#N,CHEMBL1403937,5.35,
COc1cc(cc(OC)c1OC)c2cc(nc(SCC(=O)Nc3nccs3)c2C#N)c4ccccc4,CHEMBL1344533,5.75,
COc1cc(cc(OC)c1OC)c2nnc(SC\C=C\c3ccccc3)n2N,CHEMBL1734210,4.50,
COc1cc(cc(OC)c1OC)c2oc(SCC(=O)Nc3ccc4OCCOc4c3)nn2,CHEMBL1299867,5.05,
COc1cc(cc(OC)c1OC)c2oc(SCC3(OCCO3)c4ccc(Br)cc4)nn2,CHEMBL1425640,4.90,
COc1cc(cc(OC)c1OC)c2oc(SCC3(OCCO3)c4ccccc4)nn2,CHEMBL1503625,5.35,
COc1cc(CC=C)c(OC)c2OCOc12,CHEMBL1560118,5.10,
COc1cc(CC=C)ccc1O,CHEMBL42710,5.40,
COc1cc(CC=C)ccc1OC(=O)c2ccccc2,CHEMBL264141,5.30,
COc1cc(CC=C)ccc1OCCOCCOc2ccc(C)cc2[N+](=O)[O-],CHEMBL1329562,5.75,
COc1cc(ccc1c2nc3c(N[C@@H]4[C@@H]5C[C@@H](C=C5)[C@@H]4C(=O)N)c(Cl)cnc3[nH]2)N6CCC(CC6)N7CCOCC7,CHEMBL3218856,4.85,
COc1cc(ccc1c2nc3c(N[C@@H]4[C@@H]5C[C@@H](C=C5)[C@@H]4C(=O)N)c(Cl)cnc3[nH]2)N6CCOCC6,CHEMBL3218854,5.27,
COc1cc(ccc1Cl)N2CCN(CC2)C(=O)Cn3nc(c(Cl)c3C)C(F)(F)F,CHEMBL2322875,,4.80
COc1cc(ccc1CN2CCC(CC2)NC(=O)C3=CC(=O)c4ccc(F)cc4O3)C(=O)NCCN5CCCC5,CHEMBL246259,,5.18
COc1cc(ccc1F)N2CCC3CN(CCCSc4nnc(c5cnccn5)n4C)CC23,CHEMBL3775753,,6.40
COc1cc(ccc1N)C(=O)NC[C@@H](O)CN2CCC(CC2)Oc3ccc(Cl)c(Cl)c3,CHEMBL2208427,,6.60
COc1cc(ccc1N)c2ccc(N)c(OC)c2,CHEMBL398363,4.90,
COc1cc(ccc1n2cnc(C)c2)c3cn(CC(=O)N(C4CCCCC4)C5CCCCC5)nn3,CHEMBL2017417,,5.86
COc1cc(ccc1n2cnc(C)c2)c3cn(CC(=O)N(CC(F)(F)F)c4ccc5CCCc5c4)nn3,CHEMBL2017564,,5.83
COc1cc(ccc1n2cnc(C)c2)c3cn(CC(=O)N(CC(F)(F)F)c4ccc5ccccc5c4)nn3,CHEMBL2017566,,6.20
COc1cc(ccc1n2cnc(C)c2)c3cn(CC(=O)N(CC(F)(F)F)c4cccc5ccccc45)nn3,CHEMBL2017567,,6.10
COc1cc(ccc1n2cnc(C)c2)c3cn(CC(=O)N(Cc4ccccc4)Cc5ccccc5)nn3,CHEMBL2017414,,6.06
COc1cc(ccc1n2cnc(C)c2)c3cn(CC(=O)N4CCC(CC4)c5oc6ccccc6n5)nn3,CHEMBL2017562,,4.99
COc1cc(ccc1n2cnc(C)c2)c3cn(CC(=O)NC4C5CC6CC(CC4C6)C5)nn3,CHEMBL2017412,,5.40
COc1cc(ccc1n2cnc(C)c2)c3cn(Cc4cc(Br)cc(Br)c4)nn3,CHEMBL1818827,,7.00
COc1cc(ccc1n2cnc(C)c2)c3cn(Cc4ccc(F)cc4)nn3,CHEMBL1818823,,5.66
COc1cc(ccc1n2cnc(C)c2)c3cn(Cc4cccc(c4)C(F)(F)F)nn3,CHEMBL1818824,,5.90
COc1cc(ccc1n2cnc(C)c2)c3cn(Cc4cccc(F)c4)nn3,CHEMBL1818822,,5.57
COc1cc(ccc1n2cnc(C)c2)c3cn(nn3)[C@H]4C[C@H](C)c5ccccc5N(CC(F)(F)F)C4=O,CHEMBL3609633,,5.18
COc1cc(ccc1n2cnc(C)c2)c3cn(nn3)[C@H]4C[C@H](CN(CC(F)(F)F)C4=O)C(F)(F)F,CHEMBL2017583,,4.88
COc1cc(ccc1n2cnc(C)c2)c3cn(nn3)[C@H]4CCc5c(F)cccc5N(CC(F)(F)F)C4=O,CHEMBL3609749,,5.54
COc1cc(ccc1n2cnc(C)c2)c3cn(nn3)C4(C)CCc5ccccc5N(CC(F)(F)F)C4=O,CHEMBL3608322,,5.22
COc1cc(ccc1n2cnc(C)c2)c3cn(nn3)C4CC(CCNC4=O)[Si](C)(C)C,CHEMBL2017574,,5.20
COc1cc(ccc1n2cnc(C)c2)c3cn(nn3)C4CC[C@H]5CCCC[C@@H]5NC4=O,CHEMBL2017573,,4.68
COc1cc(ccc1n2cnc(C)c2)c3cn(nn3)C4CCc5c(F)cc(F)cc5N(CC(F)(F)F)C4=O,CHEMBL3609638,,5.74
COc1cc(ccc1n2cnc(C)c2)c3cn(nn3)C4CCc5c(F)cccc5N(CC(F)(F)F)C4=O,CHEMBL3609637,,4.89
COc1cc(ccc1n2cnc(C)c2)c3cn(nn3)C4CCc5cc(F)ccc5N(CC(F)(F)F)C4=O,CHEMBL3609636,,5.57
COc1cc(ccc1n2cnc(C)c2)c3cn(nn3)C4CCc5ccccc5N(CC(F)(F)F)C4=O,CHEMBL3609626,,5.45
COc1cc(ccc1n2cnc(C)c2)c3cn(nn3)C4CCc5ccccc5N(CC(F)F)C4=O,CHEMBL3609625,,5.05
COc1cc(ccc1n2cnc(C)c2)c3cn(nn3)C4CCc5ccccc5N(CC6(C)COC6)C4=O,CHEMBL3609632,,4.74
COc1cc(ccc1n2cnc(C)c2)c3cn(nn3)C4CCc5ccccc5N(CC6CC6)C4=O,CHEMBL3609627,,5.80
COc1cc(ccc1n2cnc(C)c2)c3cn(nn3)C4CCc5ccccc5N(Cc6ccccc6)C4=O,CHEMBL3609628,,6.00
COc1cc(ccc1n2cnc(C)c2)c3cn(nn3)C4CCc5ccccc5N(Cc6cccnc6)C4=O,CHEMBL3609631,,5.35
COc1cc(ccc1n2cnc(C)c2)c3cn(nn3)C4CCc5ccccc5N(Cc6ccncc6)C4=O,CHEMBL3609630,,5.21
COc1cc(ccc1n2cnc(C)c2)c3cn(nn3)C4CCc5ccccc5N(CCF)C4=O,CHEMBL3609624,,5.49
COc1cc(ccc1n2cnc(C)c2)c3cn(nn3)C4CCc5ccccc5NC4=O,CHEMBL3609622,,4.75
COc1cc(ccc1n2cnc(C)c2)c3cn(nn3)C4CSc5ccccc5N(CC(F)(F)F)C4=O,CHEMBL3609634,,5.32
COc1cc(ccc1n2cnc(C)c2)c3nc4[C@@H](CCCn4n3)c5ccccc5C(F)(F)F,CHEMBL2415097,7.00,
COc1cc(ccc1n2cnc(C)c2)c3nc4[C@@H](OCCn4n3)c5ccccc5C(F)(F)F,CHEMBL2415098,5.96,
COc1cc(ccc1NC(=O)CCCOc2cccc(C)c2)[N+](=O)[O-],CHEMBL1352779,5.30,
COc1cc(ccc1Nc2ncc(Cl)c(n2)c3cnc4ccccn34)C(=O)N5CCOCC5,CHEMBL1809055,,5.57
COc1cc(ccc1Nc2ncc(Cl)c(n2)c3cnc4ccccn34)C5CCN(CC5)C(=O)C,CHEMBL1809045,,4.92
COc1cc(ccc1Nc2ncc(Cl)c(n2)c3cnc4ccccn34)N5CC6CNCC(C5)O6,CHEMBL1809058,,5.28
COc1cc(ccc1Nc2ncc(Cl)c(n2)c3cnc4ccccn34)N5CC6COCC(C5)N6,CHEMBL1809060,,5.00
COc1cc(ccc1Nc2ncc(Cl)c(n2)c3cnc4ccccn34)N5CCN(CC5)C(=O)[C@H](C)N,CHEMBL1809074,,5.03
COc1cc(ccc1Nc2ncc(Cl)c(n2)c3cnc4ccccn34)N5CCN(CC5)C(=O)CN,CHEMBL1809072,,4.80
COc1cc(ccc1Nc2ncc(Cl)c(n2)c3cnc4ccccn34)N5CCN(CCO)CC5,CHEMBL1809062,,5.43
COc1cc(ccc1Nc2ncc(Cl)c(n2)c3cnc4ccccn34)N5CCOCC5,CHEMBL1809053,,5.50
COc1cc(ccc1NS(=O)(=O)c2ccc(cc2)C(C)C)[C@]34CNC[C@H]3C4,CHEMBL1224699,,5.90
COc1cc(ccc1O)[C@@H]2Oc3cc(ccc3O[C@H]2CO)[C@H]4Oc5cc(O)cc(O)c5C(=O)[C@H]4O,CHEMBL1551617,4.90,
COc1cc(ccc1O)[C@@H]2Oc3cc(CCCO)ccc3O[C@H]2CO,CHEMBL1668115,4.27,
COc1cc(ccc1O)[C@H](O)[C@H]2CO[C@@H]([C@H]2CO)c3ccc(O)c(OC)c3,CHEMBL1668112,4.18,
COc1cc(ccc1O)[C@H](O)CO,CHEMBL1553353,7.50,
COc1cc(ccc1O)C2=C(O)C(=O)c3ccc(O)cc3O2,CHEMBL509256,5.00,
COc1cc(ccc1O)C2NC(=O)NC(O)(C2C(=O)c3ccc(Cl)cc3)C(F)(F)F,CHEMBL1352188,4.80,
COc1cc(ccc1O)c2nc3ccccn3c2\N=C\c4ccccc4,CHEMBL3189225,5.15,
COc1cc(ccc1OC(C)C)C2N(Cc3occc3)C(=O)CN(C4CCCC4)C2=O,CHEMBL1404295,5.05,
COc1cc(ccc1OCC(=O)Nc2ccccc2C)C3C(=C(N)Oc4c3ccc5ccccc45)C#N,CHEMBL1607837,5.65,
COc1cc(ccc1OCc2cccc(F)c2)C3C(=C(N)N(Nc4ccccc4)C5=C3C(=O)CC(C)(C)C5)C#N,CHEMBL1481348,5.60,
COc1cc(ccc1OCCN2CCCC2)N3C=CN=C(CCCc4ccccc4)C3=O,CHEMBL470840,,5.14
COc1cc(ccc1OCCN2CCCC2)N3C=CN=C(NCCc4ccccc4)C3=O,CHEMBL470633,,5.21
COc1cc(ccc1OCCN2CCCC2)N3C=Nn4cc(cc4C3=O)c5ccc(Cl)cc5,CHEMBL3618324,,5.26
COc1cc(ccc1OCCN2CCCC2)N3Cc4ccc(Sc5ccc(F)cc5)nc4C3=O,CHEMBL2337725,,4.60
COc1cc(ccn1)[C@@H]2CC[C@H](CC2)N3CC(C3)NC(=O)CNC(=O)c4cccc(c4)C(F)(F)F,CHEMBL1829621,,5.21
COc1cc(ccn1)C2=NC(C(=C(C)N2)C(=O)Nc3cc4cn[nH]c4cc3F)c5ccc(Cl)cc5F,CHEMBL485612,5.28,
COc1cc(ccn1)c2cc3sc(nc3cn2)N4CCC(CC4)N5CCCCC5,CHEMBL575022,,6.01
COc1cc(ccn1)c2cnc3nc(sc3c2)N4CCC(CC4)N5CCCCC5,CHEMBL573034,,6.69
COc1cc(CCN2CCN(CC(F)c3ccc4C(=O)OCc4c3C)CC2)ccc1C#N,CHEMBL3612798,,5.62
COc1cc(CCN2CCN(CC(O)c3ccc4C(=O)OCc4c3C)CC2)ccc1C#N,CHEMBL3612799,,5.05
COc1cc(CCN2CCN(CCc3ccc4C(=O)OCc4c3C)CC2)ccc1C#N,CHEMBL3612796,,5.68
COc1cc(Cl)c(CC(=O)c2c[nH]c3ccccc23)cc1OC,CHEMBL1321660,5.60,
COc1cc(Cl)ccc1O[C@H]([C@@H]2CNCCO2)c3ccccc3,CHEMBL260259,,5.48
COc1cc(CN2CCC(CNCCCCCC(c3ccc(F)cc3)c4ccc(F)cc4)C2)cc(OC)c1OC,CHEMBL2031998,,7.00
COc1cc(CN2CCN(CC2)C(=O)COc3ccccc3)cc(OC)c1OC,CHEMBL1519856,4.65,
COc1cc(CN2CCOCC2)ccc1Nc3ncc(Cl)c(n3)c4cnc5ccccn45,CHEMBL1809054,,5.00
COc1cc(CNC(=O)CC2(C)CC3(CCCCC3)OO2)cc(OC)c1,CHEMBL579199,5.77,
COc1cc(CNCC2CCN(CCCCCC(c3ccc(F)cc3)c4ccc(F)cc4)C2)cc(OC)c1OC,CHEMBL2031983,,7.40
COc1cc(COc2cc(N)c(Cl)cc2C(=O)CCC3CCN(CCNS(=O)(=O)C)CC3)cc(OC)c1,CHEMBL66114,5.70,
COc1cc(F)ccc1c2cccc(CNC3CCCC3)c2,CHEMBL1779004,,5.67
COc1cc(F)ccc1c2cccc(CNC3CCCC3)n2,CHEMBL1779005,,5.21
COc1cc(F)ccc1c2cncc(CNC(=O)C3CCC3)c2,CHEMBL1779016,,4.73
COc1cc(F)ccc1c2cncc(CNC(=O)c3ccccc3)c2,CHEMBL1779014,,4.73
COc1cc(F)ccc1c2cncc(CNC(=O)c3cnccn3)c2,CHEMBL1779012,,5.15
COc1cc(F)ccc1c2cncc(CNC(C)C)c2,CHEMBL1779008,,5.18
COc1cc(F)ccc1c2cncc(CNC3CCCC3)c2,CHEMBL1779003,,5.72
COc1cc(F)ccc1c2cncc(CNC3CCCCC3)c2,CHEMBL1779007,,5.66
COc1cc(F)ccc1c2cncc(NC3CCCOC3)c2,CHEMBL1779011,,5.03
COc1cc(N(C)CCN(C)C)c(NC(=O)C=C)cc1Nc2ncc(C)c(n2)c3cn(C)c4ccccc34,CHEMBL3353409,,4.81
COc1cc(N(C)CCN(C)C)c(NC(=O)C=C)cc1Nc2ncc(Cl)c(n2)c3cnn4ccccc34,CHEMBL3353404,,5.17
COc1cc(N(C)CCN(C)C)c(NC(=O)C=C)cc1Nc2nccc(n2)c3c[nH]c4ccccc34,CHEMBL3353411,,4.76
COc1cc(N)[nH]c2nc(c3ccc(F)cc3)c(c4ccncc4)c12,CHEMBL115769,6.00,
COc1cc(N)c(Cl)cc1C(=O)CCC2CCN(CCNS(=O)(=O)C)CC2,CHEMBL83899,4.80,
COc1cc(N)c(Cl)cc1C(=O)NC2CCN(Cc3ccccc3)CC2.OC(=O)\C=C/C(=O)O,CHEMBL1599248,4.90,
COc1cc(N[C@@H](C)CCCN)c2ncccc2c1,CHEMBL249843,4.90,
COc1cc(N=Nc2cccc(c2)S(=O)(=O)N)c3ccccc3c1N,CHEMBL1434821,5.50,
COc1cc(N2CCN(C)CC2)c(NC(=O)C=C)cc1Nc3ncc(Cl)c(n3)c4cnn5ccccc45,CHEMBL2426277,,5.15
COc1cc(N2CCN(C)CC2)c(NC(=O)C=C)cc1Nc3nccc(n3)c4c[nH]c5ccccc45,CHEMBL2426279,,5.04
COc1cc(NC(=O)C[C@@]2(C)C[C@@H]([C@H](N([C@H](CS(=O)(=O)C(C)(C)C)C3CC3)C2=O)c4ccc(Cl)c(F)c4)c5cccc(Cl)c5)ccc1C(=O)O,CHEMBL3407575,9.48,
COc1cc(NC(=O)c2ccc(COCC(F)(F)F)cc2)cc(OC)c1OC,CHEMBL1449724,4.65,
COc1cc(NC(=O)c2ccccc2)c(OC)cc1NC(=O)CN3CCN(CC3)c4ccccn4,CHEMBL1491137,4.90,
COc1cc(NC(=O)c2ccccc2F)ccc1c3oc(NCCCN4CCOCC4)nn3,CHEMBL2023926,,4.80
COc1cc(NC(=O)C2CCN(CC2)S(=O)(=O)c3cccc4nonc34)cc(OC)c1,CHEMBL1522579,5.50,
COc1cc(NC(=O)CCCC#CC)nc(OC)n1,CHEMBL1727976,4.85,
COc1cc(nc(C)c1C#N)C(O)CN2CCN(C[C@H](O)c3ccc4C(=O)OCc4c3C)CC2,CHEMBL3612925,,4.80
COc1cc(Nc2cc(ccn2)c3cccc(c3)C#N)ccc1N4CCN(C)CC4,CHEMBL2312142,,5.89
COc1cc(ncc1C#N)[C@H](O)CN2CCN(C[C@H](O)c3ccc4C(=O)OCc4c3C)CC2,CHEMBL3612809,,4.75
COc1cc(ncc1C#N)C(O)CN2CCN(CCc3ccc4C(=O)OCc4c3C)CC2,CHEMBL3612806,,5.19
COc1cc(NCc2cc(Br)c(OCC=C)c(OC)c2)ccc1NC(=O)C(C)C,CHEMBL1413367,5.45,
COc1cc(ncn1)N2C(=O)N(C(=O)C23CCN(Cc4ncccc4C)CC3)c5ccc(cc5)c6ccc(C(=O)O)c(C)c6,CHEMBL2043326,,4.64
COc1cc(ncn1)N2C(=O)N(C(=O)C23CCN(Cc4ncccc4C)CC3)c5ccc(cc5)c6ccc(C(=O)O)c(Cl)c6,CHEMBL2043172,,5.24
COc1cc(ncn1)N2C(=O)N(C(=O)C23CCN(Cc4ncccc4C)CC3)c5ccc(cc5)c6ccc(cc6)C(=O)N,CHEMBL2041177,,6.19
COc1cc(ncn1)N2C(=O)N(C(=O)C23CCN(Cc4ncccc4C)CC3)c5ccc(cc5)c6ccc(cc6)C(=O)N(C)C,CHEMBL2041179,,5.05
COc1cc(ncn1)N2C(=O)N(C(=O)C23CCN(Cc4ncccc4C)CC3)c5ccc(cc5)c6ccc(cc6C)C(=O)O,CHEMBL2043325,,4.89
COc1cc(ncn1)N2C(=O)N(C(=O)C23CCN(Cc4ncccc4C)CC3)c5ccc(cc5)c6ccc(cc6F)C(=O)O,CHEMBL2043324,,4.27
COc1cc(ncn1)N2C(=O)N(C(=O)C23CCN(Cc4ncccc4C)CC3)c5ccc(cc5)c6ccc(s6)C(=O)O,CHEMBL2041010,,4.92
COc1cc(ncn1)N2C(=O)N(C(=O)C23CCN(Cc4ncccc4C)CC3)c5ccc(cc5)c6ccc7[nH]ncc7c6,CHEMBL2041173,,5.33
COc1cc(ncn1)N2C(=O)N(C(=O)C23CCN(Cc4ncccc4C)CC3)c5ccc(cc5)c6ccc7cn[nH]c7c6,CHEMBL2041172,,6.14
COc1cc(ncn1)N2C(=O)N(C(=O)C23CCN(Cc4ncccc4C)CC3)c5ccc(cc5)c6cccc(c6)C(=O)O,CHEMBL2043169,,5.16
COc1cc(ncn1)N2C(=O)N(C(=O)C23CCN(Cc4ncccc4C)CC3)c5ccc(cc5)c6csc(c6)C(=O)O,CHEMBL2041164,,5.10
COc1cc(ncn1)N2C(=O)N(C(=O)C23CCN(Cc4ncccc4C)CC3)c5ccc(nc5)c6ccc(cc6)C(=O)O,CHEMBL2041180,,4.34
COc1cc(O)c(C(=O)\C=C\c2ccccc2)c(OC)c1,CHEMBL104255,4.80,
COc1cc(O)c(C(=O)C)c(OC)c1,CHEMBL450288,4.60,
COc1cc(O)c2C(=O)C(=C(Oc2c1)c3ccc(O)c(O)c3)O,CHEMBL312163,4.40,
COc1cc(O)c2C(=O)C=C(C)Oc2c1CC=C(C)C,CHEMBL1355051,4.40,
COc1cc(O)c2C(=O)C=C(Oc2c1)c3ccccc3,CHEMBL164841,5.00,
COc1cc(O)cc(\C=C\c2ccccc2)c1,CHEMBL186366,4.50,
COc1cc(O)cc(OC)c1OC,CHEMBL1319047,4.50,
COc1cc(O)oc1\C=N\c2ccc(Cl)cc2,CHEMBL3213185,4.80,
COc1cc(OC)c(\C=C\C)cc1OC,CHEMBL333306,4.04,
COc1cc(OC)c(cc1OC)C2C(=C(C)Nc3ncnn23)C(=O)Nc4ccc(C)cc4C,CHEMBL1566647,5.05,
COc1cc(OC)c(Cl)c(NC(=O)N(C)c2cc(Nc3ccc(CCCN(C)C)cc3)ncn2)c1Cl,CHEMBL1834660,6.00,
COc1cc(OC)c(NC(=Nc2cccc(c2)C(=O)C)S)cc1Cl,CHEMBL1450373,5.30,
COc1cc(OC)c(OC)cc1CC(=O)C,CHEMBL481233,4.54,
COc1cc(OC)c2C(=O)C(=COc2c1)c3ccc4OCOc4c3,CHEMBL252721,5.20,
COc1cc(OC)c2C(=O)C(=COc2c1)c3ccccc3,CHEMBL308688,4.80,
COc1cc(OC)c2C(=O)c3c(OC)cc(OC)cc3C(=O)c2c1,CHEMBL1596088,5.45,
COc1cc(OC)c2C(=O)CC(Oc2c1)c3ccccc3,CHEMBL107131,4.90,
COc1cc(OC)c2C=CC(=O)Oc2c1,CHEMBL481049,4.50,
COc1cc(OC)c2cc(cnc2c1)c3ccncc3,CHEMBL68423,6.50,
COc1cc(OC)cc(c1)C(=O)NC(=S)NCCc2ccccc2,CHEMBL1574831,5.40,
COc1cc(OC)cc(c1)C(=O)NCC(=O)OC2CCOC2=O,CHEMBL1340380,4.60,
COc1cc(OC)cc(c1)C(=O)NCC2(CCN(Cc3ccccc3OC)CC2)C#N,CHEMBL1836146,,6.04
COc1cc(OC)nc(Oc2ccccc2C(=O)Oc3ccc(C)cc3)n1,CHEMBL1346850,4.85,
COc1cc(OC)nc(Oc2ccccc2C(=O)Oc3cccc(C)c3)n1,CHEMBL1303217,4.75,
COc1cc(OC2CCN(CC2)C(=O)C)ccc1Nc3ncc(Cl)c(n3)c4cnc5ccccn45,CHEMBL1809049,,5.00
COc1cc(OC2CCNCC2)ccc1Nc3ncc(Cl)c(n3)c4cnc5ccccn45,CHEMBL1809050,,5.32
COc1cc(OC2CNC2)ccc1Nc3ncc(Cl)c(n3)c4cnc5ccccn45,CHEMBL1809052,,5.23
COc1cc2C(=O)N(Cc3ccccc3C#N)C(=Nc2cc1F)N4CCC[C@@H](N)C4,CHEMBL375508,6.60,
COc1cc2C(=O)OCc2cc1CCN3CCN(CC3)C(=O)Cc4ccc(cc4)n5cnnn5,CHEMBL2441425,,5.25
COc1cc2c(C(=O)N3CCN(C)CC3)c(C)n(c4ccccc4)c2cc1Br,CHEMBL1460680,5.95,
COc1cc2C(C(N(C)C(=O)c2cc1OC)c3cccnc3)C(=O)Nc4ccc5OCCOc5c4,CHEMBL1387502,4.55,
COc1cc2C(C(N(C)C(=O)c2cc1OC)c3cccs3)C(=O)N4CCN(CC4)c5ccccn5,CHEMBL1327555,5.35,
COc1cc2c(C)c3N(C)CCc4cc(OC)c(OC)c(c2cc1OC)c34,CHEMBL1482953,4.80,
COc1cc2c(C[C@@H]3N(C)CCc4cc(O)c(OC)c2c34)cc1O,CHEMBL388342,4.80,
COc1cc2c(C[C@@H]3N(C)CCc4cc(OC)c(O)c2c34)cc1O,CHEMBL462880,4.70,
COc1cc2c(CC\C(=N/N3CCN(C)CC3)\C2(C)C)cc1Nc4ncc(Cl)c(Nc5ccccc5S(=O)(=O)C(C)C)n4,CHEMBL3785774,,4.62
COc1cc2c(CC3N(C)CCc4cc(O)c(OC)c2c34)cc1O,CHEMBL1321247,4.60,
COc1cc2c(CCNC(=O)C)c[nH]c2cc1Cl,CHEMBL34730,4.80,
COc1cc2c(CCNC(=O)C)c[nH]c2cc1O,CHEMBL127421,4.80,
COc1cc2c(NC3CCCCC3)c(cnc2cc1c4c(C)onc4C)C(=O)N,CHEMBL2017277,5.22,
COc1cc2c(Nc3ccccc3C(=O)c4ccccn4)c(cnc2cc1c5c(C)onc5C)C(=O)N,CHEMBL2017276,5.51,
COc1cc2c(Nc3ccccc3CCN4CCOCC4)c(cnc2cc1c5c(C)onc5C)C(=O)N,CHEMBL2017275,5.72,
COc1cc2c(Nc3ccccc3F)c(cnc2cc1c4c(C)onc4C)C(=O)N,CHEMBL2017273,5.33,
COc1cc2c(Nc3ccccc3N4CCOCC4)c(cnc2cc1c5c(C)onc5C)C(=O)N,CHEMBL2017279,5.82,
COc1cc2C=CC(=O)Oc2c(O)c1OCC=C(C)C,CHEMBL1327256,4.90,
COc1cc2c3N(C(=O)Nc3cnc2cc1c4c(C)onc4C)c5ccccc5C(C)(C)C,CHEMBL2017283,5.77,
COc1cc2c3N(C(=O)Nc3cnc2cc1c4c(C)onc4C)c5ccccc5OC(F)(F)F,CHEMBL2017284,5.70,
COc1cc2c3N(C(C)c4ccccc4)C(=O)Nc3cnc2cc1c5c(C)onc5C,CHEMBL2017287,5.70,
COc1cc2c3N(Cc4ccccn4)C(=O)Nc3cnc2cc1c5c(C)onc5C,CHEMBL2017286,4.89,
COc1cc2CC(=O)N([C@@H](c3ccc(Cl)cc3)c2cc1OC(C)C)c4ccc(cc4)N(C)C[C@@H]5CC[C@H](CC5)N6CCNC(=O)C6,CHEMBL3601397,4.95,4.80
COc1cc2CC(=O)N([C@@H](c3ccc(Cl)cc3)c2cc1OC(C)C)c4ccc(nc4)N(C)C[C@@H]5CC[C@H](CC5)N6CN(C)C(=O)C6,CHEMBL3601400,4.88,
COc1cc2CC(=O)NN=C(c3ccc(N)cc3)c2cc1OC,CHEMBL279218,4.90,
COc1cc2CC(C)(C)n3c(cc4nc5ccccc5nc34)c2cc1OC,CHEMBL1356775,4.60,
COc1cc2CC(CC3CCN(Cc4ccccc4)CC3)C(=O)c2cc1OC,CHEMBL502,4.26,5.70
COc1cc2CC[C@@H](Oc2c(c1)N3CCN(C)CC3)C(=O)Nc4ccc(cc4)N5CCOCC5,CHEMBL602875,,4.72
COc1cc2Cc3cc(OC)c(OC)cc3Cc4cc(OC)c(OC)cc4Cc2cc1OC,CHEMBL1416784,4.90,
COc1cc2CC3N(C)CCc4c(CO)c(OC)c(OC)c(c34)c2cc1OC,CHEMBL1560835,4.50,
COc1cc2cc3N(C)CCc4cc(OC)c(OC)c(c2cc1OC)c34,CHEMBL1412163,5.40,
COc1cc2ccc(cc2cc1OC)C(O)(C(C)C)c3c[nH]cn3,CHEMBL3264604,5.80,
COc1cc2ccc(cc2cc1OC)C(O)(C(C)C)c3c[nH]nn3,CHEMBL3264597,4.24,
COc1cc2ccc(cc2cc1OC)C(O)(C(C)C)c3cc[nH]n3,CHEMBL3264595,5.75,
COc1cc2ccc(cc2cc1OC)C(O)(C(C)C)c3ccncn3,CHEMBL3264603,4.75,
COc1cc2ccc(cc2cc1OC)C(O)(C(C)C)c3cn[nH]c3,CHEMBL3264596,4.57,
COc1cc2ccc(cc2cc1OC)C(O)(C(C)C)c3cncs3,CHEMBL3264599,6.11,
COc1cc2ccc(cc2cc1OC)C(O)(C(C)C)c3nc[nH]n3,CHEMBL3264598,4.00,
COc1cc2ccc(cc2cc1OC)C(O)(C(C)C)c3ocnc3,CHEMBL3264600,5.19,
COc1cc2CCN(C(=O)Nc3cc(F)cc(c3)c4cccnc4)c2cc1C(F)(F)F,CHEMBL14276,5.60,
COc1cc2CCN(C)[C@@H](C[C@H](O)c3ccc(Cl)cc3)c2cc1OC,CHEMBL197467,,6.40
COc1cc2CCN(C)[C@H](Cc3ccc(O)c(Oc4ccc(C[C@H]5N(C)CCc6cc(OC)c(OC)cc56)cc4)c3)c2cc1O,CHEMBL2216904,,5.02
COc1cc2CCN(C)[C@H](Cc3ccc(Oc4cc(C[C@H]5N(C)CCc6cc(OC)c(OC)cc56)ccc4O)cc3)c2cc1OC,CHEMBL442717,,4.80
COc1cc2CCN(C)[C@H]3Cc4cc(OC)c(OC)cc4c(c1O)c23,CHEMBL1397308,5.10,
COc1cc2CCN(CC(=O)Nc3ccc4OCOc4c3)Cc2cc1OC,CHEMBL1308726,5.45,
COc1cc2CCN(Cc2cc1OC)C(=Nc3ccccc3)S,CHEMBL1379706,4.90,
COc1cc2CCN=C(CCN)c2cc1OC,CHEMBL1374028,5.40,
COc1cc2CCN3Cc4c(C[C@@H]3c2cc1O)ccc(OC)c4O,CHEMBL1395394,4.90,
COc1cc2CCN3Cc4c(CC3c2cc1OC)ccc(OC)c4OC,CHEMBL187892,4.50,
COc1cc2ccnc(Oc3ccc(F)cc3)c2cc1OC,CHEMBL3298322,5.72,
COc1cc2N(C)C(=O)CCc2cc1c3cccnc3,CHEMBL2165315,4.05,
COc1cc2N=C(N3CCC[C@@H](N)C3)N(Cc4ccccc4C#N)C(=O)c2cc1OC,CHEMBL227089,6.30,
COC1CC2N3CC(O)C2(C=C1)c4cc5OCOc5cc4C3,CHEMBL1551610,4.40,
COc1cc2nc([nH]c2cc1Cl)[C@@H](CNC(=O)c3c(Cl)cc(cc3Cl)n4cnc(C)n4)c5cccc(F)c5,CHEMBL3627894,4.48,4.96
COc1cc2nc(nc(C)c2cc1OC)N(C)CCCNC(=O)C3CCCO3,CHEMBL1671906,,4.08
COc1cc2nc(nc(N)c2cc1OC)N(C)CCCNC(=O)C3CCCO3,CHEMBL709,,4.70
COc1cc2nc(nc(N)c2cc1OC)N3CCN([C@@H](C3)C(=O)NC(C)(C)C)C(=O)OCc4ccccc4,CHEMBL19476,5.40,
COc1cc2nc(nc(N)c2cc1OC)N3CCN(CC3)C(=O)[C@@H]4COc5ccccc5O4.CS(=O)(=O)O,CHEMBL1553700,5.30,
COc1cc2nc(nc(N)c2cc1OC)N3CCN(CC3)C(=O)C4CCCO4,CHEMBL611,,4.75
COc1cc2nc(nc(N)c2cc1OC)N3CCN(CC3)C(=O)C4COc5ccccc5O4,CHEMBL707,,5.66
COc1cc2nc(nc(N)c2cc1OC)N3CCN(CC3)C(=O)c4occc4,CHEMBL2,4.90,4.62
COc1cc2ncc(F)c(CCC34CCC(CC3)(CO4)NCc5ccc6OCC(=O)Nc6n5)c2nc1OC,CHEMBL3421646,,7.86
COc1cc2nccc(CCC34CCC(CC3)(CO4)NCc5ccc6OCC(=O)Nc6n5)c2nc1OC,CHEMBL3422964,,8.85
COc1cc2nccc(Oc3ccc4c(cccc4c3)C(=O)Nc5cccnc5)c2cc1OC,CHEMBL406388,5.70,
COc1cc2nccc(Oc3ccc4c(cccc4c3)C(=O)Nc5ccncc5)c2cc1OC,CHEMBL272693,7.00,
COc1cc2nccc(Oc3ccc4c(cccc4c3)C(=O)Nc5onc(C)c5)c2cc1OC,CHEMBL270978,4.40,
COc1cc2ncnc(Nc3cccc(Cl)c3)c2cc1OC,CHEMBL7917,5.50,
COc1cc2nnc(C(=O)N)c(Nc3ccc(C)cc3F)c2cc1C4CCN(CC4)C(C)C,CHEMBL2409409,,4.96
COc1cc2nnc(C(=O)N)c(Nc3ccc(C)cc3F)c2cc1N4C[C@@H](C)N[C@@H](C)C4,CHEMBL2409399,,4.70
COc1cc2nnc(C(=O)N)c(Nc3ccc(C)cc3F)c2cc1N4CCC(CC4)N(C)C,CHEMBL2409400,,4.68
COc1cc2nnc(C(=O)N)c(Nc3ccc(C)cc3F)c2cc1N4CCCN(C)CC4,CHEMBL2409398,,5.22
COc1cc2nnc(C(=O)N)c(Nc3ccc(C)cc3F)c2cc1N4CCN(CC4)C(C)C,CHEMBL2409397,,4.77
COc1cc2nnc(C(=O)N)c(Nc3ccc(C)cc3F)c2cc1N4CCS(=O)(=O)CC4,CHEMBL2409405,,4.80
COc1cc2OC[C@H]3Oc4c5C[C@@H](Oc5ccc4C(=O)[C@H]3c2cc1OC)C(=C)C,CHEMBL429023,4.80,
COc1cc2OC[C@H]3Oc4c5C=CC(C)(C)Oc5ccc4C(=O)[C@H]3c2cc1OC,CHEMBL393417,4.80,
COc1cc2OCC3=C(C(=O)c4c(O)cc(O)cc4O3)c2cc1OC,CHEMBL1475166,5.00,
COc1cc2OCC3Oc4c5C=CC(C)(C)Oc5ccc4C(=O)C3c2cc1OC,CHEMBL1592086,4.50,
COc1cc2OCOc2cc1C3=Cc4cc5ccoc5cc4OC3=O,CHEMBL479689,6.40,
COc1ccc(\C=C(/C#N)\C(=O)N)c(OC)c1,CHEMBL1597572,5.60,
COc1ccc(\C=C(\C#N)/C(=O)NC2CCCCC2)cc1Br,CHEMBL1409669,4.60,
COc1ccc(\C=C(\C(=O)Nc2ccccc2C(=O)NC(C)C)/c3ccccc3)cc1,CHEMBL1571005,4.95,
COc1ccc(\C=C/2\SC(=NC2=O)N\N=C\3/CC4CCC3(C)C4(C)C)cc1,CHEMBL3194024,4.90,
COc1ccc(\C=C/C(=O)Nc2ccccc2C(=O)O)cc1OC,CHEMBL1474479,4.40,
COc1ccc(\C=C/C)cc1,CHEMBL1468832,4.90,
COc1ccc(\C=C/c2cc(OC)cc(OC)c2)c(OC)c1,CHEMBL221300,4.80,
COc1ccc(\C=C\2/NC(=S)N(CC3CCCO3)C2=O)c(OC)c1,CHEMBL1424424,5.55,
COc1ccc(\C=C\C(=O)c2ccc(O)cc2O)cc1,CHEMBL182653,5.60,
COc1ccc(\C=C\C(=O)c2ccc(OC)cc2O)cc1,CHEMBL229907,5.50,
COc1ccc(\C=C\C(=O)c2cccs2)c(OC)c1,CHEMBL1512786,5.20,
COc1ccc(\C=C\C(=O)Nc2ccccc2C(=O)N3CCCC3)cc1,CHEMBL1483332,6.00,
COc1ccc(\C=C\C(=O)Nc2ccccc2C(=O)O)cc1OC,CHEMBL415324,5.00,
COc1ccc(\C=C\C(=O)NCc2c(C)nn(C)c2C)cc1COc3ccc(Br)cc3,CHEMBL1599607,5.40,
COc1ccc(\C=C\C2=CC3(C)CC2(C)C(CC3=O)c4ccc(OC)cc4)cc1,CHEMBL1314641,5.30,
COc1ccc(\C=C\c2ccncc2)cc1,CHEMBL67212,5.80,
COc1ccc(\C=C\N(CCc2ccc(OC)c(OC)c2)C(=O)C)cc1,CHEMBL1593321,5.70,
COc1ccc(\C=C\N(CCc2ccc(OC)c(OC)c2)C(=O)c3ccccn3)cc1,CHEMBL1357360,5.40,
COc1ccc(\C=C\NC(=O)c2ccc(OC)cc2)cc1,CHEMBL1568917,5.50,
COc1ccc(\C=N/c2c(O)ccc3ccccc23)cc1OC,CHEMBL1333454,5.20,
COc1ccc(\C=N\n2c(S)nnc2c3cccs3)cc1,CHEMBL3210860,5.05,
COc1ccc(\C=N\n2cnc3c4cc(Br)ccc4nc3c2O)cc1CN5CCOCC5,CHEMBL3213672,5.30,
COc1ccc(\C=N\NC(=O)Cc2csc(Nc3cccc(c3)C(F)(F)F)n2)c(OC)c1,CHEMBL3209319,5.30,
COc1ccc(\C=N\NC(=O)CCCC(=O)NC2CCCCC2)cc1,CHEMBL3208819,4.90,
COc1ccc(\C=N\NC(=O)CCCOc2ccc(Cl)cc2Cl)cc1[N+](=O)[O-],CHEMBL3214169,4.85,
COc1ccc(\C=N\OCc2nc3c4C(c5ccccc5)c6c(Oc4ncn3n2)ccc7ccccc67)cc1,CHEMBL3213001,4.40,
COc1ccc(Br)cc1C(=O)Nc2ccc(Cc3ccncc3)cc2,CHEMBL1374962,6.15,
COc1ccc(Br)cc1c2csc(Nc3ccc(c(OC)c3)n4cnc(C)c4)n2,CHEMBL1915566,5.66,
COc1ccc(Br)cc1CCc2c(Cl)cccc2C(=O)N=C(N)N,CHEMBL413931,,5.50
COc1ccc(Br)cc1CCc2c(Cl)cccc2C3=NCCN3,CHEMBL205912,,6.08
COc1ccc(C(=O)c2ccc(cc2)N(C)C)c(OC)c1,CHEMBL1450653,4.90,
COc1ccc(C(=O)CCN(C)C)c2ccccc12,CHEMBL1574278,6.50,
COc1ccc(c(C)c1C)S(=O)(=O)Nc2ccc(F)cc2,CHEMBL1381005,5.00,
COc1ccc(C)cc1N,CHEMBL398755,4.50,
COc1ccc(C)cc1NC(=O)CSc2nnc(c3ccc(OC)c(OC)c3)n2N,CHEMBL1306727,5.10,
COc1ccc(C)cc1NC2=C(Cl)C(=O)N(C3CCCCC3)C2=O,CHEMBL1340383,4.85,
COc1ccc(C[C@H](N)C(=O)N[C@H]2[C@@H](CO)O[C@H]([C@H]2O)n3cnc4c(ncnc34)N(C)C)cc1,CHEMBL1330459,5.30,
COc1ccc(C[C@H]2N(C)C(=O)[C@@H](C)NC(=O)[C@H](C)NC(=O)[C@@H]3Cc4ccc(O)c(Oc5ccc(cc5)[C@@H](O)[C@H](N(C)C(=O)[C@@H](C)NC2=O)C(=O)N3C)c4)cc1,CHEMBL1530314,5.50,
COc1ccc(C2C(=C(N)OC3=C2C(=O)CC(C)(C)C3)C#N)c(c1OC)[N+](=O)[O-],CHEMBL1519456,5.30,
COc1ccc(c2ccccc12)S(=O)(=O)N3C[C@H](C(=O)N4CCCNCC4)c5ccccc35,CHEMBL1084215,,5.90
COc1ccc(C2N3CCCC3C(=O)N2c4ccccn4)c(OC)c1,CHEMBL1722356,4.65,
COc1ccc(c2oc(\C=C\3/C(=O)N(N=C3c4ccccc4)c5ccccc5)cc2)c(c1)[N+](=O)[O-],CHEMBL1520153,5.70,
COc1ccc(CC(=N)NOC(=O)Cc2ccc(OC)cc2)cc1,CHEMBL1584092,5.00,
COc1ccc(CC(=O)N2CCC3(CC2)CN(C3)[C@@H]4CCc5cc(ccc45)c6ncccn6)cc1,CHEMBL2426677,5.60,5.54
COc1ccc(CC(=O)NC(=S)Nc2ccc(cc2)S(=O)(=O)NC(C)(C)C)cc1,CHEMBL1393246,5.20,
COc1ccc(CC(=O)NC(NC(=Nc2cc(ccc2OC)[N+](=O)[O-])S)C(Cl)(Cl)Cl)cc1OC,CHEMBL1415331,5.80,
COc1ccc(CC(=O)Nc2cc(nc(n2)c3ccccn3)n4nc(C)cc4C)cc1,CHEMBL402071,5.75,
COc1ccc(CC(=O)Nc2ccc(cc2)c3noc(n3)c4cccc(OC)c4)cc1,CHEMBL1521830,6.00,
COc1ccc(CC(=O)Nc2cccc(c2)\C(=N\NC(=O)c3cccc(c3)[N+](=O)[O-])\C)cc1,CHEMBL3193830,5.70,
COc1ccc(CC(=O)Nc2cccc(c2)c3oc(nn3)c4occc4)cc1,CHEMBL1312936,5.70,
COc1ccc(CC(=O)NCc2ccccc2c3ccccc3C(=O)NCCc4cccnc4)cc1,CHEMBL1671897,,5.00
COc1ccc(CC(C)(C)NCC(O)COc2ccccc2C#N)cc1,CHEMBL504479,,5.46
COc1ccc(cc1)[C@@H](C)N[C@@H]2CC[C@@H](C(=O)N3CCC(CC3)(c4ccccc4)c5ccc(Cl)nc5)C(C)(C)C2,CHEMBL551206,,5.68
COc1ccc(cc1)[C@@H](C)N[C@@H]2CC[C@@H](C(=O)N3CCC(CC3)(c4ccccc4)c5ccc(OC)nc5)C(C)(C)C2,CHEMBL171377,,6.28
COc1ccc(cc1)[C@@H](C)N[C@@H]2CC[C@@H](C(=O)N3CCC(CC3)(c4ccccc4)c5cccnc5)C(C)(C)C2,CHEMBL559045,,5.02
COc1ccc(cc1)[C@@H](Nc2ccccn2)c3cc(cc(c3O)C(C)(C)C)C(C)(C)C,CHEMBL1453992,5.70,
COc1ccc(cc1)[C@@H](O)C[C@@H]2N(C)CCc3cc(OC)c(OC)cc23,CHEMBL196983,,6.10
COc1ccc(cc1)[C@H](C)NC(=O)COc2cc(c3c(nn(C)c3n2)c4ccccc4)C(F)(F)F,CHEMBL3634013,5.10,
COc1ccc(cc1)[C@H]2CN(CCC3(O)CCOCC3)C[C@@H]2CC(=O)Nc4cccc(Cl)c4,CHEMBL1760248,,5.08
COc1ccc(cc1)[C@H]2CN(CCc3ccc(OC)c(OC)c3)C[C@@H]2CC(=O)N(C)c4cccc(Cl)c4,CHEMBL1760235,,7.54
COc1ccc(cc1)[C@H]2CN(CCc3ccc(OC)c(OC)c3)C[C@@H]2CC(=O)Nc4cccc(Cl)c4,CHEMBL1760234,,7.18
COc1ccc(cc1)[C@H]2CN(CCc3ccc(OC)c(OC)c3)C[C@@H]2CC(=O)NCc4cccc(Cl)c4,CHEMBL1760236,,7.47
COc1ccc(cc1)[C@H]2CN(CCc3ccc(OC)c(OC)c3)C[C@@H]2CCc4cc5ccc(Cl)cc5[nH]4,CHEMBL1760244,,7.35
COc1ccc(cc1)[C@H]2CN(CCC3CCS(=O)(=O)CC3)C[C@@H]2CC(=O)Nc4cccc(Cl)c4,CHEMBL1760247,,6.54
COc1ccc(cc1)[C@H]2CN(CCCc3ccc(OC)c(OC)c3)C[C@@H]2CNC(=O)c4cccc(Cl)c4,CHEMBL1760223,,6.70
COc1ccc(cc1)[C@H]2CN(CCCC3CCOCC3)C[C@@H]2CC(=O)Nc4cccc(Cl)c4,CHEMBL1760245,,6.43
COc1ccc(cc1)[C@H]2CN(CCCN(C)S(=O)(=O)C)C[C@@H]2CC(=O)Nc3cccc(Cl)c3,CHEMBL1760249,,5.34
COc1ccc(cc1)[C@H]2CN(NS(=O)(=O)C)C(=O)N2CCc3ccc(OC(F)(F)F)cc3,CHEMBL583047,,5.25
COc1ccc(cc1)\N=C/2\S\C(=C/c3ccc(C)s3)\C(=O)N2CC(C)C,CHEMBL3207937,5.30,
COc1ccc(cc1)C#CC2OC(COC(=O)C)C(OC(=O)C)C=C2,CHEMBL1354725,5.60,
COc1ccc(cc1)C(=Nc2ccccc2)S,CHEMBL1301015,4.50,
COc1ccc(cc1)C(=O)\C=C(\C)/N(C)C,CHEMBL1320242,5.30,
COc1ccc(cc1)C(=O)\C=C\2/N(C)C(C)(C)Cc3ccccc23,CHEMBL1366635,5.15,
COc1ccc(cc1)C(=O)c2c(C)n(CCN3CCOCC3)c4cc(I)ccc24,CHEMBL181633,5.30,
COc1ccc(cc1)C(=O)CC(=O)c2c(O)cc(OC)cc2OC,CHEMBL1516514,5.40,
COc1ccc(cc1)C(=O)CN(N2C(=O)c3ccccc3C2=O)C(=O)c4ccc(Cl)cc4,CHEMBL1569035,5.05,
COc1ccc(cc1)C(=O)N2CCC[C@@]3(CCN(C)C3)C2,CHEMBL1366068,4.50,
COc1ccc(cc1)C(=O)N2CCC[C@@]3(CCN(C3)C(=O)Nc4cccc(F)c4)C2,CHEMBL1364717,5.10,
COc1ccc(cc1)C(=O)N2CCC[C@@]3(CCN(C3)C(=O)Nc4ccccc4)C2,CHEMBL1515280,4.80,
COc1ccc(cc1)C(=O)N2CCC[C@@]3(CCN(C3)c4ccccn4)C2,CHEMBL1611806,5.30,
COc1ccc(cc1)C(=O)N2CCC[C@@]3(CCN(CC(C)C)C3)C2,CHEMBL1355146,5.10,
COc1ccc(cc1)C(=O)N2CCC[C@@]3(CCN(Cc4ccc(cc4)C#N)C3)C2,CHEMBL1361758,5.00,
COc1ccc(cc1)C(=O)N2CCC[C@@]3(CCN(Cc4nccs4)C3)C2,CHEMBL1317853,5.10,
COc1ccc(cc1)C(=O)N2CCC3(CC2)CN(C3)c4cccc(c4)c5ccccc5,CHEMBL1433776,4.90,
COc1ccc(cc1)C(=O)N2CCC3(CC2)CN(C3)c4ccncc4,CHEMBL1591847,4.80,
COc1ccc(cc1)C(=O)N2CCC3(CC2)CN(Cc4ccc(cc4)C#N)C3,CHEMBL1474568,6.20,
COc1ccc(cc1)C(=O)N2CCC3(CCCN(C3)C(=O)NC(C)C)CC2,CHEMBL1475241,4.70,
COc1ccc(cc1)C(=O)N2CCC3(CCCN(C3)C(=O)Nc4cccc(c4)C#N)CC2,CHEMBL1355263,5.20,
COc1ccc(cc1)C(=O)N2CCC3(CCCN(C3)c4cccc(c4)c5ccccc5)CC2,CHEMBL1551477,5.10,
COc1ccc(cc1)C(=O)N2CCC3(CCCN(C3)c4ncccn4)CC2,CHEMBL1434789,4.40,
COc1ccc(cc1)C(=O)N2CCC3(CCCN(Cc4ccccc4)C3)CC2,CHEMBL1482880,4.50,
COc1ccc(cc1)C(=O)N2CCC3(CCCN(Cc4ccncc4)C3)CC2,CHEMBL1334652,5.10,
COc1ccc(cc1)C(=O)N2CCC3(CCCN(Cc4nccs4)C3)CC2,CHEMBL1456714,5.10,
COc1ccc(cc1)C(=O)N2CCC3(CCN(CC3)C(=O)Nc4cccc(c4)C#N)CC2,CHEMBL1590639,4.60,
COc1ccc(cc1)C(=O)N2CCC3(CCN(CC3)C(c4ccccc4)c5ccccc5)CC2,CHEMBL1611999,5.50,
COc1ccc(cc1)C(=O)N2CCC3(CCN(Cc4ccncc4)CC3)CC2,CHEMBL1403280,4.80,
COc1ccc(cc1)C(=O)N2CCC3(CCN(Cc4nccs4)CC3)CC2,CHEMBL1361977,5.30,
COc1ccc(cc1)C(=O)NC(C)c2cc(OC)c(OC)cc2Br,CHEMBL1461359,6.30,
COc1ccc(cc1)C(=O)Nc2cc(OC)cc(OC)c2,CHEMBL329872,4.85,
COc1ccc(cc1)C(=O)Nc2ccc(Cl)cc2C(=O)NCCN3CCOCC3,CHEMBL1517335,4.85,
COc1ccc(cc1)C(=O)Nc2scc(c3ccc(Cl)cc3Cl)c2C(=O)N,CHEMBL1407667,4.55,
COc1ccc(cc1)C(=O)NCC(=O)OCc2cccc(Br)c2,CHEMBL1374605,5.10,
COc1ccc(cc1)C(=O)NCc2ccc(cc2)c3nc4ccccc4s3,CHEMBL1569891,5.60,
COc1ccc(cc1)C(=O)NCS(=O)(=O)c2ccc(C)cc2,CHEMBL1418358,4.85,
COc1ccc(cc1)C(=O)NNC(=O)CSc2nnc(COc3ccc4ccccc4c3)n2C,CHEMBL560832,6.30,
COc1ccc(cc1)C(CC(=O)N2CCN(Cc3oc4cc(C)ccc4n3)CC2)c5ccccc5,CHEMBL1645184,,5.94
COc1ccc(cc1)C(N(C(=O)c2sc(C)nc2C)c3ccc(cc3)C(=O)C)C(=O)NC4CCCCC4,CHEMBL1414913,4.60,
COc1ccc(cc1)C(N(C(=O)c2snc(c2N)c3ccc(F)cc3)c4ccc(F)cc4)C(=O)NC5CCCC5,CHEMBL1362324,4.90,
COc1ccc(cc1)C(N(C(=O)CCCC(=O)Nc2ccccn2)c3ccc4OCCOc4c3)C(=O)NC5CCCCC5,CHEMBL1350243,5.90,
COc1ccc(cc1)C2(CCC(=N2)N)c3cccc(c3)c4cncnc4,CHEMBL2380458,,4.64
COc1ccc(cc1)C2(N=C(C)C(=N2)N)c3cccc(c3)c4cccnc4,CHEMBL2180026,,4.72
COc1ccc(cc1)C2(N=C(N)C(=N2)C(C)C)c3cccc(c3)c4cncnc4,CHEMBL2180021,,4.57
COc1ccc(cc1)C2(N=C(N)c3c(F)cccc23)c4cccc(c4)c5cncnc5,CHEMBL2177916,,6.30
COc1ccc(cc1)C2=C(C#N)C(=O)OC2,CHEMBL1525291,4.50,
COc1ccc(cc1)C2=C(O)C(=O)c3ccc(OC)cc3O2,CHEMBL74913,4.90,
COc1ccc(cc1)C2=C(O)c3c(OC2=O)cc4OC(C)(C)C=Cc4c3OC,CHEMBL400777,5.20,
COc1ccc(cc1)C2=C(O)c3c(OC2=O)cc4OC(C)(C)CCc4c3OC,CHEMBL1438224,4.60,
COc1ccc(cc1)C2=CC(=O)c3c(OC)c(OC)c(OC)c(OC)c3O2,CHEMBL73930,4.90,
COc1ccc(cc1)C2=COc3c(OC)c(OC)cc(O)c3C2=O,CHEMBL1488728,4.40,
COc1ccc(cc1)C2=COc3cc(O)cc(O)c3C2=O,CHEMBL131921,4.70,
COc1ccc(cc1)C2=COc3cc(OC)cc(OC)c3C2=O,CHEMBL13097,4.70,
COc1ccc(cc1)C2=COc3ccc(OC4OC(COC(=O)C)C(OC(=O)C)C(OC(=O)C)C4OC(=O)C)c(OC(=O)C)c3C2=O,CHEMBL1357598,4.80,
COc1ccc(cc1)C2=COc3ccc(OC4OC(COC(=O)C)C(OC(=O)C)C(OC(=O)C)C4OC(=O)C)cc3C2=O,CHEMBL1356334,5.80,
COc1ccc(cc1)C2=Nc3cnc(nc3N(C[C@H]4CCCO4)C2=O)N(C)C,CHEMBL1612620,5.20,
COc1ccc(cc1)C2=Nc3cnc(nc3N(C4CC4)C2=O)N5CCNCC5,CHEMBL1593219,5.00,
COc1ccc(cc1)C2=Nc3cnc(nc3N(Cc4ccc(F)cc4)C2=O)N5CCN(C)CC5,CHEMBL1552957,4.60,
COc1ccc(cc1)C2=Nc3cnc(nc3N(Cc4ccc(F)cc4)C2=O)N5CCNCC5,CHEMBL1437164,4.80,
COc1ccc(cc1)C2=Nc3cnc(nc3N(Cc4cccc(OC)c4)C2=O)N5CCNCC5,CHEMBL1317451,4.80,
COc1ccc(cc1)C2=Nc3cnc(nc3N(Cc4cccs4)C2=O)N(C)C,CHEMBL1569529,4.90,
COc1ccc(cc1)C2=Nc3cnc(nc3N(CCC#N)C2=O)N4CCN(C)CC4,CHEMBL1592560,4.40,
COc1ccc(cc1)C2=Nc3cnc(nc3N(CCC#N)C2=O)N4CCNCC4,CHEMBL1436865,4.90,
COc1ccc(cc1)C2=Nc3cnc(nc3N(CCc4ccccc4)C2=O)N5CCN(C)CC5,CHEMBL1493644,5.50,
COc1ccc(cc1)C2=Nc3cnc(nc3N(CCc4ccccc4)C2=O)N5CCNCC5,CHEMBL1354693,4.70,
COc1ccc(cc1)C2=Nc3cnc(Nc4cccc(OC)c4)nc3N(C[C@H]5CCCO5)C2=O,CHEMBL1551049,5.30,
COc1ccc(cc1)C2=Nc3cnc(Nc4cccc(OC)c4)nc3N(CCC#N)C2=O,CHEMBL1321887,5.40,
COc1ccc(cc1)C2=Nc3cnc(Nc4ccccc4)nc3N(C[C@H]5CCCO5)C2=O,CHEMBL1482155,4.90,
COc1ccc(cc1)C2=Nc3cnc(OC)nc3N(C)C2=O,CHEMBL1457390,4.60,
COc1ccc(cc1)C2=Nc3cnc(OC)nc3N(Cc4ccc(F)cc4)C2=O,CHEMBL1492215,5.50,
COc1ccc(cc1)C2=Nc3cnc(OC)nc3N(Cc4cccc(OC)c4)C2=O,CHEMBL1474056,5.60,
COc1ccc(cc1)C2=Nc3cnc(OC)nc3N(Cc4cccs4)C2=O,CHEMBL1487191,5.40,
COc1ccc(cc1)C2=Nc3cnc(OC)nc3N(CCC#N)C2=O,CHEMBL1325879,4.90,
COc1ccc(cc1)C2=Nc3cnc(Oc4cccc(Cl)c4)nc3N(C5CC5)C2=O,CHEMBL1566428,5.00,
COc1ccc(cc1)C2=Nc3cnc(Oc4ccccc4)nc3N(C5CC5)C2=O,CHEMBL1563032,4.80,
COc1ccc(cc1)C2=Nc3cncnc3N(C2=O)c4ccccc4,CHEMBL1474211,4.70,
COc1ccc(cc1)C2=NOC(C2)C(=O)NC(C)(C)C,CHEMBL1391723,5.40,
COc1ccc(cc1)C23CC2CN(CCCSc4nnc(c5ocnc5C)n4C)C3,CHEMBL1079837,,5.60
COc1ccc(cc1)c2c(C(=O)C)c(C)nc3sc4C(=O)NC(Nc4c23)c5ccccc5,CHEMBL1416213,5.20,
COc1ccc(cc1)C2C(C(=O)N3CCN(C)CC3)c4ccccc4C(=O)N2C5CCCCC5,CHEMBL1741988,5.30,
COc1ccc(cc1)C2C(C(=O)N3CCOCC3)c4ccccc4C(=O)N2c5ccc(OC)cc5,CHEMBL1566184,5.05,
COc1ccc(cc1)c2c(C)n[nH]c2c3ccc(OCC(=C)C)cc3O,CHEMBL1314100,5.00,
COc1ccc(cc1)c2c[nH]c(n2)[C@H]3Cc4c([nH]c5ccccc45)[C@H](N3)C6CCOCC6,CHEMBL3775282,,7.16
COc1ccc(cc1)C2C3=C(CC(C)(C)CC3=O)OC4=C2C(=N)N(CC(C)C)C=N4,CHEMBL1587603,4.90,
COc1ccc(cc1)c2cc([nH]n2)C3CCN(CC3)c4ccc(cc4[N+](=O)[O-])C(=O)C,CHEMBL1573692,5.35,
COc1ccc(cc1)C2CC(=O)c3ccc(OC)cc3O2,CHEMBL229908,4.70,
COc1ccc(cc1)C2CC(=O)CC(=O)C2n3cncn3,CHEMBL1725964,5.65,
COc1ccc(cc1)c2cc(C)c3nc([nH]c3c2)C4=C(N[C@H](CO)Cc5ccccc5)C=CNC4=O,CHEMBL440964,5.17,
COc1ccc(cc1)c2cc(n3nc(C(=O)NCc4occc4)c(Cl)c3n2)C(F)(F)F,CHEMBL1330580,5.50,
COc1ccc(cc1)c2cc(n3nc(cc3n2)C(=O)N4CCCCC4)C(F)(F)F,CHEMBL1471467,4.85,
COc1ccc(cc1)c2cc(NC(=O)CCCN3CCCCC3)[nH]n2,CHEMBL2180835,,5.34
COc1ccc(cc1)c2cc(nc(NCc3cccnc3)n2)C(F)(F)F,CHEMBL1325530,5.35,
COc1ccc(cc1)c2ccc3c(CCC3(O)c4ccncc4)c2,CHEMBL498643,5.48,
COc1ccc(cc1)c2cccc(c2)C(O)(C(C)C)c3c[nH]cn3,CHEMBL1765101,5.70,
COc1ccc(cc1)c2ccccc2C3NC(CCC3C)C(=O)O,CHEMBL1435765,5.30,
COc1ccc(cc1)c2cn3c(C)c(sc3n2)C(=O)NCCN4CCOCC4,CHEMBL1605678,4.90,
COc1ccc(cc1)c2cnnc(CCCn3ccnc3c4ccccc4)n2,CHEMBL1354913,5.20,
COc1ccc(cc1)c2csc(n2)n3ncc(c3N)c4cccs4,CHEMBL1349783,5.05,
COc1ccc(cc1)C2N(CC3COc4ccccc4O3)C(=O)CN(C5CCCCC5)C2=O,CHEMBL1718203,5.40,
COc1ccc(cc1)C2N(CCCn3ccnc3)C(=O)C(=C2C(=O)C)O,CHEMBL1365504,4.90,
COc1ccc(cc1)C2N(CCN3CCOCC3)C(=O)C(=C2C(=O)c4ccc5OC(C)Cc5c4)O,CHEMBL1432729,4.55,
COc1ccc(cc1)C2NC(=NC3=C2CCc4cc(OC)ccc34)S,CHEMBL1308013,6.05,
COc1ccc(cc1)C2NC(=O)c3sc4nc(C)c(C(=O)C)c(c5ccc(Cl)cc5)c4c3N2,CHEMBL1329895,5.65,
COc1ccc(cc1)c2nc(sc2c3ccc(OC)cc3)C(=O)N4CCN(C)CC4,CHEMBL275809,5.10,
COc1ccc(cc1)c2nn(cc2\C=N\NC(=O)c3ccc4OCOc4c3)c5ccccc5,CHEMBL3208065,5.30,
COc1ccc(cc1)c2nnc(SCCCN3CCc4ccc(cc4CC3)c5cc(C)on5)n2C,CHEMBL242600,,7.40
COc1ccc(cc1)c2noc(n2)N(C)CC(=O)Nc3cccc(c3)C(F)(F)F,CHEMBL1529948,4.90,
COc1ccc(cc1)c2oc(C)c(COc3cccc(CN(CC(=O)O)C(=O)Oc4ccc(C)cc4)c3)n2,CHEMBL1090189,,5.07
COc1ccc(cc1)c2oc(nn2)C(=O)N3CC(C3)Oc4ccc(CN(C)C)c(C)c4,CHEMBL3786272,,5.00
COc1ccc(cc1)c2oc(nn2)C(=O)N3CC(C3)Oc4ccc(CN(C)C)c(F)c4,CHEMBL3787170,,4.82
COc1ccc(cc1)c2oc(nn2)C(=O)N3CC(C3)Oc4ccc(CN(C)C)cc4,CHEMBL3787134,,4.68
COc1ccc(cc1)c2oc(nn2)C(=O)N3CC(C3)Oc4ccc(CN(C)CC5(C)COC5)cc4,CHEMBL3786311,,4.80
COc1ccc(cc1)c2oc(nn2)C(=O)N3CC(C3)Oc4ccc(CN5CC6(CCCO6)C5)cc4,CHEMBL3670638,,4.89
COc1ccc(cc1)c2oc(nn2)C(=O)N3CC(C3)Oc4ccc(CN5CC6(COC6)C5)cc4,CHEMBL3787394,,4.66
COc1ccc(cc1)c2oc(nn2)C(=O)N3CC(C3)Oc4ccc(CN5CCCC5)cc4,CHEMBL3786169,,5.26
COc1ccc(cc1)c2oc(nn2)C(=O)N3CC(C3)Oc4ccc(CN5CCCOCC5)cc4,CHEMBL3787028,,4.60
COc1ccc(cc1)c2oc(nn2)C(=O)N3CC(C3)Oc4ccc(CN5CCOCC5)c(OC)c4,CHEMBL3785102,,5.01
COc1ccc(cc1)c2oc(nn2)C(=O)N3CCC(CC3)Oc4ccc(CN5CCC(O)C5)cc4,CHEMBL3787642,,4.62
COc1ccc(cc1)c2oc(nn2)C(=O)N3CCC(CC3)Oc4ccc(CN5CCCC5)nc4,CHEMBL3786609,,4.60
COc1ccc(cc1)c2oc(nn2)C(=O)N3CCC(CC3)Oc4ccc(CN5CCN(C)CC5)cc4,CHEMBL3785118,,4.82
COc1ccc(cc1)C2Oc3cc(OC)cc(OC)c3CC2O,CHEMBL1488329,4.70,
COc1ccc(cc1)c2oc3cc(OC)ccc3c2C(=O)c4ccc(cc4)C#N,CHEMBL411481,5.40,
COc1ccc(cc1)c2onc(CCCC(=O)NCCc3ccc(OC)cc3OC)c2,CHEMBL1414719,5.95,
COc1ccc(cc1)N(C(=O)Cn2nnc3ccccc23)C4(CCCCC4)C(=O)NC5CCCC5,CHEMBL1467618,5.70,
COc1ccc(cc1)N(C)C(=O)c2ccc3nc(c4ccccc4)c(nc3c2)c5ccccc5,CHEMBL1576980,5.10,
COc1ccc(cc1)N(CC(=O)Nc2cccc(C)c2)S(=O)(=O)c3c(C)n[nH]c3C,CHEMBL1364135,5.50,
COc1ccc(cc1)N(CC(=O)NN=C2CCCC2)S(=O)(=O)c3ccccc3,CHEMBL1741684,5.55,
COc1ccc(cc1)N(Cc2cnccc2C)C3CCN(CC3)[C@H](C)CCNC(=O)c4c(C)cc(Cl)nc4C,CHEMBL1926893,,6.60
COc1ccc(cc1)N2[C@@H]([C@H](Cc3ccc(OCCc4nc(oc4C)c5ccccc5)cc3)C2=O)C(=O)O,CHEMBL411118,4.48,4.27
COc1ccc(cc1)N2C(=C(Cc3ccccc3)C(=O)N=C2SC)O,CHEMBL1542385,4.65,
COc1ccc(cc1)N2C(=O)C(=Nc3cnc(nc23)N(C)C)C,CHEMBL1613338,4.70,
COc1ccc(cc1)N2C(=O)C(=Nc3cnc(nc23)N(C)C)CCc4ccccc4,CHEMBL1610995,5.50,
COc1ccc(cc1)N2C(=O)C(=Nc3cnc(nc23)N4CCN(C)CC4)c5cccs5,CHEMBL1513280,4.60,
COc1ccc(cc1)N2C(=O)C(=Nc3cnc(nc23)N4CCNCC4)c5cccs5,CHEMBL1434411,4.80,
COc1ccc(cc1)N2C(=O)C(=Nc3cnc(nc23)N4CCNCC4)c5cn(C)c6ccccc56,CHEMBL1355010,4.70,
COc1ccc(cc1)N2C(=O)C(=Nc3cnc(nc23)N4CCNCC4)CCc5ccccc5,CHEMBL1591674,4.60,
COc1ccc(cc1)N2C(=O)C(=Nc3cnc(nc23)N4CCOCC4)C,CHEMBL1516276,4.50,
COc1ccc(cc1)N2C(=O)C(=Nc3cnc(nc23)N4CCOCC4)c5cc(F)cc(F)c5,CHEMBL1570413,4.80,
COc1ccc(cc1)N2C(=O)C(=Nc3cnc(Nc4cccc(OC)c4)nc23)C,CHEMBL1457544,5.00,
COc1ccc(cc1)N2C(=O)C(=Nc3cnc(Nc4cccc(OC)c4)nc23)c5cccs5,CHEMBL1553808,5.80,
COc1ccc(cc1)N2C(=O)C(=Nc3cnc(Nc4ccccc4)nc23)C,CHEMBL1356256,4.90,
COc1ccc(cc1)N2C(=O)C(=Nc3cnc(OC)nc23)C,CHEMBL1443741,4.60,
COc1ccc(cc1)N2C(=O)C(=Nc3cnc(OC)nc23)c4ccc(F)cc4,CHEMBL1314225,4.80,
COc1ccc(cc1)N2C(=O)C(=Nc3cnc(OC)nc23)c4cccs4,CHEMBL1317314,5.10,
COc1ccc(cc1)N2C(=O)C(=Nc3cnc(OC)nc23)CCc4ccccc4,CHEMBL1513740,4.80,
COc1ccc(cc1)N2C(=O)C(=Nc3cnc(Oc4cccc(Cl)c4)nc23)C,CHEMBL1354864,5.50,
COc1ccc(cc1)N2C(=O)C(=Nc3cncnc23)c4cccc(Cl)c4,CHEMBL1591874,4.90,
COc1ccc(cc1)N2C(=O)C(=Nc3cncnc23)c4ccccc4,CHEMBL1554826,4.80,
COc1ccc(cc1)N2C(=O)C=Nc3cnc(Nc4ccccc4)nc23,CHEMBL1473965,6.70,
COc1ccc(cc1)N2C(=O)C=Nc3cnc(Oc4cccc(Cl)c4)nc23,CHEMBL1395054,5.00,
COc1ccc(cc1)N2C(=O)N(C3CCN(CC3)c4cc(N)ccn4)c5ncccc25,CHEMBL493972,,6.06
COc1ccc(cc1)N2C(=O)NC(=O)C3=C2N=C(CC(C)C)NC3(C(F)(F)F)C(F)(F)F,CHEMBL1713947,4.75,
COc1ccc(cc1)N2C(=S)SC(=C2N)C(=O)NCc3occc3,CHEMBL1425687,4.60,
COc1ccc(cc1)N2C(c3ccccc3OC)C(C)(C)C2=O,CHEMBL3220615,,4.89
COc1ccc(cc1)n2c(S)nnc2c3cnccn3,CHEMBL1370045,4.85,
COc1ccc(cc1)n2c(S)nnc2CNC(=O)c3ccc(cc3)S(=O)(=O)N4CCCC4,CHEMBL1382502,4.90,
COc1ccc(cc1)N2C=Nc3c(csc3C2=O)c4ccccc4,CHEMBL3330811,,4.97
COc1ccc(cc1)N2C=Nc3c(sc4nccc(NCC#C)c34)C2=O,CHEMBL1783876,,4.51
COc1ccc(cc1)N2C3=C(CCCC3)C(=S)N=C2c4ccccc4,CHEMBL1366776,4.70,
COc1ccc(cc1)N2CCN(CC2)C(=Nc3cc(C)cc(C)c3)S,CHEMBL1594613,5.60,
COc1ccc(cc1)N2CCN(CC2)C(=Nc3cc(C)ccc3C)S,CHEMBL1373903,5.50,
COc1ccc(cc1)N2CCN(CC2)C(=Nc3cccc(C)c3)S,CHEMBL1531213,5.65,
COc1ccc(cc1)N2CCN(CC2)C(CNC(=O)C3CCCCC3)c4cccnc4,CHEMBL1575007,5.35,
COc1ccc(cc1)N2CCN(CC2)c3nc(Nc4ccc(F)cc4)nc(OC)n3,CHEMBL1741851,5.50,
COc1ccc(cc1)N2CCN(CC2)c3oc(Cc4cccc5ccccc45)nc3C#N,CHEMBL1583260,5.55,
COc1ccc(cc1)N2CCN(CC2)c3oc(Cc4ccccc4)nc3C#N,CHEMBL1404945,5.15,
COc1ccc(cc1)N2CCN(CCNC(=O)C3=C(C)OC(=O)C=C3C)CC2,CHEMBL1577408,4.85,
COc1ccc(cc1)n2ccnc2SCC(=O)Nc3ccccc3,CHEMBL1489512,4.95,
COc1ccc(cc1)n2cnnc2SCC(=O)Nc3ccc(cc3)N4CCOCC4,CHEMBL1383526,5.30,
COc1ccc(cc1)N2N=C(S/C/2=N\c3nc(cc(c4ccccc4)c3C#N)c5ccccc5)C(=O)C,CHEMBL3408385,,4.75
COc1ccc(cc1)n2nnnc2SCC(=O)Nc3ccccc3,CHEMBL1501882,4.85,
COc1ccc(cc1)S(=O)(=O)\N=C/2\C=CC(=O)C(=C2C)C,CHEMBL3194463,5.70,
COc1ccc(cc1)S(=O)(=O)N(CCc2ccccc2)CC(=O)N3CCOCC3,CHEMBL1307004,5.15,
COc1ccc(cc1)S(=O)(=O)N2CC3C4CC(C=C4)C3C2,CHEMBL1461827,4.85,
COc1ccc(cc1)S(=O)(=O)N2Cc3ccccc3CC2C(=O)Nc4nccs4,CHEMBL1471962,5.45,
COc1ccc(cc1)S(=O)(=O)N2CC3CCCN3c4ccc(cc24)C(F)(F)F,CHEMBL1561151,6.00,
COc1ccc(cc1)S(=O)(=O)N2CCC(CC2)NC(=O)Nc3ccc(C)cc3,CHEMBL1443281,5.05,
COc1ccc(cc1)S(=O)(=O)N2CCN(CC(=O)Nc3cc(ccc3Cl)C(F)(F)F)CC2,CHEMBL1375759,5.45,
COc1ccc(cc1)S(=O)(=O)NCCC(=O)NC(C)c2ccccc2,CHEMBL1573306,4.65,
COc1ccc(cc1)S(=O)(=O)NCCc2cn(CC(=O)Nc3ccc(Cl)cc3)c4ccccc24,CHEMBL2440396,,4.94
COc1ccc(cc1)S(=O)(=O)NNC(=O)C2Cc3c(O2)ccc4ccccc34,CHEMBL1536459,5.00,
COc1ccc(cc1[N+](=O)[O-])C(=O)NC(=S)Nc2cccc(Cl)c2N3CCOCC3,CHEMBL1532941,5.40,
COc1ccc(cc1[N+](=O)[O-])C(=O)Nc2ccccc2,CHEMBL1325964,4.80,
COc1ccc(cc1Br)C(=O)NC(=S)N(CC=C)CC=C,CHEMBL1454660,6.05,
COc1ccc(cc1C(=O)NCc2cccnc2)C(=O)NCc3cccnc3,CHEMBL1257015,5.50,
COc1ccc(cc1C)S(=O)(=O)N2CCC(CC2)C(=O)NCC3CCCO3,CHEMBL1703180,4.80,
COc1ccc(cc1c2ccnc(Nc3ccc(N4CCOCC4)c(OC)c3)c2)C#N,CHEMBL2312148,,5.33
COc1ccc(cc1Cl)[C@H](O)CNC2=C(C(=O)NC=C2)c3nc4c(C)cc(cc4[nH]3)C5CCN(CCCF)CC5,CHEMBL469292,5.00,
COc1ccc(cc1Cl)C(=O)NC2(CCN(CC2)c3cc(N)ccn3)c4ccccc4,CHEMBL492330,,6.47
COc1ccc(cc1Cl)C(=O)Nc2ccc(Cl)cn2,CHEMBL1597569,4.55,
COc1ccc(cc1Cl)N2N=C(C(=O)NCC(=O)Nc3ccccn3)c4ccccc4C2=O,CHEMBL1387238,5.40,
COc1ccc(cc1CN2CCN(CC2)c3ccc(F)cc3)C4C(=C(N)Oc5[nH]nc(C)c45)C#N,CHEMBL1612774,5.05,
COc1ccc(cc1CO)c2ccc3c(nc(nc3n2)N4CC[C@@H](O)C4)N5CCOC[C@@H]5C,CHEMBL2336332,,5.10
COc1ccc(cc1CO)c2ccc3c(nc(nc3n2)N4CCOC[C@@H]4C)N5CCOC[C@@H]5C,CHEMBL1801204,,4.52
COc1ccc(cc1COc2ccc(Br)cc2)C(=O)NN,CHEMBL1311531,5.90,
COc1ccc(cc1COc2ccc(cc2)[N+](=O)[O-])C3Nc4ccccc4C(=O)N3Cc5occc5,CHEMBL1335690,5.35,
COc1ccc(cc1CSc2nc3cc(F)ccc3n2CC(=O)O)C(=O)C,CHEMBL2048187,4.82,
COc1ccc(cc1CSc2nc3ccccc3n2CC(=O)O)C(=O)C,CHEMBL2048183,4.43,
COc1ccc(cc1F)c2ccc3c(CCCC3(O)c4ccncc4)c2,CHEMBL496263,4.82,
COc1ccc(cc1N\C=C/c2nnnn2c3ccccc3)C(F)(F)F,CHEMBL1378653,4.50,
COc1ccc(cc1NC(=O)c2cncc(Br)c2)C(C)(C)C,CHEMBL1495099,4.95,
COc1ccc(cc1NC2C3CC4CC(CC2C4)C3)[N+](=O)[O-],CHEMBL1724774,4.95,
COc1ccc(cc1NC2CCN(C)CC2)S(=O)(=O)n3cc(C)c4cc(F)ccc34,CHEMBL2179216,,6.02
COc1ccc(cc1NC2CCN(C)CC2)S(=O)(=O)N3CCOc4ccc(Cl)cc34,CHEMBL2178742,5.55,
COc1ccc(cc1NC2CCN(C)CC2)S(=O)(=O)n3nc(C)c4cc(Cl)ccc34.O[C@H]([C@@H](O)C(=O)O)C(=O)O,CHEMBL3436346,5.00,
COc1ccc(cc1NC2CCN(C)CC2)S(=O)(=O)Nc3cc(Cl)cc(Cl)c3OC,CHEMBL1210648,5.07,
COc1ccc(cc1Nc2ncc(Cl)c(n2)c3cnc4ccccn34)N5CCN(CC5)C(=O)C,CHEMBL1809076,,5.37
COc1ccc(cc1Nc2ncc(Cl)c(n2)c3cnc4ccccn34)N5CCNCC5,CHEMBL1809077,,5.32
COc1ccc(cc1Nc2ncc(Cl)c(n2)c3cnc4ccccn34)N5CCOCC5,CHEMBL1809078,,5.29
COc1ccc(cc1O)[C@@H]2CC(=O)c3c(O)cc(O)cc3O2,CHEMBL399121,4.80,
COc1ccc(cc1OC)C(=O)C2=C(O)C(=O)N(Cc3cccnc3)C2c4occc4,CHEMBL1492815,4.85,
COc1ccc(cc1OC)C(=O)N\C(=C\c2cccs2)\C(=O)NCCCn3ccnc3,CHEMBL1707407,5.80,
COc1ccc(cc1OC)C(=O)N\N=C/2\SCC(=O)N2Cc3ccc4OCOc4c3,CHEMBL3213468,5.95,
COc1ccc(cc1OC)C(=O)Nc2ccc(F)cc2F,CHEMBL1335686,4.60,
COc1ccc(cc1OC)C(=O)NCc2cccc(c2)C(=O)Nc3ccc4CCN(C)Cc4c3,CHEMBL599791,5.77,
COc1ccc(cc1OC)C(=O)NNC(=O)Cc2ccc(cc2)c3ccccc3,CHEMBL1713512,5.20,
COc1ccc(cc1OC)C(N(C(=O)Cc2c[nH]c3ccccc23)c4ccc(NC(=O)C)cc4)C(=O)NC5CCCCC5,CHEMBL1463367,5.50,
COc1ccc(cc1OC)C(N(C(=O)CNC(=O)c2cccs2)c3ccc(cc3)C(C)C)C(=O)NC(C)(C)C,CHEMBL1383848,5.70,
COc1ccc(cc1OC)C2(C)NC(=O)N(CC(=O)Nc3ccc4OCOc4c3)C2=O,CHEMBL1469597,5.70,
COc1ccc(cc1OC)C2(CNC(=O)\C=C\c3occc3)CCCC2,CHEMBL1534259,5.45,
COc1ccc(cc1OC)C2=C(O)C(=O)c3cc(C)ccc3O2,CHEMBL243250,5.40,
COc1ccc(cc1OC)C2=C(O)C(=O)c3ccccc3O2,CHEMBL77098,4.70,
COc1ccc(cc1OC)C2=CC(=O)c3c(O)c(OC)c(OC)c(OC)c3O2,CHEMBL75978,5.00,
COc1ccc(cc1OC)C2=CC(=O)c3c(OC)c(OC)c(OC)c(OC)c3O2,CHEMBL76447,4.60,
COc1ccc(cc1OC)C2=CC(=O)c3ccccc3O2,CHEMBL91153,5.10,
COc1ccc(cc1OC)C2C(Oc3ccccc3)C(=O)N2c4cc(C)ccc4C,CHEMBL1321758,5.75,
COc1ccc(cc1OC)c2cc([nH]n2)c3cc(F)ccc3O,CHEMBL1300301,4.70,
COc1ccc(cc1OC)c2cc(nc(n2)N3CCCCC3)C(F)(F)F,CHEMBL1325392,4.60,
COc1ccc(cc1OC)c2cc(nc(NC3CCCC3)n2)C(F)(F)F,CHEMBL1510139,4.60,
COc1ccc(cc1OC)C2CCN(CCC3CCOc4ccccc34)CC2,CHEMBL94664,,6.70
COc1ccc(cc1OC)c2csc(NC(=O)CCN3C=Nc4ccccc4C3=O)n2,CHEMBL1372708,4.95,
COc1ccc(cc1OC)C2N(C(=O)C(=C2C(=O)c3ccc(OC)c(OC)c3)O)c4cc(C)on4,CHEMBL1606003,4.65,
COc1ccc(cc1OC)C2N(Cc3ccccc3)C(=O)CN(C4CCCCCC4)C2=O,CHEMBL1741849,5.35,
COc1ccc(cc1OC)c2nnn(CC(=O)NCCc3c[nH]c4ccccc34)n2,CHEMBL1735424,5.05,
COc1ccc(cc1OC)c2nnn(Cc3nc(N)nc(n3)N4CCOCC4)n2,CHEMBL1385365,4.55,
COc1ccc(cc1OC)c2noc(n2)C3CCCN(C3)C(=O)c4ccccc4OC,CHEMBL1311969,5.30,
COc1ccc(cc1OC)c2onc(c2)C(=O)NCc3cccnc3,CHEMBL602418,5.60,
COc1ccc(cc1OC)c2sc(\N=C\c3ccc(cc3)N(C)CCC#N)c(C#N)c2C,CHEMBL1928092,4.48,
COc1ccc(cc1OC)N2C(=O)NC3CC2(C)Oc4ccccc34,CHEMBL1380667,4.65,
COc1ccc(cc1OC)S(=O)(=O)Nc2cccc(Cl)c2,CHEMBL1335726,5.20,
COc1ccc(cc1OC2CCN(CC2)C(C)C)C(=O)NC(C)Cc3ccccn3,CHEMBL3188567,4.55,
COc1ccc(cc1S(=O)(=O)Nc2ccccc2)C(=O)N3CCCCC3,CHEMBL1498803,4.90,
COc1ccc(Cc2nc3cc(ccc3[nH]2)S(=O)(=O)N4CCOCC4)cc1OC,CHEMBL1347362,4.90,
COc1ccc(Cc2nccc3cc(OC)c(OC)cc23)cc1OC,CHEMBL19224,5.60,5.14
COc1ccc(Cc2nnc(NC(=O)CSc3ccc(C)cc3)s2)cc1OC,CHEMBL1579444,5.05,
COc1ccc(Cc2nnc(O)c3ccccc23)cc1OC,CHEMBL68230,4.65,
COc1ccc(Cc2oc3CCc4cc(ccc4C(=O)c3n2)c5ccnc(C)c5)cc1,CHEMBL3769445,6.52,
COc1ccc(CCCC(=O)NC2CCCCC2)cc1,CHEMBL1447904,4.70,
COc1ccc(CCCN2[C@H](CN(NS(=O)(=O)C)C2=O)c3ccc(OC)cc3)cc1,CHEMBL583430,,4.85
COc1ccc(CCCOc2cc(CCn3ccnc3)ccc2OC)cc1,CHEMBL1332270,6.60,
COc1ccc(CCN(C(C(=O)NC2CCCC2)c3cccs3)C(=O)C(F)(F)F)cc1,CHEMBL1568370,5.45,
COc1ccc(CCN(C)CCC[C@](C#N)(C(C)C)c2cc(OC)c(OC)c(OC)c2)cc1OC,CHEMBL1401296,5.70,
COc1ccc(CCN(C)CCCC(C#N)(C(C)C)c2ccc(OC)c(OC)c2)cc1OC,CHEMBL6966,4.12,5.51
COc1ccc(CCN(C)CCN2CCN(C2=O)c3cccc(Cl)c3)cc1OC,CHEMBL554693,,5.60
COc1ccc(CCN(C)CCNC(=O)c2ccccc2NC(=O)c3cnc4ccccc4c3)cc1OC,CHEMBL244239,5.11,
COc1ccc(CCN(C)CCOc2ccc(NS(=O)(=O)C)cc2N)cc1OC,CHEMBL353985,,6.00
COc1ccc(CCN)cc1O,CHEMBL1492473,4.40,
COc1ccc(CCN2[C@@H](CN(NS(=O)(=O)C)C2=O)c3ccc(OC)cc3)cc1,CHEMBL569185,4.43,4.82
COc1ccc(CCN2[C@H](CN(NS(=O)(=O)CF)C2=O)c3ccc(OC)cc3)cc1,CHEMBL571039,,4.55
COc1ccc(CCN2C(=N)C(=CC3=C2N=C4C=CC=CN4C3=O)C(=O)NCc5occc5)cc1,CHEMBL1543205,4.85,
COc1ccc(CCN2C(=O)NC(=O)C3=C2NC(=O)C3(NC(=O)c4cccs4)C(F)(F)F)cc1OC,CHEMBL1094842,4.85,
COc1ccc(CCN2C(C(=C(O)C2=O)C(=O)c3occc3)c4cccs4)cc1OC,CHEMBL1420005,4.60,
COc1ccc(CCN2C(CN(NS(=O)(=O)C)C2=O)c3ccc(cc3)C(F)(F)F)cc1,CHEMBL571041,,5.04
COc1ccc(CCN2C(CN(NS(=O)(=O)C)C2=O)c3ccc(Cl)cc3)cc1,CHEMBL583465,,5.06
COc1ccc(CCN2C(CN(NS(=O)(=O)C)C2=O)c3ccc(OC(C)C)cc3)cc1,CHEMBL571952,,4.77
COc1ccc(CCNC(=O)c2cc(oc2C)c3cc(Cl)cc(Cl)c3)cc1,CHEMBL1611388,5.55,
COc1ccc(CCNC(=O)c2ccc3C(=O)N(Cc4occc4)C(=S)Nc3c2)cc1OC,CHEMBL1547055,6.20,
COc1ccc(CCNC(=O)C2CCN(CC2)S(=O)(=O)N3CC(C)CC(C)C3)cc1OC,CHEMBL1363345,5.15,
COc1ccc(CCNC(=O)c2nnc(O)c3ccccc23)cc1,CHEMBL1726157,5.15,
COc1ccc(CCNC(=O)c2oc(CS(=O)(=O)c3ccc(Cl)cc3)cc2)cc1OC,CHEMBL1511687,5.45,
COc1ccc(CCNC(=O)CC(NS(=O)(=O)c2ccc(NC(=O)C)cc2)C(C)C)cc1OC,CHEMBL1374614,4.80,
COc1ccc(CCNC(=O)Cc2cc(OC)c(OC)cc2[N+](=O)[O-])cc1OC,CHEMBL1328726,6.60,
COc1ccc(CCNC(=O)CN2C(=O)Oc3ccccc23)cc1OC,CHEMBL1741332,4.65,
COc1ccc(CCNC(=O)COc2ccc(cc2Cl)S(=O)(=O)NC3CCCCC3)cc1,CHEMBL1549118,5.15,
COc1ccc(CCNC(C)COc2c(C)cccc2C)cc1OC,CHEMBL184014,,5.22
COc1ccc(CCNC[C@H](O)c2ccc(O)cc2)cc1OC,CHEMBL493682,4.60,
COc1ccc(CCNC=C2C(=O)CC(C)(C)CC2=O)cc1,CHEMBL3213815,4.85,
COc1ccc(CCNc2nc(cs2)c3cccnc3)cc1OC,CHEMBL1549510,5.50,
COc1ccc(CCNCCCNC(=O)c2ccc(cc2)[N+](=O)[O-])cc1OC,CHEMBL184461,,6.38
COc1ccc(Cl)c(c1)S(=O)(=O)Nc2ccc(cc2)c3cnc4c(C)n[nH]c4n3,CHEMBL3092467,4.57,
COc1ccc(Cl)cc1N=Nc2ncc[nH]2,CHEMBL1435053,5.00,
COc1ccc(Cl)cc1NC(=O)C23CCC(C)(C(=O)O2)C3(C)C,CHEMBL1561209,4.80,
COc1ccc(Cl)cc1NC(=O)CN2C(=O)CSC2=O,CHEMBL1452675,5.10,
COc1ccc(CN(C)C)c(Oc2ccc(Cl)c(Cl)c2)c1,CHEMBL455423,,6.63
COc1ccc(CN(CCN(C)C)c2ccccn2)cc1,CHEMBL511,6.20,4.90
COc1ccc(CN[C@@H]2CC[C@@H](C(=O)N3CCC(CC3)(C(=O)N4CCCC4)c5ccccc5)C(C)(C)C2)cc1,CHEMBL557932,,6.05
COc1ccc(cn1)[C@@]2(O)CC[C@H](CC2)N3CC(C3)NC(=O)CNc4n[nH]c5ccc(cc45)C(F)(F)F,CHEMBL2092884,,4.50
COc1ccc(cn1)[C@@]2(O)CC[C@H](CC2)N3CC(C3)NC(=O)CNc4ncnc5ccc(cc45)C(F)(F)F,CHEMBL2315927,,4.55
COc1ccc(cn1)[C@@H]2CC[C@@H](CC2)N3CC(C3)NC(=O)CNc4n[nH]c5ccc(cc45)C(F)(F)F,CHEMBL1834634,,5.60
COc1ccc(cn1)[C@@H]2CC[C@@H](CC2)N3CC(C3)NC(=O)CNc4noc5ccc(cc45)C(F)(F)F,CHEMBL1834852,,8.06
COc1ccc(cn1)C2=NC(C(=C(C)N2)C(=O)Nc3ccc4[nH]ncc4c3)c5ccc(Cl)cc5F,CHEMBL483574,5.60,
COc1ccc(cn1)c2c(C3CCCC3)c4ccc(cc4n2C)C(=O)NC5(CCC5)C(=O)Nc6ccc(\C=C\C(=O)O)cc6,CHEMBL2181641,5.82,
COc1ccc(cn1)c2c(O)ccc3cc(ccc23)c4cccc(O)c4,CHEMBL1650646,5.69,
COc1ccc(cn1)c2cc(cnc2N)c3ccc(cc3)S(=O)(=O)C,CHEMBL531475,,5.46
COc1ccc(cn1)c2cc(cnc2N)c3ccc(cc3)S(=O)(=O)N4CCN(C)CC4,CHEMBL2181497,,4.98
COc1ccc(cn1)c2cc(cnc2N)c3ccc(cc3)S(=O)(=O)NC4CC4,CHEMBL2181495,,5.68
COc1ccc(cn1)c2cc(on2)c3ccc4C(=O)N(Cc4c3)C(C)C,CHEMBL3398280,,4.92
COc1ccc(cn1)c2cc3sc(nc3cn2)N4CCC(CC4)N5CCCCC5,CHEMBL575483,,5.95
COc1ccc(cn1)c2cnc3nc(sc3c2)N4CCC(CC4)N5CCCCC5,CHEMBL573485,,7.00
COc1ccc(cn1)c2nc(CS(=O)(=O)c3cccc(Cl)c3)nc4ccsc24,CHEMBL3354313,5.17,
COc1ccc(cn1)c2nnc([nH]2)C3CCN(Cc4ccc(cc4)c5nc6C=CNC(=O)c6cc5c7ccccc7)CC3,CHEMBL446966,,5.91
COc1ccc(cn1)c2nnc(SCCCN3CCc4ccc(cc4CC3)c5cc(C)on5)n2C,CHEMBL244945,,6.80
COc1ccc(CN2C(=O)N(C3CCN(CC3)C(=O)C4CCN(Cc5ccncc5)CC4)c6ccccc26)cc1,CHEMBL1223003,6.40,
COc1ccc(Cn2c(nc3ccccc23)C4CCCN(C4)C(C)C)cc1,CHEMBL1095364,,5.58
COc1ccc(Cn2c(nc3ccccc23)C4CCCN(C4)C5CCCCC5)cc1,CHEMBL1094851,5.48,5.74
COc1ccc(Cn2c(nc3ccccc23)N4CC[C@H](C4)N(C)C)cc1,CHEMBL1087367,,6.31
COc1ccc(Cn2c(nc3ccccc23)N4CCC(CC4)N(C)C)cc1,CHEMBL558468,,6.80
COc1ccc(Cn2c(nc3ccccc23)N4CCC(CC4)N(C)CC5CCOCC5)cc1,CHEMBL558663,,6.99
COc1ccc(Cn2c(nc3ccccc23)N4CCC(CC4)NCC5CCOCC5)cc1,CHEMBL563055,,5.84
COc1ccc(CN2CCC(CC2)N(c3ccc(cc3)C(F)(F)F)c4cccnc4)cc1,CHEMBL3137450,4.82,
COc1ccc(CN2CCC(CC2)NC(=O)C3=CC(=O)c4ccc(F)cc4O3)c(F)c1,CHEMBL387309,,7.83
COc1ccc(CN2CCC(CNC(=O)c3cc(CC(C)C)n(n3)c4ccccc4)(CC2)C#N)cc1,CHEMBL1836257,,5.49
COc1ccc(CN2CCC(CNC(=O)c3cc(OC)cc(OC)c3)(CC2)C#N)cc1,CHEMBL1836148,,5.49
COc1ccc(CN2CCN(CC2)c3ccc(NC(=O)c4cc(OC)c(OC)cc4NC(=O)c5cnc6ccccc6c5)cc3)cc1OC,CHEMBL242983,5.61,
COc1ccc(CN2CCN(CC2)c3ccc(NC(=O)c4cn(C)c5c(CN6CC7N(N(CC=C)CC(=O)N7C(Cc8ccc(O)cc8)C6=O)C(=O)NCc9ccccc9)cccc45)cn3)cc1,CHEMBL3702810,4.67,
COc1ccc(CN2CCN(CC2=O)C(=O)C[C@H](N)Cc3cc(F)c(F)cc3F)cc1,CHEMBL1779699,5.97,
COc1ccc(CN2CN(C(=O)N(C2)n3cnnc3)c4ccc(Cl)cc4)cc1,CHEMBL1387585,4.85,
COc1ccc(CN2CNC(=NC2)Nc3nc4ccccc4s3)cc1,CHEMBL1462374,5.00,
COc1ccc(CNC(=O)[C@H](C)[C@@H]2C[C@@]2(C)[C@@H](NC(=O)OCc3ccccc3)c4ccccc4)cc1OC,CHEMBL1364243,5.40,
COc1ccc(CNC(=O)\C=C/c2ccc3[nH]cc(CCN(C)C)c3c2)cc1,CHEMBL1450245,4.80,
COc1ccc(CNC(=O)\C=C\c2ccc(OCCCF)cc2)cc1,CHEMBL1343107,5.30,
COc1ccc(CNC(=O)C2(CCN(CC2)c3cc(N)ccn3)c4ccccc4)cc1,CHEMBL495345,,6.70
COc1ccc(CNC(=O)C2CC(=NO2)c3cccc(c3)[N+](=O)[O-])cc1,CHEMBL1540034,5.20,
COc1ccc(CNC(=O)c2cc(cnc2c3ccccn3)c4cncc(Cl)c4)nc1OC,CHEMBL3338866,5.02,
COc1ccc(CNC(=O)c2cc(cnc2c3cccnc3)c4cc(Cl)cc(Cl)c4)cc1OC,CHEMBL3099899,,5.16
COc1ccc(CNC(=O)c2cc(ncc2c3ccccc3)c4cncc(C)c4)nc1OC,CHEMBL3338848,5.25,
COc1ccc(CNC(=O)c2csc(Cc3ccc(Cl)cc3)n2)cc1,CHEMBL1299692,5.45,
COc1ccc(CNC(=O)Cc2csc(Nc3nc(S)nc4ccccc34)n2)cc1,CHEMBL1390028,5.90,
COc1ccc(CNC(=O)CN(CC2CCCO2)C(=O)CNS(=O)(=O)c3ccccc3)cc1,CHEMBL1372773,5.40,
COc1ccc(CNc2cc(ncn2)c3cccc(c3)C#N)c(OC)c1,CHEMBL1447663,5.60,
COc1ccc(CNc2cc(ncn2)c3cccc(NS(=O)(=O)C)c3)c(OC)c1,CHEMBL1601121,5.60,
COc1ccc(CNc2cc(ncn2)c3ccccc3Cl)c(OC)c1,CHEMBL1322757,5.20,
COc1ccc(CNc2cc(ncn2)c3ccccc3OC)c(OC)c1,CHEMBL1551139,5.20,
COc1ccc(CNc2cc(ncn2)c3cccnc3)c(OC)c1,CHEMBL1358234,5.80,
COc1ccc(CNc2ccnc(n2)c3c(C)onc3C)c(OC)c1,CHEMBL1553173,5.60,
COc1ccc(CNc2ccnc(n2)c3ccc4OCOc4c3)c(OC)c1,CHEMBL1405461,6.00,
COc1ccc(CNc2ccnc(n2)c3ccccc3C(F)(F)F)c(OC)c1,CHEMBL1483700,5.50,
COc1ccc(CNc2ccnc(n2)c3ccccc3CN(C)C)c(OC)c1,CHEMBL1368395,5.30,
COc1ccc(CNc2ccnc(n2)c3ccccc3OC)c(OC)c1,CHEMBL1403121,5.20,
COc1ccc(CNc2ccnc(n2)c3cocc3)c(OC)c1,CHEMBL1533335,5.50,
COc1ccc(CNc2nc(nc3ccccc23)c4cccc(c4)C#N)c(OC)c1,CHEMBL1416476,5.60,
COc1ccc(CNc2nc(nc3ccccc23)c4cccc(NS(=O)(=O)C)c4)c(OC)c1,CHEMBL1512701,5.60,
COc1ccc(CNc2nc(nc3ccccc23)c4ccccc4CN(C)C)c(OC)c1,CHEMBL1479506,5.10,
COc1ccc(CNc2nc(nc3ccccc23)c4cocc4)c(OC)c1,CHEMBL1445094,5.00,
COc1ccc(CNc2ncnc3ccc(cc23)c4ccc(cc4)C(=O)N(C)C)c(OC)c1,CHEMBL492611,5.60,
COc1ccc(CNc2ncnc3ccc(cc23)c4cccc(c4)C#N)c(OC)c1,CHEMBL491939,5.80,
COc1ccc(CNc2ncnc3ccc(cc23)c4ccccc4C#N)c(OC)c1,CHEMBL522121,6.00,
COc1ccc(CNc2ncnc3ccc(cc23)c4ccccc4CN(C)C)c(OC)c1,CHEMBL474415,5.10,
COc1ccc(CNc2ncnc3ccc(cc23)c4ccccc4OC)c(OC)c1,CHEMBL490706,5.70,
COc1ccc(CNc2ncnc3ccc(cc23)c4cccnc4)c(OC)c1,CHEMBL1396407,5.90,
COc1ccc(CNc2ncnc3ccc(cc23)c4cocc4)c(OC)c1,CHEMBL1526697,5.50,
COc1ccc(CNc2ncncc2c3c(C)onc3C)c(OC)c1,CHEMBL1607868,5.90,
COc1ccc(CNc2ncncc2c3ccc(cc3)C(=O)N(C)C)c(OC)c1,CHEMBL491978,6.30,
COc1ccc(CNc2ncncc2c3cccc(c3)C#N)c(OC)c1,CHEMBL489935,6.50,
COc1ccc(CNc2ncncc2c3ccccc3CN(C)C)c(OC)c1,CHEMBL492132,6.40,
COc1ccc(CNN2C(=Nc3ccccc3C2=O)C)cc1,CHEMBL1510151,5.40,
COc1ccc(COC(=O)N\N=C(/C)\CC(=O)Nc2c(C)cc(C)cc2C)cc1,CHEMBL3214526,5.75,
COc1ccc(COC(=O)N\N=C/2\C[C@@H](O)[C@@H](O)[C@H]3[C@@H]2CC[C@H]4[C@H]3C(=O)N(C4=O)c5cccc(Oc6ccccc6)c5)cc1,CHEMBL1594265,5.50,
COc1ccc(COC(=O)N\N=C/2\C[C@@H](O)[C@@H](O)[C@H]3[C@@H]2CC[C@H]4[C@H]3C(=O)N(Cc5ccccc5)C4=O)cc1,CHEMBL1552753,5.40,
COc1ccc(COC(=O)N\N=C/2\C[C@@H](O)[C@@H](O)[C@H]3[C@H]2CC[C@H]4[C@H]3C(=O)N([C@@H](C)c5ccccc5)C4=O)cc1,CHEMBL1397175,5.40,
COc1ccc(COC(=O)N\N=C/2\C[C@@H](O)[C@@H](O)[C@H]3[C@H]2CC[C@H]4[C@H]3C(=O)N(C4=O)c5cccc(Oc6ccccc6)c5)cc1,CHEMBL1574966,5.40,
COc1ccc(COC(=O)N\N=C/2\C[C@@H](O)[C@@H](O)[C@H]3[C@H]2CC[C@H]4[C@H]3C(=O)N(C5CCCCC5)C4=O)cc1,CHEMBL1606574,5.40,
COc1ccc(COc2ccsc2C(=O)Nc3ccc(Cl)c(Cl)c3)cc1,CHEMBL1433232,5.15,
COc1ccc(COC2OC[C@]3(C)[C@@H]4[C@H]2CCC5C(CO)C(CO)[C@@H](C)C(=C45)CN3C(=O)OC(C)(C)C)cc1,CHEMBL1371397,5.10,
COc1ccc(CONS(=O)(=O)c2ccc(NC(=O)C)cc2)cc1Cl,CHEMBL1742255,5.50,
COc1ccc(F)cc1S(=O)(=O)NC(Cc2ccccc2)C(=O)N,CHEMBL1741728,4.80,
COc1ccc(N=C(S)Nc2ncccc2C)c(OC)c1,CHEMBL1301598,4.40,
COc1ccc(N2CCc3c(C)nc4c(OC)cc(OC)cc4c23)c(OC)c1,CHEMBL1524363,5.30,
COc1ccc(NC(=O)C(=O)NNC(=O)c2cccs2)c(OC)c1,CHEMBL1448689,4.75,
COc1ccc(NC(=O)C)cc1NC(=O)CN2CCN(CC(=O)Nc3ccccc3Cl)CC2,CHEMBL1361876,4.90,
COc1ccc(NC(=O)C23CC4CC(C2)CC(C4)(C3)n5cnc(Br)n5)c(C)c1,CHEMBL1613552,4.85,
COc1ccc(NC(=O)C2C(N(C)C(=O)c3cc(OC)c(OC)cc23)c4cccnc4)cc1OC,CHEMBL1464079,4.60,
COc1ccc(NC(=O)c2c(SCc3ccccc3)n(C)nc2C(F)(F)F)cc1,CHEMBL1511940,5.35,
COc1ccc(NC(=O)c2cc(ccc2Cl)S(=O)(=O)N3CCS(=O)(=O)CC3)cc1,CHEMBL1532858,4.85,
COc1ccc(NC(=O)c2cc(nc3ccccc23)c4ccncc4)cc1,CHEMBL2152014,6.27,
COc1ccc(NC(=O)c2cc(nc3ccccc23)c4cnccn4)cc1,CHEMBL2152020,4.70,
COc1ccc(NC(=O)c2cc3sccc3n2Cc4ccc(F)cc4)cc1OC,CHEMBL1403902,5.35,
COc1ccc(NC(=O)c2ccc(C)cc2Cl)c(c1)[N+](=O)[O-],CHEMBL1527006,4.70,
COc1ccc(NC(=O)c2ccc(cc2)c3ccc(cc3C)c4noc(C)n4)cc1OCCN(C)C,CHEMBL20963,4.80,
COc1ccc(NC(=O)c2ccc(cc2F)C(=N)N(C)C)c(c1)C(=O)Nc3ccc(Cl)cn3,CHEMBL515919,,5.38
COc1ccc(NC(=O)c2ccc(cc2N3CCCCC3)C(=N)N(C)C)c(c1)C(=O)Nc4ccc(Cl)cn4,CHEMBL219106,,6.70
COc1ccc(NC(=O)c2ccc(Cn3ccnn3)c4ccccc24)c(n1)C(=O)NCC5CCOCC5,CHEMBL2316378,6.44,4.96
COc1ccc(NC(=O)c2ccccc2NC(=O)CSc3ccc(C)cc3)cc1,CHEMBL1380994,5.35,
COc1ccc(NC(=O)c2cccs2)c(c1)[N+](=O)[O-],CHEMBL1362034,4.85,
COc1ccc(NC(=O)C2CCN(CC2)C(=O)c3cccs3)c(OC)c1,CHEMBL1410055,4.55,
COc1ccc(NC(=O)c2cn(C)c3c(CN4CC5N([C@@H](Cc6ccc(O)cc6)C4=O)C(=O)CN(CC=C)N5C(=O)NCc7ccccc7)cccc23)cn1,CHEMBL3702771,5.67,
COc1ccc(NC(=O)c2cn(nc2c3oc4ccccc4c3)c5ccccc5)cc1,CHEMBL1360744,4.80,
COc1ccc(NC(=O)c2oc(COc3ccccc3)cc2)cc1,CHEMBL1325634,4.65,
COc1ccc(NC(=O)c2onc(c2)c3ccccc3Cl)cc1,CHEMBL1466055,4.70,
COc1ccc(NC(=O)CCNS(=O)(=O)c2ccc3NC(=O)CCc3c2)cc1,CHEMBL1509210,4.80,
COc1ccc(NC(=O)CN(C)S(=O)(=O)c2ccc(Cl)cc2)c(c1)[N+](=O)[O-],CHEMBL1379783,5.75,
COc1ccc(NC(=O)CN2c3cccc4cccc(c34)S2(=O)=O)cc1,CHEMBL1412128,5.35,
COc1ccc(NC(=O)Cn2cc(CCNS(=O)(=O)c3ccc(OC)cc3)c4ccccc24)cc1,CHEMBL2440395,,4.99
COc1ccc(NC(=O)COC(=O)c2c(C)onc2c3ccccc3)cc1,CHEMBL1571146,5.15,
COc1ccc(NC(=O)CSC2=Nc3ccccc3C(=O)N2CCC(=O)N4CCCCC4)cc1,CHEMBL1440067,5.70,
COc1ccc(NC(=O)CSc2nc(C)c3CCCCc3c2C#N)cc1,CHEMBL1337408,4.75,
COc1ccc(NC(=O)CSc2nnc(C3CC3)n2c4ccccc4)cc1,CHEMBL1541936,5.50,
COc1ccc(NC(=O)CSc2nnc(CNC(=O)c3occc3)n2c4ccccc4OC)cc1,CHEMBL1588523,4.40,
COc1ccc(NC(=O)N(C(C)c2cccnc2)C3CCCCC3)c(OC)c1,CHEMBL1491168,5.00,
COc1ccc(NC(=O)N2C[C@H]3C[C@H](C[C@H]3C2)c4ccccc4C(F)(F)F)c(c1)C(=O)O,CHEMBL3359018,5.10,
COc1ccc(NC(=O)N2CC[C@@]3(CCCN(C3)C(=O)c4ccc(OC)cc4)C2)cc1,CHEMBL1476981,4.80,
COc1ccc(NC(=O)N2CC[C@@]3(CCCN(C3)C(=O)c4cccn4C)C2)cc1,CHEMBL1472761,5.70,
COc1ccc(NC(=O)N2CC[C@@]3(CCCN(C3)C(=O)c4ccncc4)C2)cc1,CHEMBL1475627,4.80,
COc1ccc(NC(=O)N2CC[C@@]3(CCCN(C3)C(=O)Oc4ccccc4)C2)cc1,CHEMBL1356843,4.40,
COc1ccc(NC(=O)N2CC3(CCN(CC3)C(=O)c4ccc(OC)cc4)C2)cc1,CHEMBL1476437,4.60,
COc1ccc(NC(=O)N2CC3(CCN(CC3)S(=O)(=O)c4ccccc4)C2)cc1,CHEMBL1512782,4.80,
COc1ccc(NC(=O)N2CCC3(CC2)CCN(CC3)C(=O)c4cc(cc(c4)C(F)(F)F)C(F)(F)F)cc1,CHEMBL1478552,4.40,
COc1ccc(NC(=O)N2CCC3(CC2)CCN(CC3)C(=O)c4cccn4C)cc1,CHEMBL1555320,5.00,
COc1ccc(NC(=O)N2CCC3(CC2)CCN(CC3)C(=O)c4csnn4)cc1,CHEMBL1610400,4.90,
COc1ccc(NC(=O)N2CCCC3(CCN(CC3)C(=O)c4cc(cc(c4)C(F)(F)F)C(F)(F)F)C2)cc1,CHEMBL1394181,5.00,
COc1ccc(NC(=O)N2CCCC3(CCN(CC3)C(=O)c4ccc(OC)cc4)C2)cc1,CHEMBL1567600,4.90,
COc1ccc(NC(=O)N2CCCC3(CCN(CC3)C(=O)c4ccncc4)C2)cc1,CHEMBL1592547,6.10,
COc1ccc(NC(=O)N2CCCC3(CCN(CC3)C(=O)c4cnccn4)C2)cc1,CHEMBL1316628,4.80,
COc1ccc(NC(=O)N2CCCC3(CCN(CC3)C(=O)c4csnn4)C2)cc1,CHEMBL1516254,4.80,
COc1ccc(NC(=O)N2CCCC3(CCN(CC3)C(=O)c4occc4)C2)cc1,CHEMBL1415656,4.80,
COc1ccc(NC(=O)N2CCCC3(CCN(CC3)C(=O)Oc4ccccc4)C2)cc1,CHEMBL1323524,4.90,
COc1ccc(NC(=O)N2CCCC3(CCN(CC3)S(=O)(=O)c4ccccc4)C2)cc1,CHEMBL1476511,5.10,
COc1ccc(NC(=O)NC2CC2)c(OC[C@@H](O)CN3CCC4(CC3)Cc5cc(Cl)ccc5O4)c1,CHEMBL3099944,,6.16
COc1ccc(NC(=O)NCc2cccn2C)c(OC)c1,CHEMBL1564740,4.65,
COc1ccc(NC(=S)N(CCc2nc3cc(C)c(C)cc3[nH]2)Cc4cccnc4)cc1,CHEMBL1319038,6.05,
COc1ccc(NC(=S)N2CCN(C\C=C\c3ccccc3)CC2)cc1OC,CHEMBL1507792,4.75,
COc1ccc(nc1)[C@@]2(O)CC[C@H](CC2)N3CC(C3)NC(=O)CNC(=O)c4cccc(c4)C(F)(F)F,CHEMBL2204248,,4.60
COc1ccc(NC2=CC(=O)N(C3CCCCC3)C(=O)N2)c(OC)c1,CHEMBL1544757,4.90,
COc1ccc(Nc2cc(N[C@@H]3CCCC[C@@H]3N)nnc2C(=O)N)nc1C(C)C,CHEMBL3237575,,5.70
COc1ccc(Nc2cc(N[C@@H]3CCOC[C@@H]3N)nnc2C(=O)N)nc1C(C)C,CHEMBL3237576,,4.80
COc1ccc(Nc2cc(NCCN)nnc2C(=O)N)nc1C(C)C,CHEMBL3237578,,4.90
COc1ccc(Nc2nc(N)nc(CSc3n[nH]c(n3)c4ccccc4)n2)cc1,CHEMBL1602780,5.40,
COc1ccc(Nc2ncnc3sc(cc23)c4ccccc4)cc1,CHEMBL1424953,4.95,
COc1ccc(NCc2nnc(SCc3ccccc3)n2c4ccc(OC)cc4)cc1,CHEMBL1366361,5.30,
COc1ccc(O)c(\C=N\NC(=O)c2ccc(OCc3cccc(Br)c3)cc2)c1,CHEMBL1864040,5.15,
COc1ccc(O[C@H]2C=C[C@H](O[C@@H]2CO\N=C(/C)\CCN3CCCc4nc(C)c(C)cc34)c5ccccc5)cc1,CHEMBL1594054,5.50,
COc1ccc(O[C@H]2C=C[C@H](O[C@@H]2CO\N=C(/C)\CCN3CCCCc4nc(C)c(C)cc34)c5ccccc5)cc1,CHEMBL1332636,5.40,
COc1ccc(O[C@H]2C=C[C@H](O[C@H]2CO\N=C(\C)/CCC(=O)OC[C@@H]3O[C@@H](C=C[C@@H]3Oc4ccc(C)cc4)C#Cc5ccccc5)c6ccccc6)cc1,CHEMBL1554817,5.50,
COc1ccc(O[C@H]2C=C[C@H](O[C@H]2CO\N=C(\C)/CCC(=O)OC[C@@H]3O[C@@H](C=C[C@@H]3Oc4ccc(OC)cc4)c5ccccc5)c6ccccc6)cc1,CHEMBL1475304,5.40,
COc1ccc(O[C@H]2C=C[C@H](O[C@H]2CO\N=C/C[C@H]3O[C@@H](COC(=O)C)[C@@H](OC(=O)C)C=C3)c4ccccc4)cc1,CHEMBL1593788,5.40,
COc1ccc(O[C@H]2C=C[C@H](O[C@H]2COC(=O)CC\C(=N/O[C@@H](C)CN3CCCc4nc(C)c(C)cc34)\C)c5ccccc5)cc1,CHEMBL1607106,5.50,
COc1ccc(O[C@H]2C=C[C@H](O[C@H]2COC(=O)CC\C(=N/O[C@@H]3C=C[C@@H](CC=C)O[C@@H]3CO)\C)c4ccccc4)cc1,CHEMBL1317010,5.40,
COc1ccc(O[C@H]2C=C[C@H](O[C@H]2COC(=O)CC\C(=N/OC[C@@H](C)[C@H](OCc3ccccc3)C(C)C)\C)c4ccccc4)cc1,CHEMBL1355156,5.50,
COc1ccc(O[C@H]2C=C[C@H](O[C@H]2COC(=O)CC\C(=N/OC[C@@H](O)[C@H]3O[C@H]4OC(C)(C)O[C@H]4[C@@H]3O)\C)c5ccccc5)cc1,CHEMBL1329968,5.40,
COc1ccc(O[C@H]2C=C[C@H](O[C@H]2COC(=O)CC\C(=N\O[C@@H]3O[C@H](COC(=O)C)[C@H](OC(=O)C)[C@H](OC(=O)C)[C@H]3OC(=O)C)\C)c4ccccc4)cc1,CHEMBL1328943,5.30,
COc1ccc(OC(F)(F)F)cc1CNC2CCC3CCC2(N3)c4ccccc4,CHEMBL201362,,6.62
COc1ccc(OC)c(c1)C(=O)CN2C(=O)NC(C)(C2=O)c3ccccc3,CHEMBL1721237,5.00,
COc1ccc(OC)c(c1)C2C(=C(C)N=C3CCCC(=C23)O)C(=O)Nc4nc5ccccc5s4,CHEMBL1534919,5.65,
COc1ccc(OC)c(c1)C2C3=C(O)OCC3=Nc4cc5OCOc5cc24,CHEMBL1338060,5.15,
COc1ccc(OC)c(c1)C2CC3=C(C(CC(=O)N3)c4ccc(O)c(OC)c4)C(=O)C2,CHEMBL1303855,5.05,
COc1ccc(OC)c(c1)N2CC(=O)C(=C2N)c3nc4ccccc4s3,CHEMBL1403831,4.95,
COc1ccc(OC)c(NC(=O)c2c3CCCc3nc4ccccc24)c1,CHEMBL1466831,5.15,
COc1ccc(OC)c(NC(=O)CSc2nc3ccccc3cc2Cc4ccccc4)c1,CHEMBL1607455,5.60,
COc1ccc(OC)c(Nc2nc(nc3ccccc23)c4cccc(c4)[N+](=O)[O-])c1,CHEMBL1392640,5.55,
COc1ccc(OC)c2C(=S)c3ccccc3Nc12,CHEMBL1331734,5.10,
COc1ccc(OC)c2nc(O)c(CCNC(=O)c3ccc(cc3)S(=O)(=O)N4CCCC4)cc12,CHEMBL1611691,4.80,
COc1ccc(OC)c2nc(O)c(CCNC(=O)C3CCCCC3)cc12,CHEMBL1585900,5.05,
COc1ccc(OC)c2nc(O)c(CCNC(=O)COc3ccccc3)cc12,CHEMBL1382242,5.00,
COc1ccc(OC)c2nc(O)c(CCNS(=O)(=O)c3ccc(Cl)cc3)cc12,CHEMBL1362669,5.25,
COc1ccc(OC)c2nc(O)c(CCNS(=O)(=O)c3ccccc3)cc12,CHEMBL1352783,4.85,
COc1ccc(OC2=COc3cc(OC(=O)c4cccs4)ccc3C2=O)cc1,CHEMBL1537220,5.00,
COc1ccc(OC2C(O)COC2\C=C\C#Cc3ccc(F)cc3F)cc1,CHEMBL1439400,5.40,
COc1ccc(OC2C(O)COC2\C=C\C#Cc3ccccc3)cc1,CHEMBL1445706,5.40,
COc1ccc(OC2C=CC(CC=C)OC2CO)cc1,CHEMBL1356010,5.40,
COc1ccc(OC2C=CC(CC=C)OC2COC(=O)c3ccc(Br)cc3)cc1,CHEMBL1365882,5.50,
COc1ccc(OC2C=CC(OC2CO)C#Cc3ccc(Br)cc3)c(c1)C(C)(C)C,CHEMBL1454033,5.40,
COc1ccc(OC2C=CC(OC2CO)C#Cc3ccc(cc3)C(C)(C)C)cc1,CHEMBL1564426,5.40,
COc1ccc(OC2C=CC(OC2CO)C#Cc3ccc(F)cc3F)cc1,CHEMBL1445792,5.40,
COc1ccc(OC2C=CC(OC2CO)c3ccccc3)c(c1)C(C)(C)C,CHEMBL1515452,6.10,
COc1ccc(OC2C=CC(OC2CO)c3ccccc3)cc1,CHEMBL1398299,5.40,
COc1ccc(OC2CN(C2)C(=O)NC3CCN(Cc4ccn(c4)c5ccc(cc5)C(F)(F)F)CC3)cc1,CHEMBL557873,,5.69
COc1ccc(Oc2ncc3N=C(C(=O)N(C)c3n2)c4ccc(F)cc4)cc1,CHEMBL1360799,5.40,
COc1ccc(Oc2ncc3N=C(C(=O)N(C)c3n2)c4cccc(c4)C#N)cc1,CHEMBL1440619,5.00,
COc1ccc(Oc2ncc3N=C(C(=O)N(C)c3n2)c4cccs4)cc1,CHEMBL1591757,5.40,
COc1ccc(Oc2ncc3N=C(C(=O)N(C)c3n2)c4cn(C)c5ccccc45)cc1,CHEMBL1398425,4.80,
COc1ccc(Oc2ncc3N=C(C(=O)N(C[C@H]4CCCO4)c3n2)c5ccc(Cl)cc5)cc1,CHEMBL1562786,5.30,
COc1ccc(Oc2ncc3N=C(C(=O)N(C[C@H]4CCCO4)c3n2)c5ccccc5)cc1,CHEMBL1398543,6.00,
COc1ccc(Oc2ncc3N=C(C(=O)N(C4CC4)c3n2)c5ccc(Cl)cc5)cc1,CHEMBL1476043,5.10,
COc1ccc(Oc2ncc3N=C(C(=O)N(C4CC4)c3n2)c5ccccc5)cc1,CHEMBL1590974,5.40,
COc1ccc(Oc2ncc3N=C(C(=O)N(C4CC4)c3n2)c5cn(C)c6ccccc56)cc1,CHEMBL1573480,4.90,
COc1ccc(Oc2ncc3N=C(C(=O)N(c4ccccc4)c3n2)c5cccs5)cc1,CHEMBL1476129,5.60,
COc1ccc(Oc2ncc3N=C(C(=O)N(Cc4cccc(OC)c4)c3n2)c5cccc(c5)C#N)cc1,CHEMBL1395567,5.70,
COc1ccc(Oc2ncc3N=C(C(=O)N(Cc4cccc(OC)c4)c3n2)c5cccs5)cc1,CHEMBL1436037,5.40,
COc1ccc(Oc2ncc3N=C(C(=O)N(Cc4cccs4)c3n2)c5ccc(OC)cc5)cc1,CHEMBL1409369,5.50,
COc1ccc(Oc2ncc3N=C(C(=O)N(Cc4cccs4)c3n2)c5cccs5)cc1,CHEMBL1417789,5.40,
COc1ccc(Oc2ncc3N=C(C(=O)N(CCC#N)c3n2)c4ccccc4)cc1,CHEMBL1609142,5.50,
COc1ccc(Oc2ncc3N=C(C(=O)N(CCC#N)c3n2)c4cccs4)cc1,CHEMBL1570285,5.60,
COc1ccc(Oc2ncc3N=C(C)C(=O)N(C[C@H]4CCCO4)c3n2)cc1,CHEMBL1316557,5.40,
COc1ccc(Oc2ncc3N=C(C)C(=O)N(c4ccc(OC)cc4)c3n2)cc1,CHEMBL1435788,5.40,
COc1ccc(Oc2ncc3N=C(C)C(=O)N(Cc4ccc(F)cc4)c3n2)cc1,CHEMBL1529330,6.40,
COc1ccc(Oc2ncc3N=C(C)C(=O)N(Cc4cccc(OC)c4)c3n2)cc1,CHEMBL1378440,5.60,
COc1ccc(Oc2ncc3N=C(C)C(=O)N(Cc4cccs4)c3n2)cc1,CHEMBL1415957,5.50,
COc1ccc(Oc2ncc3N=C(C)C(=O)N(CCC#N)c3n2)cc1,CHEMBL1405410,4.90,
COc1ccc(Oc2ncc3N=C(CCc4ccccc4)C(=O)N(C)c3n2)cc1,CHEMBL1559127,5.10,
COc1ccc(Oc2ncc3N=CC(=O)N(C[C@H]4CCCO4)c3n2)cc1,CHEMBL1442996,4.90,
COc1ccc(Oc2ncc3N=CC(=O)N(Cc4cccc(OC)c4)c3n2)cc1,CHEMBL1558480,5.60,
COc1ccc(Oc2ncc3N=CC(=O)N(Cc4cccs4)c3n2)cc1,CHEMBL1356138,5.50,
COc1ccc(Oc2ncc3N=CC(=O)N(CCc4ccccc4)c3n2)cc1,CHEMBL1512454,5.90,
COc1ccc(OCC2CN3C(CCC(C)C3c4ccc(Br)cc4)C(=O)O2)cc1,CHEMBL1377686,5.40,
COc1ccc(OCCCN(C)CCOc2ccc3OCOc3c2)c(c1)C4Sc5ccccc5N4C(=C)C,CHEMBL1743364,6.60,
COc1ccc(OCCn2cc(C(=N)NO)c3ccccc23)cc1,CHEMBL1306540,4.90,
COc1ccc(OCCSc2nc[nH]n2)cc1,CHEMBL1472152,4.85,
COc1ccc2[C@@H](OC(=O)c2c1OC)[C@@H]3N(C)CCc4cc5OCOc5cc34,CHEMBL475536,5.30,
COc1ccc2[C@@H](OC(=O)c2c1OC)C3N(C)CCc4cc5OCOc5c(OC)c34,CHEMBL1570261,5.60,
COc1ccc2[C@H](OC(=O)c2c1OC)[C@@H]3N(C)CCc4cc5OCOc5c(OC)c34,CHEMBL364713,5.70,
COc1ccc2[C@H](OC(=O)c2c1OC)C3N(C)CCc4cc5OCOc5cc34,CHEMBL462731,5.60,
COc1ccc2[nH]c(c(CCNC(=O)C)c2c1)c3ccccc3,CHEMBL15060,4.90,
COc1ccc2[nH]c(cc2c1)C(=O)c3ccccc3,CHEMBL140220,5.10,
COc1ccc2[nH]c(I)c(CCNC(=O)C)c2c1,CHEMBL289233,4.80,
COc1ccc2[nH]c(Sc3c(nc(C)n3Cc4ccccc4)[N+](=O)[O-])nc2c1,CHEMBL1372952,4.85,
COc1ccc2[nH]c(SCC(=O)c3occc3)nc2c1,CHEMBL1598049,4.95,
COc1ccc2[nH]c(SCC(C)(C)C)nc2c1,CHEMBL2018910,4.30,
COc1ccc2[nH]c(SCC(C)C)nc2c1,CHEMBL2018909,4.30,
COc1ccc2[nH]c(SCc3ccc(C)cc3)nc2c1,CHEMBL2018916,5.05,
COc1ccc2[nH]c(SCc3ccc(cc3)C(C)(C)C)nc2c1,CHEMBL2018918,4.91,
COc1ccc2[nH]c(SCc3ccc(I)cc3)nc2c1,CHEMBL2018921,5.31,
COc1ccc2[nH]c(SCc3ccc(OCc4ccccc4)cc3)nc2c1,CHEMBL2018926,5.45,
COc1ccc2[nH]c(SCc3ccc4ccccc4n3)nc2c1,CHEMBL2018924,5.55,
COc1ccc2[nH]c(SCc3cccc(Oc4ccccc4)c3)nc2c1,CHEMBL2018925,5.60,
COc1ccc2[nH]c(SCCCO)nc2c1,CHEMBL2018913,5.26,
COc1ccc2[nH]c3C(=NCCc3c2c1)C,CHEMBL338115,5.30,
COc1ccc2[nH]cc(C3=CCNCC3)c2c1,CHEMBL18785,5.90,
COc1ccc2[nH]cc(CC(N)C(=O)O)c2c1,CHEMBL1491313,4.50,
COc1ccc2[nH]cc(CCNC(=O)C)c2c1,CHEMBL45,4.70,
COc1ccc2[nH]cc(CCNc3cc(ncn3)c4c(C)onc4C)c2c1,CHEMBL1514953,5.40,
COc1ccc2[nH]cc(CCNc3cc(ncn3)c4ccc(cc4)C(=O)N(C)C)c2c1,CHEMBL1592376,5.20,
COc1ccc2[nH]cc(CCNc3cc(ncn3)c4cccc(c4)C#N)c2c1,CHEMBL1418420,5.40,
COc1ccc2[nH]cc(CCNc3cc(ncn3)c4ccccc4C)c2c1,CHEMBL1359691,5.30,
COc1ccc2[nH]cc(CCNc3cc(ncn3)c4ccccc4Cl)c2c1,CHEMBL1568086,5.30,
COc1ccc2[nH]cc(CCNc3cc(ncn3)c4ccccc4OC)c2c1,CHEMBL1356439,5.20,
COc1ccc2[nH]cc(CCNc3cc(ncn3)c4cccnc4)c2c1,CHEMBL1456454,5.40,
COc1ccc2[nH]cc(CCNc3cc(ncn3)c4cocc4)c2c1,CHEMBL1437013,5.00,
COc1ccc2[nH]cc(CCNc3ccnc(n3)c4cccc(c4)C#N)c2c1,CHEMBL1412390,5.50,
COc1ccc2[nH]cc(CCNc3ccnc(n3)c4ccccc4Cl)c2c1,CHEMBL1370622,5.70,
COc1ccc2[nH]cc(CCNc3ccnc(n3)c4cccnc4)c2c1,CHEMBL1404451,5.90,
COc1ccc2[nH]cc(CCNc3nc(nc4ccccc34)c5ccc(cc5)N(C)C)c2c1,CHEMBL1454544,5.60,
COc1ccc2[nH]cc(CCNc3nc(nc4ccccc34)c5ccccc5CN(C)C)c2c1,CHEMBL1437690,5.70,
COc1ccc2[nH]cc(CCNc3nc(nc4ccccc34)c5cccnc5)c2c1,CHEMBL1553694,5.80,
COc1ccc2[nH]cc(CCNc3nc(nc4ccccc34)c5cocc5)c2c1,CHEMBL1590909,5.50,
COc1ccc2[nH]cc(CCNc3ncnc4ccc(cc34)c5cccc(c5)C#N)c2c1,CHEMBL1606727,5.60,
COc1ccc2[nH]cc(CCNc3ncnc4ccc(cc34)c5ccccc5C#N)c2c1,CHEMBL1361847,5.70,
COc1ccc2[nH]cc(CCNc3ncnc4ccc(cc34)c5ccccc5CN(C)C)c2c1,CHEMBL1405538,5.80,
COc1ccc2[nH]cc(CCNc3ncnc4ccc(cc34)c5cocc5)c2c1,CHEMBL1433752,5.40,
COc1ccc2[nH]cc(CCNc3ncncc3c4c(C)onc4C)c2c1,CHEMBL1356630,6.10,
COc1ccc2[nH]cc(CCNc3ncncc3c4ccc(cc4)N(C)C)c2c1,CHEMBL1552623,6.30,
COc1ccc2[nH]cc(CCNc3ncncc3c4cccc(NS(=O)(=O)C)c4)c2c1,CHEMBL1406851,6.40,
COc1ccc2[nH]cc(CCNc3ncncc3c4ccccc4Cl)c2c1,CHEMBL1592464,6.40,
COc1ccc2[nH]cc(CCNc3ncncc3c4ccccc4OC)c2c1,CHEMBL1316956,6.90,
COc1ccc2C(=C(CCN(C)C)Cc2c1)[C@@H](C)c3nccnc3OC,CHEMBL1090186,,5.30
COc1ccc2C(=CC(=O)N(CCN3CCC(CC3)NCc4cc5OCCOc5cn4)c2c1)C,CHEMBL1916540,,4.64
COc1ccc2C(=O)[C@@H]3C(COc4cc(OC)c(OC)cc34)Oc2c1CC=C(C)C,CHEMBL1355340,5.50,
COc1ccc2C(=O)C(Cc3ccc(O)c(OC)c3)COc2c1,CHEMBL1356623,5.70,
COc1ccc2C(=O)C(Cc3ccc(OC)c(O)c3)COc2c1,CHEMBL1485406,4.60,
COc1ccc2C(=O)C(Cc3ccc(OC)c(OC)c3)COc2c1,CHEMBL1482446,4.80,
COc1ccc2C(=O)C=C(Oc2c1)c3ccc(O)cc3,CHEMBL1600520,5.50,
COc1ccc2C(=O)C=C(Oc2c1O)c3ccccc3,CHEMBL243663,4.40,
COc1ccc2C(=O)N(C)C(=Nc2c1)c3ccc(OC4CCN(CC4)C5CCC5)cc3,CHEMBL454879,,5.37
COc1ccc2C(=O)N(CCO)C(=C(c3cccc(F)c3)c2c1)C#N,CHEMBL214969,,4.21
COc1ccc2c(C)cc(SCC(=O)c3ccc4OCOc4c3)nc2c1,CHEMBL1485598,6.30,
COc1ccc2c(c1)[C@@H]3C[C@@]3(Cn4c2c(C5CCCCC5)c6ccc(cc46)C(=O)NS(=O)(=O)C7CCC7)C(=O)N8C9CCC8CN(C)C9,CHEMBL3759768,,4.42
COc1ccc2c(c1)[nH]c3c(C)nccc23,CHEMBL269538,4.40,
COc1ccc2c(c1)[nH]c3c(ncnc23)N4CCN(CCc5ccc(F)c(F)c5)CC4,CHEMBL281284,5.82,
COc1ccc2c(c1)C(=O)Oc3c(C)c(OCC(=O)N4CCc5ccccc5C4)ccc23,CHEMBL1456931,5.50,
COc1ccc2c(c1)c(CC(=O)N3CCOCC3)c(C)n2C(=O)c4ccc(Cl)cc4,CHEMBL72631,5.30,
COc1ccc2c(c1)c(CC(=O)O)c(C)n2Cc3ccc(Cl)cc3,CHEMBL1256814,5.00,
COc1ccc2c(c1)c3c(C)c4cnccc4c(C)c3n2CCCN,CHEMBL363332,5.80,
COc1ccc2c(Cc3c4ccccc4cc5ccccc35)cncc2c1O,CHEMBL1411360,6.00,
COc1ccc2c(Cc3sc(NC(=O)c4occc4)nc23)c1,CHEMBL1544377,4.95,
COc1ccc2c(Cl)c(sc2c1)c3ocnn3,CHEMBL1301059,5.15,
COc1ccc2c(Cl)c(sc2c1Cl)C(=O)NCCCn3ccnc3,CHEMBL1416351,6.30,
COc1ccc2C(N(Cc3ccccc3c4ccccc4)C(=O)c2c1)C(=O)NC(C)(C)C,CHEMBL3785555,,4.52
COc1ccc2c(NCc3nnc4ccc(nn34)c5ccccc5)ccnc2c1,CHEMBL566683,4.30,
COc1ccc2c(noc2c1)N3C(=O)N(Cc4cccc(c4)[C@@]5(C)OC(=O)NC5=O)c6ccccc36,CHEMBL1947144,4.66,
COc1ccc2c(O[C@@H](C)c3nnc4ccc(nn34)c5ccccc5)ccnc2c1,CHEMBL585293,4.85,
COc1ccc2c(O[C@@H]3C[C@H](N(C3)C(=O)[C@@H](NC(=O)OC(C)(C)C)C(C)(C)C)C(=O)N[C@@]4(C[C@H]4C=C)C(=O)NS(=O)(=O)C5CC5)nccc2c1,CHEMBL2403888,5.70,
COc1ccc2C(OC(=O)c2c1OC)[C@@H]3N(C)CCc4cc5OCOc5cc34,CHEMBL1408680,5.70,
COc1ccc2c(OC)c3ccoc3nc2c1OC,CHEMBL21396,4.90,
COc1ccc2c(OC[C@H](O)CO)nc(C#N)c(c3ccccc3)c2c1,CHEMBL383997,,4.69
COc1ccc2c(OCc3nnc4ccc(nn34)c5cc(F)c(F)c(F)c5)ccnc2c1,CHEMBL494979,4.54,
COc1ccc2c(OCc3nnc4ccc(nn34)c5cc(F)cc(F)c5)ccnc2c1,CHEMBL494630,5.08,
COc1ccc2c(OCc3nnc4ccc(nn34)c5ccc(F)c(F)c5)ccnc2c1,CHEMBL522196,5.19,
COc1ccc2c(OCc3nnc4ccc(nn34)c5ccccc5)ccnc2c1,CHEMBL496102,4.50,
COc1ccc2C[C@@H]3NCC[C@]4(CCCC[C@H]34)c2c1,CHEMBL1638,4.80,
COc1ccc2C[C@H]3N(CCc4cc5OCOc5cc34)Cc2c1OC,CHEMBL476501,5.10,
COc1ccc2C=CC(=O)N(CCN3CCC(CC3)NCc4cc5OCCOc5cn4)c2c1,CHEMBL1916539,,4.47
COc1ccc2C=CC(=O)N(CCN3CCC(CC3)NCc4ccc5OCC(=O)Nc5n4)c2n1,CHEMBL3290336,,4.64
COc1ccc2C=CC(=O)Oc2c1CC=C(C)C,CHEMBL52229,4.80,
COc1ccc2CC(=O)N(C(=O)c2c1)c3ccccc3,CHEMBL1537303,5.65,
COc1ccc2cc(C)c3nnc(SCC(=O)Nc4nc(cs4)c5ccccc5)n3c2c1,CHEMBL1599391,5.65,
COc1ccc2cc(CCC(=O)C)ccc2c1,CHEMBL1070,4.40,
COc1ccc2cc(ccc2c1)c3cc(nn3[C@@H](C)c4ccc(cc4)C(=O)NCCC(=O)O)c5cc(Cl)cc(Cl)c5,CHEMBL1933349,4.22,
COc1ccc2cc(ccc2c1)c3cc(nn3[C@@H](C)c4ccc(cc4)C(=O)NCCC(=O)O)c5cc(Cl)ccc5Cl,CHEMBL2159347,,5.01
COC1CCc2cc(ccc2C1)c3cccnc3,CHEMBL460178,4.91,
COc1ccc2cc(ccc2c1)c3cncc4ccccc34,CHEMBL500394,5.45,
COc1ccc2CC[C@@H]3CC(=O)CC[C@@]3(C)c2c1,CHEMBL1476107,5.50,
COc1ccc2cc3cc(oc3nc2c1)C(=O)NCCCN4CCOCC4,CHEMBL1508826,5.00,
COc1ccc2cc3cc(oc3nc2c1)C(=O)NCCN4CCN(CC4)c5ccccc5F,CHEMBL1478570,4.85,
COc1ccc2CC3N(CCc4cc(OC)c(OC)cc34)C(Cc5ccccc5)c2c1OC,CHEMBL186873,,4.85
COc1ccc2ccc(c(Cl)c2c1)c3cccnc3,CHEMBL371430,5.45,
COc1ccc2ccc(c(Cl)c2c1F)c3cccnc3,CHEMBL2420677,6.00,
COc1ccc2cccc(N3CCN(CCNC(=O)c4ccc(F)cc4)CC3)c2c1,CHEMBL1590266,5.10,
COc1ccc2CCCC3(CCN(CCCSc4nnc(c5ocnc5C)n4C)C3)c2c1,CHEMBL1258605,,5.20
COc1ccc2ccccc2c1\C=C/C(=O)c3ccccc3,CHEMBL1610350,5.50,
COc1ccc2COC(=O)N(CCN3CCC(CC3)NCc4ccc5OCC(=O)Nc5n4)c2c1,CHEMBL1916538,,4.38
COc1ccc2N(C)C(=O)[C@@]3(C[C@H]3c4ccc5c(\C=C\c6ccc(CN7C[C@@H](C)O[C@@H](C)C7)cc6)n[nH]c5c4)c2c1,CHEMBL3408948,5.00,
COc1ccc2N(C)C(=O)C=C(NC3CCN(Cc4ccc5OCOc5c4)CC3)c2c1,CHEMBL207300,,6.11
COc1ccc2N(CCN3CCC(CC3)NCc4cnc(C)c(c4)C#N)C(=O)C=Cc2n1,CHEMBL3290342,,5.00
COc1ccc2N=C(C)N(C(=O)c2c1)c3ccc(OCCCN4CCCC4)cc3,CHEMBL477991,,5.00
COc1ccc2N=C(N(C)C(=O)c2c1)c3ccc(OC4CCN(CC4)C5CCC5)cc3,CHEMBL453654,,5.42
COc1ccc2N=C(N3CCC[C@@H](N)C3)N(Cc4ccccc4C#N)C(=O)c2c1,CHEMBL227670,6.70,
COc1ccc2N=CC(=O)N(CCN3CC[C@@H](NCc4cc5OCCOc5cn4)[C@@H](O)C3)c2c1,CHEMBL2164745,,4.82
COc1ccc2N=CC(=O)N(CCN3CC[C@H](NCc4cc5OCCOc5cn4)[C@@H](F)C3)c2c1,CHEMBL2165069,,4.13
COc1ccc2N=CC(=O)N(CCN3CCC(CC3)NCc4cc5OCCOc5cn4)c2c1,CHEMBL1916542,,4.72
COc1ccc2NC(=O)[C@@]3(C[C@H]3c4ccc5c(\C=C\c6ccc(CN(C)C)cc6)n[nH]c5c4)c2c1,CHEMBL3353348,5.13,
COc1ccc2NC(=O)[C@@]3(C[C@H]3c4ccc5c(\C=C\c6ccc(CN7CCCCC7)cc6)n[nH]c5c4)c2c1,CHEMBL3408944,5.27,
COc1ccc2NC(=O)[C@@]3(C[C@H]3c4ccc5c(\C=C\c6ccc(nc6)N7CCN(C)CC7)n[nH]c5c4)c2c1,CHEMBL3353341,5.00,
COc1ccc2NC(=O)\C(=C/c3cnc[nH]3)\c2c1,CHEMBL258805,6.10,
COc1ccc2NC(=O)\C(=C\c3ccc4c(\C=C\c5ccc(nc5)N6CCN(C)CC6)n[nH]c4c3)\c2c1,CHEMBL2407900,5.00,
COc1ccc2nc(CN3C(=O)C=C(N4CCC[C@@H](N)C4)N(CC#CC)C3=O)ccc2c1,CHEMBL2425892,4.38,
COc1ccc2nc(N)sc2c1,CHEMBL97797,4.50,
COc1ccc2nc(NC(=O)C)sc2c1,CHEMBL1486796,4.55,
COc1ccc2nc(O)c(CN(CCO)C(=O)c3cccs3)cc2c1,CHEMBL1547700,4.80,
COc1ccc2nc(OC)cc(CCC34CCC(CC3)(CO4)NCc5ccc6OCC(=O)Nc6n5)c2n1,CHEMBL3422969,,8.38
COc1ccc2nc(SCC(=O)Nc3ccc4OCCOc4c3)[nH]c2c1,CHEMBL235453,5.20,
COc1ccc2nc(SCc3cc(OC)cc(OC)c3)[nH]c2c1,CHEMBL488400,6.14,
COc1ccc2nc3c(Cc4ccccc34)cc2c1,CHEMBL1364404,5.20,
COc1ccc2nc3C4=CC=CC(=O)N4Cc3c(c2c1)[Si](C)(C)C(C)(C)C,CHEMBL1560551,5.80,
COc1ccc2ncc(C#N)c(CC(O)C34CCC(CC3)(CO4)NCc5ccc6OCC(=O)Nc6n5)c2n1,CHEMBL3422983,,8.59
COc1ccc2ncc(C#N)c(CCN3CCC(CC3)NCc4cc5SCOc5cn4)c2c1,CHEMBL1235773,,5.70
COc1ccc2ncc(c(CCC34CCC(CC3)(CO4)NCc5ccc6OCC(=O)Nc6n5)c2n1)C(F)(F)F,CHEMBL3422757,,6.14
COc1ccc2ncc(c(CCC34CCC(CC3)(CO4)NCc5ccc6OCC(=O)Nc6n5)c2n1)S(=O)(=O)C,CHEMBL3422762,,5.62
COc1ccc2ncc(C(F)F)c(CCC34CCC(CC3)(CO4)NCc5ccc6OCC(=O)Nc6n5)c2n1,CHEMBL3422758,,5.23
COc1ccc2ncc(Cl)c(CCC34CCC(CC3)(CO4)NCc5ccc6OCC(=O)Nc6n5)c2n1,CHEMBL3422754,,6.50
COc1ccc2ncc(F)c([C@@H](O)CN3CCC(CC3)NCc4cc5OCCOc5cn4)c2n1,CHEMBL1927165,,4.10
COc1ccc2ncc(F)c([C@@H]3OC(=O)O[C@H]3C45CCC(CC4)(CO5)NCc6ccc7OCC(=O)Nc7n6)c2n1,CHEMBL3754742,,5.31
COc1ccc2ncc(F)c([C@H]3OC(=O)O[C@@H]3C45CCC(CC4)(CO5)NCc6ccc7OCC(=O)Nc7n6)c2n1,CHEMBL3754125,,4.95
COc1ccc2ncc(F)c(C(CC34CCC(CC3)(CO4)NCc5ccc6OCC(=O)Nc6n5)C(=O)O)c2n1,CHEMBL3752808,,6.00
COc1ccc2ncc(F)c(C(CO)CC34CCC(CC3)(CO4)NCc5ccc6OCC(=O)Nc6n5)c2n1,CHEMBL3753978,,4.96
COc1ccc2ncc(F)c(C(O)CC34CCC(CC3)(CO4)NCc5ccc6OCC(=O)Nc6n5)c2n1,CHEMBL3753902,,5.40
COc1ccc2ncc(F)c(C\C(=N\O)\C34CCC(CC3)(CO4)NCc5ccc6OCC(=O)Nc6n5)c2n1,CHEMBL3754022,,5.27
COc1ccc2ncc(F)c(c2n1)C(C)(O)CC34CCC(CC3)(CO4)NCc5ccc6OCC(=O)Nc6n5,CHEMBL3754192,,5.19
COc1ccc2ncc(F)c(CC(C)(O)C34CCC(CC3)(CO4)NCc5ccc6OCC(=O)Nc6n5)c2n1,CHEMBL3753613,,5.22
COc1ccc2ncc(F)c(CC(F)C34CCC(CC3)(CO4)NCc5ccc6OCC(=O)Nc6n5)c2n1,CHEMBL3752550,,5.50
COc1ccc2ncc(F)c(CC(N)C34CCC(CC3)(CO4)NCc5ccc6OCC(=O)Nc6n5)c2n1,CHEMBL3752154,,4.84
COc1ccc2ncc(F)c(CCC34CCC(CC3)(CO4)N(C)Cc5ccc6OCC(=O)Nc6n5)c2n1,CHEMBL3604803,,5.92
COc1ccc2ncc(F)c(CCC34CCC(CC3)(CO4)NCc5ccc6OC(C)(C)C(=O)Nc6n5)c2n1,CHEMBL3604800,,5.52
COc1ccc2ncc(F)c(CCC34CCC(CC3)(CO4)NCc5ccc6OC(C)C(=O)Nc6n5)c2n1,CHEMBL3604799,,5.75
COc1ccc2ncc(F)c(CCC34CCC(CC3)(CO4)NCc5ccc6OCC(=O)N(C)c6n5)c2n1,CHEMBL3604802,,6.10
COc1ccc2ncc(F)c(CCC34CCC(CC3)(CO4)NCc5ccc6OCC(=O)Nc6n5)c2n1,CHEMBL3305005,,5.68
COc1ccc2ncc(F)c(CCC34CCC(CC3)(CO4)NCc5nc6NC(=O)COc6c(C)c5C(C)C)c2n1,CHEMBL3604694,,5.92
COc1ccc2ncc(F)c(CCC34CCC(CC3)(CO4)NCc5nc6NC(=O)COc6c(C)c5F)c2n1,CHEMBL3604798,,6.05
COc1ccc2ncc(F)c(CCC34CCC(CC3)(CO4)NCc5nc6NC(=O)COc6cc5Cl)c2n1,CHEMBL3604687,,5.24
COc1ccc2ncc(F)c(CCC34CCC(CC3)(CO4)NCc5nc6NC(=O)COc6cc5F)c2n1,CHEMBL3604688,,5.89
COc1ccc2ncc(F)c(CCN3CC[C@@H](NCc4cc5OCCOc5cn4)[C@H](O)C3)c2n1,CHEMBL1927170,,4.53
COc1ccc2ncc(F)c(CCN3CCC(CC3)NCc4cc5OCCOc5cn4)c2c1,CHEMBL1927162,,5.22
COc1ccc2ncc(F)c(CCN3CCC(CC3)NCc4ccc5OCC(=O)Nc5n4)c2n1,CHEMBL1916533,,5.40
COc1ccc2ncc(OC)c(CCC34CCC(CC3)(CO4)NCc5ccc6OCC(=O)Nc6n5)c2n1,CHEMBL3422763,,5.37
COc1ccc2nccc([C@@H](O)CC[C@@H]3CCN(C[C@@H]3C(=O)O)C4CC(C4)c5c(F)cccc5F)c2c1,CHEMBL2382343,,4.32
COc1ccc2nccc([C@@H](O)CC[C@@H]3CCN(C[C@@H]3C(=O)O)C4CC(C4)c5cc(F)cc(F)c5F)c2c1,CHEMBL2382372,,4.51
COc1ccc2nccc([C@@H](O)CC[C@@H]3CCN(C[C@@H]3C(=O)O)C4CC(C4)c5cccc(F)c5)c2c1,CHEMBL2382342,,4.99
COc1ccc2nccc([C@@H](O)CC[C@@H]3CCN(C[C@@H]3C(=O)O)C4CC(C4)c5ccccc5F)c2c1,CHEMBL2382341,,4.91
COc1ccc2nccc([C@@H](O)CN3CCC(CC3)NCc4cc5OCCOc5cn4)c2n1,CHEMBL1927161,,4.60
COc1ccc2nccc([C@@H](O)CN3CCC(CC3)NCc4ccc5OCCOc5c4)c2c1,CHEMBL548279,,4.40
COc1ccc2nccc([C@@H]3CN(C4CCN(Cc5cc6ccccc6[nH]5)CC4)C(=O)O3)c2c1,CHEMBL245568,,5.80
COc1ccc2nccc(C3CN(C4CCN(Cc5ccc(C)c(C)c5)CC4)C(=O)O3)c2c1,CHEMBL397395,,5.20
COc1ccc2nccc(NC(=O)[C@@]3(O)CC[C@@H](CC3)NCc4cc5OCCOc5cn4)c2n1,CHEMBL1926763,,4.62
COc1ccc2nccc(NC(=O)[C@@H]3CC[C@H](CC3)NCc4cc5OCCOc5cn4)c2n1,CHEMBL1926864,,4.54
COc1ccc2OC(=CC(=O)c2c1)c3ccc(O)cc3,CHEMBL1371789,5.40,
COc1ccc2oc(C(=O)c3ccccc3)c(N)c2c1,CHEMBL1349604,4.85,
COc1ccc2oc(nc2c1)c3ccc(C)c(NC(=O)c4ccc(N5CCOCC5)c(c4)[N+](=O)[O-])c3,CHEMBL1353336,5.20,
COc1ccc2OC3(CCN(CCc4ccc(F)cc4F)CC3)CCc2c1,CHEMBL146233,,7.70
COc1ccc2OCC(=O)N(CCN3CCC(CC3)NCc4cc5OCCOc5cn4)c2c1,CHEMBL1916534,,4.89
COc1ccc2OCC(=O)N(CCN3CCC(CC3)NCc4ccc5OCC(=O)Nc5n4)c2c1,CHEMBL1824044,,4.89
COc1ccc2OCN(Cc2c1)[C@H](C)[C@@H]3CC[C@@H]4[C@H]5CC[C@H]6C[C@@H](O)CC[C@@]6(C)[C@H]5CC[C@@]34C,CHEMBL1363367,5.40,
COc1cccc(\C=C\C2=CC3(C)CC2(C)C(CC3=O)c4cccc(OC)c4)c1,CHEMBL1553731,5.40,
COc1cccc(\C=N/NC(=O)C2C(CNC2=O)c3ccccc3)c1O,CHEMBL3192772,4.60,
COc1cccc(\C=N/NC(=O)c2cc(OCC(F)(F)F)ccc2OCC(F)(F)F)c1,CHEMBL3207333,4.45,
COc1cccc(\C=N\NC(=O)c2cccc(c2)[N+](=O)[O-])c1OS(=O)(=O)c3ccc(C)cc3,CHEMBL3214295,5.95,
COc1cccc(\C=N\Nc2nc(nc(n2)N3CCCC3)N4CCCC4)c1O,CHEMBL3195954,5.00,
COc1cccc(c1)[C@@H]2CCO[P@@](=O)(COc3cc(C)c(C)c4Cc5scnc5c34)O2,CHEMBL1098147,6.52,
COc1cccc(c1)[C@@H]2CCO[P@](=O)(COc3cc(C)c(C)c4Cc5scnc5c34)O2,CHEMBL1097507,6.57,
COc1cccc(c1)[C@@H]2Oc3ccc(OC)cc3\C(=N\O[C@@H](C)c4cn(nn4)[C@H]5COC[C@H]5O)\[C@@H]2O,CHEMBL1337934,5.50,
COc1cccc(c1)[C@@H]2Oc3ccc(OC)cc3\C(=N\O[C@@H](C)CN4CCCc5nc(C)c(C)cc45)\[C@@H]2O,CHEMBL1605152,5.50,
COc1cccc(c1)[C@@H]2Oc3ccc(OC)cc3C(=O)[C@H]2O,CHEMBL1334327,5.40,
COc1cccc(c1)[C@H]2Oc3ccc(OC)cc3\C(=N/O[C@@H](C)c4cn(nn4)[C@H](CO)Cc5ccccc5)\[C@@H]2O,CHEMBL1447538,5.40,
COc1cccc(c1)[C@H]2Oc3ccc(OC)cc3\C(=N/OC[C@@H](O)[C@@H]4O[C@@H]5OC(C)(C)O[C@@H]5[C@H]4O)\[C@@H]2O,CHEMBL1402241,5.40,
COc1cccc(c1)\N=C\c2c[nH]nc2O,CHEMBL3191804,4.85,
COc1cccc(c1)C(=O)\C=C\c2ccc(SC)cc2,CHEMBL1526515,5.40,
COc1cccc(c1)C(=O)C2=C(O)C(=O)N(C2c3ccc(OC)c(OC)c3)c4ccccn4,CHEMBL1518484,4.75,
COc1cccc(c1)C(=O)C2=C(O)C(=O)N(C2c3cccs3)c4cc(C)on4,CHEMBL1539070,4.55,
COc1cccc(c1)C(=O)C2=C(O)C(=O)N(Cc3cccnc3)C2c4occc4,CHEMBL1541286,4.85,
COc1cccc(c1)C(=O)CN2C(=O)N(C)c3c(C#N)c(N4CCC[C@H](N)C4)n(CC=C(C)C)c3C2=O,CHEMBL1951598,,5.80
COc1cccc(c1)C(=O)CN2C(=O)N(C)c3c(C#N)c(N4CCCNCC4)n(CC=C(C)C)c3C2=O,CHEMBL1951607,,5.96
COc1cccc(c1)C(=O)N(C)c2nnc(s2)c3ccncc3,CHEMBL1586684,5.20,
COc1cccc(c1)C(=O)N2N=C(CC2(O)C(F)(F)F)c3cccc(OC)c3,CHEMBL1481810,5.10,
COc1cccc(c1)C(=O)Nc2ccc(OCCN3CCOCC3)c(c2)c4ccnn4C,CHEMBL1084617,,4.96
COc1cccc(c1)C(=O)NCCN2CCN(CC2)c3ccc(Cl)cc3,CHEMBL93403,4.80,
COc1cccc(c1)C(N(C2CC2)C(=O)Cn3nnc4ccccc34)C(=O)Nc5ccc(F)cc5,CHEMBL1532443,5.55,
COc1cccc(c1)C2(C)CN(C2)c3cc(N)ccn3,CHEMBL492909,,5.74
COc1cccc(c1)C2=CC(=O)c3cc(O)ccc3O2,CHEMBL1590360,4.80,
COc1cccc(c1)C2=NOC(C2)C(=O)NCc3ccccn3,CHEMBL1706086,4.80,
COc1cccc(c1)c2c[nH]c(n2)[C@H]3Cc4c([nH]c5ccccc45)[C@H](N3)C6CCOCC6,CHEMBL3775031,,6.61
COc1cccc(c1)C2C3=C(CC(C)(C)CC3=O)OC(=C2[N+](=O)[O-])N,CHEMBL1488362,4.80,
COc1cccc(c1)c2cc(C(=O)N\N=C\c3ccc(OC)c(COC(=O)C)c3)c4ccccc4n2,CHEMBL3190214,5.75,
COc1cccc(c1)c2cc(NC(=O)CCCN3CCCCC3)[nH]n2,CHEMBL2180840,,5.51
COc1cccc(c1)c2cc(nc(n2)N3CCCCC3)C(F)(F)F,CHEMBL1425091,4.70,
COc1cccc(c1)c2cc(nc(n2)N3CCOCC3)C(F)(F)F,CHEMBL1503135,4.55,
COc1cccc(c1)c2cc(NCc3ccccc3)ncn2,CHEMBL1436024,4.60,
COc1cccc(c1)c2cc(NCc3ccccc3OC)ncn2,CHEMBL1558777,4.80,
COc1cccc(c1)c2cc(NCc3cccnc3)ncn2,CHEMBL1570633,5.40,
COc1cccc(c1)c2cc(NCCc3c[nH]c4ccc(OC)cc34)ncn2,CHEMBL1315184,5.10,
COc1cccc(c1)c2cc(ncn2)N(C)Cc3occc3,CHEMBL1317358,4.60,
COc1cccc(c1)c2ccc3ncnc(N4CCN(C)CC4)c3c2,CHEMBL1436540,4.80,
COc1cccc(c1)c2ccc3ncnc(N4CCOCC4)c3c2,CHEMBL1395417,5.00,
COc1cccc(c1)c2ccc3ncnc(NC4CC4)c3c2,CHEMBL1472926,5.70,
COc1cccc(c1)c2ccc3ncnc(Nc4ccccc4)c3c2,CHEMBL1357167,5.00,
COc1cccc(c1)c2ccc3ncnc(NC4CCNCC4)c3c2,CHEMBL1494196,4.50,
COc1cccc(c1)c2ccc3ncnc(NCc4cccnc4)c3c2,CHEMBL566899,6.00,
COc1cccc(c1)c2ccc3ncnc(NCc4cccs4)c3c2,CHEMBL565654,5.10,
COc1cccc(c1)c2ccc3ncnc(NCc4cnc(C)cn4)c3c2,CHEMBL1433559,5.10,
COc1cccc(c1)c2ccc3ncnc(NCCc4c[nH]c5ccc(OC)cc45)c3c2,CHEMBL1475366,5.90,
COc1cccc(c1)c2ccc3ncnc(NCCN4CCOCC4)c3c2,CHEMBL1322216,5.00,
COc1cccc(c1)c2ccc3ncnc(NCCNC(=O)C)c3c2,CHEMBL1480350,4.80,
COc1cccc(c1)c2cccc(c2)C3(C)CCSC(=N3)N,CHEMBL2380449,,5.12
COc1cccc(c1)c2cccc(c2)C3(C)CSCC(=N3)N,CHEMBL2380448,,5.05
COc1cccc(c1)c2cccc(c2)C3(C)N=C(C)C(=N3)N,CHEMBL2180018,,4.78
COc1cccc(c1)c2cccc(c2)C3(SCC(=N3)N)c4ccncc4,CHEMBL2380456,,4.92
COc1cccc(c1)c2cncnc2N(C)Cc3occc3,CHEMBL1314625,5.60,
COc1cccc(c1)c2cncnc2Nc3ccccc3,CHEMBL1358614,6.00,
COc1cccc(c1)c2cncnc2NCc3ccccc3OC,CHEMBL489534,6.30,
COc1cccc(c1)c2cncnc2NCc3cccs3,CHEMBL1366732,5.80,
COc1cccc(c1)c2cncnc2NCc3cnc(C)cn3,CHEMBL1369318,5.80,
COc1cccc(c1)c2nc(Nc3ccncc3)c4ccccc4n2,CHEMBL1435450,5.60,
COc1cccc(c1)c2nc(NCc3cccnc3)c4ccccc4n2,CHEMBL1439401,5.70,
COc1cccc(c1)c2nc(NCCc3c[nH]c4ccc(OC)cc34)c5ccccc5n2,CHEMBL1435638,5.70,
COc1cccc(c1)c2nc(NCCN3CCOCC3)c4ccccc4n2,CHEMBL1553902,4.90,
COc1cccc(c1)c2nc(NCCNC(=O)C)c3ccccc3n2,CHEMBL1445893,4.90,
COc1cccc(c1)c2nc(OC)c3ccccc3n2,CHEMBL3822473,4.89,
COc1cccc(c1)c2nc(SC)c3ccccc3n2,CHEMBL3822867,4.64,
COc1cccc(c1)c2nccc(n2)N(C)Cc3occc3,CHEMBL1322233,4.70,
COc1cccc(c1)c2nccc(NCc3cccc(C)c3)n2,CHEMBL1318310,5.40,
COc1cccc(c1)c2nccc(NCc3ccccc3)n2,CHEMBL1355387,5.40,
COc1cccc(c1)c2nccc(NCc3cccnc3)n2,CHEMBL1435077,5.90,
COc1cccc(c1)c2nnc(SCc3nc4ccccc4[nH]3)n2CC=C,CHEMBL1323183,5.65,
COc1cccc(c1)c2nnc3SCC(=Nn23)C(C)(C)C,CHEMBL1322078,4.60,
COc1cccc(c1)c2oc(C)c(C[S+]([O-])CC(=O)N3CCC4(CC3)OCCO4)n2,CHEMBL1601536,4.90,
COc1cccc(c1)N(C(C(=O)NC2CCCCC2)c3ccncc3)C(=O)Cn4nnc(n4)c5cccs5,CHEMBL1328833,6.10,
COc1cccc(c1)N2C(=O)C(CC(=O)Nc3ccccc3)N(C4CCCCC4)C2=O,CHEMBL1343900,5.30,
COc1cccc(c1)N2C(=O)N(Cc3ccccc3F)C4(CCN(Cc5ccc(cc5)c6cccnc6)CC4)C2=O,CHEMBL389608,5.96,
COc1cccc(c1)N2C(=O)N(Cc3ccccc3F)C4(CCN(Cc5ccc(cc5)c6ccncc6)CC4)C2=O,CHEMBL266738,6.52,
COc1cccc(c1)N2C(=O)N(Cc3ccccc3F)C4(CCN(Cc5ccc(cc5)c6cncc(c6)C#N)CC4)C2=O,CHEMBL389809,5.21,
COc1cccc(c1)N2C(=O)N(Cc3ccccc3F)C4(CCN(Cc5ccc(cc5)n6ccnc6)CC4)C2=O,CHEMBL230080,7.46,
COc1cccc(c1)N2C(=O)NC(=O)\C(=C/NCc3ccc4OCOc4c3)\C2=O,CHEMBL1548763,5.15,
COc1cccc(c1)n2cc3N=C(N(C[C@H]4CCCN(C4)C(C)C)C(=O)c3n2)c5cccnc5C,CHEMBL3218890,,4.33
COc1cccc(c1)N2CCC3CN(CCCSc4nnc(c5cnccn5)n4C)CC23,CHEMBL3774412,,6.10
COc1cccc(c1)N2CCN(C[C@H](O)COc3ccc(cc3)C(F)(F)F)CC2,CHEMBL2334271,,5.39
COc1cccc(c1)N2CCN(Cc3nc4c5cccc(OC)c5nc(N)n4n3)[C@H](C)C2,CHEMBL3596512,,4.68
COc1cccc(c1)N2CCN(CCCCCCN3CCN(CC3)c4cccc(Cl)c4)CC2,CHEMBL1173143,,5.92
COc1cccc(c1)N2CCN(CCN(C)C[C@@]34CC[C@@H](CC3)C4(C)C)C2=O,CHEMBL563435,,5.70
COc1cccc(c1)N2CCN(CCN3CCN(CC3)C(C)C)C2=O,CHEMBL550358,,4.20
COc1cccc(c1)n2ccnc2SCC(=O)Nc3nccs3,CHEMBL1351829,5.45,
COc1cccc(c1)S(=O)(=O)n2ccc3cc4CCNCCc4cc23,CHEMBL477386,4.57,
COc1cccc(C2=C(C)N(Cc3c(F)cccc3C(F)(F)F)C(=O)N(C[C@H](N)c4ccccc4)C2=O)c1F,CHEMBL468551,6.64,
COc1cccc(C2=C(C)N(Cc3c(F)cccc3F)C(=O)N(C[C@H](N)c4ccccc4)C2=O)c1F,CHEMBL179691,6.16,
COc1cccc(C2N(C(=O)C(=C2C(=O)c3oc4ccccc4c3)O)c5cc(C)on5)c1OC,CHEMBL1380975,4.55,
COc1cccc(CC(=O)Nc2cc(cs2)c3ccnc(Cl)c3)c1,CHEMBL3581147,5.30,
COc1cccc(CC(=O)Nc2cc(cs2)c3ccnc(F)c3)c1,CHEMBL3581146,5.42,
COc1cccc(CC(=O)Nc2cc(cs2)c3ccnc(N)c3)c1,CHEMBL3581149,5.25,
COc1cccc(CC(=O)Nc2nc(cs2)c3ccnc(c3)N(C)C)c1,CHEMBL3581142,5.46,
COc1cccc(CC(=O)Nc2nc(cs2)c3ccnc(Cl)c3)c1,CHEMBL3581145,5.44,
COc1cccc(CC(=O)Nc2nc(cs2)c3ccnc(OC)c3)c1,CHEMBL3581143,5.08,
COc1cccc(CC(=O)Nc2nc(cs2)c3ccncc3)c1,CHEMBL3581121,6.13,
COc1cccc(CC(=O)Nc2nc(cs2)c3ccncn3)c1,CHEMBL3581137,5.00,
COc1cccc(CC(C(=O)Nc2cc(C)ccc2C)c3nn[nH]n3)c1OC,CHEMBL1719114,4.60,
COc1cccc(CCN(C)CCN2CCN(C2=O)c3cccc(Cl)c3)c1,CHEMBL563926,,6.20
COc1cccc(CCN(Cc2ccccc2c3ccc(CN4C[C@@H](C)N[C@@H](C)C4)cc3)C(=O)NC5CCCCC5)c1,CHEMBL501315,6.40,
COc1cccc(CN(C[C@H](Cc2ccccc2)NC(=O)OCc3cncs3)C[C@@H](Cc4ccccc4)NC(=O)OCc5nccs5)c1,CHEMBL1077937,7.30,
COc1cccc(CN(CCO)C(=O)Nc2ccc(cc2)c3cn[nH]c3)c1,CHEMBL2332065,4.46,
COc1cccc(CN2C(=O)C(=Nc3cnc(nc23)N(C)C)C)c1,CHEMBL1555156,4.90,
COc1cccc(CN2C(=O)C(=Nc3cnc(nc23)N(C)C)c4ccc(F)cc4)c1,CHEMBL1408286,4.60,
COc1cccc(CN2C(=O)C(=Nc3cnc(nc23)N(C)C)c4ccccc4)c1,CHEMBL1440650,5.20,
COc1cccc(CN2C(=O)C(=Nc3cnc(nc23)N4CCN(C)CC4)c5cc(F)cc(F)c5)c1,CHEMBL1552814,4.60,
COc1cccc(CN2C(=O)C(=Nc3cnc(nc23)N4CCN(C)CC4)c5ccc(Cl)cc5)c1,CHEMBL1512756,4.80,
COc1cccc(CN2C(=O)C(=Nc3cnc(nc23)N4CCNCC4)c5ccccc5)c1,CHEMBL1415465,4.70,
COc1cccc(CN2C(=O)C(=Nc3cnc(nc23)N4CCNCC4)c5cccs5)c1,CHEMBL1437007,4.80,
COc1cccc(CN2C(=O)C(=Nc3cnc(nc23)N4CCNCC4)CCc5ccccc5)c1,CHEMBL1323124,4.80,
COc1cccc(CN2C(=O)C(=Nc3cnc(nc23)N4CCOCC4)c5ccc(F)cc5)c1,CHEMBL1484120,5.40,
COc1cccc(CN2C(=O)C(=Nc3cnc(OC)nc23)C)c1,CHEMBL1365616,4.90,
COc1cccc(CN2C(=O)C(=Nc3cnc(OC)nc23)c4cccc(c4)C#N)c1,CHEMBL1404317,5.50,
COc1cccc(CN2C(=O)C(=Nc3cnc(OC)nc23)CCc4ccccc4)c1,CHEMBL1358807,5.60,
COc1cccc(CN2C(=O)C(=Nc3cnc(OCc4ccccc4)nc23)C)c1,CHEMBL1605255,5.00,
COc1cccc(CN2C(=O)C(=Nc3cncnc23)c4cc(F)cc(F)c4)c1,CHEMBL1358033,5.00,
COc1cccc(CN2C(=O)C(=Nc3cncnc23)c4ccc(Cl)cc4)c1,CHEMBL1355135,5.30,
COc1cccc(CN2C(=O)C(=Nc3cncnc23)c4ccc(F)cc4)c1,CHEMBL1356262,5.00,
COc1cccc(CN2C(=O)C(=Nc3cncnc23)c4cccc(Cl)c4)c1,CHEMBL1336787,5.10,
COc1cccc(CN2C(=O)C(=Nc3cncnc23)c4ccccc4)c1,CHEMBL1558526,5.00,
COc1cccc(CN2C(=O)C(=Nc3cncnc23)c4cccs4)c1,CHEMBL1405464,5.30,
COc1cccc(CN2C(=O)C(=Nc3cncnc23)CCc4ccccc4)c1,CHEMBL1396809,5.60,
COc1cccc(CN2C(=O)C=Nc3cnc(Nc4ccccc4)nc23)c1,CHEMBL1366061,5.00,
COc1cccc(CN2C(=O)C=Nc3cnc(OC)nc23)c1,CHEMBL1592651,5.00,
COc1cccc(CN2C(=O)C=Nc3cnc(Oc4cccc(Cl)c4)nc23)c1,CHEMBL1395899,5.30,
COc1cccc(CN2C(=O)C=Nc3cnc(OCc4ccccc4)nc23)c1,CHEMBL1394258,4.90,
COc1cccc(CN2C(=O)C=Nc3cncnc23)c1,CHEMBL1357551,4.70,
COc1cccc(CN2CCC(CC2)NC(=O)C3=CC(=O)c4ccc(F)cc4O3)c1,CHEMBL217400,,7.98
COc1cccc(CN2CCc3cc4nc(N)sc4cc3CC2)c1,CHEMBL2326480,,5.18
COc1cccc(CN2CCCCCCC2)c1OCc3csc(n3)c4ccc(Cl)cc4,CHEMBL197304,,7.40
COc1cccc(CN2CCCCCCC2)c1OCc3csc(n3)c4ccccc4,CHEMBL197243,,6.75
COc1cccc(CNC(=O)C2CCN(CC2)S(=O)(=O)N3CCCCC3)c1,CHEMBL1342226,4.65,
COc1cccc(CNC(=O)CC2(C)CC3(CCCCC3)OO2)c1,CHEMBL565361,5.43,
COc1cccc(CNC[C@@H](O)[C@H](Cc2ccccc2)NC(=O)c3cc(cc(c3)C(=O)N[C@H](C)c4ccccc4)N(C)S(=O)(=O)C)c1,CHEMBL403268,6.16,
COc1cccc(CNc2ccc(F)c(Cl)c2)c1O,CHEMBL1578418,4.45,
COc1cccc(F)c1[C@@H]2C[C@H](F)C(=O)N2Cc3ccc4oc5ccccc5c4c3,CHEMBL3409873,4.68,
COc1cccc(F)c1C2C[C@@H](O)C(=O)N2Cc3ccc4oc5ccccc5c4c3,CHEMBL3409875,4.34,
COc1cccc(F)c1CC(N2CCNCC2)c3ccccc3,CHEMBL1086274,,5.07
COc1cccc(N)c1,CHEMBL1500995,4.50,
COc1cccc(n1)c2c[nH]c(n2)[C@H]3Cc4c([nH]c5ccccc45)[C@](N3)(c6cnn(C)c6)c7noc(C)n7,CHEMBL3774684,,5.44
COc1cccc(n1)c2c[nH]c(n2)[C@H]3Cc4c([nH]c5ccccc45)[C@H](N3)C6CCOCC6,CHEMBL3775387,,5.99
COc1cccc(NC(=O)\C=C/c2ccc(Cl)cc2)c1,CHEMBL1592160,4.90,
COc1cccc(NC(=O)c2cc(nc3c(Cl)cccc23)c4cccnc4)c1,CHEMBL1543760,5.65,
COc1cccc(NC(=O)CC2=NC(=CC(=O)N2)N3CCOCC3)c1,CHEMBL2151922,4.40,
COc1cccc(NC(=O)COC(=O)c2c3CC(C)CCc3nc4ccccc24)c1,CHEMBL1505006,5.45,
COc1cccc(NC(=S)N(CCc2nc3cc(C)c(C)cc3[nH]2)Cc4cccnc4)c1,CHEMBL1725383,5.60,
COc1cccc(Nc2nc(cs2)c3ccc(O)cc3)c1,CHEMBL1326359,5.15,
COc1cccc(Nc2ncc3N=C(C(=O)N(C[C@H]4CCCO4)c3n2)c5cc(F)cc(F)c5)c1,CHEMBL1436917,5.20,
COc1cccc(Nc2ncc3N=C(C(=O)N(C[C@H]4CCCO4)c3n2)c5ccc(Cl)cc5)c1,CHEMBL1496345,4.80,
COc1cccc(Nc2ncc3N=C(C(=O)N(C[C@H]4CCCO4)c3n2)c5ccccc5)c1,CHEMBL1317884,5.00,
COc1cccc(Nc2ncc3N=C(C(=O)N(C[C@H]4CCCO4)c3n2)c5cccs5)c1,CHEMBL1318480,4.90,
COc1cccc(Nc2ncc3N=C(C(=O)N(C[C@H]4CCCO4)c3n2)c5cn(C)c6ccccc56)c1,CHEMBL1496590,4.80,
COc1cccc(Nc2ncc3N=C(C(=O)N(CCC#N)c3n2)c4ccc(Cl)cc4)c1,CHEMBL1527923,5.70,
COc1cccc(Nc2ncc3N=C(C)C(=O)N(C[C@H]4CCCO4)c3n2)c1,CHEMBL1326341,5.00,
COc1cccc(Nc2ncc3N=C(C)C(=O)N(C4CC4)c3n2)c1,CHEMBL1573555,5.20,
COc1cccc(Nc2ncc3N=C(CCc4ccccc4)C(=O)N(C[C@H]5CCCO5)c3n2)c1,CHEMBL1613347,5.10,
COc1cccc(Nc2ncc3N=C(CCc4ccccc4)C(=O)N(CCC#N)c3n2)c1,CHEMBL1316779,5.70,
COc1cccc(Nc2ncc3N=CC(=O)N(C[C@H]4CCCO4)c3n2)c1,CHEMBL1484944,4.90,
COc1cccc(Nc2ncc3N=CC(=O)N(C4CC4)c3n2)c1,CHEMBL1523594,5.20,
COc1cccc(Nc2ncc3N=CC(=O)N(Cc4ccc(F)cc4)c3n2)c1,CHEMBL1417837,5.40,
COc1cccc(NS(=O)(=O)c2ccc3ncc(C(=O)NCCN4CCOCC4)c(O)c3c2)c1,CHEMBL1343385,5.55,
COc1cccc(O)c1O,CHEMBL1518159,4.70,
COc1cccc(OC)c1[C@@H]2C[C@H](Cl)C(=O)N2Cc3ccc(OC(F)(F)F)cc3,CHEMBL3409853,5.18,
COc1cccc(OC)c1[C@@H]2C[C@H](F)C(=O)N2Cc3ccc(OC(F)(F)F)cc3,CHEMBL3409855,5.00,
COc1cccc(OC)c1[C@@H]2C[C@H](F)C(=O)N2Cc3ccc4oc5ccccc5c4c3,CHEMBL3409870,5.06,
COc1cccc(OC)c1C(=O)NC(=S)Nc2ccc(NC(=O)c3cccs3)c(OC)c2,CHEMBL1470136,5.50,
COc1cccc(OC)c1OCCNC[C@@H]2COc3ccccc3O2,CHEMBL36622,5.60,
COc1cccc(OCC(=O)NC2CCCCC2)c1,CHEMBL1502803,4.80,
COc1cccc(OCCCOc2ccccc2C(C)C)c1,CHEMBL1606258,7.75,
COc1cccc2[nH]c(nc12)c3ccccn3,CHEMBL1335397,5.40,
COc1cccc2C(=O)c3c(O)c4C[C@](O)(C[C@H](O[C@H]5C[C@H](N)[C@H](O)[C@H](C)O5)c4c(O)c3C(=O)c12)C(=O)C,CHEMBL178,4.50,
COc1cccc2C(=O)N(C)C(=Nc12)c3ccc(OC4CCN(CC4)C5CCC5)cc3,CHEMBL453892,,5.00
COc1cccc2c(cn(CC3CCCCC3)c12)C(=O)N4CCN5CCCC[C@H]5C4,CHEMBL1287846,5.22,
COc1cccc2C=C(C(=O)CC3(O)C(=O)N(Cc4ccccc4)c5ccccc35)C(=O)Oc12,CHEMBL1596513,5.15,
COc1cccc2c1cc(c3c(cc4OCOc4c23)C(=O)O)[N+](=O)[O-],CHEMBL93353,5.00,
COc1cccc2c1CCC3=CC(=O)CC[C@]23C,CHEMBL1318710,5.50,
COc1cccc2c1nc(N)n3nc(CN4CCN(C[C@H]4C)c5ccc(F)cn5)nc23,CHEMBL3596505,,4.66
COc1cccc2c1nc(N)n3nc(CN4CCN(C[C@H]4C)c5ccccn5)nc23,CHEMBL3596507,,4.59
COc1cccc2c1nc(N)n3nc(CN4CCN(C[C@H]4C)c5cccnc5)nc23,CHEMBL3596508,,4.65
COc1cccc2c1nc(N)n3nc(CN4CCN(C[C@H]4C)c5ccncc5)nc23,CHEMBL3596509,,5.66
COc1cccc2c1nc(N)n3nc(CN4CCN(C[C@H]4C)c5ncc(C)s5)nc23,CHEMBL3596515,,4.33
COc1cccc2c1nc(N)n3nc(CN4CCN(C[C@H]4C)c5nsnc5Cl)nc23,CHEMBL3596518,,4.61
COc1cccc2c1O[C@H]([C@H](C)S2(=O)=O)c3ccc(OCCCN4CCCC4)cc3,CHEMBL560386,,5.31
COc1cccc2c1OC(C(C)S2(=O)=O)c3ccc(OC4CCN(CC4)C5CCC5)cc3,CHEMBL562870,,4.85
COc1cccc2c1OC(C(C)S2(=O)=O)c3ccc(OCCCN4CCC[C@@H]4C)cc3,CHEMBL563779,,5.42
COc1cccc2c1OC(C(C)S2(=O)=O)c3ccc(OCCCN4CCC[C@H]4C)cc3,CHEMBL560863,,5.54
COc1cccc2c1OC(C(C)S2(=O)=O)c3ccc(OCCCN4CCCC4)cc3,CHEMBL562722,,5.16
COc1cccc2c1OC(C(C)S2(=O)=O)c3ccc(OCCCN4CCCCC4)cc3,CHEMBL550050,,5.32
COc1cccc2cc3CN(CCCCN4CCn5c(cc6ccccc56)C4=O)CCn3c12,CHEMBL495573,,6.59
COc1cccc2cc3CN(CCCCNC(=O)C4=Cc5ccccc5CN4)CCn3c12,CHEMBL461023,,5.74
COc1cccc2N(CCc12)C(=O)CC3=NC(=CC(=O)N3)N4CCOCC4,CHEMBL3112852,4.40,
COc1cccc2N=C(N(C)C(=O)c12)c3ccc(OC4CCN(CC4)C5CCC5)cc3,CHEMBL453653,,5.00
COc1cccc2nc(ccc12)C#Cc3ccccc3,CHEMBL2335279,,4.21
COc1cccc2nc(ccc12)C#Cc3cccnc3,CHEMBL2335285,,4.19
COc1cccc2OC(=CC(=O)c12)c3ccc(O)cc3,CHEMBL242384,4.80,
COc1cccc2OC(C(C)S(=O)(=O)c12)c3ccc(OCCCN4CCCC4)cc3,CHEMBL549639,,5.20
COc1ccccc1\C=C\C(O)C(=C)C,CHEMBL1355467,5.60,
COc1ccccc1\C=C\C=N\N2CCN(Cc3cccc4ccccc34)CC2,CHEMBL3194219,4.90,
COc1ccccc1\C=C\C2=CC3(C)CC2(C)C(CC3=O)c4ccccc4OC,CHEMBL1553488,5.50,
COc1ccccc1\C=N\N=C(\Nc2ccc(C)cc2)/c3nc4ccccc4s3,CHEMBL3210380,4.75,
COc1ccccc1\C=N\NC(=O)CC(=O)Nc2ccc(Cl)c(Cl)c2,CHEMBL2002680,5.10,
COc1ccccc1C(N2CCCc3ccccc23)c4nnnn4C(C)(C)C,CHEMBL1364955,5.00,
COc1ccccc1C(N2CCN(Cc3ccncc3)CC2)c4nnnn4C(C)(C)C,CHEMBL1465985,5.50,
COc1ccccc1C2=C(Oc3cc(OC(=O)c4cccc(c4C)[N+](=O)[O-])ccc3C2=O)C(F)(F)F,CHEMBL1350113,4.90,
COc1ccccc1C2=NOC(COc3ccc(Cl)c4cccnc34)C2,CHEMBL1349158,4.90,
COc1ccccc1C2CC(=NN2S(=O)(=O)C)c3c(O)nc4ccc(Cl)cc4c3c5ccccc5,CHEMBL1460723,4.40,
COc1ccccc1c2cc(Nc3cc[nH]n3)ncn2,CHEMBL1473317,5.40,
COc1ccccc1c2cc(NCc3cccc(C)c3)ncn2,CHEMBL1355256,5.20,
COc1ccccc1c2cc(ncn2)n3ccnc3,CHEMBL1594612,6.50,
COc1ccccc1c2ccc(OCCCN3CCCCC3)cc2,CHEMBL1822859,,7.12
COc1ccccc1c2ccc3ncnc(N4CCN(C)CC4)c3c2,CHEMBL1476712,5.50,
COc1ccccc1c2ccc3ncnc(N4CCOCC4)c3c2,CHEMBL1593774,5.20,
COc1ccccc1c2ccc3ncnc(NCc4ccccc4)c3c2,CHEMBL491953,4.90,
COc1ccccc1c2ccc3ncnc(NCc4cnc(C)cn4)c3c2,CHEMBL1401243,5.00,
COc1ccccc1c2ccc3ncnc(NCCNC(=O)C)c3c2,CHEMBL1357857,4.70,
COc1ccccc1c2cncnc2N3CCN(C)CC3,CHEMBL1555314,5.60,
COc1ccccc1c2cncnc2n3ccnc3,CHEMBL1318228,6.60,
COc1ccccc1c2cncnc2Nc3ccc(F)cc3,CHEMBL1434082,6.80,
COc1ccccc1c2cncnc2NCc3cccs3,CHEMBL1591971,6.40,
COc1ccccc1c2cncnc2NCCN3CCOCC3,CHEMBL1513633,6.30,
COc1ccccc1c2nc(N(C)C)c3ccccc3n2,CHEMBL1554960,4.80,
COc1ccccc1c2nc(N3CCOCC3)c4ccccc4n2,CHEMBL1318067,4.80,
COc1ccccc1c2nc(NC3CC3)c4ccccc4n2,CHEMBL1551518,4.90,
COc1ccccc1c2nc(Nc3ccncc3)c4ccccc4n2,CHEMBL1397636,5.50,
COc1ccccc1c2nc(NCc3ccccc3)c4ccccc4n2,CHEMBL1516103,5.40,
COc1ccccc1c2nc(NCc3cccnc3)c4ccccc4n2,CHEMBL1490740,5.00,
COc1ccccc1c2nc(NCc3cccs3)c4ccccc4n2,CHEMBL1479741,4.90,
COc1ccccc1c2nc(NCc3cnc(C)cn3)c4ccccc4n2,CHEMBL1592213,4.80,
COc1ccccc1c2nc(NCCN3CCOCC3)c4ccccc4n2,CHEMBL1442538,4.50,
COc1ccccc1c2nccc(Nc3ccc(F)cc3)n2,CHEMBL1513324,5.20,
COc1ccccc1c2nccc(NCc3cccc(C)c3)n2,CHEMBL1436049,5.20,
COc1ccccc1c2nccc(NCc3cccnc3)n2,CHEMBL1325735,5.60,
COc1ccccc1c2nccc(NCc3cccs3)n2,CHEMBL1555348,4.80,
COc1ccccc1c2nccc(NCc3cnc(C)cn3)n2,CHEMBL1317982,4.40,
COc1ccccc1c2nnc(SCc3nc4ccccc4s3)n2C,CHEMBL1612586,4.75,
COc1ccccc1c2nnc(SCCCN3CCc4ccc(cc4CC3)c5cc(C)on5)n2C,CHEMBL390429,,7.40
COc1ccccc1c2oc3cccc(C(=O)N[C@@H]4C[C@H]5CCC[C@@H](C4)N5C)c3n2,CHEMBL3084777,5.96,6.40
COc1ccccc1CC(=N)NOC(=O)c2ccc(C)c(c2)[N+](=O)[O-],CHEMBL1568870,5.00,
COc1ccccc1CC(=O)O\N=C(/N)\c2cccc(c2)[N+](=O)[O-],CHEMBL1373767,4.50,
COc1ccccc1CC(=O)O\N=C(/N)\Cc2cccc3ccccc23,CHEMBL1305545,4.80,
COc1ccccc1CC(N2CCNCC2)c3ccc(F)cc3,CHEMBL1085567,,4.80
COc1ccccc1CCN2C(=O)C(=Nc3cncnc23)C,CHEMBL1317344,5.00,
COc1ccccc1CCN2C(=O)C(=Nc3cncnc23)c4ccc(F)cc4,CHEMBL1330692,5.40,
COc1ccccc1CCN2C(=O)C(=Nc3cncnc23)c4cccc(F)c4,CHEMBL1590397,5.50,
COc1ccccc1CCN2C(=O)C(=Nc3cncnc23)c4ccccc4,CHEMBL1551133,5.40,
COc1ccccc1CCN2C(=O)C(=Nc3cncnc23)c4cn(C)c5ccccc45,CHEMBL1592556,5.60,
COc1ccccc1CCN2C(=O)C(=Nc3cncnc23)CCc4ccccc4,CHEMBL1396792,5.50,
COc1ccccc1CCN2C(=O)C=Nc3cncnc23,CHEMBL1357157,4.70,
COc1ccccc1CCNCC(=O)N2CCc3ccccc3C2C4CCCCC4,CHEMBL3356239,,5.08
COc1ccccc1CCNCc2cc3OCOc3cc2[N+](=O)[O-],CHEMBL1472129,5.60,
COc1ccccc1CN2CC[C@@]3(CCCN(C3)C(=O)c4cc(cc(c4)C(F)(F)F)C(F)(F)F)C2,CHEMBL1553034,5.70,
COc1ccccc1CN2CC[C@@]3(CCCN(C3)C(=O)c4cccc(F)c4)C2,CHEMBL1551616,4.80,
COc1ccccc1CN2CC[C@@]3(CCCN(C3)S(=O)(=O)C)C2,CHEMBL1415080,4.70,
COc1ccccc1CN2CC3(CCN(CC3)C(=O)c4cnccn4)C2,CHEMBL1551380,4.70,
COc1ccccc1CN2CCC(CNC(=O)c3cc(CC(C)C)n(n3)c4ccccc4)(CC2)C#N,CHEMBL1836255,,6.04
COc1ccccc1CN2CCCC3(CCN(CC3)C(=O)c4ccncc4)C2,CHEMBL1474876,5.20,
COc1ccccc1CN2CCCC3(CCN(CC3)C(=O)c4cnccn4)C2,CHEMBL1317741,4.80,
COc1ccccc1CN2CCCC3(CCN(CC3)C(=O)c4csnn4)C2,CHEMBL1552607,4.80,
COc1ccccc1CN2CCCC3(CCN(CC3)S(=O)(=O)c4ccccc4)C2,CHEMBL1357089,5.30,
COc1ccccc1Cn2nnc3c(O)nc(nc23)C4CCN(CC4)C(=O)c5ccc(F)cc5,CHEMBL1362616,4.90,
COc1ccccc1CNC(=O)c2cc3c(C)nn(Cc4ccc(F)cc4)c3s2,CHEMBL1573739,5.55,
COc1ccccc1CNC(=O)Cn2nnc(n2)c3ccncc3,CHEMBL1461511,5.50,
COc1ccccc1CNc2cc(ncn2)c3c(C)onc3C,CHEMBL1475689,4.40,
COc1ccccc1CNc2cc(ncn2)c3ccc(cc3)C(=O)N(C)C,CHEMBL1317712,4.60,
COc1ccccc1CNc2cc(ncn2)c3cccc(c3)C#N,CHEMBL1567569,4.60,
COc1ccccc1CNc2cc(ncn2)c3ccccc3Cl,CHEMBL1374585,4.40,
COc1ccccc1CNc2ccnc(n2)c3c(C)onc3C,CHEMBL1516005,5.30,
COc1ccccc1CNc2ccnc(n2)c3ccc4OCOc4c3,CHEMBL1355712,5.80,
COc1ccccc1CNc2ccnc(n2)c3cccc(c3)C#N,CHEMBL1551200,5.40,
COc1ccccc1CNc2ccnc(n2)c3ccccc3Cl,CHEMBL1514748,5.60,
COc1ccccc1CNc2ccnc(n2)c3ccccc3CN(C)C,CHEMBL1394923,4.80,
COc1ccccc1CNc2ccnc(n2)c3cccnc3,CHEMBL1355896,6.50,
COc1ccccc1CNc2ccnc(n2)c3cocc3,CHEMBL1440487,5.60,
COc1ccccc1CNc2nc(nc3ccccc23)c4ccc(cc4)C(=O)N(C)C,CHEMBL1318045,4.70,
COc1ccccc1CNc2nc(nc3ccccc23)c4ccccc4OC,CHEMBL1317066,4.90,
COc1ccccc1CNc2nc(nc3ccccc23)c4cccnc4,CHEMBL1437226,5.90,
COc1ccccc1CNc2ncnc3ccc(cc23)c4c(C)onc4C,CHEMBL1596241,4.90,
COc1ccccc1CNc2ncnc3ccc(cc23)c4ccc(cc4)C(=O)N(C)C,CHEMBL491952,5.00,
COc1ccccc1CNc2ncnc3ccc(cc23)c4ccc(cc4)N(C)C,CHEMBL521970,5.70,
COc1ccccc1CNc2ncnc3ccc(cc23)c4ccc5OCOc5c4,CHEMBL1516054,5.90,
COc1ccccc1CNc2ncnc3ccc(cc23)c4cccc(c4)C#N,CHEMBL491748,5.10,
COc1ccccc1CNc2ncnc3ccc(cc23)c4cccc(NS(=O)(=O)C)c4,CHEMBL495068,5.50,
COc1ccccc1CNc2ncnc3ccc(cc23)c4ccccc4C#N,CHEMBL475198,5.40,
COc1ccccc1CNc2ncnc3ccc(cc23)c4ccccc4OC,CHEMBL475376,5.20,
COc1ccccc1CNc2ncnc3ccc(cc23)c4cccnc4,CHEMBL1592227,5.70,
COc1ccccc1CNc2ncncc2c3ccc(cc3)N(C)C,CHEMBL489738,6.70,
COc1ccccc1CNc2ncncc2c3ccc4OCOc4c3,CHEMBL1440157,6.70,
COc1ccccc1CNc2ncncc2c3cccc(NS(=O)(=O)C)c3,CHEMBL491943,6.60,
COc1ccccc1CNc2ncncc2c3ccccc3C(F)(F)F,CHEMBL491910,7.10,
COc1ccccc1CNc2ncncc2c3ccccc3CN(C)C,CHEMBL490717,6.20,
COc1ccccc1CNc2ncncc2c3cccnc3,CHEMBL1474114,6.10,
COc1ccccc1CNCC(O)(c2ccc(Cl)cc2)c3ccc(Cl)cc3,CHEMBL1524388,5.45,
COc1ccccc1COC(=O)Nc2c(C)nn(C)c2Cl,CHEMBL1410599,4.80,
COc1ccccc1COCCCOc2ccc(cc2)N3[C@@H](COc4ccc5CCCN(CCN(C)C(=O)C)c5c4)CNCC3=O,CHEMBL377512,7.75,
COc1ccccc1COCCCOc2ccc(cc2)N3[C@@H](COc4ccc5OCC(=O)N(CC(=O)O)c5c4)CNCC3=O,CHEMBL381076,4.60,
COc1ccccc1COCCCOc2ccc(cc2)N3[C@@H](CSc4ccc5OCC(=O)N(CC(=O)O)c5c4)CNCC3=O,CHEMBL380360,4.82,
COc1ccccc1N=C(S)NCCc2ccccc2,CHEMBL1421262,4.95,
COc1ccccc1N2C=C(C(=O)NCC(=O)N3CCN(CC3)c4ccccc4)c5ccccc5C2=O,CHEMBL1607620,5.60,
COc1ccccc1N2Cc3c(nc(C)c(CN)c3c4ccc(Cl)cc4Cl)C2=O,CHEMBL1909991,5.66,
COc1ccccc1N2CCC3CN(CCCSc4nnc(c5cnccn5)n4C)CC23,CHEMBL3775618,,5.70
COc1ccccc1N2CCN(C[C@@H](O)COc3ccc(cc3)C(F)(F)F)CC2,CHEMBL2334606,,5.40
COc1ccccc1N2CCN(C[C@@H](O)COc3cccc4ccccc34)CC2,CHEMBL1446968,4.50,
COc1ccccc1N2CCN(CC2)C(=O)\C=C\c3ccc4OCOc4c3,CHEMBL1368186,5.45,
COc1ccccc1N2CCN(CC2)C(=O)C(NS(=O)(=O)c3cccs3)c4ccccc4,CHEMBL1464912,5.70,
COc1ccccc1N2CCN(CC2)C3=C(C=O)C(=O)N4C=CC=C(C)C4=N3,CHEMBL1582470,4.80,
COc1ccccc1N2CCN(CCCC(C(C)C)(C(=O)O)c3ccc(Br)cc3)CC2,CHEMBL3115193,,5.40
COc1ccccc1N2CCN(CCCCNC(=O)c3ccc4ccccc4c3)CC2,CHEMBL25236,5.10,
COc1ccccc1N2CCN(CCCCNS(=O)(=O)c3cccc4c(cccc34)N(C)C)CC2,CHEMBL575768,5.60,
COc1ccccc1N2CCN(CCCNC3=C(C)C(=O)N(C)C(=O)N3C)CC2,CHEMBL420060,4.70,
COc1ccccc1N2CCN(CCCNC3=CC(=O)N(C)C(=O)N3C)CC2,CHEMBL279229,4.60,
COc1ccccc1N2CCN(CCN(C(=O)C3CCCCC3)c4ccccn4)CC2,CHEMBL31354,5.40,
COc1ccccc1N2CCN(CCN3C(=O)c4ccccc4C(C)(C)C3=O)CC2,CHEMBL362051,4.80,
COc1ccccc1N2CCN(CCN3C(=O)CC4(CCCC4)CC3=O)CC2,CHEMBL13647,4.40,
COc1ccccc1NC(=O)[C@H](COCc2ccccc2)NC(=O)OC(C)(C)C,CHEMBL1559538,4.40,
COc1ccccc1NC(=O)C(C\C=C(/C)\Cl)C(=O)C,CHEMBL1345307,4.85,
COc1ccccc1NC(=O)CC2COc3ccccc3O2,CHEMBL1607197,4.85,
COc1ccccc1NC(=O)Cc2csc(N=C(S)Nc3ccc(C)cc3)n2,CHEMBL1612234,5.45,
COc1ccccc1NC(=O)CN2CCN(CC(=O)Nc3ccc(Cl)c(c3)C(F)(F)F)CC2,CHEMBL1407677,5.10,
COc1ccccc1NC(=O)COC(=O)c2ccc(cc2)S(=O)(=O)NCc3occc3,CHEMBL1568588,4.55,
COc1ccccc1NC(=O)N2CCCC2C(=O)NCc3ccc4OCOc4c3,CHEMBL1741716,6.45,
COc1ccccc1NC(=O)Nc2nnc(s2)c3occc3,CHEMBL1609404,4.75,
COc1ccccc1NCC(=O)N\N=C\2/C[C@H](CC=C2C)C(=C)C,CHEMBL3190944,5.00,
COc1ccccc1NS(=O)(=O)c2cccc(c2)C(=O)OCC(=O)Nc3cc(C)on3,CHEMBL1353502,5.15,
COc1ccccc1OC(C)c2nnc(SCC(=O)NC3=C(C)N(C)N(C3=O)c4ccccc4)n2c5ccccc5,CHEMBL1482804,5.00,
COc1ccccc1Oc2cccc(CN3CCC4(CC3)CCN(CC4)C(=O)c5ccncn5)c2,CHEMBL574655,,5.72
COc1ccccc1Oc2ccccc2CN3CCC4(CC3)CCN(CC4)C(=O)c5cc[n+]([O-])cc5,CHEMBL270971,,6.66
COc1ccccc1Oc2ccccc2CN3CCC4(CC3)CCN(CC4)C(=O)c5ccccn5,CHEMBL271127,,6.92
COc1ccccc1OCCCOc2ccc(cc2Cl)[N+](=O)[O-],CHEMBL1443307,4.85,
COc1ccccc1OCCn2cc(C(=O)c3occc3)c4ccccc24,CHEMBL1380300,5.40,
COc1ccccc1OP(=O)(C)Nc2c(C)cccc2C,CHEMBL1742131,4.85,
COc1ccccc1OP(=O)(C)Nc2ccc(C)cc2C,CHEMBL1306585,5.75,
COc1ccccc1S(=O)(=O)Nc2ccc(cc2)c3nnc4CCCCCn34,CHEMBL1596938,4.85,
COC1CCN(CC1)C2CN(C2)C(=O)c3cn(C)c4c(CN5C[C@H]6N([C@@H](Cc7ccc(O)cc7)C5=O)C(=O)CN(CC=C)N6C(=O)NCc8ccccc8)cccc34,CHEMBL3702729,4.93,
COC1CCN(CC1)S(=O)(=O)c2ccc(cc2)c3ccc(CCN4CCC[C@H]4C)cc3,CHEMBL554506,,5.70
COC1CCN(Cc2csc(n2)c3cn(CC4CCOCC4)c5c(Cl)cccc35)CC1,CHEMBL1762810,,5.80
COc1ccnc(C[S+]([O-])c2nc3cc(OC(F)F)ccc3[nH]2)c1OC,CHEMBL1502,4.40,
COc1ccnc(c1)C2=N[C@@]([C@H](C)N2)(c3ccc(F)cc3)c4ccc(F)nc4,CHEMBL490902,,5.20
COc1ccnc(c1)c2ccc3OC(C)(C)C4(COC4)C5(COC(=N5)N)c3c2,CHEMBL3703266,,5.01
COc1ccnc2[nH]cc(Cc3ccc(NCc4ccc(Cl)cc4)nc3F)c12,CHEMBL3673958,5.30,
COc1ccncc1c2[nH]c3ccccc3c2CCNCc4ccc(\C=C\C(=O)NO)cc4,CHEMBL1819257,,5.07
COC1CN(C1)c2cccc(n2)c3cc(NC(=O)C)nc(n3)n4nc(C)cc4C,CHEMBL487554,4.96,
COC1CN(CCCOc2ccc(F)cc2)CCC1NC(=O)c3cc(Cl)c(N)cc3OC,CHEMBL1729,6.52,6.77
COc1cnc(cn1)C(=O)Nc2cc(F)c(F)c(c2)[C@]3(C)C[C@H](SC(=N3)N)c4c(C)onc4C,CHEMBL3805852,,6.19
COc1cnc(cn1)C(=O)Nc2ccc3OC(C)(C)C4(CC4)[C@]5(COC(=N5)N)c3c2,CHEMBL3650850,,4.68
COc1cnc(cn1)c2ccccc2CCNC(=O)c3ccc(OCCC(F)(F)F)nc3,CHEMBL2147211,,4.70
COc1cnc(nc1)c2ccc(Cn3c(CC(C)(C)C(=O)O)c(SC(C)(C)C)c4cc(OC[C@@H]5Cc6ccccc6N5C(=O)C)ccc34)cc2,CHEMBL595092,4.78,
COc1cnc2[nH]cc(Cc3cnc(NCc4ccc(nc4)C(F)(F)F)c(F)c3)c2c1,CHEMBL3673974,5.30,
COc1cnc2c(CCC34CCC(CC3)(CO4)NCc5ccc6OCC(=O)Nc6n5)ccnc2c1,CHEMBL3422979,,7.81
COc1cnc2c(NCc3nnc4ccc(nn34)c5cc(C)ns5)ccnc2c1,CHEMBL566685,4.59,5.80
COc1cnc2c(NCc3nnc4ccc(nn34)c5ccccc5)ccnc2c1,CHEMBL566875,4.39,
COc1cnc2C=CC(=O)N(CCN3CC[C@@H](NCc4cnc(C)c(c4)C#N)[C@@H](F)C3)c2c1,CHEMBL3290351,,4.05
COc1cnc2C=CC(=O)N(CCN3CCC(CC3)C4C(=O)Nc5ccc(Cl)cc45)c2c1,CHEMBL3318982,,5.32
COc1cnc2C=CC(=O)N(CCN3CCC(CC3)c4c[nH]c5ccc(cc45)C#N)c2c1,CHEMBL3319003,,5.70
COc1cnc2C=CC(=O)N(CCN3CCC(CC3)c4nc5cc(C#N)c(C)cc5[nH]4)c2c1,CHEMBL3318997,5.03,5.00
COc1cnc2C=CC(=O)N(CCN3CCC(CC3)c4nc5cc(Cl)c(F)cc5[nH]4)c2c1,CHEMBL3318991,,5.92
COc1cnc2C=CC(=O)N(CCN3CCC(CC3)NC(=O)c4cnc(C)c(c4)C#N)c2c1,CHEMBL3290344,,4.13
COc1cnc2C=CC(=O)N(CCN3CCC(CC3)NCc4cnc(C)c(n4)C#N)c2c1,CHEMBL3290346,,4.16
COc1cnc2C=CC(=O)N(CCN3CCC(CC3)NCc4cnc(OC)c(c4)C#N)c2c1,CHEMBL3290345,,4.92
COc1cnc2N=CC(=O)N(CCN3CCC(CC3)c4nc5cc(Cl)c(C)cc5[nH]4)c2c1,CHEMBL3318995,,5.00
COc1cncc(c1)c2cc(NC(=O)C)nc(n2)n3nc(C)cc3C,CHEMBL458242,4.75,4.62
COc1cncc(c1)c2ccc3CC(=O)CCc3c2,CHEMBL499007,5.42,
COc1cncc(c1)c2ccc3ccc(O)cc3c2Cl,CHEMBL2420682,5.38,
COc1cncc(c1)c2oc(nc2)C(C)(C)N3CCN(C[C@@H](O)C[C@@H](Cc4ccccc4)C(=O)N[C@@H]5[C@H](O)COc6ccccc56)[C@@H](C3)C(=O)NCC(F)(F)F,CHEMBL3706615,7.40,
COc1cnccc1[C@@H]2CC[C@H](CC2)N3CC(C3)NC(=O)CNC(=O)c4cccc(c4)C(F)(F)F,CHEMBL1829620,,5.09
COC1COCCC1N[C@@H]2C[C@H]3CCC[C@]3(C2)C(=O)N4CCc5ccc(cc5C4)C#N,CHEMBL2313767,,4.47
COC1COCCC1N[C@@H]2C[C@H]3CCC[C@]3(C2)C(=O)N4CCc5ccc(cc5C4)C(F)(F)F,CHEMBL2314054,,4.56
COC1COCCC1N[C@@H]2C[C@H]3CCC[C@]3(C2)C(=O)N4CCc5ncc(Br)cc5C4,CHEMBL2313783,,4.31
COC1COCCC1N[C@@H]2C[C@H]3CCC[C@]3(C2)C(=O)N4CCc5ncc(Cl)cc5C4,CHEMBL2313782,,4.48
COC1COCCC1N[C@@H]2C[C@H]3CCC[C@]3(C2)C(=O)N4CCc5ncc(OC(C)C)cc5C4,CHEMBL2314050,,4.33
COC1COCCC1N[C@@H]2C[C@H]3CCCC[C@]3(C2)C(=O)N4CCc5ncc(cc5C4)C(F)(F)F,CHEMBL2314065,,4.39
COC1COCCC1N[C@@H]2C[C@H]3CN(C[C@]3(C2)C(=O)N4CCc5ncc(cc5C4)C(F)(F)F)C(=O)\C=C\c6ccccc6,CHEMBL3115272,,4.62
COC1COCCC1N[C@@H]2C[C@H]3CN(C[C@]3(C2)C(=O)N4CCc5ncc(cc5C4)C(F)(F)F)c6ccccc6,CHEMBL3115268,,4.64
COc1nc(nc(C)c1F)N2C[C@H]3C(=O)N(C)C(=N)N[C@]3(C2)c4ccc(Cl)s4,CHEMBL3798199,4.75,
COc1nc(nc(C)c1F)N2C[C@H]3C(=O)N(C)C(=N[C@]3(C2)c4c(F)cc(F)c(F)c4F)N,CHEMBL3640275,4.52,
COc1nc(nc(C)c1F)N2C[C@H]3C(=O)N(C)C(=N[C@]3(C2)c4ccc(F)cc4)N,CHEMBL3640263,4.47,
COc1nc(Nc2cccc3c2nc(c4ccc(F)cc4)n3C)ccc1n5cnc(C)c5,CHEMBL2151164,5.06,5.07
COc1nc2c(CCC34CCC(CC3)(CO4)NCc5ccc6OCC(=O)Nc6n5)c(F)cnc2cc1F,CHEMBL3422952,,9.14
COc1nc2c(CCC34CCC(CC3)(CO4)NCc5ccc6OCC(=O)Nc6n5)ccnc2cc1C#N,CHEMBL3422966,,8.80
COc1nc2c(CCC34CCC(CC3)(CO4)NCc5ccc6OCC(=O)Nc6n5)ccnc2cc1Cl,CHEMBL3422963,,8.38
COc1nc2c(CCC34CCC(CC3)(CO4)NCc5ccc6OCC(=O)Nc6n5)ccnc2cc1F,CHEMBL3422965,,8.60
COc1ncc(\C=C\2/C[C@H]3[C@@H]4CC[C@H]5N(C)C(=O)C=C[C@]5(C)[C@H]4CC[C@]3(C)[C@H]2O)cn1,CHEMBL559878,,5.10
COc1ncc(cn1)c2cccc(Cl)c2CCNC(=O)c3ccc(OCCC(F)(F)F)nc3,CHEMBL2147223,,5.40
COc1ncc(cn1)c2cccc(OC(F)F)c2CCNC(=O)c3ccc(OCCC(F)(F)F)nc3,CHEMBL2147304,,5.40
COc1ncc(cn1)c2cccc3OC[C@H](Cc23)NC(=O)c4ccc(COCC(F)(F)F)nc4,CHEMBL2069423,,4.80
COc1ncc(cn1)c2cccc3OC[C@H](Cc23)NC(=O)c4ccc(OCCC(F)(F)F)nc4,CHEMBL2069422,,4.90
COc1ncc(CNc2ncc(Cc3c[nH]c4ncc(C)cc34)cn2)cc1F,CHEMBL3673971,5.30,
COc1ncc2N=C(C(=O)N(C[C@H]3CCCO3)c2n1)c4cc(F)cc(F)c4,CHEMBL1512444,4.60,
COc1ncc2N=C(C(=O)N(C[C@H]3CCCO3)c2n1)c4ccccc4,CHEMBL1515565,4.60,
COc1ncc2N=C(C(=O)N(c3ccccc3)c2n1)c4cn(C)c5ccccc45,CHEMBL1455462,5.50,
COc1ncc2N=C(C(=O)N(Cc3ccc(F)cc3)c2n1)c4ccc(F)cc4,CHEMBL1521133,5.50,
COc1ncc2N=C(C(=O)N(Cc3ccc(F)cc3)c2n1)c4cccs4,CHEMBL1355089,5.50,
COc1ncc2N=C(C(=O)N(CCC#N)c2n1)c3cc(F)cc(F)c3,CHEMBL1569718,4.70,
COc1ncc2N=C(C(=O)N(CCC#N)c2n1)c3ccc(Cl)cc3,CHEMBL1595371,5.50,
COc1ncc2N=C(C(=O)N(CCC#N)c2n1)c3cccc(c3)C#N,CHEMBL1330296,4.60,
COc1ncc2N=C(C(=O)N(CCC#N)c2n1)c3ccccc3,CHEMBL1475284,4.60,
COc1ncc2N=C(C(=O)N(CCC#N)c2n1)c3cccs3,CHEMBL1590230,5.00,
COc1ncc2N=C(C(=O)N(CCc3ccccc3)c2n1)c4cc(F)cc(F)c4,CHEMBL1325701,5.30,
COc1ncc2N=C(C(=O)N(CCc3ccccc3)c2n1)c4cccs4,CHEMBL1434833,5.00,
COc1ncc2N=C(C(=O)N(CCc3ccccc3)c2n1)c4cn(C)c5ccccc45,CHEMBL1433687,5.10,
COc1ncc2N=C(C)C(=O)N(C3CC3)c2n1,CHEMBL1378901,4.60,
COc1ncc2N=C(C)C(=O)N(CCc3ccccc3)c2n1,CHEMBL1535635,4.80,
COc1ncc2N=C(CCc3ccccc3)C(=O)N(C4CC4)c2n1,CHEMBL1433785,4.50,
COc1ncc2N=C(CCc3ccccc3)C(=O)N(c4ccccc4)c2n1,CHEMBL1590259,4.90,
COc1ncc2N=C(CCc3ccccc3)C(=O)N(Cc4ccc(F)cc4)c2n1,CHEMBL1512385,5.40,
COc1ncc2N=C(CCc3ccccc3)C(=O)N(CCc4ccccc4)c2n1,CHEMBL1472880,5.50,
COc1ncccc1[C@@H](C)c2c(CCN(C)C)sc3ccccc23,CHEMBL1093294,,5.75
COc1ncccc1CNc2ccc(Cc3c[nH]c4ncc(C)cc34)c(F)n2,CHEMBL3673964,5.30,
COc1ncccc1CNc2ccc(Cc3c[nH]c4ncccc34)c(F)n2,CHEMBL3673962,5.30,
COc1ncccc1CNc2ncc(Cc3c[nH]c4ncc(C)cc34)cn2,CHEMBL3669005,5.30,
COc1nccnc1[C@H](C)C2=C(CCN(C)C)Cc3cc(C)ccc23,CHEMBL1090176,,5.42
COc1nccnc1[C@H](C)C2=C(CCN(C)C)Cc3ccccc23,CHEMBL1092597,,5.12
COc1nccnc1N2C(=O)N(C(=O)C23CCN(Cc4ncccc4C)CC3)c5ccc(cc5)c6ccc(cc6C)C(=O)O,CHEMBL2041185,,5.85
COC1OC2(CCN(Cc3ccccc3)CC2)c4cnn(c5ccccc5)c14,CHEMBL410832,,9.39
COCC#Cc1ccc(cc1)C2C(C)CCC3N2C(=O)C4CCC(C)C(N4C3=O)c5ccc(cc5)C#CCOC,CHEMBL1435902,5.90,
COCC(=O)N[C@@H](Cc1ccc(cc1)c2nccs2)[C@H](O)CN[C@H]3CC4(CCC4)Oc5ncc(CC(C)(C)C)cc35,CHEMBL2181898,7.52,
COCC(=O)N[C@@H](Cc1cccc(c1)C#C)[C@H](O)CN[C@H]2CC3(CCC3)Oc4ncc(CC(C)(C)C)cc24,CHEMBL2181896,7.52,
COCC(=O)N[C@@H](Cc1cccc(c1)c2ccncc2)[C@H](O)CN[C@H]3CC4(CCC4)Oc5ncc(CC(C)(C)C)cc35,CHEMBL2181888,6.80,
COCC(=O)N[C@@H](Cc1cccc(c1)c2cncs2)[C@H](O)CN[C@H]3CC4(CCC4)Oc5ncc(CC(C)(C)C)cc35,CHEMBL2181893,7.52,
COCC(=O)N[C@@H](Cc1cccc(c1)c2cscn2)[C@H](O)CN[C@H]3CC4(CCC4)Oc5ncc(CC(C)(C)C)cc35,CHEMBL2181894,7.00,
COCC(=O)N[C@@H](Cc1cccc(c1)c2nccn2C)[C@H](O)CN[C@H]3CC4(CCC4)Oc5ncc(CC(C)(C)C)cc35,CHEMBL2181891,7.30,
COCC(=O)N[C@@H](Cc1cccc(c1)c2nccs2)[C@H](O)CN[C@H]3CC4(CCC4)Oc5ncc(CC(C)(C)C)cc35,CHEMBL2181892,7.00,
COCC(=O)N[C@@H](Cc1cccc(c1)c2occn2)[C@H](O)CN[C@H]3CC4(CCC4)Oc5ncc(CC(C)(C)C)cc35,CHEMBL2181890,7.00,
COCC(=O)N\N=C\c1oc(Sc2nc3ccccc3s2)cc1,CHEMBL3192809,4.65,
COCC(=O)N1CCC[C@@]2(CCN(C2)C(=O)Nc3cccc(F)c3)C1,CHEMBL1551802,4.60,
COCC(=O)N1CCC[C@@]2(CCN(C2)C(c3ccccc3)c4ccccc4)C1,CHEMBL1473188,5.00,
COCC(=O)N1CCC[C@@]2(CCN(Cc3cc(cc(c3)C(F)(F)F)C(F)(F)F)C2)C1,CHEMBL1475484,5.30,
COCC(=O)N1CCC[C@@]2(CCN(Cc3ccccc3)C2)C1,CHEMBL1480687,4.60,
COCC(=O)N1CCC2(CC1)CCN(CC2)c3ccc(cc3)c4ccccc4,CHEMBL1552332,5.90,
COCC(=O)N1CCC2(CC1)CN(C2)c3ccc(cc3)c4ccccc4,CHEMBL1476184,4.90,
COCC(=O)N1CCC2(CCCN(C2)C(c3ccccc3)c4ccccc4)CC1,CHEMBL1513439,4.90,
COCC(=O)N1CCC2(CCCN(C2)c3ccncc3)CC1,CHEMBL1476230,4.60,
COCC(=O)N1CCC2(CCCN(Cc3cc(cc(c3)C(F)(F)F)C(F)(F)F)C2)CC1,CHEMBL1357530,4.70,
COCC(=O)N1CCC2(CCCN(Cc3ccncc3)C2)CC1,CHEMBL1557657,4.90,
COCC(=O)N1CCC2(CCN(CC2)C(c3ccccc3)c4ccccc4)CC1,CHEMBL1523816,4.60,
COCC(=O)N1CCN(CC1)c2cc(C)c3nc([nH]c3c2)C4=C(NC[C@@H](O)c5cccc(Cl)c5)C=CNC4=O,CHEMBL1098712,6.10,
COCC(=O)NC1CCN(CC1)c2nc(C)c3cc(NC(=O)\C=C\c4ccc(Cl)cc4)ccc3n2,CHEMBL2017760,,5.92
COCC(=O)OC1(CCN(C)CCCc2nc3ccccc3[nH]2)CCc4cc(F)ccc4C1C(C)C,CHEMBL3706574,,5.84
COCC(C)n1c(C)cc(C(=O)CSc2nnc(Nc3ccccc3F)s2)c1C,CHEMBL1557015,5.80,
COCC(C)Nc1nc(N2CCOC[C@@H]2C)c3ccc(nc3n1)c4ccc(OC)c(CO)c4,CHEMBL2336334,,4.77
COCC[C@H](Oc1ncnc2c1cnn2c3ccccc3Cl)C(=O)Nc4ccc(C)cn4,CHEMBL2206790,,4.66
COCC\N=C/1\OC(=O)N2C(=O)C3=C4[C@@H](C[C@@H]5[C@H]([C@H]4[C@@]12Cc6ccccc6)C(=O)N(C5=O)c7ccccc7)[C@@H]8[C@H]([C@H]3C)C(=O)N(C8=O)c9ccccc9,CHEMBL1440548,5.30,
COCC\N=C/1\Sc2nc3c(C)cccc3cc2CN1Cc4occc4,CHEMBL3191940,4.85,
COCC1[C@@H](C)C2=C3C(CC[C@H]4C(OCc5ccc(F)cc5C(F)(F)F)OC[C@](C)([C@@H]34)N(C2)C(=O)OC(C)(C)C)C1COC,CHEMBL1529625,4.80,
COCC1[C@@H](C)C2=C3C(CC[C@H]4C(OCc5ccc(OC)cc5)OC[C@](C)([C@@H]34)N(C2)C(=O)OC(C)(C)C)C1COC,CHEMBL1484032,5.80,
COCC1[C@@H]2CC[C@H]1CN(CCN3CCN(C3=O)c4cccc(Cl)c4)C2,CHEMBL541435,,6.00
COCc1cc(C)nc(OCC(=O)N\N=C\c2oc(cc2)c3cccc(c3)[N+](=O)[O-])c1C#N,CHEMBL3189813,5.65,
COCc1cnc(nc1)N2CCC(CC2)[C@H]3C[C@H]3COCc4ccc(cc4F)S(=O)(=O)C,CHEMBL3622175,4.40,4.89
COCCc1cc(Cl)c(Cl)c(CN(C2CC2)C(=O)[C@H]3CNCC[C@@H]3C4=CC(=O)N(C)C=C4)c1,CHEMBL1795912,,4.96
COCCc1ccc(Cl)c(CN(C2CC2)C(=O)[C@H]3CNCC[C@@H]3c4ccc(OCCOc5c(Cl)cc(C)cc5Cl)cc4)c1,CHEMBL1269672,5.50,
COCCCC\C(=N/OCCN)\c1ccc(cc1)C(F)(F)F,CHEMBL814,,5.51
COCCCC\C(=N\OCCN)\c1ccc(cc1)C(F)(F)F,CHEMBL1314286,4.80,
COCCCc1cc(C)c(C)c(CN(C2CC2)C(=O)[C@H]3CNCC[C@@]34OCc5cc(F)c(F)cc45)c1,CHEMBL1923119,5.46,5.00
COCCCc1cc(CCC(=O)N2CCOCC2)c(Cl)c(CN(C3CC3)C(=O)[C@H]4CNCC[C@@]45OCc6cc(F)c(F)cc56)c1,CHEMBL1923132,5.55,4.33
COCCCc1cc(CCCN2CCOCC2)c(Cl)c(CN(C3CC3)C(=O)[C@H]4CNCC[C@@]45OCc6cc(F)c(F)cc56)c1,CHEMBL1923127,5.59,4.64
COCCCc1cc(Cl)c(Cl)c(CN(C2CC2)C(=O)[C@H]3CNCC[C@@H]3C4=CC(=O)N(C)C=C4)c1,CHEMBL1795909,,5.32
COCCCc1cc(Cl)cc(CN(C2CC2)C(=O)[C@H]3CNCC[C@@H]3C4=CC(=O)N(C)C=C4)c1,CHEMBL1795911,,5.12
COCCCc1cc(CN(C2CC2)C(=O)[C@H]3CNCC[C@@]34OC=Cc5ccccc45)cc(OCCOC)c1,CHEMBL1923109,5.96,5.16
COCCCc1cc(CN(C2CC2)C(=O)[C@H]3CNCC[C@@]34OCc5cc(F)c(F)cc45)cc(OCCOC)c1,CHEMBL1923111,4.89,4.62
COCCCc1cc(CN(C2CC2)C(=O)[C@H]3CNCC[C@@H]3C4=CC(=O)N(C)C=C4)c5ccccc5c1,CHEMBL1796065,,4.77
COCCCc1cc(CN(C2CC2)C(=O)[C@H]3CNCC[C@@H]3C4=CC(=O)N(C)C=C4)c5ncccc5c1,CHEMBL1796067,,4.57
COCCCc1cc(CN(C2CC2)C(=O)[C@H]3CNCC[C@@H]3C4=CC(=O)N(C)c5cc(Cl)ccc45)cc(OCCOC)c1,CHEMBL1795907,,5.17
COCCCc1cc(CN(C2CC2)C(=O)[C@H]3CNCC[C@@H]3c4ccc(OCCOc5c(Cl)cc(C)cc5Cl)cc4)c(Cl)cn1,CHEMBL1269697,5.23,
COCCCc1cc(CN(C2CC2)C(=O)[C@H]3CNCC[C@@H]3c4ccc(OCCOc5c(Cl)cc(C)cc5Cl)cc4)cc(OC[C@H]6C[C@@H]6C(=O)OCOC(=O)C(C)(C)C)c1,CHEMBL1761528,,7.40
COCCCc1cc(CN(C2CC2)C(=O)[C@H]3CNCC[C@@H]3c4ccc(OCCOc5c(Cl)cc(C)cc5Cl)cc4)cc(OCC(C)(C)C(=O)O)c1,CHEMBL1761531,,6.22
COCCCc1cc(CN(C2CC2)C(=O)[C@H]3CNCC[C@@H]3c4ccc(OCCOc5c(Cl)cc(C)cc5Cl)cc4)cc(OCC(C)(C)O)c1,CHEMBL1761523,5.25,6.89
COCCCc1cc(CN(C2CC2)C(=O)[C@H]3CNCC[C@@H]3c4ccc(OCCOc5c(Cl)cc(C)cc5Cl)cc4)cc(OCC6(CC#N)CC6)c1,CHEMBL1761518,4.71,7.22
COCCCc1cc(CN(C2CC2)C(=O)[C@H]3CNCC[C@@H]3c4ccc(OCCOc5c(Cl)cc(C)cc5Cl)cc4)cc(OCCC(C)(C)C(=O)O)c1,CHEMBL1761532,,6.40
COCCCc1cc(CN(C2CC2)C(=O)[C@H]3CNCC[C@@H]3c4ccc(OCCOc5c(Cl)cc(C)cc5Cl)cc4)cc(OCCC6(CCCC6)C(=O)O)c1,CHEMBL1761535,,6.30
COCCCc1cc(CN(C2CC2)C(=O)[C@H]3CNCC[C@@H]3c4ccc(OCCOc5c(Cl)cc(C)cc5Cl)cc4)cc(OCCCC(C)(C)C(=O)O)c1,CHEMBL1761533,,6.70
COCCCc1cc(CN(C2CC2)C(=O)[C@H]3CNCC[C@@H]3c4ccc(OCCOc5c(Cl)cc(C)cc5Cl)cc4)cc(OCCN(C)C)c1,CHEMBL1761520,4.64,6.75
COCCCc1cc(CN(C2CC2)C(=O)[C@H]3CNCC[C@@H]3c4ccc(OCCOc5c(Cl)cc(C)cc5Cl)cc4)cc(OCCOC)c1,CHEMBL1761519,4.67,6.10
COCCCc1cc(CN(C2CC2)C(=O)[C@H]3CNCC[C@]3(O)c4ccc(F)c(F)c4)cc(OCCOC)c1,CHEMBL1910292,6.05,5.35
COCCCc1ccc(Cl)c(CN(C2CC2)C(=O)[C@H](CN)Cc3ccc(CCCOc4c(Cl)cc(C)cc4Cl)cc3)c1,CHEMBL1093286,6.89,
COCCCc1ccc(Cl)c(CN(C2CC2)C(=O)[C@H]3CNCC[C@@H]3C4=CC(=O)N(C)C=C4)c1,CHEMBL1795910,,4.55
COCCCc1ccc(Cl)c(CN(C2CC2)C(=O)[C@H]3CNCC[C@@H]3c4ccc(OCCOc5c(Cl)cc(C)cc5Cl)cc4)c1,CHEMBL1269671,5.09,
COCCCc1ccc(Cl)c(CN(C2CC2)C(=O)[C@H]3CNCC[C@]3(O)c4ccc(F)c(F)c4)c1,CHEMBL1910296,,6.00
COCCCc1ccc(F)c2c(CN(C3CC3)C(=O)[C@H]4CNCC[C@]4(O)c5ccc(F)c(F)c5)c[nH]c12,CHEMBL1910301,,5.96
COCCCc1cccc2cccc(CN(C3CC3)C(=O)[C@H]4CNCC[C@@]45OCc6cc(F)c(F)cc56)c12,CHEMBL1923122,4.82,5.12
COCCCN1C(=O)c2c3CCCc3sc2N=C1SCc4oc(nn4)c5ccccc5,CHEMBL1607419,4.95,
COCCCN1C(=O)COc2ccc(SC[C@H]3CNCC(=O)N3c4ccc(OCCCOCc5ccccc5OC)cc4)cc12,CHEMBL205345,7.85,
COCCCn1c(N)c(C(=O)Nc2sc3CCCCc3c2C(=O)OC)c4nc5ccccc5nc14,CHEMBL1466281,4.80,
COCCCn1cc(CN(C2CC2)C(=O)[C@H]3CNCC[C@]3(O)c4ccc(F)c(F)c4)c5c(F)ccc(CCC#N)c15,CHEMBL1910303,,6.22
COCCCn1cc(CN(C2CC2)C(=O)[C@H]3CNCC[C@]3(O)c4ccc(F)c(F)c4)c5c(F)ccc(Cn6ccnc6)c15,CHEMBL1910306,,5.85
COCCCn1cc(CN(C2CC2)C(=O)[C@H]3CNCC[C@]3(O)c4ccc(F)c(F)c4)c5c(F)ccc(CN6CCOCC6)c15,CHEMBL1910305,,6.05
COCCCn1cc(CN(C2CC2)C(=O)[C@H]3CNCC[C@]3(O)c4ccc(F)c(F)c4)c5c(F)ccc(CS(=O)(=O)C)c15,CHEMBL1910304,,5.75
COCCCN1CCC(CNC(=O)c2nc(C(C)C)n3ccccc23)CC1,CHEMBL3741821,4.57,
COCCCN1CCCc2ccc(OC[C@H]3CNCC(=O)N3c4ccc(OCCCOCc5ccccc5OC)cc4)cc12,CHEMBL377531,7.92,
COCCCNC(=O)c1c(N)n(\N=C\c2ccccn2)c3nc4ccccc4nc13,CHEMBL1725507,5.35,
COCCCNC(=O)C1C2OC3(CN(Cc4ccc(C)cc4)C(=O)C13)C=C2,CHEMBL1411945,5.10,
COCCCNC(=O)c1cn(C)c2c(CN3C[C@H]4N([C@@H](Cc5ccc(O)cc5)C3=O)C(=O)CN(CC=C)N4C(=O)NCc6ccccc6)cccc12,CHEMBL3702734,5.42,
COCCCNC(=O)C1CN(Cc2ccc(OC)cc2)C(=O)C1,CHEMBL1728281,4.70,
COCCCNC(=O)CCC(=O)Nc1ccc2nc(cc(C)c2c1)N3CCOCC3,CHEMBL1561349,4.90,
COCCCOc1cc(ccc1OC)C(=O)N(C[C@@H]2CNC[C@H]2NC(=O)CCc3ccccc3)C(C)C,CHEMBL3400445,5.51,
COCCCOc1cc(ccc1OC)C(=O)N(C[C@@H]2CNC[C@H]2NC(=O)OCC3CCCCC3)C(C)C,CHEMBL3400449,5.47,
COCCCOc1cc(ccc1OC)C(=O)N(C[C@@H]2CNC[C@H]2NC(=O)OCc3ccccc3)C(C)C,CHEMBL3400450,4.83,
COCCCOc1cc(ccc1OC)C(=O)N(C[C@@H]2CNC[C@H]2NS(=O)(=O)CC3CCOCC3)C(C)C,CHEMBL3400459,5.00,
COCCN(C)c1cccc(n1)c2cc(NC(=O)C)nc(n2)n3nc(C)cc3C,CHEMBL485972,5.60,
COCCN(C)c1nc(N)c(CN)c(n1)c2ccc(Cl)cc2Cl,CHEMBL324777,4.52,
COCCN(C)CCN1C(=O)c2ccc(OC)cc2C(=C1C#N)c3cccc(F)c3,CHEMBL215050,,5.78
COCCN(CC(=O)N(C)C(CN1CCCC1)c2ccc(cc2)c3ccc(cc3)C(=O)N)c4ccc(Cl)c(Cl)c4,CHEMBL453067,5.59,
COCCN(CC(=O)N1CCCC(C1CN2CCOCC2)c3ccccc3)c4ccc(Cl)c(Cl)c4,CHEMBL402813,6.32,
COCCN(CCOC)c1nc(C)nc2c1nc(c3ccccc3)n2CC4CCN(C)CC4,CHEMBL1355335,4.80,
COCCN(CCOC)c1nc(C)nc2c1nc(c3ccccc3)n2CCCN(C)C,CHEMBL1325975,5.10,
COCCN(CCOC)c1nc(C)nc2c1nc(c3ccccc3)n2CCCN4CCCCC4C,CHEMBL1475667,4.90,
COCCN(CCOC)c1nc(C)nc2c1nc(c3ccccc3)n2CCN4CCOCC4,CHEMBL1476904,6.00,
COCCN1C(=O)C(=Nc2cnc(nc12)N(C)C)c3ccccc3,CHEMBL1592470,4.40,
COCCN1C(=O)C(=Nc2cnc(nc12)N(C)C)c3cccs3,CHEMBL1358215,5.10,
COCCN1C(=O)C(=Nc2cnc(nc12)N3CCN(C)CC3)c4cccs4,CHEMBL1552353,4.50,
COCCN1C(=O)C(=Nc2cnc(nc12)N3CCNCC3)c4ccccc4,CHEMBL1472732,4.80,
COCCN1C(=O)C(=Nc2cnc(Nc3cccc(OC)c3)nc12)C,CHEMBL1433668,4.80,
COCCN1C(=O)C(=Nc2cnc(Nc3cccc(OC)c3)nc12)c4ccc(F)cc4,CHEMBL1553136,5.10,
COCCN1C(=O)C(=Nc2cnc(Nc3cccc(OC)c3)nc12)c4ccc(OC)cc4,CHEMBL1523957,5.30,
COCCN1C(=O)C(=Nc2cnc(Nc3cccc(OC)c3)nc12)CCc4ccccc4,CHEMBL1437263,5.40,
COCCN1C(=O)C(=Nc2cnc(OC)nc12)c3ccc(F)cc3,CHEMBL1443393,4.80,
COCCN1C(=O)C(=Nc2cnc(OC)nc12)c3ccc(OC)cc3,CHEMBL1553804,4.80,
COCCN1C(=O)C(=Nc2cnc(OC)nc12)c3cccs3,CHEMBL1595377,5.00,
COCCN1C(=O)C(=Nc2cnc(OC)nc12)CCc3ccccc3,CHEMBL1435912,4.90,
COCCN1C(=O)C(=Nc2cnc(Oc3ccc(OC)cc3)nc12)c4ccc(Cl)cc4,CHEMBL1315833,5.30,
COCCN1C(=O)C(=Nc2cnc(Oc3ccc(OC)cc3)nc12)c4ccc(F)cc4,CHEMBL1449218,5.70,
COCCN1C(=O)C(=Nc2cnc(Oc3ccc(OC)cc3)nc12)c4cccc(c4)C#N,CHEMBL1473420,5.60,
COCCN1C(=O)C(=Nc2cnc(Oc3ccc(OC)cc3)nc12)c4ccccc4,CHEMBL1370770,6.00,
COCCN1C(=O)C(=Nc2cnc(Oc3ccc(OC)cc3)nc12)c4cccs4,CHEMBL1439882,6.10,
COCCN1C(=O)C(=Nc2cnc(Oc3ccc(OC)cc3)nc12)c4cn(C)c5ccccc45,CHEMBL1529543,5.40,
COCCN1C(=O)C(=Nc2cnc(Oc3cccc(Cl)c3)nc12)C,CHEMBL1318454,4.90,
COCCN1C(=O)C(=Nc2cnc(Oc3cccc(Cl)c3)nc12)c4cc(F)cc(F)c4,CHEMBL1433898,5.00,
COCCN1C(=O)C(=Nc2cnc(Oc3cccc(Cl)c3)nc12)c4ccc(F)cc4,CHEMBL1512413,5.10,
COCCN1C(=O)C(=Nc2cnc(Oc3cccc(Cl)c3)nc12)c4ccccc4,CHEMBL1369515,4.70,
COCCN1C(=O)C(=Nc2cnc(Oc3cccc(Cl)c3)nc12)CCc4ccccc4,CHEMBL1477140,6.10,
COCCN1C(=O)C(=Nc2cnc(Oc3ccccc3)nc12)c4ccc(F)cc4,CHEMBL1592506,4.80,
COCCN1C(=O)C(=Nc2cnc(Oc3ccccc3)nc12)c4ccc(OC)cc4,CHEMBL1364366,5.10,
COCCN1C(=O)C(=Nc2cnc(Oc3ccccc3)nc12)c4ccccc4,CHEMBL1433704,4.50,
COCCN1C(=O)C(=Nc2cnc(Oc3ccccc3)nc12)c4cn(C)c5ccccc45,CHEMBL1609896,5.50,
COCCN1C(=O)C(=Nc2cnc(OCc3ccccc3)nc12)C,CHEMBL1354388,4.90,
COCCN1C(=O)C(=Nc2cnc(OCc3ccccc3)nc12)c4cc(F)cc(F)c4,CHEMBL1396989,4.90,
COCCN1C(=O)C(=Nc2cnc(OCc3ccccc3)nc12)c4ccc(Cl)cc4,CHEMBL1513659,4.60,
COCCN1C(=O)C(=Nc2cnc(OCc3ccccc3)nc12)c4ccc(OC)cc4,CHEMBL1366157,4.60,
COCCN1C(=O)C(=Nc2cnc(OCc3ccccc3)nc12)c4cccc(c4)C#N,CHEMBL1317769,5.00,
COCCN1C(=O)C(=Nc2cnc(OCc3ccccc3)nc12)c4ccccc4,CHEMBL1514016,4.60,
COCCN1C(=O)C(=Nc2cnc(OCc3ccccc3)nc12)CCc4ccccc4,CHEMBL1435384,5.60,
COCCN1C(=O)C(=Nc2cncnc12)C,CHEMBL1448839,4.90,
COCCN1C(=O)C(=Nc2cncnc12)c3cccc(F)c3,CHEMBL1436976,4.80,
COCCN1C(=O)C(=Nc2cncnc12)c3cccs3,CHEMBL1315091,4.80,
COCCN1C(=O)C(=Nc2cncnc12)CCc3ccccc3,CHEMBL1597107,5.10,
COCCN1C(=O)C=Nc2cnc(Nc3cccc(OC)c3)nc12,CHEMBL1397427,4.80,
COCCN1C(=O)C=Nc2cnc(Oc3ccccc3)nc12,CHEMBL1323956,4.60,
COCCN1C(=O)C=Nc2cnc(OCc3ccccc3)nc12,CHEMBL1600394,4.70,
COCCn1c(Cc2ccccc2)nnc1SCc3nc(O)c4ccccc4n3,CHEMBL1519372,5.50,
COCCn1c2C[C@H]3CN(C(=O)c4ccccc4)[C@](Cc5ccc(F)cc5)([C@H]3c2cc1C(=O)N(C)C)C(=O)OC,CHEMBL1568071,5.80,
COCCn1c2C[C@H]3CN(C(=O)c4ccccc4)[C@](Cc5ccc(F)cc5)([C@H]3c2cc1C(=O)N6CCCC6)C(=O)OC,CHEMBL1409996,5.70,
COCCN1CCC(CC1)c2cc(C)c3nc([nH]c3c2)C4=C(NC[C@@H](O)c5cccc(Cl)c5)C=CNC4=O,CHEMBL468671,4.96,
COCCN1CCC(CC1)c2cc(C)c3nc([nH]c3c2)C4=C(NCCn5cc(Cl)cn5)C=CNC4=O,CHEMBL460997,4.71,
COCCN1CCC[C@@H](CN2C(=O)c3nn(cc3N=C2c4ccccc4C)c5ccc(Cl)cc5)C1,CHEMBL3218650,,5.60
COCCN1CCC[C@@H](CN2C(=O)c3sc(cc3N=C2c4ccccc4C)c5ccc(Cl)cc5)C1,CHEMBL3218648,,5.68
COCCN1CCC[C@@H]1CN2N=C(Cc3ccc(Cl)cc3)c4ccccc4C2=O,CHEMBL2146803,,6.60
COCCN1CCC[C@@H]1CN2N=C(Cc3ccc(Cl)cc3)c4ncccc4C2=O,CHEMBL2146811,,7.20
COCCN1CCN(CC1)c2cc(C)c3nc([nH]c3c2)C4=C(NC[C@@H](O)c5cccc(Cl)c5)C=CNC4=O,CHEMBL1094165,5.54,
COCCN1CCN(CC1)c2cc3c(Nc4ccc(C)cc4F)c(nnc3cc2OC)C(=O)N,CHEMBL2409401,,4.64
COCCN1CSC(=S)N(Cc2occc2)C1,CHEMBL1310701,4.80,
COCCNC(=O)[C@@]1(C)C=C[C@@H](Cc2ccccc2)N1C(=O)c3ccccc3,CHEMBL1329889,5.10,
COCCNC(=O)[C@H](C)[C@H]1C[C@]1(C)[C@H](NC(=O)OCc2ccccc2)c3ccccc3,CHEMBL1319049,5.50,
COCCNC(=O)[C@H](C)\C=C\C(NC(=O)OCc1ccccc1)c2ccc(cc2)C(=O)OC,CHEMBL1357577,5.10,
COCCNC(=O)[C@H]1C[C@@H]1[C@H](NP(=O)(c2ccccc2)c3ccccc3)c4ccccc4,CHEMBL1368904,5.10,
COCCNC(=O)C1(C)C=CC2(CCCCC2)N1C(=O)c3ccccc3,CHEMBL1324110,4.80,
COCCNC(=O)c1onc(CSc2ccccc2F)c1C(=O)O,CHEMBL1389327,4.45,
COCCNC(=O)CCCCCN1C(=S)Nc2ccccc2C1=O,CHEMBL1548959,5.05,
COCCNC(=O)CSC1=Nc2cc(OC)c(OC)cc2C(=O)N1Cc3occc3,CHEMBL1501668,5.45,
COCCNC(=O)CSC1=Nc2ccc(cc2C(=O)N1Cc3ccc(OC)cc3)N4CCOCC4,CHEMBL1381586,5.30,
COCCNc1cc(ncn1)c2ccccc2C(F)(F)F,CHEMBL1515777,4.90,
COCCNc1ccnc(n1)c2c(C)onc2C,CHEMBL1354455,4.50,
COCCNc1nc(C)nc2c1nc(c3ccccc3)n2CCCN4CCCCC4C,CHEMBL1474817,5.40,
COCCNc1nc(nc2ccccc12)c3c(C)onc3C,CHEMBL1555316,4.80,
COCCNc1nc(nc2ccccc12)c3cccc(NS(=O)(=O)C)c3,CHEMBL1593134,4.90,
COCCNc1nc(nc2ccccc12)c3ccccc3OC,CHEMBL1565360,4.70,
COCCNc1nc(nc2ccccc12)c3cocc3,CHEMBL1314422,4.90,
COCCNc1ncnc2ccc(cc12)c3c(C)onc3C,CHEMBL1404954,4.50,
COCCNc1ncnc2ccc(cc12)c3cccc(NS(=O)(=O)C)c3,CHEMBL1516530,4.80,
COCCNc1ncnc2ccc(cc12)c3cccc(OC)c3,CHEMBL1396211,4.90,
COCCNc1ncnc2ccc(cc12)c3ccccc3C,CHEMBL1446323,4.70,
COCCNc1ncnc2ccc(cc12)c3ccccc3C(F)(F)F,CHEMBL1590261,4.80,
COCCNc1ncnc2ccc(cc12)c3ccccc3CN(C)C,CHEMBL1366699,4.50,
COCCNc1ncncc1c2ccccc2OC,CHEMBL1472922,6.50,
COCCNS(=O)(=O)c1ccc(cc1)c2ccc(CCN3CCC[C@H]3C)cc2,CHEMBL550405,,5.13
COCCOC(=O)C1=C(C)NC(=C([C@@H]1c2cccc(c2)[N+](=O)[O-])C(=O)OC(C)C)C,CHEMBL1514440,5.70,
COCCOC(=O)C1=C(C)NC(=C([C@H]1c2cccc(c2)[N+](=O)[O-])C(=O)OC(C)C)C,CHEMBL255033,5.60,
COCCOC(=O)C1=C(C)NC(=O)N(C1c2ccc(Cl)cc2)C(=O)C,CHEMBL1586621,4.75,
COCCOC(=O)N1CCN(CC1)C2CCN(CC2)c3cc(C)c4nc([nH]c4c3)C5=C(NC[C@@H](O)c6cccc(Cl)c6)C=CNC5=O,CHEMBL450610,8.62,
COCCOc1cc2ncc(C(=O)N)c(Nc3ccc(C)cc3F)c2cc1N4CCOCC4,CHEMBL2409311,,5.05
COCCOc1cc2ncnc(Nc3cccc(c3)C#C)c2cc1OCCOC,CHEMBL553,5.20,
COCCOC1CCN(CC1)c2cc(C)c3nc([nH]c3c2)C4=C(NC[C@@H](O)c5cccc(Cl)c5)C=CNC4=O,CHEMBL482088,9.05,
COCCOc1cncc(c1)c2cc(NC(=O)C)nc(n2)n3nc(C)cc3C,CHEMBL519383,4.85,
COCCOCC#Cc1cc(cs1)c2n[nH]c3c2Cc4ccc(Cn5cncn5)cc34,CHEMBL223971,,4.94
COCCS(=O)(=O)c1ccc(cc1)c2ccc(CCN3CCC[C@H]3C)cc2,CHEMBL1934520,,5.13
COCCS(=O)(=O)N1CCN(CC1)c2ccc(Nc3nccc(n3)c4cnc(C)n4C(C)C)cc2,CHEMBL514384,,5.08
COCO[C@@H]([C@H](CNC(=O)c1ccccc1)c2ccc3OCOc3c2)[C@@H]4OC(C)(C)O[C@H]4CO,CHEMBL1091763,5.75,
COCO[C@@H]([C@H](CNC(=O)c1ccccc1)c2ccc3OCOc3c2)[C@@H]4OC(C)(C)O[C@H]4CO[Si](C)(C)C(C)(C)C,CHEMBL1089299,7.52,
COCO[C@@H]([C@H](CNC(=O)OC(C)(C)C)c1ccc2OCOc2c1)[C@@H]3OC(C)(C)O[C@H]3CO[Si](C)(C)C(C)(C)C,CHEMBL1089300,6.62,
COCOC(C(CC(C)Cc1cc(Br)cc(OCc2ccccc2)c1OC)OC)C(C)C#CC,CHEMBL1355293,5.50,
COCOc1cc(OC)ccc1C(=O)\C=C/c2ccc3OCOc3c2,CHEMBL1437996,6.00,
COCOc1ccc(Br)cc1C(=O)[C@H]2O[C@H]2c3cccc(OC)c3,CHEMBL1559163,5.40,
CON(C)C(=O)c1c(Cn2c(C)nc(Cl)c2Cl)sc3N(CC(C)C)C(=O)N(C)C(=O)c13,CHEMBL387125,4.36,
CON(C)C(=O)Cn1cc(CN(C2CC2)C(=O)[C@H]3CNCC[C@]3(O)c4ccc(F)c(F)c4)c5c(F)cccc15,CHEMBL1909649,,5.68
CONC(=O)Cn1cc(CN(C2CC2)C(=O)[C@H]3CNCC[C@]3(O)c4ccc(F)c(F)c4)c5c(F)cccc15,CHEMBL1910307,,5.08
CONC(=O)N(Cc1ccsc1)C2CCN(CC2)[C@H](C)CCNC(=O)c3c(C)cc(nc3Cl)C#N,CHEMBL2164210,,4.97
COP(=S)(OC)SCN1N=Nc2ccccc2C1=O,CHEMBL530115,5.10,
CP(=O)(O)C1=CCNCC1,CHEMBL397209,4.40,
CS(=O)(=O)c1cc(CCN2CCN(CCc3ccc4C(=O)OCc4c3)CC2)ccc1C#N,CHEMBL2146882,,5.33
CS(=O)(=O)c1ccc(c(Cl)c1)c2noc(n2)[C@@H](CC3CC3)[C@H](N)C(=C4CCCC4)F.OC(=O)C(F)(F)F,CHEMBL402163,,5.15
CS(=O)(=O)c1ccc(cc1)c2cc(Br)sc2c3ccc(F)cc3,CHEMBL42485,4.70,
CS(=O)(=O)c1ccc(cc1)c2cccn3nc(Nc4cccc(c4)N5CCC(CC5)N6CCOCC6)nc23,CHEMBL2062808,6.70,
CS(=O)(=O)c1ccc(cc1)c2cnc(N)c(n2)c3ccc(nc3)C(F)(F)F,CHEMBL3124980,,5.09
CS(=O)(=O)c1ccc(cc1)c2nc(oc2Sc3ccc(Cl)cn3)c4ccc(F)cc4,CHEMBL3287932,,5.60
CS(=O)(=O)c1ccc(cc1)N2CCC(CC2)N(c3ccc(cc3)C#N)c4cccnc4,CHEMBL3104478,4.92,
CS(=O)(=O)c1ccc(cc1)N2CCC(CC2)N(c3ccc(Cl)cc3)c4cccnc4,CHEMBL3104477,5.70,
CS(=O)(=O)c1ccc(cc1)N2CCN(CC2)C(=O)C(c3ccc(Cl)cc3)c4cccnc4,CHEMBL3104490,4.72,
CS(=O)(=O)c1ccc(cc1Cl)[C@@H](CC2CCCC2)C(=O)Nc3cnc(cn3)[C@H](O)CO,CHEMBL2338347,,4.16
CS(=O)(=O)c1ccc(cc1Cl)[C@@H](CC2CCCC2)C(=O)Nc3cnccn3,CHEMBL2164761,,5.14
CS(=O)(=O)c1ccc(CCN2CCN(CCc3ccc(cc3)[N+](=O)[O-])CC2)cc1,CHEMBL2146862,,6.82
CS(=O)(=O)c1ccc(cn1)c2cccc(c2)N3C=C(C(=O)NC4CC4)C(=O)c5cccnc35,CHEMBL484931,,4.87
CS(=O)(=O)c1ccc(Cn2c3[C@H](CC(=O)O)CCCc3c4cc(F)cc(F)c24)cc1,CHEMBL1314989,4.40,
CS(=O)(=O)c1ccc(CNC(=O)[C@H]2C[C@@H]2[C@H](NP(=O)(c3ccccc3)c4ccccc4)c5ccccc5)cc1,CHEMBL1356381,5.30,
CS(=O)(=O)c1ccc(N2C=C(Cl)C(=CC2=O)OC3CCN(CC3)c4ncc(Cl)cn4)c(F)c1,CHEMBL3338194,,5.85
CS(=O)(=O)c1ccc(Oc2ncnc3c2cnn3C4CCN(Cc5ccc(cc5)C(F)(F)F)CC4)cc1,CHEMBL3114894,5.75,
CS(=O)(=O)c1ccc(OCC(F)(F)F)c(c1)C(=O)N2CCN(CC2)c3ccc(cc3F)C#N,CHEMBL1172998,,5.70
CS(=O)(=O)c1ccc(OCC[C@@H]2C[C@@H]2C3CCN(CC3)c4ncc(Cl)cn4)nc1,CHEMBL1771100,,4.72
CS(=O)(=O)c1ccc2C(=CNC(=O)c2c1)C(=O)NC[C@@H](O)CN3CCC(CC3)Oc4ccc(Cl)c(Cl)c4,CHEMBL2207671,,5.20
CS(=O)(=O)c1ccc2c(c1)nc3C[C@@H]([C@@H](N)Cn23)c4cc(F)c(F)cc4F.OC(=O)C(F)(F)F,CHEMBL559940,,4.42
CS(=O)(=O)c1ccc2OCC(=O)N(CCN3CCC(CC3)NCc4ccc5OCC(=O)Nc5n4)c2c1,CHEMBL1824036,,4.30
CS(=O)(=O)c1cccc(c1)S(=O)(=O)c2ccc(NC(=O)[C@@H]3C[C@H]3c4cccnc4)cc2,CHEMBL3127500,6.05,
CS(=O)(=O)c1cccc(Nc2nccc(Nc3c(Cl)ccc4OCOc34)n2)c1,CHEMBL445162,5.59,
CS(=O)(=O)c1ccccc1COC(=O)Nc2ccc(Cl)cc2,CHEMBL1543356,4.90,
CS(=O)(=O)Cc1cc(nc(n1)c2ccncc2)N3CCCC3,CHEMBL405565,5.89,
CS(=O)(=O)Cc1ccc(CN2[C@@H]3CC[C@H]2C[C@@H](C3)Oc4cccc(c4)C(=O)N)cc1,CHEMBL1258391,,8.18
CS(=O)(=O)CCNCc1oc(cc1)c2ccc3ncnc(Nc4ccc(OCc5cccc(F)c5)c(Cl)c4)c3c2,CHEMBL554,5.77,6.00
CS(=O)(=O)N(c1ccccc1)c2cc(cc(c2)C(=O)N[C@@H](Cc3ccccc3)[C@H](O)CNCc4cccc(c4)C(F)(F)F)C5CCCC5,CHEMBL1210434,6.22,
CS(=O)(=O)N(CC(=O)Nc1cccc(F)c1)c2cccc(c2)[N+](=O)[O-],CHEMBL1463577,4.75,
CS(=O)(=O)N(Cc1ccc2ccccc2c1)[C@H]3CCNC3,CHEMBL567943,,4.96
CS(=O)(=O)N(Cc1ccc2ccccc2c1)C3CCNCC3,CHEMBL568350,,5.50
CS(=O)(=O)N[C@@H]1CC[C@@H](CC1)N2CC(C2)NC(=O)CNc3n[nH]c4ccc(cc34)C(F)(F)F,CHEMBL1834650,,4.64
CS(=O)(=O)N1CC(Oc2ccc(Cl)cc12)C(=O)NC3CCCC3,CHEMBL1345410,4.90,
CS(=O)(=O)N1Cc2cc(Cl)ccc2n3c(C1)nnc3C4CCN(CC4)c5ccccn5,CHEMBL1837041,,4.51
CS(=O)(=O)n1cc2CN(Cc2n1)[C@H]3CO[C@@H]([C@@H](N)C3)c4cc(F)ccc4F,CHEMBL2105762,,4.41
CS(=O)(=O)N1CCC(CC1)C2N[C@H](Cc3c2[nH]c4ccccc34)c5nc(c[nH]5)c6ccccc6,CHEMBL2069511,,5.46
CS(=O)(=O)N1CCC[C@@]2(CCN(C2)C(=O)Nc3cccc(c3)C#N)C1,CHEMBL1530505,4.70,
CS(=O)(=O)N1CCC[C@@]2(CCN(C2)C(=O)Nc3cccc(F)c3)C1,CHEMBL1530168,4.90,
CS(=O)(=O)N1CCC[C@@]2(CCN(C2)C(c3ccccc3)c4ccccc4)C1,CHEMBL1435079,5.00,
CS(=O)(=O)N1CCC[C@@]2(CCN(C2)c3ccccc3)C1,CHEMBL1561402,4.90,
CS(=O)(=O)N1CCC[C@@]2(CCN(C2)c3ccccn3)C1,CHEMBL1553797,4.70,
CS(=O)(=O)N1CCC[C@@]2(CCN(Cc3ccccc3)C2)C1,CHEMBL1324151,4.90,
CS(=O)(=O)N1CCC2(CC1)CN(C2)c3ncccn3,CHEMBL1435481,4.70,
CS(=O)(=O)N1CCC2(CC1)CN(Cc3ccncc3)C2,CHEMBL1560095,4.50,
CS(=O)(=O)N1CCC2(CCCN(Cc3ccncc3)C2)CC1,CHEMBL1435702,5.00,
CS(=O)(=O)N1CCC2(CCN(CC2)C(c3ccccc3)c4ccccc4)CC1,CHEMBL1435934,4.90,
CS(=O)(=O)N1CCC2(CCN(CC2)c3ccc(cn3)C(=O)Nc4cc(ccc4N)c5cccs5)C1,CHEMBL470582,,5.28
CS(=O)(=O)N1CCCC(C1)C(=O)N2CCc3ccccc3C2,CHEMBL1741523,4.75,
CS(=O)(=O)N1N=C(CC1c2ccc3OCOc3c2)c4ccc(Br)cc4,CHEMBL1422230,5.75,
CS(=O)(=O)Nc1ccc(cc1)C(=O)N2CCN(CC2)c3ccccc3,CHEMBL1305433,4.60,
CS(=O)(=O)Nc1ccc(Cc2noc(n2)c3ccc4[nH]cc(CCN)c4c3)cc1,CHEMBL39317,4.80,
CS(=O)(=O)Nc1ccc(CCC(=O)NC\C=C\c2ccc(Cl)c(Cl)c2)cc1,CHEMBL609857,,5.52
CS(=O)(=O)Nc1ccc(CCN(CCOc2ccc(NS(=O)(=O)C)cc2)c3ccc(c4nonc34)[N+](=O)[O-])cc1,CHEMBL227134,,9.41
CS(=O)(=O)Nc1ccc(OC[C@@H](O)CN(CCc2ccc(Cl)c(Cl)c2)Cc3cccc(O)c3)cc1,CHEMBL493712,,6.11
CS(=O)(=O)Nc1ccc(OC[C@@H](O)CNCCc2ccc(Cl)c(Cl)c2)cc1,CHEMBL492438,,6.14
CS(=O)(=O)Nc1ccc(OC[C@@H](O)CNCCc2ccc(Cl)c(F)c2)cc1,CHEMBL493053,,5.72
CS(=O)(=O)Nc1ccc(OC[C@@H](O)CNCCc2ccc(Cl)cc2)cc1,CHEMBL492846,,5.86
CS(=O)(=O)Nc1ccc(OCCNCCNc2ccc(Cl)c(Cl)c2)cc1,CHEMBL596046,,6.52
CS(=O)(=O)Nc1ccc2OC3(CCN(CC3)[C@@H]4CCc5cc(ccc5C4)C#N)C[C@@H](O)c2c1,CHEMBL477015,,6.17
CS(=O)(=O)Nc1ccc2OC3(CCN(CC3)C4CCc5cc(ccc5C4)C#N)CC(O)c2c1,CHEMBL52627,,7.47
CS(=O)(=O)Nc1ccc2OC3(CCN(CCc4ccc5nonc5c4)CC3)CC(=O)c2c1,CHEMBL129583,,8.10
CS(=O)(=O)Nc1cccc(c1)c2cc(Nc3ccccc3)ncn2,CHEMBL1323759,4.80,
CS(=O)(=O)Nc1cccc(c1)c2cc(NCc3ccccc3)ncn2,CHEMBL1439665,4.80,
CS(=O)(=O)Nc1cccc(c1)c2ccc3ncnc(N4CCNCC4)c3c2,CHEMBL1535931,4.80,
CS(=O)(=O)Nc1cccc(c1)c2ccc3ncnc(NC4CC4)c3c2,CHEMBL1473834,5.20,
CS(=O)(=O)Nc1cccc(c1)c2ccc3ncnc(Nc4ccc(F)cc4)c3c2,CHEMBL1366433,5.10,
CS(=O)(=O)Nc1cccc(c1)c2ccc3ncnc(NCc4cccnc4)c3c2,CHEMBL1603852,6.40,
CS(=O)(=O)Nc1cccc(c1)c2cncnc2Nc3ccc(F)cc3,CHEMBL1355840,6.50,
CS(=O)(=O)Nc1cccc(c1)c2cncnc2Nc3ccccc3,CHEMBL1394854,6.30,
CS(=O)(=O)Nc1cccc(c1)c2cncnc2NCc3ccccc3,CHEMBL490718,6.20,
CS(=O)(=O)Nc1cccc(c1)c2nc(NCc3ccccc3)c4ccccc4n2,CHEMBL1554622,5.50,
CS(=O)(=O)Nc1cccc(c1)c2nc(NCc3cccnc3)c4ccccc4n2,CHEMBL1396936,5.70,
CS(=O)(=O)Nc1cccc(c1)c2nc(NCc3cccs3)c4ccccc4n2,CHEMBL1554664,5.50,
CS(=O)(=O)Nc1cccc(c1)c2nc(NCCN3CCOCC3)c4ccccc4n2,CHEMBL1355718,4.80,
CS(=O)(=O)Nc1cccc(c1)c2nccc(NCc3ccccc3)n2,CHEMBL1612582,5.10,
CS(=O)(=O)Nc1cccc(c1)c2nccc(NCc3cccs3)n2,CHEMBL1597474,5.40,
CS(=O)(=O)Nc1cccc(CC(=O)Nc2cc(cs2)c3ccnc(Cl)c3)c1,CHEMBL3581148,5.13,
CS(=O)(=O)NCCC(NC(=O)C1(N)CCN(CC1)c2ncnc3[nH]ccc23)c4ccc(Cl)cc4,CHEMBL2325736,,4.10
CS(=O)(=O)NCCc1cc(cc(c1)C2(CC2)C#N)c3ccnc4[nH]nc(c34)C(F)(F)F,CHEMBL3310285,5.16,
CS(=O)(=O)O.Nc1ncnc2c1ncn2C3CCCC3,CHEMBL1416619,7.40,
CS(=O)(=O)O.OC(=O)c1ccccc1c2ccc(CN3CCC(COC(=O)c4c5OCCCn5c6ccccc46)CC3)cc2,CHEMBL2440460,,4.32
CS(=O)(=O)OCC1COC(Cn2cncn2)(O1)c3ccc(Cl)cc3Cl,CHEMBL410503,5.46,
CS[C@@]1(SC2=NCCN2)S[C@]3(NCCN3)S1,CHEMBL1335862,5.90,
CSC1=C(C#N)C(\C(=C(/O)\OCC=C)\C(=N1)C)c2cccs2,CHEMBL1574576,5.50,
CSc1cc(ccc1C#N)c2ccc(C[C@H](NC(=O)[C@@H]3CCCCN3)C#N)cc2,CHEMBL3261920,,5.57
CSc1cc(CCN2CCN(CCc3ccc4C(=O)OCc4c3)CC2)ccc1C#N,CHEMBL2146880,,6.34
CSc1cc(Nc2cnc(C#N)c(O[C@H](C)CN(C)C)n2)ncc1c3cnn(C)c3,CHEMBL2203846,,5.10
CSc1ccc(cc1)c2cccc(c2)N3C=C(C(=O)NC(C)C)C(=O)c4cccnc34,CHEMBL485547,,6.02
CSc1ccc(cc1)S(=O)(=O)Nc2ccc3CCc4cccc2c34,CHEMBL1362918,5.30,
CSc1ccc(Cl)c(c1)C(=O)NCCOc2cc(C)ccc2C(C)C,CHEMBL1467643,6.00,
CSc1ccc(CNc2ccc(C)c(C)c2)cc1,CHEMBL1467491,4.90,
CSc1ccc(CNc2ccccc2)cc1,CHEMBL1521460,4.45,
CSc1ccc2Sc3ccccc3C[C@@H](N4CCN(C)CC4)c2c1,CHEMBL273490,4.90,
CSc1cccc(NC(=O)Cn2cccc2)c1,CHEMBL1377201,4.65,
CSc1cccc(NC(=O)Nc2ccc(Cl)cc2)c1,CHEMBL1455353,4.85,
CSc1ccccc1CNc2ncc(c(NCC3CCC(CN)CC3)n2)[N+](=O)[O-],CHEMBL392642,5.16,
CSc1nc(c2cc(OCCN3CCCC3)c(Cl)cc2Cl)c4c(c[nH]c4n1)C#N,CHEMBL2158625,,5.44
CSc1nc(Sc2cccc(Cl)c2)c3ccccc3n1,CHEMBL1313335,4.45,
CSc1nc2ccccc2cc1\C=C(/C#N)\c3cccc(C)c3,CHEMBL1347660,4.60,
CSc1nc2NC(=C(C(c3cc(Br)ccc3F)n2n1)C(=O)N(C)C)C,CHEMBL1602382,4.85,
CSc1ncccc1C(=O)N2CC[C@H](NCc3cncn3Cc4ccc(cc4)C#N)C2=O,CHEMBL502288,,5.11
CSc1nn2c3CCCCc3c(C)nc2c1S(=O)(=O)c4ccccc4,CHEMBL1091919,,5.08
CSc1nncc(n1)\C(=N/Nc2ccccc2)\C,CHEMBL3191841,5.60,
CSc1nncn1\N=C\c2ccc3OCOc3c2,CHEMBL3210042,5.05,
CSc1nsc(SC)c1C(=O)Nc2ccc(C)cc2,CHEMBL1483978,5.10,
CSCC[C@H](NC(=O)C1=NN(C)C(=O)c2ccccc12)c3nc4ccccc4[nH]3,CHEMBL1454212,4.90,
F[C@@H]1CCN(Cc2ccc(\C=C\c3n[nH]c4cc(ccc34)[C@@H]5C[C@@]56C(=O)Nc7ccccc67)cc2)C1,CHEMBL3408943,5.00,
F[C@@H]1CCNC[C@H]1c2c([nH]c3c(Cl)cccc23)c4ccccc4,CHEMBL523585,,5.68
F[C@@H]1CCNC[C@H]1c2c([nH]c3cc(Cl)ccc23)c4ccccc4,CHEMBL498048,,5.85
F[C@@H]1CCNC[C@H]1c2c([nH]c3cc(F)ccc23)c4ccc(F)cc4,CHEMBL523245,,5.80
F[C@@H]1CCNC[C@H]1c2c([nH]c3cc(F)ccc23)c4ccc5ccccc5c4,CHEMBL496860,,6.30
F[C@@H]1CCNC[C@H]1c2c([nH]c3cc(F)ccc23)c4cccc5ccccc45,CHEMBL496687,,6.96
F[C@@H]1CCNC[C@H]1c2c([nH]c3cc(F)ccc23)c4cccnc4,CHEMBL523760,,5.60
F[C@@H]1CCNC[C@H]1c2c([nH]c3ccc(F)cc23)c4ccccc4,CHEMBL497878,,5.16
FC(F)(F)C(=O)Nc1sc2C3=C(Oc4ccccc4c2c1C#N)C(=O)c5ccccc5C3=O,CHEMBL1372282,5.40,
FC(F)(F)c1cc(CC(=O)N2CCN(CCc3ccc4C(=O)OCc4c3)CC2)ccc1n5cnnn5,CHEMBL2441412,,5.29
FC(F)(F)c1cc(cc(c1)C(F)(F)F)C(=O)N2CCC[C@@]3(CCN(C3)C(=O)Nc4ccccc4)C2,CHEMBL1590060,4.90,
FC(F)(F)c1cc(cc(c1)C(F)(F)F)C(=O)N2CCC[C@@]3(CCN(C3)c4ccccc4)C2,CHEMBL1416429,5.50,
FC(F)(F)c1cc(cc(c1)C(F)(F)F)C(=O)N2CCC[C@@]3(CCN(C3)c4ccncc4)C2,CHEMBL1446139,5.20,
FC(F)(F)c1cc(cc(c1)C(F)(F)F)C(=O)N2CCC[C@@]3(CCN(C3)c4ncccn4)C2,CHEMBL1591619,5.00,
FC(F)(F)c1cc(cc(c1)C(F)(F)F)C(=O)N2CCC[C@@]3(CCN(Cc4ccccc4)C3)C2,CHEMBL1317998,5.30,
FC(F)(F)c1cc(cc(c1)C(F)(F)F)C(=O)N2CCC[C@@]3(CCN(Cc4ccncc4)C3)C2,CHEMBL1356842,6.30,
FC(F)(F)c1cc(cc(c1)C(F)(F)F)C(=O)N2CCC[C@@]3(CCN(Cc4nccs4)C3)C2,CHEMBL1490863,5.50,
FC(F)(F)c1cc(cc(c1)C(F)(F)F)C(=O)N2CCC3(CC2)CCN(CC3)c4ccccc4,CHEMBL1517329,5.10,
FC(F)(F)c1cc(cc(c1)C(F)(F)F)C(=O)N2CCC3(CC2)CCN(CC3)c4ccncc4,CHEMBL1487898,5.00,
FC(F)(F)c1cc(cc(c1)C(F)(F)F)C(=O)N2CCC3(CC2)CN(C3)c4ccccc4,CHEMBL1320919,5.40,
FC(F)(F)c1cc(cc(c1)C(F)(F)F)C(=O)N2CCC3(CC2)CN(Cc4ccncc4)C3,CHEMBL1359613,4.80,
FC(F)(F)c1cc(cc(c1)C(F)(F)F)C(=O)N2CCC3(CCCN(C3)C(=O)Nc4cccc(c4)C#N)CC2,CHEMBL1590789,5.00,
FC(F)(F)c1cc(cc(c1)C(F)(F)F)C(=O)N2CCC3(CCCN(C3)c4ccccc4)CC2,CHEMBL1327881,5.00,
FC(F)(F)c1cc(cc(c1)C(F)(F)F)C(=O)N2CCC3(CCCN(C3)c4ccncc4)CC2,CHEMBL1519225,5.40,
FC(F)(F)c1cc(cc(c1)C(F)(F)F)C(=O)N2CCC3(CCN(Cc4nccs4)CC3)CC2,CHEMBL1476729,4.80,
FC(F)(F)c1cc(cc(c1)C(F)(F)F)C2CCCN(C2=O)[C@@]3(CC[C@H](CC3)N4CCC5(CCOC5)CC4)c6ccccc6,CHEMBL381362,,6.10
FC(F)(F)c1cc(cc(c1)C(F)(F)F)C2CCCN(C2=O)[C@@]3(CC[C@H](CC3)N4CCN(C(=O)C4)c5ccccc5)c6ccccc6,CHEMBL380651,,5.19
FC(F)(F)c1cc(cc(c1)C(F)(F)F)C2CCN(C2=O)[C@@]3(CC[C@H](CC3)N4CCC5(CCOC5)CC4)c6ccccc6,CHEMBL202439,,6.49
FC(F)(F)c1cc(ccc1Cl)S(=O)(=O)Nc2cc(Cl)cnc2Oc3ccc(cc3)C(=O)NCCN4CCCCC4,CHEMBL1924014,,5.30
FC(F)(F)c1cc(Cl)cc(COCC2(CCNCC2)c3ccccc3)c1,CHEMBL2333638,,5.14
FC(F)(F)c1cc(CN2CC[C@@]3(CCCN(C3)C(=O)c4cnccn4)C2)cc(c1)C(F)(F)F,CHEMBL1454751,5.10,
FC(F)(F)c1cc(CN2CC[C@@]3(CCCN(C3)C(=O)c4csnn4)C2)cc(c1)C(F)(F)F,CHEMBL1514923,6.60,
FC(F)(F)c1cc(CN2CC3(CCN(CC3)C(=O)c4ccncc4)C2)cc(c1)C(F)(F)F,CHEMBL1404907,5.30,
FC(F)(F)c1cc(CN2CCC3(CC2)CCN(CC3)C(=O)c4ccncc4)cc(c1)C(F)(F)F,CHEMBL1318349,4.90,
FC(F)(F)c1cc(CN2CCC3(CC2)CCN(CC3)C(=O)c4cnccn4)cc(c1)C(F)(F)F,CHEMBL1551578,5.60,
FC(F)(F)c1cc(CN2CCCC3(CCN(CC3)S(=O)(=O)c4ccccc4)C2)cc(c1)C(F)(F)F,CHEMBL1316461,5.90,
FC(F)(F)c1cc(CN2CCCC3(CCNCC3)C2)cc(c1)C(F)(F)F,CHEMBL1396975,5.10,
FC(F)(F)c1cc(COC2CCC3NC2(CC3S(=O)(=O)c4ccccc4)c5ccccc5)cc(c1)C(F)(F)F,CHEMBL379152,,5.89
FC(F)(F)c1cc(NC(=O)C2CCCN(C2)S(=O)(=O)c3c[nH]cn3)ccc1Cl,CHEMBL1602849,6.90,
FC(F)(F)c1cc(NC(=O)CNc2ccc(cc2)c3ccc(NC(=O)C4CC4)nc3)ccc1CN5CCNCC5,CHEMBL3805330,5.96,
FC(F)(F)c1cc(NC(=O)N2CCN(C[C@@H]3CCCN(C3)C4CC4)CC2)ccc1Cl,CHEMBL2036761,,5.20
FC(F)(F)c1cc(NC(=S)N2[C@H](c3cccnc3)c4cccn4c5ccccc25)cc(c1)C(F)(F)F,CHEMBL1511998,6.00,
FC(F)(F)c1cc(nc(NCc2cccs2)n1)c3occc3,CHEMBL1443979,4.60,
FC(F)(F)C1CC(Nc2cc(nn12)C(=O)NCC34CC5CC(CC(C5)C3)C4)c6occc6,CHEMBL1559062,4.70,
FC(F)(F)c1cc(Nc2ccccc2)nc(NCc3ccccn3)n1,CHEMBL594979,,4.40
FC(F)(F)c1ccc(cc1)[C@@H]2C[C@H]2C(=O)N3CCN(CC3)S(=O)(=O)c4cc(cc(c4)C(F)(F)F)c5nocn5,CHEMBL487500,,5.92
FC(F)(F)c1ccc(cc1)C(=O)c2c[nH]c(c2)C(=O)NCCCn3ccnc3,CHEMBL1735134,6.00,
FC(F)(F)c1ccc(cc1)C(=O)NCC(=O)NC2CN(C2)[C@@H]3CC[C@H](CC3)c4ccc5OCOc5c4,CHEMBL1829611,,5.82
FC(F)(F)c1ccc(cc1)C2[C@H]3CN(Cc4ccc(cc4)c5ccccc5)[C@H](c6ccccc6)C37CC2(C7)c8ccccc8,CHEMBL1452816,4.60,
FC(F)(F)c1ccc(cc1)C2[C@H]3CN(CC4CCCCC4)[C@H](c5ccccc5)C36CC2(C6)c7cccnc7,CHEMBL1370594,4.80,
FC(F)(F)c1ccc(cc1)C2=CC3(CCNCC3)Oc4ccccc24,CHEMBL492449,,6.42
FC(F)(F)c1ccc(cc1)c2c[nH]c(n2)[C@H]3Cc4c([nH]c5ccccc45)[C@H](N3)C6CCOCC6,CHEMBL3775793,,6.80
FC(F)(F)c1ccc(cc1)N(C2CCN(CC2)c3ccc(cc3)C#N)c4cccnc4,CHEMBL3104538,5.40,
FC(F)(F)c1ccc(cc1)N(C2CCN(CC2)c3ccc(cc3)C(F)(F)F)c4cncnc4,CHEMBL3137479,4.80,
FC(F)(F)c1ccc(cc1)N(C2CCN(CC2)c3ccc(nc3)C(F)(F)F)c4cccnc4,CHEMBL3104473,4.80,
FC(F)(F)c1ccc(cc1)N(C2CCN(CC2)c3ccc(nc3)C(F)(F)F)c4cncnc4,CHEMBL3137480,5.05,
FC(F)(F)c1ccc(cc1)N(C2CCN(CC2)c3ccccc3)c4cccnc4,CHEMBL3137445,4.96,
FC(F)(F)c1ccc(cc1)N(C2CCN(CC2)c3ccccc3C#N)c4cccnc4,CHEMBL3104537,5.28,
FC(F)(F)c1ccc(cc1)N(C2CCN(Cc3cccc(c3)C(F)(F)F)CC2)c4cccnc4,CHEMBL3137446,4.75,
FC(F)(F)c1ccc(cc1)n2ccc(CN3CCC(CC(=O)N4CCCC(C4)C(=O)N5CCCC5)CC3)c2,CHEMBL564032,,4.51
FC(F)(F)c1ccc(cc1)n2ccc(CN3CCC(CC(=O)N4CCN(CC4)C(=O)N5CCCC5)CC3)c2,CHEMBL562905,,4.85
FC(F)(F)c1ccc(cc1)n2ccc(CN3CCC(CC(=O)NC(c4ccccc4)c5ccccn5)CC3)c2,CHEMBL561585,,5.64
FC(F)(F)c1ccc(cc1)n2ccc(CN3CCC(CC(=O)NC(c4ccccc4)c5cnc[nH]5)CC3)c2,CHEMBL559535,,4.94
FC(F)(F)c1ccc(cc1)n2ccc(CN3CCC(CC3)NC(=O)COc4cccc(Cl)c4)c2,CHEMBL472363,,6.25
FC(F)(F)c1ccc(cc1)n2ccc(CN3CCC(CC3)NC(=O)N4CCCC(C4)C(=O)N5CCCC5)c2,CHEMBL551684,,4.93
FC(F)(F)c1ccc(cc1)n2ccc(CN3CCC(CC3)NC(=O)N4CCCC4c5cccnc5)c2,CHEMBL560283,,5.51
FC(F)(F)c1ccc(cc1)n2ccc(CN3CCC(CC3)NC(=O)N4CCCC4Cc5cccnc5)c2,CHEMBL564501,,5.76
FC(F)(F)c1ccc(cc1)n2ccc(CN3CCC(CC3)NC(=O)NC(c4ccccc4)c5ccccc5)c2,CHEMBL558052,,5.42
FC(F)(F)c1ccc(cc1)n2ccc(CN3CCC(CC3)NC(=O)NC(c4ccccc4)c5ncc[nH]5)c2,CHEMBL563791,4.87,4.90
FC(F)(F)c1ccc(cc1)n2ccc(CN3CCC(CC3)NC(=O)NC(Cc4cnccn4)c5ccccc5)c2,CHEMBL562285,5.49,5.27
FC(F)(F)c1ccc(cc1)n2ccc(CN3CCC(CC3)NC(=O)NC(Cn4cccn4)c5ccccc5)c2,CHEMBL556927,5.36,5.39
FC(F)(F)c1ccc(cc1)n2ccc(CN3CCC(CC3)NC(=O)NC(Cn4ccnc4)c5ccccc5)c2,CHEMBL557263,7.40,
FC(F)(F)c1ccc(cc1)n2ccc(CN3CCC(CC3)NC(=O)NC(CN4CCOCC4)c5ccccc5)c2,CHEMBL550816,4.78,5.16
FC(F)(F)c1ccc(cc1)n2ccc(CN3CCC(CC3)NC(=O)NC(Cn4cncn4)c5ccccc5)c2,CHEMBL557262,6.24,
FC(F)(F)c1ccc(cc1)n2ccc(CN3CCN(CC3)C(=O)NCc4ccc(Cl)cc4Cl)c2,CHEMBL554511,,5.80
FC(F)(F)c1ccc(cc1)N2CCN(CC2)C(=O)[C@H](c3ccc(Cl)cc3)c4cccnc4,CHEMBL3104525,4.77,
FC(F)(F)c1ccc(cc1)S(=O)(=O)Nc2ccc(cc2)[C@]34CNC[C@H]3C4,CHEMBL1224700,,6.10
FC(F)(F)c1ccc(Cl)c(NC(=O)CCCC(=O)OCC(=O)c2ccc(Cl)cc2Cl)c1,CHEMBL1360337,4.65,
FC(F)(F)c1ccc(CN2C[C@@H]3C(c4ccc(cc4)C(F)(F)F)C5(CC3(C5)[C@H]2c6ccccc6)c7ccccc7)cc1,CHEMBL1487405,6.50,
FC(F)(F)c1ccc(CN2C[C@@H]3C(c4ccc(Cl)nc4)C5(CC3(C5)[C@H]2c6ccccc6)c7ccccc7)cc1,CHEMBL1332832,4.70,
FC(F)(F)c1ccc(CN2C[C@@H]3C(c4ccccc4)C5(CC3(C5)[C@H]2c6ccccc6)c7ccccc7)cc1,CHEMBL1370675,4.80,
FC(F)(F)c1ccc(CN2C[C@@H]3C(c4ccccc4)C5(CC3(C5)[C@H]2c6ccccc6)c7cccnc7)cc1,CHEMBL1440774,4.80,
FC(F)(F)c1ccc(Cn2cc(CCN3CCS(=O)(=O)CC3)c4ccccc24)cc1,CHEMBL1320042,5.15,
FC(F)(F)c1ccc(COC2=CC(=O)N(C=C2)c3ccc(OCCN4CCCC4)cc3)cc1,CHEMBL1642477,,8.62
FC(F)(F)c1ccc(NC(=O)N2CCN(C[C@@H]3CCCN(C3)C4CC4)CC2)cc1,CHEMBL2036767,,5.20
FC(F)(F)c1ccc(NC(=O)N2CCN(C[C@@H]3CCCN(C3)C4CC4)CC2)cc1Cl,CHEMBL2036760,,6.05
FC(F)(F)c1ccc(nc1)n2ccc(CN3CCC(CC3)C(=O)NCc4ccc(Cl)cc4Cl)c2,CHEMBL560063,,5.46
FC(F)(F)c1ccc(Oc2ccc(cc2)C(=O)N3CCN(CC3)c4ccccc4)nc1,CHEMBL1588028,4.85,
FC(F)(F)c1ccc(Oc2cccc(C=C3CCN(CC3)C(=O)Nc4cnccn4)c2)nc1,CHEMBL1651533,4.52,
FC(F)(F)c1ccc2[nH]c(nc2c1)[C@@H]3CC[C@@]4(CC3)CN(C(=O)O4)c5ccccc5,CHEMBL1289820,,5.40
FC(F)(F)c1ccc2[nH]c(nc2c1)[C@@H]3CC[C@@]4(CC3)CN(C(=O)O4)c5ccccn5,CHEMBL1289936,,5.40
FC(F)(F)c1ccc2[nH]c(nc2c1)N3CCC4(CC3)CN(C(=O)O4)c5ccccc5,CHEMBL1290706,,5.70
FC(F)(F)c1ccc2[nH]nc(NCC(=O)NC3CN(C3)[C@@H]4CC[C@@H](CC4)c5ccc6OCOc6c5)c2c1,CHEMBL1834632,,5.96
FC(F)(F)c1ccc2[nH]nc(NCC(=O)NC3CN(C3)[C@@H]4CC[C@@H](CC4)c5cccnc5)c2c1,CHEMBL1834787,,4.44
FC(F)(F)c1ccc2nccc(CCC34CCC(CC3)(CO4)NCc5ccc6OCC(=O)Nc6n5)c2n1,CHEMBL3422977,,9.00
FC(F)(F)c1ccc2ncnc(NCC(=O)NC3CN(C3)[C@@H]4CC[C@@H](CC4)c5ccccn5)c2c1,CHEMBL2315934,,5.13
FC(F)(F)c1ccc2ncnc(NCC(=O)NC3CN(C3)[C@@H]4CC[C@@H](CC4)c5cccnc5)c2c1,CHEMBL2315931,,4.80
FC(F)(F)c1ccc2onc(NCC(=O)NC3CN(C3)[C@@H]4CC[C@@H](CC4)c5cncs5)c2c1,CHEMBL1834853,,7.80
FC(F)(F)c1ccc2Sc3ccccc3N(C(=O)CSc4nc5ccccc5s4)c2c1,CHEMBL1544821,5.20,
FC(F)(F)c1cccc(\C=C(\C#N)/c2nc(CCN3C(=O)c4ccccc4C3=O)cs2)c1,CHEMBL1420145,5.30,
FC(F)(F)c1cccc(c1)C(=O)NCC(=O)NC2CN(C2)[C@@H]3CC[C@](F)(CC3)c4ccccc4,CHEMBL1829636,,5.48
FC(F)(F)c1cccc(c1)C(=O)NCC(=O)NC2CN(C2)[C@@H]3CC[C@H](CC3)c4ccc(cc4)N5CCCC5,CHEMBL1829616,,5.10
FC(F)(F)c1cccc(c1)c2cc(CCCN3CCCCC3)nc(n2)C#N,CHEMBL1084400,,6.80
FC(F)(F)c1cccc(c1)c2cc(CCCN3CCOCC3)nc(n2)C#N,CHEMBL1269955,,6.50
FC(F)(F)c1cccc(c1)N2CCN(CC2)C(=O)C3=COc4ccccc4C3=O,CHEMBL1535980,4.65,
FC(F)(F)c1cccc(c1)N2CCN(CC3CC4CC3C=C4)CC2,CHEMBL1438199,4.40,
FC(F)(F)c1cccc(CN2C[C@@H]3CC[C@@H](NC(=O)C(C4CCCCC4)C5CCCCC5)[C@@H]3C2)c1,CHEMBL2414773,,5.02
FC(F)(F)c1cccc(CN2CCC(CNC(=O)c3cc(Cl)cc(Cl)c3)CC2)c1,CHEMBL523525,,6.32
FC(F)(F)c1cccc(CN2CCN(CCN3Cc4ccccc4C3)C2=O)c1,CHEMBL552366,,5.20
FC(F)(F)c1cccc(CSCC2CSC3=Nc4ccccc4C(=O)N23)c1,CHEMBL1467940,5.35,
FC(F)(F)c1cccc(NC(=O)C2CCCN(C2)S(=O)(=O)c3c[nH]cn3)c1,CHEMBL1484398,6.75,
FC(F)(F)c1cccc(NC(=O)c2n[nH]c(Cn3cncn3)n2)c1,CHEMBL1732802,4.60,
FC(F)(F)c1cccc(NC(=O)n2ccc3cc(Oc4ncnc5CNCc45)ccc23)c1,CHEMBL3747481,,4.81
FC(F)(F)c1cccc(Nc2ccccc2C(=O)OCC(=O)NCc3occc3)c1,CHEMBL1493910,4.65,
FC(F)(F)c1ccccc1c2cc(NCc3ccccc3)ncn2,CHEMBL1435823,5.00,
FC(F)(F)c1ccccc1c2cc(NCc3cccnc3)ncn2,CHEMBL1552540,5.00,
FC(F)(F)c1ccccc1c2ccc3ncnc(N4CCOCC4)c3c2,CHEMBL1552720,5.30,
FC(F)(F)c1ccccc1c2ccc3ncnc(NC4CC4)c3c2,CHEMBL1437667,5.80,
FC(F)(F)c1ccccc1c2ccc3ncnc(NCc4cccs4)c3c2,CHEMBL1357724,5.30,
FC(F)(F)c1ccccc1c2cncnc2n3ccnc3,CHEMBL1551777,6.50,
FC(F)(F)c1ccccc1c2cncnc2Nc3ccccc3,CHEMBL1440943,6.30,
FC(F)(F)c1ccccc1c2cncnc2NCc3ccccc3,CHEMBL491742,6.90,
FC(F)(F)c1ccccc1c2nc(c3ccccc3n2)n4ccnc4,CHEMBL1315292,5.90,
FC(F)(F)c1ccccc1c2nc(Nc3ccncc3)c4ccccc4n2,CHEMBL1554976,6.20,
FC(F)(F)c1ccccc1c2nc(NCc3cccnc3)c4ccccc4n2,CHEMBL1317494,5.70,
FC(F)(F)c1ccccc1c2nc(NCCN3CCOCC3)c4ccccc4n2,CHEMBL1320565,5.10,
FC(F)(F)c1ccccc1Cn2ccc3c(OC4CCN(Cc5cscn5)CC4)ncnc23,CHEMBL2012268,,5.61
FC(F)(F)c1ccccc1CN2CCN(CC2)C(=O)C(c3ccc(Cl)cc3)c4cccnc4,CHEMBL3137394,4.82,
FC(F)(F)C1CCN(CC1)C2CN(C2)C(=O)NC3CCN(Cc4ccn(c4)c5ccc(cc5)C(F)(F)F)CC3,CHEMBL550535,,5.41
FC(F)(F)C1CCN(CCN2CCN(C2=O)c3cccc(c3)C#N)CC1,CHEMBL552373,,5.10
FC(F)(F)c1cnc(\C=C\Nc2ccccc2Cl)c(Cl)c1,CHEMBL1457635,4.50,
FC(F)(F)c1cnc2c(CCC34CCC(CC3)(CO4)NCc5ccc6OCC(=O)Nc6n5)ccnc2c1,CHEMBL3422978,,9.41
FC(F)(F)c1cnc2CCN(Cc2c1)C(=O)[C@@]34CCC[C@@H]3C[C@H](C4)NC5CCCCC5,CHEMBL2314057,,4.47
FC(F)(F)c1cnc2CCN(Cc2c1)C(=O)[C@@]34CCC[C@@H]3C[C@H](C4)NC5CCCCCC5,CHEMBL2314058,,4.83
FC(F)(F)c1cnc2CCN(Cc2c1)C(=O)[C@@]34CCC[C@@H]3C[C@H](C4)NC5CCOCC5,CHEMBL2314061,,4.59
FC(F)(F)c1cnc2CCN(Cc2c1)C(=O)[C@@]34CCC[C@@H]3C[C@H](C4)NC5CCSCC5,CHEMBL2314059,,4.64
FC(F)(F)c1cnc2CCN(Cc2c1)C(=O)[C@@]34CCC[C@@H]3C[C@H](C4)NCC5CCOCC5,CHEMBL2314062,,4.33
FC(F)(F)c1cnc2CCN(Cc2c1)C(=O)[C@@]34CCO[C@@H]3C[C@H](C4)N5CCC(CC5)c6ccccc6,CHEMBL3263282,,5.24
FC(F)(F)c1cnc2CCN(Cc2c1)C(=O)[C@@]34CCO[C@@H]3C[C@H](C4)NC5CCOCC5,CHEMBL3263279,,4.37
FC(F)(F)c1csc(n1)N2CCN(CC2)C(=O)[C@@H]3CCCC[C@H]3C(=O)NC4(CC4)C#N,CHEMBL2070943,,4.60
FC(F)(F)c1nc(Nc2cccc(Cl)c2)ncc1C(=O)NCC3CCC3,CHEMBL227899,4.13,
FC(F)(F)c1nc(Nc2cccc(Cl)c2)ncc1C(=O)NCC3CCCC3,CHEMBL226386,4.19,
FC(F)(F)c1nc(Nc2cccc(Cl)c2)ncc1C(=O)NCC3CCOCC3,CHEMBL226385,4.29,
FC(F)(F)c1nc(ncc1c2nnnn2c3ccccc3)c4ccncc4,CHEMBL1402552,5.25,
FC(F)(F)c1nc(sc1Cl)N2CCN(CC2)C(=O)[C@@H]3CCCC[C@H]3C(=O)NC4(CC4)C#N,CHEMBL2070945,,4.60
FC(F)(F)c1nc2ccccc2nc1N\N=C\c3ccc(Cl)cc3,CHEMBL3196390,4.60,
FC(F)(F)c1nn(c2CCCCc12)c3ccc(cc3)C4(CC4)C(=O)N5CCCC5,CHEMBL1649667,5.22,
FC(F)(F)Cc1ccc(CNC(=O)C2N(CCc3ccccn3)C(=O)c4ccccc24)cc1,CHEMBL2164391,,4.85
FC(F)(F)CCOc1ccc(cn1)C(=O)N[C@@H]2COc3cccc(c3C2)c4cncnc4,CHEMBL2069420,,5.20
FC(F)(F)CCOc1ccc(cn1)C(=O)NCCc2ccccc2c3cccnc3,CHEMBL2147213,,5.20
FC(F)(F)CCOc1ccc(CNC(=O)C2N(CCc3ccccn3)C(=O)c4ccccc24)cn1,CHEMBL2164396,,4.70
FC(F)(F)CN1C(=O)[C@H](NC(=O)Cc2cc(Cl)cc(Cl)c2)N=C(c3ccccc3)c4ccccc14,CHEMBL339327,,5.40
FC(F)(F)CN1C(=O)[C@H](NC(=O)Cc2ccc(cc2C(F)(F)F)C(F)(F)F)N=C(c3ccccc3)c4ccccc14,CHEMBL16900,,5.22
FC(F)(F)CN1C(=O)[C@H](NC(=O)Cc2ccc(Cl)cc2Cl)N=C(c3ccccc3)c4ccccc14,CHEMBL127701,,5.62
FC(F)(F)CN1C(=O)N=C(NC2CC3CCC(C2)N3Cc4ccc5OCOc5c4)c6cc(Cl)ccc16,CHEMBL205493,,6.92
FC(F)(F)CN1C(=O)N=C(NC2CCN(Cc3ccc4OCOc4c3)CC2)c5cc(Cl)ccc15,CHEMBL205492,,6.35
FC(F)(F)COc1ccc(cn1)C(=O)N[C@@H]2COc3cccc(c3C2)c4cccnc4,CHEMBL2069408,,4.60
FC(F)(F)COc1ccc(OCC(F)(F)F)c(c1)C(=O)NCCNC(=O)Nc2ccc(OC(F)(F)F)cc2,CHEMBL1311978,5.25,
FC(F)(F)COc1ccc(OCC(F)(F)F)c(c1)C(=O)NCCNS(=O)(=O)c2ccc(Cl)cc2,CHEMBL1602661,5.15,
FC(F)(F)COc1ccc(OCC(F)(F)F)c(c1)C(=O)NCCNS(=O)(=O)c2ccccc2Cl,CHEMBL1407215,4.60,
FC(F)(F)Oc1ccc(cc1)C(=O)N[C@@H]2COc3cccc(c3C2)c4ccncc4,CHEMBL2069407,,5.60
FC(F)(F)Oc1ccc(cc1)n2ccc(CN3CCC(CC3)NC(=O)COc4cccc(Cl)c4)c2,CHEMBL512185,,6.31
FC(F)(F)Oc1ccc(cc1)S(=O)(=O)Nc2ccc(cc2)[C@]34CNC[C@H]3C4,CHEMBL1224701,,5.00
FC(F)(F)Oc1ccc(Cl)c(CNC2CCC3CCC2(N3)c4ccccc4)c1,CHEMBL202141,,5.85
FC(F)(F)Oc1ccc(CNC(=O)C2N(C3CCC(F)(F)CC3)C(=O)c4ccccc24)cc1,CHEMBL2164373,,4.85
FC(F)(F)Oc1ccc(CNC(=O)C2N(Cc3ccc(cn3)C(F)(F)F)C(=O)c4ccccc24)cc1,CHEMBL2164359,,5.48
FC(F)(F)Oc1ccc(CNC(=O)C2N(CCC#N)C(=O)c3ccccc23)cc1,CHEMBL2164381,,4.59
FC(F)(F)Oc1ccc(CNC(=O)C2N(CCc3ccccn3)C(=O)c4ccccc24)cc1,CHEMBL2164389,,5.11
FC(F)(F)Oc1ccc(CNC(=O)C2N(CCc3cccnc3)C(=O)c4ccccc24)cc1,CHEMBL2164382,,5.26
FC(F)(F)Oc1ccc(CNC(=O)C2N(CCc3ccncc3)C(=O)c4ccccc24)cc1,CHEMBL2164046,,5.29
FC(F)(F)Oc1ccc(CNC(=O)C2N(CCc3ncccn3)C(=O)c4ccccc24)cc1,CHEMBL2164364,,4.80
FC(F)(F)Oc1ccc(NC(=O)c2n[nH]c(Cn3cncn3)n2)cc1,CHEMBL1741802,4.80,
FC(F)(F)Oc1ccc(OC2CC2)c(CNC3CCC4CCC3(N4)c5ccccc5)c1,CHEMBL382803,,6.44
FC(F)(F)Oc1ccc2[nH]c(nc2c1)[C@@H]3CC[C@@]4(CC3)CN(C(=O)O4)c5ccccc5,CHEMBL1289267,,5.60
FC(F)(F)Oc1ccc2[nH]c(nc2c1)[C@@H]3CC[C@@]4(CC3)CN(C(=O)O4)c5ccccn5,CHEMBL1289503,,5.60
FC(F)(F)Oc1ccc2[nH]c(nc2c1)[C@@H]3CC[C@@]4(CC3)CN(C(=O)O4)c5cccnc5,CHEMBL1289715,,5.10
FC(F)(F)Oc1cccc(c1)N2CCN(CCN3CCC(CC3)C(F)(F)F)C2=O,CHEMBL559919,,5.40
FC(F)(F)Oc1cccc(c1)n2nnc3cc(Cl)c(NCC4CCNCC4)nc23,CHEMBL1952144,,6.40
FC(F)(F)Oc1cccc(c1)n2nnc3ccc(NCC4CCNCC4)nc23,CHEMBL1952113,,5.00
FC(F)(F)Oc1cccc(c1)S(=O)(=O)c2ccc(NC(=O)[C@@H]3C[C@H]3c4cccnc4)cc2,CHEMBL3127501,6.05,
FC(F)(F)Oc1cccc2N(CCc12)C(=O)CC3=NC(=CC(=O)N3)N4CCOCC4,CHEMBL3112854,4.40,
FC(F)C(F)(F)Oc1cc(F)cc(c1)[C@@](Cc2ccccc2)(Nc3nc4cc(F)cc(F)c4[nH]3)c5ccc(Cl)cn5,CHEMBL3116154,4.62,
FC(F)C(F)(F)Oc1cc(F)cc(c1)[C@@](Cc2ccccc2)(Nc3nc4cc(F)ccc4[nH]3)c5ccc(Cl)cn5,CHEMBL3116155,4.40,
FC(F)C(F)(F)Oc1ccccc1CN2CCC3(CC2)CCN(CC3)C(=O)c4ccncc4,CHEMBL583212,,4.77
FC(F)c1cc(C(F)F)n(CC(=O)N\N=C\c2ccc3OCOc3c2)n1,CHEMBL3195730,5.30,
FC(F)Oc1ccc(cc1)c2oc(nn2)C(=O)N3CCC(CC3)Oc4ccc(CN5CCCC5)cc4,CHEMBL3787639,,5.38
FC(F)Oc1ccc2[nH]c(SCc3ccccn3)nc2c1,CHEMBL2019025,4.97,
FC(F)Oc1ccc2ncc(F)c(CCC34CCC(CC3)(CO4)NCc5ccc6OCC(=O)Nc6n5)c2n1,CHEMBL3605147,,6.16
FC(F)Oc1ccccc1CC(N2CCNCC2)c3ccccc3,CHEMBL1083708,,4.82
FC(F)Sc1ccc(NC2=NN=C(CS2)c3ccc4OCCOc4c3)cc1,CHEMBL1424596,4.90,
FC(F)Sc1ccc(Nc2ccccc2C(=O)OCC(=O)NCc3occc3)cc1,CHEMBL1519953,4.60,
Fc1c(CCN2CCN(CC2)C(=O)Cc3ccc(cc3)n4cnnn4)ccc5C(=O)OCc15,CHEMBL2441420,,4.51
Fc1c(Cl)cccc1Cn2ccc3c(OC4CCN(Cc5ccccn5)CC4)ncnc23,CHEMBL2012300,,6.17
Fc1c(Cl)cccc1Cn2ccc3c(OC4CCN(Cc5cscn5)CC4)ncnc23,CHEMBL2012272,,6.02
Fc1c(Cn2ccc3c(OC4CCN(Cc5ccccn5)CC4)ncnc23)cccc1C(F)(F)F,CHEMBL2012301,,6.50
Fc1c(Cn2ccc3c(OC4CCN(Cc5cscn5)CC4)ncnc23)cccc1C(F)(F)F,CHEMBL2012273,,6.52
Fc1cc(C(=O)c2ccccc2)c(Cl)cc1N3CCOCC3,CHEMBL1579814,4.75,
Fc1cc(c(F)cc1OC[C@H]2CNCC[C@@H]2c3ccc(Cl)cc3)S(=O)(=O)Nc4ncns4,CHEMBL3325526,6.82,
Fc1cc(cc(c1)c2nc3ccccc3s2)N(Cc4cccnc4)C(=O)C5CC5,CHEMBL2448728,5.96,
Fc1cc(ccc1C(=O)N2CCCC2)c3ccc4C(=O)N(CCN5CCCC5)CCc4c3,CHEMBL2031879,,5.06
Fc1cc(ccc1c2ccc(nc2)C(=O)Cn3ccnc3)N4C[C@H](Cn5ccnn5)OC4=O,CHEMBL230964,6.52,
Fc1cc(ccc1c2ccn3ccnc3c2)N4C[C@H](Cn5ccnn5)OC4=O,CHEMBL3092421,4.82,
Fc1cc(ccc1N2CCC(=CC#N)CC2)N3C[C@H](Cn4ccnn4)OC3=O,CHEMBL2324510,,4.31
Fc1cc(ccn1)C(NC(=O)[C@@H]2CC[C@H](C[C@H]2c3ccc(Br)cc3)N4CCOCC4)c5ccc(Cl)cc5,CHEMBL3086040,,6.23
Fc1cc(CCN2CCN(CC2)C(=O)Cc3ccc(cc3)n4cnnn4)cc5COC(=O)c15,CHEMBL2441427,,4.89
Fc1cc(CNC(=O)[C@H]2C[C@@H]2[C@H](NP(=O)(c3ccccc3)c4ccccc4)c5ccccc5)c6OCCOc6c1,CHEMBL1517765,5.40,
Fc1cc(F)c(cc1NCc2cnc(Nc3ccccn3)s2)C(=O)NC4CC4,CHEMBL377734,,4.78
Fc1cc(F)cc(c1)C(=O)N2CCN(C(=O)C2)c3ccc(OCCCN4CCCC4)cc3,CHEMBL394015,,5.10
Fc1cc(F)cc(c1)C2=Nc3cnc(nc3N(C2=O)c4ccccc4)N5CCNCC5,CHEMBL1472651,4.60,
Fc1cc(F)cc(c1)C2=Nc3cnc(nc3N(Cc4cccs4)C2=O)N5CCNCC5,CHEMBL1552181,5.00,
Fc1cc(F)cc(c1)C2=Nc3cnc(nc3N(CCC#N)C2=O)N4CCOCC4,CHEMBL1437119,4.70,
Fc1cc(F)cc(c1)C2=Nc3cncnc3N(Cc4ccccc4)C2=O,CHEMBL1481608,5.30,
Fc1cc(F)cc(c1)C2=Nc3cncnc3N(Cc4ccccc4Cl)C2=O,CHEMBL1318104,4.80,
Fc1cc(NS(=O)(=O)c2ccc(Cl)cc2Cl)ccc1Oc3cnc4ccccc4c3,CHEMBL2338473,5.00,
Fc1cc(OCC2CC2CC3CCN(CC3)c4ncc(Cl)cn4)ccc1C(=O)NC5CC5,CHEMBL1771099,,5.92
Fc1cc2C(=O)OCc2cc1CCN3CCN(CC3)C(=O)Cc4ccc(cc4)n5cnnn5,CHEMBL2441424,,4.59
Fc1cc2cccc(N3CCN(CCCOc4ccc5CNC(=O)c5c4)CC3)c2cc1F,CHEMBL1257145,,6.04
Fc1cc2CO[C@@]3(CCNC[C@@H]3C(=O)N(Cc4cccc(Cl)c4Cl)C5CC5)c2cc1F,CHEMBL1923113,5.25,4.96
Fc1cc2CO[C@@]3(CCNC[C@@H]3C(=O)N(Cc4cccc5ccccc45)C6CC6)c2cc1F,CHEMBL1923120,5.22,5.24
Fc1cc2CO[C@@]3(CCNC[C@@H]3C(=O)N(Cc4cccc5cccnc45)C6CC6)c2cc1F,CHEMBL1923125,5.05,4.54
Fc1cc2CO[C@@]3(CCNC[C@@H]3C(=O)N(Cc4nccc5ccccc45)C6CC6)c2cc1F,CHEMBL1923123,5.03,
Fc1cc2COC3(CCN(Cc4ccc(Nc5ccc(F)c(F)c5)cc4)CC3)c2cn1,CHEMBL585509,,7.64
Fc1cc2nc([nH]c2cc1F)c3ccncc3,CHEMBL1576725,5.85,
Fc1cc2nc(c3ccc(Cl)cc3)n([C@@H](C4CCCCC4)C(=O)NC5CCCCC5)c2cc1Cl,CHEMBL1642362,5.35,5.80
Fc1cc2nc(c3ccc(Cl)cc3)n([C@@H](C4CCCCC4)C(=O)NC5CCCCC5)c2cc1F,CHEMBL1668238,5.12,5.85
Fc1ccc(\C=C\c2ccc(cc2)S(=O)(=O)c3ccccc3)c(F)c1,CHEMBL1082773,,5.36
Fc1ccc(\C=C\c2ccc(cn2)S(=O)(=O)c3ccc(F)cc3)cc1,CHEMBL240841,,5.02
Fc1ccc(\C=C\c2ccc(cn2)S(=O)(=O)c3ccccc3F)c(c1)C#N,CHEMBL395458,,5.82
Fc1ccc(\C=N\NC(=O)c2ccc(Br)cc2)cc1,CHEMBL3191343,4.65,
Fc1ccc(C(=O)C2CCN(CCCOc3ccc(cc3)c4oc5ccccc5n4)CC2)c(F)c1,CHEMBL3634812,,6.07
Fc1ccc(C(=O)CN2CCC(CC2)S(=O)(=O)c3ccccc3)c(F)c1,CHEMBL177807,,5.17
Fc1ccc(c(Cl)c1)c2noc(n2)C3CCN(CC3)c4cnc5ccc(Cl)cc5c4,CHEMBL468176,,6.30
Fc1ccc(c(F)c1)c2[nH]ncc2c3nnnn3c4ccccc4,CHEMBL1351222,5.00,
Fc1ccc(c(F)c1)c2c[nH]c(n2)[C@H]3Cc4c([nH]c5ccccc45)[C@H](N3)C6CCOCC6,CHEMBL3775050,,6.20
Fc1ccc(cc1)[C@@H](OC(=O)c2ccccc2)C(=O)N3N=CC[C@H]3C(=O)NCc4cc(Cl)ccc4n5cnnn5,CHEMBL3786094,,5.25
Fc1ccc(cc1)[C@@H]2CCNC[C@H]2COc3ccc4OCOc4c3,CHEMBL490,,4.98
Fc1ccc(cc1)[C@H]2CC(=NN2c3ccc(cc3)C#N)c4ccc5NC(=O)Oc5c4,CHEMBL1215691,,7.54
Fc1ccc(cc1)C(=C2CCN(CCN3C(=S)N=C4C=CC=C[C@H]4C3=O)CC2)c5ccc(F)cc5,CHEMBL1373139,5.50,
Fc1ccc(cc1)C(=O)\C=C/c2ccc3OCOc3c2,CHEMBL1401627,5.50,
Fc1ccc(cc1)C(=O)CCCN2CCC(=CC2)N3C(=O)Nc4ccccc34,CHEMBL1108,4.80,6.03
Fc1ccc(cc1)C(=O)CCCN2CCC3(CC2)N(CN(Cc4cccc(F)c4)C3=O)c5ccccc5,CHEMBL137648,4.50,
Fc1ccc(cc1)C(=O)CCCN2CCC3(CC2)N(CNC3=O)c4ccccc4,CHEMBL267930,4.60,
Fc1ccc(cc1)C(=O)N2CCC(CC2)N(c3ccc(cc3)C(F)(F)F)c4cccnc4,CHEMBL3137443,5.36,
Fc1ccc(cc1)C(=O)Nc2ccc(cc2)c3oc(NCCCN4CCCCC4)nn3,CHEMBL2021948,,5.00
Fc1ccc(cc1)C(=O)Nc2ccc(cc2)n3nncc3c4occc4,CHEMBL1596387,6.15,
Fc1ccc(cc1)C(=O)NC2CCc3ccc(CCN4CCN(CC4)c5nsc6ccccc56)cc23,CHEMBL442290,,7.11
Fc1ccc(cc1)C(=O)Nc2ccsc2C(=O)NC3CCCCC3,CHEMBL588859,4.85,
Fc1ccc(cc1)C(=O)Nc2oc(c3ccccc3)c(n2)c4ccccc4,CHEMBL1568277,5.15,
Fc1ccc(cc1)C(Cc2ccccc2OC(F)(F)F)N3CCNCC3,CHEMBL1084033,,5.02
Fc1ccc(cc1)C(CCCCC(=O)N2CC[C@@H](CNC(=O)c3cc(cc(c3)C(F)(F)F)C(F)(F)F)C2)c4ccc(F)cc4,CHEMBL2031991,,6.10
Fc1ccc(cc1)C(CCCCC(=O)N2CC[C@H](CNC(=O)c3cc(cc(c3)C(F)(F)F)C(F)(F)F)C2)c4ccc(F)cc4,CHEMBL2031990,,6.13
Fc1ccc(cc1)C(CCCCC(=O)N2CCC(CNC(=O)c3cc(cc(c3)C(F)(F)F)C(F)(F)F)C2)c4ccc(F)cc4,CHEMBL2031978,,6.16
Fc1ccc(cc1)C(N(Cc2occc2)C(=O)c3ccccn3)C(=O)NCc4ccccc4,CHEMBL1742195,5.65,
Fc1ccc(cc1)C(N2CCN(C\C=C/c3ccccc3)CC2)c4ccc(F)cc4,CHEMBL1319373,5.00,
Fc1ccc(cc1)C(N2CCN(C\C=C\c3ccccc3)CC2)c4ccc(F)cc4,CHEMBL30008,,6.22
Fc1ccc(cc1)C(NC(=O)[C@@H]2CC[C@H](C[C@H]2c3ccc(Br)cc3)N4CCOCC4)c5ccncc5,CHEMBL3085780,,5.08
Fc1ccc(cc1)C(NC(=O)CC2CCN(Cc3ccn(c3)c4ccc(cc4)C(F)(F)F)CC2)c5cccnc5,CHEMBL565073,,5.66
Fc1ccc(cc1)C(OCCN2CCN(C\C=C/c3ccccc3)CC2)c4ccc(F)cc4,CHEMBL1517172,4.80,
Fc1ccc(cc1)C(OCCN2CCN(CCCc3ccccc3)CC2)c4ccc(F)cc4,CHEMBL281594,4.90,
Fc1ccc(cc1)C2(CN(C3CCN(Cc4ccccc4)CC3)C(=O)N2)c5ccc(F)cc5,CHEMBL222424,4.04,
Fc1ccc(cc1)C2(CNC(=N2)c3cc(ccn3)C#N)c4ccc(F)cc4,CHEMBL522456,,7.00
Fc1ccc(cc1)C2(CNC(=N2)c3cnccn3)c4ccc(F)cc4,CHEMBL490937,,5.47
Fc1ccc(cc1)C2(COCc3cc(cc(Cl)n3)C(F)(F)F)CCNCC2,CHEMBL2333642,,4.70
Fc1ccc(cc1)c2[nH]c3cc(F)ccc3c2C4CCCNC4,CHEMBL296512,,5.89
Fc1ccc(cc1)C2=Nc3cnc(nc3N(C2=O)c4ccccc4)N5CCNCC5,CHEMBL1552051,4.60,
Fc1ccc(cc1)C2=Nc3cnc(nc3N(C4CC4)C2=O)N5CCNCC5,CHEMBL1473331,4.80,
Fc1ccc(cc1)C2=Nc3cnc(Oc4ccccc4)nc3N(C[C@H]5CCCO5)C2=O,CHEMBL1475381,5.00,
Fc1ccc(cc1)C2=Nc3cncnc3N(Cc4ccccc4)C2=O,CHEMBL1553352,4.90,
Fc1ccc(cc1)C2=Nn3c(Cc4ccccc4F)nnc3SC2,CHEMBL1353322,4.90,
Fc1ccc(cc1)C2=NOC(C2)C(=O)NC3CCCC3,CHEMBL1544991,4.60,
Fc1ccc(cc1)C23CC(CNS(=O)(=O)c4ccccc4)C(CCC2NCc5cc(OC(F)(F)F)ccc5OC6CC6)N3,CHEMBL202775,,6.72
Fc1ccc(cc1)c2c[nH]c(n2)[C@H]3Cc4c(CN3)[nH]c5ccccc45,CHEMBL3582307,,6.54
Fc1ccc(cc1)C2CC(n3nc(C(=O)NCC4CCCO4)c(Cl)c3N2)C(F)(F)F,CHEMBL1741515,4.85,
Fc1ccc(cc1)c2cc(n3ncc(c3n2)S(=O)(=O)c4ccccc4)C(F)(F)F,CHEMBL1557929,5.50,
Fc1ccc(cc1)c2ccc(C#N)c(Sc3ccccc3)n2,CHEMBL1369322,4.90,
Fc1ccc(cc1)c2ccc(NC(=O)NCCCCN3CCCCC3)cn2,CHEMBL1083787,,5.89
Fc1ccc(cc1)C2CCCN2C(=O)NC3CCN(Cc4ccn(c4)c5ccc(cc5)C(F)(F)F)CC3,CHEMBL550876,,5.74
Fc1ccc(cc1)C2N3CCCC3C(=O)N2c4nccs4,CHEMBL1559387,4.65,
Fc1ccc(cc1)C2Nc3ccccc3C(=O)N2Cc4occc4,CHEMBL1530805,4.85,
Fc1ccc(cc1)N(CCNC(=O)CCc2ccccc2)c3ccc(F)cc3,CHEMBL2046895,,6.70
Fc1ccc(cc1)N(CCNCCc2ccccc2)c3ccc(F)cc3,CHEMBL2046892,,7.36
Fc1ccc(cc1)N2C[C@@]3(CC[C@@H](CC3)c4nc5cc(OC(F)(F)F)ccc5[nH]4)OC2=O,CHEMBL1289386,,6.10
Fc1ccc(cc1)n2cc(C3CCN(CCN4CCN=C4S)CC3)c5ccccc25,CHEMBL298978,,8.21
Fc1ccc(cc1)n2cc(C3CCN(CCN4CCNC4=O)CC3)c5cc(Cl)ccc25,CHEMBL12713,,7.83
Fc1ccc(cc1)N2CC(C3CCN(CCN4CCNC4=O)CC3)c5ccccc25,CHEMBL556312,,7.63
Fc1ccc(cc1)N2CCN(CC2)C(=O)c3sc4ccccc4c3Cl,CHEMBL1311461,4.85,
Fc1ccc(cc1)N2CCN(CC2)c3ccc4c(cc(nc4n3)C(F)(F)F)C(F)(F)F,CHEMBL1385489,5.00,
Fc1ccc(cc1)N2CCN(CC3=CC(=O)Oc4cc5CCCCc5cc34)CC2,CHEMBL1400243,4.85,
Fc1ccc(cc1)N2CCN(CCCN3c4cccc5cccc(c45)S3(=O)=O)CC2,CHEMBL83894,,6.70
Fc1ccc(cc1)n2nc3CS(=O)(=O)Cc3c2NC(=O)C45CC6CC(CC(C6)C4)C5,CHEMBL1373561,5.05,
Fc1ccc(cc1)n2ncc3C[C@@]4(CN(CCC4=Cc23)S(=O)(=O)c5ccc(cc5)C(F)(F)F)C(=O)c6ccccn6,CHEMBL3734774,,5.30
Fc1ccc(cc1)S(=O)(=O)C2CCN(CCc3ccc(F)cc3F)CC2,CHEMBL358075,,6.15
Fc1ccc(cc1)S(=O)(=O)N2Cc3ccccc3CC2C(=O)Nc4nccs4,CHEMBL1301725,5.50,
Fc1ccc(cc1)S(=O)(=O)N2CCN(CC(=O)Nc3ccc(Cl)c(c3)C(F)(F)F)CC2,CHEMBL1452750,5.30,
Fc1ccc(cc1)S(=O)(=O)N2CCN(CCc3ccc(F)cc3F)CC2,CHEMBL207850,,5.31
Fc1ccc(cc1C#N)c2cnc3nc(sc3c2)N4CCC(CC4)N5CCCCC5,CHEMBL584766,,7.00
Fc1ccc(cc1C#N)N2CCN(CCN3Cc4ccccc4C3)C2=O,CHEMBL562176,,5.00
Fc1ccc(cc1Cl)N2CCN(CCN3Cc4ccccc4C3)C2=O,CHEMBL562983,,5.30
Fc1ccc(cc1F)C(=O)N2CCN3C(=O)c4ccccc4[C@@]23c5ccc(Cl)cc5,CHEMBL3105228,4.80,
Fc1ccc(cc1F)C2=Nc3cncnc3N(C4CC4)C2=O,CHEMBL1314386,4.90,
Fc1ccc(cc1F)C2=Nc3cncnc3N(Cc4ccccc4Cl)C2=O,CHEMBL1490024,4.90,
Fc1ccc(cc1F)c2c[nH]c(n2)[C@H]3Cc4c([nH]c5ccccc45)[C@H](N3)C6CCOCC6,CHEMBL3775532,,6.46
Fc1ccc(cc1F)n2cc(NCCN3CCCCC3)nn2,CHEMBL3417047,,5.66
Fc1ccc(cc1F)N2CCC(CC2)N(c3ccc(cc3)C#N)c4cccnc4,CHEMBL3137459,5.37,
Fc1ccc(CC2=CNC(=O)c3cc(Cl)c(Cl)n23)cc1C(=O)N4CCC(CC4)N5CCCC5,CHEMBL589833,,5.10
Fc1ccc(CC2=CNC(=O)c3cc(Cl)c(Cl)n23)cc1C(=O)N4CCC5(CCCN5)CC4,CHEMBL606029,,4.92
Fc1ccc(CCc2ccc(cn2)S(=O)(=O)c3ccc(F)cc3)cc1,CHEMBL240839,,5.09
Fc1ccc(CCc2ccc(nc2)S(=O)(=O)c3ccc(F)cc3)cc1,CHEMBL240246,,5.16
Fc1ccc(CCN2C(=O)CC(=O)NC2=O)cc1,CHEMBL1526761,4.50,
Fc1ccc(CCN2C(=O)NC(=O)\C(=C/NCCCN3CCOCC3)\C2=O)cc1,CHEMBL1465121,4.95,
Fc1ccc(CCN2CCC(CC2)S(=O)(=O)c3ccc(cc3)C#N)c(F)c1,CHEMBL150220,,6.25
Fc1ccc(CCN2CCC(CC2)S(=O)(=O)c3cccc(c3)C#N)c(F)c1,CHEMBL147048,,5.72
Fc1ccc(CCN2CCC(F)(CC2)S(=O)(=O)c3ccc(Cl)cc3)c(F)c1,CHEMBL175544,,6.40
Fc1ccc(CCN2CCC(F)(CC2)S(=O)(=O)c3ccccc3)c(F)c1,CHEMBL175586,,5.61
Fc1ccc(CCN2CCC3(CC2)CCc4ccccc4C3)c(F)c1,CHEMBL150210,,7.16
Fc1ccc(CCN2CCC3(CC2)CCc4ccccc4O3)c(F)c1,CHEMBL147431,,6.96
Fc1ccc(CCN2CCN(CC2)C(=O)c3cccc4c(c[nH]c34)C#N)c(F)c1,CHEMBL207566,,5.90
Fc1ccc(CCN2CCN(CC2)C(=O)c3cccn4ccnc34)c(F)c1,CHEMBL1957816,,5.72
Fc1ccc(CCN2CCN(CC2)c3ncnc4c(C(=O)NCc5ccccn5)c6CCCCn6c34)cc1F,CHEMBL26485,4.52,
Fc1ccc(Cl)cc1N2CCN(CCN3Cc4ccccc4C3)C2=O,CHEMBL565031,,4.70
Fc1ccc(CN2C(=O)C(=Nc3cnc(nc23)N4CCNCC4)c5ccc(Cl)cc5)cc1,CHEMBL1354262,4.90,
Fc1ccc(CN2C(=O)C(=Nc3cnc(nc23)N4CCNCC4)c5ccccc5)cc1,CHEMBL1395297,5.50,
Fc1ccc(CN2C(=O)C(=Nc3cnc(nc23)N4CCNCC4)CCc5ccccc5)cc1,CHEMBL1557234,5.10,
Fc1ccc(CN2C(=O)C(=Nc3cnc(nc23)N4CCOCC4)c5cccs5)cc1,CHEMBL1358654,5.60,
Fc1ccc(CN2C(=O)C(=Nc3cncnc23)c4cc(F)cc(F)c4)cc1,CHEMBL1496744,5.00,
Fc1ccc(CN2C(=O)C(=Nc3cncnc23)c4cccc(Cl)c4)cc1,CHEMBL1433805,4.80,
Fc1ccc(CN2C(=O)C(=Nc3cncnc23)c4cccc(F)c4)cc1,CHEMBL1316317,4.80,
Fc1ccc(CN2C(=O)C=Nc3cnc(nc23)N4CCNCC4)cc1,CHEMBL1436488,5.10,
Fc1ccc(CN2C(=O)C=Nc3cnc(nc23)N4CCOCC4)cc1,CHEMBL1315268,4.90,
Fc1ccc(CN2C(=O)C=Nc3cnc(Oc4cccc(Cl)c4)nc23)cc1,CHEMBL1567251,4.60,
Fc1ccc(CN2C(=O)C=Nc3cnc(Oc4ccccc4)nc23)cc1,CHEMBL1479372,4.70,
Fc1ccc(CN2C(=O)C=Nc3cnc(OCc4ccccc4)nc23)cc1,CHEMBL1596952,5.30,
Fc1ccc(CN2C(=O)S\C(=C\c3oc(cc3)N4CCOCC4)\C2=O)cc1,CHEMBL1324595,5.10,
Fc1ccc(Cn2c(nc3ccccc23)C4CCCN(C4)C5CCCCC5)cc1,CHEMBL1094525,,6.03
Fc1ccc(Cn2c(nc3ccccc23)N4CCC(CC4)n5ccnc5)cc1,CHEMBL556449,4.14,6.86
Fc1ccc(Cn2c(NC3CCNCC3)nc4ccccc24)cc1,CHEMBL61301,,7.55
Fc1ccc(Cn2c(SCc3ccc(F)c(c3)C(F)(F)F)nnc2C(F)(F)F)cc1,CHEMBL1302643,4.70,
Fc1ccc(CN2C=CC=C(NC(=O)NC3CCCCC3)C2=O)cc1,CHEMBL1458985,4.80,
Fc1ccc(CN2CCN(CC2)[C@H](c3ccc(cc3)C(=O)N4CCC4)c5cccc(NC(=O)C6CC6)c5)cc1,CHEMBL1939739,,5.44
Fc1ccc(CNC(=O)C2CCN(CC2)S(=O)(=O)N3CCCCC3)cc1,CHEMBL1309305,4.85,
Fc1ccc(CNC(=O)c2cnc(Nc3cccc(Cl)c3)nc2C(F)(F)F)cc1,CHEMBL389908,5.30,
Fc1ccc(CNc2ccc(Cc3c[nH]c4ncc(Cl)cc34)cn2)cn1,CHEMBL3673981,5.30,
Fc1ccc(CO\N=C\CC(=O)c2cnc(s2)c3ccccc3)c(Cl)c1,CHEMBL3196379,4.85,
Fc1ccc(CSc2oc(nn2)c3cc4CCc5ccccc5c4s3)cc1,CHEMBL1299778,4.80,
Fc1ccc(F)c(c1)[C@@]2(CC[C@H](CC2)NS(=O)(=O)C(F)(F)F)S(=O)(=O)c3ccc(Cl)cc3,CHEMBL372199,4.78,
Fc1ccc(F)c(c1)C(=O)N2CCC(CCN3CC[C@H](C3)NC(=O)CNC(=O)c4cccc(c4)C(F)(F)F)CC2,CHEMBL1092921,,5.00
Fc1ccc(F)c(OCCCc2ccc(cc2)C3=C(CNCC3)C(=O)N(Cc4cccc(Cl)c4Cl)C5CC5)c1Cl,CHEMBL1088290,5.89,
Fc1ccc(N=C(NS(=O)(=O)c2ccccc2)c3ccc(Cl)cc3)c(F)c1,CHEMBL1549853,5.55,
Fc1ccc(NC(=O)c2cc(Cl)cc(Oc3cncc(c3)C#N)c2)nc1,CHEMBL2440639,5.77,
Fc1ccc(NC(=O)c2ccc(nc2)n3ccnc3)cc1,CHEMBL1573171,6.90,
Fc1ccc(NC(=O)c2cccn2c3ncc(cc3Cl)C(F)(F)F)c(F)c1,CHEMBL1466220,4.55,
Fc1ccc(NC(=O)CC2=NC(=CC(=O)N2)N3CCOCC3)cc1,CHEMBL2151821,4.40,
Fc1ccc(NC(=O)CC2=NC(=CC(=O)N2)N3CCOCC3)cc1Br,CHEMBL2151048,4.40,
Fc1ccc(NC(=O)CC2N(CCc3ccncc3)C(=S)N(C2=O)c4ccc(Cl)cc4)cc1,CHEMBL1450860,5.90,
Fc1ccc(NC(=O)CCN2CCc3ccccc3C2)cc1,CHEMBL1386709,4.80,
Fc1ccc(NC(=O)CN2CCN(CC2)c3ccc(Cl)cc3)cc1F,CHEMBL1321719,4.60,
Fc1ccc(NC(=O)CSc2nnnn2C3CCCC3)cc1,CHEMBL1528993,4.85,
Fc1ccc(NC(=O)N2CCN(C[C@@H]3CCCN(C3)C4CC4)CC2)cc1Cl,CHEMBL2036759,,4.85
Fc1ccc(NC(=O)NCCCN2CCCC2=O)cc1Cl,CHEMBL1523486,4.55,
Fc1ccc(nc1)c2c[nH]c(n2)[C@H]3Cc4c([nH]c5ccccc45)[C@H](N3)C6CCOCC6,CHEMBL3775734,,5.76
Fc1ccc(Nc2ccnc(n2)c3ccc4OCOc4c3)cc1,CHEMBL1357444,5.70,
Fc1ccc(Nc2ccnc(n2)c3ccccc3C(F)(F)F)cc1,CHEMBL1552329,4.90,
Fc1ccc(Nc2nc(nc3ccccc23)c4cocc4)cc1,CHEMBL1513578,5.40,
Fc1ccc(Nc2ncnc3ccc(cc23)c4cocc4)cc1,CHEMBL1603418,4.80,
Fc1ccc(NCc2ccccc2F)cc1Cl,CHEMBL1341070,4.70,
Fc1ccc(O[C@@H]2CN[C@H](C2)C(=O)N3CCCN(CC3)C4CCCC4)cc1,CHEMBL1097882,,5.34
Fc1ccc(Oc2ccc(cc2)C(=O)NCc3ccncc3)cc1,CHEMBL3393291,6.00,
Fc1ccc(Oc2ccc(NC(=O)[C@@H]3C[C@@H](Cc4ccccc4)CN3C(=O)Cc5cnc[nH]5)cc2)cc1,CHEMBL2018481,5.15,
Fc1ccc(Oc2ccc(NC(=O)[C@@H]3C[C@H](CN3C(=O)Cc4cnc[nH]4)c5ccccc5)cc2)cc1,CHEMBL2018482,6.52,
Fc1ccc(Oc2ccc(nc2)C(=O)N3CCCN(CC3)C4CCC4)cc1,CHEMBL1170953,,5.08
Fc1ccc(OC2CNC(C2)C(=O)N3CCCN(CC3)C4CCCC4)cc1,CHEMBL1823048,,5.34
Fc1ccc(OCc2cc(OCC3(F)COC3)nc(n2)c4ccccn4)c(F)c1F,CHEMBL3741735,,5.20
Fc1ccc(Sc2ncc(cc2C#N)c3ccc(Cl)cc3)cc1,CHEMBL1467331,4.85,
Fc1ccc2[nH]c3nc4ccccc4c3nc2c1,CHEMBL1486831,4.85,
Fc1ccc2\C(=C\c3ccc4N([C@@H]5C[C@@H]6COCCN6C5)C(=O)Nc4c3)\c7ccccc7COc2c1,CHEMBL3775798,5.24,
Fc1ccc2C(=O)C=C(Oc2c1)C(=O)NC3CCN(CC3)C4CCc5cc6OC(=O)Nc6cc45,CHEMBL384111,,4.60
Fc1ccc2C(=O)C=C(Oc2c1)C(=O)NC3CCN(CC3)C4CCc5cc6OCC(=O)Nc6cc45,CHEMBL384919,,4.84
Fc1ccc2C(=O)C=C(Oc2c1)C(=O)NC3CCN(Cc4ccc(OCC(F)(F)F)c(F)c4)CC3,CHEMBL247689,,5.80
Fc1ccc2C(=O)C=C(Oc2c1)C(=O)NC3CCN(Cc4ccc(OCCCN5C(=O)CSC5=O)c(F)c4)CC3,CHEMBL245844,,5.07
Fc1ccc2C(=O)C=C(Oc2c1)C(=O)NC3CCN(Cc4ccc(OCCCN5CCCCC5)c(F)c4)CC3,CHEMBL248297,,4.38
Fc1ccc2C(=O)C=C(Oc2c1)C(=O)NC3CCN(Cc4ccc(OCCCN5CCOCC5)c(F)c4)CC3,CHEMBL247690,,4.47
Fc1ccc2C(=O)C=C(Oc2c1)C(=O)NC3CCN(Cc4ccc5[nH]ccc5c4)CC3,CHEMBL216180,,5.22
Fc1ccc2C(=O)C=C(Oc2c1)C(=O)NC3CCN(Cc4ccc5C=CC(=O)Oc5c4)CC3,CHEMBL386281,,4.29
Fc1ccc2C(=O)C=C(Oc2c1)C(=O)NC3CCN(Cc4ccc5ncoc5c4)CC3,CHEMBL216524,,4.46
Fc1ccc2C(=O)C=C(Oc2c1)C(=O)NC3CCN(Cc4ccc5OC(=O)Oc5c4)CC3,CHEMBL216323,,4.07
Fc1ccc2C(=O)C=C(Oc2c1)C(=O)NC3CCN(Cc4ccc5OCC(=O)Nc5c4)CC3,CHEMBL217233,,5.24
Fc1ccc2C(=O)C=C(Oc2c1)C(=O)NC3CCN(Cc4ccc5occc5c4)CC3,CHEMBL216554,,5.28
Fc1ccc2C(=O)C=C(Oc2c1)C(=O)NC3CCN(Cc4ccc5OCCOc5c4)CC3,CHEMBL425448,,7.91
Fc1ccc2C(=O)C=C(Oc2c1)C(=O)NC3CCN(Cc4ccc5sccc5c4)CC3,CHEMBL216104,,5.86
Fc1ccc2c(c[nH]c2c1)C3=CCN(CCN4c5cccc6CCCN(c56)S4(=O)=O)CC3,CHEMBL1079460,5.30,
Fc1ccc2c(c1)nc(c3ccccn3)n2c4ccc(OCCCN5CCCCC5)cc4,CHEMBL495698,,7.16
Fc1ccc2c(cccc2c1)N3CCN(CCCCOc4ccc5CNC(=O)c5c4)CC3,CHEMBL1257144,,6.01
Fc1ccc2c(noc2c1)C3CCN(CC4CCN(CC4)S(=O)(=O)c5ccc(cc5)C(F)(F)F)CC3,CHEMBL3740256,,5.86
Fc1ccc2c(noc2c1)C3CCN(CCCOc4ccc(Cc5oc6ccccc6n5)cc4)CC3,CHEMBL3634821,,5.22
Fc1ccc2c(noc2c1)C3CCN(CCCOc4ccc(CCc5oc6ccccc6n5)cc4)CC3,CHEMBL3634824,,6.20
Fc1ccc2CCC(=O)N(CCCN3CCC(CC3)N4C(=O)Nc5ccccc45)c2c1,CHEMBL2059319,,5.24
Fc1ccc2cccc(N3CCN(CCCOc4ccc5CNCc5c4)CC3)c2c1,CHEMBL1258426,,6.03
Fc1ccc2N(Cc3ccc4OCC(=O)Nc4c3)c5ccccc5COc2c1,CHEMBL3775476,5.26,
Fc1ccc2N=C(NN=C(c3ccncc3)c2c1)c4ccc(Cl)cc4,CHEMBL1407910,5.75,
Fc1ccc2N=CC(=O)N3C[C@@H](CN4CCC(CC4)NCc5cc6OCCOc6nn5)c1c23,CHEMBL3794265,,4.38
Fc1ccc2nc(Nc3nc4CCCCc4s3)sc2c1,CHEMBL1547349,4.65,
Fc1ccc2OC(=CC(=O)c2c1)C(=O)NC3CCN(Cc4ccc5OCOc5c4)CC3,CHEMBL214731,,4.82
Fc1ccc2OCC(=O)N(CCN3CCC(CC3)NCc4ccc5OCC(=O)Nc5n4)c2c1,CHEMBL1824043,,5.05
Fc1cccc([C@@H]2CC[C@@H](NC(=O)N3CCC4(CC3)OC(=O)Nc5ncccc45)c6ncc(CC(F)(F)F)n6C2)c1F,CHEMBL1770720,,5.48
Fc1cccc(c1)C(=O)N\N=C\c2ccc(Cl)cc2Cl,CHEMBL3196226,4.50,
Fc1cccc(c1)C(=O)N2CCC[C@@]3(CCN(C3)C(=O)Nc4cccc(c4)C#N)C2,CHEMBL1337829,5.00,
Fc1cccc(c1)C(=O)N2CCC[C@@]3(CCN(C3)C(=O)Nc4ccccc4)C2,CHEMBL1555392,4.60,
Fc1cccc(c1)C(=O)N2CCC[C@@]3(CCN(C3)c4ccccc4)C2,CHEMBL1476521,5.20,
Fc1cccc(c1)C(=O)N2CCC[C@@]3(CCN(C3)c4ncccn4)C2,CHEMBL1555122,4.80,
Fc1cccc(c1)C(=O)N2CCC[C@@]3(CCN(Cc4ccc(cc4)C#N)C3)C2,CHEMBL1552747,5.10,
Fc1cccc(c1)C(=O)N2CCC[C@@]3(CCN(Cc4nccs4)C3)C2,CHEMBL1396559,5.10,
Fc1cccc(c1)C(=O)N2CCC3(CC2)CN(C3)C(=O)Nc4cccc(c4)C#N,CHEMBL1477443,5.00,
Fc1cccc(c1)C(=O)N2CCC3(CC2)CN(C3)c4cccc(c4)c5ccccc5,CHEMBL1408854,5.50,
Fc1cccc(c1)C(=O)N2CCC3(CC2)CN(C3)c4ncccn4,CHEMBL1453764,4.60,
Fc1cccc(c1)C(=O)N2CCC3(CCCN(C3)C(=O)Nc4ccccc4)CC2,CHEMBL1476604,4.80,
Fc1cccc(c1)C(=O)N2CCC3(CCCN(C3)c4ccc(cc4)c5ccccc5)CC2,CHEMBL1483625,4.90,
Fc1cccc(c1)C(=O)N2CCC3(CCCN(C3)c4cccc(c4)c5ccccc5)CC2,CHEMBL1488179,4.90,
Fc1cccc(c1)C(=O)N2CCC3(CCCN(C3)c4ccncc4)CC2,CHEMBL1601019,4.90,
Fc1cccc(c1)C(=O)N2CCC3(CCCN(Cc4ccc(cc4)C#N)C3)CC2,CHEMBL1612363,5.00,
Fc1cccc(c1)C(=O)N2CCC3(CCCN(Cc4nccs4)C3)CC2,CHEMBL1610892,5.00,
Fc1cccc(c1)C(=O)Nc2ccc(cc2)c3oc(NCCCN4CCCCC4)nn3,CHEMBL2023916,,5.10
Fc1cccc(c1)C2=Nc3cncnc3N(C2=O)c4ccccc4,CHEMBL1356372,4.70,
Fc1cccc(c1)C2=Nc3cncnc3N(Cc4ccccc4)C2=O,CHEMBL1354941,5.00,
Fc1cccc(c1)C2=Nc3cncnc3N(Cc4ccccc4Cl)C2=O,CHEMBL1398540,4.80,
Fc1cccc(c1)C2CC(=O)N=C(S2)N(c3ccccc3)c4ccccc4,CHEMBL1344002,4.75,
Fc1cccc(c1)c2ccc(Cc3ccncc3)cc2,CHEMBL1215732,6.18,
Fc1cccc(c1)C2NC(=NC3=C2N4CCC3CC4)S,CHEMBL1485081,4.60,
Fc1cccc(c1)N(C2CCN(CCC3(CCN(CC3)C(=O)c4c(Cl)cccc4Cl)c5cccc(F)c5)CC2)C(=O)NCc6ccc(cc6)C#N,CHEMBL1288674,,6.00
Fc1cccc(c1)N(C2CCN(CCC3(CCN(CC3)C(=O)c4c(F)cccc4F)c5cccc(F)c5)CC2)C(=O)NCc6ccc(cc6)C#N,CHEMBL1288673,,5.92
Fc1cccc(c1)N(CC(=O)NC2CCCCC2)C(=O)CSc3oc4ccccc4n3,CHEMBL1336557,4.90,
Fc1cccc(c1)N2CNC(=O)C23CCN(CCNC(=O)c4ccc(F)c(F)c4)CC3,CHEMBL1907089,4.75,
Fc1cccc(c1)S(=O)(=O)c2ccc3c4CCNC5(CCCOC5)c4oc3c2,CHEMBL1935601,,4.87
Fc1cccc(c1)S(=O)(=O)c2ccc3c4CCNCc4oc3c2,CHEMBL1935590,,6.00
Fc1cccc(Cl)c1CSc2nc[nH]n2,CHEMBL1405892,5.35,
Fc1cccc(CN(C2CCOCC2)[C@H]3CCNC3)c1C(F)(F)F,CHEMBL245492,,5.80
Fc1cccc(CN2CCC(CC2)Oc3ncnc4c3ccn4Cc5ccccc5)n1,CHEMBL2012294,,5.54
Fc1cccc(Cn2ccc3c(OC4CCN(Cc5cscn5)CC4)ncnc23)c1,CHEMBL2012260,,5.96
Fc1cccc(CNC(=O)NC2CCN(Cc3ccn(c3)c4ccc(cc4)C(F)(F)F)CC2)c1,CHEMBL550410,,5.92
Fc1cccc(F)c1C(=O)Nc2ccc(cc2)c3oc(NCCCN4CCCCC4)nn3,CHEMBL2023917,,5.10
Fc1cccc(F)c1NC(=O)CCN2C(=O)C3C4CC(C=C4)C3C2=O,CHEMBL1325411,5.40,
Fc1cccc(F)c1NC(=O)CSc2nc3ccccc3[nH]2,CHEMBL1708264,4.85,
Fc1cccc(NC(=O)N2CC[C@@]3(CCCN(C3)C(=O)c4cccc(F)c4)C2)c1,CHEMBL1394223,4.80,
Fc1cccc(NC(=O)N2CC[C@@]3(CCCN(C3)C(=O)c4csnn4)C2)c1,CHEMBL1475010,5.20,
Fc1cccc(NC(=O)N2CC3(CCN(CC3)C(=O)c4cc(cc(c4)C(F)(F)F)C(F)(F)F)C2)c1,CHEMBL1513684,4.40,
Fc1cccc(NC(=O)N2CC3(CCN(CC3)C(=O)c4cccc(F)c4)C2)c1,CHEMBL1379031,4.90,
Fc1cccc(NC(=O)N2CC3(CCN(CC3)C(=O)c4ccncc4)C2)c1,CHEMBL1364859,4.90,
Fc1cccc(NC(=O)N2CC3(CCN(CC3)C(=O)Oc4ccccc4)C2)c1,CHEMBL1589976,4.90,
Fc1cccc(NC(=O)N2CCC3(CC2)CCN(CC3)C(=O)c4cccc(F)c4)c1,CHEMBL1445979,5.10,
Fc1cccc(NC(=O)N2CCC3(CC2)CCN(CC3)C(=O)c4ccncc4)c1,CHEMBL1354372,4.90,
Fc1cccc(NC(=O)N2CCC3(CC2)CCN(CC3)C(=O)Oc4ccccc4)c1,CHEMBL1605130,5.00,
Fc1cccc(NC(=O)N2CCCC3(CCN(CC3)C(=O)c4cccc(F)c4)C2)c1,CHEMBL1475004,4.80,
Fc1cccc(NC(=O)N2CCCC3(CCN(CC3)S(=O)(=O)c4ccccc4)C2)c1,CHEMBL1320662,4.90,
Fc1cccc(NC(=O)Nc2ccc(cc2)c3ccnc4[nH]cnc34)c1,CHEMBL1951323,6.15,
Fc1cccc(NC(=O)NNC(=O)C2CC(=NO2)c3cccnc3)c1,CHEMBL1711282,4.85,
Fc1cccc(O[C@@H]2CN[C@H](C2)C(=O)N3CCCN(CC3)C4CCC4)c1,CHEMBL1095845,,5.52
Fc1cccc(OC(CC2CNC2)c3ccc(Cl)c(F)c3)c1,CHEMBL3310485,6.29,5.84
Fc1cccc(Oc2ccc(cn2)C(=O)N3CCCN(CC3)C4CCC4)c1,CHEMBL1170790,,5.46
Fc1cccc(OC2CNC(C2)C(=O)N3CCCN(CC3)C4CCC4)c1,CHEMBL1823042,,5.00
Fc1cccc2C(=O)N(CCc3ccccn3)C(C(=O)NCc4ccc(OC(F)(F)F)cc4)c12,CHEMBL2164368,,5.25
Fc1cccc2C(N(CCc3ccccn3)C(=O)c12)C(=O)NCc4ccc(OC(F)(F)F)cc4,CHEMBL2164039,,5.09
Fc1cccc2CCC(=O)N(CCCN3CCC(CC3)N4C(=O)Nc5ccccc45)c12,CHEMBL2059320,,5.10
Fc1cccc2cccc(N3CCN(CCCOc4ccc5CNC(=O)c5c4)CC3)c12,CHEMBL1258761,,5.89
Fc1cccc2OC3(CCN(CC3)c4ccc(nn4)c5oc(Cc6cccnc6)nn5)CCc12,CHEMBL1276654,5.80,
Fc1ccccc1[C@H](NC(=O)c2ccc3[nH]nc(c4ccc(cc4)N5C6CCC5COC6)c3c2)C7CC7,CHEMBL3422082,6.62,
Fc1ccccc1C(=O)NC(=S)N(Cc2ccccc2)Cc3ccccc3,CHEMBL1340482,4.80,
Fc1ccccc1C(=O)Nc2ccc(c(F)c2)c3oc(NCCCCN4CCOCC4)nn3,CHEMBL2022739,4.19,4.40
Fc1ccccc1C(=O)Nc2ccc(c(F)c2)c3oc(NCCCN4CCCCC4)nn3,CHEMBL2023928,,5.00
Fc1ccccc1C(=O)Nc2ccc(c3oc(NCCCN4CCCCC4)nn3)c(c2)C(F)(F)F,CHEMBL2023929,,5.30
Fc1ccccc1C(=O)Nc2ccc(cc2)c3oc(NCCCCN4CCCC4)nn3,CHEMBL2022731,,4.90
Fc1ccccc1C(=O)Nc2ccc(cc2)c3oc(NCCCN4C[C@@H]5CC[C@H]4C5)nn3,CHEMBL2022504,,5.20
Fc1ccccc1C(=O)Nc2ccc(cc2)c3oc(NCCCN4CCCC4)nn3,CHEMBL2022499,,5.10
Fc1ccccc1C(=O)Nc2ccc(cc2)c3oc(NCCCN4CCCCCC4)nn3,CHEMBL2022938,,5.20
Fc1ccccc1C(=O)Nc2ccc(cc2)c3oc(NCCCN4CCCOCC4)nn3,CHEMBL2022498,,4.70
Fc1ccccc1C(=O)Nc2ccc(cc2)c3oc(NCCCN4CCN5CCC4CC5)nn3,CHEMBL2021936,,4.90
Fc1ccccc1C(C#N)(N2CCOCC2)c3ncc(cc3Cl)C(F)(F)F,CHEMBL1469707,4.65,
Fc1ccccc1c2c[nH]c(n2)[C@H]3Cc4c([nH]c5ccccc45)[C@H](N3)C6CCOCC6,CHEMBL3774495,,6.31
Fc1ccccc1c2nc3ccn(Cc4onc(c4)c5ccc(cc5C(F)(F)F)C(F)(F)F)cc3n2,CHEMBL3121667,,6.10
Fc1ccccc1Cn2ccc3c(OC4CCN(Cc5ccccn5)CC4)ncnc23,CHEMBL2012298,,5.75
Fc1ccccc1COC2=CC(=O)N(C=C2)c3ccc(OCCN4CCCC4)cc3,CHEMBL1642471,,8.37
Fc1ccccc1N=C(S)NCCc2ccccc2,CHEMBL1450689,4.90,
Fc1ccccc1N2C[C@@]3(CC[C@@H](CC3)c4nc5cc(OC(F)(F)F)ccc5[nH]4)OC2=O,CHEMBL1289268,,5.20
Fc1ccccc1OC(CC2CNC2)c3ccc(Cl)c(F)c3,CHEMBL3310484,6.15,5.85
Fc1ccccc1OCCCCCCN2CCCC2,CHEMBL1412557,4.75,
Fc1ccccc1S(=O)(=O)N2Cc3ccccc3CC2C(=O)Nc4nnc(s4)C5CC5,CHEMBL1536326,5.15,
Fc1cccnc1c2ccc3[nH]nc(c4cncc(O[C@H]5CNCCC56CC6)n4)c3c2,CHEMBL3393710,,5.52
FC1CCN(CCCCNc2oc(nn2)c3ccc(NC(=O)c4ccccc4F)cc3)CC1,CHEMBL2022741,,4.80
FC1CCN(CCCNc2oc(nn2)c3ccc(NC(=O)c4ccccc4F)cc3)CC1,CHEMBL2022503,,5.10
Fc1cn(Cc2ccccc2)c3ncnc(OC4CCN(Cc5cscn5)CC4)c13,CHEMBL2012180,,5.60
Fc1cnc(CCN2C(C(=O)NCc3cccc(OC(F)(F)F)c3)c4ccccc4C2=O)nc1,CHEMBL2164042,,4.62
Fc1cnc2C=CC(=O)N3C[C@@](F)(CN4CCC(CC4)NCc5cc6OCCOc6cn5)c1c23,CHEMBL2424930,,4.80
Fc1cnc2C=CC(=O)N3C[C@@H](CN4CCC(CC4)NCc5cc6OCCOc6cn5)c1c23,CHEMBL2424931,,4.24
Fc1cnc2cc(Cl)cnc2c1CCC34CCC(CC3)(CO4)NCc5ccc6OCC(=O)Nc6n5,CHEMBL3422961,,8.49
Fc1cnc2cc(cnc2c1CCC34CCC(CC3)(CO4)NCc5ccc6OCC(=O)Nc6n5)C(F)(F)F,CHEMBL3422959,,9.05
Fc1cnc2ccc(nc2c1CCC34CCC(CC3)(CO4)NCc5ccc6OCC(=O)Nc6n5)C#N,CHEMBL3422947,,8.41
Fc1cnc2ccc(nc2c1CCC34CCC(CC3)(CO4)NCc5ccc6OCC(=O)Nc6n5)N7CCOCC7,CHEMBL3422950,,7.94
Fc1cnc2ccc(OCC3(CC3)C#N)nc2c1CCC45CCC(CC4)(CO5)NCc6ccc7OCC(=O)Nc7n6,CHEMBL3605025,,5.26
Fc1cnc2ccc(OCCCC#N)nc2c1CCC34CCC(CC3)(CO4)NCc5ccc6OCC(=O)Nc6n5,CHEMBL3605024,,5.05
Fc1cnc2nc(oc2c1)N3CCN4CCC3CC4,CHEMBL597440,,5.06
Fc1cncc(Oc2cnc3C=CC(=O)N(CCN4CCC(CC4)NCc5ccc6OCC(=O)Nc6n5)c3c2)c1,CHEMBL3608750,,4.10
Fc1cnccc1c2ncc(NC(=O)C3CC3)nc2c4cccnc4,CHEMBL1672627,5.30,
Fc1cnccc1c2ncc(NC(=O)C3CC3)nc2c4ccncc4,CHEMBL1672630,6.00,
Fc1ncccc1c2cc3sc(nc3cn2)N4CCC(CC4)N5CCCCC5,CHEMBL582876,,5.87
FCCNC(=O)[C@H]1C[C@@H]1[C@H](NP(=O)(c2ccccc2)c3ccccc3)c4ccccc4,CHEMBL1486902,5.40,
Ic1cc(C[C@@H](NC(=O)N2CCC(CC2)N3Cc4ccccc4NC3=O)C(=O)N5CCC(CC5)N6CCCCC6)cc7OC(=O)Nc17,CHEMBL2336415,4.50,
Ic1ccc(NC(=N)NC2C3CC4CC(CC2C4)C3)cc1,CHEMBL1484738,4.80,
Ic1cccc2c(cccc12)S(=O)(=O)N3CCCNCC3,CHEMBL249089,4.90,
Ic1ccccc1CN[C@@H]2C3CCN(CC3)[C@H]2C(c4ccccc4)c5ccccc5,CHEMBL1513555,4.70,
N#Cc1c(cc(nc1\N=C\2/SC(=NN2c3ccccc3)c4ccccc4)c5ccccc5)c6ccccc6,CHEMBL3408382,,5.12
N#Cc1c(cccc1n2ccnc2)n3ccnc3,CHEMBL1417861,5.70,
N#Cc1c(SCc2oc(nn2)c3ccccc3)nc(cc1c4ccccc4)c5ccccc5,CHEMBL1400006,5.15,
N#Cc1c2CCCc2c(n3cnc4ccccc34)n5c6ccccc6nc15,CHEMBL1487421,5.50,
N#Cc1cc(O[C@@H]2C[C@H]3CC[C@@H](C2)N3)cc(c1)c4ncccc4C#N,CHEMBL1644612,,5.42
N#Cc1ccc(cc1)c2cnc3nc(sc3c2)N4CCC(CC4)N5CCCCC5,CHEMBL572558,,5.95
N#Cc1ccc(CCN2CCN(CCc3ccc(cc3)C#N)CC2)cc1,CHEMBL2146868,,7.92
N#Cc1ccc(CN2CC[C@@]3(CCCNC3)C2)cc1,CHEMBL1356003,4.50,
N#Cc1ccc2cc(CO[C@H]3CCNC3)ccc2c1,CHEMBL469810,,5.35
N#Cc1ccc2ccc(OCC3CCNCC3)cc2c1,CHEMBL444985,,5.46
N#Cc1cccc(c1)c2cc(NCc3cccs3)ncn2,CHEMBL1555396,5.80,
N#Cc1cccc(c1)c2cc(ncn2)n3ccnc3,CHEMBL1475131,6.40,
N#Cc1cccc(c1)c2ccc3ncnc(NCc4ccccc4)c3c2,CHEMBL1436272,4.80,
N#Cc1cccc(c1)c2ccc3ncnc(NCc4cccnc4)c3c2,CHEMBL1554721,5.80,
N#Cc1cccc(c1)c2ccc3ncnc(NCc4cccs4)c3c2,CHEMBL1354563,5.50,
N#Cc1cccc(c1)c2ccc3ncnc(NCCN4CCOCC4)c3c2,CHEMBL1371140,5.00,
N#Cc1cccc(c1)c2cncnc2n3ccnc3,CHEMBL1314288,5.60,
N#Cc1cccc(c1)c2nc(N3CCNCC3)c4ccccc4n2,CHEMBL1437159,4.50,
N#Cc1cccc(c1)c2nc(Nc3ccncc3)c4ccccc4n2,CHEMBL1519649,6.30,
N#Cc1cccc(c1)c2nc(NCCN3CCOCC3)c4ccccc4n2,CHEMBL1596170,4.90,
N#Cc1cccc(c1)c2nccc(NCc3ccccc3)n2,CHEMBL1318509,4.90,
N#Cc1cccc(c1)c2nccc(NCc3cccs3)n2,CHEMBL1568250,5.00,
N#Cc1ccccc1c2ccc3ncnc(N4CCNCC4)c3c2,CHEMBL1441052,4.50,
N#Cc1ccccc1c2ccc3ncnc(NCc4cccnc4)c3c2,CHEMBL1513990,5.70,
N#Cc1ccccc1c2ccc3ncnc(NCCN4CCOCC4)c3c2,CHEMBL1396326,5.00,
N#Cc1ccccc1c2cncnc2NCc3cccnc3,CHEMBL1556045,6.70,
N#Cc1ccccc1c2nc(NCCN3CCOCC3)c4ccccc4n2,CHEMBL1452408,4.80,
N#Cc1cncc(c1)c2cnc3nc(sc3c2)N4CCC(CC4)N5CCCCC5,CHEMBL578862,,5.91
N#Cc1nc(oc1NCc2ccccc2)c3cccs3,CHEMBL1311630,4.90,
N#Cc1nc(oc1NCCN2CCOCC2)c3ccc(OCc4ccccc4)cc3,CHEMBL1335059,5.40,
N#CCCN(CC#Cc1ccccc1)OCc2ccccc2,CHEMBL1599647,6.70,
N#CSc1ccc2oc(cc2c1)C3=NCCN3,CHEMBL157351,4.90,
N(c1ccccc1)c2ccc3ccccc3c2,CHEMBL1543632,4.60,
N(c1ccccc1)c2nc(nc3ccccc23)c4cccnc4,CHEMBL1591893,4.90,
N(c1ccccc1)c2nc(nc3ccccc23)c4cocc4,CHEMBL1568575,4.70,
N(c1ccccc1)c2ncnc3ccc(cc23)c4cccnc4,CHEMBL1373004,5.60,
N.CCN(CC)C(C)CCCNc1nccc(NCc2ccc(Cl)cc2Cl)n1,CHEMBL233047,,6.52
N.ON(N=O)c1ccccc1,CHEMBL1439202,4.50,
N[C@@H]([C@@H]1CC[C@H](CC1)NC(=O)c2ccc(F)c(F)c2)C(=O)N3CCC(F)(F)C3,CHEMBL23110,,4.80
N[C@@H]([C@@H]1CC[C@H](CC1)NC(=O)c2ccc(F)c(F)c2)C(=O)N3CCSC3,CHEMBL22359,,5.23
N[C@@H]([C@@H]1CC[C@H](CC1)NC(=O)c2cccc3ccccc23)C(=O)N4CCCC4,CHEMBL3084944,,4.77
N[C@@H]([C@@H]1CC[C@H](CC1)NC(=O)c2cccc3ccccc23)C(=O)N4CCSC4,CHEMBL3084949,,4.66
N[C@@H]([C@@H]1CC[C@H](CC1)NC(=O)OCc2ccccc2)C(=O)N3CC[C@@H](F)C3,CHEMBL277693,,4.37
N[C@@H]([C@@H]1CC[C@H](CC1)NC(=O)OCc2ccccc2)C(=O)N3CC[C@H](F)C3,CHEMBL23891,,4.43
N[C@@H]([C@@H]1CC[C@H](CC1)NC(=O)OCc2ccccc2)C(=O)N3CCCC3,CHEMBL22679,,4.40
N[C@@H]([C@@H]1CC[C@H](CC1)NS(=O)(=O)c2ccc(F)cc2F)C(=O)N3CC[C@@H](F)C3,CHEMBL283309,,4.28
N[C@@H]([C@@H]1CC[C@H](CC1)NS(=O)(=O)c2ccc(F)cc2F)C(=O)N3CC[C@H](F)C3,CHEMBL22310,,4.31
N[C@@H]([C@@H]1CC[C@H](CC1)NS(=O)(=O)c2ccc(F)cc2F)C(=O)N3CCCC3,CHEMBL25437,,4.46
N[C@@H]([C@@H]1CC[C@H](CC1)NS(=O)(=O)c2ccc(OC(F)(F)F)cc2)C(=O)N3CCCC3,CHEMBL23979,,5.24
N[C@@H](C(=O)O)c1cc(O)ccc1Cl,CHEMBL1611192,4.80,
N[C@@H](C1CC1)C(=O)N2CC(=C[C@H]2c3ccccc3)c4cc(F)ccc4F,CHEMBL204459,,5.19
N[C@@H](C1CCCCC1)C(=O)N2CCSC2,CHEMBL23223,,4.55
N[C@@H](CC(=O)N1C[C@@H](F)C[C@H]1C#N)Cc2cc(F)c(F)cc2F,CHEMBL3330060,4.25,4.01
N[C@@H](CC(=O)N1CCN(CC1)C(=O)c2ccc(cc2)C(=O)O)Cc3cc(F)c(F)cc3F,CHEMBL2069844,6.00,
N[C@@H](CC(=O)N1CCN(CC1)C(=O)c2cccc(c2)C(=O)O)Cc3cc(F)c(F)cc3F,CHEMBL2069845,6.00,
N[C@@H](CC=C)C(=O)O,CHEMBL1229875,4.40,
N[C@@H](CC1=CS(=O)(=O)c2ccc(Cl)cc12)C(=O)O,CHEMBL1482527,5.30,
N[C@@H](Cc1c[nH]c2ccc(O)cc12)C(=O)O,CHEMBL350221,4.70,
N[C@@H](Cc1ccc(cc1)N(CCCl)CCCl)C(=O)O,CHEMBL852,5.50,
N[C@@H](CN1C(=O)N(Cc2c(F)cccc2C(F)(F)F)C=C(C1=O)c3ccc(COC(=O)CO)cc3)c4ccccc4,CHEMBL499026,6.92,
N[C@@H](CN1C(=O)N(Cc2c(F)cccc2C(F)(F)F)C=C(C1=O)c3ccc(COCC(=O)O)cc3)c4ccccc4,CHEMBL499588,4.70,
N[C@@H](CN1C(=O)N(Cc2c(F)cccc2C(F)(F)F)C=C(C1=O)c3ccc(CSCC(=O)O)cc3)c4ccccc4,CHEMBL499589,4.80,
N[C@@H](CN1C(=O)N(Cc2c(F)cccc2C(F)(F)F)C=C(C1=O)c3cccc(OCCCCCC(=O)O)c3F)c4ccccc4,CHEMBL444989,4.60,
N[C@@H](CO)C(=O)NNCc1ccc(O)c(O)c1O,CHEMBL1486563,4.80,
N[C@@H]1C[C@H]1c2ccccc2,CHEMBL1179,5.10,
N[C@@H]1CCCN(C1)C2=Nc3cc(Cl)ccc3C(=O)N2Cc4ccccc4C#N,CHEMBL228004,6.60,
N[C@@H]1CCCN(C1)C2=Nc3ccc(Cl)cc3C(=O)N2Cc4ccccc4C#N,CHEMBL389074,6.60,
N[C@@H]1CCCN(C1)C2=Nc3ccc(F)cc3C(=O)N2Cc4ccccc4C#N,CHEMBL425483,5.60,
N[C@@H]1CCCN(C1)C2=Nc3ccccc3C(=O)N2Cc4ccccc4C#N,CHEMBL227954,5.70,
N[C@@H]1CCN(O)C1=O,CHEMBL335231,5.50,
N[C@@H]1CO[C@H]1COc2ccc3ncc(F)c(CCC45CCC(CC4)(CO5)NCc6ccc7OCC(=O)Nc7n6)c3n2,CHEMBL3605017,,4.75
N[C@H](C(=O)N1[C@@H](C[C@@H]2C[C@H]12)C#N)C34CC5CC(CC(C5)C3)C4,CHEMBL3350935,4.70,
N[C@H](Cc1ccc(cc1)N(CCCl)CCCl)C(=O)O,CHEMBL250892,5.00,
N[C@H](Cc1ccc(Cl)cc1)C(=O)O,CHEMBL1355710,5.00,
N[C@H](CCC(=O)N)C(=O)O,CHEMBL1232207,4.90,
N[C@H](CCC(=O)O)C(=O)O,CHEMBL76232,4.60,
N[C@H](CCC\N=C(\N)/S)C(=O)O,CHEMBL168461,6.70,
N[C@H](CCP(=O)(O)O)C(=O)O,CHEMBL1319383,4.40,
N[C@H]1[C@@H](CNC1=O)Oc2ccc3ncc(F)c(CCC45CCC(CC4)(CO5)NCc6ccc7OCC(=O)Nc7n6)c3n2,CHEMBL3605023,,4.40
N[C@H]1C[C@H](CC[C@@H]1c2cc(F)c(F)cc2F)N3Cc4cnc5nnc(C6CC6)n5c4C3,CHEMBL3806041,,6.22
N[C@H]1C[C@H](CO[C@@H]1c2cc(F)c(F)cc2F)N3Cc4cnc(nc4C3)C(F)(F)F,CHEMBL2425060,,4.64
N[C@H]1CCCC[C@H]1Nc2cc(Nc3ccc4CCCc4n3)c(nn2)C(=O)N,CHEMBL3237564,,5.10
N[C@H]1CCCC[C@H]1Nc2cc(Nc3cccc(n3)C4CC4)c(nn2)C(=O)N,CHEMBL3237558,,5.40
N[C@H]1CCCC[C@H]1Nc2cc3N=CNC(=O)c3c(Nc4cccc5c(Cl)c[nH]c45)n2,CHEMBL3262358,,4.70
N[C@H]1CCCC[C@H]1Nc2ccc(C(=O)N)c(Nc3cccc(c3)n4nccn4)n2,CHEMBL3416021,,5.07
N[C@H]1CCCC[C@H]1Nc2cnc(C(=O)N)c(Nc3cccc(c3)n4nccn4)n2,CHEMBL3416023,,5.00
N[C@H]1CCCC[C@H]1Nc2cnc(C(=O)N)c(Nc3cccc(n3)C(F)(F)F)c2,CHEMBL3415592,,6.22
N[C@H]1CCCC[C@H]1Nc2nnc(C(=O)N)c(Nc3cccc4[nH]ccc34)n2,CHEMBL3416027,,5.43
N[C@H]1CN(C[C@@H]1c2cc(F)c(F)cc2F)c3ccc(cn3)N4C=CC(=CC4=O)OCc5ccccc5,CHEMBL2011534,,5.22
N[C@H]1CN(CC[C@@H]1c2cc(F)c(F)cc2F)C3=NN4C=CC(=O)N=C4C=C3.OC(=O)C(F)(F)F,CHEMBL231396,,4.00
N[C@H]1CN(CC[C@@H]1c2cc(F)c(F)cc2F)c3ccc4nc(nn4n3)C(F)(F)F.OC(=O)C(F)(F)F,CHEMBL231293,,5.09
N[C@H]1CN(CC[C@@H]1c2cc(F)c(F)cc2F)c3cnc4nccnc4n3.OC(=O)C(F)(F)F,CHEMBL231196,,5.00
N[C@H]1Cn2c(C[C@@H]1c3cc(F)c(F)cc3F)nc4ccc(F)cc24.OC(=O)C(F)(F)F,CHEMBL560669,,4.77
N[C@H]1Cn2c(C[C@@H]1c3cc(F)c(F)cc3F)nc4cnc(cc24)C(F)(F)F.OC(=O)C(F)(F)F.OC(=O)C(F)(F)F,CHEMBL541438,,4.24
N[C@H]1Cn2c(C[C@@H]1c3cc(F)c(F)cc3F)nc4cnc(F)cc24.OC(=O)C(F)(F)F.OC(=O)C(F)(F)F,CHEMBL559477,,4.09
N[C@H]1Cn2c(C[C@@H]1c3cc(F)c(F)cc3F)nc4cnccc24.OC(=O)C(F)(F)F.OC(=O)C(F)(F)F,CHEMBL562188,,4.05
N[C@H]1CO[C@@H]1COc2ccc3ncc(F)c(CCC45CCC(CC4)(CO5)NCc6ccc7OCC(=O)Nc7n6)c3n2,CHEMBL3605018,,4.61
N[C@H]1CO[C@H]1COc2ccc3ncc(F)c(CCC45CCC(CC4)(CO5)NCc6ccc7OCC(=O)Nc7n6)c3n2,CHEMBL3605020,,4.62
N[C@H]1COC[C@@H]1Oc2ccc3ncc(F)c(CCC45CCC(CC4)(CO5)NCc6ccc7OCC(=O)Nc7n6)c3n2,CHEMBL3605015,,5.55
N[N-][C+]1[C@@H](Nc2ccccc12)OC(=O)Nc3cccc(Cl)c3,CHEMBL1378731,5.30,
N\C(=C(/C#N)\c1cc(O)c(O)c(O)c1)\C=C(C#N)C#N,CHEMBL1376723,4.60,
N\C(=N\CCc1ccc(I)cc1)\SCCCc2cnc[nH]2,CHEMBL498770,6.10,
N\C\1=N/C(=O)[C@@H]2CCCN2c3ccc(OCCCCCCNCC(=O)Nc4c(Cl)cc(CN1)cc4Cl)cc3,CHEMBL3628128,,4.50
N=C1CCC[C@@H]1C(=S)SCCC#N,CHEMBL1322549,5.60,
N=C1Sc2ccccc2C3=NCCCN13,CHEMBL595227,4.60,
N1c2ccccc2Sc3ccccc13,CHEMBL828,4.50,
NC(=C(C#N)C#N)\C(=C\c1ccc(O)cc1)\C#N,CHEMBL76589,4.40,
NC(=N)N\N=C(\c1ccccc1)/c2ccc(O)cc2O,CHEMBL1434975,5.40,
NC(=N)NC(=O)c1ccc(C2CCN(CC2)C(=O)C3CC3)c(c1)C(F)(F)F,CHEMBL2170607,4.80,
NC(=N)NC(=O)c1ccc(C2CCN(CC2)C(=O)c3ccc(cc3)C(=O)N)c(c1)C(F)(F)F,CHEMBL2170638,4.61,
NC(=N)NC(=O)c1ccc(C2CCN(CC2)C(=O)c3ccc(F)cc3)c(c1)C(F)(F)F,CHEMBL2170643,5.22,
NC(=N)NC(=O)c1ccc(C2CCN(CC2)C(=O)c3cccc(c3)C#N)c(c1)C(F)(F)F,CHEMBL2170630,4.66,
NC(=N)NC(=O)c1ccc(N2CCN(CC2)C(=O)c3ccc[nH]3)c(c1)C(F)(F)F,CHEMBL2105423,5.16,
NC(=N)SCc1cccc2C(=O)C=C(Oc12)c3ccccc3,CHEMBL1374763,5.50,
NC(=NO)CC(=O)Nc1cc(ccc1Cl)C(F)(F)F,CHEMBL1439455,5.40,
NC(=NOC(=O)Cc1ccc(cc1)c2ccccc2)c3cccc(c3)[N+](=O)[O-],CHEMBL1522767,4.85,
NC(=NOC(=O)COc1cccc2ccccc12)Cc3ccc(cc3)[N+](=O)[O-],CHEMBL1583793,4.80,
NC(=O)[C@@]12CC3CC(C1)[C@H](OC(=O)N4CC[C@@H](C4)Nc5ccc(cn5)C#N)C(C3)C2,CHEMBL1270110,4.58,
NC(=O)[C@@]12CC3CC(C1)[C@H](OC(=O)N4CC[C@@H](C4)Nc5ccc(cn5)C(F)(F)F)C(C3)C2,CHEMBL1269894,4.99,
NC(=O)[C@@]12CC3CC(C1)[C@H](OC(=O)N4CC[C@@H](C4)Nc5ncccc5C#N)C(C3)C2,CHEMBL1270002,4.73,
NC(=O)[C@@]12CC3CC(C1)[C@H](OC(=O)N4CC[C@H](C4)Nc5ccc(cn5)C#N)C(C3)C2,CHEMBL1270001,4.85,
NC(=O)[C@@]12CC3CC(C1)[C@H](OC(=O)N4CC[C@H](C4)Nc5ccc(cn5)C(F)(F)F)C(C3)C2,CHEMBL1271320,5.14,
NC(=O)[C@@]12CC3CC(C1)[C@H](OC(=O)N4CC[C@H](C4)Nc5cccc(n5)C(F)(F)F)C(C3)C2,CHEMBL1271427,5.32,
NC(=O)C([C@@H]1CCN(CCc2ccc3OCCc3c2)C1)(c4ccccc4)c5ccccc5,CHEMBL1346,,5.80
NC(=O)C(F)(F)CCOc1ccc2ncc(F)c(CCC34CCC(CC3)(CO4)NCc5ccc6OCC(=O)Nc6n5)c2n1,CHEMBL3605010,,5.04
NC(=O)C(NC1=C(Nc2ccncc2)C(=O)C1=O)c3ccccc3,CHEMBL467079,5.07,
NC(=O)C1(CC1)NCCCc2cc(nc(n2)C#N)c3cccc(c3)C(F)(F)F,CHEMBL1270366,,5.80
NC(=O)C1(CCC1)NCCCc2cc(nc(n2)C#N)c3cccc(c3)C(F)(F)F,CHEMBL1270367,,5.60
NC(=O)C1(CCN(CC1)C(=O)C2=CC=CN3C(=O)c4cc(Cl)ccc4N=C23)N5CCCCC5,CHEMBL1452192,4.95,
NC(=O)c1cc(cc(c1)[N+](=O)[O-])[N+](=O)[O-],CHEMBL1437065,5.10,
NC(=O)c1cc(F)cc(O[C@H]2C[C@H]3CC[C@@H](C2)N3Cc4ccccc4)c1,CHEMBL1224139,,6.17
NC(=O)c1cc(N2CC2)c(cc1[N+](=O)[O-])[N+](=O)[O-],CHEMBL23330,4.40,
NC(=O)c1ccc(cc1)C2=CC3(CCNCC3)Oc4ccccc24,CHEMBL550063,,4.94
NC(=O)c1ccc(cc1)S(=O)(=O)c2ccc(\C=C\c3ccc(F)cc3F)cc2,CHEMBL1082467,,5.10
NC(=O)c1ccc(cc1SCc2ccccc2)[N+](=O)[O-],CHEMBL1575273,4.90,
NC(=O)c1ccc(N2CCCCC2)c(c1)N3C(=O)C4CC=CCC4C3=O,CHEMBL1719321,4.60,
NC(=O)c1ccc(O[C@H]2C[C@H]3CC[C@@H](C2)N3Cc4ccccc4)nc1,CHEMBL1224217,,5.89
NC(=O)c1cccc(C[C@@H]2C[C@H]3CC[C@@H](C2)N3Cc4ccccc4)c1,CHEMBL1223953,,6.60
NC(=O)c1cccc(C[C@H]2C[C@H]3CC[C@@H](C2)N3Cc4ccccc4)c1,CHEMBL1223952,,5.82
NC(=O)c1cccc(c1)[S+]([O-])[C@H]2C[C@H]3CC[C@@H](C2)N3Cc4ccccc4,CHEMBL1223955,,4.70
NC(=O)c1cccc(c1)C(=O)N2CCC(CCN3CCC(CC3)N(C(=O)NCc4ccc(cc4)C#N)c5cccc(F)c5)(CC2)c6cccc(F)c6,CHEMBL1288677,,4.70
NC(=O)c1cccc(c1)S(=O)(=O)C2CCN(CCc3ccc(F)cc3F)CC2,CHEMBL146485,,5.15
NC(=O)c1cccc(N[C@H]2C[C@H]3CC[C@@H](C2)N3Cc4ccccc4)c1,CHEMBL1224065,,5.96
NC(=O)c1cccc(O[C@@H]2C[C@H]3CC[C@@H](C2)N3C4CCCc5ccccc45)c1,CHEMBL1258725,,9.02
NC(=O)c1cccc(O[C@@H]2C[C@H]3CC[C@@H](C2)N3CC4CC4)c1,CHEMBL1258166,,8.14
NC(=O)c1cccc(O[C@@H]2C[C@H]3CC[C@@H](C2)N3Cc4ccccc4)c1,CHEMBL1223951,,5.52
NC(=O)c1cccc(O[C@@H]2C[C@H]3CC[C@@H](C2)N3CC4CCCCC4)c1,CHEMBL1258279,,8.70
NC(=O)c1cccc(O[C@@H]2C[C@H]3CC[C@@H](C2)N3Cc4ccccn4)c1,CHEMBL1258164,,8.72
NC(=O)c1cccc(O[C@@H]2C[C@H]3CC[C@@H](C2)N3Cc4cccnc4)c1,CHEMBL1258048,,8.46
NC(=O)c1cccc(O[C@@H]2C[C@H]3CC[C@@H](C2)N3Cc4ccncc4)c1,CHEMBL1258047,,8.82
NC(=O)c1cccc(O[C@@H]2C[C@H]3CC[C@@H](C2)N3CCc4ccccc4)c1,CHEMBL1257698,,9.42
NC(=O)c1cccc(O[C@H]2C[C@H]3CC[C@@H](C2)N3CC4CCCCC4)c1,CHEMBL1223816,,5.70
NC(=O)c1cccc(O[C@H]2C[C@H]3CC[C@@H](C2)N3Cc4ccccc4)n1,CHEMBL1224069,,6.00
NC(=O)c1cccc2[nH]c3c(ncnc3c12)N4CCN(CCc5ccc(F)c(F)c5)CC4,CHEMBL283438,5.87,
NC(=O)c1ccccc1,CHEMBL267373,8.30,
NC(=O)c1ccccc1c2nc(c3ccccc3n2)n4ccnc4,CHEMBL1395337,5.40,
NC(=O)c1ccccc1NC(=O)\C=C\c2cccc(Cl)c2,CHEMBL1310409,4.55,
NC(=O)c1ccccc1O[C@H]2C[C@H]3CC[C@@H](C2)N3Cc4ccccc4,CHEMBL1224213,,6.47
NC(=O)C1CCN(CC1)c2ccc(cc2[N+](=O)[O-])C(F)(F)F,CHEMBL1379481,5.30,
NC(=O)C1CCN(Cc2ccc(Oc3nc4ccccc4s3)cc2)CC1,CHEMBL517533,,5.82
NC(=O)c1ccnc(O[C@H]2C[C@H]3CC[C@@H](C2)N3Cc4ccccc4)c1,CHEMBL1224066,,6.00
NC(=O)c1cnc(N[C@H](C2CC2)C(F)(F)F)c3c4ccc(cc4[nH]c13)c5ccc(N)nc5,CHEMBL1835150,,6.13
NC(=O)c1cnc(N[C@H](C2CC2)C(F)(F)F)c3c4ccc(cc4[nH]c13)c5cn[nH]c5,CHEMBL1835149,,5.52
NC(=O)c1cnc(NC(C2CC2)C3CC3)c4c5ccc(cc5[nH]c14)c6cnc(N)cn6,CHEMBL1835148,,6.14
NC(=O)c1cncc(Oc2c(Cl)cc(NS(=O)(=O)c3ccc(Cl)cc3Cl)cc2Cl)c1,CHEMBL2338481,7.52,
NC(=O)c1nc(cs1)c2cccc(c2)c3ccccc3OC(F)(F)F,CHEMBL1224197,4.75,
NC(=O)c1nnn(Cc2cc(Cl)c(C(=O)c3ccc(Cl)cc3)c(Cl)c2)c1N,CHEMBL95431,5.50,
NC(=O)c1sc(nc1CC(=O)N2CCc3c(Br)cccc23)N4CCOCC4,CHEMBL3125390,4.40,
NC(=O)Cc1ccc(cc1)[C@@H]2CC[C@@H](CC2)N3CC(C3)NC(=O)CNc4n[nH]c5ccc(cc45)C(F)(F)F,CHEMBL1834633,,5.02
NC(=O)CN1C(=O)C(=C(c2cc(Cl)ccc2O)c3cc(ccc13)C(F)(F)F)CCO,CHEMBL371409,4.30,
NC(=O)CN1CCC2(CCN(CC2)c3ccc(cn3)C(=O)Nc4cc(ccc4N)c5cccs5)C1,CHEMBL471220,,7.01
NC(=O)CN1CCN(CC1)c2nc(cs2)c3ccc(F)cc3,CHEMBL1425061,4.85,
NC(=O)CNCCC(c1ccccc1)c2ccccc2,CHEMBL1255662,5.70,
NC(=O)COc1c(F)cc(SCCNS(=O)(=O)c2ccccc2)cc1F,CHEMBL1097940,4.90,
NC(=O)N\N=C/c1oc(cc1)[N+](=O)[O-],CHEMBL1591712,4.90,
NC(=O)N1c2ccccc2CC(=O)c3ccccc13,CHEMBL1068,4.40,
NC(=O)Nc1cc(sc1C(=O)N[C@H]2CCCNC2)c3cccc(F)c3,CHEMBL2041933,,4.82
NC(=S)\C(=C\c1ccc(O)c(O)c1)\C#N,CHEMBL77030,4.80,
NC(C(=O)N1CCC(CC1)Nc2ccc3[nH]ncc3c2)c4cccc(Cl)c4,CHEMBL392609,6.77,
NC(C(=O)N1CCN(CC1)c2ccc3[nH]ncc3c2)c4ccc(Br)cc4,CHEMBL240867,6.39,
NC(C(=O)N1CCN(CC1)c2ccc3[nH]ncc3c2)c4cccc(Cl)c4,CHEMBL240645,6.60,
NC(C(=O)NC1C2SCC(=C(N2C1=O)C(=O)O)Cl)c3ccccc3,CHEMBL1474918,4.40,
NC(CC(=O)N1CCC[C@H]1C(=O)NCc2ccc(cc2)C(=O)O)Cc3ccc(F)c(F)c3.OC(=O)C(F)(F)F,CHEMBL182223,,4.10
NC(Cc1c[nH]c2ccccc12)C(=O)O,CHEMBL484901,4.90,
NC(Cc1ccc(cc1)N(CCCl)CCCl)C(=O)O,CHEMBL429405,5.40,
NC[C@@]1(CC[C@@H](CC1)N2CCc3c(nc(nc3C2=O)C(F)(F)F)C4CC4)c5cccc(Cl)c5,CHEMBL3112968,,6.59
NC[C@@]1(CC[C@@H](CC1)N2N=C(C=CC2=O)c3cccnc3)c4cccc(Cl)c4,CHEMBL3112960,,5.36
NC[C@@H]1CC[C@@]2(CC1)OOC3(O2)C4CC5CC(CC3C5)C4,CHEMBL536636,5.01,
NC[C@](O)(CS(=O)(=O)O)c1ccc(Cl)cc1,CHEMBL1556176,6.00,
NC[C@H]1C[C@@H]1c2cc(Cl)ccc2OCC=C.OC(=O)C(F)(F)F,CHEMBL3416047,,6.57
NC1(CCCCC1)C(=O)N[C@@H](Cc2ccc(cc2)c3ccc(cc3)C#N)C#N,CHEMBL3261924,,5.05
NC1(CCN(CC1)c2ncnc3[nH]ccc23)C(=O)N[C@@H](CCN4CCCC4)c5ccc(Cl)cc5,CHEMBL2325728,,4.68
NC1(CCN(CC1)c2ncnc3[nH]ccc23)C(=O)NC(C4CC4)c5ccc(Cl)cc5,CHEMBL2325983,,5.59
NC1(CCN(CC1)c2ncnc3[nH]ccc23)C(=O)NC(c4ccccc4)c5ccc(Cl)cc5,CHEMBL2325984,,5.80
NC1(CCN(CC1)c2ncnc3[nH]ccc23)C(=O)NC(Cc4ccccc4)c5ccc(Cl)cc5,CHEMBL2325985,,5.46
NC1(CCN(CC1)c2ncnc3[nH]ccc23)C(=O)NC(CCCN4CCOCC4)c5ccc(Cl)cc5,CHEMBL2325995,,4.13
NC1(CCN(CC1)c2ncnc3[nH]ccc23)C(=O)NC(CCCO)c4ccc(Cl)cc4,CHEMBL2325739,,4.24
NC1(CCN(CC1)c2ncnc3[nH]ccc23)C(=O)NCc4ccc(Cl)cc4,CHEMBL598194,,5.28
NC1(COc2ccc3ncc(F)c(CCC45CCC(CC4)(CO5)NCc6ccc7OCC(=O)Nc7n6)c3n2)CC1,CHEMBL3605138,,5.43
Nc1[nH]nc(c1Cl)c2ccc(Br)cc2,CHEMBL1511690,4.60,
Nc1[nH]nc2ccccc12,CHEMBL1331627,5.40,
NC1=C(C#N)C(C(=C(N)S1)C#N)c2cccc(O)c2,CHEMBL1424229,4.85,
NC1=C(C#N)C(C2=C(CC(CC2=O)c3occc3)O1)c4ccc(OCc5c(F)cccc5Cl)cc4,CHEMBL1438434,5.20,
NC1=C(C#N)C(C2=C(O1)\C(=C\c3ccccc3)\CC2)c4ccccc4,CHEMBL1499214,4.40,
NC1=CC(=CNC1=O)c2ccncc2,CHEMBL12856,4.70,
NC1=CC(=O)N=C(N)N1,CHEMBL1255934,5.90,
NC1=CC(=O)NC(=O)N1Cc2ccccc2,CHEMBL1489220,4.60,
NC1=N[C@@](c2cccc(c2)c3cncnc3)(c4ccnc(c4)C(F)F)c5cc(F)cc(F)c15,CHEMBL2177914,,4.72
NC1=N[C@@](c2cccc(c2)c3cncnc3)(c4ccnc(c4)C(F)F)c5cccc(F)c15,CHEMBL2177913,,5.32
NC1=N[C@@]2(CO1)c3cc(ccc3Oc4c(F)nc(cc24)N5CCC(F)(F)C5)c6cccnc6F,CHEMBL3394226,,5.25
NC1=N[C@]2(CO[C@H](C[C@H]2CS1)c3occn3)c4ccc(F)cc4F,CHEMBL3422235,,4.98
NC1=NC(=O)N(C=C1)[C@@H]2O[C@H](CO)[C@@H](OP(=O)(O)O)[C@H]2O,CHEMBL258728,5.10,
NC1=NC(c2cccc(c2)c3cncc(c3)C#N)(c4ccnc(c4)C(F)(F)F)c5cccc(F)c15,CHEMBL2177907,,5.77
NC1=NC(c2cccc(c2)c3cncnc3)(c4ccnc(c4)C(F)F)c5cccc(F)c15,CHEMBL2177912,,5.14
NC1=NC(c2ccncc2)(c3cccc(c3)c4cncc(F)c4)c5cccc(F)c15,CHEMBL2177905,,5.80
NC1=NC(c2ccncc2)(c3cccc(c3)c4cncnc4)c5cccc(F)c15,CHEMBL2177309,,5.24
NC1=NC2(CCN(CC2)C(=O)c3ccc(nc3)C#N)Nc4c(F)ccc(F)c14,CHEMBL447183,,7.00
NC1=NC2(CO1)c3cc(Br)ccc3OC(Cc4ccccc4)C25COC5,CHEMBL3703220,,5.10
NC1=NC2(CO1)c3cc(ccc3OCC24CC4)c5cc(Cl)cnc5F,CHEMBL3703298,,5.49
NC1=NC2(CO1)c3cc(ccc3OCC24CC4)c5cnc6[nH]cc(Cl)c6c5,CHEMBL3703263,,5.35
NC1=NC2(CO1)c3cc(ccc3OCC24CC4)c5cnc6[nH]ccc6c5,CHEMBL3703262,,5.04
NC1=NC2(CO1)c3cc(ccc3OCC24CC4)c5cncc(c5)C6CC6,CHEMBL3703258,,5.46
NC1=NC2(CO1)c3cc(ccc3OCC24CC4)c5cncc(Cl)c5,CHEMBL3703301,,5.54
NC1=NC2(CO1)c3cc(ccc3OCC24CC4)c5cncc(OC(F)F)c5,CHEMBL3703261,,5.56
NC1=NC2(CO1)c3cc(ccc3OCC24CC4)c5cncc(OCC(F)(F)C(F)F)c5,CHEMBL3703265,,5.78
NC1=NC2(CO1)c3cc(ccc3OCC24CC4)c5cncc(OCC(F)(F)F)c5,CHEMBL3703259,,5.24
NC1=NC2(CO1)c3cc(ccc3OCC24CC4)c5cncc(OCC(F)F)c5,CHEMBL3703260,,5.16
NC1=NC2(CO1)c3cc(ccc3OCC24CCC4)c5cncnc5,CHEMBL3703295,,5.28
NC1=NC2(CO1)c3cc(NC(=O)c4ccc(Cl)cn4)ccc3OCC25CC5,CHEMBL3703237,,5.66
NC1=Nc2c(ncn2C3OC(COC(=O)c4ccccc4)C(OC(=O)c5ccccc5)C3OC(=O)c6ccccc6)C(=O)N1,CHEMBL1437002,5.40,
Nc1c(Br)cc(cc1[N+](=O)[O-])[N+](=O)[O-],CHEMBL167513,4.60,
Nc1c(C#N)sc2nc(cc(c3ccc(Cl)cc3)c12)c4cccs4,CHEMBL1479144,5.85,
Nc1c(C(=O)NCC2CCCO2)c3nc4ccccc4nc3n1c5ccccc5,CHEMBL1391091,5.35,
Nc1c(cnn1c2ccc(F)cc2)C(=O)c3cccc(OC[C@@H](O)CO)c3,CHEMBL203567,4.60,
Nc1c(cnn1c2ccc(F)cc2)C(=O)NCC(O)(CN(CCF)C(=O)c3c(F)cccc3F)C(F)(F)F,CHEMBL464245,6.30,
Nc1c(cnn1c2ccc(F)cc2)C(=O)NCC(O)(CN(CCO)C(=O)c3c(Cl)cccc3Cl)C(F)(F)F,CHEMBL465451,4.00,
Nc1c(cnn1c2ccc(F)cc2)C(=O)NCC(O)(CN(CCO)C(=O)c3c(F)cccc3F)C(F)(F)F,CHEMBL517933,4.12,
Nc1c(cnn1c2nc(cs2)c3ccc(Cl)cc3Cl)c4cccs4,CHEMBL1533645,4.90,
Nc1c(sc2nc3CCCC(=O)c3cc12)C(=O)NCc4ccccc4,CHEMBL1606201,4.60,
NC1C[C@H]2CC[C@@H](C1)N2C(=O)[C@H](Cc3ccc(Cl)cc3Cl)NC(=O)C4(CC4)c5ccc(OC(F)(F)F)cc5,CHEMBL2163827,5.62,
Nc1c2C(=O)c3ccccc3C(=O)c2c(Nc4cccc(c4)S(=O)(=O)N)cc1S(=O)(=O)O,CHEMBL471225,5.10,
Nc1c2C(=O)OC(=Cc2nn1c3ccccc3)c4ccccc4,CHEMBL1543685,4.60,
Nc1cc(Cl)c(N)c(Cl)c1,CHEMBL551154,4.70,
Nc1cc(Cl)nc(N\N=C\c2ccccc2[N+](=O)[O-])n1,CHEMBL3196573,4.85,
Nc1cc(CN2CCC(CC2)C(=O)N3CCC(CC3)N4C(=O)N(C5CCCC5)c6cc(F)ccc46)ccn1,CHEMBL2437427,4.66,
Nc1cc(CN2CCC(CC2)C(=O)N3CCC(CC3)N4C(=O)N(CC5CC5)c6cc(F)ccc46)ccn1,CHEMBL2437426,4.52,
Nc1cc(CN2CCC(CC2)C(=O)N3CCC(CC3)N4C(=O)N(CCCC(F)(F)F)c5cc(F)ccc45)ccn1,CHEMBL2437423,4.52,
Nc1cc(CN2CCC(CC2)C(=O)N3CCC(CC3)N4C(=O)N(CCN5CCOCC5)c6ccccc46)ccn1,CHEMBL2437421,4.52,
Nc1cc(CN2CCC(F)(CC2)C(=O)N3CCC(CC3)N4Cc5ccccc5Cc6ccccc46)ccn1,CHEMBL2436616,4.75,
Nc1cc(N)nc(SCC(=O)NNC(=O)c2ccc(Cl)cc2)n1,CHEMBL1406495,4.85,
Nc1cc(O)nc(SCC(=O)Nc2ccc(cc2)S(=O)(=O)N3CCOCC3)n1,CHEMBL1382206,4.55,
NC1CC1COc2ccc3ncc(F)c(CCC45CCC(CC4)(CO5)NCc6ccc7OCC(=O)Nc7n6)c3n2,CHEMBL3605139,,6.70
Nc1cc2N(C(=O)C=Cc2c(n1)c3ccc(F)cc3F)c4c(F)cccc4F,CHEMBL219804,,5.29
Nc1ccc(C(=O)O)c(O)c1.Nc2ccc(C(=O)O)c(O)c2,CHEMBL1343453,5.10,
Nc1ccc(C(=O)Oc2ccccc2)c(O)c1,CHEMBL1200868,4.80,
Nc1ccc(cc1)C(=C2C=CC(=N)C=C2)c3ccc(N)cc3,CHEMBL1368322,5.50,
Nc1ccc(cc1)c2ccc(NC(=O)Nc3ccc(cc3)c4ccnc5[nH]cnc45)cc2,CHEMBL1951446,6.70,
Nc1ccc(cc1)c2nc3c(Cl)c(N)ccc3[nH]2,CHEMBL1530272,6.00,
Nc1ccc(cc1)N(c2ccccc2)c3ccc(N)cc3,CHEMBL1509804,5.75,
Nc1ccc(cc1)S(=O)(=O)c2ccc(NCN3C(=O)NC(=O)C(=O)C3=O)cc2,CHEMBL227725,5.70,
Nc1ccc(cc1)S(=O)(=O)Nc2ccnn2c3ccccc3,CHEMBL1109,5.10,
Nc1ccc(cc1N)c2cccs2,CHEMBL495702,,5.80
Nc1ccc(cc1NC(=O)c2ccc(CN3CCC4(CCCN4)CC3)cc2)c5cccc(F)c5,CHEMBL473475,,6.78
Nc1ccc(cc1NC(=O)c2ccc(CN3CCC4(CCCN4)CC3)cc2)c5cccs5,CHEMBL474890,,5.80
Nc1ccc(cc1NC(=O)c2ccc(CN3CCC4(CCCN4)CC3)cc2)c5ccsc5,CHEMBL514304,,5.83
Nc1ccc(cc1NC(=O)c2ccc(CNC(=O)CCc3cccnc3)cc2)c4ccccc4,CHEMBL253869,,5.43
Nc1ccc(cc1NC(=O)c2ccc(CNC(=O)OCc3cccnc3)cc2)c4ccccc4,CHEMBL253868,,5.52
Nc1ccc(cc1NC(=O)c2ccc(nc2)N3CCC4(CC3)CCN(C4)c5ncccn5)c6cccs6,CHEMBL470798,,6.12
Nc1ccc(cc1NC(=O)c2ccc(nc2)N3CCC4(CC3)CNC(=O)C4)c5cccs5,CHEMBL511984,,5.06
Nc1ccc(cc1NC(=O)c2ccc(nc2)N3CCC4(CC3)CNC(=O)N4)c5cccs5,CHEMBL486152,,4.84
Nc1ccc(cc1NC(=O)c2ccc(nc2)N3CCC4(CC3)CNC(=O)O4)c5ccc(F)cc5,CHEMBL3286736,,6.21
Nc1ccc(cc1NC(=O)c2ccc(nc2)N3CCC4(CC3)CNC(=O)O4)c5ccccc5,CHEMBL3286735,,5.47
Nc1ccc(cc1NC(=O)c2ccc(nc2)N3CCC4(CC3)CNC4=O)c5cccs5,CHEMBL470791,,4.96
Nc1ccc(cc1NC(=O)c2ccc(nc2)N3CCC4(CC3)CNc5ccccc45)c6cccs6,CHEMBL511625,,4.99
Nc1ccc(cc1NC(=O)c2ccc(nc2)N3CCC4(CC3)NCNC4=O)c5cccs5,CHEMBL469950,,5.12
Nc1ccc(cc1NC(=O)c2ccc(nc2)N3CCC4(CCCC4O)CC3)c5cccs5,CHEMBL470148,,5.03
Nc1ccc(cc1NC(=O)c2ccc(nc2)N3CCC4(CCN(CC(=O)O)C4)CC3)c5cccs5,CHEMBL471219,,5.50
Nc1ccc(cc1NC(=O)c2ccc(nc2)N3CCC4(CCN(CCO)C4)CC3)c5cccs5,CHEMBL513250,,6.77
Nc1ccc(cc1NC(=O)c2ccc(nc2)N3CCC4(CCNC4)CC3)c5ccccc5,CHEMBL471824,,6.23
Nc1ccc(cc1NC(=O)c2ccc(nc2)N3CCC4(CCNC4)CC3)c5cccs5,CHEMBL513568,,6.10
Nc1ccc(cc1NC(=O)c2ccc(nc2)N3CCC4(CCNC4=O)CC3)c5cccs5,CHEMBL469514,,5.06
Nc1ccc(Cc2ccc(N)c(Cl)c2)cc1Cl,CHEMBL82846,5.30,
Nc1ccc(Cc2ccc(N)cc2)cc1,CHEMBL85728,4.60,
Nc1ccc(Cl)c(Cl)c1,CHEMBL1319813,4.60,
Nc1ccc(cn1)c2cnc(N)c(c2)c3ccc(Cl)cc3,CHEMBL3754515,,5.75
Nc1ccc(cn1)c2cnc3[nH]cc(c4ccc5[nH]ccc5c4)c3c2,CHEMBL2436981,5.38,
Nc1ccc(cn1)c2cnc3nc(sc3c2)N4CCC(CC4)N5CCCCC5,CHEMBL575241,,4.71
Nc1ccc(cn1)S(=O)(=O)N2CCN(CC2)c3ncc(cc3c4cccnc4)C(O)(C(F)(F)F)C(F)(F)F,CHEMBL3319549,4.57,
Nc1ccc(N=Nc2ccccc2)c(N)n1,CHEMBL1355537,4.90,
Nc1ccc(N2C(=O)c3ccccc3C2=O)c(Cl)c1,CHEMBL278755,4.80,
Nc1ccc(nc1)[C@@H]2CC[C@H](CC2)N3CC(C3)NC(=O)CNC(=O)c4cccc(c4)C(F)(F)F,CHEMBL1829627,,4.43
Nc1ccc(O)cc1,CHEMBL1142,4.60,
Nc1ccc(Oc2ccc3nc(c4ccccc4)c(nc3c2)c5ccc(cc5)[N+](=O)[O-])cc1,CHEMBL1375098,5.45,
Nc1ccc(SC[C@H]2CO[C@@](CCc3ccc(Cl)cc3)(Cn4ccnc4)O2)cc1,CHEMBL305220,7.48,
Nc1ccc2[nH]c(SCc3ccccn3)nc2c1,CHEMBL2019026,6.28,
Nc1ccc2C(=O)c3ccccc3C(=O)c2c1,CHEMBL84685,5.60,
Nc1ccc2C(=O)NC(=O)c3cccc1c23,CHEMBL338790,5.50,
Nc1ccc2c(COc3cc(F)c(Cl)c(Oc4cc(Cl)cc(c4)C#N)c3)n[nH]c2n1,CHEMBL572324,5.36,
Nc1ccc2ccccc2c1,CHEMBL278164,4.90,
Nc1ccc2ncc(F)c(CCC34CCC(CC3)(CO4)NCc5ccc6OCC(=O)Nc6n5)c2n1,CHEMBL3422948,,8.49
Nc1ccc2oc(CCc3ccccc3)nc2c1,CHEMBL1531277,5.15,
Nc1cccc(c1)c2c(O)ccc3cc(ccc23)c4cccc(O)c4,CHEMBL1650654,5.97,
Nc1cccc(c1)c2cccc(c2)c3c(N)[nH]nc3c4ccc(O)cc4,CHEMBL3806115,4.95,
Nc1cccc(N)c1,CHEMBL1595914,4.50,
Nc1cccc2c(N)cccc12,CHEMBL538965,4.80,
Nc1cccc2ccccc12,CHEMBL57394,4.50,
Nc1cccc2cnccc12,CHEMBL216973,5.10,
Nc1ccccc1C#Cc2ccccc2,CHEMBL1565578,4.80,
Nc1ccccc1C(=O)\C=C/c2ccc3OCOc3c2,CHEMBL1376212,5.50,
Nc1ccccc1C(=O)OCC(=O)Nc2ccc(Br)cc2F,CHEMBL1471064,4.85,
Nc1ccccc1N,CHEMBL70582,4.70,
Nc1ccccc1NC(=O)\C=C\c2ccc(cc2)[C@H]3CN(CCO)C[C@@H]3C(=O)Nc4ccc(Cl)cc4,CHEMBL2178221,5.70,4.82
Nc1ccccc1NC(=O)c2ccc(cc2)C3CCN(CCC(=O)Nc4ccccc4F)CC3,CHEMBL409494,5.00,
Nc1ccccc1NC(=O)c2ccc(cc2)c3ncc(CN4CCC4)cc3Cl,CHEMBL255245,,4.65
Nc1ccccc1NC(=O)c2ccc(CNC(=O)OCc3cccnc3)cc2,CHEMBL27759,6.14,
Nc1ccccc1NC(=O)c2ccc(nc2)N3CCC4(CC3)CNCc5ccccc45,CHEMBL486738,,5.75
Nc1ccccc1NC(=O)c2ccc(nc2)N3CCC4(CC3)N(CNC4=O)c5ccccc5,CHEMBL487346,,4.52
Nc1ccccc1NC(=O)c2ccc(nc2)N3CCC4(CCNC4)CC3,CHEMBL499776,,4.67
Nc1ccccc1Oc2ncc(cc2Cl)C(F)(F)F,CHEMBL1451346,4.85,
Nc1ccccc1SCc2csc(n2)c3ccc(Cl)cc3,CHEMBL476135,6.00,
NC1CCCN(C1)C2=Nc3c(Cl)cccc3C(=O)N2Cc4ccccc4C#N,CHEMBL387552,6.89,
Nc1cccnc1[C@@H]2CC[C@H](CC2)N3CC(C3)NC(=O)CNC(=O)c4cccc(c4)C(F)(F)F,CHEMBL1829626,,4.36
NC1CCN(CC1)C(=O)[C@H](Cc2ccc(Br)cc2)NC(=O)C3(CC3)c4ccc(Cl)cc4Cl,CHEMBL2163823,5.10,
NC1CCN(CC1)c2nc(N)nc3cc(sc23)c4ccc(cc4)C(F)(F)F,CHEMBL3617456,,5.22
Nc1ccnc(c1)N2CCC(CC2)(C(=O)N3CCc4ccccc4C3)c5ccccc5,CHEMBL493744,,7.46
Nc1ccnc(c1)N2CCC(CC2)(NC(=O)c3ccccn3)c4ccccc4,CHEMBL522317,,6.26
Nc1ccnc(c1)N2CCC(CC2)N3C(=O)N(c4ccccc4)c5cccnc35,CHEMBL522854,,6.04
Nc1ccnc(c1)N2CCC(CC2)N3C(=O)N(CC4CC4)c5cccnc35,CHEMBL523504,,6.13
Nc1ccnc(c1)N2CCC(CC2)N3C(=O)N(Cc4ccccc4)c5cccnc35,CHEMBL493973,,6.29
Nc1ccnc(Nc2ccc(Oc3ccc(cc3)C(F)(F)F)cc2)n1,CHEMBL2012037,,6.05
Nc1ccnc(Nc2ccc(Oc3ccc(Cl)cc3)cc2)c1,CHEMBL2012014,,7.30
Nc1ccnc(Nc2ccc(Oc3ccc(Cl)cc3)cc2)n1,CHEMBL2011950,,6.37
Nc1cncc(Nc2ccc(Oc3ccc(cc3)C(F)(F)F)cc2)n1,CHEMBL2012044,,5.55
Nc1cncc(Nc2ccc(Oc3ccc(Cl)cc3)cc2)c1,CHEMBL2011946,,6.80
Nc1cncc(Nc2ccc(Oc3ccc(F)cc3)cc2)n1,CHEMBL2012040,,5.96
Nc1cnccc1[C@@H]2CC[C@@H](CC2)N3CC(C3)NC(=O)CNc4ncnc5ccc(cc45)C(F)(F)F,CHEMBL2315929,,4.34
NC1COCC1Oc2ccc3ncc(F)c(CCC45CCC(CC4)(CO5)NCc6ccc7OCC(=O)Nc7n6)c3n2,CHEMBL3605014,,5.44
NC1CONC1=O,CHEMBL8151,4.40,
Nc1n[nH]c(SCC(=O)Nc2ccccc2Sc3ccc(Cl)cc3)n1,CHEMBL1611048,6.15,
Nc1n[nH]c2nc(cnc12)c3ccc(NS(=O)(=O)c4cc(Cl)ccc4F)cc3,CHEMBL3092468,4.54,
Nc1nc(Br)c2c(F)cccc2c1c3ccccc3,CHEMBL1466277,4.85,
Nc1nc(CC(=O)Nc2ccc(C[C@@H]3CC[C@@H](N3)[C@H](O)c4ccccc4)cc2)cs1,CHEMBL1684585,,4.72
Nc1nc(Cc2ccccc2)nc(Cc3ccccc3)c1c4ccccc4,CHEMBL1410759,5.50,
Nc1nc(CSc2nnnn2c3ccc(Cl)cc3)nc(n1)N4CCOCC4,CHEMBL1353342,5.40,
Nc1nc(N)c2nc(c(N)nc2n1)c3ccccc3,CHEMBL585,4.40,
Nc1nc(N2CCNCC2)c3ccc(cc3n1)C4CC4,CHEMBL2376793,,5.33
Nc1nc(N2CCNCC2)c3ccc(cc3n1)C4CCCC4,CHEMBL2376789,,5.47
Nc1nc(OCc2ccccc2)c3nc[nH]c3n1,CHEMBL407874,5.10,
Nc1nc(S)nc2c3ccccc3CC4(CCCC4)c12,CHEMBL1609472,4.70,
Nc1nc(SC\C=C/c2ccccc2)c3nc[nH]c3n1,CHEMBL1441222,5.60,
Nc1nc(SCC(=O)c2ccc(Br)cc2)c3nc[nH]c3n1,CHEMBL1593853,5.70,
Nc1nc(SCc2ccccc2)c3ncn(Cc4ccccc4)c3n1,CHEMBL1270168,5.40,
Nc1nc(SCc2ccccc2[N+](=O)[O-])c3[nH]cnc3n1,CHEMBL64569,5.50,
Nc1nc(SCCc2ccccc2)c3nc[nH]c3n1,CHEMBL1437990,5.60,
Nc1nc2[C@@H](CCc2s1)C(=O)Nc3ccc(C[C@@H]4CC[C@@H](N4)[C@H](O)c5ccc(F)cc5)cc3,CHEMBL3128200,,5.25
Nc1nc2[C@@H](CCc2s1)C(=O)Nc3ccc(C[C@@H]4CC[C@@H](N4)[C@H](O)c5cccc(Cl)c5)cc3,CHEMBL3128198,,5.82
Nc1nc2c(cnn2CCc3ccccc3)c4nc(nn14)c5occc5,CHEMBL17127,4.50,
Nc1nc2cc3CCN(Cc4ccc(F)cc4)CCc3cc2s1,CHEMBL2326477,,5.44
Nc1nc2cc3CCN(Cc4ccccc4)CCc3cc2s1,CHEMBL2326476,,5.11
Nc1nc2cc3CCN(Cc4cccnc4)CCc3cc2s1,CHEMBL2326484,,4.68
Nc1nc2cc3CCN(Cc4cscn4)CCc3cc2s1,CHEMBL2326469,,4.82
Nc1nc2cc3CCN(CCc3cc2s1)C4CC4,CHEMBL2326490,,4.89
Nc1nc2ccc(cc2s1)[N+](=O)[O-],CHEMBL318275,4.50,
Nc1nc2ccc(NCC(F)(F)F)nc2n1CC(O)c3ccc(Cl)cc3Cl,CHEMBL3289807,,5.46
Nc1nc2ccc(OC(F)(F)F)cc2s1,CHEMBL744,4.50,
Nc1nc2ccccc2n1CC(O)c3ccc(Cl)cc3Cl,CHEMBL3289799,,4.99
Nc1nc2CN(Cc2c(n1)c3c(Cl)cc(Cl)cc3OCCn4cccn4)C(=O)NC56CC(C5)C6,CHEMBL1774924,5.96,
Nc1nc2OC(Cc2c3c(C#N)c(nc(N)c13)N4CCCCC4)c5ccccc5,CHEMBL1424097,6.00,
Nc1ncc(c2ccccc2)n1CC3CCCO3,CHEMBL1605713,5.15,
Nc1ncc(c2cnn(CCO)c2)c3scc(c4ccc(NC(=O)Nc5cccc(F)c5)cc4)c13,CHEMBL1980297,,6.00
Nc1ncc(cc1c2ccc(cc2)C(F)(F)F)c3ccc(cc3)C(=O)N4CCNCC4,CHEMBL2181298,,5.26
Nc1ncc(cc1c2ccc(cc2)C(F)(F)F)c3ccc(cc3)C(=O)N4CCOCC4,CHEMBL2181489,,5.52
Nc1ncc(cc1c2ccc(nc2)C(F)(F)F)c3ccc(cc3)C(=O)N4CCNCC4,CHEMBL2181297,,4.71
Nc1ncc(cn1)c2cnc3[nH]cc(c4ccc5[nH]ccc5c4)c3c2,CHEMBL2436983,4.66,
Nc1ncc(nc1C(=O)Nc2ccccc2)c3cccnc3,CHEMBL1765107,5.70,
Nc1nccc(Oc2ccc(NC(=O)NC(=O)Cc3ccc(F)cc3)cc2F)c1C#C,CHEMBL502531,6.10,
Nc1nccc(Oc2ccc(NC(=O)NC(=O)Cc3ccc(F)cc3)cc2F)c1C#Cc4ccccn4,CHEMBL500422,4.43,
Nc1nccc2cc(CNCCc3ccccc3)ccc12,CHEMBL1643361,,5.50
Nc1nccn1CC(O)c2ccc(Cl)cc2F,CHEMBL3289792,,4.22
Nc1nccn2c(nc(c3ccc4ccc(nc4c3)c5ccccc5)c12)[C@@H]6C[C@@H](C6)N7CCCC7,CHEMBL261146,4.77,
Nc1nccn2c(nc(c3ccc4ccc(nc4c3)c5ccccc5)c12)[C@@H]6C[C@@H](C6)N7CCCCC7,CHEMBL408712,5.13,
Nc1nccn2c(nc(c3ccc4ccc(nc4c3)c5ccccc5)c12)[C@@H]6C[C@@H](C6)N7CCOCC7,CHEMBL258648,4.92,
Nc1nccn2c(nc(c3ccc4ccc(nc4c3)c5ccccc5)c12)[C@@H]6C[C@@H](CN7CCC7)C6,CHEMBL260298,4.77,
Nc1ncnc(Nc2ccc(Oc3ccc(Cl)cc3)cc2)n1,CHEMBL2011947,,5.64
Nc1ncnc2c1ncn2[C@@H]3O[C@H]([C@H](O)[C@@H]3O)C(=O)NC4CC4,CHEMBL1516939,6.00,
Nc1ncnc2nc([nH]c12)c3ccc(C[P+](c4ccccc4)(c5ccccc5)c6ccccc6)cc3,CHEMBL1354172,6.10,
Nc1nnc(SCCOc2cccc(Br)c2)s1,CHEMBL1393435,4.90,
Nc1nnc2c3cc(c4ccccc4)c(nc3ccn12)c5ccc(CN6CCC(CC6)c7n[nH]c(n7)c8ccccn8)cc5,CHEMBL499555,,5.27
Nc1noc2ccc(cc12)c3cc(Cl)ccc3Oc4cc(F)c(cc4F)S(=O)(=O)Nc5ncns5,CHEMBL3341983,7.11,
Nc1nonc1c2noc(CCCN3C(=O)c4ccccc4C3=O)n2,CHEMBL1307447,5.10,
NCC#Cc1c(N)nccc1Oc2ccc(NC(=O)NC(=O)Cc3ccc(F)cc3)cc2F,CHEMBL526929,5.75,
NCC#Cc1ccccc1,CHEMBL110611,4.80,
NCC#Cc1cccnc1,CHEMBL360541,4.82,
NCC(=O)N1CCN(CC1)c2cnc3cc(cc(NCc4cccc(c4)[N+](=O)[O-])c3c2)C(F)(F)F,CHEMBL3220877,,4.74
NCC(=O)N1CCn2c(C1)nc(c3ccc(F)cc3)c2Nc4ccc(Cl)c(F)c4,CHEMBL1800775,,4.68
NCC(CC(=O)O)c1ccc(Cl)cc1,CHEMBL701,7.50,
NCC(O)COc1ccc2ncc(F)c(CCC34CCC(CC3)(CO4)NCc5ccc6OCC(=O)Nc6n5)c2n1,CHEMBL3605021,,5.48
NCC(O)COc1ccccc1C(=O)CCc2ccccc2,CHEMBL1365,,4.36
NCC[C@@H]1C[C@H](c2ccc(Cl)c(Cl)c2)c3ccccc3C1,CHEMBL1642913,,5.82
NCC1(COc2ccc3ncc(F)c(CCC45CCC(CC4)(CO5)NCc6ccc7OCC(=O)Nc7n6)c3n2)CC1,CHEMBL3605137,,5.12
NCc1c(N)nc(nc1c2ccc(Cl)cc2Cl)c3ccccc3,CHEMBL36020,5.00,
NCc1ccc(cc1)C2=CN(Cc3c(F)cccc3C(F)(F)F)C(=O)N(C[C@H](N)c4ccccc4)C2=O,CHEMBL497747,5.04,
NCC1CCC(CNc2nc(NCc3ccccc3Cl)ncc2[N+](=O)[O-])CC1,CHEMBL246970,5.85,
NCC1CCC(O1)c2cccnc2,CHEMBL3640764,4.19,
NCC1O[C@H](O[C@H]2[C@H](N)C[C@H](N)[C@@H](O[C@H]3OC(CO)C(O)C(N)C3O)C2O)[C@@H](N)CC1O,CHEMBL1403353,4.40,
NCc1oc(cc1)c2ccccc2,CHEMBL214859,4.20,
NCCC(=O)NCCc1c[nH]cn1,CHEMBL461024,4.40,
NCCc1c[nH]c2ccc(O)cc12,CHEMBL39,4.40,
NCCCCCC(=O)NCc1cccnc1,CHEMBL3814729,5.00,
NCCCCCCNS(=O)(=O)c1ccc2c(Cl)cccc2c1,CHEMBL1591209,4.90,
NCCCCNS(=O)(=O)c1ccc2c(Cl)cccc2c1,CHEMBL1256392,4.60,
NCCCOc1ccc2ncc(F)c(CCC34CCC(CC3)(CO4)NCc5ccc6OCC(=O)Nc6n5)c2n1,CHEMBL3605134,,5.10
NCCCP(=O)(O)O,CHEMBL286077,6.80,
NCCNC(=O)c1ncsc1c2cccc(F)c2,CHEMBL1488153,4.50,
NCCNS(=O)(=O)c1ccc(N)cc1,CHEMBL1363331,5.30,
NCCNS(=O)(=O)c1cccc2c(Cl)cccc12,CHEMBL219301,4.80,
NCCOc1ccc2ncc(F)c(CCC34CCC(CC3)(CO4)NCc5ccc6OCC(=O)Nc6n5)c2n1,CHEMBL3605133,,4.76
NCCSC(c1ccccc1)c2ccccc2,CHEMBL1516187,5.50,
NNC(=O)c1cc2CCCCCCc2s1,CHEMBL1499237,5.70,
NNC(=O)c1ccc(O)cc1,CHEMBL124267,5.30,
NNC(=O)c1ccncc1,CHEMBL64,4.80,
NNC(=O)Cc1cccnc1,CHEMBL1327459,5.50,
NNC(=O)CCc1ccc2ccc3ccccc3c2c1,CHEMBL1332504,6.40,
NNC(=O)CNc1cccc(Br)c1,CHEMBL1445913,5.60,
NNc1ccccc1,CHEMBL456807,6.05,
NNc1nncc2ccccc12,CHEMBL276832,4.90,
NNCCc1ccccc1,CHEMBL1089,5.10,
NS(=O)(=O)c1cc2c(N[C@H](NS2(=O)=O)[C@@H]3C[C@H]4C[C@@H]3C=C4)cc1Cl,CHEMBL1333981,4.80,
NS(=O)(=O)c1cc2c(NC(CSCC=C)NS2(=O)=O)cc1Cl,CHEMBL599870,4.40,
NS(=O)(=O)c1ccc(cc1)N=Nc2cc3ccccc3c(C(=O)O)c2O,CHEMBL1551254,5.50,
NS(=O)(=O)c1ccc(cc1)N=Nc2ncccc2O,CHEMBL1565914,5.40,
NS(=O)(=O)c1ccc(CCNC(=O)CSc2ccccc2)cc1,CHEMBL1741781,4.80,
NS(=O)(=O)c1ccc(CNC(=O)\C=C\c2c(Cl)cccc2Cl)cc1,CHEMBL1380635,4.80,
NS(=O)(=O)c1ccc(OCCN2CCCCC2)cc1,CHEMBL2024309,,4.62
O.[Cl-].COc1cc2cc[n+]3c(C)c4cc(OC)c(OC)cc4cc3c2cc1OC,CHEMBL1444353,5.00,
O.Br.Nc1nc(cs1)c2ccccc2,CHEMBL1570415,4.70,
O.CN1Cc2c3OCOc3ccc2[C@@H]4[C@@H](O)Cc5cc6OCOc6cc5[C@H]14,CHEMBL1529490,5.30,
O.COc1cc2cc[n+]3cc4c(OC)c(OC)ccc4cc3c2cc1OC,CHEMBL1516428,4.70,
O.O.Cl.COc1ccc2c3CCN=C(C)c3[nH]c2c1,CHEMBL1494278,5.60,
O.O.O.[Cl-].CN(C)c1ccc2N=C3C=CC(=[N+](C)C)C=C3Sc2c1,CHEMBL550495,4.80,
O[C@@](Cn1cnnn1)(c2ccc(F)cc2F)C(F)(F)c3ccc(cn3)c4ccc(cc4)C(F)(F)F,CHEMBL3311226,4.27,
O[C@@](Cn1cnnn1)(c2ccc(F)cc2F)C(F)(F)c3ccc(cn3)c4ccc(OC(F)(F)F)cc4,CHEMBL3311227,4.10,
O[C@@]1(CC[C@@H](CC1)N2CC(C2)NC(=O)CNC(=O)c3cccc(c3)C(F)(F)F)c4ccc(F)cc4,CHEMBL1829629,,5.55
O[C@@]1(CC[C@@H](CC1)N2CC(C2)NC(=O)CNC(=O)c3cccc(c3)C(F)(F)F)c4ccc5CCOc5c4,CHEMBL1829634,,4.93
O[C@@]1(CC[C@@H](CC1)N2CC(C2)NC(=O)CNC(=O)c3cccc(c3)C(F)(F)F)c4cccnc4,CHEMBL1829603,,4.46
O[C@@]1(CC[C@H](CC1)N[C@H]2CCN(C2)C(=O)C3CCN(CC3)c4nccc(n4)C(F)(F)F)c5ccc(cn5)c6ncccn6,CHEMBL2029569,,4.59
O[C@@]1(CC[C@H](CC1)N[C@H]2CCN(C2)C(=O)CNC(=O)c3cccc(c3)C(F)(F)F)c4ccc(cn4)c5ccncc5,CHEMBL2029419,,4.89
O[C@@]1(CC[C@H](CC1)N2CC(C2)NC(=O)CNC(=O)c3cccc(c3)C(F)(F)F)c4ccc(F)nc4,CHEMBL2204270,,5.00
O[C@@]1(CC[C@H](CC1)N2CC(C2)NC(=O)CNC(=O)c3cccc(c3)C(F)(F)F)c4ccc(nc4)C#N,CHEMBL2204242,,4.90
O[C@@]1(CC[C@H](CC1)N2CC(C2)NC(=O)CNC(=O)c3cccc(c3)C(F)(F)F)c4ccc(OCC(F)(F)F)nc4,CHEMBL2204250,,5.16
O[C@@]1(CC[C@H](CC1)N2CC(C2)NC(=O)CNc3cc(nc4ccc(cc34)C(F)(F)F)C(F)(F)F)c5cncs5,CHEMBL2315939,,4.44
O[C@@]1(CC[C@H](CC1)N2CC(C2)NC(=O)CNc3ccnc4ccc(cc34)C(F)(F)F)c5cncs5,CHEMBL2315941,,4.95
O[C@@]1(CC[C@H](CC1)N2CC(C2)NC(=O)CNc3nccc4ccc(cc34)C(F)(F)F)c5cncs5,CHEMBL2316209,,4.48
O[C@@]1(CC[C@H](CC1)N2CC(C2)NC(=O)CNc3ncnc4ccc(cc34)C(F)(F)F)c5ccns5,CHEMBL2315923,,4.55
O[C@@]1(CC23CCC(CC2)(CO3)NC\C(=C/c4cc(F)ccc4F)\F)CN5C(=O)C=Cc6ncc(F)c1c56,CHEMBL3425937,,7.80
O[C@@]1(CC23CCC(CC2)(CO3)NC\C=C\c4c(F)cccc4F)CN5C(=O)C=Cc6ncc(F)c1c56,CHEMBL3425934,,7.50
O[C@@]1(CC23CCC(CC2)(CO3)NC\C=C\c4cc(F)ccc4F)CN5C(=O)C=Cc6ncc(F)c1c56,CHEMBL3425935,,8.10
O[C@@]1(CC23CCC(CC2)(CO3)NC\C=C\c4ccc(F)cc4)CN5C(=O)C=Cc6ncc(F)c1c56,CHEMBL3425936,,7.19
O[C@@]1(CC23CCC(CC2)(CO3)NC\C=C\c4ccccc4)CN5C(=O)C=Cc6ncc(F)c1c56,CHEMBL3425939,,7.19
O[C@@]1(CC23CCC(CC2)(CO3)NC\C=C\c4ccccn4)CN5C(=O)C=Cc6ncc(F)c1c56,CHEMBL3425940,,7.19
O[C@@]1(CC23CCC(CC2)(CO3)NCc4cc(on4)c5cccs5)CN6C(=O)C=Cc7ncc(F)c1c67,CHEMBL3425943,,7.80
O[C@@]1(CC23CCC(CC2)(CO3)NCc4cc5OCCOc5c(Cl)c4Cl)CN6C(=O)C=Cc7ncc(F)c1c67,CHEMBL3425826,,4.50
O[C@@]1(CC23CCC(CC2)(CO3)NCc4cc5OCCOc5cn4)CN6C(=O)C=Cc7ncc(F)c1c67,CHEMBL3425810,,5.59
O[C@@]1(CC23CCC(CC2)(CO3)NCc4cc5SCOc5cn4)CN6C(=O)C=Cc7ncc(F)c1c67,CHEMBL3425932,,4.47
O[C@@]1(CC23CCC(CC2)(CO3)NCc4ccc5OC(F)(F)Oc5c4)CN6C(=O)C=Cc7ncc(F)c1c67,CHEMBL3425931,,4.55
O[C@@]1(CC23CCC(CC2)(CO3)NCc4ccc5OCC(=O)Nc5c4)CN6C(=O)C=Cc7ncc(F)c1c67,CHEMBL3425808,,5.14
O[C@@]1(CC23CCC(CC2)(CO3)NCc4ccc5OCC(=O)Nc5n4)CN6C(=O)C=Cc7ncc(Cl)c1c67,CHEMBL3402185,,4.27
O[C@@]1(CC23CCC(CC2)(CO3)NCc4ccc5SCC(=O)Nc5n4)CN6C(=O)C=Cc7ncc(F)c1c67,CHEMBL3425798,,4.59
O[C@@]1(CC23CCC(CC2)(CO3)NCc4nc5NC(=O)COc5cc4OC(=O)c6ccccc6)CN7C(=O)C=Cc8ncc(F)c1c78,CHEMBL3425805,,4.52
O[C@@]1(CC23CCC(CC2)(CO3)NCc4ncc5OCC(=O)Nc5n4)CN6C(=O)C=Cc7ncc(F)c1c67,CHEMBL3425807,,4.52
O[C@@]1(CC23CCC(CC2)(CO3)NCCCc4cc(F)ccc4F)CN5C(=O)C=Cc6ncc(F)c1c56,CHEMBL3425941,,7.50
O[C@@]1(CCNC[C@@H]1C(=O)N(Cc2c[nH]c3cccc(Cl)c23)C4CC4)c5ccc(F)c(F)c5,CHEMBL1910298,,6.04
O[C@@]1(CCNC[C@@H]1C(=O)N(Cc2cccc(Cl)c2Cl)C3CC3)c4ccc(F)c(F)c4,CHEMBL1910295,,6.17
O[C@@]1(CCNC[C@@H]1C(=O)N(Cc2cn(Cc3ccncc3)c4cccc(F)c24)C5CC5)c6ccc(F)c(F)c6,CHEMBL1910322,,5.96
O[C@@]1(CCNC[C@@H]1C(=O)N(Cc2cn(Cc3conc3)c4cccc(F)c24)C5CC5)c6ccc(F)c(F)c6,CHEMBL1910312,,6.21
O[C@@]1(CCNC[C@@H]1c2onc(c2Br)c3c(Cl)cccc3Cl)c4ccc(F)c(F)c4,CHEMBL2017099,4.82,5.41
O[C@@]1(CCNC[C@@H]1c2onc(c2Br)c3cccc4ccccc34)c5ccc(F)c(F)c5,CHEMBL2017100,,5.38
O[C@@]1(CCNC[C@@H]1c2onc(c2Br)c3ccccc3Cl)c4ccc(F)c(F)c4,CHEMBL2016938,4.75,5.21
O[C@@H]([C@H]1CC[C@@H](Cc2ccc(cc2)C(=O)N3C[C@@H]4[C@H](C3)[C@H]4c5ocnn5)N1)c6ccccc6,CHEMBL3747356,,4.26
O[C@@H]([C@H]1CC[C@@H](Cc2ccc(cc2)C(=O)N3CCC4(CCOC4=O)CC3)N1)c5ccccc5,CHEMBL3747244,,4.34
O[C@@H]([C@H]1CC[C@@H](Cc2ccc(NC(=O)[C@@H]3CCc4scnc34)cc2)N1)c5cccnc5,CHEMBL3128178,,5.22
O[C@@H](C(=O)N1CCC(CC1)Nc2ccc3[nH]ncc3c2)c4ccccc4,CHEMBL241064,6.00,
O[C@@H](C(=O)N1CCN(CC1)c2ccc3[nH]ncc3c2)c4cccc(Cl)c4,CHEMBL238744,5.46,
O[C@@H](C(=O)N1CCN(CC1)c2ccc3[nH]ncc3c2)c4ccccc4,CHEMBL239149,5.00,
O[C@@H](C(=O)N1N=CC[C@H]1C(=O)NCc2cc(Cl)ccc2n3cnnn3)c4ccccc4,CHEMBL3787458,4.55,
O[C@@H](C[C@@H](Cc1cccnc1)C(=O)N[C@@H]2[C@H](O)COc3ccccc23)CN4CCN(CC5=CC6C=CSC6S5)C[C@H]4C(=O)NCC(F)(F)F,CHEMBL419396,6.51,
O[C@@H](C[C@@H](Cc1cccnc1)C(=O)N[C@@H]2[C@H](O)COc3ccccc23)CN4CCN(Cc5ccn(c5)c6ccc(F)c(F)c6F)C[C@H]4C(=O)NCC(F)(F)F,CHEMBL334379,7.30,
O[C@@H](C[C@@H](Cc1cccnc1)C(=O)N[C@@H]2[C@H](O)COc3ccccc23)CN4CCN(Cc5ccn(c5)c6cccc(Cl)c6)C[C@H]4C(=O)NCC(F)(F)F,CHEMBL276081,7.10,
O[C@@H](C1CC1)C(=O)N2CC(=C[C@H]2c3cccc(O)c3)c4cc(F)ccc4F,CHEMBL377596,,4.75
O[C@@H](CN1CCC(O)(CC1)c2cccc(F)c2)c3ccc4NC(=O)CCc4c3,CHEMBL237793,,5.96
O[C@@H](COCc1occc1)CO\N=C/2\C[C@@H](O)[C@@H](O)[C@H]3[C@@H]2CC[C@H]4[C@H]3C(=O)N(C4=O)c5cccc(Oc6ccccc6)c5,CHEMBL1437509,5.50,
O[C@@H](COCc1occc1)CO\N=C/2\C[C@@H](O)[C@@H](O)[C@H]3[C@@H]2CC[C@H]4[C@H]3C(=O)N(Cc5ccc6OCOc6c5)C4=O,CHEMBL1551571,5.50,
O[C@@H](COCc1occc1)CO\N=C/2\C[C@@H](O)[C@@H](O)[C@H]3[C@H]2CC[C@H]4[C@H]3C(=O)N(C5CCCCC5)C4=O,CHEMBL1593190,5.30,
O[C@@H](COCc1occc1)CO\N=C/2\C[C@@H](O)[C@@H](O)[C@H]3[C@H]2CC[C@H]4[C@H]3C(=O)N(Cc5ccccc5)C4=O,CHEMBL1606380,5.50,
O[C@@H]1[C@@H](Oc2cc(O)cc(O)c2C1=O)c3ccc(O)c(O)c3,CHEMBL9249,5.00,
O[C@@H]1[C@@H]2O[C@@H]2C(=O)C3=CC[C@@H]4[C@@H]([C@H]13)C(=O)N(Cc5ccc6OCOc6c5)C4=O,CHEMBL1554842,5.30,
O[C@@H]1[C@H]2O[C@@H]2\C(=N\OCc3ccccc3)\[C@@H]4CCN5N([C@@H]14)C(=O)N(Cc6cc7OCOc7cc6Cl)C5=O,CHEMBL1440534,5.40,
O[C@@H]1C\C(=N\NC(=O)OCc2ccccc2)\[C@@H]3CC[C@@H]4[C@@H]([C@H]3[C@@H]1O)C(=O)N(C4=O)c5ccc(F)cc5F,CHEMBL1567098,5.40,
O[C@@H]1C\C(=N\NC(=O)OCc2ccccc2)\[C@@H]3CC[C@H]4[C@H]([C@H]3[C@@H]1O)C(=O)N(Cc5ccc6OCOc6c5)C4=O,CHEMBL1433572,5.90,
O[C@@H]1C\C(=N\NC(=O)OCc2ccccc2)\[C@H]3CC[C@H]4[C@H]([C@H]3[C@@H]1O)C(=O)N(C5CCCCC5)C4=O,CHEMBL1591537,5.20,
O[C@@H]1C\C(=N\NC(=O)OCc2ccccc2)\[C@H]3CC[C@H]4[C@H]([C@H]3[C@@H]1O)C(=O)N(Cc5ccc6OCOc6c5)C4=O,CHEMBL1400976,5.40,
O[C@@H]1C\C(=N\OCc2ccccc2)\[C@H]3CC[C@H]4[C@H]([C@H]3[C@@H]1O)C(=O)N(Cc5ccc6OCOc6c5)C4=O,CHEMBL1512664,6.00,
O[C@@H]1C\C(=N\OCCCC#C)\[C@@H]2CC[C@@H]3[C@@H]([C@H]2[C@@H]1O)C(=O)N(C3=O)c4ccc(F)cc4F,CHEMBL1321847,5.50,
O[C@@H]1C\C(=N\OCCCC#C)\[C@@H]2CC[C@H]3[C@H]([C@H]2[C@@H]1O)C(=O)N(C[C@@H]4CCCO4)C3=O,CHEMBL1315779,5.40,
O[C@@H]1C\C(=N\OCCCC#C)\[C@@H]2CC[C@H]3[C@H]([C@H]2[C@@H]1O)C(=O)N(C3=O)c4cccc(Oc5ccccc5)c4,CHEMBL1398226,5.50,
O[C@@H]1C\C(=N\OCCCC#C)\[C@@H]2CC[C@H]3[C@H]([C@H]2[C@@H]1O)C(=O)N(C4CCCCC4)C3=O,CHEMBL1591343,5.50,
O[C@@H]1C\C(=N\OCCCC#C)\[C@@H]2CC[C@H]3[C@H]([C@H]2[C@@H]1O)C(=O)N(Cc4ccc5OCOc5c4)C3=O,CHEMBL1593641,6.30,
O[C@@H]1C\C(=N\OCCCC#C)\[C@H]2CC[C@@H]3[C@@H]([C@H]2[C@@H]1O)C(=O)N(C3=O)c4ccc(F)cc4F,CHEMBL1361226,5.40,
O[C@@H]1C\C(=N\OCCCC#C)\[C@H]2CC[C@H]3[C@H]([C@H]2[C@@H]1O)C(=O)N(C3=O)c4cccc(Oc5ccccc5)c4,CHEMBL1410016,5.40,
O[C@@H]1C\C(=N\OCCCC#C)\[C@H]2CC[C@H]3[C@H]([C@H]2[C@@H]1O)C(=O)N(C4CCCCC4)C3=O,CHEMBL1611145,5.40,
O[C@@H]1C\C(=N\OCCCC#C)\[C@H]2CC[C@H]3[C@H]([C@H]2[C@@H]1O)C(=O)N(Cc4ccc5OCOc5c4)C3=O,CHEMBL1591368,5.90,
O[C@@H]1CC[C@@H](CC1)N2CC(C2)NC(=O)CNc3n[nH]c4ccc(cc34)C(F)(F)F,CHEMBL1834646,,4.52
O[C@@H]1CC[C@H](CC1)c2ccc(OCCCN3CCCCC3)cc2,CHEMBL2375587,4.52,5.24
O[C@@H]1CCCC[C@H]1CNC(=O)NC2CCN(Cc3ccn(c3)c4ccc(cc4)C(F)(F)F)CC2,CHEMBL564243,,5.14
O[C@](CCN1CCCCC1)([C@@H]2C[C@@H]3C[C@H]2C=C3)c4ccccc4,CHEMBL1407769,4.90,
O[C@H](C(=O)N1CCC(CC1)Nc2ccc3[nH]ncc3c2)c4cccc(Cl)c4,CHEMBL241270,5.70,
O[C@H](C1CCN(CCc2ccccc2)CC1)c3ccccc3,CHEMBL1435444,4.80,
O[C@H](CN(CC#C)C(=O)c1ccc2nc(oc2c1)N3CCCC3)[C@H](Cc4ccccc4)NC(=O)OCc5cncs5,CHEMBL2057524,7.40,
O[C@H](CN(CC1CCCCC1)C(=O)c2ccc3nc(oc3c2)N4CCCC4)[C@H](Cc5ccccc5)NC(=O)OCc6cncs6,CHEMBL2057522,7.59,
O[C@H](CN(CCN1CCOCC1)C(=O)c2ccc3nc(oc3c2)N4CCCC4)[C@H](Cc5ccccc5)NC(=O)OCc6cncs6,CHEMBL2059127,6.92,
O[C@H](CNC(=O)C1=CNC(=O)C=C1C(F)(F)F)CN2CCC(CC2)Oc3ccc(Cl)c(Cl)c3,CHEMBL2207662,,5.00
O[C@H](CNC(=O)C1=CNC(=O)c2c(F)cccc12)CN3CCC(CC3)Oc4ccc(Cl)c(Cl)c4,CHEMBL2207656,,5.70
O[C@H](CNC(=O)C1=CNC(=O)c2ccccc12)CN3CCC(CC3)Oc4ccc(Cl)c(Cl)c4,CHEMBL2207666,,5.10
O[C@H](CNC(=O)C1=NNC(=O)c2ccccc12)CN3CCC(CC3)Oc4ccc(Cl)c(Cl)c4,CHEMBL2208431,,6.40
O[C@H](CNC(=O)c1c[nH]nc1C2CC2)CN3CCC(CC3)Oc4ccc(Cl)c(Cl)c4,CHEMBL2207661,,5.60
O[C@H](COc1cc(F)ccc1C(=O)NC2CC2)CN3CCC4(CC3)Cc5cc(Cl)ccc5O4,CHEMBL2391939,,7.42
O[C@H](COc1cc(O)c(Cl)cc1C(=O)N2CC[C@H](O)C2)CN3CCC4(CC3)Cc5cc(Cl)ccc5O4,CHEMBL2391803,,5.08
O[C@H](COc1cc(O)c(Cl)cc1NC(=O)NC2CC2)CN3CCC4(CC3)Cc5cc(Cl)ccc5O4,CHEMBL3099943,,6.00
O[C@H](COc1cc(O)ccc1C(=O)NC2CC2)CN3CCC4(CC3)Cc5cc(Cl)ccc5O4,CHEMBL2391795,,6.52
O[C@H](COc1cc(O)ccc1NC(=O)NC2CC2)CN3CCC4(CC3)Cc5cc(Cl)ccc5O4,CHEMBL3099945,,5.62
O[C@H](COc1ccc(cc1)C(F)(F)F)CN2CCN(Cc3c(F)cccc3Cl)CC2,CHEMBL2334275,,4.86
O[C@H](COc1ccc(Cl)cc1)CN2CCN(Cc3ccc(Cl)cc3)CC2,CHEMBL2334618,,6.50
O[C@H](COc1ccc(F)cc1)CN2CCN(Cc3ccc(Cl)c(Cl)c3)CC2,CHEMBL2334265,,6.54
O[C@H](COc1ccc2[nH]ncc2c1)CN3CCN(CC3)c4ccc(Cl)cc4,CHEMBL3688391,,6.00
O[C@H](COc1ccc2NC(=O)C=Cc2c1)CN3CCN(CC3)c4ccc(Cl)cc4,CHEMBL3688392,,5.13
O[C@H](COc1ccc2NC(=O)Cc2c1)CN3CCN(CC3)c4ccc(Cl)cc4,CHEMBL3688394,,5.00
O[C@H](COc1ccc2NC(=O)CCc2c1)CN3CCN(CC3)c4ccc(Cl)cc4,CHEMBL3688396,,5.30
O[C@H](COc1ccc2NC(=O)Oc2c1)CN3CCN(CC3)c4ccc(Cl)cc4,CHEMBL3688388,,5.80
O[C@H](COc1ccc2NC(=S)Nc2c1)CN3CCN(CC3)c4ccc(Cl)cc4,CHEMBL3688395,,5.13
O[C@H](COc1cccc2C=CC(=O)Nc12)CN3CCC4(CC3)Cc5cc(Cl)ccc5O4,CHEMBL3099953,,6.22
O[C@H]1C[C@H](CN2CCC(CC2)c3ccccc3Cl)CCc4cccnc14,CHEMBL487485,,5.82
O[C@H]1CCC[C@H](C1)NC(=O)c2noc(c2CNCC3CCC3)c4ccc(cc4)C(F)(F)F,CHEMBL1761695,,5.90
O[C@H]1CCCC[C@@H]1NC(=O)C2=CC(=C3C=CC=CN3C2=O)CN4CCN(CC4)c5cc6ccccc6cn5,CHEMBL2204277,,5.70
O[C@H]1CCCC[C@@H]1NC(=O)C2=CC(=C3C=CC=CN3C2=O)CN4CCN(CC4)c5cc6scnc6cn5,CHEMBL2204278,,4.88
O[C@H]1CCN(CCn2ncc3cc(ccc23)N4C=CC(=CC4=O)OCc5ccccc5)C1,CHEMBL1289515,5.11,5.05
O[C@H]1CN(C[C@@H]2CCc3cccnc3[C@@H](O)C2)CC[C@@H]1c4ccc(F)cc4Cl,CHEMBL513423,,4.89
O[N+](=O)[O-].Clc1ccc(COC(Cn2ccnc2)c3ccc(Cl)cc3Cl)c(Cl)c1,CHEMBL1559,6.40,
O[Si@@](CCCN1CCCCC1)(C2CCCCC2)c3ccc(F)cc3,CHEMBL1600342,5.40,
O\C(=C(\C#N)/c1nc2ccccc2c3ccccc13)\Oc4ccccc4,CHEMBL1388203,5.15,
O\C(=C/C(=O)c1ccccc1O)\c2ccccc2,CHEMBL1451434,4.80,
O\C(=C/C1=NCC2N(CCc3ccccc23)C1=O)\c4ccccc4,CHEMBL3195205,4.95,
O\C(=C/c1nc2ncc(Br)cc2nc1O)\c3ccc(F)cc3,CHEMBL1983266,5.30,
O\N=C(\c1ccc(CN2CCC3(CC2)OCc4cc(F)ncc34)cc1)/c5ccc(F)c(F)c5,CHEMBL582978,,6.51
O\N=C/c1oc(cc1)c2cccnc2.O\N=C\c3oc(cc3)c4cccnc4,CHEMBL1795039,4.29,
O\N=C\c1cc(Br)ccc1OCc2cccc(F)c2,CHEMBL3207808,4.90,
O\N=C\c1ccccc1OCc2ccc(Cl)cc2,CHEMBL3192246,4.90,
O=C(\C=C/C=C\c1ccc2OCOc2c1)N3CCCCC3,CHEMBL1395862,5.40,
O=C(\C=C\C=C\c1ccc2OCOc2c1)N3CCCCC3,CHEMBL43185,4.90,
O=C(\C=C\c1occc1)C=C2SCCS2,CHEMBL1345724,4.80,
O=C(\C=C\Nc1ccccc1)c2ccc(Oc3ncccn3)cc2,CHEMBL1309731,4.80,
O=C(C(Cc1ccccc1)N2C(=O)C3C4CCC(C4)C3C2=O)N5CCCCC5,CHEMBL1466642,4.90,
O=C(C(NS(=O)(=O)c1cccs1)c2ccccc2)N3CCN(CC3)c4ccccc4,CHEMBL1337787,5.50,
O=C(C1CC(CN1)Oc2ccc(cc2)C#N)N3CCCN(CC3)C4CCC4,CHEMBL1823046,,5.00
O=C(C1CC(CN1)Oc2ccc(cc2)C#N)N3CCCN(CC3)C4CCCC4,CHEMBL1823047,,5.54
O=C(C1CC1)N(Cc2cccnc2)c3cncc(c3)c4nc5ccccc5s4,CHEMBL2448720,5.95,
O=C(C1CC12CCN(CC2)C3CCCCC3)N4CCN(CC4)C5CCCCC5,CHEMBL3127708,,4.68
O=C(C1CCCCC1)N2CC3N(CCc4ccccc34)C(=O)C2,CHEMBL976,4.70,
O=C(C1CCCN(C1)S(=O)(=O)c2cccc3nsnc23)N4CCC(=CC4)c5ccccc5,CHEMBL1350293,5.20,
O=C(C1CCN(CC1)S(=O)(=O)c2cccc3cccnc23)N4CCN(CC4)c5ccccn5,CHEMBL1492056,5.45,
O=C(C1CCN(CC1)S(=O)(=O)c2cccc3nsnc23)N4CCCc5ccccc45,CHEMBL1413404,4.85,
O=C(C1CCN(CC1)S(=O)(=O)c2cccc3nsnc23)N4CCn5c4nc6ccccc56,CHEMBL1560839,4.85,
O=C(C1CCN(Cc2ccncc2)CC1)N3CCC(CC3)N4C(=O)N(Cc5ccccc5)c6ccccc46,CHEMBL1222938,6.40,
O=C(C1CCN(Cc2ccncc2)CC1)N3CCC(CC3)N4C(=O)N(CCN5CCCCC5)c6ccccc46,CHEMBL1222863,4.52,
O=C(C1CCN(Cc2ccncc2)CC1)N3CCC(CC3)N4C(=O)N(CCN5CCOCC5)c6ccccc46,CHEMBL1222864,4.52,
O=C(C1CCN(Cc2ccncc2)CC1)N3CCC(CC3)N4C(=O)N(CCOc5ccccc5)c6ccccc46,CHEMBL1222798,5.05,
O=C(C1CCN(Cc2ccncc2)CC1)N3CCC(CC3)N4C(=O)Nc5ccccc45,CHEMBL1222485,5.02,
O=C(C1CCOC1)N2C[C@@H]3[C@H](CNc4nc(cs4)c5ccccn5)[C@@H]3C2,CHEMBL1209217,,5.70
O=C(CC#N)NC(=O)NCC1CC1,CHEMBL1302739,7.90,
O=C(CC(=O)c1ccncc1)c2ccccc2,CHEMBL1443628,5.50,
O=C(CC(c1ccccc1)c2ccccc2)Nc3ccc4OCCOc4c3,CHEMBL1319275,4.70,
O=C(CC(c1ccccc1)c2ccccc2)NCC3CCCO3,CHEMBL1523936,4.65,
O=C(CC1=NC(=CC(=O)N1)N2CCOCC2)N3CCc4c3cccc4c5ccccn5,CHEMBL3112856,4.96,
O=C(CC1=NC(=CC(=O)N1)N2CCOCC2)N3CCc4c3cccc4c5cccnc5,CHEMBL3112857,4.40,
O=C(CC1=NC(=CC(=O)N1)N2CCOCC2)N3CCc4ccccc34,CHEMBL3112690,4.40,
O=C(CC1=NC(=CC(=O)N1)N2CCOCC2)Nc3ccccc3,CHEMBL2064419,4.40,
O=C(Cc1c[nH]c2ccccc12)OCC(=O)c3ccccc3,CHEMBL1313661,4.65,
O=C(CC1c2ccccc2Oc3ccccc13)N4CCN(CC4)c5ccccn5,CHEMBL1360601,4.90,
O=C(Cc1ccc(c(c1)C#N)n2cnnn2)N3CCN(CCc4ccc5C(=O)OCc5c4)CC3,CHEMBL2441411,,5.15
O=C(Cc1ccc(cc1)n2cnnn2)N3CC4C(CCc5ccc6C(=O)OCc6c5)C4C3,CHEMBL3794249,,5.30
O=C(Cc1ccc(cc1)n2cnnn2)N3CCN(CCc4ccc(cc4)C#N)CC3,CHEMBL2441434,,6.38
O=C(Cc1ccc(cc1)n2cnnn2)N3CCN(CCc4ccc5C(=O)OCc5n4)CC3,CHEMBL3794101,,4.59
O=C(Cc1ccc(cc1)n2cnnn2)N3CCN(CCc4ccc5COC(=O)c5c4)CC3,CHEMBL2441438,,4.50
O=C(Cc1ccc(cc1)n2cnnn2)N3CCN(CCc4ccc5COCc5c4)CC3,CHEMBL2441440,,5.60
O=C(Cc1ccc(cc1C2CC2)n3cnnn3)N4CCN(CCc5ccc6C(=O)OCc6c5)CC4,CHEMBL2441415,,5.52
O=C(Cc1ccc(cn1)n2cnnn2)N3CCN(CCc4ccc5C(=O)OCc5c4)CC3,CHEMBL3793471,,4.34
O=C(Cc1ccc(nc1)n2cnnn2)N3CCC(CCc4ccc5C(=O)OCc5c4)CC3,CHEMBL3792423,,5.27
O=C(Cc1ccccc1)N[C@@H](Cc2ccccc2)c3nc4ccccc4[nH]3,CHEMBL1704069,5.00,
O=C(Cc1ccccc1)NCCN(c2ccccc2)c3ccccc3,CHEMBL2046894,,5.10
O=C(Cc1ccccn1)N2CCC(CC2)c3ccc(NC(=O)c4nc(c[nH]4)C#N)c(c3)C5=CCCCC5,CHEMBL2158295,5.82,
O=C(Cc1cccs1)N(Cc2ccccc2)C(C(=O)NC3CCCC3)c4ccsc4,CHEMBL1403307,5.70,
O=C(CC1N(CCNC1=O)C(=S)Nc2ccccc2)Nc3ccc4OCCOc4c3,CHEMBL1380304,4.60,
O=C(CCc1ccc(cc1)S(=O)(=O)NC2CCCCC2)N(Cc3ccccc3)Cc4ccccc4,CHEMBL1584461,5.50,
O=C(CCCCCN1C(=S)Nc2ccccc2C1=O)NCc3ccc4OCOc4c3,CHEMBL1528906,6.40,
O=C(CCCCN1C(=O)N(CC(=O)NC2CCCC2)c3ccccc3C1=O)NC4CCCC4,CHEMBL1719399,5.30,
O=C(CCCCN1C(=S)Nc2ccsc2C1=O)NCc3occc3,CHEMBL1311840,5.15,
O=C(CCCN1C(=S)Nc2cc3OCOc3cc2C1=O)N4CCN(CC4)c5ccccc5,CHEMBL1419356,6.35,
O=C(CCCN1C(=S)Nc2cc3OCOc3cc2C1=O)N4CCN(CC4)c5ncccn5,CHEMBL1352133,5.70,
O=C(CCN1C(=O)C2C3CC(C=C3)C2C1=O)Nc4ccc5ncccc5c4,CHEMBL1390992,5.60,
O=C(CCN1C(=O)c2cccc3cccc(C1=O)c23)N4CCN(Cc5ccc6OCOc6c5)CC4,CHEMBL1496311,6.00,
O=C(CCN1C(=O)c2ccccc2C1=O)Nc3oc(c4ccccc4)c(c5ccccc5)c3C#N,CHEMBL1425173,5.40,
O=C(CCN1C(=O)S\C(=C/c2ccccc2)\C1=O)Nc3ccc(cc3)S(=O)(=O)Nc4nccs4,CHEMBL1562987,5.30,
O=C(CCN1C(=S)Nc2ccccc2C1=O)NCCCN3CCOCC3,CHEMBL1725648,5.15,
O=C(CCN1N=C(C=CC1=O)c2ccccc2)NCCCN3CCCCCC3,CHEMBL1333236,4.60,
O=C(CCNS(=O)(=O)c1cccs1)N2CCc3ccccc3C2,CHEMBL1492177,4.85,
O=C(CCNS(=O)(=O)c1cccs1)N2CCCCCC2,CHEMBL1518168,4.70,
O=C(CN(c1ccccc1)S(=O)(=O)c2ccccc2)NCCSCc3occc3,CHEMBL1353420,4.85,
O=C(CN\C=C/C(=O)c1ccccc1)c2ccccc2,CHEMBL1329104,4.80,
O=C(CN1C(=O)C2C3CC(C=C3)C2C1=O)Nc4ccc5OCCOc5c4,CHEMBL1465386,4.60,
O=C(CN1C(=O)C2C3CC(C=C3)C2C1=O)NC4CCCc5ccccc45,CHEMBL1485991,5.45,
O=C(CN1C(=O)c2ccccc2C1=O)N3c4ccccc4CCc5ccccc35,CHEMBL1379007,4.90,
O=C(CN1C(=O)Oc2ccccc12)NC(=O)NCc3ccccc3,CHEMBL1564379,4.45,
O=C(Cn1c(SCc2ccccc2)nc3ccccc13)N4CCOCC4,CHEMBL1595703,4.80,
O=C(CN1C=Nc2sc3CCCCc3c2C1=O)NCCC(=O)N4CCC5(CC4)OCCO5,CHEMBL1448799,4.85,
O=C(Cn1cc(C(=O)c2occc2)c3ccccc13)NCc4occc4,CHEMBL1500383,4.60,
O=C(Cn1cccc1)NC2CCCCCC2,CHEMBL1345517,4.75,
O=C(CN1CCOCC1)N2CCC(CC2)c3ccc(NC(=O)c4nc(c[nH]4)C#N)c(c3)C5=CCCCC5,CHEMBL2158299,5.75,
O=C(Cn1cnc2ccccc12)NC(c3ccccc3)c4ccccc4,CHEMBL1586480,5.10,
O=C(CNC(=O)OCc1ccccc1)NCC(=O)N2CCCC2C(=O)OCc3ccccc3,CHEMBL1500132,4.75,
O=C(COc1ccc2ccccc2c1)N3CCN(CC3)C(=O)c4cccnc4,CHEMBL1371329,5.05,
O=C(COc1ccc2ccccc2c1)Nc3ccc(Cc4ccncc4)cc3,CHEMBL1374796,6.15,
O=C(COc1cccc2ccccc12)NNC(=O)c3cccs3,CHEMBL1577418,4.60,
O=C(CSC1=Nc2ccccc2C(=O)N1CCCC(=O)N3CCCC3)NCc4occc4,CHEMBL1557599,5.20,
O=C(CSC1=Nc2ccccc2C(=O)N1CCCN3CCCCC3)NCc4ccccc4,CHEMBL1741548,5.40,
O=C(CSC1=NCCN1)Nc2ccccc2,CHEMBL1358009,5.30,
O=C(CSc1nc(nc2ccccc12)c3ccccc3)Nc4nccs4,CHEMBL1605363,6.00,
O=C(CSc1nc2ccccc2c3ccccc13)c4ccccc4,CHEMBL1368286,5.40,
O=C(CSc1nc2ccccc2s1)N3c4ccccc4Sc5ccccc35,CHEMBL1430016,4.95,
O=C(CSc1nnc(c2ccccc2)n1c3ccccc3)c4cccs4,CHEMBL1596221,5.15,
O=C(CSc1nnc(c2ccccn2)n1Cc3occc3)Nc4ccc5OCOc5c4,CHEMBL1511512,6.05,
O=C(CSc1nnc(c2cccs2)n1c3ccccc3)N4CCCC4,CHEMBL1458583,4.55,
O=C(CSc1nnc(c2occc2)n1c3ccccc3)NCc4occc4,CHEMBL1741829,4.80,
O=C(CSc1nnc(COc2ccccc2)n1c3ccccc3)c4ccccc4,CHEMBL1575899,4.85,
O=C(CSc1oc(CNc2ccccc2)nn1)N3CCCc4ccccc34,CHEMBL1368786,5.05,
O=C(CSc1oc2ccccc2n1)Nc3ccccc3N4CCCCCC4,CHEMBL1370053,5.40,
O=C(N(C1CCC1)[C@H]2CCNC2)c3ccccc3Oc4ccccc4,CHEMBL561878,,5.53
O=C(N(CC1CCC1)[C@H]2CCNC2)c3ccccc3C4CCCC4,CHEMBL562569,,5.66
O=C(N[C@@H](C1CCCC1)c2ccccn2)c3ccc4[nH]nc(c5ccc(cc5)N6C7CCC6COC7)c4c3,CHEMBL3422086,6.03,
O=C(N[C@@H](Cc1ccc(cc1)c2ccc(cc2)C#N)C#N)[C@@H]3CCCCN3,CHEMBL3261919,,5.85
O=C(N[C@@H](Cc1ccc2[nH]ncc2c1)C(=O)N3CCC(CC3)N4CCCCC4)N5CCC(CC5)N6Cc7ccccc7NC6=O,CHEMBL2059852,5.14,
O=C(N[C@@H](CN(C[C@@H](Cc1ccccc1)NC(=O)OCc2nccs2)Cc3ccccc3)Cc4ccccc4)OCc5cncs5,CHEMBL1077936,7.22,
O=C(N[C@@H]1CN2CCC1CC2)c3cccc4oc(nc34)N5CCOCC5,CHEMBL1271520,,5.50
O=C(N[C@H]([C@@H]1C[C@H]1C(=O)NCc2ccccn2)c3ccccc3)OCc4ccccc4,CHEMBL1337713,5.20,
O=C(N[C@H](C1CC1)c2ccccn2)c3ccc4[nH]nc(c5ccc(cc5)N6C7CCC6COC7)c4c3,CHEMBL3422085,5.85,
O=C(N[C@H](Cc1ccc(cc1)c2ccccc2)C(=O)N3CCC(CC3)N4CCCCC4)N5CCC(CC5)N6C(=O)Nc7ccccc67,CHEMBL2059800,5.89,
O=C(N[C@H](Cc1ccc2[nH]ncc2c1)C(=O)N3CCC(CC3)N4CCCCC4)N5CCC(CC5)N6Cc7ccccc7NC6=O,CHEMBL454751,5.40,
O=C(N[C@H](Cc1ccc2ccccc2c1)C(=O)N3CCC(CC3)N4CCCCC4)N5CCC(CC5)N6C(=O)Nc7ccccc67,CHEMBL2059799,7.52,
O=C(N[C@H](Cc1ccc2NC(=O)Oc2c1)C(=O)N3CCC(CC3)N4CCCCC4)N5CCC(CC5)N6Cc7ccccc7NC6=O,CHEMBL2059853,4.52,
O=C(N[C@H](Cc1csc2ccccc12)C(=O)N3CCC(CC3)N4CCCCC4)N5CCC(CC5)N6Cc7ccccc7NC6=O,CHEMBL466555,6.06,
O=C(N[C@H](CN(C[C@@H](Cc1ccccc1)NC(=O)OCc2nccs2)Cc3ccccc3)Cc4ccccc4)OCc5cncs5,CHEMBL1077935,7.06,
O=C(N[C@H](CN(C[C@H](Cc1ccccc1)NC(=O)OCc2nccs2)Cc3ccccc3)Cc4ccccc4)OCc5cncs5,CHEMBL1077934,6.87,
O=C(N[C@H](CNC[C@@H](Cc1ccccc1)NC(=O)OCc2nccs2)Cc3ccccc3)OCc4cncs4,CHEMBL1079896,7.05,
O=C(N[C@H]1CN2CCC1CC2)C3=CNc4ccsc4C3=O,CHEMBL1643880,5.03,
O=C(N\C(=C/c1cccs1)\C(=O)N2CCCCCC2)c3ccccc3,CHEMBL1487790,5.10,
O=C(N\C(=C\c1cccs1)\c2nc3ccccc3[nH]2)c4ccccc4,CHEMBL1699751,4.85,
O=C(N\N=C/c1cn(nc1c2ccccc2)c3ccccc3)c4ccc5OCOc5c4,CHEMBL3192865,5.80,
O=C(N\N=C\c1ccc(OCc2ccccc2)cc1)c3cccs3,CHEMBL1982203,4.40,
O=C(N\N=C\c1cccc(OCc2ccccc2)c1)c3cccs3,CHEMBL3212049,4.70,
O=C(N\N=C\c1ccncc1)c2nc(c3ccccc3)n4CCCCCc24,CHEMBL3193129,6.30,
O=C(N\N=C\c1ccncc1)c2oc3ccc4ccccc4c3c2,CHEMBL3214056,5.85,
O=C(N1C[C@@H]2CN(C[C@@H]2C1)c3ccccn3)C45CC6CC(CC(C6)C4)C5,CHEMBL2418364,5.21,
O=C(N1Cc2ccccc2C1)c3ccc(cc3)C4=CC5(CCNCC5)Oc6ccccc46,CHEMBL551613,,5.46
O=C(N1Cc2ccccc2C1)N3CCC[C@H]3CN4CCCC4,CHEMBL384427,,4.55
O=C(N1CCC(CC1)Oc2ccc(CN3CCCC3)cc2)c4noc(n4)c5ccccc5,CHEMBL3787166,,5.13
O=C(N1CCC(CC1)Oc2ccc(CN3CCCC3)cc2)c4oc(nn4)c5ccccc5,CHEMBL3787457,,4.96
O=C(N1CCC(CC1)Oc2ccc(CN3CCCC3)cc2)c4onc(n4)c5ccccc5,CHEMBL3786352,,5.75
O=C(N1CCC[C@@]2(CCN(C2)C(c3ccccc3)c4ccccc4)C1)c5ccncc5,CHEMBL1457332,5.60,
O=C(N1CCC[C@@]2(CCN(C2)C(c3ccccc3)c4ccccc4)C1)c5csnn5,CHEMBL1473990,6.00,
O=C(N1CCC[C@@]2(CCN(C2)C(c3ccccc3)c4ccccc4)C1)c5occc5,CHEMBL1361149,4.90,
O=C(N1CCC[C@@]2(CCN(C2)c3cccc(c3)c4ccccc4)C1)c5ccncc5,CHEMBL1404660,5.90,
O=C(N1CCC[C@@]2(CCN(C2)c3cccc(c3)c4ccccc4)C1)c5csnn5,CHEMBL1354751,5.30,
O=C(N1CCC[C@@]2(CCN(C2)c3ccccc3)C1)c4cnccn4,CHEMBL1396539,5.10,
O=C(N1CCC[C@@]2(CCN(C2)c3ccccc3)C1)c4occc4,CHEMBL1399489,4.90,
O=C(N1CCC[C@@]2(CCN(C2)c3ccccn3)C1)c4ccncc4,CHEMBL1566017,5.10,
O=C(N1CCC[C@@]2(CCN(C2)c3ccncc3)C1)c4csnn4,CHEMBL1354319,5.40,
O=C(N1CCC[C@@]2(CCN(C2)c3ncccn3)C1)c4csnn4,CHEMBL1590813,4.80,
O=C(N1CCC[C@@]2(CCN(Cc3ccccc3)C2)C1)c4csnn4,CHEMBL1362517,4.90,
O=C(N1CCC[C@@]2(CCN(Cc3ccncc3)C2)C1)c4ccncc4,CHEMBL1374913,4.80,
O=C(N1CCC[C@@]2(CCN(Cc3ccncc3)C2)C1)c4occc4,CHEMBL1574626,4.80,
O=C(N1CCC[C@@]2(CCN(Cc3nccs3)C2)C1)c4ccncc4,CHEMBL1437776,4.90,
O=C(N1CCC[C@@]2(CCN(Cc3nccs3)C2)C1)c4occc4,CHEMBL1394533,5.10,
O=C(N1CCC2(CC1)CCN(CC2)c3cccc(c3)c4ccccc4)c5ccncc5,CHEMBL1331657,4.60,
O=C(N1CCC2(CC1)CCN(CC2)c3ccccc3)c4cnccn4,CHEMBL1315328,5.20,
O=C(N1CCC2(CC1)CCN(CC2)c3ccccn3)c4occc4,CHEMBL1397009,5.00,
O=C(N1CCC2(CC1)CCN(CC2)c3ccncc3)c4ccncc4,CHEMBL1590738,5.10,
O=C(N1CCC2(CC1)CCN(CC2)c3ncccn3)c4cnccn4,CHEMBL1434625,5.10,
O=C(N1CCC2(CC1)CCN(CC2)c3ncccn3)c4occc4,CHEMBL1475574,5.60,
O=C(N1CCC2(CC1)CN(C2)C(c3ccccc3)c4ccccc4)c5cnccn5,CHEMBL1516154,4.90,
O=C(N1CCC2(CC1)CN(C2)C(c3ccccc3)c4ccccc4)c5csnn5,CHEMBL1552314,5.00,
O=C(N1CCC2(CC1)CN(C2)c3ccc(cc3)c4ccccc4)c5ccncc5,CHEMBL1395277,5.60,
O=C(N1CCC2(CC1)CN(C2)c3cccc(c3)c4ccccc4)c5ccncc5,CHEMBL1399058,5.10,
O=C(N1CCC2(CC1)CN(C2)c3ccccn3)c4cnccn4,CHEMBL1552667,5.40,
O=C(N1CCC2(CC1)CN(C2)c3ccccn3)c4occc4,CHEMBL1552227,5.00,
O=C(N1CCC2(CC1)CN(C2)c3ccncc3)c4ccncc4,CHEMBL1515874,4.90,
O=C(N1CCC2(CC1)CN(C2)c3ncccn3)c4occc4,CHEMBL1515559,4.80,
O=C(N1CCC2(CC1)CN(Cc3ccc(cc3)C#N)C2)c4ccncc4,CHEMBL1612252,4.90,
O=C(N1CCC2(CCCN(C2)c3ccc(cc3)c4ccccc4)CC1)c5csnn5,CHEMBL1376253,5.10,
O=C(N1CCC2(CCCN(C2)c3cccc(c3)c4ccccc4)CC1)c5ccncc5,CHEMBL1395997,6.60,
O=C(N1CCC2(CCCN(C2)c3cccc(c3)c4ccccc4)CC1)c5csnn5,CHEMBL1474483,5.30,
O=C(N1CCC2(CCCN(C2)c3ccccc3)CC1)c4cnccn4,CHEMBL1591860,5.80,
O=C(N1CCC2(CCCN(C2)c3ccccc3)CC1)c4occc4,CHEMBL1555991,4.80,
O=C(N1CCC2(CCCN(C2)c3ccccn3)CC1)c4occc4,CHEMBL1533537,4.80,
O=C(N1CCC2(CCCN(C2)c3ccncc3)CC1)c4cnccn4,CHEMBL1357222,4.90,
O=C(N1CCC2(CCCN(C2)c3ccncc3)CC1)c4csnn4,CHEMBL1396615,4.80,
O=C(N1CCC2(CCCN(C2)c3ncccn3)CC1)c4csnn4,CHEMBL1355227,4.90,
O=C(N1CCC2(CCCN(Cc3ccc(cc3)C#N)C2)CC1)c4csnn4,CHEMBL1316033,5.00,
O=C(N1CCC2(CCCN(Cc3ccc(cc3)C#N)C2)CC1)c4occc4,CHEMBL1361839,4.80,
O=C(N1CCC2(CCCN(Cc3ccccc3)C2)CC1)c4occc4,CHEMBL1396225,4.90,
O=C(N1CCC2(CCCN(Cc3ccncc3)C2)CC1)c4ccncc4,CHEMBL1400309,5.30,
O=C(N1CCC2(CCCN(Cc3nccs3)C2)CC1)c4ccncc4,CHEMBL1591908,5.10,
O=C(N1CCC2(CCCN(Cc3nccs3)C2)CC1)c4cnccn4,CHEMBL1495077,4.90,
O=C(N1CCC2(CCN(CC2)C(c3ccccc3)c4ccccc4)CC1)c5cnccn5,CHEMBL1314897,5.50,
O=C(N1CCC2(CCN(Cc3ccc(cc3)C#N)CC2)CC1)c4ccncc4,CHEMBL1553491,4.90,
O=C(N1CCC2(CCN(Cc3ccccc3)CC2)CC1)c4occc4,CHEMBL1290409,4.70,
O=C(N1CCC2(CCN(Cc3ccccc3Oc4ccccc4)CC2)CC1)c5ccncn5,CHEMBL566974,,6.64
O=C(N1CCC2(CCN(Cc3ccncc3)CC2)CC1)c4ccncc4,CHEMBL1564545,4.80,
O=C(N1CCC2(CCN(Cc3ccncc3)CC2)CC1)c4cnccn4,CHEMBL1444489,4.50,
O=C(N1CCC2(CCN(Cc3ccncc3)CC2)CC1)c4occc4,CHEMBL1611348,4.90,
O=C(N1CCCC1)c2ccc(cc2)c3ccc4C(=O)N(CCN5CCCC5)CCc4c3,CHEMBL2031875,,5.06
O=C(N1CCCCC1)c2ccc(cc2)C3=CC4(CCNCC4)Oc5ccccc35,CHEMBL550261,,5.52
O=C(N1CCCCC1)c2ccc3OCOc3c2,CHEMBL103469,4.80,
O=C(N1CCCCC1)c2ccccc2c3ccc(OCCCN4CCCCC4)cc3,CHEMBL1822860,,6.09
O=C(N1CCCN(CC1)C2CCC2)c3ccc(Oc4cccc(c4)C#N)nc3,CHEMBL1171756,,5.27
O=C(N1CCN(CC1)c2ncccn2)c3ccc4nc(c5occc5)c(nc4c3)c6occc6,CHEMBL1584828,4.95,
O=C(N1CCOCC1)c2ccccc2c3onc(n3)c4ccccc4,CHEMBL1729271,4.55,
O=C(N1CCOCC1)c2cn(nc2c3cccs3)c4ccccc4,CHEMBL1741821,4.80,
O=C(NC(c1ccccc1)c2ccccc2)[C@@H]3CC[C@H](C[C@H]3c4ccccc4)N5CCOCC5,CHEMBL3086047,,6.77
O=C(NC(Cc1c[nH]c2ccccc12)c3nnc4CCCCCn34)c5ccccc5,CHEMBL1741663,4.90,
O=C(NC(Cc1ccc2[nH]ccc2c1)C(=O)N3CCC(CC3)N4CCCCC4)N5CCC(CC5)N6C(=O)Nc7ccccc67,CHEMBL2059803,5.60,
O=C(NC(Cc1ccc2[nH]ncc2c1)C(=O)N3CCC(CC3)N4CCCCC4)N5CCC(CC5)N6C(=O)Nc7ccccc67,CHEMBL2059804,4.77,
O=C(NC(CN(CC(Cc1ccccc1)NC(=O)OCc2cncs2)CC(Cc3ccccc3)NC(=O)OCc4nccs4)Cc5ccccc5)OCc6cncs6,CHEMBL1079228,7.19,
O=C(NC1(CC1)C#N)[C@@H]2CCCC[C@H]2C(=O)N3CCN(CC3)c4nc(cs4)c5ccccc5,CHEMBL2069324,,4.60
O=C(NC1(CC1)C#N)[C@@H]2CCCC[C@H]2C(=O)N3CCN(CC3)c4nc5ccccc5s4,CHEMBL2070937,,5.10
O=C(NC12CC3CC(CC(C3)C1)C2)N4CCN(CC4)c5nc(cs5)c6ccccc6,CHEMBL1392755,4.95,
O=C(Nc1c(cnn1c2ccccc2)C(=O)N3CCCCC3)c4occc4,CHEMBL1724477,4.75,
O=C(NC1CC1)C2=CN(c3cccc(c3)C#Cc4cccnc4)c5ncccc5C2=O,CHEMBL521509,,4.78
O=C(NC1CC1)C2=CN(c3cccc(c3)c4cccnc4)c5ncccc5C2=O,CHEMBL519355,,4.47
O=C(NC1CC1)c2ccc(cc2)c3ccc4C(=O)N(CCN5CCCC5)CCc4c3,CHEMBL2031871,,4.96
O=C(NC1CC1c2ccccc2)N3CCC(CC3)c4oc5ccccc5n4,CHEMBL552402,,5.09
O=C(NC1CC1c2ccccc2)N3CCC(CC3)c4onc(n4)c5ccncc5,CHEMBL556487,,5.00
O=C(NC1CC1c2ccccc2)N3CCC(CC3)c4onc(n4)c5cnccn5,CHEMBL557032,,4.57
O=C(NC1CC1c2ccccc2)N3CCC(CC3)c4onc(n4)c5nccc6ccccc56,CHEMBL552061,,5.16
O=C(Nc1ccc(cc1)c2ccc(cc2)C#N)Nc3ccc(cc3)c4ccnc5[nH]cnc45,CHEMBL1951444,7.96,
O=C(Nc1ccc(cc1)c2cccc3ccccc23)Nc4ccc(cc4)c5ccnc6[nH]cnc56,CHEMBL1951448,5.77,
O=C(Nc1ccc(cc1)c2ccnc3[nH]cnc23)Nc4cccc(c4)C(=O)N5CCOCC5,CHEMBL1951343,6.54,
O=C(Nc1ccc(cc1)c2ccnc3[nH]cnc23)Nc4cccc(c4)C(=O)NC5CCCC5,CHEMBL1951341,7.16,
O=C(Nc1ccc(cc1)c2ccncc2)Nc3ccc(cc3)c4ccnc5[nH]cnc45,CHEMBL1951450,6.44,
O=C(Nc1ccc(cc1)c2nc3ccccc3[nH]2)c4ccc5OCOc5c4,CHEMBL1461321,5.60,
O=C(Nc1ccc(cc1)c2oc(NCCCCN3CCCCC3)nn2)C4CCCCC4,CHEMBL2022735,,4.60
O=C(Nc1ccc(cc1)c2oc(NCCCN3CCCCC3)nn2)c4ccccc4,CHEMBL2022939,,4.80
O=C(Nc1ccc(cc1)c2oc(NCCCN3CCCCC3)nn2)C4CCCCCC4,CHEMBL2023920,,4.70
O=C(Nc1ccc(cc1)S(=O)(=O)c2ccccc2)[C@@H]3C[C@H]3c4cccnc4,CHEMBL3127520,5.92,
O=C(Nc1ccc(cc1)S(=O)(=O)c2ccccc2)[C@H]3C[C@@H]3c4cccnc4,CHEMBL3127521,6.17,
O=C(Nc1ccc(cc1)S(=O)(=O)c2cnn(c2)C3CCOCC3)[C@@H]4C[C@H]4c5cccnc5,CHEMBL3127494,5.75,
O=C(Nc1ccc(cc1)S(=O)(=O)N2CC3CCC(C2)O3)[C@@H]4C[C@H]4c5cccnc5,CHEMBL3127525,5.05,
O=C(Nc1ccc(cc1C2=CCCCC2)C3CCN(CC3)C(=O)c4cccnc4)c5nc(c[nH]5)C#N,CHEMBL2158231,5.22,
O=C(Nc1ccc(cc1C2=CCCCC2)C3CCN(CC3)c4ccccn4)c5nc(c[nH]5)C#N,CHEMBL2158222,5.77,
O=C(Nc1ccc(Oc2ccccc2)cc1)\C=C\c3occc3,CHEMBL1414754,4.40,
O=C(NC1CCC1)c2ccc(cc2)c3ccc4C(=O)N(CCN5CCCC5)CCc4c3,CHEMBL2031872,,5.60
O=C(NC1CCc2cc(CCN3CCN(CC3)c4nsc5ccccc45)ccc12)c6cccnc6,CHEMBL252430,,6.70
O=C(NC1CCc2ccc(CCN3CCN(CC3)c4nsc5ccccc45)cc12)c6ccccc6,CHEMBL253233,,6.57
O=C(NC1CCc2ccc(CCN3CCN(CC3)c4nsc5ccccc45)cc12)c6cccnc6,CHEMBL398619,,6.45
O=C(NC1CCc2ccc(CCN3CCN(CC3)c4nsc5ccccc45)cc12)c6oncc6,CHEMBL251834,,6.82
O=C(Nc1ccc2ccccc2c1)[C@H]3C[C@@H]3[C@H](NP(=O)(c4ccccc4)c5ccccc5)c6ccccc6,CHEMBL1530832,5.60,
O=C(NC1CCc2ccccc2C1)N3CCC(CC3)c4onc(n4)c5ccccn5,CHEMBL550242,,5.22
O=C(Nc1ccc2OCCOc2c1)c3cc4sccc4n3Cc5ccccc5,CHEMBL1466869,5.20,
O=C(Nc1ccc2OCCOc2c1)c3cccc4nc5ccccc5nc34,CHEMBL1415310,4.95,
O=C(Nc1cccc(c1)C#N)N2CC[C@@]3(CCCN(C3)C(=O)c4csnn4)C2,CHEMBL1400342,4.80,
O=C(Nc1cccc(c1)C#N)N2CC[C@@]3(CCCN(C3)S(=O)(=O)c4ccccc4)C2,CHEMBL1365427,5.50,
O=C(Nc1cccc(c1)C#N)N2CC3(CCN(CC3)C(=O)Oc4ccccc4)C2,CHEMBL1590038,5.10,
O=C(Nc1cccc(c1)C#N)N2CCC3(CC2)CCN(CC3)C(=O)c4csnn4,CHEMBL1555238,4.70,
O=C(Nc1cccc(c1)C#N)N2CCCC3(CCN(CC3)C(=O)c4cnccn4)C2,CHEMBL1454270,4.80,
O=C(Nc1cccc(c1)C#N)N2CCCC3(CCN(CC3)C(=O)c4csnn4)C2,CHEMBL1394983,4.80,
O=C(Nc1cccc(c1)C#N)N2CCCC3(CCN(CC3)C(=O)c4occc4)C2,CHEMBL1592220,5.30,
O=C(Nc1cccc(c1)C#N)N2CCCC3(CCN(CC3)C(=O)Oc4ccccc4)C2,CHEMBL1597366,4.90,
O=C(Nc1cccc(c1)C#N)N2CCCC3(CCN(CC3)S(=O)(=O)c4ccccc4)C2,CHEMBL1518164,4.90,
O=C(Nc1cccc(c1)c2cn3cccnc3n2)c4occc4,CHEMBL1312033,4.60,
O=C(Nc1cccc(c1)c2nc3ccccc3s2)c4ccc5OCOc5c4,CHEMBL1558939,5.65,
O=C(Nc1cccc(NC(=O)N2CCN(CC2)c3ccccc3)c1)N4CCN(CC4)c5ccccc5,CHEMBL1597288,5.20,
O=C(NC1CCCC1)C(OC(=O)C2=Cc3ccccc3OC2)c4ccncc4,CHEMBL1374713,5.40,
O=C(NC1CCCC1)c2ccc(cc2)c3ccc4C(=O)N(CCN5CCCC5)CCc4c3,CHEMBL2031873,,5.09
O=C(NC1CCCC1)c2cccnc2N3CCCCCC3,CHEMBL1565546,4.85,
O=C(Nc1cccc2ccccc12)c3ccccc3,CHEMBL1330614,5.50,
O=C(NC1CCCc2ccccc12)C3CCN(CC3)S(=O)(=O)N4CCCCCC4,CHEMBL1343012,5.10,
O=C(Nc1cccc2ccccc12)c3cn(nc3c4cccs4)c5ccccc5,CHEMBL1328562,5.10,
O=C(Nc1ccccc1)\C(=C/c2ccncc2)\NC(=O)c3ccccc3,CHEMBL584854,6.10,
O=C(NC1CCCCC1)C(N(Cc2cccs2)C(=O)c3occc3)c4cccs4,CHEMBL1376629,5.50,
O=C(NC1CCCCC1)C2=C3NC(=O)c4ccccc4N3C(=S)S2,CHEMBL1333773,6.10,
O=C(Nc1ccccc1)c2cc(nc3ccccc23)c4ccccn4,CHEMBL513115,4.84,
O=C(Nc1ccccc1)c2cc(nc3ccccc23)c4ccncc4,CHEMBL463976,6.16,
O=C(Nc1ccccc1)N2CC[C@@]3(CCCN(C3)C(=O)c4ccncc4)C2,CHEMBL1476082,4.80,
O=C(Nc1ccccc1)N2CC3(CCN(CC3)C(=O)c4ccncc4)C2,CHEMBL1378132,4.60,
O=C(Nc1ccccc1)N2CCC3(CC2)CCN(CC3)C(=O)Oc4ccccc4,CHEMBL1366302,5.00,
O=C(Nc1ccccc1)N2CCC3(CC2)CCN(CC3)S(=O)(=O)c4ccccc4,CHEMBL1395029,4.80,
O=C(NC1CCCCC1)N2CCCC(C2)c3onc(n3)c4cccs4,CHEMBL1488504,5.10,
O=C(Nc1ccccc1)N2CCCC3(CCNCC3)C2,CHEMBL1327394,4.70,
O=C(NC1CCCCC1)NC2CC3CCC(C2)N3Cc4nnnn4Cc5ccc6OCOc6c5,CHEMBL1382013,5.50,
O=C(Nc1ccccc1)NS(=O)(=O)c2ccc(OCCN3CCCCC3)cc2,CHEMBL2024390,,4.56
O=C(Nc1ccccc1C(=O)Nc2ccc3OCOc3c2)c4occc4,CHEMBL1493592,5.90,
O=C(Nc1ccccc1N2CCOCC2)c3cnccn3,CHEMBL1407287,4.85,
O=C(Nc1cccnc1)c2ccc3snnc3c2,CHEMBL1516856,4.95,
O=C(NC1CCN(Cc2ccc3OCOc3c2)CC1)C4=CC(=O)c5ccc(cc5O4)C#N,CHEMBL387417,,8.30
O=C(NC1CCN(Cc2ccc3OCOc3c2)CC1)C4=CC(=O)c5ccccc5O4,CHEMBL214767,,8.17
O=C(Nc1cnc(c2ccncc2)c(n1)c3cccnc3)C4CC4,CHEMBL1672621,5.30,
O=C(Nc1nc2ccccc2n1CCN3CCCCC3)C4CCCCC4,CHEMBL1561910,4.75,
O=C(Nc1ncc2CCc3ccccc3c2n1)c4ccccc4,CHEMBL1461862,4.80,
O=C(Nc1nnc(s1)C2CC2)c3ccncc3,CHEMBL1583603,4.85,
O=C(NCC(N1CCOCC1)c2cccnc2)Nc3ccccc3,CHEMBL1432433,4.85,
O=C(NCC1(CCCC1)N2CCCC2)N3CCC(CC3)c4onc(n4)c5ccc6ccccc6n5,CHEMBL1822304,,5.15
O=C(NCC1(CCCC1)N2CCCCC2)N3CCC(CC3)c4onc(n4)c5ccc6ccccc6n5,CHEMBL1822442,,5.24
O=C(NCC1(CCCC1)N2CCOCC2)N3CCC(CC3)c4onc(n4)c5ccc6ccccc6n5,CHEMBL1822294,,5.00
O=C(NCC1(CCCCC1)N2CCOCC2)N3CCC(CC3)c4onc(n4)c5ccc6ccccc6n5,CHEMBL1822302,,5.37
O=C(NCC1CC1)[C@H]2C[C@@H]2[C@H](NP(=O)(c3ccccc3)c4ccccc4)c5ccccc5,CHEMBL1355101,4.90,
O=C(NCc1ccc2OCOc2c1)C3CN(C4CCCC4)C(=O)C3,CHEMBL1492136,5.35,
O=C(NCc1cccc2ccccc12)[C@H]3C[C@@H]3[C@H](NP(=O)(c4ccccc4)c5ccccc5)c6ccccc6,CHEMBL1334106,6.00,
O=C(NCc1ccccc1)[C@@H]2C[C@H]2[C@@H](NP(=O)(c3ccccc3)c4ccccc4)c5ccccc5,CHEMBL1397763,5.40,
O=C(NCc1ccccc1)C(N(C2CC2)C(=O)c3csnn3)c4ccncc4,CHEMBL1741734,5.55,
O=C(NCc1ccccc1)c2ccc(cc2)S(=O)(=O)N3CCCc4ccccc34,CHEMBL1533658,5.00,
O=C(NCc1ccccn1)[C@@H]2C[C@H]2[C@@H](NP(=O)(c3ccccc3)c4ccccc4)c5ccccc5,CHEMBL1412274,4.80,
O=C(NCc1ccccn1)[C@H]2C[C@@H]2[C@H](NP(=O)(c3ccccc3)c4ccccc4)c5ccccc5,CHEMBL1373464,5.10,
O=C(NCc1cccnc1)C2COc3ccccc3O2,CHEMBL1741481,5.30,
O=C(NCC1CCCO1)C2N(Cc3ccc4OCOc4c3)C(=O)c5ccccc25,CHEMBL1497099,5.85,
O=C(NCc1cccs1)C2CCN(CC2)S(=O)(=O)c3cccc4nsnc34,CHEMBL1348133,4.90,
O=C(NCC1CCOCC1)c2ncccc2NC(=O)c3ccc(Cn4ccnn4)c5ccccc35,CHEMBL2316379,6.22,
O=C(NCc1occc1)Nc2cccs2,CHEMBL1506343,4.70,
O=C(NCCc1c[nH]c2ccccc12)[C@H]3C[C@@H]3[C@H](NP(=O)(c4ccccc4)c5ccccc5)c6ccccc6,CHEMBL1368893,5.80,
O=C(NCCc1c[nH]c2ccccc12)C3CCN(CC3)c4nnc(s4)N5CCCC5=O,CHEMBL1537500,5.05,
O=C(NCCc1ccccc1)C(=O)NCC2(CCCC2)c3ccccc3,CHEMBL1729994,5.50,
O=C(NCCc1ccccc1)C(=O)NN=C2CCCC2,CHEMBL1381200,4.50,
O=C(NCCc1ccccc1)c2c3CCCCc3sc2N=C4C(=O)Nc5ccccc45,CHEMBL1305322,5.15,
O=C(NCCCCN1CCN(CC1)c2ccccc2)c3ccc4ncccc4c3,CHEMBL3358509,,5.00
O=C(NCCCN1CCOCC1)C2COc3ccccc3O2,CHEMBL1448411,4.85,
O=C(NCCOc1nc(nc(n1)N2CCOCC2)N3CCOCC3)Nc4ccccc4,CHEMBL1508885,4.65,
O=C(NN=C1C2CC3CC(CC1C3)C2)c4ccncc4,CHEMBL1494351,4.60,
O=C(NNC(=O)c1ccc2C(=O)N(C3CCCCC3)C(=O)c2c1)c4cccnc4,CHEMBL1456341,4.95,
O=C(NNS(=O)(=O)c1ccccc1)c2cccnc2,CHEMBL1358666,5.40,
O=C(O[C@@H]1C[C@@H]2C[C@H]3C[C@@H](C1)N2CC3=O)C4CNc5ccccc45,CHEMBL319742,,5.23
O=C(O[C@@H]1C[C@@H]2C[C@H]3C[C@H](C1)N2CC3=O)c4c[nH]c5ccccc45,CHEMBL2368925,,4.92
O=C(O[C@H]1CN2CCC1CC2)N3CCc4ccccc4[C@@H]3c5ccccc5,CHEMBL1734,,5.80
O=C(Oc1ccccc1)N2CCC[C@@]3(CCN(C3)c4ccccc4)C2,CHEMBL1514976,4.90,
O=C(Oc1ccccc1)N2CCC[C@@]3(CCN(C3)c4ccccn4)C2,CHEMBL1369863,5.00,
O=C(Oc1ccccc1)N2CCC[C@@]3(CCN(Cc4ccccc4)C3)C2,CHEMBL1357968,4.80,
O=C(Oc1ccccc1)N2CCC3(CC2)CCN(CC3)c4cccc(c4)c5ccccc5,CHEMBL1476640,5.10,
O=C(Oc1ccccc1)N2CCC3(CC2)CCN(CC3)c4ccccc4,CHEMBL1475377,5.50,
O=C(Oc1ccccc1)N2CCC3(CC2)CCN(CC3)c4ncccn4,CHEMBL1362880,5.20,
O=C(Oc1ccccc1)N2CCC3(CC2)CN(C3)C(c4ccccc4)c5ccccc5,CHEMBL1401483,5.20,
O=C(Oc1ccccc1)N2CCC3(CC2)CN(C3)c4ccccc4,CHEMBL1514804,4.80,
O=C(Oc1ccccc1)N2CCC3(CC2)CN(C3)c4ccccn4,CHEMBL1592672,4.80,
O=C(Oc1ccccc1)N2CCC3(CC2)CN(C3)c4ccncc4,CHEMBL1357759,4.80,
O=C(Oc1ccccc1)N2CCC3(CC2)CN(C3)c4ncccn4,CHEMBL1558420,4.80,
O=C(Oc1ccccc1)N2CCC3(CC2)CN(Cc4ccncc4)C3,CHEMBL1454224,4.90,
O=C(Oc1ccccc1)N2CCC3(CCCN(C3)c4ccncc4)CC2,CHEMBL1473754,4.70,
O=C(Oc1ccccc1)N2CCC3(CCCN(Cc4nccs4)C3)CC2,CHEMBL1435917,4.90,
O=C(Oc1ccccc1)N2CCC3(CCN(Cc4ccccc4)CC3)CC2,CHEMBL1534951,5.00,
O=C(OCc1ccc(cc1)C(=O)c2ccccc2)c3cccc(c3)c4oc(nn4)c5ccccc5,CHEMBL1566407,5.45,
O=C(OCc1ccccc1)C([C@@H]2CCCC(=O)C2)C(=O)OCc3ccccc3,CHEMBL1319626,5.40,
O=C(OCc1ccccc1)N2CCC(CNc3cccnc3)CC2,CHEMBL218067,5.04,
O=C(OCc1ccccc1)N2CCC(CNc3ccncn3)CC2,CHEMBL218068,5.29,
O=C(OCC1CCN(Cc2ccc(cc2)c3ccccc3c4nnn[nH]4)CC1)c5c6OCCCn6c7ccccc57,CHEMBL2440456,,4.56
O=C(OCC1CO1)C2CCCCC2C(=O)OCC3CO3,CHEMBL1304981,4.60,
O=C(OCc1nc2ccccc2[nH]1)C34CC5CC(CC(C5)C3)C4,CHEMBL1450934,5.95,
O=C(OCCN1CCOCC1)C2(CCCCC2)c3ccccc3,CHEMBL305881,5.50,
O=C(OCN1N=Nc2ccccc2C1=O)c3cccnc3,CHEMBL1704202,5.05,
O=C=Nc1ccc(Cc2ccc(cc2)N=C=O)cc1,CHEMBL1488467,4.90,
O=C1[C@@H]2C3C=CC(C2C(=O)N1C4CCCCC4)C5[C@H]3C(=O)N(C6CCCCC6)C5=O,CHEMBL1546114,5.45,
O=C1[C@@H]2CCN1[C@@H]3CCc4ccc(Oc5cc(Cn6cncc6CN2)ccc5C#N)cc34,CHEMBL498101,,5.37
O=C1[C@@H]2CCN1[C@@H]3CCCc4ccc(Oc5cc(Cn6cncc6CN2)ccc5C#N)cc34,CHEMBL526521,,4.92
O=C1[C@@H]2CCN1c3cccc4ccc(Oc5cc(Cn6cncc6CN2)ccc5C#N)cc34,CHEMBL53821,5.10,4.98
O=C1[C@H](CCN1Cc2ccccc2)N(Cc3cccnc3)Cc4cncn4Cc5ccc(cc5)C#N,CHEMBL327946,,6.06
O=C1[C@H](CCN1Cc2ccccc2)N(CCCc3ccccc3)Cc4cncn4Cc5ccc(cc5)C#N,CHEMBL329067,,7.62
O=C1[C@H](CCN1Cc2ccccc2)N(CCN3CCOCC3)Cc4cncn4Cc5ccc(cc5)C#N,CHEMBL526277,,6.72
O=C1[C@H]2CCN1[C@@H]3CCCc4ccc(Oc5cc(Cn6cncc6CN2)ccc5C#N)cc34,CHEMBL525369,,5.16
O=C1[C@H]2CCN1[C@@H]3CCOc4ccc(Oc5cc(Cn6cncc6CN2)ccc5C#N)cc34,CHEMBL516874,,6.82
O=C1[C@H]2CCN1[C@H]3CCc4ccc(Oc5cc(Cn6cncc6CN2)ccc5C#N)cc34,CHEMBL526656,4.83,5.33
O=C1[C@H]2CCN1C(c3ccccc3)c4cccc(Oc5cc(Cn6cncc6CN2)ccc5C#N)c4,CHEMBL501480,,5.54
O=C1[C@H]2CCN1c3cccc4ccc(Oc5cc(Cn6cncc6CCN2)ccc5C#N)cc34,CHEMBL498260,,6.68
O=C1[C@H]2CCN1c3cccc4ccc(Oc5cc(Cn6cncc6CN2)ccc5C#N)cc34,CHEMBL496879,,5.08
O=C1[C@H]2CCN1c3ccccc3c4cccc(Oc5cc(Cn6cncc6CN2)ccc5C#N)c4,CHEMBL524862,,5.59
O=C1[C@H]2CCN1Cc3cccc(Oc4cc(Cn5cncc5CN2)ccc4C#N)c3,CHEMBL502560,5.05,5.33
O=C1\C(=C\c2ccccc2)\[C@@H](NC3CCCCC3)c4ccccc14,CHEMBL1331122,5.40,
O=C1C(Cc2ccccc2)S\C(=N/c3ccccc3)\N1c4ccccc4,CHEMBL3193508,5.40,
O=C1C[C@@H]2OCC=C3CN4CC[C@@]56[C@@H]4C[C@@H]3[C@@H]2[C@@H]5N1c7ccccc67,CHEMBL227934,4.80,
O=C1C=C(NN1c2ccc(cc2)N(=O)=O)c3ccccc3,CHEMBL3145111,4.85,
O=C1C=C(Oc2c1ccc3ccccc23)c4ccccc4,CHEMBL283196,4.90,
O=C1C=C(Oc2c1cccc2c3ccccc3)N4CCOCC4,CHEMBL98350,5.00,
O=C1C=C(OCc2ccccc2)C=CN1c3ccc(OCCN4CCCC4)cc3,CHEMBL1641614,,8.09
O=C1C=C(OCc2ccccc2)C=CN1c3ccc(OCCN4CCCCC4)cc3,CHEMBL1642482,,8.24
O=C1C=C(OCc2ccccc2)C=CN1c3ccc4c(cnn4C[C@@H]5CCCN5)c3,CHEMBL1289623,,5.70
O=C1C=C(OCc2ccccc2)C=CN1c3ccc4c(cnn4CC5=NCCN5)c3,CHEMBL1289053,4.42,5.07
O=C1C=C(OCc2ccccc2)C=CN1c3ccc4c(cnn4CCN5CC6CC5CO6)c3,CHEMBL1289833,,4.80
O=C1C=C(OCc2ccccc2)C=CN1c3ccc4c(cnn4CCN5CCCC5)c3,CHEMBL1289283,5.00,5.60
O=C1C=C(OCc2ccccc2)C=CN1c3ccc4c5CNCCc5[nH]c4c3,CHEMBL1290155,4.17,
O=C1C=CC=C2[C@H]3CNC[C@@H](C3)CN12,CHEMBL2374256,4.50,
O=C1C=Cc2ccc(cc2N1CCN3CCC(CC3)NCc4cc5OCCOc5cn4)C#N,CHEMBL2165062,,4.36
O=C1C=Nc2cnc(nc2N1Cc3cccs3)N4CCOCC4,CHEMBL1395605,4.80,
O=C1C=Nc2cnc(nc2N1CCc3ccccc3)N4CCNCC4,CHEMBL1317172,4.80,
O=C1C=Nc2cnc(nc2N1CCc3ccccc3)N4CCOCC4,CHEMBL1373621,4.80,
O=C1C=Nc2cnc(Nc3ccccc3)nc2N1C[C@H]4CCCO4,CHEMBL1473934,4.50,
O=C1C=Nc2cnc(Nc3ccccc3)nc2N1C4CC4,CHEMBL1552922,4.60,
O=C1C=Nc2cnc(Nc3ccccc3)nc2N1CCC#N,CHEMBL1317400,4.90,
O=C1C=Nc2cnc(Oc3ccccc3)nc2N1Cc4cccs4,CHEMBL1553941,4.80,
O=C1C=Nc2cncnc2N1Cc3ccccc3,CHEMBL1569400,4.70,
O=C1c2ccccc2C(Cc3ccncc3)(Cc4ccncc4)c5ccccc15,CHEMBL342375,6.30,
O=C1c2ccccc2c3cccc4cccc1c34,CHEMBL1607517,4.40,
O=C1c2ccccc2Oc3ccccc13,CHEMBL186784,4.90,
O=C1C2CCN1c3cccc4ccc(Oc5cc(Cn6cncc6CCN2)ccc5C#N)cc34,CHEMBL80702,5.22,
O=C1C2ON(C(C2C(=O)N1c3ccccc3)c4ccncc4)c5ccccc5,CHEMBL1464487,4.85,
O=C1CC(=NN1c2ccccc2)Nc3ccccc3,CHEMBL1480273,4.55,
O=C1CC2(CCCC2)CC(=O)N1CCCCN3CCN(CC3)c4ncccn4,CHEMBL49,4.80,5.40
O=C1CC2(CCCC2)CC(=O)N1CCCCNC[C@H]3COc4ccccc4O3,CHEMBL12129,6.20,
O=C1CC2CCc3cc(OC4CCN(CC4)C5CCC5)ccc3C2=NN1,CHEMBL2031477,,4.75
O=C1Cc2cncn2Cc3ccc(C#N)c(Oc4ccc5cccc(N6CC[C@@H](N1)C6=O)c5c4)c3,CHEMBL524082,,5.00
O=C1Cc2cncn2Cc3ccc(C#N)c(Oc4ccc5cccc(N6CC[C@H](N1)C6=O)c5c4)c3,CHEMBL523080,,5.00
O=C1CCC(=NN1)c2ccc(cc2)n3ccnc3,CHEMBL12831,5.80,
O=C1CCC(=NN1)c2ccc(Nc3ccncc3)cc2,CHEMBL138093,,5.98
O=C1CCc2cc(OCCCCc3nnnn3C4CCCCC4)ccc2N1,CHEMBL799,4.90,
O=C1CCc2ccccc2N1CCCN3CCC(CC3)N4C(=O)Nc5ccccc45,CHEMBL2059306,,5.14
O=C1CCc2cccnc2N1CCCN3CCC(CC3)N4C(=O)Nc5ccccc45,CHEMBL2059310,,5.20
O=C1CCCN1c2ccc(CN3C(=O)CC(N4CCN(CC4)C(c5ccccc5)c6ccccc6)C3=O)cc2,CHEMBL1519172,4.65,
O=C1CCCN1C2CCN(Cc3ccc(Oc4nc5ccccc5s4)cc3)CC2,CHEMBL480130,,4.82
O=C1CCCN1C2CCN(CCc3ccc(Oc4nc5ccccc5s4)cc3)CC2,CHEMBL482058,,6.00
O=C1CCCN1C2CCN(CCOc3ccc(Oc4nc5ncccc5s4)cc3)CC2,CHEMBL2207738,,5.60
O=C1CCCN1CC(CN2CCOCC2)Sc3nnnn3c4ccccc4,CHEMBL1305989,4.80,
O=C1CCN(N1)S(=O)(=O)c2ccccc2,CHEMBL1517886,4.55,
O=C1CN=C(c2cccs2)c3c4CCCCc4sc3N1,CHEMBL1510347,4.80,
O=C1COc2ccc(CNC34CCC(CCc5c(cnc6ccc(nc56)C#N)C#N)(CC3)OC4)nc2N1,CHEMBL3422962,,8.78
O=C1COc2ccc(CNC3CCN(CCN4C(=O)COc5ccc(cc45)C#N)CC3)nc2N1,CHEMBL1824041,,4.39
O=C1COc2ccc(CNC3CCN(CCN4C(=O)COc5ccc(cc45)c6occc6)CC3)nc2N1,CHEMBL1824045,,5.89
O=C1COc2ccccc2N1CCCN3CCC(CC3)N4C(=O)Nc5ccccc45,CHEMBL2059311,,5.18
O=C1COc2ccccc2N1CCCN3CCC(CC3)N4C(=O)Nc5ncccc45,CHEMBL2059316,,4.66
O=C1N(\C(=N\c2nc(cc(c3ccccc3)c2C#N)c4ccccc4)\S/C/1=C/5\SC(=NN5c6ccccc6)c7ccccc7)c8ccccc8,CHEMBL3408393,,5.60
O=C1N(C[C@H]2CCCc3cccc1c23)[C@@H]4CN5CCC4CC5,CHEMBL1189679,,5.40
O=C1N(C[C@H]2CCCO2)c3nc(Nc4ccccc4)ncc3N=C1c5ccccc5,CHEMBL1516331,4.90,
O=C1N(C[C@H]2CCCO2)c3nc(ncc3N=C1c4ccccc4)N5CCOCC5,CHEMBL1591533,4.40,
O=C1N(C2CC2)c3nc(ncc3N=C1c4cccc(c4)C#N)N5CCNCC5,CHEMBL1513241,4.70,
O=C1N(C2CC2)c3nc(ncc3N=C1CCc4ccccc4)N5CCNCC5,CHEMBL1434801,4.90,
O=C1N(C2CC2)c3nc(Oc4ccccc4)ncc3N=C1c5ccccc5,CHEMBL1448138,5.30,
O=C1N(C2CC2)c3nc(Oc4ccccc4)ncc3N=C1CCc5ccccc5,CHEMBL1603393,4.80,
O=C1N(c2ccccc2)c3ccccc3C1(Cc4ccncc4)Cc5ccncc5,CHEMBL319111,6.30,
O=C1N(c2ccccc2)c3nc(ncc3N=C1c4ccccc4)N5CCNCC5,CHEMBL1473149,4.70,
O=C1N(c2ccccc2)c3nc(ncc3N=C1c4cccs4)N5CCNCC5,CHEMBL1355909,4.60,
O=C1N(c2ccccc2)c3nc(ncc3N=C1c4cccs4)N5CCOCC5,CHEMBL1524001,5.10,
O=C1N(c2ccccc2)c3nc(ncc3N=C1CCc4ccccc4)N5CCNCC5,CHEMBL1552478,4.50,
O=C1N(c2ccccc2)c3ncncc3N=C1CCc4ccccc4,CHEMBL1515287,5.30,
O=C1N(c2ccccc2)c3nncn3C4=C1C5(CCCCC5)Cc6ccccc46,CHEMBL1545486,4.80,
O=C1N(c2ccccc2N1S(=O)(=O)c3cccs3)S(=O)(=O)c4cccs4,CHEMBL1338276,6.10,
O=C1N(Cc2ccccc2)C(=Nc3ccc(cc13)N4CCCCC4)SCC#N,CHEMBL1305452,5.15,
O=C1N(Cc2ccccc2)C=CC=C1c3nc4ccccc4s3,CHEMBL1584523,4.75,
O=C1N(Cc2ccccc2)c3ncncc3N=C1CCc4ccccc4,CHEMBL1446649,5.30,
O=C1N(Cc2cccs2)c3nc(Nc4ccccc4)ncc3N=C1CCc5ccccc5,CHEMBL1592584,5.40,
O=C1N(Cc2cccs2)c3nc(ncc3N=C1c4ccccc4)N5CCNCC5,CHEMBL1565060,5.30,
O=C1N(CC2N(CCc3ccccc23)S(=O)(=O)c4ccccc4)C(=O)c5ccccc15,CHEMBL1567530,5.70,
O=C1N(Cc2occc2)C(=S)S/C/1=C\c3cccnc3,CHEMBL1331913,6.00,
O=C1N(CCC#N)c2nc(Nc3ccccc3)ncc2N=C1CCc4ccccc4,CHEMBL1394348,6.00,
O=C1N(CCC#N)c2nc(ncc2N=C1CCc3ccccc3)N4CCOCC4,CHEMBL1520940,7.90,
O=C1N(CCC#N)c2nc(OCc3ccccc3)ncc2N=C1c4cccs4,CHEMBL1515526,5.40,
O=C1N(CCC#N)c2nc(OCc3ccccc3)ncc2N=C1CCc4ccccc4,CHEMBL1594058,6.70,
O=C1N(CCc2ccccc2)C(=Nc3scc(c4cccs4)c13)SCC#N,CHEMBL1588389,5.50,
O=C1N(CCc2ccccc2)c3nc(ncc3N=C1c4ccccc4)N5CCOCC5,CHEMBL1574390,4.50,
O=C1N(CCc2ccccc2)c3nc(ncc3N=C1CCc4ccccc4)N5CCNCC5,CHEMBL1398137,5.10,
O=C1N(CCN2Cc3ccccc3C2)CCN1c4ccc5sccc5c4,CHEMBL556478,,5.70
O=C1N(CCN2Cc3ccccc3C2)CCN1c4csc5ccccc45,CHEMBL563247,,5.10
O=C1N(CSc2nnnn2c3ccccc3)N=Nc4ccccc14,CHEMBL1527840,4.90,
O=C1N=CC=C2N=C(C(=CC12)c3ccccc3)c4ccc(CN5CCC(CC5)c6n[nH]c(n6)c7ccccn7)cc4,CHEMBL262341,,5.25
O=C1NC(=CC(=O)N1C2CCCCC2)N3CCC(Cc4ccccc4)CC3,CHEMBL1548380,5.45,
O=C1NC(=CC(=O)N1C2CCCCC2)N3CCc4ccccc4C3,CHEMBL1555862,5.35,
O=C1NC(=CC(=O)N1C2CCCCC2)N3CCN(CC3)c4ccccc4,CHEMBL1455565,5.20,
O=C1NC(=O)[C@](Cc2ccccc2)(N1)c3cccnc3,CHEMBL1523822,5.40,
O=C1NC(=O)C(=C1c2cn(c3ccc4ccccc4c3)c5ccccc25)c6nn(CCCN7CCCC7)c8ccccc68,CHEMBL367107,,7.96
O=C1NC=Cc2nc(c3ccc(CN4CCC(CC4)c5n[nH]c(n5)c6ccccn6)cc3)c(cc12)c7ccccc7,CHEMBL507130,,5.25
O=C1NC=Cc2nc(c3ccc(CN4CCC(CC4)c5nnc([nH]5)c6cnccn6)cc3)c(cc12)c7ccccc7,CHEMBL444136,,5.07
O=C1Nc2ccccc2/C/1=C/c3ccc4cn[nH]c4c3,CHEMBL3353337,5.00,
O=C1Nc2ccccc2/C/1=C\c3ccc4c(\C=C\c5ccncc5)n[nH]c4c3,CHEMBL2407749,5.57,
O=C1Nc2ccccc2N1CCCN3CCN(CC3)C(c4ccccc4)c5ccccc5,CHEMBL13828,4.80,
O=C1NCc2ccc(OCCCCN3CCN(CC3)c4cccc5ccccc45)cc12,CHEMBL1258647,,5.73
O=C1NCCc2nc(c3ccc(CN4CCC(CC4)c5nnc([nH]5)c6ccccn6)cc3)c(cc12)c7ccccc7,CHEMBL446134,,5.60
O=C1NN=C([C@@H]2C[C@H]12)c3ccc(OC4CCN(CC4)C5CCC5)cc3,CHEMBL3121096,,5.22
O=C1NN=C([C@H]2C[C@@H]12)c3ccc(OC4CCN(CC4)C5CCC5)cc3,CHEMBL3121095,,4.85
O=C1NN=CC(=C1)c2ccc(OC3CCN(CC3)C4CCC4)cc2,CHEMBL1945844,,5.70
O=C1O[C@@]2(CC[C@H](CC2)c3nc4cc(ccc4[nH]3)C#N)CN1c5ccccn5,CHEMBL1290147,,4.90
O=C1OC(OC2CCCCC2)(c3ccccc3)c4ccccc14,CHEMBL1340104,4.80,
O=C1OC2(CCN(CC2)c3nc4ccccc4[nH]3)CN1c5ccccc5,CHEMBL1290707,,6.00
O=C1Oc2cc3occc3c(OCCCCc4ccccc4)c2C=C1,CHEMBL1256851,6.40,
O=C1Oc2cc3occc3cc2C=C1,CHEMBL164660,4.50,
O=C1Oc2ccccc2C=C1c3csc(NN=C4CCCCC4)n3,CHEMBL1331120,5.40,
O=C1OCC(=C1c2ccc(s2)S(=O)(=O)N3CCOCC3)c4ccccc4,CHEMBL1595862,4.55,
O=C1OCc2cc(CCN3CCN(CCc4ccc5C(=O)OCc5c4)CC3)ccc12,CHEMBL2146870,,5.72
O=C1OCc2cc(CCN3CCN(CCc4ccc5nonc5c4)CC3)ccc12,CHEMBL2146872,,6.55
O=C1OCCN1C2CCN(Cc3ccc(Oc4nc5ccccc5s4)cc3)CC2,CHEMBL518155,,4.62
O=C1ON=C2C=Nc3ccccc3N12,CHEMBL598952,5.00,
O=Cc1ccc(s1)c2cccnc2,CHEMBL179398,4.62,
O=Nc1ccc(Nc2ccccc2)cc1,CHEMBL1600998,4.70,
O=Nc1ccc2OC(=O)C=Cc2c1,CHEMBL1255659,4.60,
O=P(C(N1CCOCC1)c2ccc3OCOc3c2)(N4CCOCC4)N5CCOCC5,CHEMBL1741878,5.20,
O=S(=O)(C1CCN(CCCc2ccccc2)CC1)c3ccccc3,CHEMBL148565,,5.60
O=S(=O)(c1ccsc1)n2ccc3cc4CCNCCc4cc23,CHEMBL517503,4.66,
O=S(=O)(N\N=C/c1cn(nc1c2ccccc2)c3ccccc3)c4ccccc4,CHEMBL3199224,5.15,
O=S(=O)(N1CCC[C@@]2(CCN(C2)c3ncccn3)C1)c4ccccc4,CHEMBL1396577,4.90,
O=S(=O)(N1CCC[C@@]2(CCN(Cc3ccc(cc3)C#N)C2)C1)c4ccccc4,CHEMBL1402381,5.00,
O=S(=O)(N1CCC[C@@]2(CCN(Cc3nccs3)C2)C1)c4ccccc4,CHEMBL1477727,5.50,
O=S(=O)(N1CCC2(CC1)CN(C2)c3ccccc3)c4ccccc4,CHEMBL1314745,4.90,
O=S(=O)(N1CCC2(CC1)CN(C2)c3ccccn3)c4ccccc4,CHEMBL1361905,4.90,
O=S(=O)(N1CCC2(CCCN(C2)C(c3ccccc3)c4ccccc4)CC1)c5ccccc5,CHEMBL1448668,5.70,
O=S(=O)(N1CCC2(CCCN(C2)c3cccc(c3)c4ccccc4)CC1)c5ccccc5,CHEMBL1572915,5.40,
O=S(=O)(N1CCC2(CCCN(C2)c3ccccc3)CC1)c4ccccc4,CHEMBL1435509,5.40,
O=S(=O)(N1CCC2(CCCN(C2)c3ccncc3)CC1)c4ccccc4,CHEMBL1473753,5.30,
O=S(=O)(N1CCC2(CCCN(Cc3ccc(cc3)C#N)C2)CC1)c4ccccc4,CHEMBL1361725,5.50,
O=S(=O)(N1CCC2(CCN(CC2)c3ccc(cc3)c4ccccc4)CC1)c5ccccc5,CHEMBL1598994,4.70,
O=S(=O)(N1CCC2(CCN(CC2)c3ccncc3)CC1)c4ccccc4,CHEMBL1593589,4.90,
O=S(=O)(N1CCC2(CCN(Cc3ccncc3)CC2)CC1)c4ccccc4,CHEMBL1355216,5.40,
O=S(=O)(N1CCCC1c2nc3ccccc3s2)c4ccccc4,CHEMBL1558371,4.70,
O=S(=O)(N1CCCCC1)c2ccccc2S(=O)(=O)N3CCCCC3,CHEMBL1606723,5.05,
O=S(=O)(N1CCCCC1)c2cnccc2N3CCN(CC3)\N=C\c4ccccc4,CHEMBL3213624,6.05,
O=S(=O)(N1CCCCC1c2cccnc2)c3ccccc3,CHEMBL1720109,5.65,
O=S(=O)(N1CCN(c2ccccc12)S(=O)(=O)c3ccccc3)c4ccccc4,CHEMBL1570894,5.40,
O=S(=O)(N1CCNCC1)c2cccc3ncccc23,CHEMBL1330500,5.40,
O=S(=O)(Nc1ccc(Cc2ccncc2)cc1)c3cccs3,CHEMBL1330299,6.45,
O=S(=O)(Nc1ccc2OCCOc2c1)c3cccc4cccnc34,CHEMBL1460362,4.80,
O=S1(=O)c2ccccc2c3ccc(cc13)N4CCN5CCC4CC5,CHEMBL1950167,,6.33
O=S1(=O)CCC(CC1)C2N[C@H](Cc3c2[nH]c4ccccc34)c5nc(c[nH]5)c6ccccc6,CHEMBL2069507,,7.00
O=S1(=O)CCC(CC1)Oc2ccc3OC4(CCN(CC4)C5CCC5)CCc3c2,CHEMBL1935425,,5.16
o1ccc(c1)c2ccc3ncnc(c3c2)n4ccnc4,CHEMBL1356652,6.20,
o1ccc(c1)c2nc(c3ccccc3n2)n4ccnc4,CHEMBL1395344,6.70,
OC(=N)N\N=C\c1oc(cc1)[N+](=O)[O-],CHEMBL869,4.50,
OC(=O)[C@@H](CC1CCC1)N2C[C@H](CN3CCC(CC3)c4cnc5ccccn45)[C@H](C2)c6cccc(F)c6,CHEMBL2113086,,5.57
OC(=O)[C@@H]1CC[C@@H](CC1)OC2CCN(CC2)c3ccc(cn3)c4nc5cc(ccc5[nH]4)C(F)(F)F,CHEMBL3342774,,5.16
OC(=O)[C@@H]1CC[C@@H](CC1)OC2CCN(CC2)c3ccc(cn3)c4nc5cc(F)ccc5[nH]4,CHEMBL3342770,,4.96
OC(=O)[C@H](Cc1ccc(cc1)C#N)N2CCC(CN3CCC(CC3)Oc4ccc(Cl)c(Cl)c4)CC2,CHEMBL2158771,,5.30
OC(=O)[C@H](Cc1ccc(cc1)n2c(nc3cccnc23)c4cccnc4)NC5=C(Br)C(=O)C56CCCCC6,CHEMBL481659,4.21,
OC(=O)[C@H](Cc1cccc(c1)C(F)(F)F)N2CCC(CN3CCC(CC3)Oc4ccc(Cl)c(Cl)c4)CC2,CHEMBL2158777,,5.20
OC(=O)[C@H]1[C@H]2O[C@@H](C=C2)[C@@H]1C(=O)NCc3ccncc3,CHEMBL1517644,5.40,
OC(=O)[C@H]1C[C@@H]1COc2ccc3ncc(F)c(CCC45CCC(CC4)(CO5)NCc6ccc7OCC(=O)Nc7n6)c3n2,CHEMBL3605005,,4.36
OC(=O)[C@H]1C[C@H](NC(=O)Nc2ccccc2)c3c(Cl)cc(Cl)cc3N1,CHEMBL287327,4.60,
OC(=O)[C@H]1CCN1,CHEMBL1599178,5.60,
OC(=O)\C(=C/c1ccncc1)\c2cccc3ccccc23,CHEMBL1397902,5.40,
OC(=O)\C=C/C(=O)Nc1ccc2c(c1)C(=O)c3cc(F)ccc23,CHEMBL1569962,5.50,
OC(=O)\C=C/C(=O)Nc1ccc2Cc3ccccc3c2c1,CHEMBL1409986,5.40,
OC(=O)\C=C/C(=O)O.C(C(C1CCCCC1)C2CCCCC2)C3CCCCN3,CHEMBL1334033,4.40,
OC(=O)\C=C/C(=O)O.C1CN(CCN1)c2ccc3ccccc3n2,CHEMBL1256794,4.50,
OC(=O)\C=C/c1c[nH]cn1,CHEMBL1316726,6.60,
OC(=O)\C=C\C(=O)O.C1CN=C(NC(C2CC2)C3CC3)O1,CHEMBL1256674,4.80,
OC(=O)\C=C\c1ccc(NC(=O)C2(CCCC2)NC(=O)c3ccc4c(c3)nc(c5ccccn5)n4C6CCCCC6)cc1,CHEMBL1077335,4.52,
OC(=O)\C=C\c1ccc(O)c(O)c1,CHEMBL145,4.60,
OC(=O)C(=O)Cc1ccc2OCOc2c1,CHEMBL1371217,5.40,
OC(=O)C(=O)O.O=C(COc1ccc2ccccc2c1)N3CCN(CC4CC5CC4C=C5)CC3,CHEMBL1337078,4.90,
OC(=O)C(F)(F)F.Clc1cccc(CN(CC2CNC2)c3ccccc3)c1Cl,CHEMBL3331502,4.49,5.73
OC(=O)C(F)(F)F.Clc1ccccc1CN(CC2CNC2)c3ccccc3,CHEMBL3331508,6.92,
OC(=O)C(N1CCCC(CN2CCC(CC2)Oc3ccc(Cl)c(Cl)c3)C1)c4ccccc4,CHEMBL2158816,,4.60
OC(=O)C[S+]([O-])c1ccc2c3ccccc3C(=O)c4cccc1c24,CHEMBL1162521,5.40,
OC(=O)C1(CC1)c2ccc(c(F)c2)c3ccc(c(F)c3)c4ccc(F)cc4,CHEMBL427548,4.42,
OC(=O)C1=CC(=C2C=CC=CN2C1=O)CN3CCN(CC3)c4ccc(Br)cc4,CHEMBL2042691,,5.68
OC(=O)C1=CC(=C2C=CC=CN2C1=O)CN3CCN(CC3)c4ccc(cc4)C#N,CHEMBL1683351,,5.13
OC(=O)c1c(Cl)c(Cl)c(Cl)c(Cl)c1C(=O)Nc2ccc3cn[nH]c3c2,CHEMBL471226,5.40,
OC(=O)c1c(CSc2ccc(F)cc2)noc1C(=O)NCC=C,CHEMBL1721668,4.65,
OC(=O)c1c(CSc2ccccc2F)noc1C(=O)NCC3CCCO3,CHEMBL1735768,4.60,
OC(=O)c1c(Sc2ccccc2)c3cc(Cl)ccc3n1Cc4ccc(Cl)cc4,CHEMBL370152,5.10,
OC(=O)c1cc(Cl)ccc1NC(=O)N2C[C@H]3C[C@H](C[C@H]3C2)c4ccccc4C(F)(F)F,CHEMBL3359019,4.30,
OC(=O)c1cc(F)ccc1NC(=O)N2C[C@H]3C[C@H](C[C@H]3C2)c4ccccc4C(F)(F)F,CHEMBL3359017,4.28,
OC(=O)c1cc(O)c2C(=O)c3c(O)cccc3C(=O)c2c1,CHEMBL418068,5.00,
OC(=O)C1CC2(NC1CCC2NCc3cc(OC(F)(F)F)ccc3OC4CC4)c5ccc(F)cc5,CHEMBL202568,,5.32
OC(=O)c1cc2[C@H]3C([C@@H]4[C@H](c2cc1S(=O)(=O)O)[C@]5(Cl)C(=C(Cl)[C@]4(Cl)C5(Cl)Cl)Cl)[C@@]6(Cl)C(=C(Cl)[C@@]3(Cl)C6(Cl)Cl)Cl,CHEMBL2373284,5.50,
OC(=O)c1ccc(cc1)[C@@H]2CC[C@H](CC2)N3CC(C3)NC(=O)CNC(=O)c4cccc(c4)C(F)(F)F,CHEMBL1829615,,4.64
OC(=O)c1ccc(cc1)n2cc(C3CCN(CCN4CCNC4=O)CC3)c5cc(Cl)ccc25,CHEMBL300927,,4.13
OC(=O)c1ccc(cc1)N2CCC(CN3CCC(CC3)Oc4ccc(Cl)c(Cl)c4)CC2,CHEMBL2158824,,4.50
OC(=O)c1ccc(N[C@H](c2ccccc2)c3ccc4cccnc4c3O)cc1,CHEMBL1454730,5.70,
OC(=O)c1ccc(NC(=O)[C@H](C2CCCCC2)n3c(nc4cc(F)c(F)cc34)c5ccc(Cl)cc5)c(Cl)c1,CHEMBL1668243,4.64,5.11
OC(=O)c1ccc(NC(=O)[C@H](C2CCCCC2)n3c(nc4cc(F)c(F)cc34)c5ccc(Cl)cc5)c(F)c1,CHEMBL1615152,4.41,
OC(=O)c1ccc(NC(=O)[C@H](C2CCCCC2)n3c(nc4cc(F)c(F)cc34)c5ccc(Cl)cc5)cc1,CHEMBL1615153,4.43,
OC(=O)c1ccc(NC(=O)[C@H](C2CCCCC2)n3c(nc4ccccc34)c5ccc(Cl)cc5)c(c1)C(F)(F)F,CHEMBL1668259,4.31,
OC(=O)c1ccc2cc(ccc2c1)c3ccc(O)c(c3)C45CC6CC(CC(C6)C4)C5,CHEMBL1180,4.50,
OC(=O)c1cccc(c1)c2c[nH]c(n2)[C@H]3Cc4c([nH]c5ccccc45)[C@H](N3)C6CCOCC6,CHEMBL3774488,,6.08
OC(=O)c1cccc(c1)c2ccncc2c3cc(Cl)ccc3OCc4ccccc4,CHEMBL209244,5.85,
OC(=O)c1cccc(c1)N2CCC(CN3CCC(CC3)Oc4ccc(Cl)c(Cl)c4)CC2,CHEMBL2158823,,4.50
OC(=O)c1cccc(c1)N2CCCC2=O,CHEMBL1569147,5.05,
OC(=O)c1cccc(n1)C2=C(CCC2)c3cc(Cl)ccc3OCc4ccc(F)cc4F,CHEMBL234940,4.05,
OC(=O)c1ccccc1C(=O)Nc2ccc(cc2)S(=O)(=O)Nc3nccs3,CHEMBL1524273,8.89,
OC(=O)c1ccccc1C(=O)NNc2ccc(Cl)cc2,CHEMBL1322219,5.10,
OC(=O)c1ccccc1C(=O)NNc2ccc(F)cc2,CHEMBL1537973,4.95,
OC(=O)c1ccccc1c2ccccc2C(=O)Nc3ccccc3,CHEMBL1498833,4.55,
OC(=O)c1ccccc1NC(=O)N2C[C@H]3C[C@H](C[C@H]3C2)c4ccccc4C(F)(F)F,CHEMBL3359014,4.55,
OC(=O)c1ccccc1Nc2ccccc2,CHEMBL23832,4.50,
OC(=O)c1ccccc1Oc2ccc(Cl)cc2NS(=O)(=O)c3ccc(Cl)c(Cl)c3,CHEMBL1171786,5.00,5.10
OC(=O)c1cccnc1Nc2cccc(c2)C(F)(F)F,CHEMBL63323,4.70,
OC(=O)C1CCN(CC1)c2ncnc3ccc(cc23)c4ccccc4C(F)(F)F,CHEMBL1490307,4.40,
OC(=O)C1CN(Cc2ccc(c(F)c2)c3oc4ccc(Cc5ccccc5)cc4c3)C1,CHEMBL1651717,,4.77
OC(=O)C1CN(Cc2ccc(cc2)c3noc(n3)c4onc(c5ccccc5)c4C(F)(F)F)C1,CHEMBL3794064,,4.75
OC(=O)C1CN(Cc2ccc(OCc3ccc(Cl)c(Cl)c3)cc2)C1,CHEMBL3741589,,4.11
OC(=O)c1cnc(s1)N(C2CCCCC2)C(=O)c3ccc(OCc4cccc(c4)C(F)(F)F)cc3,CHEMBL360033,4.52,
OC(=O)c1cnncc1NC(=O)N2C[C@H]3C[C@H](C[C@H]3C2)c4ccccc4C(F)(F)F,CHEMBL3359024,4.92,
OC(=O)c1nn(Cc2ccc(Cl)cc2Cl)c3ccccc13,CHEMBL1257030,5.60,
OC(=O)c1sc(nc1CC(=O)N2CCc3c(Br)cccc23)N4CCOCC4,CHEMBL3125383,4.40,
OC(=O)c1sc(nc1CC(=O)N2CCc3cc(F)ccc23)N4CCOCC4,CHEMBL3125380,4.40,
OC(=O)Cc1c[nH]cn1,CHEMBL784,4.50,
OC(=O)CCC(=O)N1CCN(CC1)c2ccccn2,CHEMBL1489178,5.45,
OC(=O)CCC(=O)Nc1ccc(cc1)c2c(O)ccc3cc(ccc23)c4cccc(O)c4,CHEMBL3645217,6.66,
OC(=O)CCCCOc1ccc2ncc(F)c(CCC34CCC(CC3)(CO4)NCc5ccc6OCC(=O)Nc6n5)c2n1,CHEMBL3604999,,4.36
OC(=O)CCCN[C@@H](CN1C(=O)N(Cc2c(F)cccc2F)C=C(C1=O)c3ccccc3Cl)c4ccccc4,CHEMBL526887,4.70,
OC(=O)CCN1CCC2(CC1)C(=O)Nc3cc(\C=C\4/c5ccccc5COc6cc(F)ccc46)ccc23,CHEMBL3775464,4.59,
OC(=O)CN(Cc1cccc(c1)c2ccccc2OC(F)(F)F)S(=O)(=O)c3ccc(OC(F)F)cc3,CHEMBL3764377,4.52,4.96
OC(=O)CN1CCN(Cc2ccccc2Cl)C1=O,CHEMBL1413654,4.55,
OC(=O)COc1ccc(cc1)N2CCC(CN3CCC(CC3)Oc4ccc(Cl)c(Cl)c4)CC2,CHEMBL2158830,,5.00
OC(=O)COc1cccc(c1)N2CCC(CN3CCC(CC3)Oc4ccc(Cl)c(Cl)c4)CC2,CHEMBL2158829,,5.00
OC(=O)COc1ccccc1N2CCC(CN3CCC(CC3)Oc4ccc(Cl)c(Cl)c4)CC2,CHEMBL2158828,,4.50
OC(C(=O)N\N=C(/c1ccccc1)\c2cccnc2)(c3ccccc3)c4ccccc4,CHEMBL3197677,5.10,
OC(C(=O)N1CCC(CC1)Nc2ccc3[nH]ncc3c2)c4ccc(Br)cc4,CHEMBL241271,5.46,
OC(C(=O)N1CCN(CC1)c2ccc3[nH]ncc3c2)c4ccc(Br)cc4,CHEMBL239150,5.40,
OC(C(Cc1ccccc1)N2CCOCC2)(c3cccnc3)c4cccnc4,CHEMBL1091880,,4.82
OC(C(N1CCC1)c2ccccc2)(c3cccnc3)c4cccnc4,CHEMBL1090818,,4.82
OC(C(N1CCCCC1)c2ccccc2)(c3cccnc3)c4cccnc4,CHEMBL1090160,,4.85
OC(C(O)C(=O)O)C(=O)O.Fc1ccc(cc1)C(=O)C2CCN(CCN3C(=O)Nc4ccccc4C3=O)CC2,CHEMBL1256709,4.70,
OC(c1cc(cc(c1)S(=O)(=O)N2CCN(CC2)C(=O)[C@@H]3C[C@H]3c4ccc(cc4)C(F)(F)F)C(F)(F)F)C(F)(F)F,CHEMBL520543,,7.22
OC(C1CC2CCN1CC2C=C)c3ccnc4ccccc34,CHEMBL15134,4.60,
OC(C1CCN(Cc2ccc(cc2)c3ccccc3)CC1)(c4ccccc4)c5ccccc5,CHEMBL3343216,,6.68
OC(c1ccncc1)c2ccc(cc2)c3ccc(O)cc3,CHEMBL1215664,5.49,
OC(c1ncc(s1)[C@@H](Cc2ccc[n+]([O-])c2)c3ccc(OC(F)F)c(OC4CC4)c3)(C(F)(F)F)C(F)(F)F,CHEMBL199015,,4.21
OC(c1ncc(s1)[C@H](Cc2ccc[n+]([O-])c2)c3ccc(OC(F)F)c(OC4CC4)c3)(C(F)(F)F)C(F)(F)F,CHEMBL383762,,4.41
OC(Cc1cccnc1)(c2ccccc2)c3ccccc3,CHEMBL1417375,6.30,
OC(CCC1C(N(C1=O)c2ccc(F)cc2)c3ccc(O)cc3)c4ccc(F)cc4,CHEMBL1455301,4.90,
OC(Cn1cncn1)(c2ccc(F)cc2F)C(F)(F)c3ccc(cn3)c4ccc(OCC(F)(F)F)cc4,CHEMBL3680984,5.24,
OC(Cn1cnnc1)(c2ccc(F)cc2F)C(F)(F)c3cnc4cc(Cl)ccc4n3,CHEMBL3699082,4.35,
OC(Cn1cnnn1)(c2ccc(F)cc2F)C(F)(F)c3ccc(cn3)c4ccc(F)cc4,CHEMBL3311222,4.28,
OC(Cn1cnnn1)(c2ccc(F)cc2F)C(F)(F)c3ccc(OCC(F)(F)F)cn3,CHEMBL3311221,4.14,
OC(CNC(=O)CC1CCN(Cc2oc(cc2)c3ccc(Cl)cc3)CC1)C(F)(F)F,CHEMBL557306,,5.99
OC(COc1ccc(F)cc1C(=O)CCc2ccccc2)CN3CCN(CC3)C(c4ccccc4)c5ccccc5,CHEMBL1963307,,5.32
OC(COc1ccccc1C(=O)CCc2ccccc2)CN3CCN(CC3)C(c4ccccc4)(c5ccccc5)c6ccccc6,CHEMBL3800381,,4.33
OC[C@@H](N1CCCn2cc(cc2C1=O)c3ccnc(N[C@@H]4C[C@H](O)[C@@H](F)C4)n3)c5ccccc5,CHEMBL3608458,4.41,
OC[C@@H](NC(=O)NC1CCN(Cc2ccn(c2)c3ccc(cc3)C(F)(F)F)CC1)c4ccccc4,CHEMBL557329,4.69,4.62
OC[C@@H](O)C(=O)N1CCC(CC1)c2ccc(NC(=O)c3nc(c[nH]3)C#N)c(c2)C4=CCCCC4,CHEMBL2158287,5.09,
OC[C@@H]1O[C@@H]2[C@H](OC3=NC(=N)C=CN23)[C@H]1O,CHEMBL1552021,4.40,
OC[C@@H]1O[C@H]([C@H](O)[C@@H]1O)c2nc3cc(Cl)c(Cl)cc3[nH]2,CHEMBL1316809,4.40,
OC[C@@H]1OC(=O)N2[C@H]1COc3cc(ccc23)c4ccc(nc4)C#N,CHEMBL2323191,,4.74
OC[C@H](C1CCN(CC1)C(=O)\C=C\c2cc(F)cc(F)c2)N3CCC(CC3)c4c[nH]c5ncccc45,CHEMBL455683,4.60,
OC[C@H](Cc1ccc2OCOc2c1)[C@H](CO)Cc3ccc4OCOc4c3,CHEMBL486597,6.85,
OC[C@H](NC(=O)N(Cc1cncs1)C2CC2)C(=O)N[C@H](CC[C@H](Cc3ccccc3)NC(=O)OCc4cncs4)Cc5ccccc5,CHEMBL3115170,6.92,
OC[C@H](NC(=O)NC1CCN(Cc2ccn(c2)c3ccc(cc3)C(F)(F)F)CC1)c4ccccc4,CHEMBL563005,,4.59
OC[C@H]1CCCN1CCn2ncc3cc(ccc23)N4C=CC(=CC4=O)OCc5ccccc5,CHEMBL1289169,,5.64
OC=O.Clc1ccc(cc1)C(=O)N2CCN(C(=O)C2)c3ccc(OC4CCN(CC4)C5CCCC5)cc3,CHEMBL239744,,5.40
OC=O.Fc1cc(F)cc(c1)C(=O)N2CCN(C(=O)C2)c3ccc(OC4CCN(CC4)C5CCCC5)cc3,CHEMBL240567,,5.10
OC=O.Fc1ccc(C(=O)N2CCN(C(=O)C2)c3ccc(OC4CCN(CC4)C5CCCC5)cc3)c(F)c1,CHEMBL392354,,4.60
OC=O.Fc1ccc(C(=O)N2CCN(C(=O)C2)c3ccc(OCCCN4CCCCCC4)cc3)c(F)c1,CHEMBL238872,,4.30
OC=O.Fc1ccc(cc1)C(=O)N2CCN(C(=O)C2)c3ccc(OC4CCN(CC4)C5CCCC5)cc3,CHEMBL239963,,4.70
OC=O.Fc1ccc(cc1)C(=O)N2CCN(C(=O)C2)c3ccc(OCCCN4CCCCC4)cc3,CHEMBL240185,4.00,4.30
OC=O.O=C(N1CCN(C(=O)C1)c2ccc(OC3CCN(CC3)C4CCC4)cc2)c5ccc(cc5)C#N,CHEMBL239099,,5.03
OC=O.O=C(N1CCN(C(=O)C1)c2ccc(OCCCN3CCCCCC3)cc2)c4ccc(cc4)C#N,CHEMBL400612,,4.90
OC1(C2CCCCCC2=O)C(=O)Nc3ccc(Br)cc13,CHEMBL1337830,4.75,
OC1(Cc2ccccc2)CCN(CC1)C(=O)NC3CCN(Cc4ccn(c4)c5ccc(cc5)C(F)(F)F)CC3,CHEMBL558726,,5.10
OC1(CCc2ccc3C(=O)OCc3c2)CCN(CC1)C(=O)Cc4ccc(cc4)n5cnnn5,CHEMBL3792861,,5.19
OC1(CCCCC1N2CCC3(CC2)C(CNC3=O)c4ccccc4)c5ccc(F)cc5,CHEMBL214122,,5.75
OC1(CCN(C1=O)[C@@]2(CC[C@H](CC2)N3CCC4(CCOC4)CC3)c5ccccc5)c6cc(cc(c6)C(F)(F)F)C(F)(F)F,CHEMBL202884,,6.06
OC1(CCN(CC1)c2ccc3nnc(n3n2)C(F)(F)F)c4cccnc4,CHEMBL2346971,,4.02
OC1(CCN(Cc2c[nH]c3ccccc23)CC1)c4ccc(Cl)cc4,CHEMBL445102,5.60,
OC1(CCN(CCCC(=O)c2ccc(F)cc2)CC1)c3ccc(Br)cc3,CHEMBL28218,5.00,
OC1(CCN(CCCC(=O)c2ccc(F)cc2)CC1)c3cccc(c3)C(F)(F)F,CHEMBL15023,7.40,
OC1(CNC(=O)C2CCN(Cc3ccn(c3)c4ccc(cc4)C(F)(F)F)CC2)CCCCC1,CHEMBL557715,,4.93
OC1(CNCC(=O)N2CCc3ccccc3[C@@H]2C4CCCCC4)CCCCC1,CHEMBL3356251,,4.01
OC1(CNCC(=O)N2CCc3ccccc3[C@H]2C4CCCCC4)CCCCC1,CHEMBL3356252,,4.12
OC1(CNCC(=O)N2CCc3ccccc3C2C4CCCCC4)CCCCC1,CHEMBL3356247,,4.34
OC1(COc2ccc(C#N)c(F)c2)CN(C1)S(=O)(=O)c3ccc(Cl)cc3Cl,CHEMBL3218118,,5.02
OC1(COc2ccc3ncc(F)c(CCC45CCC(CC4)(CO5)NCc6ccc7OCC(=O)Nc7n6)c3n2)COC1,CHEMBL3605131,,4.91
OC1(CS(=O)(=O)Cc2ccccc2)CCN(CC1)C(=O)c3cccc(c3)C(F)(F)F,CHEMBL1507893,5.50,
OC1(CS\C(=N/c2cccnc2)\N1C3CC3)c4ccc(OC(F)F)cc4,CHEMBL1999906,6.10,
OC1(N(C(=O)Nc2ccccc12)c3ccc(Cl)c(Cl)c3)C(=O)NCc4ccc5OCOc5c4,CHEMBL1465070,6.90,
OC1(N2CCCCCC2)C(=O)Nc3ccc(cc13)[N+](=O)[O-],CHEMBL1572595,5.45,
Oc1[nH]c2ccccc2c1\C=N\c3nccs3,CHEMBL3190499,4.80,
OC1=C([C@H](CC(=O)c2ccccc2)c3ccccc3)C(=O)Oc4ccccc14,CHEMBL1335668,5.50,
OC1=C(C(C2=C(O)C(=O)c3ccccc3C2=O)c4ccc(Cl)cc4)C(=O)c5ccccc5C1=O,CHEMBL287689,5.50,
OC1=C(C(N(Cc2occc2)C1=O)c3ccccc3)C(=O)c4cccs4,CHEMBL1327566,4.85,
OC1=C(Oc2cc(O)cc(O)c2C1=O)c3ccc(O)c(O)c3,CHEMBL50,5.20,
OC1=C(Oc2cc(O)cc(O)c2C1=O)c3ccccc3,CHEMBL309490,4.80,
OC1=C(Oc2cc(O)ccc2C1=O)c3ccc(O)c(O)c3,CHEMBL31574,4.40,
OC1=C(Oc2cc(O)ccc2C1=O)c3ccc(O)cc3,CHEMBL242383,4.40,
OC1=C(Oc2ccc(O)cc2C1=O)c3ccc(O)cc3,CHEMBL243676,4.90,
OC1=C(Oc2ccccc2C1=O)c3ccc(O)c(O)c3,CHEMBL122701,4.50,
OC1=C(Oc2ccccc2C1=O)c3ccc(O)cc3,CHEMBL272682,4.90,
OC1=C2Nc3ccc(cc3N=C2O[C@@H]1c4c[nH]c5ccc(COc6ccccc6)cc45)[N+](=O)[O-],CHEMBL1514765,5.50,
OC1=CC(=O)c2ccccc2C1=O,CHEMBL240963,4.60,
OC1=CC(=O)N(C(=N)N1c2ccccc2)c3ccccc3,CHEMBL1354137,4.60,
OC1=CC(=O)OC(=C1)\C=C/c2ccc(O)c(O)c2,CHEMBL1336985,5.50,
OC1=CC=Cc2cc(O)c(O)c(O)c2C1=O,CHEMBL66953,4.50,
OC1=CNC(=CC1=O)COc2ccc3ncc(F)c(CCC45CCC(CC4)(CO5)NCc6ccc7OCC(=O)Nc7n6)c3n2,CHEMBL3605011,,5.28
OC1=NC(=O)CN1\N=C/c2oc(cc2)c3ccc(cc3)[N+](=O)[O-],CHEMBL1618718,4.70,
Oc1c(\C=N/Nc2ccc3ccccc3n2)cccc1[N+](=O)[O-],CHEMBL1356395,5.50,
Oc1c(Br)cc(Br)cc1Br,CHEMBL220087,4.80,
Oc1c(Br)cc2c(Oc3c(Br)c(O)c(Br)cc3C24OC(=O)c5c(Cl)c(Cl)c(Cl)c(Cl)c45)c1Br,CHEMBL1580759,4.70,
Oc1c(cc(cc1[N+](=O)[O-])[N+](=O)[O-])C(=O)N\N=C\c2ccncc2,CHEMBL3191557,6.00,
Oc1c(ccc2ccccc12)C(=O)c3cnn(c3)c4ccccc4,CHEMBL1588312,4.75,
Oc1c(Cl)cc(Cl)c(Cl)c1Cc2c(O)c(Cl)cc(Cl)c2Cl,CHEMBL496,4.80,
Oc1c(Cl)cc(Cl)c2cccnc12,CHEMBL1200596,4.80,
Oc1c(Cl)cc(Cl)cc1Cl,CHEMBL309917,4.50,
Oc1c(I)cc(Cl)c2cccnc12,CHEMBL497,4.50,
Oc1c(N=O)c2ccccc2n1Cc3ccc(Cl)c(Cl)c3,CHEMBL1518057,4.85,
OC1C(Oc2cc(O)cc(O)c2C1=O)c3ccc(O)c(O)c3,CHEMBL337309,4.60,
Oc1c2C=CC(=O)Oc2cc3occc13,CHEMBL242711,4.80,
Oc1c2ccccc2c3N=Nc4cccc1c34,CHEMBL1725279,5.40,
OC1c2ccccc2c3nc4ccccc4cc13,CHEMBL1395275,4.60,
Oc1cc(c2cc(ccc2c1N=Nc3ccc4ccccc4c3O)[N+](=O)[O-])S(=O)(=O)O,CHEMBL1513643,5.40,
Oc1cc(Cl)cc(Cl)c1CNC(=O)C2CCN(Cc3ccn(c3)c4ccc(cc4)C(F)(F)F)CC2,CHEMBL562788,,5.38
Oc1cc(Cl)ccc1Cl,CHEMBL1565192,4.50,
Oc1cc(F)ccc1\C=C\c2ccc(cn2)S(=O)(=O)c3ccccc3F,CHEMBL240876,,5.68
Oc1cc(N2CCN(CC2)c3ccccn3)c(O)c4C(=O)C=CC(=O)c14,CHEMBL1703229,5.10,
Oc1cc(NC2CCN(Cc3ccc4OCOc4c3)CC2)c5cc(Cl)ccc5n1,CHEMBL208028,,6.95
Oc1cc(O)c(C(=O)Cc2ccc(Cl)cc2)c(O)c1,CHEMBL1552100,5.30,
Oc1cc(O)c2C(=O)C(=COc2c1)c3ccccc3,CHEMBL1488393,4.70,
Oc1cc(O)c2C(=O)C=C(Oc2c1)c3cc(O)c(O)c(O)c3,CHEMBL247484,4.70,
Oc1cc(O)c2C(=O)C=C(Oc2c1)c3ccccc3,CHEMBL117,5.10,
Oc1cc(O)c2C(=O)C=C(Oc2c1)c3ccccc3O,CHEMBL242385,5.40,
Oc1cc(O)c2C(=O)c3ccccc3C(=O)c2c1O,CHEMBL294264,4.40,
Oc1cc(O)c2C[C@@H](OC(=O)c3cc(O)c(O)c(O)c3)C(Oc2c1)c4ccc(O)c(O)c4,CHEMBL1514905,4.60,
OC1CC(O)CC(C1)Oc2ccc3ncc(F)c(CCC45CCC(CC4)(CO5)NCc6ccc7OCC(=O)Nc7n6)c3n2,CHEMBL3605132,,5.20
Oc1cc2[C@@H](CN(CC=C)CCc2c(Br)c1O)c3ccccc3,CHEMBL286424,4.70,
Oc1cc2[C@@H](CN(CC=C)CCc2c(Cl)c1O)c3ccccc3,CHEMBL1442462,4.80,
Oc1cc2[C@@H](CNCCc2c(Cl)c1O)c3ccccc3,CHEMBL1317463,4.40,
OC1Cc2c(O)cc(O)cc2OC1C3=Cc4c(cc(O)c(O)c4C(=O)C(=C3)O)C5Oc6cc(O)cc(O)c6CC5O,CHEMBL1512440,4.80,
OC1Cc2c(O)cc(O)cc2OC1c3ccc(O)cc3,CHEMBL1326092,4.90,
Oc1cc2CC[C@H]3NCc4ccccc4[C@@H]3c2cc1O,CHEMBL25856,7.30,
OC1Cc2ccc(O)cc2OC1c3ccc(O)c(O)c3,CHEMBL1367159,4.60,
OC1CC2CCC1N(Cc3ccccc3)C2=O,CHEMBL1466047,4.75,
Oc1cc2CCNC[C@@H](c3ccccc3)c2cc1O,CHEMBL284746,4.90,
Oc1cc2N=C(CC(=O)Nc2cc1c3ccccc3F)c4cccc(c4)n5ccnc5,CHEMBL405895,9.00,
Oc1cc2OC(=CC(=O)c2c(O)c1O)c3ccccc3,CHEMBL8260,4.50,
Oc1cc2oc3c4ccccc4OC(=O)c3c2cc1O,CHEMBL1376200,4.70,
Oc1ccc(\C=C(/C#N)\C(=O)c2ccc(O)c(O)c2)cc1O,CHEMBL56393,4.80,
Oc1ccc(\C=C(/C#N)\C(=O)NCc2ccccc2)cc1O,CHEMBL56543,4.80,
Oc1ccc(\C=C/C(=O)c2ccc(O)cc2O)cc1,CHEMBL1395334,5.50,
Oc1ccc(\C=C/C(=O)OCCc2ccccc2)cc1O,CHEMBL1397711,4.80,
Oc1ccc(\C=C\C(=O)c2c(O)cc(O)cc2O)cc1,CHEMBL338066,5.10,
Oc1ccc(\C=C\C(=O)c2cccs2)cc1,CHEMBL1316156,5.90,
Oc1ccc(\C=C\c2cc(O)cc(O)c2)cc1,CHEMBL165,5.40,
Oc1ccc(Br)c2CC(CN3CCC4(CC3)CCc5ccccc45)NCc12,CHEMBL3785095,,6.00
Oc1ccc(c(F)c1)c2ccc3[nH]nc(c4cncc(O[C@H]5CNCCC56CC6)n4)c3c2,CHEMBL3393717,,6.10
Oc1ccc(c(O)c1)c2[nH]ncc2c3ccc(Cl)cc3,CHEMBL1501836,6.25,
Oc1ccc(C[C@@H](C#N)c2ccc(O)cc2)cc1,CHEMBL198159,4.90,
Oc1ccc(C2=CC(=O)c3ccccc3O2)c(O)c1,CHEMBL1374610,5.50,
Oc1ccc(c2C(=O)c3c(C(=O)c12)c(O)ccc3[N+](=O)[O-])[N+](=O)[O-],CHEMBL1535689,5.10,
Oc1ccc(cc1)[C@@H]2CC[C@H](CC2)N3CC(C3)NC(=O)CNC(=O)c4cccc(c4)C(F)(F)F,CHEMBL1829613,,5.39
Oc1ccc(cc1)C(=C2C=CC(=O)C=C2)c3ccc(O)cc3,CHEMBL210868,4.70,
Oc1ccc(cc1)C(=O)\C=C\c2ccccc2,CHEMBL276473,4.40,
Oc1ccc(cc1)C(=O)N\N=C/c2oc(cc2)[N+](=O)[O-],CHEMBL1318261,5.00,
Oc1ccc(cc1)C2(OC(=O)c3ccccc23)c4ccc(O)cc4,CHEMBL63857,5.20,
Oc1ccc(cc1)C2=CC(=O)c3c(O)cc(O)cc3O2,CHEMBL28,5.10,
Oc1ccc(cc1)C2=CC(=O)c3c(O)cccc3O2,CHEMBL484662,6.10,
Oc1ccc(cc1)C2=CC(=O)c3cc(O)ccc3O2,CHEMBL484663,5.50,
Oc1ccc(cc1)C2=CC(=O)c3ccc(O)cc3O2,CHEMBL294878,5.10,
Oc1ccc(cc1)C2=COc3cc(O)cc(O)c3C2=O,CHEMBL44,4.90,
Oc1ccc(cc1)c2c[nH]c(n2)[C@H]3Cc4c([nH]c5ccccc45)[C@H](N3)C6CCOCC6,CHEMBL3775398,,6.33
Oc1ccc(cc1)c2cc(cs2)c3cccc(O)c3,CHEMBL462513,5.72,
Oc1ccc(cc1)c2ccc(NC(=O)Nc3ccc(cc3)c4ccnc5[nH]cnc45)cc2,CHEMBL1951445,7.52,
Oc1ccc(cc1)c2nc(c3ccc(F)cc3)c([nH]2)c4ccncc4,CHEMBL278041,6.00,
Oc1ccc(cc1)c2oc(SC3CCOC3=O)nn2,CHEMBL1603539,5.15,
Oc1ccc(cc1F)c2ccc(Cc3ccncc3)cc2,CHEMBL1173260,6.05,
Oc1ccc(cc1N2C(=O)Nc3cc(ccc23)C(F)(F)F)C(F)(F)F,CHEMBL384903,4.80,
Oc1ccc(cc1O)C(=O)\C(=C\c2c[nH]c3ccccc23)\C#N,CHEMBL68534,5.10,
Oc1ccc(cc1O)C2=CC(=O)c3ccccc3O2,CHEMBL222556,4.80,
Oc1ccc(cc1O)c2ccc(Cc3ccncc3)cc2,CHEMBL1172779,5.12,
Oc1ccc(Cc2cc(Cl)cc(Cl)c2O)cc1Cl,CHEMBL1337781,5.40,
Oc1ccc(Cl)c(Cl)c1Cl,CHEMBL1341844,4.80,
Oc1ccc(Cl)c2CC(CN3CCC4(CC3)CCc5ccccc45)NCc12,CHEMBL3785560,,5.76
Oc1ccc(Cl)cc1C(=O)NN=C2C3CC4CC(CC2C4)C3,CHEMBL1413631,4.95,
Oc1ccc(Cl)cc1Cc2ccccc2,CHEMBL1328919,4.60,
Oc1ccc(Cl)cc1Sc2cc(Cl)ccc2O,CHEMBL473535,4.50,
Oc1ccc(CN2C=CNC2=S)cc1,CHEMBL164747,4.80,
Oc1ccc(NC(=O)CCCc2ccc(cc2)c3ccccc3F)cc1,CHEMBL235658,4.50,
Oc1ccc(nc1)[C@@H]2CC[C@H](CC2)N3CC(C3)NC(=O)CNC(=O)c4cccc(c4)C(F)(F)F,CHEMBL1829624,,5.00
Oc1ccc(O)cc1,CHEMBL537,6.00,
OC1CCC2(C(COc3c(F)ccc(F)c23)C1)S(=O)(=O)c4ccc(Cl)cc4,CHEMBL1089525,5.04,
Oc1ccc2[nH]cc(C[C@H](NC(=O)c3ccc4c(c3)nc(c5cocc5)n4C6CCCCC6)c7cscn7)c2c1,CHEMBL376487,6.36,
Oc1ccc2C(=O)C=C(Oc2c1)C(=O)NC3CCN(Cc4ccc5OCOc5c4)CC3,CHEMBL215631,,7.20
Oc1ccc2C(=O)C=C(Oc2c1O)c3ccccc3,CHEMBL75267,4.40,
Oc1ccc2C(=O)C=C(Oc2c1O)c3ccccc3O,CHEMBL244707,4.50,
Oc1ccc2C(=O)c3c(O)ccc(O)c3C(=O)c2c1O,CHEMBL29898,5.20,
Oc1ccc2C(=O)c3ccccc3C(=O)c2c1O,CHEMBL55814,4.40,
Oc1ccc2C[C@@H]3N(CC4CC4)CC[C@]56[C@@H](Oc1c25)c7[nH]c8ccccc8c7C[C@]36O,CHEMBL1371444,4.60,
Oc1ccc2C[C@@H]3N(CC4CC4)CC[C@]56[C@@H](Oc1c25)c7c(C[C@]36O)c8ccccc8n7Cc9ccccc9,CHEMBL1415910,5.00,
Oc1ccc2C[C@H]3N(CC=C)CC[C@@]45[C@@H](Oc1c24)\C(=N\NC(=O)c6ccccc6)\CC[C@@]35O,CHEMBL1256836,4.80,
Oc1ccc2C[C@H]3N(CC=C)CC[C@@]45[C@H](Oc1c24)\C(=N\N=C/6\CC[C@]7(O)[C@@H]8Cc9ccc(O)c%10O[C@@H]6[C@@]7(CCN8CC=C)c9%10)\CC[C@@]35O,CHEMBL1371628,4.50,
Oc1ccc2C[C@H]3N(CC4CC4)CC[C@@]56[C@@H](Oc1c25)C(=O)CC[C@@]36NC(=O)\C=C/c7ccc(Cl)cc7,CHEMBL1591508,4.80,
Oc1ccc2C[C@H]3N(CC4CC4)CC[C@@]56[C@H](Oc1c25)c7[nH]c8[C@@H]9Oc%10c(O)ccc%11C[C@@H]%12N(CC%13CC%13)CC[C@@]9(c%10%11)[C@]%12(O)Cc8c7C[C@@]36O,CHEMBL1452273,5.70,
Oc1ccc2C3c4cc(O)c(O)cc4CC3(O)COc2c1,CHEMBL1370456,4.50,
Oc1ccc2cc(ccc2c1)c3ccc(Cc4ccncc4)cc3,CHEMBL1214739,5.94,
Oc1ccc2ccc(c(Cl)c2c1)c3cncc(F)c3,CHEMBL2420680,5.45,
Oc1ccc2ccc(c(Cl)c2c1)c3cncnc3,CHEMBL2420686,5.67,
Oc1ccc2ccc(c(F)c2c1)c3cccnc3,CHEMBL2420676,5.90,
Oc1ccc2nc(NC(=O)c3c(F)ccc(O)c3F)sc2c1,CHEMBL2170747,4.27,
Oc1ccc2oc3CCCCc3c2c1,CHEMBL395446,4.65,
Oc1cccc(c1)C2=CC(=O)c3c(O)cccc3O2,CHEMBL502242,5.10,
Oc1cccc(c1)C2=CC(=O)c3ccc(O)c(O)c3O2,CHEMBL225513,4.80,
Oc1cccc(c1)c2ccc(cc2)c3cccc(O)c3,CHEMBL502908,5.68,
Oc1cccc(c1)c2ccc(s2)c3ccc(O)c(F)c3,CHEMBL577338,6.09,
Oc1cccc(c1)c2ccc3c(c(O)ccc3c2)c4cccc(O)c4,CHEMBL1650652,7.40,
Oc1cccc(c1)c2ccc3c(c(O)ccc3c2)c4ccccc4,CHEMBL469227,5.56,
Oc1cccc(c1)c2ccc3c(c(O)ccc3c2)c4cccnc4,CHEMBL1650645,6.66,
Oc1cccc(c1)c2ccc3cc(O)ccc3c2,CHEMBL195217,5.80,
Oc1cccc(c1)c2cnc(s2)c3cccc(O)c3,CHEMBL456379,6.10,
Oc1cccc(c1)N2CCN(CCN3CCC(CC3)C(F)(F)F)C2=O,CHEMBL569846,,4.80
Oc1cccc(C2=CC(=O)c3ccccc3O2)c1O,CHEMBL242171,4.70,
Oc1cccc(Nc2ccccc2)c1,CHEMBL1523215,4.80,
Oc1cccc(O)c1,CHEMBL24147,5.00,
Oc1cccc(O[C@H]2C[C@H]3CC[C@@H](C2)N3Cc4ccccc4)c1,CHEMBL1224288,,5.80
Oc1cccc2C(=O)C=CC(=O)c12,CHEMBL43612,4.40,
Oc1cccc2Cc3cccc(O)c3C(=O)c12,CHEMBL46469,4.60,
Oc1ccccc1\C=N/NC(=O)c2ccccc2O,CHEMBL1562777,5.20,
Oc1ccccc1C2=CC(=O)c3c(O2)ccc4ccccc34,CHEMBL406835,4.50,
Oc1ccccc1NC(=O)\C(=C/c2ccccc2)\NC(=O)\C=C\c3ccccc3,CHEMBL1569491,4.85,
Oc1ccccc1O,CHEMBL280998,5.00,
OC1CCN(CC1)C(=O)[C@H](Cc2ccc(Br)cc2)NC(=O)C3(CC3)c4ccc(Cl)cc4Cl,CHEMBL2163822,5.89,
OC1CCN(Cc2ccc(OC3CCN(CC3)C(=O)c4oc(nn4)c5ccccc5)cc2)C1,CHEMBL3787345,,4.51
OC1CCN(Cc2csc(n2)c3cn(CC4CCOCC4)c5c(Cl)cccc35)CC1,CHEMBL1762809,,5.60
OC1CCN(CCCOc2ccc(cc2)n3c(nc4cc(F)ccc34)c5ccccn5)CC1,CHEMBL526450,,7.80
OC1CN(C[C@H](Oc2ncnc3c2cnn3c4c(Cl)cccc4Cl)C(=O)Nc5ccc(cn5)C#N)C1,CHEMBL3221522,,5.20
OC1CN(C[C@H](Oc2ncnc3c2cnn3c4c(F)cccc4Cl)C(=O)Nc5ccccn5)C1,CHEMBL3221528,,4.10
OC1CN(C[C@H](Oc2ncnc3c2cnn3c4ccccc4Cl)C(=O)Nc5ccc(Cl)cn5)C1,CHEMBL3221517,,5.00
OC1CN(C[C@H](Oc2ncnc3c2cnn3c4ccccc4Cl)C(=O)Nc5ccc(cn5)C#N)C1,CHEMBL3221519,,5.00
OC1CN(C[C@H](Oc2ncnc3c2cnn3c4ncccc4Cl)C(=O)Nc5ccc(Cl)cn5)C1,CHEMBL3221515,,4.30
OC1CN(C1)c2ccc(cn2)N3C=Nn4cc(cc4C3=O)c5ccc(Cl)cc5,CHEMBL3618331,,5.48
OC1CN(C1)C2CCN(C2)c3ccc(cn3)N4C=Nn5cc(cc5C4=O)c6ccc(Cl)cc6,CHEMBL3618334,,5.70
Oc1nc(CSc2nnc(c3ccccc3)n2C4CCCCC4)nc5ccccc15,CHEMBL1331253,6.10,
Oc1nc(nc2c1nnn2Cc3ccccc3Cl)C4CCN(CC4)C(=O)Cc5cccs5,CHEMBL1450977,5.50,
Oc1nc(SCc2ccccc2[N+](=O)[O-])nc3[nH]cnc13,CHEMBL1320518,5.40,
Oc1nc2cc(c(cc2nc1O)[N+](=O)[O-])[N+](=O)[O-],CHEMBL155265,4.60,
Oc1nc2cc(Cl)ccc2c(O)c1C(=O)C3CC3,CHEMBL115225,8.50,
Oc1nc2cc(Cl)ccc2c(O)c1c3ccc(Oc4ccccc4)cc3,CHEMBL334378,5.00,
Oc1nc2SC3C(C(c4ccccc4)c2s1)C(=O)N(C3=O)c5ccc(Cl)cc5,CHEMBL1347641,4.90,
Oc1nc2SC3C(C(c4ccccc4)c2s1)C(=O)N(C3=O)c5ccccc5,CHEMBL1520919,5.10,
Oc1nccc2c(cccc12)S(=O)(=O)N3CCCNCC3,CHEMBL1233300,,5.10
Oc1oc(nc1\C=N\c2ccccc2)c3ccccc3,CHEMBL3195544,4.60,
OCC(CO)COc1ccc2ncc(F)c(CCC34CCC(CC3)(CO4)NCc5ccc6OCC(=O)Nc6n5)c2n1,CHEMBL3605128,,4.98
OCC(COC(=O)C=C)(COC(=O)C=C)COC(=O)C=C,CHEMBL1602699,5.10,
OCC(O)CC(O)CCCCCCCCCCCC#C,CHEMBL443127,4.40,
OCC(O)CN1CCC(COC(=O)c2c3OCCCn3c4ccccc24)CC1,CHEMBL3329814,,4.09
OCC[NH+]=C1C=C(Oc2ccc(Cl)cc12)c3ccccc3.F[B-](F)(F)F,CHEMBL1388158,5.00,
OCC1(CCCC1)N2CCN(CC2)C3CCc4ccc(OCc5noc(n5)c6ccc(Cl)cc6)cc34,CHEMBL392770,,6.69
OCC1(CCCC1)N2CCN(CC2)C3CCc4ccc(OCc5noc(n5)c6ccccc6F)cc34,CHEMBL239601,,6.15
OCC1(COc2ccc3ncc(F)c(CCC45CCC(CC4)(CO5)NCc6ccc7OCC(=O)Nc7n6)c3n2)CC1,CHEMBL3605126,,5.57
OCc1cc(ccc1O)[C@@H](O)CNCCCCCCOCCCCc2ccccc2,CHEMBL230056,4.90,
OCc1cc(ccn1)c2cccc3OC[C@H](Cc23)NC(=O)c4ccc(OCC(F)(F)F)nc4,CHEMBL2069412,,4.80
OCc1cc(Cl)ccc1NC(=O)NC2CCN(Cc3ccn(c3)c4ccc(cc4)C(F)(F)F)CC2,CHEMBL550943,,5.48
OCC1CC2(NC1CCC2NCc3cc(OC(F)(F)F)ccc3OC4CC4)c5ccccc5,CHEMBL202417,,6.57
OCc1ccc(cn1)c2cccc3OC[C@H](Cc23)NC(=O)c4ccc(OCC(F)(F)F)nc4,CHEMBL2069411,,5.00
OCc1ccc(cn1)c2cccc3OC[C@H](Cc23)NC(=O)c4ccc(OCCOCC(F)(F)F)nc4,CHEMBL2069413,,4.80
OCC1CCCCN1C(=O)c2cc3ccccn3c2c4cccc(c4)C#N,CHEMBL2164887,,4.61
OCC1CCCN(C1)C(=O)CC2CCN(Cc3oc(cc3)c4ccc(Cl)cc4)CC2,CHEMBL564674,,5.63
OCC1CCCN(C1)C(=O)NC2CCN(Cc3ccn(c3)c4ccc(cc4)C(F)(F)F)CC2,CHEMBL551543,,5.31
OCC1CCCN(C1)S(=O)(=O)c2ccc(F)cc2,CHEMBL1741417,4.60,
OCC1CCCN(CCCC2CCCc3ccc(OCc4noc(n4)c5ccc(Cl)cc5)cc23)C1,CHEMBL239603,,6.42
OCC1CCCN(CCCC2CCCc3ccc(OCc4noc(n4)c5ccccc5F)cc23)C1,CHEMBL394236,,5.89
OCc1ncc2CN=C(c3ccccc3F)c4cc(Cl)ccc4n12,CHEMBL1188,5.00,
OCC1O[C@@H](Oc2cccc3[C@@H]([C@@H]4c5cccc(O[C@@H]6OC(CO)C(O)C(O)C6O)c5C(=O)c7c(O)cc(cc47)C(=O)O)c8cc(cc(O)c8C(=O)c23)C(=O)O)C(O)C(O)C1O,CHEMBL1314924,4.40,
OCC1OC(\C=C/c2ccccc2)C=CC1Oc3ccc4OCOc4c3,CHEMBL1321919,6.40,
OCC1OC(C=CC1O)C#Cc2ccccc2,CHEMBL1329059,5.20,
OCC1OC(C=CC1Oc2ccc(C=O)cc2)C#Cc3ccccc3,CHEMBL1406764,5.40,
OCC1OC(O[C@@H]2OC=CC3(O)C(O)CC(OC(=O)\C=C\c4ccccc4)C23)C(O)C(O)C1O,CHEMBL1365122,5.40,
OCC1OC(Oc2c(O)cc(O)c3C(=O)C(=C(Oc23)c4ccc(O)c(O)c4)O)C(O)C(O)C1O,CHEMBL1337379,4.40,
OCCc1c([nH]c2ccccc12)[C@@H]3C[C@@H]4CCN3C[C@@H]4C=C,CHEMBL2373681,4.50,
OCCc1cc(cc(c1)S(=O)(=O)N2CCN(CC2)C(=O)[C@@H]3C[C@H]3c4ccc(cc4)C(F)(F)F)C(F)(F)F,CHEMBL490026,,6.05
OCCCCn1c(CN2C(=O)N(C3CC3)c4ccncc24)nc5ccccc15,CHEMBL243876,4.56,
OCCCN(Cc1cc2cc3OCOc3cc2nc1O)Cc4nnnn4Cc5ccc(F)cc5,CHEMBL1527195,5.50,
OCCN(CCO)c1nc(N2CCCCC2)c3nc(nc(N4CCCCC4)c3n1)N(CCO)CCO,CHEMBL932,5.00,
OCCN1C2CCC1CN(C2)C(=O)OC3(CC3)[C@H]4COC[C@@H](CC5CC5)N4S(=O)(=O)c6ccc(Cl)cc6,CHEMBL1271880,8.64,
OCCN1CC=CC[C@@H](C1)c2ccc(Cl)c(Cl)c2,CHEMBL2326693,,5.00
OCCN1CCN(CC1)C(=O)OC2(CC2)[C@H]3CCC[C@H](N3S(=O)(=O)c4ccc(Cl)cc4)c5cc(F)cc(F)c5,CHEMBL239629,7.22,
OCCN1CCN(CC1)c2ncc3cc(c4ccccc4)c(nc3n2)c5ccc(CN6CCC(CC6)c7nnc([nH]7)C8=CNC(=O)C=C8)cc5,CHEMBL502113,,5.17
OCCN1CCN(CCCN2c3ccccc3Sc4ccc(cc24)C(F)(F)F)CC1,CHEMBL726,4.60,5.24
OCCn1nc(NCC(=O)NC2CN(C2)[C@@H]3CC[C@@H](CC3)c4ccc5OCOc5c4)c6cc(ccc16)C(F)(F)F,CHEMBL1834652,,5.12
OCCNC(=O)c1ccccc1Oc2ncc(Cl)cc2NS(=O)(=O)c3ccc(Cl)c(Cl)c3,CHEMBL1169660,4.69,
OCCNC(=O)N1CCC(CC1)c2ccc(NC(=O)c3nc(c[nH]3)C#N)c(c2)C4=CCCCC4,CHEMBL2158302,5.19,
OCCNC1=CC(=O)c2ccncc2C1=O,CHEMBL447876,5.10,
OCCNc1nc2c(cc(Cl)cc2c3ccccc13)[N+](=O)[O-],CHEMBL1406307,5.50,
OCCNCC(=O)N1CCC(CC1)c2ccc(NC(=O)c3nc(c[nH]3)C#N)c(c2)C4=CCCCC4,CHEMBL2158288,5.29,
OCCOC[C@H](Oc1ncnc2c1cnn2c3c(Cl)cccc3C#N)C(=O)Nc4ccc(F)cn4,CHEMBL3221527,,4.20
OCCOC[C@H](Oc1ncnc2c1cnn2c3c(F)cccc3Cl)C(=O)Nc4ccc(F)cn4,CHEMBL3221530,,4.50
OCCOC[C@H](Oc1ncnc2c1cnn2c3ccccc3Cl)C(=O)Nc4ccc(Cl)cn4,CHEMBL3221508,,4.80
OCCOc1ccc2ncc(F)c(C[C@H](O)C34CCC(CC3)(CO4)NCc5ccc6OCC(=O)Nc6n5)c2n1,CHEMBL3605013,,4.53
OCCOc1ccc2ncc(F)c(CCC34CCC(CC3)(CO4)NCc5ccc6OCC(=O)Nc6n5)c2n1,CHEMBL3605120,,4.60
OCCOCCN1CCN(CC1)C(c2ccccc2)c3ccc(Cl)cc3.OC(=O)c4cc5ccccc5c(Cc6c(O)c(cc7ccccc67)C(=O)O)c4O,CHEMBL1200467,4.70,
OCCONC(=O)c1ccc2cncn2c1Nc3ccc(I)cc3F,CHEMBL3330650,,5.36
OCCONC(=O)c1ccc2cnsc2c1Nc3ccc(I)cc3F,CHEMBL2087461,5.05,
OCCSC1=C(SCCO)C(=O)c2ccccc2C1=O,CHEMBL429095,4.60,
ON(C=O)C1(CS(=O)(=O)N2CCN(CC2)c3ccc(F)cc3)CCC1,CHEMBL1784355,5.72,
ON(CCc1ccccn1)Cc2ccccc2,CHEMBL1447528,5.40,
ON1C(=O)c2ccc(Cl)cc2N=C1c3cccc(c3)C(F)(F)F,CHEMBL1329507,4.55,
ON1C(Nc2ccccc2C1=O)c3ccc4OCOc4c3,CHEMBL1610687,4.65,
ONC(=O)\C=C\c1ccc(CN2CCCC(C2)c3c([nH]c4ccccc34)c5ccccc5)c(F)c1,CHEMBL1093052,,4.71
ONC(=O)\C=C\c1ccc(CN2CCCC(C2)c3c([nH]c4ccccc34)c5ccccc5)cc1,CHEMBL1094041,,4.55
ONC(=O)\C=C\c1ccc(CN2CCCC(C2)c3c[nH]c4ccccc34)c(F)c1,CHEMBL1093051,,4.82
ONC(=O)\C=C\c1ccc(CNCCc2c([nH]c3ccccc23)c4ccccc4)cc1,CHEMBL1819255,,5.83
ONC(=O)\C=C\c1ccc(CNCCc2c([nH]c3ccccc23)c4ccccn4)cc1,CHEMBL1819256,,5.81
ONC(=O)\C=C\c1ccc(CNCCc2c(nn3ccccc23)c4ccccc4)cc1,CHEMBL1819272,,4.98
ONC(=O)\C=C\c1ccc(CNCCc2c[nH]c3ccccc23)cc1,CHEMBL344227,,4.56
ONC(=O)\C=C\c1ccc2CN(Cc3ccccc3)Cc2c1,CHEMBL1808642,,4.56
ONC(=O)\C=C\c1ccc2CN(CCC3CCCCC3)Cc2c1,CHEMBL1808643,,4.66
ONC(=O)\C=C\c1ccc2CN(CCc3cnn4ccccc34)Cc2c1,CHEMBL1808645,,5.28
ONC(=O)\C=C\c1ccc2OC3(CCN(Cc4ccc(F)cc4)CC3)CC(=O)c2c1,CHEMBL2390995,,5.62
ONC(=O)C1(CCC2(CCNCC2)C1)S(=O)(=O)c3ccc(Oc4ccc(OC(F)(F)F)cc4)cc3,CHEMBL3417745,,4.00
ONC(=O)c1ccc(s1)c2ccn(CCNCc3ccc4OCOc4c3)n2,CHEMBL217716,4.28,
OS(=O)(=O)C1CCNCC1,CHEMBL34155,5.70,
S[C@@H]1CCCN(Cc2ccccc2)C1,CHEMBL1318066,5.40,
S=C(CCCC#C)Nc1ccccc1,CHEMBL1566670,4.60,
S=C(N\C=C(/C#N)\c1nc2ccccc2s1)c3ccncc3,CHEMBL1330323,5.60,
S=C(Nc1ccc2c(Cc3ccccc23)c1)Nc4ccc5c(Cc6ccccc56)c4,CHEMBL1367935,5.40,
S=C(Nc1ccc2cn[nH]c2c1)Nc3ccc4cn[nH]c4c3,CHEMBL1269022,5.60,
S=C(NC1CCCCC1)N2CCC(CC2)c3cnc[nH]3,CHEMBL260374,6.20,
S=C(NC1CCCCC1)NC2CCCCC2,CHEMBL1606127,4.60,
S=C(Nc1ccccc1)Nc2nc(cc(c3ccccc3)c2C#N)c4ccccc4,CHEMBL3408381,,4.32
S=C(Nc1ccccc1)Nc2nccs2,CHEMBL1256364,4.80,
S=C(NCc1occc1)N2CCN(CC2)C(c3ccccc3)c4ccccc4,CHEMBL1559877,4.90,
S=C=Nc1cccc(NC(=S)NCCCCNC(=S)Nc2cccc(c2)N=C=S)c1,CHEMBL1321988,5.50,
S=C=NCc1ccccc1,CHEMBL55285,4.60,
S=C1N[C@@H](N[C@@H](S1)c2ccccc2)c3ccccc3,CHEMBL1564927,5.40,
S=C1SCN(Cc2ccccn2)CN1Cc3occc3,CHEMBL1603700,4.70,
S=C1SCN(CCN2CCOCC2)CN1Cc3ccccc3,CHEMBL1365235,4.55,
S=P([C@@H](N1CCCC1)c2cccnc2)(C3CCCCC3)C4CCCCC4,CHEMBL1491853,5.50,
SC(=S)N1CCCC1,CHEMBL399491,4.50,
Sc1nnc(C2CCCCC2)n1\N=C\c3cccs3,CHEMBL3194935,4.90,
Sc1nnc(CCc2ccccc2)n1Cc3ccccc3,CHEMBL1531291,5.10,
Sc1nnc(CNC(=O)c2ccc(cc2)S(=O)(=O)N3CCCC3)n1c4cccc(Cl)c4,CHEMBL1583880,5.35,
Sc1nnc(CNC(=O)c2ccc(cc2)S(=O)(=O)N3CCOCC3)n1c4ccccc4,CHEMBL1461936,4.50,
Sc1nnc(n1Cc2occc2)C34CC5CC(CC(C5)C3)C4,CHEMBL1550240,4.60,