smiles,CMPD_CHEMBLID,CYP3A4,hERG_pIC50
[Br-].CC(C)COc1ccc(cc1)C2(CC[N+](C)(C)CC2)C#N,CHEMBL1573507,4.40,
[Br-].Cc1ccc(cc1)c2csc(NNC(=O)Nc3ccccc3)[n+]2CC=C,CHEMBL1379480,5.45,
[Cl-].C[N+]12CCC(CC1)C(O)(C2=C)c3ccccc3,CHEMBL1500528,5.50,
[Cl-].C[n+]1c2cc(N)ccc2cc3ccc(N)cc13,CHEMBL354349,4.60,
[Cl-].CC(C)(C)CC(C)(C)c1ccc(OCCOCC[N+](C)(C)Cc2ccccc2)cc1,CHEMBL221753,4.60,6.97
[Cl-].CC1CCC2(C)C(CCC=C2C)C1(C)CC\C(=C\Cn3c[n+](C)c4c(N)ncnc34)\C,CHEMBL1608948,4.50,
[I+]1c2ccccc2c3ccccc13,CHEMBL365739,5.50,
[K+].CC1(C)SC2C(NC(=O)Cc3ccccc3)C(=O)N2C1C(=O)[O-],CHEMBL1434858,4.50,
[Na+].[Na+].[Na+].[Na+].[Na+].[Na+].[Na+].[Na+].[O-]S(=O)(=O)c1ccc(NC(=O)c2cc(NC(=O)Nc3cc(cc(c3)C(=O)Nc4ccc(cc4S(=O)(=O)[O-])S(=O)(=O)[O-])C(=O)Nc5ccc(cc5S(=O)(=O)[O-])S(=O)(=O)[O-])cc(c2)C(=O)Nc6ccc(cc6S(=O)(=O)[O-])S(=O)(=O)[O-])c(c1)S(=O)(=O)[O-],CHEMBL1253351,5.70,
[Na+].[Na+].[Na+].[Na+].Cc1nc(N=Nc2cc(c3cc(cc(c3c2)S(=O)(=O)[O-])[N+](=O)[O-])S(=O)(=O)[O-])c(COP(=O)([O-])[O-])c(C=O)c1O,CHEMBL1490919,4.80,
[Na+].[Na+].[Na+].Nc1c2C(=O)c3ccccc3C(=O)c2c(Nc4ccc(Nc5nc(Cl)nc(Nc6ccc(cc6)S(=O)(=O)[O-])n5)c(c4)S(=O)(=O)[O-])cc1S(=O)(=O)[O-],CHEMBL1365553,4.60,
[Na+].[Na+].[O-]S(=O)(=O)c1cc(ccc1\C=C\c2ccc(cc2S(=O)(=O)[O-])N=C=S)N=C=S,CHEMBL133930,4.90,
[Na+].[O-]C(=O)c1cccc(Cc2cc(Cl)ccc2OCc3ccc(F)cc3Cl)n1,CHEMBL513491,4.46,
[Na+].c1nc[n-]n1,CHEMBL1377189,4.50,
[Na+].CC(=O)OCC1=C(N2[C@@H](SC1)[C@H](NC(=O)Cc3cccs3)C2=O)C(=O)[O-],CHEMBL1370610,4.90,
[Na+].CC(C)c1ccc2c(c1)c(SC(C)(C)C)c(CC(C)(C)C(=O)[O-])n2Cc3ccc(Cl)cc3,CHEMBL416657,4.70,
[Na+].Cc1c2C(=O)C(=O)c3c4CCCC(C)(C)c4ccc3c2oc1S(=O)(=O)[O-],CHEMBL1473252,5.00,
[Na+].CCCC(CCC)C(=O)[O-],CHEMBL433,5.80,
[Na+].Cn1nnnc1SCC2=C(N3C(SC2)C(NC(=O)C(O)c4ccccc4)C3=O)C(=O)[O-],CHEMBL1485048,7.20,
[Na+].Nc1ccc(cc1)S(=O)(=O)[N-]c2cnc3ccccc3n2,CHEMBL1527324,4.60,
[O-][N+](=O)C1=CC(=CN(Cc2c(Cl)cccc2Cl)C1=O)C(F)(F)F,CHEMBL1575145,4.85,
[O-][N+](=O)c1cc(ccc1N2CCCC2=O)S(=O)(=O)Oc3cccc(Cl)c3,CHEMBL1467355,4.90,
[O-][N+](=O)c1cc(ccc1N2CCOCC2)C(=O)Nc3ccc(cc3)c4oc5ccccc5n4,CHEMBL1555483,4.95,
[O-][N+](=O)c1cc(Cl)ccc1C(=O)NCc2ccc(Cl)cc2,CHEMBL1308884,4.90,
[O-][N+](=O)c1cc(F)c(cc1N2CCCCC2)N3CCOCC3,CHEMBL1564977,4.75,
[O-][N+](=O)c1cc2C(=O)c3ccccc3c2cc1[N+](=O)[O-],CHEMBL512908,6.30,
[O-][N+](=O)c1cc2OCOc2cc1\C=N\c3ccccc3,CHEMBL3195211,4.70,
[O-][N+](=O)c1ccc(\C=C(/NC(=O)c2ccccc2)\C(=O)Nc3cccc4ccccc34)cc1,CHEMBL1423135,5.95,
[O-][N+](=O)c1ccc(\C=N\NC(=O)c2ccccc2Br)s1,CHEMBL3197506,4.65,
[O-][N+](=O)c1ccc(C2CCCC/C/2=N/OCc3ccccc3F)c(c1)[N+](=O)[O-],CHEMBL3199291,5.45,
[O-][N+](=O)c1ccc(cc1)C(=O)[C@@H](Br)[C@@H](Br)c2ccnc3ccccc23,CHEMBL1334357,5.50,
[O-][N+](=O)c1ccc(cc1)C(=O)COC(=O)\C(=C/c2ccc(Cl)cc2)\NC(=O)c3ccccc3,CHEMBL1506008,4.65,
[O-][N+](=O)c1ccc(cc1)C2C3N2C4(CCCCC4)N=C3c5ccccc5,CHEMBL1413738,4.80,
[O-][N+](=O)c1ccc(cc1)S(=O)(=O)N2CCC(CN3CCC(CC3)c4noc5cc(F)ccc45)CC2,CHEMBL3741292,,5.42
[O-][N+](=O)c1ccc(CCN2CCN(CCc3ccc(cc3)n4cnnn4)CC2)cc1,CHEMBL2441429,,7.96
[O-][N+](=O)c1ccc(CCN2CCN(CCc3ccc4nonc4c3)CC2)cc1,CHEMBL2146853,,7.60
[O-][N+](=O)c1ccc(CCN2CCNCC2)cc1,CHEMBL2146754,,6.72
[O-][N+](=O)c1ccc(N2CCN(CCOc3nonc3c4ccccc4)CC2)c(Cl)c1,CHEMBL1485450,4.85,
[O-][N+](=O)c1ccc(Nc2nc(N\N=C/c3ccc4OCOc4c3)nc(n2)N5CCCCC5)cc1,CHEMBL3195443,5.90,
[O-][N+](=O)c1ccc2nc(SCC(=O)c3ccc4ccccc4c3)sc2c1,CHEMBL1405043,5.40,
[O-][N+](=O)c1cccc(\C=N/NC2=CS(=O)(=O)C=C2)c1,CHEMBL1418097,5.30,
[O-][N+](=O)c1cccc(c1)C(=O)Nc2nc(cs2)c3ccccc3,CHEMBL1361797,5.00,
[O-][N+](=O)c1cccc(c1)C(=O)NCc2ccccn2,CHEMBL1599492,4.75,
[O-][N+](=O)c1cccc(c1)c2nnn(n2)C34CC5CC(CC(C5)C3)C4,CHEMBL1465534,5.05,
[O-][N+](=O)c1cccc(c1)c2onc(n2)c3ccncc3,CHEMBL1362108,6.25,
[O-][N+](=O)c1cccc2c1c3ncnc(N4CCN(CCc5ccc(F)c(F)c5)CC4)c3n2Cc6ccncc6,CHEMBL29743,5.24,
[O-][N+](=O)c1ccccc1C(=O)N\N=C\c2ccc(Br)s2,CHEMBL3191906,4.75,
[O-][N+](=O)c1ccccc1CC(=O)NCc2ccccc2Cl,CHEMBL1428990,4.80,
[O-][N+](=O)c1ccccc1OCc2oc(cc2)C(=O)Nc3nc4ccccc4n3Cc5ccccc5,CHEMBL1382389,5.35,
[O-][N+](=O)c1cccnc1NCCNc2ncc(cc2Cl)C(F)(F)F,CHEMBL1586735,4.90,
[O-][N+](=O)c1ccn(CC(=O)N2CCc3ccccc3C2)n1,CHEMBL1606673,4.65,
[O-][N+](=O)c1cnc(s1)N2CCNC2=O,CHEMBL152632,6.40,
[O-][N+](=O)c1oc(\C=N\NC(=O)c2cc(nc3ccccc23)c4ccncc4)cc1,CHEMBL1987514,6.05,
[O-][n+]1ccc(cc1)C(=O)N2CCC3(CCN(Cc4cccc(Oc5ccccc5)c4)CC3)CC2,CHEMBL409849,,4.85
[O-][n+]1cccc(c1)C#Cc2cccc(c2)N3C=C(C(=O)NC4CC4)C(=O)c5cccnc35,CHEMBL485629,,4.18
[O-][S+](c1ccc(\C=C\c2ccc(F)cc2)nc1)c3ccccc3F,CHEMBL395459,,5.54
[O-][S+](c1ccccc1)c2ccc(\C=C\c3ccc(F)cc3F)nc2,CHEMBL240887,,5.19
[O-][S+](CC(=O)Nc1ccccc1Cl)c2cccc(Cl)c2,CHEMBL1741744,4.85,
Br.CCCCN1C(=N)N(CC(=O)c2occc2)c3ccccc13,CHEMBL1400995,4.50,
Br.CCCN1C(=N)N(CC(=O)c2occc2)c3ccccc13,CHEMBL1419738,4.45,
Br.COc1ccc2C[C@@H]3C4CCCC[C@]4(CCN3C)c2c1,CHEMBL1204111,4.90,
Br.Oc1ccc(cc1F)c2ccc3C(=CCCc3c2)c4ccncc4,CHEMBL496286,5.68,
Br.Oc1ccc(cc1F)c2ccc3C(CCCc3c2)c4ccncc4,CHEMBL496469,5.47,
Brc1ccc(\C=C(\NC(=O)c2occc2)/c3nc4ccccc4[nH]3)cc1,CHEMBL1546811,5.80,
Brc1ccc(\C=C/CNCCNS(=O)(=O)c2cccc3cnccc23)cc1,CHEMBL403128,5.80,
Brc1ccc(cc1)[C@H]2CN3CCSC3=N2,CHEMBL1527442,4.60,
Brc1ccc(cc1)C(=O)N\C(=C\c2ccccc2)\C(=O)NCC(=O)OCc3ccccc3,CHEMBL1432119,6.70,
Brc1ccc(cc1)C2CC(=NN2S(=O)(=O)c3ccccc3)c4cccs4,CHEMBL1498694,5.70,
Brc1ccc(cc1)C2Nc3ccccc3NC4=C2C(=O)NC4,CHEMBL1380712,4.60,
Brc1ccc(cc1)c2oc(nn2)c3cccc(c3)S(=O)(=O)N4CCCCCC4,CHEMBL1470386,5.45,
Brc1ccc(CNC(=O)C2N(CCc3ccccn3)C(=O)c4ccccc24)cc1,CHEMBL2164384,,5.03
Brc1ccc(NC(=O)c2ccc(CSC3=NCCS3)cc2)cc1,CHEMBL1600243,5.45,
Brc1ccc(NC(=S)NNC(=O)CSc2nc3ccccc3s2)cc1,CHEMBL1454748,5.60,
Brc1ccc(OCC(=O)N2CCC(C2)c3ccccc3)cc1,CHEMBL1516503,4.55,
Brc1ccc2[nH]c3c(CC(=O)Nc4ccccc34)c2c1,CHEMBL296586,4.90,
Brc1ccc2NC(=S)N(Cc3cccnc3)C(=O)c2c1,CHEMBL1568012,6.40,
Brc1ccc2NC(=S)N(CCCC(=O)NCC3CCCO3)C(=O)c2c1,CHEMBL1504272,4.45,
Brc1cccc(\C=C\2/SC(=S)N(CCC(=O)NNC(=O)c3cccnc3)C2=O)c1,CHEMBL1582278,5.50,
Brc1cccc2nc(ccc12)C#Cc3ccccn3,CHEMBL2335295,,4.64
C([C@@H](Nc1cccnc1)c2ccccc2)c3ccccc3,CHEMBL1607623,5.50,
C([C@H](N1CCCCC1)c2ccccc2)c3ccccc3,CHEMBL467085,4.50,
C(c1c[nH]c2ccccc12)c3c[nH]c4ccccc34,CHEMBL446452,4.40,
C(C1CC1)N2CC3CN(CC4CC4)CC(C2)C35CCCC5,CHEMBL113461,,5.60
C(c1ccc(cc1)C(N2CCCN(CC2)C3CCC3)c4nnnn4Cc5ccccc5)n6cncn6,CHEMBL1223236,4.92,
C(c1ccccc1)C2(CCNC2)c3ccc4sccc4c3,CHEMBL486537,,4.96
C(C1CCCCC1)N2C[C@@H]3C(c4ccccc4)C5(CC3(C5)[C@H]2c6ccccc6)c7ccccc7,CHEMBL1370135,5.30,
C(c1ccccc1)n2cnc(c2)c3cccnc3,CHEMBL178780,4.12,
C(Cc1ccc2ccccc2n1)[C@@H]3CCCCN3,CHEMBL1371311,5.40,
C(Cc1ccccc1)N2CCC(CC2)c3c([nH]c4ccccc34)c5ccccc5,CHEMBL40584,,7.10
C(Cc1ccncc1)N2CCCCC2,CHEMBL1447143,5.20,
C(CCc1nnc2CCCCc2n1)Cc3nnc4CCCCc4n3,CHEMBL1491455,5.40,
C(CCCN1CCN(CC1)c2ccccn2)CCN3CCN(CC3)c4ccccc4,CHEMBL1171646,,4.89
C(CN(c1ccccc1)c2ccccc2)NCCc3ccccc3,CHEMBL2046890,,7.20
C(CN1CCCC1)Oc2ccc3Nc4nccc(n4)c5ccnc(OCC\C=C\COCc2c3)c5,CHEMBL2035052,,5.62
C(CN1CCCCC1)Oc2ccc3Nc4nccc(n4)c5cccc(COCC=CCOCc2c3)c5,CHEMBL2181331,6.43,
C(CNc1nc2ccccc2s1)COc3cccc(CN4CCCCC4)c3,CHEMBL419296,4.90,
C(CNCCN(c1ccccc1)c2ccccc2)Cc3ccccc3,CHEMBL2046891,,6.20
C(COc1ccc(cc1)[C@@H]2CC[C@H](CC2)N3CCCC3)CN4CCCCC4,CHEMBL1824235,4.32,
C(COc1ccc(cc1)C2CCCCO2)CN3CCCCC3,CHEMBL1822856,,5.95
C(COc1ccc(cc1)n2ccnc2)Cc3ccccn3,CHEMBL115876,6.60,
C(COc1ccc(cc1)n2ccnc2)Cc3ccncc3,CHEMBL113227,6.46,
C(N1C(c2ccccn2)n3c(nc4ccccc34)c5ccccc15)c6ccccc6,CHEMBL1600490,5.50,
C(N1C[C@@H]2C(c3ccccc3)C4(CC2(C4)[C@H]1c5ccccc5)c6cccnc6)c7ccc(cc7)c8ccccc8,CHEMBL1490938,4.80,
C(N1CCC(CC1)Oc2ncnc3c2ccn3Cc4ccccc4)c5ccccc5,CHEMBL2012277,,5.92
C(N1CCC(CC1)Oc2ncnc3c2ccn3Cc4ccccc4)c5cscn5,CHEMBL2012244,,6.12
C(N1CCN(CC1)c2ncccn2)c3ccc4OCOc4c3,CHEMBL1371770,5.00,
C(N1CCN(Cc2onc(n2)c3ccccc3)CC1)c4ccccc4,CHEMBL2069921,,4.90
C(Nc1cc(ncn1)c2cccnc2)c3cccs3,CHEMBL1512919,5.60,
C(Nc1ccnc(n1)c2ccc3OCOc3c2)c4ccccc4,CHEMBL1436125,6.10,
C(Nc1ccnc(n1)c2ccc3OCOc3c2)c4cccnc4,CHEMBL1357018,6.00,
C(Nc1ccnc(n1)c2ccc3OCOc3c2)c4cccs4,CHEMBL1558843,6.00,
C(Nc1ccnc(n1)c2cocc2)c3ccccc3,CHEMBL1334477,5.00,
C(Nc1nc(nc2ccccc12)c3ccc4OCOc4c3)c5cccnc5,CHEMBL1518415,6.50,
C(Nc1nc(nc2ccccc12)c3cccnc3)c4cccs4,CHEMBL1190913,5.70,
C(Nc1nc(nc2ccccc12)c3cocc3)c4cccnc4,CHEMBL1414251,5.10,
C(Nc1nc(nc2ccccc12)c3cocc3)c4cccs4,CHEMBL1438371,5.10,
C(Nc1ncnc2ccc(cc12)c3ccc4OCOc4c3)c5ccccc5,CHEMBL1358796,5.70,
C(Nc1ncnc2ccc(cc12)c3cccnc3)c4cccnc4,CHEMBL1355644,6.00,
C(Nc1ncncc1c2ccc3OCOc3c2)c4cccnc4,CHEMBL1331525,6.40,
C(Nc1ncncc1c2cccnc2)c3ccccc3,CHEMBL1568111,5.90,
C(Nc1ncncc1c2cocc2)c3cccs3,CHEMBL1527221,5.70,
C(O[C@H]1CCNC1)c2ccc3ccccc3c2,CHEMBL445794,,4.80
C(Oc1ccc(cc1)n2ccnc2)c3ccccn3,CHEMBL112592,6.20,
C(Oc1ccc2cccnc2c1)c3ccccc3,CHEMBL1081779,4.60,
C(Sc1ncnc2[nH]cnc12)c3ccncc3,CHEMBL1567238,6.00,
C(Sc1nnc(c2ccccc2)n1Cc3occc3)c4nc5ccccc5[nH]4,CHEMBL1445233,5.70,
C(Sc1nnc2c3ccccc3c4ccccc4c2n1)c5ccccc5,CHEMBL1358395,5.40,
C[C@@](O)(CCC1C(=C)CCC2[C@@](C)(CO)CCC[C@@]12C)C=C,CHEMBL1521278,5.60,
C[C@@]1(C=C[C@@H](Cc2ccccc2)N1C(=O)c3ccccc3)C(=O)NCC4CC4,CHEMBL1553555,5.70,
C[C@@]12CC[C@H](O)C[C@@H]1CC[C@H]3[C@H]4CC[C@H](c5cc([nH]n5)C(F)(F)F)[C@]4(C)CC[C@@H]23,CHEMBL1529093,5.60,
C[C@@]12CC[C@H]3[C@@H]([C@@H](CCCCCCCCC[S+]([O-])CCCC(F)(F)C(F)(F)F)Cc4cc(O)ccc34)[C@@H]1CC[C@@H]2O,CHEMBL1597812,6.00,
C[C@@]12CC=C3[C@@H](CCC4=CC(=O)C=C[C@@]34C)[C@H]1CC[C@H]2C(=O)CN5CCN(CC5)c6cc(nc(n6)N7CCCC7)N8CCCC8,CHEMBL1448859,5.50,
C[C@@H]([C@@H](O)c1ccc(O)cc1)N2CCC(O)(CC2)c3ccccc3,CHEMBL17350,,5.00
C[C@@H]([C@H](O)c1ccc(O)cc1)N2CCC(Cc3ccccc3)CC2,CHEMBL49623,4.90,
C[C@@H]([C@H](O)c1ccc(O)cc1)N2CCC(Cc3ccccc3)CC2.C[C@@H]([C@H](O)c4ccc(O)cc4)N5CCC(Cc6ccccc6)CC5.OC(C(O)C(=O)O)C(=O)O,CHEMBL2062340,5.40,
C[C@@H]([C@H](O)c1ccc(O)cc1)N2CCC(Cc3ccccc3)CC2.OC(C(O)C(=O)O)C(=O)O,CHEMBL2062341,5.00,
C[C@@H]([C@H]1NC[C@H](C)C[C@@H]1O)c2ccc3[C@@H]4CC=C5C[C@@H](O)CC[C@]5(C)[C@@H]4Cc3c2C,CHEMBL1398335,5.50,
C[C@@H](\C=C/c1cccc(Oc2ccc(F)cc2)c1)N(O)C(=O)N,CHEMBL1328985,5.90,
C[C@@H](C[C@@](C)(CS(=O)(=O)N1CCC(CC1)OCc2ccc(Cl)cc2Cl)N(O)C=O)c3ncc(F)cn3,CHEMBL1615186,,5.10
C[C@@H](C[C@@](C)(CS(=O)(=O)N1CCN(CC1)c2ccc(F)cc2)N(O)C=O)c3ncc(F)cn3,CHEMBL1683445,,4.68
C[C@@H](c1ccccn1)c2c(CCN(C)C)oc3ccccc23,CHEMBL563920,,5.92
C[C@@H](c1ccccn1)c2c(CCN3CCC3)sc4ccccc24,CHEMBL1091775,,5.38
C[C@@H](c1ncncc1F)[C@](O)(Cn2ccnc2)c3ccc(F)cc3F,CHEMBL3310994,6.10,
C[C@@H](c1ncncc1F)[C@](O)(Cn2cnnc2)c3ccc(F)cc3F,CHEMBL3358963,4.29,
C[C@@H](c1ncncc1F)[C@](O)(Cn2cnnn2)c3ccc(F)cc3F,CHEMBL3310993,4.50,
C[C@@H](Cc1ccc(O)cc1)NC[C@@H](O)c2cc(O)cc(O)c2,CHEMBL389390,4.60,
C[C@@H](CN1CCCc2nc(C)c(C)cc12)O\N=C(/C)\CCN3CCCCc4nc(C)c(C)cc34,CHEMBL1515706,5.50,
C[C@@H](CN1CCCc2nc(C)c(C)cc12)O\N=C/C[C@H]3O[C@@H](COC(=O)C)[C@@H](OC(=O)C)C=C3,CHEMBL1558245,5.40,
C[C@@H](CN1CCCCc2nc(C)c(C)cc12)O\N=C(/C)\CCN3CCCCc4nc(C)c(C)cc34,CHEMBL1316401,5.40,
C[C@@H](CN1CCCCc2nc(C)c(C)cc12)O\N=C/[C@@H](C)[C@H](OCc3ccccc3)C(C)C,CHEMBL1591903,5.40,
C[C@@H](CO)Oc1cc(Oc2ccc(cc2)C(=O)N3CCC3)cc(c1)C(=O)Nc4ccn(C)n4,CHEMBL3217925,,4.16
C[C@@H](CO)Oc1cc(Oc2ccc(cc2)C(=O)N3CCC3)cc(c1)C(=O)Nc4nccs4,CHEMBL3219108,,5.05
C[C@@H](N(C)C(=O)N1CC[C@@H](C[C@@H]1c2ccc(F)cc2C)N3CCN(CC3)C(=O)C)c4cc(cc(c4)C(F)(F)F)C(F)(F)F,CHEMBL1672054,5.31,
C[C@@H](N1[C@@H]2CC[C@H]1C[C@@H](C2)Oc3cccc(c3)C(=O)N)c4ccc(C)s4,CHEMBL1257347,,8.55
C[C@@H](N1[C@@H]2CC[C@H]1C[C@@H](C2)Oc3cccc(c3)C(=O)N)c4ccccc4,CHEMBL1257226,,7.89
C[C@@H](N1CC(C1)c2ncccn2)C3=Nc4c(cnn4C5CCCC5)C(=O)N3,CHEMBL2180070,,4.27
C[C@@H](NC(=O)\C(=C\c1ccc(O)c(O)c1)\C#N)c2ccccc2,CHEMBL258767,4.80,
C[C@@H](NC(=O)c1oc(cc1)c2ccc(Cl)cc2)C(=O)N3CCN(CCCOc4ccc(cc4)C(=O)C5CC5)CC3,CHEMBL251241,,6.10
C[C@@H](O[C@H]1C[C@@H](C)NC(=O)C[C@@H]1c2ccc(F)cc2)c3cc(cc(c3)C(F)(F)F)C(F)(F)F,CHEMBL209407,,5.07
C[C@@H](O[C@H]1CCC(=O)N(C)[C@@H](C)[C@@H]1c2ccc(F)cc2)c3cc(cc(c3)C(F)(F)F)C(F)(F)F,CHEMBL209240,,5.17
C[C@@H](O[C@H]1CCc2nccn2C[C@@H]1c3ccc(F)cc3)c4cc(cc(c4)C(F)(F)F)C(F)(F)F,CHEMBL210630,,5.75
C[C@@H](Oc1cc(sc1C(=O)N)n2cnc3cc(ccc23)c4ccnc(c4)N5CCN(C)CC5)c6ccccc6Cl,CHEMBL1208958,4.57,
C[C@@H](Oc1cc(sc1C(=O)N)n2cnc3cc(ccc23)c4ccnc(NC5CCN(C)CC5)n4)c6ccccc6Cl,CHEMBL1208966,4.82,
C[C@@H](Oc1cc(sc1C(=O)N)n2cnc3cc(ccc23)c4ccnc(NCCN(C)C)c4)c5ccccc5C(F)(F)F,CHEMBL1208961,4.57,
C[C@@H](Oc1cccc2ncnc(Nc3ccc(OCc4ccccn4)c(Cl)c3)c12)C(=O)N5CCOCC5,CHEMBL403774,,5.00
C[C@@H](Oc1cccc2ncnc(Nc3ccc4c(cnn4Cc5ccccn5)c3)c12)C(=O)N(C)C,CHEMBL402011,,4.60
C[C@@H]1[C@H](C\C=C(/C)\CC\C=C(/C)\CC\C=C(/C)\CCC=C(C)C)C(=O)c2ccccc2C1=O,CHEMBL1398321,4.90,
C[C@@H]1[C@H](Oc2ccccc2S1(=O)=O)c3ccc(OCCCN4CCCC4)cc3,CHEMBL558248,,5.89
C[C@@H]1[C@H]2CC[C@@]3(C)C=CC(=O)C(=C3[C@@H]2OC1=O)C,CHEMBL1357930,4.50,
C[C@@H]1\C=C/CC(=O)OC[C@@H](NS(=O)(=O)c2ccc(C)cc2)[C@H](C)\C=C/CC(=O)OC[C@@H]1NS(=O)(=O)c3ccc(C)cc3,CHEMBL1436444,5.50,
C[C@@H]1C[C@@H]2[C@@H]3C[C@H](F)C4=CC(=O)C=C[C@]4(C)[C@]3(F)[C@@H](O)C[C@]2(C)[C@]1(CC(=O)CO)C(=O)SCF,CHEMBL1433930,5.80,
C[C@@H]1C[C@@H]2[C@@H]3CC[C@](O)(C(=O)C)[C@]3(C)C[C@H](O)[C@]2(F)[C@@]4(C)C=CC(=O)C=C14,CHEMBL1475698,5.30,
C[C@@H]1C[C@@H]2[C@H]3CCC4=CC(=O)C=C[C@]4(C)[C@]3(Cl)[C@@H](O)C[C@@]2(C)[C@@]1(O)C(=O)CO,CHEMBL1592340,5.40,
C[C@@H]1C[C@@H]2[C@H]3CCC4=CC(=O)C=C[C@]4(C)[C@]3(F)[C@@H](O)C[C@@]2(C)[C@@]1(O)C(=O)CO,CHEMBL1354141,4.70,
C[C@@H]1C[C@@H]2[C@H]3CCC4=CC(=O)C=C[C@]4(C)[C@]3(F)[C@@H](O)C[C@]2(C)[C@@]1(O)C(=O)CO,CHEMBL1358636,4.90,
C[C@@H]1C[C@H]2[C@@H]3C[C@H](F)C4=CC(=O)C=C[C@@]4(C)[C@]3(F)[C@H](O)C[C@]2(C)[C@@]1(OC(=O)C)C(=O)COC(=O)C,CHEMBL1433593,5.20,
C[C@@H]1C[C@H]2[C@@H]3CCC4=CC(=O)C=C[C@]4(C)[C@@]3(F)[C@@H](O)C[C@]2(C)[C@@]1(O)C(=O)CO,CHEMBL384467,4.50,
C[C@@H]1C=C[C@@](Cc2ccccc2)(N1C(=O)C)C(=O)NCc3ccccn3,CHEMBL1358200,4.90,
C[C@@H]1C=C[C@@](Cc2ccccc2)(N1C(=O)C)C(=O)NCCc3c[nH]c4ccccc34,CHEMBL1493308,5.80,
C[C@@H]1C=C[C@@](Cc2ccccc2)(N1C(=O)c3ccccc3)C(=O)NCCN4CCOCC4,CHEMBL1405649,5.30,
C[C@@H]1C2COC(=O)OCC2C3CC[C@H]4C(OCc5ccc(F)cc5C(F)(F)F)OC[C@]6(C)[C@H]4C3=C1CN6C(=O)OC(C)(C)C,CHEMBL1489140,4.70,
C[C@@H]1CC[C@@]23CCC(=O)[C@H]2[C@]1(C)[C@@H](C[C@@](C)(C=C)[C@@H](O)[C@@H]3C)OC(=O)CSc4cccc(CO)c4,CHEMBL3291120,5.71,
C[C@@H]1CC[C@@H](C)N1CCCNc2oc(nn2)c3ccc(NC(=O)c4ccccc4F)cc3,CHEMBL2022500,,5.10
C[C@@H]1CC[C@@H]2N(C[C@@H](COS(=O)(=O)c3ccc(C)cc3)OC2=O)[C@@H]1c4ccc(Br)cc4,CHEMBL1592500,5.40,
C[C@@H]1CC[C@@H]2N(C[C@H](O)CNC2=O)[C@@H]1c3ccc(Br)cc3,CHEMBL1603100,5.40,
C[C@@H]1CC2(OC3C[C@@]4(C)C5=CC[C@H]6C(C)(C)C(CC[C@@]67C[C@@]57CC[C@]4(C)C13)O[C@@H]8OC[C@@H](O)[C@H](O)[C@H]8O)OC(O)C9(C)OC29,CHEMBL1455972,5.30,
C[C@@H]1Cc2ccccc2N1C(=O)CC3=NC(=CC(=O)N3)N4CCOCC4,CHEMBL3112867,4.40,
C[C@@H]1CCC[C@@H](N1S(=O)(=O)c2ccc(Cl)cc2)C3(CC3)OC(=O)N4CCN(CC4)C(C)(C)CO,CHEMBL249292,6.10,
C[C@@H]1CCC[C@H](C)N1CCNc2cn(Cc3ccc(F)cc3)nn2,CHEMBL3417071,,6.22
C[C@@H]1CCC2[C@](C)(CO)C(O)CC[C@@]2(C)[C@@]13CC[C@](CO)(CCO)O3,CHEMBL1329517,4.60,
C[C@@H]1CCCN1C(=O)c2ccc(cc2)c3ccc4C(=O)N(CCN5CCCC5)CCc4c3,CHEMBL2031876,,4.98
C[C@@H]1CCCN1CCc2ccc(cc2)c3ccc(cc3)S(=O)(=O)CCO,CHEMBL1934521,,5.11
C[C@@H]1CCCN1CCc2ccc(cc2)c3ccc(cc3)S(=O)(=O)N4CCC(O)C4,CHEMBL1823053,,5.16
C[C@@H]1CCCN1CCc2ccc(cc2)c3ccc(cc3)S(=O)(=O)NC4CCOCC4,CHEMBL559118,,4.89
C[C@@H]1CCCN1CCc2ccc3nc(ccc3c2)c4c(C)nc5ccccn45,CHEMBL1084385,,5.10
C[C@@H]1CCCN1CCc2ccc3nc(ccc3c2)c4c(O)ccnc4C(F)(F)F,CHEMBL1085783,,4.40
C[C@@H]1CCCN1CCc2ccc3nc(ccc3c2)c4ccc(C#N)s4,CHEMBL1086315,,5.70
C[C@@H]1CCCN1CCc2ccc3nc(ccc3c2)c4ccc(Cl)nc4,CHEMBL1083407,,5.44
C[C@@H]1CCCN1CCc2ccc3nc(ccc3c2)c4ccccn4,CHEMBL1082496,,4.75
C[C@@H]1CCCN1CCc2ccc3nc(ccc3c2)c4ccn[nH]4,CHEMBL1084581,,4.40
C[C@@H]1CCCN1CCc2ccc3nc(ccc3c2)c4cnc(s4)c5ccccc5,CHEMBL1086513,,5.87
C[C@@H]1CCCN1CCc2ccc3nc(ccc3c2)c4cnc5cc(C)nn5c4C,CHEMBL392573,,5.06
C[C@@H]1CCCN1CCc2ccc3nc(ccc3c2)c4cnc5OCOc5c4,CHEMBL1086074,,4.40
C[C@@H]1CCCN1CCc2ccc3nc(ccc3c2)c4cnccn4,CHEMBL1085964,,4.61
C[C@@H]1CCCN1CCc2ccc3nc(ccc3c2)c4cnn(c4C)c5cc(cc(C)n5)C(F)(F)F,CHEMBL1084877,,4.78
C[C@@H]1CCCN1CCc2ccc3nc(ccc3c2)c4csc(n4)c5cc(C)on5,CHEMBL1086073,,5.55
C[C@@H]1CCCN1CCc2ccc3nc(ccc3c2)c4csc(n4)c5ccc(OCC(F)(F)F)nc5,CHEMBL1084879,,5.82
C[C@@H]1CCCN1CCc2ccc3nc(ccc3c2)c4csc(n4)c5ccccc5,CHEMBL1084878,,5.80
C[C@@H]1CCCN1CCc2ccc3nc(ccc3c2)c4onc(c4C)c5ccc(Cl)cc5,CHEMBL1085641,,5.70
C[C@@H]1CCCN1CCc2ccc3nc(ccc3c2)c4sc5nc6ccccc6n5c4C,CHEMBL1085142,,5.76
C[C@@H]1CCCN1CCc2oc3ccc(cc3c2)c4ccc(cc4)C#N,CHEMBL351231,,5.80
C[C@@H]1CCCN1CCCOc2ccc(cc2)C3=CC(=O)NN=C3,CHEMBL1813065,,5.00
C[C@@H]1CN(C[C@H](C)[C@@]1(O)c2c(F)cccc2F)C(=O)[C@@H]3CN(C[C@H]3c4ccc(F)cc4F)C(C)(C)C,CHEMBL1092550,,8.30
C[C@@H]1CN(C[C@H](C)[C@@]1(O)c2ccccc2)C(=O)[C@@H]3CNC[C@H]3c4ccc(F)cc4F,CHEMBL1092209,,8.18
C[C@@H]1CN(C[C@H](C)[C@@]1(O)c2ccccc2)C(=O)[C@H]3CN(C[C@@H]3c4ccc(F)cc4F)c5ccccn5,CHEMBL1089103,,8.33
C[C@@H]1CN(C[C@H](C)O1)c2nc(N3CCOC[C@@H]3C)c4ccc(nc4n2)c5ccccc5,CHEMBL2336331,,5.40
C[C@@H]1CN(Cc2ccc(c(CN3CCOCC3)c2)c4cccc(Oc5ncc(F)cc5C(=O)N[C@@H]6CC[C@@H](CC6)NC(=O)c7nc(C)cs7)c4)C[C@H](C)N1,CHEMBL3288029,,4.70
C[C@@H]1CN(Cc2ccc(cc2)C(C)(C)C(=O)N3CCC(CC3)Nc4ccc(F)cc4)C[C@H](C)N1,CHEMBL489479,5.33,
C[C@@H]1CN(Cc2ccc(cc2)c3cccc(Oc4ncc(F)cc4C(=O)N[C@@H]5CC[C@@H](CC5)NC(=O)c6cc7ccccn7n6)c3)C[C@H](C)N1,CHEMBL3288010,6.40,
C[C@@H]1CN(Cc2ccc(cc2)c3ccccc3C(=O)N4CCC(CC4)C(=O)c5ccc(F)cc5)C[C@H](C)N1,CHEMBL480210,5.32,
C[C@@H]1CN(Cc2ccc(cc2)c3ccccc3CN(C)C(=O)COc4ccc(F)cc4)C[C@H](C)N1,CHEMBL464909,5.14,
C[C@@H]1CN(Cc2ccc(cc2)c3cccnc3C(=O)N4CCC(CC4)Nc5ccc(F)cc5)C[C@H](C)N1,CHEMBL473921,4.70,
C[C@@H]1CN(CCN1)c2nc(Nc3ccncn3)c4c(n2)c(C)nn4CCOCC(F)(F)F,CHEMBL1098752,,6.05
C[C@@H]1CN(CCN1C(=O)C23CC4CC(CC(C4)C2)C3)c5cccnc5C#N,CHEMBL2397347,5.16,
C[C@@H]1CN(CCN1c2ncc(OCc3ccc(C[S+](C)[O-])cc3F)cn2)c4onc(n4)C(F)(F)F,CHEMBL3358007,,4.55
C[C@@H]1CN(CCN1c2ncc(OCc3ccc(cc3F)C#N)cn2)c4oc(nn4)C(F)(F)F,CHEMBL3357999,,4.96
C[C@@H]1CN(CCN1c2ncc(OCc3ccc(cc3F)n4cnnn4)cn2)c5oc(nn5)C(F)(F)F,CHEMBL3358000,,5.24
C[C@@H]1CN(CCN1c2ncc(OCc3ccncc3C#N)cn2)c4noc(n4)C(F)(F)F,CHEMBL2086693,,5.12
C[C@@H]1CN(CCN1CCc2cccc3N(C)C(=O)COc23)c4cc(F)cc5nc(C)ccc45,CHEMBL513875,,5.50
C[C@@H]1CN(CCN1CCCc2cccc3N(C)C(=O)COc23)c4cc(F)cc5nc(C)ccc45,CHEMBL470217,,5.50
C[C@@H]1COC(=O)[C@H](C)NC(=O)C\C=C/[C@@H](C)[C@H](COC1=O)NS(=O)(=O)c2ccc(C)cc2,CHEMBL1521010,5.40,
C[C@@H]1COC(=O)N[C@@H](C)C(=O)C\C=C/[C@@H](C)[C@@H](COC(=O)C\C=C/1)NS(=O)(=O)c2ccc(C)cc2,CHEMBL1554070,5.50,
C[C@@H]1O[C@@H](C[C@H](O)[C@@H]1O)O[C@@H]2CC[C@@]3(C=O)[C@H]4CC[C@@]5(C)[C@H](CC[C@@]5(O)[C@@H]4CC[C@]3(O)C2)C6=CC(=O)OC6,CHEMBL1551151,4.80,
C[C@@H]1O[C@@H](O[C@@H]2[C@@H](O)[C@H](OCCc3ccc(O)c(O)c3)O[C@H](CO[C@@H]4O[C@H](CO)[C@@H](O)[C@H](O)[C@H]4O)[C@H]2OC(=O)\C=C\c5ccc(O)c(O)c5)[C@H](O)[C@H](O)[C@H]1O,CHEMBL510539,5.10,
C[C@@H]1O[C@@H](OC2=C(Oc3cc(O)cc(O)c3C2=O)c4ccc(O)cc4)[C@H](O)[C@H](OC(=O)C)[C@H]1OC(=O)C,CHEMBL240954,4.69,
C[C@@H]1O[C@@H](OC2=C(Oc3cc(O)cc(O)c3C2=O)c4ccc(O)cc4)[C@H](OC(=O)C)[C@H](O)[C@H]1O,CHEMBL469431,4.23,
C[C@@H]1O[C@@H](OC2=C(Oc3cc(O)cc(O)c3C2=O)c4ccc(O)cc4)[C@H](OC(=O)C)[C@H](O)[C@H]1OC(=O)C,CHEMBL471074,4.50,
C[C@@H]1O[C@@H]2C3=C(C1[C@H]4[C@H](C)OC=C5[C@H](O)[C@H]6O[C@H]6\C(=N/OCc7ccccc7)\[C@@]245)C(=O)[C@H]8O[C@@H]8[C@H]3O,CHEMBL1514182,5.40,
C[C@]1(C[C@H]1C2CCCCC2)C(NC(=O)c3cccs3)c4ccc(cc4)c5ccccc5,CHEMBL1370043,4.70,
C[C@]1(CCCN1c2nc(Nc3cc([nH]n3)C4CC4)c5cccn5n2)C(=O)Nc6ccc(F)nc6,CHEMBL575448,5.16,
C[C@]1(O)CC[C@H]2[C@@H]3CC[C@H]4CC(=O)\C(=C/O)\C[C@]4(C)[C@H]3CC[C@]12C,CHEMBL1200585,4.80,
C[C@]12[C@@H]3CC[C@H](O3)[C@]1(C)C(=O)OC2=O,CHEMBL1314862,5.10,
C[C@]12C[C@H](CC(C1)c3ccccc3)N(CCN4CCN(C4=O)c5cccc(Cl)c5)C2,CHEMBL551927,,7.20
C[C@]12CC[C@H](C1)C(C)(C)[C@@H]2OC(=O)c3ccccc3C(=O)O,CHEMBL1520907,5.40,
C[C@]12CC[C@H]3C(=CCc4cc(O)ccc34)[C@@H]1CC[C@@]2(O)C#C,CHEMBL1078384,4.80,
C[C@]12Cc3cn4c(nc3C=C1CC[C@H]5[C@@H]2CC[C@@]6(C)[C@H]5CC[C@@]6(O)C#N)nc7ccccc47,CHEMBL1320743,7.50,
C[C@]12Cc3cnoc3C=C1CC[C@H]4[C@H]2CC[C@]5(C)[C@H]4CC[C@@]5(O)C#C,CHEMBL1551576,5.30,
C[C@]12CCC(=O)C=C1CC[C@@H]3[C@@H]2CC[C@@]4(C)[C@H]3CC[C@]4(O)C(=O)CO,CHEMBL253144,7.60,
C[C@]12CCC(=O)C=C1CC[C@H]3[C@@H]4CC[C@](O)(C(=O)CO)[C@@]4(C)C[C@H](O)[C@H]23,CHEMBL389621,4.70,
C[C@]12CCC3C(CCc4cc(O)ccc34)C1CC[C@]2(O)C#C,CHEMBL1367486,4.60,
C[C@H]([C@@H]1C[C@@]1(C)[C@@H](N)c2ccccc2)C(=O)Nc3ccc4ccccc4c3,CHEMBL1453749,5.10,
C[C@H]([C@@H]1C[C@@]1(C)[C@@H](NC(=O)c2cc(C)on2)c3ccccc3)C(=O)Nc4ccc5ccccc5c4,CHEMBL1364377,5.50,
C[C@H]([C@@H]1C[C@@]1(C)[C@@H](NC(=O)c2ccccc2)c3ccccc3)C(=O)Nc4ccc5ccccc5c4,CHEMBL1417303,5.60,
C[C@H]([C@@H]1C[C@@]1(C)[C@@H](NC(=O)OCc2ccccc2)c3ccccc3)C(=O)NCc4cc(C)n(C)n4,CHEMBL1565342,5.60,
C[C@H]([C@@H]1C[C@@]1(C)[C@@H](NC(=O)OCc2ccccc2)c3ccccc3)C(=O)NCc4ccccc4,CHEMBL1437414,5.10,
C[C@H]([C@@H]1C[C@@]1(C)[C@@H](NC(=O)OCc2ccccc2)c3ccccc3)C(=O)NCc4nc5ccccc5[nH]4,CHEMBL1610944,6.00,
C[C@H]([C@@H]1C[C@@]1(C)[C@@H](NC(=O)OCc2ccccc2)c3ccccc3)C(=O)NCCc4c[nH]c5ccccc45,CHEMBL1328910,5.50,
C[C@H]([C@@H]1C[C@@]1(C)[C@@H](NC(=O)OCc2ccccc2)c3ccccc3)C(=O)O,CHEMBL1363413,4.80,
C[C@H]([C@H](N)C(=O)N1CC[C@H](F)C1)c2ccc(cc2)c3ccc(F)cc3,CHEMBL237336,,5.96
C[C@H]([C@H]1C[C@]1(C)[C@H](NC(=O)c2cc(C)nn2C)c3ccccc3)C(=O)Nc4ccc5ccccc5c4,CHEMBL1363234,6.10,
C[C@H]([C@H]1C[C@]1(C)[C@H](NC(=O)c2cc(C)on2)c3ccccc3)C(=O)Nc4ccc5ccccc5c4,CHEMBL1408013,5.10,
C[C@H]([C@H]1C[C@]1(C)[C@H](NC(=O)c2ccccc2)c3ccccc3)C(=O)Nc4ccc5ccccc5c4,CHEMBL1394640,5.00,
C[C@H]([C@H]1C[C@]1(C)[C@H](NC(=O)Oc2ccc(F)cc2)c3ccccc3)C(=O)Nc4ccc5ccccc5c4,CHEMBL1319785,6.10,
C[C@H]([C@H]1C[C@]1(C)[C@H](NC(=O)OCc2ccccc2)c3ccccc3)C(=O)NCc4cc(C)n(C)n4,CHEMBL1318571,5.80,
C[C@H]([C@H]1C[C@]1(C)[C@H](NC(=O)OCc2ccccc2)c3ccccc3)C(=O)NCc4ccccn4,CHEMBL1453137,5.30,
C[C@H](C1=C(CCN(C)C)Cc2cc(C)ccc12)c3cnccn3,CHEMBL1092663,,5.29
C[C@H](C1=C(CCN(C)C)Cc2cc(C)ccc12)c3nccs3,CHEMBL1090528,,6.21
C[C@H](C1=C(CCN(C)C)Cc2ccccc12)c3cnccn3,CHEMBL556506,,5.85
C[C@H](C1=C(CCN(C)Cc2ccccn2)Cc3ccccc13)c4cnccn4,CHEMBL1669424,5.32,
C[C@H](C1=C(CCN(C)Cc2cccs2)Cc3ccccc13)c4cnccn4,CHEMBL1669419,5.74,
C[C@H](C1=C(CCN(C)Cc2nccn2C)Cc3ccccc13)c4cnccn4,CHEMBL1669423,5.81,
C[C@H](C1=C(CCN(C)Cc2nccs2)Cc3ccccc13)c4cnccn4,CHEMBL1669420,5.55,
C[C@H](Cc1cc2CCN(CCCO)c2c(c1)C(=O)N)NCCOc3ccccc3OCC(F)(F)F,CHEMBL24778,,4.60
C[C@H](CNCCc1ccc2[nH]cnc2c1)c3c([nH]c4ccc(cc34)C(C)(C)C(=O)N5CC6CCC5CC6)c7cc(C)cc(C)c7,CHEMBL168538,7.00,
C[C@H](CO)CCC1=C(C)[C@H]2[C@@H](C[C@@H]3[C@H]4CC[C@H]5C[C@@H](O)CC[C@]5(C)[C@@H]4CC(=O)[C@@]23C)O1,CHEMBL1377877,5.40,
C[C@H](CO)NC(=O)[C@H](C)[C@H]1C[C@]1(C)[C@H](NC(=O)OCc2ccccc2)c3ccccc3,CHEMBL1567477,5.40,
C[C@H](CO)NC(=O)[C@H]1C[C@@H]1[C@H](NP(=O)(c2ccccc2)c3ccccc3)c4ccccc4,CHEMBL1367652,5.10,
C[C@H](N)Cc1c[nH]c2ccc(OCc3cccs3)cc12,CHEMBL1315945,4.80,
C[C@H](N)COc1c(C)cccc1C,CHEMBL146855,6.00,
C[C@H](N1C(=O)[C@H]2CC[C@H]3[C@H]([C@H](O)[C@H](O)C/C/3=N/OCCCC#C)[C@@H]2C1=O)c4ccccc4,CHEMBL1512379,5.40,
C[C@H](N1CC[C@@](CC(C)(C)O)(OC1=O)c2ccccc2)c3ccc(cc3)C4=CC(=O)N(CC(F)(F)F)C=C4,CHEMBL3664672,4.75,
C[C@H](N1CC[C@@](CC(C)(C)O)(OC1=O)c2ccccc2)c3ccc(cc3)C4=CC(=O)N(CCF)C=C4,CHEMBL3664707,4.48,
C[C@H](N1CC[C@@](CC(C)(C)O)(OC1=O)c2ccccc2)c3ccc(cc3)C4=CN(CC(F)(F)F)C(=O)C=C4,CHEMBL3664673,4.55,
C[C@H](N1CC[C@@](CCC(=O)N)(OC1=O)c2ccccc2)c3ccc(cc3)c4ccc(F)cc4,CHEMBL3645524,4.85,
C[C@H](N1CC[C@@](CCCN)(OC1=O)c2ccc(F)cc2)c3ccc(cc3)c4ccc(F)cc4F,CHEMBL1829779,5.70,
C[C@H](N1CC[C@@](CCCNC(=O)N)(OC1=O)c2ccc(F)cc2)c3ccc(cc3)c4ccc(F)cc4F,CHEMBL1829780,5.40,
C[C@H](N1CC[C@@](CCNS(=O)(=O)N)(OC1=O)c2ccc(F)cc2)c3ccc(cc3)c4ccc(F)cc4F,CHEMBL1829776,4.92,
C[C@H](N1CC[C@@](CCO)(OC1=O)c2ccc(F)cc2)c3ccc(OC(F)F)cc3,CHEMBL3645527,4.71,
C[C@H](N1Cc2cncn2C(C[C@@H](O)c3ccccc3)S1(=O)=O)c4ccc(Cl)cc4,CHEMBL1209695,6.05,
C[C@H](NC(=O)\C(=C\c1ccc(O)c(O)c1)\C#N)c2ccccc2,CHEMBL261557,5.50,
C[C@H](NC[C@H](O)CP(=O)(O)CC1CCCCC1)c2ccc(Cl)c(Cl)c2,CHEMBL1213187,4.50,
C[C@H](O\N=C(/C)\CCN1CCc2nc(c3ccccc3)c(cc2C1)c4ccccc4)c5onc(c5)c6c(C)cc(C)cc6C,CHEMBL1476084,5.40,
C[C@H](O\N=C(/C)\CCN1CCCCc2nc(C)c(C)cc12)c3cn(nn3)[C@H](CO)Cc4ccccc4,CHEMBL1535403,5.30,
C[C@H](ON=C(C)C)c1onc(c1)c2c(C)cc(C)cc2C,CHEMBL1409756,5.50,
C[C@H]1C[C@@H](Nc2ccccc2)c3cc(ccc3N1C(=O)C)c4ccc(CN5CCCCC5)cc4,CHEMBL3353992,5.00,
C[C@H]1C[C@H](C)C(=O)[C@@H](C1)[C@H](O)CC2CC(=O)NC(=O)C2,CHEMBL123292,4.80,
C[C@H]1C[C@H]2[C@H]3CC[C@@H](C(=O)C)[C@]3(C)C[C@@H](O)[C@@H]2[C@]4(C)CCC(=O)C=C14,CHEMBL1520025,5.10,
C[C@H]1CC[C@@]2(NC1)O[C@@H]3C[C@@H]4[C@@H]5CC=C6C[C@@H](O)CC[C@]6(C)[C@@H]5CC[C@]4(C)[C@H]3[C@@H]2C,CHEMBL1485302,5.50,
C[C@H]1CCC[C@H](O)CCCCCc2cc(O)cc(O)c2C(=O)O1,CHEMBL450613,5.40,
C[C@H]1CCCN1[C@H]2CCN(C2)c3ccc(NC(=O)C4CCOCC4)c(C)c3,CHEMBL2441636,,4.72
C[C@H]1CCCN1CCCOc2ccc(cc2)N3CCN(CC3=O)C(=O)c4cc(F)cc(F)c4.OC=O,CHEMBL392713,,4.90
C[C@H]1CN(CCN1)C(=O)[C@H](Cc2ccc(Cl)cc2Cl)NC(=O)C3(CC3)c4ccc(Cl)cc4Cl,CHEMBL2163837,6.40,
C[C@H]1CN(CCN1c2ncc(cc2F)C(F)(F)F)S(=O)(=O)C[C@]34CC[C@H](CC3=O)C4(C)C,CHEMBL480016,6.50,
C[C@H]1CN(CCN1c2nncc3cc(ccc23)c4c(C)ccc5c(NC6CC6)noc45)C(=O)C,CHEMBL495290,5.38,
C[C@H]1COC(=O)C\C=C/[C@@H](C)[C@H]2O[C@H](COC(=O)C\C=C/1)[C@@H](O)C=C2,CHEMBL1551021,5.30,
C[C@H]1N(CC2=NCCN2)Cc3ccccc13,CHEMBL1358659,4.50,
C[C@H]1N(CCn2c1nnc2c3csc(C)n3)C(=O)c4ccc(cc4)c5cccs5,CHEMBL3422010,4.30,4.62
C[C@H]1N(CCn2c1nnc2c3nc(C)cs3)C(=O)c4ccc(cc4)c5cccs5,CHEMBL3422016,4.96,4.77
C[C@H]1N(CCn2c1nnc2c3nc(C)ns3)C(=O)c4ccc(Cl)cc4,CHEMBL3608687,,4.18
C[C@H]1N(CCn2c1nnc2c3nc(C)ns3)C(=O)c4ccccc4,CHEMBL3608740,4.51,4.30
C[C@H]1SC(=N[C@]2(CO[C@H](C[C@@H]12)c3onc(C)c3)c4ccc(F)cc4F)N,CHEMBL3422242,,5.68
C[N+](C)(C)CCC(=O)c1cccc2ccccc12,CHEMBL1358898,6.70,
C[N+]1(C)[C@@H]2CC[C@H]1CC(C2)OC(=O)c3c[nH]c4ccccc34,CHEMBL1433396,5.10,
C[N+]1(C)CCO[C@](O)(C1)c2ccc(cc2)c3ccc(cc3)[C@]4(O)C[N+](C)(C)CCO4,CHEMBL1550935,6.90,
C[N+]1(CCc2ccccc2)CCC(CC1)C(=O)c3ccc(Cl)cc3,CHEMBL3590458,,7.32
C[n+]1c(cccc1C#Cc2ccc(cc2)c3ccc(Cl)cc3)C#Cc4ccc(cc4)c5ccc(Cl)cc5.[O-]S(=O)(=O)C(F)(F)F,CHEMBL3590501,,7.15
C[n+]1c(cccc1C#Cc2ccc(cc2)c3ccc(O)cc3)C#Cc4ccc(cc4)c5ccc(O)cc5.[O-]S(=O)(=O)C(F)(F)F,CHEMBL3590500,,6.82
C[n+]1c(cccc1C#Cc2ccccc2)C#Cc3ccccc3,CHEMBL2325210,,6.26
C[S+]([O-])c1ccc(cc1)c2cnc3ccc(nn23)c4cccc(c4)[S+](C)[O-],CHEMBL3355633,,4.92
C\C(=C/C(=O)c1ccc(Br)cc1)\NCc2ccc3OCOc3c2,CHEMBL3196775,5.60,
C\C(=C/C=C/C(=C/C(=O)Nc1ccc(O)cc1)/C)\C=C\C2=C(C)CCCC2(C)C,CHEMBL7301,4.80,
C\C(=C/CO)\C=C\C=C(/C)\C=C\C1=C(C)CCCC1(C)C,CHEMBL986,4.80,
C\C(=C/COc1c2C=CC(=O)Oc2cc3occc13)\CC[C@@H](O)C(C)(C)O,CHEMBL1079119,5.80,
C\C(=C/COc1c2C=CC(=O)Oc2cc3occc13)\CCC(OC(C)(C)C(O)CC\C(=C\COc4c5C=CC(=O)Oc5cc6occc46)\C)C(=C)C,CHEMBL1743356,6.51,
C\C(=C\C=O)\C=C\C=C(/C)\C=C\C1=C(C)CCCC1(C)C,CHEMBL1579130,4.50,
C\C(=N/N1CCN(CC1)C2c3ccccc3c4ccccc24)\c5ccncc5,CHEMBL3212521,6.00,
C\C(=N/NC(=O)c1ccc(Br)cc1)\c2ccccc2,CHEMBL3189672,4.80,
C\C(=N/NC(=O)c1ccc(Cl)cc1)\c2ccc(Br)s2,CHEMBL3213682,4.85,
C\C(=N/NC(=O)c1cccc(c1)S(=O)(=O)N2CCOCC2)\c3cc(Cl)ccc3O,CHEMBL3104250,5.58,
C\C(=N/NC(=O)c1ccccc1N)\CC(=O)Nc2cccc3CCCCc23,CHEMBL3198645,5.45,
C\C(=N/NC(=O)COc1ccc(cc1)[N+](=O)[O-])\C(C)(C)C,CHEMBL3214150,4.55,
C\C(=N/NC(=S)Nc1ccc(F)cc1)\C2CC2,CHEMBL1981379,4.85,
C\C(=N/OC[C@@H](O)COCc1occc1)\CCN2CCCCc3nc(C)c(C)cc23,CHEMBL1455203,5.40,
C\C(=N\NS(=O)(=O)c1ccc(C)cc1)\c2cccc(NC(=O)c3cccc(Cl)c3)c2,CHEMBL3198835,5.85,
C\C(=N\OC[C@@H](O)COCc1occc1)\CCC(=O)OC[C@@H]2O[C@@H](C=C[C@@H]2Oc3ccc(C)cc3)C#Cc4ccccc4,CHEMBL1493851,5.50,
C\C\1=C/CC(C)(C)\C=C\C(=O)\C(=C\[C@H](O)C1)\C,CHEMBL469850,4.45,
C\C=C(/C)\C(=O)OC1C(OC(=O)C)C(C)(C)Oc2ccc3C=CC(=O)Oc3c12,CHEMBL1376728,4.60,
C\C=C(\C)/C(=O)OC1Cc2c(OC1(C)C)ccc3C=CC(=O)Oc23,CHEMBL1321343,4.80,
C\C=C\c1cc(cc(COCC2(CCN(C)CC2)c3ccc(F)cc3)n1)C(F)(F)F,CHEMBL2333635,,4.89
C\N=C(\NCCSCc1csc(N=C(N)N)n1)/NC#N,CHEMBL269646,4.80,
C=CC(=O)OCCCCCCOC(=O)C=C,CHEMBL1530684,4.60,
C=CCc1ccc2OCOc2c1,CHEMBL242273,5.50,
C=CCN1C(=O)N(CC=C)C(=O)N(CC=C)C1=O,CHEMBL1327450,5.00,
C=CCN1C=Nc2scc(c3ccccc3)c2C1=O,CHEMBL1405151,5.35,
C=CCNC(=O)c1csc(n1)c2ccccc2,CHEMBL1349528,4.55,
C=CCOC(=O)\C(=C/c1cccc2ccccc12)\NC(=O)c3ccccc3,CHEMBL1584188,6.70,
C=CCSc1nc(Oc2ccccc2)c3sccc3n1,CHEMBL1505390,5.00,
C=CCSSCC=C,CHEMBL366603,4.60,
C=CCSSSCC=C,CHEMBL123040,4.40,
C1CC(CCN1)C2N[C@H](Cc3c2[nH]c4ccccc34)c5nc(c[nH]5)c6ccccc6,CHEMBL2069509,,5.29
c1cc(ccn1)c2sc(c3ccncc3)c(c4ccncc4)c2c5ccncc5,CHEMBL472994,6.50,
C1CC(CCN1)Nc2ncnc3ccc(cc23)c4ccc5OCOc5c4,CHEMBL1438748,4.60,
C1CC(CCN1)Nc2ncnc3ccc(cc23)c4cccnc4,CHEMBL1494452,4.90,
C1CC(CCO1)[C@@H]2N[C@H](Cc3c2[nH]c4ccccc34)c5nc(c[nH]5)c6ccccc6,CHEMBL2069503,,6.14
C1CC(CCO1)[C@H]2N[C@H](Cc3c2[nH]c4ccccc34)c5nc(c[nH]5)c6ccc(cc6)c7ccccc7,CHEMBL3775414,,7.77
C1CC(CCO1)[C@H]2N[C@H](Cc3c2[nH]c4ccccc34)c5nc(c[nH]5)c6ccccc6,CHEMBL2069502,,6.42
C1CC(CCO1)[C@H]2N[C@H](Cc3c2[nH]c4ccccc34)c5nc(c[nH]5)c6ccccn6,CHEMBL3775418,,5.40
C1CC2(CCN1)CCN(CC2)c3ncccn3,CHEMBL1609440,4.70,
C1CC2(CCN1)CN(C2)c3ccc(cc3)c4ccccc4,CHEMBL1397914,4.60,
C1Cc2c([nH]c3ccccc23)[C@H](N1)c4ccccc4,CHEMBL1355855,5.50,
C1CCC(C1)n2c3cnccc3c4cnc(Nc5ccc(cn5)N6CCNCC6)nc24,CHEMBL3237442,6.26,
C1CCC(CC1)c2c[nH]c(n2)C3Cc4c([nH]c5ccccc45)C(N3)C6CCOCC6,CHEMBL3775580,,6.87
c1ccc(cc1)c2c3ccccc3[nH]c4nc5ccccc5c24,CHEMBL1489353,5.00,
C1CCC(CC1)C2N[C@H](Cc3c2[nH]c4ccccc34)c5nc(c[nH]5)c6ccncc6,CHEMBL3582314,,7.05
C1CCC2(CC1)Cc3ccccc3c4nnc(c5cccnc5)n24,CHEMBL1598771,6.00,
c1ccc2[nH]c(nc2c1)c3cscn3,CHEMBL625,4.40,
c1ccc2c(c1)ccc3ncccc23,CHEMBL1565107,4.50,
C1CCCC(CC1)N2CNC(=NC2)Nc3nc4ccccc4s3,CHEMBL1417581,5.10,
C1CCN(C1)[C@H]([C@@H](N2CCCC2)c3ccccc3)c4ccccc4,CHEMBL2152524,4.90,4.50
C1CCN(CC1)C2(CCCCC2)c3cc4ccccc4s3,CHEMBL279556,4.60,
C1CCN(CC1)C2CCN(CC2)c3nc4cnc(cc4s3)c5cncnc5,CHEMBL575234,,5.19
C1CN(CC2(C1)CCNCC2)c3ccncc3,CHEMBL1437088,4.90,
C1CN(CCN1)c2nc(nc3ccccc23)c4cccnc4,CHEMBL1590818,4.50,
C1CN(CCN1)c2ncnc3ccc(cc23)c4cccnc4,CHEMBL1590132,4.90,
C1CN(CCO1)c2nc(nc3ccccc23)c4cocc4,CHEMBL1475428,5.20,
C1CN=C(NC(C2CC2)C3CC3)O1,CHEMBL289480,4.80,
C1CN2CCC1[C@@]3(C2)Cc4cc(cnc4O3)c5cocc5,CHEMBL2151438,,5.80
C1CNC[C@@]2(C1)CCN(C2)C(c3ccccc3)c4ccccc4,CHEMBL1490998,5.10,
C1CNC[C@@]2(C1)CCN(C2)c3ccccn3,CHEMBL1517885,4.80,
c1cncc(c1)c2cc(ncn2)n3ccnc3,CHEMBL1356808,5.80,
c1cncc(c1)c2cccnc2,CHEMBL179763,4.19,
C1Oc2ccc(cc2O1)[C@@H]3OC[C@@H]4[C@H]3CO[C@@H]4c5ccc6OCOc6c5,CHEMBL1572261,6.10,
C1Oc2ccc(cc2O1)C(Sc3ccccc3)Sc4ccccc4,CHEMBL1602926,5.60,
C1Oc2ccc(cc2O1)c3cc(ncn3)n4ccnc4,CHEMBL1554579,6.30,
C1Oc2ccc(cc2O1)c3nc(Nc4ccccc4)c5ccccc5n3,CHEMBL1396384,5.30,
C1Oc2ccc(cc2O1)c3nccc(n3)n4ccnc4,CHEMBL1355408,6.20,
C1Oc2ccc(cc2O1)C3OCC4[C@@H]3COC4c5ccc6OCOc6c5,CHEMBL1591714,7.10,
CC#CC(CC(=O)O)c1ccc(Oc2ccc(cc2OC(F)F)C(F)(F)F)cc1F,CHEMBL1777855,,4.60
CC#Cc1cc(cs1)c2n[nH]c3c2Cc4cc(CN5CCN(C)CC5)ccc34,CHEMBL223943,,5.85
CC#Cc1cncc(c1)c2cc(ccc2O)C3(N=C(C)C(=N3)N)C4CC4,CHEMBL2180014,,4.61
CC#Cc1cncc(c1)c2ccc3OCC4(COC4)C5(CSC(=N5)N)c3c2,CHEMBL3703268,,5.22
CC#CCN1C(=O)N(Cc2cc(Cl)c3ccccc3n2)C(=O)C=C1N4CCC[C@@H](N)C4,CHEMBL2425895,4.85,
CC#CCN1C(=O)N(Cc2ccc3ccc(F)cc3n2)C(=O)C=C1N4CCC[C@@H](N)C4,CHEMBL2425894,4.26,
CC#CCn1c(N2CCCNCC2)c(C#N)c3N(C)C(=O)N(Cc4ncc5ccccc5c4C#N)C(=O)c13,CHEMBL1951416,,4.92
CC#CCOC(=O)c1c(C)nc2sc3C[C@H](O)CCc3c2c1N,CHEMBL1318470,5.50,
CC([C@H](N)C(=C1CCCC1)F)c2onc(n2)c3ccc(cc3Cl)S(=O)(=O)C.OC(=O)C(F)(F)F,CHEMBL257023,,4.72
CC(=C(c1ccncc1)c2ccc(cc2)c3ccc(O)c(O)c3)C,CHEMBL1172847,6.33,
CC(=C(c1ccncc1)c2ccc(cc2)c3cccc(N)c3)C,CHEMBL1173326,5.88,
CC(=C)c1oc2cc(O)c(cc2c1)C(=O)C,CHEMBL503938,4.50,
CC(=C)CN1CC[C@@]23[C@H]4Oc5c(O)ccc(C[C@H]1[C@@]2(O)Cc6c4[nH]c7ccccc67)c35,CHEMBL1524541,4.50,
CC(=C[C@@H](NP(=O)(c1ccccc1)c2ccccc2)c3ccccc3)CO[Si](c4ccccc4)(c5ccccc5)C(C)(C)C,CHEMBL1397279,5.70,
CC(=C1[C@H]2C(=C(C1=O)c3ccccc3)CN4C(=O)N(CCc5ccccc5)C(=O)[C@]24Cc6ccc(cc6)C(F)(F)F)C,CHEMBL1433726,5.00,
CC(=C1[C@H]2C(=C(C1=O)c3ccccc3)CN4C(=O)N(CCc5ccccc5)C(=O)[C@]24Cc6ccccc6)C,CHEMBL1331112,5.30,
CC(=CCC[C@@](C)(OC(=O)C)C1CCC(=CC1)C)C,CHEMBL1591425,4.50,
CC(=CCC[C@](C)(O)C1CCC(=CC1)C)C,CHEMBL1561544,4.40,
CC(=CCC\C(=C\CC\C(=C\CSc1ccccc1C(=O)O)\C)\C)C,CHEMBL23293,4.50,
CC(=CCC\C(=C\CO\N=C/1\C[C@@H](O)[C@@H](O)[C@H]2[C@@H]1CC[C@H]3[C@H]2C(=O)N(C[C@@H]4CCCO4)C3=O)\C)C,CHEMBL1513870,5.30,
CC(=CCC\C(=C\CO\N=C/1\C[C@@H](O)[C@@H](O)[C@H]2[C@@H]1CC[C@H]3[C@H]2C(=O)N(Cc4ccccc4)C3=O)\C)C,CHEMBL1435210,5.50,
CC(=CCC\C(=C\CO\N=C/1\C[C@@H](O)[C@@H](O)[C@H]2[C@H]1CC[C@H]3[C@H]2C(=O)N(Cc4ccc5OCOc5c4)C3=O)\C)C,CHEMBL1336443,5.80,
CC(=CCc1cc(C(=O)C)c(O)cc1O)C,CHEMBL1487159,5.85,
CC(=CCCC1(C)Oc2c(CC=C(C)C)c3O[C@]45C6CC(C=C4C(=O)c3c(OC(=O)C)c2C=C1)C(=O)C5(C\C=C(/C)\C(=O)O)OC6(C)C)C,CHEMBL1323290,4.90,
CC(=CCOc1c2OC(=O)C=Cc2cc3ccoc13)C,CHEMBL453805,5.30,
CC(=N)\C(=C(\O)/COc1ncnc2ccc(Br)cc12)\C#N,CHEMBL3213457,4.75,
CC(=N)N1CCC(CC1)Oc2ccc(cc2)N(Cc3ccc4ccc(cc4c3)C(=N)N)S(=O)(=O)C,CHEMBL152069,,5.41
CC(=O)[C@]12CCC(C)(C)C[C@H]1[C@H]3C(=O)C=C4[C@@]5(C)C=C(C#N)C(=O)C(C)(C)[C@@H]5CC[C@@]4(C)[C@]3(C)CC2,CHEMBL3582243,5.32,
CC(=O)[C@H]1CC[C@H]2[C@@H]3CCC4=CC(=O)CC[C@]4(C)[C@H]3CC[C@]12C,CHEMBL103,5.40,
CC(=O)\C(=C/c1ccccc1F)\C(=O)c2ccccc2,CHEMBL1565333,5.50,
CC(=O)C1=C(C)N(CC=C)C(=S)N=C1N2CCN(CC2)c3ccccc3,CHEMBL1414317,4.60,
CC(=O)C1=NN2[C@@H](COc3ccc(F)cc23)[C@@]1(CCCN)c4ccccc4,CHEMBL250127,,6.03
CC(=O)C1=NN2[C@@H](COc3ccc(F)cc23)[C@@]1(CCCN4CCNC(=O)CC4)c5ccccc5,CHEMBL438876,,4.77
CC(=O)C1=NN2[C@@H](COc3ccc(F)cc23)[C@@]1(CCCN4CCOCC4)c5ccccc5,CHEMBL398478,,5.22
CC(=O)C1=NN2[C@@H](COc3ccc(F)cc23)[C@@]1(CCCO)c4ccccc4,CHEMBL250743,,4.75
CC(=O)C1=NOC(CNC(=O)c2c(C)onc2c3ccccc3Cl)C1,CHEMBL1588323,4.80,
CC(=O)C1C(=O)C=C2Oc3c(C(=O)C)c(O)c(C)c(O)c3[C@@]2(C)C1=O,CHEMBL1450004,4.90,
CC(=O)c1c(C)[nH]c(C(=O)COc2ccc(cc2)C#N)c1C,CHEMBL1454402,5.50,
CC(=O)c1cc(C)ccc1OC(=O)CCN2C(=O)C3C(C4c5ccccc5C3c6ccccc46)C2=O,CHEMBL1405758,4.50,
CC(=O)C1CC[C@H]2C3CC[C@@H]4CC(O)CC[C@@]4(C)C3CC[C@]12C,CHEMBL1475298,5.60,
CC(=O)c1cc2C=CC(C)(C)Oc2cc1O,CHEMBL443462,4.50,
CC(=O)c1ccc(OC2C(O)COC2\C=C\c3ccc(Cl)cc3)cc1,CHEMBL1331583,5.40,
CC(=O)c1ccc(s1)c2cccnc2,CHEMBL362702,4.57,
CC(=O)C1CCC2C3CCC4=CC(=O)CC[C@@]4(C)C3CC[C@]12C,CHEMBL1489845,6.10,
CC(=O)c1cccc(c1)c2cccc(c2)N3C=C(C(=O)Nc4nccc(Cl)c4Cl)C(=O)c5cccnc35,CHEMBL514564,,6.13
CC(=O)c1cccc(NC(=O)c2csc(n2)n3nc(C)cc3C(F)(F)F)c1,CHEMBL1519173,5.00,
CC(=O)c1cccc(NC(=O)CCC2CCCC2)c1,CHEMBL1428398,4.55,
CC(=O)c1cccc(NC(=O)N[C@@H]2CCCC[C@H]2CN3CCC[C@@H](Cc4ccc(F)cc4)C3)c1,CHEMBL250689,,6.40
CC(=O)c1cn(CC(=O)Nc2c(C)cccc2C)c3ccccc13,CHEMBL1451899,4.95,
CC(=O)CC(=O)[C@@]1(O)CC[C@@H]2[C@@H]3C=C(C)C4=CC(=O)CC[C@@H]4[C@H]3CC[C@@]12C,CHEMBL1396546,5.60,
CC(=O)CCNCCCC(=O)Nc1ccc(cc1)c2cn(C)c3c(CN4C[C@@H]5N(N(CC=C)CC(=O)N5[C@@H](Cc6ccc(O)cc6)C4=O)C(=O)NCc7ccccc7)cccc23,CHEMBL3640015,5.56,
CC(=O)N(Cc1ccc2ccccc2c1)[C@@H]3CCNC3,CHEMBL577497,,5.10
CC(=O)N[C@@H](CCN1[C@@H]2CC[C@H]1C[C@H](C2)n3c(C)nc4ccccc34)c5ccccc5,CHEMBL1649913,,5.82
CC(=O)N[C@@H]1CC(C)(C)Oc2nc(c(cc12)c3ccc(Cl)cc3)c4ccc(Cl)cc4Cl,CHEMBL1095990,,6.27
CC(=O)N[C@H]1CC(C)(C)Oc2nc(c(cc12)c3ccc(Cl)cc3)c4ccc(Cl)cc4Cl,CHEMBL1098847,,5.58
CC(=O)N1[C@H](Cc2ccccc2)C=C[C@]1(C)C(=O)NCCN3CCOCC3,CHEMBL1567150,4.80,
CC(=O)N1C2(CCCCC2)C=CC1(C)C(=O)NCCN3CCOCC3,CHEMBL1521527,5.00,
CC(=O)N1CC=CC1(C)C(=O)O,CHEMBL1369882,4.70,
CC(=O)N1CCC(CC1)C(=O)N2C[C@H]([C@@H](C2)c3ccc(F)cc3C)c4onc(n4)C(C)(C)c5cc(cc(c5)C(F)(F)F)C(F)(F)F,CHEMBL392464,4.55,
CC(=O)N1CCC(CC1)C2N[C@H](Cc3c2[nH]c4ccccc34)c5nc(c[nH]5)c6ccccc6,CHEMBL2069510,,5.01
CC(=O)N1CCC(CC1)n2cc(Nc3ncc(Cl)c(n3)c4cnc5ccccn45)c(C)n2,CHEMBL3823278,,5.28
CC(=O)N1CCC(CC1)n2nc(C)c(Nc3ncc(Cl)c(n3)c4cnn5ccccc45)c2C,CHEMBL3823914,,4.64
CC(=O)N1CCC[C@@]2(CCN(Cc3ccc(cc3)C#N)C2)C1,CHEMBL1366737,4.80,
CC(=O)N1CCC[C@@]2(CCN(Cc3nccs3)C2)C1,CHEMBL1493476,4.50,
CC(=O)N1CCC2(CCCN(C2)c3ccc(cn3)C(=O)Nc4cc(ccc4N)c5cccs5)C1,CHEMBL471399,,5.42
CC(=O)N1CCC2(CCCN(Cc3cc(cc(c3)C(F)(F)F)C(F)(F)F)C2)CC1,CHEMBL1453980,4.80,
CC(=O)N1CCC2(CCCN(Cc3nccs3)C2)CC1,CHEMBL1525767,4.40,
CC(=O)N1CCN(CC1)c2ccc(OC[C@H]3CO[C@@](Cn4ccnc4)(O3)c5ccc(Cl)cc5Cl)cc2,CHEMBL75,7.31,
CC(=O)N1CCN(CC1)c2cnc3cc(cc(NCc4cccc(c4)[N+](=O)[O-])c3c2)C(F)(F)F,CHEMBL1766529,,6.34
CC(=O)N1CCN(Cc2ccc3C[C@H](CCc3c2)N4CCN(CCc5ccc(F)cc5)CC4=O)CC1,CHEMBL386717,,4.60
CC(=O)N1CCN(CCC[C@]2([C@@H]3COc4ccc(F)cc4N3N=C2C(=O)C)c5ccccc5)CC1,CHEMBL250125,,5.00
CC(=O)N1CCN2CCN(CC2C1)C(=O)c3cn(C)c4c(CN5C[C@@H]6N(N(CC=C)CC(=O)N6[C@@H](Cc7ccc(O)cc7)C5=O)C(=O)NCc8ccccc8)cccc34,CHEMBL3702709,4.82,
CC(=O)N1N=C(OC1c2ccccc2Cl)c3cccc(c3)[N+](=O)[O-],CHEMBL1360327,4.40,
CC(=O)NC[C@@H]1OC(=O)N2[C@H]1COc3cc(ccc23)c4ccc(nc4)C#N,CHEMBL1915619,,5.56
CC(=O)NC1C(OCCOc2ccc(Cl)cc2Cl)OC(COC(=O)C)C(OC(=O)C)C1OC(=O)C,CHEMBL1439936,4.85,
CC(=O)Nc1cc(Nc2cc(NC3CCC3)n4ncc(C#N)c4n2)c(F)cc1C,CHEMBL2409182,,4.80
CC(=O)NC1CC2CCC(C1)N2CCc3ccc(Oc4nc5ncccc5s4)cc3,CHEMBL2207747,,5.08
CC(=O)Nc1ccc(CN2CCC(CC2)NC(=O)C3=CC(=O)c4ccc(F)cc4O3)cc1,CHEMBL216680,,4.32
CC(=O)Nc1ccc(NC(=O)CSc2nnc(c3ccccc3)n2Cc4ccc5OCOc5c4)cc1,CHEMBL1719582,5.45,
CC(=O)Nc1ccc(OCC(O)Cn2c3ccccc3c4ccccc24)c(C)c1,CHEMBL1404209,5.40,
CC(=O)Nc1ccc(OCC(O)Cn2cnc3ccccc23)cc1,CHEMBL1742034,4.85,
CC(=O)NC1CCc2cc(CCN3CCN(CC3)c4nsc5ccccc45)ccc12,CHEMBL252030,,5.66
CC(=O)NC1CCc2ccc(CCN3CCN(CC3)c4nsc5ccccc45)cc12,CHEMBL252818,,6.05
CC(=O)Nc1ccc2CCC(N3CCC(CC3)NC(=O)C4=CC(=O)c5ccc(F)cc5O4)c2c1,CHEMBL215661,,4.46
CC(=O)Nc1ccc2ccn(c3cc(NC4CC4)n5ncc(C#N)c5n3)c2c1,CHEMBL2062563,,5.07
CC(=O)Nc1cccc(c1)c2ccc(cc2)C(O)(C3CC3)c4c[nH]cn4,CHEMBL1766185,5.26,
CC(=O)Nc1cccc(c1)C2CCN(Cc3ccc(cc3)C(=O)c4nc(C)c(C)n4c5ccc(F)cc5)CC2,CHEMBL3219276,,5.77
CC(=O)Nc1cccc(c1)C2CCN(Cc3ccc(cc3)C(=O)c4nc5ccccc5n4c6ccc(Cl)cc6)CC2,CHEMBL3219001,,5.77
CC(=O)Nc1cccc(c1)N2CCN(CCCCNS(=O)(=O)c3ccc(C)cc3)CC2,CHEMBL210537,,6.52
CC(=O)Nc1cccc(CN2CCC(CC2)NC(=O)C3=CC(=O)c4ccc(F)cc4O3)c1,CHEMBL269352,,4.22
CC(=O)Nc1nc2ccc(Br)cc2s1,CHEMBL1538954,4.50,
CC(=O)NCCc1c(Cc2ccccc2)[nH]c3ccccc13,CHEMBL286615,5.10,
CC(=O)NCCc1cc(F)ccc1c2onc([C@H]3CNCC[C@]3(O)c4ccc(F)c(F)c4)c2Br,CHEMBL2017104,4.35,4.64
CC(=O)NCCc1ccccc1c2ccc([C@H]3CNCC[C@@]34OC(=O)c5cc(F)c(F)cc45)c(C)c2,CHEMBL1957796,,4.89
CC(=O)NCCc1ccccc1c2noc([C@H]3CNCC[C@]3(O)c4ccc(F)c(F)c4)c2Br,CHEMBL2017101,4.35,4.98
CC(=O)NCCc1ccccc1c2onc([C@H]3CNCC[C@@H]3c4ccc(F)c(F)c4)c2Br,CHEMBL2017109,4.89,4.71
CC(=O)NCCc1ccccc1c2onc([C@H]3CNCC[C@]3(O)c4ccc(F)c(F)c4)c2Br,CHEMBL2017102,4.48,4.97
CC(=O)NCCNc1nc(nc2ccccc12)c3ccc4OCOc4c3,CHEMBL1438674,5.40,
CC(=O)NCCNc1nc(nc2ccccc12)c3cccc(c3)C#N,CHEMBL1512833,4.80,
CC(=O)NCCNc1ncnc2ccc(cc12)c3ccccc3C,CHEMBL1475079,4.90,
CC(=O)NNc1ccccc1,CHEMBL30131,4.50,
CC(=O)O[C@@]1(CC[C@@H]2[C@@H]3C=C(C)C4=CC(=O)CC[C@@]4(C)[C@H]3CC[C@@]12C)C(=O)C,CHEMBL1438440,5.50,
CC(=O)O[C@]1(CCC2C3C=C(Cl)C4=CC(=O)CC[C@]4(C)C3CC[C@@]12C)C(=O)C,CHEMBL1610811,5.50,
CC(=O)O[C@]1(CCC2C3CCC4=CC(=O)CCC4C3CC[C@@]12C)C#C,CHEMBL1314826,4.40,
CC(=O)O[C@H]1CC[C@@]2(C)[C@@H](CC[C@@H]3[C@H]4C[C@H]([C@@H](C(=O)C)[C@]4(C)C(=O)C[C@@H]23)N5CC5)C1,CHEMBL1528540,5.40,
CC(=O)OC[C@@]1(O)C[C@]23CCC4c5ccoc5CC[C@@]4(C)C2CCC1C3,CHEMBL1323411,4.50,
CC(=O)OC[C@@H]1O[C@H](CCO\N=C(/C)\CCN2CCc3nc(c4ccccc4)c(cc3C2)c5ccccc5)C=C[C@@H]1OC(=O)C,CHEMBL1512307,5.40,
CC(=O)OC[C@H]1O[C@@H](O\N=C(/C)\CCN2CCCc3nc(C)c(C)cc23)[C@H](OC(=O)C)[C@@H](OC(=O)C)[C@H]1OC(=O)C,CHEMBL1402495,5.40,
CC(=O)OC1C(O)C2C(C)(C)CCC(O)[C@]2(C)[C@]3(O)C(=O)C[C@](C)(O[C@]13C)C=C,CHEMBL1414148,4.60,
CC(=O)OC1CC(=C)C(CC[C@@](C)(O)C=C)C2(C)CCCC(C)(C)C12,CHEMBL1317016,5.60,
CC(=O)OC1CC(O)C(C)(C)C2CC(OC(=O)C)[C@]3(C)C(CC[C@@]4(C)C(OC(=O)C5OC345)c6cocc6)[C@]12C,CHEMBL1447318,5.60,
CC(=O)Oc1cc(OC(=O)C)c2C(=O)C=C(Oc2c1)c3ccc(OC(=O)C)c(OC(=O)C)c3,CHEMBL88961,6.10,
CC(=O)OC1CC[C@]2(C)[C@@H](CCC3C4CC=C(C(=O)C)[C@@]4(C)C(=O)CC23)C1,CHEMBL1362965,5.30,
CC(=O)OC1CC2C(C)(C)C(=O)CC[C@]2(C)C3CC[C@@]4(C)C(OC(=O)C5OC45[C@]13C)c6cocc6,CHEMBL1355349,5.40,
CC(=O)OC1CC2C(C)(C)C(O)CC[C@@]2(C)C3CC[C@@]4(C)C(OC(=O)C5O[C@]45[C@]13C)c6cocc6,CHEMBL1598624,5.60,
CC(=O)OC1CC2C(C)(C)C=CC(=O)[C@@]2(C)C3CC[C@@]4(C)C(OC(=O)C5OC45[C@]13C)c6cocc6,CHEMBL1598111,4.80,
CC(=O)Oc1cc2c(CC=C3[C@@]2(C)CC[C@@]4(C)C5C[C@@](C)(CC[C@@]5(C)CC[C@@]34C)C(=O)O)c(C)c1OC(=O)C,CHEMBL1318220,4.50,
CC(=O)OC1CCC2(C)C3CCC4(C)C(C[C@@H]5O[C@@]45C(=O)C)C3CC=C2C1,CHEMBL1403464,5.40,
CC(=O)OC1CCC23CC1(C)CCC2C(C)(C)CC3OC(=O)C,CHEMBL1526987,4.80,
CC(=O)OCC(=O)[C@@]1(O)CCC2C3CC[C@H]4CC(O)CC[C@@]4(C)C3C(=O)C[C@@]12C,CHEMBL1355125,4.90,
CC(=O)OCC(O)\C=C\CCCCCCCCCCCC=C,CHEMBL1397050,4.40,
CC(=O)OCC1OC(C=CC1OC(=O)C)C#CCCCc2ccccc2,CHEMBL1563840,5.40,
CC(=O)OCC1OC(Oc2cc(OC(=O)C)c3C(=O)C=C(Oc3c2)c4ccc(OC(=O)C)c(OC(=O)C)c4)C(OC(=O)C)C(OC(=O)C)C1OC(=O)C,CHEMBL1517581,5.40,
CC(=O)OCC1OC(Oc2cc(OC(=O)C)c3C(=O)C=C(Oc3c2)c4ccc(OC(=O)C)cc4)[C@@H](OC(=O)C)C(OC(=O)C)C1OC(=O)C,CHEMBL1356069,5.00,
CC(=O)OCCCN1c2ccccc2Nc3nnc(cc13)c4ccccc4,CHEMBL1524866,4.90,
CC(=O)OCCNC(=O)c1cccnc1,CHEMBL1358019,4.70,
CC(=O)SC[C@@H](Cc1ccccc1)C(=O)NCC(=O)OCc2ccccc2,CHEMBL1516410,5.10,
CC(=O)SCc1oc(cc1)c2cccnc2,CHEMBL386124,5.82,
CC(C(=O)N[C@@]1(CC[C@@H](CC1)N2CCC(C)CC2)c3ccccc3)c4cc(cc(c4)C(F)(F)F)C(F)(F)F,CHEMBL3085128,,6.34
CC(C(=O)N[C@@]1(CC[C@@H](CC1)N2CCC(CC2)C3CCOC3(C)C)c4ccccc4)c5cc(cc(c5)C(F)(F)F)C(F)(F)F,CHEMBL3085131,,5.66
CC(C(=O)N1CCN(CCc2ccc3C(=O)OCc3c2C)CC1)c4ccc(nc4C)n5cnnn5,CHEMBL3794533,,5.47
CC(C(=O)NC1(CCC(CC1)N2CCC(CC2)C3CCOC3=O)c4ccccc4)c5cc(cc(c5)C(F)(F)F)C(F)(F)F,CHEMBL3085133,,6.31
CC(C(=O)NC1(CCC(CC1)N2CCC(O)(Cc3ccccc3)CC2)c4ccccc4)c5cc(cc(c5)C(F)(F)F)C(F)(F)F,CHEMBL3085130,,6.59
CC(C(=O)NC1(CCC(CC1)N2CCC3(CC2)CCC(C)(C)O3)c4ccccc4)c5cc(cc(c5)C(F)(F)F)C(F)(F)F,CHEMBL3085132,,6.02
CC(C(=O)NC1(CCC(CC1)N2CCC3(CCOC3)CC2)c4ccccc4)c5cc(cc(c5)C(F)(F)F)C(F)(F)F,CHEMBL3085127,,6.15
CC(C(=O)Nc1ccccc1C)c2cccc(c2)C(=O)c3ccccc3,CHEMBL1458143,5.10,
CC(C(=O)O)c1cccc(c1)C(=O)c2ccccc2,CHEMBL571,4.40,
CC(C(c1ccc2cc(OCC(C)(C)C(=O)N(C)C)ccc2c1)n3ccnc3)N(C)C,CHEMBL367357,5.69,
CC(C(c1ccc2cc(OCc3ccc(OC(C)(C)C)cc3)ccc2c1)n4ccnc4)N(C)C,CHEMBL181385,6.24,
CC(C(c1ccc2cc(OCc3cccc(c3)C(=O)O)ccc2c1)n4ccnc4)N(C)C,CHEMBL426789,5.42,
CC(C(O)c1ccc2NC(=O)CCc2c1)N3CCC(O)(CC3)c4ccc5CCOCc5c4,CHEMBL246817,,4.80
CC(C(O)c1ccc2NC(=O)N(C)Cc2c1)N3CCC(O)(CC3)c4ccc(F)cc4,CHEMBL246816,,5.51
CC(C(O)c1ccc2NC(=O)NCc2c1)N3CCC(O)(CC3)c4ccc(F)cc4,CHEMBL246815,,5.13
CC(C)(C(=O)O)c1ccc(cc1)C(O)CCCN2CCC(CC2)C(O)(c3ccccc3)c4ccccc4,CHEMBL914,,4.19
CC(C)(C(=O)O)c1ccc(CN2CCC(COC(=O)c3c4OCCCn4c5ccccc35)CC2)cc1,CHEMBL2391994,,4.16
CC(C)(C)[C@@H](O)C(=O)N1C[C@@H]2C[C@@H]2[C@H]1C(=O)NCc3cc(Cl)ccc3n4cnnn4,CHEMBL3785476,4.33,
CC(C)(C)[Si](C)(C)c1c2CN3C(=O)C=CC=C3c2nc4ccc(OCc5ccccc5)cc14,CHEMBL1453240,4.80,
CC(C)(C)[Si](OCC[C@@H]1C[C@@]1(C)[C@@H](NP(=O)(c2ccccc2)c3ccccc3)c4ccccc4)(c5ccccc5)c6ccccc6,CHEMBL1337995,4.90,
CC(C)(C)C#Cc1cnc2Oc3ccc(cc3[C@@]4(COC(=N4)N)c2c1)c5cccnc5F,CHEMBL3359760,,5.94
CC(C)(C)C(=O)C(Oc1ccc(Cl)cc1)n2cncn2,CHEMBL520897,6.10,
CC(C)(C)C(=O)N1CCC(O)(CS(=O)(=O)Cc2ccc(Cl)cc2)CC1,CHEMBL1742257,4.70,
CC(C)(C)C(=O)NC(=S)NCCc1ccccc1,CHEMBL1376134,4.60,
CC(C)(C)C(=O)NC1(C(=O)N(Cc2ccccc2)C3=C1C(=O)CC(C)(C)C3)C(F)(F)F,CHEMBL1498880,4.50,
CC(C)(C)C(=O)Nc1ccnc(n1)c2cccnc2,CHEMBL1525226,5.60,
CC(C)(C)c1[nH]c2ccccc2c1C3CCCN(Cc4ccc(\C=C\C(=O)NO)cc4)C3,CHEMBL1094042,,4.87
CC(C)(C)c1[nH]c2ccccc2c1C3CCCN(Cc4ccc(\C=C\C(=O)NO)cc4Cl)C3,CHEMBL1093351,,5.00
CC(C)(C)c1cc(\C=C(\C#N)/[N+]#[C-])cc(c1O)C(C)(C)C,CHEMBL1559578,5.40,
CC(C)(C)c1cc(cc(c1)C(C)(C)C)C(=O)\C=C\c2ccc(cc2)C(=O)O,CHEMBL285480,4.70,
CC(C)(C)c1cc(cc(c1)C(C)(C)C)C(=O)NC[C@@H]2CCN(C2)C(=O)CCCCC(c3ccc(F)cc3)c4ccc(F)cc4,CHEMBL2031987,,5.70
CC(C)(C)c1cc(cc(c1)C(C)(C)C)C(=O)NC[C@H]2CCN(C2)C(=O)CCCCC(c3ccc(F)cc3)c4ccc(F)cc4,CHEMBL2031986,,5.30
CC(C)(C)c1cc(cc(c1O)C(C)(C)C)C(=O)N2CCN(CCCCCC(c3ccc(F)cc3)c4ccc(F)cc4)CC2,CHEMBL2031962,,6.60
CC(C)(C)c1cc(CN2CCC(CNCCCCCC(c3ccc(F)cc3)c4ccc(F)cc4)C2)cc(c1O)C(C)(C)C,CHEMBL2031999,,8.00
CC(C)(C)c1cc(CNCC2CCN(CCCCCC(c3ccc(F)cc3)c4ccc(F)cc4)C2)cc(c1)C(C)(C)C,CHEMBL2031985,,6.34
CC(C)(C)c1cc(CNCC2CCN(CCCCCC(c3ccc(F)cc3)c4ccc(F)cc4)C2)cc(c1O)C(C)(C)C,CHEMBL2031984,,6.06
CC(C)(C)c1ccc(NC(=O)N2CCN(CC2)c3ncccc3Cl)cc1,CHEMBL441472,,6.00
CC(C)(C)c1ccc(SCCc2c[nH]cn2)cc1,CHEMBL1098230,6.33,
CC(C)(C)c1cccc(CN[C@H]2C[S+]([O-])C[C@@H](Cc3cc(F)c(N)c(OCC(F)(F)F)c3)[C@@H]2O)c1,CHEMBL2425611,6.52,
CC(C)(C)c1cccc(Nc2cc(N[C@@H]3CCCC[C@@H]3N)nnc2C(=O)N)n1,CHEMBL3237571,,5.90
CC(C)(C)c1nc(SCC(=O)Nc2ccc(cc2)N3CCOCC3)c4ccccc4n1,CHEMBL1583978,6.00,
CC(C)(C)c1onc(NC(=O)n2ccc3cc(Oc4ncnc5CNCCc45)ccc23)c1,CHEMBL3746226,,5.16
CC(C)(C)c1onc(NC(=O)n2ccc3ccc(Oc4ncnc5CNCc45)cc23)c1,CHEMBL3808957,,4.68
CC(C)(C)CC(C)(C)c1ccc(OCOCCOCCO)c(Cc2cc(cc(Cc3cc(ccc3OCOCCOCCO)C(C)(C)CC(C)(C)C)c2OCOCCOCCO)C(C)(C)CC(C)(C)C)c1,CHEMBL1593743,4.90,
CC(C)(C)CCN1CCC(CNC(=O)c2ccc(Cl)c(Cl)c2)CC1,CHEMBL493679,,5.98
CC(C)(C)CCN1CCC(CNC(=O)c2cccc(Cl)c2)CC1,CHEMBL493680,,5.32
CC(C)(C)CCN1CCC(CNC(=O)Cc2ccc(cc2)C(C)(C)C)CC1,CHEMBL523508,,5.99
CC(C)(C)CCN1CCC(CNC(=O)Nc2cccc(Cl)c2)(CC1)c3ccccc3,CHEMBL488294,,7.06
CC(C)(C)CCN1CCC(F)(CNC(=O)c2cc(Cl)cc(Cl)c2)CC1,CHEMBL486247,,5.65
CC(C)(C)Cn1cc(CN[C@H]2CS(=O)(=O)C[C@@H](Cc3cc(F)c(N)c(OC(C(F)(F)F)C(F)(F)F)c3)[C@@H]2O)cn1,CHEMBL2048062,5.17,
CC(C)(C)COc1ccc2Oc3ccc(cc3[C@@]4(COC(=N4)N)c2c1)c5cccnc5,CHEMBL3354704,,6.10
CC(C)(C)N(NC(=O)c1ccccc1)C(=O)c2cccc(c2)C(=O)N(NC(=O)c3ccccc3)C(C)(C)C,CHEMBL1548325,5.40,
CC(C)(C)N=C(S)Nc1ccc(Nc2ccccc2)cc1,CHEMBL1408323,4.95,
CC(C)(C)n1nc2C[S+]([O-])Cc2c1NC(=O)c3ccc(cc3)S(=O)(=O)N4CCCCC4,CHEMBL1333414,4.85,
CC(C)(C)n1ncc2CC3(CCN(CC3)C(=O)c4ccc5[nH]ncc5c4)CC(=O)c12,CHEMBL3359261,,4.68
CC(C)(C)NC(=O)[C@@H]1CN(Cc2cccnc2)CCN1C[C@@H](O)C[C@@H](Cc3ccccc3)C(=O)N[C@@H]4[C@H](O)Cc5ccccc45,CHEMBL115,6.32,
CC(C)(C)NC(=O)[C@@H]1CN(Cc2cnc3occc3c2)CCN1C[C@@H](O)C[C@@H](Cc4ccccc4)C(=O)N[C@@H]5[C@H](O)Cc6ccccc56,CHEMBL2062137,5.13,
CC(C)(C)NC(=O)c1c[nH]c2ncc(nc12)c3ncn4CCCCc34,CHEMBL2347996,,5.39
CC(C)(C)NC(=O)CN(Cc1cccs1)C(=O)CCC(=O)Nc2nccs2,CHEMBL1741345,5.35,
CC(C)(C)NC(=O)Cn1nnc(n1)c2ccccc2NC(=O)c3cnccn3,CHEMBL1741436,5.40,
CC(C)(C)NCCCc1cc(nc(n1)C#N)c2cccc(c2)C(F)(F)F,CHEMBL1084402,,5.96
CC(C)(C)NS(=O)(=O)c1ccc(NC(=O)C(Sc2ccccc2)c3ccccc3)cc1,CHEMBL1410009,4.85,
CC(C)(C)OC(=O)C1=C(N)Oc2ccc(Br)cc2C13C(=O)NC4=C3C(=O)CC(C)(C)C4,CHEMBL1400546,5.50,
CC(C)(C)OC(=O)N[C@H](Cc1c(F)cccc1C(F)(F)F)C(=O)NCc2nc3cccnc3n2C4(CC4)c5ccccc5,CHEMBL400846,5.47,
CC(C)(C)OC(=O)N[C@H](Cc1c(F)cccc1Cl)C(=O)NCc2nc3cccnc3n2C4(CC4)c5ccccc5,CHEMBL400845,5.28,
CC(C)(C)OC(=O)N[C@H](Cc1cccc(F)c1F)C(=O)NCc2nc3cccnc3n2C4(CC4)c5ccccc5,CHEMBL252636,5.34,
CC(C)(C)OC(=O)N[C@H](Cc1ccccc1OC(F)(F)F)C(=O)NCc2nc3cccnc3n2C4(CC4)c5ccccc5,CHEMBL253660,5.89,
CC(C)(C)OC(=O)N[C@H](CSCCC(=O)NCc1cccnc1)Cc2c[nH]c3ccccc23,CHEMBL3814877,6.30,
CC(C)(C)OC(=O)N1CCCC1C(=O)NCCc2ccccc2,CHEMBL1742347,4.60,
CC(C)(C)S(=O)(=O)C[C@H](C1CC1)N2[C@@H]([C@H](C[C@](C)(CC(=O)O)C2=O)c3cccc(Cl)c3)c4ccc(Cl)c(F)c4,CHEMBL3407554,9.99,
CC(C)(C)S(=O)(=O)C[C@H](C1CC1)N2[C@@H]([C@H](C[C@](C)(Cc3ccccn3)C2=O)c4cccc(Cl)c4)c5ccc(Cl)cc5,CHEMBL3236637,6.16,
CC(C)(c1ccccc1)c2ccc(O)cc2,CHEMBL194805,4.70,
CC(C)(CC(O)(Cc1cc2cc(ncc2[nH]1)N3CCOCC3)C(F)(F)F)c4cccc(c4)S(=O)(=O)C,CHEMBL3358940,6.16,
CC(C)(CC(O)(Cc1cc2cc(ncc2[nH]1)N3CCOCC3)C(F)(F)F)c4ccccc4C(=O)N,CHEMBL3352882,5.52,
CC(C)(CC(O)(Cc1cc2cc(ncc2[nH]1)S(=O)(=O)C)C(F)(F)F)c3cccc4CCS(=O)(=O)c34,CHEMBL3358952,5.70,
CC(C)(Cc1ccccc1)NC(=O)C=C,CHEMBL1509341,4.80,
CC(C)(CO)N1CCN(CC1)C(=O)OC[C@H]2COC[C@H](N2S(=O)(=O)c3ccc(Cl)cc3)C4(C)CC4,CHEMBL1271822,9.30,
CC(C)(N)C(=O)N1CCn2c(Nc3ccc(F)cc3)c(nc2C1(C)C)c4ccc(F)cc4,CHEMBL2058837,,4.66
CC(C)(N1CCN(C[C@@H](O)C[C@@H](Cc2ccccc2)C(=O)N[C@@H]3[C@H](O)COc4ccccc34)[C@@H](C1)C(=O)NCC(F)(F)F)c5oc(cn5)c6cnccc6Cl,CHEMBL3706622,7.40,
CC(C)(O)[C@@]1(CC[C@H](C1)N2CCC(CC2)c3cncnc3)C(=O)NCc4cc(cc(c4)C(F)(F)F)C(F)(F)F,CHEMBL429849,,6.07
CC(C)(O)c1ccc(c[n+]1[O-])C#Cc2cccc(c2)N3C=C(C(=O)NC4CC4)C(=O)c5cccnc35,CHEMBL520463,,4.05
CC(C)(O)c1ccc(cn1)C(Cc2cc[n+]([O-])cc2)c3ccc(OC(F)F)c(OC4CCC4)c3,CHEMBL78806,,4.60
CC(C)(O)c1ccc(cn1)c2cccc(c2)N3C=C(C(=O)NC4CC4)C(=O)c5cccnc35,CHEMBL520502,,4.44
CC(C)(O)c1ccc(cn1)c2nc(oc2Sc3ccc(Cl)cn3)c4ccc(F)cc4,CHEMBL1812717,,5.90
CC(C)(O)c1cnc(cn1)c2nn(cc2Sc3ccc(Cl)cc3)c4ccc(F)cc4,CHEMBL3287930,,6.13
CC(C)(O)c1nc2cc(Cl)ccc2n1[C@@H]3CC[C@@H](CC3)NC[C@H]4Cc5ccc(cc5C4)C#N,CHEMBL2403861,,7.22
CC(C)(O)CCOc1ccc2ncc(F)c(CCC34CCC(CC3)(CO4)NCc5ccc6OCC(=O)Nc6n5)c2n1,CHEMBL3605125,,5.16
CC(C)(Oc1ccc(Cl)cc1)C(=O)Nc2cccnc2,CHEMBL1702111,4.75,
CC(C)(Sc1ccc(CCN(CCCCC2CCCCC2)C(=O)NC3CCCCC3)cc1)C(=O)O,CHEMBL21241,5.40,
CC(C)[C@@]1(CC[C@H](C1)N2CCC(CC2)c3cccc(F)c3)C(=O)NCc4cc(cc(c4)C(F)(F)F)C(F)(F)F,CHEMBL258246,,7.35
CC(C)[C@@]1(CC[C@H](C1)N2CCC(CC2)c3cccnc3)C(=O)NCc4cc(cc(c4)C(F)(F)F)C(F)(F)F,CHEMBL255513,,6.65
CC(C)[C@@]1(CC[C@H](C1)NC2C3CCCC2COC3)C(=O)N4CCN(CC4)c5cc(ccn5)C(F)(F)F,CHEMBL1782376,,5.89
CC(C)[C@@]1(NC(=O)[C@@H]2C[C@@H]3[C@H](Cc4c[nH]c5cccc3c45)N(C)C2)O[C@@]6(O)[C@H]7CCCN7C(=O)[C@H](Cc8ccccc8)N6C1=O,CHEMBL1513556,6.40,
CC(C)[C@@]1(NC(=O)[C@@H]2C[C@@H]3[C@H](Cc4c[nH]c5cccc3c45)N(C)C2)O[C@]6(O)[C@H]7CCCN7C(=O)[C@H](Cc8ccccc8)N6C1=O.CS(=O)(=O)O,CHEMBL1359351,5.80,
CC(C)[C@@H](CN1CC[C@](C)([C@@H](C)C1)c2cccc(O)c2)NC(=O)[C@H]3Cc4ccc(O)cc4CN3,CHEMBL415247,,5.06
CC(C)[C@@H](NC(=O)c1ccccc1)C(=O)N2CCC(CC2)c3ccc(Cl)cc3,CHEMBL2180528,,5.16
CC(C)[C@@H](Oc1ccc(CNC(=O)[C@@H]2CCCN2C(=O)CC(N)Cc3cc(F)ccc3F)cc1)C(=O)O.OC(=O)C(F)(F)F,CHEMBL364102,,4.12
CC(C)[C@@H]1COC[C@@H](N1S(=O)(=O)c2ccc(Cl)cc2)C3(CC3)OC(=O)N4CC[C@@H](O)C4,CHEMBL1271600,7.87,
CC(C)[C@@H]1COC[C@@H](N1S(=O)(=O)c2ccc(Cl)cc2)C3(CC3)OC(=O)N4CC5CNCC5C4,CHEMBL1271652,8.19,
CC(C)[C@@H]1N2C(=O)[C@](NC(=O)[C@H]3CN(C)[C@@H]4Cc5c[nH]c6cccc(C4=C3)c56)(O[C@@]2(O)[C@@H]7CCCN7C1=O)C(C)C,CHEMBL1385840,6.30,
CC(C)[C@H](N)C(=O)N1CC(=C[C@H]1c2cccc(O)c2)c3cc(F)ccc3F,CHEMBL381526,,5.07
CC(C)[C@H](N)c1cc(C)ccc1N2CCN(CC2)C(=O)[C@H](C)Cc3ccc(Cl)cc3,CHEMBL401250,5.08,
CC(C)[C@H](NC(=O)c1ccc2[nH]nc(c3ccc(cc3)N4C5CCC4COC5)c2c1)c6ccccc6Cl,CHEMBL3422083,7.22,
CC(C)[C@H](NC(=O)CCN(C)C)c1cc(C)ccc1N2CCN(CC2)C(=O)[C@H](C)Cc3ccc(Cl)cc3C,CHEMBL240572,5.17,
CC(C)[C@H](NC(=O)CCN)c1cc(C)ccc1N2CCN(CC2)C(=O)[C@H](C)Cc3ccc(Cl)cc3,CHEMBL240364,5.00,
CC(C)[C@H](NC(=O)N(C)Cc1csc(n1)C(C)C)C(=O)N[C@@H](Cc2ccccc2)[C@H]3OC(C)(C)O[C@@H]3[C@H](Cc4ccccc4)NC(=O)OCc5cncs5,CHEMBL3114721,6.51,
CC(C)[C@H](NC(=O)N(C)Cc1csc(n1)C(C)C)C(=O)N[C@H](CC[C@H](Cc2ccccc2)NC(=O)OCc3cccnc3)Cc4ccccc4,CHEMBL2347183,6.89,
CC(C)[C@H](NC(=O)N(C)Cc1csc(n1)C(C)C)C(=O)N[C@H](CC[C@H](Cc2ccccc2)NC(=O)OCc3cncs3)Cc4ccccc4,CHEMBL3114713,6.89,
CC(C)[C@H](NC(=O)N(C)Cc1csc(n1)C(C)C)C(=O)N[C@H](CC[C@H](Cc2ccccc2)NC(=O)OCc3ocnc3)Cc4ccccc4,CHEMBL2347184,5.47,
CC(C)[C@H](NC(=O)N(C)Cc1csc(n1)C(C)C)C(=O)N[C@H](CCN(Cc2ccccc2)NC(=O)OCc3cncs3)Cc4ccccc4,CHEMBL3114726,6.52,
CC(C)[C@H](NC(=O)N(C)Cc1csc(n1)C(C)C)C(=O)NCCCNC(=O)OCc2cncs2,CHEMBL3114727,5.90,
CC(C)[C@H](NC(=O)N(Cc1csc(n1)C(C)C)C2CC2)C(=O)N[C@H](CC[C@H](Cc3ccccc3)NC(=O)OCc4cncs4)Cc5ccccc5,CHEMBL3115161,6.68,
CC(C)[C@H](NC(=O)OCc1csc(n1)C(C)C)C(=O)N[C@@H](Cc2ccccc2)[C@H](O)CN3CCN(Cc4ccc5OCOc5c4)C[C@H]3C(=O)NC(C)(C)C,CHEMBL116772,5.02,
CC(C)[C@H](Oc1ccc(CNC(=O)[C@@H]2CCCN2C(=O)C[C@H](N)Cc3cc(F)ccc3F)cc1)C(=O)O.OC(=O)C(F)(F)F,CHEMBL445949,,4.12
CC(C)[C@H]1N(CCn2c(Nc3ccc(F)c(Cl)c3)c(nc12)c4ccc(F)cc4)C(=O)CN,CHEMBL2058831,,4.87
CC(C)[N+](C)(CCOC(=O)C1c2ccccc2Oc3ccccc13)C(C)C,CHEMBL1180725,4.80,
CC(C)\C(=C\1/C2[C@](C)(C(O)C(O)[C@@]34OC5(C)O[C@]23C(O)[C@]6(O)C(O)C7(C)CC6(O5)[C@]4(C)C7CC(=O)O)C(OC1=O)c8cocc8)\O,CHEMBL1591729,4.90,
CC(C)\C=C\C\C(=C\COc1ccc2C=CC(=O)Oc2c1)\C,CHEMBL241896,4.37,
CC(C)C(=O)N(Cc1ccccc1c2ccccc2)[C@H]3CCNC3,CHEMBL476116,,5.52
CC(C)C(=O)N1CCc2c(C1)nc(C)n2[C@H]3C[C@H]4CC[C@@H](C3)N4CC[C@H](NC(=O)C)c5cccc(F)c5,CHEMBL1649931,,4.92
CC(C)C(=O)N1CCN(CC1)c2ccccc2NC(=O)c3cccc(Cl)c3,CHEMBL1460996,4.90,
CC(C)C(=O)Nc1cccc(c1)\C(=N\NC(=O)c2ccc(Cl)cc2)\C,CHEMBL3196801,4.80,
CC(C)C(=O)NCCc1nc2ccccc2n1CCCOc3ccc(Cl)cc3,CHEMBL1517696,4.95,
CC(C)C(C)\C=C\C(C)C1CCC2\C(=C\C=C\3/CC(O)CCC3=C)\CCCC12C,CHEMBL1365846,4.50,
CC(C)C(C)\C=C\C(C)C1CCC2C3=CCC4CC(=O)CC[C@@]4(C)C3CC[C@@]12C,CHEMBL1514671,4.60,
CC(C)C(CCCN(C)CCCc1nc2ccccc2[nH]1)(C(=O)O)c3ccc(Br)cc3,CHEMBL3115192,,5.63
CC(C)C(O)(c1ccc2cc(ccc2c1)c3cccs3)c4c[nH]nn4,CHEMBL3259868,4.09,
CC(C)C(O)(c1ccc2cc(OCC(F)(F)F)c(OCC(F)(F)F)cc2c1)c3c[nH]nn3,CHEMBL3264606,4.60,
CC(C)C[C@@H](NC(=O)c1ccc2[nH]nc(c3ccc(cc3)N4[C@H]5CC[C@H]4CC(O)C5)c2c1)c6ccccn6,CHEMBL3422098,6.54,
CC(C)C[C@H](N)c1cccc(F)c1N2CCN(CC2)C(=O)[C@@H](Cc3ccc(Cl)cc3Cl)N4CCCC4=O,CHEMBL236731,6.77,
CC(C)C[C@H](NC(=O)[C@@H](C)N)c1cc(C)ccc1N2CCN(CC2)C(=O)[C@@H](Cc3ccc(Cl)cc3Cl)N4CCCC4=O,CHEMBL262321,5.54,
CC(C)C[C@H](NC(=O)C(C)(C)N)c1cc(F)ccc1N2CCN(CC2)C(=O)[C@@H](Cc3ccc(Cl)cc3Cl)N4CCCC4=O,CHEMBL397368,4.55,
CC(C)C[C@H](NC(=O)CCCN)c1cc(F)ccc1N2CCN(CC2)C(=O)[C@@H](Cc3ccc(Cl)cc3Cl)N4CCCC4=O,CHEMBL396186,4.82,
CC(C)C[C@H](NC(=O)CCN(C)C)c1ccccc1N2CCN(CC2)C(=O)[C@@H](Cc3ccc(Cl)cc3Cl)N4CCCC4=O,CHEMBL397584,5.16,
CC(C)C[C@H](NC(=O)CCN)c1cc(ccc1N2CCN(CC2)C(=O)[C@@H](Cc3ccc(Cl)cc3Cl)N4CCCC4=O)C(F)(F)F,CHEMBL397581,5.27,
CC(C)C[C@H](NC(=O)CCN)c1ccccc1N2CCN(CC2)C(=O)[C@@H](Cc3ccc(Cl)cc3Cl)N4CCCC4=O,CHEMBL391028,5.54,
CC(C)C[C@H](NC(=O)CN(C)C)c1cc(F)ccc1N2CCN(CC2)C(=O)[C@@H](Cc3ccc(Cl)cc3Cl)N4CCCC4=O,CHEMBL412024,4.82,
CC(C)C[C@H](NCCN)c1cccc(F)c1N2CCN(CC2)C(=O)[C@@H](Cc3ccc(Cl)cc3Cl)N4CCCC4=O,CHEMBL393576,5.31,
CC(C)C[C@H](NCCO)c1cc(ccc1N2CCN(CC2)C(=O)[C@@H](Cc3ccc(Cl)cc3Cl)N4CCCC4=O)C(F)(F)F,CHEMBL396884,4.46,
CC(C)C[C@H]1N([C@@H](C(=O)N(C)C)c2ccc(F)cc2F)C(=O)[C@H](NC1=O)C3Cc4ccccc4C3,CHEMBL377414,4.05,
CC(C)C[C@H]1N([C@@H](C(=O)NC(C)C)c2ccc(Br)s2)C(=O)[C@H](NC1=O)C3Cc4ccccc4C3,CHEMBL410420,6.00,
CC(C)C1=C(CN(C)C(C)Cc2ccccc2)N(C)N(C1=O)c3ccccc3,CHEMBL1475693,5.40,
CC(C)c1c(CN[C@H]2CC[C@@H](F)C2)nc(c3ncccc3Cl)n1c4ccc(C)nc4,CHEMBL561397,,4.82
CC(C)c1c(cn2ncnc(Nc3cc(C(=O)NC4CC4)c(F)cc3F)c12)c5oc(NCC(C)(C)CN)nn5,CHEMBL270869,5.85,
CC(C)c1c(cn2ncnc(Nc3cc(C(=O)NC4CC4)c(F)cc3F)c12)c5oc(NCCCN(C)C)nn5,CHEMBL271310,4.43,
CC(C)c1c(cn2ncnc(Nc3cc(C(=O)NC4CC4)c(F)cc3F)c12)c5oc(nn5)N6CCN(C)CC6,CHEMBL429845,6.70,
CC(C)c1c(cn2ncnc(Nc3cc(C(=O)NC4CC4)c(F)cc3F)c12)c5oc(O[C@H]6CCNC6)nn5,CHEMBL402279,5.32,
CC(C)c1c(cn2ncnc(Nc3cnc4[nH]c(C)cc4c3)c12)c5oc(C)nn5,CHEMBL261592,4.94,5.18
CC(C)c1c(O)ccc2c1CCC3[C@@](C)(CO)CCC[C@@]23C,CHEMBL1604523,4.40,
CC(C)c1cc(\N=C/c2ccccc2O)c(C)cc1O,CHEMBL1554411,5.50,
CC(C)c1cc(cc2nc(oc12)c3ccc(cc3)C(=O)NC[C@@H]4CC[C@@H](CC4)c5cccc(c5)C(F)(F)F)C#N,CHEMBL1771127,,5.63
CC(C)c1cc(cc2nc(oc12)c3ccc(cc3)C(=O)NC[C@H]4CN(C(=O)O4)c5ccc(cn5)c6ccccc6OC(F)(F)F)C#N,CHEMBL1771145,,5.45
CC(C)c1cc(F)cc2CC[C@](CCN(C)CCCc3nc4ccccc4[nH]3)(Cc12)OC(=O)C5CC5,CHEMBL1356120,5.70,
CC(C)c1cc(Nc2cccc(O)c2)cc(C(C)C)c1O,CHEMBL1531620,4.60,
CC(C)c1ccc(cc1)S(=O)(=O)Nc2ccc(cc2)[C@@]34C[C@@H]3CN(C)C4,CHEMBL1224639,,5.80
CC(C)c1ccc(NC(=O)C(N2CCN(CC2)C=O)c3ccccc3)cc1,CHEMBL1376097,4.95,
CC(C)c1ccc(NC(=O)c2cccc(c2)c3nn([C@@H]4CCCN(C4)C(=O)C=C)c5ncnc(N)c35)cc1C,CHEMBL2179805,,6.52
CC(C)c1ccc2c(c1)c(SC(C)(C)C)c(CC(C)(C)C(=O)O)n2Cc3ccc(Cl)cc3,CHEMBL29097,4.80,
CC(C)c1ccc2c(CC[C@H]3[C@@](C)(CN)CCC[C@@]23C)c1.OC(=O)c4ccccc4,CHEMBL1377795,5.40,
CC(C)c1ccc2c(CCC3C(C)(CCCC23C)C(=O)N)c1,CHEMBL1366539,4.70,
CC(C)c1cccc(C(C)C)c1O,CHEMBL526,4.40,
CC(C)c1ccccc1[S+]([O-])c2ccccc2C(C)(C)O,CHEMBL1401793,5.40,
CC(C)c1ccccc1S(=O)(=O)c2cc(N)c3ncccc3c2[N+](=O)[O-],CHEMBL422942,6.00,
CC(C)c1cn(c2ccc(F)cc2)c3ccc(Cl)cc13,CHEMBL53089,,5.00
CC(C)C1NC(=S)N(Cc2ccccc2)C1=O,CHEMBL1549240,4.85,
CC(C)c1nc(C(=O)NC[C@@H]2[C@H]3CN(CC(C)(C)O)C[C@@H]23)c4ccccn14,CHEMBL3741377,4.72,
CC(C)c1nc(C(=O)NCC2CCN(CC3CCOCC3)CC2)c4ccccn14,CHEMBL3741608,4.59,
CC(C)c1nc(C)nn1[C@H]2C[C@H]3CC[C@@H](C2)N3CC[C@H](NC(=O)C4CCC(F)(F)CC4)c5ccccc5,CHEMBL1649912,,5.37
CC(C)c1nc(CN(C)C(=O)N[C@@H](CC(=O)N)C(=O)N[C@H](CC[C@H](Cc2ccccc2)NC(=O)OCc3cncs3)Cc4ccccc4)cs1,CHEMBL3115174,6.89,
CC(C)c1nc(CN(C)C(=O)N[C@@H](Cc2c[nH]cn2)C(=O)N[C@@H](CC[C@@H](Cc3ccccc3)NC(=O)OCc4cncs4)Cc5ccccc5)cs1,CHEMBL3115191,7.05,
CC(C)c1nc(CN(C)C(=O)N[C@@H](CCN(C)C)C(=O)N[C@H](CC[C@H](Cc2ccccc2)NC(=O)OCc3cncs3)Cc4ccccc4)cs1,CHEMBL3115179,6.85,
CC(C)c1nc(CN(C)C(=O)N[C@@H](CCNC(=O)C)C(=O)N[C@@H](CC[C@@H](Cc2ccccc2)NC(=O)OCc3cncs3)Cc4ccccc4)cs1,CHEMBL3115188,6.92,
CC(C)c1nc(CN(C)C(=O)N[C@@H](CCNS(=O)(=O)C)C(=O)N[C@H](CC[C@H](Cc2ccccc2)NC(=O)OCc3cncs3)Cc4ccccc4)cs1,CHEMBL3115183,6.92,
CC(C)c1nc(CN(C)C(=O)N[C@@H](CO)C(=O)N[C@H](CC[C@H](Cc2ccccc2)NC(=O)OCc3cncs3)Cc4ccccc4)cs1,CHEMBL3115167,6.82,
CC(C)c1nc(CN(C)C(=O)N[C@H](CCN2CCOCC2)C(=O)N[C@H](CC[C@H](Cc3ccccc3)NC(=O)OCc4cncs4)Cc5ccccc5)cs1,CHEMBL3115180,6.82,
CC(C)c1nc(CN(C)C(=O)N2C[C@H](O)C[C@H]2C(=O)N[C@@H](CC[C@@H](Cc3ccccc3)NC(=O)OCc4cncs4)Cc5ccccc5)cs1,CHEMBL3672574,6.52,
CC(C)c1nc(CN(C)C(=O)N2Cc3nc[nH]c3C[C@H]2C(=O)N[C@H](CC[C@H](Cc4ccccc4)NC(=O)OCc5cncs5)Cc6ccccc6)cs1,CHEMBL3672584,6.43,
CC(C)c1nc(nc(c2ccc(F)cc2)c1\C=C\C(O)CC(O)CC(=O)O)N(C)S(=O)(=O)C,CHEMBL1357356,4.40,
CC(C)c1nc(Nc2cc(N[C@@H]3CCOC[C@@H]3N)nnc2C(=O)N)ccc1F,CHEMBL3237580,,5.10
CC(C)c1nc(Nc2cc(NCCN)nnc2C(=O)N)ccc1C,CHEMBL3237577,,5.20
CC(C)c1nc(Nc2cc(NCCN)nnc2C(=O)N)ccc1F,CHEMBL3237581,,5.10
CC(C)c1ncc(s1)[C@@H]2CC[C@@H](CC2)N3CC(C3)NC(=O)CNc4nn(C)c5ccc(cc45)C(F)(F)F,CHEMBL1834799,,4.77
CC(C)c1nnc(SCCCN2CCc3ccc(cc3CC2)c4cc(C)on4)n1C,CHEMBL243901,,5.90
CC(C)c1oc2cc3CCN(CCCSc4nnc(c5cccc6nc(C)ccc56)n4C)CCc3cc2n1,CHEMBL256015,,5.70
CC(C)c1occ(n1)c2nnc3[C@@H](C)N(CCn23)C(=O)c4ccc(cc4)c5cccs5,CHEMBL3422015,4.37,5.14
CC(C)CC(=O)NC(Sc1ccc(Cl)cc1)C(Cl)(Cl)Cl,CHEMBL1706994,4.60,
CC(C)CC(C)Nc1ccc(Nc2ccccc2)cc1,CHEMBL1558796,4.60,
CC(C)CC(N1C(=O)c2ccccc2C1=O)C(=O)OCC(=O)Nc3ncc(Cl)cc3Cl,CHEMBL1522232,4.50,
CC(C)CC(NS(=O)(=O)c1ccc(C)cc1)C(=O)Oc2ccc3C4=C(CCC4)C(=O)Oc3c2,CHEMBL1463576,4.85,
CC(C)CC1(C=CCN1C(=O)C)C(=O)NCC2CC2,CHEMBL1488112,4.50,
CC(C)CC1(C=CCN1C(=O)C)C(=O)NCc2oc(C)cc2,CHEMBL1516252,4.80,
CC(C)CC1N2C(=O)[C@@](NC(=O)C3CN(C)C4Cc5c(Br)[nH]c6cccc(C4=C3)c56)(OC2(O)C7CCCN7C1=O)C(C)C.CS(=O)(=O)O,CHEMBL1476170,6.30,
CC(C)CC1n2cncc2CN(Cc3ccccc3)S1(=O)=O,CHEMBL1209554,5.85,
CC(C)CC1NC(=S)N(C2CCCCC2)C1=O,CHEMBL1581163,4.70,
CC(C)CCC[C@@H](C)[C@H]1CC[C@H]2\C(=C\C=C/3\C[C@@H](O)CCC3=C)\CCC[C@]12C,CHEMBL1042,4.50,
CC(C)CCCC(C)C1CCC2\C(=C\C=C\3/CC(O)CCC3=C)\CCCC12C,CHEMBL1354424,4.50,
CC(C)CCN=C(S)NC1CCCC1,CHEMBL1484898,4.65,
CC(C)CCN1CCc2nc(c3CC(C)OCc3c2C1)c4ccccc4,CHEMBL1315777,5.50,
CC(C)CCN1CCc2nc(COc3ccccc3)c4CC(C)OCc4c2C1,CHEMBL1356318,5.50,
CC(C)CCn1nnnc1C(N2CCN(CC2)C(=O)c3occc3)c4ccc(F)cc4,CHEMBL1441039,5.10,
CC(C)CCNC(=O)COC(=O)c1cc(C)nc2ccccc12,CHEMBL1403023,4.80,
CC(C)CN([C@H]1CCNC1)C(=O)c2cccc(c2Cl)C(F)(F)F,CHEMBL1077638,,5.39
CC(C)CN([C@H]1CCNC1)C(=O)c2ccccc2C(C)C,CHEMBL1078169,,4.89
CC(C)CN(C[C@@H](O)[C@H](Cc1ccccc1)NC(=O)O[C@H]2CCOC2)S(=O)(=O)c3ccc(N)cc3,CHEMBL116,6.43,
CC(C)CN(C[C@@H](O)[C@H](Cc1ccccc1)NC(=O)O[C@H]2CO[C@H]3OCC[C@@H]23)S(=O)(=O)c4ccc(N)cc4,CHEMBL1323,,4.00
CC(C)CN(C[C@@H](O)[C@H](Cc1ccccc1)NC(=O)OCc2cncs2)C(=O)c3ccc4nc(C)oc4c3,CHEMBL2058904,7.28,
CC(C)CN(C[C@@H](O)[C@H](Cc1ccccc1)NC(=O)OCc2cncs2)C(=O)c3ccc4nc(N)oc4c3,CHEMBL2058901,7.38,
CC(C)CN(C[C@@H](O)[C@H](Cc1ccccc1)NC(=O)OCc2cncs2)C(=O)c3ccc4nc(NC5CCN(C)CC5)oc4c3,CHEMBL2058902,5.57,
CC(C)CN(C[C@@H](O)[C@H](Cc1ccccc1)NC(=O)OCc2cncs2)C(=O)c3ccc4nc(oc4c3)C(C)C,CHEMBL2058663,7.43,
CC(C)CN(C[C@@H](O)[C@H](Cc1ccccc1)NC(=O)OCc2cncs2)C(=O)c3ccc4nc(oc4c3)c5ccccc5,CHEMBL2058905,7.62,
CC(C)CN(C[C@@H](O)[C@H](Cc1ccccc1)NC(=O)OCc2cncs2)C(=O)c3ccc4nc(oc4c3)N(C)C,CHEMBL2059119,7.28,
CC(C)CN(C[C@@H](O)[C@H](Cc1ccccc1)NC(=O)OCc2cncs2)C(=O)c3ccc4nc(oc4c3)N5CCCC5,CHEMBL2059117,7.48,
CC(C)CN(CC[C@H](Cc1ccccc1)NC(=O)[C@H](CCN2CCOCC2)NC(=O)N(C)Cc3csc(n3)C(C)C)C(=O)OCc4cncs4,CHEMBL3114734,6.46,
CC(C)CN=C(S)N(CCc1nc2cc(C)c(C)cc2[nH]1)C3CCCC3,CHEMBL1323732,4.75,
CC(C)CN1C(=C(C(=O)COC(=O)c2cc(nc3ccccc23)c4occc4)C(=O)N(C)C1=O)N,CHEMBL1374536,4.80,
CC(C)CN1C(=Nc2ccccc2C1=O)SCc3nc(O)c4ccccc4n3,CHEMBL1509337,5.70,
CC(C)CN1C(=O)CN(Cc2ccc(cc2)c3cccc(CN4CCCCC4)n3)C1=O,CHEMBL1835119,,5.50
CC(C)CN1C(=O)N(C)C(=O)c2c1sc(Cc3c[nH]c4ccccc34)c2C(=O)N5CC[C@@H](O)C5,CHEMBL205807,6.00,
CC(C)CN1C(=O)N(C)C(=O)c2c1sc(Cc3ccnc4ccccc34)c2C(=O)N5C[C@H](O)CO5,CHEMBL219861,4.34,
CC(C)CN1CC[C@@]2(CCCN(C2)C(=O)c3cccc(F)c3)C1,CHEMBL1596235,5.20,
CC(C)CN1CC[C@@]2(CCCN(C2)S(=O)(=O)c3ccccc3)C1,CHEMBL1473480,5.30,
CC(C)CN1CCC(COc2ccc(NC(=O)Nc3cccnc3Oc4ccccc4C(C)(C)C)c(F)c2)CC1,CHEMBL2381908,,5.43
CC(C)CN1CCCC2(CCN(CC2)C(=O)c3cccc(F)c3)C1,CHEMBL1333531,4.60,
CC(C)CN1CCCC2(CCN(CC2)C(=O)c3cnccn3)C1,CHEMBL1396403,4.60,
CC(C)CN1CCCC2(CCN(CC2)S(=O)(=O)c3ccccc3)C1,CHEMBL1593071,4.80,
CC(C)CNC(=O)C1=CN(c2cccc(Br)c2)c3ncccc3C1=O,CHEMBL464600,,4.50
CC(C)CNC(=O)c1ccc(cc1)C2=CC3(CCNCC3)Oc4ccccc24,CHEMBL563137,,5.50
CC(C)CNc1nc(nc(N2CCNCC2)c1N)C#N,CHEMBL474484,,4.28
CC(C)CNS(=O)(=O)c1cc(C(=O)N2CC(C)OC(C)C2)c(Cl)cc1Cl,CHEMBL1741375,5.50,
CC(C)CO\N=C/1\C[C@@H](O)[C@@H](O)[C@H]2[C@@H]1CC[C@H]3[C@H]2C(=O)N(Cc4ccc5OCOc5c4)C3=O,CHEMBL1594022,6.00,
CC(C)CO\N=C/1\C[C@@H](O)[C@@H](O)[C@H]2[C@@H]1CC[C@H]3[C@H]2C(=O)N(Cc4ccccc4)C3=O,CHEMBL1574231,5.30,
CC(C)COC(=O)OCN1C(=O)CN(CCN2CC(=O)N(COC(=O)OCC(C)C)C(=O)C2)CC1=O,CHEMBL1256871,4.60,
CC(C)COc1ccccc1CN2CCC3(CC2)CCN(CC3)C(=O)c4ccncc4,CHEMBL567419,,4.82
CC(C)CS(=O)(=O)n1ccc2c(cc(nc12)N3CCNCC3)c4ccc(cc4)C(F)(F)F,CHEMBL3799529,,5.85
CC(C)N(CC[C@@](C(=O)N)(c1ccccc1)c2ccccn2)C(C)C,CHEMBL269362,4.50,
CC(C)N(CCc1c[nH]c2ccccc12)Cc3ccc(\C=C\C(=O)NO)cc3,CHEMBL142992,,5.23
CC(C)N(CCO)Cc1csc(n1)c2cn(CC3CCOCC3)c4c(Cl)cccc24,CHEMBL1762808,,6.00
CC(C)N(CCOc1ccc(cc1)N2C=CC(=CC2=O)OCc3ccccc3)C(C)C,CHEMBL1642486,,8.37
CC(C)N1\C(=N\c2ccccc2)\S\C(=C\c3c[nH]c4ccccc34)\C1=O,CHEMBL3211592,4.65,
CC(C)N1C(=O)COc2c(CCN3CCN(CC3)c4cccc5nc(C)ccc45)cccc12,CHEMBL469567,,5.30
CC(C)n1c(C)ncc1c2ccnc(Nc3ccc(C(=O)N)c(F)c3)n2,CHEMBL455427,,5.00
CC(C)n1c(C)ncc1c2ccnc(Nc3ccc(cc3)C(=O)N)n2,CHEMBL488084,,4.77
CC(C)n1c(C)ncc1c2ccnc(Nc3ccc(cc3)N4CCN(CC4)S(=O)(=O)C)n2,CHEMBL477567,,5.26
CC(C)n1c(C)ncc1c2ccnc(Nc3ccc(cc3)S(=O)(=O)C)n2,CHEMBL488436,,5.50
CC(C)n1c(CNC2CCCC2)nc(C)c1c3ccc(Cl)cc3,CHEMBL562663,,5.50
CC(C)N1C[C@H](NS(=O)(=O)C(C)C)[C@H](C1)c2ccc(cc2)c3cccc(NS(=O)(=O)C)c3,CHEMBL1290059,,5.20
CC(C)N1CCC(CC1)Oc2ccc3c(c2)cc4C(=O)N(Cc5ccncc5)CCn34,CHEMBL1257487,5.22,
CC(C)N1CCC(CC1)Oc2ccc3c(c2)cc4C(=O)NC[C@H](C)n34,CHEMBL1257964,4.59,
CC(C)N1CCC[C@@H](CN2CCN(CC2)C(=O)Nc3ccc(Cl)c(Cl)c3)C1,CHEMBL2036758,,5.89
CC(C)N1CCC[C@H](CN2C(=Nc3ccc(Oc4ccc(F)cc4)cc3C2=O)C)C1,CHEMBL243001,,5.79
CC(C)N1CCC[C@H](CN2C(=Nc3ccc(Oc4ccc(F)cc4)nc3C2=O)C)C1,CHEMBL1956988,,5.49
CC(C)N1CCC[C@H](CN2C(=Nc3cnc(Oc4ccc(F)cc4)cc3C2=O)C)C1,CHEMBL1956998,,5.89
CC(C)N1CCC[C@H](CN2C(=Nc3ncc(Oc4ccc(Cl)cc4F)nc3C2=O)C)C1,CHEMBL1957005,,4.48
CC(C)N1CCC[C@H](CN2C(=Nc3ncc(Oc4ccc(F)c5cccnc45)nc3C2=O)C)C1,CHEMBL1957008,,4.48
CC(C)N1CCN(CC1)[C@@H]2CC[C@](CC2)(NC(=O)C(C)c3cc(cc(c3)C(F)(F)F)C(F)(F)F)c4ccccc4,CHEMBL296979,,5.92
CC(C)N1CCN(CC1)C(=O)N2Cc3ccccc3C2,CHEMBL219592,,4.71
CC(C)N1CCN(CC1)C(=O)N2CCC(=CC2)c3ccccc3,CHEMBL375571,,4.65
CC(C)N1CCN(CC1)C(=O)N2CCC(CC2)C(C)(C)C,CHEMBL219128,,4.17
CC(C)N1CCN(CC1)c2ccc(NC(=O)c3cn(C)c4c(CN5CC6N([C@@H](Cc7ccc(O)cc7)C5=O)C(=O)CN(CC=C)N6C(=O)NCc8ccccc8)cccc34)cn2,CHEMBL3702797,5.21,
CC(C)N1CCN(CC1)c2ncc(NC(=O)c3cn(C)c4c(CN5C[C@H]6N([C@@H](Cc7ccc(O)cc7)C5=O)C(=O)CN(CC=C)N6C(=O)NCc8ccccc8)cccc34)cn2,CHEMBL3702798,5.44,
CC(C)N1CCN[C@H](C1)C(=O)N2CCN(CC2)C(=O)Nc3ccc(Cl)c(Cl)c3,CHEMBL2036782,,4.22
CC(C)n1ncc2CC3(CCN(CC3)C(=O)c4cnc5cc[nH]c5c4)CC(=O)c12,CHEMBL3359264,,4.54
CC(C)n1nnnc1SCC(=O)NCc2ccc3OCOc3c2,CHEMBL1440867,6.05,
CC(C)n1nnnc1SCC(=O)NCCc2ccccc2,CHEMBL1377767,4.85,
CC(C)NC(=Nc1ccc(Cl)cc1)c2cccnc2,CHEMBL1741958,4.65,
CC(C)NC(=O)[C@@H]1C[C@@]1(C)[C@@H](NC(=O)OCc2ccccc2)c3ccccc3,CHEMBL1453358,5.00,
CC(C)NC(=O)C1=CN(c2cccc(c2)c3ccc(cc3)S(=O)(=O)C)c4ncccc4C1=O,CHEMBL484753,,4.64
CC(C)NC(=O)c1ccc(cc1)c2ccc3C(=O)N(CCN4CCCC4)CCc3c2,CHEMBL2031870,,5.21
CC(C)NC(=O)c1cccc(NC(=O)Nc2ccc(cc2)c3ncnc4[nH]cc(Cl)c34)c1,CHEMBL1951348,4.85,
CC(C)NC(=O)N1CCC2(CC1)CCN(CC2)C(=O)c3cc(cc(c3)C(F)(F)F)C(F)(F)F,CHEMBL1555011,5.00,
CC(C)NC(=O)N1CCC2(CC1)CCN(CC2)C(=O)Oc3ccccc3,CHEMBL1602508,4.60,
CC(C)NC(=O)N1CCCC2(CCN(CC2)C(=O)c3cccn3C)C1,CHEMBL1434266,4.60,
CC(C)NC(=O)N1CCCC2(CCN(CC2)C(=O)c3occc3)C1,CHEMBL1476227,4.60,
CC(C)NC(=O)N1CCCC2(CCN(CC2)C(=O)Oc3ccccc3)C1,CHEMBL1514640,4.60,
CC(C)NC(=O)NS(=O)(=O)c1ccc(OCCN2CCCCC2)cc1,CHEMBL2024389,,4.58
CC(C)NC(=O)O\N=C(/C)\c1sc(nc1C)c2ccccc2,CHEMBL3191244,4.60,
CC(C)NC[C@@H](O)COc1cccc2[nH]ccc12,CHEMBL1530633,5.10,
CC(C)NC[C@H](O)COc1ccc(CC(=O)N)cc1,CHEMBL343633,4.40,
CC(C)Nc1cc2CCN(C)CCc2cc1NS(=O)(=O)c3ccc(cc3)c4ccc(Cl)cc4,CHEMBL231350,5.13,
CC(C)Nc1ccc(Nc2ccccc2)cc1,CHEMBL1449018,4.60,
CC(C)Nc1oc(nn1)c2cn3ncnc(Nc4cc(C(=O)NC5CC5)c(F)cc4F)c3c2C(C)C,CHEMBL407708,6.40,
CC(C)NCC(O)COc1cccc2ccccc12,CHEMBL27,,5.55
CC(C)NCc1c(onc1C(=O)N[C@@H]2CCC[C@H](O)C2)c3ccc(cc3)C(F)(F)F,CHEMBL1761688,,5.20
CC(C)OC(=O)c1c(NC(=O)C2C3CCC(O3)C2C(=O)O)sc(C)c1c4ccc(Cl)cc4,CHEMBL1482233,4.80,
CC(C)OC(=O)c1cc2c(ccn2C)n1Cc3cc(C)ccc3C,CHEMBL1459860,5.10,
CC(C)OC[C@H](Oc1ncnc2c1cnn2c3ccccc3Cl)C(=O)Nc4ccc(Cl)cn4,CHEMBL3221494,,4.80
CC(C)OC[C@H](Oc1ncnc2c1cnn2c3ccccc3Cl)C(=O)Nc4ccc(cn4)C#N,CHEMBL3221503,,4.90
CC(C)Oc1cc(C2CCN(C)CC2)c(C)cc1Nc3ncc(Cl)c(Nc4ccccc4S(=O)(=O)C(C)C)n3,CHEMBL2403849,,5.48
CC(C)Oc1cc(ccc1F)[C@@](Cc2ccccc2)(NC[C@@H](O)C(F)(F)F)c3cc(F)cc(OC(F)(F)C(F)F)c3,CHEMBL3813836,,4.68
CC(C)Oc1cc(ccc1F)[C@@](Cc2ccccc2)(NC[C@@H](O)CC(F)(F)F)c3cc(F)cc(OC(F)(F)C(F)F)c3,CHEMBL3814963,,4.64
CC(C)Oc1cc(Nc2nc(N[C@@H](C)c3ccc(F)cn3)ncc2Cl)n[nH]1,CHEMBL457614,,5.28
CC(C)Oc1cc(Oc2ccc(cc2)C(=O)N3CCC3)cc(c1)C(=O)Nc4ccn(C)n4,CHEMBL3219116,,4.57
CC(C)Oc1ccc(cc1)C(CC(=O)O)NC(=O)c2c(C)onc2c3ccccc3,CHEMBL1741555,4.55,
CC(C)Oc1ccc(cc1)C2N(CCCn3ccnc3)C(=O)C(=C2C(=O)c4oc(C)cc4)O,CHEMBL1374204,5.10,
CC(C)Oc1ccc(cc1C#N)c2onc(n2)c3cnc4CN(CCc4c3C)C(CO)CO,CHEMBL1836213,,4.90
CC(C)Oc1cccc(c1)C(=O)NC(=S)N2CCN(CC2)c3ccc(cc3[N+](=O)[O-])C(F)(F)F,CHEMBL1470016,4.85,
CC(C)Oc1cccc(c1)n2cc3N=C(N(C[C@H]4CCCN(C[C@H]5CCCO5)C4)C(=O)c3n2)c6cccnc6C,CHEMBL3218914,,5.17
CC(C)Oc1ccccc1CC(N2CCNCC2)c3ccccc3,CHEMBL1083405,,5.20
CC(C)OCCCNC(=O)C[S+]([O-])Cc1nc(oc1C)c2cccs2,CHEMBL1501507,4.90,
CC(C)OCCCNC(=O)CCS(=O)(=O)Cc1ccc(C)cc1,CHEMBL1322570,4.45,
CC(C)OCCN1C(=O)N(C2CCN(CC2)C(=O)C3CCN(Cc4ccncc4)CC3)c5ccccc15,CHEMBL1222719,5.22,
CC(C)S(=O)(=O)c1cc2cc(CC(O)(CC(C)(C)c3ccc(F)cc3C(=O)N)C(F)(F)F)[nH]c2cn1,CHEMBL3358951,5.40,
CC(C)S(=O)(=O)N[C@@H]1COC[C@@H]1c2ccc(cc2)c3ccc(cc3)C#N,CHEMBL1289181,,4.90
CC(C)S(=O)(=O)N[C@H]1CN(C)C[C@@H]1c2ccc(cc2)c3cccc(c3)C(=O)C,CHEMBL1290504,,5.10
CC(C)S(=O)(=O)N[C@H]1CN(C)C[C@@H]1c2ccc(cc2)c3cccnc3,CHEMBL1290731,,4.50
CC(C)S(=O)(=O)N[C@H]1CN(C)C[C@@H]1c2ccc(cc2)c3cccnc3F,CHEMBL1290732,,5.20
CC(C)S(=O)(=O)Nc1cc(C(=O)N2CCC(CCN3C4CCC3CC(C4)n5c(C)nc6ccccc56)(CC2)c7cccc(F)c7)c(F)cc1F,CHEMBL1784526,,5.05
CC(C)Sc1cc(nc(n1)c2ccc(Cl)cc2)N3CCOCC3,CHEMBL1710092,4.75,
CC(C[C@H](NC(=O)C1CCC1)c2ccccc2)N3CCC(CC3)c4oc(CN(C)C)nn4,CHEMBL459598,,5.51
CC(C[C@H](NC(=O)C1CCC1)c2ccccc2)N3CCC(CC3)N4C=C(NC4=O)c5ccccc5,CHEMBL460009,,8.33
CC(C\C=N\NC(=O)COc1cc(Cl)ccc1Cl)c2ccccc2,CHEMBL3192647,4.85,
CC(CC#N)N1C(C(=O)NCc2ccc(OC(F)(F)F)cc2)c3ccccc3C1=O,CHEMBL2164380,,4.51
CC(Cc1ccccc1)C(=O)NCc2ccncc2,CHEMBL1402369,5.60,
CC(Cc1ccccc1)C(=O)NCc2nn(nc2C)c3ccccc3,CHEMBL1338378,5.60,
CC(Cc1ccccc1)C(=O)NCCc2c[nH]c3ccccc23,CHEMBL1444266,5.60,
CC(Cc1ccccc1)C(=O)NCCO,CHEMBL1476789,4.80,
CC(Cc1ccccc1)N\C=C\2/CC(=O)NC2=O,CHEMBL1301031,5.40,
CC(Cc1ccccc1)NCCC(c2ccccc2)c3ccccc3,CHEMBL24072,,7.19
CC(Cc1ccccn1)N2C(C(=O)NCc3ccc(OC(F)(F)F)cc3)c4ccccc4C2=O,CHEMBL2164360,,5.07
CC(CCC(=O)O)C1CCC2C3C(O)C[C@@H]4CC(O)CC[C@@]4(C)C3CC[C@@]12C,CHEMBL1520183,4.40,
CC(CCc1ccccc1)NC(=O)c2cccc(c2C)[N+](=O)[O-],CHEMBL1305631,4.60,
CC(CCc1nc2ccccc2s1)(c3ccc(O)cc3)c4ccc(O)cc4,CHEMBL1449517,5.40,
CC(CCSc1nnc(c2cccc3nc(C)ccc23)n1C)N4CCc5cc6nc(oc6c(Br)c5CC4)C(F)(F)F,CHEMBL255618,,5.70
CC(CN1C(=S)N\C(=C/c2ccc(cc2)C#N)\C1=O)Cn3ccnc3,CHEMBL1596831,5.95,
CC(CN1CCN(CC1)C(=O)Cc2ccc(nc2)n3cnnn3)c4ccc5C(=O)OCc5c4C,CHEMBL3794292,,4.31
CC(F)CN1C[C@H]2C[C@H](C[C@H]2C1)N(Cc3cccc(OC(F)(F)F)c3)C(=O)c4cn(C)cn4,CHEMBL605540,5.10,
CC(N(C(=O)c1snc(C(=O)N)c1N)c2ccc3OCCOc3c2)C(=O)NC4CCCC4,CHEMBL1525558,5.45,
CC(N(C)C)C1(CCCCC1)c2ccc(Cl)c(Cl)c2,CHEMBL1684047,,4.40
CC(N)C(=O)OC(C)(C)Cc1ccc(Cl)cc1,CHEMBL36591,4.80,
CC(N)COc1c(C)cccc1C,CHEMBL558,,5.00
CC(N1C(=O)C2C3CC(C(Br)C3Br)C2C1=O)C(=O)Nc4ccc(C)cc4,CHEMBL1541179,5.25,
CC(N1C[C@H](N)[C@@H](C1)C(=O)N2CCC[C@H]2C#N)c3ccc(cc3)C#N,CHEMBL249601,,5.00
CC(NC(=O)C1(C)CC1(Br)Br)C(C)(C)C,CHEMBL1741636,4.85,
CC(NC(=O)Cc1ccc(F)cc1)c2ccccc2,CHEMBL1742363,4.60,
CC(NC(=O)CCSc1nc(cc(n1)C(F)(F)F)c2ccc3OCOc3c2)c4ccccc4,CHEMBL1353351,7.40,
CC(O)(C(=O)NC1CC(C)(C)Oc2nc(c3ccc(Cl)cc3Cl)c(cc12)c4ccc(Cl)cc4)C(F)(F)F,CHEMBL1097455,,6.22
CC(O)(c1ccc(CN2CCC3(CC2)OCc4cc(F)ncc34)cc1)c5ccc(F)c(F)c5,CHEMBL568361,,6.28
CC(O)(CS(=O)(=O)Cc1ccc(Cl)cc1)C(=O)Nc2cccc(c2)C(F)(F)F,CHEMBL1572029,5.70,
CC(O)(CS(=O)(=O)Cc1ccccc1Cl)C(=O)Nc2cccc(c2)C(F)(F)F,CHEMBL1446260,5.60,
CC(Oc1ccc(c(F)c1)c2ccccc2)c3ccn(n3)S(=O)(=O)c4ccc(Cl)cc4,CHEMBL1480116,4.80,
CC(Oc1ccc(cc1C(=O)N2CCN(CC2)c3ccc(cc3)C#N)S(=O)(=O)C)C(F)(F)F,CHEMBL1171498,,5.92
CC(Oc1ccc(cc1C(=O)N2CCN(CC2)c3ccc(cc3F)C(F)(F)F)S(=O)(=O)C)C(F)(F)F,CHEMBL1172199,,5.16
CC(Oc1ccc(cc1C(=O)N2CCN(CC2)c3ncc(cc3F)C(F)(F)F)S(=O)(=O)C)C(F)(F)F,CHEMBL1171649,,4.70
CC(Oc1ccc(Cl)cc1Cl)C(=O)\C=C\N(C)C,CHEMBL1324352,4.60,
CC(Oc1ccccc1CC=C)C2=NCCN2,CHEMBL495095,,4.77
CC(Oc1ccccc1CC2CC2)C3=NCCN3,CHEMBL1956195,,5.05
CC(Sc1ccc(C)cc1)C(=O)NCc2cccnc2,CHEMBL1453217,6.00,
CC(Sc1nnc(c2occc2)n1c3ccccc3)C(=O)Nc4c(C)cc(C)cc4C,CHEMBL1602002,5.45,
CC[C@@]1([C@@H]2CN(CC3Cc4ccccc4C3)C[C@H]12)c5cccc(NS(=O)(=O)C)c5,CHEMBL1957718,,6.49
CC[C@@]1(N)CCCN(C1)c2cc3N(C)C(=O)N(C)C(=O)c3n2Cc4cc(F)ccc4C#N,CHEMBL1819091,10.66,
CC[C@@]1(O)C(=O)OCC2=C1C=C3N(Cc4cc5ccccc5nc34)C2=O,CHEMBL65,5.20,
CC[C@@]12CCCN3CCc4c([C@@H]13)n(C(=O)C2)c5ccccc45,CHEMBL1553441,4.80,
CC[C@@H](C)[C@@H](N1C[C@H](CN2CCC(CC2)c3cc(Cc4ccc(OC)c(OC)c4)nn3CC)[C@H](C1)c5cccc(F)c5)C(=O)O,CHEMBL366871,,4.43
CC[C@@H](C)[C@@H](N1C[C@H](CN2CCC(CC2)c3cc(Cc4ccc(OC5CCC5)cc4)nn3CC)[C@H](C1)c6cccc(F)c6)C(=O)O,CHEMBL176459,,5.47
CC[C@@H](C)N1N=CN(C1=O)c2ccc(cc2)N3CCN(CC3)c4ccc(OC[C@@H]5CO[C@](Cn6cncn6)(O5)c7ccc(Cl)cc7Cl)cc4,CHEMBL454471,8.40,
CC[C@@H](C)N1N=CN(C1=O)c2ccc(cc2)N3CCN(CC3)c4ccc(OC[C@H]5CO[C@](Cn6cncn6)(O5)c7ccc(Cl)cc7Cl)cc4,CHEMBL1835953,7.80,
CC[C@@H](Cn1cc(C)c2ccccc12)NS(=O)(=O)c3c(N)cc(Cl)cc3Cl,CHEMBL3093462,6.03,
CC[C@@H](CS(=O)(=O)C(C)(C)C)N1[C@@H]([C@H](C[C@](C)(CC2=NOC(=O)N2)C1=O)c3cccc(Cl)c3)c4ccc(Cl)cc4,CHEMBL3236359,5.92,
CC[C@@H](N1C(=O)Nc2cnc3cc(c(OC)cc3c12)c4c(C)onc4C)c5ccccc5,CHEMBL2017290,5.62,
CC[C@@H](NC(=O)c1ccc2c(c1)ncn2Cc3ncc(F)cc3F)c4ccccc4,CHEMBL1821837,4.35,
CC[C@@H]1C[C@@H](C[C@H](COC(=O)N2CCC(CC2)N3CCCCC3)N1S(=O)(=O)c4ccc(Cl)cc4)OC,CHEMBL248866,5.30,
CC[C@@H]1C2COC(=O)OCC2C3CC[C@H]4C(OCc5ccc(F)cc5C(F)(F)F)OC[C@]6(C)[C@H]4C3=C1CN6C(=O)OC(C)(C)C,CHEMBL1442770,4.70,
CC[C@@H]1CCC[C@@H](N1S(=O)(=O)c2ccc(Cl)cc2)C3(CC(=O)N4CCNCC4)CC3,CHEMBL252211,6.52,
CC[C@@H]1CCC[C@@H](N1S(=O)(=O)c2ccc(Cl)cc2)C3(Cc4noc(C)n4)CC3,CHEMBL252817,4.77,
CC[C@@H]1CCC[C@@H](N1S(=O)(=O)c2ccc(Cl)cc2)C3(Cc4noc(CN5CCOCC5)n4)CC3,CHEMBL253655,5.59,
CC[C@@H]1OC(=O)[C@H](C)[C@H](O[C@@H]2C[C@](C)(OC)[C@H](O)[C@H](C)O2)[C@H](C)[C@H](O[C@@H]3O[C@@H](C)C[C@H]([C@@H]3O)N(C)C)[C@](C)(O)C[C@H](C)\C(=N/OCOCCOC)\[C@H](C)[C@H](O)[C@]1(C)O,CHEMBL1557202,4.90,
CC[C@](O)(c1cn(Cc2ccc3c(c4ccccc4)c(sc3c2)C(=O)N)nn1)C(F)(F)F,CHEMBL1289447,,4.80
CC[C@]1(CCC(=O)NC1=O)c2ccc(N)cc2,CHEMBL1394757,4.90,
CC[C@]1(O)C[C@@H]2CN(CCc3c([nH]c4ccccc34)[C@@](C2)(C(=O)OC)c5cc6c(cc5OC)N(C)[C@H]7[C@](O)([C@H](OC(=O)C)[C@]8(CC)C=CCN9CC[C@]67[C@H]89)C(=O)OC)C1,CHEMBL159,4.59,
CC[C@]12CCCN3CCc4c(C13)n(c5ccccc45)[C@@](O)(C2)C(=O)OC,CHEMBL1592905,4.50,
CC[C@H]([C@@H](c1ccc2cc(OCC(C)(C)C(=O)O)ccc2c1)n3ccnc3)N(C)C,CHEMBL208443,5.48,
CC[C@H](C)[C@@H](CO[C@@H](Cc1ccccc1)C(=O)N[C@@H](CCS(=O)(=O)C)C(=O)OC(C)C)NC[C@@H](N)CS,CHEMBL1221512,5.52,
CC[C@H](C)[C@@H](N1C[C@H](CN2CCC(CC2)c3cc(Cc4ccccc4)nn3CC)[C@H](C1)c5cccc(F)c5)C(=O)O,CHEMBL174457,,4.52
CC[C@H](C)[C@H](NC(=O)OCC1c2ccccc2c3ccccc13)C(=O)O,CHEMBL560020,4.50,
CC[C@H](N1C(=O)N2CC[C@@H]3[C@H]([C@H](O)[C@H]4O[C@@H]4/C/3=N/OC[C@@H](O)COCc5occc5)N2C1=O)c6ccccc6,CHEMBL1405913,5.40,
CC[C@H](N1C(=O)N2CC[C@@H]3[C@H]([C@H](O)[C@H]4O[C@@H]4/C/3=N/OC\C=C(/C)\CCC=C(C)C)N2C1=O)c5ccccc5,CHEMBL1475509,5.40,
CC[C@H](N1C(=O)N2CC[C@@H]3[C@H]([C@H](O)[C@H]4O[C@@H]4/C/3=N/OCc5ccccc5)N2C1=O)c6ccccc6,CHEMBL1512624,5.30,
CC[C@H](N1CC[C@@](CC(C)(C)O)(OC1=O)c2ccccc2)c3ccc(cc3)C4=CN(CC)C(=O)C=C4,CHEMBL3664659,4.32,
CC[C@H](N1CC[C@@](CC)(OC1=O)c2ccccc2)c3ccc(cc3)C4=CC(=O)N(C)C=C4,CHEMBL3664665,5.10,
CC[C@H](NC(=O)c1c(C)c(nc2ccccc12)c3ccccc3)c4ccccc4,CHEMBL10284,5.10,
CC[C@H](NC(=O)c1c(O)c(nc2ccccc12)c3ccccc3)c4ccccc4,CHEMBL10188,5.40,
CC[C@H]1[C@@H](Cc2cncn2C)COC1=O.O[N+](=O)[O-],CHEMBL1213136,4.90,
CC[C@H]1OC(=O)[C@H](C)[C@@H](O[C@H]2C[C@@](C)(OC)[C@@H](O)[C@H](C)O2)[C@H](C)[C@@H](O[C@@H]3O[C@H](C)C[C@@H]([C@H]3O)N(C)C(C)C)[C@](C)(O)C[C@@H](C)[C@H](O)[C@H](C)[C@@H](O)[C@]1(C)O,CHEMBL584549,,8.00
CC[C@H]1OC(=O)[C@H](C)[C@@H](O[C@H]2C[C@@](C)(OC)[C@@H](O)[C@H](C)O2)[C@H](C)[C@@H](O[C@@H]3O[C@H](C)C[C@@H]([C@H]3O)N(C)C)[C@](C)(O)C[C@@H](C)CN(C)[C@H](C)[C@@H](O)[C@]1(C)O,CHEMBL529,4.80,
CC[C@H]1OC(=O)[C@H](C)[C@@H](O[C@H]2C[C@@](C)(OC)[C@@H](O)[C@H](C)O2)[C@H](C)[C@@H](O[C@@H]3O[C@H](C)C[C@H]4[C@H]3O\C(=N/C(C)C)\N4C)[C@@](C)(C[C@@H](C)NC(=O)[C@H](C)[C@@H](O)[C@]1(C)O)OC,CHEMBL2159133,6.00,
CC[C@H]1OC(=O)[C@H](C)[C@@H](O[C@H]2C[C@@](C)(OC)[C@@H](O)[C@H](C)O2)[C@H](C)[C@@H](O[C@@H]3O[C@H](C)C[C@H]4[C@H]3O\C(=N/C(C)C)\N4C)[C@](C)(O)C[C@@H](C)CN(C)[C@H](C)[C@@H](O)[C@]1(C)O,CHEMBL2159132,5.11,
CC[C@H]1OC(=O)[C@H](C)[C@@H](O[C@H]2C[C@@](C)(OC)[C@@H](O)[C@H](C)O2)[C@H](C)[C@@H](O[C@@H]3O[C@H](C)C[C@H]4[C@H]3O\C(=N\c5ccc(OC)cc5)\N4C)[C@@](C)(C[C@@H](C)C(=O)N[C@H](C)[C@@H](O)[C@]1(C)O)OC,CHEMBL2159136,5.33,
CC[C@H]1OC(=O)[C@H](C)C(=O)[C@H](C)[C@@H](O[C@@H]2O[C@H](C)C[C@@H]([C@H]2O)N(C)C)[C@](C)(O)C[C@@H](C)C(=O)[C@H](C)[C@H]3N(C4CN(Cc5ccnc6ncccc56)C4)C(=O)O[C@]13C,CHEMBL583091,,4.10
CC[N+](C)(C)Cc1ccccc1Br.Cc2ccc(cc2)S(=O)(=O)[O-],CHEMBL1095292,5.80,
CC\C(=C(/c1ccccc1)\c2ccc(OCCN(C)C)cc2)\c3ccccc3,CHEMBL83,4.50,5.80
CC\N=C\1/O[C@H]2[C@H](O[C@@H]3[C@@H](C)[C@H](O[C@H]4C[C@@](C)(OC)[C@@H](O)[C@H](C)O4)[C@@H](C)C(=O)O[C@H](CC)[C@@](C)(O)[C@H](O)[C@@H](C)C(=O)[C@H](C)C[C@@]3(C)O)O[C@H](C)C[C@@H]2N1C,CHEMBL2159140,5.24,
CC\N=C\1/O[C@H]2[C@H](O[C@@H]3[C@@H](C)[C@H](O[C@H]4C[C@@](C)(OC)[C@@H](O)[C@H](C)O4)[C@@H](C)C(=O)O[C@H](CC)[C@@](C)(O)[C@H](O)[C@@H](C)N(C)C[C@H](C)C[C@@]3(C)O)O[C@H](C)C[C@@H]2N1C,CHEMBL2159139,5.10,
CC1(C)[C@@H]2CC[C@@]1(C)C3=C2C(=O)N(N3Cc4ccccc4)c5ccc(F)cc5F,CHEMBL3291346,5.22,
CC1(C)C(=O)C(=C2CN3C(=O)N(CCc4ccccc4)C(=O)C3(Cc5ccccc5)C=C12)c6ccccc6,CHEMBL1487944,5.70,
CC1(C)C(CC(=O)O)[C@]2(C)C3CC[C@@]4(C)C(OC(=O)C=C4[C@@]3(O)CC(C1=O)C2=O)c5cocc5,CHEMBL1436333,4.60,
CC1(C)C(O)CC(O)[C@]2(C)C1CC(O)[C@]3(C)C2CC[C@@]4(C)C(OC(=O)C5O[C@]345)c6cocc6,CHEMBL1445173,4.90,
CC1(C)C[C@@H](CN2CCC(F)(CNC(=O)c3cc(Cl)cc(Cl)c3)CC2)CCO1,CHEMBL488817,,5.42
CC1(C)C[C@@H](NC(=O)Nc2cccc3cnccc23)c4cc(F)ccc4O1,CHEMBL3326569,6.00,
CC1(C)C[C@H](CN2CCC(F)(CNC(=O)c3cc(Cl)cc(Cl)c3)CC2)CCO1,CHEMBL488653,,5.30
CC1(C)C[C@H]2C1CCC3(C)OC3CC2=C,CHEMBL1476705,4.60,
CC1(C)C=CC(=O)[C@]2(C)C1CC(=O)[C@]3(C)C2CC[C@@]4(C)C(OC(=O)C5OC345)c6cocc6,CHEMBL1494064,5.70,
CC1(C)C2(C)CCC1(C2Br)C(=O)Nc3cccc4ccccc34,CHEMBL1406944,4.95,
CC1(C)C2=C3C=C4C(CC[N+]5=C4C(C)(C)c6cc(ccc56)S(=O)(=O)[O-])OC3CCN2c7ccc(CC(=O)NCCCCN(CCOc8ccc(NS(=O)(=O)C)cc8)CCc9ccc(NS(=O)(=O)C)cc9)cc17,CHEMBL390302,,7.75
CC1(C)C2=C3C=C4C(CC[N+]5=C4C(C)(C)c6cc(ccc56)S(=O)(=O)[O-])OC3CCN2c7ccc(CC(=O)NCCCN(CCOc8ccc(NS(=O)(=O)C)cc8)CCc9ccc(NS(=O)(=O)C)cc9)cc17,CHEMBL227169,,6.80
CC1(C)C2=C3CC4C(CC[N+]5=C4C(C)(C)c6cc(ccc56)S(=O)(=O)[O-])OC3CCN2c7ccc(CC(=O)NCCCCCCN(CCOc8ccc(NS(=O)(=O)C)cc8)CCc9ccc(NS(=O)(=O)C)cc9)cc17,CHEMBL227000,,6.51
CC1(C)C2CC(O)[C@]3(C)C(CC[C@@]4(C)C(OC(=O)C=C34)c5cocc5)[C@@]2(C)CCC1=O,CHEMBL1513463,4.80,
CC1(C)C2CC(O)[C@]3(C)C(CC[C@@]4(C)C(OC(=O)C5O[C@]345)c6cocc6)[C@@]2(C)C=CC1=O,CHEMBL1359049,5.40,
CC1(C)CC(=C(\C=N\CCN2CCN(CC2)C(=S)Nc3ccc(F)cc3)C(=O)C1)O,CHEMBL3197274,4.60,
CC1(C)CC(=C(C(C#Cc2ccccc2)C3=C(O)CC(C)(C)CC3=O)C(=O)C1)O,CHEMBL1587080,4.50,
CC1(C)CC(=O)C2=C(C1)N(C(=C(C#N)C2c3cccs3)N)c4ccc(F)cc4,CHEMBL1420930,6.00,
CC1(C)CC(=O)C2=C(C1)N(Cc3cccnc3)C(=O)C2(NC(=O)c4cccnc4)C(F)(F)F,CHEMBL1507467,4.90,
CC1(C)CC(=O)c2c(C1)oc3cc4OCOc4cc23,CHEMBL1554099,5.40,
CC1(C)CC2(CC(C)(OC2=O)C(=O)CSc3nc4ccccc4s3)C(=O)O1,CHEMBL1461795,5.00,
CC1(C)Cc2c(CN3CCC4(CC3)CCN(CC4)C(=O)c5ccnc(N)c5)cccc2O1,CHEMBL567627,,4.54
CC1(C)Cc2c(CS1)sc3N=C(SCC(=O)NCc4ccccc4)N(C(=O)c23)c5ccccc5,CHEMBL1726083,5.45,
CC1(C)CCC(CC1)n2c3cnccc3c4cnc(Nc5ccc(cn5)N6CCNCC6)nc24,CHEMBL3237704,5.02,
CC1(C)CCC[C@@]2(C)[C@@H]1CC[C@]3(C)OC(=O)C[C@@H]23,CHEMBL1437047,4.70,
CC1(C)CCc2cc(ccc2O1)S(=O)(=O)N(CC(=O)O)Cc3cccc(c3)c4ccccc4,CHEMBL3764044,4.40,4.70
CC1(C)CCCC2(C)C3C(O)CC2(C)C(O)C13,CHEMBL1398262,4.50,
CC1(C)CN2C(=CSC2=N1)CS\C(=N/C3CCCCC3)\NC4CCCCC4,CHEMBL460491,,4.88
CC1(C)N(CCn2c(Nc3ccc(F)cc3)c(nc12)c4ccc(F)cc4)C(=O)CN,CHEMBL2058833,,4.87
CC1(C)NC(=O)N(C1=O)c2ccc(c(c2)C(F)(F)F)[N+](=O)[O-],CHEMBL1274,4.90,
CC1(C)OC(=O)N([C@@H]2CC[C@H](CC2)c3cnc(N)c(c3)c4ncccn4)[C@H]1c5ccccc5,CHEMBL3099716,,4.96
CC1(C)Oc2c(CN3CCC4(CC3)CCN(CC4)C(=O)c5ccnc(N)c5)cccc2C=C1,CHEMBL568522,,4.42
CC1(C)OC2CC3C4CC(F)C5=CC(=O)C=CC5(C)C4C(O)CC3(C)[C@@]2(O1)C(=O)CO,CHEMBL1394734,4.40,
CC1(C)OC2CC3C4CCC5=CC(=O)CCC5(C)C4(F)C(O)CC3(C)[C@@]2(O1)C(=O)CCl,CHEMBL1356068,4.60,
CC1(C)Oc2cc3OC=C(C(=O)c3c(O)c2C=C1)c4ccc5OCOc5c4,CHEMBL252722,4.60,
CC1(C)OCC(CSC2=C(SCC3COC(C)(C)O3)C(=O)c4ncccc4C2=O)O1,CHEMBL1596675,4.80,
CC1(C)S[C@@H]2[C@H](NC(=O)C3(N)CCCCC3)C(=O)N2[C@H]1C(=O)O,CHEMBL1200356,4.80,
CC1(CC(=O)NCc2ccc3CCOc3c2)CC4(CCCCC4)OO1,CHEMBL584886,5.59,
CC1(CC(=O)NCCNc2ccnc3cc(Cl)ccc23)CC4(CCCCC4)OO1,CHEMBL462360,6.00,
CC1(CN(C1)c2cc(COc3ccc(F)c(F)c3F)nc(n2)c4ccccn4)C#N,CHEMBL3740291,,5.00
CC1(Oc2ccccc2C(=N1)N)c3cccc(c3)c4cncnc4,CHEMBL2380461,,5.24
CC1(OCCC(=N1)N)c2cccc(c2)c3cccc(Cl)c3,CHEMBL2380444,,5.21
Cc1[nH]c(cc1C(=O)NCCCN2CCN(CC2)c3cccc(Cl)c3Cl)c4ccccc4,CHEMBL1086626,,7.00
Cc1[nH]c2ccccc2c1C3CCN(Cc4ccc(\C=C\C(=O)NO)cc4)C3,CHEMBL1089344,,4.87
Cc1[nH]c2ccccc2c1CC3CCCCN3Cc4ccc(\C=C\C(=O)NO)cc4,CHEMBL1089359,,5.04
Cc1[nH]c2ccccc2c1CCN(CCF)Cc3ccc(\C=C\C(=O)NO)cc3,CHEMBL1819138,,5.24
Cc1[nH]c2ccccc2c1CCNC(=O)c3ccc4C(=O)c5ccccc5C(=O)c4c3[N+](=O)[O-],CHEMBL1313043,5.05,
Cc1[nH]nc2ccc(cc12)c3cc(OC[C@@H](N)Cc4c[nH]c5ccccc45)cnc3c6cocc6,CHEMBL593490,7.30,
CC1=C(C(=O)c2ccc(O)cc2O1)c3cnn(c3)c4ccccc4,CHEMBL1588453,4.50,
CC1=C(C(=O)N(C[C@H](N)c2ccccc2)C(=O)N1Cc3c(F)cccc3C(F)(F)F)c4cccc(OCCCCC(=O)O)c4,CHEMBL449468,4.66,
CC1=C(C(=O)N(C[C@H](N)c2ccccc2)C(=O)N1Cc3c(F)cccc3C(F)(F)F)c4cccc(OCCCCCC(=O)O)c4F,CHEMBL505033,5.09,
CC1=C(C(c2cccs2)n3nc(nc3N1)c4cccc(Cl)c4)C(=O)N,CHEMBL1502591,4.90,
CC1=C(C(N=C(N1)c2ccnc(Cl)c2)c3ccc(Cl)cc3F)C(=O)Nc4ccc5[nH]ncc5c4,CHEMBL483401,5.26,
CC1=C(C(NC(=O)N1CCCCCC(=O)O)c2ccc(Cl)cc2)C(=O)OCc3ccccc3,CHEMBL409902,5.00,
CC1=C(C(NC(=O)N1CCCCCC(=O)O)c2ccccc2c3ccccc3)C(=O)OCc4ccccc4,CHEMBL265943,5.00,
CC1=C(C)c2ccc(OCCCCN3CCC(CC3)c4noc5cc(F)ccc45)cc2OC1=O,CHEMBL2385102,,6.71
CC1=C(CCC(=O)O)C2=N/C/1=C\C3=[N+]4[ZnH2-2][N+]5=C(\C=C\6/N=C(\C=C/4\C(=C3C)C=C)C(=C6C=C)C)C(=C(CCC(=O)O)/C/5=C/2)C,CHEMBL1476362,4.50,
CC1=C(CCOC(=O)c2ccc(cc2)C(F)(F)F)C(=O)N(N1)c3ccccc3,CHEMBL3145061,4.85,
CC1=C(N2[C@@H](SC1)[C@H](NC(=O)[C@@H](N)c3ccccc3)C2=O)C(=O)O,CHEMBL1496979,7.40,
CC1=C(Sc2ccc(Cl)cc2)C(=O)N(N1)C(C)(C)C,CHEMBL3145019,4.80,
CC1=CC(=O)C2C(C)(C)CCC[C@@]2(C)[C@@]1(O)CCc3cocc3,CHEMBL1475550,4.80,
CC1=CC(=O)c2c(O)cc(O)c(C)c2O1,CHEMBL1371435,4.60,
CC1=CC(=O)N(C1c2ccc(Cl)cc2)c3cccc(c3)C(F)(F)F,CHEMBL1544155,5.00,
CC1=CC(=O)Oc2c(C)c3oc(C)cc3cc12,CHEMBL1475,5.10,
CC1=CC(=O)Oc2cc(O)cc(O)c12,CHEMBL12252,5.20,
CC1=CC(C)(C)Nc2ccccc12,CHEMBL294154,5.00,
CC1=CCCC2(C)OC2[C@H]3OC(=O)C(=C)[C@@H]3CC1,CHEMBL1527933,4.50,
CC1=N\C(=C/c2ccc(cc2)[N+](=O)[O-])\C(=O)N1c3ccc(Br)c(C)c3,CHEMBL1544520,5.55,
CC1=NC(N=C1N)(C2CC2)c3cccc(c3)c4cncc(Cl)c4,CHEMBL2180033,,4.91
CC1=Nc2c(C)cccc2C(=O)N1c3ccc(OCCCN4CCCC4)cc3,CHEMBL478616,,5.80
CC1=Nc2ccc(Cl)cc2C(=O)N1c3ccc(OC4CCN(CC4)C5CCC5)cc3,CHEMBL458359,,5.27
CC1=Nc2cccc(c2C(=O)N1c3ccc(OCCCN4CCCC4)cc3)C(F)(F)F,CHEMBL476323,,5.00
CC1=Nc2ccccc2C(=O)N1c3ccc(O[C@@H]4CC[C@@H](CC4)N5CCCC5)cc3,CHEMBL521022,,5.10
CC1=Nc2ccccc2C(=O)N1c3ccc(OC4CCC(C4)N5CCCC5)cc3,CHEMBL484740,,5.00
CC1=Nc2ccccc2C(=O)N1c3ccc(OCCCN4CCCC4)cc3,CHEMBL476373,,5.00
CC1=Nc2ccccc2C(=O)N1NC(=O)c3ccccc3Cl,CHEMBL1710426,4.65,
CC1=Nc2cnc(nc2N(CCc3ccccc3)C1=O)N4CCNCC4,CHEMBL1433950,4.80,
CC1=Nc2cnc(Nc3ccccc3)nc2N(CCc4ccccc4)C1=O,CHEMBL1552588,5.00,
CC1=Nc2cnc(Oc3ccccc3)nc2N(C1=O)c4ccccc4,CHEMBL1394638,4.60,
CC1=Nc2cnc(OCc3ccccc3)nc2N(CCc4ccccc4)C1=O,CHEMBL1435809,4.60,
CC1=Nc2cncnc2N(C3CC3)C1=O,CHEMBL1494529,4.80,
CC1=NN=C(SCC(=O)NCC2CCCCC2)N(N)C1=O,CHEMBL1340566,4.60,
CC1=NNC(=O)C=C1c2ccc(OC3CCN(CC3)C4CCC4)cc2,CHEMBL1945845,,5.16
CC12C3C(C(c4ccccc14)c5ccccc25)C(=O)N(Cc6cccnc6)C3=O,CHEMBL1335811,5.80,
CC12CC(C)(C(CC1=O)c3ccc(Br)cc3)C(=C2)\C=C\c4ccc(Br)cc4,CHEMBL1593805,5.40,
CC12CC(C)(C(CC1=O)c3ccc(cc3)C(F)(F)F)C(=C2)\C=C\c4ccc(cc4)C(F)(F)F,CHEMBL1473211,5.40,
CC12CC(C)(C(CC1=O)c3ccccc3)C(=C2)\C=C\c4ccccc4,CHEMBL1473029,5.50,
CC12CCC3C(=CCc4cc(O)ccc34)C1CCC2=O,CHEMBL1474552,4.40,
CC12COC3(CC1CCC23C)C(=O)Nc4nccs4,CHEMBL1525292,4.85,
CC12CS(=O)(=O)CC1SC(=S)N2c3ccccn3,CHEMBL1302560,4.75,
Cc1c(\C=N\NC(=O)c2ccc3OCOc3c2)cnn1C,CHEMBL3211511,4.65,
Cc1c(\N=C\c2occc2)n(Cc3ccccc3)c4ccccc14,CHEMBL3213131,5.15,
Cc1c(C(=O)c2cccc3ccccc23)c4cccc5OC[C@@H](CN6CCOCC6)n1c45.CS(=O)(=O)O,CHEMBL1222317,5.90,
Cc1c(C)c2O[C@@](C)(CCc2c(C)c1O)C(=O)O,CHEMBL1319514,4.90,
Cc1c(C=O)c2ccccn2c1C(=O)c3ccncc3,CHEMBL1572371,5.00,
Cc1c(cc(c2cccnc2)n1C)C(=O)NCCCN3CCN(CC3)c4cccc(Cl)c4Cl,CHEMBL1212957,,5.17
Cc1c(CCC2CCN(CC2)C(=O)Cc3ccc(cc3)n4cnnn4)ccc5C(=O)OCc15,CHEMBL3792542,,5.23
Cc1c(cccc1[N+](=O)[O-])C(=O)NCCC2=CCCCC2,CHEMBL1362159,4.85,
Cc1c(cccc1N=C=O)N=C=O,CHEMBL1443390,4.80,
Cc1c(CCN2CCN(CC2)C(=O)Cc3ccc(nc3)n4cnnn4)ccc5C(=O)OCc15,CHEMBL3692706,,4.54
Cc1c(CCN2CCNCC2)ccc3cc(F)ccc13,CHEMBL443090,,5.00
Cc1c(Cl)cnc(NC(=O)COC(=O)CCS(=O)(=O)c2ccccc2)c1Cl,CHEMBL1546326,4.80,
Cc1c(CN(C2CC2)C(=O)[C@H]3CNCC[C@@]34OCc5cc(F)c(F)cc45)cccc1C(F)(F)F,CHEMBL1923117,5.64,5.19
Cc1c(CNC2CCCC2)nn(c1c3ccc(Cl)nc3)c4ncccc4Cl,CHEMBL492585,,5.57
Cc1c(cnn1C)c2c3CCCCCCc3nc(N)c2C#N,CHEMBL1561515,5.10,
Cc1c(F)cncc1c2nc3cc(F)c(F)cc3n2C4CC4,CHEMBL3582481,5.08,
Cc1c(NC(=O)c2ccc(cc2)C(C)(C)C)cccc1c3nc(Nc4ccc(cc4)C(=O)N5CCOCC5)c6nc[nH]c6n3,CHEMBL3263640,5.01,
CC1C(NC(C(C)C1=NO)c2ccc(cc2)N(C)C)c3ccc(cc3)N(C)C,CHEMBL1527955,5.00,
Cc1c(nn(c2ccc(Cl)cc2Cl)c1c3ccc(Cl)cc3)C(=O)NN4CCCCC4,CHEMBL111,,5.32
Cc1c(nn(c2ccc(Cl)cc2Cl)c1c3ccc(I)cc3)C(=O)NN4CCCCC4,CHEMBL285932,5.00,
Cc1c(O)c(O)cc2c3C(=O)Oc4ccccc4c3oc12,CHEMBL1357090,4.70,
Cc1c(O)ccc2C(N(Cc3ccccc3c4ccc(F)c(F)c4)C(=O)c12)C(=O)NC(C)(C)C,CHEMBL3785370,,4.57
Cc1c(O)cccc1C(=O)N[C@@H](CSc2ccccc2)[C@H](O)CN3C[C@H]4CCCC[C@H]4C[C@H]3C(=O)NC(C)(C)C.CS(=O)(=O)O,CHEMBL1205,5.80,
CC1C(Oc2ccccc2S1(=O)=O)c3ccc(OCCCN4CCCC4)cc3,CHEMBL562326,,5.89
Cc1c(OCC(F)(F)F)ccnc1C[S+]([O-])c2nc3ccccc3[nH]2,CHEMBL480,4.60,
Cc1c(OCF)ccc2C(N(Cc3ccccc3c4ccccc4)C(=O)c12)C(=O)NC(C)(C)C,CHEMBL3786683,,4.57
Cc1c2COC(=O)c2ccc1[C@@H](O)CN3CCN(C[C@H](O)c4ccc(cn4)C#N)CC3,CHEMBL3612807,,4.55
Cc1c2COC(=O)c2ccc1C(O)CN3CCN(CC3)C(=O)Cc4ccc(nc4)n5cnnn5,CHEMBL3794233,,4.48
Cc1cc(Br)ccc1NC(=O)CCSc2ccccc2,CHEMBL1394031,5.20,
Cc1cc(C(=O)CSc2nnc(c3ccc(Cl)cc3)n2C)c(C)n1CC4CCCO4,CHEMBL1386497,5.70,
Cc1cc(C(=O)CSc2nnc(N)s2)c(C)n1CCc3ccc(F)cc3,CHEMBL1381730,6.50,
Cc1cc(C(=O)CSc2oc(nn2)c3ccccc3)c(C)n1CC4COc5ccccc5O4,CHEMBL1604519,5.65,
Cc1cc(C(=O)Nc2ccc(cc2)C(=N)N3CCCC3)n(n1)c4cc5ccccc5cc4C#N,CHEMBL220704,,6.06
Cc1cc(c(O)c(C)c1CC2=NCCN2)C(C)(C)C,CHEMBL762,4.80,
Cc1cc(C)c(C#N)c(Oc2ccc(F)cc2)n1,CHEMBL1715733,5.05,
Cc1cc(C)c(C(=O)N)c(SCC(=O)c2ccc(Cl)cc2)n1,CHEMBL1580037,4.50,
Cc1cc(C)c(c(C)c1)S(=O)(=O)NCC2CCC(CC2)C(=O)NCc3ccc4OCOc4c3,CHEMBL1322311,6.05,
Cc1cc(C)c(c(Oc2ccc(cc2)C(C)(C)C)n1)S(=O)(=O)C,CHEMBL1311526,4.85,
Cc1cc(C)c(C)c(c1C)S(=O)(=O)ON2C(=O)c3ccccc3C2=O,CHEMBL1463847,4.40,
Cc1cc(C)c(NC(=O)C[S+]([O-])CC(=O)NCCCc2ccccc2)c(C)c1,CHEMBL1601527,5.45,
Cc1cc(C)c2c(nn(CC#N)c2n1)n3cccc3,CHEMBL1724554,4.80,
Cc1cc(C)c2cc(C#N)c(NCCOC(=O)c3ccccc3C)nc2c1,CHEMBL1324402,5.15,
Cc1cc(C)cc(c1)C(=O)N(NC(=O)Nc2ccc(Cl)cc2)C(C)(C)C,CHEMBL1423586,4.80,
Cc1cc(C)cc(c1)N(C(C(=O)NC2CCCCC2)c3ccccn3)C(=O)Cc4cccs4,CHEMBL1366995,6.05,
Cc1cc(C)cc(c1)N(C(C(=O)NC2CCCCC2)c3cccs3)C(=O)c4ccccn4,CHEMBL1741681,5.30,
Cc1cc(C)cc(c1)N2C(=O)\C(=C\NC3CCS(=O)(=O)C3)\c4ccccc4C2=O,CHEMBL1499610,5.00,
Cc1cc(C)cc(c1)n2nnnc2c3cn(C)nc3C(F)(F)F,CHEMBL1741759,4.80,
Cc1cc(C)cc(Nc2nccc(n2)n3cc(C)c(CN4CC[C@@H](O)C4)c3)c1,CHEMBL3622924,5.29,
Cc1cc(C)cc(O[C@H](C(=O)O)[C@]2(NCC(=O)N(Cc3c(F)cc(F)cc3F)c4ccccc24)c5ccccc5)c1,CHEMBL96347,4.85,
Cc1cc(C)cc(SCc2noc(C(=O)NCC=C)c2C(=O)O)c1,CHEMBL1391592,4.90,
Cc1cc(C)n(Cc2ccc(NC(=O)c3ccc(COc4ccccc4Br)cc3)cc2)n1,CHEMBL1309874,4.85,
Cc1cc(C)n(n1)C(=O)CCCCCCCCC(=O)n2nc(C)cc2C,CHEMBL1587412,5.35,
Cc1cc(C)n(n1)c2nc(cs2)c3ccc(Cl)c(Cl)c3,CHEMBL1539506,4.65,
Cc1cc(C)n2nc(SCN3C(=O)c4ccccc4C3=O)nc2n1,CHEMBL1405595,5.20,
Cc1cc(C)nc(n1)N2C[C@H]3CN(C[C@H]3C2)C(=O)c4c(C)cccc4n5nccn5,CHEMBL3586440,,5.16
Cc1cc(C)nc(n1)N2C[C@H]3CN(C[C@H]3C2)C(=O)c4cccc(F)c4n5nccn5,CHEMBL3586433,,5.22
Cc1cc(C)nc(NC(=O)COc2ccc(Cl)cc2)c1,CHEMBL1596796,5.50,
Cc1cc(C)nc(SCc2nnc(SCC(=O)N)n2Cc3occc3)n1,CHEMBL1725515,4.80,
Cc1cc(C[C@H](CCCCNCc2ccc(F)cc2)C(=O)NO)cc(C)c1F,CHEMBL1760324,,5.33
Cc1cc(c2[nH]ncc2C)c3cccc(OCc4c(C)ccnc4CN5C=CC=C(C5=O)C(F)(F)F)c3n1,CHEMBL563956,5.42,
Cc1cc(C2C(=C(N)Oc3[nH]nc(C)c23)C#N)c(C)s1,CHEMBL1453311,5.15,
Cc1cc(c2ccc3CCN(CCSc4nnc(c5ccc(F)c(F)c5)n4C)CCc3c2)n(C)n1,CHEMBL242602,,6.30
Cc1cc(c2ncsc2Cl)c3cccc(OCc4c(C)ccnc4CN5C=CC=C(C5=O)C(F)(F)F)c3n1,CHEMBL549534,6.52,
Cc1cc(cc(C)n1)C(C)(C)NC(=O)C(Br)C(C)(C)C,CHEMBL271581,4.89,
Cc1cc(cc2[nH]c(nc12)C3=C(N[C@H](CO)Cc4ccccc4)C=CNC3=O)c5ccc(F)cc5,CHEMBL230308,5.20,
Cc1cc(cc2[nH]c(nc12)C3=C(N[C@H](CO)Cc4ccccc4)C=CNC3=O)n5ccnc5,CHEMBL230204,7.22,
Cc1cc(cc2[nH]c(nc12)C3=C(NC[C@@H](O)c4cccc(Cl)c4)C=CNC3=O)N5CC[C@@H](N)C5,CHEMBL1078892,4.75,
Cc1cc(cc2[nH]c(nc12)C3=C(NC[C@@H](O)c4cccc(Cl)c4)C=CNC3=O)N5CCC(CC5)N6C[C@@H]7C[C@@H]6CO7,CHEMBL474469,9.30,
Cc1cc(cc2[nH]c(nc12)C3=C(NC[C@@H](O)c4cccc(Cl)c4)C=CNC3=O)N5CCC(CC5)NC(=O)C6CC6,CHEMBL480966,9.16,
Cc1cc(cc2[nH]c(nc12)C3=C(NC[C@@H](O)c4cccc(Cl)c4)C=CNC3=O)N5CCN(CC5)C(=O)OC(C)(C)C,CHEMBL1099314,5.72,
Cc1cc(cc2[nH]c(nc12)C3=C(NCC(O)c4cccc(Cl)c4)C=CNC3=O)C(=O)NC5CCCCC5,CHEMBL231610,4.96,
Cc1cc(cc2[nH]c(nc12)C3=C(NCC(O)c4cccc(Cl)c4)C=CNC3=O)C5=NCCCN5,CHEMBL230043,4.80,
Cc1cc(cc2[nH]c(nc12)C3=C(NCCn4cc(Cl)cn4)C=CNC3=O)C5CCN(CCCF)CC5,CHEMBL459729,4.59,
Cc1cc(cc2nc([nH]c12)C3=C(NCc4ccccn4)C=CNC3=O)n5ccnc5,CHEMBL397666,7.10,
Cc1cc(ccc1C(=O)NC2CC2)c3cnn4c(NCC5CCOCC5)nc(NC6CCCC6)nc34,CHEMBL3819637,4.72,
Cc1cc(ccc1c2ccnc(NCc3cc([nH]n3)c4ccccn4)c2)C#N,CHEMBL2147024,,5.96
Cc1cc(ccc1c2ccnc(NCc3n[nH]c4ncccc34)c2)C#N,CHEMBL2147020,,5.72
Cc1cc(ccc1Cl)C(=O)CSC(=S)SC(C)(C)C,CHEMBL1329026,5.50,
Cc1cc(CCCOc2c(C)cc(cc2C)c3noc(n3)C(F)(F)F)on1,CHEMBL29609,5.20,
Cc1cc(ccn1)C2=CC(=O)NC(=N2)NCc3cccc4ccccc34,CHEMBL2165175,6.16,
Cc1cc(ccn1)c2cccc(c2)C3=Nc4cc(C)c(cc4NC(=O)C3)C(F)(F)F,CHEMBL1631859,5.72,
Cc1cc(Cl)c(OCCCCNCC=C)c(Br)c1.OC(=O)C(=O)O,CHEMBL1468692,4.85,
Cc1cc(Cl)c(OCCOc2ccc(cc2)[C@H]3CCNC[C@@H]3C(=O)N(Cc4cc(CNC(=O)CC(F)(F)F)ccc4Cl)C5CC5)c(Cl)c1,CHEMBL1269692,5.10,
Cc1cc(Cl)c(OCCOc2ccc(cc2)[C@H]3CCNC[C@@H]3C(=O)N(Cc4cc(CNCC(F)F)ccc4Cl)C5CC5)c(Cl)c1,CHEMBL1269681,5.32,
Cc1cc(Cl)c(OCCOc2ccc(cc2)[C@H]3CCNC[C@@H]3C(=O)N(Cc4cc(CNCCF)ccc4Cl)C5CC5)c(Cl)c1,CHEMBL1269680,5.00,
Cc1cc(Cl)c(OCCOc2ccc(cc2)[C@H]3CCNC[C@@H]3C(=O)N(Cc4cccc(C)c4C)C5CC5)c(Cl)c1,CHEMBL1270661,4.96,
Cc1cc(Cl)cc2c(C(O)c3ccncc3)c4c(C)n[nH]c4nc12,CHEMBL1950085,6.30,
Cc1cc(Cl)ccc1c2nc3OC(C)(C)CC(N=C(O)C(O)C(F)(F)F)c3cc2c4ccc(Cl)cc4,CHEMBL1169572,,6.39
Cc1cc(Cl)ccc1OC2CCN(C[C@H](O)CNC(=O)C3=CNC(=O)C=C3C(F)(F)F)CC2,CHEMBL2207663,,5.00
Cc1cc(Cl)ccc1OCC(=O)N\N=C\2/CCCc3ccccc23,CHEMBL3214412,4.90,
Cc1cc(CN2C[C@H](N)[C@@H](C2)C(=O)C3CCC[C@H]3C#N)cc(C)c1C#N,CHEMBL399791,,4.54
Cc1cc(CSc2ccccc2)ccc1NC(=O)COc3ccccc3,CHEMBL1407289,4.90,
Cc1cc(N)c2ccccc2[n+]1CCCCCCCCCC[n+]3c(C)cc(N)c4ccccc34,CHEMBL333826,5.20,
Cc1cc(N)c2ccccc2[n+]1CCCCCCCCCCCCCC[n+]3c(C)cc(N)c4ccccc34,CHEMBL1257056,5.00,
Cc1cc(N2CCN(CC2)c3nc4ccccc4s3)n5ncnc5n1,CHEMBL1361461,4.40,
Cc1cc(NC(=O)c2ccccc2F)ccc1c3oc(NCCCN4CCCCC4)nn3,CHEMBL2023925,,5.40
Cc1cc(NC(=O)c2occc2)ccc1n3cnnn3,CHEMBL1421737,5.05,
Cc1cc(NC(=O)CC2=NC(=CC(=O)N2)N3CCOCC3)ccc1F,CHEMBL2151925,4.40,
Cc1cc(NC(=O)CCN2C(=O)C3C4CCC(C4)C3C2=O)c(C)cc1Br,CHEMBL1509383,5.10,
Cc1cc(NC(=O)CSC2=Nc3ccsc3C(=O)N2Cc4ccccn4)[nH]n1,CHEMBL1432275,4.80,
Cc1cc(NC(=O)N2C[C@H]3C[C@H](C[C@H]3C2)c4ccccc4C(F)(F)F)c(cn1)C(=O)O,CHEMBL3359023,5.96,
Cc1cc(nc(N)n1)c2c(Cl)cc(Cl)cc2OCCCC(F)(F)F,CHEMBL1774835,,4.94
Cc1cc(nc(n1)n2cccc2)c3sccc3C,CHEMBL1559333,4.60,
Cc1cc(nc(SCC(=O)c2cccc(c2)[N+](=O)[O-])n1)C(F)(F)F,CHEMBL1428510,4.95,
Cc1cc(nc2c(CCC34CCC(CC3)(CO4)NCc5ccc6OCC(=O)Nc6n5)c(F)cnc12)S(=O)(=O)C,CHEMBL3422958,,7.91
Cc1cc(ncc1CC(=O)N2CCN(CCc3ccc4C(=O)OCc4c3C)CC2)n5cnnn5,CHEMBL3792700,,5.04
Cc1cc(NCc2c(C)cccc2C)c3cccc(C(=O)N)c3n1,CHEMBL3604701,5.00,6.30
Cc1cc(O)c2C(=O)c3c(O)cc(O)c4c5c(O)cc(O)c6C(=O)c7c(O)cc(C)c8c1c2c(c34)c(c78)c56,CHEMBL286494,5.06,
Cc1cc(O)c2C(=O)c3c(O)cc(O)cc3C(=O)c2c1,CHEMBL289277,5.00,
Cc1cc(O)cc(O)c1C(=O)O,CHEMBL457583,4.60,
Cc1cc(OC[P@]2(=O)OCC[C@H](O2)c3ccc(Cl)cc3)c4c(Cc5scnc45)c1C,CHEMBL1097180,6.14,
Cc1cc(OCCn2cc(C(=N)NO)c3ccccc23)ccc1Cl,CHEMBL1343857,4.95,
Cc1cc(OCCN2CCOCC2)nn1c3ccc(Cl)c(Cl)c3,CHEMBL2170225,,5.46
Cc1cc(on1)[C@H]2C[C@H]3[C@@H](CF)SC(=N[C@]3(CO2)c4ccc(F)cc4F)N,CHEMBL3422245,,5.00
Cc1cc(SCc2sc(nc2C)c3ccc(c(F)c3)C(F)(F)F)ccc1OCC(=O)O,CHEMBL38508,5.10,
CC1CC[C@@]2(OC1)OC3CC4C5CC=C6CC(O)CC[C@@]6(C)C5CC[C@]4(C)C3C2C,CHEMBL1551855,5.30,
CC1CC[C@]2(CCC3(C)C(=CC(=O)C4[C@]5(C)CCC(OC(=O)C)C(C)(C)C5CC[C@]34C)C2C1C)C(=O)O,CHEMBL1435261,4.60,
Cc1cc2c(F)c(Oc3ncnn4cc(OCCCS(=O)(=O)C)c(C)c34)ccc2[nH]1,CHEMBL383077,4.77,4.70
Cc1cc2c(NC(=O)N[C@@H]3CC(C)(C)Oc4c(F)c(ccc34)C(F)(F)F)cccc2cn1,CHEMBL3326584,4.75,
Cc1cc2c(NC(=O)N[C@@H]3CC(CF)(CF)Oc4ccc(F)cc34)cccc2cn1,CHEMBL3326586,4.82,
CC1CC2C3CC[C@](O)(C(=O)CO)[C@]3(C)CC(O)C2[C@]4(C)C=CC(=O)C=C14,CHEMBL1563152,4.60,
CC1CC2C3CCC(C(=O)C)[C@]3(C)CC(O)C2[C@]4(C)CCC(=O)C=C14,CHEMBL1361852,4.50,
CC1CC2C3CCC4=CC(=O)C=C[C@@]4(C)[C@]3(F)C(O)C[C@]2(C)[C@]1(O)C(=O)CO,CHEMBL1398119,4.40,
CC1Cc2cc(F)ccc2N1C(=O)Cc3nc(sc3C(=O)N)N4CCOCC4,CHEMBL3125375,7.40,
CC1Cc2cccc(CN3CCC4(CC3)CCN(CC4)C(=O)c5ccncc5)c2O1,CHEMBL568296,,4.68
CC1Cc2ccccc2N1C(=O)CCN3C(=O)C4C5CC(C=C5)C4C3=O,CHEMBL1448870,5.85,
Cc1cc2ccccc2n1CCNC(=O)C3CCCC3,CHEMBL1572599,5.35,
Cc1cc2N=C3C(=O)NC(=O)N=C3N(C[C@H](O)[C@H](O)[C@H](O)CO)c2cc1C,CHEMBL1534,4.70,
Cc1cc2N=CC(=O)N(CC(=O)N3CCCC(C3CN4CCOCC4)c5ccccc5)c2cc1C,CHEMBL256721,5.57,
Cc1cc2nc(CC3CC4CCC(C3)N4)n(Cc5ccc(Cl)cc5)c2cc1C,CHEMBL3696121,,5.37
Cc1cc2nc(CC3CCCC3)n(Cc4ccc(Cl)cc4)c2cc1C,CHEMBL3699576,,5.89
Cc1cc2nc(CC3CCNCC3)n(Cc4ccc(Cl)cc4)c2cc1C,CHEMBL3696120,,5.96
Cc1cc2nnc(SCC(=O)N3CCN(CC3)c4ccccc4)n2c(N)n1,CHEMBL1339377,4.85,
Cc1ccc(\C=C/2\NC(=O)N(Cc3ccccc3)C2=O)s1,CHEMBL1548101,5.90,
Cc1ccc(\C=C\C(=O)NC(=S)Nc2ccccc2C(=O)NC3CCCCC3)cc1,CHEMBL1305256,5.05,
Cc1ccc(C(=N)c2ccccc2Cc3cccc4ccccc34)c5ccccc15,CHEMBL1288014,5.40,
Cc1ccc(c(F)c1)C23CC2CN(CCCSc4nnc(c5ocnc5C)n4C)C3,CHEMBL1081869,,4.40
Cc1ccc(C)c(c1)C(=O)CN2C(=O)c3ccccc3S2(=O)=O,CHEMBL1582432,5.10,
Cc1ccc(C)c(c1)N2CCN(CC2)C(=O)c3ccc4nc(c5occc5)c(nc4c3)c6occc6,CHEMBL1430383,4.70,
Cc1ccc(C)c(NC(=O)C2(C)CC3c4ccccc4C2c5ccccc35)c1,CHEMBL1722019,5.65,
Cc1ccc(C)c(NC(=O)C2CC(O)CN2C(=O)OC(C)(C)C)c1,CHEMBL1545573,4.60,
Cc1ccc(C)c(NC(=O)Cn2nnc(C(=O)Nc3c(C)cccc3C)c2N)c1,CHEMBL1610924,4.90,
Cc1ccc(C)c(Nc2c(cc(cc2[N+](=O)[O-])C(=O)N3CC(=O)Nc4ccccc34)[N+](=O)[O-])c1,CHEMBL1352445,5.35,
Cc1ccc(cc1)[S+]([O-])CCC[S+]([O-])c2ccc(C)cc2,CHEMBL1511012,4.80,
Cc1ccc(cc1)\C(=C\c2cccc(c2)[N+](=O)[O-])\C#N,CHEMBL1318927,5.40,
Cc1ccc(cc1)C#Cc2cccc(C#Cc3ccc(C)cc3)[n+]2C,CHEMBL2325201,,6.55
Cc1ccc(cc1)C(=N)NOC(=O)Cc2cccs2,CHEMBL1447809,4.55,
Cc1ccc(cc1)C(=O)C(OC(=O)CN2C(=O)c3ccccc3C2=O)c4ccccc4,CHEMBL1388541,5.10,
Cc1ccc(cc1)C(=O)c2sc(NCC=C)c(C#N)c2N,CHEMBL1422579,4.50,
Cc1ccc(cc1)C(=O)CN(N2C(=O)c3ccccc3C2=O)C(=O)c4ccc(Cl)cc4,CHEMBL1523557,5.00,
Cc1ccc(cc1)C(=O)COc2ccccc2C(=O)Nc3ccccc3,CHEMBL1480087,4.95,
Cc1ccc(cc1)C(=O)N2C3CC(C=C3)C2(C(F)(F)F)C(F)(F)F,CHEMBL1518570,5.95,
Cc1ccc(cc1)C(=O)NCCNC(=O)CN2CCOCC2,CHEMBL599705,4.55,
Cc1ccc(cc1)C(N2CCN(CC2)C(=O)c3occc3)c4nnnn4CC5CCCO5,CHEMBL1319109,5.45,
Cc1ccc(cc1)C(N2CCN3CCCC3C2)c4nnnn4C5CCCC5,CHEMBL1497087,4.85,
Cc1ccc(cc1)c2c(cnn2C)c3nn(C)c4ncnc(N5CC[C@@H](C5)N6CCCCC6)c34,CHEMBL3527048,6.77,
Cc1ccc(cc1)c2ccc(cc2)C#Cc3cccc(C#Cc4ccc(cc4)c5ccc(C)cc5)[n+]3C.[O-]S(=O)(=O)C(F)(F)F,CHEMBL3590498,,6.52
Cc1ccc(cc1)c2csc(Cc3nc(cs3)C4=Cc5ccccc5OC4=O)n2,CHEMBL1409809,5.40,
Cc1ccc(cc1)C2N(CC3COc4ccccc4O3)C(=O)CN(C5CCCC5)C2=O,CHEMBL1559560,5.40,
Cc1ccc(cc1)c2noc(CN3CCN(CC3)C(c4ccccc4)c5ccccc5)n2,CHEMBL1725604,4.45,
Cc1ccc(cc1)c2noc(n2)C3=Cc4ccccc4OC3=O,CHEMBL1403554,5.45,
Cc1ccc(cc1)c2oc(nn2)c3ccccc3S(=O)(=O)Cc4ccc(Cl)cc4,CHEMBL1383143,5.40,
Cc1ccc(cc1)N(CC2=NCCN2)c3cccc(O)c3,CHEMBL597,,4.70
Cc1ccc(cc1)N(CCC#N)C(=O)CSc2ccc3OCCOc3c2,CHEMBL1531607,4.80,
Cc1ccc(cc1)N=Nc2c(N)nn3c(O)c4CCCCc4nc23,CHEMBL1578807,5.10,
Cc1ccc(cc1)n2c(C)cc(C(=O)CSc3n[nH]c(N)n3)c2C,CHEMBL1424441,5.00,
Cc1ccc(cc1)n2c(Cc3cccn3C)nnc2SCC(=O)N4CCc5ccccc45,CHEMBL1303309,5.35,
Cc1ccc(cc1)n2c(O)cnc2Nc3nc(C)cc(C)n3,CHEMBL1557279,4.50,
Cc1ccc(cc1)n2c(SCC(=O)N3CCOCC3)nnc2c4cccnc4,CHEMBL1547530,5.00,
Cc1ccc(cc1)N2CCN(CC(O)COc3ccccc3C(=O)CCc4ccccc4)CC2,CHEMBL1963594,,5.37
Cc1ccc(cc1)N2N=CC(=C(Cl)C2=O)NCC=C,CHEMBL1493566,5.35,
Cc1ccc(cc1)n2nc(C)c3C(C(=C(N)Oc23)C#N)c4occc4,CHEMBL1391390,4.75,
Cc1ccc(cc1)S(=O)(=O)c2c(C)nn(c2OC(=O)c3cccs3)C(C)(C)C,CHEMBL1600209,5.65,
Cc1ccc(cc1)S(=O)(=O)c2nc(c(NCc3occc3)s2)S(=O)(=O)c4ccc(C)cc4,CHEMBL1443362,5.45,
Cc1ccc(cc1)S(=O)(=O)N(CC(=O)N\N=C\c2ccc(F)cc2)c3cccc4cccnc34,CHEMBL3190889,5.90,
Cc1ccc(cc1)S(=O)(=O)N(CC(=O)N2CCN(CC2)c3ccc(F)cc3)C4CCCCC4,CHEMBL1453354,6.00,
Cc1ccc(cc1)S(=O)(=O)N[C@@H](CCCCN)C(=O)CCl,CHEMBL466465,4.90,
Cc1ccc(cc1)S(=O)(=O)N\N=C\c2cn(CC(=O)Nc3ccc(F)cc3F)c4ccccc24,CHEMBL2440384,,4.37
Cc1ccc(cc1)S(=O)(=O)n2c3ccccc3c4nnc(nc24)C(=O)c5ccccc5,CHEMBL1514221,5.40,
Cc1ccc(cc1)S(=O)(=O)Nc2cc(O)nc3CCCc23,CHEMBL1358738,5.50,
Cc1ccc(cc1)S(=O)(=O)NC2CCCCC2,CHEMBL1371652,4.70,
Cc1ccc(cc1)S(=O)(=O)NCC2CCC(CC2)C(=O)N3CCC4(CC3)OCCO4,CHEMBL1306620,4.80,
Cc1ccc(cc1)S(=O)(=O)NCCn2c(C)cc3ccccc23,CHEMBL1384353,5.30,
Cc1ccc(cc1C)N(C(C(=O)NC2CCCCC2)c3cccs3)C(=O)C(F)(F)F,CHEMBL1741490,5.20,
Cc1ccc(cc1C)n2c(C)nnc2SCC(=O)N3CCc4ccccc4C3,CHEMBL1548344,5.05,
Cc1ccc(cc1F)N2C(SCC2=O)c3cccnc3,CHEMBL1389463,4.80,
Cc1ccc(cc1N2CCCC2=O)C(=O)NC3CCCCCC3,CHEMBL1705149,4.60,
Cc1ccc(cc1NC(=O)COC(=O)CCC(=O)c2cccs2)S(=O)(=O)N3CCOCC3,CHEMBL1586504,4.95,
Cc1ccc(cc1NC(=S)NC(=O)c2ccccc2)c3nc4ccccc4s3,CHEMBL1496528,4.85,
Cc1ccc(cc1O)C(=O)c2nc3ccc(O)cc3s2,CHEMBL2170754,4.27,
Cc1ccc(Cc2cc[n+](C)c(COc3ccc(C)cc3)c2)cc1.[O-]S(=O)(=O)C(F)(F)F,CHEMBL2324261,,6.46
Cc1ccc(CCN2CC(CC2=O)C(=O)NC3CCCC3)cc1,CHEMBL1414122,4.80,
Cc1ccc(CCNC(=O)C2CC(=NO2)c3ccccc3[N+](=O)[O-])cc1,CHEMBL1424808,5.95,
Cc1ccc(CCNC[C@H](O)COc2ccc(NS(=O)(=O)C)cc2)cc1C,CHEMBL494061,,5.62
Cc1ccc(Cl)cc1N,CHEMBL553181,4.50,
Cc1ccc(CN(C2CCS(=O)(=O)C2)C(=O)C3=Cc4ccccc4OC3=O)cc1,CHEMBL1349786,5.35,
Cc1ccc(cn1)[C@@H]2CC[C@@H](CC2)N3CC(C3)NC(=O)CNc4n[nH]c5ccc(cc45)C(F)(F)F,CHEMBL1834788,,4.57
Cc1ccc(cn1)C(=O)N\N=C/c2cccn2C,CHEMBL3193388,6.50,
Cc1ccc(cn1)c2c(C)c(CNC3CCCC3)nn2c4ncc(Cl)cc4Cl,CHEMBL468307,,5.92
Cc1ccc(cn1)n2c(C)c(CNC3CCCC3)nc2c4ncccc4Cl,CHEMBL554299,,4.72
Cc1ccc(Cn2c(nc3ccccc23)C4CNCCS4)cc1,CHEMBL1935444,5.02,6.03
Cc1ccc(CNC(=O)C2CCC(=O)N2C3CCCCC3)cc1,CHEMBL1741905,5.10,
Cc1ccc(CNC(=O)Cc2csc(Nc3nc(S)nc4ccccc34)n2)cc1,CHEMBL1384675,6.00,
Cc1ccc(CNC(=O)CN2C(=O)COc3ccc(C)cc23)cc1,CHEMBL1741458,5.75,
Cc1ccc(CNc2nc(N)c(c(Nc3ccc(F)cc3)n2)[N+](=O)[O-])cc1,CHEMBL1557851,5.70,
Cc1ccc(CS(=O)(=O)CCC(=O)NCc2cccs2)cc1,CHEMBL1596762,4.95,
Cc1ccc(CS(=O)(=O)CCC(=O)NCCCN2CCCC2)cc1,CHEMBL1321738,4.55,
Cc1ccc(CSc2nnc(n2Cc3ccc(F)cc3)C(F)(F)F)cc1,CHEMBL1412450,5.50,
Cc1ccc(F)cc1C(C)(C)CC(O)(Cc2cc3cc(N)ncc3[nH]2)C(F)(F)F,CHEMBL3358926,6.30,
Cc1ccc(F)cc1C(C)(C)CC(O)(Cc2cc3cc(ncc3[nH]2)N4CCOCC4)C(F)(F)F,CHEMBL3358929,8.00,
Cc1ccc(N\C(=C(\C(=O)c2ccc(C)c(c2)[N+](=O)[O-])/[n+]3ccccc3)\[S-])cc1C,CHEMBL1444545,4.95,
Cc1ccc(N\N=C\2/C(=O)NN(C2=N)c3ccccc3)cc1,CHEMBL2369261,4.95,
Cc1ccc(NC(=NC2CCCC2)S)cc1,CHEMBL1442243,5.00,
Cc1ccc(NC(=NCCN2CCOCC2)S)cc1C,CHEMBL1346217,4.80,
Cc1ccc(NC(=O)[C@H](COC2CCC2)Oc3ncnc4c3cnn4c5ncccc5Cl)nc1,CHEMBL3221490,,4.40
Cc1ccc(NC(=O)\C(=C/c2ccc(cc2)[N+](=O)[O-])\NC(=O)c3ccccc3)cc1,CHEMBL1508832,5.95,
Cc1ccc(NC(=O)c2c(Cl)n(C)nc2C(F)(F)F)cc1C,CHEMBL1307848,5.55,
Cc1ccc(NC(=O)c2cc(nc3ccccc23)c4ccccc4)cc1,CHEMBL2152013,5.40,
Cc1ccc(NC(=O)c2cc(nc3ccccc23)c4ccncc4)cc1,CHEMBL2152016,6.27,
Cc1ccc(NC(=O)c2cc(nc3ccccc23)c4cnccn4)cc1,CHEMBL2152023,5.57,
Cc1ccc(NC(=O)CCc2c(C)nc3ncnn3c2C)nc1,CHEMBL1535937,4.80,
Cc1ccc(NC(=O)CCc2ccc(cc2)S(=O)(=O)NC3CCCCC3)cc1,CHEMBL1384971,6.05,
Cc1ccc(NC(=O)CN2C(=O)S\C(=C/c3cccn3C)\C2=O)cc1,CHEMBL1389640,5.15,
Cc1ccc(NC(=S)N2CCN(CC2)C3CCCCC3)cc1,CHEMBL1741628,5.00,
Cc1ccc(NC2=CC(=O)N(C3CCCCC3)C(=O)N2)cc1C,CHEMBL1351344,5.05,
Cc1ccc(Nc2c(nc3CN(CCn23)C(=O)CN)c4ccc(F)cc4)cc1,CHEMBL1800769,,4.96
Cc1ccc(Nc2ccc(nn2)n3ccnc3)cc1C,CHEMBL1484866,7.10,
Cc1ccc(Nc2nc(cs2)c3sc(NC(=O)c4cccc(Cl)c4)nc3C)cc1,CHEMBL1572734,4.95,
Cc1ccc(Nc2nnns2)cc1,CHEMBL1456034,4.65,
Cc1ccc(NCC(=O)N\N=C\c2ccc(OC(=O)c3occc3)cc2)cc1,CHEMBL3211795,4.75,
Cc1ccc(NNS(=O)(=O)c2ccc(C)cc2)cc1,CHEMBL1556561,4.55,
Cc1ccc(NS(=O)(=O)c2cc(ccc2Cl)C(=O)N3CCc4ccccc4C3)cc1,CHEMBL1496101,5.90,
Cc1ccc(NS(=O)(=O)c2ccccc2Cl)c3OC(C)(C)Cc13,CHEMBL1305916,6.15,
Cc1ccc(O)c(c1)c2cc(nc(n2)c3ccccc3)C(F)(F)C(F)F,CHEMBL1362249,5.05,
Cc1ccc(OC(=O)c2oc3ccc(F)cc3c2C)c(C)c1,CHEMBL1599905,4.40,
Cc1ccc(OC(=O)N(CC(=O)O)Cc2cccc(OCc3nc(oc3C)c4ccc(C)cc4)c2)cc1,CHEMBL1090877,,4.59
Cc1ccc(OC(=O)N(CC(=O)O)Cc2cccc(OCc3nc(oc3C)c4ccc(F)cc4)c2)cc1,CHEMBL1089164,,4.42
Cc1ccc(OC(=O)N(CC(=O)O)Cc2cccc(OCc3nc(sc3C)c4ccc(Cl)cc4)c2)cc1,CHEMBL1091664,,5.00
Cc1ccc(OC(=O)N(CC(=O)O)Cc2cccc(OCc3oc(nc3C)c4ccc(Cl)cc4)c2)cc1,CHEMBL1090211,,4.70
Cc1ccc(Oc2cc(nc(n2)c3ccccc3)N4CCOCC4)cc1,CHEMBL1524591,4.85,
Cc1ccc(Oc2ccc(cc2)C(=O)NCc3ccncc3)cc1,CHEMBL1427458,6.00,
Cc1ccc(OCC(=O)Nc2ccc(cc2)S(=O)(=O)Nc3onc(C)c3C)cc1,CHEMBL1319393,4.45,
Cc1ccc(OCC(O)CNC(=O)c2ccccc2C(=O)O)cc1,CHEMBL1723585,4.55,
Cc1ccc(OCCCC(=O)Nc2ccccc2C(F)(F)F)cc1,CHEMBL1318937,4.80,
Cc1ccc(OCCCc2cccc(CCCOc3ccc(C)cc3)[n+]2C)cc1,CHEMBL2325205,,6.02
Cc1ccc(OCCNC(=O)c2cncc(Br)c2)cc1C,CHEMBL1311806,5.15,
Cc1ccc(Sc2nc(C)cc(C)c2S(=O)(=O)C)cc1,CHEMBL1589809,4.85,
Cc1ccc(Sc2nc(ccc2C#N)c3ccccc3)cc1,CHEMBL1388668,4.70,
Cc1ccc(SCC(=O)N2c3ccccc3Sc4ccccc24)cc1,CHEMBL1371202,5.85,
Cc1ccc(SCC(=O)Nc2cccc(NC(=O)c3occc3)c2)cc1,CHEMBL1365785,4.65,
Cc1ccc(SCC(=O)NNC(=O)C2CCCCC2)cc1,CHEMBL1741630,5.10,
Cc1ccc(SCc2ccc(cc2)C(=O)NCc3ccncc3)cc1,CHEMBL1418864,5.15,
Cc1ccc(SCc2noc(C(=O)NCC3CCCO3)c2C(=O)O)cc1C,CHEMBL1741698,4.85,
Cc1ccc(SCCNC(=O)c2ccc(C)c(c2)S(=O)(=O)Nc3ccccc3C)cc1,CHEMBL1376755,6.20,
Cc1ccc2C(=O)c3ccccc3C(=O)c2c1N,CHEMBL1413787,5.30,
Cc1ccc2c(C)nc(Nc3nc(O)cc(CSc4nc5ccccc5[nH]4)n3)nc2c1,CHEMBL1449103,5.55,
Cc1ccc2c(CC[C@H]3CC(=O)CC[C@@]23C)c1,CHEMBL1318163,4.80,
Cc1ccc2c(cccc2n1)c3nnc(SCCCCN4CCc5cc6nc(oc6c(C)c5CC4)C(F)(F)F)n3C,CHEMBL271097,,6.60
Cc1ccc2c(cccc2n1)c3nnc(SCCCN4CC5CC5(C4)c6ccc(Br)cc6)n3C,CHEMBL1079497,,6.90
Cc1ccc2c(cccc2n1)c3nnc(SCCCN4CC5CC5(C4)c6ccc(cc6)C#N)n3C,CHEMBL1079577,,6.20
Cc1ccc2c(cccc2n1)c3nnc(SCCCN4CC5CC5(C4)c6ccccc6)n3C,CHEMBL1081203,,5.30
Cc1ccc2c(cccc2n1)c3nnc(SCCCN4CCc5cc6oc(nc6cc5CC4)C(C)(C)C)n3C,CHEMBL429132,,6.10
Cc1ccc2c(cccc2n1)c3nnc(SCCCN4CCc5cc6oc(nc6cc5CC4)C(C)(F)F)n3C,CHEMBL256473,,5.90
Cc1ccc2c(cccc2n1)c3nnc(SCCCN4CCc5cc6oc(nc6cc5CC4)C7CC7)n3C,CHEMBL272695,,6.00
Cc1ccc2c(cccc2n1)c3nnc(SCCCN4CCc5ccc6oc(nc6c5CC4)C(F)(F)F)n3C,CHEMBL272150,,5.70
Cc1ccc2c(cccc2n1)c3nnc(SCCCN4CCc5nc6cc(ccn6c5CC4)C(F)(F)F)n3C,CHEMBL411293,,6.60
Cc1ccc2c(cccc2n1)c3nnc(SCCCN4CCc5nc6ccc(Cl)cn6c5CC4)n3C,CHEMBL257716,,5.80
Cc1ccc2c(cccc2n1)c3nnc(SCCN4CCc5cc6nc(oc6c(C)c5CC4)C(F)(F)F)n3C,CHEMBL257900,,6.40
Cc1ccc2c(cccc2n1)N3CCN(CCc4cccc5c4OCc6c(ncn56)C(=O)N7CCCCC7)CC3,CHEMBL1242623,,6.00
Cc1ccc2c(cccc2n1)N3CCN(CCc4cccc5c4OCc6nc(C)cn56)CC3,CHEMBL1241547,,6.40
Cc1ccc2c(cccc2n1)N3CCN(CCc4cccc5c4OCc6nc(cn56)C(F)(F)F)CC3,CHEMBL1241641,,7.60
Cc1ccc2cccc(NC(=O)[C@@]3(O)CC[C@@H](CC3)NCc4cc5OCCOc5cn4)c2n1,CHEMBL1926867,,5.70
CC1CCC2N([C@H]1c3ccc(NC(=O)C)cc3)C(=O)C4CCC(C)C(N4C2=O)c5ccc(NC(=O)C)cc5,CHEMBL1354964,5.50,
CC1CCC2N(CC(CO)OC2=O)C1c3ccc(Br)cc3,CHEMBL1394048,5.50,
CC1CCC2N(CC(COc3ccc(cc3)C(C)(C)C)OC2=O)C1c4ccc(Br)cc4,CHEMBL1370938,5.40,
Cc1ccc2NC(=O)N(C3CCN(CC3)C4CCOCC4)c2c1,CHEMBL2146599,,4.60
Cc1ccc2nc(CN3CCN(CC3)C(=O)CC(c4ccccc4)c5ccc(F)cc5)oc2c1,CHEMBL1645172,,5.64
Cc1ccc2nc(N\N=C/c3cccc(C)n3)cc(C)c2c1,CHEMBL1318285,5.50,
Cc1ccc2OC(=O)c3c(oc4c(C)c(O)c(O)cc34)c2c1,CHEMBL1476449,4.90,
Cc1ccc2OC(CNc2c1)C(=O)NC3CCCCC3,CHEMBL1332286,4.50,
Cc1ccc2oc(nc2n1)N3CCN4CCC3CC4,CHEMBL604798,,4.40
Cc1cccc(\C=C/c2ccccc2)n1,CHEMBL407232,4.80,
Cc1cccc(C)c1CNc2cc(cn3c(C)c(C)nc23)C4=CNC(=O)NC4=O,CHEMBL496806,5.59,
Cc1cccc(C)c1CNc2cc(cn3c(C)c(C)nc23)c4occc4,CHEMBL496426,5.75,
Cc1cccc(C)c1CNc2cc(cn3c(C)c(C)nc23)N4C=CC(=O)C=C4,CHEMBL495786,4.55,
Cc1cccc(C)c1CNc2cc(cn3c(C)c(C)nc23)N4CCCCC4=O,CHEMBL496400,4.66,
Cc1cccc(C)c1CNc2cc(cn3c(C)c(C)nc23)N4CCNC4=O,CHEMBL521889,5.19,
Cc1cccc(C)c1CNc2cc(cn3c(C)c(C)nc23)n4cncn4,CHEMBL496606,4.77,
Cc1cccc(C)c1CNc2cccc3c2nc(C)n3C,CHEMBL1081505,4.89,
Cc1cccc(C)c1CNc2nc(cc3c(C)c(C)[nH]c23)C4=CC=CC(=O)N4,CHEMBL1079437,5.66,
Cc1cccc(C)c1CNc2nc(cc3c(C)c(C)[nH]c23)N4CCNC4=O,CHEMBL1079957,5.80,
Cc1cccc(C)c1CNc2nc(cc3c(C)c(C)[nH]c23)N4CCOCC4=O,CHEMBL1079436,4.66,
Cc1cccc(C)c1CNc2nccc3c2nc(C)n3C,CHEMBL1081870,4.68,
Cc1cccc(C)c1n2nnnc2C(C)(C)\N=C\c3ccc(Cl)cc3,CHEMBL3199688,4.65,
Cc1cccc(C)c1NC(=O)C(NC=O)c2ccccc2Cl,CHEMBL1510548,5.00,
Cc1cccc(C)c1NC(=O)CSc2nnc(c3ccccc3)n2Cc4ccc5OCOc5c4,CHEMBL1562730,6.35,
CC1CCCC(C)N1C(=O)c2ccc(cc2)S(=O)(=O)N3CCC(CC3)n4nnc5cc(C)ccc45,CHEMBL1353317,5.85,
Cc1cccc(c1)C(=O)N\N=C\c2ccc(OCC(=O)N3CCCCC3)cc2,CHEMBL3189450,4.70,
Cc1cccc(c1)C(=O)NC2CCN(CC2)C(=NCc3occc3)S,CHEMBL1464044,5.25,
Cc1cccc(c1)C(=O)ON=C(N)c2cccc(c2)[N+](=O)[O-],CHEMBL1350809,4.75,
Cc1cccc(c1)C2=CC(=O)c3cc(Br)ccc3O2,CHEMBL497781,4.90,
Cc1cccc(c1)C2=CC(=O)c3cc(C)ccc3O2,CHEMBL137498,5.40,
Cc1cccc(c1)c2ccc(cc2)C#Cc3cccc(C#Cc4ccc(cc4)c5cccc(C)c5)[n+]3C.[O-]S(=O)(=O)C(F)(F)F,CHEMBL3590495,,6.91
Cc1cccc(c1)c2oc(C)c(CN3CCCC(C3)C(=O)NC4CCCCC4)n2,CHEMBL1582666,5.50,
Cc1cccc(c1)N(CC(=O)NCCSCc2occc2)S(=O)(=O)c3ccccc3,CHEMBL1485397,5.45,
Cc1cccc(c1)N2CCN(CCCCNC(=O)c3oc4ccccc4c3)CC2,CHEMBL496739,,6.03
Cc1cccc(c1)n2nc(c(NCc3cccnc3)[n+]2[O-])[N+](=O)[O-],CHEMBL1416252,4.80,
Cc1cccc(CC(=O)N2CCc3c(F)c(ccc23)c4cn(C)c5ncnc(N)c45)n1,CHEMBL2441340,4.71,
Cc1cccc(CCN2C(C(=O)NCc3ccc(OC(F)(F)F)cc3)c4ccccc4C2=O)n1,CHEMBL2164356,,5.18
Cc1cccc(CCN2CCC(CC2)C(=O)c3ccc(NS(=O)(=O)C)cc3)n1,CHEMBL327980,5.20,7.16
Cc1cccc(CN2[C@@H]3CC[C@H]2C[C@@H](C3)Oc4cccc(c4)C(=O)N)c1,CHEMBL1257937,,9.28
Cc1cccc(CN2C=Nc3c(nnn3Cc4ccc(Cl)cc4)C2=O)c1,CHEMBL1432306,5.10,
Cc1cccc(CNc2nc(nc3ccccc23)c4c(C)onc4C)c1,CHEMBL1358092,5.70,
Cc1cccc(CNc2nc(nc3ccccc23)c4cocc4)c1,CHEMBL1433464,5.20,
Cc1cccc(CNc2ncncc2c3ccc4OCOc4c3)c1,CHEMBL1561366,6.60,
Cc1cccc(CNc2ncncc2c3cccc(c3)C#N)c1,CHEMBL509150,6.70,
Cc1cccc(CNc2ncncc2c3ccccc3C(F)(F)F)c1,CHEMBL491909,7.10,
Cc1cccc(N2CCN(CCNC(=O)c3cc(n(C)c3C)C(C)(C)C)CC2)c1C,CHEMBL1214595,,4.93
Cc1cccc(NC(=Nc2ccc(Br)cc2)S)c1,CHEMBL1491271,4.60,
Cc1cccc(NC(=NCc2ccccn2)S)c1,CHEMBL1353775,4.65,
Cc1cccc(NC(=O)C23CCC(C)(C2Br)C3(C)C)c1,CHEMBL1598543,4.90,
Cc1cccc(NC(=O)CSc2nc3ccccc3c4nc(CCc5c(C)n[nH]c5C)nn24)c1,CHEMBL1557947,5.45,
Cc1cccc(NC(=O)Nc2ccc(cc2)c3csc4c(cnc(N)c34)c5cn[nH]c5)c1,CHEMBL1969102,6.12,
Cc1cccc(NC(=O)NNC(=O)c2cc(nc3ccccc23)c4ccccc4Cl)c1,CHEMBL1502107,5.40,
Cc1cccc(NC(=S)NC(=O)c2cccs2)n1,CHEMBL1584758,4.55,
Cc1cccc(NC(=S)NC(=O)CCc2ccccc2)c1,CHEMBL1378322,4.60,
Cc1cccc(NC(NC(=O)c2cccnc2)C(Cl)(Cl)Cl)c1,CHEMBL1703799,5.00,
Cc1cccc(NC2(N=C(NC2=O)c3ccccc3)C(F)(F)F)n1,CHEMBL1486864,4.80,
Cc1cccc(Nc2c(cc(c3cccnc23)[N+](=O)[O-])[N+](=O)[O-])c1C,CHEMBL1424815,5.30,
Cc1cccc(Nc2cc(Cl)nc(SCC(=O)O)n2)c1C,CHEMBL295416,5.20,
Cc1cccc(Nc2ccccc2C(=O)O)c1C,CHEMBL686,4.90,
Cc1cccc(Nc2ccccc2C(=O)OCC(=O)N3CCOCC3)c1C,CHEMBL1431290,4.80,
Cc1cccc(Nc2nc(N[C@@H]3CCCNC3)ncc2C(=O)N)c1,CHEMBL1834757,,5.60
Cc1cccc(Nc2nc(N[C@@H]3COC[C@@H]3N)ncc2C(=O)N)c1,CHEMBL1835067,,5.40
Cc1cccc(Nc2nc(N[C@H]3CCCNC3)ncc2C(=O)N)c1,CHEMBL1834758,,5.80
Cc1cccc(Oc2ncc(cn2)c3ccc(Cl)cc3)c1C,CHEMBL1425511,4.60,
Cc1cccc(OCC(=O)NNC(=O)CSc2ncc(C#N)c(N)n2)c1,CHEMBL1723995,4.85,
Cc1cccc2[nH]c3c(ncnc3c12)N4CCN(CCc5ccc(F)c(F)c5)CC4,CHEMBL26369,5.03,
Cc1cccc2C(=O)N(CCc3ccccn3)C(C(=O)NCc4ccc(OC(F)(F)F)cc4)c12,CHEMBL2164369,,5.25
Cc1cccc2c(CCNC(=O)c3ccc4C(=O)c5ccccc5C(=O)c4c3[N+](=O)[O-])c(C)[nH]c12,CHEMBL1329046,5.50,
Cc1ccccc1[C@@H]2CCN(C[C@@H]3CCc4cccnc4[C@@H](O)C3)C[C@H]2O,CHEMBL512896,,4.40
Cc1ccccc1[C@H](CC(=O)O)NC(=O)C2=CC(=O)N(N2)c3ccccc3F,CHEMBL3145341,7.42,
Cc1ccccc1[C@H]2C[C@H](CC[C@@H]2C(=O)N3CC(C3)(c4ccccc4)c5ccccc5)NCc6ccc(Cl)cc6,CHEMBL3086045,4.60,8.52
Cc1ccccc1C(=O)NC(=S)NCC(=O)c2ccccc2,CHEMBL1580127,4.55,
Cc1ccccc1C(=O)NC(NCc2occc2)C(Cl)(Cl)Cl,CHEMBL1701169,4.60,
Cc1ccccc1C(N(C(=O)Cc2cccs2)c3ccc4OCCOc4c3)C(=O)NC5CCCC5,CHEMBL1544517,6.00,
Cc1ccccc1C(N(Cc2occc2)C(=O)c3ccccn3)C(=O)NCc4ccccc4,CHEMBL1343368,5.50,
Cc1ccccc1c2cc(ncn2)n3ccnc3,CHEMBL1553070,6.40,
Cc1ccccc1C2CCN(C[C@H]3CCc4cccnc4[C@@H](O)C3)CC2,CHEMBL471994,,6.51
Cc1ccccc1c2cncnc2Nc3ccc(F)cc3,CHEMBL1516170,6.70,
Cc1ccccc1c2cncnc2Nc3ccccc3,CHEMBL1475789,6.20,
Cc1ccccc1c2cncnc2NCCN3CCOCC3,CHEMBL1442173,5.80,
Cc1ccccc1c2nccc(NCc3cccnc3)n2,CHEMBL1318042,5.40,
Cc1ccccc1c2nccc(NCCN3CCOCC3)n2,CHEMBL1594030,4.60,
Cc1ccccc1Cn2cc(NC(=O)CSc3nc4c(CCc5ccccc45)c(n3)C(F)(F)F)cn2,CHEMBL1328340,5.30,
Cc1ccccc1CN2CCN(CC(=O)NCCCN3CCN(CC3)c4ccc(F)cc4)C2=O,CHEMBL1458036,4.60,
Cc1ccccc1CS(=O)(=O)CCC(=O)NCCCN2CCN(CC2)c3ccccc3F,CHEMBL1528351,4.95,
Cc1ccccc1N=Nc2ccc(N)c(C)c2,CHEMBL83552,5.30,
Cc1ccccc1n2cnc3cc(NCc4cccs4)ccc23,CHEMBL1418178,5.30,
Cc1ccccc1OC2C(N(Cc3ccc4OCOc4c3)C2=O)c5sccc5C,CHEMBL1361675,6.10,
Cc1ccccc1OCC(O)Cn2c3ccccc3c4ccccc24,CHEMBL1603906,4.90,
Cc1ccccc1S(=O)(=O)c2c(C)cc(nc2O)c3ccccc3,CHEMBL1351656,4.55,
CC1CCCCN1CCCn2c(nc3c(nc(C)nc23)N4CCOCC4)c5ccccc5,CHEMBL1337381,4.80,
CC1CCCCN1CCN2CCN(C2=O)c3cccc(Cl)c3,CHEMBL561054,,5.70
CC1CCCN(C1)C(C(=O)Nc2ccc3OCCOc3c2)c4ccccc4,CHEMBL1413443,4.85,
CC1CCCN1C2CCN(C2)c3ccc(NC(=O)c4cc(F)ccc4C)c(C)c3,CHEMBL2391167,,6.32
CC1CCCN1C2CCN(C2)c3ccc(NC(=O)c4ccccc4F)c(C)c3,CHEMBL2391166,,6.00
Cc1cccn2c(\C=N\OCc3cccc(F)c3)c(nc12)c4ccc(Cl)cc4,CHEMBL1964667,4.85,
Cc1cccnc1CN2CCC3(CC2)N(C(=O)N(C3=O)c4ccc(cc4)c5ccc(cc5)C(=O)O)c6cnccn6,CHEMBL2041189,,4.80
Cc1cccnc1CN2CCC3(CC2)N(C(=O)N(C3=O)c4ccc(cc4)c5ccc(cc5C)C(=O)O)c6cc(ncn6)C(F)(F)F,CHEMBL2041183,,4.68
Cc1cccnc1CN2CCC3(CC2)N(C(=O)N(C3=O)c4ccc(cc4)c5ccc(cc5C)C(=O)O)c6nccnc6C,CHEMBL2041186,,5.11
Cc1cccnc1CN2CCC3(CC2)N(C(=O)N(C3=O)c4ccc(cc4)c5ccc6scnc6c5)c7cc(O)ncn7,CHEMBL2041175,,5.82
Cc1cccnc1CN2CCC3(CC2)N(C(=O)N(C3=O)c4ccc(cc4)n5cccn5)c6cc(O)ncn6,CHEMBL2040895,,5.05
CC1CCN(CC1)C(=O)Oc2c(Cl)cc(Cl)c3cccnc23,CHEMBL1401539,4.80,
CC1CCN(CCCOC2=NN(C(=O)C=C2)c3ccc(Cl)cc3)CC1,CHEMBL3805101,,5.79
CC1CCN(CCCOc2ccc(cc2)N3C(=Nc4ccccc4C3=O)C)C1,CHEMBL515477,,5.19
Cc1ccn2c(NC(=O)c3ccccc3)c(nc2c1)c4cccs4,CHEMBL1741329,5.10,
Cc1ccn2nc3CN(Cc3c2n1)[C@H]4CO[C@@H]([C@@H](N)C4)c5cc(F)ccc5F,CHEMBL3805400,,4.75
Cc1ccnc(C)c1C(=O)N2CCC(C)(CC2)N3CCC(CC3)N(c4ccccc4)c5ccccc5,CHEMBL58387,,6.24
Cc1ccnc(c1)N2C(=O)C3C4CC(C(Br)C4Br)C3C2=O,CHEMBL1508636,4.60,
Cc1cn(Cc2ccccc2)c3ncnc(OC4CCN(Cc5cscn5)CC4)c13,CHEMBL2012179,,5.85
CC1CN(CCN1)c2cc3N(C=C(C(=O)O)C(=O)c3c(C)c2F)C4CC4,CHEMBL583,,4.11
Cc1cn(cn1)c2cc(NC(=O)c3ccc(C)c(Nc4nccc(n4)c5cccnc5)c3)cc(c2)C(F)(F)F,CHEMBL255863,,4.20
Cc1cn(cn1)c2ccc(c(F)c2)c3cn(nn3)[C@H]4CCc5c(F)cccc5N(CC(F)(F)F)C4=O,CHEMBL3609754,,5.08
Cc1cn(cn1)c2ccc(cc2)c3cn(nn3)[C@H]4CCc5c(F)cccc5N(CC(F)(F)F)C4=O,CHEMBL3608384,,5.44
Cc1cnc(CNc2cc(ncn2)c3cccc(c3)C#N)cn1,CHEMBL1398810,4.80,
Cc1cnc(CNc2cc(ncn2)c3cccc(NS(=O)(=O)C)c3)cn1,CHEMBL1449458,4.60,
Cc1cnc(CNc2ccnc(n2)c3ccccc3C)cn1,CHEMBL1609209,4.70,
Cc1cnc(CNc2ccnc(n2)c3ccccc3Cl)cn1,CHEMBL1552643,5.00,
Cc1cnc(CNc2nc(nc3ccccc23)c4c(C)onc4C)cn1,CHEMBL1516701,4.70,
Cc1cnc(CNc2nc(nc3ccccc23)c4cccc(NS(=O)(=O)C)c4)cn1,CHEMBL1554588,4.90,
Cc1cnc(CNc2nc(nc3ccccc23)c4ccccc4C)cn1,CHEMBL1394765,5.00,
Cc1cnc(CNc2nc(nc3ccccc23)c4ccccc4Cl)cn1,CHEMBL1433798,5.10,
Cc1cnc(CNc2nc(nc3ccccc23)c4cocc4)cn1,CHEMBL1374710,4.90,
Cc1cnc(CNc2ncnc3ccc(cc23)c4cccc(NS(=O)(=O)C)c4)cn1,CHEMBL1435447,4.90,
Cc1cnc(CNc2ncnc3ccc(cc23)c4ccccc4C#N)cn1,CHEMBL1320903,5.40,
Cc1cnc(CNc2ncnc3ccc(cc23)c4ccccc4Cl)cn1,CHEMBL1527332,5.60,
Cc1cnc(CNc2ncnc3ccc(cc23)c4cocc4)cn1,CHEMBL1480219,4.80,
Cc1cnc(CNc2ncncc2c3cccc(c3)C#N)cn1,CHEMBL1474633,5.70,
Cc1cnc(NC(=O)[C@H](CN2CC(O)C2)Oc3ncnc4c3cnn4c5c(Cl)cccc5Cl)cn1,CHEMBL3221531,,4.21
Cc1cnc(NC(=O)CCCc2nc3ccccc3s2)s1,CHEMBL1508610,5.70,
Cc1cnc(nc1)N2CCC(CC2)[C@H]3C[C@H]3CCOc4nc(C)cc(n4)C#N,CHEMBL1771103,,5.40
Cc1cnc2Nc3ccc(OCCN4CCCC4)c(COC\C=C\CCOc5cc(ccn5)c1n2)c3,CHEMBL2035053,6.01,
Cc1cncc(c1)N2CCC(CC2)N(c3ccc(cc3)C(F)(F)F)c4cccnc4,CHEMBL3137458,6.22,
Cc1cnnn1c2ccc(cc2)C(=O)CCl,CHEMBL1419252,4.60,
Cc1coc(n1)[C@H]2C[C@H]3[C@@H](CF)SC(=N[C@]3(CO2)c4ccc(F)cc4F)N,CHEMBL3422244,,4.71
CC1COC2=C1C(=O)C(=O)c3c2ccc4c(C)cccc34,CHEMBL1358724,4.90,
CC1COC2=C1C(=O)C(=O)c3c4CCCC(C)(C)c4ccc23,CHEMBL1518673,4.80,
Cc1csc(n1)C(C)(O)c2nnc(Nc3ncn(Cc4c(F)cccc4F)n3)s2,CHEMBL3088175,4.32,
Cc1csc(n1)c2nc3ccccc3n2C,CHEMBL1592110,4.50,
Cc1csc(NC(=O)Cc2c[nH]c3ccccc23)n1,CHEMBL1362464,4.45,
Cc1n[nH]c(c1Oc2ccccc2F)c3ccc(OCc4cnn(c4)c5ccccc5)cc3O,CHEMBL1576355,5.05,
Cc1n[nH]c(SCc2cccc(Oc3ccccc3)c2)n1,CHEMBL1493877,4.85,
Cc1n[nH]c2ccc(nc12)c3cc(OC[C@@H](N)Cc4c[nH]c5ccccc45)cnc3c6cocc6,CHEMBL596073,7.00,
Cc1n[nH]c2cnc(nc12)c3cc(OC[C@@H](N)Cc4c[nH]c5ccccc45)cnc3c6cocc6,CHEMBL603197,5.89,
Cc1n[nH]c2ncc(nc12)c3cc(OC[C@@H](N)Cc4c[nH]c5ccccc45)cnc3c6cocc6,CHEMBL596290,6.40,
Cc1n[nH]cc1C(=O)N[C@@H]2CC(C)(C)Oc3nc(c4ccc(Cl)cc4Cl)c(cc23)c5ccc(Cl)cc5,CHEMBL1095150,,5.96
Cc1nc(C#Cc2ccnc(Cl)c2)c(C)n1c3ccc(F)cc3,CHEMBL3301626,,5.15
Cc1nc(c(C#N)c(C)c1Cl)S(=O)(=O)NC2CCCCC2,CHEMBL1382823,5.10,
Cc1nc(C)c(CNc2nc(OCCCc3ccc4ccccc4n3)nc(Cl)c2C)s1,CHEMBL3622898,6.05,
Cc1nc(C)c(s1)c2nnc(SCCCN3CCC4(CCc5ccc(Cl)cc45)C3)n2C,CHEMBL1258834,,5.60
Cc1nc(C)c(s1)c2nnc(SCCCN3CCC4(CCc5ccc(F)cc45)C3)n2C,CHEMBL1257214,,5.20
Cc1nc(C)c(s1)c2nnc(SCCCN3CCC4CC4(CC3)c5ccc(cc5)C(F)(F)F)n2C,CHEMBL1257926,,6.20
Cc1nc(ccc1CC(=O)N2CCN(CCc3ccc4C(=O)OCc4c3C)CC2)n5cnnn5,CHEMBL3793685,,5.07
Cc1nc(CN(C2CCN(CC2)C3(C)CCN(CC3)C(=O)c4c(C)cc[n+]([O-])c4C)c5ccccc5)cs1,CHEMBL255857,,4.91
Cc1nc(CNC2CCN(CCN3C(=O)C=Cc4ccc(cc34)C#N)CC2)ccc1C#N,CHEMBL3290338,,5.28
Cc1nc(n[nH]1)C(=O)N[C@@H]2CC(C)(C)Oc3nc(c4ccc(Cl)cc4Cl)c(cc23)c5ccc(Cl)cc5,CHEMBL1098876,,5.70
Cc1nc(NC(=O)C2(C)CCCCC2)sc1c3ccc(N)nc3,CHEMBL2397311,4.77,
Cc1nc(nc(OCCCN2CCCC2)c1Cl)c3ccccc3,CHEMBL3359230,,5.43
Cc1nc(nc(OCCCN2CCCCC2)c1Cl)c3ccc(F)c(F)c3,CHEMBL3359238,,5.85
Cc1nc(nc(OCCCN2CCCCC2)c1Cl)c3ccc(F)cc3,CHEMBL3359237,,5.81
Cc1nc(Nc2cc(N[C@@H]3CCCC[C@@H]3N)cnc2C(=O)N)cc(OCC(C)(C)O)n1,CHEMBL3415597,,4.75
Cc1nc(nc2ccc(NC(=O)\C=C\c3ccc(Cl)cc3)cc12)N4CCC(O)(CC4)C5CC5,CHEMBL2017593,,5.25
Cc1nc(nc2ccc(NC(=O)COc3ccc(Cl)cc3)cc12)N4CCCC4,CHEMBL216228,,5.00
Cc1nc(NC2CCCCC2)c3nc(c4ccccc4)n(CCN5CCCCC5)c3n1,CHEMBL1512208,5.10,
Cc1nc(Nc2ccccc2)c3nc(c4ccccc4)n(CCN5CCOCC5)c3n1,CHEMBL1595973,5.80,
Cc1nc(NCC(=O)NC2CN(C2)[C@@H]3CC[C@@](O)(CC3)c4cncs4)c5cc(ccc5n1)C(F)(F)F,CHEMBL2315937,,4.59
Cc1nc(NCc2ccccc2)c3nc(c4ccccc4)n(CCN5CCCC5)c3n1,CHEMBL1598686,5.00,
Cc1nc(sc1c2nnc(SCC#C)n2C)c3ccccc3,CHEMBL1393076,6.00,
Cc1nc2[C@@H](CCc2s1)C(=O)Nc3ccc(C[C@@H]4CC[C@@H](N4)[C@H](O)c5cccnc5)cc3,CHEMBL3128180,4.38,4.92
Cc1nc2C(=O)c3ccccc3C(=O)c2n1C4CCCCC4,CHEMBL1560912,4.85,
Cc1nc2C(=O)N(Cc2c(c1CN)c3ccc(Cl)cc3Cl)c4ccc(cc4)C#N,CHEMBL1910108,6.17,
Cc1nc2C(=O)N(Cc2c(c1CN)c3ccc(Cl)cc3Cl)c4ccc(Cl)cc4,CHEMBL1909994,6.41,
Cc1nc2c(ccc3nc(NC(=O)c4ccc5OCCOc5c4)sc23)s1,CHEMBL1445850,5.20,
Cc1nc2c(cccc2n1c3ccc(s3)C(=O)NC4CC4)C#N,CHEMBL2012958,,4.28
Cc1nc2c(OCc3ccccc3)cccn2c1CC#N,CHEMBL47529,4.80,
CC1Nc2cc(Cl)c(cc2C(=O)N1c3ccccc3C)S(=O)(=O)N,CHEMBL878,4.40,
Cc1nc2cc(nn2c(c1CN)c3ccc(Cl)cc3Cl)c4ccccc4,CHEMBL1209538,6.00,
Cc1nc2ccccc2n1C3CC4CCC(C3)N4CCC5(CCN(CC5)C(=O)C(C)(C)c6nnn[nH]6)c7ccccc7,CHEMBL1784465,,4.74
Cc1nc2ccccc2n1C3CC4CCC(C3)N4CCC5(CCN(CC5)C(=O)C(C)(C)CO)c6ccccc6,CHEMBL1784471,,5.22
Cc1nc2ccccc2n1C3CC4CCC(C3)N4CCC5(CCN(CC5)C(=O)c6c(Cl)ccc(c6Cl)S(=O)(=O)N)c7cccc(F)c7,CHEMBL1784513,,4.28
Cc1nc2ccccc2n1C3CC4CCC(C3)N4CCC5(CCN(CC5)C(=O)c6cc(NS(=O)(=O)C)c(F)cc6F)c7cccc(F)c7,CHEMBL1784523,,4.00
Cc1nc2ccccc2n1C3CC4CCC(C3)N4CCC5(CCN(CC5)C(=O)c6ccc(NS(=O)(=O)C)cc6Cl)c7cccc(F)c7,CHEMBL1784522,,5.00
Cc1nc2ccccc2n1C3CC4CCC(C3)N4CCC5(CCN(CC5)C(=O)c6cccc(c6)C(=O)NO)c7ccccc7,CHEMBL1784468,,4.10
Cc1nc2ccccc2n1C3CC4CCC(C3)N4CCC5(CCN(CC5)C(=O)c6cccc(c6)C(=O)O)c7ccccc7,CHEMBL1784409,,4.30
Cc1nc2ccccn2c1C(=O)CSc3ccccc3Cl,CHEMBL1311432,4.90,
Cc1nc2CN(C[C@@H]3CCCN3S(=O)(=O)C4CC4)C(=O)c2c(c1CN)c5ccc(Cl)cc5Cl,CHEMBL2441841,5.52,
Cc1nc2CN(C[C@@H]3CCCO3)C(=O)c2c(c1CN)c4ccc(Cl)cc4Cl,CHEMBL2441839,4.82,
Cc1nc2cn(Cc3ccccc3)cc2c(c1CN)c4ccc(Cl)cc4Cl,CHEMBL1909986,5.96,4.85
Cc1nc2CN(Cc3ccn(C)n3)C(=O)c2c(c1CN)c4ccc(Cl)cc4Cl,CHEMBL2441833,5.10,
Cc1nc2nc(cn2c(c1CN)c3ccc(Cl)cc3Cl)c4ccccc4,CHEMBL1209853,6.00,
Cc1nc2sc(C#N)c(N)c2c3CCCCc13,CHEMBL1383532,4.85,
Cc1ncc(cn1)C(O)c2c3cc(Cl)cc(C)c3nc4[nH]nc(C)c24,CHEMBL1950091,5.10,
Cc1ncc(cn1)c2ccccc2CCNC(=O)c3ccc(OCCOCC(F)(F)F)nc3,CHEMBL2147217,,4.50
Cc1ncc(CNC2CCN(CCN3C(=O)C=Cc4ncc(F)cc34)CC2)cc1C#N,CHEMBL3290340,,4.16
Cc1ncc(OC[C@]2(C[C@H]2C(=O)Nc3ccc(F)cn3)c4cc(F)cc(F)c4)c(C)n1,CHEMBL3585955,,5.32
Cc1ncc(OC[C@]2(C[C@H]2C(=O)Nc3ccc(F)cn3)c4cccc(F)c4)c(C)n1,CHEMBL3545367,,5.22
Cc1ncccc1Oc2ncc(Cl)cc2NS(=O)(=O)c3ccc(Cl)c(Cl)c3,CHEMBL1170725,4.71,
Cc1nccn1CCCN2C(=S)N\C(=C/c3ccc(cc3)C#N)\C2=O,CHEMBL1586390,4.80,
Cc1nccnc1C(=O)N2CCC(CC2)[C@H](N)Cc3cc(F)c(F)cc3F,CHEMBL485124,,4.26
Cc1ncn(n1)c2cc(Cl)c(C(=O)NC[C@@H](c3cccc(F)c3)c4nc5ccc(Cl)cc5[nH]4)c(Cl)c2,CHEMBL3627895,,5.27
Cc1ncnc(C)c1C(=O)N2C[C@H]3CN(CCC(C4CCN(CC4)S(=O)(=O)C)c5cccc(F)c5)C[C@H]3C2,CHEMBL1269885,,4.81
Cc1ncoc1c2nnc(SCCCN3[C@@H]4CC[C@H]3C[C@H](C4)c5ccc(cc5)C(C)(C)C)n2C,CHEMBL1257215,,6.00
Cc1ncoc1c2nnc(SCCCN3[C@@H]4CC[C@H]3C[C@H](C4)c5ccc(cc5F)C(F)(F)F)n2C,CHEMBL1257448,,6.30
Cc1ncoc1c2nnc(SCCCN3C[C@@H]4C[C@@]4(C3)c5ccc(cc5)C(C)(C)C)n2C,CHEMBL1079824,,6.00
Cc1ncoc1c2nnc(SCCCN3CC4CC4(C3)c5ccc(cc5)C(F)(F)F)n2C,CHEMBL1079481,,6.00
Cc1ncoc1c2nnc(SCCCN3CC4CC4(C3)c5cccc(c5F)C(F)(F)F)n2C,CHEMBL1079938,,5.40
Cc1ncoc1c2nnc(SCCCN3CC4CC4(C3)c5cccc(F)c5)n2C,CHEMBL1079980,,5.70
Cc1ncoc1c2nnc(SCCCN3CC4CC4(C3)c5cccc(OC(F)(F)F)c5)n2C,CHEMBL1081934,,6.00
Cc1ncoc1c2nnc(SCCCN3CC4CN(C4C3)c5ccc(cc5)C(F)(F)F)n2C,CHEMBL3774515,,6.20
Cc1ncoc1c2nnc(SCCCN3CCC4(CC4C3)c5cccc(c5)C(F)(F)F)n2C,CHEMBL1257808,,6.70
Cc1ncoc1c2nnc(SCCCN3CCC4(CC4C3)c5ccccc5)n2C,CHEMBL1257565,,5.30
Cc1ncoc1c2nnc(SCCCN3CCC4(CCc5cc(Br)ccc45)C3)n2C,CHEMBL1258712,,6.50
Cc1ncoc1c2nnc(SCCCN3CCC4CC4(C3)c5cccc(c5)C(F)(F)F)n2C,CHEMBL1257687,,5.70
Cc1ncoc1c2nnc(SCCCN3CCc4cc5oc(CC6CC6)nc5cc4CC3)n2C,CHEMBL255619,,6.00
Cc1ncoc1c2nnc(SCCCN3CCc4ccc5oc(nc5c4CC3)C(C)(F)F)n2C,CHEMBL437792,,5.60
Cc1ncoc1c2nnc(SCCCN3CCOC(C3)c4ccc(cc4)C(F)(F)F)n2C,CHEMBL3764557,,5.50
Cc1ncoc1c2nnc(SCCCN3CCOC(C3)c4ccc(F)cc4)n2C,CHEMBL3765754,,5.50
Cc1nn(c(C)c1\C=N\N2CCN(Cc3ccccc3)CC2)c4ccccc4,CHEMBL515916,5.00,
Cc1nn(C)c(C)c1CNC(=O)c2cnn3C(CC(Nc23)c4ccccc4)C(F)(F)F,CHEMBL1330448,4.90,
Cc1nn(C)c(C)c1NS(=O)(=O)c2c(Cl)cc(cc2Cl)c3ccnc(c3)N4CCNCC4,CHEMBL1230468,,4.55
Cc1nn(C)cc1c2nc3c(N4CCN(Cc5nocn5)CC4)c(Cl)cnc3[nH]2,CHEMBL2207500,,4.96
Cc1nn(C2CCN(CCO)CC2)c(C)c1Nc3ncc(Cl)c(n3)c4cnn5ccccc45,CHEMBL3824323,,5.03
Cc1nn(CC(=O)NCc2ccccc2)c(C)c1[N+](=O)[O-],CHEMBL1742047,4.65,
Cc1nn(Cc2c(F)c(F)c(F)c(F)c2F)c(C)c1NC(=O)c3c(C)n(nc3c4ccccc4)c5ccccc5,CHEMBL1471931,5.65,
Cc1nn(Cc2ccc(Cl)cc2)c(C)c1NC(=O)CSc3nc4c(CCc5ccccc45)c(n3)C(F)(F)F,CHEMBL1556705,5.50,
Cc1nn(CCc2nnc(S)n2c3ccc(F)c(Cl)c3)c(C)c1[N+](=O)[O-],CHEMBL1471635,5.50,
Cc1nn2C(C3=C(O)CCCC3=Nc2c1c4ccccc4)c5ccccc5,CHEMBL1432402,5.20,
Cc1nnc(C)n1\N=C\c2ccc(cc2)c3ccccc3,CHEMBL3198972,4.65,
Cc1nnc(O)nc1NCc2ccccc2Cl,CHEMBL1359611,4.40,
Cc1noc(n1)[C@H]2C[C@@H]2C(=O)NCc3ccc(c4CCN(Cc34)C(=O)NC(C)(C)C)c5cccc(OC(F)(F)F)c5,CHEMBL3734797,4.89,5.63
Cc1noc(n1)\C(=C\c2cccc(c2)N3C=C(C(=O)Nc4c(Cl)cncc4Cl)C(=O)c5cccnc35)\c6ccc(cc6)S(=O)(=O)C,CHEMBL499477,,6.17
Cc1noc(NS(=O)(=O)c2ccc(N\C=C\C(=O)c3ccc4OCOc4c3)cc2)c1C,CHEMBL1452864,4.95,
Cc1noc(NS(=O)(=O)c2ccc(NC(=O)CC34CC5CC(CC(Br)(C5)C3)C4)cc2)c1C,CHEMBL1499289,5.20,
Cc1nsc(n1)c2nnc3CN(CCn23)C(=O)c4ccc(F)cc4,CHEMBL3608684,,4.30
Cc1oc(\C=N/Nc2nc3cc(Cl)ccc3[nH]2)cc1,CHEMBL3195732,5.05,
Cc1oc(\C=N\NC(=O)CN(c2ccccc2Br)S(=O)(=O)C)cc1Br,CHEMBL3192219,5.25,
Cc1oc(CC(=O)Nc2nc(C)c(s2)c3ccc(N)nc3)nc1c4ccccc4,CHEMBL2397313,5.11,
Cc1oc(cc1)c2nc(NC(=O)COc3cc(C)nc(C)c3)cc(n2)n4nc(C)cc4C,CHEMBL253528,5.96,
Cc1oc(nc1)c2ccc3CCN(CCCSc4nnc(c5cccn5C)n4C)CCc3c2,CHEMBL244277,,6.30
Cc1oc(nc1)c2ccc3CCN(CCCSc4nnc(c5cccs5)n4C)CCc3c2,CHEMBL244275,,6.50
Cc1oc(nc1CCOc2ccc(C[C@H]3[C@H](N(C3=O)c4ccc(cc4)C(C)(C)C)C(=O)O)cc2)c5ccccc5,CHEMBL256468,4.55,4.74
Cc1oc(nc1CCOc2cccc(C[C@H]3[C@H](N(C3=O)c4ccc(cc4)C(C)(C)C)C(=O)O)c2)c5ccc(Cl)cc5,CHEMBL272336,5.33,5.89
Cc1oc(nc1CCOc2cccc(C[C@H]3[C@H](N(C3=O)c4ccc(cc4)C(C)(C)C)C(=O)O)c2)c5ccccc5,CHEMBL255389,4.72,5.21
Cc1oc(nc1CSCC(=O)NCc2ccc3OCOc3c2)c4ccccc4F,CHEMBL1409258,6.00,
Cc1oc2c(Br)c3CCN(CCSc4nnc(c5cccc6nc(C)ccc56)n4C)CCc3cc2n1,CHEMBL402015,,5.20
Cc1oc2c(C)c3CCN(CCCCSc4nnc(c5cccc6nc(C)ccc56)n4C)CCc3cc2n1,CHEMBL256481,,5.80
Cc1oc2cc(cc(Oc3ccc(cc3)C#N)c2c1)C(=O)Nc4cnc(C)cn4,CHEMBL3218481,,5.40
Cc1oc2cc3CCN(CCCSc4nnc(c5ccc(F)c(F)c5)n4C)CCc3cc2n1,CHEMBL269995,,5.00
Cc1oc2cc3CCN(CCSc4nnc(c5cccc6nc(C)ccc56)n4C)CCc3cc2n1,CHEMBL256650,,4.30
Cc1onc(C)c1C(=O)N2CCC[C@@]3(CCN(Cc4cc(cc(c4)C(F)(F)F)C(F)(F)F)C3)C2,CHEMBL1512594,5.10,
Cc1onc(C)c1C(=O)N2CCC3(CCCN(C3)C(=O)Nc4cccc(F)c4)CC2,CHEMBL1435713,4.80,
Cc1onc(C)c1C(=O)N2CCC3(CCCN(C3)c4ccncc4)CC2,CHEMBL1436935,4.50,
Cc1onc(C)c1c2[nH]c3ccccc3c2CCNCc4ccc(\C=C\C(=O)NO)cc4,CHEMBL1819259,,4.51
Cc1onc(C)c1c2cc(NC3CC3)ncn2,CHEMBL1402827,4.60,
Cc1onc(C)c1c2cc(Nc3ccc(F)cc3)ncn2,CHEMBL1367020,4.70,
Cc1onc(C)c1c2ccc3c(Nc4ccccc4C(C)(C)C)c(cnc3c2)C(=O)N,CHEMBL2017268,5.70,
Cc1onc(C)c1c2ccc3c(Nc4ccccc4C(C)(C)C)c(cnc3c2)C(=O)O,CHEMBL2017269,4.89,
Cc1onc(C)c1c2ccc3ncnc(NCc4ccccc4)c3c2,CHEMBL1450716,5.00,
Cc1onc(C)c1c2ccc3ncnc(NCCN4CCOCC4)c3c2,CHEMBL1446539,4.90,
Cc1onc(C)c1c2nc(N3CCNCC3)c4ccccc4n2,CHEMBL1475257,4.40,
Cc1onc(C)c1c2nc(NC3CC3)c4ccccc4n2,CHEMBL1435907,5.60,
Cc1onc(C)c1c2nc(Nc3ccccc3)c4ccccc4n2,CHEMBL1590598,5.20,
Cc1onc(C)c1c2nc(NCc3cccnc3)c4ccccc4n2,CHEMBL1314247,5.70,
Cc1onc(C)c1c2nccc(n2)n3ccnc3,CHEMBL1568178,5.90,
Cc1onc(C)c1Cn2cc(CN(C3CC3)C(=O)[C@H]4CNCC[C@]4(O)c5ccc(F)c(F)c5)c6c(F)cccc26,CHEMBL1910313,,6.15
Cc1onc(C)c1CSCC(=O)N2CCN(CC2)c3cccc(C)c3C,CHEMBL1352525,5.40,
Cc1onc(c1)c2ccc3CCN(CCCSc4nnc(c5cccc(Cl)c5)n4C)CCc3c2,CHEMBL244278,,7.10
Cc1onc(c1)c2ccc3CCN(CCCSc4nnc(c5cccc(F)c5)n4C)CCc3c2,CHEMBL244280,,6.60
Cc1onc(c1)c2ccc3CCN(CCCSc4nnc(c5ccccc5)n4C)CCc3c2,CHEMBL243709,,5.70
Cc1onc(c1)c2ccc3CCN(CCCSc4nnc(c5cccn5C)n4C)CCc3c2,CHEMBL395743,,6.60
Cc1onc(c1)c2ccc3CCN(CCCSc4nnc(n4C)C(F)(F)F)CCc3c2,CHEMBL243900,,6.50
Cc1onc(c2ccccc2)c1c3ccc(cc3)S(=O)(=O)N,CHEMBL865,4.80,
Cc1onc(Cn2cc(CN(C3CC3)C(=O)[C@H]4CNCC[C@]4(O)c5ccc(F)c(F)c5)c6c(F)cccc26)c1,CHEMBL1910310,,6.06
Cc1onc(CN2Cc3nc(C)c(CN)c(c4ccc(Cl)cc4Cl)c3C2=O)c1,CHEMBL2441835,5.33,
Cc1onc(n1)C2(N[C@H](Cc3c2[nH]c4ccccc34)c5nc(c[nH]5)c6ccc(F)cc6)c7noc(C)n7,CHEMBL2204940,,5.85
Cc1onc(NC(=O)C2C3C(=O)N(Cc4ccc(Cl)cc4)C(C(=O)NC(C)(C)C)C35OC2(C)C=C5)c1,CHEMBL1306083,4.60,
Cc1onc(NC(=O)C2CN(C(=O)C2)c3ccc(C)cc3)c1,CHEMBL1596258,4.65,
Cc1onc(NC(=O)CCC(=O)N(CC2CCCO2)C(C(=O)NC3CCCC3)c4cccnc4)c1,CHEMBL1736563,5.85,
Cc1onc(NC(=O)CN2C(=O)NC(C)(C2=O)c3ccc(C)cc3)c1,CHEMBL1455754,4.60,
Cc1onc(NC(=O)COC(=O)c2ccc(NS(=O)(=O)c3ccc(C)c(C)c3)cc2)c1,CHEMBL1463002,5.30,
Cc1onc(NC(=O)CSc2ccc3nnc(c4ccc(F)cc4)n3n2)c1,CHEMBL1313862,4.85,
Cc1sc(nc1C(F)(F)F)N2CCN(CC2)C(=O)[C@@H]3CCCC[C@H]3C(=O)NC4(CC4)C#N,CHEMBL2070944,,4.80
Cc1sc2ccccc2c1[C@H]3NC=NC=C3,CHEMBL3823832,4.96,
Cc1sc2N=C(SCC(=O)C(C)(C)C)N(Cc3occc3)C(=O)c2c1C,CHEMBL1402493,4.95,
Cc1sc2N=CN(CC(=O)NCCCC(=O)N3CCN(CC3)c4ncccn4)C(=O)c2c1C,CHEMBL1351420,4.85,
CCC(=O)[C@@]12O[C@@]3(C4C1CCOC4=O)N(Cc5ccccc5)C(=C(C(N3C2=O)c6ccccc6)C(=O)OC)C,CHEMBL2373669,5.90,
CCC(=O)\C=C\C1C(=CCCC1(C)C)C,CHEMBL1371285,4.50,
CCC(=O)CC(NC(=O)OC)c1ccccc1,CHEMBL1433731,5.20,
CCC(=O)N(C1CCN(CCc2ccc(cc2)N=C=S)CC1)c3ccccc3,CHEMBL274844,4.60,
CCC(=O)N(Cc1occc1)c2nc(cs2)c3ccccc3,CHEMBL1575911,4.40,
CCC(=O)N[C@H]1C[C@H](c2ccccc2)c3ccccc3C1,CHEMBL1402435,4.80,
CCC(=O)N1CCC(CC1)c2ccc(cc2C(F)(F)F)C(=O)NC(=N)N,CHEMBL2170609,4.59,
CCC(=O)NC(=S)Nc1ccc(NC(=O)COc2ccc(Cl)cc2Cl)cc1,CHEMBL1375216,4.90,
CCC(=O)Nc1ccc(cc1)S(=O)(=O)N2CCN(CC2)c3ccc(F)cc3,CHEMBL1301918,4.80,
CCC(=O)Nc1ccc(NC(=O)CSc2nnnn2c3cccnc3)cc1C,CHEMBL1741498,5.45,
CCC(=O)NC1CCc2cc(CCN3CCN(CC3)c4nsc5ccccc45)ccc12,CHEMBL252031,,6.74
CCC(=O)Nc1cccc(c1)c2oc(nn2)c3cccc(NC(=O)CC)c3,CHEMBL1547410,4.85,
CCC(=O)Nc1nonc1c2nc3ccccc3n2N(C(=O)CC)C(=O)CC,CHEMBL1485581,4.65,
CCC(=O)NCc1c(Cl)cccc1n2cccc2,CHEMBL1423999,4.60,
CCC(=O)O[C@@H](C(=O)N1N=CC[C@H]1C(=O)NCc2cc(Cl)ccc2n3cnnn3)c4ccc(F)cc4,CHEMBL3786896,5.10,
CCC(=O)OC1CCC2C3CCc4cc(O)ccc4C3CC[C@]12C,CHEMBL1394738,4.40,
CCC(=O)OCC(=O)C1(OC(=O)CC)C(C)CC2C3CCC4=CC(=O)C=CC4(C)C3(Cl)C(O)CC12C,CHEMBL1319520,4.90,
CCC(C(=O)Nc1cccc(c1)C(F)(F)F)c2ccccc2,CHEMBL1409626,4.85,
CCC(C)(C)n1nnnc1C(N2CCCCC2)c3cc4cc5OCOc5cc4nc3O,CHEMBL1447970,5.80,
CCC(C)(N(CC1CCCO1)C(=O)c2ccc3OCOc3c2)C(=O)NC4CCCC4,CHEMBL1352096,5.40,
CCC(C)C(=O)Nc1nc(cs1)c2ccc3OCC(=O)Nc3c2,CHEMBL1607752,4.80,
CCC(C)C(=O)OC1C[C@@]2(C)C(OC(=O)CC23OC4(C)OC15[C@@]6(C)C(CC(=O)OC)[C@@]7(C)CC6(O)[C@@](O)(C7OC(=O)C8(C)OC8C)C(OC(=O)C(C)C)C35O4)c9cocc9,CHEMBL1605941,5.60,
CCC(C)C(C)CN1CCC(CNC(=O)c2cc(Cl)cc(Cl)c2)CC1,CHEMBL522697,,6.05
CCC(C)C1NC(=S)N(C2CCCCC2)C1=O,CHEMBL1311981,4.75,
CCC(C)N1C(=O)S\C(=C\c2oc(Sc3nc4ccccc4[nH]3)cc2)\C1=O,CHEMBL1611902,5.95,
CCC(C)NC(=O)C1C(N(C)C(=O)c2cc(OC)c(OC)cc12)c3cccs3,CHEMBL1441162,5.25,
CCC(CC)(COc1ccc2cc(ccc2c1)[C@H]([C@@H](C)N(C)C)n3ccnc3)C(=O)O,CHEMBL377286,5.28,
CCC(CC)C(=O)c1c[nH]c(c1)C(=O)NCCc2ccccn2,CHEMBL1706520,4.70,
CCC(CC)C(=O)NCc1ccc2c(cc(C)n2C)c1,CHEMBL1609519,4.85,
CCC(CC)NC(=O)CCc1cc(nc(n1)C#N)c2cccc(c2)C(F)(F)F,CHEMBL1271275,,5.50
CCC(CC)NCCCc1cc(nc(n1)C#N)c2cccc(c2)C(F)(F)F,CHEMBL1084401,,6.50
CCC(CO)NS(=O)(=O)c1ccc(cc1)c2ccc(CCN3CCC[C@H]3C)cc2,CHEMBL1823052,,5.29
CCC(N(C(=O)Cn1nnc(n1)c2ccccc2F)c3cccc4CCCCc34)C(=O)NC(C)(C)C,CHEMBL1387144,6.35,
CCC(NC(=O)Nc1cc(OC)c(OC)c(OC)c1)(C(F)(F)F)C(F)(F)F,CHEMBL1449589,4.80,
CCC(O)(c1cn(Cc2ccc3c(c4ccccc4)c(sc3c2)C(C)(C)O)nn1)C(F)(F)F,CHEMBL1289094,,5.59
CCC(O)CNc1nc(nc2sc3COC(C)(C)Cc3c12)n4nc(C)cc4C,CHEMBL1467631,5.15,
CCC(SC1=NC(=O)C=C(N)N1CCc2ccccc2)C(=O)Nc3ccccc3C#N,CHEMBL1402562,7.00,
CCC(SC1=Nc2cc3OCOc3cc2C(=O)N1Cc4occc4)C(=O)Nc5ccccc5OC,CHEMBL1562832,5.80,
CCC(Sc1nc2nnc(C)c2c(N)n1c3cccc(Cl)c3)C(=O)NCCOC,CHEMBL1385673,5.55,
CCC[C@@H]1C[C@@]1(CCC)C(NC(=O)OCc2ccccc2)c3ccc(cc3)c4ccccc4,CHEMBL1552066,5.40,
CCC[C@@H]1C[C@@H](CC[C@@H]1N2CC[C@H](NC(=O)c3cc(ccc3NC(=O)NCC)C(F)(F)F)C2=O)N(C)C(C)C,CHEMBL3577942,,4.85
CCC[C@@H]1O[C@@H]2C[C@@H]3[C@H]4CCC5=CC(=O)C=C[C@@]5(C)[C@H]4[C@H](O)C[C@@]3(C)[C@]2(O1)C(=O)CO,CHEMBL1355978,5.30,
CCC[S+]([O-])CCCN(CC)CC(O)COc1ccc(cc1)C#N,CHEMBL362103,,6.60
CCC\C=C(/CCC)\C(NC(=O)c1ccc(cc1)C(F)(F)F)c2ccc(cc2)C(F)(F)F,CHEMBL1475120,5.00,
CCC\C=C(/CCC)\C(NS(=O)(=O)c1ccccc1)c2ccc(cc2)C(F)(F)F,CHEMBL1454793,5.20,
CCC\C=C(/CCC)\C(NS(=O)(=O)CC12CCC(CC1=O)C2(C)C)c3ccc(cc3)C(=O)OC,CHEMBL1437408,5.40,
CCC\C=C\C1C(CO)C2(OCC(CC)(CC)CO2)C3OC3C1=O,CHEMBL1525438,5.40,
CCC1(C)Cc2c(CO1)sc3N=NN(CC(=O)Nc4cccc5ccccc45)C(=O)c23,CHEMBL1425971,5.00,
CCC1(CC)C[C@@H](NC(=O)Nc2cccc3cnccc23)c4cc(F)ccc4O1,CHEMBL3326577,5.55,
CCC1(Oc2ccccc2C(=N1)N)c3cccc(c3)c4cncnc4,CHEMBL2380439,,5.80
CCC1=C2CC[C@@H]3[C@H]([C@H]2[C@]4(C)N(C(=O)N(Cc5ccccc5)C4=O)C1=O)C(=O)N(CC(=O)OC)C3=O,CHEMBL1480740,4.80,
CCC1=C2CC[C@@H]3[C@H]([C@H]2[C@]4(C)N(C(=O)O/C/4=N\Cc5ccccc5)C1=O)C(=O)N(C)C3=O,CHEMBL1513821,4.90,
CCC1=C2CC[C@@H]3[C@H]([C@H]2[C@]4(Cc5ccccc5)N(C(=O)N(CC(=O)OC)C4=O)C1=O)C(=O)N(C3=O)c6ccccc6,CHEMBL1564957,5.40,
CCC1=C2CC[C@@H]3[C@H]([C@H]2[C@]4(Cc5ccccc5)N(C(=O)O/C/4=N/CC6CC6)C1=O)C(=O)N(C3=O)c7ccccc7,CHEMBL1399103,5.30,
CCC1=C2CC[C@@H]3[C@H]([C@H]2[C@]4(Cc5ccccc5)N(C(=O)O/C/4=N/Cc6ccccc6)C1=O)C(=O)N(C3=O)c7ccccc7,CHEMBL1594439,5.30,
CCC1=C2CC[C@@H]3[C@H]([C@H]2[C@]4(Cc5ccccc5)N(C(=O)O/C/4=N\CCc6c[nH]c7ccccc67)C1=O)C(=O)N(C)C3=O,CHEMBL1604672,5.90,
CCC1=Nc2c(Cc3ccc(cc3)C(=O)NO)cccc2C(=O)N1CCc4ccccc4,CHEMBL2425952,7.00,5.33
CCC12C=CCN3CCC4(C13)C(N(C)c5cc(OC)c(Br)cc45)C(O)(C2OC(=O)C)C(=O)OC,CHEMBL1334512,4.40,
CCc1c(C)nc(N)n2c(SCC(=O)Nc3ccccc3)nnc12,CHEMBL1483307,4.75,
CCc1c(nn(c2ccc(Cl)cc2Cl)c1c3ccc(Br)cc3)C(=O)NC(C)(C)c4nnnn4C,CHEMBL1814154,,4.64
CCC1C2CC3C4N(C)c5ccccc5C46CC(C2[C@H]6O)N3C1O,CHEMBL2105617,,5.98
CCc1c2CN3C(=O)C=CC=C3c2nc4cccc(C(C)C)c14,CHEMBL1605233,4.80,
CCc1c2CN3C(=O)C4=C(C=C3c2nc5ccc(O)cc15)[C@@](O)(CC)C(=O)OC4,CHEMBL837,4.59,
CCc1c2COCc2nc3cccc(SC)c13,CHEMBL1606892,4.90,
CCc1cc(\C=C\2/CC\C(=C/c3cc(CC)c(O)c(CC)c3)\C2=O)cc(CC)c1O,CHEMBL497137,4.13,
CCc1cc(C(=O)C)c(O)cc1OCCCCCC(C)(C)c2nn[nH]n2,CHEMBL15766,5.00,
CCc1cc(C(N2CCOCC2)c3ccccc3OC)c(NC(=O)c4ccccc4)s1,CHEMBL1582074,5.35,
CCc1cc(CC(NC(=O)N2CCC(CC2)N3Cc4ccccc4NC3=O)C(=O)N5CCC(CC5)N6CCCCC6)cc7c(C)n[nH]c17,CHEMBL2336419,5.16,
CCc1cc(ccn1)c2ccc(NS(=O)(=O)c3cc(cc(c3)C(F)(F)F)C(F)(F)F)cc2,CHEMBL3087042,4.91,
CCc1cc(n[nH]1)C(=O)N[C@@H]2CC(C)(C)Oc3nc(c4ccc(Cl)cc4Cl)c(cc23)c5ccc(Cl)cc5,CHEMBL1095789,,5.92
CCc1cc(Oc2cc(Cl)ccc2CNC)ccc1Cl,CHEMBL449542,,5.94
CCc1cc(Oc2ccc(F)cc2CNC)ccc1Cl,CHEMBL507721,,5.34
CCc1cc2C(=O)C(=COc2cc1OC(=O)N3CCOCC3)c4nc5ccccc5[nH]4,CHEMBL1366680,5.30,
CCc1cc2cc(C)c(C)cc2nc1SCC(=O)NNC(=O)c3occc3,CHEMBL1304696,5.05,
CCc1cc2CN(CC\C(=N\O[C@@H](C)c3cn(nn3)[C@H](CO)Cc4ccccc4)\C)CCc2nc1CC,CHEMBL1486821,5.40,
CCc1cc2CN(CC\C(=N\O[C@@H](C)c3onc(c3)c4c(C)cc(C)cc4C)\C)CCc2nc1CC,CHEMBL1362729,5.40,
CCc1cc2CN(CC\C(=N\OC[C@@H](O)[C@@H]3O[C@@H]4OC(C)(C)O[C@@H]4[C@H]3O)\C)CCc2nc1CC,CHEMBL1572239,5.20,
CCc1ccc(cc1)C(=O)c2oc3nc(C)cc(C)c3c2N,CHEMBL1389823,5.40,
CCc1ccc(cc1)C(=O)COC(=O)c2cccc(c2)N3C(=O)c4c(C)nc5ccccc5c4C3=O,CHEMBL1407646,4.65,
CCc1ccc(cc1)C(=O)N2CCC(CC2)c3nc4ccccc4s3,CHEMBL1382075,4.40,
CCc1ccc(cc1)C(=O)NN(C(=O)c2cc(C)cc(C)c2)C(C)(C)C,CHEMBL226968,5.40,
CCc1ccc(cc1)N(C(C(=O)NC(C)(C)C)c2cc(OC)c(OC)c(OC)c2)C(=O)CNC(=O)c3cccs3,CHEMBL1444936,5.65,
CCc1ccc(CN(C2CCS(=O)(=O)C2)C(=O)C3=Cc4ccccc4OC3=O)cc1,CHEMBL1443086,4.85,
CCc1ccc(NC(=O)C[S+]([O-])CC(=O)NCCCc2ccccc2)cc1,CHEMBL1307908,5.55,
CCc1ccc2c(nc(N)nc2c1)N3CC[C@H](C3)NC,CHEMBL2376797,,5.56
CCc1ccc2nc(Nc3nc(O)cc(COC)n3)nc(C)c2c1,CHEMBL1407064,4.75,
CCC1CCC2O[C@]3(CCC(C)C(CC(C)O)O3)C(C)[C@@H](OC(=O)\C=C/C(C)C(O)C(C)C(=O)C(C)C(O)C(C)C(=O)[C@](C)(O)C(O)C(C)C\C=C/C=C/1)C2C,CHEMBL1317548,5.10,
CCc1ccc2oc(nc2n1)N3CCN4CCC3CC4,CHEMBL598555,,4.56
CCc1cccc(C)c1NC(=O)CSc2nc3ccc(cc3s2)N4C(=O)c5ccccc5C4=O,CHEMBL1501701,5.35,
CCc1cccc(NC(=O)CN(C)S(=O)(=O)c2c[nH]cn2)c1,CHEMBL1378443,5.60,
CCc1cccc2c3CCOC(CC)(CC(=O)O)c3[nH]c12,CHEMBL622,5.50,
CCc1cccc2nc3C4=CC=CC(=O)N4Cc3c(c12)[Si](C)(C)C,CHEMBL1490268,4.90,
CCc1ccccc1NC(=O)c2nnn(CC(=O)Nc3ccccc3C)c2N,CHEMBL1523055,4.60,
CCc1ccccc1OC[C@@H](O)CN[C@H]2CCCc3ccccc23,CHEMBL1326499,4.80,
CCC1CCCCN1CCCNC(=O)CN2N=C(C=CC2=O)c3ccc(C)cc3,CHEMBL1492580,4.70,
CCC1CCCCN1CCN2C(=S)Nc3cc(OC)c(OC)cc3C2=O,CHEMBL1564828,4.85,
CCc1cnc2c(nc(N)nc2c1)N3CCN(C)CC3,CHEMBL2376799,,4.57
CCC1COC(Cn2cncn2)(O1)c3ccc(Cl)cc3Cl,CHEMBL270271,6.68,
CCc1nc(N)nc(N)c1c2ccc(Cl)cc2,CHEMBL36,5.00,
CCc1nc(N)nc(N)c1c2ccc3O[C@](C)(C(=O)N(CCCC(F)(F)F)c3c2)c4cc(F)cc(F)c4,CHEMBL241663,5.77,
CCc1nc(N)nc(N)c1c2ccc3OC(C)(C(=O)N(CCC(=O)NC)c3c2)c4cc(F)cc(F)c4,CHEMBL240598,6.80,
CCc1nc(N)nc(N)c1c2ccc3OC(C)(C(=O)N(CCNC(=O)C)c3c2)c4cc(F)cc(F)c4,CHEMBL398584,6.07,
CCc1nc(N)nc(N)c1c2ccc3OC(CC)(C(=O)N(CCCOC)c3c2)c4cc(F)cc(F)c4,CHEMBL239497,6.34,
CCc1nc(N)nc(N)c1c2ccc3OC(CC)(CC)C(=O)N(CCCOC)c3c2,CHEMBL239495,5.52,
CCc1nc(SCC(=O)NCCc2ccccc2)c3oc4ccccc4c3n1,CHEMBL1370855,5.45,
CCc1nc2cc(Cl)ccn2c1C(=O)NCc3ccc(cc3)N4CCC(CC4)c5ccc(F)cc5,CHEMBL3298835,5.68,
CCc1nc2ccc3CCN(CCCSc4nnc(c5ocnc5C)n4C)CCc3c2s1,CHEMBL403804,,5.50
CCc1nn(cc1Nc2ncc(Cl)c(n2)c3cnn4ccccc34)C5CCN(CC5)C(=O)C,CHEMBL3822619,,5.28
CCc1nnc(NC(=O)C2Cc3ccccc3CN2S(=O)(=O)c4ccc(C)cc4)s1,CHEMBL1343639,5.20,
CCc1nnc(SCc2ccc(OC(C)C)cc2)n1N,CHEMBL1710203,4.85,
CCc1oc(CCc2cc(cc(NC(C)C)n2)N3CCOCC3)nc1C,CHEMBL557648,,6.27
CCC1OC23CCCCC2C(C#N)(C(=N)O3)C1(C#N)C#N,CHEMBL1532107,4.60,
CCc1oc2c(Br)c3CCN(CCCCSc4nnc(c5cccc6nc(C)ccc56)n4C)CCc3cc2n1,CHEMBL256482,,5.80
CCc1oc2c(C)c3CCN(CCSc4nnc(c5cccc6nc(C)ccc56)n4C)CCc3cc2n1,CHEMBL401777,,5.60
CCc1oc2cc(CN3CCC(CC3)NC(=O)C4=CC(=O)c5ccc(F)cc5O4)ccc2n1,CHEMBL215457,,4.57
CCc1oc2cc3CCN(CCCSc4nnc(c5ccc(cc5)C(F)(F)F)n4C)CCc3cc2n1,CHEMBL271096,,6.60
CCc1oc2ccc3CCN(CCCSc4nnc(c5cccc6nc(C)ccc56)n4C)CCc3c2n1,CHEMBL442456,,5.20
CCc1oc2ccc3CCN(CCCSc4nnc(c5ocnc5C)n4C)CCc3c2n1,CHEMBL427836,,5.30
CCCC(=O)N1C(C)CC(N(C(=O)C)c2ccccc2)c3ccccc13,CHEMBL1336521,6.05,
CCCC(=O)N1CCN(CC1)S(=O)(=O)c2cc(Cl)ccc2OC,CHEMBL1742096,4.70,
CCCC(=O)Nc1cccc(Oc2nc(C)cc(C)c2C#N)c1,CHEMBL1341328,4.85,
CCCC(=O)Nc1nc(cs1)c2ccc3N(CCc3c2)S(=O)(=O)C,CHEMBL1485223,5.10,
CCCC(=O)NNC(=O)CCC(=O)NCc1ccccc1,CHEMBL1549242,7.25,
CCCC(C(=O)OCCN(CC)CC)(c1ccccc1)c2ccccc2,CHEMBL282567,5.70,
CCCC[C@@H]1C[C@H]1C(NC(=O)c2ccccc2)c3ccccc3C(F)(F)F,CHEMBL1489493,5.50,
CCCC[C@@H]1C[C@H]1C(NC(=O)c2cccs2)c3ccc(cc3)C(F)(F)F,CHEMBL1515698,5.50,
CCCC[C@@H]1C[C@H]1C(NC(=O)c2occc2)c3ccc(cc3)c4ccccc4,CHEMBL1566936,4.80,
CCCC[C@@H]1C[C@H]1C(NC(=O)c2occc2)c3ccc(Cl)cc3,CHEMBL1524944,5.10,
CCCC[C@@H]1C[C@H]1C(NC(=O)c2occc2)c3ccccc3C(F)(F)F,CHEMBL1531299,4.90,
CCCC[C@@H]1C[C@H]1C(NC(=O)Cc2ccccc2)c3ccc(Cl)cc3,CHEMBL1330587,5.60,
CCCC[C@H]1C(=O)N(N(C1=O)c2ccc(O)cc2)c3ccccc3,CHEMBL1235001,5.00,
CCCC[C@H]1C[C@@H]1[C@@H]2N([C@@H](CC23CC3)c4cccc(OC)c4)C(=O)C,CHEMBL1612675,4.90,
CCCC\C=C\C(NC(=O)C(C)(C)C)c1ccccc1,CHEMBL1369062,4.60,
CCCC\C=C\C(NC(=O)c1ccc(cc1)C(F)(F)F)c2ccccc2,CHEMBL1373151,5.00,
CCCC\C=C\C(NC(=O)c1occc1)c2ccccc2,CHEMBL1396358,5.30,
CCCC1(NCC2=C(C(=O)C(C)C2=C1)c3ccccc3)C(=O)OC,CHEMBL1488845,5.00,
CCCC1(NCC2=C(C(C)C)C(=O)C(C)C2=C1)C(=O)OC,CHEMBL1451097,4.90,
CCCC1(NCC2=C(C)C(=O)C(C)C2=C1)C(=O)OC,CHEMBL1368340,4.40,
CCCc1[nH]cnc1CNc2cc(Cl)c3ncc(C#N)c(Nc4ccc(F)c(Cl)c4)c3c2,CHEMBL230654,4.80,
CCCC1=CC(=O)Oc2cc(OCC(=O)N3CCc4ccccc34)ccc12,CHEMBL1390792,5.05,
CCCC1=Nc2ccccc2C(=O)N1c3ccc(OC)cc3,CHEMBL1573949,4.80,
CCCc1c(O)c(ccc1OCCCCc2nnn[nH]2)C(=O)C,CHEMBL162358,5.60,
CCCc1cc(C(=O)Cc2nc3ccccc3s2)c(O)cc1O,CHEMBL1568413,4.90,
CCCc1cc(nc(n1)C#N)c2cc(cc(c2)C(F)(F)F)C(=O)N(C)Cc3ccccc3,CHEMBL1271174,,6.43
CCCc1cc(nc(n1)C#N)c2cc(cc(c2)C(F)(F)F)C(=O)N(C)CCN(C)C,CHEMBL1271070,,6.15
CCCc1cc(O)nc(SCc2cc(Cl)ccc2OC(F)F)n1,CHEMBL1433039,5.95,
CCCc1cc(OC)c2OCOc2c1,CHEMBL1563075,5.10,
CCCc1cc2C3C(CN(C(=O)c4ccccc4)C3(C)C(=O)OC)C(C)c2n1Cc5occc5,CHEMBL1358266,4.80,
CCCc1cc2C3C(CN(C(=O)c4ccccc4)C3(C)C(=O)OC)C(C)c2n1CCc5ccc(Cl)cc5,CHEMBL1453216,5.30,
CCCc1cc2C3C(CN(C(=O)c4ccccc4)C3(C)C(=O)OC)C(C)c2n1CCO,CHEMBL1323905,5.00,
CCCc1nc(Nc2cc(NCCN)nnc2C(=O)N)ccc1OC,CHEMBL3237579,,5.00
CCCc1nc(SCC(=O)NNC(=O)C2CCCCC2)c3ccccc3n1,CHEMBL1385309,5.45,
CCCc1nn(C)c2C(=O)NC(=Nc12)c3cc(ccc3OCC)S(=O)(=O)N4CCN(C)CC4,CHEMBL192,5.30,4.00
CCCc1nnc(SCC(=O)N2CCCCC2)n1CC3CCCO3,CHEMBL1537799,4.80,
CCCC1Oc2ccc(cc2C3(COC(=N3)N)C14COC4)c5cncc(c5)C#CC,CHEMBL3703289,,5.27
CCCCC#Cc1ccccc1CC(=O)Nc2ccccc2,CHEMBL1410367,6.00,
CCCCC#CC1OC(COC(=O)OCC)C(Oc2cc(OC)c(OC)c(OC)c2)C=C1,CHEMBL1325197,5.60,
CCCCC(=C[C@@H](NP(=O)(c1ccccc1)c2ccccc2)c3ccccc3)C,CHEMBL1555208,5.60,
CCCCC(=O)Nc1cc(OCC)c(NC(=O)c2ccccc2[N+](=O)[O-])cc1OCC,CHEMBL1708647,5.15,
CCCCC(=O)OC1CCC2C3CCc4cc(O)ccc4C3CC[C@]12C,CHEMBL1397552,4.90,
CCCCC(=O)OCc1cn(nn1)c2ccc(Cl)cc2,CHEMBL1454368,4.40,
CCCCC(C(=O)COc1c(F)c(F)cc(F)c1F)n2cc(nn2)[C@@](C)(NCc3ccc4ncccc4c3)C5CCCC5,CHEMBL592646,6.59,
CCCCC(CC)COC(=O)c1ccccc1C(=O)OCC(CC)CCCC,CHEMBL1242017,4.80,
CCCCC[C@H](O)c1cccc(OCc2ccc3ccccc3n2)c1,CHEMBL18428,4.90,
CCCCC\C=C/C\C=C/CCCCCCCC(=O)O,CHEMBL267476,4.50,
CCCCC\N=C\1/C=CN(Cc2ccccc2)c3ccccc13,CHEMBL281622,4.80,
CCCCC1(C)OC(=O)C(=Cc2ccc(cc2)N(C)C)C(=O)O1,CHEMBL1417125,6.00,
CCCCC1(CCCC)C(=O)NC(=NC1=O)Nc2cccc(C)c2,CHEMBL1544694,4.90,
CCCCc1ccc(cc1)c2nc(NC(=O)C3C4CCC(O4)C3C(=O)O)sc2C,CHEMBL1309858,4.85,
CCCCc1ccc(cc1)S(=O)(=O)Nc2ccc3CCN(C)CCc3c2,CHEMBL231334,4.92,
CCCCC1CN2C(CCC(C)C2c3ccc(Br)cc3)C(=O)O1,CHEMBL1331284,5.40,
CCCCc1oc2ccccc2c1C(=O)c3cc(I)c(OCCN(CC)CC)c(I)c3,CHEMBL633,5.20,5.00
CCCCCC[C@@H]1[C@@H](OC(=O)CC(C)C)[C@H](C)OC(=O)[C@@H](NC(=O)c2cccc(NC=O)c2O)[C@@H](C)OC1=O,CHEMBL211501,5.20,
CCCCCC1=C2CNC(C)(C=C2C(C)C1=O)C(=O)OC,CHEMBL1324697,4.90,
CCCCCc1c2Oc3cc(OC)cc(C(=O)CCCC)c3C(=O)Oc2cc(O)c1C(=O)O,CHEMBL551842,4.60,
CCCCCCC(=O)Cc1cc(OC)c(OC)cc1\C=C(\C(=O)C)/C(=O)OC,CHEMBL1529205,5.40,
CCCCCCC(C)(C)c1ccc([C@@H]2C[C@H](O)CC[C@@H]2CCCO)c(O)c1,CHEMBL1493908,5.30,
CCCCCCC\C=C\C(O)C(=C)C,CHEMBL1590590,5.40,
CCCCCCC1CC(C)(OC1=O)\C(=N\NC(=O)N)\C,CHEMBL3208837,4.75,
CCCCCCC1Cc2cc(OC)c(OC)cc2C(O1)C(C(=O)OCC)C(=O)OCC,CHEMBL1554844,5.50,
CCCCCCc1ccc(O)cc1O.Nc2c3ccccc3nc4ccccc24,CHEMBL1201038,5.30,
CCCCCCCC#Cc1ccccc1\C=N\[S+]([O-])C(C)(C)C,CHEMBL1571634,5.50,
CCCCCCCC(=O)Nc1ccc(cc1)c2cn(C)c3c(CN4C[C@H]5N([C@@H](Cc6ccc(O)cc6)C4=O)C(=O)CN(CC=C)N5C(=O)NCc7ccccc7)cccc23,CHEMBL3699341,4.66,
CCCCCCCC1O[C@H](CC\C(=C\COc2c3C=CC(=O)Oc3cc4occc24)\C)C(C)(C)O1,CHEMBL1078189,6.89,
CCCCCCCCCCC\C=C/C(C)(C)\C=C/CCCC(=O)O,CHEMBL1323529,4.40,
CCCCCCCCCCCCCCCC(=O)O[C@H](CC(=O)[O-])C[N+](C)(C)C,CHEMBL3392050,4.40,
CCCCCCCCSc1oc(CSc2nc3nc(C)cc(C)n3n2)nn1,CHEMBL478501,4.45,
CCCCCCCN(CC)C\C=C\Cc1ccccc1,CHEMBL3093953,,6.75
CCCCCCCN(CC)CC#CC(c1ccccc1)c2ccccc2,CHEMBL3093972,,6.62
CCCCCCCN(CC)CC#Cc1ccc(C)cc1,CHEMBL3590459,,5.48
CCCCCCCN(CC)CC#CCCc1ccc(C)cc1,CHEMBL3093978,,5.72
CCCCCCCN(CC)CC#CCOCc1ccc(Cl)cc1,CHEMBL3093950,,6.08
CCCCCCCN(CC)CCCCc1ccc(Cl)cc1,CHEMBL3093959,,7.37
CCCCCCCN(CC)CCCCc1ccccc1,CHEMBL3093958,,6.30
CCCCCCCN(CC)CCCCCc1ccc(Cl)cc1,CHEMBL3093961,,6.91
CCCCCCN(C(C(=O)NCCCC)c1ccc(OCC(=O)OC)c(c1)C(=O)OC)C(=O)CCCCCN2C(=C(C(NC2=O)c3ccc(cc3)C(C)(C)C)C(=O)OCc4ccccc4)C,CHEMBL407864,5.90,
CCCCCCN(C(C(=O)NCCCC)c1ccc(OCC(=O)OC)c(c1)C(=O)OC)C(=O)CCCCCN2C(=O)NC(C(=C2C)C(=O)OCc3ccccc3)c4ccc5ccccc5c4,CHEMBL258942,5.60,
CCCCCCN(C(C(=O)NCCCC)c1ccc(OCC(=O)OC)c(c1)C(=O)OC)C(=O)CCCCCN2C(=O)NC(C(=C2C)C(=O)OCc3ccccc3)c4cccc(c4)[N+](=O)[O-],CHEMBL406255,5.50,
CCCCCCN(C(C(=O)NCCCC)c1cccc(c1)C(=O)OC)C(=O)CCCCCN2C(=O)NC(C(=C2C)C(=O)OCc3ccccc3)c4ccc(cc4)c5ccccc5,CHEMBL259807,5.60,
CCCCCCN(CCCCCC)C(=O)Cc1c([nH]c2ccccc12)c3ccc(F)cc3,CHEMBL63154,5.60,
CCCCCCN1C=CC(=C\C=C(/C#N)\C(=O)OCC)C=C1,CHEMBL1360980,4.80,
CCCCN([C@H]1CCNC1)S(=O)(=O)c2ccc3ccccc3c2,CHEMBL513367,,6.39
CCCCN(CC)C(=O)Cc1ccccc1OC,CHEMBL1585650,4.80,
CCCCN(CC)C\C=C\Cc1ccc(Cl)cc1,CHEMBL3093985,,5.95
CCCCN(CC)C\C=C\CCc1ccc(Cl)cc1,CHEMBL3093954,,5.73
CCCCN(CC)CC#CC#Cc1ccc(Cl)cc1,CHEMBL3093979,,5.00
CCCCN(CC)CC#CCc1ccc(Cl)cc1,CHEMBL3093968,,5.58
CCCCN(CC)CC#CCCc1ccc(C)cc1,CHEMBL3093977,,5.25
CCCCN(CC)CC#CCCc1ccc(Cl)cc1,CHEMBL3093975,,5.22
CCCCN(CC)CC#CCOCc1ccc(Cl)cc1,CHEMBL3093951,,5.13
CCCCN(CC)CCCCCc1ccc(Cl)cc1,CHEMBL3093960,,5.60
CCCCN(CC)S(=O)(=O)N1CCC(CC1)C(=O)NCCCN2CCOCC2,CHEMBL1440290,4.95,
CCCCN(Cc1cncn1Cc2ccc(cc2)C#N)[C@H]3CCN(Cc4ccccc4)C3=O,CHEMBL100415,,6.72
CCCCN(CCCC)CC(O)c1cc(Cl)cc2\C(=C\c3ccc(Cl)cc3)\c4cc(Cl)ccc4c12,CHEMBL422330,,5.09
CCCCN(CCCC)CCC(O)c1cc2c(Cl)cc(Cl)cc2c3cc(ccc13)C(F)(F)F,CHEMBL1107,,5.13
CCCCN(CCCC)CCCOC(=O)c1ccc(N)cc1,CHEMBL129529,4.40,
CCCCN1C(=S)NC(=O)C(C2N(Cc3ccccc3)C(=O)c4ccccc24)C1=O,CHEMBL1351886,5.60,
CCCCn1c(NCc2ccccc2NS(=O)(=O)c3ccc(C)cc3)nc4ccccc14,CHEMBL1333742,5.45,
CCCCN1C2=C(C(=O)CC(C)(C)C2)C(NC(=O)c3cccnc3)(C1=O)C(F)(F)F,CHEMBL1741467,5.10,
CCCCN1CCC[C@@H]1CN2N=C(Cc3ccc(Cl)cc3)c4cccnc4C2=O,CHEMBL2146807,,7.10
CCCCN1CCC[C@@H]1CNC(=O)c2cc(C#N)c3ccccc3c2OC,CHEMBL1443376,5.10,
CCCCn1nc2cc(ccc2c1OCC)C(=O)NCc3ccc(cc3C(F)(F)F)C(F)(F)F,CHEMBL1459301,4.90,
CCCCn1nc2cc(ccc2c1OCC)C(=O)NCCCCc3ccccc3,CHEMBL1542526,5.20,
CCCCn1nnnc1SCC(=O)c2cc(Cl)ccc2OC,CHEMBL1360026,4.85,
CCCCNC(=O)C(N(CCC1=CCCCC1)C(=O)CCCCCN2C(=O)NC(C(=C2C)C(=O)OCc3ccccc3)c4ccc(cc4)c5ccccc5)c6ccc(OCC(=O)OC)c(c6)C(=O)OC,CHEMBL428130,5.60,
CCCCNC(=O)C(N(CCc1ccccc1)C(=O)CCCCCN2C(=O)NC(C(=C2C)C(=O)OCc3ccccc3)c4ccc(cc4)c5ccccc5)c6ccc(OCC(=O)OC)c(c6)C(=O)OC,CHEMBL258512,5.30,
CCCCNC(=O)C1C2OC3(CN(Cc4ccccc4Cl)C(=O)C13)C=C2,CHEMBL1741986,5.40,
CCCCNC(=O)c1ccc(OC)c(CSc2nc3cc(F)ccc3n2CC(=O)O)c1,CHEMBL2048199,5.16,
CCCCNC(=O)C1N(CC(C)c2ccc(Cl)cc2)C(=O)c3ccccc13,CHEMBL3785486,,4.50
CCCCNc1nc(C)nc2c1nc(c3ccccc3)n2C(C)CCCN(CC)CC,CHEMBL1593335,5.00,
CCCCNc1nc(C)nc2c1nc(c3ccccc3)n2CC(C)(C)CN(C)C,CHEMBL1552970,5.00,
CCCCNc1nc(C)nc2c1nc(c3ccccc3)n2CC4CCCN4CC,CHEMBL1473073,5.40,
CCCCNc1nc(C)nc2c1nc(c3ccccc3)n2CCN4CCCC4,CHEMBL1455965,4.90,
CCCCNc1nc(c2ccccc2)c(cc1C#N)C(=O)OCC,CHEMBL1587109,4.55,
CCCCNS(=O)(=O)c1ccc(OC)c(Cl)c1Cl,CHEMBL1529076,4.95,
CCCCOC(=O)c1cc2c(c[nH]1)nc3ccccc23,CHEMBL148296,4.60,
CCCCOc1ccc(cc1)c2c[nH]cn2,CHEMBL151170,6.05,
CCCCOc1ccc(cc1)c2ncc[nH]2,CHEMBL150999,4.35,
CCCCOc1ccc(CNN2C(=Nc3ccccc3C2=O)C)cc1,CHEMBL1556027,5.80,
CCCCOCCOCCOCc1cc2OCOc2cc1CCC,CHEMBL1201131,6.30,
CCCCSc1nc(C)cc(C)c1S(=O)(=O)c2ccccc2C,CHEMBL1580710,4.55,
CCCN(CCC)C(=O)CSC1=Nc2ccccc2C(=O)N1CC3COc4ccccc4O3,CHEMBL1310543,5.15,
CCCN(CCC)C[C@@H]1CCCCN1CCNC(=O)N2c3ccccc3C(=O)Nc4cccnc24,CHEMBL1318307,4.80,
CCCN(CCC)CCc1ccc(O)c(O)c1,CHEMBL15564,4.40,
CCCN1[C@@H]2C[C@@H](O)CC[C@@H]2C[C@H]1C(=O)OC,CHEMBL1483392,4.60,
CCCN1C(=Nc2c(C1=O)c3nc4ccccc4nc3n2CCC5=CCCCC5)C,CHEMBL1385123,5.50,
CCCN1C(=O)C(NC(=O)C)c2cc(OC)ccc12,CHEMBL1301946,4.65,
CCCN1C(=O)N(CCC)c2[nH]c(nc2C1=O)c3ccccc3,CHEMBL158507,5.60,
CCCN1C(=O)N(CCC)c2ncn(C)c2C1=O,CHEMBL278332,4.70,
CCCn1c(C)c(C(=O)c2ccc3ccccc3c2)c4ccccc14,CHEMBL1338358,5.50,
CCCn1c(C)c(cc1c2ccccc2)C(=O)NCCCN3CCN(CC3)c4cccc(Cl)c4Cl,CHEMBL1086756,,6.27
CCCn1c(C)nc2c(NC(C)CCCN(CC)CC)nc(C)nc12,CHEMBL1317946,4.60,
CCCn1c(C)nc2c(nc(C)nc12)N(CCOC)CCOC,CHEMBL1396917,4.80,
CCCn1c(C)nc2c(NC3CCCCC3)nc(C)nc12,CHEMBL1317294,4.90,
CCCn1c(nc2c(nc(C)nc12)N3CCN(CCC(=O)OCC)CC3)c4ccc(F)cc4,CHEMBL1487121,4.90,
CCCn1c(nc2c(nc(C)nc12)N3CCN(CCn4ccnc4)CC3)c5ccc(F)cc5,CHEMBL1513614,6.20,
CCCn1c(nc2c(NCCCN3CCOCC3)nc(C)nc12)c4ccc(F)cc4,CHEMBL1472995,5.30,
CCCn1c(nc2c(NCCN(C(C)C)C(C)C)nc(C)nc12)c3ccc(F)cc3,CHEMBL1515555,5.00,
CCCN1CC(CSC)C[C@@H]2[C@H]1Cc3c[nH]c4cccc2c34.CS(=O)(=O)O,CHEMBL1318657,4.90,
CCCN1N=C(Oc2nc(NCC)nc(NC(C)C)n2)C=CC1=O,CHEMBL1736877,8.25,
CCCn1nc2cc(ccc2c1OCC)C(=O)NC3CCCc4ccccc34,CHEMBL1468406,4.80,
CCCn1nc2cc(ccc2c1OCC)C(=O)NCCc3ccc(C)cc3,CHEMBL1448803,5.20,
CCCNC(=O)OC[C@@H]1O[C@H](CCO\N=C(/C)\CCC(=O)OC[C@@H]2O[C@@H](C=C[C@@H]2Oc3ccc(OC)cc3)c4ccccc4)C=C[C@@H]1Oc5ccc(OC)cc5,CHEMBL1316213,5.30,
CCCNC(=O)OC[C@@H]1O[C@H](CCO\N=C/[C@@H](C)[C@H](OCc2ccccc2)C(C)C)C=C[C@@H]1Oc3ccc(OC)cc3,CHEMBL1483801,5.40,
CCCNS(=O)(=O)c1cc(C(=O)N2CCC(CCN3C4CCC3CC(C4)n5c(C)nc6ccccc56)(CC2)c7cccc(F)c7)c(Cl)cc1F,CHEMBL1784520,,5.05
CCCNS(=O)(=O)c1ccc(cc1)c2ccc(CCN3CCC[C@H]3C)cc2,CHEMBL1823051,,5.85
CCCOc1ccc(\C=C\C(=O)Nc2ccc(cc2C)[N+](=O)[O-])cc1OC,CHEMBL1441353,5.55,
CCCOc1ccc(cc1N)C(=O)OCCN(CC)CC,CHEMBL1196,5.90,
CCCOc1sc(C(=O)N2[C@H]3CC[C@H]2CC(C3)c4cc(CN)ccc4F)c(C)c1Br,CHEMBL1951454,5.28,
CCCOCCN1C(=O)C(=Nc2cnc(cc12)c3ccc(OC)nc3)N4CCN(CCO)CC4,CHEMBL591501,,5.75
CCCOCCN1C(=O)C(=Nc2cnc(cc12)c3ccc(OC)nc3)NCCNCCO,CHEMBL567252,,5.35
CCCS(=O)(=O)n1c2CCN(Cc2c3cc(ccc13)C(=O)N4CCC(C)CC4)C5CCOC5,CHEMBL1950487,,4.89
CCCS(=O)(=O)n1c2CCN(Cc2c3cc(ccc13)C(=O)N4CCC(C)CC4)C5CCOCC5,CHEMBL1950346,,5.70
CCCS(=O)(=O)N1CCCC(C1)C(=O)N2CCN(CC2)c3ccccc3,CHEMBL1524497,4.85,
CCCSC1=C(C#N)C(C(=C(N1)c2ccccc2)C(=O)OCC)c3cccnc3,CHEMBL1361427,4.95,
CCCSc1nc(SCC(=O)NCc2ccccc2)c3c4CC(C)(CC)OCc4sc3n1,CHEMBL1506736,5.15,
CCCSc1nc2cc(OC)ccc2[nH]1,CHEMBL2018905,4.57,
CCCSc1nnc2N(N)C(=O)c3ccccc3n12,CHEMBL1741610,4.55,
CCN(C(=O)\C=C/C)c1ccccc1C,CHEMBL1445323,5.10,
CCN(C(=O)c1cnc(N2CCN(CC2)c3ncccn3)c4ccccc14)c5cccc(Cl)c5,CHEMBL1400275,5.20,
CCN(C(=O)CN1C(=O)Oc2ccccc12)c3cccc(c3)C(F)(F)F,CHEMBL1741421,5.15,
CCN(C)C(=O)c1ccc(cc1)[C@@H](N2CCN(Cc3ccccn3)CC2)c4cccnc4,CHEMBL1939753,,4.89
CCN(C)c1oc2cc(ccc2n1)C(=O)N(CC(C)C)C[C@H](O)[C@H](Cc3cccnc3)NC(=O)OCc4cncs4,CHEMBL2057794,7.16,
CCN(C[C@@H](C)NC(=O)OCc1cncs1)C[C@@H](C)NC(=O)OCc2nccs2,CHEMBL1080418,5.88,
CCN(C[C@@H](O)[C@H](Cc1ccccc1)NC(=O)OCc2cncs2)C(=O)c3ccc4nc(oc4c3)N5CCCC5,CHEMBL2057521,7.22,
CCN(C[C@H](Cc1ccccc1)NC(=O)OCc2cccs2)C[C@H](Cc3ccccc3)NC(=O)OCc4cccs4,CHEMBL1080603,6.13,
CCN(C1CCCCC1)S(=O)(=O)c2ccc(cc2)S(=O)(=O)NCc3ccncc3,CHEMBL1608942,5.15,
CCN(c1ccccc1)S(=O)(=O)c2ccc(Cl)c(NC(=O)c3ccc4CNCCc4c3)c2,CHEMBL2448696,5.23,
CCN(C1CCN(CC[C@H](C2CCN(CC2)S(=O)(=O)C)c3cc(Cl)cc(Cl)c3)CC1)C(=O)Cc4ccc(cc4)S(=O)(=O)C,CHEMBL1952100,,5.19
CCN(C1CCN(CC[C@H](C2CCN(CC2)S(=O)(=O)C)c3cccc(F)c3)CC1)C(=O)Cc4ccc(cc4)S(=O)(=O)C,CHEMBL1951912,,4.46
CCN(C1CCN(CC[C@H](C2CCN(CC2)S(=O)(=O)C)c3cccc(OC)c3)CC1)C(=O)Cc4ccc(cc4)S(=O)(=O)C,CHEMBL1951911,,4.50
CCN(C1CCN(CC[C@H](N2CCN(CC2)S(=O)(=O)C(F)(F)F)c3ccccc3)CC1)C(=O)Cc4ccc(cc4)S(=O)(=O)C,CHEMBL1951898,,5.50
CCN(C1CCN(CCC(N2CCN(CC2)S(=O)(=O)C)c3ccccc3)CC1)C(=O)Cc4ccc(cc4)S(=O)(=O)C,CHEMBL1951896,,4.60
CCN(C1CCS(=O)(=O)C1)C(=O)CSc2nnc(Cc3cccc4ccccc34)n2N,CHEMBL1502500,5.20,
CCN(CC(CC(=O)OC)NC(=O)OCc1cncs1)CC(CC(=O)OC)NC(=O)OCc2nccs2,CHEMBL1081514,7.06,
CCN(CC(O)(CNC(=O)c1cnn(c1N)c2ccc(F)cc2)C(F)(F)F)C(=O)c3ccccc3Cl,CHEMBL517440,5.40,
CCN(CC)[C@H](C)[C@@H](c1ccc2cc(OCC(C)(C)C(=O)O)ccc2c1)n3ccnc3,CHEMBL208155,6.24,
CCN(CC)C(=O)[C@@H](C)N1Cc2nc(C)c(CN)c(c3ccc(Cl)cc3Cl)c2C1=O,CHEMBL2441848,5.02,
CCN(CC)C(=O)C1=C(C)N=C(S)NC1c2cn(nc2c3ccc(Cl)cc3)c4ccccc4,CHEMBL1348414,5.15,
CCN(CC)C(=O)C1=Cc2cccc(CC=C)c2OC1=O,CHEMBL1533148,4.95,
CCN(CC)C(=O)c1ccc(C2=CC3(CCNCC3)Oc4ccccc24)c(F)c1,CHEMBL559414,,6.38
CCN(CC)C(=O)c1ccc(C2=CC3(CCNCC3)Oc4ccccc24)c(O)c1,CHEMBL561339,,4.25
CCN(CC)C(=O)c1ccc(cc1)[C@@H](N2C[C@@H](C)N(CC=C)C[C@@H]2C)c3ccccc3,CHEMBL153648,5.60,
CCN(CC)C(=O)c1ccc(cc1)[C@@H](N2C[C@@H](C)N(CC=C)C[C@H]2C)c3cccc(OC)c3,CHEMBL1360454,5.70,
CCN(CC)C(=O)c1ccc(cc1)[C@@H](N2CCN(Cc3ccccn3)CC2)c4cccc(NC(=O)C5CC5)c4,CHEMBL1939740,,4.70
CCN(CC)C(=O)c1ccc(cc1)C(=C2CCN(Cc3ccc(F)cc3)CC2)c4ccc(NC(=O)C)cc4,CHEMBL1946021,,5.89
CCN(CC)C(=O)c1ccc(cc1)C(=C2CCN(Cc3ccc(F)cc3)CC2)c4cccnc4,CHEMBL1946017,,5.89
CCN(CC)C(=O)c1ccc(cc1)C(=C2CCN(Cc3cscn3)CC2)c4ccccn4,CHEMBL1946620,,4.80
CCN(CC)C(=O)c1ccc(cc1)C2=CC3(CCN(C)CC3)Oc4ccccc24,CHEMBL494275,,6.12
CCN(CC)C(=O)c1ccc(cc1)C2=CC3(CCN(CC3)C(=O)C)Oc4ccccc24,CHEMBL494274,,4.32
CCN(CC)C(=O)c1ccc(cc1)C2=CC3(CCNCC3)Oc4c(O)cccc24,CHEMBL523507,,4.74
CCN(CC)C(=O)CCN1Cc2nc(C)c(CN)c(c3ccc(Cl)cc3Cl)c2C1=O,CHEMBL2441847,5.08,
CCN(CC)C(=O)CSc1oc(CNc2ccc(F)cc2)nn1,CHEMBL1497592,4.60,
CCN(CC)C(=O)N[C@H]1C[C@@H]2[C@H](Cc3c[nH]c4cccc2c34)N(C)C1,CHEMBL1315160,5.00,
CCN(CC)C(=O)OC1=C(CC)C2=CC[C@@H]3[C@H]([C@H]2[C@]4(C)N1C(=O)O/C/4=N\CC(=O)OC)C(=O)N(C)C3=O,CHEMBL1317339,4.90,
CCN(CC)C(=O)OC1=C(CC)C2=CC[C@@H]3[C@H]([C@H]2[C@]4(C)N1C(=O)O/C/4=N\CC(=O)OC)C(=O)N(CC)C3=O,CHEMBL1490322,5.20,
CCN(CC)C(=O)OC1=C(CC)C2=CC[C@@H]3[C@H]([C@H]2[C@]4(C)N1C(=O)O/C/4=N\CCc5c[nH]c6ccccc56)C(=O)N(CC(=O)OC)C3=O,CHEMBL1593523,5.70,
CCN(CC)C(=O)OC1=C(CC)C2=CC[C@@H]3[C@H]([C@H]2[C@]4(C)N1C(=O)O/C/4=N\CCOC)C(=O)N(C)C3=O,CHEMBL1375363,5.00,
CCN(CC)C(=O)OC1=C(CC)C2=CC[C@@H]3[C@H]([C@H]2[C@]4(C)N1C(=O)O/C/4=N\CCOC)C(=O)NC3=O,CHEMBL1398886,5.00,
CCN(CC)C(=O)OC1=C(CC)C2=CC[C@@H]3[C@H]([C@H]2[C@]4(Cc5ccccc5)N1C(=O)O/C/4=N/CC(=O)OC)C(=O)N(C3=O)c6ccccc6,CHEMBL1448591,5.50,
CCN(CC)C(=O)OC1=C(CC)C2=CC[C@@H]3[C@H]([C@H]2[C@]4(Cc5ccccc5)N1C(=O)O/C/4=N/CCc6c[nH]c7ccccc67)C(=O)NC3=O,CHEMBL1397937,5.70,
CCN(CC)C(=O)OC1=C(CC)C2=CC[C@@H]3[C@H]([C@H]2[C@]4(Cc5ccccc5)N1C(=O)O/C/4=N\CC6CC6)C(=O)NC3=O,CHEMBL1515290,5.70,
CCN(CC)C(=O)OC1=C(CC)C2=CC[C@@H]3[C@H]([C@H]2[C@]4(Cc5ccccc5)N1C(=O)O/C/4=N\CCc6c[nH]c7ccccc67)C(=O)N(C3=O)c8ccccc8,CHEMBL1317353,5.20,
CCN(CC)C[C@@H]1CCCCN1CC(=O)N2c3ccccc3C(=O)Nc4cccnc24,CHEMBL1473429,4.90,
CCN(CC)c1cc(cc(COCC2(CCN(C)CC2)c3ccc(F)cc3)n1)C(F)(F)F,CHEMBL2333618,,4.85
CCN(CC)c1ccc(\C=N\NC(=S)NCc2ccccc2)cc1,CHEMBL3195611,4.95,
CCN(CC)c1ccc(N)cc1,CHEMBL1452158,4.60,
CCN(CC)c1ccc2C(C(=C(N)Oc2c1)C#N)c3cccnc3,CHEMBL1582760,6.05,
CCN(CC)c1ccc2C=C(C(=O)NCCCCN3CCC(CC3)Nc4nc5ccccc5n4Cc6ccc(F)cc6)C(=O)Oc2c1,CHEMBL3804918,,6.36
CCN(CC)CC#CCOC(=O)[C@@](O)(C1CCCCC1)c2ccccc2,CHEMBL185434,,4.92
CCN(CC)CC(=O)N[C@@H]1CC[C@H]([C@@H](C1)c2ccc(Br)cc2)C(=O)NC(c3ccc(F)cc3)c4ccc(F)cc4,CHEMBL3086028,,6.11
CCN(CC)CCCC(C)n1c(nc2c(nc(C)nc12)N(CCOC)CCOC)c3ccccc3,CHEMBL1560999,5.00,
CCN(CC)CCCCn1c(nc2c(NCc3ccccc3)nc(C)nc12)c4ccccc4,CHEMBL1415804,5.10,
CCN(CC)CCCN(Cc1cc2ccc(C)c(C)c2nc1O)C(=O)NC3CCCCC3,CHEMBL1504596,5.55,
CCN(CC)CCCn1c(nc2c(NCc3ccccc3)nc(C)nc12)c4ccccc4,CHEMBL1396778,5.00,
CCN(CC)CCCNC(=O)C1CCC(=O)N(C1c2ccc(F)cc2)c3ccc(OC)cc3,CHEMBL1492429,4.80,
CCN(CC)CCCNc1oc(nn1)c2ccc(NC(=O)c3ccccc3F)cc2,CHEMBL2022935,,4.90
CCN(CC)CCN(C)c1ccc(cc1)N2C=CC(=CC2=O)OCc3ccccc3,CHEMBL1642493,,8.77
CCN(CC)CCN(Cc1ccc(cc1)c2ccc(cc2)C(F)(F)F)C(=O)CN3C(=C(C)C(=O)N=C3SCc4ccc(F)cc4)C,CHEMBL10759,4.66,
CCN(CC)CCN(Cc1ccc(cc1)c2ccc(cc2)C(F)(F)F)C(=O)CN3C4=C(CCC4)C(=O)N=C3SCc5ccc(F)cc5,CHEMBL204021,4.57,
CCN(CC)CCN(Cc1ccc(cc1)c2ccc(Cl)cc2)C(=O)CN3C=C(C)C(=O)N=C3SCc4ccc(F)cc4,CHEMBL10440,4.89,
CCN(CC)CCN[C@@H](CC(C)C)c1cc(F)ccc1N2CCN(CC2)C(=O)[C@@H](Cc3ccc(Cl)cc3Cl)N4CCCC4=O,CHEMBL396432,4.43,
CCN(CC)CCN1c2ccccc2Sc3ccc4ccccc4c13,CHEMBL1485000,5.40,
CCN(CC)CCOC(=O)C1(CCCC1)c2ccc(cc2)[N+](=O)[O-],CHEMBL1192187,4.70,
CCN(CC)CCOc1ccc(cc1)\C(=C(/Cl)\c2ccccc2)\c3ccccc3,CHEMBL167779,,6.74
CCN(CC)CCOc1ccc(cc1)N2C=CC(=CC2=O)OCc3ccccc3,CHEMBL1642485,,8.01
CCN(CC)S(=O)(=O)c1cc(ccc1C)C2=NN(C)C(=O)c3ccccc23,CHEMBL1422591,4.70,
CCN(CC)S(=O)(=O)c1ccc2c(c1)nc(CCC(=O)Nc3cccc(c3)C(F)(F)F)n2CC,CHEMBL1374931,4.90,
CCN(CC)S(=O)(=O)c1ccc2SC(=O)c3cccc1c23,CHEMBL1460531,4.75,
CCN(CC)S(=O)(=O)c1cccc(c1)C(=O)N[C@@H](C(C)C)C(=O)OCC(=O)NC(=O)NC,CHEMBL1741512,4.85,
CCN(CC)S(=O)(=O)N1CCC(CC1)C(=O)NC2CCCC2,CHEMBL1566900,4.80,
CCN(Cc1cc(ccc1c2cc(CC(=O)O)ccc2OC)C(F)(F)F)C(=O)OCc3ccccc3,CHEMBL1916700,4.75,
CCN(Cc1cccnc1)c2cc(F)cc(c2)c3nc4ccccc4s3,CHEMBL2448727,6.11,
CCN(Cc1cccnc1)c2cccc(c2)c3nc4ccccc4s3,CHEMBL2448708,6.00,
CCN(Cc1cccnc1)c2cncc(c2)c3nc4ccccc4s3,CHEMBL2448715,6.10,
CCN(Cc1cnc[nH]1)c2cc(F)cc(c2)c3nc4ccccc4s3,CHEMBL2448743,6.24,
CCN(CCc1ccccc1)C(=O)c2ccccc2c3ccc(CN4C[C@@H](C)N[C@@H](C)C4)cc3,CHEMBL465289,5.82,
CCN(CCCCOC(=O)c1ccc(OC)c(OC)c1)[C@@H](C)Cc2ccc(OC)cc2,CHEMBL1444844,6.10,
CCN(CCO)C(=O)c1cc2cccnn2c1c3cccc(c3)C(F)(F)F,CHEMBL2164565,,4.63
CCN\C(=N/S(=O)(=O)c1cccc(Cl)c1)\N2CC3(CCNCC3)C=N2,CHEMBL1834350,,5.10
CCN=C(S)NNC(=O)c1csc2ccccc12,CHEMBL1319554,4.60,
CCN=C(S)NNC(=O)CCn1c2ccccc2c3ccccc13,CHEMBL1572589,5.35,
CCN1C(=C(C(N2C(=O)[C@@]3(O[C@@]12C4C3CCOC4=O)C(=O)CC)c5ccccc5)C(=O)OC)C,CHEMBL2373610,5.30,
CCN1C(=O)[C@@H]2CCC3=C(CC)C(=O)N4C(=O)N(CC(=O)OC)C(=O)[C@]4(C)[C@@H]3[C@@H]2C1=O,CHEMBL1434228,5.10,
CCN1C(=O)[C@@H]2CCC3=C(CC)C(=O)N4C(=O)O\C(=N/CC(=O)OC)\[C@]4(C)[C@@H]3[C@@H]2C1=O,CHEMBL1372870,4.80,
CCN1C(=O)[C@H]2CC[C@@H]3[C@H]([C@H](O)[C@H](O)C/C/3=N/OC[C@@H](C)[C@H](OCc4ccccc4)C(C)C)[C@@H]2C1=O,CHEMBL1526607,5.40,
CCN1C(=O)\C(=C\2/SC(=S)N(CCCOC)C2=O)\c3ccccc13,CHEMBL1322376,5.45,
CCN1C(=O)C(CC(=O)Nc2ccc(OC)cc2)N(Cc3cccnc3)C1=S,CHEMBL1548480,4.95,
CCN1C(=O)C=C(SCC(=O)NCc2ccc3OCOc3c2)c4ccccc14,CHEMBL1340538,6.40,
CCN1C(=O)C2=C(CC(C)S2)N=C1SCC(=O)NC3CCCCC3,CHEMBL1544930,4.80,
CCN1C(=O)c2cc3CCCCc3nc2N=C1SCc4ccc(Cl)cc4Cl,CHEMBL1546034,5.05,
CCN1C(=O)c2cccc3c(NC(=O)c4cccc(c4)N5C(=O)CCC5=O)ccc1c23,CHEMBL1529440,4.65,
CCN1C(=O)c2ccccc2N=C1c3ccc(OCCCN4CCCCC4)cc3,CHEMBL519067,,5.77
CCN1C(=O)N=C(c2cccc(Cl)c2)c3ccc(CC)nc13,CHEMBL1358525,4.50,
CCN1C(=O)Nc2ncnc(c3ccc(NC(=O)Nc4cccc(c4)C(=O)NC(C)C)cc3)c12,CHEMBL1951350,4.59,
CCN1C(=S)N(CC(=O)Nc2cc(Cl)ccc2Cl)N=C1c3ccccc3Cl,CHEMBL1386594,5.30,
CCN1C(=S)N(CC(=O)Nc2ccccc2OC)N=C1c3ccccc3Cl,CHEMBL1720466,4.90,
CCn1c(C)c(\C=N\Nc2nc3ccccc3s2)c4ccccc14,CHEMBL3210057,5.05,
CCn1c(CCC2CCCCC2)nnc1CCC(=O)Nc3ccc(C)cc3C,CHEMBL3775930,4.92,
CCn1c(COc2ccc(OC)cc2)nc3ccccc13,CHEMBL1411457,5.90,
CCn1c(CSCc2ccc(C)cc2)nnc1SCC(=O)NCc3ccccc3,CHEMBL1483874,5.10,
CCn1c(nc2ccccc12)c3ccc(cc3)N(C)C,CHEMBL1520374,5.00,
CCn1c(nc2ccccc12)c3nonc3NC(=O)c4ccccc4,CHEMBL1530280,5.50,
CCn1c(NCc2cc(Br)ccc2NS(=O)(=O)c3ccc(C)cc3)nc4ccccc14,CHEMBL1312586,5.85,
CCn1c(SCC(=O)c2ccc(OC)cc2)nnc1C3CC3,CHEMBL1301140,4.65,
CCn1c(SCC(=O)c2ccccc2)nnc1c3cccs3,CHEMBL1391286,5.05,
CCn1c(SCC(=O)N2CCN(CC2)S(=O)(=O)c3ccccc3)nnc1c4cccs4,CHEMBL1488127,5.95,
CCn1c(SCC(=O)Nc2cccc3ccccc23)nnc1C4Cc5ccccc5C4,CHEMBL3775765,5.40,
CCn1c(SCc2cccc(Cl)c2)nnc1c3cnn(c4ccccc4)c3C(F)(F)F,CHEMBL1502348,4.65,
CCn1c(SCc2nc3ccccc3[nH]2)nnc1c4ccc(OC)cc4,CHEMBL1422980,5.50,
CCN1C[C@H](NS(=O)(=O)C(C)C)[C@H](C1)c2ccc(cc2)c3ccc(cc3)C#N,CHEMBL1290275,,6.40
CCN1C=C(C=C(C)C1=O)[C@@]2(N=C(N)c3c(F)cccc23)c4cccc(NC(=O)c5ccc(Cl)cn5)c4,CHEMBL2177305,,5.89
CCN1C=C(C=C(C)C1=O)C2(N=C(N)c3c(F)cccc23)c4cccc(c4)c5cncnc5,CHEMBL2177920,,4.82
CCN1C=C(C=C(C)C1=O)c2ccc(cc2)[C@H](C)N3CC[C@@](CC(C)(C)O)(OC3=O)c4ccccc4,CHEMBL3664676,4.55,
CCn1c2ccccc2c3cc(ccc13)\N=C/4\SC(CC(=O)Nc5ccccc5OC)C(=O)N4C,CHEMBL3211009,5.55,
CCn1c2ccccc2c3cc(NC(=O)CN4CCN(C[C@@H](O)COc5ccc6sc(C)nc6c5)CC4)ccc13,CHEMBL150614,4.41,
CCn1c2ccccc2c3cc(NC(=O)CSc4nnc(c5ccc(OC)c(OC)c5)n4N)ccc13,CHEMBL1460429,6.00,
CCn1c2ccccc2c3cc(NS(=O)(=O)c4ccccc4C)ccc13,CHEMBL1506638,6.00,
CCN1c2ncccc2N(C)C(=O)c3cc(CCOc4ccc(cc4C)C(=O)O)cnc13,CHEMBL192530,4.62,
CCn1cc(c2ccnc3[nH]c(cc23)c4cccc(CN(C)C)c4)c(n1)c5ccc(NC(=O)N(C)C)cc5,CHEMBL1090479,4.82,
CCn1cc(cn1)[C@]2(N[C@H](Cc3c2[nH]c4ccccc34)c5nc(c[nH]5)c6ccc(F)cn6)C7=NN(C(C)C)C(=O)O7,CHEMBL3582340,,5.11
CCn1cc(cn1)[C@]2(N[C@H](Cc3c2[nH]c4ccccc34)c5nc(c[nH]5)c6ccc(F)cn6)C7=NN(CCN(C)C)C(=O)O7,CHEMBL3582342,,5.47
CCn1cc(cn1)[C@]2(N[C@H](Cc3c2[nH]c4ccccc34)c5nc(c[nH]5)c6ccc(F)cn6)c7oc(O)nn7,CHEMBL3582327,,4.65
CCN1CCC(CC1)Nc2ccc3NC(=O)C(=C(c4ccc(OC)cc4)c5nc6ccccc6[nH]5)c3c2,CHEMBL2086755,5.05,
CCN1CCC(CC1)Nc2ccc3NC(=O)C(=C(c4cccc(F)c4)c5nc(C)c[nH]5)c3c2,CHEMBL2087167,4.60,
CCN1CCC(CC1)Nc2ccc3NC(=O)C(=C(c4cccc(F)c4)c5ncc[nH]5)c3c2,CHEMBL2086759,4.64,
CCn1ccc(NC(=O)c2cc(O[C@@H](C)CO)cc(Oc3ccc(cc3)C(=O)N4CCC4)c2)n1,CHEMBL3219105,,4.27
CCN1CCC[C@@H](CN2CCN(CC2)C(=O)Nc3ccc(Cl)c(Cl)c3)C1,CHEMBL2036751,,5.68
CCN1CCC[C@@H]1CNC(=O)c2c(O)c(Cl)cc(Cl)c2OC.OC(C(O)C(=O)O)C(=O)O,CHEMBL2062333,4.60,
CCN1CCC[C@H](C1)C(=O)N2CCN(CC2)C(=O)Nc3ccc(Cl)c(Cl)c3,CHEMBL2036778,,5.30
CCN1CCc2oc(N)nc2CC1,CHEMBL149616,6.00,
CCN1CCCC(CN2CCN(CC2)C(=O)Nc3ccc(Cl)c(Cl)c3)C1,CHEMBL2036750,,5.37
CCN1CCCC1Cn2c(nc3c(NCc4ccccc4)nc(C)nc23)c5ccccc5,CHEMBL1315913,5.30,
CCN1CCCC1Cn2cnc3c4cc(C)ccc4nc3c2O,CHEMBL1550537,4.65,
CCN1CCCC1CNC(=O)CSCc2nc(oc2C)c3ccccc3C,CHEMBL1536766,5.20,
CCN1CCCc2cc3NC4C=C5CCC[N+](=C5C=C4Oc3cc12)CCCC(=O)N(CCOc6ccc(NS(=O)(=O)C)cc6)CCc7ccc(NS(=O)(=O)C)cc7,CHEMBL390301,,8.44
CCN1CCN([C@H](C)C1)c2cc3[nH]c(SC(C)(C)C)nc3cc2Cl,CHEMBL468504,,6.00
CCN1CCN(CC1)C(=O)C2C3N(CCc4ccccc34)C(=O)c5cc(OC)c(OC)cc25,CHEMBL1741545,4.55,
CCN1CCN(CC1)c2cc(C)c3nc([nH]c3c2)C4=C(NC[C@@H](O)c5cccc(Cl)c5)C=CNC4=O,CHEMBL1098395,5.66,
CCN1CCN(CC1)c2cc(nc(n2)C(F)(F)F)N3CC[C@H]3C(=O)NCCc4ccc(nc4)C#N,CHEMBL3234579,5.11,
CCN1CCN(CC1)c2cc(nc(n2)C(F)(F)F)N3CCC[C@H](C3)C(=O)NCCc4cnc(nc4)C#N,CHEMBL3234573,5.28,
CCN1CCN(CC1)c2cc3[nH]c(nc3cc2Cl)C(=O)[C@@]4(C)CC[C@@](C)(O)CC4,CHEMBL511742,,5.51
CCN1CCN(CC1)c2cc3[nH]c(nc3cc2Cl)C(=O)[C@@]4(C)CC[C@](C)(O)CC4,CHEMBL466308,,4.70
CCN1CCN(CC1)c2cc3[nH]c(S[C@@]4(C)CC[C@@H](CC4)c5nnn(C)n5)nc3cc2Cl,CHEMBL466448,,5.36
CCN1CCN(CC1)c2cc3[nH]c(S[C@@]4(C)CC[C@H](CC4)NC(=O)OC)nc3cc2Cl,CHEMBL468301,,5.82
CCn1cnc2c(Nc3cccc(Cl)c3)nc(N[C@@H]4CCCC[C@H]4N)nc12,CHEMBL1532768,4.90,
CCN1N=C(C=CC1=O)c2ccc(cc2)[C@H](C)N3CC[C@@](CC(C)(C)O)(OC3=O)c4ccccc4,CHEMBL3645513,4.49,
CCN1N=C2N(N(Cc3ccc(cc3)C#N)C(=O)C(=C2c4ccc(Cl)cc4)c5cnn(C)c5)C1=O,CHEMBL3260755,5.47,
CCN1N=C2N(N(Cc3ccc(nc3)C(F)(F)F)C(=O)C(=C2c4ccc(Cl)cc4)c5ccncc5)C1=O,CHEMBL3260742,4.75,
CCn1nc(Cc2ccccc2)cc1C3CCN(C[C@H]4CN(C[C@@H]4c5cccc(F)c5)[C@@H](C(=O)O)C(C)(C)C)CC3,CHEMBL172854,,4.85
CCNC(=Nc1ccc(Cl)cc1)c2cccnc2,CHEMBL1741487,4.65,
CCNC(=O)[C@H](C)\C=C\C(NC(=O)OCc1ccccc1)c2ccc(cc2)C(=O)OC,CHEMBL1371597,5.20,
CCNC(=O)c1cccc(NC(=O)Nc2ccc(cc2)c3ccnc4[nH]cnc34)c1,CHEMBL1951335,7.26,
CCNC(=O)N1CCC2(CCN(CC2)c3ccc(cn3)C(=O)Nc4cc(ccc4N)c5cccs5)C1,CHEMBL470581,,6.34
CCNC(=O)N1CCN(CCCC(c2ccc(F)cc2)c3ccc(F)cc3)CC1,CHEMBL1079935,5.10,
CCNC(=O)Nc1ccc(cc1)c2nc3C[C@@H]4CC[C@@H](N4C(=O)C)c3c(n2)N5CCOC[C@@H]5C,CHEMBL2334759,5.14,
CCNC(=O)Nc1ccc(cc1)c2nc3CN(CCc3c(n2)N4CCOC[C@@H]4C)C(C)C,CHEMBL2331678,,5.07
CCNC(=O)Nc1ccc(cc1)c2nc3CN(CCc3c(n2)N4CCOC[C@@H]4C)c5cc(C)ncn5,CHEMBL2331676,5.08,
CCNC(=O)Nc1ccc(cc1)c2nc3CN(CCc3c(n2)N4CCOC[C@@H]4C)c5ccnc(C)n5,CHEMBL2331689,5.48,
CCNC(=O)Nc1cccc(CCN2CCN(CC2)c3cccc4nc(C)ccc34)c1,CHEMBL1632220,,6.20
CCNC(=O)Nc1cccc(CNc2cc(cc3ncc(cc23)N4CCN(C)CC4)C(F)(F)F)c1,CHEMBL3221123,,4.09
CCNc1cc(N2CCCC2=O)c(F)c(c1)C(=O)N[C@@H](Cc3ccccc3)[C@H](O)CNCc4cccc(c4)C(F)(F)F,CHEMBL445734,4.13,
CCNc1cc(O)ccc1C,CHEMBL1520783,4.60,
CCNc1nc(c2cocc2)c(cc1OC[C@@H](N)Cc3ccccc3)c4cnc5[nH]nc(C)c5n4,CHEMBL593573,5.30,
CCNc1nc(NC(C)C)nc(SCCOc2ccc(C)cc2)n1,CHEMBL1361757,4.80,
CCNc1nc(Sc2ccc(C)cc2)cc(n1)C(F)(F)F,CHEMBL1389433,4.65,
CCNc1nc2CCN(Cc2c(n1)C(=O)N)C(=O)CCc3ccc(OC(F)(F)F)cc3,CHEMBL2331648,,5.34
CCNc1ncc2N=C(C(=O)N(C)c2n1)c3cn(C)c4ccccc34,CHEMBL1336793,5.00,
CCNc1ncc2N=C(C(=O)N(c3ccccc3)c2n1)c4cn(C)c5ccccc45,CHEMBL1533214,5.20,
CCNc1ncc2N=C(C(=O)N(Cc3ccc(F)cc3)c2n1)c4ccc(Cl)cc4,CHEMBL1434308,5.80,
CCNc1ncc2N=C(C(=O)N(Cc3ccc(F)cc3)c2n1)c4cccs4,CHEMBL1558135,4.80,
CCNc1ncc2N=C(C(=O)N(Cc3cccc(OC)c3)c2n1)c4cccs4,CHEMBL1375046,4.90,
CCNc1ncc2N=C(C(=O)N(Cc3cccs3)c2n1)c4ccc(OC)cc4,CHEMBL1516163,5.10,
CCNc1ncc2N=C(C(=O)N(CCC#N)c2n1)c3ccc(OC)cc3,CHEMBL1316491,4.80,
CCNc1ncc2N=C(C(=O)N(CCOC)c2n1)c3cc(F)cc(F)c3,CHEMBL1450805,5.10,
CCNc1ncc2N=C(C(=O)N(CCOC)c2n1)c3ccccc3,CHEMBL1395974,4.50,
CCNc1ncc2N=C(C)C(=O)N(Cc3cccs3)c2n1,CHEMBL1436179,4.80,
CCNc1ncc2N=C(CCc3ccccc3)C(=O)N(C[C@H]4CCCO4)c2n1,CHEMBL1405546,5.50,
CCNc1ncc2N=C(CCc3ccccc3)C(=O)N(Cc4ccc(F)cc4)c2n1,CHEMBL1373259,5.60,
CCNc1ncc2N=C(CCc3ccccc3)C(=O)N(Cc4cccc(OC)c4)c2n1,CHEMBL1592964,5.20,
CCNc1ncc2N=C(CCc3ccccc3)C(=O)N(CCC#N)c2n1,CHEMBL1590270,4.80,
CCNc1ncc2N=C(CCc3ccccc3)C(=O)N(CCOC)c2n1,CHEMBL1594020,4.80,
CCNCC.CCN(CC)N(O)N=O,CHEMBL1435319,4.40,
CCO[C@@H]([C@H](C)\C=C/CC(=O)OC)c1cc(OC)cc(c1OC)[N+](=O)[O-],CHEMBL1400788,5.40,
CCO[C@@H]([C@H]1C[C@@H](C)[C@H]2[C@H](O1)[C@H](O)[C@@]3(C)[C@@H]4CC[C@H]5C(C)(C)[C@H](CC[C@@]56C[C@@]46CC[C@]23C)O[C@H]7CN(CCO7)C8CN(C8)C(C)C)C(C)(C)O,CHEMBL3403816,4.43,
CCO[C@@H]([C@H]1C[C@@H](C)[C@H]2[C@H](O1)[C@H](O)[C@@]3(C)[C@@H]4CC[C@H]5C(C)(C)[C@H](CC[C@@]56C[C@@]46CC[C@]23C)O[C@H]7CN(CCO7)C8CN(C8)C9COC9)C(C)(C)O,CHEMBL3403818,4.92,
CCO[C@@H]([C@H]1C[C@@H](C)[C@H]2[C@H](O1)[C@H](O)[C@@]3(C)[C@@H]4CC[C@H]5C(C)(C)[C@H](CC[C@@]56C[C@@]46CC[C@]23C)O[C@H]7CN(CCO7)C8CN(CCOC)C8)C(C)(C)O,CHEMBL3403819,5.28,
CCO\C(=C(\C=N\c1ncccc1C)/C(=O)OCC)\O,CHEMBL3197350,4.90,
CCO\C(=C\1/C(c2cccnc2)n3ncnc3N=C1C)\O,CHEMBL1580242,4.95,
CCO\C(=C\C1=NC(C)(C)Cc2cc(OC)c(O)cc12)\O,CHEMBL3193293,5.00,
CCOC(=N)c1ccc(s1)c2ccc3cc(CCN4CCC[C@H]4C)ccc3n2,CHEMBL1086534,,5.32
CCOC(=O)[C@@H]1CC[C@@H](CC1)N2CC(C2)NC(=O)CNc3nn(c4ccc(cc34)C(F)(F)F)S(=O)(=O)C,CHEMBL1834782,,4.60
CCOC(=O)\C=C\1/SCC(=O)N1CC(=O)Nc2ccc3CCCc3c2,CHEMBL1384608,4.85,
CCOC(=O)C(=O)NCc1oc(\C=C/2\N(C(=C(C(=O)OC)C2=O)C)c3ccc(F)cc3)cc1,CHEMBL1536243,4.65,
CCOC(=O)C(C)Sc1ncc(OC)c(Sc2ccc(Cl)cc2)n1,CHEMBL1350756,4.70,
CCOC(=O)C(C)Sc1nnc(CNC(=O)c2ccc(OC)cc2)n1C3CCCCC3,CHEMBL1306798,6.05,
CCOC(=O)C1(CCN(C)CC1)c2ccccc2,CHEMBL607,,4.12
CCOC(=O)C1(O)Oc2cc(OC)cc(OC)c2C(=O)C1c3ccccc3,CHEMBL1357465,4.70,
CCOC(=O)c1[nH]c(C)c(C(=O)C2=C(O)C(=O)N(CCN3CCOCC3)C2c4cccs4)c1C,CHEMBL1483207,4.85,
CCOC(=O)c1[nH]c(COC(=O)CCOc2ccccc2OC)c(C(=O)OCC)c1C,CHEMBL1457798,5.05,
CCOC(=O)c1[nH]c2cc(OC)c(OC)cc2c1NC(=O)c3nonc3C,CHEMBL1727071,5.55,
CCOC(=O)c1[nH]cc2C(C3=C(CCCC3=O)Nc12)c4oc(Sc5nc6c(O)cccc6[nH]5)cc4,CHEMBL3393482,6.31,
CCOC(=O)C1=C(C)NC(=C([C@H]1c2cccc(c2)[N+](=O)[O-])C(=O)OC)C,CHEMBL268609,5.20,
CCOC(=O)C1=C(C)NC(=C(C1c2cccc(c2)[N+](=O)[O-])C(=O)OC)C,CHEMBL475534,,5.00
CCOC(=O)C1=C(CN2C(C)Cc3ccccc23)NC(=O)NC1c4ccccc4,CHEMBL1406530,4.80,
CCOC(=O)C1=C(N)N2C(=O)\C(=C\c3occc3)\SC2=C(C1c4occc4)C(=O)OCC,CHEMBL1981770,4.55,
CCOC(=O)C1=C(N=C2S\C(=C/c3cc(OC)c(OC)c(OC)c3)\C(=O)N2C1c4cccs4)c5ccccc5,CHEMBL3196667,5.15,
CCOC(=O)C1=CC(OC(CC)CC)C(NC(=O)C)C(N)C1.OC(C(O)C(=O)O)C(=O)O,CHEMBL1399927,4.60,
CCOC(=O)C1=NN(\C(=C/2\S\C(=N/c3nc(cc(c4ccccc4)c3C#N)c5ccccc5)\N(C2=O)c6ccccc6)\S1)c7ccccc7,CHEMBL3408395,,5.34
CCOC(=O)C1=NN(\C(=N\c2nc(cc(c3ccccc3)c2C#N)c4ccccc4)\S1)c5ccc(C)cc5,CHEMBL3408388,,5.03
CCOC(=O)C1=NOC(CNC(=O)C2=NOC(CNC(=O)c3c(C)onc3c4ccccc4Cl)C2)C1,CHEMBL1507015,4.90,
CCOC(=O)c1c(C)[nH]c(C(=O)C(C)Sc2ccc(Cl)cc2)c1C,CHEMBL1324528,5.60,
CCOC(=O)c1c(C)[nH]c2c3ccccc3c(O)cc12,CHEMBL601110,5.40,
CCOC(=O)c1c(C)[nH]c2ccc3O[C@@H]4N(CCc5cc(OC)ccc45)Cc3c12,CHEMBL1358208,5.60,
CCOC(=O)c1c(C)c(C)sc1NC(=O)CSc2nnnn2C,CHEMBL1413296,4.85,
CCOC(=O)c1c(C)n(C)c2ccc(OC)c(NS(=O)(=O)c3ccc(Cl)s3)c12,CHEMBL1470796,5.80,
CCOC(=O)c1c(C)oc2c3ccccc3c(O)cc12,CHEMBL1447964,4.85,
CCOC(=O)C1C(CC(=CC1=O)c2ccc(NS(=O)(=O)C)cc2)c3occc3,CHEMBL1345906,4.60,
CCOC(=O)c1c(CC(C)C)csc1NC=O,CHEMBL1546010,4.65,
CCOC(=O)c1c(NC(=O)C2C3CCC(O3)C2C(=O)O)sc(C)c1c4ccc(C)cc4,CHEMBL1546060,4.90,
CCOC(=O)c1c(NC(=S)NC(=O)N(C)C)scc1c2oc(C)cc2,CHEMBL1565536,4.80,
CCOC(=O)c1c(OC)cnc2c(CCC34CCC(CC3)(CO4)NCc5ccc6OCC(=O)Nc6n5)ccnc12,CHEMBL3422982,,8.10
CCOC(=O)c1cc(C#N)c(nc1C)N2CCC(CC2)C(=O)NS(=O)(=O)Cc3ccc(F)cc3F,CHEMBL2419495,5.85,
CCOC(=O)c1cc(CC)sc1NC(=O)C(c2ccccc2)c3ccccc3,CHEMBL1494332,4.95,
CCOC(=O)c1cc(CC)sc1NC(=O)c2cc(OCC)c(OCC)c(OCC)c2,CHEMBL1463991,4.65,
CCOC(=O)c1cc(nc2c1c(C)nn2CCC#N)c3ccc(Cl)cc3,CHEMBL1408904,4.60,
CCOC(=O)c1cc2c(ccn2C)n1CC(=O)N3CCCC(C)C3,CHEMBL1479420,4.85,
CCOC(=O)c1ccc(N\C=C\C(=O)c2ccc(OC)cc2)cc1,CHEMBL1412937,5.20,
CCOC(=O)c1ccc(NC(=NS(=O)(=O)c2ccccc2C)c3ccccc3)cc1,CHEMBL1455802,5.70,
CCOC(=O)c1ccc(NC(=O)COc2ccccc2OC)cc1,CHEMBL1372099,4.50,
CCOC(=O)c1ccc(nc1)[C@]2(N[C@H](Cc3c2[nH]c4ccccc34)c5nc(c[nH]5)c6ccc(F)cc6)c7cnn(C)c7,CHEMBL3323079,,5.55
CCOC(=O)c1ccc(Nc2nc(nc3ccccc23)c4cccnc4)cc1,CHEMBL1420370,4.95,
CCOC(=O)c1cccc(n1)[C@]2(N[C@H](Cc3c2[nH]c4ccccc34)c5nc(c[nH]5)c6ccc(F)cc6)c7cnn(C)c7,CHEMBL3323073,,6.20
CCOC(=O)C1CCCN(C1)C(=O)CCN2N=C(C=CC2=O)c3ccccc3,CHEMBL1483182,4.75,
CCOC(=O)C1CCCN(C1)c2ncnc3c2cnn3c4ccc(Cl)cc4,CHEMBL1452079,4.60,
CCOC(=O)C1CCN(CC1)C(=O)c2ccc(C[C@@H]3CC[C@@H](N3)[C@H](O)c4ccccc4)cc2,CHEMBL3747487,,5.08
CCOC(=O)C1CCN(CC1)C(=O)c2cn(C)c3c(CN4C[C@H]5N([C@@H](Cc6ccc(O)cc6)C4=O)C(=O)CN(CC=C)N5C(=O)NCc7ccccc7)cccc23,CHEMBL3702716,5.41,
CCOC(=O)C1CCN(CCCOc2ccc(cc2)S(=O)(=O)N)CC1,CHEMBL2024379,,4.12
CCOC(=O)C1CCN(CCOc2ccc(cc2)S(=O)(=O)N)CC1,CHEMBL2024310,,4.64
CCOC(=O)c1cnc2c(C)cc(C)cc2c1O,CHEMBL1741579,4.60,
CCOC(=O)c1cnc2c(N=Nc3cccc(Cl)c3)c(N)nn2c1N,CHEMBL1478734,4.90,
CCOC(=O)c1cnc2cc(nn2c1c3ccccc3)c4ccc(C)cc4,CHEMBL1602892,4.70,
CCOC(=O)c1cnc2ccc(C)cc2c1Sc3ccccc3C(=O)OC,CHEMBL1380844,4.40,
CCOC(=O)c1cncc(c1)[C@@]2(N[C@H](Cc3c2[nH]c4ccccc34)c5nc(c[nH]5)c6ccc(F)cc6)c7cnn(C)c7,CHEMBL3323076,,5.65
CCOC(=O)c1cncc(c1)[C@]2(N[C@H](Cc3c2[nH]c4ccccc34)c5nc(c[nH]5)c6ccc(F)cc6)c7cnn(C)c7,CHEMBL3323077,,5.60
CCOC(=O)c1cncn1[C@@H](C)c2ccccc2,CHEMBL279678,6.10,
CCOC(=O)c1cnn(c1NC(=O)C2CCC2)c3ccc(cc3)C(C)C,CHEMBL1391282,4.40,
CCOC(=O)c1oc2ccccc2c1NC(=O)c3cc(OC)cc(OC)c3,CHEMBL1588802,5.10,
CCOC(=O)c1oc2ccccc2c1NC(=O)c3ccc(cc3)S(=O)(=O)N(C)C,CHEMBL1425498,4.85,
CCOC(=O)c1oc2cnccc2c1Nc3ccc4\C(=N/O)\CCc4c3,CHEMBL1667925,5.08,
CCOC(=O)c1sc(nc1C)N(Cc2ccccc2)C(=O)CN3C(=O)CN(C)C3=O,CHEMBL1371661,4.90,
CCOC(=O)c1sc2nc(\C=C\c3ccc(c(OC)c3)n4cnc(C)c4)nc(N)c2c1C,CHEMBL1642188,,6.01
CCOC(=O)Cc1csc(NC(=O)c2sc3nc4ccc(CC)cc4cc3c2N)n1,CHEMBL1399879,4.45,
CCOC(=O)Cc1csc(NC(=O)CCCCCN2C(=O)c3ccccc3C2=O)n1,CHEMBL1310477,5.40,
CCOC(=O)CC1N(CCNC1=O)S(=O)(=O)c2ccccc2Cl,CHEMBL1717461,4.85,
CCOC(=O)Cc1nnc(NC(=O)CSc2ccc(C)cc2)s1,CHEMBL1525931,5.15,
CCOC(=O)CCCc1c[nH]c2ccccc12,CHEMBL1447745,4.50,
CCOC(=O)CCCNC(=O)CCCNC(=O)C(c1ccccc1)c2ccccc2,CHEMBL1300309,5.05,
CCOC(=O)CN1C(=O)S\C(=C\c2oc(cc2)N3CCCCC3)\C1=O,CHEMBL1471761,4.65,
CCOC(=O)Cn1cc(C(=O)c2ccccc2F)c3ccccc13,CHEMBL1367708,4.45,
CCOC(=O)CN1NC2(CCC(CC2)C(C)(C)C)N=C1S,CHEMBL1485231,4.85,
CCOC(=O)CNC(=O)CSc1nnc(c2ccncc2)n1c3ccc(Cl)cc3,CHEMBL1705301,5.10,
CCOC(=O)CNCc1ccc(cc1)C2=CN(Cc3c(F)cccc3C(F)(F)F)C(=O)N(C[C@H](N)c4ccccc4)C2=O,CHEMBL503624,6.46,
CCOC(=O)COc1ccc(NC(=O)c2ccc(cc2)C(=N)N(C)C)c(c1)C(=O)Nc3ccc(Cl)cn3,CHEMBL221178,,6.01
CCOC(=O)COc1ccc2ncc(F)c(CCC34CCC(CC3)(CO4)NCc5ccc6OCC(=O)Nc6n5)c2n1,CHEMBL3605026,,5.07
CCOC(=O)CSC1=C(C#N)C(C(=C(C)N1)C(=O)C)c2ccccc2F,CHEMBL1595253,4.85,
CCOC(=O)CSC1=NC(=O)\C(=C/c2ccc(OC(=O)C)cc2)\S1,CHEMBL1542591,4.85,
CCOC(=O)CSc1n[nH]c(n1)c2cccnc2,CHEMBL1742155,4.80,
CCOC(=O)CSc1n[nH]c(NC(=O)c2ccccc2)n1,CHEMBL1438661,4.40,
CCOC(=O)CSc1nnc(Cc2cc(O)nc(O)n2)n1c3cccc(OC)c3,CHEMBL1321454,4.65,
CCOC(=O)CSc1nnc(CSc2nc(O)c3c4CCCCc4sc3n2)n1c5ccccc5,CHEMBL1333080,6.00,
CCOC(=O)N\N=C/1\C[C@@H](O)[C@@H](O)[C@H]2[C@@H]1CC[C@H]3[C@H]2C(=O)N(Cc4ccc5OCOc5c4)C3=O,CHEMBL1400619,5.50,
CCOC(=O)N1[C@@H]2CC[C@H]1C[C@H](CN3CC[C@@H](C3)N4C(=O)Cc5ccccc45)C2,CHEMBL2336059,,5.62
CCOC(=O)N1CCC(CC1)NS(=O)(=O)c2ccc3N(C)C(=O)C(C)(C)c3c2,CHEMBL1699304,4.80,
CCOC(=O)N1CCC(CN2CCC3(CC2)CC(=O)N(CC)c4ncccc34)CC1,CHEMBL2407174,,5.54
CCOC(=O)N1CCC(CN2CCC3(CC2)OC(=O)N(C)c4ncccc34)CC1,CHEMBL2407170,,5.83
CCOC(=O)N1CCN(CC1)C(=O)C2(CCN(CC2)c3cc(N)ccn3)c4ccccc4,CHEMBL493743,,6.77
CCOC(=O)N1CCN(CC1)C(=O)c2ccc3nc(SCc4ccc(F)cc4)n(C)c3c2,CHEMBL1458493,4.40,
CCOC(=O)N1CCN(Cc2nc3N(C)C(=O)NC(=O)c3n2Cc4ccccc4C)CC1,CHEMBL1536604,5.40,
CCOC(=O)N1CCN(CCOc2cc(C)n(n2)c3ccc(Cl)c(Cl)c3)CC1,CHEMBL2170232,,5.39
CCOC(=O)O[C@@H](C)OC(=O)[C@@H]1N2[C@H](SC1(C)C)[C@H](NC(=O)[C@@H](N)c3ccccc3)C2=O,CHEMBL1595709,5.90,
CCOC(=O)OC(C1CC2CCN1CC2C=C)c3ccnc4ccc(OC)cc34,CHEMBL1398476,5.10,
CCOC(CN1CCN(CCc2ccc(C#N)c(OC)c2)CC1)c3ccc4C(=O)OCc4c3C,CHEMBL3612801,,5.46
CCOC[C@H](Oc1ncnc2c1cnn2c3ncccc3Cl)C(=O)Nc4ccc(Cl)cn4,CHEMBL3221495,,5.00
CCOC[C@H](Oc1ncnc2c1cnn2c3ncccc3Cl)C(=O)Nc4ccc(cn4)C#N,CHEMBL3221504,,4.70
CCOc1c(Cl)cc(cc1Cl)C(=O)Nc2ccccc2c3ccccc3,CHEMBL1536139,4.85,
CCOc1c(OC(=O)C)ccc(\C=C\2/N=C(SCC)SC2=O)c1[N+](=O)[O-],CHEMBL1349047,4.40,
CCOc1c(OC(=O)C)ccc(\C=C\c2ccc3cccc(OC(=O)C)c3n2)c1[N+](=O)[O-],CHEMBL1502201,5.00,
CCOc1c2ccc(cc2nn1CC)C(=O)NCc3ccccc3OC,CHEMBL1363499,4.80,
CCOc1c2ccc(cc2nn1CC)C(=O)NCc3occc3,CHEMBL1387342,4.50,
CCOc1cc(\C=N\NC(=O)Cc2ccc(cc2[N+](=O)[O-])C(F)(F)F)c(Br)cc1OC,CHEMBL3213017,5.05,
CCOc1cc(\C=N\O)ccc1OS(=O)(=O)c2ccc(C)cc2,CHEMBL3195193,4.95,
CCOc1cc(C)c(cc1C)S(=O)(=O)Nc2ccc3c[nH]nc3c2,CHEMBL1569058,6.50,
CCOc1cc(C)c2ncc(F)c(CCC34CCC(CC3)(CO4)NCc5ccc6OCC(=O)Nc6n5)c2n1,CHEMBL3422954,,8.92
CCOc1cc(C[C@H]2COC(O)[C@@H]2Cc3cc(OC)c(OC)c(OC)c3)cc4OCOc14,CHEMBL480295,6.36,
CCOc1cc(CCN2CCN(CCc3ccc4C(=O)OCc4c3)CC2)ccc1C#N,CHEMBL2146877,,6.17
CCOc1cc(N)c(Cl)cc1C(=O)NCC2CN(Cc3ccc(F)cc3)CCO2,CHEMBL60889,6.16,5.32
CCOc1cc(Nc2nc3c(cc2F)ncn3[C@@H](CO)c4ccc(F)cn4)n[nH]1,CHEMBL2151325,,4.50
CCOc1cc(OCC)c(cc1OCC)C(=O)C,CHEMBL1491397,4.80,
CCOc1cc2ncc(C(=O)N)c(Nc3ccc(F)cc3F)c2cc1N4CCC(O)CC4,CHEMBL481717,,4.77
CCOc1cc2nccc(Oc3cnc(CC(=O)Nc4n[nH]c(CC)c4C)c(OC)c3)c2cc1OC,CHEMBL2023802,,4.12
CCOc1ccc(CC(=O)Nc2sc(Cc3ccccc3)c(C)c2C(=O)N)cc1OCC,CHEMBL1577007,4.70,
CCOc1ccc(cc1)C(=O)CN2CCN(CC2)S(=O)(=O)c3ccc(F)cc3,CHEMBL1444983,5.20,
CCOc1ccc(cc1)C(=O)NC(=S)N(Cc2ccccc2)Cc3ccccc3,CHEMBL1466628,5.00,
CCOc1ccc(cc1)C2=[N+]([O-])c3ccccc3N(OCc4ccccn4)C2=O,CHEMBL1504999,4.90,
CCOc1ccc(cc1)c2nnc3SCC(=Nn23)c4ccc(OC)cc4,CHEMBL1458916,4.80,
CCOc1ccc(cc1)N(C(C(=O)NC2CCCC2)c3ccccc3C)C(=O)\C=C\C(=O)Nc4cc(C)on4,CHEMBL1582268,6.05,
CCOc1ccc(cc1)N2C(=O)C3=C(CCS3)N=C2SCC(=O)Nc4ccc(OC)cc4OC,CHEMBL1568061,4.80,
CCOc1ccc(cc1)N2C(=S)SC(=C2N)C(=O)NCc3cccnc3,CHEMBL1439483,5.70,
CCOc1ccc(cc1)n2c(Cc3ccccc3)nnc2SCc4c(C)onc4C,CHEMBL1409446,6.10,
CCOc1ccc(cc1)N2CC(CC2=O)C(=O)NCc3cccc(C)c3,CHEMBL1605148,5.10,
CCOc1ccc(cc1Br)C(=O)Nc2ccc(NC(=O)c3occc3)c(Cl)c2,CHEMBL1461732,4.65,
CCOc1ccc(cc1N2C(=O)C3C4C=CC(C3C2=O)C4=C(C)C)C(=O)C,CHEMBL1524598,4.95,
CCOc1ccc(Cc2ccc(CC)cc2)cc1[C@@H]3C[C@H](CO)[C@@H](O)[C@H](O)[C@H]3O,CHEMBL2048492,4.44,
CCOc1ccc(CCNC(=O)C2CN(C3CCCC3)C(=O)C2)cc1OCC,CHEMBL1742330,4.85,
CCOc1ccc(NC(=O)N(CCN2CCOCC2)Cc3ccc4N(CC)CCCc4c3)cc1,CHEMBL1524128,4.95,
CCOc1ccc(NC(=S)N(Cc2occc2)Cc3ccc(cc3)N(C)C)cc1,CHEMBL1420257,5.15,
CCOc1ccc(OCC)c(c1)C2=[N+]([O-])c3ccccc3N(OCc4ccccc4C(=O)OC)C2=O,CHEMBL1304718,4.85,
CCOc1ccc(OCc2oc(cc2)C(=O)NCc3cccnc3)cc1,CHEMBL1451815,5.55,
CCOc1ccccc1C[C@@H](N2CCNCC2)c3ccccc3,CHEMBL403441,4.52,5.16
CCOc1ccccc1C2C(=C(N)Oc3[nH]nc(CC)c23)C#N,CHEMBL1560706,5.15,
CCOc1ccccc1NC(=O)CSc2nnc(c3cnccn3)n2C,CHEMBL1721191,5.05,
CCOc1ccccc1Nc2nc(cs2)c3sc(NC(=O)c4cccc(Cl)c4)nc3C,CHEMBL1498627,5.00,
CCOc1ccccc1O[C@H]([C@@H]2CNCCO2)c3ccccc3,CHEMBL180101,5.00,
CCOc1ccccc1OC2=C(C)Oc3cc(OC(=O)c4occc4)ccc3C2=O,CHEMBL1336347,4.70,
CCOc1nc(NC(=O)C2(CCC2)NC(=O)c3ccc4c(C5CCCC5)c(c6ccc(F)cn6)n(C)c4c3)ccc1\C=C\C(=O)O,CHEMBL3408617,,5.68
CCOc1nn(c(O)c1\C=N\c2ccc(Cl)cc2)c3ccccc3,CHEMBL3207405,4.70,
CCOc1nn(cc1Nc2ncc(Cl)c(n2)c3cnn4ccccc34)C5CCN(CC5)C(=O)C,CHEMBL3822943,,5.19
CCOCc1c(cnn1c2ncc(C)c(n2)N3CCCCC3)C(=O)NCc4cncn4C,CHEMBL2409007,6.00,
CCOCCCN1C(C(=O)N(CC1=O)C2CCCCC2)c3ccc(OCC)c(OC)c3,CHEMBL1508020,4.90,
CCOCCCN1CC(CC1=O)C(=O)NCCc2ccc(C)cc2,CHEMBL1483257,4.80,
CCOCCCNC(=O)\C(=C\c1ccc[nH]1)\NC(=O)c2ccccc2,CHEMBL1587133,4.60,
CCOCCn1c(nc2ccccc12)N3CC[C@@H](C3)N(C)C,CHEMBL1087493,,6.63
CCOP(=O)(OCC)C(NC(=O)C(Cl)Cl)C(Cl)(Cl)Cl,CHEMBL1734683,4.50,
CCOP(=S)(OCC)Oc1nc(Cl)c(Cl)cc1Cl,CHEMBL463210,5.30,
CCOP(=S)(OCC)SCCSCC,CHEMBL1332314,4.70,
CCOP(=S)(OCC)SCN1C(=O)Oc2cc(Cl)ccc12,CHEMBL1528531,6.10,
CCS(=O)(=O)c1cc2cc(CC(O)(CC(C)(C)c3ccccc3C(=O)N)C(F)(F)F)[nH]c2cn1,CHEMBL3358949,4.85,
CCS(=O)(=O)c1ccc2[nH]c(nc2c1)c3ccc(C)c(c3)c4ccccc4,CHEMBL2069316,5.24,
CCS(=O)(=O)c1ccc2[nH]c(nc2c1)c3cccc(c3)c4ccccc4,CHEMBL2070137,5.05,
CCS(=O)(=O)c1ccc2[nH]c(nc2c1)c3cccc(c3F)c4ccccc4,CHEMBL2070146,5.18,
CCS(=O)(=O)c1ccc2OC(CN(c2c1)S(=O)(=O)c3ccc(OC)cc3)C(=O)O,CHEMBL1612407,4.65,
CCS(=O)(=O)c1ccc2oc(Nc3cc(C)cc(C)c3)nc2c1,CHEMBL1379079,4.55,
CCS(=O)(=O)n1c2CCN(Cc2c3cc(ccc13)C(=O)N4CCC(C)CC4)C5CCOC5,CHEMBL1950488,,4.60
CCS(=O)(=O)n1c2CCN(Cc2c3cc(ccc13)C(=O)N4CCC(C)CC4)C5CCOCC5,CHEMBL1950351,,5.51
CCS(=O)(=O)NCC(N1CCN(CC1)c2ccccc2F)c3cccnc3,CHEMBL1742117,4.85,
CCSc1cc(nc(n1)c2ccc(F)cc2)N3CCCC3,CHEMBL1562921,4.50,
CCSc1ccc2Sc3ccccc3N(CCCN4CCN(C)CC4)c2c1.O[C@H](CC(=O)O)C(=O)O.O[C@H](CC(=O)O)C(=O)O,CHEMBL1326247,5.00,
CCSc1ccccc1C(=O)N(CC2CCC2)[C@H]3CCNC3,CHEMBL556539,,5.12
CCSc1ncccc1C(=O)N2CC[C@H](NCc3cncn3Cc4ccc(cc4)C#N)C2=O,CHEMBL500945,,4.85
Cl.C(CNc1nc(nc2c1oc3ccccc23)c4ccccc4)Cn5ccnc5,CHEMBL1594359,6.00,
Cl.C(N(C1CNC1)c2ccccc2)c3ccc4ccccc4c3,CHEMBL3331469,5.88,
Cl.C1CCN(C1)C23CNCC(C(C2)c4ccccc4)C(C3)c5ccccc5,CHEMBL3401424,,5.58
Cl.C1CN2Cc3ccccc3N=C2C1,CHEMBL1376378,4.50,
Cl.C1NC[C@H]2C[C@@H]1C[C@@H]2Oc3ccccc3c4cccnc4,CHEMBL1209070,,5.67
Cl.CC(=O)N1CCC(CC1)C(=O)N(CCCN2CCN(Cc3ccc(F)cc3)CC2)c4ccc(C)c(Cl)c4,CHEMBL2017374,,5.74
Cl.CC(C)(C)NCC(O)c1cc(Cl)c(N)c(Cl)c1,CHEMBL1330729,4.80,
Cl.CC(C)[C@H](N)c1oc(SCc2ccc(Cl)cc2)nn1,CHEMBL1610132,5.80,
Cl.CC(C)C(O)(C#CCN1CCCC1)c2ccccc2,CHEMBL1462483,4.85,
Cl.CC(C)c1nnc(C)n1C2CCN(CC2)C(C)C[C@H](NC(=O)C3CC(F)(F)C3)c4ccccc4,CHEMBL491679,,5.64
Cl.CC(C)CC(N(C)C)C1(CCC1)c2ccc(Cl)cc2,CHEMBL1200765,5.00,
Cl.CC(C)n1nc(C(=O)NCC2CCN(CCNS(=O)(=O)C)CC2)c3ccccc13,CHEMBL2179702,,5.58
Cl.Cc1c(cc(n1C)C(C)(C)C)C(=O)NCCN2CCN(CC2)c3cccc(Cl)c3Cl,CHEMBL1214597,,5.16
Cl.Cc1cc(c(O)c(C)c1CC2=NCCN2)C(C)(C)C,CHEMBL1200791,4.60,
Cl.Cc1cc(cc(C)c1CC2=NCCN2)C(C)(C)C,CHEMBL1256400,4.40,
Cl.Cc1ccc(CSc2oc(nn2)[C@@H]3CCCN3)cc1,CHEMBL1742187,5.45,
Cl.CCc1c(C)[nH]c2CCC(CN3CCOCC3)C(=O)c12,CHEMBL1200419,4.90,
Cl.CCCCN1CCCC[C@H]1C(=O)Nc2c(C)cccc2C,CHEMBL1200749,,4.89
Cl.CCCN1C2=NCCCN2c3ccccc13,CHEMBL1724116,4.45,
Cl.CCN(CC)CCNC(=O)c1ccc(NC(=O)C)cc1,CHEMBL1256805,6.90,
Cl.CCN(CCCCOC(=O)c1ccc(OC)c(OC)c1)C(C)Cc2ccc(OC)cc2,CHEMBL1446650,4.90,
Cl.CCN1C(=O)N(C)C(=O)c2c1cc(N3CCC[C@@](C)(N)C3)n2Cc4cc(F)ccc4C#N,CHEMBL1288288,5.03,
Cl.CCOC(C(=O)OCCCN(CC)CC)(c1ccccc1)c2ccccc2,CHEMBL1742283,6.15,
Cl.CCSc1oc(nn1)C(N)Cc2ccccc2,CHEMBL1376958,4.95,
Cl.Cl.C[C@@H](N)[C@@H]1CC[C@H](CC1)C(=O)Nc2ccncc2,CHEMBL1605605,4.80,
Cl.Cl.CC(C)n1nc(C(=O)NCC2CCN(CCN3CCOCC3)CC2)c4ccccc14,CHEMBL3215681,,4.49
Cl.Cl.Cc1cc(nnc1NCCN2CCOCC2)c3ccccc3,CHEMBL1364551,4.50,
Cl.Cl.CCCCC(CC)CNC(=N)NC(=N)NCCCCCCNC(=N)NC(=N)NCC(CC)CCCC,CHEMBL554041,4.60,
Cl.Cl.Cl.Cc1c(Cl)cccc1N2CCN(CCCNC(=O)c3nc(c4ccccc4)n(c3Cn5cncn5)c6ccccc6)CC2,CHEMBL3215850,,5.01
Cl.Cl.Cl.Cl.CCCn1c(C)c(cc1c2ccccn2)C(=O)NCCCN3CCN(CC3)c4cccc(Cl)c4Cl,CHEMBL3216702,,6.00
Cl.Cl.Cl.Cn1cnc(c1)C(=O)N(Cc2cccc(Cl)c2)[C@@H]3CC[C@H](N)CC3,CHEMBL3217125,,4.18
Cl.Cl.CN(C)c1ccc(\C=C\2/CCCN=C2c3cccnc3)cc1,CHEMBL1357796,5.00,
Cl.Cl.CN(c1ccc2c(C)n(C)nc2c1)c3ccnc(Nc4cccc(c4)S(=O)(=O)N)n3,CHEMBL1794074,4.51,
Cl.Cl.Fc1ccc(cc1)c2nc3SCCn3c2c4ccncc4,CHEMBL1594610,4.80,
Cl.Cl.N=C(Nc1ccc2c(c[nH]c2c1)C3CN4CCC3CC4)c5cccs5,CHEMBL3142317,4.00,
Cl.Cl.OC(CN1CCNCC1)Cn2c3ccc(Br)cc3c4cc(Br)ccc24,CHEMBL1402326,4.50,
Cl.Cl.OC1(CNC1)c2cc(cc(c2)C(F)(F)F)C(=O)N[C@@H]3CCc4ccc(Oc5ccnc6NC(=O)CCc56)cc4C3,CHEMBL3764870,,5.31
Cl.Clc1cc2NC(=O)Cc2cc1CCN3CCN(CC3)c4nsc5ccccc45,CHEMBL1712,,6.92
Cl.Clc1cccc2c(cn(CC3CCOCC3)c12)c4nc(CN5CCCC5)cs4,CHEMBL1762803,,6.10
Cl.CN(C)C(=O)CN1C(=O)N(C)C(=O)c2c1cc(N3CCC[C@@](C)(N)C3)n2Cc4cc(F)ccc4Cl,CHEMBL1288289,4.87,
Cl.CN(CCC(N)CC(=O)NC1C=CC(OC1C(=O)O)N2C=CC(=NC2=O)N)C(=N)N,CHEMBL1480558,6.70,
Cl.CN[C@@H](C)C(=O)N[C@H]1[C@H](C)N(C(=O)CS(=O)(=O)C)c2ccccc2N(Cc3c(C)ccc4ccccc34)C1=O,CHEMBL2436219,5.07,
Cl.CN[C@@H](C)C(=O)N[C@H]1[C@H](C)N(C(=O)CS(=O)(=O)C)c2ccccc2N(Cc3c(OC)ccc4c(Br)cccc34)C1=O,CHEMBL2436217,5.77,
Cl.CN[C@@H](C)C(=O)N[C@H]1[C@H](C)N(C(=O)CS(=O)(=O)C)c2ccccc2N(Cc3noc4ccccc34)C1=O,CHEMBL2436220,5.68,
Cl.CN[C@@H](C)C(=O)N[C@H]1CN(C(=O)C)c2ccccc2N(Cc3c(OC)ccc4cc(Br)ccc34)C1=O,CHEMBL2436214,5.50,
Cl.CN[C@@H](C)C(=O)N[C@H]1CN(C(=O)c2cccc(F)c2)c3ccccc3N(Cc4c(OC)ccc5cc(Br)ccc45)C1=O,CHEMBL2436332,5.92,
Cl.CN[C@@H](C)C(=O)N[C@H]1CN(C(=O)C2CCOCC2)c3ccccc3N(Cc4c(OC)ccc5cc(Br)ccc45)C1=O,CHEMBL2436213,5.64,
Cl.CN[C@@H](C)C(=O)N[C@H]1CN(C(=O)CC(C)C)c2ccccc2N(Cc3c(C)ccc4ccccc34)C1=O,CHEMBL2436327,5.89,
Cl.CN[C@@H](C)C(=O)N[C@H]1CN(C(=O)CC(C)C)c2ccccc2N(CCc3ccccc3)C1=O,CHEMBL2436325,5.48,
Cl.CN[C@@H](C)C(=O)N[C@H]1CN(C(=O)CS(=O)(=O)C)c2ccccc2N(Cc3c(OC)ccc4cc(Br)ccc34)C1=O,CHEMBL2436215,5.00,
Cl.CN1C(=O)N(CCCO)c2cc(N3CCC[C@@](C)(N)C3)n(Cc4cc(F)ccc4Cl)c2C1=O,CHEMBL1287844,5.11,
Cl.CN1CC(C)(NC(=O)Nc2cccc(c2)c3nnnn3C)C(CN4CCC[C@@H](Cc5ccc(F)cc5)C4)OC1=O,CHEMBL505914,,4.80
Cl.CN1CCCN=C1COC(=O)C(O)(C2CCCCC2)c3ccccc3,CHEMBL1200891,5.10,
Cl.CN1CCN2C(C1)c3ccccc3Cc4ccccc24,CHEMBL544428,4.40,
Cl.CNCCC=C1c2ccccc2CCc3ccccc13,CHEMBL1201156,4.60,
Cl.CNCCCN1c2ccccc2CCc3ccccc13,CHEMBL1696,4.40,
Cl.COC(=O)C(N)CS,CHEMBL1490495,4.40,
Cl.COC(=O)C1=C(C)NC(=C(C1c2cccc(c2)[N+](=O)[O-])C(=O)OCCN(C)Cc3ccccc3)C,CHEMBL1200326,6.00,
Cl.COc1cc(CNC2CCCC2)cc(Cl)c1OCc3ccccc3Cl,CHEMBL1328118,5.25,
Cl.COc1cc(CNCc2cccs2)ccc1OCC(=O)NC(C)(C)C,CHEMBL1742258,5.35,
Cl.COc1cc(CNCCN2CCOCC2)ccc1OCc3ccc(Cl)cc3Cl,CHEMBL1308821,5.00,
Cl.COc1cc(CNCCN2CCOCC2)ccc1OCc3ccccc3Cl,CHEMBL1410452,4.80,
Cl.COc1cc(CNCCO)cc(Br)c1OCc2ccccc2Cl,CHEMBL1508951,5.40,
Cl.COc1cc2CCN3C(=O)N(C)\C(=N\c4c(C)cc(C)cc4C)\C=C3c2cc1OC,CHEMBL1256910,4.80,
Cl.COc1ccc(cc1)c2ccc3C(=CCc3c2)c4ccncc4,CHEMBL497309,5.62,
Cl.COc1ccc(CCNc2ccncn2)cc1,CHEMBL1485494,6.25,
Cl.COc1ccc(NC(=O)N2CCNC[C@@H]2COc3cccnc3)cc1,CHEMBL3262163,,4.51
Cl.COc1ccccc1CNC(=O)CN2CCC(CC2)NC(=O)c3ccccc3F,CHEMBL1464877,7.55,
Cl.COCCOc1ccccc1N2CCN(CC2)C(=O)[C@@]3(CCCN(C3)C(=O)c4cnccc4C(F)(F)F)Oc5ccc(cc5)C(F)(F)F,CHEMBL3288447,5.31,
Cl.CSc1ccc(cc1)[C@@H]2N=C(OCc3ccc(NS(=O)(=O)C)cc3)N(C)Cc4ccccc24,CHEMBL3350235,,4.25
Cl.CSc1ccc2Sc3ccccc3N(CCC4CCCCN4C)c2c1,CHEMBL1200916,4.50,
Cl.FC(F)(F)c1ccc(CCN2CCC3(CC2)OC(=O)Nc4ccccc34)cc1,CHEMBL1317124,5.10,
Cl.Fc1cc(ccc1Cl)C(Oc2ccccc2)C3CNC3,CHEMBL2171419,,5.81
Cl.Fc1ccc(cc1)c2ccc3C(=CCc3c2)c4ccncc4,CHEMBL498662,6.80,
Cl.Fc1ccc(cc1)c2ccc3C(CCc3c2)c4cccnc4,CHEMBL496287,5.77,
Cl.Fc1ccc(cc1)c2ccc3C(CCCc3c2)c4ccncc4,CHEMBL496289,5.66,
Cl.Fc1ccc(cc1F)c2ccc3C(CCCc3c2)c4ccncc4,CHEMBL496456,5.64,
Cl.Fc1ccncc1c2ccccc2O[C@H]3C[C@@H]4CNC[C@H]3C4,CHEMBL1209126,,5.75
Cl.Nc1c(Br)cc(Br)cc1CN[C@@H]2CC[C@@H](O)CC2,CHEMBL1514634,4.60,
Cl.Nc1ccc(cc1)C(=C2C=CC(=N)C=C2)c3ccc(N)cc3,CHEMBL1609459,4.90,
Cl.Nc1ccc(cc1)c2ccc3ccccc3n2,CHEMBL1255755,5.40,
Cl.NCCCCCCNS(=O)(=O)c1cccc2c(Cl)cccc12,CHEMBL513116,5.60,
Cl.NOCc1ccc(I)cc1,CHEMBL3763688,5.14,
Cl.O=C(CN1CCN(CC1)c2ncccn2)NCCC3=CCCCC3,CHEMBL1533852,4.75,
Cl.O=C(NCCOC(=O)c1ccc(s1)C(=O)OCCNC(=O)c2cccnc2)c3cccnc3,CHEMBL1600753,5.60,
Cl.OC(COc1ccc(F)cc1C(=O)CCc2ccccc2)CN3CCN(CC3)C(c4ccccc4)c5ccccc5,CHEMBL1915364,,5.32
Cl.OC(COc1ccc2cc(Br)ccc2c1)Cn3ccnc3,CHEMBL2448692,6.16,
Cl.OC(COc1ccccc1C(=O)CCc2ccccc2)CN3CCN(CC3)C(c4ccccc4)c5ccccc5,CHEMBL1915083,,5.59
Cl.OC[C@H](O)CN1C(=O)N(C2CCN(C[C@H]3[C@H]4CC[C@H](C4)C35CC5)CC2)c6ccccc16,CHEMBL564840,,4.60
Cl.Oc1cncc(c1)c2ccccc2O[C@H]3C[C@@H]4CNC[C@H]3C4,CHEMBL1209124,,5.80
Cl.OCCN(CCO)Cc1csc(n1)c2cn(CC3CCOCC3)c4c(Cl)cccc24,CHEMBL1762812,,5.60
ClC(Cl)C(c1ccc(Cl)cc1)c2ccccc2Cl,CHEMBL1670,4.60,
ClC1(Cc2ccccc2)C(=O)Nc3ccccc3C1=O,CHEMBL1565164,4.60,
ClC1(Cl)C(\C=N\NC(=O)c2cccc(Br)c2)C1c3ccccc3,CHEMBL3191520,4.90,
ClC1=C(Cl)C2(Cl)C3C4CC(C=C4)C3C1(Cl)C2(Cl)Cl,CHEMBL195953,5.50,
ClC1=C(Cl)C2(Cl)C3COS(=O)OCC3C1(Cl)C2(Cl)Cl,CHEMBL194399,5.60,
ClC1=C(NCCN2CCOCC2)C(=O)c3ncccc3C1=O,CHEMBL337173,5.60,
ClC1=C(Sc2nnc3c4ccccc4c5ccccc5c3n2)C(=O)c6ccccc6C1=O,CHEMBL1317986,5.30,
ClC1=CC(=CN(Cc2ccc(Cl)cc2)C1=O)C(=O)N3CCOCC3,CHEMBL1502553,4.55,
ClC1C=CC2C1C3(Cl)C(=C(Cl)C2(Cl)C3(Cl)Cl)Cl,CHEMBL194400,4.80,
Clc1cc(Cl)c(Cl)c(Cl)c1Cl,CHEMBL44628,7.30,
Clc1cc(Cl)cc(c1)N2CCN(CCN3Cc4ccccc4C3)C2=O,CHEMBL561512,,5.80
Clc1cc(Cl)cc(c1)S(=O)(=O)Nc2ccc(cc2)c3ocnc3,CHEMBL3087347,5.80,
Clc1cc(Cl)cc(CNC(=O)N(C2CCN(CC2)C3CCCC3)c4ccc(Br)cc4)c1,CHEMBL1089681,,7.22
Clc1cc2NC(=O)Cc2cc1CCN3CCN(CC3)c4nsc5ccccc45,CHEMBL708,,6.82
Clc1cc2OCC(=O)N(CC(=O)N3CCCC(C3CN4CCOCC4)c5ccccc5)c2cc1Cl,CHEMBL402520,6.14,
Clc1ccc([C@H](Cn2ccnc2)OCc3c(Cl)cccc3Cl)c(Cl)c1,CHEMBL1327203,6.40,
Clc1ccc(\C=C\C(=O)c2cccs2)cc1,CHEMBL1991126,4.60,
Clc1ccc(\C=N\NC(=O)Nc2ccccc2)cc1,CHEMBL3191729,4.90,
Clc1ccc(Br)cc1C(=O)Nc2ccccc2N3CCN(CC3)C(=O)c4ccccc4,CHEMBL1604670,5.45,
Clc1ccc(C(=O)Nc2ccccc2C(=O)NCC3CCCO3)c(Cl)c1,CHEMBL1422181,5.35,
Clc1ccc(c(Cl)c1)C(Cl)(Cl)Cl,CHEMBL1560541,4.50,
Clc1ccc(c(Cl)c1)S(=O)(=O)Nc2ccc(Oc3cncc(Cl)c3)c(c2)C#N,CHEMBL2338484,6.22,
Clc1ccc(CC(=O)Nc2cccc(c2)c3oc(nn3)c4occc4)cc1,CHEMBL1332225,5.10,
Clc1ccc(cc1)[C@@H](OCCN2CCCCC2)c3ccccc3,CHEMBL1516068,4.90,
Clc1ccc(cc1)C(=O)N2CCN(CC2)c3ccccc3NC(=O)c4cc(Br)ccc4Cl,CHEMBL1605341,5.40,
Clc1ccc(cc1)C(=O)NC2CCc3ccc(CCN4CCN(CC4)c5nsc6ccccc56)cc23,CHEMBL253439,,6.78
Clc1ccc(cc1)C(=O)Nc2cccc(c2)c3cnc4ccccc4n3,CHEMBL1559472,5.45,
Clc1ccc(cc1)C(=O)NCCN2CCOCC2,CHEMBL86304,,4.10
Clc1ccc(cc1)C(NC(=O)[C@@H]2CC[C@H](C[C@H]2c3ccc(Br)cc3)N4CCOCC4)c5ccc(Cl)cc5,CHEMBL3086035,,7.41
Clc1ccc(cc1)C2=CC=C(C#N)C(=O)N2CC=C,CHEMBL1573944,5.35,
Clc1ccc(cc1)C2=Nc3cnc(nc3N(CCc4ccccc4)C2=O)N5CCNCC5,CHEMBL1363622,4.50,
Clc1ccc(cc1)C2=Nc3cncnc3N(Cc4ccccc4Cl)C2=O,CHEMBL1449417,4.90,
Clc1ccc(cc1)C2CCN(CCN3CCN(C3=O)c4cccc(Cl)c4)CC2,CHEMBL561128,,8.10
Clc1ccc(cc1)C2CN=NC23CCc4ccccc4C3=O,CHEMBL1421523,4.40,
Clc1ccc(cc1)n2cc(NCCN3CCCCC3)nn2,CHEMBL3417044,,5.51
Clc1ccc(cc1)S(=O)(=O)\N=C/2\N(C(=O)Nc3ccccc23)c4ccccc4,CHEMBL3198037,5.55,
Clc1ccc(cc1)S(=O)(=O)c2cnc(nc2c3ccccc3)c4cccnc4,CHEMBL1714329,5.05,
Clc1ccc(cc1)S(=O)(=O)N2[C@@H](CCC[C@@H]2C3(CC(=O)N4CCC5(CCN5)CC4)CC3)C6CC6,CHEMBL252414,5.16,
Clc1ccc(cc1)S(=O)(=O)N2[C@@H](CCC[C@@H]2C3(Cc4noc(CN5CCCC5)n4)CC3)C6CC6,CHEMBL251800,5.92,
Clc1ccc(cc1)S(=O)(=O)N2[C@@H](COC(=O)N3CCC(CC3)N4CCCCC4)CCC[C@H]2C5CC5,CHEMBL398430,5.92,
Clc1ccc(cc1)S(=O)(=O)N2CCN(CC2)C(=O)CN3C(=O)NC4(CCCCCC4)C3=O,CHEMBL1511199,5.20,
Clc1ccc(cc1)S(=O)(=O)NC(=O)N2CCC(CC2)N3CCC(CC3)Oc4ccc(Cl)c(Cl)c4,CHEMBL2171035,,4.90
Clc1ccc(cc1)S(=O)(=O)NCC(=O)N(CC2CCCO2)CC(=O)NCCc3ccccc3,CHEMBL1320471,4.95,
Clc1ccc(cc1)S(=O)(=O)NCc2onc(c2)c3ccccc3Cl,CHEMBL1526526,4.70,
Clc1ccc(cc1)S(=O)(=O)NNC(=O)c2cnn(c3ccccc3)c2n4cccc4,CHEMBL1451363,4.60,
Clc1ccc(cc1Cl)[C@]23CCCC[C@H]2CNC3,CHEMBL1813471,5.08,5.19
Clc1ccc(cc1Cl)C(=O)COC(=O)c2cccnc2,CHEMBL1424582,6.25,
Clc1ccc(cc1Cl)C23CNCC2C3,CHEMBL528995,5.89,5.00
Clc1ccc(CCNC(=O)C2CCN(CC2)S(=O)(=O)N3CCC4(CC3)OCCO4)cc1,CHEMBL1344743,5.45,
Clc1ccc(CCNC(=O)Nc2cccc(Cl)c2)cc1,CHEMBL1422001,4.85,
Clc1ccc(Cl)c(c1)C(=O)NCC=C,CHEMBL1562792,4.75,
Clc1ccc(cn1)C2[C@H]3CN([C@H](c4ccccc4)C35CC2(C5)c6ccc(cc6)C#N)P(=O)(c7ccccc7)c8ccccc8,CHEMBL1304407,5.70,
Clc1ccc(cn1)C2[C@H]3CN(CC4CCCCC4)[C@H](c5ccccc5)C36CC2(C6)c7ccc(cc7)C#N,CHEMBL1490313,4.80,
Clc1ccc(Cn2c(\C=C\C3CCN(CC4CCCCC4)C3)nc5cc(Br)ccc25)cc1,CHEMBL3696117,,5.96
Clc1ccc(CN2C(=O)C(=O)c3ccccc23)cc1Cl,CHEMBL375126,5.10,
Clc1ccc(Cn2c(nc3cc(Cl)c(Cl)cc23)C4=CNC(=O)C=C4)cc1Cl,CHEMBL3699572,,5.30
Clc1ccc(Cn2ccc(n2)C(=O)N\N=C\c3c[nH]c4ccc(Br)cc34)cc1,CHEMBL3193586,5.40,
Clc1ccc(Cn2ccc(n2)C(=O)N\N=C\c3c[nH]c4ccccc34)c(Cl)c1,CHEMBL3210053,5.45,
Clc1ccc(COC(=O)CNC(=O)CNC(=O)c2cccs2)c(Cl)c1,CHEMBL1488997,5.15,
Clc1ccc(COC2=CC(=O)N(C=C2)c3ccc(OCCN4CCCC4)cc3)cc1,CHEMBL1642475,,8.77
Clc1ccc(CSCC(=O)Nc2nccs2)cc1,CHEMBL1496722,5.45,
Clc1ccc(CSCc2ccc(Cl)cc2Cl)c(Cl)c1,CHEMBL1566987,6.80,
Clc1ccc(CSCCNC(=S)Nc2ccccc2)c(Cl)c1,CHEMBL1441088,5.10,
Clc1ccc(CSCCNS(=O)(=O)c2ccc3OCCOc3c2)c(Cl)c1,CHEMBL1466677,4.80,
Clc1ccc(NC(=O)c2cn[nH]n2)c(Cl)c1,CHEMBL3604174,4.24,
Clc1ccc(NC(=O)N2CCc3[nH]c4ccccc4c3C2)cc1,CHEMBL1384399,4.85,
Clc1ccc(NC(=O)N2CCN(C[C@@H]3CCCN(C3)C4CC4)CC2)cc1Cl,CHEMBL2036757,5.80,5.70
Clc1ccc(NC(=O)N2CCN(C[C@@H]3CCCN(CCCc4ccccc4)C3)CC2)cc1Cl,CHEMBL2036756,,6.40
Clc1ccc(NC(=O)N2CCN(C[C@H]3CN(CCO3)C4CC4)CC2)cc1Cl,CHEMBL2036774,,4.80
Clc1ccc(NC(=O)NNC(=O)c2sc3ccccc3c2Cl)cc1,CHEMBL1416272,4.90,
Clc1ccc(nc1)c2c[nH]c(n2)[C@H]3Cc4c([nH]c5ccccc45)[C@H](N3)C6CCOCC6,CHEMBL3774909,,6.33
Clc1ccc(O[C@@H]2CN[C@H](C2)C(=O)N3CCCN(CC3)C4CCC4)cc1,CHEMBL1095847,,5.70
Clc1ccc(OC(Cn2ccnc2)c3ccc(Cl)cc3Cl)c(Cl)c1,CHEMBL270902,7.22,
Clc1ccc(s1)S(=O)(=O)NCc2cccnc2,CHEMBL1502235,4.90,
Clc1ccc2[nH]c(nc2c1)c3ccccc3,CHEMBL1534413,4.90,
Clc1ccc2[nH]cc(c3nnnn3c4ccccc4)c2c1,CHEMBL1399844,5.10,
Clc1ccc2N(Cc3ccccn3)C(=O)C=C(NC4CCN(Cc5ccc6ccccc6c5)CC4)c2c1,CHEMBL377084,,7.06
Clc1ccc2nc(N\N=C\c3ccccc3C#N)nc(c4ccccc4)c2c1,CHEMBL1973729,5.20,
Clc1ccc2Sc3ccccc3N(C(=O)CSc4oc5ccccc5n4)c2c1,CHEMBL1456686,5.05,
Clc1cccc(C(=O)N(C2CCCC2)[C@H]3CCNC3)c1Cl,CHEMBL1080968,,4.99
Clc1cccc(c1)C(=O)NC(NC(=S)Nc2ccccc2)C(Cl)(Cl)Cl,CHEMBL1363275,5.30,
Clc1cccc(c1)C(=O)Nc2ncc3CCc4ccccc4c3n2,CHEMBL1492095,5.10,
Clc1cccc(c1)C(c2ccc3[nH]cnc3c2)n4ccnc4,CHEMBL389433,6.16,
Clc1cccc(c1)C2=Nc3cncnc3N(Cc4ccccc4Cl)C2=O,CHEMBL1358122,4.90,
Clc1cccc(c1)c2cnccc2NC(=O)c3cnn4cccnc34,CHEMBL2178249,6.70,
Clc1cccc(c1)N(Cc2ccc3ccccc3c2)C4CNC4,CHEMBL3331507,6.30,
Clc1cccc(c1)N2CCN(CC3CCCCN3)C2=O,CHEMBL1085672,,5.10
Clc1cccc(c1)N2CCNCC2,CHEMBL478,7.40,
Clc1cccc(c1C#N)n2ccnc2,CHEMBL1741361,6.00,
Clc1cccc(Cl)c1\C=C\2/N3CCSC3=NC2=O,CHEMBL1507419,5.00,
Clc1cccc(Cl)c1C(=O)Nc2ccncc2,CHEMBL1327969,5.33,
Clc1cccc(Cl)c1CN2C=CC=C(NC(=O)c3ccccc3)C2=O,CHEMBL1463032,4.50,
Clc1cccc(Cl)c1CSCC(=O)NCc2cccnc2,CHEMBL1741745,5.50,
Clc1cccc(CN2CCN(CCN3Cc4ccccc4C3)C2=O)c1,CHEMBL571229,,5.60
Clc1cccc(COC2=CC(=O)N(C=C2)c3ccc(OCCN4CCCC4)cc3)c1,CHEMBL1642474,,8.72
Clc1cccc(CSc2nc3cc(ccc3[nH]2)S(=O)(=O)N4CCOCC4)c1,CHEMBL1585484,5.72,
Clc1cccc(CSCC(=O)N\N=C\c2ccc(OCC(=O)N3CCCCC3)cc2)c1,CHEMBL3197893,4.85,
Clc1cccc(CSCC(=O)NCc2ccc3OCOc3c2)c1,CHEMBL1600239,5.95,
Clc1cccc(N2CCN(CCCCCOc3cc4ccccc4cn3)CC2)c1Cl,CHEMBL495572,,6.68
Clc1cccc(N2CCN(CCCCN3CCn4c(cc5ccccc45)C3=O)CC2)c1Cl,CHEMBL496531,,6.70
Clc1cccc(NC(=O)c2cccc(c2)C3=Cc4ccccc4OC3=O)c1N5CCCC5,CHEMBL1494802,5.20,
Clc1cccc(Nc2ncnc3ccc(Br)cc23)c1,CHEMBL1079374,4.85,
Clc1cccc(NNC(=O)Nc2ccccc2Cl)n1,CHEMBL1741430,4.90,
Clc1cccc(OC(C2CCNCC2)c3cccnc3)c1Cl,CHEMBL559456,,5.29
Clc1cccc(OC2CN(C2)S(=O)(=O)c3ccc4CCNCCc4c3)c1,CHEMBL493757,,5.43
Clc1cccc(Oc2ncc3N=CC(=O)N(CCc4ccccc4)c3n2)c1,CHEMBL1417025,4.70,
Clc1ccccc1\C=C\C(=O)NC(=S)Nc2ccccc2C(=O)NC3CCCCC3,CHEMBL1525465,5.85,
Clc1ccccc1\C=C\C(=O)Nc2ccncc2,CHEMBL1570658,6.85,
Clc1ccccc1C(=O)NC(Cc2c[nH]c3ccccc23)c4nnc5CCCCCn45,CHEMBL1520743,5.15,
Clc1ccccc1C(c2ccccc2)(c3ccccc3)n4ccnc4,CHEMBL104,6.90,5.52
Clc1ccccc1C2=NOC(C2)C(=O)Nc3sc4CCCc4c3C#N,CHEMBL1328880,5.30,
Clc1ccccc1c2ccc3ncnc(N4CCNCC4)c3c2,CHEMBL1335654,4.60,
Clc1ccccc1c2cncnc2NCCN3CCOCC3,CHEMBL1315716,6.00,
Clc1ccccc1c2nc3C(=O)Nc4cc(Br)ccc4c3[nH]2,CHEMBL1934810,4.62,
Clc1ccccc1c2nccc(NCCN3CCOCC3)n2,CHEMBL1362892,4.80,
Clc1ccccc1c2oc(nn2)C(=O)N3CCC(CC3)Oc4ccc(CN5CCCC5)cc4,CHEMBL3786923,,5.28
Clc1ccccc1c2onc(n2)c3ccncc3,CHEMBL1402420,5.70,
Clc1ccccc1CNC(=O)c2cnccn2,CHEMBL1742070,6.00,
Clc1ccccc1CNCC2CCC(CNCc3ccccc3Cl)CC2,CHEMBL1513392,5.30,
Clc1cn(c2cc3CCNCCc3cc12)S(=O)(=O)c4ccccc4,CHEMBL515624,4.72,
Clc1cn(Cc2ccccc2)c3ncnc(OC4CCN(Cc5cscn5)CC4)c13,CHEMBL2012181,,5.82
Clc1cnc2oc(nc2c1)N3CCN4CCC3CC4,CHEMBL597276,,5.66
Clc1nccc2c3cnc(Nc4ccc(cn4)N5CCNCC5)nc3n(C6CCCC6)c12,CHEMBL3237444,,5.70
Clc1ncn(n1)C23CC4CC(CC(C4)(C2)C(=O)NC56CC7CC(CC(C7)C5)C6)C3,CHEMBL1595145,4.85,
ClCC(=O)[C@H](Cc1ccccc1)NC(=O)OCc2ccccc2,CHEMBL303579,5.90,
ClCCN1CCC(CC1)OC(=O)C(c2ccccc2)c3ccccc3,CHEMBL1362548,5.00,
CN([C@@H](CN1CCCC1)c2cccc(OCC(=O)O)c2)C(=O)Cc3ccc(Cl)c(Cl)c3,CHEMBL71754,4.60,
CN([C@@H]1CC[C@@]2(CCCO2)C[C@H]1N3CCCC3)C(=O)Cc4ccccc4,CHEMBL1553428,5.00,
CN([C@@H]1CCc2c(CC(=O)O)c3ccccc3n2C1)S(=O)(=O)c4ccc(F)cc4,CHEMBL561132,4.47,
CN([C@@H]1CCN(C1)C2CCCC2)C(=O)c3ccc(cc3)n4c(C)nc5ccccc45,CHEMBL1836039,,5.64
CN([C@H](CN1CCCC1)c2cccc(c2)N=C=S)C(=O)Cc3ccc(Cl)c(Cl)c3,CHEMBL38521,5.90,
CN(C(=O)[C@H]1CN(C[C@@H]1c2ccc(F)cc2C)C(=O)C3CCN(CC3)C(=O)C)C(C)(C)c4cc(cc(c4)C(F)(F)F)C(F)(F)F,CHEMBL391615,4.31,
CN(C(=O)c1cccnc1)c2nnc(s2)c3ccc(C)cc3,CHEMBL1466675,4.75,
CN(C(=O)CC(NC(=O)c1ccccc1)(c2ccccc2)c3ccccc3)c4ccccc4,CHEMBL1496349,6.15,
CN(C(=S)Oc1ccc2ccccc2c1)c3cccc(C)c3,CHEMBL83668,4.40,
CN(C(CN1CCOCC1)c2ccc(cc2)c3ccccc3)C(=O)CN4C(=O)COc5cc(Cl)c(Cl)cc45,CHEMBL453074,5.34,
CN(C)[C@@H]1CC[C@](CC1)(N2CCC(C2=O)c3cc(cc(c3)C(F)(F)F)C(F)(F)F)c4ccccc4,CHEMBL203700,,6.01
CN(C)[C@H]1CCN(CC(=O)Nc2cc(nc(n2)c3oc(C)cc3)n4nc(C)cc4C)C1,CHEMBL271606,,6.22
CN(C)\C=C\C1=C(C=C(NC(=O)c2ccccc2)C(=O)O1)C(=O)C,CHEMBL1408874,4.60,
CN(C)C(=C(C#N)C#N)N1CCN(CC1)c2ccc(Cl)c(Cl)c2,CHEMBL1705804,5.05,
CN(C)C(=N)c1ccc(C(=O)Nc2ccc(Cl)cc2C(=O)Nc3ccc(Cl)cn3)c(c1)N4CCCCC4,CHEMBL218609,,6.85
CN(C)C(=N)c1ccc(cc1)C(=O)Nc2ccc(Sc3ccc(cc3)C(=O)N(C)C)cc2C(=O)Nc4ccc(Cl)cn4,CHEMBL221756,,6.43
CN(C)C(=O)[C@H]([C@H](N)C(=O)N1CC[C@H](F)C1)c2ccc(cc2)C3=CN4N=CNC4C=C3,CHEMBL459357,,4.07
CN(C)C(=O)C(CO)N(C)Cc1ccc2C[C@H](CCc2c1)N3CCN(CCc4ccc(F)cc4)CC3=O,CHEMBL385710,,4.60
CN(C)C(=O)c1ccc(cc1)C2=CC3(CCNCC3)Oc4ccccc24,CHEMBL561805,,4.64
CN(C)C(=O)c1ccc(cc1)c2cc(NCc3cccnc3)ncn2,CHEMBL1433596,4.80,
CN(C)C(=O)c1ccc(cc1)c2ccc3ncnc(NCc4cccc(C)c4)c3c2,CHEMBL491548,5.70,
CN(C)C(=O)c1ccc(cc1)c2cncnc2N(C)Cc3occc3,CHEMBL1489211,5.70,
CN(C)C(=O)c1ccc(cc1)c2cncnc2Nc3ccccc3,CHEMBL1435916,5.30,
CN(C)C(=O)c1ccc(cc1)c2cncnc2NCc3ccccc3,CHEMBL490745,5.60,
CN(C)C(=O)c1ccc(cc1)c2cncnc2NCc3cccs3,CHEMBL1480742,5.50,
CN(C)C(=O)c1ccc(cc1)c2cncnc2NCc3cnc(C)cn3,CHEMBL1436475,4.90,
CN(C)C(=O)c1ccc(cc1)c2cncnc2NCCN3CCOCC3,CHEMBL1557255,4.80,
CN(C)C(=O)c1ccc(cc1)c2nc(NCc3ccccc3)c4ccccc4n2,CHEMBL1514272,4.80,
CN(C)C(=O)c1ccc(cc1)c2nccc(Nc3ccc(F)cc3)n2,CHEMBL1357289,5.00,
CN(C)C(=O)c1ccc(cc1)c2nccc(NCc3cnc(C)cn3)n2,CHEMBL1434655,4.50,
CN(C)C(=O)c1ccc(Oc2cc(cc3oc(C)cc23)C(=O)Nc4cnc(C)cn4)cc1,CHEMBL3218482,,4.23
CN(C)C(=O)c1cccc(NC(=O)Nc2ccc(cc2)c3ccnc4[nH]cnc34)c1,CHEMBL1951337,6.96,
CN(C)C(=O)c1oc(cc1)c2cn(C)c3c(CN4C[C@H]5N([C@@H](Cc6ccc(O)cc6)C4=O)C(=O)CN(CC=C)N5C(=O)NCc7ccccc7)cccc23,CHEMBL3702688,5.47,
CN(C)C(=O)Cc1c(nc2ccc(C)cn12)c3ccc(C)cc3,CHEMBL911,4.60,
CN(C)C(=O)CN1Cc2nc(C)c(CN)c(c3ccc(Cl)cc3Cl)c2C1=O,CHEMBL2441952,4.44,
CN(C)C(CNC(=O)NC1CCCCC1)c2cccnc2,CHEMBL1398707,4.80,
CN(C)C[C@H]1CCN(CC(=O)Nc2cc(nc(n2)c3oc(C)cc3)n4nc(C)cc4C)C1,CHEMBL429761,,5.73
CN(C)C\C=C(/c1ccc(Br)cc1)\c2cccnc2,CHEMBL354646,4.80,
CN(C)C1(CNC(=O)N2CCC(CC2)c3onc(n3)c4ccc5ccccc5n4)CCCC1,CHEMBL1822444,,4.42
CN(C)c1cc(ncn1)c2cccc(NS(=O)(=O)C)c2,CHEMBL1395162,4.60,
CN(C)c1ccc(\C=C(/C)\[N+](=O)[O-])cc1,CHEMBL1299997,4.85,
CN(C)c1ccc(\C=C/2\C(=O)Nc3ccccc23)cc1,CHEMBL296455,5.00,
CN(C)c1ccc(\C=C\c2c(F)cccc2Cl)cn1,CHEMBL3314429,,4.23
CN(C)c1ccc(cc1)C2(OC(=O)c3cc(ccc23)N(C)C)c4ccc(cc4)N(C)C,CHEMBL1369406,5.10,
CN(C)c1ccc(cc1)c2cc(Nc3ccc(F)cc3)ncn2,CHEMBL1555014,5.00,
CN(C)c1ccc(cc1)c2cc(NCc3cccc(C)c3)ncn2,CHEMBL1590855,5.20,
CN(C)c1ccc(cc1)c2cc(ncn2)N(C)Cc3occc3,CHEMBL1366926,4.90,
CN(C)c1ccc(cc1)c2cc(ncn2)n3ccnc3,CHEMBL1331363,7.20,
CN(C)c1ccc(cc1)c2ccc3ncnc(N(C)C)c3c2,CHEMBL1561023,5.20,
CN(C)c1ccc(cc1)c2ccc3ncnc(N4CCNCC4)c3c2,CHEMBL1324418,4.70,
CN(C)c1ccc(cc1)c2ccc3ncnc(NCc4cnc(C)cn4)c3c2,CHEMBL1360310,5.00,
CN(C)c1ccc(cc1)c2cncnc2NCCNC(=O)C,CHEMBL1455200,5.70,
CN(C)c1ccc(cc1)C2N(C(=O)CN(C2=O)C(C)(C)C)c3ccccc3C,CHEMBL1419692,5.55,
CN(C)c1ccc(cc1)c2nc(N(C)Cc3occc3)c4ccccc4n2,CHEMBL1514071,5.00,
CN(C)c1ccc(cc1)c2nc(Nc3ccncc3)c4ccccc4n2,CHEMBL1441415,5.10,
CN(C)c1ccc(cc1)c2nc(NCCN3CCOCC3)c4ccccc4n2,CHEMBL1415790,4.90,
CN(C)c1ccc(cc1)c2nc(NCCNC(=O)C)c3ccccc3n2,CHEMBL1361552,5.00,
CN(C)c1ccc(cc1)c2nccc(n2)N3CCN(C)CC3,CHEMBL1514505,4.80,
CN(C)c1ccc(NC(=O)c2cc(nc3ccccc23)c4ccccc4)cc1,CHEMBL2152011,4.84,
CN(C)c1ccc(NC(=O)c2cc(nc3ccccc23)c4ccncc4)cc1,CHEMBL2152015,6.10,
CN(C)c1ccc(NC(=O)c2cc(nc3ccccc23)c4cnccn4)cc1,CHEMBL2152021,4.80,
CN(C)c1ccc(NC(=O)c2cc(oc2C)c3ccccc3)cc1,CHEMBL1524323,4.75,
CN(C)c1ccc(NC(=O)CSc2nc(N)c(s2)C(=O)Nc3ccc(cc3)N(C)C)cc1,CHEMBL1470330,5.35,
CN(C)c1cccc(c1)[C@@]2(O)CC[C@@H](CC2)N3CC(C3)NC(=O)CNC(=O)c4cccc(c4)C(F)(F)F,CHEMBL1829631,,4.60
CN(C)c1cccc(c1)[C@@H]2CC[C@@H](CC2)N3CC(C3)NC(=O)CNc4nn(C)c5ccc(cc45)C(F)(F)F,CHEMBL1834786,,4.92
CN(C)c1ccccc1CN2CCCN(Cc3ccccc3N(C)C)C2c4ccncc4,CHEMBL471728,5.50,
CN(C)c1ccnc(n1)c2cccc(NS(=O)(=O)C)c2,CHEMBL1323927,4.50,
CN(C)c1ccnc(Oc2ccc(Cl)cc2)c1C#N,CHEMBL1429733,5.50,
CN(C)c1cnc2c(CCC34CCC(CC3)(CO4)NCc5ccc6OCC(=O)Nc6n5)c(F)cnc2c1,CHEMBL3422960,,7.74
CN(C)c1nc(nc2ccccc12)c3cccc(NS(=O)(=O)C)c3,CHEMBL1590857,5.20,
CN(C)c1nc2c(CCC34CCC(CC3)(CO4)NCc5ccc6OCC(=O)Nc6n5)ccnc2cc1C(F)(F)F,CHEMBL3422975,,8.64
CN(C)c1ncc(c(n1)c2ccc(Cl)cc2Cl)S(=O)(=O)c3ccccc3,CHEMBL1523363,5.60,
CN(C)c1ncc2N=C(C(=O)N(C[C@H]3CCCO3)c2n1)c4ccccc4,CHEMBL1476139,4.90,
CN(C)c1ncc2N=C(C(=O)N(Cc3ccc(F)cc3)c2n1)c4ccc(Cl)cc4,CHEMBL1611550,5.60,
CN(C)c1ncc2N=C(C)C(=O)N(C)c2n1,CHEMBL1600561,4.80,
CN(C)c1ncc2N=C(C)C(=O)N(Cc3ccc(F)cc3)c2n1,CHEMBL1411543,7.60,
CN(C)c1ncc2N=C(C)C(=O)N(Cc3cccs3)c2n1,CHEMBL1399313,5.50,
CN(C)c1ncc2N=C(C)C(=O)N(CCc3ccccc3)c2n1,CHEMBL1395882,4.50,
CN(C)c1ncc2N=C(CCc3ccccc3)C(=O)N(C[C@H]4CCCO4)c2n1,CHEMBL1595282,4.80,
CN(C)c1ncc2N=C(CCc3ccccc3)C(=O)N(c4ccccc4)c2n1,CHEMBL1596743,5.20,
CN(C)c1ncc2N=C(CCc3ccccc3)C(=O)N(Cc4ccc(F)cc4)c2n1,CHEMBL1555567,5.40,
CN(C)c1nccc2c1c3ncnc(N4CCN(CCc5ccc(F)c(F)c5)CC4)c3n2C,CHEMBL26150,4.58,
CN(C)c1ncnc2ccc(cc12)c3ccc4OCOc4c3,CHEMBL1446523,6.00,
CN(C)c1ncnc2ccc(cc12)c3ccccc3C,CHEMBL1592327,5.50,
CN(C)c1ncnc2ccc(cc12)c3ccccc3C(F)(F)F,CHEMBL1512540,5.00,
CN(C)c1ncnc2ccc(cc12)c3cocc3,CHEMBL1374355,4.90,
CN(C)c1oc2cc3CCN(CCCSc4nnc(c5cccc6nc(C)ccc56)n4C)CCc3cc2n1,CHEMBL255620,,4.70
CN(C)CC(C)(C)Cn1c(CC(C)(C)C)nc2cc(\C=C\C(=O)NO)ccc12,CHEMBL1830397,5.64,
CN(C)CC(C)(C)Cn1c(nc2c(nc(C)nc12)N3CCOCC3)c4ccccc4,CHEMBL1476662,5.00,
CN(C)CC(C)(C)CN1c2ccccc2Sc3ccccc13,CHEMBL1370526,5.30,
CN(C)Cc1c(C)[nH]c2ccccc12,CHEMBL1354316,4.90,
CN(C)Cc1c[nH]c2ccccc12,CHEMBL254348,4.80,
CN(C)Cc1ccc(\C=C\c2n[nH]c3cc(ccc23)[C@@H]4C[C@@]45C(=O)N(C)c6ccccc56)cc1,CHEMBL3408942,5.64,
CN(C)Cc1ccc(cc1Oc2ccc(Cl)c(Cl)c2)C(F)(F)F,CHEMBL488069,,5.95
CN(C)CC1CCC(CNc2nc(NCc3ccccc3Cl)ncc2[N+](=O)[O-])CC1,CHEMBL246160,4.89,
CN(C)Cc1ccc2CN(CCc2c1)C(=O)c3cc4cc(Br)ncc4n3C,CHEMBL3314352,,4.51
CN(C)Cc1ccccc1c2cc(NCc3cccs3)ncn2,CHEMBL1320190,5.00,
CN(C)Cc1ccccc1c2ccc(NC(=O)Nc3cccnc3Oc4ccccc4C(C)(C)C)c(F)c2,CHEMBL2381898,,5.27
CN(C)Cc1ccccc1c2ccc3ncnc(NC4CC4)c3c2,CHEMBL1573964,4.80,
CN(C)Cc1ccccc1c2cncnc2NCc3cccc(C)c3,CHEMBL491977,6.40,
CN(C)Cc1ccccc1c2nc(N3CCOCC3)c4ccccc4n2,CHEMBL1612893,4.70,
CN(C)Cc1ccccc1c2nc(NCc3cccc(C)c3)c4ccccc4n2,CHEMBL1454920,5.00,
CN(C)Cc1ccccc1c2nccc(n2)N(C)C,CHEMBL1433486,5.00,
CN(C)Cc1ccccc1c2nccc(n2)N(C)Cc3occc3,CHEMBL1592212,4.50,
CN(C)CC1CCN(CC(=O)Nc2cc(nc(n2)c3oc(C)cc3)n4nc(C)cc4C)CC1,CHEMBL409459,,5.78
CN(C)CCC(=O)O[C@@H]1[C@H](OC(=O)C)[C@@]2(C)O[C@](C)(CC(=O)[C@@]2(O)[C@@]3(C)[C@@H](O)CCC(C)(C)[C@H]13)C=C,CHEMBL1591731,5.60,
CN(C)CCC[C@]1([C@@H]2COc3ccc(Cl)cc3N2N=C1C(=O)C)c4ccccc4,CHEMBL429553,,5.70
CN(C)CCC[C@]1(CN(N=C1C(=O)C)c2cc(C)ccc2F)c3ccccc3,CHEMBL247044,,5.52
CN(C)CCC[C@]1(OCc2cc(ccc12)C#N)c3ccc(F)cc3,CHEMBL1508,6.00,
CN(C)CCC=C1c2ccccc2CCc3ccccc13,CHEMBL629,,4.76
CN(C)CCCC1(OCc2cc(ccc12)C#N)c3ccc(F)cc3,CHEMBL549,,4.78
CN(C)CCCc1cc(ccc1O)C(=O)Nc2ccc(cc2)c3ccncc3,CHEMBL119264,5.90,
CN(C)CCCN(Cc1ccc(cc1)c2ccc(Cl)cc2)C(=O)CN3C=C(Cc4cnn(C)c4)C(=O)N=C3SCc5ccc(F)cc5,CHEMBL87355,4.77,
CN(C)CCCn1c(nc2c(NC3CCCCC3)nc(C)nc12)c4ccccc4,CHEMBL1562090,4.70,
CN(C)CCCn1c(nc2c(NCc3ccccc3)nc(C)nc12)c4ccccc4,CHEMBL1573712,4.90,
CN(C)CCCN1c2ccccc2CCc3ccc(Cl)cc13,CHEMBL415,4.50,
CN(C)CCCn1cc(C2=C(C(=O)NC2=O)c3c[nH]c4ccccc34)c5ccccc15,CHEMBL7463,4.90,6.00
CN(C)CCCn1nc(C2=C(C(=O)NC2=O)c3cn(c4cccnc4)c5ccccc35)c6ccccc16,CHEMBL368416,,6.22
CN(C)CCCOc1ccc(cc1)n2ccnc2,CHEMBL114297,4.41,
CN(C)CCCOc1ccc(CN2CCC(CC2)NC(=O)C3=CC(=O)c4ccc(F)cc4O3)cc1F,CHEMBL248296,,4.19
CN(C)CCN(C)C(=O)[C@H](Cc1ccc(Br)cc1)NC(=O)C2(CC2)c3ccc(Cl)cc3Cl,CHEMBL2163839,5.11,
CN(C)CCN(Cc1ccc(cc1)c2ccc(Cl)cc2)C(=O)CN3C=C(Cc4cnn(C)c4)C(=O)N=C3SCc5ccc(F)cc5,CHEMBL415274,5.10,
CN(C)CCN1C(=O)N(Cc2occc2)C(=O)c3c4CCCCCc4sc13,CHEMBL1308218,4.90,
CN(C)CCn1c(nc2c(NC3CCCCC3)nc(C)nc12)c4ccccc4,CHEMBL1590095,4.60,
CN(C)CCN1CCN(CC1)c2ncc3cc(c4ccccc4)c(nc3n2)c5ccc(CN6CCC(CC6)c7nnc([nH]7)C8=CNC(=O)C=C8)cc5,CHEMBL503652,,6.10
CN(C)CCN1CCN(CC1)c2ncc3cc(c4ccccc4)c(nc3n2)c5ccc(CN6CCC(CC6)c7nnc([nH]7)c8ccccn8)cc5,CHEMBL443661,,5.68
CN(C)CCNC(=O)c1cn(C)c2c(CN3C[C@H]4N([C@@H](Cc5ccc(O)cc5)C3=O)C(=O)CN(CC=C)N4C(=O)NCc6ccccc6)cccc12,CHEMBL3702738,5.10,
CN(C)CCNc1ccc(NC(=O)c2cn(C)c3c(CN4C[C@H]5N([C@@H](Cc6ccc(O)cc6)C4=O)C(=O)CN(CC=C)N5C(=O)NCc7ccccc7)cccc23)cn1,CHEMBL3702780,5.17,
CN(C)CCOC(c1ccccc1)c2ccccc2C,CHEMBL900,,6.07
CN(C)S(=O)(=O)c1cc(ccc1C)[N+](=O)[O-],CHEMBL484928,4.80,
CN(C)S(=O)(=O)c1cc(ccc1N2CCCCCC2)[N+](=O)[O-],CHEMBL1550463,4.90,
CN(C)S(=O)(=O)c1ccc2C(=CNC(=O)c2c1)C(=O)NC[C@@H](O)CN3CCC(CC3)Oc4ccc(Cl)c(Cl)c4,CHEMBL2207286,,6.00
CN(C)S(=O)(=O)c1cccc(c1)C(=O)N2CCC(CCN3C4CCC3CC(C4)n5c(C)nc6ccccc56)(CC2)c7ccccc7,CHEMBL1784477,,5.70
CN(C)S(=O)(=O)c1cccc(NC(=O)COC(=O)c2oc(Br)cc2)c1,CHEMBL1742147,4.70,
CN(C)S(=O)(=O)Oc1ccccc1C(=O)Nc2cccc(c2)C(F)(F)F,CHEMBL1555637,4.95,
CN(C)S(=O)(=O)Oc1ccsc1C(=O)Nc2ccc(Cl)c(Cl)c2,CHEMBL1445840,5.35,
CN(C[C@@H](O)CN1CCC(CC1)Oc2ccc(Cl)c(Cl)c2)C(=O)C3=CNC(=O)c4ccccc34,CHEMBL2208433,,5.70
CN(c1ccc(CN2CCC3(CC2)OCc4cc(F)ncc34)cc1)c5ccc(F)c(F)c5,CHEMBL585856,,7.60
CN(c1ccc2c(C)n(Cc3ccccc3)nc2c1)c4ccnc(Nc5cccc(c5)S(=O)(=O)N)n4,CHEMBL476572,4.10,
CN(c1ccccc1)c2ccc(\C=C\3/S\C(=C(\C#N)/C(=O)C(C)(C)C)\N(Cc4occc4)C3=O)cc2,CHEMBL3207650,5.20,
CN(C1CCN(CC1)c2nc3ccccc3n2Cc4ccc(F)cc4)C5=NC=CC(=O)N5,CHEMBL94454,,5.14
CN(C1CCN(Cc2ccc(cc2)C(F)(F)F)CC1)C(=O)Cc3ccc(NC(=O)C)cc3,CHEMBL2010835,,5.35
CN(C1CCN(Cc2ccc(cc2)C(F)(F)F)CC1)C(=O)Cc3ccccc3,CHEMBL2010837,,5.80
CN(C1CCN(Cc2ccc(nc2)C(F)(F)F)CC1)C(=O)Cc3ccc(cc3)n4cnnn4,CHEMBL2010839,,4.89
CN(c1ncccc1CNc2nc(Nc3ccc4NC(=O)Cc4c3)ncc2C(F)(F)F)S(=O)(=O)C,CHEMBL1084546,4.92,
CN(CC(=O)N(C)C(CN1CCOCC1)c2ccc(cc2)c3ccccc3)c4ccc(Cl)c(Cl)c4,CHEMBL452298,5.68,
CN(CC(=O)Nc1ccc(F)c(F)c1)S(=O)(=O)c2cccc3nsnc23,CHEMBL1486231,5.30,
CN(CC(=O)Nc1cccc2CCCCc12)S(=O)(=O)c3ccc(Br)cc3,CHEMBL1503178,5.05,
CN(CC1CCOCC1)C2CCN(CC2)c3nc4ccccc4n3Cc5ccc(F)cc5,CHEMBL550818,,7.54
CN(Cc1cnccn1)S(=O)(=O)Nc2ccc3C=Cc4ncc(cc4C(=O)c3c2)c5cnn(C)c5,CHEMBL1802909,,5.15
CN(Cc1cncs1)C(=O)N[C@@H](CO)C(=O)N[C@H](CC[C@H](Cc2ccccc2)NC(=O)OCc3cncs3)Cc4ccccc4,CHEMBL3115169,6.77,
CN(Cc1noc(CC2(CC2)[C@H]3CCC[C@@H](C4CC4)N3S(=O)(=O)c5ccc(Cl)cc5)n1)C(C)(C)CO,CHEMBL252404,6.52,
CN(Cc1occc1)c2cc(ncn2)c3cccc(NS(=O)(=O)C)c3,CHEMBL1314674,4.80,
CN(Cc1occc1)c2nc(nc3ccccc23)c4ccccc4C,CHEMBL1434817,4.60,
CN(Cc1occc1)c2nc(nc3ccccc23)c4ccccc4C(F)(F)F,CHEMBL1318041,4.90,
CN(Cc1occc1)c2nc(nc3ccccc23)c4ccccc4Cl,CHEMBL1395098,4.50,
CN(Cc1occc1)c2nc(nc3ccccc23)c4cocc4,CHEMBL1476049,4.60,
CN(Cc1occc1)c2ncnc3ccc(cc23)c4ccccc4C(F)(F)F,CHEMBL1482582,4.80,
CN(Cc1occc1)c2ncnc3ccc(cc23)c4ccccc4Cl,CHEMBL1330317,4.80,
CN(Cc1occc1)c2ncncc2c3ccc4OCOc4c3,CHEMBL1452250,5.90,
CN(Cc1occc1)c2ncncc2c3ccccc3C,CHEMBL1559126,5.80,
CN(Cc1occc1)c2ncncc2c3ccccc3Cl,CHEMBL1319093,6.30,
CN(Cc1onc(CC2(CC2)[C@H]3CCC[C@@H](C4CC4)N3S(=O)(=O)c5ccc(Cl)cc5)n1)C(C)(C)CO,CHEMBL443065,5.51,
CN(CCC(=O)N1CCCC1)C(=O)CC2CCN(Cc3ccn(c3)c4ccc(cc4)C(F)(F)F)CC2,CHEMBL550513,,4.55
CN(CCc1ccc(Cl)c(Cl)c1)C[C@H](O)COc2ccc(NS(=O)(=O)C)cc2,CHEMBL523167,,6.43
CN(CCCCOc1ccc(cc1)[N+](=O)[O-])CCc2ccc(cc2)[N+](=O)[O-],CHEMBL3590452,,8.80
CN(CCCNC(=O)C1CCN(CC1)S(=O)(=O)c2cccc3nsnc23)Cc4ccccc4,CHEMBL1330483,5.50,
CN(CCCNC(=O)C1CN(CCc2ccc(C)cc2)C(=O)C1)Cc3ccccc3,CHEMBL1389078,4.50,
CN(CCCNC(=O)CS(=O)(=O)Cc1nc(oc1C)c2ccccc2F)C3CCCCC3,CHEMBL1741658,5.00,
CN(CCN1CCCCCC1)CCc2ccc(Cl)c(Cl)c2,CHEMBL356688,5.00,
CN(CCN1CCN(C1=O)c2ccc3OCOc3c2)C[C@@]45CC[C@@H](CC4)C5(C)C,CHEMBL564347,,5.20
CN(CCN1CCN(C1=O)c2cccc(Cl)c2)C[C@@]34CC[C@@H](CC3)C4(C)C,CHEMBL563274,,5.50
CN(CCN1CCN(C1=O)c2cccc(Cl)c2)Cc3onc(C)c3,CHEMBL549438,,4.30
CN(CCO)C(=O)c1cn(C)c2c(CN3C[C@H]4N([C@@H](Cc5ccc(O)cc5)C3=O)C(=O)CN(CC=C)N4C(=O)NCc6ccccc6)cccc12,CHEMBL3702731,5.60,
CN(CCO)c1cc(Sc2nc3ccccc3s2)c4nonc4c1[N+](=O)[O-],CHEMBL1567159,4.65,
CN(CCO)c1ccc(NC(=O)c2cn(C)c3c(CN4C[C@H]5N([C@@H](Cc6ccc(O)cc6)C4=O)C(=O)CN(CC=C)N5C(=O)NCc7ccccc7)cccc23)cn1,CHEMBL3702777,5.46,
CN(CCO)C1CCN(CC1)c2nc3ccccc3n2Cc4ccc(F)cc4,CHEMBL557210,,6.94
CN(CCO)c1nc(N)c2c(N)nc3N(C4CCCC4)C(=O)Cc3c2c1C#N,CHEMBL1610056,5.00,
CN(CCOc1ccc(C[C@H](Nc2ccccc2C(=O)c3ccccc3)C(=O)O)cc1)c4ccccn4,CHEMBL434063,5.50,
CN(CCOc1ccc(cc1)[N+](=O)[O-])CCc2ccc(cc2)[N+](=O)[O-],CHEMBL3590445,,7.62
CN(CCOc1ccc(cc1)N2C=CC(=CC2=O)OCc3ccccc3)Cc4ccccc4,CHEMBL1642487,,9.09
CN(CCOc1ccc(CC2SC(=O)NC2=O)cc1)c3ccccn3,CHEMBL121,5.10,
CN(CCOc1ccc(NS(=O)(=O)C)cc1)CCc2ccc(NS(=O)(=O)C)cc2,CHEMBL473,,4.36
CN(NC(=O)c1ccccc1C)c2nc3ccccc3nc2C(F)(F)F,CHEMBL1482653,5.15,
CN[C@@H](C)[C@@H](O)c1ccccc1,CHEMBL1590,4.70,
CN[C@@H](CN1C(=O)N(Cc2c(F)cccc2C(F)(F)F)C(=C(C1=O)c3cccc(OCCCOCC(=O)O)c3F)C)c4ccccc4,CHEMBL509347,4.66,
CN[C@@H](CN1C(=O)N(Cc2c(F)cccc2C(F)(F)F)C(=C(C1=O)c3cccc(OCCOCC(=O)O)c3F)C)c4ccccc4,CHEMBL506338,5.00,
CN[C@@H]1C[C@H](c2ccc(Cl)c(Cl)c2)c3ccccc13,CHEMBL1394934,4.80,
CN[C@@H]1CC[C@@H](CC1)N2CCc3ccc(NC(=N)c4cccs4)cc23,CHEMBL1956107,,4.89
CN[C@@H]1CCN(C1)c2cc(NCC3CC3)nc(N)n2,CHEMBL1915540,,5.46
CN[C@@H]1CCN(C1)c2ccc(cn2)N3N=Cc4cc(sc4C3=O)c5ccc(cc5)C(F)(F)F,CHEMBL377241,,5.75
CN[C@H]1C[C@H](N(C1)C(=O)N(C)Cc2csc(n2)C(C)C)C(=O)N[C@H](CC[C@H](Cc3ccccc3)NC(=O)OCc4cncs4)Cc5ccccc5,CHEMBL3672586,6.44,
CN[C@H]1CCN(C1)C(=O)[C@@H](COCc2ccccc2)NC(=O)c3cccnc3Oc4ccc(cc4Cl)C(F)(F)F,CHEMBL1911828,5.05,
CN=[S+](C)([O-])c1ccc(Nc2ncc(c(N[C@@H]3CCC[C@H]3N(C)C)n2)C(F)(F)F)cc1,CHEMBL2029180,,4.69
CN1[C@@H]2CC[C@@H]3[C@H](CC[C@@]4(C)[C@H]3C\C(=C/c5cccnc5)\[C@@H]4O)[C@@]2(C)C=CC1=O,CHEMBL562780,,5.44
CN1[C@@H]2CC[C@@H]3[C@H](CC[C@@]4(C)[C@H]3C\C(=C/c5ccncc5)\[C@@H]4O)[C@@]2(C)C=CC1=O,CHEMBL556848,,6.50
CN1[C@@H]2CC[C@H]1CC(C2)O[C@@H](c3ccccc3)c4ccc(Cl)cc4,CHEMBL1415133,4.80,
CN1[C@@H]2CCC[C@H]1C[C@@H](C2)NC(=O)c3cccc4oc(nc34)C5CC5,CHEMBL3084778,,6.70
CN1[C@H](CCC1=O)c2cccnc2,CHEMBL365343,4.70,
CN1[C@H]2Cc3cc4OCOc4cc3[C@@H]1Cc5cc6OCOc6cc25,CHEMBL481839,4.87,
CN1\C(=N/C(=O)CCl)\Sc2ccccc12,CHEMBL3189237,4.80,
CN1C(=C(C(=O)COC(=O)c2cc(nc3ccccc23)C(F)(F)F)C(=O)N(Cc4ccccc4)C1=O)N,CHEMBL1535444,4.80,
CN1C(=C(Nc2ccccc2C)c3ccccc3S1(=O)=O)C(=O)c4ccccc4,CHEMBL1582625,5.50,
CN1C(=N[C@](C1=O)(c2ccc(OC(F)F)c(C)c2)c3cccc(c3)C#CC4CC4)N,CHEMBL1270630,7.00,
CN1C(=N[C@](C1=O)(c2ccc(OC(F)F)cc2)c3ccc(F)c(c3)C#CCCCF)N,CHEMBL1270835,6.05,
CN1C(=O)[C@H](NC(=O)\C=C\c2ccc(Cl)cc2Cl)N=C(c3ccccc3)c4ccccc14,CHEMBL332826,,5.82
CN1C(=O)[C@H](NC(=O)Nc2cccc(C)c2)N=C(c3ccccc3)c4ccccc14,CHEMBL9387,,5.30
CN1C(=O)\C(=N/OC(=O)c2cccc3ccccc23)\c4ccccc14,CHEMBL3194842,4.55,
CN1C(=O)C(=Nc2cnc(nc12)N3CCNCC3)c4cccs4,CHEMBL1603692,4.60,
CN1C(=O)C(=Nc2cnc(nc12)N3CCNCC3)CCc4ccccc4,CHEMBL1366296,7.60,
CN1C(=O)C(=Nc2cnc(nc12)N3CCOCC3)c4ccc(Cl)cc4,CHEMBL1598565,5.50,
CN1C(=O)C(=Nc2cnc(nc12)N3CCOCC3)c4ccccc4,CHEMBL1482968,5.50,
CN1C(=O)C(=Nc2cnc(OCc3ccccc3)nc12)c4ccccc4,CHEMBL1314185,4.40,
CN1C(=O)C(=Nc2cncnc12)c3ccc(F)c(F)c3,CHEMBL1552727,4.70,
CN1C(=O)C(=Nc2cncnc12)c3cccc(F)c3,CHEMBL1337092,4.70,
CN1C(=O)C(=Nc2cncnc12)c3cccs3,CHEMBL1513030,5.10,
CN1C(=O)C(=Nc2cncnc12)CCc3ccccc3,CHEMBL1552294,4.80,
CN1C(=O)C(CC(=O)Nc2ccc(F)cc2)N(CCCc3ccccc3)C1=S,CHEMBL1577515,4.65,
CN1C(=O)C=C(c2cc(ccc12)[C@](N)(c3ccc(Cl)cc3)c4cncn4C)c5cccc6ccccc56,CHEMBL470996,6.26,
CN1C(=O)C=C(N[C@H]2C[C@H]3CC[C@@H](C2)N3C(=O)c4noc(C)c4C)c5cc(F)c(F)cc15,CHEMBL3291062,,4.80
CN1C(=O)C=C(OCC(=O)NCc2cccnc2)c3ccccc13,CHEMBL1580108,4.90,
CN1C(=O)C=C(OCCCC(=O)N2CCN(CC2)c3ccccc3)c4ccccc14,CHEMBL1459899,5.95,
CN1C(=O)C=C(SCC(=O)NCCN2CCN(CC2)c3ccccc3F)c4cc(Cl)ccc14,CHEMBL1501406,4.85,
CN1C(=O)c2cccc(C)c2N=C1c3ccc(OC4CCN(CC4)C5CCC5)cc3,CHEMBL508712,,5.70
CN1C(=O)c2ccccc2N=C1c3ccc(OC4CCN(CC4)C5CCC5)cc3,CHEMBL488249,,5.25
CN1C(=O)c2ccccc2N=C1c3ccc(OCCCN4CCCCC4)cc3,CHEMBL487064,,5.55
CN1C(=O)CC(NNC(=O)c2ccc(Cl)cc2)C1=O,CHEMBL1723467,4.70,
CN1C(=O)COc2c(CCN3CCN(CC3)c4cccc5nc(C)ccc45)cccc12,CHEMBL469345,,5.40
CN1C(=O)COc2cc3CCN(CCCSc4nnc(c5cccc6nc(C)ccc56)n4C)CCc3cc12,CHEMBL256652,,5.30
CN1C(=O)N(C)C(=O)C(=CNCCOc2ccccc2C)C1=O,CHEMBL1411881,4.70,
CN1C(=O)N(C)c2[nH]c(CCS)nc2C1=O,CHEMBL1325119,5.00,
CN1C(=O)N(C)c2[nH]c(nc2C1=O)C3CCCC3,CHEMBL106265,4.40,
CN1C(=O)N(C)C2=C(C(\C(=C(\O)/OCc3ccccc3)\C(=N2)C)c4cccnc4)C1=O,CHEMBL1362305,4.95,
CN1C(=O)N(C)c2cc(\C=C(\C#N)/c3ccc(Cl)cc3)ccc12,CHEMBL1389497,4.50,
CN1C(=O)N(C)c2cc(\C=N\NC(=O)c3ccc(Cl)cc3Cl)ccc12,CHEMBL3195510,7.40,
CN1C(=O)N(C)c2cc(c(cc12)N3CCN(CC3)S(=O)(=O)c4ccc(NC(=O)C)cc4)[N+](=O)[O-],CHEMBL1343075,4.85,
CN1C(=O)N(C)c2ccc(cc2C1=O)S(=O)(=O)NCCC(=O)NCc3ccccc3Cl,CHEMBL1700937,4.85,
CN1C(=O)N(C)c2nc(N3CCN(CC3)c4ccccn4)n(Cc5ccc(Cl)cc5Cl)c2C1=O,CHEMBL1714603,5.65,
CN1C(=O)N(C)c2nc(N3CCN(CC3)c4ccccn4)n(Cc5ccccc5Cl)c2C1=O,CHEMBL1495867,5.90,
CN1C(=O)N(C)c2nc(NCC3CCCO3)n(Cc4cccc(Br)c4)c2C1=O,CHEMBL1723390,4.85,
CN1C(=O)N(CC=C)C(=O)c2c1nc(Br)n2Cc3ccccc3Cl,CHEMBL1406437,6.10,
CN1C(=O)N(CC2CC2)C(=C(C(=O)COC(=O)c3cc(nc4ccccc34)c5occc5)C1=O)N,CHEMBL1413956,5.10,
CN1C(=O)N(Cc2ccccc2)C(=C(C(=O)COC(=O)c3cc(nc4ccccc34)c5occc5)C1=O)N,CHEMBL1565830,4.90,
CN1C(=O)N(Cc2nc(C)c3ccccc3n2)C(=O)c4c1c(C#N)c(N5CCC[C@H](N)C5)n4CC=C(C)C,CHEMBL1951600,,5.17
CN1C(=O)N(Cc2ncc3ccccc3c2C#N)C(=O)c4c1c(C#N)c(N5CCCNCC5)n4CC=C(C)C,CHEMBL1951611,,5.75
CN1C(=O)N(Cc2nccc3ccccc23)C(=O)c4c1c(C#N)c(N5CCCNCC5)n4CC=C(C)C,CHEMBL1951608,,5.72
CN1C(=S)N(C)C(=O)C(=Cc2oc(cc2)N3CCCCCC3)C1=O,CHEMBL1454931,5.40,
CN1C(=S)N(C)c2[nH]c(SCCN3CCOCC3)nc2C1=O,CHEMBL1447746,5.50,
CN1C(=S)NC(Cc2c[nH]c3ccccc23)C1=O,CHEMBL195008,5.20,
Cn1c(c2ccc(Cl)cc2)c(C3CCCC3)c4ccc(cc14)C(=O)NC5(CCC5)C(=O)Nc6ccc(\C=C\C(=O)O)cc6,CHEMBL2181775,5.08,
Cn1c(c2ccc(F)cn2)c(C3CCCC3)c4ccc(cc14)C(=O)NC5(CCC5)C(=O)Nc6ccc(\C=C\C(=O)O)cc6,CHEMBL2181635,5.17,
Cn1c(c2cccc(N)n2)c(C3CCCC3)c4ccc(cc14)C(=O)NC5(CCC5)C(=O)Nc6ccc(\C=C\C(=O)O)cc6,CHEMBL2181638,5.16,
Cn1c(c2ccccn2)c(C3CCCC3)c4ccc(cc14)C(=O)NC(C)(C)C(=O)Nc5ccc(\C=C\C(=O)O)cc5,CHEMBL2181786,5.10,
Cn1c(c2ccccn2)c(C3CCCC3)c4ccc(cc14)C(=O)NC5(CCCC5)C(=O)Nc6ccc(\C=C\C(=O)O)cc6,CHEMBL2181618,5.20,
Cn1c(c2cocc2)c(C3CCCCC3)c4ccc(cc14)C(=O)NC(C)(C)C(=O)Nc5ccc(\C=C\C(=O)O)cc5,CHEMBL1778587,5.06,
Cn1c(CC(=O)Nc2ccc(Cl)c(Cl)c2)nnc1SCC(=O)N3CCN(CC3)c4ccccc4,CHEMBL1351689,5.80,
CN1C(CN2CCC3(CC2)CCc4ccccc34)Cc5ccccc5C1=O,CHEMBL3786486,,5.16
Cn1c(Nc2ccc(cc2)C(C)(C)C)nc3cc(Oc4ccnc(c4)c5ncc([nH]5)C(F)(F)F)ccc13,CHEMBL3632720,4.47,
Cn1c(Nc2cccc(c2)C(C)(C)C)nc3cc(Oc4ccnc(c4)c5ncc([nH]5)C(F)(F)F)ccc13,CHEMBL3632719,5.00,
Cn1c(nc2ccccc12)\C(=C(/O)\c3ccc(cc3)S(=O)(=O)N4CCCCC4)\C#N,CHEMBL3192255,4.85,
Cn1c(nc2ccccc12)C3=C(N)N(C(=S)S3)c4ccccc4,CHEMBL1522087,5.35,
Cn1c(nc2ccccc12)c3oc(CN4CCCCC4)cc3,CHEMBL1583174,4.55,
Cn1c(NCc2ccccc2)ncc1c3ccc4OCOc4c3.OC(=O)C(=O)O,CHEMBL1544498,5.10,
Cn1c(NCc2cccnc2)ncc1c3ccc(Br)cc3,CHEMBL1359378,5.40,
Cn1c(SC2=CS(=O)(=O)c3ccccc23)nc4ccccc14,CHEMBL1343568,4.40,
Cn1c(Sc2ccc(c3cccnc3)n2C)ccc1c4cccnc4,CHEMBL1408138,6.20,
Cn1c(SCCCN2C[C@@H]3C[C@@]3(C2)c4ccc(cc4)C(F)(F)F)nnc1c5cncnc5,CHEMBL1079475,,5.50
Cn1c(SCCCN2CC3CCN(C3C2)c4c(F)cccc4C(F)(F)F)nnc1c5cnccn5,CHEMBL3775946,,5.80
Cn1c(SCCCN2CC3CCN(C3C2)c4c(F)cccc4F)nnc1c5cnccn5,CHEMBL3775771,,5.60
Cn1c(SCCCN2CC3CCN(C3C2)c4ccc(cc4)C#N)nnc1c5cnccn5,CHEMBL3775097,,6.60
Cn1c(SCCCN2CC3CCN(C3C2)c4ccc(cc4)C(F)(F)F)nnc1C5CCCC5,CHEMBL3774462,,6.70
Cn1c(SCCCN2CC3CCN(C3C2)c4ccc(cc4)C(F)(F)F)nnc1c5cncnc5,CHEMBL3775572,,6.80
Cn1c(SCCCN2CC3CCN(C3C2)c4ccc(F)cc4)nnc1C5=CC(=O)NC=C5,CHEMBL3775033,,5.30
Cn1c(SCCCN2CC3CCN(C3C2)c4ccccc4C(F)(F)F)nnc1c5ccccn5,CHEMBL3775408,,6.20
Cn1c(SCCCN2CC3CCN(C3C2)c4ccccc4C(F)(F)F)nnc1c5ccncc5,CHEMBL3775214,,5.80
Cn1c(SCCCN2CC3CCN(C3C2)c4ccccc4OC(F)(F)F)nnc1c5cnccn5,CHEMBL3774621,,6.20
CN1C[C@@H](C=C2[C@@H]1Cc3c[nH]c4cccc2c34)C(=O)N[C@@]5(C)O[C@@]6(O)[C@H]7CCCN7C(=O)[C@@H](Cc8ccccc8)N6C5=O,CHEMBL1315610,5.40,
CN1C[C@@H]2C(c3ccc(Cl)nc3)C4(CC2(C4)[C@H]1c5ccccc5)c6cccnc6,CHEMBL1334278,5.10,
CN1C[C@@H]2C[C@H]1CN2c3ccc(cn3)c4ccc5[nH]c(cc5c4)C(F)(F)F,CHEMBL1086481,,8.70
CN1C[C@@H]2C[C@H]1CN2c3ccc(cn3)c4ccc5[nH]ccc5c4,CHEMBL1086480,,7.96
CN1C[C@@H]2C[C@H]1CN2c3ccc(nn3)c4ccc5[nH]ccc5c4,CHEMBL1083304,,7.68
CN1C[C@@H]2C[C@H]1CN2c3ccc(nn3)c4ccc5cc[nH]c5c4,CHEMBL1083615,,7.92
CN1C[C@@H]2C[C@H]1CN2c3cnc(cn3)c4ccc5cc[nH]c5c4,CHEMBL1086506,,8.05
CN1C[C@@H]2C[C@H]1CN2c3cnc(cn3)c4ccc5occc5c4,CHEMBL1084021,,8.28
CN1C[C@@H]2C[C@H]1CN2c3cnc(cn3)c4ccc5sccc5c4,CHEMBL1084022,,8.92
CN1C[C@@H]2C[C@H]1CN2c3ncc(cn3)c4ccc5[nH]ccc5c4,CHEMBL1086524,,8.37
CN1C[C@@H]2C[C@H]1CN2c3ncc(cn3)c4ccccc4,CHEMBL1085581,,7.66
CN1C[C@@H]2CCCC[C@@]2(C1)c3ccc(Cl)c(Cl)c3,CHEMBL1813315,5.28,5.64
CN1C[C@@H]2CN(C[C@H]12)c3ccc(nc3)c4ccc5[nH]ccc5c4,CHEMBL2036415,,5.72
CN1C[C@H]([C@@H](C1)c2ccc(\C=C\C(=O)Nc3ccccc3N)cc2)C(=O)Nc4ccc(Cl)cc4,CHEMBL2177588,4.68,5.30
CN1C[C@H](c2ccc3sccc3c2)c4ccc(cc4C1)N5CCOCC5,CHEMBL3323181,,6.00
CN1C[C@H]2CCC[C@]2(C1)c3ccc(Cl)c(Cl)c3,CHEMBL1813484,,5.27
CN1C=CC(=CC1=O)[C@H]2CCNC[C@@H]2C(=O)N(Cc3cc(CCCC#N)cc(Cl)c3Cl)C4CC4,CHEMBL1795913,,5.08
CN1C=CC(=CC1=O)c2nnc(SCCCN3CC4CCN(C4C3)c5c(F)cc(F)cc5F)n2C,CHEMBL3775350,,5.20
CN1C2CCC1[C@@H]3[C@@H](c4c(F)cccc4F)C(C#N)(C#N)C(=C(C#N)C3=C2)N,CHEMBL1495886,5.35,
Cn1c2cccc(C(=O)N)c2c3ncnc(N4CCN(CCc5ccc(F)c(F)c5)CC4)c13,CHEMBL26678,6.59,
Cn1c2CCN(Cc2c3cc(ccc13)C(=O)N4CCCCC4)C5CCOCC5,CHEMBL1950490,,4.75
Cn1c2ccncc2c3ncnc(N4CCN(CCc5ccc(F)c(F)c5)CC4)c13,CHEMBL430724,4.75,
CN1c2nc(c(cc2C(CC1(C)C)C(=O)NCO)c3ccc(Cl)cc3)c4ccc(Cl)cc4Cl,CHEMBL1082330,,7.40
Cn1c2nccc(C(=O)N)c2c3nc(CN4CCOCC4)nc(N5CCN(CCc6ccc(F)c(F)c6)CC5)c13,CHEMBL281496,4.47,
Cn1cc(\C=N\N2C=Nc3sc4CCCCc4c3C2=O)c5ccccc15,CHEMBL3212090,4.65,
CN1CC(=O)N2C(Cc3c([nH]c4ccccc34)C2c5ccc6OCOc6c5)C1=O,CHEMBL1671905,,4.00
CN1CC(=O)OB(OC(=O)C1)c2ccc(Cn3c(C)nc4c(c(Cl)c(Cl)cc34)[N+](=O)[O-])cc2,CHEMBL3771105,4.55,
Cn1cc(C(=O)N2CCN(CC3CCNCC3)CC2)c4cccc(CN5C[C@H]6N([C@@H](Cc7ccc(O)cc7)C5=O)C(=O)CN(CC=C)N6C(=O)NCc8ccccc8)c14,CHEMBL3702703,5.09,
Cn1cc(C(=O)N2CCN(CCN3CCCCC3)CC2)c4cccc(CN5C[C@@H]6N(N(CC=C)CC(=O)N6[C@@H](Cc7ccc(O)cc7)C5=O)C(=O)NCc8ccccc8)c14,CHEMBL3702704,5.26,
Cn1cc(C(=O)N2CCN3CCN(CC3C2)C(=O)OC(C)(C)C)c4cccc(CN5C[C@@H]6N(N(CC=C)CC(=O)N6[C@@H](Cc7ccc(O)cc7)C5=O)C(=O)NCc8ccccc8)c14,CHEMBL3702711,5.66,
Cn1cc(C(=O)N2CCN3CCN(CC3C2)C=O)c4cccc(CN5C[C@H]6N([C@@H](Cc7ccc(O)cc7)C5=O)C(=O)CN(CC=C)N6C(=O)NCc8ccccc8)c14,CHEMBL3702712,4.92,
Cn1cc(C(=O)Nc2ccc(nc2)N3CC(O)C3)c4cccc(CN5C[C@H]6N([C@@H](Cc7ccc(O)cc7)C5=O)C(=O)CN(CC=C)N6C(=O)NCc8ccccc8)c14,CHEMBL3702811,5.31,
Cn1cc(C(=O)Nc2ccc(nc2)N3CCN(CC3)c4ccc(cc4)C(F)(F)F)c5cccc(CN6CC7N(C(Cc8ccc(O)cc8)C6=O)C(=O)CN(CC=C)N7C(=O)NCc9ccccc9)c15,CHEMBL3702808,4.63,
Cn1cc(C(=O)Nc2ccc(NCC(O)CO)nc2)c3cccc(CN4CC5N([C@@H](Cc6ccc(O)cc6)C4=O)C(=O)CN(CC=C)N5C(=O)NCc7ccccc7)c13,CHEMBL3702778,5.59,
Cn1cc(C(=O)Nc2ccc(NCCN3CCC(O)CC3)nc2)c4cccc(CN5CC6N(N(CC=C)CC(=O)N6[C@@H](Cc7ccc(O)cc7)C5=O)C(=O)NCc8ccccc8)c14,CHEMBL3702786,5.24,
Cn1cc(C(=O)NC2CCN(CC2)C(=O)OC(C)(C)C)c3cccc(CN4C[C@H]5N([C@@H](Cc6ccc(O)cc6)C4=O)C(=O)CN(CC=C)N5C(=O)NCc7ccccc7)c13,CHEMBL3702763,5.25,
Cn1cc(C(=O)NCCCN2CCOCC2)c3cccc(CN4C[C@H]5N([C@@H](Cc6ccc(O)cc6)C4=O)C(=O)CN(CC=C)N5C(=O)NCc7ccccc7)c13,CHEMBL3702750,5.96,
Cn1cc(C(=O)NN2CCN(CC2)C3CCCC3)c4cccc(CN5C[C@H]6N([C@@H](Cc7ccc(O)cc7)C5=O)C(=O)CN(CC=C)N6C(=O)NCc8ccccc8)c14,CHEMBL3702761,5.62,
Cn1cc(C(=O)NN2CCOCC2)c3cccc(CN4C[C@H]5N([C@@H](Cc6ccc(O)cc6)C4=O)C(=O)CN(CC=C)N5C(=O)NCc7ccccc7)c13,CHEMBL3702760,4.65,
Cn1cc(C(=O)NNc2ccccc2)c3cccc(CN4C[C@@H]5N(N(CC=C)CC(=O)N5[C@@H](Cc6ccc(O)cc6)C4=O)C(=O)NCc7ccccc7)c13,CHEMBL3702762,5.17,
Cn1cc(c(n1)C(=O)Nc2cc(Oc3cccnc3)cc(c2)[N+](=O)[O-])[N+](=O)[O-],CHEMBL1480192,6.30,
Cn1cc(C[C@@H](NC(=O)N2CCC(CC2)N3C(=O)Nc4ccccc34)C(=O)N5CCC(CC5)N6CCCCC6)c7ccccc17,CHEMBL2059802,7.00,
CN1CC(C1)c2c[nH]c3cc(ccc23)N4C=CC(=CC4=O)OCc5ccccc5,CHEMBL1830042,,4.92
Cn1cc(C2=Nc3cnc(nc3N(C2=O)c4ccccc4)N5CCNCC5)c6ccccc16,CHEMBL1441843,4.70,
Cn1cc(C2=Nc3cnc(nc3N(C4CC4)C2=O)N5CCNCC5)c6ccccc16,CHEMBL1593707,5.10,
Cn1cc(C2=Nc3cnc(nc3N(C4CC4)C2=O)N5CCOCC5)c6ccccc16,CHEMBL1371458,5.10,
Cn1cc(C2=Nc3cnc(nc3N(CCC#N)C2=O)N4CCNCC4)c5ccccc15,CHEMBL1434022,4.80,
Cn1cc(C2=Nc3cnc(Oc4ccccc4)nc3N(CCC#N)C2=O)c5ccccc15,CHEMBL1533197,5.10,
Cn1cc(C2=Nc3cncnc3N(Cc4ccccc4Cl)C2=O)c5ccccc15,CHEMBL1315109,5.10,
Cn1cc(c2cc3CCNCCc3cc12)S(=O)(=O)c4ccccc4,CHEMBL478871,4.89,
Cn1cc(c2ccc(cc2)C(=O)N3CCSCC3)c4cccc(CN5C[C@H]6N([C@@H](Cc7ccc(O)cc7)C5=O)C(=O)CN(CC=C)N6C(=O)NCc8ccccc8)c14,CHEMBL3699318,5.75,
Cn1cc(c2ccc(cc2)C(=O)Nc3cccc(c3)C(=O)N)c4cccc(CN5C[C@H]6N([C@@H](Cc7ccc(O)cc7)C5=O)C(=O)CN(CC=C)N6C(=O)NCc8ccccc8)c14,CHEMBL3699323,4.80,
Cn1cc(c2ccc(cc2)C(=O)Nc3cccc(O)c3)c4cccc(CN5C[C@H]6N([C@@H](Cc7ccc(O)cc7)C5=O)C(=O)CN(CC=C)N6C(=O)NCc8ccccc8)c14,CHEMBL3699324,5.09,
Cn1cc(c2ccc(NC(=O)N3CCN(CC3)S(=O)(=O)C)nc2)c4cccc(CN5C[C@H]6N([C@@H](Cc7ccc(O)cc7)C5=O)C(=O)CN(CC=C)N6C(=O)NCc8ccccc8)c14,CHEMBL3702686,5.19,
Cn1cc(c2ccc(NC(=O)N3CCOCC3)nc2)c4cccc(CN5C[C@@H]6N(N(CC=C)CC(=O)N6[C@@H](Cc7ccc(O)cc7)C5=O)C(=O)NCc8ccccc8)c14,CHEMBL3702681,4.99,
Cn1cc(c2ccc(NC(=O)Nc3cnccn3)cc2)c4cccc(CN5C[C@H]6N([C@@H](Cc7ccc(O)cc7)C5=O)C(=O)CN(CC=C)N6C(=O)NCc8ccccc8)c14,CHEMBL3702680,5.34,
Cn1cc(c2ccc3N(CCc3c2)C(=O)Cc4cccc(c4)C(F)(F)F)c5c(N)ncnc15,CHEMBL2171124,4.89,
CN1CC(c2ccccc2)C3(COc4ccccc4C3=O)C15C(=O)Nc6ccccc56,CHEMBL1539897,5.40,
Cn1cc(c2ccnc(c2)C3COCCN3)c(n1)c4ccc(F)cc4,CHEMBL2420704,,4.59
Cn1cc(CC2=CN(CC(=O)N(CC(=O)O)Cc3ccc(cc3)c4ccc(cc4)C(F)(F)F)C(=NC2=O)SCc5ccc(F)cc5)cn1,CHEMBL89750,4.51,
Cn1cc(CC2=CN(CC(=O)N(CCN)Cc3ccc(cc3)c4ccc(Cl)cc4)C(=NC2=O)SCc5ccc(F)cc5)cn1,CHEMBL87071,4.82,
Cn1cc(CC2=CN(CC(=O)N(CCN3CCCCC3)Cc4ccc(cc4)c5ccc(cc5)C(F)(F)F)C(=NC2=O)SCc6ccc(F)cc6)cn1,CHEMBL314768,5.00,
Cn1cc(cn1)c2cnc(N)c3c(csc23)c4ccc(NC(=O)Nc5cccc(F)c5)cc4,CHEMBL1970317,5.10,
Cn1cc(cn1)c2cnc3C=Cc4ccc(NS(=O)(=O)C)cc4C(=O)c3c2,CHEMBL1802602,,5.00
CN1CC[C@@]2(CCCN(C2)C(=O)c3ccncc3)C1,CHEMBL1553262,4.50,
CN1CC[C@@]2(CCCN(C2)C(=O)Oc3ccccc3)C1,CHEMBL1358456,4.90,
CN1CC[C@@]2(CCCN(C2)S(=O)(=O)c3ccccc3)C1,CHEMBL1591548,5.10,
CN1CC[C@@H]2CN3CCc4cccc([C@H]2C1)c34,CHEMBL1367485,4.40,
CN1CC[C@H](C1)N(Cc2ccccc2C(F)(F)F)c3ccc(C#N)c(Cl)c3,CHEMBL563341,,6.11
Cn1cc2c(OCC3CCN(CCc4ccc(cc4)C(=O)O)CC3)nc5ccccc5c2c1,CHEMBL2179674,,5.00
CN1Cc2c3OCOc3ccc2C4C(O)Cc5cc6OCOc6cc5C14,CHEMBL436279,4.90,
CN1Cc2ccccc2[C@H]3[C@H]1Cc4c[nH]c5cccc3c45,CHEMBL313737,5.30,
CN1CCC(=NNC(=O)CSCc2ccccc2)CC1,CHEMBL1337524,4.75,
CN1CCC(CCOc2cn3ncnc(Oc4ccc5[nH]c(C)cc5c4F)c3c2C)CC1,CHEMBL206145,6.16,
CN1CCC(COCc2cc(cc(Cl)n2)C(F)(F)F)(CC1)c3ccc(Cl)cc3,CHEMBL2333641,,4.64
CN1CCC(COCc2cc(cc(n2)C#N)C(F)(F)F)(CC1)c3ccccc3,CHEMBL2333631,,4.48
CN1CCC(COCc2cc(cc(n2)C3CC3(C)C)C(F)(F)F)(CC1)c4ccc(F)cc4,CHEMBL2333607,,5.05
CN1CCC(COCc2cc(cc(n2)C3CC3)C#N)(CC1)c4ccc(F)cc4,CHEMBL2333612,,4.77
CN1CCC(COCc2cc(cc(n2)C3CC3)C(F)(F)F)(CC1)c4ccc(Cl)cc4,CHEMBL2333613,,5.51
CN1CCC(COCc2cc(cc(n2)C3CC3)C(F)(F)F)(CC1)c4ccc(F)cc4,CHEMBL2333637,,4.89
CN1CCC(COCc2cc(cc(n2)C3CC3)C(F)(F)F)(CC1)c4ccccc4,CHEMBL2333604,,5.05
CN1CCC(COCc2cc(cc(n2)N3CCC(C3)C#N)C(F)(F)F)(CC1)c4ccc(F)cc4,CHEMBL2333627,,5.08
CN1CCC(COCc2cc(cc(n2)N3CCC(CC3)C#N)C(F)(F)F)(CC1)c4ccc(F)cc4,CHEMBL2333629,,5.11
CN1CCC(COCc2cc(cc(n2)N3CCCC3)C(F)(F)F)(CC1)c4ccccc4,CHEMBL2333624,,5.13
CN1CCC[C@H](C1)c2nc3ccccc3n2Cc4ccccn4,CHEMBL1095200,,4.99
Cn1ccc2c(Nc3cccc(Cl)c3)ncc(C(=O)N4CCOCC4)c12,CHEMBL567292,4.62,
Cn1ccc2cc(ccc12)C3(Cc4ccccc4)CCNC3,CHEMBL459176,,5.16
CN1CCc2cc(Cl)c(O)cc2[C@@H](C1)c3ccccc3,CHEMBL63321,5.00,
CN1CCc2cc3OCOc3cc2C(=O)Cc4ccc5OCOc5c4C1,CHEMBL453019,4.60,
CN1CCc2cncn2Cc3ccc(C#N)c(Oc4ccc5cccc(N6CC[C@H]1C6=O)c5c4)c3,CHEMBL525368,,5.31
CN1CCCC(C1)c2c([nH]c3ccccc23)c4ccccc4,CHEMBL43819,,5.02
CN1CCCC(C1)c2nc3ccccc3n2CC4CCCO4,CHEMBL1098125,,6.20
Cn1cccc1\C=N\NC(=O)c2sc3ccccc3c2Cl,CHEMBL1997220,5.05,
Cn1cccc1C(=O)N2CCC[C@@]3(CCN(C3)c4ccncc4)C2,CHEMBL1496350,6.00,
Cn1cccc1C(=O)N2CCC[C@@]3(CCN(Cc4cc(cc(c4)C(F)(F)F)C(F)(F)F)C3)C2,CHEMBL1321338,4.80,
Cn1cccc1C(=O)N2CCC[C@@]3(CCN(Cc4ccccc4)C3)C2,CHEMBL1590992,5.30,
Cn1cccc1C(=O)N2CCC3(CC2)CN(C3)c4ccccn4,CHEMBL1373160,4.90,
Cn1cccc1C(=O)N2CCC3(CCCN(C3)C(=O)Nc4cccc(c4)C#N)CC2,CHEMBL1318278,4.60,
Cn1cccc1C(=O)N2CCC3(CCCN(C3)C(=O)Nc4cccc(F)c4)CC2,CHEMBL1474816,5.00,
Cn1cccc1C(=O)N2CCC3(CCCN(C3)C(=O)Nc4ccccc4)CC2,CHEMBL1316745,4.50,
Cn1cccc1C(=O)N2CCC3(CCCN(C3)c4ccc(cc4)c5ccccc5)CC2,CHEMBL1532555,4.90,
Cn1cccc1C(=O)N2CCC3(CCCN(Cc4ccccc4)C3)CC2,CHEMBL1613233,4.50,
CN1CCCN(CC1)c2ccc(NC(=O)c3cn(C)c4c(CN5C[C@H]6N([C@@H](Cc7ccc(O)cc7)C5=O)C(=O)CN(CC=C)N6C(=O)NCc8ccccc8)cccc34)cn2,CHEMBL3702817,4.95,
CN1CCN(C)C(C1)C(=O)N2CCN(CC2)C(=O)Nc3ccc(Cl)c(Cl)c3,CHEMBL2036784,,4.89
CN1CCN(CC(=O)Nc2cc(nc(n2)c3nccs3)n4nc(C)cc4C)CC1,CHEMBL271202,4.89,
CN1CCN(CC(=O)Nc2cc(nc(n2)c3oc(C)cc3)n4nc(C)cc4C)CC1,CHEMBL270467,,6.02
CN1CCN(CC1)C(=O)[C@@H](COCc2ccc(F)cc2)NC(=O)c3cccnc3Oc4ccc(cc4Cl)C(F)(F)F,CHEMBL1911819,5.20,
CN1CCN(CC1)C(=O)[C@@H](COCc2ccccc2)NC(=O)c3cccnc3Oc4ccc(cc4Cl)C(F)(F)F,CHEMBL1911817,4.87,
CN1CCN(CC1)C(=O)[C@@H](COCc2ccnc(Cl)c2)NC(=O)c3cccnc3Oc4ccc(cc4Cl)C(F)(F)F,CHEMBL1911822,4.96,
CN1CCN(CC1)C(=O)[C@H](Cc2ccc(Br)cc2)NC(=O)C3(CC3)c4ccc(Cl)cc4Cl,CHEMBL2163834,6.32,
CN1CCN(CC1)C(=O)c2cn(Cc3cncn3Cc4ccc5OCOc5c4)cc2c6cccc7ccccc67,CHEMBL105592,7.10,
CN1CCN(CC1)C2=Nc3cc(Cl)ccc3Nc4ccccc24,CHEMBL42,4.50,4.77
CN1CCN(CC1)c2cc(C)c3cc(NC(=O)CCC(=O)NCc4occc4)ccc3n2,CHEMBL1609726,4.80,
CN1CCN(CC1)c2cc(nc(n2)C(F)(F)F)N3CC[C@H]3C(=O)NCCc4ccc(cc4)C#N,CHEMBL3234577,5.52,
CN1CCN(CC1)c2cc(nc(n2)C(F)(F)F)N3CCC[C@@H]3C(=O)NCCc4ccc(cc4)C#N,CHEMBL3234576,6.16,
CN1CCN(CC1)c2cc(nc(n2)C(F)(F)F)N3CCC[C@H](C3)C(=O)NCCc4ccc(nc4)C#N,CHEMBL3234571,5.00,
CN1CCN(CC1)c2cc(nc(n2)C(F)(F)F)N3CCCC[C@H]3C(=O)NCCc4ccc(cc4)C#N,CHEMBL3234574,6.40,
CN1CCN(CC1)c2cc3[nH]c(Nc4cc(C5CC5)c(F)c(C)n4)nc3cn2,CHEMBL3321980,,5.06
CN1CCN(CC1)c2ccc(\C=C\c3n[nH]c4cc(ccc34)[C@@H]5C[C@@]56C(=O)N(C)c7ccccc67)cn2,CHEMBL3408940,5.54,
CN1CCN(CC1)c2ccc3nc(Nc4ccc(Br)cn4)[nH]c3c2,CHEMBL3321871,,5.46
CN1CCN(CC1)c2cccc3OC[C@H](Cc23)NC(=O)c4ccc(OCC(F)(F)F)nc4,CHEMBL2069401,,5.10
CN1CCN(CC1)c2cccc3OC[C@H](Cc23)NC(=O)c4ccc(OCCC(F)(F)F)nc4,CHEMBL2069402,,4.90
CN1CCN(CC1)c2ccncc2S(=O)(=O)N3CCN(C)CC3,CHEMBL1594008,5.50,
CN1CCN(CC1)c2cn(c3ccccc23)S(=O)(=O)c4ccc(F)cc4,CHEMBL1642413,5.32,
CN1CCN(CC1)c2nc(nc3ccccc23)c4ccc5OCOc5c4,CHEMBL1567472,5.30,
CN1CCN(CC1)c2nc(nc3ccccc23)c4cccc(NS(=O)(=O)C)c4,CHEMBL1515985,4.60,
CN1CCN(CC1)c2nc(nc3ccccc23)c4ccccc4C,CHEMBL1473752,4.70,
CN1CCN(CC1)c2nc(nc3ccccc23)c4ccccc4C(F)(F)F,CHEMBL1444856,4.70,
CN1CCN(CC1)c2nc(nc3ccccc23)c4cccnc4,CHEMBL1558834,4.60,
CN1CCN(CC1)c2nc3c(N4CCN(Cc5cc(C)on5)CC4)c(Br)cnc3[nH]2,CHEMBL1086579,,5.52
CN1CCN(CC1)c2nc3c(N4CCN(Cc5cc(C)on5)CC4)c(Cl)cnc3[nH]2,CHEMBL1086582,,5.64
CN1CCN(CC1)c2ncc3N=C(C(=O)N(C4CC4)c3n2)c5ccc(Cl)cc5,CHEMBL1356134,5.20,
CN1CCN(CC1)c2ncc3N=C(C(=O)N(Cc4ccc(F)cc4)c3n2)c5ccc(Cl)cc5,CHEMBL1397877,4.80,
CN1CCN(CC1)c2ncc3N=C(C(=O)N(Cc4ccc(F)cc4)c3n2)c5cccc(c5)C#N,CHEMBL1512222,4.70,
CN1CCN(CC1)c2ncc3N=C(C(=O)N(Cc4ccc(F)cc4)c3n2)c5cccs5,CHEMBL1553179,5.30,
CN1CCN(CC1)c2ncc3N=C(C(=O)N(Cc4cccs4)c3n2)c5ccc(F)cc5,CHEMBL1335967,5.00,
CN1CCN(CC1)c2ncc3N=C(C(=O)N(CCc4ccccc4)c3n2)c5cccc(c5)C#N,CHEMBL1354678,4.60,
CN1CCN(CC1)c2ncc3N=C(C)C(=O)N(Cc4ccc(F)cc4)c3n2,CHEMBL1513134,4.70,
CN1CCN(CC1)c2ncc3N=C(CCc4ccccc4)C(=O)N(CCc5ccccc5)c3n2,CHEMBL1356771,5.00,
CN1CCN(CC1)c2ncc3N=CC(=O)N(CCc4ccccc4)c3n2,CHEMBL1477964,4.80,
CN1CCN(CC1)c2ncnc3c2nc(c4ccccc4Cl)n3c5ccc(Cl)cc5,CHEMBL496555,,6.20
CN1CCN(CC1)c2ncnc3ccc(cc23)c4ccc5OCOc5c4,CHEMBL1403793,5.10,
CN1CCN(CC1)c2ncnc3ccc(cc23)c4ccccc4C#N,CHEMBL1318293,4.80,
CN1CCN(CC1)c2ncnc3ccc(cc23)c4ccccc4Cl,CHEMBL1396109,5.30,
CN1CCN(CC1)c2ncncc2c3c(C)onc3C,CHEMBL1324530,4.90,
CN1CCN(CC1)c2ncncc2c3ccccc3C,CHEMBL1396693,5.80,
CN1CCN(Cc2ccc(cc2)c3cnc4[nH]cc(c5ccc6[nH]ccc6c5)c4c3)CC1,CHEMBL2436978,4.79,4.68
CN1CCN(Cc2ccc3c(Cc4c(n[nH]c34)c5csc(c5)C#CCOc6cccc(Cl)c6)c2)CC1,CHEMBL225319,,5.59
CN1CCN(Cc2cccc3c2ccn3S(=O)(=O)c4ccccc4)CC1,CHEMBL2207388,4.52,
CN1CCN(Cc2cccc3c2ccn3S(=O)(=O)c4ccccc4Br)CC1,CHEMBL2207386,4.44,
CN1CCN(CCC(=O)Nc2ccc3ncnc(Nc4ccc(NC(=O)Nc5cc(nn5c6cccc(N)c6)C(C)(C)C)cc4)c3c2)CC1,CHEMBL2403820,5.71,
CN1CCN(CCC[C@]2([C@@H]3COc4ccc(F)cc4N3N=C2C(=O)C)c5ccccc5)CCC1=O,CHEMBL251142,,5.02
CN1CCN(CCc2ccc3c(Cc4c(n[nH]c34)c5csc(c5)C#CCOc6ccccc6)c2)CC1,CHEMBL390353,,5.23
CN1CCN(CCCN(Cc2ccc(cc2)c3ccc(Cl)cc3)C(=O)CN4C=C(Cc5cnn(C)c5)C(=O)N=C4SCc6ccc(F)cc6)CC1,CHEMBL327705,5.00,
CN1CCN(CCCNC(=O)\C(=C/c2oc(cc2)c3cccnc3Cl)\NC(=O)c4ccccc4C)CC1,CHEMBL1522877,5.05,
CN1CCN(CCCNC(=O)c2cn(C)c3c(CN4C[C@H]5N([C@@H](Cc6ccc(O)cc6)C4=O)C(=O)CN(CC=C)N5C(=O)NCc7ccccc7)cccc23)CC1,CHEMBL3702751,5.60,
CN1CCN(CCCNC(=O)c2oc(CSCc3cccc(Cl)c3)cc2)CC1,CHEMBL1507850,4.65,
Cn1ccnc1Sc2ccc(\C=N\NC(=O)c3ccccc3[N+](=O)[O-])cc2[N+](=O)[O-],CHEMBL2003072,4.85,
Cn1cnc(c1)C(=O)N(Cc2cccc(OC(F)(F)F)c2)[C@@H]3C[C@@H]4CN(CCC(F)(F)F)C[C@@H]4C3,CHEMBL597032,5.06,5.34
Cn1cnc(c1)c2ccc(N)c(NC(=O)c3ccc(nc3)N4CCC5(CCNC5)CC4)c2,CHEMBL472252,,5.01
Cn1cnc(c1Sc2ncnc3nc[nH]c23)[N+](=O)[O-],CHEMBL1542,5.40,
Cn1cnc(CNc2cc(Br)c3ncc(C#N)c(Nc4ccc(F)c(Cl)c4)c3c2)c1,CHEMBL230761,4.82,
Cn1cnnc1SCC(=O)n2c3ccccc3c4ccccc24,CHEMBL1607206,4.60,
CN1N(C(=O)C(=C1C)N2C(=S)S\C(=C\3/C(=O)N(C)c4ccccc34)\C2=O)c5ccccc5,CHEMBL1581408,4.80,
CN1N(C(=O)C(=C1C)NC(=O)C2CCN(CC2)S(=O)(=O)c3ccc(Cl)cc3)c4ccccc4,CHEMBL1525963,5.10,
CN1N(C(=O)C(=C1C)NC(=O)CSc2nnc3c4ccccc4n(CCc5ccccc5)c3n2)c6ccccc6,CHEMBL1330929,5.00,
CN1N(C(=O)C(=C1C)NCc2cc(Cl)ccc2O)c3ccccc3,CHEMBL1391308,4.85,
CN1N=C2N(N(Cc3ccc(nc3)C(F)(F)F)C(=O)C(=C2c4ccc(Cl)cc4)c5ccncc5)C1=O,CHEMBL3260740,5.18,
Cn1nc(c(C(=O)Nc2ccc(F)cc2F)c1Sc3ccc(cc3)C(F)(F)F)C(F)(F)F,CHEMBL1391756,4.90,
Cn1nc(c(C(=O)Nc2ccc(F)cc2F)c1Sc3cccc(c3)C(F)(F)F)C(F)(F)F,CHEMBL1567447,5.20,
Cn1nc(c(C(=O)Nc2cccc(Cl)c2)c1Cl)C(F)(F)F,CHEMBL1706244,4.60,
Cn1nc(NCC(=O)NC2CN(C2)[C@@H]3CC[C@H](CO)CC3)c4cc(ccc14)C(F)(F)F,CHEMBL1834643,,4.50
Cn1ncc2c(NCCc3ccccc3)nc(Cl)nc12,CHEMBL1452389,5.70,
Cn1nccc1c2cc(NC(=O)c3cccc(c3)C(F)(F)F)ccc2OCCN4CCOCC4,CHEMBL1086317,,6.05
Cn1nccc1CCOc2ccc(cc2)C3CCN(CC3)c4ccc5nnc(n5n4)C(F)(F)F,CHEMBL2346973,,4.75
Cn1ncnc1Cn2cc(CN(C3CC3)C(=O)[C@H]4CNCC[C@]4(O)c5ccc(F)c(F)c5)c6c(F)cccc26,CHEMBL1910314,,5.36
Cn1nnc(n1)C2CC3(NC2CCC3OCc4cc(cc(c4)C(F)(F)F)C(F)(F)F)c5ccccc5,CHEMBL380684,,7.00
CNC(=O)[C@@]12C[C@@H]1[C@H]([C@H](O)[C@@H]2O)n3cnc4c(NC)nc(nc34)C#Cc5ccc(Cl)s5,CHEMBL3407784,,4.89
CNC(=O)[C@@]12C[C@@H]1[C@H]([C@H](O)[C@@H]2O)n3cnc4c(NC)nc(nc34)C#Cc5cccs5,CHEMBL3407783,,4.94
CNC(=O)[C@@H](Cc1ccccc1)N(C)C(=O)[C@@H](Cc2ccc3ccccc3c2)N(C)C(=O)\C=C\CC(C)(C)N,CHEMBL281764,5.10,
CNC(=O)[C@@H]1C[C@H]1[C@@H](NC(=O)CNC(=O)OCc2ccccc2)c3ccccc3,CHEMBL1412047,4.80,
CNC(=O)[C@@H]1O[C@H]([C@@H](O)[C@H]1O)n2cnc3c(NCc4ccc(N)cc4)ncnc23,CHEMBL1356396,4.60,
CNC(=O)[C@@H]1O[C@H]([C@H](O)[C@@H]1O)n2cnc3c(NCc4cccc(I)c4)ncnc23,CHEMBL1434729,4.40,
CNC(=O)[C@]1(C)C[C@H]1[C@H](NC(=O)[C@]2(C)C[C@H]2[C@H](NC(=O)OCc3ccccc3)c4ccccc4)c5ccccc5,CHEMBL1450413,4.80,
CNC(=O)[C@H](C)[C@@H]1C[C@@]1(C)[C@@H](NC(=O)OCc2ccccc2)c3ccccc3,CHEMBL1527466,5.60,
CNC(=O)[C@H](C)[C@H]1C[C@]1(C)[C@H](NC(=O)OCc2ccccc2)c3ccccc3,CHEMBL1483712,5.70,
CNC(=O)[C@H](C)\C=C\C(NC(=O)OCc1ccccc1)c2ccc(cc2)C(=O)OC,CHEMBL1486596,5.10,
CNC(=O)\C=C\c1cc(OC)cc(c1)c2ccc3cc(OC)ccc3c2,CHEMBL3645225,5.65,
CNC(=O)c1cc(C)c2nc([nH]c2c1)C3=C(NCC(O)c4cccc(Cl)c4)C=CNC3=O,CHEMBL231409,5.43,
CNC(=O)c1cc(Oc2ccc3nc(NC(=O)c4cc(cc(c4)C(F)(F)F)C(F)(F)F)sc3c2)ccn1,CHEMBL3799621,,4.32
CNC(=O)c1cc(OCCCCN2CCC(CC2)c3noc4cc(F)ccc34)ccc1F,CHEMBL3805518,,6.00
CNC(=O)c1cc2c(c[nH]1)nc3ccccc23,CHEMBL429711,4.40,
CNC(=O)c1ccc(CC(=O)N(C)C2CCN(Cc3ccc(cc3)C(F)(F)F)CC2)cc1,CHEMBL2010834,,5.68
CNC(=O)c1cccc(c1)c2ccc(cc2)C(O)(C(C)C)c3c[nH]cn3,CHEMBL1766178,5.09,
CNC(=O)c1cccc(NC(=O)Nc2ccc(cc2)c3ccnc4[nH]cnc34)c1,CHEMBL1951334,7.01,
CNC(=O)c1nc(cnc1N)c2ccc(Cl)c(c2)S(=O)(=O)Nc3cccc(F)c3F,CHEMBL2152252,,4.76
CNC(=O)CN1C(=O)N(C2CCN(CC2)[C@@H]3CC[C@@H](CC3)C(C)C)c4ccccc14,CHEMBL1080485,,5.38
CNC(=O)N1CCC(CC1)C2N[C@H](Cc3c2[nH]c4ccccc34)c5nc(c[nH]5)c6ccccc6,CHEMBL2069513,,6.62
CNC(=O)NC(=S)NC(=O)c1ccc(OC)cc1,CHEMBL1549020,4.50,
CNC(=O)Nc1cccc(c1)c2ccc(cc2)C(O)(C(C)C)c3c[nH]cn3,CHEMBL1766180,5.26,
CNC(=S)N1CCN(CC1)c2cccc(OC)c2,CHEMBL1302204,4.80,
CNC(=S)N1N=C(CC1c2ccc(cc2)N(C)C)c3ccc(OC)cc3,CHEMBL1612230,5.40,
CNC(C)C1(CCCCC1)c2ccc(Cl)c(Cl)c2,CHEMBL1684045,,4.64
CNC(C)c1ccc(OC)cc1Oc2ccc(Cl)c(Cl)c2,CHEMBL527094,,6.11
CNC[C@@H](O)CCN1c2ccccc2N(c3ccccc3)S1(=O)=O,CHEMBL1083409,,5.10
CNc1cc(ccn1)c2csc(NC(=O)Cc3cccc(OC)c3)n2,CHEMBL3581141,4.94,
CNc1cc(Nc2cnc(C#N)c(O[C@H](C)CN(C)C)n2)ncc1C#C,CHEMBL2204589,,5.10
CNc1cc(Nc2cnc(C#N)c(O[C@H](C)CN(C)C)n2)ncc1Cl,CHEMBL2204586,,6.00
CNc1ccc(s1)c2cccnc2,CHEMBL179529,5.20,
CNc1ccccc1C(=O)N2CCc3c([nH]c4ccccc34)C2=O,CHEMBL508030,6.00,
CNC1CCN(CC1)c2cc(C)c3nc([nH]c3c2)C4=C(NC[C@@H](O)c5cccc(Cl)c5)C=CNC4=O,CHEMBL482102,8.59,
CNC1CN(C1)c2nc(N)nc3cc(ccc23)C4CCCC4,CHEMBL2376790,,6.08
CNc1nc(C)cc(C)c1S(=O)(=O)c2ccc(C)cc2,CHEMBL1532067,5.35,
CNc1nc(C)cc(C)c1S(=O)(=O)c2ccc(Cl)cc2,CHEMBL1606729,5.35,
CNc1nc(nc2ccccc12)c3ccc4OCOc4c3,CHEMBL1436715,5.90,
CNc1nc(nc2ccccc12)c3ccccc3OC,CHEMBL1515918,4.50,
CNc1nc(SCC=C)nc2ccsc12,CHEMBL1577959,4.60,
CNc1nc2ccccc2n1Cc3sc4N(CC(C)C)C(=O)N(C)C(=O)c4c3C(=O)N5C[C@H](O)CO5,CHEMBL218628,4.66,
CNc1ncc(s1)C(=O)c2ccccc2,CHEMBL1498995,4.55,
CNc1ncnc2ccc(cc12)c3cccc(NS(=O)(=O)C)c3,CHEMBL1326322,4.90,
CNc1ncnc2ccc(cc12)c3cccc(OC)c3,CHEMBL1318340,4.90,
CNc1ncnc2ccc(cc12)c3ccccc3OC,CHEMBL1357199,4.70,
CNc1ncncc1c2ccc(cc2)C(=O)N(C)C,CHEMBL1551064,5.30,
CNc1ncncc1c2ccccc2C,CHEMBL1476051,6.20,
CNc1nn2c3CCN(C)Cc3cnc2c1S(=O)(=O)c4ccccc4,CHEMBL2172186,,4.27
CNc1noc2c(c(C)ccc12)c3ccc4c(nncc4c3)N5CCOC[C@@H]5C,CHEMBL523374,,4.89
CNCC(=O)N[C@@H](CC(C)C)c1cc(C)ccc1N2CCN(CC2)C(=O)[C@@H](Cc3ccc(Cl)cc3Cl)N4CCCC4=O,CHEMBL412023,5.44,
CNCC[C@H](Oc1ccc(cc1)C(F)(F)F)c2ccccc2,CHEMBL1169388,4.70,
CNCc1cc(ccc1Oc2ccc(Cl)c(Cl)c2)C#N,CHEMBL451076,,5.34
CNCc1cc(ccc1Oc2ccc(Cl)c(Cl)c2)C(F)(F)F,CHEMBL507884,,5.88
CNCc1cc(ccc1Oc2ccc(Cl)cc2C)C(=O)N,CHEMBL401819,,5.41
CNCc1cc(ccc1Oc2ccc(Cl)cc2C)N3CCCS3(=O)=O,CHEMBL403090,,5.80
CNCc1cc(ccc1Oc2ccc(Cl)cc2Cl)C#N,CHEMBL258063,,5.66
CNCc1cc(ccc1Oc2ccc(Cl)cc2Cl)N3CCCS3(=O)=O,CHEMBL438889,,5.81
CNCc1cc(Cl)ccc1Oc2ccc(Cl)c(Cl)c2,CHEMBL505091,,5.51
CNCc1cc(F)c(Cl)cc1Oc2ccc(Cl)c(Cl)c2,CHEMBL455675,,5.49
CNCc1cc(F)c(OC)cc1Oc2ccc(Cl)c(Cl)c2,CHEMBL454657,,5.67
CNCc1cc(F)ccc1Oc2ccc(Cl)cc2,CHEMBL488434,,5.13
CNCc1cc(F)ccc1Oc2ccc(F)c(Cl)c2,CHEMBL442923,,5.08
CNCc1cc(NS(=O)(=O)C)ccc1Oc2ccc(Cl)cc2C,CHEMBL258060,,5.14
CNCc1ccc(Br)cc1Oc2ccc(Cl)c(Cl)c2,CHEMBL451137,,6.01
CNCc1ccc(Cl)cc1Oc2ccc(C)c(C)c2,CHEMBL475121,,5.76
CNCc1ccc(F)cc1Oc2ccc(Cl)c(Cl)c2,CHEMBL487223,,5.52
CNCc1cnc(C)cc1Oc2ccccc2Oc3ccccc3,CHEMBL273208,,4.95
CNCCC(=O)N[C@@H](CC(C)C)c1cc(C)ccc1N2CCN(CC2)C(=O)[C@@H](Cc3ccc(Cl)cc3Cl)N4CCCC4=O,CHEMBL397583,5.47,
CNCCc1ccc(Cl)c(CN(C2CC2)C(=O)[C@H]3CNCC[C@@H]3c4ccc(OCCOc5c(Cl)cc(C)cc5Cl)cc4)c1,CHEMBL1269673,4.80,
CNCCc1sc2ccccc2c1[C@@H](C)c3ccccn3,CHEMBL1093044,,5.19
CNCCCC12CCC(c3ccccc13)c4ccccc24,CHEMBL21731,5.50,
CO[C@@]12C3NC3CN1C4=C(C2COC(=O)N)C(=O)C(=C(C)C4=O)N,CHEMBL1354559,4.40,
CO[C@@]12CC[C@@]3(C[C@@H]1[C@](C)(O)C(C)(C)C)[C@H]4Cc5ccc(O)c6O[C@@H]2[C@]3(CCN4CC7CC7)c56,CHEMBL511142,,5.10
CO[C@@H]1[C@@H](CC(=O)O[C@H](C)C\C=C/C=C\[C@H](O)[C@H](C)C[C@H](CC=O)[C@H]1O[C@H]2O[C@@H](C)[C@@H](O[C@@H]3C[C@](C)(O)[C@H](OC(=O)CC(C)C)[C@H](C)O3)[C@H]([C@@H]2O)N(C)C)OC(=O)C,CHEMBL1326015,4.90,
CO[C@@H]1C[C@@H](CC[C@H]1O)\C=C(/C)\[C@H]2OC(=O)[C@@H]3CCCCN3C(=O)C(=O)[C@]4(O)O[C@H]([C@H](C[C@@H](C)C\C(=C\[C@@H](CC=C)C(=O)C[C@H](O)[C@H]2C)\C)OC)[C@H](C[C@H]4C)OC,CHEMBL269732,5.58,
CO[C@@H]1C[C@H](O[C@H]2[C@@H](C)[C@H](O[C@@H]3O[C@@H](C)C[C@H]([C@@H]3OC(=O)C)N(C)C)[C@H](C)C[C@]4(CO4)C(=O)[C@H](C)[C@H](OC(=O)C)[C@H](C)[C@H](C)OC(=O)[C@@H]2C)O[C@H](C)[C@@H]1OC(=O)C,CHEMBL1404947,5.50,
CO[C@@H]1CC[C@H](CC1)N2C(=O)CNc3ncc(nc23)c4ccc(nc4)C(C)(C)O,CHEMBL3586404,,4.48
CO[C@@H]1CC=C2CCN3CCC4=C(CC(=O)OC4)[C@]23C1,CHEMBL1361497,4.40,
CO[C@@H]1CN(CC2CCN(CC2)C(=O)NC(C)C)CC[C@@H]1NC(=O)c3cc(Cl)c(N)cc3OC,CHEMBL3758976,,5.12
CO[C@@H]1CN(CC2CCN(CC2)C(=O)OC)CC[C@@H]1NC(=O)c3cc(Cl)c(N)cc3OC,CHEMBL3759969,,5.00
CO[C@@H]1CN(CC2CCN(CC2)C(=S)C(C)C)CC[C@@H]1NC(=O)c3cc(Cl)c(N)cc3OC,CHEMBL3758674,,5.95
CO[C@@H]1CN(CCC(=O)N2CCC(Cc3ccccc3)CC2)CC[C@@H]1NC(=O)c4cc(Cl)c(N)cc4OC,CHEMBL3759928,,5.43
CO[C@@H]1CN(CCCn2cncn2)CC[C@@H]1NC(=O)c3cc(Cl)c(N)cc3OC,CHEMBL3759601,,5.11
CO[C@@H]1COC(=O)[C@@H](C)NC(=O)C\C=C/[C@@H](C)[C@@H](COC(=O)[C@H](COCc2ccccc2)NC(=O)C\C=C/[C@H]1C)OC,CHEMBL1318565,5.50,
CO[C@@H]1COC(=O)C\C=C/[C@@H](C)[C@H]2O[C@H](COC(=O)CCC[C@H]1C)[C@@H](O)C=C2,CHEMBL1604807,5.40,
CO[C@@H]1COC(=O)C\C=C/[C@@H](C)COC(=O)[C@H](Cc2ccccc2)NC(=O)C\C=C/[C@H]1C,CHEMBL1337128,5.80,
CO[C@@H]1COC(=O)C\C=C/[C@@H](C)COC(=O)[C@H](COCc2ccccc2)NC(=O)C\C=C/[C@H]1C,CHEMBL1414673,5.40,
CO[C@@H]1COCC[C@@H]1N(C)[C@@H]2CC[C@](C2)(C(C)C)C(=O)N3CCN(CC3)c4cc(cnn4)C(F)(F)F,CHEMBL1782378,,4.28
CO[C@@H]1COCC[C@@H]1N[C@@H]2C[C@H]3CCC[C@]3(C2)C(=O)N4CCc5ncc(cc5C4)C(F)(F)F,CHEMBL2313764,5.13,
CO[C@@H]1COCC[C@@H]1N[C@@H]2CC[C@](C2)(C(C)C)C(=O)N3CCN(CC3)c4cc(ncn4)C(F)(F)F,CHEMBL1782570,,4.37
CO[C@@H]1COCC[C@@H]1N[C@@H]2CC[C@](C2)(C(C)C)C(=O)N3CCN(CC3)c4cncc(n4)C(F)(F)F,CHEMBL1782568,,5.12
CO[C@@H]1OC[C@H](Cc2ccc3OCOc3c2)[C@H]1Cc4ccc5OCOc5c4,CHEMBL520915,5.11,
CO[C@](c1ccc(Cl)cc1)(c2ccc3N(C)C(=O)C=C(c4cccc(Cl)c4C)c3c2)c5cncn5C,CHEMBL471195,6.06,
CO[C@]12CC(COC(=O)c3cncc(Br)c3)CN(C)[C@@H]1Cc4cn(C)c5cccc2c45,CHEMBL1490959,4.70,
CO[C@H](\C=N/O[C@@H](C)CN1CCCCc2nc(C)c(C)cc12)[C@H](C)\C=C/CC(=O)OC,CHEMBL1394899,5.40,
CO[C@H]1[C@@H](C[C@@H]2CN3CCc4c([nH]c5cc(OC)ccc45)[C@H]3C[C@@H]2[C@@H]1C(=O)OC)OC(=O)c6cc(OC)c(OC)c(OC)c6,CHEMBL772,5.40,
CO[C@H]1CCN(CCn2ncc3cc(ccc23)N4C=CC(=CC4=O)OCc5ccccc5)C1,CHEMBL1289516,,5.75
CO[C@H]1CN(CCN2C(=O)C=Nc3ccc(OC)cc23)CC[C@H]1NCc4ccc5OCC(=O)Nc5n4,CHEMBL2165057,,4.06
CO[C@H]1COC(=O)[C@@H](C)COC(=O)[C@@H](COCc2ccccc2)NC(=O)C\C=C/[C@H]1C,CHEMBL1553161,5.40,
CO[C@H]1COC(=O)[C@@H](Cc2ccccc2)NC(=O)[C@@H](C)COC(=O)C\C=C/[C@@H]1C,CHEMBL1378235,5.20,
CO[C@H]1COC(=O)C\C=C/[C@@H](C)[C@@H](COC(=O)CCC[C@@H]1C)OC,CHEMBL1530445,5.50,
CO[C@H]1COC(=O)C\C=C/[C@H](C)[C@H](COC(=O)[C@@H](C)COC(=O)C\C=C/[C@@H]1C)OC,CHEMBL1524593,5.40,
CO[C@H]1COC(=O)C\C=C/[C@H](C)[C@H](COC(=O)C\C=C/[C@@H]1C)NS(=O)(=O)c2ccc(C)cc2,CHEMBL1316258,5.50,
CO\C(=C/1\[C@@H](C(=C(C)N=C1C)[N+](=O)[O-])c2ccccc2C(F)(F)F)\O,CHEMBL283013,4.90,
CO\N=C(/C)\c1ccc(c(NC(=O)c2cnc(cn2)c3ccccc3)c1)n4ccnc4,CHEMBL2448738,5.10,
CO\N=C(/C)\c1ccc(c(NC(=O)c2cnc(s2)c3ccccn3)c1)n4ccnc4,CHEMBL2448736,5.52,
CO\N=C(\C)/CCC(=O)OC[C@@H]1O[C@@H](C=C[C@@H]1Oc2ccc(C)cc2)C#Cc3ccccc3,CHEMBL1408343,5.40,
CO\N=C(\Cc1c(F)cnc2ccc(OC)nc12)/C34CCC(CC3)(CO4)NCc5ccc6OCC(=O)Nc6n5,CHEMBL3752010,,5.60
CO\N=C\1/[C@H](O)[C@@H](Oc2ccc(OC)cc12)c3cccc(OC)c3,CHEMBL1594350,5.20,
COC(=O)[C@@]1(Cc2ccc(F)cc2)[C@@H]3[C@H](CN1C(=O)c4ccccc4)Cc5c3cc(C(=O)N(C)C)n5Cc6ccc(cc6)S(=O)(=O)C,CHEMBL1415180,6.10,
COC(=O)[C@@]1(Cc2ccc(F)cc2)[C@@H]3[C@H](CN1C(=O)c4ccccc4)Cc5c3cc(C(=O)N(C)C)n5Cc6ccc(Cl)c(c6)C(F)(F)F,CHEMBL1357982,5.70,
COC(=O)[C@@]1(Cc2ccc(F)cc2)[C@@H]3[C@H](CN1C(=O)c4ccccc4)Cc5c3cc(C(=O)N(C)C)n5Cc6ccc(O)c(OC)c6,CHEMBL1597410,6.00,
COC(=O)[C@@]1(Cc2ccc(F)cc2)[C@@H]3[C@H](CN1C(=O)c4ccccc4)Cc5c3cc(C(=O)N(C)C)n5Cc6ccc(OC)c(OC)c6,CHEMBL1332759,6.20,
COC(=O)[C@@]1(Cc2ccc(F)cc2)[C@@H]3[C@H](CN1C(=O)c4ccccc4)Cc5c3cc(C(=O)N(C)C)n5CCN6CCOCC6,CHEMBL1369008,6.00,
COC(=O)[C@@]1(Cc2ccc(F)cc2)[C@@H]3[C@H](CN1C(=O)c4ccccc4)Cc5c3cc(C(=O)N6CCCC6)n5Cc7ccc(nc7)C(F)(F)F,CHEMBL1359108,6.60,
COC(=O)[C@@]1(Cc2ccc(F)cc2)[C@@H]3[C@H](CN1C(=O)c4ccccc4)Cc5c3cc(C(=O)N6CCCC6)n5Cc7ccc(OC(F)(F)F)cc7,CHEMBL1479088,5.60,
COC(=O)[C@@]1(Cc2ccc(F)cc2)[C@@H]3[C@H](CN1C(=O)c4ccccc4)Cc5c3cc(C(=O)N6CCCC6)n5Cc7ccccc7,CHEMBL1605632,6.00,
COC(=O)[C@@]1(Cc2ccc(F)cc2)[C@@H]3[C@H](CN1C(=O)c4ccccc4)Cc5c3cc(C(=O)N6CCCC6)n5Cc7ccccn7,CHEMBL1521391,6.00,
COC(=O)[C@@]1(Cc2ccc(F)cc2)[C@@H]3[C@H](CN1C(=O)c4ccccc4)Cc5c3cc(C(=O)N6CCCC6)n5CCc7c[nH]c8ccccc78,CHEMBL1408422,6.00,
COC(=O)[C@@]1(Cc2ccc(F)cc2)[C@@H]3[C@H](CN1C(=O)c4ccccc4)Cc5c3cc(C(=O)N6CCCC6)n5CCN7CNCC7=O,CHEMBL1551122,5.70,
COC(=O)[C@@]1(Cc2ccc(F)cc2)[C@H]3[C@H](CC(=O)C(=O)N(C)C)C(=O)C=C3CN1C(=O)c4ccccc4,CHEMBL1320525,5.00,
COC(=O)[C@@]1(Cc2ccc(OC)cc2)[C@@H]3[C@H](CN1C(=O)c4ccccc4)Cc5c3cc(C(=O)N(C)C)n5C[C@H](O)CO,CHEMBL1328319,5.10,
COC(=O)[C@@]1(Cc2ccc(OC)cc2)[C@@H]3[C@H](CN1C(=O)c4ccccc4)Cc5c3cc(C(=O)N(C)C)n5Cc6c(O)c(C)cnc6CO,CHEMBL1411049,5.60,
COC(=O)[C@@]1(Cc2ccc(OC)cc2)[C@@H]3[C@H](CN1C(=O)c4ccccc4)Cc5c3cc(C(=O)N(C)C)n5Cc6cc(C)n(C)n6,CHEMBL1368965,5.80,
COC(=O)[C@@]1(Cc2ccc(OC)cc2)[C@@H]3[C@H](CN1C(=O)c4ccccc4)Cc5c3cc(C(=O)N(C)C)n5Cc6ccc(O)c(OC)c6,CHEMBL1397860,6.30,
COC(=O)[C@@]1(Cc2ccc(OC)cc2)[C@@H]3[C@H](CN1C(=O)c4ccccc4)Cc5c3cc(C(=O)N(C)C)n5CCc6c[nH]c7ccc(O)cc67,CHEMBL1602812,5.90,
COC(=O)[C@@]1(Cc2ccc(OC)cc2)[C@@H]3[C@H](CN1C(=O)c4ccccc4)Cc5c3cc(C(=O)N(C)C)n5CCc6ccc(O)c(OC)c6,CHEMBL1328979,5.30,
COC(=O)[C@@]1(Cc2ccc(OC)cc2)[C@@H]3[C@H](CN1C(=O)c4ccccc4)Cc5c3cc(C(=O)N(C)C)n5CCN6CNCC6=O,CHEMBL1358276,5.90,
COC(=O)[C@@]1(Cc2ccc(OC)cc2)[C@@H]3[C@H](CN1C(=O)c4ccccc4)Cc5c3cc(C(=O)N6CCCC6)n5Cc7cc(F)cc8COCOc78,CHEMBL1563507,5.60,
COC(=O)[C@@]1(Cc2ccc(OC)cc2)[C@@H]3[C@H](CN1C(=O)c4ccccc4)Cc5c3cc(C(=O)N6CCCC6)n5Cc7ccc(OC)c(OC)c7,CHEMBL1378237,5.90,
COC(=O)[C@@]1(Cc2ccc(OC)cc2)[C@@H]3[C@H](CN1C(=O)c4ccccc4)Cc5c3cc(C(=O)N6CCCC6)n5Cc7oc(C)cc7,CHEMBL1367222,5.50,
COC(=O)[C@@]1(Cc2ccc(OC)cc2)[C@@H]3[C@H](CN1C(=O)c4ccccc4)Cc5c3cc(C(=O)N6CCCC6)n5CCc7c[nH]c8cc(F)ccc78,CHEMBL1533232,5.90,
COC(=O)[C@@]1(Cc2ccc(OC)cc2)[C@@H]3[C@H](CN1C(=O)c4ccccc4)Cc5c3cc(C(=O)N6CCCC6)n5CCc7c[nH]c8ccc(OC)cc78,CHEMBL1399481,5.90,
COC(=O)[C@@]1(Cc2ccc(OC)cc2)[C@@H]3[C@H](CN1C(=O)c4ccccc4)Cc5c3cc(C(=O)N6CCCC6)n5CCc7c[nH]c8ccccc78,CHEMBL1607133,5.90,
COC(=O)[C@@]1(Cc2ccc(OC)cc2)[C@@H]3[C@H](CN1C(=O)c4ccccc4)Cc5c3cc(C(=O)N6CCCC6)n5CCc7ccc(O)c(OC)c7,CHEMBL1373610,5.70,
COC(=O)[C@@]1(Cc2ccc(OC)cc2)[C@@H]3[C@H](CN1C(=O)c4ccccc4)Cc5c3cc(C(=O)N6CCCC6)n5CCF,CHEMBL1490386,5.80,
COC(=O)[C@@]1(Cc2ccc(OC)cc2)[C@@H]3[C@H](CN1C(=O)c4ccccc4)Cc5c3cc(C(=O)N6CCCC6)n5CCN7CCOCC7,CHEMBL1451562,5.40,
COC(=O)[C@@]1(Cc2ccc(OC)cc2)[C@@H]3C(=CC(=O)C3=C)CN1C(=O)c4ccccc4,CHEMBL1524331,5.80,
COC(=O)[C@@]1(Cc2ccc(OC)cc2)[C@H]3[C@H](CC(=O)C(=O)N(C)C)C(=O)C=C3CN1C(=O)c4ccccc4,CHEMBL1410491,5.60,
COC(=O)[C@@]1(Cc2ccc(OC)cc2)[C@H]3[C@H](CC(=O)C(=O)N4CCCC4)C(=O)C=C3CN1C(=O)c5ccccc5,CHEMBL1330251,5.70,
COC(=O)[C@@]1(Cc2ccccc2)[C@@H]3[C@H](CN1C(=O)c4ccccc4)Cc5c3cc(C(=O)N(C)C)n5C[C@H](O)CO,CHEMBL1568080,5.50,
COC(=O)[C@@]1(Cc2ccccc2)[C@@H]3[C@H](CN1C(=O)c4ccccc4)Cc5c3cc(C(=O)N(C)C)n5Cc6cc(C)n(C)n6,CHEMBL1369822,6.00,
COC(=O)[C@@]1(Cc2ccccc2)[C@@H]3[C@H](CN1C(=O)c4ccccc4)Cc5c3cc(C(=O)N(C)C)n5Cc6ccccn6,CHEMBL1532016,6.00,
COC(=O)[C@@]1(Cc2ccccc2)[C@@H]3[C@H](CN1C(=O)c4ccccc4)Cc5c3cc(C(=O)N(C)C)n5CCF,CHEMBL1333445,5.60,
COC(=O)[C@@]1(Cc2ccccc2)[C@@H]3[C@H](CN1C(=O)c4ccccc4)Cc5c3cc(C(=O)N6CCCC6)n5Cc7ccc(cc7)S(=O)(=O)C,CHEMBL1555368,5.50,
COC(=O)[C@@]1(Cc2ccccc2)[C@@H]3[C@H](CN1C(=O)c4ccccc4)Cc5c3cc(C(=O)N6CCCC6)n5Cc7cccc8ccccc78,CHEMBL1332591,5.80,
COC(=O)[C@@]1(Cc2ccccc2)[C@@H]3[C@H](CN1C(=O)c4ccccc4)Cc5c3cc(C(=O)N6CCCC6)n5Cc7ccccc7,CHEMBL1363142,5.60,
COC(=O)[C@@]1(Cc2ccccc2)[C@@H]3[C@H](CN1C(=O)c4ccccc4)Cc5c3cc(C(=O)N6CCCC6)n5Cc7ccsc7Br,CHEMBL1365367,5.40,
COC(=O)[C@@H]1C[C@@]2(O)[C@H](O)[C@H](O)[C@H](O)C[C@H]2N1Cc3ccc(cc3)C(F)(F)F,CHEMBL1408265,4.70,
COC(=O)[C@@H]1C[C@@]2(O)[C@H](O)[C@H](O)[C@H](O)C[C@H]2N1Cc3ccc(cc3)N4CCN(C)CC4,CHEMBL1402313,4.50,
COC(=O)[C@@H]1C[C@@H]1COc2ccc3ncc(F)c(CCC45CCC(CC4)(CO5)NCc6ccc7OCC(=O)Nc7n6)c3n2,CHEMBL3605002,,6.22
COC(=O)[C@@H]1C[C@@H]2CC[C@@H](O)C[C@@H]2N1Cc3ccc(C)s3,CHEMBL1605381,4.60,
COC(=O)[C@@H]1C[C@@H]2CC[C@@H](O)C[C@@H]2N1Cc3ccc(cc3)C(F)(F)F,CHEMBL1375049,5.00,
COC(=O)[C@@H]1C[C@@H]2CC[C@@H](O)C[C@@H]2N1Cc3ccc(cc3)N4CCOCC4,CHEMBL1522030,5.40,
COC(=O)[C@@H]1C[C@H]1[C@@H](NC(=O)c2cc(C)on2)c3ccccc3,CHEMBL1598868,4.50,
COC(=O)[C@@H]1C[C@H]1[C@@H](NC(=O)Oc2ccc(F)cc2)c3ccccc3,CHEMBL1398587,4.90,
COC(=O)[C@@H]1C[C@H]1[C@@H](NP(=O)(c2ccccc2)c3ccccc3)c4ccccc4,CHEMBL1438566,6.00,
COC(=O)[C@@H]1C[C@H]1[C@@H](NS(=O)(=O)c2ccccc2)c3ccccc3,CHEMBL1408259,5.00,
COC(=O)[C@@H]1C[C@H]2CC[C@H](O)C[C@H]2N1Cc3ccc(cc3)c4ccccc4,CHEMBL1332998,4.90,
COC(=O)[C@@H]1CC[C@H](C)[C@H](N1C(=O)c2ccc(\C=N/O[C@@H](C)c3cn(nn3)[C@H](CO)Cc4ccccc4)cc2)c5ccc(C)cc5,CHEMBL1488873,5.50,
COC(=O)[C@@H]1CC[C@H](C)[C@H](N1C(=O)c2ccc(\C=N/O[C@@H](C)c3cn(nn3)[C@H]4COC[C@H]4O)cc2)c5ccc(C)cc5,CHEMBL1328490,5.50,
COC(=O)[C@@H]1CC[C@H](C)[C@H](N1C(=O)c2ccc(\C=N/O[C@@H](C)CN3CCCc4nc(C)c(C)cc34)cc2)c5ccc(C)cc5,CHEMBL1394855,5.40,
COC(=O)[C@@H]1CC[C@H](C)[C@H](N1C(=O)c2ccc(\C=N/O[C@@H](C)CN3CCCCc4nc(C)c(C)cc34)cc2)c5ccc(C)cc5,CHEMBL1394766,5.50,
COC(=O)[C@@H]1CC[C@H](C)[C@H](N1C(=O)c2ccc(\C=N/O[C@@H]3C=C[C@@H](CC=C)O[C@@H]3CO)cc2)c4ccc(C)cc4,CHEMBL1594077,5.40,
COC(=O)[C@@H]1CC[C@H](C)[C@H](N1C(=O)c2ccc(\C=N/OC[C@@H](O)COCc3occc3)cc2)c4ccc(C)cc4,CHEMBL1435288,5.90,
COC(=O)[C@]1(C)CC[C@@]2(C)CC[C@@]3(C)C4=CC=C5C(=C(O)C(=O)C=C5[C@@]4(C)CC[C@@]3(C)C2C1)C,CHEMBL1486063,4.50,
COC(=O)[C@H](Cc1ccccc1)NC(=O)[C@H]2C[C@@H]2[C@H](NC(=O)OCc3ccccc3)c4ccccc4,CHEMBL1417358,5.10,
COC(=O)[C@H](Cc1ccccc1)NC(=O)N2CCN(Cc3ccccc3)CC2,CHEMBL1383786,4.85,
COC(=O)[C@H]1[C@@H](O)CC[C@H]2CN3CCc4c([nH]c5ccccc45)[C@@H]3C[C@@H]12,CHEMBL1327758,4.60,
COC(=O)[C@H]1[C@H](C[C@@H]2CC[C@H]1N2C)OC(=O)c3ccccc3,CHEMBL370805,,5.14
COC(=O)[C@H]1C[C@@H]1[C@H](N)c2ccccc2,CHEMBL1396576,4.80,
COC(=O)[C@H]1C[C@@H]1[C@H](NP(=O)(c2ccccc2)c3ccccc3)c4ccccc4,CHEMBL1329227,5.60,
COC(=O)C(C)(C)C(c1ccc(Nc2ccc3ccccc3c2)cc1)n4ccnc4,CHEMBL1766005,5.10,
COC(=O)C(C1O[C@@]23COCCC2(C)C3c4ccccc14)C(=O)OC,CHEMBL1573756,5.50,
COC(=O)C(CC#C)(C(C[N+](=O)[O-])c1ccccc1)C(=O)OC,CHEMBL1404977,5.50,
COC(=O)C(CCSC)NC(=O)c1cccc(c1)[N+](=O)[O-],CHEMBL1492374,4.85,
COC(=O)C(NC(=O)c1ccc(Cl)cc1)(Nc2nc(C)cs2)C(F)(F)F,CHEMBL1741697,4.85,
COC(=O)C(O)(c1c(C)[nH]c2ccccc12)C(F)(F)F,CHEMBL1467227,4.65,
COC(=O)C(O)C1C(C)(C)C(=O)CC2O[C@@]34CC(=O)OC(c5cocc5)[C@]3(C)CCC(C4=C)[C@]12C,CHEMBL1561374,5.60,
COC(=O)C(OC(=O)C)C1C(C)(C)C(=O)CC2O[C@@]34CC(=O)OC(c5cocc5)[C@]3(C)CCC(C4=C)[C@@]12C,CHEMBL1439635,6.00,
COC(=O)C\C=C/[C@@H](C)[C@H](NS(=O)(=O)c1ccc(C)cc1)\C=N/O[C@@H](C)c2onc(c2)c3c(C)cc(C)cc3C,CHEMBL1356391,5.50,
COC(=O)C\C=C/[C@@H](C)[C@H](NS(=O)(=O)c1ccc(C)cc1)\C=N/OC[C@@H]2O[C@@H](C=C[C@@H]2Oc3ccc(OC)cc3)c4ccccc4,CHEMBL1553160,5.30,
COC(=O)C\C=C\C(C)C(OCc1cccc(c1)c2ccccc2)C3CCCCC3,CHEMBL1317237,5.40,
COC(=O)C1(C)NCC2=C(C(=O)C(C)C2=C1)c3ccccc3,CHEMBL1526486,5.00,
COC(=O)C1(C\C(=C/Cc2ccccc2C1C[N+](=O)[O-])\C=C)C(=O)OC,CHEMBL1512909,5.50,
COC(=O)C1(CC(C)C)NCC2=C(C(C)C)C(=O)C(C)C2=C1,CHEMBL1605426,4.70,
COC(=O)C1(Cc2ccccc2)NCC3=C(C(C)C)C(=O)C(C)C3=C1,CHEMBL1335471,5.10,
COC(=O)C1(CNC(=O)c2cc(Cl)cc(Cl)c2)CCN(Cc3cccc(c3)C(F)(F)F)CC1,CHEMBL1836251,,6.05
COC(=O)C1(CNC(=O)c2cc(OC)cc(OC)c2)CCN(CC3=Cc4ccccc4OC3(C)C)CC1,CHEMBL1836168,,5.89
COC(=O)C1(CNC(=O)c2cc(OC)cc(OC)c2)CCN(Cc3ccc(OC)cc3)CC1,CHEMBL1836164,,6.32
COC(=O)C1(CNC(=O)c2cc(OC)cc(OC)c2)CCN(Cc3cccc(c3)C(F)(F)F)CC1,CHEMBL1836166,,5.55
COC(=O)C1(COc2ccc3ncc(F)c(CCC45CCC(CC4)(CO5)NCc6ccc7OCC(=O)Nc7n6)c3n2)CC1,CHEMBL3605006,,5.80
COC(=O)c1[nH]c2cc(C)ccc2c1NC(=O)CN3CCCc4ccccc34,CHEMBL1458255,5.00,
COC(=O)c1[nH]c2cc(OC)ccc2c1NC(=O)c3nonc3C,CHEMBL1502684,5.15,
COC(=O)C1=C(C)N(Cc2ccccc2)[C@@]34O[C@@](C5C3C(=O)N(C)C5=O)(C(=O)OC)C(=O)N4C1c6ccccc6,CHEMBL2373557,5.50,
COC(=O)C1=C(C)N(Cc2ccccc2)[C@@]34O[C@@](C5CCCC(=O)C35)(C(=O)OC)C(=O)N4C1c6ccccc6,CHEMBL2373593,5.40,
COC(=O)C1=C(C)N(Cc2ccccc2)C3=C4C(CCOC4=O)[C@@](O)(C(=O)OC)C(=O)N3C1c5ccccc5,CHEMBL1362553,5.40,
COC(=O)C1=C(C)N=C2SC(C)C(=O)N2C1\C=C\c3ccccc3,CHEMBL1493411,4.90,
COC(=O)C1=C(C)NC(=C([C@@H]1C)C(=O)OCCSc2ccccc2)C,CHEMBL1590048,5.00,
COC(=O)C1=C(C)NC(=C(C1c2cccc(c2)[N+](=O)[O-])C(=O)OCCN(C)Cc3ccccc3)C,CHEMBL1484,6.38,
COC(=O)C1=C(C)NC(=C(C1c2ccccc2[N+](=O)[O-])C(=O)OCC(C)C)C,CHEMBL1726,,4.64
COC(=O)C1=C(C)OC(=C(C#N)C1C2CCCCC2)N,CHEMBL1303450,5.15,
COC(=O)C1=C(Cn2cccn2)NC(=C(C#N)C1c3ccc(F)cc3Cl)C,CHEMBL1215620,5.96,
COC(=O)C1=C2N(Cc3ccccc3)C(=C(C(N2C(=O)[C@@](O)(C1)C(=O)OC)c4ccccc4)C(=O)OC)C,CHEMBL1551415,5.40,
COC(=O)C1=CCC2CCC1N2C,CHEMBL412663,,5.05
COC(=O)c1c(C)c2Oc3c(Cl)c(OC(=O)C)c(Cl)c(C)c3C(=O)Oc2cc1OC,CHEMBL1590432,4.80,
COC(=O)c1c(C)cc(OC)cc1O,CHEMBL1595401,4.40,
COC(=O)C1C(CC2CCC1N2C)OC(=O)c3ccccc3,CHEMBL32363,,5.14
COC(=O)c1cc(NC(=O)\C=C\c2ccc3OCOc3c2)cc(c1)C(=O)OC,CHEMBL1529232,6.10,
COC(=O)c1cc(NC(=O)N2c3ccccc3Sc4ccccc24)cc(c1)C(=O)OC,CHEMBL1599585,5.10,
COC(=O)c1cc(NS(=O)(=O)c2ccc(N3CCCCC3)c(c2)[N+](=O)[O-])cc(c1)C(=O)OC,CHEMBL1389059,5.70,
COC(=O)c1cc(NS(=O)(=O)c2ccc(N3CCCCCC3)c(c2)[N+](=O)[O-])cc(c1)C(=O)OC,CHEMBL1605000,5.20,
COC(=O)c1cc(OC)c(OC)cc1NC(=O)CSc2ccccc2,CHEMBL1311520,4.80,
COC(=O)c1cc2c(ccn2c3ccc(F)cc3)n1C(C)C,CHEMBL1538879,4.60,
COC(=O)c1cc2c(cn1)[nH]c3ccccc23,CHEMBL453066,4.80,
COC(=O)c1ccc(\C=N/NC(=O)c2ccc(C)cc2Cl)cc1,CHEMBL3210612,5.45,
COC(=O)c1ccc(cc1)[C@@H]2CC[C@H](CC2)N3CC(C3)NC(=O)CNC(=O)c4cccc(c4)C(F)(F)F,CHEMBL1829614,,5.89
COC(=O)c1ccc(cc1)C(NC(=O)c2ccccc2)[C@]3(C)C[C@H]3C4CCCCC4,CHEMBL1593440,5.20,
COC(=O)c1ccc(cc1)C(NC(=O)OCc2ccccc2)\C(=C\[C@@H](C)C(=O)N(C)C)\c3cccnc3,CHEMBL1527413,5.30,
COC(=O)c1ccc(cc1)C(NC(=O)OCc2ccccc2)\C(=C\[C@@H](C)C(=O)N[C@@H](CO)Cc3ccccc3)\C,CHEMBL1444396,5.50,
COC(=O)c1ccc(cc1)C(NC(=O)OCc2ccccc2)\C(=C\[C@@H](C)C(=O)N[C@@H](CO)Cc3ccccc3)\c4cccnc4,CHEMBL1396986,6.00,
COC(=O)c1ccc(cc1)C(NC(=O)OCc2ccccc2)\C(=C\[C@@H](C)C(=O)Nc3ccccc3)\c4cccnc4,CHEMBL1535212,5.80,
COC(=O)c1ccc(cc1)C(NC(=O)OCc2ccccc2)\C(=C\[C@@H](C)C(=O)NC3CCCCC3)\c4cccnc4,CHEMBL1561561,5.90,
COC(=O)c1ccc(cc1)C(NC(=O)OCc2ccccc2)\C(=C\[C@@H](C)C(=O)NCc3cc(F)cc(F)c3)\F,CHEMBL1601895,5.40,
COC(=O)c1ccc(cc1)C(NC(=O)OCc2ccccc2)\C(=C\[C@@H](C)C(=O)NCc3ccc(cc3)c4ccccc4)\c5cccnc5,CHEMBL1363149,6.10,
COC(=O)c1ccc(cc1)C(NC(=O)OCc2ccccc2)\C(=C\[C@@H](C)C(=O)NCc3ccc(OC)c(OC)c3)\F,CHEMBL1338803,5.30,
COC(=O)c1ccc(cc1)C(NC(=O)OCc2ccccc2)\C(=C\[C@@H](C)C(=O)NCc3ccccc3)\c4cccnc4,CHEMBL1358120,5.40,
COC(=O)c1ccc(cc1)C(NC(=O)OCc2ccccc2)\C(=C\[C@@H](C)C(=O)NCc3ccncc3)\I,CHEMBL1517234,5.80,
COC(=O)c1ccc(cc1)C(NC(=O)OCc2ccccc2)\C(=C\[C@@H](C)C(=O)NCc3nc4ccccc4s3)\c5cccnc5,CHEMBL1417139,5.70,
COC(=O)c1ccc(cc1)C(NC(=O)OCc2ccccc2)\C(=C\[C@@H](C)C(=O)NCCc3c[nH]c4ccc(OC)cc34)\F,CHEMBL1473632,5.90,
COC(=O)c1ccc(cc1)C(NC(=O)OCc2ccccc2)\C(=C\[C@@H](C)C(=O)NCCF)\c3cccnc3,CHEMBL1437294,5.20,
COC(=O)c1ccc(cc1)C(NC(=O)OCc2ccccc2)\C=C\[C@@H](C)C(=O)N(C)C,CHEMBL1357164,5.00,
COC(=O)c1ccc(cc1)C23CC4(C2)[C@H](CN(C)[C@@H]4c5ccccc5)C3c6ccccc6,CHEMBL1452080,4.90,
COC(=O)c1ccc(cc1)n2cc(C3CCN(CCN4CCNC4=O)CC3)c5cc(Cl)ccc25,CHEMBL52999,,7.44
COC(=O)c1ccc(COc2ccc3cc(ccc3c2)C(C(C)N(C)C)n4ccnc4)cc1,CHEMBL178474,7.40,
COC(=O)c1ccc(CSc2nnc(NC(C)C)s2)cc1,CHEMBL1350835,4.65,
COC(=O)c1ccc(N2CCN(CC2)c3ccccc3)c(NC(=O)C4CC4)c1,CHEMBL1312104,4.60,
COC(=O)c1ccc(Oc2ccc(\C=C\3/SC(=O)NC3=O)cc2OC)c(c1)C(F)(F)F,CHEMBL1671969,5.01,
COC(=O)c1ccc(Oc2ccc(\C=C\3/SC(=O)NC3=O)cc2OC)c(Cl)c1,CHEMBL1671964,5.60,
COC(=O)c1ccc(OCC2N(CCc3cc(OC)c(OC)cc23)C(=O)C4CC4)cc1,CHEMBL1538146,4.75,
COC(=O)c1ccc(OCC2N(CCc3cc(OC)c(OC)cc23)C(=O)c4occc4)cc1,CHEMBL1412697,4.95,
COC(=O)c1cccc(c1)C(=O)N2CCC(CCN3C4CCC3CC(C4)n5c(C)nc6ccccc56)(CC2)c7ccccc7,CHEMBL1784472,,6.10
COC(=O)c1cccc(c1)C23CC4(C2)[C@H](CN(C)[C@@H]4c5ccccc5)C3c6ccc(cc6)C(F)(F)F,CHEMBL1360610,4.90,
COC(=O)c1cccc(c1)C23CC4(C2)[C@H](CN(Cc5ccc(cc5)c6ccccc6)[C@@H]4c7ccccc7)C3c8ccc(cc8)C(F)(F)F,CHEMBL1367960,4.70,
COC(=O)c1cccc(c1)C23CC4(C2)[C@H](CN(Cc5ccc(cc5)c6ccccc6)[C@@H]4c7ccccc7)C3c8ccccc8,CHEMBL1529256,4.80,
COC(=O)c1cccc(NC(=O)CCCOc2ccccc2)c1,CHEMBL1361984,4.90,
COC(=O)c1cnn(C(=O)c2cc(OC)ccc2Br)c1N,CHEMBL1407743,4.55,
COC(=O)c1nn(c2ccccc2)c(c3ccccc3)c1C(=O)c4ccccc4,CHEMBL1349613,4.85,
COC(=O)c1oc(CSc2nc3cc(Cl)ccc3s2)cc1,CHEMBL1558934,4.60,
COC(=O)c1scc(C)c1NC(=O)Cc2ccccc2,CHEMBL1524295,4.65,
COC(=O)c1sccc1n2cccc2C(=O)NCC=C,CHEMBL1331048,4.85,
COC(=O)c1sccc1NC(=O)c2cc(nc3ccccc23)c4cc(C)ccc4C,CHEMBL1389176,5.35,
COC(=O)CC(=C)C[C@]1(CC(=O)OC)CC2(CC=C(C)C)C(=O)C(=C(OC(=O)c3ccc(Br)cc3)C(CC=C(C)C)(C1)C2=O)C(=O)c4ccccc4,CHEMBL1317096,5.50,
COC(=O)CC1[C@@]2(C)C[C@@]34OC5(C)OC6(CC[C@@]7(C)C(OC(=O)C(C7[C@]6(O5)C(O)[C@@]3(O)C2O)C(=O)C)c8cocc8)[C@]14C,CHEMBL2374076,4.40,
COC(=O)CC1[C@@]2(C)C[C@@]34OC5(C)OC6(CC[C@]7(C)C(CC(=O)OC7c8cocc8)C6(O5)C(OC(=O)C)[C@]3(OC(=O)C)C2OC(=O)C)[C@]14C,CHEMBL2373655,4.70,
COC(=O)CC1C(C)(C)C(=O)C=CC1(C)C2CC[C@@]3(C)C(OC(=O)C4OC34C2=C)c5cocc5,CHEMBL1316858,5.60,
COC(=O)CC1C(C)(C)C(=O)C2CC3=C(CC[C@@]4(C)C(OC(=O)C=C34)c5cocc5)[C@@]1(C)C2=O,CHEMBL2373632,5.60,
COC(=O)CC1C(C)(C)C(O)C2CC3=C4C=C(OC)OC(c5cocc5)[C@]4(C)CCC3[C@@]1(C)C2=O,CHEMBL2112207,5.00,
COC(=O)CC1C(C)(C)C(OC(=O)C)[C@@]2(O)C=C3C(CC[C@]4(C)C3CC(=O)OC4c5cocc5)[C@@]1(C)C2=O,CHEMBL2374096,5.10,
COC(=O)CC1C(C)(C)C(OC(=O)C)C2CC3C(CC[C@]4(C)C3CC(=O)OC4c5cocc5)[C@@]1(C)C2=O,CHEMBL2373679,6.20,
COC(=O)CC1C(C)(C)C2(O)OC34CC2C(=O)[C@@]1(C)C3CC[C@@]5(C)C(OC(=O)C=C45)c6cocc6,CHEMBL1409536,5.50,
COC(=O)Cc1ccc(cc1)n2cc(C3CCN(CCN4CCNC4=O)CC3)c5cc(Cl)ccc25,CHEMBL415944,,6.88
COC(=O)Cc1ccc(CNC(=O)[C@@H]2CSCN2C(=O)CC(N)Cc3ccccc3F)cc1.OC(=O)C(F)(F)F,CHEMBL186482,,5.01
COC(=O)CCC(=O)NNC(=O)CCCOc1ccc(Cl)cc1Cl,CHEMBL1453438,4.80,
COC(=O)CCCN[C@@H](CN1C(=O)N(Cc2c(F)cccc2C(F)(F)F)C=C(C1=O)c3cccc(OC)c3F)c4ccccc4,CHEMBL455769,6.29,
COC(=O)CCCNC(=O)c1cn(C)c2c(CN3C[C@@H]4N(N(CC=C)CC(=O)N4[C@@H](Cc5ccc(O)cc5)C3=O)C(=O)NCc6ccccc6)cccc12,CHEMBL3702744,5.46,
COC(=O)Cn1c2C[C@H]3CN(C(=O)c4ccccc4)[C@](Cc5ccc(F)cc5)([C@H]3c2cc1C(=O)N6CCCC6)C(=O)OC,CHEMBL1401214,5.50,
COC(=O)CN1Cc2c(nc(C)c(CN)c2c3ccc(Cl)cc3Cl)C1=O,CHEMBL1910111,4.77,
COC(=O)CNC(=O)C1(C)C=CC2(CCCCC2)N1C(=O)C,CHEMBL1515835,4.60,
COC(=O)CNC(=O)C1(C)C=CCN1C(=O)c2ccccc2,CHEMBL1372768,4.40,
COC(=O)CNC(c1ccccc1Cl)c2cc(Br)ccc2NC(=O)CCN3CCOCC3,CHEMBL1562639,5.45,
COC(=O)COc1ccc(Cl)cc1C2Nc3ccccc3C(=O)N2c4ccc(OC)cc4,CHEMBL1578021,5.55,
COC(=O)COc1ccc(COc2ccc3cc(ccc3c2)C(C(C)N(C)C)n4ccnc4)cc1,CHEMBL362412,6.66,
COC(=O)CSC1=C(C#N)C(CC(=O)N1)c2cccc(F)c2,CHEMBL1430842,4.40,
COC(=O)CSc1ccc(C#N)c(SCC(=O)OC)c1,CHEMBL1319243,4.95,
COC(=O)N(Cc1ccc2OCC(=O)Nc2n1)C34CCC(CCc5c(F)cnc6ccc(OC)nc56)(CC3)OC4,CHEMBL3604804,,5.22
COC(=O)N(NC(=O)c1c(CC2CCN(CC2)C3CCOCC3)c(nc4ccccc14)c5ccccc5)c6ccccc6,CHEMBL221444,,5.10
COC(=O)N(NC(=O)c1c(CN2CCCCC2)c(nc3ccccc13)c4ccccc4)c5ccccc5,CHEMBL221077,,5.31
COC(=O)N(NC(=O)c1c(CN2CCN(C)CC2)c(nc3ccccc13)c4ccccc4)c5ccccc5,CHEMBL374438,,6.50
COC(=O)N(NC(=O)c1c(CN2CCNCC2)c(nc3ccccc13)c4ccccc4)c5ccccc5,CHEMBL221299,,6.08
COC(=O)N[C@@H](C(C)C)C(=O)N1CCC[C@H]1c2nc(Cl)c([nH]2)c3ccc(cc3)c4ccc(cc4)c5[nH]c(nc5Cl)[C@@H]6CCCN6C(=O)[C@@H](NC(=O)OC)C(C)C,CHEMBL2047188,4.86,
COC(=O)N[C@H](C(=O)N[C@@H](C[C@H](O)[C@H](Cc1ccccc1)NC(=O)[C@@H](N2CCN(Cc3cccc(n3)C(C)(C)O)C2=O)C(C)(C)C)Cc4ccc(cc4)c5ccccn5)C(C)(C)C,CHEMBL470508,7.18,
COC(=O)N[C@H](C(=O)N[C@H](C[C@H](O)[C@H](Cc1ccc(cc1)c2cncc(F)c2)NC(=O)[C@@H](NC(=O)OC)C(C)(C)C)Cc3ccccc3)C(C)(C)C,CHEMBL1835487,6.85,
COC(=O)N1[C@H](C)C=C[C@]1(Cc2ccccc2)C(=O)NCc3ccc(cc3)N(C)C,CHEMBL1575015,6.00,
COC(=O)N1[C@H](Cc2ccccc2)C=C[C@]1(C)C(=O)NCc3ccccn3,CHEMBL1529361,5.10,
COC(=O)N1CC(CC1C(=O)N2CCCN(CC2)C3CCC3)Oc4cccc(F)c4,CHEMBL1823049,,5.00
COC(=O)N1CC=CC1(C)C(=O)NCc2oc(C)cc2,CHEMBL1526121,4.80,
COC(=O)N1CCC(CN2C[C@@H]3[C@@H](CNC(=O)c4nc(C(C)C)n5ccccc45)[C@@H]3C2)CC1,CHEMBL3740669,4.27,
COC(=O)N1CCC[C@@]2(CCN(C2)c3ccccc3)C1,CHEMBL1551308,4.80,
COC(=O)N1CCC[C@@]2(CCN(C2)c3ccncc3)C1,CHEMBL1316464,5.40,
COC(=O)N1CCC2(CC1)CCN(CC2)c3ccccc3,CHEMBL1397221,4.50,
COC(=O)N1CCC2(CC1)CN(C2)c3ccccc3,CHEMBL1406936,4.70,
COC(=O)N1CCC2(CCCN(C2)c3ccncc3)CC1,CHEMBL1592812,5.10,
COC(=O)N1CCC2(CCCN(Cc3nccs3)C2)CC1,CHEMBL1435544,4.80,
COC(=O)N1CCC2(CCN(Cc3nccs3)CC2)CC1,CHEMBL1363411,4.50,
COC(=O)N1CCN(CC1)C2CCN(CC2)c3cc(C)c4nc([nH]c4c3)C5=C(NCCc6ncn(C)c6Cl)C=CNC5=O,CHEMBL1077343,6.16,
COC(=O)NC(C(C(=O)C)C(=O)OCC=C)c1ccc(Cl)cc1,CHEMBL1374799,5.90,
COC(=O)NC(C(C(=O)C)C(=O)OCC=C)c1ccc2ccccc2c1,CHEMBL1318765,6.00,
COC(=O)NC(C(C(=O)C)C(=O)OCC=C)c1ccccc1,CHEMBL1374903,5.40,
COC(=O)NC(c1cccc(C)c1)[C@@]2(CCOC2=O)C(=O)C,CHEMBL1483716,7.50,
COC(=O)NC1=CN(Cc2c(Cl)cccc2Cl)C(=O)C=C1,CHEMBL1467606,4.90,
COC(=O)Nc1cc(nc(n1)n2nc(C)cc2C)c3cncc(OC)c3,CHEMBL519549,4.80,
COC(c1ccc(Cl)cc1)(c2ccc3N(C)C(=O)C=C(c4ccccc4)c3c2)c5cncn5C,CHEMBL1097772,5.63,
COC(CN1CCN(CCc2ccc(C#N)c(OC)c2)CC1)c3ccc4C(=O)OCc4c3C,CHEMBL3612800,,5.05
COC[C@@]12CNCC[C@@]1(C2)c3ccc(Cl)c(Cl)c3,CHEMBL1173532,5.00,
COC[C@@H](Oc1cc(C[C@@H]2C[S+]([O-])C[C@H](NCc3cc(ccc3F)C(C)(C)C)[C@H]2O)cc(F)c1N)C(F)(F)F,CHEMBL2425600,7.00,
COC[C@@H](Oc1cc(C[C@@H]2C[S+]([O-])C[C@H](NCc3cccc(c3)C(C)(C)C)[C@H]2O)cc(F)c1N)C(F)(F)F,CHEMBL2425612,6.70,
COC[C@@H](Oc1cc(C[C@@H]2C[S+]([O-])C[C@H](NCc3cnn(CC(C)(C)C)c3)[C@H]2O)cc(F)c1N)C(F)(F)F,CHEMBL2425605,5.44,
COC[C@H](C)Oc1cc(Oc2ccc(cc2)C(=O)N3CCC3)cc(c1)C(=O)Nc4cnc(C)cn4,CHEMBL3219120,,4.75
COC[C@H](C)Oc1cc(Oc2ccc(cc2)S(=O)(=O)C)cc(c1)C(=O)Nc3nc(C)ns3,CHEMBL3217923,,5.13
COC[C@H](NC(=O)N(C)Cc1csc(n1)C(C)C)C(=O)N[C@H](CC[C@H](Cc2ccccc2)NC(=O)OCc3cncs3)Cc4ccccc4,CHEMBL3115171,6.82,
COC[C@H](Oc1ncnc2c1cnn2c3ccccc3Cl)C(=O)Nc4ccc(C)cn4,CHEMBL3221482,,4.30
COC[C@H]1OC(=O)c2coc3C(=O)C4=C([C@@H](C[C@@]5(C)[C@@H]4CCC5=O)OC(=O)C)[C@]1(C)c23,CHEMBL1418590,5.10,
COC1(CCCCC1)C#CC2OC(COC(=O)C)C(OC(=O)C)C=C2,CHEMBL1557007,5.40,
COC1\C=C/O[C@@]2(C)Oc3c(C)c(O)c4c(O)c(NC(=O)\C(=C/C=C\C(C)C(O)[C@@H](C)C(O)C(C)[C@@H](OC(=O)C)C1C)\C)c5c(nc6cc(C)ccn56)c4c3C2=O,CHEMBL1327624,5.10,
COC1=C(Oc2cc(O[C@@H]3OC(CO)C(O)C(O)C3O)c(OC)c(O)c2C1=O)c4ccc(OC)c(O)c4,CHEMBL1367976,4.60,
COC1=C(Oc2cc(OC)cc(OC)c2C1=O)c3ccc(OC)c(OC)c3,CHEMBL19032,5.90,
COC1=CC(=O)C(=CC1=O)C(=O)c2ccccc2,CHEMBL1434057,5.00,
COC1=CC(=O)C[C@@H](C)[C@]12Oc3c(Cl)c(OC)cc(OC)c3C2=O,CHEMBL562,4.80,
COC1=CC(=O)OC(CCc2ccc3OCOc3c2)C1,CHEMBL1510786,5.70,
COC1=CC=C2C(=CC1=O)[C@H](CCc3cc(OC)c(OC)c(OC)c23)NC(=O)C,CHEMBL107,5.60,
COc1c(C)cc(nc1C)C2(N=C(N)c3c(F)cccc23)c4cccc(c4)c5cncnc5,CHEMBL2177917,,5.42
COc1c(cc(cc1C(C)(C)C)C(=O)N2CCN([C@@H](C)C2)C(=O)CCCCC(c3ccc(F)cc3)c4ccc(F)cc4)C(C)(C)C,CHEMBL2031973,,6.05
COc1c(cc(cc1C(C)(C)C)C(=O)NCC2CCN(C2)C(=O)CCCCC(c3ccc(F)cc3)c4ccc(F)cc4)C(C)(C)C,CHEMBL2031977,,5.72
COc1c(ccc2C(=O)C(=CN(C3CC3)c12)C(=O)O)N4CC[C@H](C4)[C@H](C)N,CHEMBL230704,,4.21
COc1c(CCc2ccc(NS(=O)(=O)C)cc2)cc(cc1C(C)(C)C)C3=CC=CNC3=O,CHEMBL2431456,6.47,
COc1c(CCN2CCN(CC2)C(=O)Cc3ccc(cc3)n4cnnn4)ccc5C(=O)OCc15,CHEMBL2441422,,4.40
COc1c(F)c(ccc1n2cnc(C)c2)c3cn(nn3)[C@H]4CCc5c(F)cccc5N(CC(F)(F)F)C4=O,CHEMBL3608387,,5.48
COc1c(F)cccc1CC(N2CCNCC2)c3ccccc3,CHEMBL1086273,,4.68
COC1C(OC(=O)C(C)C)[C@]2(C)C(OC(=O)\C(=C(/OC)\C(C)C)\C2[C@@]34OC5(C)OC67CC(C)(C(CC(=O)OC)[C@]6(C)[C@@]13O5)C(OC(=O)C)[C@@]7(OC)C4OC)c8cocc8,CHEMBL1356780,5.60,
COC1C[C@@H](O[C@H]2C(C)C(OC3OC(C)CC(C3O)N(C)C)C(C)C[C@]4(CO4)C(=O)C(C)C(O)C(C)C(C)OC(=O)C2C)OC(C)[C@@H]1O.OP(=O)(O)O,CHEMBL1514661,5.20,
COc1c2C(=O)C=C(C)Oc2cc3occc13,CHEMBL45176,5.50,
COc1c2C=CC(C)(C)Oc2cc3OC=C(C(=O)c13)c4ccc5OCOc5c4,CHEMBL1403041,5.60,
COc1c2OC(=O)C=Cc2c(OC)c3ccoc13,CHEMBL140796,5.70,
COc1cc(\C=C\2/CCCN([C@@H](C)c3ccc(F)cc3)C2=O)ccc1n4cnc(C)c4,CHEMBL1224151,,5.92
COc1cc(\C=C\2/SC(=O)NC2=O)ccc1Oc3ccccc3C(F)(F)F,CHEMBL1671972,5.72,
COc1cc(\C=C\C(=C\C(=O)\C=C\c2ccc(O)c(OC)c2)\O)ccc1O,CHEMBL116438,4.60,
COc1cc(\C=C\C(=O)CC(=O)\C=C\c2ccc(O)c(OC)c2)ccc1O,CHEMBL140,4.80,
COc1cc(\C=C\C(=O)N2CCC=CC2=O)cc(OC)c1OC,CHEMBL465843,7.30,
COc1cc(\C=C\C2=Nc3sc4CCCc4c3C(=O)N2)ccc1n5cnc(C)c5,CHEMBL1642183,,5.33
COc1cc(\C=C\c2nc(N)c3c(oc4ccccc34)n2)ccc1n5cnc(C)c5,CHEMBL1642189,,6.29
COc1cc(\C=C\c2nc(N)c3c4CCCCCc4sc3n2)ccc1n5cnc(C)c5,CHEMBL1642191,,6.41
COc1cc(\C=C\c2nc(NCc3ccccc3)c4c5CCCc5sc4n2)ccc1n6cnc(C)c6,CHEMBL1642190,,5.95
COc1cc(\C=N/Nc2ccc(cc2)[N+](=O)[O-])ccc1OCC(=O)Nc3ccc(C)c(C)c3,CHEMBL1995904,5.40,
COc1cc(\C=N\NC(=O)c2cccnc2)ccc1OC(=O)c3ccc4OCOc4c3,CHEMBL3214600,5.90,
COc1cc(\C=N\Nc2snc(SC)c2C#N)cc(OC)c1OC,CHEMBL3190830,5.10,
COc1cc(C#N)c2C=CC(=O)N(CCN3CCC(CC3)NCc4cnc(C)c(c4)C#N)c2c1,CHEMBL3286436,,5.60
COc1cc(C(=O)NCCC(C)C)c(cc1OC)[N+](=O)[O-],CHEMBL1518589,4.80,
COc1cc(c(O)cc1C(C)(C)C)C(C)(C)C,CHEMBL1600347,4.90,
COc1cc(C)c2C(=O)C=C(Oc2c1)c3ccccc3,CHEMBL1591080,4.90,
COc1cc(C)c2C(=O)Oc3c(C)c(O)c4C(=O)OC(O)c4c3Oc2c1C=O,CHEMBL173530,4.90,
COc1cc(C)c2nc3[nH]nc(C)c3c(C(O)c4ccnc(F)c4)c2c1,CHEMBL1949939,5.38,
COc1cc(C)c2ncc(F)c(CCC34CCC(CC3)(CO4)NCc5ccc6OCC(=O)Nc6n5)c2n1,CHEMBL3422953,,8.54
COc1cc(C)nc(Nc2cc(N[C@@H]3CCCC[C@@H]3N)cnc2C(=O)N)c1,CHEMBL3415593,,5.77
COc1cc(C[C@@H](CO)[C@H](CO)Cc2ccc(O)c(OC)c2)ccc1O,CHEMBL368347,4.33,
COc1cc(C[C@@H]2[C@@H](Cc3ccc4OCOc4c3)COC2=O)cc(OC)c1OC,CHEMBL471067,6.75,
COc1cc(CC(C)N2CCN(CCc3ccc4C(=O)OCc4c3C)CC2)ccc1C#N,CHEMBL3612802,,5.89
COc1cc(cc(OC)c1O)[C@H]2[C@H]3[C@@H](COC3=O)[C@H](O[C@@H]4O[C@H]5CO[C@@H](C)O[C@@H]5[C@@H](O)[C@H]4O)c6cc7OCOc7cc26,CHEMBL1324854,4.60,
COc1cc(cc(OC)c1O)C2C3C(COC3=O)C(OC4OC5COC(C)O[C@@H]5C(O)C4O)c6cc7OCOc7cc26,CHEMBL1337881,4.40,
COc1cc(cc(OC)c1OC)[C@H]2[C@@H]3[C@H](COC3=O)[C@@H](O)c4cc5OCOc5cc24,CHEMBL61,5.70,
COc1cc(cc(OC)c1OC)C(=O)Nc2cc(ccc2Cl)C(F)(F)F,CHEMBL1418130,4.80,
COc1cc(cc(OC)c1OC)C(=O)OCC(=O)Nc2cc(C)on2,CHEMBL1511209,4.80,
COc1cc(cc(OC)c1OC)C2C(=C(N)Oc3cc(O)ccc23)C#N,CHEMBL1403937,5.35,
COc1cc(cc(OC)c1OC)c2nnc(SC\C=C\c3ccccc3)n2N,CHEMBL1734210,4.50,
COc1cc(cc(OC)c1OC)c2oc(SCC(=O)Nc3ccc4OCCOc4c3)nn2,CHEMBL1299867,5.05,
COc1cc(cc(OC)c1OC)c2oc(SCC3(OCCO3)c4ccc(Br)cc4)nn2,CHEMBL1425640,4.90,
COc1cc(cc(OC)c1OC)c2oc(SCC3(OCCO3)c4ccccc4)nn2,CHEMBL1503625,5.35,
COc1cc(CC=C)c(OC)c2OCOc12,CHEMBL1560118,5.10,
COc1cc(CC=C)ccc1O,CHEMBL42710,5.40,
COc1cc(ccc1c2nc3c(N[C@@H]4[C@@H]5C[C@@H](C=C5)[C@@H]4C(=O)N)c(Cl)cnc3[nH]2)N6CCC(CC6)N7CCOCC7,CHEMBL3218856,4.85,
COc1cc(ccc1c2nc3c(N[C@@H]4[C@@H]5C[C@@H](C=C5)[C@@H]4C(=O)N)c(Cl)cnc3[nH]2)N6CCOCC6,CHEMBL3218854,5.27,
COc1cc(ccc1Cl)N2CCN(CC2)C(=O)Cn3nc(c(Cl)c3C)C(F)(F)F,CHEMBL2322875,,4.80
COc1cc(ccc1CN2CCC(CC2)NC(=O)C3=CC(=O)c4ccc(F)cc4O3)C(=O)NCCN5CCCC5,CHEMBL246259,,5.18
COc1cc(ccc1n2cnc(C)c2)c3cn(CC(=O)N(C4CCCCC4)C5CCCCC5)nn3,CHEMBL2017417,,5.86
COc1cc(ccc1n2cnc(C)c2)c3cn(CC(=O)N(CC(F)(F)F)c4ccc5CCCc5c4)nn3,CHEMBL2017564,,5.83
COc1cc(ccc1n2cnc(C)c2)c3cn(CC(=O)N(CC(F)(F)F)c4ccc5ccccc5c4)nn3,CHEMBL2017566,,6.20
COc1cc(ccc1n2cnc(C)c2)c3cn(CC(=O)N4CCC(CC4)c5oc6ccccc6n5)nn3,CHEMBL2017562,,4.99
COc1cc(ccc1n2cnc(C)c2)c3cn(Cc4ccc(F)cc4)nn3,CHEMBL1818823,,5.66
COc1cc(ccc1n2cnc(C)c2)c3cn(nn3)[C@H]4C[C@H](C)c5ccccc5N(CC(F)(F)F)C4=O,CHEMBL3609633,,5.18
COc1cc(ccc1n2cnc(C)c2)c3cn(nn3)[C@H]4C[C@H](CN(CC(F)(F)F)C4=O)C(F)(F)F,CHEMBL2017583,,4.88
COc1cc(ccc1n2cnc(C)c2)c3cn(nn3)C4(C)CCc5ccccc5N(CC(F)(F)F)C4=O,CHEMBL3608322,,5.22
COc1cc(ccc1n2cnc(C)c2)c3cn(nn3)C4CC[C@H]5CCCC[C@@H]5NC4=O,CHEMBL2017573,,4.68
COc1cc(ccc1n2cnc(C)c2)c3cn(nn3)C4CCc5c(F)cccc5N(CC(F)(F)F)C4=O,CHEMBL3609637,,4.89
COc1cc(ccc1n2cnc(C)c2)c3cn(nn3)C4CCc5ccccc5N(CC(F)F)C4=O,CHEMBL3609625,,5.05
COc1cc(ccc1n2cnc(C)c2)c3cn(nn3)C4CCc5ccccc5N(CC6CC6)C4=O,CHEMBL3609627,,5.80
COc1cc(ccc1n2cnc(C)c2)c3cn(nn3)C4CCc5ccccc5N(Cc6ccncc6)C4=O,CHEMBL3609630,,5.21
COc1cc(ccc1n2cnc(C)c2)c3cn(nn3)C4CCc5ccccc5N(CCF)C4=O,CHEMBL3609624,,5.49
COc1cc(ccc1n2cnc(C)c2)c3cn(nn3)C4CCc5ccccc5NC4=O,CHEMBL3609622,,4.75
COc1cc(ccc1n2cnc(C)c2)c3cn(nn3)C4CSc5ccccc5N(CC(F)(F)F)C4=O,CHEMBL3609634,,5.32
COc1cc(ccc1n2cnc(C)c2)c3nc4[C@@H](OCCn4n3)c5ccccc5C(F)(F)F,CHEMBL2415098,5.96,
COc1cc(ccc1Nc2ncc(Cl)c(n2)c3cnc4ccccn34)N5CC6COCC(C5)N6,CHEMBL1809060,,5.00
COc1cc(ccc1Nc2ncc(Cl)c(n2)c3cnc4ccccn34)N5CCN(CC5)C(=O)[C@H](C)N,CHEMBL1809074,,5.03
COc1cc(ccc1Nc2ncc(Cl)c(n2)c3cnc4ccccn34)N5CCN(CC5)C(=O)CN,CHEMBL1809072,,4.80
COc1cc(ccc1Nc2ncc(Cl)c(n2)c3cnc4ccccn34)N5CCN(CCO)CC5,CHEMBL1809062,,5.43
COc1cc(ccc1O)[C@@H]2Oc3cc(CCCO)ccc3O[C@H]2CO,CHEMBL1668115,4.27,
COc1cc(ccc1O)C2=C(O)C(=O)c3ccc(O)cc3O2,CHEMBL509256,5.00,
COc1cc(ccc1O)c2nc3ccccn3c2\N=C\c4ccccc4,CHEMBL3189225,5.15,
COc1cc(ccc1OC(C)C)C2N(Cc3occc3)C(=O)CN(C4CCCC4)C2=O,CHEMBL1404295,5.05,
COc1cc(ccc1OCC(=O)Nc2ccccc2C)C3C(=C(N)Oc4c3ccc5ccccc45)C#N,CHEMBL1607837,5.65,
COc1cc(ccc1OCc2cccc(F)c2)C3C(=C(N)N(Nc4ccccc4)C5=C3C(=O)CC(C)(C)C5)C#N,CHEMBL1481348,5.60,
COc1cc(ccc1OCCN2CCCC2)N3C=CN=C(NCCc4ccccc4)C3=O,CHEMBL470633,,5.21
COc1cc(ccc1OCCN2CCCC2)N3C=Nn4cc(cc4C3=O)c5ccc(Cl)cc5,CHEMBL3618324,,5.26
COc1cc(ccn1)[C@@H]2CC[C@H](CC2)N3CC(C3)NC(=O)CNC(=O)c4cccc(c4)C(F)(F)F,CHEMBL1829621,,5.21
COc1cc(ccn1)C2=NC(C(=C(C)N2)C(=O)Nc3cc4cn[nH]c4cc3F)c5ccc(Cl)cc5F,CHEMBL485612,5.28,
COc1cc(ccn1)c2cc3sc(nc3cn2)N4CCC(CC4)N5CCCCC5,CHEMBL575022,,6.01
COc1cc(ccn1)c2cnc3nc(sc3c2)N4CCC(CC4)N5CCCCC5,CHEMBL573034,,6.69
COc1cc(CCN2CCN(CC(F)c3ccc4C(=O)OCc4c3C)CC2)ccc1C#N,CHEMBL3612798,,5.62
COc1cc(CCN2CCN(CC(O)c3ccc4C(=O)OCc4c3C)CC2)ccc1C#N,CHEMBL3612799,,5.05
COc1cc(CN2CCOCC2)ccc1Nc3ncc(Cl)c(n3)c4cnc5ccccn45,CHEMBL1809054,,5.00
COc1cc(CNC(=O)CC2(C)CC3(CCCCC3)OO2)cc(OC)c1,CHEMBL579199,5.77,
COc1cc(CNCC2CCN(CCCCCC(c3ccc(F)cc3)c4ccc(F)cc4)C2)cc(OC)c1OC,CHEMBL2031983,,7.40
COc1cc(F)ccc1c2cccc(CNC3CCCC3)n2,CHEMBL1779005,,5.21
COc1cc(F)ccc1c2cncc(CNC(=O)c3ccccc3)c2,CHEMBL1779014,,4.73
COc1cc(F)ccc1c2cncc(CNC3CCCC3)c2,CHEMBL1779003,,5.72
COc1cc(F)ccc1c2cncc(CNC3CCCCC3)c2,CHEMBL1779007,,5.66
COc1cc(N(C)CCN(C)C)c(NC(=O)C=C)cc1Nc2ncc(Cl)c(n2)c3cnn4ccccc34,CHEMBL3353404,,5.17
COc1cc(N)c(Cl)cc1C(=O)CCC2CCN(CCNS(=O)(=O)C)CC2,CHEMBL83899,4.80,
COc1cc(N)c(Cl)cc1C(=O)NC2CCN(Cc3ccccc3)CC2.OC(=O)\C=C/C(=O)O,CHEMBL1599248,4.90,
COc1cc(N[C@@H](C)CCCN)c2ncccc2c1,CHEMBL249843,4.90,
COc1cc(N2CCN(C)CC2)c(NC(=O)C=C)cc1Nc3ncc(Cl)c(n3)c4cnn5ccccc45,CHEMBL2426277,,5.15
COc1cc(NC(=O)C[C@@]2(C)C[C@@H]([C@H](N([C@H](CS(=O)(=O)C(C)(C)C)C3CC3)C2=O)c4ccc(Cl)c(F)c4)c5cccc(Cl)c5)ccc1C(=O)O,CHEMBL3407575,9.48,
COc1cc(NC(=O)c2ccc(COCC(F)(F)F)cc2)cc(OC)c1OC,CHEMBL1449724,4.65,
COc1cc(NC(=O)c2ccccc2)c(OC)cc1NC(=O)CN3CCN(CC3)c4ccccn4,CHEMBL1491137,4.90,
COc1cc(NC(=O)c2ccccc2F)ccc1c3oc(NCCCN4CCOCC4)nn3,CHEMBL2023926,,4.80
COc1cc(nc(C)c1C#N)C(O)CN2CCN(C[C@H](O)c3ccc4C(=O)OCc4c3C)CC2,CHEMBL3612925,,4.80
COc1cc(Nc2cc(ccn2)c3cccc(c3)C#N)ccc1N4CCN(C)CC4,CHEMBL2312142,,5.89
COc1cc(ncn1)N2C(=O)N(C(=O)C23CCN(Cc4ncccc4C)CC3)c5ccc(cc5)c6ccc(cc6)C(=O)N,CHEMBL2041177,,6.19
COc1cc(ncn1)N2C(=O)N(C(=O)C23CCN(Cc4ncccc4C)CC3)c5ccc(cc5)c6ccc(cc6)C(=O)N(C)C,CHEMBL2041179,,5.05
COc1cc(ncn1)N2C(=O)N(C(=O)C23CCN(Cc4ncccc4C)CC3)c5ccc(cc5)c6ccc(cc6C)C(=O)O,CHEMBL2043325,,4.89
COc1cc(ncn1)N2C(=O)N(C(=O)C23CCN(Cc4ncccc4C)CC3)c5ccc(cc5)c6ccc(cc6F)C(=O)O,CHEMBL2043324,,4.27
COc1cc(ncn1)N2C(=O)N(C(=O)C23CCN(Cc4ncccc4C)CC3)c5ccc(cc5)c6ccc(s6)C(=O)O,CHEMBL2041010,,4.92
COc1cc(ncn1)N2C(=O)N(C(=O)C23CCN(Cc4ncccc4C)CC3)c5ccc(cc5)c6ccc7[nH]ncc7c6,CHEMBL2041173,,5.33
COc1cc(ncn1)N2C(=O)N(C(=O)C23CCN(Cc4ncccc4C)CC3)c5ccc(cc5)c6cccc(c6)C(=O)O,CHEMBL2043169,,5.16
COc1cc(ncn1)N2C(=O)N(C(=O)C23CCN(Cc4ncccc4C)CC3)c5ccc(cc5)c6csc(c6)C(=O)O,CHEMBL2041164,,5.10
COc1cc(ncn1)N2C(=O)N(C(=O)C23CCN(Cc4ncccc4C)CC3)c5ccc(nc5)c6ccc(cc6)C(=O)O,CHEMBL2041180,,4.34
COc1cc(O)c2C(=O)C(=C(Oc2c1)c3ccc(O)c(O)c3)O,CHEMBL312163,4.40,
COc1cc(O)cc(OC)c1OC,CHEMBL1319047,4.50,
COc1cc(O)oc1\C=N\c2ccc(Cl)cc2,CHEMBL3213185,4.80,
COc1cc(OC)c(Cl)c(NC(=O)N(C)c2cc(Nc3ccc(CCCN(C)C)cc3)ncn2)c1Cl,CHEMBL1834660,6.00,
COc1cc(OC)c(NC(=Nc2cccc(c2)C(=O)C)S)cc1Cl,CHEMBL1450373,5.30,
COc1cc(OC)c2C(=O)c3c(OC)cc(OC)cc3C(=O)c2c1,CHEMBL1596088,5.45,
COc1cc(OC)c2C=CC(=O)Oc2c1,CHEMBL481049,4.50,
COc1cc(OC)c2cc(cnc2c1)c3ccncc3,CHEMBL68423,6.50,
COc1cc(OC2CCN(CC2)C(=O)C)ccc1Nc3ncc(Cl)c(n3)c4cnc5ccccn45,CHEMBL1809049,,5.00
COc1cc2C(=O)OCc2cc1CCN3CCN(CC3)C(=O)Cc4ccc(cc4)n5cnnn5,CHEMBL2441425,,5.25
COc1cc2c(C(=O)N3CCN(C)CC3)c(C)n(c4ccccc4)c2cc1Br,CHEMBL1460680,5.95,
COc1cc2C(C(N(C)C(=O)c2cc1OC)c3cccnc3)C(=O)Nc4ccc5OCCOc5c4,CHEMBL1387502,4.55,
COc1cc2c(C[C@@H]3N(C)CCc4cc(OC)c(O)c2c34)cc1O,CHEMBL462880,4.70,
COc1cc2c(CC\C(=N/N3CCN(C)CC3)\C2(C)C)cc1Nc4ncc(Cl)c(Nc5ccccc5S(=O)(=O)C(C)C)n4,CHEMBL3785774,,4.62
COc1cc2c(CCNC(=O)C)c[nH]c2cc1Cl,CHEMBL34730,4.80,
COc1cc2c(NC3CCCCC3)c(cnc2cc1c4c(C)onc4C)C(=O)N,CHEMBL2017277,5.22,
COc1cc2c(Nc3ccccc3C(=O)c4ccccn4)c(cnc2cc1c5c(C)onc5C)C(=O)N,CHEMBL2017276,5.51,
COc1cc2c(Nc3ccccc3N4CCOCC4)c(cnc2cc1c5c(C)onc5C)C(=O)N,CHEMBL2017279,5.82,
COc1cc2c3N(C(=O)Nc3cnc2cc1c4c(C)onc4C)c5ccccc5C(C)(C)C,CHEMBL2017283,5.77,
COc1cc2CC(=O)N([C@@H](c3ccc(Cl)cc3)c2cc1OC(C)C)c4ccc(cc4)N(C)C[C@@H]5CC[C@H](CC5)N6CCNC(=O)C6,CHEMBL3601397,4.95,4.80
COc1cc2CC(=O)N([C@@H](c3ccc(Cl)cc3)c2cc1OC(C)C)c4ccc(nc4)N(C)C[C@@H]5CC[C@H](CC5)N6CN(C)C(=O)C6,CHEMBL3601400,4.88,
COc1cc2CC(=O)NN=C(c3ccc(N)cc3)c2cc1OC,CHEMBL279218,4.90,
COc1cc2Cc3cc(OC)c(OC)cc3Cc4cc(OC)c(OC)cc4Cc2cc1OC,CHEMBL1416784,4.90,
COc1cc2cc3N(C)CCc4cc(OC)c(OC)c(c2cc1OC)c34,CHEMBL1412163,5.40,
COc1cc2ccc(cc2cc1OC)C(O)(C(C)C)c3c[nH]cn3,CHEMBL3264604,5.80,
COc1cc2ccc(cc2cc1OC)C(O)(C(C)C)c3c[nH]nn3,CHEMBL3264597,4.24,
COc1cc2ccc(cc2cc1OC)C(O)(C(C)C)c3ccncn3,CHEMBL3264603,4.75,
COc1cc2ccc(cc2cc1OC)C(O)(C(C)C)c3cncs3,CHEMBL3264599,6.11,
COc1cc2ccc(cc2cc1OC)C(O)(C(C)C)c3nc[nH]n3,CHEMBL3264598,4.00,
COc1cc2CCN(C(=O)Nc3cc(F)cc(c3)c4cccnc4)c2cc1C(F)(F)F,CHEMBL14276,5.60,
COc1cc2CCN(C)[C@H](Cc3ccc(O)c(Oc4ccc(C[C@H]5N(C)CCc6cc(OC)c(OC)cc56)cc4)c3)c2cc1O,CHEMBL2216904,,5.02
COc1cc2CCN(C)[C@H](Cc3ccc(Oc4cc(C[C@H]5N(C)CCc6cc(OC)c(OC)cc56)ccc4O)cc3)c2cc1OC,CHEMBL442717,,4.80
COc1cc2CCN(C)[C@H]3Cc4cc(OC)c(OC)cc4c(c1O)c23,CHEMBL1397308,5.10,
COc1cc2CCN(Cc2cc1OC)C(=Nc3ccccc3)S,CHEMBL1379706,4.90,
COc1cc2CCN=C(CCN)c2cc1OC,CHEMBL1374028,5.40,
COc1cc2CCN3Cc4c(C[C@@H]3c2cc1O)ccc(OC)c4O,CHEMBL1395394,4.90,
COc1cc2CCN3Cc4c(CC3c2cc1OC)ccc(OC)c4OC,CHEMBL187892,4.50,
COc1cc2N(C)C(=O)CCc2cc1c3cccnc3,CHEMBL2165315,4.05,
COc1cc2N=C(N3CCC[C@@H](N)C3)N(Cc4ccccc4C#N)C(=O)c2cc1OC,CHEMBL227089,6.30,
COC1CC2N3CC(O)C2(C=C1)c4cc5OCOc5cc4C3,CHEMBL1551610,4.40,
COc1cc2nc(nc(N)c2cc1OC)N3CCN([C@@H](C3)C(=O)NC(C)(C)C)C(=O)OCc4ccccc4,CHEMBL19476,5.40,
COc1cc2nc(nc(N)c2cc1OC)N3CCN(CC3)C(=O)[C@@H]4COc5ccccc5O4.CS(=O)(=O)O,CHEMBL1553700,5.30,
COc1cc2nc(nc(N)c2cc1OC)N3CCN(CC3)C(=O)C4CCCO4,CHEMBL611,,4.75
COc1cc2nc(nc(N)c2cc1OC)N3CCN(CC3)C(=O)C4COc5ccccc5O4,CHEMBL707,,5.66
COc1cc2nccc(CCC34CCC(CC3)(CO4)NCc5ccc6OCC(=O)Nc6n5)c2nc1OC,CHEMBL3422964,,8.85
COc1cc2nccc(Oc3ccc4c(cccc4c3)C(=O)Nc5cccnc5)c2cc1OC,CHEMBL406388,5.70,
COc1cc2ncnc(Nc3cccc(Cl)c3)c2cc1OC,CHEMBL7917,5.50,
COc1cc2nnc(C(=O)N)c(Nc3ccc(C)cc3F)c2cc1C4CCN(CC4)C(C)C,CHEMBL2409409,,4.96
COc1cc2nnc(C(=O)N)c(Nc3ccc(C)cc3F)c2cc1N4CCC(CC4)N(C)C,CHEMBL2409400,,4.68
COc1cc2nnc(C(=O)N)c(Nc3ccc(C)cc3F)c2cc1N4CCS(=O)(=O)CC4,CHEMBL2409405,,4.80
COc1cc2OC[C@H]3Oc4c5C=CC(C)(C)Oc5ccc4C(=O)[C@H]3c2cc1OC,CHEMBL393417,4.80,
COc1cc2OCC3=C(C(=O)c4c(O)cc(O)cc4O3)c2cc1OC,CHEMBL1475166,5.00,
COc1cc2OCC3Oc4c5C=CC(C)(C)Oc5ccc4C(=O)C3c2cc1OC,CHEMBL1592086,4.50,
COc1ccc(\C=C/2\SC(=NC2=O)N\N=C\3/CC4CCC3(C)C4(C)C)cc1,CHEMBL3194024,4.90,
COc1ccc(\C=C/C)cc1,CHEMBL1468832,4.90,
COc1ccc(\C=C/c2cc(OC)cc(OC)c2)c(OC)c1,CHEMBL221300,4.80,
COc1ccc(\C=C\2/NC(=S)N(CC3CCCO3)C2=O)c(OC)c1,CHEMBL1424424,5.55,
COc1ccc(\C=C\C(=O)c2ccc(OC)cc2O)cc1,CHEMBL229907,5.50,
COc1ccc(\C=C\C2=CC3(C)CC2(C)C(CC3=O)c4ccc(OC)cc4)cc1,CHEMBL1314641,5.30,
COc1ccc(\C=C\c2ccncc2)cc1,CHEMBL67212,5.80,
COc1ccc(\C=C\N(CCc2ccc(OC)c(OC)c2)C(=O)C)cc1,CHEMBL1593321,5.70,
COc1ccc(\C=N\n2cnc3c4cc(Br)ccc4nc3c2O)cc1CN5CCOCC5,CHEMBL3213672,5.30,
COc1ccc(\C=N\OCc2nc3c4C(c5ccccc5)c6c(Oc4ncn3n2)ccc7ccccc67)cc1,CHEMBL3213001,4.40,
COc1ccc(Br)cc1c2csc(Nc3ccc(c(OC)c3)n4cnc(C)c4)n2,CHEMBL1915566,5.66,
COc1ccc(Br)cc1CCc2c(Cl)cccc2C3=NCCN3,CHEMBL205912,,6.08
COc1ccc(C(=O)c2ccc(cc2)N(C)C)c(OC)c1,CHEMBL1450653,4.90,
COc1ccc(C)cc1N,CHEMBL398755,4.50,
COc1ccc(C)cc1NC(=O)CSc2nnc(c3ccc(OC)c(OC)c3)n2N,CHEMBL1306727,5.10,
COc1ccc(C)cc1NC2=C(Cl)C(=O)N(C3CCCCC3)C2=O,CHEMBL1340383,4.85,
COc1ccc(C[C@H](N)C(=O)N[C@H]2[C@@H](CO)O[C@H]([C@H]2O)n3cnc4c(ncnc34)N(C)C)cc1,CHEMBL1330459,5.30,
COc1ccc(C2N3CCCC3C(=O)N2c4ccccn4)c(OC)c1,CHEMBL1722356,4.65,
COc1ccc(CC(=N)NOC(=O)Cc2ccc(OC)cc2)cc1,CHEMBL1584092,5.00,
COc1ccc(CC(=O)NC(=S)Nc2ccc(cc2)S(=O)(=O)NC(C)(C)C)cc1,CHEMBL1393246,5.20,
COc1ccc(CC(=O)NC(NC(=Nc2cc(ccc2OC)[N+](=O)[O-])S)C(Cl)(Cl)Cl)cc1OC,CHEMBL1415331,5.80,
COc1ccc(CC(=O)Nc2cccc(c2)\C(=N\NC(=O)c3cccc(c3)[N+](=O)[O-])\C)cc1,CHEMBL3193830,5.70,
COc1ccc(CC(=O)Nc2cccc(c2)c3oc(nn3)c4occc4)cc1,CHEMBL1312936,5.70,
COc1ccc(CC(=O)NCc2ccccc2c3ccccc3C(=O)NCCc4cccnc4)cc1,CHEMBL1671897,,5.00
COc1ccc(CC(C)(C)NCC(O)COc2ccccc2C#N)cc1,CHEMBL504479,,5.46
COc1ccc(cc1)[C@@H](C)N[C@@H]2CC[C@@H](C(=O)N3CCC(CC3)(c4ccccc4)c5ccc(OC)nc5)C(C)(C)C2,CHEMBL171377,,6.28
COc1ccc(cc1)[C@@H](C)N[C@@H]2CC[C@@H](C(=O)N3CCC(CC3)(c4ccccc4)c5cccnc5)C(C)(C)C2,CHEMBL559045,,5.02
COc1ccc(cc1)[C@@H](O)C[C@@H]2N(C)CCc3cc(OC)c(OC)cc23,CHEMBL196983,,6.10
COc1ccc(cc1)[C@H](C)NC(=O)COc2cc(c3c(nn(C)c3n2)c4ccccc4)C(F)(F)F,CHEMBL3634013,5.10,
COc1ccc(cc1)[C@H]2CN(CCC3(O)CCOCC3)C[C@@H]2CC(=O)Nc4cccc(Cl)c4,CHEMBL1760248,,5.08
COc1ccc(cc1)[C@H]2CN(CCc3ccc(OC)c(OC)c3)C[C@@H]2CC(=O)Nc4cccc(Cl)c4,CHEMBL1760234,,7.18
COc1ccc(cc1)[C@H]2CN(CCc3ccc(OC)c(OC)c3)C[C@@H]2CC(=O)NCc4cccc(Cl)c4,CHEMBL1760236,,7.47
COc1ccc(cc1)[C@H]2CN(CCC3CCS(=O)(=O)CC3)C[C@@H]2CC(=O)Nc4cccc(Cl)c4,CHEMBL1760247,,6.54
COc1ccc(cc1)[C@H]2CN(CCCc3ccc(OC)c(OC)c3)C[C@@H]2CNC(=O)c4cccc(Cl)c4,CHEMBL1760223,,6.70
COc1ccc(cc1)[C@H]2CN(CCCN(C)S(=O)(=O)C)C[C@@H]2CC(=O)Nc3cccc(Cl)c3,CHEMBL1760249,,5.34
COc1ccc(cc1)\N=C/2\S\C(=C/c3ccc(C)s3)\C(=O)N2CC(C)C,CHEMBL3207937,5.30,
COc1ccc(cc1)C#CC2OC(COC(=O)C)C(OC(=O)C)C=C2,CHEMBL1354725,5.60,
COc1ccc(cc1)C(=O)\C=C(\C)/N(C)C,CHEMBL1320242,5.30,
COc1ccc(cc1)C(=O)\C=C\2/N(C)C(C)(C)Cc3ccccc23,CHEMBL1366635,5.15,
COc1ccc(cc1)C(=O)CC(=O)c2c(O)cc(OC)cc2OC,CHEMBL1516514,5.40,
COc1ccc(cc1)C(=O)N2CCC[C@@]3(CCN(C3)C(=O)Nc4ccccc4)C2,CHEMBL1515280,4.80,
COc1ccc(cc1)C(=O)N2CCC[C@@]3(CCN(Cc4ccc(cc4)C#N)C3)C2,CHEMBL1361758,5.00,
COc1ccc(cc1)C(=O)N2CCC[C@@]3(CCN(Cc4nccs4)C3)C2,CHEMBL1317853,5.10,
COc1ccc(cc1)C(=O)N2CCC3(CCCN(C3)c4ncccn4)CC2,CHEMBL1434789,4.40,
COc1ccc(cc1)C(=O)N2CCC3(CCCN(Cc4ccccc4)C3)CC2,CHEMBL1482880,4.50,
COc1ccc(cc1)C(=O)N2CCC3(CCCN(Cc4ccncc4)C3)CC2,CHEMBL1334652,5.10,
COc1ccc(cc1)C(=O)N2CCC3(CCCN(Cc4nccs4)C3)CC2,CHEMBL1456714,5.10,
COc1ccc(cc1)C(=O)N2CCC3(CCN(CC3)C(c4ccccc4)c5ccccc5)CC2,CHEMBL1611999,5.50,
COc1ccc(cc1)C(=O)N2CCC3(CCN(Cc4ccncc4)CC3)CC2,CHEMBL1403280,4.80,
COc1ccc(cc1)C(=O)Nc2ccc(Cl)cc2C(=O)NCCN3CCOCC3,CHEMBL1517335,4.85,
COc1ccc(cc1)C(=O)Nc2scc(c3ccc(Cl)cc3Cl)c2C(=O)N,CHEMBL1407667,4.55,
COc1ccc(cc1)C(=O)NCc2ccc(cc2)c3nc4ccccc4s3,CHEMBL1569891,5.60,
COc1ccc(cc1)C(=O)NCS(=O)(=O)c2ccc(C)cc2,CHEMBL1418358,4.85,
COc1ccc(cc1)C(=O)NNC(=O)CSc2nnc(COc3ccc4ccccc4c3)n2C,CHEMBL560832,6.30,
COc1ccc(cc1)C(N(C(=O)c2sc(C)nc2C)c3ccc(cc3)C(=O)C)C(=O)NC4CCCCC4,CHEMBL1414913,4.60,
COc1ccc(cc1)C(N(C(=O)c2snc(c2N)c3ccc(F)cc3)c4ccc(F)cc4)C(=O)NC5CCCC5,CHEMBL1362324,4.90,
COc1ccc(cc1)C(N(C(=O)CCCC(=O)Nc2ccccn2)c3ccc4OCCOc4c3)C(=O)NC5CCCCC5,CHEMBL1350243,5.90,
COc1ccc(cc1)C2(N=C(C)C(=N2)N)c3cccc(c3)c4cccnc4,CHEMBL2180026,,4.72
COc1ccc(cc1)C2(N=C(N)c3c(F)cccc23)c4cccc(c4)c5cncnc5,CHEMBL2177916,,6.30
COc1ccc(cc1)C2=C(O)C(=O)c3ccc(OC)cc3O2,CHEMBL74913,4.90,
COc1ccc(cc1)C2=C(O)c3c(OC2=O)cc4OC(C)(C)C=Cc4c3OC,CHEMBL400777,5.20,
COc1ccc(cc1)C2=C(O)c3c(OC2=O)cc4OC(C)(C)CCc4c3OC,CHEMBL1438224,4.60,
COc1ccc(cc1)C2=CC(=O)c3c(OC)c(OC)c(OC)c(OC)c3O2,CHEMBL73930,4.90,
COc1ccc(cc1)C2=COc3c(OC)c(OC)cc(O)c3C2=O,CHEMBL1488728,4.40,
COc1ccc(cc1)C2=COc3cc(O)cc(O)c3C2=O,CHEMBL131921,4.70,
COc1ccc(cc1)C2=COc3cc(OC)cc(OC)c3C2=O,CHEMBL13097,4.70,
COc1ccc(cc1)C2=Nc3cnc(nc3N(C[C@H]4CCCO4)C2=O)N(C)C,CHEMBL1612620,5.20,
COc1ccc(cc1)C2=Nc3cnc(nc3N(C4CC4)C2=O)N5CCNCC5,CHEMBL1593219,5.00,
COc1ccc(cc1)C2=Nc3cnc(nc3N(Cc4ccc(F)cc4)C2=O)N5CCN(C)CC5,CHEMBL1552957,4.60,
COc1ccc(cc1)C2=Nc3cnc(nc3N(Cc4ccc(F)cc4)C2=O)N5CCNCC5,CHEMBL1437164,4.80,
COc1ccc(cc1)C2=Nc3cnc(nc3N(Cc4cccc(OC)c4)C2=O)N5CCNCC5,CHEMBL1317451,4.80,
COc1ccc(cc1)C2=Nc3cnc(nc3N(CCC#N)C2=O)N4CCN(C)CC4,CHEMBL1592560,4.40,
COc1ccc(cc1)C2=Nc3cnc(nc3N(CCc4ccccc4)C2=O)N5CCNCC5,CHEMBL1354693,4.70,
COc1ccc(cc1)C2=Nc3cnc(Nc4cccc(OC)c4)nc3N(CCC#N)C2=O,CHEMBL1321887,5.40,
COc1ccc(cc1)C2=Nc3cnc(Nc4ccccc4)nc3N(C[C@H]5CCCO5)C2=O,CHEMBL1482155,4.90,
COc1ccc(cc1)C2=Nc3cnc(OC)nc3N(C)C2=O,CHEMBL1457390,4.60,
COc1ccc(cc1)C2=Nc3cnc(OC)nc3N(Cc4ccc(F)cc4)C2=O,CHEMBL1492215,5.50,
COc1ccc(cc1)C2=Nc3cnc(OC)nc3N(Cc4cccc(OC)c4)C2=O,CHEMBL1474056,5.60,
COc1ccc(cc1)C2=Nc3cnc(OC)nc3N(Cc4cccs4)C2=O,CHEMBL1487191,5.40,
COc1ccc(cc1)C2=Nc3cnc(Oc4cccc(Cl)c4)nc3N(C5CC5)C2=O,CHEMBL1566428,5.00,
COc1ccc(cc1)C2=Nc3cncnc3N(C2=O)c4ccccc4,CHEMBL1474211,4.70,
COc1ccc(cc1)C2=NOC(C2)C(=O)NC(C)(C)C,CHEMBL1391723,5.40,
COc1ccc(cc1)C2C(C(=O)N3CCN(C)CC3)c4ccccc4C(=O)N2C5CCCCC5,CHEMBL1741988,5.30,
COc1ccc(cc1)C2CC(=O)c3ccc(OC)cc3O2,CHEMBL229908,4.70,
COc1ccc(cc1)C2CC(=O)CC(=O)C2n3cncn3,CHEMBL1725964,5.65,
COc1ccc(cc1)c2cc(n3nc(cc3n2)C(=O)N4CCCCC4)C(F)(F)F,CHEMBL1471467,4.85,
COc1ccc(cc1)c2ccc3c(CCC3(O)c4ccncc4)c2,CHEMBL498643,5.48,
COc1ccc(cc1)c2csc(n2)n3ncc(c3N)c4cccs4,CHEMBL1349783,5.05,
COc1ccc(cc1)C2N(CC3COc4ccccc4O3)C(=O)CN(C5CCCCC5)C2=O,CHEMBL1718203,5.40,
COc1ccc(cc1)C2N(CCCn3ccnc3)C(=O)C(=C2C(=O)C)O,CHEMBL1365504,4.90,
COc1ccc(cc1)C2N(CCN3CCOCC3)C(=O)C(=C2C(=O)c4ccc5OC(C)Cc5c4)O,CHEMBL1432729,4.55,
COc1ccc(cc1)C2NC(=O)c3sc4nc(C)c(C(=O)C)c(c5ccc(Cl)cc5)c4c3N2,CHEMBL1329895,5.65,
COc1ccc(cc1)c2nc(sc2c3ccc(OC)cc3)C(=O)N4CCN(C)CC4,CHEMBL275809,5.10,
COc1ccc(cc1)c2nn(cc2\C=N\NC(=O)c3ccc4OCOc4c3)c5ccccc5,CHEMBL3208065,5.30,
COc1ccc(cc1)c2nnc(SCCCN3CCc4ccc(cc4CC3)c5cc(C)on5)n2C,CHEMBL242600,,7.40
COc1ccc(cc1)c2noc(n2)N(C)CC(=O)Nc3cccc(c3)C(F)(F)F,CHEMBL1529948,4.90,
COc1ccc(cc1)c2oc(C)c(COc3cccc(CN(CC(=O)O)C(=O)Oc4ccc(C)cc4)c3)n2,CHEMBL1090189,,5.07
COc1ccc(cc1)c2oc(nn2)C(=O)N3CC(C3)Oc4ccc(CN(C)C)c(F)c4,CHEMBL3787170,,4.82
COc1ccc(cc1)c2oc(nn2)C(=O)N3CC(C3)Oc4ccc(CN5CCCOCC5)cc4,CHEMBL3787028,,4.60
COc1ccc(cc1)c2oc(nn2)C(=O)N3CCC(CC3)Oc4ccc(CN5CCC(O)C5)cc4,CHEMBL3787642,,4.62
COc1ccc(cc1)c2oc(nn2)C(=O)N3CCC(CC3)Oc4ccc(CN5CCN(C)CC5)cc4,CHEMBL3785118,,4.82
COc1ccc(cc1)c2onc(CCCC(=O)NCCc3ccc(OC)cc3OC)c2,CHEMBL1414719,5.95,
COc1ccc(cc1)N(Cc2cnccc2C)C3CCN(CC3)[C@H](C)CCNC(=O)c4c(C)cc(Cl)nc4C,CHEMBL1926893,,6.60
COc1ccc(cc1)N2[C@@H]([C@H](Cc3ccc(OCCc4nc(oc4C)c5ccccc5)cc3)C2=O)C(=O)O,CHEMBL411118,4.48,4.27
COc1ccc(cc1)N2C(=C(Cc3ccccc3)C(=O)N=C2SC)O,CHEMBL1542385,4.65,
COc1ccc(cc1)N2C(=O)C(=Nc3cnc(nc23)N(C)C)CCc4ccccc4,CHEMBL1610995,5.50,
COc1ccc(cc1)N2C(=O)C(=Nc3cnc(nc23)N4CCNCC4)CCc5ccccc5,CHEMBL1591674,4.60,
COc1ccc(cc1)N2C(=O)C(=Nc3cnc(Nc4cccc(OC)c4)nc23)c5cccs5,CHEMBL1553808,5.80,
COc1ccc(cc1)N2C(=O)C(=Nc3cnc(OC)nc23)c4ccc(F)cc4,CHEMBL1314225,4.80,
COc1ccc(cc1)N2C(=O)C(=Nc3cnc(OC)nc23)c4cccs4,CHEMBL1317314,5.10,
COc1ccc(cc1)N2C(=O)C(=Nc3cnc(Oc4cccc(Cl)c4)nc23)C,CHEMBL1354864,5.50,
COc1ccc(cc1)N2C(=O)C=Nc3cnc(Nc4ccccc4)nc23,CHEMBL1473965,6.70,
COc1ccc(cc1)N2C(=O)C=Nc3cnc(Oc4cccc(Cl)c4)nc23,CHEMBL1395054,5.00,
COc1ccc(cc1)N2C(=S)SC(=C2N)C(=O)NCc3occc3,CHEMBL1425687,4.60,
COc1ccc(cc1)N2CCN(CC2)C(CNC(=O)C3CCCCC3)c4cccnc4,CHEMBL1575007,5.35,
COc1ccc(cc1)N2CCN(CC2)c3nc(Nc4ccc(F)cc4)nc(OC)n3,CHEMBL1741851,5.50,
COc1ccc(cc1)N2CCN(CC2)c3oc(Cc4ccccc4)nc3C#N,CHEMBL1404945,5.15,
COc1ccc(cc1)n2nnnc2SCC(=O)Nc3ccccc3,CHEMBL1501882,4.85,
COc1ccc(cc1)S(=O)(=O)N2CC3C4CC(C=C4)C3C2,CHEMBL1461827,4.85,
COc1ccc(cc1)S(=O)(=O)N2Cc3ccccc3CC2C(=O)Nc4nccs4,CHEMBL1471962,5.45,
COc1ccc(cc1)S(=O)(=O)N2CC3CCCN3c4ccc(cc24)C(F)(F)F,CHEMBL1561151,6.00,
COc1ccc(cc1)S(=O)(=O)N2CCC(CC2)NC(=O)Nc3ccc(C)cc3,CHEMBL1443281,5.05,
COc1ccc(cc1)S(=O)(=O)NCCC(=O)NC(C)c2ccccc2,CHEMBL1573306,4.65,
COc1ccc(cc1[N+](=O)[O-])C(=O)NC(=S)Nc2cccc(Cl)c2N3CCOCC3,CHEMBL1532941,5.40,
COc1ccc(cc1[N+](=O)[O-])C(=O)Nc2ccccc2,CHEMBL1325964,4.80,
COc1ccc(cc1C(=O)NCc2cccnc2)C(=O)NCc3cccnc3,CHEMBL1257015,5.50,
COc1ccc(cc1C)S(=O)(=O)N2CCC(CC2)C(=O)NCC3CCCO3,CHEMBL1703180,4.80,
COc1ccc(cc1Cl)C(=O)NC2(CCN(CC2)c3cc(N)ccn3)c4ccccc4,CHEMBL492330,,6.47
COc1ccc(cc1Cl)C(=O)Nc2ccc(Cl)cn2,CHEMBL1597569,4.55,
COc1ccc(cc1Cl)N2N=C(C(=O)NCC(=O)Nc3ccccn3)c4ccccc4C2=O,CHEMBL1387238,5.40,
COc1ccc(cc1COc2ccc(Br)cc2)C(=O)NN,CHEMBL1311531,5.90,
COc1ccc(cc1F)c2ccc3c(CCCC3(O)c4ccncc4)c2,CHEMBL496263,4.82,
COc1ccc(cc1N\C=C/c2nnnn2c3ccccc3)C(F)(F)F,CHEMBL1378653,4.50,
COc1ccc(cc1NC2CCN(C)CC2)S(=O)(=O)n3cc(C)c4cc(F)ccc34,CHEMBL2179216,,6.02
COc1ccc(cc1NC2CCN(C)CC2)S(=O)(=O)Nc3cc(Cl)cc(Cl)c3OC,CHEMBL1210648,5.07,
COc1ccc(cc1Nc2ncc(Cl)c(n2)c3cnc4ccccn34)N5CCOCC5,CHEMBL1809078,,5.29
COc1ccc(cc1OC)C(=O)C2=C(O)C(=O)N(Cc3cccnc3)C2c4occc4,CHEMBL1492815,4.85,
COc1ccc(cc1OC)C(=O)N\C(=C\c2cccs2)\C(=O)NCCCn3ccnc3,CHEMBL1707407,5.80,
COc1ccc(cc1OC)C(=O)N\N=C/2\SCC(=O)N2Cc3ccc4OCOc4c3,CHEMBL3213468,5.95,
COc1ccc(cc1OC)C(=O)Nc2ccc(F)cc2F,CHEMBL1335686,4.60,
COc1ccc(cc1OC)C(=O)NCc2cccc(c2)C(=O)Nc3ccc4CCN(C)Cc4c3,CHEMBL599791,5.77,
COc1ccc(cc1OC)C(=O)NNC(=O)Cc2ccc(cc2)c3ccccc3,CHEMBL1713512,5.20,
COc1ccc(cc1OC)C(N(C(=O)CNC(=O)c2cccs2)c3ccc(cc3)C(C)C)C(=O)NC(C)(C)C,CHEMBL1383848,5.70,
COc1ccc(cc1OC)C2(CNC(=O)\C=C\c3occc3)CCCC2,CHEMBL1534259,5.45,
COc1ccc(cc1OC)C2=C(O)C(=O)c3cc(C)ccc3O2,CHEMBL243250,5.40,
COc1ccc(cc1OC)C2=C(O)C(=O)c3ccccc3O2,CHEMBL77098,4.70,
COc1ccc(cc1OC)C2=CC(=O)c3ccccc3O2,CHEMBL91153,5.10,
COc1ccc(cc1OC)c2cc([nH]n2)c3cc(F)ccc3O,CHEMBL1300301,4.70,
COc1ccc(cc1OC)c2csc(NC(=O)CCN3C=Nc4ccccc4C3=O)n2,CHEMBL1372708,4.95,
COc1ccc(cc1OC)C2N(C(=O)C(=C2C(=O)c3ccc(OC)c(OC)c3)O)c4cc(C)on4,CHEMBL1606003,4.65,
COc1ccc(cc1OC)C2N(Cc3ccccc3)C(=O)CN(C4CCCCCC4)C2=O,CHEMBL1741849,5.35,
COc1ccc(cc1OC)c2nnn(CC(=O)NCCc3c[nH]c4ccccc34)n2,CHEMBL1735424,5.05,
COc1ccc(cc1OC)c2sc(\N=C\c3ccc(cc3)N(C)CCC#N)c(C#N)c2C,CHEMBL1928092,4.48,
COc1ccc(cc1OC)N2C(=O)NC3CC2(C)Oc4ccccc34,CHEMBL1380667,4.65,
COc1ccc(Cc2nc3cc(ccc3[nH]2)S(=O)(=O)N4CCOCC4)cc1OC,CHEMBL1347362,4.90,
COc1ccc(Cc2nccc3cc(OC)c(OC)cc23)cc1OC,CHEMBL19224,5.60,5.14
COc1ccc(Cc2nnc(O)c3ccccc23)cc1OC,CHEMBL68230,4.65,
COc1ccc(Cc2oc3CCc4cc(ccc4C(=O)c3n2)c5ccnc(C)c5)cc1,CHEMBL3769445,6.52,
COc1ccc(CCN(C)CCC[C@](C#N)(C(C)C)c2cc(OC)c(OC)c(OC)c2)cc1OC,CHEMBL1401296,5.70,
COc1ccc(CCN(C)CCOc2ccc(NS(=O)(=O)C)cc2N)cc1OC,CHEMBL353985,,6.00
COc1ccc(CCN2[C@@H](CN(NS(=O)(=O)C)C2=O)c3ccc(OC)cc3)cc1,CHEMBL569185,4.43,4.82
COc1ccc(CCN2[C@H](CN(NS(=O)(=O)CF)C2=O)c3ccc(OC)cc3)cc1,CHEMBL571039,,4.55
COc1ccc(CCN2C(=N)C(=CC3=C2N=C4C=CC=CN4C3=O)C(=O)NCc5occc5)cc1,CHEMBL1543205,4.85,
COc1ccc(CCNC(=O)c2ccc3C(=O)N(Cc4occc4)C(=S)Nc3c2)cc1OC,CHEMBL1547055,6.20,
COc1ccc(CCNC(=O)C2CCN(CC2)S(=O)(=O)N3CC(C)CC(C)C3)cc1OC,CHEMBL1363345,5.15,
COc1ccc(CCNC(=O)c2nnc(O)c3ccccc23)cc1,CHEMBL1726157,5.15,
COc1ccc(CCNC(=O)Cc2cc(OC)c(OC)cc2[N+](=O)[O-])cc1OC,CHEMBL1328726,6.60,
COc1ccc(CCNC(=O)COc2ccc(cc2Cl)S(=O)(=O)NC3CCCCC3)cc1,CHEMBL1549118,5.15,
COc1ccc(CCNC[C@H](O)c2ccc(O)cc2)cc1OC,CHEMBL493682,4.60,
COc1ccc(CCNCCCNC(=O)c2ccc(cc2)[N+](=O)[O-])cc1OC,CHEMBL184461,,6.38
COc1ccc(Cl)c(c1)S(=O)(=O)Nc2ccc(cc2)c3cnc4c(C)n[nH]c4n3,CHEMBL3092467,4.57,
COc1ccc(Cl)cc1N=Nc2ncc[nH]2,CHEMBL1435053,5.00,
COc1ccc(Cl)cc1NC(=O)C23CCC(C)(C(=O)O2)C3(C)C,CHEMBL1561209,4.80,
COc1ccc(CN(C)C)c(Oc2ccc(Cl)c(Cl)c2)c1,CHEMBL455423,,6.63
COc1ccc(cn1)[C@@]2(O)CC[C@H](CC2)N3CC(C3)NC(=O)CNc4n[nH]c5ccc(cc45)C(F)(F)F,CHEMBL2092884,,4.50
COc1ccc(cn1)[C@@H]2CC[C@@H](CC2)N3CC(C3)NC(=O)CNc4n[nH]c5ccc(cc45)C(F)(F)F,CHEMBL1834634,,5.60
COc1ccc(cn1)C2=NC(C(=C(C)N2)C(=O)Nc3ccc4[nH]ncc4c3)c5ccc(Cl)cc5F,CHEMBL483574,5.60,
COc1ccc(cn1)c2cc3sc(nc3cn2)N4CCC(CC4)N5CCCCC5,CHEMBL575483,,5.95
COc1ccc(cn1)c2nnc([nH]2)C3CCN(Cc4ccc(cc4)c5nc6C=CNC(=O)c6cc5c7ccccc7)CC3,CHEMBL446966,,5.91
COc1ccc(Cn2c(nc3ccccc23)C4CCCN(C4)C(C)C)cc1,CHEMBL1095364,,5.58
COc1ccc(Cn2c(nc3ccccc23)N4CCC(CC4)N(C)C)cc1,CHEMBL558468,,6.80
COc1ccc(Cn2c(nc3ccccc23)N4CCC(CC4)N(C)CC5CCOCC5)cc1,CHEMBL558663,,6.99
COc1ccc(Cn2c(nc3ccccc23)N4CCC(CC4)NCC5CCOCC5)cc1,CHEMBL563055,,5.84
COc1ccc(CN2CCC(CC2)NC(=O)C3=CC(=O)c4ccc(F)cc4O3)c(F)c1,CHEMBL387309,,7.83
COc1ccc(CN2CCC(CNC(=O)c3cc(CC(C)C)n(n3)c4ccccc4)(CC2)C#N)cc1,CHEMBL1836257,,5.49
COc1ccc(CN2CCC(CNC(=O)c3cc(OC)cc(OC)c3)(CC2)C#N)cc1,CHEMBL1836148,,5.49
COc1ccc(CN2CCN(CC2)c3ccc(NC(=O)c4cn(C)c5c(CN6CC7N(N(CC=C)CC(=O)N7C(Cc8ccc(O)cc8)C6=O)C(=O)NCc9ccccc9)cccc45)cn3)cc1,CHEMBL3702810,4.67,
COc1ccc(CN2CCN(CC2=O)C(=O)C[C@H](N)Cc3cc(F)c(F)cc3F)cc1,CHEMBL1779699,5.97,
COc1ccc(CNC(=O)[C@H](C)[C@@H]2C[C@@]2(C)[C@@H](NC(=O)OCc3ccccc3)c4ccccc4)cc1OC,CHEMBL1364243,5.40,
COc1ccc(CNC(=O)\C=C/c2ccc3[nH]cc(CCN(C)C)c3c2)cc1,CHEMBL1450245,4.80,
COc1ccc(CNC(=O)\C=C\c2ccc(OCCCF)cc2)cc1,CHEMBL1343107,5.30,
COc1ccc(CNC(=O)C2(CCN(CC2)c3cc(N)ccn3)c4ccccc4)cc1,CHEMBL495345,,6.70
COc1ccc(CNC(=O)C2CC(=NO2)c3cccc(c3)[N+](=O)[O-])cc1,CHEMBL1540034,5.20,
COc1ccc(CNC(=O)c2cc(cnc2c3ccccn3)c4cncc(Cl)c4)nc1OC,CHEMBL3338866,5.02,
COc1ccc(CNC(=O)CN(CC2CCCO2)C(=O)CNS(=O)(=O)c3ccccc3)cc1,CHEMBL1372773,5.40,
COc1ccc(CNc2cc(ncn2)c3cccc(c3)C#N)c(OC)c1,CHEMBL1447663,5.60,
COc1ccc(CNc2cc(ncn2)c3cccc(NS(=O)(=O)C)c3)c(OC)c1,CHEMBL1601121,5.60,
COc1ccc(CNc2cc(ncn2)c3ccccc3OC)c(OC)c1,CHEMBL1551139,5.20,
COc1ccc(CNc2ccnc(n2)c3c(C)onc3C)c(OC)c1,CHEMBL1553173,5.60,
COc1ccc(CNc2ccnc(n2)c3ccc4OCOc4c3)c(OC)c1,CHEMBL1405461,6.00,
COc1ccc(CNc2ccnc(n2)c3ccccc3CN(C)C)c(OC)c1,CHEMBL1368395,5.30,
COc1ccc(CNc2nc(nc3ccccc23)c4cccc(c4)C#N)c(OC)c1,CHEMBL1416476,5.60,
COc1ccc(CNc2nc(nc3ccccc23)c4ccccc4CN(C)C)c(OC)c1,CHEMBL1479506,5.10,
COc1ccc(CNc2nc(nc3ccccc23)c4cocc4)c(OC)c1,CHEMBL1445094,5.00,
COc1ccc(CNc2ncnc3ccc(cc23)c4ccc(cc4)C(=O)N(C)C)c(OC)c1,CHEMBL492611,5.60,
COc1ccc(CNc2ncnc3ccc(cc23)c4ccccc4OC)c(OC)c1,CHEMBL490706,5.70,
COc1ccc(CNc2ncnc3ccc(cc23)c4cocc4)c(OC)c1,CHEMBL1526697,5.50,
COc1ccc(CNc2ncncc2c3c(C)onc3C)c(OC)c1,CHEMBL1607868,5.90,
COc1ccc(COC(=O)N\N=C(/C)\CC(=O)Nc2c(C)cc(C)cc2C)cc1,CHEMBL3214526,5.75,
COc1ccc(COC(=O)N\N=C/2\C[C@@H](O)[C@@H](O)[C@H]3[C@H]2CC[C@H]4[C@H]3C(=O)N([C@@H](C)c5ccccc5)C4=O)cc1,CHEMBL1397175,5.40,
COc1ccc(COC(=O)N\N=C/2\C[C@@H](O)[C@@H](O)[C@H]3[C@H]2CC[C@H]4[C@H]3C(=O)N(C4=O)c5cccc(Oc6ccccc6)c5)cc1,CHEMBL1574966,5.40,
COc1ccc(COc2ccsc2C(=O)Nc3ccc(Cl)c(Cl)c3)cc1,CHEMBL1433232,5.15,
COc1ccc(COC2OC[C@]3(C)[C@@H]4[C@H]2CCC5C(CO)C(CO)[C@@H](C)C(=C45)CN3C(=O)OC(C)(C)C)cc1,CHEMBL1371397,5.10,
COc1ccc(CONS(=O)(=O)c2ccc(NC(=O)C)cc2)cc1Cl,CHEMBL1742255,5.50,
COc1ccc(F)cc1S(=O)(=O)NC(Cc2ccccc2)C(=O)N,CHEMBL1741728,4.80,
COc1ccc(N2CCc3c(C)nc4c(OC)cc(OC)cc4c23)c(OC)c1,CHEMBL1524363,5.30,
COc1ccc(NC(=O)C23CC4CC(C2)CC(C4)(C3)n5cnc(Br)n5)c(C)c1,CHEMBL1613552,4.85,
COc1ccc(NC(=O)c2cc(nc3ccccc23)c4ccncc4)cc1,CHEMBL2152014,6.27,
COc1ccc(NC(=O)c2cc(nc3ccccc23)c4cnccn4)cc1,CHEMBL2152020,4.70,
COc1ccc(NC(=O)c2ccc(C)cc2Cl)c(c1)[N+](=O)[O-],CHEMBL1527006,4.70,
COc1ccc(NC(=O)c2ccc(cc2F)C(=N)N(C)C)c(c1)C(=O)Nc3ccc(Cl)cn3,CHEMBL515919,,5.38
COc1ccc(NC(=O)c2ccc(Cn3ccnn3)c4ccccc24)c(n1)C(=O)NCC5CCOCC5,CHEMBL2316378,6.44,4.96
COc1ccc(NC(=O)c2cccs2)c(c1)[N+](=O)[O-],CHEMBL1362034,4.85,
COc1ccc(NC(=O)C2CCN(CC2)C(=O)c3cccs3)c(OC)c1,CHEMBL1410055,4.55,
COc1ccc(NC(=O)c2cn(C)c3c(CN4CC5N([C@@H](Cc6ccc(O)cc6)C4=O)C(=O)CN(CC=C)N5C(=O)NCc7ccccc7)cccc23)cn1,CHEMBL3702771,5.67,
COc1ccc(NC(=O)c2oc(COc3ccccc3)cc2)cc1,CHEMBL1325634,4.65,
COc1ccc(NC(=O)CCNS(=O)(=O)c2ccc3NC(=O)CCc3c2)cc1,CHEMBL1509210,4.80,
COc1ccc(NC(=O)CN(C)S(=O)(=O)c2ccc(Cl)cc2)c(c1)[N+](=O)[O-],CHEMBL1379783,5.75,
COc1ccc(NC(=O)Cn2cc(CCNS(=O)(=O)c3ccc(OC)cc3)c4ccccc24)cc1,CHEMBL2440395,,4.99
COc1ccc(NC(=O)COC(=O)c2c(C)onc2c3ccccc3)cc1,CHEMBL1571146,5.15,
COc1ccc(NC(=O)CSc2nnc(C3CC3)n2c4ccccc4)cc1,CHEMBL1541936,5.50,
COc1ccc(NC(=O)CSc2nnc(CNC(=O)c3occc3)n2c4ccccc4OC)cc1,CHEMBL1588523,4.40,
COc1ccc(NC(=O)N(C(C)c2cccnc2)C3CCCCC3)c(OC)c1,CHEMBL1491168,5.00,
COc1ccc(NC(=O)N2C[C@H]3C[C@H](C[C@H]3C2)c4ccccc4C(F)(F)F)c(c1)C(=O)O,CHEMBL3359018,5.10,
COc1ccc(NC(=O)N2CC[C@@]3(CCCN(C3)C(=O)c4ccc(OC)cc4)C2)cc1,CHEMBL1476981,4.80,
COc1ccc(NC(=O)N2CC[C@@]3(CCCN(C3)C(=O)c4cccn4C)C2)cc1,CHEMBL1472761,5.70,
COc1ccc(NC(=O)N2CC[C@@]3(CCCN(C3)C(=O)Oc4ccccc4)C2)cc1,CHEMBL1356843,4.40,
COc1ccc(NC(=O)N2CC3(CCN(CC3)S(=O)(=O)c4ccccc4)C2)cc1,CHEMBL1512782,4.80,
COc1ccc(NC(=O)N2CCC3(CC2)CCN(CC3)C(=O)c4cccn4C)cc1,CHEMBL1555320,5.00,
COc1ccc(NC(=O)N2CCC3(CC2)CCN(CC3)C(=O)c4csnn4)cc1,CHEMBL1610400,4.90,
COc1ccc(NC(=O)N2CCCC3(CCN(CC3)C(=O)c4ccc(OC)cc4)C2)cc1,CHEMBL1567600,4.90,
COc1ccc(NC(=O)N2CCCC3(CCN(CC3)C(=O)c4cnccn4)C2)cc1,CHEMBL1316628,4.80,
COc1ccc(NC(=O)N2CCCC3(CCN(CC3)C(=O)c4csnn4)C2)cc1,CHEMBL1516254,4.80,
COc1ccc(NC(=O)N2CCCC3(CCN(CC3)C(=O)Oc4ccccc4)C2)cc1,CHEMBL1323524,4.90,
COc1ccc(NC(=O)NCc2cccn2C)c(OC)c1,CHEMBL1564740,4.65,
COc1ccc(NC(=S)N2CCN(C\C=C\c3ccccc3)CC2)cc1OC,CHEMBL1507792,4.75,
COc1ccc(NC2=CC(=O)N(C3CCCCC3)C(=O)N2)c(OC)c1,CHEMBL1544757,4.90,
COc1ccc(Nc2cc(N[C@@H]3CCCC[C@@H]3N)nnc2C(=O)N)nc1C(C)C,CHEMBL3237575,,5.70
COc1ccc(Nc2cc(N[C@@H]3CCOC[C@@H]3N)nnc2C(=O)N)nc1C(C)C,CHEMBL3237576,,4.80
COc1ccc(Nc2cc(NCCN)nnc2C(=O)N)nc1C(C)C,CHEMBL3237578,,4.90
COc1ccc(O)c(\C=N\NC(=O)c2ccc(OCc3cccc(Br)c3)cc2)c1,CHEMBL1864040,5.15,
COc1ccc(O[C@H]2C=C[C@H](O[C@H]2CO\N=C(\C)/CCC(=O)OC[C@@H]3O[C@@H](C=C[C@@H]3Oc4ccc(C)cc4)C#Cc5ccccc5)c6ccccc6)cc1,CHEMBL1554817,5.50,
COc1ccc(O[C@H]2C=C[C@H](O[C@H]2CO\N=C(\C)/CCC(=O)OC[C@@H]3O[C@@H](C=C[C@@H]3Oc4ccc(OC)cc4)c5ccccc5)c6ccccc6)cc1,CHEMBL1475304,5.40,
COc1ccc(O[C@H]2C=C[C@H](O[C@H]2COC(=O)CC\C(=N/OC[C@@H](C)[C@H](OCc3ccccc3)C(C)C)\C)c4ccccc4)cc1,CHEMBL1355156,5.50,
COc1ccc(OC)c(c1)C2C(=C(C)N=C3CCCC(=C23)O)C(=O)Nc4nc5ccccc5s4,CHEMBL1534919,5.65,
COc1ccc(OC)c(c1)C2CC3=C(C(CC(=O)N3)c4ccc(O)c(OC)c4)C(=O)C2,CHEMBL1303855,5.05,
COc1ccc(OC)c(c1)N2CC(=O)C(=C2N)c3nc4ccccc4s3,CHEMBL1403831,4.95,
COc1ccc(OC)c2C(=S)c3ccccc3Nc12,CHEMBL1331734,5.10,
COc1ccc(OC)c2nc(O)c(CCNC(=O)COc3ccccc3)cc12,CHEMBL1382242,5.00,
COc1ccc(OC)c2nc(O)c(CCNS(=O)(=O)c3ccc(Cl)cc3)cc12,CHEMBL1362669,5.25,
COc1ccc(OC2=COc3cc(OC(=O)c4cccs4)ccc3C2=O)cc1,CHEMBL1537220,5.00,
COc1ccc(OC2C(O)COC2\C=C\C#Cc3ccc(F)cc3F)cc1,CHEMBL1439400,5.40,
COc1ccc(OC2C(O)COC2\C=C\C#Cc3ccccc3)cc1,CHEMBL1445706,5.40,
COc1ccc(OC2C=CC(CC=C)OC2CO)cc1,CHEMBL1356010,5.40,
COc1ccc(OC2C=CC(OC2CO)C#Cc3ccc(Br)cc3)c(c1)C(C)(C)C,CHEMBL1454033,5.40,
COc1ccc(OC2CN(C2)C(=O)NC3CCN(Cc4ccn(c4)c5ccc(cc5)C(F)(F)F)CC3)cc1,CHEMBL557873,,5.69
COc1ccc(Oc2ncc3N=C(C(=O)N(C)c3n2)c4ccc(F)cc4)cc1,CHEMBL1360799,5.40,
COc1ccc(Oc2ncc3N=C(C(=O)N(C)c3n2)c4cccc(c4)C#N)cc1,CHEMBL1440619,5.00,
COc1ccc(Oc2ncc3N=C(C(=O)N(C)c3n2)c4cccs4)cc1,CHEMBL1591757,5.40,
COc1ccc(Oc2ncc3N=C(C(=O)N(C[C@H]4CCCO4)c3n2)c5ccc(Cl)cc5)cc1,CHEMBL1562786,5.30,
COc1ccc(Oc2ncc3N=C(C(=O)N(C[C@H]4CCCO4)c3n2)c5ccccc5)cc1,CHEMBL1398543,6.00,
COc1ccc(Oc2ncc3N=C(C(=O)N(C4CC4)c3n2)c5cn(C)c6ccccc56)cc1,CHEMBL1573480,4.90,
COc1ccc(Oc2ncc3N=C(C(=O)N(Cc4cccs4)c3n2)c5cccs5)cc1,CHEMBL1417789,5.40,
COc1ccc(Oc2ncc3N=C(C(=O)N(CCC#N)c3n2)c4ccccc4)cc1,CHEMBL1609142,5.50,
COc1ccc(Oc2ncc3N=C(C)C(=O)N(c4ccc(OC)cc4)c3n2)cc1,CHEMBL1435788,5.40,
COc1ccc(Oc2ncc3N=C(C)C(=O)N(Cc4ccc(F)cc4)c3n2)cc1,CHEMBL1529330,6.40,
COc1ccc(Oc2ncc3N=C(C)C(=O)N(Cc4cccs4)c3n2)cc1,CHEMBL1415957,5.50,
COc1ccc(Oc2ncc3N=C(C)C(=O)N(CCC#N)c3n2)cc1,CHEMBL1405410,4.90,
COc1ccc(Oc2ncc3N=CC(=O)N(Cc4cccc(OC)c4)c3n2)cc1,CHEMBL1558480,5.60,
COc1ccc(Oc2ncc3N=CC(=O)N(CCc4ccccc4)c3n2)cc1,CHEMBL1512454,5.90,
COc1ccc(OCCCN(C)CCOc2ccc3OCOc3c2)c(c1)C4Sc5ccccc5N4C(=C)C,CHEMBL1743364,6.60,
COc1ccc(OCCn2cc(C(=N)NO)c3ccccc23)cc1,CHEMBL1306540,4.90,
COc1ccc(OCCSc2nc[nH]n2)cc1,CHEMBL1472152,4.85,
COc1ccc2[C@@H](OC(=O)c2c1OC)[C@@H]3N(C)CCc4cc5OCOc5cc34,CHEMBL475536,5.30,
COc1ccc2[C@@H](OC(=O)c2c1OC)C3N(C)CCc4cc5OCOc5c(OC)c34,CHEMBL1570261,5.60,
COc1ccc2[C@H](OC(=O)c2c1OC)C3N(C)CCc4cc5OCOc5cc34,CHEMBL462731,5.60,
COc1ccc2[nH]c(c(CCNC(=O)C)c2c1)c3ccccc3,CHEMBL15060,4.90,
COc1ccc2[nH]c(I)c(CCNC(=O)C)c2c1,CHEMBL289233,4.80,
COc1ccc2[nH]c(SCC(C)(C)C)nc2c1,CHEMBL2018910,4.30,
COc1ccc2[nH]c(SCc3ccc(cc3)C(C)(C)C)nc2c1,CHEMBL2018918,4.91,
COc1ccc2[nH]c(SCc3ccc(I)cc3)nc2c1,CHEMBL2018921,5.31,
COc1ccc2[nH]c(SCc3ccc(OCc4ccccc4)cc3)nc2c1,CHEMBL2018926,5.45,
COc1ccc2[nH]cc(C3=CCNCC3)c2c1,CHEMBL18785,5.90,
COc1ccc2[nH]cc(CC(N)C(=O)O)c2c1,CHEMBL1491313,4.50,
COc1ccc2[nH]cc(CCNC(=O)C)c2c1,CHEMBL45,4.70,
COc1ccc2[nH]cc(CCNc3cc(ncn3)c4ccc(cc4)C(=O)N(C)C)c2c1,CHEMBL1592376,5.20,
COc1ccc2[nH]cc(CCNc3cc(ncn3)c4cccc(c4)C#N)c2c1,CHEMBL1418420,5.40,
COc1ccc2[nH]cc(CCNc3cc(ncn3)c4cocc4)c2c1,CHEMBL1437013,5.00,
COc1ccc2[nH]cc(CCNc3ccnc(n3)c4ccccc4Cl)c2c1,CHEMBL1370622,5.70,
COc1ccc2[nH]cc(CCNc3nc(nc4ccccc34)c5ccc(cc5)N(C)C)c2c1,CHEMBL1454544,5.60,
COc1ccc2[nH]cc(CCNc3nc(nc4ccccc34)c5ccccc5CN(C)C)c2c1,CHEMBL1437690,5.70,
COc1ccc2[nH]cc(CCNc3nc(nc4ccccc34)c5cccnc5)c2c1,CHEMBL1553694,5.80,
COc1ccc2[nH]cc(CCNc3nc(nc4ccccc34)c5cocc5)c2c1,CHEMBL1590909,5.50,
COc1ccc2[nH]cc(CCNc3ncnc4ccc(cc34)c5ccccc5C#N)c2c1,CHEMBL1361847,5.70,
COc1ccc2[nH]cc(CCNc3ncnc4ccc(cc34)c5ccccc5CN(C)C)c2c1,CHEMBL1405538,5.80,
COc1ccc2[nH]cc(CCNc3ncnc4ccc(cc34)c5cocc5)c2c1,CHEMBL1433752,5.40,
COc1ccc2[nH]cc(CCNc3ncncc3c4ccccc4OC)c2c1,CHEMBL1316956,6.90,
COc1ccc2C(=C(CCN(C)C)Cc2c1)[C@@H](C)c3nccnc3OC,CHEMBL1090186,,5.30
COc1ccc2C(=O)C(Cc3ccc(O)c(OC)c3)COc2c1,CHEMBL1356623,5.70,
COc1ccc2C(=O)C(Cc3ccc(OC)c(OC)c3)COc2c1,CHEMBL1482446,4.80,
COc1ccc2C(=O)C=C(Oc2c1)c3ccc(O)cc3,CHEMBL1600520,5.50,
COc1ccc2C(=O)C=C(Oc2c1O)c3ccccc3,CHEMBL243663,4.40,
COc1ccc2C(=O)N(CCO)C(=C(c3cccc(F)c3)c2c1)C#N,CHEMBL214969,,4.21
COc1ccc2c(c1)[C@@H]3C[C@@]3(Cn4c2c(C5CCCCC5)c6ccc(cc46)C(=O)NS(=O)(=O)C7CCC7)C(=O)N8C9CCC8CN(C)C9,CHEMBL3759768,,4.42
COc1ccc2c(c1)C(=O)Oc3c(C)c(OCC(=O)N4CCc5ccccc5C4)ccc23,CHEMBL1456931,5.50,
COc1ccc2c(c1)c(CC(=O)N3CCOCC3)c(C)n2C(=O)c4ccc(Cl)cc4,CHEMBL72631,5.30,
COc1ccc2c(c1)c(CC(=O)O)c(C)n2Cc3ccc(Cl)cc3,CHEMBL1256814,5.00,
COc1ccc2c(c1)c3c(C)c4cnccc4c(C)c3n2CCCN,CHEMBL363332,5.80,
COc1ccc2c(Cc3sc(NC(=O)c4occc4)nc23)c1,CHEMBL1544377,4.95,
COc1ccc2c(Cl)c(sc2c1)c3ocnn3,CHEMBL1301059,5.15,
COc1ccc2c(Cl)c(sc2c1Cl)C(=O)NCCCn3ccnc3,CHEMBL1416351,6.30,
COc1ccc2C(OC(=O)c2c1OC)[C@@H]3N(C)CCc4cc5OCOc5cc34,CHEMBL1408680,5.70,
COc1ccc2c(OC)c3ccoc3nc2c1OC,CHEMBL21396,4.90,
COc1ccc2c(OCc3nnc4ccc(nn34)c5cc(F)c(F)c(F)c5)ccnc2c1,CHEMBL494979,4.54,
COc1ccc2c(OCc3nnc4ccc(nn34)c5cc(F)cc(F)c5)ccnc2c1,CHEMBL494630,5.08,
COc1ccc2c(OCc3nnc4ccc(nn34)c5ccccc5)ccnc2c1,CHEMBL496102,4.50,
COc1ccc2C=CC(=O)N(CCN3CCC(CC3)NCc4cc5OCCOc5cn4)c2c1,CHEMBL1916539,,4.47
COc1ccc2C=CC(=O)N(CCN3CCC(CC3)NCc4ccc5OCC(=O)Nc5n4)c2n1,CHEMBL3290336,,4.64
COc1ccc2C=CC(=O)Oc2c1CC=C(C)C,CHEMBL52229,4.80,
COc1ccc2CC(=O)N(C(=O)c2c1)c3ccccc3,CHEMBL1537303,5.65,
COc1ccc2cc(C)c3nnc(SCC(=O)Nc4nc(cs4)c5ccccc5)n3c2c1,CHEMBL1599391,5.65,
COc1ccc2cc(ccc2c1)c3cc(nn3[C@@H](C)c4ccc(cc4)C(=O)NCCC(=O)O)c5cc(Cl)cc(Cl)c5,CHEMBL1933349,4.22,
COc1ccc2cc(ccc2c1)c3cncc4ccccc34,CHEMBL500394,5.45,
COc1ccc2CC[C@@H]3CC(=O)CC[C@@]3(C)c2c1,CHEMBL1476107,5.50,
COc1ccc2cc3cc(oc3nc2c1)C(=O)NCCCN4CCOCC4,CHEMBL1508826,5.00,
COc1ccc2ccc(c(Cl)c2c1)c3cccnc3,CHEMBL371430,5.45,
COc1ccc2CCCC3(CCN(CCCSc4nnc(c5ocnc5C)n4C)C3)c2c1,CHEMBL1258605,,5.20
COc1ccc2ccccc2c1\C=C/C(=O)c3ccccc3,CHEMBL1610350,5.50,
COc1ccc2N(C)C(=O)C=C(NC3CCN(Cc4ccc5OCOc5c4)CC3)c2c1,CHEMBL207300,,6.11
COc1ccc2N(CCN3CCC(CC3)NCc4cnc(C)c(c4)C#N)C(=O)C=Cc2n1,CHEMBL3290342,,5.00
COc1ccc2N=C(C)N(C(=O)c2c1)c3ccc(OCCCN4CCCC4)cc3,CHEMBL477991,,5.00
COc1ccc2N=C(N(C)C(=O)c2c1)c3ccc(OC4CCN(CC4)C5CCC5)cc3,CHEMBL453654,,5.42
COc1ccc2N=CC(=O)N(CCN3CC[C@H](NCc4cc5OCCOc5cn4)[C@@H](F)C3)c2c1,CHEMBL2165069,,4.13
COc1ccc2NC(=O)[C@@]3(C[C@H]3c4ccc5c(\C=C\c6ccc(CN(C)C)cc6)n[nH]c5c4)c2c1,CHEMBL3353348,5.13,
COc1ccc2NC(=O)[C@@]3(C[C@H]3c4ccc5c(\C=C\c6ccc(nc6)N7CCN(C)CC7)n[nH]c5c4)c2c1,CHEMBL3353341,5.00,
COc1ccc2NC(=O)\C(=C/c3cnc[nH]3)\c2c1,CHEMBL258805,6.10,
COc1ccc2nc(CN3C(=O)C=C(N4CCC[C@@H](N)C4)N(CC#CC)C3=O)ccc2c1,CHEMBL2425892,4.38,
COc1ccc2nc(NC(=O)C)sc2c1,CHEMBL1486796,4.55,
COc1ccc2nc(SCc3cc(OC)cc(OC)c3)[nH]c2c1,CHEMBL488400,6.14,
COc1ccc2nc3c(Cc4ccccc34)cc2c1,CHEMBL1364404,5.20,
COc1ccc2ncc(C#N)c(CC(O)C34CCC(CC3)(CO4)NCc5ccc6OCC(=O)Nc6n5)c2n1,CHEMBL3422983,,8.59
COc1ccc2ncc(C(F)F)c(CCC34CCC(CC3)(CO4)NCc5ccc6OCC(=O)Nc6n5)c2n1,CHEMBL3422758,,5.23
COc1ccc2ncc(F)c([C@@H]3OC(=O)O[C@H]3C45CCC(CC4)(CO5)NCc6ccc7OCC(=O)Nc7n6)c2n1,CHEMBL3754742,,5.31
COc1ccc2ncc(F)c(C(CC34CCC(CC3)(CO4)NCc5ccc6OCC(=O)Nc6n5)C(=O)O)c2n1,CHEMBL3752808,,6.00
COc1ccc2ncc(F)c(C(O)CC34CCC(CC3)(CO4)NCc5ccc6OCC(=O)Nc6n5)c2n1,CHEMBL3753902,,5.40
COc1ccc2ncc(F)c(CC(C)(O)C34CCC(CC3)(CO4)NCc5ccc6OCC(=O)Nc6n5)c2n1,CHEMBL3753613,,5.22
COc1ccc2ncc(F)c(CC(N)C34CCC(CC3)(CO4)NCc5ccc6OCC(=O)Nc6n5)c2n1,CHEMBL3752154,,4.84
COc1ccc2ncc(F)c(CCC34CCC(CC3)(CO4)N(C)Cc5ccc6OCC(=O)Nc6n5)c2n1,CHEMBL3604803,,5.92
COc1ccc2ncc(F)c(CCC34CCC(CC3)(CO4)NCc5ccc6OC(C)(C)C(=O)Nc6n5)c2n1,CHEMBL3604800,,5.52
COc1ccc2ncc(F)c(CCC34CCC(CC3)(CO4)NCc5ccc6OC(C)C(=O)Nc6n5)c2n1,CHEMBL3604799,,5.75
COc1ccc2ncc(F)c(CCC34CCC(CC3)(CO4)NCc5nc6NC(=O)COc6c(C)c5C(C)C)c2n1,CHEMBL3604694,,5.92
COc1ccc2ncc(F)c(CCC34CCC(CC3)(CO4)NCc5nc6NC(=O)COc6cc5Cl)c2n1,CHEMBL3604687,,5.24
COc1ccc2ncc(F)c(CCN3CC[C@@H](NCc4cc5OCCOc5cn4)[C@H](O)C3)c2n1,CHEMBL1927170,,4.53
COc1ccc2ncc(F)c(CCN3CCC(CC3)NCc4cc5OCCOc5cn4)c2c1,CHEMBL1927162,,5.22
COc1ccc2ncc(F)c(CCN3CCC(CC3)NCc4ccc5OCC(=O)Nc5n4)c2n1,CHEMBL1916533,,5.40
COc1ccc2ncc(OC)c(CCC34CCC(CC3)(CO4)NCc5ccc6OCC(=O)Nc6n5)c2n1,CHEMBL3422763,,5.37
COc1ccc2nccc([C@@H](O)CC[C@@H]3CCN(C[C@@H]3C(=O)O)C4CC(C4)c5cccc(F)c5)c2c1,CHEMBL2382342,,4.99
COc1ccc2nccc([C@@H]3CN(C4CCN(Cc5cc6ccccc6[nH]5)CC4)C(=O)O3)c2c1,CHEMBL245568,,5.80
COc1ccc2nccc(C3CN(C4CCN(Cc5ccc(C)c(C)c5)CC4)C(=O)O3)c2c1,CHEMBL397395,,5.20
COc1ccc2nccc(NC(=O)[C@@]3(O)CC[C@@H](CC3)NCc4cc5OCCOc5cn4)c2n1,CHEMBL1926763,,4.62
COc1ccc2nccc(NC(=O)[C@@H]3CC[C@H](CC3)NCc4cc5OCCOc5cn4)c2n1,CHEMBL1926864,,4.54
COc1ccc2OC(=CC(=O)c2c1)c3ccc(O)cc3,CHEMBL1371789,5.40,
COc1ccc2OC3(CCN(CCc4ccc(F)cc4F)CC3)CCc2c1,CHEMBL146233,,7.70
COc1ccc2OCC(=O)N(CCN3CCC(CC3)NCc4cc5OCCOc5cn4)c2c1,CHEMBL1916534,,4.89
COc1ccc2OCN(Cc2c1)[C@H](C)[C@@H]3CC[C@@H]4[C@H]5CC[C@H]6C[C@@H](O)CC[C@@]6(C)[C@H]5CC[C@@]34C,CHEMBL1363367,5.40,
COc1cccc(\C=N\NC(=O)c2cccc(c2)[N+](=O)[O-])c1OS(=O)(=O)c3ccc(C)cc3,CHEMBL3214295,5.95,
COc1cccc(\C=N\Nc2nc(nc(n2)N3CCCC3)N4CCCC4)c1O,CHEMBL3195954,5.00,
COc1cccc(c1)[C@@H]2CCO[P@](=O)(COc3cc(C)c(C)c4Cc5scnc5c34)O2,CHEMBL1097507,6.57,
COc1cccc(c1)[C@@H]2Oc3ccc(OC)cc3C(=O)[C@H]2O,CHEMBL1334327,5.40,
COc1cccc(c1)[C@H]2Oc3ccc(OC)cc3\C(=N/O[C@@H](C)c4cn(nn4)[C@H](CO)Cc5ccccc5)\[C@@H]2O,CHEMBL1447538,5.40,
COc1cccc(c1)\N=C\c2c[nH]nc2O,CHEMBL3191804,4.85,
COc1cccc(c1)C(=O)C2=C(O)C(=O)N(Cc3cccnc3)C2c4occc4,CHEMBL1541286,4.85,
COc1cccc(c1)C(=O)N2N=C(CC2(O)C(F)(F)F)c3cccc(OC)c3,CHEMBL1481810,5.10,
COc1cccc(c1)C(=O)Nc2ccc(OCCN3CCOCC3)c(c2)c4ccnn4C,CHEMBL1084617,,4.96
COc1cccc(c1)C(N(C2CC2)C(=O)Cn3nnc4ccccc34)C(=O)Nc5ccc(F)cc5,CHEMBL1532443,5.55,
COc1cccc(c1)C2(C)CN(C2)c3cc(N)ccn3,CHEMBL492909,,5.74
COc1cccc(c1)C2=CC(=O)c3cc(O)ccc3O2,CHEMBL1590360,4.80,
COc1cccc(c1)C2C3=C(CC(C)(C)CC3=O)OC(=C2[N+](=O)[O-])N,CHEMBL1488362,4.80,
COc1cccc(c1)c2cc(C(=O)N\N=C\c3ccc(OC)c(COC(=O)C)c3)c4ccccc4n2,CHEMBL3190214,5.75,
COc1cccc(c1)c2cc(nc(n2)N3CCCCC3)C(F)(F)F,CHEMBL1425091,4.70,
COc1cccc(c1)c2cc(nc(n2)N3CCOCC3)C(F)(F)F,CHEMBL1503135,4.55,
COc1cccc(c1)c2cc(NCc3ccccc3)ncn2,CHEMBL1436024,4.60,
COc1cccc(c1)c2cc(NCc3ccccc3OC)ncn2,CHEMBL1558777,4.80,
COc1cccc(c1)c2cc(NCc3cccnc3)ncn2,CHEMBL1570633,5.40,
COc1cccc(c1)c2cc(NCCc3c[nH]c4ccc(OC)cc34)ncn2,CHEMBL1315184,5.10,
COc1cccc(c1)c2ccc3ncnc(N4CCOCC4)c3c2,CHEMBL1395417,5.00,
COc1cccc(c1)c2ccc3ncnc(Nc4ccccc4)c3c2,CHEMBL1357167,5.00,
COc1cccc(c1)c2ccc3ncnc(NC4CCNCC4)c3c2,CHEMBL1494196,4.50,
COc1cccc(c1)c2ccc3ncnc(NCc4cccnc4)c3c2,CHEMBL566899,6.00,
COc1cccc(c1)c2ccc3ncnc(NCc4cccs4)c3c2,CHEMBL565654,5.10,
COc1cccc(c1)c2ccc3ncnc(NCCN4CCOCC4)c3c2,CHEMBL1322216,5.00,
COc1cccc(c1)c2cccc(c2)C3(C)CSCC(=N3)N,CHEMBL2380448,,5.05
COc1cccc(c1)c2cccc(c2)C3(SCC(=N3)N)c4ccncc4,CHEMBL2380456,,4.92
COc1cccc(c1)c2cncnc2Nc3ccccc3,CHEMBL1358614,6.00,
COc1cccc(c1)c2cncnc2NCc3cccs3,CHEMBL1366732,5.80,
COc1cccc(c1)c2nc(NCc3cccnc3)c4ccccc4n2,CHEMBL1439401,5.70,
COc1cccc(c1)c2nc(NCCc3c[nH]c4ccc(OC)cc34)c5ccccc5n2,CHEMBL1435638,5.70,
COc1cccc(c1)c2nc(NCCNC(=O)C)c3ccccc3n2,CHEMBL1445893,4.90,
COc1cccc(c1)c2nc(OC)c3ccccc3n2,CHEMBL3822473,4.89,
COc1cccc(c1)c2nc(SC)c3ccccc3n2,CHEMBL3822867,4.64,
COc1cccc(c1)c2nccc(n2)N(C)Cc3occc3,CHEMBL1322233,4.70,
COc1cccc(c1)c2oc(C)c(C[S+]([O-])CC(=O)N3CCC4(CC3)OCCO4)n2,CHEMBL1601536,4.90,
COc1cccc(c1)N(C(C(=O)NC2CCCCC2)c3ccncc3)C(=O)Cn4nnc(n4)c5cccs5,CHEMBL1328833,6.10,
COc1cccc(c1)N2C(=O)N(Cc3ccccc3F)C4(CCN(Cc5ccc(cc5)c6cncc(c6)C#N)CC4)C2=O,CHEMBL389809,5.21,
COc1cccc(c1)N2C(=O)N(Cc3ccccc3F)C4(CCN(Cc5ccc(cc5)n6ccnc6)CC4)C2=O,CHEMBL230080,7.46,
COc1cccc(c1)N2C(=O)NC(=O)\C(=C/NCc3ccc4OCOc4c3)\C2=O,CHEMBL1548763,5.15,
COc1cccc(c1)N2CCN(C[C@H](O)COc3ccc(cc3)C(F)(F)F)CC2,CHEMBL2334271,,5.39
COc1cccc(c1)N2CCN(CCN(C)C[C@@]34CC[C@@H](CC3)C4(C)C)C2=O,CHEMBL563435,,5.70
COc1cccc(c1)n2ccnc2SCC(=O)Nc3nccs3,CHEMBL1351829,5.45,
COc1cccc(c1)S(=O)(=O)n2ccc3cc4CCNCCc4cc23,CHEMBL477386,4.57,
COc1cccc(CC(=O)Nc2cc(cs2)c3ccnc(Cl)c3)c1,CHEMBL3581147,5.30,
COc1cccc(CC(=O)Nc2cc(cs2)c3ccnc(F)c3)c1,CHEMBL3581146,5.42,
COc1cccc(CC(=O)Nc2cc(cs2)c3ccnc(N)c3)c1,CHEMBL3581149,5.25,
COc1cccc(CC(=O)Nc2nc(cs2)c3ccnc(c3)N(C)C)c1,CHEMBL3581142,5.46,
COc1cccc(CC(=O)Nc2nc(cs2)c3ccnc(OC)c3)c1,CHEMBL3581143,5.08,
COc1cccc(CCN(C)CCN2CCN(C2=O)c3cccc(Cl)c3)c1,CHEMBL563926,,6.20
COc1cccc(CN(CCO)C(=O)Nc2ccc(cc2)c3cn[nH]c3)c1,CHEMBL2332065,4.46,
COc1cccc(CN2C(=O)C(=Nc3cnc(nc23)N(C)C)c4ccccc4)c1,CHEMBL1440650,5.20,
COc1cccc(CN2C(=O)C(=Nc3cnc(nc23)N4CCN(C)CC4)c5cc(F)cc(F)c5)c1,CHEMBL1552814,4.60,
COc1cccc(CN2C(=O)C(=Nc3cnc(nc23)N4CCN(C)CC4)c5ccc(Cl)cc5)c1,CHEMBL1512756,4.80,
COc1cccc(CN2C(=O)C(=Nc3cnc(nc23)N4CCNCC4)c5ccccc5)c1,CHEMBL1415465,4.70,
COc1cccc(CN2C(=O)C(=Nc3cnc(nc23)N4CCNCC4)c5cccs5)c1,CHEMBL1437007,4.80,
COc1cccc(CN2C(=O)C(=Nc3cnc(nc23)N4CCNCC4)CCc5ccccc5)c1,CHEMBL1323124,4.80,
COc1cccc(CN2C(=O)C(=Nc3cnc(nc23)N4CCOCC4)c5ccc(F)cc5)c1,CHEMBL1484120,5.40,
COc1cccc(CN2C(=O)C(=Nc3cnc(OC)nc23)c4cccc(c4)C#N)c1,CHEMBL1404317,5.50,
COc1cccc(CN2C(=O)C(=Nc3cnc(OCc4ccccc4)nc23)C)c1,CHEMBL1605255,5.00,
COc1cccc(CN2C(=O)C(=Nc3cncnc23)c4ccc(Cl)cc4)c1,CHEMBL1355135,5.30,
COc1cccc(CN2C(=O)C(=Nc3cncnc23)c4cccc(Cl)c4)c1,CHEMBL1336787,5.10,
COc1cccc(CN2C(=O)C=Nc3cnc(Nc4ccccc4)nc23)c1,CHEMBL1366061,5.00,
COc1cccc(CN2C(=O)C=Nc3cnc(OC)nc23)c1,CHEMBL1592651,5.00,
COc1cccc(CN2C(=O)C=Nc3cnc(Oc4cccc(Cl)c4)nc23)c1,CHEMBL1395899,5.30,
COc1cccc(CN2C(=O)C=Nc3cnc(OCc4ccccc4)nc23)c1,CHEMBL1394258,4.90,
COc1cccc(CN2C(=O)C=Nc3cncnc23)c1,CHEMBL1357551,4.70,
COc1cccc(CN2CCCCCCC2)c1OCc3csc(n3)c4ccccc4,CHEMBL197243,,6.75
COc1cccc(CNC(=O)C2CCN(CC2)S(=O)(=O)N3CCCCC3)c1,CHEMBL1342226,4.65,
COc1cccc(CNC(=O)CC2(C)CC3(CCCCC3)OO2)c1,CHEMBL565361,5.43,
COc1cccc(F)c1CC(N2CCNCC2)c3ccccc3,CHEMBL1086274,,5.07
COc1cccc(N)c1,CHEMBL1500995,4.50,
COc1cccc(n1)c2c[nH]c(n2)[C@H]3Cc4c([nH]c5ccccc45)[C@H](N3)C6CCOCC6,CHEMBL3775387,,5.99
COc1cccc(NC(=O)\C=C/c2ccc(Cl)cc2)c1,CHEMBL1592160,4.90,
COc1cccc(NC(=O)COC(=O)c2c3CC(C)CCc3nc4ccccc24)c1,CHEMBL1505006,5.45,
COc1cccc(NC(=S)N(CCc2nc3cc(C)c(C)cc3[nH]2)Cc4cccnc4)c1,CHEMBL1725383,5.60,
COc1cccc(Nc2ncc3N=C(C(=O)N(C[C@H]4CCCO4)c3n2)c5ccc(Cl)cc5)c1,CHEMBL1496345,4.80,
COc1cccc(Nc2ncc3N=C(C)C(=O)N(C[C@H]4CCCO4)c3n2)c1,CHEMBL1326341,5.00,
COc1cccc(Nc2ncc3N=C(CCc4ccccc4)C(=O)N(C[C@H]5CCCO5)c3n2)c1,CHEMBL1613347,5.10,
COc1cccc(Nc2ncc3N=C(CCc4ccccc4)C(=O)N(CCC#N)c3n2)c1,CHEMBL1316779,5.70,
COc1cccc(Nc2ncc3N=CC(=O)N(C4CC4)c3n2)c1,CHEMBL1523594,5.20,
COc1cccc(Nc2ncc3N=CC(=O)N(Cc4ccc(F)cc4)c3n2)c1,CHEMBL1417837,5.40,
COc1cccc(NS(=O)(=O)c2ccc3ncc(C(=O)NCCN4CCOCC4)c(O)c3c2)c1,CHEMBL1343385,5.55,
COc1cccc(OC)c1[C@@H]2C[C@H](F)C(=O)N2Cc3ccc(OC(F)(F)F)cc3,CHEMBL3409855,5.00,
COc1cccc(OC)c1[C@@H]2C[C@H](F)C(=O)N2Cc3ccc4oc5ccccc5c4c3,CHEMBL3409870,5.06,
COc1cccc(OC)c1C(=O)NC(=S)Nc2ccc(NC(=O)c3cccs3)c(OC)c2,CHEMBL1470136,5.50,
COc1cccc(OCC(=O)NC2CCCCC2)c1,CHEMBL1502803,4.80,
COc1cccc(OCCCOc2ccccc2C(C)C)c1,CHEMBL1606258,7.75,
COc1cccc2[nH]c(nc12)c3ccccn3,CHEMBL1335397,5.40,
COc1cccc2c(cn(CC3CCCCC3)c12)C(=O)N4CCN5CCCC[C@H]5C4,CHEMBL1287846,5.22,
COc1cccc2c1cc(c3c(cc4OCOc4c23)C(=O)O)[N+](=O)[O-],CHEMBL93353,5.00,
COc1cccc2c1nc(N)n3nc(CN4CCN(C[C@H]4C)c5ccccn5)nc23,CHEMBL3596507,,4.59
COc1cccc2c1nc(N)n3nc(CN4CCN(C[C@H]4C)c5ccncc5)nc23,CHEMBL3596509,,5.66
COc1cccc2c1OC(C(C)S2(=O)=O)c3ccc(OCCCN4CCC[C@@H]4C)cc3,CHEMBL563779,,5.42
COc1cccc2c1OC(C(C)S2(=O)=O)c3ccc(OCCCN4CCC[C@H]4C)cc3,CHEMBL560863,,5.54
COc1cccc2cc3CN(CCCCN4CCn5c(cc6ccccc56)C4=O)CCn3c12,CHEMBL495573,,6.59
COc1cccc2N(CCc12)C(=O)CC3=NC(=CC(=O)N3)N4CCOCC4,CHEMBL3112852,4.40,
COc1cccc2N=C(N(C)C(=O)c12)c3ccc(OC4CCN(CC4)C5CCC5)cc3,CHEMBL453653,,5.00
COc1cccc2nc(ccc12)C#Cc3cccnc3,CHEMBL2335285,,4.19
COc1cccc2OC(=CC(=O)c12)c3ccc(O)cc3,CHEMBL242384,4.80,
COc1cccc2OC(C(C)S(=O)(=O)c12)c3ccc(OCCCN4CCCC4)cc3,CHEMBL549639,,5.20
COc1ccccc1\C=C\C(O)C(=C)C,CHEMBL1355467,5.60,
COc1ccccc1\C=C\C=N\N2CCN(Cc3cccc4ccccc34)CC2,CHEMBL3194219,4.90,
COc1ccccc1C(N2CCCc3ccccc23)c4nnnn4C(C)(C)C,CHEMBL1364955,5.00,
COc1ccccc1C(N2CCN(Cc3ccncc3)CC2)c4nnnn4C(C)(C)C,CHEMBL1465985,5.50,
COc1ccccc1C2=NOC(COc3ccc(Cl)c4cccnc34)C2,CHEMBL1349158,4.90,
COc1ccccc1c2cc(Nc3cc[nH]n3)ncn2,CHEMBL1473317,5.40,
COc1ccccc1c2cc(ncn2)n3ccnc3,CHEMBL1594612,6.50,
COc1ccccc1c2ccc3ncnc(N4CCOCC4)c3c2,CHEMBL1593774,5.20,
COc1ccccc1c2ccc3ncnc(NCc4ccccc4)c3c2,CHEMBL491953,4.90,
COc1ccccc1c2ccc3ncnc(NCc4cnc(C)cn4)c3c2,CHEMBL1401243,5.00,
COc1ccccc1c2cncnc2n3ccnc3,CHEMBL1318228,6.60,
COc1ccccc1c2nc(Nc3ccncc3)c4ccccc4n2,CHEMBL1397636,5.50,
COc1ccccc1c2nc(NCc3cccnc3)c4ccccc4n2,CHEMBL1490740,5.00,
COc1ccccc1c2nccc(NCc3cccc(C)c3)n2,CHEMBL1436049,5.20,
COc1ccccc1c2oc3cccc(C(=O)N[C@@H]4C[C@H]5CCC[C@@H](C4)N5C)c3n2,CHEMBL3084777,5.96,6.40
COc1ccccc1CC(=N)NOC(=O)c2ccc(C)c(c2)[N+](=O)[O-],CHEMBL1568870,5.00,
COc1ccccc1CC(N2CCNCC2)c3ccc(F)cc3,CHEMBL1085567,,4.80
COc1ccccc1CCN2C(=O)C(=Nc3cncnc23)C,CHEMBL1317344,5.00,
COc1ccccc1CCN2C(=O)C(=Nc3cncnc23)c4cccc(F)c4,CHEMBL1590397,5.50,
COc1ccccc1CCN2C(=O)C(=Nc3cncnc23)c4ccccc4,CHEMBL1551133,5.40,
COc1ccccc1CCN2C(=O)C(=Nc3cncnc23)c4cn(C)c5ccccc45,CHEMBL1592556,5.60,
COc1ccccc1CCN2C(=O)C(=Nc3cncnc23)CCc4ccccc4,CHEMBL1396792,5.50,
COc1ccccc1CN2CC[C@@]3(CCCN(C3)C(=O)c4cccc(F)c4)C2,CHEMBL1551616,4.80,
COc1ccccc1CN2CC3(CCN(CC3)C(=O)c4cnccn4)C2,CHEMBL1551380,4.70,
COc1ccccc1CN2CCCC3(CCN(CC3)C(=O)c4ccncc4)C2,CHEMBL1474876,5.20,
COc1ccccc1CN2CCCC3(CCN(CC3)C(=O)c4cnccn4)C2,CHEMBL1317741,4.80,
COc1ccccc1CN2CCCC3(CCN(CC3)C(=O)c4csnn4)C2,CHEMBL1552607,4.80,
COc1ccccc1Cn2nnc3c(O)nc(nc23)C4CCN(CC4)C(=O)c5ccc(F)cc5,CHEMBL1362616,4.90,
COc1ccccc1CNC(=O)Cn2nnc(n2)c3ccncc3,CHEMBL1461511,5.50,
COc1ccccc1CNc2cc(ncn2)c3c(C)onc3C,CHEMBL1475689,4.40,
COc1ccccc1CNc2cc(ncn2)c3ccc(cc3)C(=O)N(C)C,CHEMBL1317712,4.60,
COc1ccccc1CNc2ccnc(n2)c3cccc(c3)C#N,CHEMBL1551200,5.40,
COc1ccccc1CNc2ccnc(n2)c3ccccc3Cl,CHEMBL1514748,5.60,
COc1ccccc1CNc2ccnc(n2)c3ccccc3CN(C)C,CHEMBL1394923,4.80,
COc1ccccc1CNc2ccnc(n2)c3cccnc3,CHEMBL1355896,6.50,
COc1ccccc1CNc2ncnc3ccc(cc23)c4c(C)onc4C,CHEMBL1596241,4.90,
COc1ccccc1CNc2ncnc3ccc(cc23)c4ccc(cc4)C(=O)N(C)C,CHEMBL491952,5.00,
COc1ccccc1CNc2ncnc3ccc(cc23)c4cccc(NS(=O)(=O)C)c4,CHEMBL495068,5.50,
COc1ccccc1CNc2ncnc3ccc(cc23)c4ccccc4OC,CHEMBL475376,5.20,
COc1ccccc1CNc2ncnc3ccc(cc23)c4cccnc4,CHEMBL1592227,5.70,
COc1ccccc1CNc2ncncc2c3ccc(cc3)N(C)C,CHEMBL489738,6.70,
COc1ccccc1CNc2ncncc2c3ccc4OCOc4c3,CHEMBL1440157,6.70,
COc1ccccc1CNc2ncncc2c3cccc(NS(=O)(=O)C)c3,CHEMBL491943,6.60,
COc1ccccc1CNc2ncncc2c3ccccc3CN(C)C,CHEMBL490717,6.20,
COc1ccccc1CNc2ncncc2c3cccnc3,CHEMBL1474114,6.10,
COc1ccccc1CNCC(O)(c2ccc(Cl)cc2)c3ccc(Cl)cc3,CHEMBL1524388,5.45,
COc1ccccc1N=C(S)NCCc2ccccc2,CHEMBL1421262,4.95,
COc1ccccc1N2C=C(C(=O)NCC(=O)N3CCN(CC3)c4ccccc4)c5ccccc5C2=O,CHEMBL1607620,5.60,
COc1ccccc1N2Cc3c(nc(C)c(CN)c3c4ccc(Cl)cc4Cl)C2=O,CHEMBL1909991,5.66,
COc1ccccc1N2CCC3CN(CCCSc4nnc(c5cnccn5)n4C)CC23,CHEMBL3775618,,5.70
COc1ccccc1N2CCN(CC2)C(=O)C(NS(=O)(=O)c3cccs3)c4ccccc4,CHEMBL1464912,5.70,
COc1ccccc1N2CCN(CC2)C3=C(C=O)C(=O)N4C=CC=C(C)C4=N3,CHEMBL1582470,4.80,
COc1ccccc1N2CCN(CCCC(C(C)C)(C(=O)O)c3ccc(Br)cc3)CC2,CHEMBL3115193,,5.40
COc1ccccc1N2CCN(CCN(C(=O)C3CCCCC3)c4ccccn4)CC2,CHEMBL31354,5.40,
COc1ccccc1N2CCN(CCN3C(=O)c4ccccc4C(C)(C)C3=O)CC2,CHEMBL362051,4.80,
COc1ccccc1N2CCN(CCN3C(=O)CC4(CCCC4)CC3=O)CC2,CHEMBL13647,4.40,
COc1ccccc1NC(=O)[C@H](COCc2ccccc2)NC(=O)OC(C)(C)C,CHEMBL1559538,4.40,
COc1ccccc1NC(=O)C(C\C=C(/C)\Cl)C(=O)C,CHEMBL1345307,4.85,
COc1ccccc1NC(=O)CN2CCN(CC(=O)Nc3ccc(Cl)c(c3)C(F)(F)F)CC2,CHEMBL1407677,5.10,
COc1ccccc1NC(=O)N2CCCC2C(=O)NCc3ccc4OCOc4c3,CHEMBL1741716,6.45,
COc1ccccc1NCC(=O)N\N=C\2/C[C@H](CC=C2C)C(=C)C,CHEMBL3190944,5.00,
COc1ccccc1NS(=O)(=O)c2cccc(c2)C(=O)OCC(=O)Nc3cc(C)on3,CHEMBL1353502,5.15,
COc1ccccc1OCCn2cc(C(=O)c3occc3)c4ccccc24,CHEMBL1380300,5.40,
COc1ccccc1OP(=O)(C)Nc2c(C)cccc2C,CHEMBL1742131,4.85,
COc1ccccc1OP(=O)(C)Nc2ccc(C)cc2C,CHEMBL1306585,5.75,
COc1ccccc1S(=O)(=O)Nc2ccc(cc2)c3nnc4CCCCCn34,CHEMBL1596938,4.85,
COc1ccnc(c1)C2=N[C@@]([C@H](C)N2)(c3ccc(F)cc3)c4ccc(F)nc4,CHEMBL490902,,5.20
COc1ccnc(c1)c2ccc3OC(C)(C)C4(COC4)C5(COC(=N5)N)c3c2,CHEMBL3703266,,5.01
COc1ccnc2[nH]cc(Cc3ccc(NCc4ccc(Cl)cc4)nc3F)c12,CHEMBL3673958,5.30,
COc1ccncc1c2[nH]c3ccccc3c2CCNCc4ccc(\C=C\C(=O)NO)cc4,CHEMBL1819257,,5.07
COC1CN(CCCOc2ccc(F)cc2)CCC1NC(=O)c3cc(Cl)c(N)cc3OC,CHEMBL1729,6.52,6.77
COc1cnc(cn1)C(=O)Nc2cc(F)c(F)c(c2)[C@]3(C)C[C@H](SC(=N3)N)c4c(C)onc4C,CHEMBL3805852,,6.19
COc1cnc(cn1)C(=O)Nc2ccc3OC(C)(C)C4(CC4)[C@]5(COC(=N5)N)c3c2,CHEMBL3650850,,4.68
COc1cnc(cn1)c2ccccc2CCNC(=O)c3ccc(OCCC(F)(F)F)nc3,CHEMBL2147211,,4.70
COc1cnc2c(NCc3nnc4ccc(nn34)c5ccccc5)ccnc2c1,CHEMBL566875,4.39,
COc1cnc2C=CC(=O)N(CCN3CCC(CC3)c4nc5cc(C#N)c(C)cc5[nH]4)c2c1,CHEMBL3318997,5.03,5.00
COc1cncc(c1)c2ccc3ccc(O)cc3c2Cl,CHEMBL2420682,5.38,
COc1cnccc1[C@@H]2CC[C@H](CC2)N3CC(C3)NC(=O)CNC(=O)c4cccc(c4)C(F)(F)F,CHEMBL1829620,,5.09
COC1COCCC1N[C@@H]2C[C@H]3CCC[C@]3(C2)C(=O)N4CCc5ccc(cc5C4)C(F)(F)F,CHEMBL2314054,,4.56
COC1COCCC1N[C@@H]2C[C@H]3CCC[C@]3(C2)C(=O)N4CCc5ncc(Cl)cc5C4,CHEMBL2313782,,4.48
COC1COCCC1N[C@@H]2C[C@H]3CCC[C@]3(C2)C(=O)N4CCc5ncc(OC(C)C)cc5C4,CHEMBL2314050,,4.33
COC1COCCC1N[C@@H]2C[C@H]3CCCC[C@]3(C2)C(=O)N4CCc5ncc(cc5C4)C(F)(F)F,CHEMBL2314065,,4.39
COc1nc(nc(C)c1F)N2C[C@H]3C(=O)N(C)C(=N[C@]3(C2)c4c(F)cc(F)c(F)c4F)N,CHEMBL3640275,4.52,
COc1nc(Nc2cccc3c2nc(c4ccc(F)cc4)n3C)ccc1n5cnc(C)c5,CHEMBL2151164,5.06,5.07
COc1nc2c(CCC34CCC(CC3)(CO4)NCc5ccc6OCC(=O)Nc6n5)c(F)cnc2cc1F,CHEMBL3422952,,9.14
COc1nc2c(CCC34CCC(CC3)(CO4)NCc5ccc6OCC(=O)Nc6n5)ccnc2cc1Cl,CHEMBL3422963,,8.38
COc1nc2c(CCC34CCC(CC3)(CO4)NCc5ccc6OCC(=O)Nc6n5)ccnc2cc1F,CHEMBL3422965,,8.60
COc1ncc(\C=C\2/C[C@H]3[C@@H]4CC[C@H]5N(C)C(=O)C=C[C@]5(C)[C@H]4CC[C@]3(C)[C@H]2O)cn1,CHEMBL559878,,5.10
COc1ncc(cn1)c2cccc3OC[C@H](Cc23)NC(=O)c4ccc(COCC(F)(F)F)nc4,CHEMBL2069423,,4.80
COc1ncc(CNc2ncc(Cc3c[nH]c4ncc(C)cc34)cn2)cc1F,CHEMBL3673971,5.30,
COc1ncc2N=C(C(=O)N(C[C@H]3CCCO3)c2n1)c4cc(F)cc(F)c4,CHEMBL1512444,4.60,
COc1ncc2N=C(C(=O)N(Cc3ccc(F)cc3)c2n1)c4ccc(F)cc4,CHEMBL1521133,5.50,
COc1ncc2N=C(C(=O)N(Cc3ccc(F)cc3)c2n1)c4cccs4,CHEMBL1355089,5.50,
COc1ncc2N=C(C(=O)N(CCC#N)c2n1)c3cc(F)cc(F)c3,CHEMBL1569718,4.70,
COc1ncc2N=C(C(=O)N(CCC#N)c2n1)c3cccs3,CHEMBL1590230,5.00,
COc1ncc2N=C(C(=O)N(CCc3ccccc3)c2n1)c4cc(F)cc(F)c4,CHEMBL1325701,5.30,
COc1ncc2N=C(C(=O)N(CCc3ccccc3)c2n1)c4cccs4,CHEMBL1434833,5.00,
COc1ncc2N=C(C)C(=O)N(C3CC3)c2n1,CHEMBL1378901,4.60,
COc1ncc2N=C(CCc3ccccc3)C(=O)N(C4CC4)c2n1,CHEMBL1433785,4.50,
COc1ncc2N=C(CCc3ccccc3)C(=O)N(c4ccccc4)c2n1,CHEMBL1590259,4.90,
COc1ncc2N=C(CCc3ccccc3)C(=O)N(Cc4ccc(F)cc4)c2n1,CHEMBL1512385,5.40,
COc1ncccc1[C@@H](C)c2c(CCN(C)C)sc3ccccc23,CHEMBL1093294,,5.75
COc1ncccc1CNc2ccc(Cc3c[nH]c4ncc(C)cc34)c(F)n2,CHEMBL3673964,5.30,
COc1ncccc1CNc2ccc(Cc3c[nH]c4ncccc34)c(F)n2,CHEMBL3673962,5.30,
COc1ncccc1CNc2ncc(Cc3c[nH]c4ncc(C)cc34)cn2,CHEMBL3669005,5.30,
COc1nccnc1[C@H](C)C2=C(CCN(C)C)Cc3cc(C)ccc23,CHEMBL1090176,,5.42
COc1nccnc1[C@H](C)C2=C(CCN(C)C)Cc3ccccc23,CHEMBL1092597,,5.12
COCC(=O)N[C@@H](Cc1ccc(cc1)c2nccs2)[C@H](O)CN[C@H]3CC4(CCC4)Oc5ncc(CC(C)(C)C)cc35,CHEMBL2181898,7.52,
COCC(=O)N[C@@H](Cc1cccc(c1)c2ccncc2)[C@H](O)CN[C@H]3CC4(CCC4)Oc5ncc(CC(C)(C)C)cc35,CHEMBL2181888,6.80,
COCC(=O)N[C@@H](Cc1cccc(c1)c2nccn2C)[C@H](O)CN[C@H]3CC4(CCC4)Oc5ncc(CC(C)(C)C)cc35,CHEMBL2181891,7.30,
COCC(=O)N1CCC[C@@]2(CCN(C2)C(c3ccccc3)c4ccccc4)C1,CHEMBL1473188,5.00,
COCC(=O)N1CCC[C@@]2(CCN(Cc3ccccc3)C2)C1,CHEMBL1480687,4.60,
COCC(=O)N1CCC2(CC1)CN(C2)c3ccc(cc3)c4ccccc4,CHEMBL1476184,4.90,
COCC(=O)N1CCC2(CCCN(C2)C(c3ccccc3)c4ccccc4)CC1,CHEMBL1513439,4.90,
COCC(=O)N1CCC2(CCCN(C2)c3ccncc3)CC1,CHEMBL1476230,4.60,
COCC(=O)N1CCC2(CCCN(Cc3cc(cc(c3)C(F)(F)F)C(F)(F)F)C2)CC1,CHEMBL1357530,4.70,
COCC(=O)NC1CCN(CC1)c2nc(C)c3cc(NC(=O)\C=C\c4ccc(Cl)cc4)ccc3n2,CHEMBL2017760,,5.92
COCC(C)n1c(C)cc(C(=O)CSc2nnc(Nc3ccccc3F)s2)c1C,CHEMBL1557015,5.80,
COCC(C)Nc1nc(N2CCOC[C@@H]2C)c3ccc(nc3n1)c4ccc(OC)c(CO)c4,CHEMBL2336334,,4.77
COCC\N=C/1\Sc2nc3c(C)cccc3cc2CN1Cc4occc4,CHEMBL3191940,4.85,
COCC1[C@@H](C)C2=C3C(CC[C@H]4C(OCc5ccc(F)cc5C(F)(F)F)OC[C@](C)([C@@H]34)N(C2)C(=O)OC(C)(C)C)C1COC,CHEMBL1529625,4.80,
COCC1[C@@H]2CC[C@H]1CN(CCN3CCN(C3=O)c4cccc(Cl)c4)C2,CHEMBL541435,,6.00
COCc1cnc(nc1)N2CCC(CC2)[C@H]3C[C@H]3COCc4ccc(cc4F)S(=O)(=O)C,CHEMBL3622175,4.40,4.89
COCCc1cc(Cl)c(Cl)c(CN(C2CC2)C(=O)[C@H]3CNCC[C@@H]3C4=CC(=O)N(C)C=C4)c1,CHEMBL1795912,,4.96
COCCCC\C(=N\OCCN)\c1ccc(cc1)C(F)(F)F,CHEMBL1314286,4.80,
COCCCc1cc(C)c(C)c(CN(C2CC2)C(=O)[C@H]3CNCC[C@@]34OCc5cc(F)c(F)cc45)c1,CHEMBL1923119,5.46,5.00
COCCCc1cc(CCC(=O)N2CCOCC2)c(Cl)c(CN(C3CC3)C(=O)[C@H]4CNCC[C@@]45OCc6cc(F)c(F)cc56)c1,CHEMBL1923132,5.55,4.33
COCCCc1cc(CN(C2CC2)C(=O)[C@H]3CNCC[C@@]34OC=Cc5ccccc45)cc(OCCOC)c1,CHEMBL1923109,5.96,5.16
COCCCc1cc(CN(C2CC2)C(=O)[C@H]3CNCC[C@@H]3C4=CC(=O)N(C)C=C4)c5ccccc5c1,CHEMBL1796065,,4.77
COCCCc1cc(CN(C2CC2)C(=O)[C@H]3CNCC[C@@H]3C4=CC(=O)N(C)c5cc(Cl)ccc45)cc(OCCOC)c1,CHEMBL1795907,,5.17
COCCCc1cc(CN(C2CC2)C(=O)[C@H]3CNCC[C@@H]3c4ccc(OCCOc5c(Cl)cc(C)cc5Cl)cc4)cc(OCC(C)(C)O)c1,CHEMBL1761523,5.25,6.89
COCCCc1cc(CN(C2CC2)C(=O)[C@H]3CNCC[C@@H]3c4ccc(OCCOc5c(Cl)cc(C)cc5Cl)cc4)cc(OCC6(CC#N)CC6)c1,CHEMBL1761518,4.71,7.22
COCCCc1cc(CN(C2CC2)C(=O)[C@H]3CNCC[C@@H]3c4ccc(OCCOc5c(Cl)cc(C)cc5Cl)cc4)cc(OCCC(C)(C)C(=O)O)c1,CHEMBL1761532,,6.40
COCCCc1cc(CN(C2CC2)C(=O)[C@H]3CNCC[C@@H]3c4ccc(OCCOc5c(Cl)cc(C)cc5Cl)cc4)cc(OCCCC(C)(C)C(=O)O)c1,CHEMBL1761533,,6.70
COCCCc1cc(CN(C2CC2)C(=O)[C@H]3CNCC[C@]3(O)c4ccc(F)c(F)c4)cc(OCCOC)c1,CHEMBL1910292,6.05,5.35
COCCCN1C(=O)COc2ccc(SC[C@H]3CNCC(=O)N3c4ccc(OCCCOCc5ccccc5OC)cc4)cc12,CHEMBL205345,7.85,
COCCCn1cc(CN(C2CC2)C(=O)[C@H]3CNCC[C@]3(O)c4ccc(F)c(F)c4)c5c(F)ccc(CCC#N)c15,CHEMBL1910303,,6.22
COCCCn1cc(CN(C2CC2)C(=O)[C@H]3CNCC[C@]3(O)c4ccc(F)c(F)c4)c5c(F)ccc(Cn6ccnc6)c15,CHEMBL1910306,,5.85
COCCCn1cc(CN(C2CC2)C(=O)[C@H]3CNCC[C@]3(O)c4ccc(F)c(F)c4)c5c(F)ccc(CN6CCOCC6)c15,CHEMBL1910305,,6.05
COCCCN1CCCc2ccc(OC[C@H]3CNCC(=O)N3c4ccc(OCCCOCc5ccccc5OC)cc4)cc12,CHEMBL377531,7.92,
COCCCNC(=O)c1c(N)n(\N=C\c2ccccn2)c3nc4ccccc4nc13,CHEMBL1725507,5.35,
COCCCNC(=O)c1cn(C)c2c(CN3C[C@H]4N([C@@H](Cc5ccc(O)cc5)C3=O)C(=O)CN(CC=C)N4C(=O)NCc6ccccc6)cccc12,CHEMBL3702734,5.42,
COCCCNC(=O)C1CN(Cc2ccc(OC)cc2)C(=O)C1,CHEMBL1728281,4.70,
COCCCNC(=O)CCC(=O)Nc1ccc2nc(cc(C)c2c1)N3CCOCC3,CHEMBL1561349,4.90,
COCCCOc1cc(ccc1OC)C(=O)N(C[C@@H]2CNC[C@H]2NC(=O)OCC3CCCCC3)C(C)C,CHEMBL3400449,5.47,
COCCCOc1cc(ccc1OC)C(=O)N(C[C@@H]2CNC[C@H]2NC(=O)OCc3ccccc3)C(C)C,CHEMBL3400450,4.83,
COCCCOc1cc(ccc1OC)C(=O)N(C[C@@H]2CNC[C@H]2NS(=O)(=O)CC3CCOCC3)C(C)C,CHEMBL3400459,5.00,
COCCN(C)c1nc(N)c(CN)c(n1)c2ccc(Cl)cc2Cl,CHEMBL324777,4.52,
COCCN(C)CCN1C(=O)c2ccc(OC)cc2C(=C1C#N)c3cccc(F)c3,CHEMBL215050,,5.78
COCCN(CC(=O)N1CCCC(C1CN2CCOCC2)c3ccccc3)c4ccc(Cl)c(Cl)c4,CHEMBL402813,6.32,
COCCN(CCOC)c1nc(C)nc2c1nc(c3ccccc3)n2CC4CCN(C)CC4,CHEMBL1355335,4.80,
COCCN1C(=O)C(=Nc2cnc(nc12)N(C)C)c3cccs3,CHEMBL1358215,5.10,
COCCN1C(=O)C(=Nc2cnc(nc12)N3CCN(C)CC3)c4cccs4,CHEMBL1552353,4.50,
COCCN1C(=O)C(=Nc2cnc(nc12)N3CCNCC3)c4ccccc4,CHEMBL1472732,4.80,
COCCN1C(=O)C(=Nc2cnc(Oc3ccc(OC)cc3)nc12)c4ccc(Cl)cc4,CHEMBL1315833,5.30,
COCCN1C(=O)C(=Nc2cnc(Oc3ccc(OC)cc3)nc12)c4cccc(c4)C#N,CHEMBL1473420,5.60,
COCCN1C(=O)C(=Nc2cnc(Oc3ccc(OC)cc3)nc12)c4ccccc4,CHEMBL1370770,6.00,
COCCN1C(=O)C(=Nc2cnc(Oc3ccc(OC)cc3)nc12)c4cn(C)c5ccccc45,CHEMBL1529543,5.40,
COCCN1C(=O)C(=Nc2cnc(Oc3cccc(Cl)c3)nc12)C,CHEMBL1318454,4.90,
COCCN1C(=O)C(=Nc2cnc(Oc3cccc(Cl)c3)nc12)c4ccc(F)cc4,CHEMBL1512413,5.10,
COCCN1C(=O)C(=Nc2cnc(Oc3ccccc3)nc12)c4ccccc4,CHEMBL1433704,4.50,
COCCN1C(=O)C(=Nc2cnc(Oc3ccccc3)nc12)c4cn(C)c5ccccc45,CHEMBL1609896,5.50,
COCCN1C(=O)C(=Nc2cnc(OCc3ccccc3)nc12)c4ccc(Cl)cc4,CHEMBL1513659,4.60,
COCCN1C(=O)C(=Nc2cnc(OCc3ccccc3)nc12)c4cccc(c4)C#N,CHEMBL1317769,5.00,
COCCN1C(=O)C(=Nc2cnc(OCc3ccccc3)nc12)c4ccccc4,CHEMBL1514016,4.60,
COCCN1C(=O)C=Nc2cnc(Oc3ccccc3)nc12,CHEMBL1323956,4.60,
COCCN1CCC(CC1)c2cc(C)c3nc([nH]c3c2)C4=C(NC[C@@H](O)c5cccc(Cl)c5)C=CNC4=O,CHEMBL468671,4.96,
COCCN1CCC(CC1)c2cc(C)c3nc([nH]c3c2)C4=C(NCCn5cc(Cl)cn5)C=CNC4=O,CHEMBL460997,4.71,
COCCN1CCC[C@@H](CN2C(=O)c3nn(cc3N=C2c4ccccc4C)c5ccc(Cl)cc5)C1,CHEMBL3218650,,5.60
COCCN1CCC[C@@H]1CN2N=C(Cc3ccc(Cl)cc3)c4ccccc4C2=O,CHEMBL2146803,,6.60
COCCN1CCN(CC1)c2cc(C)c3nc([nH]c3c2)C4=C(NC[C@@H](O)c5cccc(Cl)c5)C=CNC4=O,CHEMBL1094165,5.54,
COCCN1CCN(CC1)c2cc3c(Nc4ccc(C)cc4F)c(nnc3cc2OC)C(=O)N,CHEMBL2409401,,4.64
COCCNC(=O)[C@@]1(C)C=C[C@@H](Cc2ccccc2)N1C(=O)c3ccccc3,CHEMBL1329889,5.10,
COCCNC(=O)C1(C)C=CC2(CCCCC2)N1C(=O)c3ccccc3,CHEMBL1324110,4.80,
COCCNC(=O)CSC1=Nc2ccc(cc2C(=O)N1Cc3ccc(OC)cc3)N4CCOCC4,CHEMBL1381586,5.30,
COCCNc1cc(ncn1)c2ccccc2C(F)(F)F,CHEMBL1515777,4.90,
COCCNc1nc(nc2ccccc12)c3c(C)onc3C,CHEMBL1555316,4.80,
COCCNc1nc(nc2ccccc12)c3cccc(NS(=O)(=O)C)c3,CHEMBL1593134,4.90,
COCCNc1nc(nc2ccccc12)c3cocc3,CHEMBL1314422,4.90,
COCCNc1ncnc2ccc(cc12)c3c(C)onc3C,CHEMBL1404954,4.50,
COCCNc1ncnc2ccc(cc12)c3cccc(NS(=O)(=O)C)c3,CHEMBL1516530,4.80,
COCCNc1ncnc2ccc(cc12)c3ccccc3C(F)(F)F,CHEMBL1590261,4.80,
COCCNc1ncncc1c2ccccc2OC,CHEMBL1472922,6.50,
COCCNS(=O)(=O)c1ccc(cc1)c2ccc(CCN3CCC[C@H]3C)cc2,CHEMBL550405,,5.13
COCCOC(=O)C1=C(C)NC(=C([C@@H]1c2cccc(c2)[N+](=O)[O-])C(=O)OC(C)C)C,CHEMBL1514440,5.70,
COCCOC(=O)C1=C(C)NC(=C([C@H]1c2cccc(c2)[N+](=O)[O-])C(=O)OC(C)C)C,CHEMBL255033,5.60,
COCCOC(=O)C1=C(C)NC(=O)N(C1c2ccc(Cl)cc2)C(=O)C,CHEMBL1586621,4.75,
COCCOC(=O)N1CCN(CC1)C2CCN(CC2)c3cc(C)c4nc([nH]c4c3)C5=C(NC[C@@H](O)c6cccc(Cl)c6)C=CNC5=O,CHEMBL450610,8.62,
COCCOc1cc2ncc(C(=O)N)c(Nc3ccc(C)cc3F)c2cc1N4CCOCC4,CHEMBL2409311,,5.05
COCCOc1cncc(c1)c2cc(NC(=O)C)nc(n2)n3nc(C)cc3C,CHEMBL519383,4.85,
COCCOCC#Cc1cc(cs1)c2n[nH]c3c2Cc4ccc(Cn5cncn5)cc34,CHEMBL223971,,4.94
COCO[C@@H]([C@H](CNC(=O)c1ccccc1)c2ccc3OCOc3c2)[C@@H]4OC(C)(C)O[C@H]4CO[Si](C)(C)C(C)(C)C,CHEMBL1089299,7.52,
COCOc1cc(OC)ccc1C(=O)\C=C/c2ccc3OCOc3c2,CHEMBL1437996,6.00,
COCOc1ccc(Br)cc1C(=O)[C@H]2O[C@H]2c3cccc(OC)c3,CHEMBL1559163,5.40,
CON(C)C(=O)Cn1cc(CN(C2CC2)C(=O)[C@H]3CNCC[C@]3(O)c4ccc(F)c(F)c4)c5c(F)cccc15,CHEMBL1909649,,5.68
CP(=O)(O)C1=CCNCC1,CHEMBL397209,4.40,
CS(=O)(=O)c1ccc(cc1)c2cc(Br)sc2c3ccc(F)cc3,CHEMBL42485,4.70,
CS(=O)(=O)c1ccc(cc1)c2cccn3nc(Nc4cccc(c4)N5CCC(CC5)N6CCOCC6)nc23,CHEMBL2062808,6.70,
CS(=O)(=O)c1ccc(cc1)c2cnc(N)c(n2)c3ccc(nc3)C(F)(F)F,CHEMBL3124980,,5.09
CS(=O)(=O)c1ccc(cc1)N2CCC(CC2)N(c3ccc(cc3)C#N)c4cccnc4,CHEMBL3104478,4.92,
CS(=O)(=O)c1ccc(CCN2CCN(CCc3ccc(cc3)[N+](=O)[O-])CC2)cc1,CHEMBL2146862,,6.82
CS(=O)(=O)c1ccc(cn1)c2cccc(c2)N3C=C(C(=O)NC4CC4)C(=O)c5cccnc35,CHEMBL484931,,4.87
CS(=O)(=O)c1ccc(Cn2c3[C@H](CC(=O)O)CCCc3c4cc(F)cc(F)c24)cc1,CHEMBL1314989,4.40,
CS(=O)(=O)c1ccc(CNC(=O)[C@H]2C[C@@H]2[C@H](NP(=O)(c3ccccc3)c4ccccc4)c5ccccc5)cc1,CHEMBL1356381,5.30,
CS(=O)(=O)c1ccc2C(=CNC(=O)c2c1)C(=O)NC[C@@H](O)CN3CCC(CC3)Oc4ccc(Cl)c(Cl)c4,CHEMBL2207671,,5.20
CS(=O)(=O)c1cccc(c1)S(=O)(=O)c2ccc(NC(=O)[C@@H]3C[C@H]3c4cccnc4)cc2,CHEMBL3127500,6.05,
CS(=O)(=O)Cc1cc(nc(n1)c2ccncc2)N3CCCC3,CHEMBL405565,5.89,
CS(=O)(=O)N(Cc1ccc2ccccc2c1)[C@H]3CCNC3,CHEMBL567943,,4.96
CS(=O)(=O)N(Cc1ccc2ccccc2c1)C3CCNCC3,CHEMBL568350,,5.50
CS(=O)(=O)N1CC(Oc2ccc(Cl)cc12)C(=O)NC3CCCC3,CHEMBL1345410,4.90,
CS(=O)(=O)N1Cc2cc(Cl)ccc2n3c(C1)nnc3C4CCN(CC4)c5ccccn5,CHEMBL1837041,,4.51
CS(=O)(=O)n1cc2CN(Cc2n1)[C@H]3CO[C@@H]([C@@H](N)C3)c4cc(F)ccc4F,CHEMBL2105762,,4.41
CS(=O)(=O)N1CCC(CC1)C2N[C@H](Cc3c2[nH]c4ccccc34)c5nc(c[nH]5)c6ccccc6,CHEMBL2069511,,5.46
CS(=O)(=O)N1CCC[C@@]2(CCN(C2)C(=O)Nc3cccc(c3)C#N)C1,CHEMBL1530505,4.70,
CS(=O)(=O)N1CCC[C@@]2(CCN(C2)C(=O)Nc3cccc(F)c3)C1,CHEMBL1530168,4.90,
CS(=O)(=O)N1CCC[C@@]2(CCN(C2)C(c3ccccc3)c4ccccc4)C1,CHEMBL1435079,5.00,
CS(=O)(=O)N1CCC2(CC1)CN(C2)c3ncccn3,CHEMBL1435481,4.70,
CS(=O)(=O)N1CCC2(CC1)CN(Cc3ccncc3)C2,CHEMBL1560095,4.50,
CS(=O)(=O)N1CCC2(CCN(CC2)C(c3ccccc3)c4ccccc4)CC1,CHEMBL1435934,4.90,
CS(=O)(=O)N1CCC2(CCN(CC2)c3ccc(cn3)C(=O)Nc4cc(ccc4N)c5cccs5)C1,CHEMBL470582,,5.28
CS(=O)(=O)N1CCCC(C1)C(=O)N2CCc3ccccc3C2,CHEMBL1741523,4.75,
CS(=O)(=O)N1N=C(CC1c2ccc3OCOc3c2)c4ccc(Br)cc4,CHEMBL1422230,5.75,
CS(=O)(=O)Nc1ccc(CCN(CCOc2ccc(NS(=O)(=O)C)cc2)c3ccc(c4nonc34)[N+](=O)[O-])cc1,CHEMBL227134,,9.41
CS(=O)(=O)Nc1ccc(OC[C@@H](O)CNCCc2ccc(Cl)c(F)c2)cc1,CHEMBL493053,,5.72
CS(=O)(=O)Nc1ccc(OC[C@@H](O)CNCCc2ccc(Cl)cc2)cc1,CHEMBL492846,,5.86
CS(=O)(=O)Nc1ccc(OCCNCCNc2ccc(Cl)c(Cl)c2)cc1,CHEMBL596046,,6.52
CS(=O)(=O)Nc1ccc2OC3(CCN(CC3)[C@@H]4CCc5cc(ccc5C4)C#N)C[C@@H](O)c2c1,CHEMBL477015,,6.17
CS(=O)(=O)Nc1ccc2OC3(CCN(CC3)C4CCc5cc(ccc5C4)C#N)CC(O)c2c1,CHEMBL52627,,7.47
CS(=O)(=O)Nc1cccc(c1)c2ccc3ncnc(NCc4cccnc4)c3c2,CHEMBL1603852,6.40,
CS(=O)(=O)Nc1cccc(c1)c2cncnc2Nc3ccc(F)cc3,CHEMBL1355840,6.50,
CS(=O)(=O)Nc1cccc(c1)c2nc(NCc3ccccc3)c4ccccc4n2,CHEMBL1554622,5.50,
CS(=O)(=O)Nc1cccc(c1)c2nc(NCc3cccnc3)c4ccccc4n2,CHEMBL1396936,5.70,
CS(=O)(=O)Nc1cccc(c1)c2nccc(NCc3ccccc3)n2,CHEMBL1612582,5.10,
CS(=O)(=O)Nc1cccc(CC(=O)Nc2cc(cs2)c3ccnc(Cl)c3)c1,CHEMBL3581148,5.13,
CS(=O)(=O)NCCC(NC(=O)C1(N)CCN(CC1)c2ncnc3[nH]ccc23)c4ccc(Cl)cc4,CHEMBL2325736,,4.10
CS(=O)(=O)NCCc1cc(cc(c1)C2(CC2)C#N)c3ccnc4[nH]nc(c34)C(F)(F)F,CHEMBL3310285,5.16,
CS(=O)(=O)O.Nc1ncnc2c1ncn2C3CCCC3,CHEMBL1416619,7.40,
CS(=O)(=O)O.OC(=O)c1ccccc1c2ccc(CN3CCC(COC(=O)c4c5OCCCn5c6ccccc46)CC3)cc2,CHEMBL2440460,,4.32
CS(=O)(=O)OCC1COC(Cn2cncn2)(O1)c3ccc(Cl)cc3Cl,CHEMBL410503,5.46,
CSC1=C(C#N)C(\C(=C(/O)\OCC=C)\C(=N1)C)c2cccs2,CHEMBL1574576,5.50,
CSc1cc(Nc2cnc(C#N)c(O[C@H](C)CN(C)C)n2)ncc1c3cnn(C)c3,CHEMBL2203846,,5.10
CSc1ccc(CNc2ccccc2)cc1,CHEMBL1521460,4.45,
CSc1ccc2Sc3ccccc3C[C@@H](N4CCN(C)CC4)c2c1,CHEMBL273490,4.90,
CSc1cccc(NC(=O)Cn2cccc2)c1,CHEMBL1377201,4.65,
CSc1cccc(NC(=O)Nc2ccc(Cl)cc2)c1,CHEMBL1455353,4.85,
CSc1ccccc1CNc2ncc(c(NCC3CCC(CN)CC3)n2)[N+](=O)[O-],CHEMBL392642,5.16,
CSc1nc(Sc2cccc(Cl)c2)c3ccccc3n1,CHEMBL1313335,4.45,
CSc1nc2ccccc2cc1\C=C(/C#N)\c3cccc(C)c3,CHEMBL1347660,4.60,
CSc1nc2NC(=C(C(c3cc(Br)ccc3F)n2n1)C(=O)N(C)C)C,CHEMBL1602382,4.85,
CSc1nn2c3CCCCc3c(C)nc2c1S(=O)(=O)c4ccccc4,CHEMBL1091919,,5.08
CSc1nsc(SC)c1C(=O)Nc2ccc(C)cc2,CHEMBL1483978,5.10,
F[C@@H]1CCN(Cc2ccc(\C=C\c3n[nH]c4cc(ccc34)[C@@H]5C[C@@]56C(=O)Nc7ccccc67)cc2)C1,CHEMBL3408943,5.00,
F[C@@H]1CCNC[C@H]1c2c([nH]c3cc(F)ccc23)c4ccc5ccccc5c4,CHEMBL496860,,6.30
F[C@@H]1CCNC[C@H]1c2c([nH]c3cc(F)ccc23)c4cccc5ccccc45,CHEMBL496687,,6.96
F[C@@H]1CCNC[C@H]1c2c([nH]c3cc(F)ccc23)c4cccnc4,CHEMBL523760,,5.60
F[C@@H]1CCNC[C@H]1c2c([nH]c3ccc(F)cc23)c4ccccc4,CHEMBL497878,,5.16
FC(F)(F)c1cc(cc(c1)C(F)(F)F)C(=O)N2CCC[C@@]3(CCN(C3)c4ccncc4)C2,CHEMBL1446139,5.20,
FC(F)(F)c1cc(cc(c1)C(F)(F)F)C(=O)N2CCC[C@@]3(CCN(C3)c4ncccn4)C2,CHEMBL1591619,5.00,
FC(F)(F)c1cc(cc(c1)C(F)(F)F)C(=O)N2CCC[C@@]3(CCN(Cc4ccccc4)C3)C2,CHEMBL1317998,5.30,
FC(F)(F)c1cc(cc(c1)C(F)(F)F)C(=O)N2CCC[C@@]3(CCN(Cc4ccncc4)C3)C2,CHEMBL1356842,6.30,
FC(F)(F)c1cc(cc(c1)C(F)(F)F)C(=O)N2CCC[C@@]3(CCN(Cc4nccs4)C3)C2,CHEMBL1490863,5.50,
FC(F)(F)c1cc(cc(c1)C(F)(F)F)C(=O)N2CCC3(CC2)CN(Cc4ccncc4)C3,CHEMBL1359613,4.80,
FC(F)(F)c1cc(cc(c1)C(F)(F)F)C(=O)N2CCC3(CCCN(C3)C(=O)Nc4cccc(c4)C#N)CC2,CHEMBL1590789,5.00,
FC(F)(F)c1cc(cc(c1)C(F)(F)F)C(=O)N2CCC3(CCN(Cc4nccs4)CC3)CC2,CHEMBL1476729,4.80,
FC(F)(F)c1cc(cc(c1)C(F)(F)F)C2CCCN(C2=O)[C@@]3(CC[C@H](CC3)N4CCN(C(=O)C4)c5ccccc5)c6ccccc6,CHEMBL380651,,5.19
FC(F)(F)c1cc(Cl)cc(COCC2(CCNCC2)c3ccccc3)c1,CHEMBL2333638,,5.14
FC(F)(F)c1cc(CN2CC[C@@]3(CCCN(C3)C(=O)c4cnccn4)C2)cc(c1)C(F)(F)F,CHEMBL1454751,5.10,
FC(F)(F)c1cc(CN2CCCC3(CCNCC3)C2)cc(c1)C(F)(F)F,CHEMBL1396975,5.10,
FC(F)(F)c1cc(NC(=O)CNc2ccc(cc2)c3ccc(NC(=O)C4CC4)nc3)ccc1CN5CCNCC5,CHEMBL3805330,5.96,
FC(F)(F)c1cc(NC(=O)N2CCN(C[C@@H]3CCCN(C3)C4CC4)CC2)ccc1Cl,CHEMBL2036761,,5.20
FC(F)(F)c1cc(NC(=S)N2[C@H](c3cccnc3)c4cccn4c5ccccc25)cc(c1)C(F)(F)F,CHEMBL1511998,6.00,
FC(F)(F)c1cc(nc(NCc2cccs2)n1)c3occc3,CHEMBL1443979,4.60,
FC(F)(F)c1cc(Nc2ccccc2)nc(NCc3ccccn3)n1,CHEMBL594979,,4.40
FC(F)(F)c1ccc(cc1)C2[C@H]3CN(Cc4ccc(cc4)c5ccccc5)[C@H](c6ccccc6)C37CC2(C7)c8ccccc8,CHEMBL1452816,4.60,
FC(F)(F)c1ccc(cc1)C2=CC3(CCNCC3)Oc4ccccc24,CHEMBL492449,,6.42
FC(F)(F)c1ccc(cc1)N(C2CCN(CC2)c3ccc(cc3)C#N)c4cccnc4,CHEMBL3104538,5.40,
FC(F)(F)c1ccc(cc1)N(C2CCN(CC2)c3ccc(cc3)C(F)(F)F)c4cncnc4,CHEMBL3137479,4.80,
FC(F)(F)c1ccc(cc1)N(C2CCN(CC2)c3ccc(nc3)C(F)(F)F)c4cccnc4,CHEMBL3104473,4.80,
FC(F)(F)c1ccc(cc1)N(C2CCN(CC2)c3ccccc3C#N)c4cccnc4,CHEMBL3104537,5.28,
FC(F)(F)c1ccc(cc1)n2ccc(CN3CCC(CC(=O)N4CCCC(C4)C(=O)N5CCCC5)CC3)c2,CHEMBL564032,,4.51
FC(F)(F)c1ccc(cc1)n2ccc(CN3CCC(CC(=O)N4CCN(CC4)C(=O)N5CCCC5)CC3)c2,CHEMBL562905,,4.85
FC(F)(F)c1ccc(cc1)n2ccc(CN3CCC(CC3)NC(=O)N4CCCC(C4)C(=O)N5CCCC5)c2,CHEMBL551684,,4.93
FC(F)(F)c1ccc(cc1)n2ccc(CN3CCC(CC3)NC(=O)N4CCCC4c5cccnc5)c2,CHEMBL560283,,5.51
FC(F)(F)c1ccc(cc1)n2ccc(CN3CCC(CC3)NC(=O)NC(c4ccccc4)c5ccccc5)c2,CHEMBL558052,,5.42
FC(F)(F)c1ccc(cc1)n2ccc(CN3CCC(CC3)NC(=O)NC(Cn4cncn4)c5ccccc5)c2,CHEMBL557262,6.24,
FC(F)(F)c1ccc(cc1)N2CCN(CC2)C(=O)[C@H](c3ccc(Cl)cc3)c4cccnc4,CHEMBL3104525,4.77,
FC(F)(F)c1ccc(Cl)c(NC(=O)CCCC(=O)OCC(=O)c2ccc(Cl)cc2Cl)c1,CHEMBL1360337,4.65,
FC(F)(F)c1ccc(COC2=CC(=O)N(C=C2)c3ccc(OCCN4CCCC4)cc3)cc1,CHEMBL1642477,,8.62
FC(F)(F)c1ccc(NC(=O)N2CCN(C[C@@H]3CCCN(C3)C4CC4)CC2)cc1Cl,CHEMBL2036760,,6.05
FC(F)(F)c1ccc(Oc2ccc(cc2)C(=O)N3CCN(CC3)c4ccccc4)nc1,CHEMBL1588028,4.85,
FC(F)(F)c1ccc2[nH]c(nc2c1)[C@@H]3CC[C@@]4(CC3)CN(C(=O)O4)c5ccccc5,CHEMBL1289820,,5.40
FC(F)(F)c1ccc2[nH]c(nc2c1)[C@@H]3CC[C@@]4(CC3)CN(C(=O)O4)c5ccccn5,CHEMBL1289936,,5.40
FC(F)(F)c1ccc2[nH]c(nc2c1)N3CCC4(CC3)CN(C(=O)O4)c5ccccc5,CHEMBL1290706,,5.70
FC(F)(F)c1ccc2[nH]nc(NCC(=O)NC3CN(C3)[C@@H]4CC[C@@H](CC4)c5cccnc5)c2c1,CHEMBL1834787,,4.44
FC(F)(F)c1ccc2nccc(CCC34CCC(CC3)(CO4)NCc5ccc6OCC(=O)Nc6n5)c2n1,CHEMBL3422977,,9.00
FC(F)(F)c1ccc2ncnc(NCC(=O)NC3CN(C3)[C@@H]4CC[C@@H](CC4)c5cccnc5)c2c1,CHEMBL2315931,,4.80
FC(F)(F)c1ccc2onc(NCC(=O)NC3CN(C3)[C@@H]4CC[C@@H](CC4)c5cncs5)c2c1,CHEMBL1834853,,7.80
FC(F)(F)c1ccc2Sc3ccccc3N(C(=O)CSc4nc5ccccc5s4)c2c1,CHEMBL1544821,5.20,
FC(F)(F)c1cccc(c1)C(=O)NCC(=O)NC2CN(C2)[C@@H]3CC[C@](F)(CC3)c4ccccc4,CHEMBL1829636,,5.48
FC(F)(F)c1cccc(c1)c2cc(CCCN3CCCCC3)nc(n2)C#N,CHEMBL1084400,,6.80
FC(F)(F)c1cccc(c1)N2CCN(CC2)C(=O)C3=COc4ccccc4C3=O,CHEMBL1535980,4.65,
FC(F)(F)c1cccc(NC(=O)C2CCCN(C2)S(=O)(=O)c3c[nH]cn3)c1,CHEMBL1484398,6.75,
FC(F)(F)c1cccc(NC(=O)c2n[nH]c(Cn3cncn3)n2)c1,CHEMBL1732802,4.60,
FC(F)(F)c1cccc(NC(=O)n2ccc3cc(Oc4ncnc5CNCc45)ccc23)c1,CHEMBL3747481,,4.81
FC(F)(F)c1cccc(Nc2ccccc2C(=O)OCC(=O)NCc3occc3)c1,CHEMBL1493910,4.65,
FC(F)(F)c1ccccc1c2ccc3ncnc(NC4CC4)c3c2,CHEMBL1437667,5.80,
FC(F)(F)c1ccccc1c2cncnc2Nc3ccccc3,CHEMBL1440943,6.30,
FC(F)(F)c1ccccc1c2nc(c3ccccc3n2)n4ccnc4,CHEMBL1315292,5.90,
FC(F)(F)c1cnc(\C=C\Nc2ccccc2Cl)c(Cl)c1,CHEMBL1457635,4.50,
FC(F)(F)c1cnc2CCN(Cc2c1)C(=O)[C@@]34CCC[C@@H]3C[C@H](C4)NC5CCSCC5,CHEMBL2314059,,4.64
FC(F)(F)c1cnc2CCN(Cc2c1)C(=O)[C@@]34CCC[C@@H]3C[C@H](C4)NCC5CCOCC5,CHEMBL2314062,,4.33
FC(F)(F)c1cnc2CCN(Cc2c1)C(=O)[C@@]34CCO[C@@H]3C[C@H](C4)N5CCC(CC5)c6ccccc6,CHEMBL3263282,,5.24
FC(F)(F)c1nc(sc1Cl)N2CCN(CC2)C(=O)[C@@H]3CCCC[C@H]3C(=O)NC4(CC4)C#N,CHEMBL2070945,,4.60
FC(F)(F)c1nn(c2CCCCc12)c3ccc(cc3)C4(CC4)C(=O)N5CCCC5,CHEMBL1649667,5.22,
FC(F)(F)CCOc1ccc(CNC(=O)C2N(CCc3ccccn3)C(=O)c4ccccc24)cn1,CHEMBL2164396,,4.70
FC(F)(F)CN1C(=O)[C@H](NC(=O)Cc2cc(Cl)cc(Cl)c2)N=C(c3ccccc3)c4ccccc14,CHEMBL339327,,5.40
FC(F)(F)CN1C(=O)N=C(NC2CCN(Cc3ccc4OCOc4c3)CC2)c5cc(Cl)ccc15,CHEMBL205492,,6.35
FC(F)(F)COc1ccc(OCC(F)(F)F)c(c1)C(=O)NCCNC(=O)Nc2ccc(OC(F)(F)F)cc2,CHEMBL1311978,5.25,
FC(F)(F)Oc1ccc(cc1)n2ccc(CN3CCC(CC3)NC(=O)COc4cccc(Cl)c4)c2,CHEMBL512185,,6.31
FC(F)(F)Oc1ccc(Cl)c(CNC2CCC3CCC2(N3)c4ccccc4)c1,CHEMBL202141,,5.85
FC(F)(F)Oc1ccc(CNC(=O)C2N(CCc3ccccn3)C(=O)c4ccccc24)cc1,CHEMBL2164389,,5.11
FC(F)(F)Oc1ccc(CNC(=O)C2N(CCc3ccncc3)C(=O)c4ccccc24)cc1,CHEMBL2164046,,5.29
FC(F)(F)Oc1ccc(CNC(=O)C2N(CCc3ncccn3)C(=O)c4ccccc24)cc1,CHEMBL2164364,,4.80
FC(F)(F)Oc1ccc2[nH]c(nc2c1)[C@@H]3CC[C@@]4(CC3)CN(C(=O)O4)c5cccnc5,CHEMBL1289715,,5.10
FC(F)(F)Oc1cccc(c1)n2nnc3ccc(NCC4CCNCC4)nc23,CHEMBL1952113,,5.00
FC(F)(F)Oc1cccc(c1)S(=O)(=O)c2ccc(NC(=O)[C@@H]3C[C@H]3c4cccnc4)cc2,CHEMBL3127501,6.05,
FC(F)(F)Oc1cccc2N(CCc12)C(=O)CC3=NC(=CC(=O)N3)N4CCOCC4,CHEMBL3112854,4.40,
FC(F)C(F)(F)Oc1cc(F)cc(c1)[C@@](Cc2ccccc2)(Nc3nc4cc(F)cc(F)c4[nH]3)c5ccc(Cl)cn5,CHEMBL3116154,4.62,
FC(F)C(F)(F)Oc1ccccc1CN2CCC3(CC2)CCN(CC3)C(=O)c4ccncc4,CHEMBL583212,,4.77
Fc1c(CCN2CCN(CC2)C(=O)Cc3ccc(cc3)n4cnnn4)ccc5C(=O)OCc15,CHEMBL2441420,,4.51
Fc1c(Cl)cccc1Cn2ccc3c(OC4CCN(Cc5ccccn5)CC4)ncnc23,CHEMBL2012300,,6.17
Fc1c(Cl)cccc1Cn2ccc3c(OC4CCN(Cc5cscn5)CC4)ncnc23,CHEMBL2012272,,6.02
Fc1c(Cn2ccc3c(OC4CCN(Cc5ccccn5)CC4)ncnc23)cccc1C(F)(F)F,CHEMBL2012301,,6.50
Fc1c(Cn2ccc3c(OC4CCN(Cc5cscn5)CC4)ncnc23)cccc1C(F)(F)F,CHEMBL2012273,,6.52
Fc1cc(ccc1C(=O)N2CCCC2)c3ccc4C(=O)N(CCN5CCCC5)CCc4c3,CHEMBL2031879,,5.06
Fc1cc(ccc1c2ccn3ccnc3c2)N4C[C@H](Cn5ccnn5)OC4=O,CHEMBL3092421,4.82,
Fc1cc(ccn1)C(NC(=O)[C@@H]2CC[C@H](C[C@H]2c3ccc(Br)cc3)N4CCOCC4)c5ccc(Cl)cc5,CHEMBL3086040,,6.23
Fc1cc(CNC(=O)[C@H]2C[C@@H]2[C@H](NP(=O)(c3ccccc3)c4ccccc4)c5ccccc5)c6OCCOc6c1,CHEMBL1517765,5.40,
Fc1cc(F)cc(c1)C2=Nc3cnc(nc3N(C2=O)c4ccccc4)N5CCNCC5,CHEMBL1472651,4.60,
Fc1cc(F)cc(c1)C2=Nc3cnc(nc3N(CCC#N)C2=O)N4CCOCC4,CHEMBL1437119,4.70,
Fc1cc(F)cc(c1)C2=Nc3cncnc3N(Cc4ccccc4Cl)C2=O,CHEMBL1318104,4.80,
Fc1cc2cccc(N3CCN(CCCOc4ccc5CNC(=O)c5c4)CC3)c2cc1F,CHEMBL1257145,,6.04
Fc1cc2CO[C@@]3(CCNC[C@@H]3C(=O)N(Cc4cccc(Cl)c4Cl)C5CC5)c2cc1F,CHEMBL1923113,5.25,4.96
Fc1cc2CO[C@@]3(CCNC[C@@H]3C(=O)N(Cc4cccc5ccccc45)C6CC6)c2cc1F,CHEMBL1923120,5.22,5.24
Fc1cc2CO[C@@]3(CCNC[C@@H]3C(=O)N(Cc4nccc5ccccc45)C6CC6)c2cc1F,CHEMBL1923123,5.03,
Fc1cc2nc([nH]c2cc1F)c3ccncc3,CHEMBL1576725,5.85,
Fc1cc2nc(c3ccc(Cl)cc3)n([C@@H](C4CCCCC4)C(=O)NC5CCCCC5)c2cc1F,CHEMBL1668238,5.12,5.85
Fc1ccc(\C=C\c2ccc(cc2)S(=O)(=O)c3ccccc3)c(F)c1,CHEMBL1082773,,5.36
Fc1ccc(\C=C\c2ccc(cn2)S(=O)(=O)c3ccc(F)cc3)cc1,CHEMBL240841,,5.02
Fc1ccc(c(F)c1)c2[nH]ncc2c3nnnn3c4ccccc4,CHEMBL1351222,5.00,
Fc1ccc(c(F)c1)c2c[nH]c(n2)[C@H]3Cc4c([nH]c5ccccc45)[C@H](N3)C6CCOCC6,CHEMBL3775050,,6.20
Fc1ccc(cc1)[C@@H]2CCNC[C@H]2COc3ccc4OCOc4c3,CHEMBL490,,4.98
Fc1ccc(cc1)[C@H]2CC(=NN2c3ccc(cc3)C#N)c4ccc5NC(=O)Oc5c4,CHEMBL1215691,,7.54
Fc1ccc(cc1)C(=C2CCN(CCN3C(=S)N=C4C=CC=C[C@H]4C3=O)CC2)c5ccc(F)cc5,CHEMBL1373139,5.50,
Fc1ccc(cc1)C(=O)CCCN2CCC3(CC2)N(CN(Cc4cccc(F)c4)C3=O)c5ccccc5,CHEMBL137648,4.50,
Fc1ccc(cc1)C(=O)Nc2ccc(cc2)c3oc(NCCCN4CCCCC4)nn3,CHEMBL2021948,,5.00
Fc1ccc(cc1)C(=O)Nc2ccc(cc2)n3nncc3c4occc4,CHEMBL1596387,6.15,
Fc1ccc(cc1)C(=O)NC2CCc3ccc(CCN4CCN(CC4)c5nsc6ccccc56)cc23,CHEMBL442290,,7.11
Fc1ccc(cc1)C(=O)Nc2ccsc2C(=O)NC3CCCCC3,CHEMBL588859,4.85,
Fc1ccc(cc1)C(CCCCC(=O)N2CC[C@H](CNC(=O)c3cc(cc(c3)C(F)(F)F)C(F)(F)F)C2)c4ccc(F)cc4,CHEMBL2031990,,6.13
Fc1ccc(cc1)C(CCCCC(=O)N2CCC(CNC(=O)c3cc(cc(c3)C(F)(F)F)C(F)(F)F)C2)c4ccc(F)cc4,CHEMBL2031978,,6.16
Fc1ccc(cc1)C(N(Cc2occc2)C(=O)c3ccccn3)C(=O)NCc4ccccc4,CHEMBL1742195,5.65,
Fc1ccc(cc1)C(N2CCN(C\C=C\c3ccccc3)CC2)c4ccc(F)cc4,CHEMBL30008,,6.22
Fc1ccc(cc1)C(OCCN2CCN(C\C=C/c3ccccc3)CC2)c4ccc(F)cc4,CHEMBL1517172,4.80,
Fc1ccc(cc1)C(OCCN2CCN(CCCc3ccccc3)CC2)c4ccc(F)cc4,CHEMBL281594,4.90,
Fc1ccc(cc1)C2(CNC(=N2)c3cc(ccn3)C#N)c4ccc(F)cc4,CHEMBL522456,,7.00
Fc1ccc(cc1)C2(CNC(=N2)c3cnccn3)c4ccc(F)cc4,CHEMBL490937,,5.47
Fc1ccc(cc1)C2(COCc3cc(cc(Cl)n3)C(F)(F)F)CCNCC2,CHEMBL2333642,,4.70
Fc1ccc(cc1)C2=Nc3cnc(nc3N(C2=O)c4ccccc4)N5CCNCC5,CHEMBL1552051,4.60,
Fc1ccc(cc1)C2=Nc3cnc(nc3N(C4CC4)C2=O)N5CCNCC5,CHEMBL1473331,4.80,
Fc1ccc(cc1)C2=NOC(C2)C(=O)NC3CCCC3,CHEMBL1544991,4.60,
Fc1ccc(cc1)c2cc(n3ncc(c3n2)S(=O)(=O)c4ccccc4)C(F)(F)F,CHEMBL1557929,5.50,
Fc1ccc(cc1)c2ccc(NC(=O)NCCCCN3CCCCC3)cn2,CHEMBL1083787,,5.89
Fc1ccc(cc1)C2CCCN2C(=O)NC3CCN(Cc4ccn(c4)c5ccc(cc5)C(F)(F)F)CC3,CHEMBL550876,,5.74
Fc1ccc(cc1)C2N3CCCC3C(=O)N2c4nccs4,CHEMBL1559387,4.65,
Fc1ccc(cc1)C2Nc3ccccc3C(=O)N2Cc4occc4,CHEMBL1530805,4.85,
Fc1ccc(cc1)N(CCNC(=O)CCc2ccccc2)c3ccc(F)cc3,CHEMBL2046895,,6.70
Fc1ccc(cc1)N(CCNCCc2ccccc2)c3ccc(F)cc3,CHEMBL2046892,,7.36
Fc1ccc(cc1)N2C[C@@]3(CC[C@@H](CC3)c4nc5cc(OC(F)(F)F)ccc5[nH]4)OC2=O,CHEMBL1289386,,6.10
Fc1ccc(cc1)n2cc(C3CCN(CCN4CCN=C4S)CC3)c5ccccc25,CHEMBL298978,,8.21
Fc1ccc(cc1)N2CC(C3CCN(CCN4CCNC4=O)CC3)c5ccccc25,CHEMBL556312,,7.63
Fc1ccc(cc1)n2nc3CS(=O)(=O)Cc3c2NC(=O)C45CC6CC(CC(C6)C4)C5,CHEMBL1373561,5.05,
Fc1ccc(cc1)S(=O)(=O)C2CCN(CCc3ccc(F)cc3F)CC2,CHEMBL358075,,6.15
Fc1ccc(cc1)S(=O)(=O)N2CCN(CC(=O)Nc3ccc(Cl)c(c3)C(F)(F)F)CC2,CHEMBL1452750,5.30,
Fc1ccc(cc1)S(=O)(=O)N2CCN(CCc3ccc(F)cc3F)CC2,CHEMBL207850,,5.31
Fc1ccc(cc1C#N)c2cnc3nc(sc3c2)N4CCC(CC4)N5CCCCC5,CHEMBL584766,,7.00
Fc1ccc(cc1C#N)N2CCN(CCN3Cc4ccccc4C3)C2=O,CHEMBL562176,,5.00
Fc1ccc(cc1Cl)N2CCN(CCN3Cc4ccccc4C3)C2=O,CHEMBL562983,,5.30
Fc1ccc(cc1F)c2c[nH]c(n2)[C@H]3Cc4c([nH]c5ccccc45)[C@H](N3)C6CCOCC6,CHEMBL3775532,,6.46
Fc1ccc(cc1F)N2CCC(CC2)N(c3ccc(cc3)C#N)c4cccnc4,CHEMBL3137459,5.37,
Fc1ccc(CCc2ccc(cn2)S(=O)(=O)c3ccc(F)cc3)cc1,CHEMBL240839,,5.09
Fc1ccc(CCN2C(=O)CC(=O)NC2=O)cc1,CHEMBL1526761,4.50,
Fc1ccc(CCN2C(=O)NC(=O)\C(=C/NCCCN3CCOCC3)\C2=O)cc1,CHEMBL1465121,4.95,
Fc1ccc(CCN2CCC(F)(CC2)S(=O)(=O)c3ccc(Cl)cc3)c(F)c1,CHEMBL175544,,6.40
Fc1ccc(CCN2CCC3(CC2)CCc4ccccc4O3)c(F)c1,CHEMBL147431,,6.96
Fc1ccc(CCN2CCN(CC2)C(=O)c3cccn4ccnc34)c(F)c1,CHEMBL1957816,,5.72
Fc1ccc(Cl)cc1N2CCN(CCN3Cc4ccccc4C3)C2=O,CHEMBL565031,,4.70
Fc1ccc(CN2C(=O)C(=Nc3cnc(nc23)N4CCNCC4)c5ccc(Cl)cc5)cc1,CHEMBL1354262,4.90,
Fc1ccc(CN2C(=O)C(=Nc3cnc(nc23)N4CCNCC4)c5ccccc5)cc1,CHEMBL1395297,5.50,
Fc1ccc(CN2C(=O)C=Nc3cnc(OCc4ccccc4)nc23)cc1,CHEMBL1596952,5.30,
Fc1ccc(CN2C(=O)S\C(=C\c3oc(cc3)N4CCOCC4)\C2=O)cc1,CHEMBL1324595,5.10,
Fc1ccc(Cn2c(nc3ccccc23)C4CCCN(C4)C5CCCCC5)cc1,CHEMBL1094525,,6.03
Fc1ccc(Cn2c(nc3ccccc23)N4CCC(CC4)n5ccnc5)cc1,CHEMBL556449,4.14,6.86
Fc1ccc(Cn2c(NC3CCNCC3)nc4ccccc24)cc1,CHEMBL61301,,7.55
Fc1ccc(Cn2c(SCc3ccc(F)c(c3)C(F)(F)F)nnc2C(F)(F)F)cc1,CHEMBL1302643,4.70,
Fc1ccc(CN2CCN(CC2)[C@H](c3ccc(cc3)C(=O)N4CCC4)c5cccc(NC(=O)C6CC6)c5)cc1,CHEMBL1939739,,5.44
Fc1ccc(CNC(=O)c2cnc(Nc3cccc(Cl)c3)nc2C(F)(F)F)cc1,CHEMBL389908,5.30,
Fc1ccc(F)c(c1)[C@@]2(CC[C@H](CC2)NS(=O)(=O)C(F)(F)F)S(=O)(=O)c3ccc(Cl)cc3,CHEMBL372199,4.78,
Fc1ccc(F)c(c1)C(=O)N2CCC(CCN3CC[C@H](C3)NC(=O)CNC(=O)c4cccc(c4)C(F)(F)F)CC2,CHEMBL1092921,,5.00
Fc1ccc(N=C(NS(=O)(=O)c2ccccc2)c3ccc(Cl)cc3)c(F)c1,CHEMBL1549853,5.55,
Fc1ccc(NC(=O)c2cc(Cl)cc(Oc3cncc(c3)C#N)c2)nc1,CHEMBL2440639,5.77,
Fc1ccc(NC(=O)c2ccc(nc2)n3ccnc3)cc1,CHEMBL1573171,6.90,
Fc1ccc(NC(=O)c2cccn2c3ncc(cc3Cl)C(F)(F)F)c(F)c1,CHEMBL1466220,4.55,
Fc1ccc(NC(=O)CC2=NC(=CC(=O)N2)N3CCOCC3)cc1,CHEMBL2151821,4.40,
Fc1ccc(NC(=O)CC2N(CCc3ccncc3)C(=S)N(C2=O)c4ccc(Cl)cc4)cc1,CHEMBL1450860,5.90,
Fc1ccc(NC(=O)CCN2CCc3ccccc3C2)cc1,CHEMBL1386709,4.80,
Fc1ccc(NC(=O)CN2CCN(CC2)c3ccc(Cl)cc3)cc1F,CHEMBL1321719,4.60,
Fc1ccc(Nc2ccnc(n2)c3ccc4OCOc4c3)cc1,CHEMBL1357444,5.70,
Fc1ccc(Nc2ccnc(n2)c3ccccc3C(F)(F)F)cc1,CHEMBL1552329,4.90,
Fc1ccc(Nc2nc(nc3ccccc23)c4cocc4)cc1,CHEMBL1513578,5.40,
Fc1ccc(Oc2ccc(NC(=O)[C@@H]3C[C@@H](Cc4ccccc4)CN3C(=O)Cc5cnc[nH]5)cc2)cc1,CHEMBL2018481,5.15,
Fc1ccc(Oc2ccc(nc2)C(=O)N3CCCN(CC3)C4CCC4)cc1,CHEMBL1170953,,5.08
Fc1ccc(OC2CNC(C2)C(=O)N3CCCN(CC3)C4CCCC4)cc1,CHEMBL1823048,,5.34
Fc1ccc2[nH]c3nc4ccccc4c3nc2c1,CHEMBL1486831,4.85,
Fc1ccc2\C(=C\c3ccc4N([C@@H]5C[C@@H]6COCCN6C5)C(=O)Nc4c3)\c7ccccc7COc2c1,CHEMBL3775798,5.24,
Fc1ccc2C(=O)C=C(Oc2c1)C(=O)NC3CCN(CC3)C4CCc5cc6OC(=O)Nc6cc45,CHEMBL384111,,4.60
Fc1ccc2C(=O)C=C(Oc2c1)C(=O)NC3CCN(CC3)C4CCc5cc6OCC(=O)Nc6cc45,CHEMBL384919,,4.84
Fc1ccc2C(=O)C=C(Oc2c1)C(=O)NC3CCN(Cc4ccc(OCCCN5C(=O)CSC5=O)c(F)c4)CC3,CHEMBL245844,,5.07
Fc1ccc2C(=O)C=C(Oc2c1)C(=O)NC3CCN(Cc4ccc5C=CC(=O)Oc5c4)CC3,CHEMBL386281,,4.29
Fc1ccc2C(=O)C=C(Oc2c1)C(=O)NC3CCN(Cc4ccc5ncoc5c4)CC3,CHEMBL216524,,4.46
Fc1ccc2CCC(=O)N(CCCN3CCC(CC3)N4C(=O)Nc5ccccc45)c2c1,CHEMBL2059319,,5.24
Fc1ccc2cccc(N3CCN(CCCOc4ccc5CNCc5c4)CC3)c2c1,CHEMBL1258426,,6.03
Fc1ccc2N=C(NN=C(c3ccncc3)c2c1)c4ccc(Cl)cc4,CHEMBL1407910,5.75,
Fc1ccc2N=CC(=O)N3C[C@@H](CN4CCC(CC4)NCc5cc6OCCOc6nn5)c1c23,CHEMBL3794265,,4.38
Fc1ccc2nc(Nc3nc4CCCCc4s3)sc2c1,CHEMBL1547349,4.65,
Fc1ccc2OC(=CC(=O)c2c1)C(=O)NC3CCN(Cc4ccc5OCOc5c4)CC3,CHEMBL214731,,4.82
Fc1cccc([C@@H]2CC[C@@H](NC(=O)N3CCC4(CC3)OC(=O)Nc5ncccc45)c6ncc(CC(F)(F)F)n6C2)c1F,CHEMBL1770720,,5.48
Fc1cccc(c1)C(=O)N2CCC[C@@]3(CCN(C3)C(=O)Nc4cccc(c4)C#N)C2,CHEMBL1337829,5.00,
Fc1cccc(c1)C(=O)N2CCC[C@@]3(CCN(Cc4nccs4)C3)C2,CHEMBL1396559,5.10,
Fc1cccc(c1)C(=O)N2CCC3(CC2)CN(C3)C(=O)Nc4cccc(c4)C#N,CHEMBL1477443,5.00,
Fc1cccc(c1)C(=O)N2CCC3(CC2)CN(C3)c4cccc(c4)c5ccccc5,CHEMBL1408854,5.50,
Fc1cccc(c1)C(=O)N2CCC3(CCCN(C3)C(=O)Nc4ccccc4)CC2,CHEMBL1476604,4.80,
Fc1cccc(c1)C(=O)N2CCC3(CCCN(C3)c4cccc(c4)c5ccccc5)CC2,CHEMBL1488179,4.90,
Fc1cccc(c1)C(=O)N2CCC3(CCCN(C3)c4ccncc4)CC2,CHEMBL1601019,4.90,
Fc1cccc(c1)C(=O)N2CCC3(CCCN(Cc4ccc(cc4)C#N)C3)CC2,CHEMBL1612363,5.00,
Fc1cccc(c1)C(=O)Nc2ccc(cc2)c3oc(NCCCN4CCCCC4)nn3,CHEMBL2023916,,5.10
Fc1cccc(c1)c2ccc(Cc3ccncc3)cc2,CHEMBL1215732,6.18,
Fc1cccc(c1)N(C2CCN(CCC3(CCN(CC3)C(=O)c4c(Cl)cccc4Cl)c5cccc(F)c5)CC2)C(=O)NCc6ccc(cc6)C#N,CHEMBL1288674,,6.00
Fc1cccc(c1)N(C2CCN(CCC3(CCN(CC3)C(=O)c4c(F)cccc4F)c5cccc(F)c5)CC2)C(=O)NCc6ccc(cc6)C#N,CHEMBL1288673,,5.92
Fc1cccc(c1)S(=O)(=O)c2ccc3c4CCNC5(CCCOC5)c4oc3c2,CHEMBL1935601,,4.87
Fc1cccc(Cl)c1CSc2nc[nH]n2,CHEMBL1405892,5.35,
Fc1cccc(CN2CCC(CC2)Oc3ncnc4c3ccn4Cc5ccccc5)n1,CHEMBL2012294,,5.54
Fc1cccc(Cn2ccc3c(OC4CCN(Cc5cscn5)CC4)ncnc23)c1,CHEMBL2012260,,5.96
Fc1cccc(CNC(=O)NC2CCN(Cc3ccn(c3)c4ccc(cc4)C(F)(F)F)CC2)c1,CHEMBL550410,,5.92
Fc1cccc(F)c1NC(=O)CCN2C(=O)C3C4CC(C=C4)C3C2=O,CHEMBL1325411,5.40,
Fc1cccc(F)c1NC(=O)CSc2nc3ccccc3[nH]2,CHEMBL1708264,4.85,
Fc1cccc(NC(=O)N2CCC3(CC2)CCN(CC3)C(=O)c4ccncc4)c1,CHEMBL1354372,4.90,
Fc1cccc(NC(=O)N2CCCC3(CCN(CC3)C(=O)c4cccc(F)c4)C2)c1,CHEMBL1475004,4.80,
Fc1cccc(NC(=O)N2CCCC3(CCN(CC3)S(=O)(=O)c4ccccc4)C2)c1,CHEMBL1320662,4.90,
Fc1cccc(NC(=O)Nc2ccc(cc2)c3ccnc4[nH]cnc34)c1,CHEMBL1951323,6.15,
Fc1cccc(NC(=O)NNC(=O)C2CC(=NO2)c3cccnc3)c1,CHEMBL1711282,4.85,
Fc1cccc2C(=O)N(CCc3ccccn3)C(C(=O)NCc4ccc(OC(F)(F)F)cc4)c12,CHEMBL2164368,,5.25
Fc1cccc2CCC(=O)N(CCCN3CCC(CC3)N4C(=O)Nc5ccccc45)c12,CHEMBL2059320,,5.10
Fc1ccccc1C(=O)NC(=S)N(Cc2ccccc2)Cc3ccccc3,CHEMBL1340482,4.80,
Fc1ccccc1C(=O)Nc2ccc(cc2)c3oc(NCCCN4C[C@@H]5CC[C@H]4C5)nn3,CHEMBL2022504,,5.20
Fc1ccccc1C(C#N)(N2CCOCC2)c3ncc(cc3Cl)C(F)(F)F,CHEMBL1469707,4.65,
Fc1ccccc1c2c[nH]c(n2)[C@H]3Cc4c([nH]c5ccccc45)[C@H](N3)C6CCOCC6,CHEMBL3774495,,6.31
Fc1ccccc1Cn2ccc3c(OC4CCN(Cc5ccccn5)CC4)ncnc23,CHEMBL2012298,,5.75
Fc1ccccc1COC2=CC(=O)N(C=C2)c3ccc(OCCN4CCCC4)cc3,CHEMBL1642471,,8.37
Fc1ccccc1N2C[C@@]3(CC[C@@H](CC3)c4nc5cc(OC(F)(F)F)ccc5[nH]4)OC2=O,CHEMBL1289268,,5.20
Fc1ccccc1OC(CC2CNC2)c3ccc(Cl)c(F)c3,CHEMBL3310484,6.15,5.85
Fc1cccnc1c2ccc3[nH]nc(c4cncc(O[C@H]5CNCCC56CC6)n4)c3c2,CHEMBL3393710,,5.52
FC1CCN(CCCNc2oc(nn2)c3ccc(NC(=O)c4ccccc4F)cc3)CC1,CHEMBL2022503,,5.10
Fc1cnc(CCN2C(C(=O)NCc3cccc(OC(F)(F)F)c3)c4ccccc4C2=O)nc1,CHEMBL2164042,,4.62
Fc1cnc2C=CC(=O)N3C[C@@](F)(CN4CCC(CC4)NCc5cc6OCCOc6cn5)c1c23,CHEMBL2424930,,4.80
Fc1cnc2C=CC(=O)N3C[C@@H](CN4CCC(CC4)NCc5cc6OCCOc6cn5)c1c23,CHEMBL2424931,,4.24
Fc1cnc2ccc(OCCCC#N)nc2c1CCC34CCC(CC3)(CO4)NCc5ccc6OCC(=O)Nc6n5,CHEMBL3605024,,5.05
Fc1cnccc1c2ncc(NC(=O)C3CC3)nc2c4cccnc4,CHEMBL1672627,5.30,
Fc1cnccc1c2ncc(NC(=O)C3CC3)nc2c4ccncc4,CHEMBL1672630,6.00,
Fc1ncccc1c2cc3sc(nc3cn2)N4CCC(CC4)N5CCCCC5,CHEMBL582876,,5.87
FCCNC(=O)[C@H]1C[C@@H]1[C@H](NP(=O)(c2ccccc2)c3ccccc3)c4ccccc4,CHEMBL1486902,5.40,
Ic1cc(C[C@@H](NC(=O)N2CCC(CC2)N3Cc4ccccc4NC3=O)C(=O)N5CCC(CC5)N6CCCCC6)cc7OC(=O)Nc17,CHEMBL2336415,4.50,
Ic1ccc(NC(=N)NC2C3CC4CC(CC2C4)C3)cc1,CHEMBL1484738,4.80,
Ic1cccc2c(cccc12)S(=O)(=O)N3CCCNCC3,CHEMBL249089,4.90,
N#Cc1c2CCCc2c(n3cnc4ccccc34)n5c6ccccc6nc15,CHEMBL1487421,5.50,
N#Cc1ccc(CN2CC[C@@]3(CCCNC3)C2)cc1,CHEMBL1356003,4.50,
N#Cc1cccc(c1)c2cc(NCc3cccs3)ncn2,CHEMBL1555396,5.80,
N#Cc1cccc(c1)c2cc(ncn2)n3ccnc3,CHEMBL1475131,6.40,
N#Cc1cccc(c1)c2cncnc2n3ccnc3,CHEMBL1314288,5.60,
N#Cc1cccc(c1)c2nc(N3CCNCC3)c4ccccc4n2,CHEMBL1437159,4.50,
N#Cc1cccc(c1)c2nc(NCCN3CCOCC3)c4ccccc4n2,CHEMBL1596170,4.90,
N#Cc1cccc(c1)c2nccc(NCc3cccs3)n2,CHEMBL1568250,5.00,
N#Cc1ccccc1c2ccc3ncnc(NCCN4CCOCC4)c3c2,CHEMBL1396326,5.00,
N#Cc1ccccc1c2cncnc2NCc3cccnc3,CHEMBL1556045,6.70,
N#Cc1nc(oc1NCCN2CCOCC2)c3ccc(OCc4ccccc4)cc3,CHEMBL1335059,5.40,
N#CSc1ccc2oc(cc2c1)C3=NCCN3,CHEMBL157351,4.90,
N(c1ccccc1)c2ccc3ccccc3c2,CHEMBL1543632,4.60,
N(c1ccccc1)c2nc(nc3ccccc23)c4cocc4,CHEMBL1568575,4.70,
N.CCN(CC)C(C)CCCNc1nccc(NCc2ccc(Cl)cc2Cl)n1,CHEMBL233047,,6.52
N[C@@H]([C@@H]1CC[C@H](CC1)NC(=O)c2cccc3ccccc23)C(=O)N4CCCC4,CHEMBL3084944,,4.77
N[C@@H]([C@@H]1CC[C@H](CC1)NC(=O)OCc2ccccc2)C(=O)N3CCCC3,CHEMBL22679,,4.40
N[C@@H]([C@@H]1CC[C@H](CC1)NS(=O)(=O)c2ccc(F)cc2F)C(=O)N3CC[C@@H](F)C3,CHEMBL283309,,4.28
N[C@@H]([C@@H]1CC[C@H](CC1)NS(=O)(=O)c2ccc(F)cc2F)C(=O)N3CC[C@H](F)C3,CHEMBL22310,,4.31
N[C@@H](C(=O)O)c1cc(O)ccc1Cl,CHEMBL1611192,4.80,
N[C@@H](C1CC1)C(=O)N2CC(=C[C@H]2c3ccccc3)c4cc(F)ccc4F,CHEMBL204459,,5.19
N[C@@H](C1CCCCC1)C(=O)N2CCSC2,CHEMBL23223,,4.55
N[C@@H](CC(=O)N1C[C@@H](F)C[C@H]1C#N)Cc2cc(F)c(F)cc2F,CHEMBL3330060,4.25,4.01
N[C@@H](CC(=O)N1CCN(CC1)C(=O)c2ccc(cc2)C(=O)O)Cc3cc(F)c(F)cc3F,CHEMBL2069844,6.00,
N[C@@H](CC=C)C(=O)O,CHEMBL1229875,4.40,
N[C@@H](CC1=CS(=O)(=O)c2ccc(Cl)cc12)C(=O)O,CHEMBL1482527,5.30,
N[C@@H](CN1C(=O)N(Cc2c(F)cccc2C(F)(F)F)C=C(C1=O)c3ccc(COC(=O)CO)cc3)c4ccccc4,CHEMBL499026,6.92,
N[C@@H](CN1C(=O)N(Cc2c(F)cccc2C(F)(F)F)C=C(C1=O)c3ccc(CSCC(=O)O)cc3)c4ccccc4,CHEMBL499589,4.80,
N[C@@H](CN1C(=O)N(Cc2c(F)cccc2C(F)(F)F)C=C(C1=O)c3cccc(OCCCCCC(=O)O)c3F)c4ccccc4,CHEMBL444989,4.60,
N[C@@H]1C[C@H]1c2ccccc2,CHEMBL1179,5.10,
N[C@@H]1CCCN(C1)C2=Nc3cc(Cl)ccc3C(=O)N2Cc4ccccc4C#N,CHEMBL228004,6.60,
N[C@@H]1CCCN(C1)C2=Nc3ccc(F)cc3C(=O)N2Cc4ccccc4C#N,CHEMBL425483,5.60,
N[C@@H]1CCCN(C1)C2=Nc3ccccc3C(=O)N2Cc4ccccc4C#N,CHEMBL227954,5.70,
N[C@@H]1CCN(O)C1=O,CHEMBL335231,5.50,
N[C@@H]1CO[C@H]1COc2ccc3ncc(F)c(CCC45CCC(CC4)(CO5)NCc6ccc7OCC(=O)Nc7n6)c3n2,CHEMBL3605017,,4.75
N[C@H](C(=O)N1[C@@H](C[C@@H]2C[C@H]12)C#N)C34CC5CC(CC(C5)C3)C4,CHEMBL3350935,4.70,
N[C@H](Cc1ccc(cc1)N(CCCl)CCCl)C(=O)O,CHEMBL250892,5.00,
N[C@H](Cc1ccc(Cl)cc1)C(=O)O,CHEMBL1355710,5.00,
N[C@H](CCC(=O)N)C(=O)O,CHEMBL1232207,4.90,
N[C@H](CCP(=O)(O)O)C(=O)O,CHEMBL1319383,4.40,
N[C@H]1[C@@H](CNC1=O)Oc2ccc3ncc(F)c(CCC45CCC(CC4)(CO5)NCc6ccc7OCC(=O)Nc7n6)c3n2,CHEMBL3605023,,4.40
N[C@H]1CCCC[C@H]1Nc2cc(Nc3cccc(n3)C4CC4)c(nn2)C(=O)N,CHEMBL3237558,,5.40
N[C@H]1CCCC[C@H]1Nc2cnc(C(=O)N)c(Nc3cccc(n3)C(F)(F)F)c2,CHEMBL3415592,,6.22
N[C@H]1CCCC[C@H]1Nc2nnc(C(=O)N)c(Nc3cccc4[nH]ccc34)n2,CHEMBL3416027,,5.43
N[C@H]1Cn2c(C[C@@H]1c3cc(F)c(F)cc3F)nc4cnc(cc24)C(F)(F)F.OC(=O)C(F)(F)F.OC(=O)C(F)(F)F,CHEMBL541438,,4.24
N[C@H]1Cn2c(C[C@@H]1c3cc(F)c(F)cc3F)nc4cnc(F)cc24.OC(=O)C(F)(F)F.OC(=O)C(F)(F)F,CHEMBL559477,,4.09
N[C@H]1CO[C@H]1COc2ccc3ncc(F)c(CCC45CCC(CC4)(CO5)NCc6ccc7OCC(=O)Nc7n6)c3n2,CHEMBL3605020,,4.62
N[C@H]1COC[C@@H]1Oc2ccc3ncc(F)c(CCC45CCC(CC4)(CO5)NCc6ccc7OCC(=O)Nc7n6)c3n2,CHEMBL3605015,,5.55
N\C(=C(/C#N)\c1cc(O)c(O)c(O)c1)\C=C(C#N)C#N,CHEMBL1376723,4.60,
N=C1CCC[C@@H]1C(=S)SCCC#N,CHEMBL1322549,5.60,
NC(=N)N\N=C(\c1ccccc1)/c2ccc(O)cc2O,CHEMBL1434975,5.40,
NC(=N)NC(=O)c1ccc(C2CCN(CC2)C(=O)c3ccc(cc3)C(=O)N)c(c1)C(F)(F)F,CHEMBL2170638,4.61,
NC(=N)NC(=O)c1ccc(C2CCN(CC2)C(=O)c3ccc(F)cc3)c(c1)C(F)(F)F,CHEMBL2170643,5.22,
NC(=N)NC(=O)c1ccc(C2CCN(CC2)C(=O)c3cccc(c3)C#N)c(c1)C(F)(F)F,CHEMBL2170630,4.66,
NC(=N)SCc1cccc2C(=O)C=C(Oc12)c3ccccc3,CHEMBL1374763,5.50,
NC(=NO)CC(=O)Nc1cc(ccc1Cl)C(F)(F)F,CHEMBL1439455,5.40,
NC(=NOC(=O)Cc1ccc(cc1)c2ccccc2)c3cccc(c3)[N+](=O)[O-],CHEMBL1522767,4.85,
NC(=NOC(=O)COc1cccc2ccccc12)Cc3ccc(cc3)[N+](=O)[O-],CHEMBL1583793,4.80,
NC(=O)[C@@]12CC3CC(C1)[C@H](OC(=O)N4CC[C@@H](C4)Nc5ccc(cn5)C#N)C(C3)C2,CHEMBL1270110,4.58,
NC(=O)[C@@]12CC3CC(C1)[C@H](OC(=O)N4CC[C@@H](C4)Nc5ccc(cn5)C(F)(F)F)C(C3)C2,CHEMBL1269894,4.99,
NC(=O)[C@@]12CC3CC(C1)[C@H](OC(=O)N4CC[C@@H](C4)Nc5ncccc5C#N)C(C3)C2,CHEMBL1270002,4.73,
NC(=O)[C@@]12CC3CC(C1)[C@H](OC(=O)N4CC[C@H](C4)Nc5cccc(n5)C(F)(F)F)C(C3)C2,CHEMBL1271427,5.32,
NC(=O)C(NC1=C(Nc2ccncc2)C(=O)C1=O)c3ccccc3,CHEMBL467079,5.07,
NC(=O)C1(CC1)NCCCc2cc(nc(n2)C#N)c3cccc(c3)C(F)(F)F,CHEMBL1270366,,5.80
NC(=O)C1(CCC1)NCCCc2cc(nc(n2)C#N)c3cccc(c3)C(F)(F)F,CHEMBL1270367,,5.60
NC(=O)C1(CCN(CC1)C(=O)C2=CC=CN3C(=O)c4cc(Cl)ccc4N=C23)N5CCCCC5,CHEMBL1452192,4.95,
NC(=O)c1ccc(cc1)C2=CC3(CCNCC3)Oc4ccccc24,CHEMBL550063,,4.94
NC(=O)c1ccc(cc1)S(=O)(=O)c2ccc(\C=C\c3ccc(F)cc3F)cc2,CHEMBL1082467,,5.10
NC(=O)c1cccc(c1)[S+]([O-])[C@H]2C[C@H]3CC[C@@H](C2)N3Cc4ccccc4,CHEMBL1223955,,4.70
NC(=O)c1cccc(c1)S(=O)(=O)C2CCN(CCc3ccc(F)cc3F)CC2,CHEMBL146485,,5.15
NC(=O)c1cccc(O[C@@H]2C[C@H]3CC[C@@H](C2)N3Cc4ccccn4)c1,CHEMBL1258164,,8.72
NC(=O)c1cccc(O[C@@H]2C[C@H]3CC[C@@H](C2)N3Cc4cccnc4)c1,CHEMBL1258048,,8.46
NC(=O)c1cccc(O[C@@H]2C[C@H]3CC[C@@H](C2)N3CCc4ccccc4)c1,CHEMBL1257698,,9.42
NC(=O)c1cccc(O[C@H]2C[C@H]3CC[C@@H](C2)N3CC4CCCCC4)c1,CHEMBL1223816,,5.70
NC(=O)c1ccccc1,CHEMBL267373,8.30,
NC(=O)c1ccccc1NC(=O)\C=C\c2cccc(Cl)c2,CHEMBL1310409,4.55,
NC(=O)c1ccccc1O[C@H]2C[C@H]3CC[C@@H](C2)N3Cc4ccccc4,CHEMBL1224213,,6.47
NC(=O)C1CCN(CC1)c2ccc(cc2[N+](=O)[O-])C(F)(F)F,CHEMBL1379481,5.30,
NC(=O)C1CCN(Cc2ccc(Oc3nc4ccccc4s3)cc2)CC1,CHEMBL517533,,5.82
NC(=O)c1ccnc(O[C@H]2C[C@H]3CC[C@@H](C2)N3Cc4ccccc4)c1,CHEMBL1224066,,6.00
NC(=O)c1cnc(NC(C2CC2)C3CC3)c4c5ccc(cc5[nH]c14)c6cnc(N)cn6,CHEMBL1835148,,6.14
NC(=O)c1cncc(Oc2c(Cl)cc(NS(=O)(=O)c3ccc(Cl)cc3Cl)cc2Cl)c1,CHEMBL2338481,7.52,
NC(=O)CN1C(=O)C(=C(c2cc(Cl)ccc2O)c3cc(ccc13)C(F)(F)F)CCO,CHEMBL371409,4.30,
NC(=O)CN1CCC2(CCN(CC2)c3ccc(cn3)C(=O)Nc4cc(ccc4N)c5cccs5)C1,CHEMBL471220,,7.01
NC(=O)CNCCC(c1ccccc1)c2ccccc2,CHEMBL1255662,5.70,
NC(=O)N\N=C/c1oc(cc1)[N+](=O)[O-],CHEMBL1591712,4.90,
NC(C(=O)N1CCC(CC1)Nc2ccc3[nH]ncc3c2)c4cccc(Cl)c4,CHEMBL392609,6.77,
NC(C(=O)N1CCN(CC1)c2ccc3[nH]ncc3c2)c4ccc(Br)cc4,CHEMBL240867,6.39,
NC(C(=O)N1CCN(CC1)c2ccc3[nH]ncc3c2)c4cccc(Cl)c4,CHEMBL240645,6.60,
NC(C(=O)NC1C2SCC(=C(N2C1=O)C(=O)O)Cl)c3ccccc3,CHEMBL1474918,4.40,
NC(Cc1c[nH]c2ccccc12)C(=O)O,CHEMBL484901,4.90,
NC(Cc1ccc(cc1)N(CCCl)CCCl)C(=O)O,CHEMBL429405,5.40,
NC[C@@]1(CC[C@@H](CC1)N2CCc3c(nc(nc3C2=O)C(F)(F)F)C4CC4)c5cccc(Cl)c5,CHEMBL3112968,,6.59
NC[C@@H]1CC[C@@]2(CC1)OOC3(O2)C4CC5CC(CC3C5)C4,CHEMBL536636,5.01,
NC[C@](O)(CS(=O)(=O)O)c1ccc(Cl)cc1,CHEMBL1556176,6.00,
NC[C@H]1C[C@@H]1c2cc(Cl)ccc2OCC=C.OC(=O)C(F)(F)F,CHEMBL3416047,,6.57
NC1(CCN(CC1)c2ncnc3[nH]ccc23)C(=O)NC(C4CC4)c5ccc(Cl)cc5,CHEMBL2325983,,5.59
NC1(CCN(CC1)c2ncnc3[nH]ccc23)C(=O)NC(CCCN4CCOCC4)c5ccc(Cl)cc5,CHEMBL2325995,,4.13
NC1(CCN(CC1)c2ncnc3[nH]ccc23)C(=O)NC(CCCO)c4ccc(Cl)cc4,CHEMBL2325739,,4.24
NC1=C(C#N)C(C2=C(O1)\C(=C\c3ccccc3)\CC2)c4ccccc4,CHEMBL1499214,4.40,
NC1=CC(=CNC1=O)c2ccncc2,CHEMBL12856,4.70,
NC1=CC(=O)N=C(N)N1,CHEMBL1255934,5.90,
NC1=N[C@@](c2cccc(c2)c3cncnc3)(c4ccnc(c4)C(F)F)c5cc(F)cc(F)c15,CHEMBL2177914,,4.72
NC1=N[C@@]2(CO1)c3cc(ccc3Oc4c(F)nc(cc24)N5CCC(F)(F)C5)c6cccnc6F,CHEMBL3394226,,5.25
NC1=NC(=O)N(C=C1)[C@@H]2O[C@H](CO)[C@@H](OP(=O)(O)O)[C@H]2O,CHEMBL258728,5.10,
NC1=NC(c2ccncc2)(c3cccc(c3)c4cncnc4)c5cccc(F)c15,CHEMBL2177309,,5.24
NC1=NC2(CO1)c3cc(Br)ccc3OC(Cc4ccccc4)C25COC5,CHEMBL3703220,,5.10
NC1=NC2(CO1)c3cc(ccc3OCC24CC4)c5cc(Cl)cnc5F,CHEMBL3703298,,5.49
NC1=NC2(CO1)c3cc(ccc3OCC24CC4)c5cnc6[nH]ccc6c5,CHEMBL3703262,,5.04
NC1=NC2(CO1)c3cc(ccc3OCC24CC4)c5cncc(c5)C6CC6,CHEMBL3703258,,5.46
NC1=NC2(CO1)c3cc(ccc3OCC24CC4)c5cncc(Cl)c5,CHEMBL3703301,,5.54
NC1=NC2(CO1)c3cc(ccc3OCC24CC4)c5cncc(OC(F)F)c5,CHEMBL3703261,,5.56
NC1=NC2(CO1)c3cc(ccc3OCC24CC4)c5cncc(OCC(F)(F)C(F)F)c5,CHEMBL3703265,,5.78
NC1=NC2(CO1)c3cc(ccc3OCC24CC4)c5cncc(OCC(F)(F)F)c5,CHEMBL3703259,,5.24
NC1=NC2(CO1)c3cc(ccc3OCC24CC4)c5cncc(OCC(F)F)c5,CHEMBL3703260,,5.16
NC1=NC2(CO1)c3cc(ccc3OCC24CCC4)c5cncnc5,CHEMBL3703295,,5.28
Nc1c(Br)cc(cc1[N+](=O)[O-])[N+](=O)[O-],CHEMBL167513,4.60,
Nc1c(C#N)sc2nc(cc(c3ccc(Cl)cc3)c12)c4cccs4,CHEMBL1479144,5.85,
Nc1c(cnn1c2ccc(F)cc2)C(=O)NCC(O)(CN(CCF)C(=O)c3c(F)cccc3F)C(F)(F)F,CHEMBL464245,6.30,
Nc1c(cnn1c2ccc(F)cc2)C(=O)NCC(O)(CN(CCO)C(=O)c3c(F)cccc3F)C(F)(F)F,CHEMBL517933,4.12,
Nc1c(sc2nc3CCCC(=O)c3cc12)C(=O)NCc4ccccc4,CHEMBL1606201,4.60,
Nc1c2C(=O)OC(=Cc2nn1c3ccccc3)c4ccccc4,CHEMBL1543685,4.60,
Nc1cc(CN2CCC(CC2)C(=O)N3CCC(CC3)N4C(=O)N(CCCC(F)(F)F)c5cc(F)ccc45)ccn1,CHEMBL2437423,4.52,
Nc1cc(CN2CCC(CC2)C(=O)N3CCC(CC3)N4C(=O)N(CCN5CCOCC5)c6ccccc46)ccn1,CHEMBL2437421,4.52,
Nc1cc(CN2CCC(F)(CC2)C(=O)N3CCC(CC3)N4Cc5ccccc5Cc6ccccc46)ccn1,CHEMBL2436616,4.75,
Nc1cc(N)nc(SCC(=O)NNC(=O)c2ccc(Cl)cc2)n1,CHEMBL1406495,4.85,
NC1CC1COc2ccc3ncc(F)c(CCC45CCC(CC4)(CO5)NCc6ccc7OCC(=O)Nc7n6)c3n2,CHEMBL3605139,,6.70
Nc1ccc(C(=O)O)c(O)c1.Nc2ccc(C(=O)O)c(O)c2,CHEMBL1343453,5.10,
Nc1ccc(cc1)C(=C2C=CC(=N)C=C2)c3ccc(N)cc3,CHEMBL1368322,5.50,
Nc1ccc(cc1)c2ccc(NC(=O)Nc3ccc(cc3)c4ccnc5[nH]cnc45)cc2,CHEMBL1951446,6.70,
Nc1ccc(cc1)c2nc3c(Cl)c(N)ccc3[nH]2,CHEMBL1530272,6.00,
Nc1ccc(cc1)S(=O)(=O)Nc2ccnn2c3ccccc3,CHEMBL1109,5.10,
Nc1ccc(cc1N)c2cccs2,CHEMBL495702,,5.80
Nc1ccc(cc1NC(=O)c2ccc(CN3CCC4(CCCN4)CC3)cc2)c5cccc(F)c5,CHEMBL473475,,6.78
Nc1ccc(cc1NC(=O)c2ccc(CNC(=O)CCc3cccnc3)cc2)c4ccccc4,CHEMBL253869,,5.43
Nc1ccc(cc1NC(=O)c2ccc(nc2)N3CCC4(CC3)CCN(C4)c5ncccn5)c6cccs6,CHEMBL470798,,6.12
Nc1ccc(cc1NC(=O)c2ccc(nc2)N3CCC4(CC3)CNC4=O)c5cccs5,CHEMBL470791,,4.96
Nc1ccc(cc1NC(=O)c2ccc(nc2)N3CCC4(CC3)CNc5ccccc45)c6cccs6,CHEMBL511625,,4.99
Nc1ccc(cc1NC(=O)c2ccc(nc2)N3CCC4(CCN(CC(=O)O)C4)CC3)c5cccs5,CHEMBL471219,,5.50
Nc1ccc(cc1NC(=O)c2ccc(nc2)N3CCC4(CCN(CCO)C4)CC3)c5cccs5,CHEMBL513250,,6.77
Nc1ccc(cc1NC(=O)c2ccc(nc2)N3CCC4(CCNC4)CC3)c5cccs5,CHEMBL513568,,6.10
Nc1ccc(cc1NC(=O)c2ccc(nc2)N3CCC4(CCNC4=O)CC3)c5cccs5,CHEMBL469514,,5.06
Nc1ccc(Cc2ccc(N)c(Cl)c2)cc1Cl,CHEMBL82846,5.30,
Nc1ccc(Cc2ccc(N)cc2)cc1,CHEMBL85728,4.60,
Nc1ccc(cn1)c2cnc3[nH]cc(c4ccc5[nH]ccc5c4)c3c2,CHEMBL2436981,5.38,
Nc1ccc(cn1)c2cnc3nc(sc3c2)N4CCC(CC4)N5CCCCC5,CHEMBL575241,,4.71
Nc1ccc(cn1)S(=O)(=O)N2CCN(CC2)c3ncc(cc3c4cccnc4)C(O)(C(F)(F)F)C(F)(F)F,CHEMBL3319549,4.57,
Nc1ccc(nc1)[C@@H]2CC[C@H](CC2)N3CC(C3)NC(=O)CNC(=O)c4cccc(c4)C(F)(F)F,CHEMBL1829627,,4.43
Nc1ccc(O)cc1,CHEMBL1142,4.60,
Nc1ccc2[nH]c(SCc3ccccn3)nc2c1,CHEMBL2019026,6.28,
Nc1ccc2ccccc2c1,CHEMBL278164,4.90,
Nc1cccc(c1)c2c(O)ccc3cc(ccc23)c4cccc(O)c4,CHEMBL1650654,5.97,
Nc1cccc(N)c1,CHEMBL1595914,4.50,
Nc1cccc2c(N)cccc12,CHEMBL538965,4.80,
Nc1cccc2ccccc12,CHEMBL57394,4.50,
Nc1ccccc1C(=O)\C=C/c2ccc3OCOc3c2,CHEMBL1376212,5.50,
Nc1ccccc1C(=O)OCC(=O)Nc2ccc(Br)cc2F,CHEMBL1471064,4.85,
Nc1ccccc1NC(=O)\C=C\c2ccc(cc2)[C@H]3CN(CCO)C[C@@H]3C(=O)Nc4ccc(Cl)cc4,CHEMBL2178221,5.70,4.82
Nc1ccccc1NC(=O)c2ccc(cc2)C3CCN(CCC(=O)Nc4ccccc4F)CC3,CHEMBL409494,5.00,
Nc1ccccc1NC(=O)c2ccc(cc2)c3ncc(CN4CCC4)cc3Cl,CHEMBL255245,,4.65
Nc1ccccc1NC(=O)c2ccc(nc2)N3CCC4(CC3)N(CNC4=O)c5ccccc5,CHEMBL487346,,4.52
NC1CCN(CC1)C(=O)[C@H](Cc2ccc(Br)cc2)NC(=O)C3(CC3)c4ccc(Cl)cc4Cl,CHEMBL2163823,5.10,
Nc1ccnc(c1)N2CCC(CC2)N3C(=O)N(c4ccccc4)c5cccnc35,CHEMBL522854,,6.04
Nc1ccnc(c1)N2CCC(CC2)N3C(=O)N(CC4CC4)c5cccnc35,CHEMBL523504,,6.13
Nc1ccnc(Nc2ccc(Oc3ccc(cc3)C(F)(F)F)cc2)n1,CHEMBL2012037,,6.05
Nc1ccnc(Nc2ccc(Oc3ccc(Cl)cc3)cc2)c1,CHEMBL2012014,,7.30
Nc1cncc(Nc2ccc(Oc3ccc(cc3)C(F)(F)F)cc2)n1,CHEMBL2012044,,5.55
Nc1cncc(Nc2ccc(Oc3ccc(F)cc3)cc2)n1,CHEMBL2012040,,5.96
Nc1n[nH]c(SCC(=O)Nc2ccccc2Sc3ccc(Cl)cc3)n1,CHEMBL1611048,6.15,
Nc1n[nH]c2nc(cnc12)c3ccc(NS(=O)(=O)c4cc(Cl)ccc4F)cc3,CHEMBL3092468,4.54,
Nc1nc(Br)c2c(F)cccc2c1c3ccccc3,CHEMBL1466277,4.85,
Nc1nc(CC(=O)Nc2ccc(C[C@@H]3CC[C@@H](N3)[C@H](O)c4ccccc4)cc2)cs1,CHEMBL1684585,,4.72
Nc1nc(N2CCNCC2)c3ccc(cc3n1)C4CCCC4,CHEMBL2376789,,5.47
Nc1nc(S)nc2c3ccccc3CC4(CCCC4)c12,CHEMBL1609472,4.70,
Nc1nc(SCc2ccccc2[N+](=O)[O-])c3[nH]cnc3n1,CHEMBL64569,5.50,
Nc1nc(SCCc2ccccc2)c3nc[nH]c3n1,CHEMBL1437990,5.60,
Nc1nc2[C@@H](CCc2s1)C(=O)Nc3ccc(C[C@@H]4CC[C@@H](N4)[C@H](O)c5ccc(F)cc5)cc3,CHEMBL3128200,,5.25
Nc1nc2[C@@H](CCc2s1)C(=O)Nc3ccc(C[C@@H]4CC[C@@H](N4)[C@H](O)c5cccc(Cl)c5)cc3,CHEMBL3128198,,5.82
Nc1nc2cc3CCN(Cc4ccc(F)cc4)CCc3cc2s1,CHEMBL2326477,,5.44
Nc1nc2cc3CCN(Cc4cscn4)CCc3cc2s1,CHEMBL2326469,,4.82
Nc1nc2cc3CCN(CCc3cc2s1)C4CC4,CHEMBL2326490,,4.89
Nc1nc2ccc(NCC(F)(F)F)nc2n1CC(O)c3ccc(Cl)cc3Cl,CHEMBL3289807,,5.46
Nc1nc2ccc(OC(F)(F)F)cc2s1,CHEMBL744,4.50,
Nc1ncc(c2cnn(CCO)c2)c3scc(c4ccc(NC(=O)Nc5cccc(F)c5)cc4)c13,CHEMBL1980297,,6.00
Nc1ncc(cc1c2ccc(cc2)C(F)(F)F)c3ccc(cc3)C(=O)N4CCNCC4,CHEMBL2181298,,5.26
Nc1ncc(cc1c2ccc(cc2)C(F)(F)F)c3ccc(cc3)C(=O)N4CCOCC4,CHEMBL2181489,,5.52
Nc1ncc(cc1c2ccc(nc2)C(F)(F)F)c3ccc(cc3)C(=O)N4CCNCC4,CHEMBL2181297,,4.71
Nc1ncc(nc1C(=O)Nc2ccccc2)c3cccnc3,CHEMBL1765107,5.70,
Nc1nccc(Oc2ccc(NC(=O)NC(=O)Cc3ccc(F)cc3)cc2F)c1C#C,CHEMBL502531,6.10,
Nc1nccn2c(nc(c3ccc4ccc(nc4c3)c5ccccc5)c12)[C@@H]6C[C@@H](C6)N7CCOCC7,CHEMBL258648,4.92,
Nc1ncnc(Nc2ccc(Oc3ccc(Cl)cc3)cc2)n1,CHEMBL2011947,,5.64
Nc1ncnc2c1ncn2[C@@H]3O[C@H]([C@H](O)[C@@H]3O)C(=O)NC4CC4,CHEMBL1516939,6.00,
Nc1nonc1c2noc(CCCN3C(=O)c4ccccc4C3=O)n2,CHEMBL1307447,5.10,
NCC#Cc1c(N)nccc1Oc2ccc(NC(=O)NC(=O)Cc3ccc(F)cc3)cc2F,CHEMBL526929,5.75,
NCC[C@@H]1C[C@H](c2ccc(Cl)c(Cl)c2)c3ccccc3C1,CHEMBL1642913,,5.82
NCC1CCC(CNc2nc(NCc3ccccc3Cl)ncc2[N+](=O)[O-])CC1,CHEMBL246970,5.85,
NCC1CCC(O1)c2cccnc2,CHEMBL3640764,4.19,
NCCC(=O)NCCc1c[nH]cn1,CHEMBL461024,4.40,
NCCCCCC(=O)NCc1cccnc1,CHEMBL3814729,5.00,
NCCCCCCNS(=O)(=O)c1ccc2c(Cl)cccc2c1,CHEMBL1591209,4.90,
NCCCP(=O)(O)O,CHEMBL286077,6.80,
NCCNC(=O)c1ncsc1c2cccc(F)c2,CHEMBL1488153,4.50,
NCCNS(=O)(=O)c1ccc(N)cc1,CHEMBL1363331,5.30,
NNC(=O)Cc1cccnc1,CHEMBL1327459,5.50,
NNC(=O)CNc1cccc(Br)c1,CHEMBL1445913,5.60,
NNc1nncc2ccccc12,CHEMBL276832,4.90,
NNCCc1ccccc1,CHEMBL1089,5.10,
NS(=O)(=O)c1cc2c(NC(CSCC=C)NS2(=O)=O)cc1Cl,CHEMBL599870,4.40,
NS(=O)(=O)c1ccc(cc1)N=Nc2ncccc2O,CHEMBL1565914,5.40,
NS(=O)(=O)c1ccc(CNC(=O)\C=C\c2c(Cl)cccc2Cl)cc1,CHEMBL1380635,4.80,
O.Br.Nc1nc(cs1)c2ccccc2,CHEMBL1570415,4.70,
O.O.Cl.COc1ccc2c3CCN=C(C)c3[nH]c2c1,CHEMBL1494278,5.60,
O.O.O.[Cl-].CN(C)c1ccc2N=C3C=CC(=[N+](C)C)C=C3Sc2c1,CHEMBL550495,4.80,
O[C@@](Cn1cnnn1)(c2ccc(F)cc2F)C(F)(F)c3ccc(cn3)c4ccc(cc4)C(F)(F)F,CHEMBL3311226,4.27,
O[C@@](Cn1cnnn1)(c2ccc(F)cc2F)C(F)(F)c3ccc(cn3)c4ccc(OC(F)(F)F)cc4,CHEMBL3311227,4.10,
O[C@@]1(CC[C@@H](CC1)N2CC(C2)NC(=O)CNC(=O)c3cccc(c3)C(F)(F)F)c4ccc(F)cc4,CHEMBL1829629,,5.55
O[C@@]1(CC[C@H](CC1)N[C@H]2CCN(C2)C(=O)CNC(=O)c3cccc(c3)C(F)(F)F)c4ccc(cn4)c5ccncc5,CHEMBL2029419,,4.89
O[C@@]1(CC[C@H](CC1)N2CC(C2)NC(=O)CNC(=O)c3cccc(c3)C(F)(F)F)c4ccc(nc4)C#N,CHEMBL2204242,,4.90
O[C@@]1(CC[C@H](CC1)N2CC(C2)NC(=O)CNC(=O)c3cccc(c3)C(F)(F)F)c4ccc(OCC(F)(F)F)nc4,CHEMBL2204250,,5.16
O[C@@]1(CC[C@H](CC1)N2CC(C2)NC(=O)CNc3cc(nc4ccc(cc34)C(F)(F)F)C(F)(F)F)c5cncs5,CHEMBL2315939,,4.44
O[C@@]1(CC23CCC(CC2)(CO3)NC\C=C\c4cc(F)ccc4F)CN5C(=O)C=Cc6ncc(F)c1c56,CHEMBL3425935,,8.10
O[C@@]1(CC23CCC(CC2)(CO3)NC\C=C\c4ccc(F)cc4)CN5C(=O)C=Cc6ncc(F)c1c56,CHEMBL3425936,,7.19
O[C@@]1(CC23CCC(CC2)(CO3)NC\C=C\c4ccccc4)CN5C(=O)C=Cc6ncc(F)c1c56,CHEMBL3425939,,7.19
O[C@@]1(CC23CCC(CC2)(CO3)NC\C=C\c4ccccn4)CN5C(=O)C=Cc6ncc(F)c1c56,CHEMBL3425940,,7.19
O[C@@]1(CC23CCC(CC2)(CO3)NCc4cc(on4)c5cccs5)CN6C(=O)C=Cc7ncc(F)c1c67,CHEMBL3425943,,7.80
O[C@@]1(CC23CCC(CC2)(CO3)NCc4cc5OCCOc5c(Cl)c4Cl)CN6C(=O)C=Cc7ncc(F)c1c67,CHEMBL3425826,,4.50
O[C@@]1(CC23CCC(CC2)(CO3)NCc4ccc5OC(F)(F)Oc5c4)CN6C(=O)C=Cc7ncc(F)c1c67,CHEMBL3425931,,4.55
O[C@@]1(CC23CCC(CC2)(CO3)NCc4ncc5OCC(=O)Nc5n4)CN6C(=O)C=Cc7ncc(F)c1c67,CHEMBL3425807,,4.52
O[C@@]1(CCNC[C@@H]1C(=O)N(Cc2c[nH]c3cccc(Cl)c23)C4CC4)c5ccc(F)c(F)c5,CHEMBL1910298,,6.04
O[C@@]1(CCNC[C@@H]1C(=O)N(Cc2cccc(Cl)c2Cl)C3CC3)c4ccc(F)c(F)c4,CHEMBL1910295,,6.17
O[C@@]1(CCNC[C@@H]1c2onc(c2Br)c3c(Cl)cccc3Cl)c4ccc(F)c(F)c4,CHEMBL2017099,4.82,5.41
O[C@@]1(CCNC[C@@H]1c2onc(c2Br)c3ccccc3Cl)c4ccc(F)c(F)c4,CHEMBL2016938,4.75,5.21
O[C@@H]([C@H]1CC[C@@H](Cc2ccc(cc2)C(=O)N3C[C@@H]4[C@H](C3)[C@H]4c5ocnn5)N1)c6ccccc6,CHEMBL3747356,,4.26
O[C@@H]([C@H]1CC[C@@H](Cc2ccc(cc2)C(=O)N3CCC4(CCOC4=O)CC3)N1)c5ccccc5,CHEMBL3747244,,4.34
O[C@@H]([C@H]1CC[C@@H](Cc2ccc(NC(=O)[C@@H]3CCc4scnc34)cc2)N1)c5cccnc5,CHEMBL3128178,,5.22
O[C@@H](C(=O)N1CCN(CC1)c2ccc3[nH]ncc3c2)c4cccc(Cl)c4,CHEMBL238744,5.46,
O[C@@H](C(=O)N1CCN(CC1)c2ccc3[nH]ncc3c2)c4ccccc4,CHEMBL239149,5.00,
O[C@@H](CN1CCC(O)(CC1)c2cccc(F)c2)c3ccc4NC(=O)CCc4c3,CHEMBL237793,,5.96
O[C@@H](COCc1occc1)CO\N=C/2\C[C@@H](O)[C@@H](O)[C@H]3[C@@H]2CC[C@H]4[C@H]3C(=O)N(C4=O)c5cccc(Oc6ccccc6)c5,CHEMBL1437509,5.50,
O[C@@H](COCc1occc1)CO\N=C/2\C[C@@H](O)[C@@H](O)[C@H]3[C@@H]2CC[C@H]4[C@H]3C(=O)N(Cc5ccc6OCOc6c5)C4=O,CHEMBL1551571,5.50,
O[C@@H](COCc1occc1)CO\N=C/2\C[C@@H](O)[C@@H](O)[C@H]3[C@H]2CC[C@H]4[C@H]3C(=O)N(Cc5ccccc5)C4=O,CHEMBL1606380,5.50,
O[C@@H]1[C@@H](Oc2cc(O)cc(O)c2C1=O)c3ccc(O)c(O)c3,CHEMBL9249,5.00,
O[C@@H]1[C@H]2O[C@@H]2\C(=N\OCc3ccccc3)\[C@@H]4CCN5N([C@@H]14)C(=O)N(Cc6cc7OCOc7cc6Cl)C5=O,CHEMBL1440534,5.40,
O[C@@H]1C\C(=N\NC(=O)OCc2ccccc2)\[C@@H]3CC[C@@H]4[C@@H]([C@H]3[C@@H]1O)C(=O)N(C4=O)c5ccc(F)cc5F,CHEMBL1567098,5.40,
O[C@@H]1C\C(=N\NC(=O)OCc2ccccc2)\[C@H]3CC[C@H]4[C@H]([C@H]3[C@@H]1O)C(=O)N(C5CCCCC5)C4=O,CHEMBL1591537,5.20,
O[C@@H]1C\C(=N\NC(=O)OCc2ccccc2)\[C@H]3CC[C@H]4[C@H]([C@H]3[C@@H]1O)C(=O)N(Cc5ccc6OCOc6c5)C4=O,CHEMBL1400976,5.40,
O[C@@H]1C\C(=N\OCCCC#C)\[C@@H]2CC[C@H]3[C@H]([C@H]2[C@@H]1O)C(=O)N(C3=O)c4cccc(Oc5ccccc5)c4,CHEMBL1398226,5.50,
O[C@@H]1C\C(=N\OCCCC#C)\[C@@H]2CC[C@H]3[C@H]([C@H]2[C@@H]1O)C(=O)N(C4CCCCC4)C3=O,CHEMBL1591343,5.50,
O[C@@H]1C\C(=N\OCCCC#C)\[C@@H]2CC[C@H]3[C@H]([C@H]2[C@@H]1O)C(=O)N(Cc4ccc5OCOc5c4)C3=O,CHEMBL1593641,6.30,
O[C@@H]1C\C(=N\OCCCC#C)\[C@H]2CC[C@@H]3[C@@H]([C@H]2[C@@H]1O)C(=O)N(C3=O)c4ccc(F)cc4F,CHEMBL1361226,5.40,
O[C@@H]1C\C(=N\OCCCC#C)\[C@H]2CC[C@H]3[C@H]([C@H]2[C@@H]1O)C(=O)N(C3=O)c4cccc(Oc5ccccc5)c4,CHEMBL1410016,5.40,
O[C@@H]1C\C(=N\OCCCC#C)\[C@H]2CC[C@H]3[C@H]([C@H]2[C@@H]1O)C(=O)N(Cc4ccc5OCOc5c4)C3=O,CHEMBL1591368,5.90,
O[C@@H]1CC[C@@H](CC1)N2CC(C2)NC(=O)CNc3n[nH]c4ccc(cc34)C(F)(F)F,CHEMBL1834646,,4.52
O[C@@H]1CC[C@H](CC1)c2ccc(OCCCN3CCCCC3)cc2,CHEMBL2375587,4.52,5.24
O[C@](CCN1CCCCC1)([C@@H]2C[C@@H]3C[C@H]2C=C3)c4ccccc4,CHEMBL1407769,4.90,
O[C@H](C1CCN(CCc2ccccc2)CC1)c3ccccc3,CHEMBL1435444,4.80,
O[C@H](CN(CC#C)C(=O)c1ccc2nc(oc2c1)N3CCCC3)[C@H](Cc4ccccc4)NC(=O)OCc5cncs5,CHEMBL2057524,7.40,
O[C@H](CN(CCN1CCOCC1)C(=O)c2ccc3nc(oc3c2)N4CCCC4)[C@H](Cc5ccccc5)NC(=O)OCc6cncs6,CHEMBL2059127,6.92,
O[C@H](CNC(=O)C1=CNC(=O)C=C1C(F)(F)F)CN2CCC(CC2)Oc3ccc(Cl)c(Cl)c3,CHEMBL2207662,,5.00
O[C@H](CNC(=O)C1=CNC(=O)c2c(F)cccc12)CN3CCC(CC3)Oc4ccc(Cl)c(Cl)c4,CHEMBL2207656,,5.70
O[C@H](CNC(=O)C1=NNC(=O)c2ccccc12)CN3CCC(CC3)Oc4ccc(Cl)c(Cl)c4,CHEMBL2208431,,6.40
O[C@H](COc1cc(O)c(Cl)cc1C(=O)N2CC[C@H](O)C2)CN3CCC4(CC3)Cc5cc(Cl)ccc5O4,CHEMBL2391803,,5.08
O[C@H](COc1ccc(Cl)cc1)CN2CCN(Cc3ccc(Cl)cc3)CC2,CHEMBL2334618,,6.50
O[C@H](COc1ccc2NC(=O)C=Cc2c1)CN3CCN(CC3)c4ccc(Cl)cc4,CHEMBL3688392,,5.13
O[C@H](COc1ccc2NC(=O)Cc2c1)CN3CCN(CC3)c4ccc(Cl)cc4,CHEMBL3688394,,5.00
O[C@H]1C[C@H](CN2CCC(CC2)c3ccccc3Cl)CCc4cccnc14,CHEMBL487485,,5.82
O[C@H]1CCC[C@H](C1)NC(=O)c2noc(c2CNCC3CCC3)c4ccc(cc4)C(F)(F)F,CHEMBL1761695,,5.90
O[C@H]1CCCC[C@@H]1NC(=O)C2=CC(=C3C=CC=CN3C2=O)CN4CCN(CC4)c5cc6ccccc6cn5,CHEMBL2204277,,5.70
O[C@H]1CCCC[C@@H]1NC(=O)C2=CC(=C3C=CC=CN3C2=O)CN4CCN(CC4)c5cc6scnc6cn5,CHEMBL2204278,,4.88
O[C@H]1CN(C[C@@H]2CCc3cccnc3[C@@H](O)C2)CC[C@@H]1c4ccc(F)cc4Cl,CHEMBL513423,,4.89
O[N+](=O)[O-].Clc1ccc(COC(Cn2ccnc2)c3ccc(Cl)cc3Cl)c(Cl)c1,CHEMBL1559,6.40,
O[Si@@](CCCN1CCCCC1)(C2CCCCC2)c3ccc(F)cc3,CHEMBL1600342,5.40,
O\C(=C/C(=O)c1ccccc1O)\c2ccccc2,CHEMBL1451434,4.80,
O\N=C/c1oc(cc1)c2cccnc2.O\N=C\c3oc(cc3)c4cccnc4,CHEMBL1795039,4.29,
O\N=C\c1ccccc1OCc2ccc(Cl)cc2,CHEMBL3192246,4.90,
O=C(\C=C/C=C\c1ccc2OCOc2c1)N3CCCCC3,CHEMBL1395862,5.40,
O=C(\C=C\Nc1ccccc1)c2ccc(Oc3ncccn3)cc2,CHEMBL1309731,4.80,
O=C(C1CC12CCN(CC2)C3CCCCC3)N4CCN(CC4)C5CCCCC5,CHEMBL3127708,,4.68
O=C(C1CCCN(C1)S(=O)(=O)c2cccc3nsnc23)N4CCC(=CC4)c5ccccc5,CHEMBL1350293,5.20,
O=C(C1CCN(Cc2ccncc2)CC1)N3CCC(CC3)N4C(=O)N(Cc5ccccc5)c6ccccc46,CHEMBL1222938,6.40,
O=C(C1CCN(Cc2ccncc2)CC1)N3CCC(CC3)N4C(=O)Nc5ccccc45,CHEMBL1222485,5.02,
O=C(C1CCOC1)N2C[C@@H]3[C@H](CNc4nc(cs4)c5ccccn5)[C@@H]3C2,CHEMBL1209217,,5.70
O=C(CC1=NC(=CC(=O)N1)N2CCOCC2)N3CCc4c3cccc4c5cccnc5,CHEMBL3112857,4.40,
O=C(CC1=NC(=CC(=O)N1)N2CCOCC2)N3CCc4ccccc34,CHEMBL3112690,4.40,
O=C(CC1=NC(=CC(=O)N1)N2CCOCC2)Nc3ccccc3,CHEMBL2064419,4.40,
O=C(Cc1c[nH]c2ccccc12)OCC(=O)c3ccccc3,CHEMBL1313661,4.65,
O=C(CC1c2ccccc2Oc3ccccc13)N4CCN(CC4)c5ccccn5,CHEMBL1360601,4.90,
O=C(Cc1ccc(cc1)n2cnnn2)N3CCN(CCc4ccc5C(=O)OCc5n4)CC3,CHEMBL3794101,,4.59
O=C(Cc1ccc(cc1)n2cnnn2)N3CCN(CCc4ccc5COCc5c4)CC3,CHEMBL2441440,,5.60
O=C(Cc1ccccc1)NCCN(c2ccccc2)c3ccccc3,CHEMBL2046894,,5.10
O=C(CCCCN1C(=O)N(CC(=O)NC2CCCC2)c3ccccc3C1=O)NC4CCCC4,CHEMBL1719399,5.30,
O=C(CCCN1C(=S)Nc2cc3OCOc3cc2C1=O)N4CCN(CC4)c5ccccc5,CHEMBL1419356,6.35,
O=C(CCN1C(=O)C2C3CC(C=C3)C2C1=O)Nc4ccc5ncccc5c4,CHEMBL1390992,5.60,
O=C(CCN1C(=O)c2cccc3cccc(C1=O)c23)N4CCN(Cc5ccc6OCOc6c5)CC4,CHEMBL1496311,6.00,
O=C(CCN1N=C(C=CC1=O)c2ccccc2)NCCCN3CCCCCC3,CHEMBL1333236,4.60,
O=C(CN(c1ccccc1)S(=O)(=O)c2ccccc2)NCCSCc3occc3,CHEMBL1353420,4.85,
O=C(CN\C=C/C(=O)c1ccccc1)c2ccccc2,CHEMBL1329104,4.80,
O=C(CN1C(=O)c2ccccc2C1=O)N3c4ccccc4CCc5ccccc35,CHEMBL1379007,4.90,
O=C(CN1C(=O)Oc2ccccc12)NC(=O)NCc3ccccc3,CHEMBL1564379,4.45,
O=C(CN1C=Nc2sc3CCCCc3c2C1=O)NCCC(=O)N4CCC5(CC4)OCCO5,CHEMBL1448799,4.85,
O=C(Cn1cc(C(=O)c2occc2)c3ccccc13)NCc4occc4,CHEMBL1500383,4.60,
O=C(CN1CCOCC1)N2CCC(CC2)c3ccc(NC(=O)c4nc(c[nH]4)C#N)c(c3)C5=CCCCC5,CHEMBL2158299,5.75,
O=C(COc1ccc2ccccc2c1)N3CCN(CC3)C(=O)c4cccnc4,CHEMBL1371329,5.05,
O=C(COc1ccc2ccccc2c1)Nc3ccc(Cc4ccncc4)cc3,CHEMBL1374796,6.15,
O=C(CSC1=Nc2ccccc2C(=O)N1CCCN3CCCCC3)NCc4ccccc4,CHEMBL1741548,5.40,
O=C(CSc1nnc(c2cccs2)n1c3ccccc3)N4CCCC4,CHEMBL1458583,4.55,
O=C(CSc1nnc(c2occc2)n1c3ccccc3)NCc4occc4,CHEMBL1741829,4.80,
O=C(CSc1nnc(COc2ccccc2)n1c3ccccc3)c4ccccc4,CHEMBL1575899,4.85,
O=C(N(CC1CCC1)[C@H]2CCNC2)c3ccccc3C4CCCC4,CHEMBL562569,,5.66
O=C(N[C@@H](Cc1ccc(cc1)c2ccc(cc2)C#N)C#N)[C@@H]3CCCCN3,CHEMBL3261919,,5.85
O=C(N[C@@H](Cc1ccc2[nH]ncc2c1)C(=O)N3CCC(CC3)N4CCCCC4)N5CCC(CC5)N6Cc7ccccc7NC6=O,CHEMBL2059852,5.14,
O=C(N[C@H]([C@@H]1C[C@H]1C(=O)NCc2ccccn2)c3ccccc3)OCc4ccccc4,CHEMBL1337713,5.20,
O=C(N[C@H](C1CC1)c2ccccn2)c3ccc4[nH]nc(c5ccc(cc5)N6C7CCC6COC7)c4c3,CHEMBL3422085,5.85,
O=C(N[C@H](Cc1ccc2ccccc2c1)C(=O)N3CCC(CC3)N4CCCCC4)N5CCC(CC5)N6C(=O)Nc7ccccc67,CHEMBL2059799,7.52,
O=C(N[C@H](Cc1ccc2NC(=O)Oc2c1)C(=O)N3CCC(CC3)N4CCCCC4)N5CCC(CC5)N6Cc7ccccc7NC6=O,CHEMBL2059853,4.52,
O=C(N[C@H](Cc1csc2ccccc12)C(=O)N3CCC(CC3)N4CCCCC4)N5CCC(CC5)N6Cc7ccccc7NC6=O,CHEMBL466555,6.06,
O=C(N[C@H](CN(C[C@@H](Cc1ccccc1)NC(=O)OCc2nccs2)Cc3ccccc3)Cc4ccccc4)OCc5cncs5,CHEMBL1077935,7.06,
O=C(N\N=C\c1ccc(OCc2ccccc2)cc1)c3cccs3,CHEMBL1982203,4.40,
O=C(N\N=C\c1ccncc1)c2oc3ccc4ccccc4c3c2,CHEMBL3214056,5.85,
O=C(N1C[C@@H]2CN(C[C@@H]2C1)c3ccccn3)C45CC6CC(CC(C6)C4)C5,CHEMBL2418364,5.21,
O=C(N1Cc2ccccc2C1)c3ccc(cc3)C4=CC5(CCNCC5)Oc6ccccc46,CHEMBL551613,,5.46
O=C(N1CCC(CC1)Oc2ccc(CN3CCCC3)cc2)c4noc(n4)c5ccccc5,CHEMBL3787166,,5.13
O=C(N1CCC[C@@]2(CCN(C2)C(c3ccccc3)c4ccccc4)C1)c5ccncc5,CHEMBL1457332,5.60,
O=C(N1CCC[C@@]2(CCN(C2)C(c3ccccc3)c4ccccc4)C1)c5occc5,CHEMBL1361149,4.90,
O=C(N1CCC[C@@]2(CCN(C2)c3cccc(c3)c4ccccc4)C1)c5csnn5,CHEMBL1354751,5.30,
O=C(N1CCC[C@@]2(CCN(C2)c3ccccc3)C1)c4cnccn4,CHEMBL1396539,5.10,
O=C(N1CCC[C@@]2(CCN(C2)c3ccccc3)C1)c4occc4,CHEMBL1399489,4.90,
O=C(N1CCC[C@@]2(CCN(C2)c3ccncc3)C1)c4csnn4,CHEMBL1354319,5.40,
O=C(N1CCC[C@@]2(CCN(Cc3ccncc3)C2)C1)c4ccncc4,CHEMBL1374913,4.80,
O=C(N1CCC[C@@]2(CCN(Cc3nccs3)C2)C1)c4ccncc4,CHEMBL1437776,4.90,
O=C(N1CCC2(CC1)CCN(CC2)c3ccccc3)c4cnccn4,CHEMBL1315328,5.20,
O=C(N1CCC2(CC1)CCN(CC2)c3ccncc3)c4ccncc4,CHEMBL1590738,5.10,
O=C(N1CCC2(CC1)CCN(CC2)c3ncccn3)c4cnccn4,CHEMBL1434625,5.10,
O=C(N1CCC2(CC1)CCN(CC2)c3ncccn3)c4occc4,CHEMBL1475574,5.60,
O=C(N1CCC2(CC1)CN(C2)C(c3ccccc3)c4ccccc4)c5cnccn5,CHEMBL1516154,4.90,
O=C(N1CCC2(CC1)CN(C2)C(c3ccccc3)c4ccccc4)c5csnn5,CHEMBL1552314,5.00,
O=C(N1CCC2(CC1)CN(C2)c3ccc(cc3)c4ccccc4)c5ccncc5,CHEMBL1395277,5.60,
O=C(N1CCC2(CC1)CN(C2)c3cccc(c3)c4ccccc4)c5ccncc5,CHEMBL1399058,5.10,
O=C(N1CCC2(CC1)CN(C2)c3ccccn3)c4cnccn4,CHEMBL1552667,5.40,
O=C(N1CCC2(CC1)CN(C2)c3ccncc3)c4ccncc4,CHEMBL1515874,4.90,
O=C(N1CCC2(CC1)CN(Cc3ccc(cc3)C#N)C2)c4ccncc4,CHEMBL1612252,4.90,
O=C(N1CCC2(CCCN(C2)c3ccccc3)CC1)c4cnccn4,CHEMBL1591860,5.80,
O=C(N1CCC2(CCCN(C2)c3ccccc3)CC1)c4occc4,CHEMBL1555991,4.80,
O=C(N1CCC2(CCCN(C2)c3ccncc3)CC1)c4cnccn4,CHEMBL1357222,4.90,
O=C(N1CCC2(CCCN(Cc3ccc(cc3)C#N)C2)CC1)c4csnn4,CHEMBL1316033,5.00,
O=C(N1CCC2(CCCN(Cc3ccc(cc3)C#N)C2)CC1)c4occc4,CHEMBL1361839,4.80,
O=C(N1CCC2(CCCN(Cc3ccccc3)C2)CC1)c4occc4,CHEMBL1396225,4.90,
O=C(N1CCC2(CCCN(Cc3ccncc3)C2)CC1)c4ccncc4,CHEMBL1400309,5.30,
O=C(N1CCC2(CCCN(Cc3nccs3)C2)CC1)c4ccncc4,CHEMBL1591908,5.10,
O=C(N1CCC2(CCN(Cc3ccc(cc3)C#N)CC2)CC1)c4ccncc4,CHEMBL1553491,4.90,
O=C(N1CCC2(CCN(Cc3ccccc3Oc4ccccc4)CC2)CC1)c5ccncn5,CHEMBL566974,,6.64
O=C(N1CCC2(CCN(Cc3ccncc3)CC2)CC1)c4cnccn4,CHEMBL1444489,4.50,
O=C(N1CCCCC1)c2ccc(cc2)C3=CC4(CCNCC4)Oc5ccccc35,CHEMBL550261,,5.52
O=C(N1CCCCC1)c2ccccc2c3ccc(OCCCN4CCCCC4)cc3,CHEMBL1822860,,6.09
O=C(N1CCCN(CC1)C2CCC2)c3ccc(Oc4cccc(c4)C#N)nc3,CHEMBL1171756,,5.27
O=C(N1CCOCC1)c2cn(nc2c3cccs3)c4ccccc4,CHEMBL1741821,4.80,
O=C(NC(CN(CC(Cc1ccccc1)NC(=O)OCc2cncs2)CC(Cc3ccccc3)NC(=O)OCc4nccs4)Cc5ccccc5)OCc6cncs6,CHEMBL1079228,7.19,
O=C(NC1(CC1)C#N)[C@@H]2CCCC[C@H]2C(=O)N3CCN(CC3)c4nc(cs4)c5ccccc5,CHEMBL2069324,,4.60
O=C(NC1(CC1)C#N)[C@@H]2CCCC[C@H]2C(=O)N3CCN(CC3)c4nc5ccccc5s4,CHEMBL2070937,,5.10
O=C(Nc1c(cnn1c2ccccc2)C(=O)N3CCCCC3)c4occc4,CHEMBL1724477,4.75,
O=C(NC1CC1)C2=CN(c3cccc(c3)C#Cc4cccnc4)c5ncccc5C2=O,CHEMBL521509,,4.78
O=C(NC1CC1)C2=CN(c3cccc(c3)c4cccnc4)c5ncccc5C2=O,CHEMBL519355,,4.47
O=C(NC1CC1c2ccccc2)N3CCC(CC3)c4oc5ccccc5n4,CHEMBL552402,,5.09
O=C(NC1CC1c2ccccc2)N3CCC(CC3)c4onc(n4)c5nccc6ccccc56,CHEMBL552061,,5.16
O=C(Nc1ccc(cc1)c2cccc3ccccc23)Nc4ccc(cc4)c5ccnc6[nH]cnc56,CHEMBL1951448,5.77,
O=C(Nc1ccc(cc1)c2ccnc3[nH]cnc23)Nc4cccc(c4)C(=O)N5CCOCC5,CHEMBL1951343,6.54,
O=C(Nc1ccc(cc1)c2ccnc3[nH]cnc23)Nc4cccc(c4)C(=O)NC5CCCC5,CHEMBL1951341,7.16,
O=C(Nc1ccc(cc1)c2nc3ccccc3[nH]2)c4ccc5OCOc5c4,CHEMBL1461321,5.60,
O=C(Nc1ccc(cc1)S(=O)(=O)c2ccccc2)[C@H]3C[C@@H]3c4cccnc4,CHEMBL3127521,6.17,
O=C(Nc1ccc(cc1)S(=O)(=O)c2cnn(c2)C3CCOCC3)[C@@H]4C[C@H]4c5cccnc5,CHEMBL3127494,5.75,
O=C(Nc1ccc(cc1)S(=O)(=O)N2CC3CCC(C2)O3)[C@@H]4C[C@H]4c5cccnc5,CHEMBL3127525,5.05,
O=C(Nc1ccc(cc1C2=CCCCC2)C3CCN(CC3)c4ccccn4)c5nc(c[nH]5)C#N,CHEMBL2158222,5.77,
O=C(NC1CCC1)c2ccc(cc2)c3ccc4C(=O)N(CCN5CCCC5)CCc4c3,CHEMBL2031872,,5.60
O=C(Nc1ccc2ccccc2c1)[C@H]3C[C@@H]3[C@H](NP(=O)(c4ccccc4)c5ccccc5)c6ccccc6,CHEMBL1530832,5.60,
O=C(Nc1ccc2OCCOc2c1)c3cc4sccc4n3Cc5ccccc5,CHEMBL1466869,5.20,
O=C(Nc1cccc(c1)C#N)N2CCCC3(CCN(CC3)C(=O)c4cnccn4)C2,CHEMBL1454270,4.80,
O=C(Nc1cccc(c1)C#N)N2CCCC3(CCN(CC3)C(=O)c4occc4)C2,CHEMBL1592220,5.30,
O=C(Nc1cccc(c1)C#N)N2CCCC3(CCN(CC3)C(=O)Oc4ccccc4)C2,CHEMBL1597366,4.90,
O=C(Nc1cccc(c1)C#N)N2CCCC3(CCN(CC3)S(=O)(=O)c4ccccc4)C2,CHEMBL1518164,4.90,
O=C(Nc1cccc(c1)c2cn3cccnc3n2)c4occc4,CHEMBL1312033,4.60,
O=C(NC1CCCC1)c2ccc(cc2)c3ccc4C(=O)N(CCN5CCCC5)CCc4c3,CHEMBL2031873,,5.09
O=C(Nc1cccc2ccccc12)c3ccccc3,CHEMBL1330614,5.50,
O=C(NC1CCCc2ccccc12)C3CCN(CC3)S(=O)(=O)N4CCCCCC4,CHEMBL1343012,5.10,
O=C(Nc1cccc2ccccc12)c3cn(nc3c4cccs4)c5ccccc5,CHEMBL1328562,5.10,
O=C(Nc1ccccc1)\C(=C/c2ccncc2)\NC(=O)c3ccccc3,CHEMBL584854,6.10,
O=C(NC1CCCCC1)C(N(Cc2cccs2)C(=O)c3occc3)c4cccs4,CHEMBL1376629,5.50,
O=C(NC1CCCCC1)C2=C3NC(=O)c4ccccc4N3C(=S)S2,CHEMBL1333773,6.10,
O=C(Nc1ccccc1)c2cc(nc3ccccc23)c4ccncc4,CHEMBL463976,6.16,
O=C(Nc1ccccc1)N2CC3(CCN(CC3)C(=O)c4ccncc4)C2,CHEMBL1378132,4.60,
O=C(Nc1ccccc1)N2CCC3(CC2)CCN(CC3)C(=O)Oc4ccccc4,CHEMBL1366302,5.00,
O=C(Nc1ccccc1)N2CCC3(CC2)CCN(CC3)S(=O)(=O)c4ccccc4,CHEMBL1395029,4.80,
O=C(NC1CCCCC1)N2CCCC(C2)c3onc(n3)c4cccs4,CHEMBL1488504,5.10,
O=C(Nc1cccnc1)c2ccc3snnc3c2,CHEMBL1516856,4.95,
O=C(Nc1cnc(c2ccncc2)c(n1)c3cccnc3)C4CC4,CHEMBL1672621,5.30,
O=C(Nc1nnc(s1)C2CC2)c3ccncc3,CHEMBL1583603,4.85,
O=C(NCC1(CCCC1)N2CCOCC2)N3CCC(CC3)c4onc(n4)c5ccc6ccccc6n5,CHEMBL1822294,,5.00
O=C(NCC1CC1)[C@H]2C[C@@H]2[C@H](NP(=O)(c3ccccc3)c4ccccc4)c5ccccc5,CHEMBL1355101,4.90,
O=C(NCc1ccc2OCOc2c1)C3CN(C4CCCC4)C(=O)C3,CHEMBL1492136,5.35,
O=C(NCc1ccccc1)[C@@H]2C[C@H]2[C@@H](NP(=O)(c3ccccc3)c4ccccc4)c5ccccc5,CHEMBL1397763,5.40,
O=C(NCc1ccccc1)C(N(C2CC2)C(=O)c3csnn3)c4ccncc4,CHEMBL1741734,5.55,
O=C(NCc1ccccc1)c2ccc(cc2)S(=O)(=O)N3CCCc4ccccc34,CHEMBL1533658,5.00,
O=C(NCc1ccccn1)[C@@H]2C[C@H]2[C@@H](NP(=O)(c3ccccc3)c4ccccc4)c5ccccc5,CHEMBL1412274,4.80,
O=C(NCc1ccccn1)[C@H]2C[C@@H]2[C@H](NP(=O)(c3ccccc3)c4ccccc4)c5ccccc5,CHEMBL1373464,5.10,
O=C(NCc1cccs1)C2CCN(CC2)S(=O)(=O)c3cccc4nsnc34,CHEMBL1348133,4.90,
O=C(NCc1occc1)Nc2cccs2,CHEMBL1506343,4.70,
O=C(NCCc1c[nH]c2ccccc12)[C@H]3C[C@@H]3[C@H](NP(=O)(c4ccccc4)c5ccccc5)c6ccccc6,CHEMBL1368893,5.80,
O=C(NCCc1c[nH]c2ccccc12)C3CCN(CC3)c4nnc(s4)N5CCCC5=O,CHEMBL1537500,5.05,
O=C(NCCc1ccccc1)C(=O)NCC2(CCCC2)c3ccccc3,CHEMBL1729994,5.50,
O=C(NCCc1ccccc1)C(=O)NN=C2CCCC2,CHEMBL1381200,4.50,
O=C(NCCCCN1CCN(CC1)c2ccccc2)c3ccc4ncccc4c3,CHEMBL3358509,,5.00
O=C(NCCCN1CCOCC1)C2COc3ccccc3O2,CHEMBL1448411,4.85,
O=C(NNS(=O)(=O)c1ccccc1)c2cccnc2,CHEMBL1358666,5.40,
O=C(O[C@H]1CN2CCC1CC2)N3CCc4ccccc4[C@@H]3c5ccccc5,CHEMBL1734,,5.80
O=C(Oc1ccccc1)N2CCC[C@@]3(CCN(C3)c4ccccc4)C2,CHEMBL1514976,4.90,
O=C(Oc1ccccc1)N2CCC3(CC2)CCN(CC3)c4cccc(c4)c5ccccc5,CHEMBL1476640,5.10,
O=C(Oc1ccccc1)N2CCC3(CC2)CCN(CC3)c4ccccc4,CHEMBL1475377,5.50,
O=C(Oc1ccccc1)N2CCC3(CC2)CN(C3)c4ccccc4,CHEMBL1514804,4.80,
O=C(Oc1ccccc1)N2CCC3(CC2)CN(C3)c4ccccn4,CHEMBL1592672,4.80,
O=C(Oc1ccccc1)N2CCC3(CC2)CN(C3)c4ncccn4,CHEMBL1558420,4.80,
O=C(Oc1ccccc1)N2CCC3(CCCN(C3)c4ccncc4)CC2,CHEMBL1473754,4.70,
O=C(Oc1ccccc1)N2CCC3(CCCN(Cc4nccs4)C3)CC2,CHEMBL1435917,4.90,
O=C(Oc1ccccc1)N2CCC3(CCN(Cc4ccccc4)CC3)CC2,CHEMBL1534951,5.00,
O=C(OCc1ccccc1)N2CCC(CNc3cccnc3)CC2,CHEMBL218067,5.04,
O=C(OCC1CO1)C2CCCCC2C(=O)OCC3CO3,CHEMBL1304981,4.60,
O=C(OCN1N=Nc2ccccc2C1=O)c3cccnc3,CHEMBL1704202,5.05,
O=C1[C@@H]2C3C=CC(C2C(=O)N1C4CCCCC4)C5[C@H]3C(=O)N(C6CCCCC6)C5=O,CHEMBL1546114,5.45,
O=C1[C@@H]2CCN1[C@@H]3CCCc4ccc(Oc5cc(Cn6cncc6CN2)ccc5C#N)cc34,CHEMBL526521,,4.92
O=C1[C@H](CCN1Cc2ccccc2)N(Cc3cccnc3)Cc4cncn4Cc5ccc(cc5)C#N,CHEMBL327946,,6.06
O=C1[C@H](CCN1Cc2ccccc2)N(CCN3CCOCC3)Cc4cncn4Cc5ccc(cc5)C#N,CHEMBL526277,,6.72
O=C1[C@H]2CCN1[C@@H]3CCOc4ccc(Oc5cc(Cn6cncc6CN2)ccc5C#N)cc34,CHEMBL516874,,6.82
O=C1[C@H]2CCN1C(c3ccccc3)c4cccc(Oc5cc(Cn6cncc6CN2)ccc5C#N)c4,CHEMBL501480,,5.54
O=C1[C@H]2CCN1c3cccc4ccc(Oc5cc(Cn6cncc6CN2)ccc5C#N)cc34,CHEMBL496879,,5.08
O=C1C=C(Oc2c1cccc2c3ccccc3)N4CCOCC4,CHEMBL98350,5.00,
O=C1C=C(OCc2ccccc2)C=CN1c3ccc(OCCN4CCCC4)cc3,CHEMBL1641614,,8.09
O=C1C=C(OCc2ccccc2)C=CN1c3ccc(OCCN4CCCCC4)cc3,CHEMBL1642482,,8.24
O=C1C=C(OCc2ccccc2)C=CN1c3ccc4c(cnn4CCN5CC6CC5CO6)c3,CHEMBL1289833,,4.80
O=C1C=C(OCc2ccccc2)C=CN1c3ccc4c5CNCCc5[nH]c4c3,CHEMBL1290155,4.17,
O=C1C=Cc2ccc(cc2N1CCN3CCC(CC3)NCc4cc5OCCOc5cn4)C#N,CHEMBL2165062,,4.36
O=C1C=Nc2cnc(Nc3ccccc3)nc2N1C[C@H]4CCCO4,CHEMBL1473934,4.50,
O=C1C=Nc2cnc(Nc3ccccc3)nc2N1CCC#N,CHEMBL1317400,4.90,
O=C1C=Nc2cnc(Oc3ccccc3)nc2N1Cc4cccs4,CHEMBL1553941,4.80,
O=C1C=Nc2cncnc2N1Cc3ccccc3,CHEMBL1569400,4.70,
O=C1c2ccccc2C(Cc3ccncc3)(Cc4ccncc4)c5ccccc15,CHEMBL342375,6.30,
O=C1c2ccccc2c3cccc4cccc1c34,CHEMBL1607517,4.40,
O=C1c2ccccc2Oc3ccccc13,CHEMBL186784,4.90,
O=C1C2CCN1c3cccc4ccc(Oc5cc(Cn6cncc6CCN2)ccc5C#N)cc34,CHEMBL80702,5.22,
O=C1C2ON(C(C2C(=O)N1c3ccccc3)c4ccncc4)c5ccccc5,CHEMBL1464487,4.85,
O=C1CC(=NN1c2ccccc2)Nc3ccccc3,CHEMBL1480273,4.55,
O=C1CC2CCc3cc(OC4CCN(CC4)C5CCC5)ccc3C2=NN1,CHEMBL2031477,,4.75
O=C1CCC(=NN1)c2ccc(Nc3ccncc3)cc2,CHEMBL138093,,5.98
O=C1CCc2cc(OCCCCc3nnnn3C4CCCCC4)ccc2N1,CHEMBL799,4.90,
O=C1CCCN1C2CCN(Cc3ccc(Oc4nc5ccccc5s4)cc3)CC2,CHEMBL480130,,4.82
O=C1CCCN1C2CCN(CCc3ccc(Oc4nc5ccccc5s4)cc3)CC2,CHEMBL482058,,6.00
O=C1CCN(N1)S(=O)(=O)c2ccccc2,CHEMBL1517886,4.55,
O=C1COc2ccc(CNC34CCC(CCc5c(cnc6ccc(nc56)C#N)C#N)(CC3)OC4)nc2N1,CHEMBL3422962,,8.78
O=C1COc2ccc(CNC3CCN(CCN4C(=O)COc5ccc(cc45)C#N)CC3)nc2N1,CHEMBL1824041,,4.39
O=C1COc2ccc(CNC3CCN(CCN4C(=O)COc5ccc(cc45)c6occc6)CC3)nc2N1,CHEMBL1824045,,5.89
O=C1COc2ccccc2N1CCCN3CCC(CC3)N4C(=O)Nc5ccccc45,CHEMBL2059311,,5.18
O=C1N(C[C@H]2CCCO2)c3nc(Nc4ccccc4)ncc3N=C1c5ccccc5,CHEMBL1516331,4.90,
O=C1N(C[C@H]2CCCO2)c3nc(ncc3N=C1c4ccccc4)N5CCOCC5,CHEMBL1591533,4.40,
O=C1N(C2CC2)c3nc(ncc3N=C1c4cccc(c4)C#N)N5CCNCC5,CHEMBL1513241,4.70,
O=C1N(C2CC2)c3nc(Oc4ccccc4)ncc3N=C1c5ccccc5,CHEMBL1448138,5.30,
O=C1N(C2CC2)c3nc(Oc4ccccc4)ncc3N=C1CCc5ccccc5,CHEMBL1603393,4.80,
O=C1N(c2ccccc2)c3ccccc3C1(Cc4ccncc4)Cc5ccncc5,CHEMBL319111,6.30,
O=C1N(c2ccccc2)c3nc(ncc3N=C1c4ccccc4)N5CCNCC5,CHEMBL1473149,4.70,
O=C1N(c2ccccc2)c3nc(ncc3N=C1c4cccs4)N5CCNCC5,CHEMBL1355909,4.60,
O=C1N(c2ccccc2)c3nc(ncc3N=C1CCc4ccccc4)N5CCNCC5,CHEMBL1552478,4.50,
O=C1N(c2ccccc2)c3ncncc3N=C1CCc4ccccc4,CHEMBL1515287,5.30,
O=C1N(c2ccccc2)c3nncn3C4=C1C5(CCCCC5)Cc6ccccc46,CHEMBL1545486,4.80,
O=C1N(c2ccccc2N1S(=O)(=O)c3cccs3)S(=O)(=O)c4cccs4,CHEMBL1338276,6.10,
O=C1N(Cc2ccccc2)c3ncncc3N=C1CCc4ccccc4,CHEMBL1446649,5.30,
O=C1N(Cc2cccs2)c3nc(ncc3N=C1c4ccccc4)N5CCNCC5,CHEMBL1565060,5.30,
O=C1N(Cc2occc2)C(=S)S/C/1=C\c3cccnc3,CHEMBL1331913,6.00,
O=C1N(CCC#N)c2nc(Nc3ccccc3)ncc2N=C1CCc4ccccc4,CHEMBL1394348,6.00,
O=C1N(CCN2Cc3ccccc3C2)CCN1c4ccc5sccc5c4,CHEMBL556478,,5.70
O=C1N(CSc2nnnn2c3ccccc3)N=Nc4ccccc14,CHEMBL1527840,4.90,
O=C1N=CC=C2N=C(C(=CC12)c3ccccc3)c4ccc(CN5CCC(CC5)c6n[nH]c(n6)c7ccccn7)cc4,CHEMBL262341,,5.25
O=C1NC(=CC(=O)N1C2CCCCC2)N3CCC(Cc4ccccc4)CC3,CHEMBL1548380,5.45,
O=C1NC(=CC(=O)N1C2CCCCC2)N3CCN(CC3)c4ccccc4,CHEMBL1455565,5.20,
O=C1NC(=O)[C@](Cc2ccccc2)(N1)c3cccnc3,CHEMBL1523822,5.40,
O=C1NC(=O)C(=C1c2cn(c3ccc4ccccc4c3)c5ccccc25)c6nn(CCCN7CCCC7)c8ccccc68,CHEMBL367107,,7.96
O=C1Nc2ccccc2/C/1=C/c3ccc4cn[nH]c4c3,CHEMBL3353337,5.00,
O=C1NCCc2nc(c3ccc(CN4CCC(CC4)c5nnc([nH]5)c6ccccn6)cc3)c(cc12)c7ccccc7,CHEMBL446134,,5.60
O=C1NN=C([C@@H]2C[C@H]12)c3ccc(OC4CCN(CC4)C5CCC5)cc3,CHEMBL3121096,,5.22
O=C1O[C@@]2(CC[C@H](CC2)c3nc4cc(ccc4[nH]3)C#N)CN1c5ccccn5,CHEMBL1290147,,4.90
O=C1OC(OC2CCCCC2)(c3ccccc3)c4ccccc14,CHEMBL1340104,4.80,
O=C1OCc2cc(CCN3CCN(CCc4ccc5C(=O)OCc5c4)CC3)ccc12,CHEMBL2146870,,5.72
O=C1OCc2cc(CCN3CCN(CCc4ccc5nonc5c4)CC3)ccc12,CHEMBL2146872,,6.55
O=C1OCCN1C2CCN(Cc3ccc(Oc4nc5ccccc5s4)cc3)CC2,CHEMBL518155,,4.62
O=Nc1ccc2OC(=O)C=Cc2c1,CHEMBL1255659,4.60,
O=S(=O)(c1ccsc1)n2ccc3cc4CCNCCc4cc23,CHEMBL517503,4.66,
O=S(=O)(N1CCC[C@@]2(CCN(C2)c3ncccn3)C1)c4ccccc4,CHEMBL1396577,4.90,
O=S(=O)(N1CCC[C@@]2(CCN(Cc3ccc(cc3)C#N)C2)C1)c4ccccc4,CHEMBL1402381,5.00,
O=S(=O)(N1CCC[C@@]2(CCN(Cc3nccs3)C2)C1)c4ccccc4,CHEMBL1477727,5.50,
O=S(=O)(N1CCC2(CC1)CN(C2)c3ccccc3)c4ccccc4,CHEMBL1314745,4.90,
O=S(=O)(N1CCC2(CC1)CN(C2)c3ccccn3)c4ccccc4,CHEMBL1361905,4.90,
O=S(=O)(N1CCC2(CCCN(C2)c3cccc(c3)c4ccccc4)CC1)c5ccccc5,CHEMBL1572915,5.40,
O=S(=O)(N1CCC2(CCN(CC2)c3ccc(cc3)c4ccccc4)CC1)c5ccccc5,CHEMBL1598994,4.70,
O=S(=O)(N1CCCCC1)c2cnccc2N3CCN(CC3)\N=C\c4ccccc4,CHEMBL3213624,6.05,
O=S(=O)(N1CCNCC1)c2cccc3ncccc23,CHEMBL1330500,5.40,
O=S(=O)(Nc1ccc(Cc2ccncc2)cc1)c3cccs3,CHEMBL1330299,6.45,
O=S1(=O)c2ccccc2c3ccc(cc13)N4CCN5CCC4CC5,CHEMBL1950167,,6.33
O=S1(=O)CCC(CC1)C2N[C@H](Cc3c2[nH]c4ccccc34)c5nc(c[nH]5)c6ccccc6,CHEMBL2069507,,7.00
OC(=N)N\N=C\c1oc(cc1)[N+](=O)[O-],CHEMBL869,4.50,
OC(=O)[C@@H](CC1CCC1)N2C[C@H](CN3CCC(CC3)c4cnc5ccccn45)[C@H](C2)c6cccc(F)c6,CHEMBL2113086,,5.57
OC(=O)[C@@H]1CC[C@@H](CC1)OC2CCN(CC2)c3ccc(cn3)c4nc5cc(ccc5[nH]4)C(F)(F)F,CHEMBL3342774,,5.16
OC(=O)[C@@H]1CC[C@@H](CC1)OC2CCN(CC2)c3ccc(cn3)c4nc5cc(F)ccc5[nH]4,CHEMBL3342770,,4.96
OC(=O)[C@H](Cc1ccc(cc1)C#N)N2CCC(CN3CCC(CC3)Oc4ccc(Cl)c(Cl)c4)CC2,CHEMBL2158771,,5.30
OC(=O)[C@H](Cc1cccc(c1)C(F)(F)F)N2CCC(CN3CCC(CC3)Oc4ccc(Cl)c(Cl)c4)CC2,CHEMBL2158777,,5.20
OC(=O)[C@H]1[C@H]2O[C@@H](C=C2)[C@@H]1C(=O)NCc3ccncc3,CHEMBL1517644,5.40,
OC(=O)[C@H]1C[C@H](NC(=O)Nc2ccccc2)c3c(Cl)cc(Cl)cc3N1,CHEMBL287327,4.60,
OC(=O)\C(=C/c1ccncc1)\c2cccc3ccccc23,CHEMBL1397902,5.40,
OC(=O)\C=C/C(=O)O.C(C(C1CCCCC1)C2CCCCC2)C3CCCCN3,CHEMBL1334033,4.40,
OC(=O)\C=C/c1c[nH]cn1,CHEMBL1316726,6.60,
OC(=O)\C=C\c1ccc(O)c(O)c1,CHEMBL145,4.60,
OC(=O)C(=O)Cc1ccc2OCOc2c1,CHEMBL1371217,5.40,
OC(=O)C(F)(F)F.Clc1ccccc1CN(CC2CNC2)c3ccccc3,CHEMBL3331508,6.92,
OC(=O)C[S+]([O-])c1ccc2c3ccccc3C(=O)c4cccc1c24,CHEMBL1162521,5.40,
OC(=O)C1=CC(=C2C=CC=CN2C1=O)CN3CCN(CC3)c4ccc(cc4)C#N,CHEMBL1683351,,5.13
OC(=O)c1c(CSc2ccc(F)cc2)noc1C(=O)NCC=C,CHEMBL1721668,4.65,
OC(=O)c1c(Sc2ccccc2)c3cc(Cl)ccc3n1Cc4ccc(Cl)cc4,CHEMBL370152,5.10,
OC(=O)c1cc(Cl)ccc1NC(=O)N2C[C@H]3C[C@H](C[C@H]3C2)c4ccccc4C(F)(F)F,CHEMBL3359019,4.30,
OC(=O)c1ccc(cc1)[C@@H]2CC[C@H](CC2)N3CC(C3)NC(=O)CNC(=O)c4cccc(c4)C(F)(F)F,CHEMBL1829615,,4.64
OC(=O)c1ccc(cc1)n2cc(C3CCN(CCN4CCNC4=O)CC3)c5cc(Cl)ccc25,CHEMBL300927,,4.13
OC(=O)c1ccc(N[C@H](c2ccccc2)c3ccc4cccnc4c3O)cc1,CHEMBL1454730,5.70,
OC(=O)c1ccc(NC(=O)[C@H](C2CCCCC2)n3c(nc4cc(F)c(F)cc34)c5ccc(Cl)cc5)c(F)c1,CHEMBL1615152,4.41,
OC(=O)c1ccc(NC(=O)[C@H](C2CCCCC2)n3c(nc4ccccc34)c5ccc(Cl)cc5)c(c1)C(F)(F)F,CHEMBL1668259,4.31,
OC(=O)c1ccc2cc(ccc2c1)c3ccc(O)c(c3)C45CC6CC(CC(C6)C4)C5,CHEMBL1180,4.50,
OC(=O)c1cccc(c1)c2ccncc2c3cc(Cl)ccc3OCc4ccccc4,CHEMBL209244,5.85,
OC(=O)c1cccc(c1)N2CCC(CN3CCC(CC3)Oc4ccc(Cl)c(Cl)c4)CC2,CHEMBL2158823,,4.50
OC(=O)c1cccc(c1)N2CCCC2=O,CHEMBL1569147,5.05,
OC(=O)c1ccccc1Oc2ccc(Cl)cc2NS(=O)(=O)c3ccc(Cl)c(Cl)c3,CHEMBL1171786,5.00,5.10
OC(=O)c1cccnc1Nc2cccc(c2)C(F)(F)F,CHEMBL63323,4.70,
OC(=O)C1CCN(CC1)c2ncnc3ccc(cc23)c4ccccc4C(F)(F)F,CHEMBL1490307,4.40,
OC(=O)C1CN(Cc2ccc(cc2)c3noc(n3)c4onc(c5ccccc5)c4C(F)(F)F)C1,CHEMBL3794064,,4.75
OC(=O)C1CN(Cc2ccc(OCc3ccc(Cl)c(Cl)c3)cc2)C1,CHEMBL3741589,,4.11
OC(=O)CCCCOc1ccc2ncc(F)c(CCC34CCC(CC3)(CO4)NCc5ccc6OCC(=O)Nc6n5)c2n1,CHEMBL3604999,,4.36
OC(=O)CCCN[C@@H](CN1C(=O)N(Cc2c(F)cccc2F)C=C(C1=O)c3ccccc3Cl)c4ccccc4,CHEMBL526887,4.70,
OC(=O)CN(Cc1cccc(c1)c2ccccc2OC(F)(F)F)S(=O)(=O)c3ccc(OC(F)F)cc3,CHEMBL3764377,4.52,4.96
OC(=O)COc1ccc(cc1)N2CCC(CN3CCC(CC3)Oc4ccc(Cl)c(Cl)c4)CC2,CHEMBL2158830,,5.00
OC(=O)COc1ccccc1N2CCC(CN3CCC(CC3)Oc4ccc(Cl)c(Cl)c4)CC2,CHEMBL2158828,,4.50
OC(C(=O)N1CCC(CC1)Nc2ccc3[nH]ncc3c2)c4ccc(Br)cc4,CHEMBL241271,5.46,
OC(C(=O)N1CCN(CC1)c2ccc3[nH]ncc3c2)c4ccc(Br)cc4,CHEMBL239150,5.40,
OC(C(Cc1ccccc1)N2CCOCC2)(c3cccnc3)c4cccnc4,CHEMBL1091880,,4.82
OC(C(N1CCCCC1)c2ccccc2)(c3cccnc3)c4cccnc4,CHEMBL1090160,,4.85
OC(C(O)C(=O)O)C(=O)O.Fc1ccc(cc1)C(=O)C2CCN(CCN3C(=O)Nc4ccccc4C3=O)CC2,CHEMBL1256709,4.70,
OC(c1cc(cc(c1)S(=O)(=O)N2CCN(CC2)C(=O)[C@@H]3C[C@H]3c4ccc(cc4)C(F)(F)F)C(F)(F)F)C(F)(F)F,CHEMBL520543,,7.22
OC(C1CCN(Cc2ccc(cc2)c3ccccc3)CC1)(c4ccccc4)c5ccccc5,CHEMBL3343216,,6.68
OC(c1ccncc1)c2ccc(cc2)c3ccc(O)cc3,CHEMBL1215664,5.49,
OC(c1ncc(s1)[C@@H](Cc2ccc[n+]([O-])c2)c3ccc(OC(F)F)c(OC4CC4)c3)(C(F)(F)F)C(F)(F)F,CHEMBL199015,,4.21
OC(Cc1cccnc1)(c2ccccc2)c3ccccc3,CHEMBL1417375,6.30,
OC(CCC1C(N(C1=O)c2ccc(F)cc2)c3ccc(O)cc3)c4ccc(F)cc4,CHEMBL1455301,4.90,
OC(Cn1cncn1)(c2ccc(F)cc2F)C(F)(F)c3ccc(cn3)c4ccc(OCC(F)(F)F)cc4,CHEMBL3680984,5.24,
OC(Cn1cnnn1)(c2ccc(F)cc2F)C(F)(F)c3ccc(cn3)c4ccc(F)cc4,CHEMBL3311222,4.28,
OC(CNC(=O)CC1CCN(Cc2oc(cc2)c3ccc(Cl)cc3)CC1)C(F)(F)F,CHEMBL557306,,5.99
OC(COc1ccc(F)cc1C(=O)CCc2ccccc2)CN3CCN(CC3)C(c4ccccc4)c5ccccc5,CHEMBL1963307,,5.32
OC(COc1ccccc1C(=O)CCc2ccccc2)CN3CCN(CC3)C(c4ccccc4)(c5ccccc5)c6ccccc6,CHEMBL3800381,,4.33
OC[C@@H](N1CCCn2cc(cc2C1=O)c3ccnc(N[C@@H]4C[C@H](O)[C@@H](F)C4)n3)c5ccccc5,CHEMBL3608458,4.41,
OC[C@@H](NC(=O)NC1CCN(Cc2ccn(c2)c3ccc(cc3)C(F)(F)F)CC1)c4ccccc4,CHEMBL557329,4.69,4.62
OC[C@@H]1O[C@H]([C@H](O)[C@@H]1O)c2nc3cc(Cl)c(Cl)cc3[nH]2,CHEMBL1316809,4.40,
OC[C@@H]1OC(=O)N2[C@H]1COc3cc(ccc23)c4ccc(nc4)C#N,CHEMBL2323191,,4.74
OC[C@H](C1CCN(CC1)C(=O)\C=C\c2cc(F)cc(F)c2)N3CCC(CC3)c4c[nH]c5ncccc45,CHEMBL455683,4.60,
OC[C@H](Cc1ccc2OCOc2c1)[C@H](CO)Cc3ccc4OCOc4c3,CHEMBL486597,6.85,
OC[C@H](NC(=O)N(Cc1cncs1)C2CC2)C(=O)N[C@H](CC[C@H](Cc3ccccc3)NC(=O)OCc4cncs4)Cc5ccccc5,CHEMBL3115170,6.92,
OC[C@H]1CCCN1CCn2ncc3cc(ccc23)N4C=CC(=CC4=O)OCc5ccccc5,CHEMBL1289169,,5.64
OC=O.Clc1ccc(cc1)C(=O)N2CCN(C(=O)C2)c3ccc(OC4CCN(CC4)C5CCCC5)cc3,CHEMBL239744,,5.40
OC=O.Fc1ccc(C(=O)N2CCN(C(=O)C2)c3ccc(OC4CCN(CC4)C5CCCC5)cc3)c(F)c1,CHEMBL392354,,4.60
OC1(C2CCCCCC2=O)C(=O)Nc3ccc(Br)cc13,CHEMBL1337830,4.75,
OC1(Cc2ccccc2)CCN(CC1)C(=O)NC3CCN(Cc4ccn(c4)c5ccc(cc5)C(F)(F)F)CC3,CHEMBL558726,,5.10
OC1(CCN(CC1)c2ccc3nnc(n3n2)C(F)(F)F)c4cccnc4,CHEMBL2346971,,4.02
OC1(CCN(Cc2c[nH]c3ccccc23)CC1)c4ccc(Cl)cc4,CHEMBL445102,5.60,
OC1(CCN(CCCC(=O)c2ccc(F)cc2)CC1)c3ccc(Br)cc3,CHEMBL28218,5.00,
OC1(CCN(CCCC(=O)c2ccc(F)cc2)CC1)c3cccc(c3)C(F)(F)F,CHEMBL15023,7.40,
OC1(CNC(=O)C2CCN(Cc3ccn(c3)c4ccc(cc4)C(F)(F)F)CC2)CCCCC1,CHEMBL557715,,4.93
OC1(CNCC(=O)N2CCc3ccccc3[C@H]2C4CCCCC4)CCCCC1,CHEMBL3356252,,4.12
OC1(COc2ccc(C#N)c(F)c2)CN(C1)S(=O)(=O)c3ccc(Cl)cc3Cl,CHEMBL3218118,,5.02
OC1(CS(=O)(=O)Cc2ccccc2)CCN(CC1)C(=O)c3cccc(c3)C(F)(F)F,CHEMBL1507893,5.50,
OC1(N2CCCCCC2)C(=O)Nc3ccc(cc13)[N+](=O)[O-],CHEMBL1572595,5.45,
Oc1[nH]c2ccccc2c1\C=N\c3nccs3,CHEMBL3190499,4.80,
OC1=C([C@H](CC(=O)c2ccccc2)c3ccccc3)C(=O)Oc4ccccc14,CHEMBL1335668,5.50,
OC1=C(C(C2=C(O)C(=O)c3ccccc3C2=O)c4ccc(Cl)cc4)C(=O)c5ccccc5C1=O,CHEMBL287689,5.50,
OC1=C(Oc2cc(O)cc(O)c2C1=O)c3ccc(O)c(O)c3,CHEMBL50,5.20,
OC1=C(Oc2cc(O)ccc2C1=O)c3ccc(O)c(O)c3,CHEMBL31574,4.40,
OC1=C(Oc2cc(O)ccc2C1=O)c3ccc(O)cc3,CHEMBL242383,4.40,
OC1=CC(=O)N(C(=N)N1c2ccccc2)c3ccccc3,CHEMBL1354137,4.60,
OC1=CC=Cc2cc(O)c(O)c(O)c2C1=O,CHEMBL66953,4.50,
OC1=NC(=O)CN1\N=C/c2oc(cc2)c3ccc(cc3)[N+](=O)[O-],CHEMBL1618718,4.70,
Oc1c(\C=N/Nc2ccc3ccccc3n2)cccc1[N+](=O)[O-],CHEMBL1356395,5.50,
Oc1c(Br)cc2c(Oc3c(Br)c(O)c(Br)cc3C24OC(=O)c5c(Cl)c(Cl)c(Cl)c(Cl)c45)c1Br,CHEMBL1580759,4.70,
Oc1c(cc(cc1[N+](=O)[O-])[N+](=O)[O-])C(=O)N\N=C\c2ccncc2,CHEMBL3191557,6.00,
Oc1c(Cl)cc(Cl)c(Cl)c1Cc2c(O)c(Cl)cc(Cl)c2Cl,CHEMBL496,4.80,
Oc1c(Cl)cc(Cl)c2cccnc12,CHEMBL1200596,4.80,
Oc1c2C=CC(=O)Oc2cc3occc13,CHEMBL242711,4.80,
Oc1cc(c2cc(ccc2c1N=Nc3ccc4ccccc4c3O)[N+](=O)[O-])S(=O)(=O)O,CHEMBL1513643,5.40,
Oc1cc(O)c(C(=O)Cc2ccc(Cl)cc2)c(O)c1,CHEMBL1552100,5.30,
Oc1cc(O)c2C(=O)C=C(Oc2c1)c3ccccc3O,CHEMBL242385,5.40,
Oc1cc(O)c2C(=O)c3ccccc3C(=O)c2c1O,CHEMBL294264,4.40,
Oc1cc(O)c2C[C@@H](OC(=O)c3cc(O)c(O)c(O)c3)C(Oc2c1)c4ccc(O)c(O)c4,CHEMBL1514905,4.60,
Oc1cc2[C@@H](CNCCc2c(Cl)c1O)c3ccccc3,CHEMBL1317463,4.40,
OC1Cc2ccc(O)cc2OC1c3ccc(O)c(O)c3,CHEMBL1367159,4.60,
Oc1cc2CCNC[C@@H](c3ccccc3)c2cc1O,CHEMBL284746,4.90,
Oc1cc2oc3c4ccccc4OC(=O)c3c2cc1O,CHEMBL1376200,4.70,
Oc1ccc(\C=C(/C#N)\C(=O)c2ccc(O)c(O)c2)cc1O,CHEMBL56393,4.80,
Oc1ccc(\C=C/C(=O)c2ccc(O)cc2O)cc1,CHEMBL1395334,5.50,
Oc1ccc(\C=C\C(=O)c2c(O)cc(O)cc2O)cc1,CHEMBL338066,5.10,
Oc1ccc(\C=C\C(=O)c2cccs2)cc1,CHEMBL1316156,5.90,
Oc1ccc(\C=C\c2cc(O)cc(O)c2)cc1,CHEMBL165,5.40,
Oc1ccc(Br)c2CC(CN3CCC4(CC3)CCc5ccccc45)NCc12,CHEMBL3785095,,6.00
Oc1ccc(C2=CC(=O)c3ccccc3O2)c(O)c1,CHEMBL1374610,5.50,
Oc1ccc(c2C(=O)c3c(C(=O)c12)c(O)ccc3[N+](=O)[O-])[N+](=O)[O-],CHEMBL1535689,5.10,
Oc1ccc(cc1)C(=C2C=CC(=O)C=C2)c3ccc(O)cc3,CHEMBL210868,4.70,
Oc1ccc(cc1)C2=CC(=O)c3c(O)cc(O)cc3O2,CHEMBL28,5.10,
Oc1ccc(cc1)C2=CC(=O)c3cc(O)ccc3O2,CHEMBL484663,5.50,
Oc1ccc(cc1)C2=COc3cc(O)cc(O)c3C2=O,CHEMBL44,4.90,
Oc1ccc(cc1)c2c[nH]c(n2)[C@H]3Cc4c([nH]c5ccccc45)[C@H](N3)C6CCOCC6,CHEMBL3775398,,6.33
Oc1ccc(cc1)c2ccc(NC(=O)Nc3ccc(cc3)c4ccnc5[nH]cnc45)cc2,CHEMBL1951445,7.52,
Oc1ccc(cc1)c2oc(SC3CCOC3=O)nn2,CHEMBL1603539,5.15,
Oc1ccc(cc1O)C2=CC(=O)c3ccccc3O2,CHEMBL222556,4.80,
Oc1ccc(Cl)c(Cl)c1Cl,CHEMBL1341844,4.80,
Oc1ccc(Cl)c2CC(CN3CCC4(CC3)CCc5ccccc45)NCc12,CHEMBL3785560,,5.76
Oc1ccc(Cl)cc1C(=O)NN=C2C3CC4CC(CC2C4)C3,CHEMBL1413631,4.95,
Oc1ccc(Cl)cc1Sc2cc(Cl)ccc2O,CHEMBL473535,4.50,
Oc1ccc(nc1)[C@@H]2CC[C@H](CC2)N3CC(C3)NC(=O)CNC(=O)c4cccc(c4)C(F)(F)F,CHEMBL1829624,,5.00
Oc1ccc2[nH]cc(C[C@H](NC(=O)c3ccc4c(c3)nc(c5cocc5)n4C6CCCCC6)c7cscn7)c2c1,CHEMBL376487,6.36,
Oc1ccc2C(=O)C=C(Oc2c1)C(=O)NC3CCN(Cc4ccc5OCOc5c4)CC3,CHEMBL215631,,7.20
Oc1ccc2C(=O)C=C(Oc2c1O)c3ccccc3,CHEMBL75267,4.40,
Oc1ccc2C(=O)c3c(O)ccc(O)c3C(=O)c2c1O,CHEMBL29898,5.20,
Oc1ccc2C[C@@H]3N(CC4CC4)CC[C@]56[C@@H](Oc1c25)c7[nH]c8ccccc8c7C[C@]36O,CHEMBL1371444,4.60,
Oc1ccc2C[C@@H]3N(CC4CC4)CC[C@]56[C@@H](Oc1c25)c7c(C[C@]36O)c8ccccc8n7Cc9ccccc9,CHEMBL1415910,5.00,
Oc1ccc2C[C@H]3N(CC=C)CC[C@@]45[C@H](Oc1c24)\C(=N\N=C/6\CC[C@]7(O)[C@@H]8Cc9ccc(O)c%10O[C@@H]6[C@@]7(CCN8CC=C)c9%10)\CC[C@@]35O,CHEMBL1371628,4.50,
Oc1ccc2C[C@H]3N(CC4CC4)CC[C@@]56[C@@H](Oc1c25)C(=O)CC[C@@]36NC(=O)\C=C/c7ccc(Cl)cc7,CHEMBL1591508,4.80,
Oc1cccc(c1)C2=CC(=O)c3c(O)cccc3O2,CHEMBL502242,5.10,
Oc1cccc(c1)c2ccc(cc2)c3cccc(O)c3,CHEMBL502908,5.68,
Oc1cccc(c1)c2ccc3c(c(O)ccc3c2)c4ccccc4,CHEMBL469227,5.56,
Oc1cccc(c1)c2cnc(s2)c3cccc(O)c3,CHEMBL456379,6.10,
Oc1cccc(c1)N2CCN(CCN3CCC(CC3)C(F)(F)F)C2=O,CHEMBL569846,,4.80
Oc1cccc(O)c1,CHEMBL24147,5.00,
Oc1cccc(O[C@H]2C[C@H]3CC[C@@H](C2)N3Cc4ccccc4)c1,CHEMBL1224288,,5.80
Oc1cccc2Cc3cccc(O)c3C(=O)c12,CHEMBL46469,4.60,
Oc1ccccc1NC(=O)\C(=C/c2ccccc2)\NC(=O)\C=C\c3ccccc3,CHEMBL1569491,4.85,
OC1CCN(CC1)C(=O)[C@H](Cc2ccc(Br)cc2)NC(=O)C3(CC3)c4ccc(Cl)cc4Cl,CHEMBL2163822,5.89,
OC1CCN(Cc2ccc(OC3CCN(CC3)C(=O)c4oc(nn4)c5ccccc5)cc2)C1,CHEMBL3787345,,4.51
OC1CCN(CCCOc2ccc(cc2)n3c(nc4cc(F)ccc34)c5ccccn5)CC1,CHEMBL526450,,7.80
OC1CN(C[C@H](Oc2ncnc3c2cnn3c4c(Cl)cccc4Cl)C(=O)Nc5ccc(cn5)C#N)C1,CHEMBL3221522,,5.20
OC1CN(C[C@H](Oc2ncnc3c2cnn3c4ccccc4Cl)C(=O)Nc5ccc(Cl)cn5)C1,CHEMBL3221517,,5.00
OC1CN(C[C@H](Oc2ncnc3c2cnn3c4ncccc4Cl)C(=O)Nc5ccc(Cl)cn5)C1,CHEMBL3221515,,4.30
Oc1nc(CSc2nnc(c3ccccc3)n2C4CCCCC4)nc5ccccc15,CHEMBL1331253,6.10,
Oc1nc(nc2c1nnn2Cc3ccccc3Cl)C4CCN(CC4)C(=O)Cc5cccs5,CHEMBL1450977,5.50,
Oc1nc(SCc2ccccc2[N+](=O)[O-])nc3[nH]cnc13,CHEMBL1320518,5.40,
Oc1nc2cc(Cl)ccc2c(O)c1C(=O)C3CC3,CHEMBL115225,8.50,
Oc1nc2cc(Cl)ccc2c(O)c1c3ccc(Oc4ccccc4)cc3,CHEMBL334378,5.00,
Oc1nc2SC3C(C(c4ccccc4)c2s1)C(=O)N(C3=O)c5ccc(Cl)cc5,CHEMBL1347641,4.90,
Oc1nc2SC3C(C(c4ccccc4)c2s1)C(=O)N(C3=O)c5ccccc5,CHEMBL1520919,5.10,
Oc1nccc2c(cccc12)S(=O)(=O)N3CCCNCC3,CHEMBL1233300,,5.10
OCC(COC(=O)C=C)(COC(=O)C=C)COC(=O)C=C,CHEMBL1602699,5.10,
OCC(O)CN1CCC(COC(=O)c2c3OCCCn3c4ccccc24)CC1,CHEMBL3329814,,4.09
OCc1cc(ccc1O)[C@@H](O)CNCCCCCCOCCCCc2ccccc2,CHEMBL230056,4.90,
OCc1cc(Cl)ccc1NC(=O)NC2CCN(Cc3ccn(c3)c4ccc(cc4)C(F)(F)F)CC2,CHEMBL550943,,5.48
OCC1CC2(NC1CCC2NCc3cc(OC(F)(F)F)ccc3OC4CC4)c5ccccc5,CHEMBL202417,,6.57
OCC1CCCCN1C(=O)c2cc3ccccn3c2c4cccc(c4)C#N,CHEMBL2164887,,4.61
OCC1CCCN(C1)C(=O)CC2CCN(Cc3oc(cc3)c4ccc(Cl)cc4)CC2,CHEMBL564674,,5.63
OCC1CCCN(C1)S(=O)(=O)c2ccc(F)cc2,CHEMBL1741417,4.60,
OCc1ncc2CN=C(c3ccccc3F)c4cc(Cl)ccc4n12,CHEMBL1188,5.00,
OCC1O[C@@H](Oc2cccc3[C@@H]([C@@H]4c5cccc(O[C@@H]6OC(CO)C(O)C(O)C6O)c5C(=O)c7c(O)cc(cc47)C(=O)O)c8cc(cc(O)c8C(=O)c23)C(=O)O)C(O)C(O)C1O,CHEMBL1314924,4.40,
OCC1OC(C=CC1O)C#Cc2ccccc2,CHEMBL1329059,5.20,
OCC1OC(C=CC1Oc2ccc(C=O)cc2)C#Cc3ccccc3,CHEMBL1406764,5.40,
OCC1OC(Oc2c(O)cc(O)c3C(=O)C(=C(Oc23)c4ccc(O)c(O)c4)O)C(O)C(O)C1O,CHEMBL1337379,4.40,
OCCCCn1c(CN2C(=O)N(C3CC3)c4ccncc24)nc5ccccc15,CHEMBL243876,4.56,
OCCCN(Cc1cc2cc3OCOc3cc2nc1O)Cc4nnnn4Cc5ccc(F)cc5,CHEMBL1527195,5.50,
OCCN1CCN(CC1)C(=O)OC2(CC2)[C@H]3CCC[C@H](N3S(=O)(=O)c4ccc(Cl)cc4)c5cc(F)cc(F)c5,CHEMBL239629,7.22,
OCCN1CCN(CC1)c2ncc3cc(c4ccccc4)c(nc3n2)c5ccc(CN6CCC(CC6)c7nnc([nH]7)C8=CNC(=O)C=C8)cc5,CHEMBL502113,,5.17
OCCNC(=O)c1ccccc1Oc2ncc(Cl)cc2NS(=O)(=O)c3ccc(Cl)c(Cl)c3,CHEMBL1169660,4.69,
OCCNC1=CC(=O)c2ccncc2C1=O,CHEMBL447876,5.10,
OCCNCC(=O)N1CCC(CC1)c2ccc(NC(=O)c3nc(c[nH]3)C#N)c(c2)C4=CCCCC4,CHEMBL2158288,5.29,
OCCOC[C@H](Oc1ncnc2c1cnn2c3c(F)cccc3Cl)C(=O)Nc4ccc(F)cn4,CHEMBL3221530,,4.50
OCCOc1ccc2ncc(F)c(C[C@H](O)C34CCC(CC3)(CO4)NCc5ccc6OCC(=O)Nc6n5)c2n1,CHEMBL3605013,,4.53
OCCOc1ccc2ncc(F)c(CCC34CCC(CC3)(CO4)NCc5ccc6OCC(=O)Nc6n5)c2n1,CHEMBL3605120,,4.60
ON1C(Nc2ccccc2C1=O)c3ccc4OCOc4c3,CHEMBL1610687,4.65,
ONC(=O)\C=C\c1ccc(CNCCc2c([nH]c3ccccc23)c4ccccn4)cc1,CHEMBL1819256,,5.81
ONC(=O)\C=C\c1ccc(CNCCc2c(nn3ccccc23)c4ccccc4)cc1,CHEMBL1819272,,4.98
ONC(=O)\C=C\c1ccc2CN(Cc3ccccc3)Cc2c1,CHEMBL1808642,,4.56
ONC(=O)\C=C\c1ccc2CN(CCC3CCCCC3)Cc2c1,CHEMBL1808643,,4.66
ONC(=O)c1ccc(s1)c2ccn(CCNCc3ccc4OCOc4c3)n2,CHEMBL217716,4.28,
OS(=O)(=O)C1CCNCC1,CHEMBL34155,5.70,
S=C(CCCC#C)Nc1ccccc1,CHEMBL1566670,4.60,
S=C(N\C=C(/C#N)\c1nc2ccccc2s1)c3ccncc3,CHEMBL1330323,5.60,
S=C(NC1CCCCC1)NC2CCCCC2,CHEMBL1606127,4.60,
S=C(Nc1ccccc1)Nc2nc(cc(c3ccccc3)c2C#N)c4ccccc4,CHEMBL3408381,,4.32
S=C(Nc1ccccc1)Nc2nccs2,CHEMBL1256364,4.80,
S=C(NCc1occc1)N2CCN(CC2)C(c3ccccc3)c4ccccc4,CHEMBL1559877,4.90,
S=C1N[C@@H](N[C@@H](S1)c2ccccc2)c3ccccc3,CHEMBL1564927,5.40,
S=C1SCN(Cc2ccccn2)CN1Cc3occc3,CHEMBL1603700,4.70,
S=P([C@@H](N1CCCC1)c2cccnc2)(C3CCCCC3)C4CCCCC4,CHEMBL1491853,5.50,
SC(=S)N1CCCC1,CHEMBL399491,4.50,
Sc1nnc(CCc2ccccc2)n1Cc3ccccc3,CHEMBL1531291,5.10,
Sc1nnc(CNC(=O)c2ccc(cc2)S(=O)(=O)N3CCCC3)n1c4cccc(Cl)c4,CHEMBL1583880,5.35,
Sc1nnc(CNC(=O)c2ccc(cc2)S(=O)(=O)N3CCOCC3)n1c4ccccc4,CHEMBL1461936,4.50,
Sc1nnc(n1Cc2occc2)C34CC5CC(CC(C5)C3)C4,CHEMBL1550240,4.60,
