Molecule,Stage,V-iD,MolWt,HeavyAtomMolWt,NumValenceElectrons,MaxPartialCharge,fr_Ar_OH,fr_COO,fr_COO2,fr_C_O,fr_C_O_noCOO,fr_C_S,fr_HOCCN,fr_Imine,fr_NH2
c1cc2ccccc2cc1,Stage 1,V000001,128.1739959716797,120.11000061035156,48,-0.018404250964522362,0,0,0,0,0,0,0,0,0
CC(O)=O,Stage 1,V000002,60.051998138427734,56.02000045776367,24,0.2996845543384552,0,1,1,1,0,0,0,0,0
OS(O)(=O)=O,Stage 1,V000003,98.0790023803711,96.06300354003906,32,0.39434653520584106,0,0,0,0,0,0,0,0,0
C,Stage 1,V000004,16.042999267578125,12.01099967956543,8,-0.07755789160728455,0,0,0,0,0,0,0,0,0
C1OC1,Stage 1,V000005,44.053001403808594,40.020999908447266,18,0.07011439651250839,0,0,0,0,0,0,0,0,0
c1ccncc1,Stage 1,V000006,79.10199737548828,74.06199645996094,30,0.026728767901659012,0,0,0,0,0,0,0,0,0