Helm,Molecule,Stage,V-iD,MolWt,HeavyAtomMolWt,FractionCSP3
PEPTIDE1{[Cys_Me].[D-1Nal].[Cys_SEt]}$$$$V2.0,"
Actelion Java MolfileCreator 2.0

  0  0  0  0  0  0              0 V3000
M  V30 BEGIN CTAB
M  V30 COUNTS 32 33 0 0 0
M  V30 BEGIN ATOM
M  V30 1 C -3.0446 -6.3515 0 0
M  V30 2 S -1.7455 -5.6015 0 0
M  V30 3 C -1.7455 -4.1015 0 0
M  V30 4 C -0.4465 -3.3515 0 0 CFG=2
M  V30 5 N 0.8524 -4.1015 0 0
M  V30 6 C -0.4465 -1.8515 0 0
M  V30 7 O -1.7455 -1.1015 0 0
M  V30 8 N 0.8524 -1.1015 0 0
M  V30 9 C 0.8524 0.3984 0 0 CFG=2
M  V30 10 C 2.1515 1.1484 0 0
M  V30 11 C 3.4505 0.3984 0 0
M  V30 12 C 3.4505 -1.1015 0 0
M  V30 13 C 4.7496 -1.8515 0 0
M  V30 14 C 6.0486 -1.1015 0 0
M  V30 15 C 6.0486 0.3984 0 0
M  V30 16 C 7.3476 1.1484 0 0
M  V30 17 C 7.3476 2.6484 0 0
M  V30 18 C 6.0486 3.3984 0 0
M  V30 19 C 4.7496 2.6484 0 0
M  V30 20 C 4.7496 1.1484 0 0
M  V30 21 C -0.4465 1.1484 0 0
M  V30 22 O -0.4465 2.6484 0 0
M  V30 23 C -9.5398 0.3984 0 0
M  V30 24 C -8.2407 1.1484 0 0
M  V30 25 S -6.9417 0.3984 0 0
M  V30 26 S -5.6426 1.1484 0 0
M  V30 27 C -4.3436 0.3984 0 0
M  V30 28 C -3.0446 1.1484 0 0 CFG=2
M  V30 29 N -1.7455 0.3984 0 0
M  V30 30 C -3.0446 2.6484 0 0
M  V30 31 O -4.3436 3.3984 0 0
M  V30 32 O -1.7455 3.3984 0 0
M  V30 END ATOM
M  V30 BEGIN BOND
M  V30 1 1 1 2
M  V30 2 1 2 3
M  V30 3 1 4 3
M  V30 4 1 4 5 CFG=1
M  V30 5 1 4 6
M  V30 6 1 6 8
M  V30 7 2 6 7
M  V30 8 1 9 8
M  V30 9 1 9 10 CFG=1
M  V30 10 1 10 11
M  V30 11 2 11 12
M  V30 12 1 12 13
M  V30 13 2 13 14
M  V30 14 1 14 15
M  V30 15 2 15 16
M  V30 16 1 16 17
M  V30 17 2 17 18
M  V30 18 1 18 19
M  V30 19 2 19 20
M  V30 20 1 11 20
M  V30 21 1 15 20
M  V30 22 1 9 21
M  V30 23 1 21 29
M  V30 24 2 21 22
M  V30 25 1 23 24
M  V30 26 1 24 25
M  V30 27 1 25 26
M  V30 28 1 26 27
M  V30 29 1 28 27 CFG=1
M  V30 30 1 28 29
M  V30 31 1 28 30
M  V30 32 1 30 31
M  V30 33 2 30 32
M  V30 END BOND
M  V30 BEGIN COLLECTION
M  V30 MDLV30/STEABS ATOMS=(3 4 9 28)
M  V30 END COLLECTION
M  V30 END CTAB
M  END
",Design,V000001,495.6919860839844,466.4599914550781,0.40909090638160706