int1,int2,int3,float1,float2,float3,float4
1,-1,2,3.33333333333333,-0.41,1.1,2.2
2,1,4,6.66666666666667,0.41,2.2,4.4
3,2,5,10,0.82,3.3,5.5
4,-2,-3,13.3333333333333,-0.82,4.4,-3.3
5,3,7,16.6666666666667,1.23,5.5,7.7
6,-3,8,20,-1.23,6.6,8.8
