{"heavy_seq": 
	"QVQLQESGPGLVKPSQTLSLTCTVSGFSINSDSYWIWIRQPPGKGLEWIYYTFYNGITYYNPSLKSRTTISVDTSKNQFSLKLSSVTAADTAVYYCARAEVVYWYFDVWGQGTLVTVSS", 
"light_seq": 
	"DIQMTQSPSSLSASVGDRVTITCRASQDSGNYLNWYQQKPGKTPKLLIYYTSRLHSGVPSRFSGSGSGTDFTFTISSLQPEDIATYYCQQGNTLPWTFGQGTKLEIK", 
"heavy_chain": 
	"H", 
"light_chain": 
	"L", 
"ptm_predictions": {
	"H": {"Hydroxylysine": [[12, 0.022684857612512134], [43, 0.027800642340480408], [64, 0.013266154678314023], [75, 0.08576820534121339], [81, 0.05997758701396379]], 
		  "Hydroxyproline": [[8, 0.12497038627043366], [13, 0.053484346345067026], [40, 0.09570974688977003], [41, 0.10252943327650428], [61, 0.08212362108752132]], 
		  "Methylarginine": [[38, 0.10698713483288884], [66, 0.1698657726403326], [97, 0.03079193327575922]], 
		  "Methyllysine": [[12, 0.1098341156495735], [43, 0.1912615794688463], [64, 0.6116064816713334], [75, 0.20967445541173219], [81, 0.18427306218072773]], 
		  "N6-acetyllysine": [[12, 0.13909576078876854], [43, 0.1389729163609445], [64, 0.1364830469712615], [75, 0.28177328007295727], [81, 0.14713108371943234]], 
		  "N-linked_glycosylation": [[29, 0.03379846114276006], [54, 0.04070736414578278], [60, 0.04050920741865412], [76, 0.0423677967817639]], 
		  "O-linked_glycosylation": [[6, 0.8017294511198998], [14, 0.11218312908895314], [16, 0.06525201897602528], [18, 0.047250195126980546], [20, 0.07074060889426619], [22, 0.047654341487213966], [24, 0.04850335840601474], [27, 0.05704916166141629], [30, 0.05054467022418976], [32, 0.0511258251266554], [51, 0.058218794292770326], [57, 0.0522851693443954], [62, 0.06511178386863321], [65, 0.04790428946726024], [67, 0.06885925838723779], [68, 0.05667884100694209], [70, 0.059117468912154435], [73, 0.059672616072930396], [74, 0.058772566763218494], [79, 0.06120854461332783], [83, 0.08469205861911178], [84, 0.07778337758500128], [86, 0.09058013631729409], [90, 0.05940449247136712], [112, 0.07588688535615802], [115, 0.2577489983290434], [117, 0.09959962079301476], [118, 0.07662084868643433]], 
		  "Phosphoserine_Phosphothreonine": [[6, 0.40757170841097834], [14, 0.08671801052987575], [16, 0.05998122058808804], [18, 0.06649982919916511], [20, 0.05965629753191024], [22, 0.056693243165500465], [24, 0.03965707948664203], [27, 0.04164645065320656], [30, 0.0627347310888581], [32, 0.06522019560798072], [51, 0.03775150573346764], [57, 0.04708608037326485], [62, 0.07970279096625746], [65, 0.0958570693153888], [67, 0.09169330927543343], [68, 0.0938466597814113], [70, 0.2725687906146049], [73, 0.11253795046359301], [74, 0.13871078360825778], [79, 0.07825148282572628], [83, 0.08243831861764192], [84, 0.14541732585057615], [86, 0.07197778057307005], [90, 0.04839784735813737], [112, 0.05684588989242911], [115, 0.06957471459172666], [117, 0.19557447768747807], [118, 0.22706185635179282]], 
		  "Phosphotyrosine": [[33, 0.029184428924418172], [49, 0.04090511726681143], [50, 0.026883966563036665], [53, 0.017683364302502013], [58, 0.039049397502094504], [59, 0.03197708388324827], [93, 0.030412536498624833], [94, 0.03531107611488551], [102, 0.04297361756034661], [104, 0.02467940195929259]], 
		  "Pyrrolidone_carboxylic_acid": [[0, 0.9660780489444732], [2, 0.5760847248136998], [4, 0.2543690420221537], [15, 0.05171414208598435], [39, 0.1816965863108635], [77, 0.056570013309828936], [110, 0.01975093439396005]], 
		  "S-palmitoyl_cysteine": [[21, 0.03750928856898099], [95, 0.02187271349830553]], 
		  "SUMOylation": [[12, 0.054127270728349684], [43, 0.036246474785730246], [64, 0.037059297336963934], [75, 0.03230412536067888], [81, 0.06115094005363062]], 
		  "Ubiquitination": [[12, 0.34052958264946936], [43, 0.2278740607202053], [64, 0.205892616789788], [75, 0.2717226437758654], [81, 0.19984664004296065]], 
		  "Trpoxidation(W)": [[34, 100.0], [103, 100.0], [108, 100.0]], 
		  "Asndeamidation(NGNSNT)": [[29, 100.0], [54, 100.0]], 
		  "Aspisomerisation(DGDSDTDDDH)": [[31, 100.0]]}, 
	"L": {"Hydroxylysine": [[38, 0.0956886881031096], [41, 0.018349754621158353], [44, 0.0254125784849748], [102, 0.06201971892733127], [106, 0.04079440793721005]], 
		"Hydroxyproline": [[7, 0.22804055772721768], [39, 0.0741575837135315], [43, 0.056308815721422434], [58, 0.2127500945702195], [79, 0.06918688919395208], [94, 0.10294781839475035]], 
		"Methylarginine": [[17, 0.15910480869933963], [23, 0.19053012141957879], [52, 0.2836754433112219], [60, 0.7846253663301468]], 
		"Methyllysine": [[38, 0.15681970613077284], [41, 0.09547527283430099], [44, 0.2584265095181763], [102, 0.14178462782874704], [106, 0.14706993035506458]], 
		"N6-acetyllysine": [[38, 0.30223028222098947], [41, 0.1646343108266592], [44, 0.4213454008102417], [102, 0.26901848134584727], [106, 0.19717418160289527]], 
		"N-linked_glycosylation": [[30, 0.03663789149263721], [33, 0.03494218128125794], [91, 0.03958861604569393]], 
		"O-linked_glycosylation": [[4, 0.6262151315808296], [6, 0.3093517482280731], [8, 0.28075191006064415], [9, 0.23174225045368074], [11, 0.2806638814508915], [13, 0.14045014493167401], [19, 0.0906192887108773], [21, 0.07012833268381655], [25, 0.06929845039267093], [28, 0.08937009945511817], [42, 0.12383943884633482], [50, 0.12808091830229387], [51, 0.10754835279658437], [55, 0.22561161639168859], [59, 0.24135122429579497], [62, 0.7930730193853378], [64, 0.8778749808669091], [66, 0.7043363720178604], [68, 0.23829042268916964], [71, 0.3314306644722819], [73, 0.3607595396228135], [75, 0.269531077798456], [76, 0.3110157909337431], [84, 0.17056034195702524], [92, 0.307138091372326], [96, 0.23078210498206317], [101, 0.19388873595744371]], 
		"Phosphoserine_Phosphothreonine": [[4, 0.46877999901771544], [6, 0.8516473114490509], [8, 0.5507599681615829], [9, 0.7382452487945557], [11, 0.5732695966958999], [13, 0.7590880692005157], [19, 0.0829783140681684], [21, 0.0810936781577766], [25, 0.4555599197745323], [28, 0.35211668610572816], [42, 0.15837571453303098], [50, 0.09704932025633753], [51, 0.10366121819242835], [55, 0.27828222438693045], [59, 0.18804267533123492], [62, 0.2823000352829695], [64, 0.34043743535876275], [66, 0.44744194746017457], [68, 0.11865792870521545], [71, 0.048128464818000795], [73, 0.045208356366492806], [75, 0.04373169734608382], [76, 0.05188610146287829], [84, 0.045602742952178234], [92, 0.06585893202573061], [96, 0.0705212039873004], [101, 0.10048488820903004]], 
		"Phosphotyrosine": [[31, 0.27523466385900974], [35, 0.044565423112362626], [48, 0.10792220318689942], [49, 0.04732953580096364], [85, 0.02351438847836107], [86, 0.030408175522461535]], 
		"Pyrrolidone_carboxylic_acid": [[2, 0.7391365468502045], [5, 0.25214420799165965], [26, 0.05023825983516872], [36, 0.07925233622081578], [37, 0.057348126219585537], [78, 0.04293228939641267], [88, 0.16451112255454065], [89, 0.04003201019950211], [99, 0.0187528940019547]], 
		"S-palmitoyl_cysteine": [[22, 0.03249257269781083], [87, 0.019449569305288607]], 
		"SUMOylation": [[38, 0.04680040893144906], [41, 0.10351136648096144], [44, 0.03709201478632167], [102, 0.8633508265018464], [106, 0.22261842619627714]], 
		"Ubiquitination": [[38, 0.31866198033094406], [41, 0.22380916476249696], [44, 0.1931717062368989], [102, 0.21679625124670565], [106, 0.23991450984030963]], 
		"Metoxidation(M)": [[3, 100.0]], 
		"Trpoxidation(W)": [[34, 100.0], [95, 100.0]], 
		"Asndeamidation(NGNSNT)": [[91, 100.0]], 
		"Aspisomerisation(DGDSDTDDDH)": [[27, 100.0]]}}, 
"parapred_predictions": {
	"H": {"25": 0.1336984634399414, "26": 0.19314786791801453, "27": 0.18329325318336487, "28": 0.030337994918227196, "29": 0.6284958124160767, "30": 0.8714219331741333, "31": 0.87101811170578, "32": 0.8224973678588867, "52": 0.8525773882865906, "53": 0.7413011193275452, "54": 0.9574458003044128, "55": 0.4847254455089569, "56": 0.947956919670105, "98": 0.8886436820030212, "99": 0.9569252729415894, "100": 0.9739148616790771, "101": 0.9850581288337708, "102": 0.9529546499252319, "103": 0.9498568177223206, "104": 0.42342981696128845, "105": 0.03592540696263313, "106": 0.29332268238067627,