{"heavy_seq": "EVQLVESGGGLVQPGGSLRLSCAASGFIFSTYWMSWVRQAPGKGLEWVANINPDGNEKYYVDSVEGRFTISRDNAQDSLYLQMNSLRAEDTAVYYCARDPISARFDFWGQGTLVTVSS", "light_seq": "EIVMTQSPLSLPVTPGKPASISCRSSQSLEYSDGNTYLNWFQQRPGQSPRRLIYKVSNRDSGVPDRFSGSGSGTDFTLKISRVEAEDVGVYYCMQGTHWPPTFGGGTKVDIK", "heavy_chain": "H", "light_chain": "L", "ptm_predictions": {"H": {"Hydroxylysine": [[42, 0.035555502472561784], [57, 0.03445665689068846]], "Hydroxyproline": [[13, 0.07178224893286825], [40, 0.04624586319550872], [52, 0.08433365104719996], [99, 0.08885057186707854]], "Methylarginine": [[18, 0.13927518390119076], [37, 0.07098423484712839], [66, 0.027274521719664335], [71, 0.03702401907648891], [86, 0.02982331927632913], [97, 0.05333502111025155], [103, 0.23728794008493423]], "Methyllysine": [[42, 0.1807819340378046], [57, 0.179360144212842]], "N6-acetyllysine": [[42, 0.23869216088205575], [57, 0.3065163325052708]], "N-linked_glycosylation": [[49, 0.03227762200403959], [51, 0.032912310600465844], [55, 0.03221913643740208], [73, 0.03444278294748528], [83, 0.03630439113858301]], "O-linked_glycosylation": [[6, 0.7547165542840958], [16, 0.05241927686147392], [20, 0.06697093041148036], [24, 0.05679242860060185], [29, 0.05809181369841099], [30, 0.05348126445896924], [34, 0.06142604392953217], [62, 0.09014178710058332], [68, 0.06098216599784791], [70, 0.06856401218101382], [77, 0.0610273749101907], [84, 0.08326441250974312], [90, 0.09955032281577587], [101, 0.12872891589067875], [111, 0.18613844690844417], [114, 0.32767337262630464], [116, 0.1328364043496549], [117, 0.10330914016813039]], "Phosphoserine_Phosphothreonine": [[6, 0.6527838051319123], [16, 0.12208309783600271], [20, 0.048816555505618454], [24, 0.04310422467533499], [29, 0.04361676131375134], [30, 0.04568410077481531], [34, 0.05649634838337079], [62, 0.5540886342525482], [68, 0.1553493734449148], [70, 0.2622365655377507], [77, 0.47438325732946396], [84, 0.18162192944437267], [90, 0.08275902769528329], [101, 0.07114400360733271], [111, 0.1266875154338777], [114, 0.15928824050351978], [116, 0.574399521946907], [117, 0.5083144284784794]], "Phosphotyrosine": [[31, 0.023893645938369446], [58, 0.11139547303318978], [59, 0.15868162158876659], [79, 0.6856866404414177], [93, 0.07917955052107573], [94, 0.09230797635391355]], "Pyrrolidone_carboxylic_acid": [[2, 0.6853665418922901], [12, 0.0719731186516583], [38, 0.3196869730949402], [75, 0.07524585202336312], [81, 0.07305007767863572], [109, 0.022066588822053746]], "S-palmitoyl_cysteine": [[21, 0.10572694237343967], [95, 0.0374889112310484]], "SUMOylation": [[42, 0.0430573639459908], [57, 0.02895577484741807]], "Ubiquitination": [[42, 0.5164382286369801], [57, 0.47518221437931063]], "Metoxidation(M)": [[33, 100.0]], "Trpoxidation(W)": [[32, 100.0], [107, 100.0]], "Aspisomerisation(DGDSDTDDDH)": [[53, 100.0]], "LysineGlycation(KEKDEKED)": [[56, 100.0]], "N-terminalglutamate(VHandVL)(E)": [[0, 100.0]], "Fragmentation(DP)": [[98, 100.0]]}, "L": {"Hydroxylysine": [[42, 0.035555502472561784], [57, 0.03445665689068846]], "Hydroxyproline": [[13, 0.07178224893286825], [40, 0.04624586319550872], [52, 0.08433365104719996], [99, 0.08885057186707854]], "Methylarginine": [[18, 0.13927518390119076], [37, 0.07098423484712839], [66, 0.027274521719664335], [71, 0.03702401907648891], [86, 0.02982331927632913], [97, 0.05333502111025155], [103, 0.23728794008493423]], "Methyllysine": [[42, 0.1807819340378046], [57, 0.179360144212842]], "N6-acetyllysine": [[42, 0.23869216088205575], [57, 0.3065163325052708]], "N-linked_glycosylation": [[49, 0.03227762200403959], [51, 0.032912310600465844], [55, 0.03221913643740208], [73, 0.03444278294748528], [83, 0.03630439113858301]], "O-linked_glycosylation": [[6, 0.7547165542840958], [16, 0.05241927686147392], [20, 0.06697093041148036], [24, 0.05679242860060185], [29, 0.05809181369841099], [30, 0.05348126445896924], [34, 0.06142604392953217], [62, 0.09014178710058332], [68, 0.06098216599784791], [70, 0.06856401218101382], [77, 0.0610273749101907], [84, 0.08326441250974312], [90, 0.09955032281577587], [101, 0.12872891589067875], [111, 0.18613844690844417], [114, 0.32767337262630464], [116, 0.1328364043496549], [117, 0.10330914016813039]], "Phosphoserine_Phosphothreonine": [[6, 0.6527838051319123], [16, 0.12208309783600271], [20, 0.048816555505618454], [24, 0.04310422467533499], [29, 0.04361676131375134], [30, 0.04568410077481531], [34, 0.05649634838337079], [62, 0.5540886342525482], [68, 0.1553493734449148], [70, 0.2622365655377507], [77, 0.47438325732946396], [84, 0.18162192944437267], [90, 0.08275902769528329], [101, 0.07114400360733271], [111, 0.1266875154338777], [114, 0.15928824050351978], [116, 0.574399521946907], [117, 0.5083144284784794]], "Phosphotyrosine": [[31, 0.023893645938369446], [58, 0.11139547303318978], [59, 0.15868162158876659], [79, 0.6856866404414177], [93, 0.07917955052107573], [94, 0.09230797635391355]], "Pyrrolidone_carboxylic_acid": [[2, 0.6853665418922901], [12, 0.0719731186516583], [38, 0.3196869730949402], [75, 0.07524585202336312], [81, 0.07305007767863572], [109, 0.022066588822053746]], "S-palmitoyl_cysteine": [[21, 0.10572694237343967], [95, 0.0374889112310484]], "SUMOylation": [[42, 0.0430573639459908], [57, 0.02895577484741807]], "Ubiquitination": [[42, 0.5164382286369801], [57, 0.47518221437931063]], "Metoxidation(M)": [[3, 100.0], [93, 100.0]], "Trpoxidation(W)": [[39, 100.0], [98, 100.0]], "Asndeamidation(NGNSNT)": [[34, 100.0]], "Aspisomerisation(DGDSDTDDDH)": [[32, 100.0], [59, 100.0]], "N-terminalglutamate(VHandVL)(E)": [[0, 100.0]]}}, "parapred_predictions": {"H": {"25": 0.48431673645973206, "26": 0.6085426211357117, "27": 0.8666716814041138, "28": 0.08541914075613022, "29": 0.6880356073379517, "30": 0.721098005771637, "31": 0.8375230431556702, "51": 0.8200379014015198, "52": 0.5340244770050049, "53": 0.8391885161399841, "54": 0.5792169570922852, "55": 0.46399980783462524, "56": 0.7571923732757568, "98": 0.849602222442627, "99": 0.9597005248069763, "100": 0.9912437200546265, "101": 0.9740789532661438, "102": 0.9236516356468201, "103": 0.7754711508750916, "104": 0.13977061212062836, "105": 0.2390466332435608, "106": 0.13862480223178864}, "L": {"23": 0.008560236543416977, "24": 0.0014822121011093259, "25": 0.014931718818843365, "26": 0.18049956858158112, "27": 0.15087682008743286, "28": 0.0216605756431818, "29": 0.4713655412197113, "30": 0.8738852739334106, "31": 0.8654053807258606, "32": 0.8433661460876465, "33": 0.6086685657501221, "34": 0.731965959072113, "35": 0.06864684075117111, "36": 0.8732478022575378, "37": 0.002407889813184738, "38": 0.291912704706192, "54": 0.7915380597114563, "55": 0.034437451511621475, "56": 0.2408532351255417, "57": 0.5227885842323303, "58": 0.22105666995048523, "59": 0.35171061754226685, "60": 0.37946146726608276, "93": 0.1674429476261139, "94": 0.0970359817147255, "95": 0.9445558190345764, "96": 0.9278860092163086, "97": 0.8777334094047546, "98": 0.9173187017440796, "99": 0.04141230881214142, "100": 0.3580300509929657, "101": 0.014133797027170658}}, "cdr_ranges": {"chothia_CDRH_ranges": [[25, 31], [51, 56], [98, 106]], "chothia_CDRL_ranges": [[23, 38], [54, 60], [93, 101]], "contact_CDRH_ranges": [[29, 34], [46, 58], [96, 105]], "contact_CDRL_ranges": [[34, 40], [50, 59], [93, 100]], "imgt_CDRH_ranges": [[25, 32], [50, 57], [96, 106]], "imgt_CDRL_ranges": [[26, 36], [54, 56], [93, 101]], "kabat_CDRH_ranges": [[30, 34], [49, 65], [98, 106]], "kabat_CDRL_ranges": [[23, 38], [54, 60], [93, 101]], "north_CDRH_ranges": [[22, 34], [49, 58], [96, 106]], "north_CDRL_ranges": [[23, 38], [53, 60], [93, 101]]}}