{"heavy_seq": 
	"QVTLRESGPVLVKPTETLTLTCTVSGFSLSNARMGVSWIRQPPGEALEWLAHIFSNDEKSYSTSLKIRLTISKDTSKSQVVLTMTNMDPVDTATYYCTRIQAYEDYFDYWGQGTLVTVSS", 
"light_seq": 
	"DIQMTQSPASLAVSLGQRATISCRASKSVSASGDTYMHWYQQKPGQPPKLLIYLASNLESGVPDRFSGSGSGTDFTLNIHPVEEEDAATYYCQHSRKFPLTFGAGTRLEIK", 
"heavy_chain": 
	"H", 
"light_chain": 	
	"L", 
"ptm_predictions": 
	{"H": 
		{"Hydroxylysine": [[12, 0.021724551873199972], [58, 0.022239074792560133], [65, 0.017775989744157526], [72, 0.038430152165202534], [76, 0.030288790705947522]], 
		"Hydroxyproline": [[8, 0.08076126966625452], [13, 0.03735407895874232], [41, 0.06631666952744127], [42, 0.16459714006632567], [88, 0.05327542962040752]], 
		"Methylarginine": [[4, 0.1708097680355422], [32, 0.12645276545081288], [39, 0.08673742907121777], [67, 0.04534868730697781], [98, 0.02298372695222497]], 
		"Methyllysine": [[12, 0.05358122671023011], [58, 0.15714026670902967], [65, 0.24597008880227805], [72, 0.2043259332422167], [76, 0.10627073254436255]], 
		"N6-acetyllysine": [[12, 0.1611314163543284], [58, 0.1464516282081604], [65, 0.21597536811605095], [72, 0.40939183682203295], [76, 0.13174462111201138]], 
		"N-linked_glycosylation": [[30, 0.03412478940781512], [55, 0.032894871239216174], [85, 0.03512524626712547]], 
		"O-linked_glycosylation": [[2, 0.5771752167493105], [6, 0.6979990914463997], [14, 0.21957459691911935], [16, 0.07749719128478319], [18, 0.057342488202266395], [20, 0.06425758800469339], [22, 0.05058028799248859], [24, 0.055115556623786685], [27, 0.058582083275541666], [29, 0.06144038122147322], [36, 0.06235861568711698], [54, 0.09414149634540081], [59, 0.06500229176599533], [61, 0.06636107939993963], [62, 0.08036395921371878], [63, 0.07490913678193464], [69, 0.0554278364405036], [71, 0.04789594638859853], [74, 0.06031486745923757], [75, 0.05111634593922645], [77, 0.06350402687676251], [82, 0.07629899783059954], [84, 0.09771026750095188], [91, 0.07084606057032942], [93, 0.06249654551502317], [97, 0.08391755508491769], [113, 0.15871235029771924], [116, 0.26392334401607515], [118, 0.11117339618504048], [119, 0.10084477320779114]], 
		"Phosphoserine_Phosphothreonine": [[2, 0.25829850006848576], [6, 0.47539300173521043], [14, 0.08177548050880432], [16, 0.06692790267989039], [18, 0.060511748865246774], [20, 0.06564144799485802], [22, 0.06605974589474499], [24, 0.0666591382585466], [27, 0.07998250164091587], [29, 0.08303283648565411], [36, 0.09135421616956592], [54, 0.08822750803083182], [59, 0.08830439103767276], [61, 0.11098478175699711], [62, 0.09209009418264032], [63, 0.102437396440655], [69, 0.0818674205802381], [71, 0.08058951022103429], [74, 0.08851440474390984], [75, 0.1022167183458805], [77, 0.12202476263046265], [82, 0.07664295155555009], [84, 0.05487617161124945], [91, 0.05553376970347017], [93, 0.04879573071375489], [97, 0.04623029830399901], [113, 0.100543032027781], [116, 0.092018564324826], [118, 0.2692381411790848], [119, 0.2762546598911285]], 
		"Phosphotyrosine": [[60, 0.05810155514627695], [94, 0.04904783046804369], [95, 0.03643699744716287], [102, 0.04055987624451518], [105, 0.22576467804610728], [108, 0.23903222493827342]], 
		"Pyrrolidone_carboxylic_acid": [[0, 0.968264439702034], [40, 0.07841302049346269], [78, 0.05240222904831171], [100, 0.07345880297943949], [111, 0.021324741950957106]], 
		"S-palmitoyl_cysteine": [[21, 0.025873872960801236], [96, 0.022094012716843282]], 
		"SUMOylation": [[12, 0.16239106860011815], [58, 0.05600740034133196], [65, 0.040824730833992365], [72, 0.04042640421539545], [76, 0.03998746266588569]], 
		"Ubiquitination": [[12, 0.30153863970190287], [58, 0.2793832326307893], [65, 0.21552701769396662], [72, 0.21221170350909233], [76, 0.2217328280210495]], 
		"Metoxidation(M)": [[33, 100.0]], 
		"Trpoxidation(W)": [[109, 100.0]], 
		"LysineGlycation(KEKDEKED)": [[57, 100.0], [103, 100.0]]}, 
	"L": 
		{"Hydroxylysine": [[26, 0.09298461123835296], [42, 0.06562441415153444], [48, 0.04185108616948128], [96, 0.023959118057973683], [110, 0.05569254823494703]], 
		"Hydroxyproline": [[7, 0.1718250386416912], [43, 0.042099650204181674], [46, 0.04717423627153039], [47, 0.04627398238517344], [62, 0.1160109581425786], [80, 0.07535870727151632], [98, 0.18367329528555273]], 
		"Methylarginine": [[17, 0.3072329472284764], [23, 0.10093657928518951], [64, 0.17293404876254498], [95, 0.09809340042993427], [106, 0.35948883001692594]], 
		"Methyllysine": [[26, 0.34157547894865276], [42, 0.14501142594963312], [48, 0.10589076047763228], [96, 0.09535615686327219], [110, 0.157975806389004]], 
		"N6-acetyllysine": [[26, 0.2101926169358194], [42, 0.16873677037656307], [48, 0.1794213542714715], [96, 0.22624106481671333], [110, 0.19176168479025363]], 
		"N-linked_glycosylation": [[56, 0.0335945620041457], [77, 0.03397186389702256]], 
		"O-linked_glycosylation": [[4, 0.473025322239846], [6, 0.23695726254954935], [9, 0.1944701137021184], [13, 0.11021571578457952], [19, 0.07085392912849783], [21, 0.07227430557832122], [25, 0.061006527347490194], [27, 0.09341117558069527], [29, 0.10447555393911898], [31, 0.3790762614458799], [34, 0.15608371617272496], [55, 0.13367251479066908], [59, 0.2251210785470903], [66, 0.879642228782177], [68, 0.8964538261294365], [70, 0.7982293084263802], [72, 0.31168267503380775], [75, 0.2790232143364847], [88, 0.12177052819170057], [94, 0.14684953230898828], [100, 0.33965440597385166], [105, 0.36055172737687824]], 
		"Phosphoserine_Phosphothreonine": [[4, 0.40696911215782167], [6, 0.8349347651004791], [9, 0.6365468859672546], [13, 0.6283924758434296], [19, 0.08630835199728608], [21, 0.10911644357256592], [25, 0.10381785482168197], [27, 0.1450424188748002], [29, 0.35509667433798314], [31, 0.12246995912864804], [34, 0.07792056333273649], [55, 0.13287734622135758], [59, 0.1782228372991085], [66, 0.3821701377630234], [68, 0.6568491727113723], [70, 0.7582374542951584], [72, 0.20894634760916234], [75, 0.14593651443719863], [88, 0.08780378177762031], [94, 0.14305584067478777], [100, 0.2350737949833274], [105, 0.17182324826717377]], 
		"Phosphotyrosine": [[35, 0.402779783308506], [39, 0.059359615202993155], [52, 0.09991681315004826], [89, 0.14292290452867745], [90, 0.1049051085487008]], 
		"Pyrrolidone_carboxylic_acid": [[2, 0.6723195090889931], [5, 0.15246915861498564], [16, 0.11063820058479905], [40, 0.13638688381761313], [41, 0.07563928924500943], [45, 0.06234928891062737], [92, 0.15472576771862806]], 
		"S-palmitoyl_cysteine": [[22, 0.093286501057446], [91, 0.026232904638163745]], 
		"SUMOylation": [[26, 0.031369603687198835], [42, 0.052622726280242206], [48, 0.04425608261954039], [96, 0.056401596404612064], [110, 0.11553387623280287]], 
		"Ubiquitination": [[26, 0.311229245737195], [42, 0.333778107073158], [48, 0.3163692938163877], [96, 0.4759350620210171], [110, 0.24991674721240997]], 
		"Metoxidation(M)": [[3, 100.0], [36, 100.0]], 
		"Trpoxidation(W)": [[38, 100.0]], 
		"Aspisomerisation(DGDSDTDDDH)": [[33, 100.0]]}}, 
"parapred_predictions": 
	{"H": 
		{"25": 0.1375228762626648, "26": 0.22182835638523102, "27": 0.247701957821846, "28": 0.031604375690221786, "29": 0.3285275995731354, "30": 0.7020607590675354, "31": 0.5597854852676392, "32": 0.8467523455619812, "33": 0.1406506448984146, "53": 0.9841883182525635, "54": 0.25530508160591125, "55": 0.8266921639442444, "56": 0.6571584343910217, "57": 0.8915151953697205, "99": 0.546907901763916, "100": 0.42757266759872437, "101": 0.6512531638145447, "102": 0.9572180509567261, "103": 0.9243856072425842, "104": 0.539432168006897, "105": 0.9345880150794983, "106": 0.6118669509887695, "107": 0.4622836410999298, "108": 0.3940841555595398, "109": 0.543056070804596}, 
	"L": {"23": 0.007670504506677389, "24": 0.0009008775232359767, "25": 0.009743205271661282, "26": 0.201026052236557, "27": 0.12463317066431046, "28": 0.03756769374012947, "29": 0.4050402045249939, "30": 0.6920909881591797, "31": 0.8677093386650085, "32": 0.6259525418281555, "33": 0.7339820861816406, "34": 0.0897839218378067, "35": 0.8754823803901672, "36": 0.0019708627369254827,